ISO-10303-21;
HEADER;
FILE_DESCRIPTION (( 'STEP AP214' ),
    '1' );
FILE_NAME ('batter_holder_2_cover.STEP',
    '2025-09-19T07:17:18',
    ( '' ),
    ( '' ),
    'SwSTEP 2.0',
    'SolidWorks 2025',
    '' );
FILE_SCHEMA (( 'AUTOMOTIVE_DESIGN' ));
ENDSEC;

DATA;
#1 = CARTESIAN_POINT ( 'NONE',  ( 82.15048596506308343, -21.39353402747516242, -10.00000000000000000 ) ) ;
#2 = EDGE_CURVE ( 'NONE', #2288, #568, #3145, .T. ) ;
#3 = CARTESIAN_POINT ( 'NONE',  ( 76.19999999999998863, -16.00000000000000000, 9.300000000000000711 ) ) ;
#4 = CARTESIAN_POINT ( 'NONE',  ( 38.10000000000007248, 38.09999999999998721, -10.00000000000000000 ) ) ;
#5 = FACE_OUTER_BOUND ( 'NONE', #1173, .T. ) ;
#6 = VERTEX_POINT ( 'NONE', #1824 ) ;
#7 = DIRECTION ( 'NONE',  ( 0.000000000000000000, 0.000000000000000000, -1.000000000000000000 ) ) ;
#8 = AXIS2_PLACEMENT_3D ( 'NONE', #3218, #1643, #483 ) ;
#9 = CARTESIAN_POINT ( 'NONE',  ( 71.42118071987438555, 5.000000000000000000, 9.300000000000654410 ) ) ;
#10 = DIRECTION ( 'NONE',  ( -0.000000000000000000, 0.000000000000000000, -1.000000000000000000 ) ) ;
#11 = MECHANICAL_DESIGN_GEOMETRIC_PRESENTATION_REPRESENTATION (  '', ( #79 ), #3259 ) ;
#12 = CIRCLE ( 'NONE', #2765, 2.000000000000000888 ) ;
#13 = CARTESIAN_POINT ( 'NONE',  ( 80.74698814321014595, -20.76700746609727233, 10.00000000000000178 ) ) ;
#14 = CARTESIAN_POINT ( 'NONE',  ( -78.17527131182697531, 0.7779864084251751910, -10.00000000000000178 ) ) ;
#15 = VERTEX_POINT ( 'NONE', #2147 ) ;
#16 = CARTESIAN_POINT ( 'NONE',  ( -78.28463704315068128, 1.767721378594328874, 9.999999999999349853 ) ) ;
#17 = DIRECTION ( 'NONE',  ( 0.7071067811865426878, 0.7071067811865523467, 0.000000000000000000 ) ) ;
#18 = CIRCLE ( 'NONE', #1108, 0.3000000000000085931 ) ;
#19 = CARTESIAN_POINT ( 'NONE',  ( 70.98125758013237885, 0.000000000000000000, 37.00000000000000000 ) ) ;
#20 = CARTESIAN_POINT ( 'NONE',  ( 78.50000000000001421, 0.08765618234984781654, -10.00000000000000355 ) ) ;
#21 = VECTOR ( 'NONE', #47, 1000.000000000000000 ) ;
#22 = CARTESIAN_POINT ( 'NONE',  ( 76.50983045840830243, -16.91871028581084246, -9.300000000000133937 ) ) ;
#23 = CARTESIAN_POINT ( 'NONE',  ( -71.96026563736981529, 4.239734362630150244, -10.00000000000000000 ) ) ;
#24 = CARTESIAN_POINT ( 'NONE',  ( -82.51597377796858268, -20.64712531177430321, 9.300000000000000711 ) ) ;
#25 = CARTESIAN_POINT ( 'NONE',  ( 78.49999970639490243, 0.04787620153561096548, -10.00000000000000000 ) ) ;
#26 = LINE ( 'NONE', #292, #3208 ) ;
#27 = CARTESIAN_POINT ( 'NONE',  ( -70.37157287525383254, 5.000000000000000000, 9.300000000000000711 ) ) ;
#28 = CARTESIAN_POINT ( 'NONE',  ( -75.75539659030043538, 0.4446034096996092644, 9.983573743030358827 ) ) ;
#29 = DIRECTION ( 'NONE',  ( 1.000000000000000000, 0.000000000000000000, -0.000000000000000000 ) ) ;
#30 = ORIENTED_EDGE ( 'NONE', *, *, #2128, .T. ) ;
#31 = FACE_OUTER_BOUND ( 'NONE', #2363, .T. ) ;
#32 = EDGE_CURVE ( 'NONE', #1671, #2044, #3459, .T. ) ;
#33 = ORIENTED_EDGE ( 'NONE', *, *, #1499, .T. ) ;
#34 = CARTESIAN_POINT ( 'NONE',  ( 78.49999999999998579, -16.00000000000000000, -10.00000000000000000 ) ) ;
#35 = CARTESIAN_POINT ( 'NONE',  ( -80.48377480235205894, -19.69383605271240256, 10.00000000000000178 ) ) ;
#36 = CARTESIAN_POINT ( 'NONE',  ( -78.27005400860950601, 0.6372158987213465409, -9.999999999999998224 ) ) ;
#37 = ORIENTED_EDGE ( 'NONE', *, *, #1983, .F. ) ;
#38 = CARTESIAN_POINT ( 'NONE',  ( -79.05337715306178836, 0.6456437752640018513, 10.00000000000016165 ) ) ;
#39 = CARTESIAN_POINT ( 'NONE',  ( 76.19999999999998863, -16.00000000000000000, 10.00000000000000355 ) ) ;
#40 = AXIS2_PLACEMENT_3D ( 'NONE', #1554, #888, #3690 ) ;
#41 = CARTESIAN_POINT ( 'NONE',  ( -77.44523128521484523, -17.10056769161094081, -10.00000000000000178 ) ) ;
#42 = CARTESIAN_POINT ( 'NONE',  ( 82.05013230893472098, -21.16961141276489755, -10.00000000000000000 ) ) ;
#43 = CARTESIAN_POINT ( 'NONE',  ( 79.18416769469479277, 0.2108367583166560477, -9.299999999999883471 ) ) ;
#44 = LINE ( 'NONE', #2488, #3087 ) ;
#45 = B_SPLINE_CURVE_WITH_KNOTS ( 'NONE', 3,
 ( #2458, #3599, #340, #1538, #2784, #36, #14, #3638, #2113, #3062, #3079, #1518, #547, #1783, #1200, #631, #2760, #283, #2089, #263 ),
 .UNSPECIFIED., .F., .F.,
 ( 4, 2, 2, 2, 2, 2, 2, 2, 2, 4 ),
 ( 0.000000000000000000, 0.0002575227118832528589, 0.0005150454237665057179, 0.001030090847533011436, 0.002060181695066022872, 0.003090272542599034090, 0.004120363390132045743, 0.006180545085198068181, 0.007210635932731098915, 0.008240726780264129650 ),
 .UNSPECIFIED. ) ;
#46 = PRESENTATION_STYLE_ASSIGNMENT (( #1030 ) ) ;
#47 = DIRECTION ( 'NONE',  ( -0.7071067811865465735, -0.000000000000000000, 0.7071067811865485719 ) ) ;
#48 = CARTESIAN_POINT ( 'NONE',  ( 71.96026563736980108, 4.239734362630184883, 10.00000000000000000 ) ) ;
#49 = ORIENTED_EDGE ( 'NONE', *, *, #3451, .T. ) ;
#50 = DIRECTION ( 'NONE',  ( -1.000000000000000000, 0.000000000000000000, 0.000000000000000000 ) ) ;
#51 = CARTESIAN_POINT ( 'NONE',  ( 76.19999999999998863, -1.000000000000000000, -10.00000000000000355 ) ) ;
#52 = ORIENTED_EDGE ( 'NONE', *, *, #1009, .F. ) ;
#53 = EDGE_CURVE ( 'NONE', #3719, #3470, #2434, .T. ) ;
#54 = CARTESIAN_POINT ( 'NONE',  ( 70.37157287525380411, 5.000000000000000000, 9.300000000000000711 ) ) ;
#55 = EDGE_CURVE ( 'NONE', #895, #1991, #3715, .T. ) ;
#56 = ORIENTED_EDGE ( 'NONE', *, *, #2250, .F. ) ;
#57 = CARTESIAN_POINT ( 'NONE',  ( -78.23607557836199078, 0.6925095623777566267, 10.00000000000000000 ) ) ;
#58 = CARTESIAN_POINT ( 'NONE',  ( -78.60041655980292319, -18.54864021678148589, -10.00000000000000000 ) ) ;
#59 = DIRECTION ( 'NONE',  ( -0.000000000000000000, -0.000000000000000000, -1.000000000000000000 ) ) ;
#60 = CARTESIAN_POINT ( 'NONE',  ( 78.49999999999998579, 0.000000000000000000, -10.00000000000000000 ) ) ;
#61 = CARTESIAN_POINT ( 'NONE',  ( 76.89999999999999147, -16.00000000000000355, 10.00000000000000355 ) ) ;
#62 = CARTESIAN_POINT ( 'NONE',  ( -78.60208002150888262, -18.55047595111498993, 10.00000000000000000 ) ) ;
#63 = CARTESIAN_POINT ( 'NONE',  ( -79.19999999999998863, 0.000000000000000000, 10.00000000000000000 ) ) ;
#64 = PLANE ( 'NONE',  #3379 ) ;
#65 = DIRECTION ( 'NONE',  ( 0.000000000000000000, -1.000000000000000000, 0.000000000000000000 ) ) ;
#66 = DIRECTION ( 'NONE',  ( -0.000000000000000000, 0.000000000000000000, 1.000000000000000000 ) ) ;
#67 = CYLINDRICAL_SURFACE ( 'NONE', #2902, 0.6999999999999992895 ) ;
#68 = AXIS2_PLACEMENT_3D ( 'NONE', #209, #2034, #3247 ) ;
#69 = CARTESIAN_POINT ( 'NONE',  ( 70.37157287525378990, 3.000000000000003997, 31.17157287525377996 ) ) ;
#70 = DIRECTION ( 'NONE',  ( 0.000000000000000000, -1.000000000000000000, 0.000000000000000000 ) ) ;
#71 = ORIENTED_EDGE ( 'NONE', *, *, #876, .T. ) ;
#72 = CARTESIAN_POINT ( 'NONE',  ( 78.42030848455492276, 1.598812621629150721, 10.00000000000000533 ) ) ;
#73 = CARTESIAN_POINT ( 'NONE',  ( -70.51066054376870795, 5.000000000000001776, -9.382285091587217352 ) ) ;
#74 = ORIENTED_EDGE ( 'NONE', *, *, #560, .T. ) ;
#75 = CIRCLE ( 'NONE', #1225, 1.999999999999999334 ) ;
#76 = AXIS2_PLACEMENT_3D ( 'NONE', #3098, #1593, #3134 ) ;
#77 = VERTEX_POINT ( 'NONE', #3910 ) ;
#78 = CARTESIAN_POINT ( 'NONE',  ( -79.12582519259089509, 0.4445994658602738236, 9.299999999999959854 ) ) ;
#79 = STYLED_ITEM ( 'NONE', ( #46 ), #3727 ) ;
#80 = CARTESIAN_POINT ( 'NONE',  ( -77.65873854553636590, -18.53645352975747684, -9.300000000001071854 ) ) ;
#81 = TOROIDAL_SURFACE ( 'NONE', #2309, 1.700000000000000178, 0.6999999999999999556 ) ;
#82 = CARTESIAN_POINT ( 'NONE',  ( 76.19999999999998863, -4.336808689942017736E-15, 31.99999999999997868 ) ) ;
#83 = EDGE_CURVE ( 'NONE', #2514, #3575, #1103, .T. ) ;
#84 = CARTESIAN_POINT ( 'NONE',  ( -77.12312566871038655, 1.881510649938576973, 10.00000000000000178 ) ) ;
#85 = CARTESIAN_POINT ( 'NONE',  ( 76.21719199110498266, -16.17559030086542293, 9.299999999999968736 ) ) ;
#86 = CARTESIAN_POINT ( 'NONE',  ( 76.61763266095942981, 3.119719464549961518, 9.300000000000000711 ) ) ;
#87 = CARTESIAN_POINT ( 'NONE',  ( -78.63970808596639017, 1.331430613327767354, -9.299999999999997158 ) ) ;
#88 = CARTESIAN_POINT ( 'NONE',  ( 79.22601619180215948, -16.42339018855708588, 10.00000000000046185 ) ) ;
#89 = CARTESIAN_POINT ( 'NONE',  ( 76.41197408720492490, 3.250299543188918339, -10.00000000000063771 ) ) ;
#90 = AXIS2_PLACEMENT_3D ( 'NONE', #3243, #3546, #507 ) ;
#91 = ORIENTED_EDGE ( 'NONE', *, *, #3650, .F. ) ;
#92 = DIRECTION ( 'NONE',  ( 0.000000000000000000, 0.000000000000000000, 1.000000000000000000 ) ) ;
#93 = CARTESIAN_POINT ( 'NONE',  ( -76.21334737207003229, -16.15463276663987457, 9.999999999999992895 ) ) ;
#94 = DIRECTION ( 'NONE',  ( -0.7071067811865457964, -0.7071067811865493491, 0.000000000000000000 ) ) ;
#95 = CARTESIAN_POINT ( 'NONE',  ( -79.32878586574162227, -16.83940050464405758, -9.999999999999769074 ) ) ;
#96 = ORIENTED_EDGE ( 'NONE', *, *, #3795, .F. ) ;
#97 = CARTESIAN_POINT ( 'NONE',  ( 76.07755530993630089, 3.451511083794276402, 10.00000000000000178 ) ) ;
#98 = DIRECTION ( 'NONE',  ( -0.7071067811865457964, 0.7071067811865493491, -3.484372238281973605E-15 ) ) ;
#99 = VERTEX_POINT ( 'NONE', #1497 ) ;
#100 = ORIENTED_EDGE ( 'NONE', *, *, #1107, .F. ) ;
#101 = CARTESIAN_POINT ( 'NONE',  ( -72.85645467590826740, 4.784907432885755263, 9.300000000000002487 ) ) ;
#102 = B_SPLINE_CURVE_WITH_KNOTS ( 'NONE', 3,
 ( #816, #480, #1432, #2652, #1133, #2341, #555, #1756, #2992, #3340, #3591, #3905, #2448, #3011 ),
 .UNSPECIFIED., .F., .F.,
 ( 4, 2, 2, 2, 2, 2, 4 ),
 ( 0.000000000000000000, 0.001609707222396815308, 0.003219414444793630616, 0.004024268055992050522, 0.004829121667190471728, 0.005633975278388892068, 0.006438828889587312407 ),
 .UNSPECIFIED. ) ;
#103 = ORIENTED_EDGE ( 'NONE', *, *, #3916, .T. ) ;
#104 = CARTESIAN_POINT ( 'NONE',  ( -75.53291679679364279, 0.6670832032063187533, -10.00000000000000000 ) ) ;
#105 = B_SPLINE_CURVE_WITH_KNOTS ( 'NONE', 3,
 ( #1579, #3203, #973, #463, #1696, #1091, #3720, #1018, #2931, #1913, #196, #3736, #995, #1678, #2913, #2477, #2301, #1867, #2846, #3139, #101, #2171, #2541, #3386 ),
 .UNSPECIFIED., .F., .F.,
 ( 4, 2, 2, 2, 2, 2, 2, 2, 2, 2, 2, 4 ),
 ( -5.999999993836561576E-08, 0.0001565077229129679698, 0.0003130754458258742717, 0.0006262108916516774971, 0.001252481783303284382, 0.001878752674954890832, 0.002505023566606497717, 0.003757565349909741410, 0.005010107133212987271, 0.007515190699819475524, 0.008767732483122719217, 0.01002027426642596204 ),
 .UNSPECIFIED. ) ;
#106 = CARTESIAN_POINT ( 'NONE',  ( -69.78578643762691058, 3.585786437626900636, -37.00000000000000000 ) ) ;
#107 = FACE_OUTER_BOUND ( 'NONE', #2114, .T. ) ;
#108 = CARTESIAN_POINT ( 'NONE',  ( 76.90187115383612593, -16.02421954894981226, 9.999999999999998224 ) ) ;
#109 = CARTESIAN_POINT ( 'NONE',  ( -80.74171517767000239, -20.77329625603087138, 10.00000000000000000 ) ) ;
#110 = CARTESIAN_POINT ( 'NONE',  ( -75.18127102180960719, 3.929374687229961527, -9.300000000000000711 ) ) ;
#111 = ADVANCED_FACE ( 'NONE', ( #610 ), #2890, .T. ) ;
#112 = CARTESIAN_POINT ( 'NONE',  ( 79.40706992195657676, -17.04913108145850131, 9.999999999999769074 ) ) ;
#113 = LINE ( 'NONE', #2549, #318 ) ;
#114 = VECTOR ( 'NONE', #1657, 1000.000000000000000 ) ;
#115 = AXIS2_PLACEMENT_3D ( 'NONE', #2068, #3221, #1418 ) ;
#116 = SURFACE_SIDE_STYLE ('',( #2260 ) ) ;
#117 = EDGE_CURVE ( 'NONE', #2907, #1252, #2368, .T. ) ;
#118 = DIRECTION ( 'NONE',  ( 0.000000000000000000, -0.7071067811865495711, -0.7071067811865454633 ) ) ;
#119 = CARTESIAN_POINT ( 'NONE',  ( -71.57397232877488591, 4.287148264606964077, -10.00000000000000000 ) ) ;
#120 = CARTESIAN_POINT ( 'NONE',  ( 77.01833409463893076, -16.36895801396257255, -9.999999999999998224 ) ) ;
#121 = CARTESIAN_POINT ( 'NONE',  ( 72.66416657762957243, 4.109674111923759199, 10.00000000000000533 ) ) ;
#122 = CARTESIAN_POINT ( 'NONE',  ( -71.19999999999998863, 4.820359442248925319, -9.768215816544451258 ) ) ;
#123 = CARTESIAN_POINT ( 'NONE',  ( -72.04540914022273057, 4.945013736173762275, 10.00000000000063771 ) ) ;
#124 = ORIENTED_EDGE ( 'NONE', *, *, #1962, .T. ) ;
#125 = VERTEX_POINT ( 'NONE', #648 ) ;
#126 = CARTESIAN_POINT ( 'NONE',  ( -76.59677301916968872, -17.06643178154374851, -9.299999999999865707 ) ) ;
#127 = CARTESIAN_POINT ( 'NONE',  ( -76.20000000000001705, 0.000000000000000000, 9.939004000042356068 ) ) ;
#128 = CARTESIAN_POINT ( 'NONE',  ( -76.02004751406066418, 2.667652021802869644, 9.999999999999998224 ) ) ;
#129 = CARTESIAN_POINT ( 'NONE',  ( 76.34189051089191480, -16.57381650827387176, 9.300000000000068212 ) ) ;
#130 = AXIS2_PLACEMENT_3D ( 'NONE', #1898, #3129, #3398 ) ;
#131 = CARTESIAN_POINT ( 'NONE',  ( -77.66134440132782402, -18.53948879699236940, 10.00000000000321343 ) ) ;
#132 = CARTESIAN_POINT ( 'NONE',  ( -74.42198742495804709, 4.267423553159535921, -9.299999999999998934 ) ) ;
#133 = CARTESIAN_POINT ( 'NONE',  ( 78.28463703029335363, 1.767721368268833082, -9.299999999999348788 ) ) ;
#134 = DIRECTION ( 'NONE',  ( 0.000000000000000000, -1.000000000000000000, 0.000000000000000000 ) ) ;
#135 = CARTESIAN_POINT ( 'NONE',  ( -76.90000283246423862, -16.00251105431662424, 10.00000000000000000 ) ) ;
#136 = CARTESIAN_POINT ( 'NONE',  ( 81.85048596506307206, -21.39353402747516242, 9.300000000000000711 ) ) ;
#137 = EDGE_CURVE ( 'NONE', #3735, #1417, #1555, .T. ) ;
#138 = CARTESIAN_POINT ( 'NONE',  ( 75.53291679679367121, 0.6670832032063117589, -10.00000000000000000 ) ) ;
#139 = AXIS2_PLACEMENT_3D ( 'NONE', #862, #2083, #240 ) ;
#140 = CARTESIAN_POINT ( 'NONE',  ( 72.83166520178896519, 4.790142787646002098, 9.300000000000324007 ) ) ;
#141 = DIRECTION ( 'NONE',  ( 6.938893903907228378E-15, 1.000000000000000000, 0.000000000000000000 ) ) ;
#142 = ORIENTED_EDGE ( 'NONE', *, *, #3319, .T. ) ;
#143 = EDGE_LOOP ( 'NONE', ( #2617, #3773, #264, #2598 ) ) ;
#144 = VERTEX_POINT ( 'NONE', #588 ) ;
#145 = CARTESIAN_POINT ( 'NONE',  ( -76.20561316463988533, -16.09823982104613549, -9.299999999999997158 ) ) ;
#146 = AXIS2_PLACEMENT_3D ( 'NONE', #2391, #2959, #589 ) ;
#147 = AXIS2_PLACEMENT_3D ( 'NONE', #2324, #1074, #1111 ) ;
#148 = CARTESIAN_POINT ( 'NONE',  ( -76.21318230934937787, -16.16658782605795963, -9.299999999999995381 ) ) ;
#149 = ORIENTED_EDGE ( 'NONE', *, *, #3394, .T. ) ;
#150 = AXIS2_PLACEMENT_3D ( 'NONE', #665, #3418, #92 ) ;
#151 = UNCERTAINTY_MEASURE_WITH_UNIT (LENGTH_MEASURE( 1.000000000000000082E-05 ), #3412, 'distance_accuracy_value', 'NONE');
#152 = CARTESIAN_POINT ( 'NONE',  ( 72.04540914022020104, 4.945013736174421304, -10.00000000000193445 ) ) ;
#153 = ORIENTED_EDGE ( 'NONE', *, *, #3603, .F. ) ;
#154 = CARTESIAN_POINT ( 'NONE',  ( 82.51597377796858268, -20.64712531177428190, 10.00000000000000000 ) ) ;
#155 = CARTESIAN_POINT ( 'NONE',  ( -81.17000999409918904, -22.12630442326145896, -9.300000000000004263 ) ) ;
#156 = CARTESIAN_POINT ( 'NONE',  ( 76.89999999999999147, -16.00000000000000000, -10.00000000000000000 ) ) ;
#157 = ORIENTED_EDGE ( 'NONE', *, *, #3160, .F. ) ;
#158 = CARTESIAN_POINT ( 'NONE',  ( -81.64871255842386688, -20.81171104771666691, -9.999999999999998224 ) ) ;
#159 = CARTESIAN_POINT ( 'NONE',  ( 72.24193054470518405, 4.906100689780959812, 9.299999999999844391 ) ) ;
#160 = VECTOR ( 'NONE', #3215, 1000.000000000000000 ) ;
#161 = LINE ( 'NONE', #417, #1659 ) ;
#162 = ADVANCED_FACE ( 'NONE', ( #1864 ), #2511, .T. ) ;
#163 = EDGE_CURVE ( 'NONE', #3080, #2907, #769, .T. ) ;
#164 = ORIENTED_EDGE ( 'NONE', *, *, #2398, .T. ) ;
#165 = CARTESIAN_POINT ( 'NONE',  ( -76.19999999999998863, -16.00000000000001776, -9.299999999999997158 ) ) ;
#166 = ADVANCED_FACE ( 'NONE', ( #2456 ), #1802, .T. ) ;
#167 = CARTESIAN_POINT ( 'NONE',  ( -80.20119623583724433, -21.21380375950419506, -9.300000000000000711 ) ) ;
#168 = ORIENTED_EDGE ( 'NONE', *, *, #1778, .F. ) ;
#169 = CARTESIAN_POINT ( 'NONE',  ( -77.61687249465295224, 2.385702217519311219, -9.300000000000002487 ) ) ;
#170 = CARTESIAN_POINT ( 'NONE',  ( 79.19999999999993179, 0.1066960618781388620, 9.299999999999998934 ) ) ;
#171 = ORIENTED_EDGE ( 'NONE', *, *, #3204, .T. ) ;
#172 = CARTESIAN_POINT ( 'NONE',  ( 76.90191986870124197, -16.02460308935014766, -10.00000000000000178 ) ) ;
#173 = LINE ( 'NONE', #2005, #2332 ) ;
#174 = CARTESIAN_POINT ( 'NONE',  ( -76.19999999999998863, 0.000000000000000000, 5.000000000000002665 ) ) ;
#175 = CARTESIAN_POINT ( 'NONE',  ( 71.20000000000000284, 4.299999999999999822, 9.300000000000000711 ) ) ;
#176 = ORIENTED_EDGE ( 'NONE', *, *, #2943, .F. ) ;
#177 = DIRECTION ( 'NONE',  ( 0.000000000000000000, 1.000000000000000000, 0.000000000000000000 ) ) ;
#178 = CARTESIAN_POINT ( 'NONE',  ( 76.94426824186710689, -16.18793278098754840, 10.00000000000000533 ) ) ;
#179 = CARTESIAN_POINT ( 'NONE',  ( -76.89999999999999147, 0.000000000000000000, 10.00000000000000000 ) ) ;
#180 =( BOUNDED_SURFACE ( )  B_SPLINE_SURFACE ( 2, 1, ( 
 ( #1928, #704 ),
 ( #1071, #2909 ),
 ( #1984, #155 ) ),
 .UNSPECIFIED., .F., .F., .F. ) 
 B_SPLINE_SURFACE_WITH_KNOTS ( ( 3, 3 ),
 ( 2, 2 ),
 ( 0.000000000000000000, 1.000000000000000000 ),
 ( 0.000000000000000000, 1.000000000000000000 ),
 .UNSPECIFIED. ) 
 GEOMETRIC_REPRESENTATION_ITEM ( )  RATIONAL_B_SPLINE_SURFACE ( (
 ( 1.000000000000000000, 1.000000000000000000),
 ( 0.9125737562349404142, 0.9125737562349404142),
 ( 1.000000000000000000, 1.000000000000000000) ) ) 
 REPRESENTATION_ITEM ( '' )  SURFACE ( )  );
#181 = ORIENTED_EDGE ( 'NONE', *, *, #3066, .F. ) ;
#182 = ORIENTED_EDGE ( 'NONE', *, *, #284, .F. ) ;
#183 = CARTESIAN_POINT ( 'NONE',  ( -76.50830568993882252, -16.91595908324142883, -9.300000000000130385 ) ) ;
#184 = EDGE_CURVE ( 'NONE', #1515, #242, #2442, .T. ) ;
#185 = ORIENTED_EDGE ( 'NONE', *, *, #686, .T. ) ;
#186 = ADVANCED_FACE ( 'NONE', ( #1534 ), #1668, .T. ) ;
#187 = CARTESIAN_POINT ( 'NONE',  ( -82.51597377796858268, -20.64712531177430321, -9.300000000000000711 ) ) ;
#188 = ORIENTED_EDGE ( 'NONE', *, *, #2584, .F. ) ;
#189 = CARTESIAN_POINT ( 'NONE',  ( -76.20000000000001705, 0.000000000000000000, 31.36432550960844523 ) ) ;
#190 = VECTOR ( 'NONE', #3547, 1000.000000000000000 ) ;
#191 = CARTESIAN_POINT ( 'NONE',  ( 76.21334793003971697, -16.15463268765251925, -9.299999999999982947 ) ) ;
#192 = CARTESIAN_POINT ( 'NONE',  ( -77.01833410203765595, -16.36895800969487880, 10.00000000000000000 ) ) ;
#193 = DIRECTION ( 'NONE',  ( 1.000000000000000000, 0.000000000000000000, 0.000000000000000000 ) ) ;
#194 = CARTESIAN_POINT ( 'NONE',  ( 78.49999999999998579, 0.000000000000000000, 9.300000000000000711 ) ) ;
#195 = DIRECTION ( 'NONE',  ( -0.7071067811865465735, 0.7071067811865485719, 6.439027471636208788E-17 ) ) ;
#196 = CARTESIAN_POINT ( 'NONE',  ( -78.50779381572365878, 1.495037614732669606, 9.300000000000000711 ) ) ;
#197 = EDGE_LOOP ( 'NONE', ( #3630, #3428, #2697, #296 ) ) ;
#198 = CARTESIAN_POINT ( 'NONE',  ( 78.49298436292849601, 0.09433793602414942969, 10.00000000000000178 ) ) ;
#199 = CARTESIAN_POINT ( 'NONE',  ( -78.66284587424350150, -17.06213265268981161, 10.00000000000000000 ) ) ;
#200 = EDGE_LOOP ( 'NONE', ( #2608, #1963, #2100, #3613 ) ) ;
#201 = CARTESIAN_POINT ( 'NONE',  ( 78.17527131182691846, 0.7779864084251987277, 9.999999999999994671 ) ) ;
#202 = ORIENTED_EDGE ( 'NONE', *, *, #1359, .F. ) ;
#203 = EDGE_LOOP ( 'NONE', ( #916, #361, #3058, #52 ) ) ;
#204 = CARTESIAN_POINT ( 'NONE',  ( -76.22967548904695434, -16.23743879669864043, -9.299999999999966960 ) ) ;
#205 = CARTESIAN_POINT ( 'NONE',  ( -80.20114231113518599, -21.21375778415316304, 9.299999999999998934 ) ) ;
#206 = ADVANCED_FACE ( 'NONE', ( #465 ), #3217, .T. ) ;
#207 = CARTESIAN_POINT ( 'NONE',  ( -79.19999999999998863, 4.999999999999980460, 9.300000000000000711 ) ) ;
#208 = AXIS2_PLACEMENT_3D ( 'NONE', #401, #2866, #1893 ) ;
#209 = CARTESIAN_POINT ( 'NONE',  ( 78.49999999999998579, -16.00000000000000000, 5.700000000000002842 ) ) ;
#210 = EDGE_CURVE ( 'NONE', #2070, #2326, #12, .T. ) ;
#211 = CARTESIAN_POINT ( 'NONE',  ( 72.63105147251771143, 4.115374675147354111, -10.00000000000000178 ) ) ;
#212 = DIRECTION ( 'NONE',  ( -0.000000000000000000, -0.000000000000000000, -1.000000000000000000 ) ) ;
#213 = CIRCLE ( 'NONE', #3389, 0.6999999999999992895 ) ;
#214 = CARTESIAN_POINT ( 'NONE',  ( -72.24193054431273708, 4.906100687771895785, -10.00000000000000178 ) ) ;
#215 = CARTESIAN_POINT ( 'NONE',  ( 80.68229067879056515, -21.67339137362005630, 9.300000000000002487 ) ) ;
#216 = DIRECTION ( 'NONE',  ( -0.000000000000000000, -0.000000000000000000, -1.000000000000000000 ) ) ;
#217 = CARTESIAN_POINT ( 'NONE',  ( -78.99287754579283671, -17.80023982947533767, -10.00000000000000888 ) ) ;
#218 = CARTESIAN_POINT ( 'NONE',  ( 75.68097395201228039, 0.000000000000000000, 32.51902604798767982 ) ) ;
#219 = LINE ( 'NONE', #800, #2695 ) ;
#220 = CARTESIAN_POINT ( 'NONE',  ( -79.19999999999998863, -16.00000000000002132, -9.300000000000000711 ) ) ;
#221 = VERTEX_POINT ( 'NONE', #1680 ) ;
#222 = CARTESIAN_POINT ( 'NONE',  ( 76.02565431578054245, 2.664055438016445621, 9.999999999999998224 ) ) ;
#223 = ORIENTED_EDGE ( 'NONE', *, *, #3675, .F. ) ;
#224 = LINE ( 'NONE', #1217, #2364 ) ;
#225 = CARTESIAN_POINT ( 'NONE',  ( 75.94048697600614162, -0.2595130239938508443, 32.51902604798767271 ) ) ;
#226 = CARTESIAN_POINT ( 'NONE',  ( -76.87388755112657179, -17.50206134147483183, -9.299999999999998934 ) ) ;
#227 = ORIENTED_EDGE ( 'NONE', *, *, #1660, .F. ) ;
#228 = FACE_OUTER_BOUND ( 'NONE', #143, .T. ) ;
#229 = CARTESIAN_POINT ( 'NONE',  ( 76.38389696556477304, -16.66522957956237860, -9.999999999999932498 ) ) ;
#230 = CARTESIAN_POINT ( 'NONE',  ( -76.38389695300600124, -16.66522958580123515, 9.299999999999867484 ) ) ;
#231 = ADVANCED_FACE ( 'NONE', ( #2653 ), #3846, .T. ) ;
#232 = CARTESIAN_POINT ( 'NONE',  ( -73.22595003641752953, 4.683378532487686208, 10.00000000000095746 ) ) ;
#233 = CARTESIAN_POINT ( 'NONE',  ( -78.47246035184085144, 0.1861852524523299468, -10.00000000000000000 ) ) ;
#234 = CARTESIAN_POINT ( 'NONE',  ( -71.40663524753585989, 4.715495203630729826, 9.865196788166457509 ) ) ;
#235 = CARTESIAN_POINT ( 'NONE',  ( -82.05013230893472098, -21.16961141276491887, -10.00000000000000000 ) ) ;
#236 = ADVANCED_FACE ( 'NONE', ( #2670 ), #81, .T. ) ;
#237 = CARTESIAN_POINT ( 'NONE',  ( -82.05013230893472098, -21.16961141276491887, -10.00000000000000000 ) ) ;
#238 = DIRECTION ( 'NONE',  ( -0.7071067811865465735, 0.7071067811865485719, 6.439027471636208788E-17 ) ) ;
#239 = CARTESIAN_POINT ( 'NONE',  ( 77.12033000098374202, -16.57451735026329942, 10.00000000000000178 ) ) ;
#240 = DIRECTION ( 'NONE',  ( 1.000000000000000000, 0.000000000000000000, 0.000000000000000000 ) ) ;
#241 = ORIENTED_EDGE ( 'NONE', *, *, #1131, .T. ) ;
#242 = VERTEX_POINT ( 'NONE', #2993 ) ;
#243 = VECTOR ( 'NONE', #841, 1000.000000000000000 ) ;
#244 = DIRECTION ( 'NONE',  ( 0.000000000000000000, 0.000000000000000000, -1.000000000000000000 ) ) ;
#245 = EDGE_LOOP ( 'NONE', ( #1097, #2347, #3368, #2542 ) ) ;
#246 = ORIENTED_EDGE ( 'NONE', *, *, #277, .F. ) ;
#247 = CARTESIAN_POINT ( 'NONE',  ( 82.51597377796858268, -20.64712531177428190, -9.300000000000000711 ) ) ;
#248 = DIRECTION ( 'NONE',  ( 1.000000000000000000, 0.000000000000000000, 0.000000000000000000 ) ) ;
#249 = CARTESIAN_POINT ( 'NONE',  ( -82.15048596506308343, -21.39353402747518373, 10.00000000000000000 ) ) ;
#250 = CARTESIAN_POINT ( 'NONE',  ( -78.69296227382331210, 1.259558686307347575, -9.999999999999838352 ) ) ;
#251 = CARTESIAN_POINT ( 'NONE',  ( -71.20000000000000284, 4.820359442248923543, 9.768215816544453034 ) ) ;
#252 = PLANE ( 'NONE',  #3498 ) ;
#253 = CARTESIAN_POINT ( 'NONE',  ( -71.90143320448521536, 4.298566795514803474, -9.999999999999074518 ) ) ;
#254 = CARTESIAN_POINT ( 'NONE',  ( 79.59831216622400518, -18.68911047618404808, 9.999999999999998224 ) ) ;
#255 = ADVANCED_FACE ( 'NONE', ( #3555 ), #817, .T. ) ;
#256 = ORIENTED_EDGE ( 'NONE', *, *, #2601, .T. ) ;
#257 = CARTESIAN_POINT ( 'NONE',  ( 77.62384934221442734, 1.430131033623232018, 9.999999999999994671 ) ) ;
#258 = EDGE_CURVE ( 'NONE', #2497, #3834, #3506, .T. ) ;
#259 = EDGE_LOOP ( 'NONE', ( #1371, #3001, #1016, #3021, #2207 ) ) ;
#260 = EDGE_LOOP ( 'NONE', ( #2387, #3140, #3241, #91 ) ) ;
#261 = DIRECTION ( 'NONE',  ( -0.000000000000000000, -1.000000000000000000, -0.000000000000000000 ) ) ;
#262 = EDGE_LOOP ( 'NONE', ( #1495, #3528, #3531, #2149 ) ) ;
#263 = CARTESIAN_POINT ( 'NONE',  ( -71.96026563736981529, 4.239734362630150244, -10.00000000000000000 ) ) ;
#264 = ORIENTED_EDGE ( 'NONE', *, *, #755, .T. ) ;
#265 = CARTESIAN_POINT ( 'NONE',  ( -79.20000000000000284, -17.69064839673692546, -9.300000000000000711 ) ) ;
#266 = AXIS2_PLACEMENT_3D ( 'NONE', #2218, #1269, #2839 ) ;
#267 = CARTESIAN_POINT ( 'NONE',  ( -71.20000000000003126, 5.000000000000000000, -9.300000000000000711 ) ) ;
#268 = CARTESIAN_POINT ( 'NONE',  ( -77.98469599077998282, 2.048085070144684217, -9.299999999999840838 ) ) ;
#269 = CARTESIAN_POINT ( 'NONE',  ( 78.08237393662437853, 1.953645888728894331, -9.299999999999998934 ) ) ;
#270 = CARTESIAN_POINT ( 'NONE',  ( 75.19999999999998863, 0.000000000000000000, 9.300000000000000711 ) ) ;
#271 = VECTOR ( 'NONE', #212, 1000.000000000000000 ) ;
#272 = CARTESIAN_POINT ( 'NONE',  ( 70.56432550960843741, 4.999999999999968026, 32.00000000000000000 ) ) ;
#273 = AXIS2_PLACEMENT_3D ( 'NONE', #3383, #3060, #3301 ) ;
#274 = CARTESIAN_POINT ( 'NONE',  ( 81.73220837638594105, -19.93723764653086405, 9.999999999999069189 ) ) ;
#275 = EDGE_LOOP ( 'NONE', ( #1664, #1746, #1161, #3855 ) ) ;
#276 = CARTESIAN_POINT ( 'NONE',  ( 75.15917914555704726, 3.171298675674453005, 9.999999999999996447 ) ) ;
#277 = EDGE_CURVE ( 'NONE', #1101, #2215, #3782, .T. ) ;
#278 = CARTESIAN_POINT ( 'NONE',  ( 71.20000000000000284, 5.000000000000000000, 0.000000000000000000 ) ) ;
#279 = CARTESIAN_POINT ( 'NONE',  ( 78.91005050633881979, -11.00000000000000178, -4.999999999999996447 ) ) ;
#280 = VERTEX_POINT ( 'NONE', #218 ) ;
#281 = EDGE_CURVE ( 'NONE', #1104, #2389, #1510, .T. ) ;
#282 = VECTOR ( 'NONE', #2983, 1000.000000000000000 ) ;
#283 = CARTESIAN_POINT ( 'NONE',  ( -72.62803523290162389, 4.116118745935763990, -10.00000000000000000 ) ) ;
#284 = EDGE_CURVE ( 'NONE', #1597, #2029, #1492, .T. ) ;
#285 = ORIENTED_EDGE ( 'NONE', *, *, #854, .T. ) ;
#286 = CARTESIAN_POINT ( 'NONE',  ( 82.51597377796858268, -20.64712531177428190, -10.00000000000000178 ) ) ;
#287 = AXIS2_PLACEMENT_3D ( 'NONE', #1988, #2008, #1326 ) ;
#288 = CARTESIAN_POINT ( 'NONE',  ( 78.07814553520903189, -19.01488993098152847, -9.299999999999469580 ) ) ;
#289 = CARTESIAN_POINT ( 'NONE',  ( -74.06952486184961515, 3.653623401247610758, -10.00000000000000000 ) ) ;
#290 = CARTESIAN_POINT ( 'NONE',  ( 79.10365304285836885, 0.5135424902740824971, -9.299999999999997158 ) ) ;
#291 = CARTESIAN_POINT ( 'NONE',  ( 0.000000000000000000, 0.000000000000000000, 0.000000000000000000 ) ) ;
#292 = CARTESIAN_POINT ( 'NONE',  ( 76.19999999999998863, -16.00000000000000000, 10.00000000000000000 ) ) ;
#293 = DIRECTION ( 'NONE',  ( -0.000000000000000000, -1.000000000000000000, -0.000000000000000000 ) ) ;
#294 = CARTESIAN_POINT ( 'NONE',  ( -82.15048596506308343, -21.39353402747518373, -9.300000000000000711 ) ) ;
#295 = CARTESIAN_POINT ( 'NONE',  ( 82.51597377796858268, -20.64712531177428190, 9.300000000000000711 ) ) ;
#296 = ORIENTED_EDGE ( 'NONE', *, *, #1064, .F. ) ;
#297 = DIRECTION ( 'NONE',  ( -0.000000000000000000, 0.000000000000000000, 1.000000000000000000 ) ) ;
#298 = CARTESIAN_POINT ( 'NONE',  ( 71.20000000000000284, 5.000000000000000888, 10.00000000000000178 ) ) ;
#299 = CARTESIAN_POINT ( 'NONE',  ( 79.20868489591117623, -16.24551366090837234, 9.300000000000004263 ) ) ;
#300 = AXIS2_PLACEMENT_3D ( 'NONE', #1551, #643, #29 ) ;
#301 = AXIS2_PLACEMENT_3D ( 'NONE', #3632, #297, #3909 ) ;
#302 = CARTESIAN_POINT ( 'NONE',  ( 79.23514473398452651, -16.48891165832641903, -9.300000000000002487 ) ) ;
#303 = EDGE_CURVE ( 'NONE', #1406, #242, #2244, .T. ) ;
#304 = VERTEX_POINT ( 'NONE', #3056 ) ;
#305 = DIRECTION ( 'NONE',  ( 0.000000000000000000, -0.000000000000000000, -1.000000000000000000 ) ) ;
#306 = CARTESIAN_POINT ( 'NONE',  ( 81.73129441294685193, -19.93642110037028203, -9.299999999999533529 ) ) ;
#307 = EDGE_CURVE ( 'NONE', #1742, #1971, #1250, .T. ) ;
#308 = EDGE_CURVE ( 'NONE', #2286, #1971, #1166, .T. ) ;
#309 = CARTESIAN_POINT ( 'NONE',  ( 77.66134440130640826, -18.53948879698057794, -9.999999999997863043 ) ) ;
#310 = DIRECTION ( 'NONE',  ( -0.6804759709638779075, 0.7327703957862706785, 0.000000000000000000 ) ) ;
#311 = CARTESIAN_POINT ( 'NONE',  ( -76.89999999999999147, 0.000000000000000000, -9.300000000000000711 ) ) ;
#312 = DIRECTION ( 'NONE',  ( -0.000000000000000000, 0.000000000000000000, 1.000000000000000000 ) ) ;
#313 = LINE ( 'NONE', #2492, #2203 ) ;
#314 = CIRCLE ( 'NONE', #1270, 1.000000000000000888 ) ;
#315 = ORIENTED_EDGE ( 'NONE', *, *, #2624, .F. ) ;
#316 = CARTESIAN_POINT ( 'NONE',  ( 0.000000000000000000, 4.299999999999999822, 9.300000000000000711 ) ) ;
#317 = CARTESIAN_POINT ( 'NONE',  ( 71.38841915614226252, 4.299999983349917621, 10.00000000000000000 ) ) ;
#318 = VECTOR ( 'NONE', #65, 1000.000000000000000 ) ;
#319 = SPHERICAL_SURFACE ( 'NONE', #3322, 2.000000000000000000 ) ;
#320 = CARTESIAN_POINT ( 'NONE',  ( 79.36982009072428923, -16.96270010255762983, -9.300000000000002487 ) ) ;
#321 = ORIENTED_EDGE ( 'NONE', *, *, #2398, .F. ) ;
#322 = CARTESIAN_POINT ( 'NONE',  ( -78.49298538865784280, 0.09421293355863502583, 10.00000000000000178 ) ) ;
#323 = DIRECTION ( 'NONE',  ( -0.7071067811865521247, 0.7071067811865429098, 0.000000000000000000 ) ) ;
#324 = DIRECTION ( 'NONE',  ( -0.7071067811865465735, -0.7071067811865485719, 6.439027471636208788E-17 ) ) ;
#325 = CARTESIAN_POINT ( 'NONE',  ( -70.37157287525383254, 3.000000000000000000, -34.99999999999999289 ) ) ;
#326 = EDGE_CURVE ( 'NONE', #1991, #1890, #1485, .T. ) ;
#327 = EDGE_CURVE ( 'NONE', #439, #125, #2116, .T. ) ;
#328 = CARTESIAN_POINT ( 'NONE',  ( -82.85048596506307206, -21.39353402747518373, 10.00000000000000000 ) ) ;
#329 = CARTESIAN_POINT ( 'NONE',  ( 75.35289643190449738, 7.562794171913393772E-17, 9.427921419045823370 ) ) ;
#330 = CARTESIAN_POINT ( 'NONE',  ( -75.19999999999998863, -1.000000000000000000, -10.00000000000000000 ) ) ;
#331 = DIRECTION ( 'NONE',  ( 1.000000000000000000, 0.000000000000000000, 0.000000000000000000 ) ) ;
#332 = SPHERICAL_SURFACE ( 'NONE', #1448, 2.000000000000000000 ) ;
#333 = EDGE_LOOP ( 'NONE', ( #3850, #2072, #2521, #3816 ) ) ;
#334 = CARTESIAN_POINT ( 'NONE',  ( 78.49999999999998579, -15.99999999999999645, -5.699999999999998401 ) ) ;
#335 = AXIS2_PLACEMENT_3D ( 'NONE', #2620, #3811, #523 ) ;
#336 = DIRECTION ( 'NONE',  ( 0.000000000000000000, -3.469446951953614682E-16, 1.000000000000000000 ) ) ;
#337 = CARTESIAN_POINT ( 'NONE',  ( -81.25233293543473678, -20.44714053276624455, 10.00000000000000178 ) ) ;
#338 = AXIS2_PLACEMENT_3D ( 'NONE', #1167, #2376, #3622 ) ;
#339 = CARTESIAN_POINT ( 'NONE',  ( 76.19999999999998863, 0.000000000000000000, 5.000000000000002665 ) ) ;
#340 = CARTESIAN_POINT ( 'NONE',  ( -78.47854471345534932, 0.1710319214233829432, -9.999999999999998224 ) ) ;
#341 = ORIENTED_EDGE ( 'NONE', *, *, #1063, .F. ) ;
#342 = CARTESIAN_POINT ( 'NONE',  ( -79.19999999999998863, 0.1209857376405916174, 9.299999999999796430 ) ) ;
#343 = CARTESIAN_POINT ( 'NONE',  ( -81.17000999409918904, -22.12630442326145541, -9.300000000000000711 ) ) ;
#344 = CIRCLE ( 'NONE', #2587, 0.6999999999999992895 ) ;
#345 = SHAPE_DEFINITION_REPRESENTATION ( #1361, #1713 ) ;
#346 = CARTESIAN_POINT ( 'NONE',  ( 76.90040496245705981, -16.00973499937580513, 10.00000000000000533 ) ) ;
#347 = CARTESIAN_POINT ( 'NONE',  ( -77.19825754889062353, -16.70796256636147348, -10.00000000000000178 ) ) ;
#348 = CARTESIAN_POINT ( 'NONE',  ( 70.37157287525380411, 5.000000000000000000, 0.000000000000000000 ) ) ;
#349 = FACE_OUTER_BOUND ( 'NONE', #2146, .T. ) ;
#350 = AXIS2_PLACEMENT_3D ( 'NONE', #899, #3336, #3052 ) ;
#351 = DIRECTION ( 'NONE',  ( 0.5773502691896237327, -0.5773502691896252870, 0.5773502691896281735 ) ) ;
#352 =( BOUNDED_SURFACE ( )  B_SPLINE_SURFACE ( 3, 2, ( 
 ( #2849, #3410, #343 ),
 ( #1560, #2788, #382 ),
 ( #3678, #2481, #2544 ),
 ( #951, #3390, #2808 ),
 ( #655, #1328, #363 ),
 ( #58, #2503, #3699 ),
 ( #976, #2827, #80 ),
 ( #1307, #2523, #998 ),
 ( #2252, #1420, #1723 ),
 ( #3172, #2564, #126 ),
 ( #1347, #3756, #183 ),
 ( #1686, #3529, #2901 ),
 ( #1099, #729, #1648 ),
 ( #786, #3239, #806 ),
 ( #1401, #1119, #3509 ),
 ( #3793, #2639, #1703 ),
 ( #2013, #454, #204 ),
 ( #470, #3545, #1956 ),
 ( #3472, #2329, #1043 ),
 ( #440, #2030, #2881 ),
 ( #3223, #3187, #145 ),
 ( #1062, #2586, #1368 ),
 ( #2600, #504, #3779 ),
 ( #2269, #3491, #2311 ),
 ( #2289, #747, #488 ),
 ( #1974, #2940, #165 ) ),
 .UNSPECIFIED., .F., .F., .T. ) 
 B_SPLINE_SURFACE_WITH_KNOTS ( ( 4, 2, 2, 2, 2, 2, 2, 2, 2, 2, 2, 2, 4 ),
 ( 3, 3 ),
 ( 0.000000000000000000, 0.001851808431070952731, 0.003703616862141905462, 0.005555425293212857760, 0.006481329508748334342, 0.006944281616516072633, 0.007175757670399941779, 0.007291495697341876352, 0.007349364710812843204, 0.007378299217548327064, 0.007392766470916068561, 0.007400000097599939743, 0.007407233724283810924 ),
 ( 0.000000000000000000, 1.000000000000000000 ),
 .UNSPECIFIED. ) 
 GEOMETRIC_REPRESENTATION_ITEM ( )  RATIONAL_B_SPLINE_SURFACE ( (
 ( 1.000000000000000000, 0.7071067811865475727, 1.000000000000000000),
 ( 1.000000000000000000, 0.7071067811865475727, 1.000000000000000000),
 ( 1.000000000000000000, 0.7071067811865475727, 1.000000000000000000),
 ( 1.000000000000000000, 0.7071067811865475727, 1.000000000000000000),
 ( 1.000000000000000000, 0.7071067811865475727, 1.000000000000000000),
 ( 1.000000000000000000, 0.7071067811865475727, 1.000000000000000000),
 ( 1.000000000000000000, 0.7071067811865475727, 1.000000000000000000),
 ( 1.000000000000000000, 0.7071067811865475727, 1.000000000000000000),
 ( 1.000000000000000000, 0.7071067811865475727, 1.000000000000000000),
 ( 1.000000000000000000, 0.7071067811865475727, 1.000000000000000000),
 ( 1.000000000000000000, 0.7071067811865483499, 1.000000000000000000),
 ( 1.000000000000000000, 0.7071067811865483499, 1.000000000000000000),
 ( 1.000000000000000000, 0.7071067811865483499, 1.000000000000000000),
 ( 1.000000000000000000, 0.7071067811865483499, 1.000000000000000000),
 ( 1.000000000000000000, 0.7071067811865475727, 1.000000000000000000),
 ( 1.000000000000000000, 0.7071067811865475727, 1.000000000000000000),
 ( 1.000000000000000000, 0.7071067811865475727, 1.000000000000000000),
 ( 1.000000000000000000, 0.7071067811865475727, 1.000000000000000000),
 ( 1.000000000000000000, 0.7071067811865466846, 1.000000000000000000),
 ( 1.000000000000000000, 0.7071067811865466846, 1.000000000000000000),
 ( 1.000000000000000000, 0.7071067811865475727, 1.000000000000000000),
 ( 1.000000000000000000, 0.7071067811865475727, 1.000000000000000000),
 ( 1.000000000000000000, 0.7071067811865475727, 1.000000000000000000),
 ( 1.000000000000000000, 0.7071067811865475727, 1.000000000000000000),
 ( 1.000000000000000000, 0.7071067811865492381, 1.000000000000000000),
 ( 1.000000000000000000, 0.7071067811865492381, 1.000000000000000000) ) ) 
 REPRESENTATION_ITEM ( '' )  SURFACE ( )  );
#353 = EDGE_CURVE ( 'NONE', #1252, #2864, #3823, .T. ) ;
#354 = DIRECTION ( 'NONE',  ( 1.000000000000000000, 0.000000000000000000, 0.000000000000000000 ) ) ;
#355 = CARTESIAN_POINT ( 'NONE',  ( -81.85048596506307206, -21.39353402747518373, -9.300000000000000711 ) ) ;
#356 = ORIENTED_EDGE ( 'NONE', *, *, #934, .F. ) ;
#357 = ADVANCED_FACE ( 'NONE', ( #2382 ), #2637, .T. ) ;
#358 = PLANE ( 'NONE',  #614 ) ;
#359 = DIRECTION ( 'NONE',  ( -1.365923996832134321E-16, 0.000000000000000000, -1.000000000000000000 ) ) ;
#360 = DIRECTION ( 'NONE',  ( 1.000000000000000000, -0.000000000000000000, 0.000000000000000000 ) ) ;
#361 = ORIENTED_EDGE ( 'NONE', *, *, #824, .F. ) ;
#362 = CARTESIAN_POINT ( 'NONE',  ( -77.38362304699421657, 2.572613050918989064, 9.300000000000000711 ) ) ;
#363 = CARTESIAN_POINT ( 'NONE',  ( -78.93256342705150530, -19.94166011575631359, -9.300000000000000711 ) ) ;
#364 = CARTESIAN_POINT ( 'NONE',  ( 78.42347878382835802, 0.3328167664830282702, -9.999999999999998224 ) ) ;
#365 = CARTESIAN_POINT ( 'NONE',  ( 76.19999999999998863, 0.000000000000000000, 31.36432550960842391 ) ) ;
#366 = CARTESIAN_POINT ( 'NONE',  ( -79.19999999999998863, 0.1207879718685455767, -9.300000000000000711 ) ) ;
#367 = CARTESIAN_POINT ( 'NONE',  ( 75.53291679679367121, 0.6670832032063117589, -10.00000000000000000 ) ) ;
#368 = CARTESIAN_POINT ( 'NONE',  ( 76.65629199787306902, 2.241941610167084153, -9.999999999999994671 ) ) ;
#369 = FACE_OUTER_BOUND ( 'NONE', #275, .T. ) ;
#370 = CARTESIAN_POINT ( 'NONE',  ( 81.85048596506307206, -21.39353402747516242, -9.300000000000000711 ) ) ;
#371 = CARTESIAN_POINT ( 'NONE',  ( -76.20315790743738660, -16.07230331994263395, 10.00000000000000178 ) ) ;
#372 = CARTESIAN_POINT ( 'NONE',  ( 71.78578643762689637, 4.414213562373096700, 9.983686643913046055 ) ) ;
#373 = VERTEX_POINT ( 'NONE', #3592 ) ;
#374 = CARTESIAN_POINT ( 'NONE',  ( 71.78578643762689637, 4.414213562373096700, 0.000000000000000000 ) ) ;
#375 = VERTEX_POINT ( 'NONE', #624 ) ;
#376 = CARTESIAN_POINT ( 'NONE',  ( 77.83333411580362338, 2.186800035369452555, 9.999999999999355182 ) ) ;
#377 = DIRECTION ( 'NONE',  ( -0.000000000000000000, 1.000000000000000000, -0.000000000000000000 ) ) ;
#378 = ORIENTED_EDGE ( 'NONE', *, *, #53, .F. ) ;
#379 = ORIENTED_EDGE ( 'NONE', *, *, #308, .F. ) ;
#380 = ADVANCED_FACE ( 'NONE', ( #1838 ), #2079, .T. ) ;
#381 = ORIENTED_EDGE ( 'NONE', *, *, #3821, .F. ) ;
#382 = CARTESIAN_POINT ( 'NONE',  ( -80.71280493036231007, -21.70172796457125131, -9.300000000005894663 ) ) ;
#383 = DIRECTION ( 'NONE',  ( -0.000000000000000000, -0.000000000000000000, 1.000000000000000000 ) ) ;
#384 = CARTESIAN_POINT ( 'NONE',  ( 76.90389460112197639, -16.03862755910448001, 9.999999999999998224 ) ) ;
#385 = CARTESIAN_POINT ( 'NONE',  ( -77.44677061883963631, -17.10277163346194484, 10.00000000000000000 ) ) ;
#386 = CARTESIAN_POINT ( 'NONE',  ( 78.50000000125669430, -16.27234708627723236, 10.00000000000000000 ) ) ;
#387 = CARTESIAN_POINT ( 'NONE',  ( 77.06704914636466697, 2.809259279999618109, -9.999999999999351630 ) ) ;
#388 = PLANE ( 'NONE',  #150 ) ;
#389 = DIRECTION ( 'NONE',  ( 1.000000000000000000, 0.000000000000000000, 0.000000000000000000 ) ) ;
#390 = DIRECTION ( 'NONE',  ( 0.000000000000000000, 0.000000000000000000, 1.000000000000000000 ) ) ;
#391 = CARTESIAN_POINT ( 'NONE',  ( -79.22601619135994611, -16.42339018866542943, -9.300000000000235190 ) ) ;
#392 = ORIENTED_EDGE ( 'NONE', *, *, #3919, .T. ) ;
#393 = CARTESIAN_POINT ( 'NONE',  ( 73.21208441431630831, 4.687408757672246296, 9.999999999999998224 ) ) ;
#394 = DIRECTION ( 'NONE',  ( 0.5773502691896236216, 0.5773502691896253980, -0.5773502691896282846 ) ) ;
#395 = VERTEX_POINT ( 'NONE', #1550 ) ;
#396 = VECTOR ( 'NONE', #970, 1000.000000000000000 ) ;
#397 = ORIENTED_EDGE ( 'NONE', *, *, #307, .T. ) ;
#398 = CARTESIAN_POINT ( 'NONE',  ( -70.37157287525383254, 3.000000000000000000, 0.000000000000000000 ) ) ;
#399 = ORIENTED_EDGE ( 'NONE', *, *, #1778, .T. ) ;
#400 = CARTESIAN_POINT ( 'NONE',  ( -75.97732521815862583, 0.2226747818413944424, -9.952474126763421580 ) ) ;
#401 = CARTESIAN_POINT ( 'NONE',  ( -82.85048596506307206, -15.99999999999999645, -4.999999999999997335 ) ) ;
#402 = EDGE_CURVE ( 'NONE', #568, #1702, #3337, .T. ) ;
#403 = AXIS2_PLACEMENT_3D ( 'NONE', #294, #2141, #582 ) ;
#404 = CARTESIAN_POINT ( 'NONE',  ( 75.19999999999998863, 0.000000000000000000, 10.00000000000000000 ) ) ;
#405 = EDGE_CURVE ( 'NONE', #1615, #1973, #3621, .T. ) ;
#406 = PRODUCT_RELATED_PRODUCT_CATEGORY ( 'part', '', ( #482 ) ) ;
#407 = CARTESIAN_POINT ( 'NONE',  ( 71.20000000000000284, 4.999999999999997335, 9.300000000000000711 ) ) ;
#408 = CARTESIAN_POINT ( 'NONE',  ( 78.99287754159878716, -17.80023983189022729, 10.00000000000000178 ) ) ;
#409 = CARTESIAN_POINT ( 'NONE',  ( 72.04540914094879156, 4.945013739866332081, -9.300000000000967049 ) ) ;
#410 = AXIS2_PLACEMENT_3D ( 'NONE', #2658, #2997, #485 ) ;
#411 = CARTESIAN_POINT ( 'NONE',  ( 78.63970808596639017, 1.331430613327789114, 9.299999999999997158 ) ) ;
#412 = CARTESIAN_POINT ( 'NONE',  ( 76.19999999999998863, -16.00000000000000000, -4.999999999999997335 ) ) ;
#413 = LINE ( 'NONE', #739, #2774 ) ;
#414 = CARTESIAN_POINT ( 'NONE',  ( -71.38841915614713685, 4.299999983349819033, -10.00000000000000000 ) ) ;
#415 = CARTESIAN_POINT ( 'NONE',  ( 77.19963048487255719, -16.71026504616542852, -9.999999999999996447 ) ) ;
#416 = CARTESIAN_POINT ( 'NONE',  ( 78.69296227382334052, 1.259558686309108611, 10.00000000000000533 ) ) ;
#417 = CARTESIAN_POINT ( 'NONE',  ( -38.10000000000007958, 38.09999999999998010, -10.00000000000000000 ) ) ;
#418 = CARTESIAN_POINT ( 'NONE',  ( -72.84261188237940132, 4.787715008888373980, 9.299999999999348788 ) ) ;
#419 = ORIENTED_EDGE ( 'NONE', *, *, #2107, .T. ) ;
#420 = EDGE_LOOP ( 'NONE', ( #2589, #2786, #3852, #3307 ) ) ;
#421 = ORIENTED_EDGE ( 'NONE', *, *, #1282, .T. ) ;
#422 = CARTESIAN_POINT ( 'NONE',  ( 79.20000000000000284, -16.00000000000000000, -10.00000000000000178 ) ) ;
#423 = EDGE_CURVE ( 'NONE', #1532, #1671, #3666, .T. ) ;
#424 = CARTESIAN_POINT ( 'NONE',  ( 76.89999999999999147, -1.000000000000000000, 9.300000000000000711 ) ) ;
#425 = CARTESIAN_POINT ( 'NONE',  ( 76.20561316463987112, -16.09823982104603601, 9.300000000000000711 ) ) ;
#426 = ADVANCED_FACE ( 'NONE', ( #884 ), #3316, .T. ) ;
#427 = CARTESIAN_POINT ( 'NONE',  ( 73.22595003687558801, 4.683378533884839712, -9.300000000000322231 ) ) ;
#428 = AXIS2_PLACEMENT_3D ( 'NONE', #355, #2142, #3073 ) ;
#429 = CIRCLE ( 'NONE', #3488, 0.7000000000000000666 ) ;
#430 = CARTESIAN_POINT ( 'NONE',  ( -71.20000000000000284, 4.820359442248923543, 9.768215816544453034 ) ) ;
#431 = DIRECTION ( 'NONE',  ( -0.000000000000000000, 0.000000000000000000, 1.000000000000000000 ) ) ;
#432 = DIRECTION ( 'NONE',  ( -0.000000000000000000, 0.000000000000000000, 1.000000000000000000 ) ) ;
#433 = B_SPLINE_CURVE_WITH_KNOTS ( 'NONE', 3,
 ( #1559, #2787, #400, #3141, #3388, #104 ),
 .UNSPECIFIED., .F., .F.,
 ( 4, 2, 4 ),
 ( 7.897868366872154056E-20, 0.0004726839620748003604, 0.0009453679241496007208 ),
 .UNSPECIFIED. ) ;
#434 = CARTESIAN_POINT ( 'NONE',  ( -79.60489595989136546, -17.45795625231360759, -9.299999999999068123 ) ) ;
#435 = B_SPLINE_CURVE_WITH_KNOTS ( 'NONE', 3,
 ( #2151, #3002, #2741, #3913, #594, #1557, #847, #2394, #320, #302, #1807, #2071 ),
 .UNSPECIFIED., .F., .F.,
 ( 4, 2, 2, 2, 2, 4 ),
 ( -5.999999998768736490E-08, 0.001465946082021206756, 0.002931952164042401447, 0.004397958246063596137, 0.005130961287074188061, 0.005863964328084779985 ),
 .UNSPECIFIED. ) ;
#436 = CARTESIAN_POINT ( 'NONE',  ( 75.39602210857015052, 3.822169360123143012, 10.00000000000000178 ) ) ;
#437 = CARTESIAN_POINT ( 'NONE',  ( -71.60352804756263367, 4.580052012313442944, -9.938189069470670489 ) ) ;
#438 = ORIENTED_EDGE ( 'NONE', *, *, #1547, .F. ) ;
#439 = VERTEX_POINT ( 'NONE', #3149 ) ;
#440 = CARTESIAN_POINT ( 'NONE',  ( -76.90187115383618277, -16.02421954894989753, -10.00000000000000533 ) ) ;
#441 = AXIS2_PLACEMENT_3D ( 'NONE', #1311, #3413, #2831 ) ;
#442 = DIRECTION ( 'NONE',  ( -0.7071067811865464625, -0.7071067811865486830, 1.042447906490584029E-15 ) ) ;
#443 = EDGE_CURVE ( 'NONE', #304, #77, #2573, .T. ) ;
#444 = VERTEX_POINT ( 'NONE', #2217 ) ;
#445 = CARTESIAN_POINT ( 'NONE',  ( 76.20085923940843031, -16.03860241282322718, -10.00000000000000355 ) ) ;
#446 = EDGE_CURVE ( 'NONE', #2706, #2825, #3442, .T. ) ;
#447 = DIRECTION ( 'NONE',  ( -1.000000000000000000, 0.000000000000000000, -0.000000000000000000 ) ) ;
#448 = CARTESIAN_POINT ( 'NONE',  ( 77.44677062673731882, -17.10277162896896996, -9.999999999999996447 ) ) ;
#449 = ORIENTED_EDGE ( 'NONE', *, *, #1687, .F. ) ;
#450 = CARTESIAN_POINT ( 'NONE',  ( 77.98469599077732539, 2.048085070147316777, 9.299999999999677414 ) ) ;
#451 = DIRECTION ( 'NONE',  ( 1.100328075246942676E-15, 0.7071067811865453523, -0.7071067811865497932 ) ) ;
#452 = VERTEX_POINT ( 'NONE', #703 ) ;
#453 = ORIENTED_EDGE ( 'NONE', *, *, #711, .F. ) ;
#454 = CARTESIAN_POINT ( 'NONE',  ( -76.22967521853637152, -16.23743885129848863, -9.999999999999930722 ) ) ;
#455 = ORIENTED_EDGE ( 'NONE', *, *, #3240, .T. ) ;
#456 = AXIS2_PLACEMENT_3D ( 'NONE', #82, #1044, #1348 ) ;
#457 = DIRECTION ( 'NONE',  ( 1.000000000000000000, -0.000000000000000000, -0.000000000000000000 ) ) ;
#458 = EDGE_LOOP ( 'NONE', ( #863, #2047, #3676, #468, #2976, #3207 ) ) ;
#459 = CARTESIAN_POINT ( 'NONE',  ( 76.90568861003349355, -16.04870013990588618, -9.999999999999994671 ) ) ;
#460 = LINE ( 'NONE', #3443, #114 ) ;
#461 = DIRECTION ( 'NONE',  ( -0.7071067811865449082, 0.7071067811865502373, -1.226634733346703058E-15 ) ) ;
#462 = EDGE_CURVE ( 'NONE', #3785, #3810, #3179, .T. ) ;
#463 = CARTESIAN_POINT ( 'NONE',  ( -79.18305491176725752, 0.2098791574649309100, 9.299999999999997158 ) ) ;
#464 = LINE ( 'NONE', #3216, #2115 ) ;
#465 = FACE_OUTER_BOUND ( 'NONE', #3157, .T. ) ;
#466 = CARTESIAN_POINT ( 'NONE',  ( -71.78578643762692479, 4.414213562373096700, -9.983686643913044279 ) ) ;
#467 = ADVANCED_FACE ( 'NONE', ( #1947 ), #67, .T. ) ;
#468 = ORIENTED_EDGE ( 'NONE', *, *, #2829, .T. ) ;
#469 = ORIENTED_EDGE ( 'NONE', *, *, #1525, .F. ) ;
#470 = CARTESIAN_POINT ( 'NONE',  ( -76.90559296365381670, -16.04818490923566188, -9.999999999999998224 ) ) ;
#471 = CARTESIAN_POINT ( 'NONE',  ( -77.89937598206769565, -18.81227345454553301, -9.300000000000002487 ) ) ;
#472 = CARTESIAN_POINT ( 'NONE',  ( -78.50707704371420448, 1.495941258429388077, -9.300000000000000711 ) ) ;
#473 = CARTESIAN_POINT ( 'NONE',  ( 79.19999999999998863, 0.000000000000000000, 9.300000000000000711 ) ) ;
#474 = CARTESIAN_POINT ( 'NONE',  ( 76.90000283246432389, -16.00251105431654963, -10.00000000000000000 ) ) ;
#475 = CARTESIAN_POINT ( 'NONE',  ( -76.28448576701198647, -16.42235349987204174, 9.999999999999932498 ) ) ;
#476 = DIRECTION ( 'NONE',  ( -0.7071067811865465735, -0.7071067811865485719, 1.065908801343823584E-15 ) ) ;
#477 = DIRECTION ( 'NONE',  ( 1.000000000000000000, -0.000000000000000000, -1.365923996832131609E-16 ) ) ;
#478 = CARTESIAN_POINT ( 'NONE',  ( -80.14781704849947630, -18.25510785556239313, -9.299999999999768008 ) ) ;
#479 = CARTESIAN_POINT ( 'NONE',  ( -79.23514473398452651, -16.48891165832642614, 9.299999999999995381 ) ) ;
#480 = CARTESIAN_POINT ( 'NONE',  ( 81.64871255842388109, -20.81171104771665625, 9.999999999999998224 ) ) ;
#481 = DIRECTION ( 'NONE',  ( 0.000000000000000000, 0.000000000000000000, 1.000000000000000000 ) ) ;
#482 = PRODUCT ( 'batter_holder_2_cover', 'batter_holder_2_cover', '', ( #1873 ) ) ;
#483 = DIRECTION ( 'NONE',  ( 0.000000000000000000, -4.956352788505168198E-15, 1.000000000000000000 ) ) ;
#484 = ORIENTED_EDGE ( 'NONE', *, *, #1006, .F. ) ;
#485 = DIRECTION ( 'NONE',  ( 0.7071067811865492381, -0.7071067811865457964, 0.000000000000000000 ) ) ;
#486 = EDGE_CURVE ( 'NONE', #280, #3185, #2795, .T. ) ;
#487 = EDGE_LOOP ( 'NONE', ( #1343, #727, #2736, #3792 ) ) ;
#488 = CARTESIAN_POINT ( 'NONE',  ( -76.19999999999998863, -16.02558931780423990, -9.300000000000011369 ) ) ;
#489 = CARTESIAN_POINT ( 'NONE',  ( -76.50983043329121358, -16.91871029829051665, 10.00000000000040323 ) ) ;
#490 = LINE ( 'NONE', #2925, #2350 ) ;
#491 = VECTOR ( 'NONE', #1412, 1000.000000000000000 ) ;
#492 = LINE ( 'NONE', #790, #2371 ) ;
#493 = CARTESIAN_POINT ( 'NONE',  ( -76.91620920632676928, -16.09607775903771909, 10.00000000000000000 ) ) ;
#494 = CARTESIAN_POINT ( 'NONE',  ( -78.82249693292135362, 1.078737461443242340, -10.00000000000047606 ) ) ;
#495 = CARTESIAN_POINT ( 'NONE',  ( 78.49999999999998579, 0.000000000000000000, -5.699999999999998401 ) ) ;
#496 = CARTESIAN_POINT ( 'NONE',  ( 79.19999999999998863, 0.1207879718686575843, 9.300000000000000711 ) ) ;
#497 = CARTESIAN_POINT ( 'NONE',  ( 79.37085546882491371, -20.39061501089068074, 9.300000000001073630 ) ) ;
#498 = DIRECTION ( 'NONE',  ( 0.000000000000000000, 0.000000000000000000, -1.000000000000000000 ) ) ;
#499 = ORIENTED_EDGE ( 'NONE', *, *, #353, .T. ) ;
#500 = FACE_OUTER_BOUND ( 'NONE', #964, .T. ) ;
#501 = VECTOR ( 'NONE', #3725, 1000.000000000000000 ) ;
#502 = VERTEX_POINT ( 'NONE', #2874 ) ;
#503 = ORIENTED_EDGE ( 'NONE', *, *, #2532, .F. ) ;
#504 = CARTESIAN_POINT ( 'NONE',  ( -76.20226677796618731, -16.06164432806008691, -9.999999999999989342 ) ) ;
#505 = ORIENTED_EDGE ( 'NONE', *, *, #2922, .F. ) ;
#506 = ADVANCED_FACE ( 'NONE', ( #3463 ), #3900, .T. ) ;
#507 = DIRECTION ( 'NONE',  ( 1.000000000000000000, 3.469446951953611033E-15, 0.000000000000000000 ) ) ;
#508 = EDGE_CURVE ( 'NONE', #3186, #6, #413, .T. ) ;
#509 = AXIS2_PLACEMENT_3D ( 'NONE', #3235, #2848, #3102 ) ;
#510 = CYLINDRICAL_SURFACE ( 'NONE', #880, 0.6999999999999992895 ) ;
#511 = CARTESIAN_POINT ( 'NONE',  ( 76.23865957682964734, -16.27247406029786347, -9.299999999999982947 ) ) ;
#512 = CARTESIAN_POINT ( 'NONE',  ( -76.94457617051386933, -16.18882792428873074, 10.00000000000000000 ) ) ;
#513 = VECTOR ( 'NONE', #2119, 1000.000000000000000 ) ;
#514 = CARTESIAN_POINT ( 'NONE',  ( -74.34337599687437148, 4.319784718450576655, 9.299999999998725286 ) ) ;
#515 = CARTESIAN_POINT ( 'NONE',  ( -78.41044428982404213, 0.3646261461006305438, -9.999999999999994671 ) ) ;
#516 = CARTESIAN_POINT ( 'NONE',  ( -71.30286181151465996, 4.773548074789541573, 9.820240409053617725 ) ) ;
#517 = CARTESIAN_POINT ( 'NONE',  ( 81.17000999409918904, -22.12630442326143765, -9.300000000000000711 ) ) ;
#518 = DIRECTION ( 'NONE',  ( -0.000000000000000000, -1.000000000000000000, -0.000000000000000000 ) ) ;
#519 = CARTESIAN_POINT ( 'NONE',  ( 79.12499258431270732, 0.4471880814168243123, 9.299999999999917222 ) ) ;
#520 = CARTESIAN_POINT ( 'NONE',  ( 77.65873854553684907, -18.53645352975807725, 9.300000000000000711 ) ) ;
#521 = ORIENTED_EDGE ( 'NONE', *, *, #486, .F. ) ;
#522 = PLANE ( 'NONE',  #3832 ) ;
#523 = DIRECTION ( 'NONE',  ( -0.7071067811865457964, 0.7071067811865492381, 0.000000000000000000 ) ) ;
#524 = ORIENTED_EDGE ( 'NONE', *, *, #3119, .F. ) ;
#525 = AXIS2_PLACEMENT_3D ( 'NONE', #175, #1395, #2499 ) ;
#526 = AXIS2_PLACEMENT_3D ( 'NONE', #3354, #2768, #680 ) ;
#527 = ORIENTED_EDGE ( 'NONE', *, *, #777, .T. ) ;
#528 = CARTESIAN_POINT ( 'NONE',  ( 79.70173927503748246, -17.65849089543662132, -9.300000000000466116 ) ) ;
#529 = ORIENTED_EDGE ( 'NONE', *, *, #1805, .T. ) ;
#530 = CARTESIAN_POINT ( 'NONE',  ( 76.85820923626799583, 2.090419610136152517, -9.999999999999991118 ) ) ;
#531 = CARTESIAN_POINT ( 'NONE',  ( 77.12164169104087819, -16.57689700997686444, -10.00000000000000000 ) ) ;
#532 = EDGE_CURVE ( 'NONE', #2706, #1143, #2261, .T. ) ;
#533 = CARTESIAN_POINT ( 'NONE',  ( -78.49298436292880865, 0.09433793602427514857, -10.00000000000000000 ) ) ;
#534 = CARTESIAN_POINT ( 'NONE',  ( 70.56432550960843741, 1.085786437626910406, 33.08578643762688642 ) ) ;
#535 = DIRECTION ( 'NONE',  ( 1.000000000000000000, -0.000000000000000000, -0.000000000000000000 ) ) ;
#536 = CARTESIAN_POINT ( 'NONE',  ( -70.56432550960846584, 4.221460928018458958, 32.77853907198153394 ) ) ;
#537 = DIRECTION ( 'NONE',  ( 0.000000000000000000, -0.7071067811865451302, -0.7071067811865499042 ) ) ;
#538 = CARTESIAN_POINT ( 'NONE',  ( 79.99589666043848979, -18.05749404596114260, 10.00000000000023093 ) ) ;
#539 = ORIENTED_EDGE ( 'NONE', *, *, #709, .T. ) ;
#540 = CYLINDRICAL_SURFACE ( 'NONE', #410, 1.999999999999997780 ) ;
#541 = ORIENTED_EDGE ( 'NONE', *, *, #3269, .F. ) ;
#542 = VECTOR ( 'NONE', #607, 1000.000000000000000 ) ;
#543 = CIRCLE ( 'NONE', #736, 2.000000000000002220 ) ;
#544 = LINE ( 'NONE', #1762, #3017 ) ;
#545 = ORIENTED_EDGE ( 'NONE', *, *, #982, .T. ) ;
#546 = CARTESIAN_POINT ( 'NONE',  ( -76.44414404415816477, -16.79241499451816821, 9.300000000000002487 ) ) ;
#547 = CARTESIAN_POINT ( 'NONE',  ( -76.02565431578052824, 2.664055438016422084, -9.999999999999998224 ) ) ;
#548 = VERTEX_POINT ( 'NONE', #1882 ) ;
#549 = CARTESIAN_POINT ( 'NONE',  ( 81.17000999409918904, -22.12630442326143765, 9.300000000000000711 ) ) ;
#550 = LINE ( 'NONE', #620, #513 ) ;
#551 = CARTESIAN_POINT ( 'NONE',  ( -77.36571931290097837, 1.665651709556300819, -9.999999999999998224 ) ) ;
#552 = CARTESIAN_POINT ( 'NONE',  ( 71.90143320448508746, 4.298566795514911831, -10.00000000000000355 ) ) ;
#553 = ADVANCED_FACE ( 'NONE', ( #2491 ), #989, .T. ) ;
#554 = CARTESIAN_POINT ( 'NONE',  ( 76.44414404415816477, -16.79241499451814335, -9.300000000000004263 ) ) ;
#555 = CARTESIAN_POINT ( 'NONE',  ( 79.43288347632547186, -18.47436740886081097, 10.00000000000000178 ) ) ;
#556 = EDGE_CURVE ( 'NONE', #2053, #3935, #1392, .T. ) ;
#557 = DIRECTION ( 'NONE',  ( 1.000000000000000000, 0.000000000000000000, 0.000000000000000000 ) ) ;
#558 = CARTESIAN_POINT ( 'NONE',  ( 80.14781705000739009, -18.25510785430816085, 10.00000000000023270 ) ) ;
#559 = EDGE_LOOP ( 'NONE', ( #3074, #2086, #3594, #1558, #1079, #1011 ) ) ;
#560 = EDGE_CURVE ( 'NONE', #2169, #1615, #2682, .T. ) ;
#561 = CARTESIAN_POINT ( 'NONE',  ( 78.38769805825749870, 0.4118731047733205086, 10.00000000000000000 ) ) ;
#562 = CARTESIAN_POINT ( 'NONE',  ( -81.85048596506307206, -21.39353402747518373, 9.300000000000000711 ) ) ;
#563 = CARTESIAN_POINT ( 'NONE',  ( -81.17000999409918904, -22.12630442326145896, -9.300000000000000711 ) ) ;
#564 = EDGE_LOOP ( 'NONE', ( #1305, #2942, #2657, #1382 ) ) ;
#565 = DIRECTION ( 'NONE',  ( 0.000000000000000000, 0.000000000000000000, 1.000000000000000000 ) ) ;
#566 = CARTESIAN_POINT ( 'NONE',  ( -70.56432550960842320, 0.000000000000000000, 37.00000000000000711 ) ) ;
#567 = B_SPLINE_CURVE_WITH_KNOTS ( 'NONE', 3,
 ( #1526, #2747, #2138, #2568, #750, #771, #3477, #1002, #3458, #2869, #2000, #2905, #132, #110, #699, #1651, #2257, #2884, #169, #1386, #2606, #472, #87, #1921, #873, #3246, #1144, #2964, #2016, #2374 ),
 .UNSPECIFIED., .F., .F.,
 ( 4, 2, 2, 2, 2, 2, 2, 2, 2, 2, 2, 2, 2, 2, 4 ),
 ( -5.999999998351762022E-08, 0.0001547263411343393865, 0.0003095126822686622621, 0.0006190853645372673556, 0.001238230729074436343, 0.002476521458148774318, 0.003714812187223112509, 0.004953102916297451135, 0.006191393645371788892, 0.007429684374446126650, 0.008048829738983281218, 0.008667975103520434918, 0.009287120468057588618, 0.009596693150326157662, 0.009906265832594726706 ),
 .UNSPECIFIED. ) ;
#568 = VERTEX_POINT ( 'NONE', #3860 ) ;
#569 = LINE ( 'NONE', #1502, #3465 ) ;
#570 = CARTESIAN_POINT ( 'NONE',  ( -82.85048596506307206, -15.99999999999999645, -4.999999999999997335 ) ) ;
#571 = VECTOR ( 'NONE', #1545, 1000.000000000000000 ) ;
#572 = ORIENTED_EDGE ( 'NONE', *, *, #2131, .T. ) ;
#573 = DIRECTION ( 'NONE',  ( -0.5773502691896246208, 0.5773502691896246208, -0.5773502691896281735 ) ) ;
#574 = DIRECTION ( 'NONE',  ( -1.000000000000000000, 0.000000000000000000, -0.000000000000000000 ) ) ;
#575 = CIRCLE ( 'NONE', #1987, 0.6999999999999992895 ) ;
#576 = CARTESIAN_POINT ( 'NONE',  ( -79.18415127385816277, 0.2111243897797783209, -10.00000000000004263 ) ) ;
#577 = DIRECTION ( 'NONE',  ( -5.491332302994390974E-16, -0.7071067811865457964, 0.7071067811865493491 ) ) ;
#578 = DIRECTION ( 'NONE',  ( -0.000000000000000000, -0.000000000000000000, -1.000000000000000000 ) ) ;
#579 = VECTOR ( 'NONE', #574, 1000.000000000000000 ) ;
#580 = LINE ( 'NONE', #2340, #776 ) ;
#581 = CARTESIAN_POINT ( 'NONE',  ( -76.19999999999998863, 0.000000000000000000, 10.00000000000000000 ) ) ;
#582 = DIRECTION ( 'NONE',  ( -1.000000000000000000, 0.000000000000000000, 0.000000000000000000 ) ) ;
#583 = CARTESIAN_POINT ( 'NONE',  ( 76.34189045398969142, -16.57381652982347475, 10.00000000000013323 ) ) ;
#584 = LINE ( 'NONE', #3907, #1537 ) ;
#585 = ORIENTED_EDGE ( 'NONE', *, *, #1141, .T. ) ;
#586 = DIRECTION ( 'NONE',  ( 1.000000000000000000, 1.210872717221404733E-21, 0.000000000000000000 ) ) ;
#587 = EDGE_CURVE ( 'NONE', #2956, #2215, #2711, .T. ) ;
#588 = CARTESIAN_POINT ( 'NONE',  ( 76.19999999999991758, -11.00000000000000000, -4.999999999999997335 ) ) ;
#589 = DIRECTION ( 'NONE',  ( 1.000000000000000000, 0.000000000000000000, 0.000000000000000000 ) ) ;
#590 = EDGE_CURVE ( 'NONE', #3265, #1891, #344, .T. ) ;
#591 = CARTESIAN_POINT ( 'NONE',  ( 75.19999999999998863, -1.000000000000000000, 9.300000000000000711 ) ) ;
#592 = EDGE_CURVE ( 'NONE', #1890, #2353, #435, .T. ) ;
#593 = CARTESIAN_POINT ( 'NONE',  ( 82.51597377796858268, -20.64712531177428190, 9.300000000000000711 ) ) ;
#594 = CARTESIAN_POINT ( 'NONE',  ( 80.74759230578762015, -18.96011064837350091, -9.300000000000002487 ) ) ;
#595 = ORIENTED_EDGE ( 'NONE', *, *, #402, .F. ) ;
#596 = DIRECTION ( 'NONE',  ( 1.000000000000000000, -1.785744754681999948E-15, 0.000000000000000000 ) ) ;
#597 = CARTESIAN_POINT ( 'NONE',  ( -76.89999999999999147, -16.00000000000001776, 10.00000000000000000 ) ) ;
#598 = EDGE_LOOP ( 'NONE', ( #996, #971, #1809, #3524 ) ) ;
#599 = DIRECTION ( 'NONE',  ( 0.000000000000000000, 1.000000000000000000, 0.000000000000000000 ) ) ;
#600 = CARTESIAN_POINT ( 'NONE',  ( -73.28206457580468225, 3.934458132298758848, 10.00000000000000178 ) ) ;
#601 = DIRECTION ( 'NONE',  ( 0.000000000000000000, 1.000000000000000000, 0.000000000000000000 ) ) ;
#602 = CARTESIAN_POINT ( 'NONE',  ( -81.64634317377391426, -21.61336514621106986, -10.00000000000000000 ) ) ;
#603 = CARTESIAN_POINT ( 'NONE',  ( 72.85645467590828162, 4.784907432885770362, -9.299999999999995381 ) ) ;
#604 = CARTESIAN_POINT ( 'NONE',  ( 81.17000999409918904, -22.12630442326143765, -9.300000000000000711 ) ) ;
#605 = CARTESIAN_POINT ( 'NONE',  ( 78.49999999999998579, 0.000000000000000000, 10.00000000000000000 ) ) ;
#606 = DIRECTION ( 'NONE',  ( -0.000000000000000000, 0.000000000000000000, 1.000000000000000000 ) ) ;
#607 = DIRECTION ( 'NONE',  ( -0.000000000000000000, -0.000000000000000000, -1.000000000000000000 ) ) ;
#608 = VERTEX_POINT ( 'NONE', #566 ) ;
#609 = CARTESIAN_POINT ( 'NONE',  ( -75.68097395201232302, 0.000000000000000000, 32.51902604798769403 ) ) ;
#610 = FACE_OUTER_BOUND ( 'NONE', #3664, .T. ) ;
#611 = CARTESIAN_POINT ( 'NONE',  ( 80.10903372605669404, -18.21930957873507495, 9.299999999999997158 ) ) ;
#612 = EDGE_CURVE ( 'NONE', #2501, #2497, #45, .T. ) ;
#613 = VECTOR ( 'NONE', #1948, 1000.000000000000000 ) ;
#614 = AXIS2_PLACEMENT_3D ( 'NONE', #3502, #3484, #1985 ) ;
#615 = CARTESIAN_POINT ( 'NONE',  ( -71.90143320448510167, 4.298566795514922489, 9.999999999999998224 ) ) ;
#616 = EDGE_LOOP ( 'NONE', ( #2277, #3508, #1213, #2328 ) ) ;
#617 = CARTESIAN_POINT ( 'NONE',  ( -79.20000000000000284, -1.939840529849406577E-14, 10.00000000000000178 ) ) ;
#618 = CARTESIAN_POINT ( 'NONE',  ( 79.98429842706163129, -18.05808229595784198, -9.300000000000002487 ) ) ;
#619 = EDGE_CURVE ( 'NONE', #2680, #3657, #2234, .T. ) ;
#620 = CARTESIAN_POINT ( 'NONE',  ( 70.37157287525380411, 5.000000000000000000, 0.000000000000000000 ) ) ;
#621 = DIRECTION ( 'NONE',  ( 0.000000000000000000, -3.469446951953614682E-16, 1.000000000000000000 ) ) ;
#622 = DIRECTION ( 'NONE',  ( 0.000000000000000000, 0.000000000000000000, 1.000000000000000000 ) ) ;
#623 = PLANE ( 'NONE',  #3254 ) ;
#624 = CARTESIAN_POINT ( 'NONE',  ( 70.37157287525380411, 5.000000000000000000, -35.00000000000000711 ) ) ;
#625 = PLANE ( 'NONE',  #2468 ) ;
#626 = ORIENTED_EDGE ( 'NONE', *, *, #3447, .F. ) ;
#627 = DIRECTION ( 'NONE',  ( 0.7071067811865447972, 0.7071067811865502373, -4.126230282176022267E-15 ) ) ;
#628 = CARTESIAN_POINT ( 'NONE',  ( 82.05013230893472098, -21.16961141276489755, -10.00000000000000000 ) ) ;
#629 = AXIS2_PLACEMENT_3D ( 'NONE', #2836, #1288, #3461 ) ;
#630 = CARTESIAN_POINT ( 'NONE',  ( -82.51597377796858268, -20.64712531177430321, 9.300000000000000711 ) ) ;
#631 = CARTESIAN_POINT ( 'NONE',  ( -73.60105803131490632, 3.827887363854971969, -10.00000000000000000 ) ) ;
#632 = VERTEX_POINT ( 'NONE', #2704 ) ;
#633 = CARTESIAN_POINT ( 'NONE',  ( 81.17000999409918904, -22.12630442326143765, 9.300000000000000711 ) ) ;
#634 = FACE_OUTER_BOUND ( 'NONE', #1344, .T. ) ;
#635 = EDGE_CURVE ( 'NONE', #2021, #221, #2722, .T. ) ;
#636 = EDGE_CURVE ( 'NONE', #3408, #2169, #2045, .T. ) ;
#637 = CARTESIAN_POINT ( 'NONE',  ( 78.49999999999998579, 0.000000000000000000, -10.00000000000000000 ) ) ;
#638 = CARTESIAN_POINT ( 'NONE',  ( 71.78578643762689637, 4.414213562373098476, -35.00000000000000711 ) ) ;
#639 = CARTESIAN_POINT ( 'NONE',  ( 76.68734767856552992, -17.22847703739037328, -9.300000000000000711 ) ) ;
#640 = DIRECTION ( 'NONE',  ( 0.000000000000000000, 0.000000000000000000, -1.000000000000000000 ) ) ;
#641 = DIRECTION ( 'NONE',  ( -1.000000000000000000, 0.000000000000000000, -0.000000000000000000 ) ) ;
#642 = TOROIDAL_SURFACE ( 'NONE', #1226, 1.700000000000000178, 0.6999999999999999556 ) ;
#643 = DIRECTION ( 'NONE',  ( 0.000000000000000000, -0.000000000000000000, 1.000000000000000000 ) ) ;
#644 = EDGE_LOOP ( 'NONE', ( #285, #3225, #1139, #759, #379 ) ) ;
#645 = CYLINDRICAL_SURFACE ( 'NONE', #2143, 2.000000000000001776 ) ;
#646 = AXIS2_PLACEMENT_3D ( 'NONE', #570, #3564, #2373 ) ;
#647 = VECTOR ( 'NONE', #2163, 1000.000000000000000 ) ;
#648 = CARTESIAN_POINT ( 'NONE',  ( -82.05013230893472098, -21.16961141276491887, 10.00000000000000000 ) ) ;
#649 = CYLINDRICAL_SURFACE ( 'NONE', #3510, 1.999999999999998224 ) ;
#650 = AXIS2_PLACEMENT_3D ( 'NONE', #2986, #3918, #2684 ) ;
#651 = CARTESIAN_POINT ( 'NONE',  ( -78.49999999999998579, 0.000000000000000000, 9.300000000000000711 ) ) ;
#652 = CYLINDRICAL_SURFACE ( 'NONE', #3270, 0.6999999999999992895 ) ;
#653 = ORIENTED_EDGE ( 'NONE', *, *, #3560, .F. ) ;
#654 = CARTESIAN_POINT ( 'NONE',  ( -77.38362304938162595, 2.572613053699677188, 10.00000000000000178 ) ) ;
#655 = CARTESIAN_POINT ( 'NONE',  ( -79.43791776423054785, -19.45709261860103467, -10.00000000000000000 ) ) ;
#656 = DIRECTION ( 'NONE',  ( -0.7071067811865485719, 0.7071067811865464625, 0.000000000000000000 ) ) ;
#657 = CARTESIAN_POINT ( 'NONE',  ( 70.56432550960842320, 2.807247365645368031, 31.36432550960841681 ) ) ;
#658 = CARTESIAN_POINT ( 'NONE',  ( -79.35947527054479167, -20.40467478730104389, 10.00000000000000178 ) ) ;
#659 = CARTESIAN_POINT ( 'NONE',  ( -78.49999999999998579, -1.939840529849406577E-14, -10.00000000000000000 ) ) ;
#660 = CARTESIAN_POINT ( 'NONE',  ( -81.85048596506307206, -21.39353402747518373, 10.00000000000000000 ) ) ;
#661 = CARTESIAN_POINT ( 'NONE',  ( 78.69329423748300201, 1.259096843374912789, -10.00000000000064304 ) ) ;
#662 = EDGE_CURVE ( 'NONE', #3834, #764, #2414, .T. ) ;
#663 = CIRCLE ( 'NONE', #1993, 1.000000000000000888 ) ;
#664 = DIRECTION ( 'NONE',  ( -1.000000000000000000, 0.000000000000000000, 9.106159978880878627E-17 ) ) ;
#665 = CARTESIAN_POINT ( 'NONE',  ( 79.19999999999998863, 0.000000000000000000, 10.00000000000000000 ) ) ;
#666 = DIRECTION ( 'NONE',  ( 0.000000000000000000, 3.469446951953614682E-16, -1.000000000000000000 ) ) ;
#667 = CARTESIAN_POINT ( 'NONE',  ( -71.20000000000000284, 4.999999999999976907, -9.300000000000000711 ) ) ;
#668 = ORIENTED_EDGE ( 'NONE', *, *, #1235, .T. ) ;
#669 = DIRECTION ( 'NONE',  ( -0.000000000000000000, 0.000000000000000000, -1.000000000000000000 ) ) ;
#670 = ORIENTED_EDGE ( 'NONE', *, *, #3159, .T. ) ;
#671 = CARTESIAN_POINT ( 'NONE',  ( 78.27809805668202614, 1.753942161579132186, 9.300000000000325784 ) ) ;
#672 = CARTESIAN_POINT ( 'NONE',  ( -70.37157287525383254, 5.000000000000000000, -34.99999999999999289 ) ) ;
#673 = ORIENTED_EDGE ( 'NONE', *, *, #3795, .T. ) ;
#674 = CARTESIAN_POINT ( 'NONE',  ( -79.19999999999998863, -16.00000000000002132, 9.300000000000000711 ) ) ;
#675 = EDGE_LOOP ( 'NONE', ( #1999, #2090, #829, #1038, #2563, #1461, #1906, #3238, #2583 ) ) ;
#676 = CARTESIAN_POINT ( 'NONE',  ( -75.04989720845517809, 4.010145992614629229, 9.299999999999362998 ) ) ;
#677 = CARTESIAN_POINT ( 'NONE',  ( 79.19999999999998863, -16.21482120105098801, -9.299999999999529976 ) ) ;
#678 = CARTESIAN_POINT ( 'NONE',  ( 76.26526982287519729, -16.36716705275774686, 9.299999999999968736 ) ) ;
#679 = CARTESIAN_POINT ( 'NONE',  ( 75.55057213078667644, 3.743549971807149657, 9.299999999999997158 ) ) ;
#680 = DIRECTION ( 'NONE',  ( 0.000000000000000000, 0.000000000000000000, 1.000000000000000000 ) ) ;
#681 = DIRECTION ( 'NONE',  ( 0.000000000000000000, 1.000000000000000000, 3.469446951953614682E-16 ) ) ;
#682 = CARTESIAN_POINT ( 'NONE',  ( 78.82243179817538703, 1.078954171054857358, -9.300000000000167688 ) ) ;
#683 = CARTESIAN_POINT ( 'NONE',  ( -76.19999999999998863, -15.99999999999999645, -4.999999999999997335 ) ) ;
#684 = CARTESIAN_POINT ( 'NONE',  ( -76.90397447202600745, -16.03911787772057451, 10.00000000000000000 ) ) ;
#685 = DIRECTION ( 'NONE',  ( 0.000000000000000000, 0.000000000000000000, 1.000000000000000000 ) ) ;
#686 = EDGE_CURVE ( 'NONE', #2031, #632, #2912, .T. ) ;
#687 = CARTESIAN_POINT ( 'NONE',  ( -79.19999999999998863, -16.21531667742245020, -9.300000000001890754 ) ) ;
#688 = EDGE_CURVE ( 'NONE', #3536, #608, #1278, .T. ) ;
#689 = CARTESIAN_POINT ( 'NONE',  ( 78.99705996960122434, 0.7613689941788764903, 9.999999999999920064 ) ) ;
#690 = PLANE ( 'NONE',  #76 ) ;
#691 = ORIENTED_EDGE ( 'NONE', *, *, #3603, .T. ) ;
#692 = EDGE_CURVE ( 'NONE', #3935, #3575, #1304, .T. ) ;
#693 = ORIENTED_EDGE ( 'NONE', *, *, #2624, .T. ) ;
#694 = VECTOR ( 'NONE', #2001, 1000.000000000000000 ) ;
#695 = VERTEX_POINT ( 'NONE', #758 ) ;
#696 = CARTESIAN_POINT ( 'NONE',  ( -79.18416759116652770, 0.2108367352434750430, 9.999999999999758415 ) ) ;
#697 = DIRECTION ( 'NONE',  ( 0.7071067811865465735, 0.7071067811865485719, -6.439027471636208788E-17 ) ) ;
#698 = CARTESIAN_POINT ( 'NONE',  ( 76.38269842901272000, -16.66265449823826827, 9.300000000000135714 ) ) ;
#699 = CARTESIAN_POINT ( 'NONE',  ( -75.55057213078667644, 3.743549971807135890, -9.300000000000000711 ) ) ;
#700 = DIRECTION ( 'NONE',  ( 0.000000000000000000, 0.000000000000000000, -1.000000000000000000 ) ) ;
#701 = CARTESIAN_POINT ( 'NONE',  ( 71.63789256884506074, 4.999999954705113048, -9.999999999997415401 ) ) ;
#702 = ORIENTED_EDGE ( 'NONE', *, *, #1596, .F. ) ;
#703 = CARTESIAN_POINT ( 'NONE',  ( -71.19999999999998863, 4.820359442248925319, -9.768215816544451258 ) ) ;
#704 = CARTESIAN_POINT ( 'NONE',  ( -76.19999999999998863, -16.00000000000001776, -9.300000000000004263 ) ) ;
#705 = CARTESIAN_POINT ( 'NONE',  ( 81.64634317377391426, -21.61336514621104854, -10.00000000000000000 ) ) ;
#706 = CARTESIAN_POINT ( 'NONE',  ( 76.07755531005156513, 3.451511084006203767, 9.300000000000000711 ) ) ;
#707 = CARTESIAN_POINT ( 'NONE',  ( -82.85048596506307206, -16.00000000000000000, 5.000000000000002665 ) ) ;
#708 = ORIENTED_EDGE ( 'NONE', *, *, #2723, .F. ) ;
#709 = EDGE_CURVE ( 'NONE', #2021, #548, #2002, .T. ) ;
#710 = AXIS2_PLACEMENT_3D ( 'NONE', #2698, #2412, #2435 ) ;
#711 = EDGE_CURVE ( 'NONE', #373, #304, #105, .T. ) ;
#712 = ORIENTED_EDGE ( 'NONE', *, *, #3543, .T. ) ;
#713 = AXIS2_PLACEMENT_3D ( 'NONE', #325, #3312, #1543 ) ;
#714 = CARTESIAN_POINT ( 'NONE',  ( 76.89999999999999147, -16.00000000000000000, -10.00000000000000000 ) ) ;
#715 = AXIS2_PLACEMENT_3D ( 'NONE', #2974, #238, #3504 ) ;
#716 = CARTESIAN_POINT ( 'NONE',  ( 76.21314539411996236, -16.15340997081288776, 9.299999999999998934 ) ) ;
#717 = CARTESIAN_POINT ( 'NONE',  ( 72.84458926353867980, 4.787554576822824259, 9.300000000000004263 ) ) ;
#718 = CARTESIAN_POINT ( 'NONE',  ( 78.69329424391168004, 1.259096848539857705, -9.300000000000322231 ) ) ;
#719 = AXIS2_PLACEMENT_3D ( 'NONE', #3482, #2238, #118 ) ;
#720 = CARTESIAN_POINT ( 'NONE',  ( -76.19999999999998863, -11.00000000000000000, -4.999999999999997335 ) ) ;
#721 = DIRECTION ( 'NONE',  ( 1.466751705137568575E-15, 0.7071067811865457964, -0.7071067811865492381 ) ) ;
#722 = AXIS2_PLACEMENT_3D ( 'NONE', #2773, #606, #557 ) ;
#723 = CARTESIAN_POINT ( 'NONE',  ( -72.04212292960441744, 4.938328126127243145, -9.299999999999521094 ) ) ;
#724 = CARTESIAN_POINT ( 'NONE',  ( 79.85555068973494031, -19.91004367392139685, -10.00000000000000000 ) ) ;
#725 = CARTESIAN_POINT ( 'NONE',  ( 77.37380310231371539, 2.580435193591982479, 9.300000000000641975 ) ) ;
#726 = CARTESIAN_POINT ( 'NONE',  ( -79.70173927504141886, -17.65849089544473571, 9.300000000000002487 ) ) ;
#727 = ORIENTED_EDGE ( 'NONE', *, *, #2346, .T. ) ;
#728 = ORIENTED_EDGE ( 'NONE', *, *, #3845, .F. ) ;
#729 = CARTESIAN_POINT ( 'NONE',  ( -76.34189045398971984, -16.57381652982338238, -9.999999999999728217 ) ) ;
#730 = EDGE_CURVE ( 'NONE', #2053, #3657, #2520, .T. ) ;
#731 = ADVANCED_FACE ( 'NONE', ( #3805 ), #652, .T. ) ;
#732 = CARTESIAN_POINT ( 'NONE',  ( -76.30723814204770861, 2.483358559358158857, 9.999999999999998224 ) ) ;
#733 = CARTESIAN_POINT ( 'NONE',  ( -76.36823472083804631, -16.64050638147073258, -9.300000000000000711 ) ) ;
#734 = CARTESIAN_POINT ( 'NONE',  ( 78.50707704371423290, 1.495941258429400733, 9.299999999999998934 ) ) ;
#735 = CARTESIAN_POINT ( 'NONE',  ( 71.20000000000000284, 5.000000000000000888, -10.00000000000000178 ) ) ;
#736 = AXIS2_PLACEMENT_3D ( 'NONE', #3181, #461, #3466 ) ;
#737 = EDGE_LOOP ( 'NONE', ( #1076, #1198, #840, #2227, #3101, #2742, #3639, #3542, #783, #1474, #1385, #691, #3343, #2973, #3908, #1840, #3427, #785, #449, #866 ) ) ;
#738 = CARTESIAN_POINT ( 'NONE',  ( 76.19999999999998863, -16.02615749005181200, -9.299999999999981171 ) ) ;
#739 = CARTESIAN_POINT ( 'NONE',  ( -70.37157287525383254, 5.000000000000000000, 0.000000000000000000 ) ) ;
#740 = LINE ( 'NONE', #3180, #2590 ) ;
#741 = CARTESIAN_POINT ( 'NONE',  ( 78.60208002073879641, -18.55047595178850983, -9.999999999999998224 ) ) ;
#742 = CARTESIAN_POINT ( 'NONE',  ( 72.04212293008879442, 4.938328130434491925, 9.999999999999680256 ) ) ;
#743 = DIRECTION ( 'NONE',  ( 0.000000000000000000, -3.469446951953614682E-16, 1.000000000000000000 ) ) ;
#744 = ORIENTED_EDGE ( 'NONE', *, *, #3606, .F. ) ;
#745 = VERTEX_POINT ( 'NONE', #54 ) ;
#746 = EDGE_LOOP ( 'NONE', ( #2204, #788, #749, #3330 ) ) ;
#747 = CARTESIAN_POINT ( 'NONE',  ( -76.20005828962548833, -16.02558957833586462, -10.00000000000002842 ) ) ;
#748 = CARTESIAN_POINT ( 'NONE',  ( -78.47869044953124273, 0.1703532212947850566, 10.00000000000000355 ) ) ;
#749 = ORIENTED_EDGE ( 'NONE', *, *, #3679, .F. ) ;
#750 = CARTESIAN_POINT ( 'NONE',  ( -71.46293173791165998, 4.993273452548759650, -9.300000000000000711 ) ) ;
#751 = EDGE_CURVE ( 'NONE', #3935, #2936, #3695, .T. ) ;
#752 = DIRECTION ( 'NONE',  ( 0.000000000000000000, 0.000000000000000000, -1.000000000000000000 ) ) ;
#753 = VERTEX_POINT ( 'NONE', #1150 ) ;
#754 = CARTESIAN_POINT ( 'NONE',  ( 76.90132095615993535, -16.01974130050320255, -10.00000000000000000 ) ) ;
#755 = EDGE_CURVE ( 'NONE', #2864, #3080, #1561, .T. ) ;
#756 = CARTESIAN_POINT ( 'NONE',  ( 71.78578643762689637, 4.414213562373096700, 31.17157287525377996 ) ) ;
#757 = DIRECTION ( 'NONE',  ( 0.000000000000000000, -3.469446951953614682E-16, 1.000000000000000000 ) ) ;
#758 = CARTESIAN_POINT ( 'NONE',  ( -75.19999999999998863, 0.000000000000000000, 9.300000000000000711 ) ) ;
#759 = ORIENTED_EDGE ( 'NONE', *, *, #1277, .F. ) ;
#760 = DIRECTION ( 'NONE',  ( 1.000000000000000000, -0.000000000000000000, -0.000000000000000000 ) ) ;
#761 = DIRECTION ( 'NONE',  ( 0.000000000000000000, 1.000000000000000000, 0.000000000000000000 ) ) ;
#762 = DIRECTION ( 'NONE',  ( -0.7071067811865465735, -0.7071067811865483499, 0.000000000000000000 ) ) ;
#763 = ORIENTED_EDGE ( 'NONE', *, *, #443, .T. ) ;
#764 = VERTEX_POINT ( 'NONE', #1132 ) ;
#765 = EDGE_LOOP ( 'NONE', ( #940, #3429, #3809, #2249 ) ) ;
#766 = CARTESIAN_POINT ( 'NONE',  ( 79.19999999999998863, -16.00000000000000000, 9.300000000000000711 ) ) ;
#767 = VECTOR ( 'NONE', #3554, 1000.000000000000000 ) ;
#768 = AXIS2_PLACEMENT_3D ( 'NONE', #1186, #2094, #918 ) ;
#769 = CIRCLE ( 'NONE', #3022, 0.7000000000000007327 ) ;
#770 = ORIENTED_EDGE ( 'NONE', *, *, #443, .F. ) ;
#771 = CARTESIAN_POINT ( 'NONE',  ( -71.61944700797414498, 4.983715482915418882, -9.300000000000000711 ) ) ;
#772 = FACE_OUTER_BOUND ( 'NONE', #564, .T. ) ;
#773 = CARTESIAN_POINT ( 'NONE',  ( 76.19999999999998863, -16.00000000000000000, -10.00000000000000178 ) ) ;
#774 = CARTESIAN_POINT ( 'NONE',  ( -76.26559498972534357, -16.36818361777643460, 9.999999999999900524 ) ) ;
#775 = DIRECTION ( 'NONE',  ( 0.000000000000000000, 0.000000000000000000, -1.000000000000000000 ) ) ;
#776 = VECTOR ( 'NONE', #3886, 1000.000000000000000 ) ;
#777 = EDGE_CURVE ( 'NONE', #2514, #895, #2099, .T. ) ;
#778 = CARTESIAN_POINT ( 'NONE',  ( -80.98754635860514384, -19.20751318356212423, -10.00000000000093081 ) ) ;
#779 = DIRECTION ( 'NONE',  ( -0.000000000000000000, 0.000000000000000000, -1.000000000000000000 ) ) ;
#780 = EDGE_CURVE ( 'NONE', #974, #221, #580, .T. ) ;
#781 = CARTESIAN_POINT ( 'NONE',  ( 78.19363231963865246, -18.08384950462478713, 10.00000000000000000 ) ) ;
#782 = CARTESIAN_POINT ( 'NONE',  ( -71.69720890049981676, 4.502791099500194960, -9.966590060928128381 ) ) ;
#783 = ORIENTED_EDGE ( 'NONE', *, *, #486, .T. ) ;
#784 = FACE_OUTER_BOUND ( 'NONE', #2635, .T. ) ;
#785 = ORIENTED_EDGE ( 'NONE', *, *, #3581, .T. ) ;
#786 = CARTESIAN_POINT ( 'NONE',  ( -76.94426825468241304, -16.18793277652989104, -9.999999999999994671 ) ) ;
#787 = CARTESIAN_POINT ( 'NONE',  ( -76.19999999999998863, -1.000000000000000000, -9.300000000000000711 ) ) ;
#788 = ORIENTED_EDGE ( 'NONE', *, *, #3319, .F. ) ;
#789 = CARTESIAN_POINT ( 'NONE',  ( -81.85048596506307206, -21.39353402747518373, 10.00000000000000000 ) ) ;
#790 = CARTESIAN_POINT ( 'NONE',  ( -79.19999999999998863, -1.939840445088316431E-14, 10.00000000000000000 ) ) ;
#791 = AXIS2_PLACEMENT_3D ( 'NONE', #2649, #858, #2911 ) ;
#792 = CARTESIAN_POINT ( 'NONE',  ( -78.42030848455490855, 1.598812621630881559, -10.00000000000016342 ) ) ;
#793 = FACE_OUTER_BOUND ( 'NONE', #2582, .T. ) ;
#794 = CARTESIAN_POINT ( 'NONE',  ( -80.48662534058385631, -19.69671123398798684, -10.00000000000000000 ) ) ;
#795 = TOROIDAL_SURFACE ( 'NONE', #3912, 0.3000000000000026534, 0.6999999999999999556 ) ;
#796 = AXIS2_PLACEMENT_3D ( 'NONE', #316, #2145, #7 ) ;
#797 = CARTESIAN_POINT ( 'NONE',  ( 4.257799940931071912E-15, 5.000000000000000000, 31.17157287525379061 ) ) ;
#798 = CARTESIAN_POINT ( 'NONE',  ( 77.01738205567856710, -16.36690840176231632, 10.00000000000000178 ) ) ;
#799 = CARTESIAN_POINT ( 'NONE',  ( 77.65873854138281729, -18.53645353296865395, 10.00000000000000178 ) ) ;
#800 = CARTESIAN_POINT ( 'NONE',  ( 76.19999999999998863, -16.00000000000000000, 10.00000000000000000 ) ) ;
#801 = ORIENTED_EDGE ( 'NONE', *, *, #2102, .F. ) ;
#802 = CARTESIAN_POINT ( 'NONE',  ( 78.27005400860953443, 0.6372158987213751846, 10.00000000000000178 ) ) ;
#803 = ADVANCED_FACE ( 'NONE', ( #3826 ), #1794, .T. ) ;
#804 = ORIENTED_EDGE ( 'NONE', *, *, #986, .T. ) ;
#805 = EDGE_LOOP ( 'NONE', ( #2879, #3449, #2798, #3003, #3264, #3693 ) ) ;
#806 = CARTESIAN_POINT ( 'NONE',  ( -76.28402513417891839, -16.42102163270112669, -9.300000000000098410 ) ) ;
#807 = EDGE_CURVE ( 'NONE', #2172, #3735, #26, .T. ) ;
#808 = ORIENTED_EDGE ( 'NONE', *, *, #3916, .F. ) ;
#809 = CARTESIAN_POINT ( 'NONE',  ( 76.19999999999998863, 0.000000000000000000, -35.00000000000000711 ) ) ;
#810 = DIRECTION ( 'NONE',  ( 1.000000000000000000, 0.000000000000000000, 0.000000000000000000 ) ) ;
#811 = CARTESIAN_POINT ( 'NONE',  ( 76.34291334773938331, -16.57628017583984104, -9.300000000000206768 ) ) ;
#812 = CARTESIAN_POINT ( 'NONE',  ( -74.08109308429853002, 3.669003380619923149, 10.00000000000000000 ) ) ;
#813 = CARTESIAN_POINT ( 'NONE',  ( -77.98469599325640900, 2.048085072614888258, -9.999999999999841904 ) ) ;
#814 = CARTESIAN_POINT ( 'NONE',  ( -76.19999999999998863, -1.000000000000000000, 9.300000000000000711 ) ) ;
#815 = FACE_OUTER_BOUND ( 'NONE', #3004, .T. ) ;
#816 = CARTESIAN_POINT ( 'NONE',  ( 82.05013230893472098, -21.16961141276489755, 10.00000000000000000 ) ) ;
#817 = CYLINDRICAL_SURFACE ( 'NONE', #147, 1.000000000000000888 ) ;
#818 = CARTESIAN_POINT ( 'NONE',  ( -81.79068978609471685, -19.99104616970502946, -9.299999999999998934 ) ) ;
#819 = VERTEX_POINT ( 'NONE', #1548 ) ;
#820 = CARTESIAN_POINT ( 'NONE',  ( 76.19999999999991758, -11.00000000000000355, 5.000000000000002665 ) ) ;
#821 = EDGE_LOOP ( 'NONE', ( #3064, #3154, #1201, #1673 ) ) ;
#822 = FACE_OUTER_BOUND ( 'NONE', #2557, .T. ) ;
#823 = CARTESIAN_POINT ( 'NONE',  ( -76.87601314842264344, -17.50514883294587776, 9.300000000000000711 ) ) ;
#824 = EDGE_CURVE ( 'NONE', #1829, #3764, #1493, .T. ) ;
#825 = ORIENTED_EDGE ( 'NONE', *, *, #2943, .T. ) ;
#826 = CARTESIAN_POINT ( 'NONE',  ( -79.19999999999998863, -16.00000000000002132, -9.300000000000000711 ) ) ;
#827 = CARTESIAN_POINT ( 'NONE',  ( -81.64634317377391426, -21.61336514621106986, 10.00000000000000000 ) ) ;
#828 = EDGE_CURVE ( 'NONE', #375, #3186, #44, .T. ) ;
#829 = ORIENTED_EDGE ( 'NONE', *, *, #2400, .T. ) ;
#830 = VECTOR ( 'NONE', #3384, 1000.000000000000000 ) ;
#831 = CARTESIAN_POINT ( 'NONE',  ( 81.64634317377391426, -21.61336514621104854, 9.300000000000000711 ) ) ;
#832 = CARTESIAN_POINT ( 'NONE',  ( 72.29671371048189599, 4.190308308073482202, -10.00000000000000000 ) ) ;
#833 = CARTESIAN_POINT ( 'NONE',  ( 76.59832306396030788, -17.06902882578623704, -10.00000000000039968 ) ) ;
#834 = CARTESIAN_POINT ( 'NONE',  ( -77.50384604326887938, 1.538949074493541236, -10.00000000000000178 ) ) ;
#835 = CARTESIAN_POINT ( 'NONE',  ( 78.49999999999998579, 0.000000000000000000, 10.00000000000000000 ) ) ;
#836 = DIRECTION ( 'NONE',  ( 1.000000000000000000, 0.000000000000000000, 0.000000000000000000 ) ) ;
#837 = CARTESIAN_POINT ( 'NONE',  ( 79.18415127385786434, 0.2111243897796286906, 10.00000000000024514 ) ) ;
#838 = AXIS2_PLACEMENT_3D ( 'NONE', #2570, #1370, #3784 ) ;
#839 = CARTESIAN_POINT ( 'NONE',  ( 80.11468476898707536, -19.30994215649360513, 9.999999999999998224 ) ) ;
#840 = ORIENTED_EDGE ( 'NONE', *, *, #2603, .F. ) ;
#841 = DIRECTION ( 'NONE',  ( 0.000000000000000000, -1.000000000000000000, 0.000000000000000000 ) ) ;
#842 = ORIENTED_EDGE ( 'NONE', *, *, #1569, .T. ) ;
#843 = DIRECTION ( 'NONE',  ( 9.106159978880878627E-17, -0.000000000000000000, 1.000000000000000000 ) ) ;
#844 = ORIENTED_EDGE ( 'NONE', *, *, #3728, .T. ) ;
#845 = CARTESIAN_POINT ( 'NONE',  ( -76.27863594137072312, -16.40815643323439588, 9.299999999999998934 ) ) ;
#846 = CIRCLE ( 'NONE', #526, 0.6999999999999992895 ) ;
#847 = CARTESIAN_POINT ( 'NONE',  ( 79.81018791672002521, -17.82852484345560740, -9.300000000000002487 ) ) ;
#848 = EDGE_LOOP ( 'NONE', ( #1914, #1059, #3285, #993, #1580, #3755, #3332, #2489 ) ) ;
#849 = CARTESIAN_POINT ( 'NONE',  ( -82.51597377796858268, -20.64712531177430321, 9.300000000000000711 ) ) ;
#850 = CARTESIAN_POINT ( 'NONE',  ( 79.40714013529449744, -17.04907555821249332, -10.00000000000000178 ) ) ;
#851 = ADVANCED_FACE ( 'NONE', ( #369 ), #1388, .T. ) ;
#852 = EDGE_CURVE ( 'NONE', #144, #1924, #3194, .T. ) ;
#853 = FACE_OUTER_BOUND ( 'NONE', #2314, .T. ) ;
#854 = EDGE_CURVE ( 'NONE', #2286, #1234, #1670, .T. ) ;
#855 = CARTESIAN_POINT ( 'NONE',  ( -72.67427217896830882, 4.107434393844318521, 9.999999999999991118 ) ) ;
#856 = CARTESIAN_POINT ( 'NONE',  ( -73.21208441432145264, 4.687408757671263970, -9.999999999999038991 ) ) ;
#857 = CARTESIAN_POINT ( 'NONE',  ( 78.98172697651605745, 0.8060647603042060405, -9.299999999999995381 ) ) ;
#858 = DIRECTION ( 'NONE',  ( 0.7464087157008768569, -0.6654878129055165070, 0.000000000000000000 ) ) ;
#859 = ORIENTED_EDGE ( 'NONE', *, *, #953, .T. ) ;
#860 = CARTESIAN_POINT ( 'NONE',  ( 79.19999999999998863, 0.000000000000000000, -9.300000000000000711 ) ) ;
#861 = CARTESIAN_POINT ( 'NONE',  ( 79.19999999999998863, 0.000000000000000000, 9.300000000000000711 ) ) ;
#862 = CARTESIAN_POINT ( 'NONE',  ( -81.85048596506307206, -21.39353402747518373, 10.00000000000000000 ) ) ;
#863 = ORIENTED_EDGE ( 'NONE', *, *, #2057, .F. ) ;
#864 = CARTESIAN_POINT ( 'NONE',  ( 73.60105803131489211, 3.827887363854989289, 9.999999999999996447 ) ) ;
#865 = ORIENTED_EDGE ( 'NONE', *, *, #1334, .F. ) ;
#866 = ORIENTED_EDGE ( 'NONE', *, *, #3119, .T. ) ;
#867 = CARTESIAN_POINT ( 'NONE',  ( 76.19999999999998863, 0.000000000000000000, 36.99999999999998579 ) ) ;
#868 = ORIENTED_EDGE ( 'NONE', *, *, #1206, .F. ) ;
#869 = DIRECTION ( 'NONE',  ( -0.6804759709638779075, -0.7327703957862706785, 0.000000000000000000 ) ) ;
#870 = CARTESIAN_POINT ( 'NONE',  ( -76.20000000000001705, 0.000000000000000000, 31.36432550960844523 ) ) ;
#871 = CARTESIAN_POINT ( 'NONE',  ( -76.98605117725273317, -16.29809324951144589, 10.00000000000000000 ) ) ;
#872 = ORIENTED_EDGE ( 'NONE', *, *, #2701, .F. ) ;
#873 = CARTESIAN_POINT ( 'NONE',  ( -78.98094909856807533, 0.8072139123588704113, -9.299999999999998934 ) ) ;
#874 = CARTESIAN_POINT ( 'NONE',  ( 79.35947527053620831, -20.40467478730102258, -10.00000000000107470 ) ) ;
#875 =( BOUNDED_SURFACE ( )  B_SPLINE_SURFACE ( 3, 2, ( 
 ( #914, #1199, #3041 ),
 ( #1826, #1536, #2759 ),
 ( #13, #3611, #2042 ),
 ( #1773, #885, #497 ),
 ( #3317, #1415, #2994 ),
 ( #2654, #2633, #1112 ),
 ( #3539, #799, #520 ),
 ( #2023, #2691, #3847 ),
 ( #1135, #2082, #3556 ),
 ( #1739, #1472, #2383 ),
 ( #239, #3297, #1453 ),
 ( #2671, #2254, #698 ),
 ( #3033, #583, #129 ),
 ( #1797, #1919, #3144 ),
 ( #1025, #3703, #678 ),
 ( #2546, #1874, #3740 ),
 ( #3456, #2525, #2852 ),
 ( #1623, #1635, #85 ),
 ( #384, #3161, #716 ),
 ( #108, #979, #1944 ),
 ( #3723, #3759, #425 ),
 ( #1284, #3680, #3393 ),
 ( #346, #1045, #2192 ),
 ( #1895, #954, #1350 ),
 ( #1563, #3124, #2790 ),
 ( #61, #39, #1263 ) ),
 .UNSPECIFIED., .F., .F., .T. ) 
 B_SPLINE_SURFACE_WITH_KNOTS ( ( 4, 2, 2, 2, 2, 2, 2, 2, 2, 2, 2, 2, 4 ),
 ( 3, 3 ),
 ( 0.000000000000000000, 0.001851808431070952948, 0.003703616862141905896, 0.005555425293212858627, 0.006481329508748335209, 0.006944281616516073501, 0.007175757670399942646, 0.007291495697341877219, 0.007349364710812844939, 0.007378299217548327932, 0.007392766470916070295, 0.007400000097599940610, 0.007407233724283811792 ),
 ( 0.000000000000000000, 1.000000000000000000 ),
 .UNSPECIFIED. ) 
 GEOMETRIC_REPRESENTATION_ITEM ( )  RATIONAL_B_SPLINE_SURFACE ( (
 ( 1.000000000000000000, 0.7071067811865462405, 1.000000000000000000),
 ( 1.000000000000000000, 0.7071067811865462405, 1.000000000000000000),
 ( 1.000000000000000000, 0.7071067811865475727, 1.000000000000000000),
 ( 1.000000000000000000, 0.7071067811865475727, 1.000000000000000000),
 ( 1.000000000000000000, 0.7071067811865475727, 1.000000000000000000),
 ( 1.000000000000000000, 0.7071067811865475727, 1.000000000000000000),
 ( 1.000000000000000000, 0.7071067811865475727, 1.000000000000000000),
 ( 1.000000000000000000, 0.7071067811865475727, 1.000000000000000000),
 ( 1.000000000000000000, 0.7071067811865475727, 1.000000000000000000),
 ( 1.000000000000000000, 0.7071067811865475727, 1.000000000000000000),
 ( 1.000000000000000000, 0.7071067811865475727, 1.000000000000000000),
 ( 1.000000000000000000, 0.7071067811865475727, 1.000000000000000000),
 ( 1.000000000000000000, 0.7071067811865475727, 1.000000000000000000),
 ( 1.000000000000000000, 0.7071067811865475727, 1.000000000000000000),
 ( 1.000000000000000000, 0.7071067811865475727, 1.000000000000000000),
 ( 1.000000000000000000, 0.7071067811865475727, 1.000000000000000000),
 ( 1.000000000000000000, 0.7071067811865475727, 1.000000000000000000),
 ( 1.000000000000000000, 0.7071067811865475727, 1.000000000000000000),
 ( 1.000000000000000000, 0.7071067811865475727, 1.000000000000000000),
 ( 1.000000000000000000, 0.7071067811865475727, 1.000000000000000000),
 ( 1.000000000000000000, 0.7071067811865475727, 1.000000000000000000),
 ( 1.000000000000000000, 0.7071067811865475727, 1.000000000000000000),
 ( 1.000000000000000000, 0.7071067811865466846, 1.000000000000000000),
 ( 1.000000000000000000, 0.7071067811865466846, 1.000000000000000000),
 ( 1.000000000000000000, 0.7071067811865457964, 1.000000000000000000),
 ( 1.000000000000000000, 0.7071067811865457964, 1.000000000000000000) ) ) 
 REPRESENTATION_ITEM ( '' )  SURFACE ( )  );
#876 = EDGE_CURVE ( 'NONE', #1742, #2514, #1850, .T. ) ;
#877 = CARTESIAN_POINT ( 'NONE',  ( -79.12499254731740450, 0.4471880680281573595, -10.00000000000003730 ) ) ;
#878 = CARTESIAN_POINT ( 'NONE',  ( 78.79432160815319719, -19.79781564247351255, 9.300000000000002487 ) ) ;
#879 = CARTESIAN_POINT ( 'NONE',  ( 78.47267757527835386, 0.1853322826088326658, -10.00000000000000533 ) ) ;
#880 = AXIS2_PLACEMENT_3D ( 'NONE', #1387, #3327, #752 ) ;
#881 = EDGE_CURVE ( 'NONE', #2169, #502, #1289, .T. ) ;
#882 = ORIENTED_EDGE ( 'NONE', *, *, #2748, .T. ) ;
#883 = CARTESIAN_POINT ( 'NONE',  ( -70.98125758013242148, 0.000000000000000000, 37.00000000000002842 ) ) ;
#884 = FACE_OUTER_BOUND ( 'NONE', #2887, .T. ) ;
#885 = CARTESIAN_POINT ( 'NONE',  ( 79.37085546912915390, -20.39061501058303350, 10.00000000000107292 ) ) ;
#886 = LINE ( 'NONE', #2735, #1652 ) ;
#887 = ORIENTED_EDGE ( 'NONE', *, *, #2772, .T. ) ;
#888 = DIRECTION ( 'NONE',  ( 0.7071067811865465735, -0.7071067811865485719, 9.462988938997772886E-16 ) ) ;
#889 = CARTESIAN_POINT ( 'NONE',  ( -82.51597377796858268, -20.64712531177430321, -9.300000000000000711 ) ) ;
#890 = EDGE_LOOP ( 'NONE', ( #256, #1954, #3170, #3309 ) ) ;
#891 = CYLINDRICAL_SURFACE ( 'NONE', #1404, 0.6999999999999992895 ) ;
#892 = CARTESIAN_POINT ( 'NONE',  ( -81.79097867632985697, -19.99130943011332917, 9.300000000000000711 ) ) ;
#893 = EDGE_LOOP ( 'NONE', ( #1748, #1279, #124, #825 ) ) ;
#894 = CARTESIAN_POINT ( 'NONE',  ( 76.19999999999998863, -17.51098099332689628, 9.300000000000000711 ) ) ;
#895 = VERTEX_POINT ( 'NONE', #2545 ) ;
#896 = CARTESIAN_POINT ( 'NONE',  ( 71.71902604798768266, 0.000000000000000000, 36.48097395201229887 ) ) ;
#897 = CARTESIAN_POINT ( 'NONE',  ( 76.38389695300622861, -16.66522958580167568, -9.299999999999933209 ) ) ;
#898 = VECTOR ( 'NONE', #2322, 1000.000000000000000 ) ;
#899 = CARTESIAN_POINT ( 'NONE',  ( -82.05013230893472098, -21.16961141276491887, 9.300000000000000711 ) ) ;
#900 = CARTESIAN_POINT ( 'NONE',  ( 79.18305491176727173, 0.2098791574649509495, -9.299999999999998934 ) ) ;
#901 = CARTESIAN_POINT ( 'NONE',  ( 75.50589675428882686, -4.755382578733916278E-33, 9.556041806759537849 ) ) ;
#902 = DIRECTION ( 'NONE',  ( -0.000000000000000000, -0.000000000000000000, -1.000000000000000000 ) ) ;
#903 = DIRECTION ( 'NONE',  ( -0.000000000000000000, 0.000000000000000000, 1.000000000000000000 ) ) ;
#904 = CARTESIAN_POINT ( 'NONE',  ( 79.19999999999998863, 0.000000000000000000, -9.300000000000000711 ) ) ;
#905 = AXIS2_PLACEMENT_3D ( 'NONE', #3296, #312, #3924 ) ;
#906 = B_SPLINE_CURVE_WITH_KNOTS ( 'NONE', 3,
 ( #2096, #1791, #3274, #900, #3338, #3029, #290, #857, #2971, #1171, #2668, #2648, #269, #3841, #1507, #1148, #2732, #3921, #1207, #2423, #603, #3252, #2988, #1127 ),
 .UNSPECIFIED., .F., .F.,
 ( 4, 2, 2, 2, 2, 2, 2, 2, 2, 2, 2, 4 ),
 ( -5.999999993836561576E-08, 0.0001565077229129618441, 0.0003130754458258620202, 0.0006262108916516719677, 0.001252481783303291754, 0.001878752674954911432, 0.002505023566606530677, 0.003757565349909770900, 0.005010107133213010690, 0.007515190699819489402, 0.008767732483122727891, 0.01002027426642596725 ),
 .UNSPECIFIED. ) ;
#907 = CARTESIAN_POINT ( 'NONE',  ( 71.20000000000000284, 4.999999999999997335, 9.300000000000000711 ) ) ;
#908 = EDGE_CURVE ( 'NONE', #2248, #2044, #3709, .T. ) ;
#909 = EDGE_LOOP ( 'NONE', ( #2455, #3490, #1196, #1215, #56 ) ) ;
#910 = CARTESIAN_POINT ( 'NONE',  ( 70.37157287525380411, 3.000000000000000000, 0.000000000000000000 ) ) ;
#911 = ADVANCED_FACE ( 'NONE', ( #107 ), #1169, .F. ) ;
#912 = CARTESIAN_POINT ( 'NONE',  ( 78.50000000000000000, -16.27169759387391323, -9.999999999999998224 ) ) ;
#913 = CARTESIAN_POINT ( 'NONE',  ( 82.15091773394729557, -20.32164633060302705, 9.300000000000004263 ) ) ;
#914 = CARTESIAN_POINT ( 'NONE',  ( 81.64634317377391426, -21.61336514621104499, 10.00000000000000000 ) ) ;
#915 = CARTESIAN_POINT ( 'NONE',  ( -79.81018791672003942, -17.82852484345563582, 9.300000000000007816 ) ) ;
#916 = ORIENTED_EDGE ( 'NONE', *, *, #2155, .F. ) ;
#917 = FACE_OUTER_BOUND ( 'NONE', #487, .T. ) ;
#918 = DIRECTION ( 'NONE',  ( 0.000000000000000000, -0.7071067811865462405, 0.7071067811865489050 ) ) ;
#919 = CARTESIAN_POINT ( 'NONE',  ( -81.64634317377391426, -21.61336514621106986, 9.300000000000000711 ) ) ;
#920 = LINE ( 'NONE', #983, #3072 ) ;
#921 = CARTESIAN_POINT ( 'NONE',  ( 78.99752033598799983, 0.7604826890909196502, -9.299999999999924327 ) ) ;
#922 = CARTESIAN_POINT ( 'NONE',  ( -71.37860243792582082, 0.000000000000000000, 36.82139756207423886 ) ) ;
#923 = CARTESIAN_POINT ( 'NONE',  ( -80.48377480114200466, -19.69383605397049664, 9.999999999999998224 ) ) ;
#924 = FACE_OUTER_BOUND ( 'NONE', #2413, .T. ) ;
#925 = VERTEX_POINT ( 'NONE', #787 ) ;
#926 = DIRECTION ( 'NONE',  ( 1.000000000000000000, 0.000000000000000000, -0.000000000000000000 ) ) ;
#927 = CARTESIAN_POINT ( 'NONE',  ( 75.19999999999998863, -1.000000000000000000, 10.00000000000000000 ) ) ;
#928 = CARTESIAN_POINT ( 'NONE',  ( -82.05013230893472098, -21.16961141276491887, 10.00000000000000000 ) ) ;
#929 = ORIENTED_EDGE ( 'NONE', *, *, #2012, .T. ) ;
#930 = EDGE_CURVE ( 'NONE', #2936, #753, #2054, .T. ) ;
#931 = CIRCLE ( 'NONE', #3417, 2.000000000000001776 ) ;
#932 = VECTOR ( 'NONE', #3075, 1000.000000000000000 ) ;
#933 = CARTESIAN_POINT ( 'NONE',  ( -71.67140452079105728, 4.528595479208968655, 31.05719095841793376 ) ) ;
#934 = EDGE_CURVE ( 'NONE', #3735, #3047, #3835, .T. ) ;
#935 = CARTESIAN_POINT ( 'NONE',  ( -76.41197408661693657, 3.250299542315185697, 9.300000000000002487 ) ) ;
#936 = CARTESIAN_POINT ( 'NONE',  ( 70.65256698312931860, 4.985191486767464930, 9.466256580493526585 ) ) ;
#937 = CARTESIAN_POINT ( 'NONE',  ( -71.20000000000000284, 4.999999999999976907, 10.00000000000000000 ) ) ;
#938 = CARTESIAN_POINT ( 'NONE',  ( 76.19999999999998863, 0.000000000000000000, -37.00000000000001421 ) ) ;
#939 = CARTESIAN_POINT ( 'NONE',  ( 76.87601314842262923, -17.50514883294584934, -9.300000000000002487 ) ) ;
#940 = ORIENTED_EDGE ( 'NONE', *, *, #2132, .T. ) ;
#941 = CARTESIAN_POINT ( 'NONE',  ( -76.20000000000001705, 0.000000000000000000, -9.939004000042356068 ) ) ;
#942 = CARTESIAN_POINT ( 'NONE',  ( 38.10000000000007248, 38.09999999999998721, 10.00000000000000000 ) ) ;
#943 = CARTESIAN_POINT ( 'NONE',  ( -76.19999999999998863, -16.00000000000001776, 10.00000000000000000 ) ) ;
#944 = ORIENTED_EDGE ( 'NONE', *, *, #55, .F. ) ;
#945 = DIRECTION ( 'NONE',  ( 0.000000000000000000, 0.7071067811865497932, 0.7071067811865454633 ) ) ;
#946 = DIRECTION ( 'NONE',  ( 1.000000000000000000, 0.000000000000000000, 0.000000000000000000 ) ) ;
#947 = CARTESIAN_POINT ( 'NONE',  ( 78.50000000000000000, -15.99999999999999645, -4.999999999999997335 ) ) ;
#948 = DIRECTION ( 'NONE',  ( 0.000000000000000000, 1.000000000000000000, 0.000000000000000000 ) ) ;
#949 = VERTEX_POINT ( 'NONE', #1997 ) ;
#950 = CARTESIAN_POINT ( 'NONE',  ( -76.95198037534485991, 2.020603715889347285, 10.00000000000000000 ) ) ;
#951 = CARTESIAN_POINT ( 'NONE',  ( -79.86918036273321775, -19.89893793028461388, -9.999999999999998224 ) ) ;
#952 = CIRCLE ( 'NONE', #2293, 0.6999999999999992895 ) ;
#953 = EDGE_CURVE ( 'NONE', #1688, #2288, #1798, .T. ) ;
#954 = CARTESIAN_POINT ( 'NONE',  ( 76.20082972024249557, -16.03795046175547867, 10.00000000000000888 ) ) ;
#955 = CARTESIAN_POINT ( 'NONE',  ( -80.25559434400466330, -21.27714637738410630, 9.300000000003215916 ) ) ;
#956 = CARTESIAN_POINT ( 'NONE',  ( -78.19363231963863825, -18.08384950462479424, -10.00000000000000711 ) ) ;
#957 = LINE ( 'NONE', #348, #571 ) ;
#958 = CARTESIAN_POINT ( 'NONE',  ( 77.46877796482407064, -18.31041521730535493, -9.299999999999998934 ) ) ;
#959 = ORIENTED_EDGE ( 'NONE', *, *, #780, .F. ) ;
#960 = CARTESIAN_POINT ( 'NONE',  ( 70.25719095841793660, 4.528595479208975760, 32.47140452079099759 ) ) ;
#961 = CARTESIAN_POINT ( 'NONE',  ( -76.19999999999998863, -16.00000000000001776, 9.300000000000000711 ) ) ;
#962 = AXIS2_PLACEMENT_3D ( 'NONE', #1990, #1434, #498 ) ;
#963 = CARTESIAN_POINT ( 'NONE',  ( -81.85048596506307206, -21.39353402747518373, -10.00000000000000000 ) ) ;
#964 = EDGE_LOOP ( 'NONE', ( #3320, #455, #2067, #74, #2109, #3381, #1654 ) ) ;
#965 = DIRECTION ( 'NONE',  ( -1.000000000000000000, -0.000000000000000000, -0.000000000000000000 ) ) ;
#966 = TOROIDAL_SURFACE ( 'NONE', #3822, 0.3000000000000026534, 0.6999999999999999556 ) ;
#967 = ORIENTED_EDGE ( 'NONE', *, *, #83, .F. ) ;
#968 = VECTOR ( 'NONE', #3635, 1000.000000000000000 ) ;
#969 = CARTESIAN_POINT ( 'NONE',  ( 75.39602210845488628, 3.822169359911215647, 9.300000000000000711 ) ) ;
#970 = DIRECTION ( 'NONE',  ( 1.000000000000000000, -0.000000000000000000, -9.106159978880878627E-17 ) ) ;
#971 = ORIENTED_EDGE ( 'NONE', *, *, #1381, .T. ) ;
#972 = CARTESIAN_POINT ( 'NONE',  ( -76.89999999999999147, -1.000000000000000000, -10.00000000000000000 ) ) ;
#973 = CARTESIAN_POINT ( 'NONE',  ( -79.19630642909133655, 0.1059657284249367060, 9.299999999999993605 ) ) ;
#974 = VERTEX_POINT ( 'NONE', #870 ) ;
#975 = CARTESIAN_POINT ( 'NONE',  ( -76.04085260363552834, 2.656296497315751903, 10.00000000000000178 ) ) ;
#976 = CARTESIAN_POINT ( 'NONE',  ( -78.19363231590087082, -18.08384950723447204, -9.999999999999998224 ) ) ;
#977 = PLANE ( 'NONE',  #3701 ) ;
#978 = VECTOR ( 'NONE', #3452, 1000.000000000000000 ) ;
#979 = CARTESIAN_POINT ( 'NONE',  ( 76.20745129949875718, -16.11286564575980762, 9.999999999999998224 ) ) ;
#980 = EDGE_CURVE ( 'NONE', #1040, #2353, #569, .T. ) ;
#981 = CARTESIAN_POINT ( 'NONE',  ( 71.25159544704582970, 5.000000000000000000, 9.300000000000002487 ) ) ;
#982 = EDGE_CURVE ( 'NONE', #3265, #1615, #1730, .T. ) ;
#983 = CARTESIAN_POINT ( 'NONE',  ( 76.19999999999998863, 0.000000000000000000, -9.300000000000000711 ) ) ;
#984 = CARTESIAN_POINT ( 'NONE',  ( 78.23607557836072601, 0.6925095623782119292, -10.00000000000000888 ) ) ;
#985 = DIRECTION ( 'NONE',  ( 0.000000000000000000, -1.000000000000000000, 0.000000000000000000 ) ) ;
#986 = EDGE_CURVE ( 'NONE', #1924, #444, #3936, .T. ) ;
#987 = CARTESIAN_POINT ( 'NONE',  ( -76.20759875991100785, -16.11401825201502547, 10.00000000000000355 ) ) ;
#988 = DIRECTION ( 'NONE',  ( 1.000000000000000000, -0.000000000000000000, -0.000000000000000000 ) ) ;
#989 =( BOUNDED_SURFACE ( )  B_SPLINE_SURFACE ( 3, 2, ( 
 ( #1608, #1639, #961 ),
 ( #135, #3687, #2182 ),
 ( #3730, #2838, #3110 ),
 ( #1291, #1356, #3401 ),
 ( #3130, #371, #1588 ),
 ( #2816, #2515, #3420 ),
 ( #3713, #987, #2198 ),
 ( #684, #93, #2533 ),
 ( #1319, #1007, #2036 ),
 ( #3250, #1656, #2666 ),
 ( #493, #2610, #1693 ),
 ( #2356, #774, #3500 ),
 ( #512, #475, #1732 ),
 ( #2928, #1373, #2968 ),
 ( #192, #1410, #230 ),
 ( #2318, #489, #2508 ),
 ( #1351, #3724, #1650 ),
 ( #385, #3457, #3126 ),
 ( #3395, #3436, #1959 ),
 ( #2483, #131, #1312 ),
 ( #62, #3162, #3681 ),
 ( #2868, #658, #2567 ),
 ( #109, #2812, #955 ),
 ( #1920, #1001, #1875 ) ),
 .UNSPECIFIED., .F., .F., .F. ) 
 B_SPLINE_SURFACE_WITH_KNOTS ( ( 4, 2, 2, 2, 2, 2, 2, 2, 2, 2, 2, 4 ),
 ( 3, 3 ),
 ( -3.252606517456513302E-18, 7.271136882699590237E-06, 1.454227376540243308E-05, 2.908454753080811877E-05, 5.816909506161949014E-05, 0.0001163381901232422329, 0.0002326763802464877184, 0.0004653527604929786894, 0.0009307055209859606314, 0.001861411041971924515, 0.003722822083943852067, 0.007445644167887707603 ),
 ( 0.000000000000000000, 1.000000000000000000 ),
 .UNSPECIFIED. ) 
 GEOMETRIC_REPRESENTATION_ITEM ( )  RATIONAL_B_SPLINE_SURFACE ( (
 ( 1.000000000000000000, 0.7071067811865475727, 1.000000000000000000),
 ( 1.000000000000000000, 0.7071067811865475727, 1.000000000000000000),
 ( 1.000000000000000000, 0.7071067811865475727, 1.000000000000000000),
 ( 1.000000000000000000, 0.7071067811865475727, 1.000000000000000000),
 ( 1.000000000000000000, 0.7071067811865475727, 1.000000000000000000),
 ( 1.000000000000000000, 0.7071067811865475727, 1.000000000000000000),
 ( 1.000000000000000000, 0.7071067811865475727, 1.000000000000000000),
 ( 1.000000000000000000, 0.7071067811865475727, 1.000000000000000000),
 ( 1.000000000000000000, 0.7071067811865475727, 1.000000000000000000),
 ( 1.000000000000000000, 0.7071067811865475727, 1.000000000000000000),
 ( 1.000000000000000000, 0.7071067811865475727, 1.000000000000000000),
 ( 1.000000000000000000, 0.7071067811865475727, 1.000000000000000000),
 ( 1.000000000000000000, 0.7071067811865475727, 1.000000000000000000),
 ( 1.000000000000000000, 0.7071067811865475727, 1.000000000000000000),
 ( 1.000000000000000000, 0.7071067811865475727, 1.000000000000000000),
 ( 1.000000000000000000, 0.7071067811865475727, 1.000000000000000000),
 ( 1.000000000000000000, 0.7071067811865475727, 1.000000000000000000),
 ( 1.000000000000000000, 0.7071067811865475727, 1.000000000000000000),
 ( 1.000000000000000000, 0.7071067811865475727, 1.000000000000000000),
 ( 1.000000000000000000, 0.7071067811865475727, 1.000000000000000000),
 ( 1.000000000000000000, 0.7071067811865475727, 1.000000000000000000),
 ( 1.000000000000000000, 0.7071067811865475727, 1.000000000000000000),
 ( 1.000000000000000000, 0.7071067811865475727, 1.000000000000000000),
 ( 1.000000000000000000, 0.7071067811865475727, 1.000000000000000000) ) ) 
 REPRESENTATION_ITEM ( '' )  SURFACE ( )  );
#990 = CARTESIAN_POINT ( 'NONE',  ( 80.74131198087633265, -20.77292183234226641, -10.00000000000000000 ) ) ;
#991 = CARTESIAN_POINT ( 'NONE',  ( 78.42030847727998832, 1.598812615782386315, 9.300000000000004263 ) ) ;
#992 = CARTESIAN_POINT ( 'NONE',  ( -70.92873576987793172, 4.926009459127569379, -9.624408355593411457 ) ) ;
#993 = ORIENTED_EDGE ( 'NONE', *, *, #2828, .T. ) ;
#994 = DIRECTION ( 'NONE',  ( -1.000000000000000000, -1.149254302834633753E-14, 0.000000000000000000 ) ) ;
#995 = CARTESIAN_POINT ( 'NONE',  ( -78.08237393662432169, 1.953645888728877233, 9.299999999999998934 ) ) ;
#996 = ORIENTED_EDGE ( 'NONE', *, *, #3606, .T. ) ;
#997 = CARTESIAN_POINT ( 'NONE',  ( -77.06704914636465276, 2.809259280000005798, 10.00000000000000178 ) ) ;
#998 = CARTESIAN_POINT ( 'NONE',  ( -77.06339052637989084, -17.76615593591361986, -9.299999999999462474 ) ) ;
#999 = CARTESIAN_POINT ( 'NONE',  ( -78.42347878382835802, 0.3328167664830106176, 10.00000000000000178 ) ) ;
#1000 = CARTESIAN_POINT ( 'NONE',  ( -71.71902604798771108, 3.961947904024615053, 32.51902604798768692 ) ) ;
#1001 = CARTESIAN_POINT ( 'NONE',  ( -81.17000999409920325, -22.12630442326145541, 10.00000000000000178 ) ) ;
#1002 = CARTESIAN_POINT ( 'NONE',  ( -72.03265249149289673, 4.939733579445592326, -9.299999999999998934 ) ) ;
#1003 = FACE_OUTER_BOUND ( 'NONE', #3497, .T. ) ;
#1004 = CARTESIAN_POINT ( 'NONE',  ( 77.06704914695284003, 2.809259280873213083, -9.299999999999677414 ) ) ;
#1005 = CARTESIAN_POINT ( 'NONE',  ( 75.64456210426997984, 0.5554378957300220021, 10.00000000000000000 ) ) ;
#1006 = EDGE_CURVE ( 'NONE', #2822, #280, #3304, .T. ) ;
#1007 = CARTESIAN_POINT ( 'NONE',  ( -76.21741220679354001, -16.17676986455675703, 9.999999999999982236 ) ) ;
#1008 = CARTESIAN_POINT ( 'NONE',  ( -76.89999999999999147, -16.00000000000001776, -10.00000000000000000 ) ) ;
#1009 = EDGE_CURVE ( 'NONE', #3857, #2883, #18, .T. ) ;
#1010 = CARTESIAN_POINT ( 'NONE',  ( -78.75887434140175003, -17.31665131030924698, -9.999999999999998224 ) ) ;
#1011 = ORIENTED_EDGE ( 'NONE', *, *, #3295, .T. ) ;
#1012 = EDGE_CURVE ( 'NONE', #3582, #1532, #3604, .T. ) ;
#1013 = CARTESIAN_POINT ( 'NONE',  ( 73.01924036481726432, 4.014062637057214999, 9.999999999999998224 ) ) ;
#1014 = CARTESIAN_POINT ( 'NONE',  ( -76.89999999999999147, -1.000000000000000000, 10.00000000000000000 ) ) ;
#1015 = EDGE_LOOP ( 'NONE', ( #3596, #2267, #2266 ) ) ;
#1016 = ORIENTED_EDGE ( 'NONE', *, *, #2478, .T. ) ;
#1017 = LINE ( 'NONE', #2299, #3006 ) ;
#1018 = CARTESIAN_POINT ( 'NONE',  ( -78.98172697651605745, 0.8060647603041860565, 9.299999999999997158 ) ) ;
#1019 = AXIS2_PLACEMENT_3D ( 'NONE', #291, #1546, #3663 ) ;
#1020 = EDGE_LOOP ( 'NONE', ( #1241, #3260, #2084, #3255, #3673, #1701 ) ) ;
#1021 = CARTESIAN_POINT ( 'NONE',  ( -78.47267757527833965, 0.1853322826085499475, 10.00000000000000178 ) ) ;
#1022 = CARTESIAN_POINT ( 'NONE',  ( 78.53329337388764486, -16.53835398674626589, -10.00000000000000533 ) ) ;
#1023 = CARTESIAN_POINT ( 'NONE',  ( -75.19999999999998863, 0.000000000000000000, 9.300000000000000711 ) ) ;
#1024 = CARTESIAN_POINT ( 'NONE',  ( 0.000000000000000000, 0.000000000000000000, 0.000000000000000000 ) ) ;
#1025 = CARTESIAN_POINT ( 'NONE',  ( 76.93176189717446789, -16.15142245867613369, 10.00000000000000178 ) ) ;
#1026 = CARTESIAN_POINT ( 'NONE',  ( 78.07871986666295072, 1.957325401334696124, 9.300000000000000711 ) ) ;
#1027 = CARTESIAN_POINT ( 'NONE',  ( 79.72463281313355310, -17.65911098725832318, 9.999999999999765521 ) ) ;
#1028 = AXIS2_PLACEMENT_3D ( 'NONE', #660, #1897, #3068 ) ;
#1029 = CARTESIAN_POINT ( 'NONE',  ( 75.72248411054192729, 2.847917858009934022, -10.00000000000000178 ) ) ;
#1030 = SURFACE_STYLE_USAGE ( .BOTH. , #116 ) ;
#1031 = CARTESIAN_POINT ( 'NONE',  ( 4.450970765080158213E-15, 4.414213562373099364, 32.58578643762688642 ) ) ;
#1032 = CARTESIAN_POINT ( 'NONE',  ( -79.40706992195471514, -17.04913108145947120, -10.00000000000139622 ) ) ;
#1033 = VERTEX_POINT ( 'NONE', #820 ) ;
#1034 = CARTESIAN_POINT ( 'NONE',  ( 76.94286821264627463, 2.027866786991512349, 9.999999999999998224 ) ) ;
#1035 = DIRECTION ( 'NONE',  ( -1.000000000000000000, 6.938893903907227589E-15, -0.000000000000000000 ) ) ;
#1036 = ADVANCED_FACE ( 'NONE', ( #3526 ), #540, .T. ) ;
#1037 = CARTESIAN_POINT ( 'NONE',  ( -72.04540914095123583, 4.945013739865823155, 9.300000000000641975 ) ) ;
#1038 = ORIENTED_EDGE ( 'NONE', *, *, #277, .T. ) ;
#1039 = VECTOR ( 'NONE', #2101, 1000.000000000000000 ) ;
#1040 = VERTEX_POINT ( 'NONE', #2046 ) ;
#1041 = ADVANCED_FACE ( 'NONE', ( #500 ), #522, .T. ) ;
#1042 = VECTOR ( 'NONE', #351, 1000.000000000000114 ) ;
#1043 = CARTESIAN_POINT ( 'NONE',  ( -76.21314539411994815, -16.15340997081265328, -9.300000000000004263 ) ) ;
#1044 = DIRECTION ( 'NONE',  ( 0.5773502691896271743, 0.5773502691896261751, 0.5773502691896239547 ) ) ;
#1045 = CARTESIAN_POINT ( 'NONE',  ( 76.20226677796615888, -16.06164432806022191, 10.00000000000000178 ) ) ;
#1046 = CARTESIAN_POINT ( 'NONE',  ( 72.03265249149286831, 4.939733579445609202, 9.299999999999998934 ) ) ;
#1047 = CARTESIAN_POINT ( 'NONE',  ( 71.57402903070097011, 4.299999969554623824, -10.00000000000000178 ) ) ;
#1048 = VECTOR ( 'NONE', #1965, 1000.000000000000114 ) ;
#1049 = ORIENTED_EDGE ( 'NONE', *, *, #3349, .F. ) ;
#1050 = DIRECTION ( 'NONE',  ( 1.000000000000000000, -5.782411586589190795E-14, 0.000000000000000000 ) ) ;
#1051 = CARTESIAN_POINT ( 'NONE',  ( 76.19999999999998863, 0.000000000000000000, 31.99999999999997868 ) ) ;
#1052 = VECTOR ( 'NONE', #518, 1000.000000000000000 ) ;
#1053 = CARTESIAN_POINT ( 'NONE',  ( 81.85048596506307206, -21.39353402747516242, 10.00000000000000000 ) ) ;
#1054 = FACE_OUTER_BOUND ( 'NONE', #2803, .T. ) ;
#1055 = CIRCLE ( 'NONE', #350, 0.7000000000000007327 ) ;
#1056 = B_SPLINE_CURVE_WITH_KNOTS ( 'NONE', 3,
 ( #251, #516, #234, #2358, #3569, #2061 ),
 .UNSPECIFIED., .F., .F.,
 ( 4, 2, 4 ),
 ( 0.0004609976502647499148, 0.0008337940811408149936, 0.001206590512016880072 ),
 .UNSPECIFIED. ) ;
#1057 = CARTESIAN_POINT ( 'NONE',  ( 76.64780520115635909, 2.247909819771718443, 10.00000000000000000 ) ) ;
#1058 = CARTESIAN_POINT ( 'NONE',  ( -80.11031620743736426, -19.30514335326292752, 9.999999999999994671 ) ) ;
#1059 = ORIENTED_EDGE ( 'NONE', *, *, #751, .T. ) ;
#1060 = ORIENTED_EDGE ( 'NONE', *, *, #3451, .F. ) ;
#1061 = ORIENTED_EDGE ( 'NONE', *, *, #3447, .T. ) ;
#1062 = CARTESIAN_POINT ( 'NONE',  ( -76.90060021898254661, -16.01215583608032489, -10.00000000000000000 ) ) ;
#1063 = EDGE_CURVE ( 'NONE', #548, #3305, #2642, .T. ) ;
#1064 = EDGE_CURVE ( 'NONE', #3810, #1040, #1776, .T. ) ;
#1065 = CARTESIAN_POINT ( 'NONE',  ( -76.19999999999997442, -16.08385835099501548, -9.300000000000000711 ) ) ;
#1066 = PRODUCT_DEFINITION_CONTEXT ( 'detailed design', #2577, 'design' ) ;
#1067 = CARTESIAN_POINT ( 'NONE',  ( 74.08109308429854423, 3.669003380623286681, -10.00000000000000178 ) ) ;
#1068 = AXIS2_PLACEMENT_3D ( 'NONE', #3151, #2576, #757 ) ;
#1069 = ORIENTED_EDGE ( 'NONE', *, *, #3653, .F. ) ;
#1070 = CARTESIAN_POINT ( 'NONE',  ( 76.20573631935687331, -16.09934895830935986, -10.00000000000001421 ) ) ;
#1071 = CARTESIAN_POINT ( 'NONE',  ( -76.19999999999998863, -17.51098099332691760, 9.300000000000000711 ) ) ;
#1072 = CARTESIAN_POINT ( 'NONE',  ( 76.89999999999999147, 0.000000000000000000, -10.00000000000000000 ) ) ;
#1073 = CARTESIAN_POINT ( 'NONE',  ( -79.59831216448311864, -18.68911047788838431, -10.00000000000000355 ) ) ;
#1074 = DIRECTION ( 'NONE',  ( -0.000000000000000000, -0.000000000000000000, -1.000000000000000000 ) ) ;
#1075 = CYLINDRICAL_SURFACE ( 'NONE', #962, 0.6999999999999992895 ) ;
#1076 = ORIENTED_EDGE ( 'NONE', *, *, #1962, .F. ) ;
#1077 = ORIENTED_EDGE ( 'NONE', *, *, #184, .F. ) ;
#1078 = ORIENTED_EDGE ( 'NONE', *, *, #1423, .T. ) ;
#1079 = ORIENTED_EDGE ( 'NONE', *, *, #980, .F. ) ;
#1080 = CARTESIAN_POINT ( 'NONE',  ( -75.81708104200080811, 0.000000000000000000, 9.817907969134765267 ) ) ;
#1081 = AXIS2_PLACEMENT_3D ( 'NONE', #1128, #3214, #1430 ) ;
#1082 = ORIENTED_EDGE ( 'NONE', *, *, #1085, .T. ) ;
#1083 = ADVANCED_FACE ( 'NONE', ( #784 ), #2345, .T. ) ;
#1084 = CARTESIAN_POINT ( 'NONE',  ( -75.68097395201232302, 0.000000000000000000, 32.51902604798769403 ) ) ;
#1085 = EDGE_CURVE ( 'NONE', #3735, #144, #1140, .T. ) ;
#1086 = ORIENTED_EDGE ( 'NONE', *, *, #3749, .T. ) ;
#1087 = CARTESIAN_POINT ( 'NONE',  ( 76.93196792111662319, -16.15207312241372151, -10.00000000000000000 ) ) ;
#1088 = FACE_OUTER_BOUND ( 'NONE', #245, .T. ) ;
#1089 = LINE ( 'NONE', #3517, #1600 ) ;
#1090 = CARTESIAN_POINT ( 'NONE',  ( 71.78578643762689637, 4.414213562373096700, 0.000000000000000000 ) ) ;
#1091 = CARTESIAN_POINT ( 'NONE',  ( -79.13748421597199467, 0.4136090419854923650, 9.300000000000004263 ) ) ;
#1092 = CIRCLE ( 'NONE', #3813, 0.6999999999999992895 ) ;
#1093 = CARTESIAN_POINT ( 'NONE',  ( 77.19825754889060931, -16.70796256636146637, 10.00000000000000178 ) ) ;
#1094 = CARTESIAN_POINT ( 'NONE',  ( -79.19999999999998863, -16.21482120105098801, 9.300000000000707701 ) ) ;
#1095 = ORIENTED_EDGE ( 'NONE', *, *, #2728, .F. ) ;
#1096 = CARTESIAN_POINT ( 'NONE',  ( 77.86398724457211529, 1.184719398373243138, 9.999999999999992895 ) ) ;
#1097 = ORIENTED_EDGE ( 'NONE', *, *, #137, .T. ) ;
#1098 = ORIENTED_EDGE ( 'NONE', *, *, #3020, .F. ) ;
#1099 = CARTESIAN_POINT ( 'NONE',  ( -76.98528793690728378, -16.29624631816356128, -9.999999999999994671 ) ) ;
#1100 = VECTOR ( 'NONE', #1681, 1000.000000000000000 ) ;
#1101 = VERTEX_POINT ( 'NONE', #2675 ) ;
#1102 = AXIS2_PLACEMENT_3D ( 'NONE', #370, #66, #1290 ) ;
#1103 = CIRCLE ( 'NONE', #3326, 0.6999999999999992895 ) ;
#1104 = VERTEX_POINT ( 'NONE', #3382 ) ;
#1105 = CARTESIAN_POINT ( 'NONE',  ( -82.85048596506307206, -11.00000000000000355, 5.000000000000002665 ) ) ;
#1106 = CARTESIAN_POINT ( 'NONE',  ( 76.94457617051440934, -16.18882792428927431, -10.00000000000000533 ) ) ;
#1107 = EDGE_CURVE ( 'NONE', #1977, #304, #2862, .T. ) ;
#1108 = AXIS2_PLACEMENT_3D ( 'NONE', #3261, #3015, #1475 ) ;
#1109 = DIRECTION ( 'NONE',  ( 0.000000000000000000, -1.000000000000000000, 0.000000000000000000 ) ) ;
#1110 = ADVANCED_FACE ( 'NONE', ( #2431 ), #3404, .T. ) ;
#1111 = DIRECTION ( 'NONE',  ( -1.000000000000000000, 0.000000000000000000, 0.000000000000000000 ) ) ;
#1112 = CARTESIAN_POINT ( 'NONE',  ( 78.07644189780162947, -19.01300992062867223, 9.299999999999464251 ) ) ;
#1113 = VECTOR ( 'NONE', #721, 1000.000000000000000 ) ;
#1114 = PRODUCT_DEFINITION ( 'UNKNOWN', '', #2955, #1066 ) ;
#1115 = DIRECTION ( 'NONE',  ( 1.000000000000000000, -0.000000000000000000, -0.000000000000000000 ) ) ;
#1116 = ORIENTED_EDGE ( 'NONE', *, *, #1063, .T. ) ;
#1117 = ORIENTED_EDGE ( 'NONE', *, *, #3563, .F. ) ;
#1118 = ORIENTED_EDGE ( 'NONE', *, *, #635, .T. ) ;
#1119 = CARTESIAN_POINT ( 'NONE',  ( -76.26526969334955197, -16.36716708912913631, -10.00000000000000178 ) ) ;
#1120 = ORIENTED_EDGE ( 'NONE', *, *, #662, .T. ) ;
#1121 = CARTESIAN_POINT ( 'NONE',  ( -81.17000999409918904, -22.12630442326145896, 9.300000000000000711 ) ) ;
#1122 =( BOUNDED_CURVE ( )  B_SPLINE_CURVE ( 3, ( #2975, #1454, #2672, #1883 ),
 .UNSPECIFIED., .F., .T. ) 
 B_SPLINE_CURVE_WITH_KNOTS ( ( 4, 4 ),
 ( 4.712388980384689674, 6.283185307179586232 ),
 .UNSPECIFIED. ) 
 CURVE ( )  GEOMETRIC_REPRESENTATION_ITEM ( )  RATIONAL_B_SPLINE_CURVE ( ( 1.000000000000000000, 0.8047378541243649375, 0.8047378541243649375, 1.000000000000000000 ) ) 
 REPRESENTATION_ITEM ( '' )  );
#1123 = DIRECTION ( 'NONE',  ( 0.000000000000000000, 0.000000000000000000, -1.000000000000000000 ) ) ;
#1124 = DIRECTION ( 'NONE',  ( -0.000000000000000000, 0.000000000000000000, 1.000000000000000000 ) ) ;
#1125 = CARTESIAN_POINT ( 'NONE',  ( 76.20315737180465021, -16.07230337103974094, -9.299999999999997158 ) ) ;
#1126 = CARTESIAN_POINT ( 'NONE',  ( -75.72483438962642310, 2.846514406206078096, -10.00000000000000000 ) ) ;
#1127 = CARTESIAN_POINT ( 'NONE',  ( 71.20000000000000284, 4.999999999999997335, -9.300000000000000711 ) ) ;
#1128 = CARTESIAN_POINT ( 'NONE',  ( 78.49999999999998579, -16.00000000000000000, 9.300000000000000711 ) ) ;
#1129 = VECTOR ( 'NONE', #2929, 1000.000000000000000 ) ;
#1130 = VECTOR ( 'NONE', #1456, 1000.000000000000000 ) ;
#1131 = EDGE_CURVE ( 'NONE', #221, #2825, #1578, .T. ) ;
#1132 = CARTESIAN_POINT ( 'NONE',  ( -71.78578643762692479, 4.414213562373098476, -34.99999999999999289 ) ) ;
#1133 = CARTESIAN_POINT ( 'NONE',  ( 80.11468477246896214, -19.30994215308502149, 9.999999999999998224 ) ) ;
#1134 = CARTESIAN_POINT ( 'NONE',  ( 78.45853791216734407, 0.2317279660544668829, 9.999999999999998224 ) ) ;
#1135 = CARTESIAN_POINT ( 'NONE',  ( 77.44523127746835200, -17.10056769709938607, 10.00000000000000178 ) ) ;
#1136 = FACE_OUTER_BOUND ( 'NONE', #2865, .T. ) ;
#1137 = DIRECTION ( 'NONE',  ( 1.000000000000000000, 0.000000000000000000, -0.000000000000000000 ) ) ;
#1138 = EDGE_CURVE ( 'NONE', #3035, #2864, #2797, .T. ) ;
#1139 = ORIENTED_EDGE ( 'NONE', *, *, #2941, .F. ) ;
#1140 = LINE ( 'NONE', #3559, #1130 ) ;
#1141 = EDGE_CURVE ( 'NONE', #695, #1891, #2662, .T. ) ;
#1142 = ORIENTED_EDGE ( 'NONE', *, *, #2323, .F. ) ;
#1143 = VERTEX_POINT ( 'NONE', #609 ) ;
#1144 = CARTESIAN_POINT ( 'NONE',  ( -79.13683630633805421, 0.4159413033453953634, -9.299999999999998934 ) ) ;
#1145 = FACE_OUTER_BOUND ( 'NONE', #1218, .T. ) ;
#1146 = CARTESIAN_POINT ( 'NONE',  ( 76.89999999999999147, -16.00000000000000355, -10.00000000000000000 ) ) ;
#1147 = CARTESIAN_POINT ( 'NONE',  ( -75.39602210857015052, 3.822169360123522264, -10.00000000000127365 ) ) ;
#1148 = CARTESIAN_POINT ( 'NONE',  ( 76.62384544505613349, 3.115800913590955457, -9.299999999999998934 ) ) ;
#1149 = DIRECTION ( 'NONE',  ( 0.000000000000000000, -1.000000000000000000, 0.000000000000000000 ) ) ;
#1150 = CARTESIAN_POINT ( 'NONE',  ( 79.19999999999998863, -16.00000000000000000, 5.700000000000002842 ) ) ;
#1151 = CARTESIAN_POINT ( 'NONE',  ( -71.20000000000000284, 4.999999999999983125, 9.299999999999998934 ) ) ;
#1152 = DIRECTION ( 'NONE',  ( 1.000000000000000000, 0.000000000000000000, 0.000000000000000000 ) ) ;
#1153 = CARTESIAN_POINT ( 'NONE',  ( -79.81001556346377868, -17.82850047783043834, -9.299999999999993605 ) ) ;
#1154 = ORIENTED_EDGE ( 'NONE', *, *, #730, .F. ) ;
#1155 = AXIS2_PLACEMENT_3D ( 'NONE', #194, #3314, #2404 ) ;
#1156 = ADVANCED_FACE ( 'NONE', ( #3114 ), #2108, .T. ) ;
#1157 = ORIENTED_EDGE ( 'NONE', *, *, #446, .T. ) ;
#1158 = CARTESIAN_POINT ( 'NONE',  ( 76.19999999999998863, 5.000000000000000000, -37.00000000000001421 ) ) ;
#1159 = ADVANCED_FACE ( 'NONE', ( #3059 ), #1886, .T. ) ;
#1160 = CARTESIAN_POINT ( 'NONE',  ( -76.19999999999998863, -16.00000000000001776, 9.300000000000000711 ) ) ;
#1161 = ORIENTED_EDGE ( 'NONE', *, *, #3706, .F. ) ;
#1162 = VECTOR ( 'NONE', #10, 1000.000000000000000 ) ;
#1163 = CARTESIAN_POINT ( 'NONE',  ( -77.19963048487251456, -16.71026504616543917, 10.00000000000000178 ) ) ;
#1164 = ORIENTED_EDGE ( 'NONE', *, *, #2853, .T. ) ;
#1165 = AXIS2_PLACEMENT_3D ( 'NONE', #330, #903, #2123 ) ;
#1166 = CIRCLE ( 'NONE', #1665, 1.700000000000007061 ) ;
#1167 = CARTESIAN_POINT ( 'NONE',  ( -75.19999999999998863, -1.000000000000000000, -9.300000000000000711 ) ) ;
#1168 = COLOUR_RGB ( '',0.1019607843137254888, 0.1019607843137254888, 0.1019607843137254888 ) ;
#1169 =( BOUNDED_SURFACE ( )  B_SPLINE_SURFACE ( 2, 1, ( 
 ( #3224, #826 ),
 ( #1421, #265 ),
 ( #849, #187 ) ),
 .UNSPECIFIED., .F., .F., .F. ) 
 B_SPLINE_SURFACE_WITH_KNOTS ( ( 3, 3 ),
 ( 2, 2 ),
 ( 0.000000000000000000, 1.000000000000000000 ),
 ( 0.000000000000000000, 1.000000000000000000 ),
 .UNSPECIFIED. ) 
 GEOMETRIC_REPRESENTATION_ITEM ( )  RATIONAL_B_SPLINE_SURFACE ( (
 ( 1.000000000000000000, 1.000000000000000000),
 ( 1.239104533790151397, 1.239104533790151397),
 ( 1.000000000000000000, 1.000000000000000000) ) ) 
 REPRESENTATION_ITEM ( '' )  SURFACE ( )  );
#1170 = CARTESIAN_POINT ( 'NONE',  ( -76.07755531005149408, 3.451511084006221530, -9.299999999999045031 ) ) ;
#1171 = CARTESIAN_POINT ( 'NONE',  ( 78.64038751263265681, 1.330533860126103418, -9.300000000000000711 ) ) ;
#1172 = CARTESIAN_POINT ( 'NONE',  ( -79.72463281123907564, -17.65911098854565964, -9.299999999999998934 ) ) ;
#1173 = EDGE_LOOP ( 'NONE', ( #3737, #3827, #3095, #3480 ) ) ;
#1174 = CARTESIAN_POINT ( 'NONE',  ( -82.05013230893472098, -21.16961141276491887, 10.00000000000000000 ) ) ;
#1175 = CARTESIAN_POINT ( 'NONE',  ( -82.85048596506307206, -16.00000000000000000, 5.000000000000002665 ) ) ;
#1176 = ORIENTED_EDGE ( 'NONE', *, *, #2603, .T. ) ;
#1177 = CARTESIAN_POINT ( 'NONE',  ( 74.55128496847048325, 3.464573950919754619, 10.00000000000000000 ) ) ;
#1178 = CARTESIAN_POINT ( 'NONE',  ( 81.79068978609474527, -19.99104616970500459, 9.300000000000002487 ) ) ;
#1179 = ORIENTED_EDGE ( 'NONE', *, *, #3873, .F. ) ;
#1180 = DIRECTION ( 'NONE',  ( 0.000000000000000000, 1.000000000000000000, 0.000000000000000000 ) ) ;
#1181 = ADVANCED_FACE ( 'NONE', ( #2755 ), #645, .T. ) ;
#1182 = ORIENTED_EDGE ( 'NONE', *, *, #1313, .F. ) ;
#1183 = CARTESIAN_POINT ( 'NONE',  ( -77.62951689308739844, -17.35412099571063749, 9.999999999999996447 ) ) ;
#1184 = VERTEX_POINT ( 'NONE', #1514 ) ;
#1185 = ADVANCED_FACE ( 'NONE', ( #2737 ), #3649, .F. ) ;
#1186 = CARTESIAN_POINT ( 'NONE',  ( -70.37157287525383254, 3.000000000000000000, 31.17157287525380127 ) ) ;
#1187 = CARTESIAN_POINT ( 'NONE',  ( -72.83166520257381649, 4.790142791664075972, -10.00000000000000178 ) ) ;
#1188 = CARTESIAN_POINT ( 'NONE',  ( 79.25747656452944057, -20.27602078201763192, 9.300000000000004263 ) ) ;
#1189 = CARTESIAN_POINT ( 'NONE',  ( 79.19999853058749295, 0.1209857677679961885, -10.00000000000020428 ) ) ;
#1190 = CARTESIAN_POINT ( 'NONE',  ( -79.19999999999998863, -1.939840445088316431E-14, -9.300000000000000711 ) ) ;
#1191 = DIRECTION ( 'NONE',  ( 0.7464087157008768569, -0.6654878129055165070, 0.000000000000000000 ) ) ;
#1192 = CARTESIAN_POINT ( 'NONE',  ( 70.37157287525380411, 4.414213562373099364, 32.58578643762687221 ) ) ;
#1193 = VECTOR ( 'NONE', #3111, 1000.000000000000000 ) ;
#1194 = ORIENTED_EDGE ( 'NONE', *, *, #163, .T. ) ;
#1195 = DIRECTION ( 'NONE',  ( 0.000000000000000000, -0.000000000000000000, 1.000000000000000000 ) ) ;
#1196 = ORIENTED_EDGE ( 'NONE', *, *, #2922, .T. ) ;
#1197 = DIRECTION ( 'NONE',  ( 0.000000000000000000, -0.000000000000000000, 1.000000000000000000 ) ) ;
#1198 = ORIENTED_EDGE ( 'NONE', *, *, #2723, .T. ) ;
#1199 = CARTESIAN_POINT ( 'NONE',  ( 81.17000999409918904, -22.12630442326143765, 10.00000000000000178 ) ) ;
#1200 = CARTESIAN_POINT ( 'NONE',  ( -74.55128496847048325, 3.464573950919739520, -10.00000000000000355 ) ) ;
#1201 = ORIENTED_EDGE ( 'NONE', *, *, #3066, .T. ) ;
#1202 = CARTESIAN_POINT ( 'NONE',  ( -70.37157287525380411, 3.000000000000000444, -34.99999999999999289 ) ) ;
#1203 = CARTESIAN_POINT ( 'NONE',  ( 76.87230951320707106, -17.50417257424771833, -9.299999999999462474 ) ) ;
#1204 = EDGE_CURVE ( 'NONE', #1040, #1417, #429, .T. ) ;
#1205 = CARTESIAN_POINT ( 'NONE',  ( -79.19999999999998863, -1.939840529849406577E-14, -9.300000000000000711 ) ) ;
#1206 = EDGE_CURVE ( 'NONE', #2027, #1996, #1841, .T. ) ;
#1207 = CARTESIAN_POINT ( 'NONE',  ( 74.43452021105538563, 4.285852918393613820, -9.299999999999993605 ) ) ;
#1208 = DIRECTION ( 'NONE',  ( -1.000000000000000000, 0.000000000000000000, 0.000000000000000000 ) ) ;
#1209 = VECTOR ( 'NONE', #3518, 1000.000000000000000 ) ;
#1210 = DIRECTION ( 'NONE',  ( -0.000000000000000000, 0.000000000000000000, -1.000000000000000000 ) ) ;
#1211 = DIRECTION ( 'NONE',  ( -0.000000000000000000, 0.000000000000000000, 1.000000000000000000 ) ) ;
#1212 = CARTESIAN_POINT ( 'NONE',  ( 81.73220837748455381, -19.93723764540975907, 9.299999999999535305 ) ) ;
#1213 = ORIENTED_EDGE ( 'NONE', *, *, #3919, .F. ) ;
#1214 = CARTESIAN_POINT ( 'NONE',  ( 70.37157287525380411, 3.000000000000000000, 0.000000000000000000 ) ) ;
#1215 = ORIENTED_EDGE ( 'NONE', *, *, #1986, .F. ) ;
#1216 = DIRECTION ( 'NONE',  ( 0.7071067811865485719, 0.7071067811865464625, 0.000000000000000000 ) ) ;
#1217 = CARTESIAN_POINT ( 'NONE',  ( -82.51597377796858268, -20.64712531177430321, 10.00000000000000000 ) ) ;
#1218 = EDGE_LOOP ( 'NONE', ( #3865, #1938, #2917 ) ) ;
#1219 = CIRCLE ( 'NONE', #3877, 0.6999999999999992895 ) ;
#1220 = CARTESIAN_POINT ( 'NONE',  ( -80.10998009549675203, -18.22048508587176130, 9.299999999999998934 ) ) ;
#1221 = ORIENTED_EDGE ( 'NONE', *, *, #1855, .F. ) ;
#1222 = CARTESIAN_POINT ( 'NONE',  ( -76.89999999999996305, -16.04020569576774591, 9.999999999999998224 ) ) ;
#1223 = CARTESIAN_POINT ( 'NONE',  ( 77.62043617850993371, 1.425415032684256511, -10.00000000000000355 ) ) ;
#1224 = DIRECTION ( 'NONE',  ( -0.000000000000000000, 0.000000000000000000, 1.000000000000000000 ) ) ;
#1225 = AXIS2_PLACEMENT_3D ( 'NONE', #1202, #17, #323 ) ;
#1226 = AXIS2_PLACEMENT_3D ( 'NONE', #2980, #3616, #3303 ) ;
#1227 = DIRECTION ( 'NONE',  ( 0.7327703957862706785, 0.6804759709638777965, -0.000000000000000000 ) ) ;
#1228 = CARTESIAN_POINT ( 'NONE',  ( 71.78578643762689637, 4.414213562373096700, -9.983686643913049608 ) ) ;
#1229 = CARTESIAN_POINT ( 'NONE',  ( 78.49298538865785702, 0.09421293355840175410, -10.00000000000000533 ) ) ;
#1230 = AXIS2_PLACEMENT_3D ( 'NONE', #2873, #1355, #1050 ) ;
#1231 = CARTESIAN_POINT ( 'NONE',  ( 78.50000000000000000, -16.00000000000000000, 5.000000000000002665 ) ) ;
#1232 = ADVANCED_FACE ( 'NONE', ( #2410 ), #2494, .T. ) ;
#1233 = CARTESIAN_POINT ( 'NONE',  ( 81.85048596506307206, -21.39353402747516242, -9.300000000000000711 ) ) ;
#1234 = VERTEX_POINT ( 'NONE', #1571 ) ;
#1235 = EDGE_CURVE ( 'NONE', #502, #373, #3051, .T. ) ;
#1236 = CARTESIAN_POINT ( 'NONE',  ( -70.56432550960846584, 2.807247365645364923, 31.36432550960843813 ) ) ;
#1237 = CARTESIAN_POINT ( 'NONE',  ( 78.75894099210147203, -17.31655171255806991, -10.00000000000000000 ) ) ;
#1238 = AXIS2_PLACEMENT_3D ( 'NONE', #2708, #3586, #1711 ) ;
#1239 = DIRECTION ( 'NONE',  ( 1.000000000000000000, 0.000000000000000000, -1.365923996832131609E-16 ) ) ;
#1240 = DIRECTION ( 'NONE',  ( -0.7327703957862706785, 0.6804759709638777965, 0.000000000000000000 ) ) ;
#1241 = ORIENTED_EDGE ( 'NONE', *, *, #137, .F. ) ;
#1242 = CARTESIAN_POINT ( 'NONE',  ( -78.28463703029568421, 1.767721368265912307, 9.299999999999350564 ) ) ;
#1243 = CARTESIAN_POINT ( 'NONE',  ( 79.32928488399413425, -16.84116140866319000, -10.00000000000023981 ) ) ;
#1244 = AXIS2_PLACEMENT_3D ( 'NONE', #136, #2611, #193 ) ;
#1245 = APPLICATION_PROTOCOL_DEFINITION ( 'draft international standard', 'automotive_design', 1998, #2577 ) ;
#1246 = FACE_OUTER_BOUND ( 'NONE', #200, .T. ) ;
#1247 = CARTESIAN_POINT ( 'NONE',  ( 78.66222379379716756, -17.05993917744463317, 9.999999999999994671 ) ) ;
#1248 = CARTESIAN_POINT ( 'NONE',  ( 70.37157287525380411, 3.000000000000000000, -35.00000000000000711 ) ) ;
#1249 = CARTESIAN_POINT ( 'NONE',  ( -70.51189044911237147, 5.000000000000000888, 9.383012710900473508 ) ) ;
#1250 = LINE ( 'NONE', #4, #3391 ) ;
#1251 = FACE_OUTER_BOUND ( 'NONE', #3453, .T. ) ;
#1252 = VERTEX_POINT ( 'NONE', #1801 ) ;
#1253 = CYLINDRICAL_SURFACE ( 'NONE', #1449, 1.999999999999998890 ) ;
#1254 = CARTESIAN_POINT ( 'NONE',  ( 79.42319462655372320, -18.47810934425623941, -10.00000000000000000 ) ) ;
#1255 = LINE ( 'NONE', #947, #2574 ) ;
#1256 = ADVANCED_FACE ( 'NONE', ( #31 ), #1253, .T. ) ;
#1257 = ADVANCED_FACE ( 'NONE', ( #2166 ), #358, .T. ) ;
#1258 = CARTESIAN_POINT ( 'NONE',  ( 71.20000000000000284, 4.820359442248910220, 9.768215816544469021 ) ) ;
#1259 = ORIENTED_EDGE ( 'NONE', *, *, #3560, .T. ) ;
#1260 = CARTESIAN_POINT ( 'NONE',  ( -79.05337708916326278, 0.6456437522375738647, 9.300000000000080647 ) ) ;
#1261 = CARTESIAN_POINT ( 'NONE',  ( 71.06481513418817997, 4.881880703981336111, 9.699843138154838229 ) ) ;
#1262 = CARTESIAN_POINT ( 'NONE',  ( 77.96674018229487046, 1.050342815502471661, -10.00000000000000355 ) ) ;
#1263 = CARTESIAN_POINT ( 'NONE',  ( 76.19999999999998863, -16.00000000000000000, 9.300000000000000711 ) ) ;
#1264 = CARTESIAN_POINT ( 'NONE',  ( -78.60041655902142566, -18.54864021744357672, -9.999999999999996447 ) ) ;
#1265 = DIRECTION ( 'NONE',  ( 0.000000000000000000, 0.000000000000000000, 1.000000000000000000 ) ) ;
#1266 = EDGE_LOOP ( 'NONE', ( #3734, #2372, #2205, #3777, #378, #1879, #2999, #2222 ) ) ;
#1267 = LINE ( 'NONE', #1880, #2764 ) ;
#1268 = CARTESIAN_POINT ( 'NONE',  ( -71.20000000000004547, 0.000000000000000000, 37.00000000000000711 ) ) ;
#1269 = DIRECTION ( 'NONE',  ( 1.000000000000000000, -0.000000000000000000, 0.000000000000000000 ) ) ;
#1270 = AXIS2_PLACEMENT_3D ( 'NONE', #591, #2783, #3674 ) ;
#1271 = EDGE_LOOP ( 'NONE', ( #3812, #3892, #2921, #397, #2243, #1176 ) ) ;
#1272 =( BOUNDED_SURFACE ( )  B_SPLINE_SURFACE ( 3, 2, ( 
 ( #3352, #286, #247 ),
 ( #2136, #3937, #3583 ),
 ( #2091, #2440, #306 ),
 ( #2763, #1520, #3308 ),
 ( #2743, #1747, #3640 ),
 ( #2055, #3266, #618 ),
 ( #1831, #2681, #528 ),
 ( #3876, #850, #2073 ),
 ( #3286, #1243, #3158 ),
 ( #1022, #3739, #1633 ),
 ( #1916, #3722, #677 ),
 ( #2191, #422, #2461 ) ),
 .UNSPECIFIED., .F., .F., .T. ) 
 B_SPLINE_SURFACE_WITH_KNOTS ( ( 4, 2, 2, 2, 2, 4 ),
 ( 3, 3 ),
 ( 0.000000000000000000, 0.001614041005429371015, 0.003228082010858742031, 0.004842123016288113480, 0.005649143519002798770, 0.006456164021717484061 ),
 ( 0.000000000000000000, 1.000000000000000000 ),
 .UNSPECIFIED. ) 
 GEOMETRIC_REPRESENTATION_ITEM ( )  RATIONAL_B_SPLINE_SURFACE ( (
 ( 1.000000000000000000, 0.7071067811865475727, 1.000000000000000000),
 ( 1.000000000000000000, 0.7071067811865475727, 1.000000000000000000),
 ( 1.000000000000000000, 0.7071067811865475727, 1.000000000000000000),
 ( 1.000000000000000000, 0.7071067811865475727, 1.000000000000000000),
 ( 1.000000000000000000, 0.7071067811865475727, 1.000000000000000000),
 ( 1.000000000000000000, 0.7071067811865475727, 1.000000000000000000),
 ( 1.000000000000000000, 0.7071067811865475727, 1.000000000000000000),
 ( 1.000000000000000000, 0.7071067811865475727, 1.000000000000000000),
 ( 1.000000000000000000, 0.7071067811865466846, 1.000000000000000000),
 ( 1.000000000000000000, 0.7071067811865466846, 1.000000000000000000),
 ( 1.000000000000000000, 0.7071067811865475727, 1.000000000000000000),
 ( 1.000000000000000000, 0.7071067811865475727, 1.000000000000000000) ) ) 
 REPRESENTATION_ITEM ( '' )  SURFACE ( )  );
#1273 = CARTESIAN_POINT ( 'NONE',  ( -70.37157287525383254, 3.000000000000000000, 0.000000000000000000 ) ) ;
#1274 = CARTESIAN_POINT ( 'NONE',  ( 78.53329337234403340, -16.53835398697850678, -10.00000000000000178 ) ) ;
#1275 = DIRECTION ( 'NONE',  ( -0.7071067811865506814, -0.7071067811865445751, 0.000000000000000000 ) ) ;
#1276 = EDGE_LOOP ( 'NONE', ( #381, #859, #1457, #2640, #3108, #3169 ) ) ;
#1277 = EDGE_CURVE ( 'NONE', #1971, #1594, #2287, .T. ) ;
#1278 = LINE ( 'NONE', #2613, #160 ) ;
#1279 = ORIENTED_EDGE ( 'NONE', *, *, #1638, .T. ) ;
#1280 = CARTESIAN_POINT ( 'NONE',  ( -79.19999853058749295, 0.1209857677677336069, 9.999999999999795719 ) ) ;
#1281 = LINE ( 'NONE', #106, #1927 ) ;
#1282 = EDGE_CURVE ( 'NONE', #1515, #3600, #3661, .T. ) ;
#1283 = ADVANCED_FACE ( 'NONE', ( #2280 ), #2594, .F. ) ;
#1284 = CARTESIAN_POINT ( 'NONE',  ( 76.90060021898256082, -16.01215583608036042, 10.00000000000000178 ) ) ;
#1285 = CARTESIAN_POINT ( 'NONE',  ( 71.41059931173057862, 4.995746627447570809, 9.299999999999998934 ) ) ;
#1286 = CARTESIAN_POINT ( 'NONE',  ( -77.12033001590660319, -16.57451734212246564, -10.00000000000000178 ) ) ;
#1287 = DIRECTION ( 'NONE',  ( 0.000000000000000000, 1.000000000000000000, 0.000000000000000000 ) ) ;
#1288 = DIRECTION ( 'NONE',  ( -1.000000000000000000, -0.000000000000000000, 1.365923996832131609E-16 ) ) ;
#1289 = B_SPLINE_CURVE_WITH_KNOTS ( 'NONE', 3,
 ( #2506, #3311, #1523, #600, #2419, #1811, #2443, #128, #732, #2851, #84, #2524, #1384, #3758, #1943, #3781, #1310, #1894, #999, #748, #3189, #2211 ),
 .UNSPECIFIED., .F., .F.,
 ( 4, 2, 2, 2, 2, 2, 2, 2, 2, 2, 4 ),
 ( 0.0007621318336903177204, 0.001781854099062304617, 0.002801576364434291838, 0.004841020895178265414, 0.005860743160550234421, 0.006880465425922203428, 0.007390326558608172752, 0.007900187691294141210, 0.008410048823980111402, 0.008664979390323094763, 0.008919909956666079859 ),
 .UNSPECIFIED. ) ;
#1290 = DIRECTION ( 'NONE',  ( 1.000000000000000000, 0.000000000000000000, 0.000000000000000000 ) ) ;
#1291 = CARTESIAN_POINT ( 'NONE',  ( -76.90041944794378992, -16.00993662050642286, 10.00000000000000178 ) ) ;
#1292 = VECTOR ( 'NONE', #760, 1000.000000000000000 ) ;
#1293 = DIRECTION ( 'NONE',  ( 1.000000000000000000, 0.000000000000000000, 0.000000000000000000 ) ) ;
#1294 = CARTESIAN_POINT ( 'NONE',  ( -79.20000000000000284, -16.00000000000002132, -10.00000000000000178 ) ) ;
#1295 = AXIS2_PLACEMENT_3D ( 'NONE', #3651, #2411, #3614 ) ;
#1296 = B_SPLINE_CURVE_WITH_KNOTS ( 'NONE', 3,
 ( #2104, #2429, #1799, #3593, #3034, #3925 ),
 .UNSPECIFIED., .F., .F.,
 ( 4, 2, 4 ),
 ( -8.944284179428721871E-06, 0.0004801574731639695844, 0.0009692592305073679517 ),
 .UNSPECIFIED. ) ;
#1297 = CARTESIAN_POINT ( 'NONE',  ( 78.82249689908289270, 1.078737442829202697, 9.300000000000162359 ) ) ;
#1298 = CARTESIAN_POINT ( 'NONE',  ( -79.19999999999998863, -16.00000000000000000, 5.000000000000002665 ) ) ;
#1299 = AXIS2_PLACEMENT_3D ( 'NONE', #2315, #573, #3226 ) ;
#1300 = EDGE_LOOP ( 'NONE', ( #3078, #2779, #503, #1934 ) ) ;
#1301 =( BOUNDED_SURFACE ( )  B_SPLINE_SURFACE ( 2, 1, ( 
 ( #1669, #3620 ),
 ( #894, #3046 ),
 ( #549, #1766 ) ),
 .UNSPECIFIED., .F., .F., .T. ) 
 B_SPLINE_SURFACE_WITH_KNOTS ( ( 3, 3 ),
 ( 2, 2 ),
 ( 0.000000000000000000, 1.000000000000000000 ),
 ( 0.000000000000000000, 1.000000000000000000 ),
 .UNSPECIFIED. ) 
 GEOMETRIC_REPRESENTATION_ITEM ( )  RATIONAL_B_SPLINE_SURFACE ( (
 ( 1.000000000000000000, 1.000000000000000000),
 ( 0.9125737562349404142, 0.9125737562349404142),
 ( 1.000000000000000000, 1.000000000000000000) ) ) 
 REPRESENTATION_ITEM ( '' )  SURFACE ( )  );
#1302 = B_SPLINE_CURVE_WITH_KNOTS ( 'NONE', 3,
 ( #2984, #2417, #2707, #2726, #2117, #1183, #1463, #1163, #1541, #3331, #871, #2352, #3601, #3026, #1222, #597 ),
 .UNSPECIFIED., .F., .F.,
 ( 4, 2, 2, 2, 2, 2, 2, 4 ),
 ( 0.000000000000000000, 0.003704736541805842952, 0.005557104812708749467, 0.006483288948160199038, 0.006946381015885924257, 0.007177927049748790769, 0.007293700066680218821, 0.007409473083611647741 ),
 .UNSPECIFIED. ) ;
#1303 = DIRECTION ( 'NONE',  ( -0.000000000000000000, -0.000000000000000000, 1.000000000000000000 ) ) ;
#1304 = LINE ( 'NONE', #2226, #978 ) ;
#1305 = ORIENTED_EDGE ( 'NONE', *, *, #1833, .T. ) ;
#1306 = FACE_OUTER_BOUND ( 'NONE', #260, .T. ) ;
#1307 = CARTESIAN_POINT ( 'NONE',  ( -77.62673128221278773, -17.35035834778535246, -9.999999999999998224 ) ) ;
#1308 = CARTESIAN_POINT ( 'NONE',  ( -71.71902604798772529, 0.000000000000000000, 36.48097395201231308 ) ) ;
#1309 = EDGE_CURVE ( 'NONE', #2027, #3262, #543, .T. ) ;
#1310 = CARTESIAN_POINT ( 'NONE',  ( -78.26938224147110645, 0.6384375669314791280, 10.00000000000000355 ) ) ;
#1311 = CARTESIAN_POINT ( 'NONE',  ( 0.000000000000000000, 0.000000000000000000, -10.00000000000000000 ) ) ;
#1312 = CARTESIAN_POINT ( 'NONE',  ( -77.66134440558046492, -18.53948879370236824, 9.300000000002142997 ) ) ;
#1313 = EDGE_CURVE ( 'NONE', #3600, #2938, #3525, .T. ) ;
#1314 = CARTESIAN_POINT ( 'NONE',  ( 79.22601619136017348, -16.42339018866627143, 9.300000000000229861 ) ) ;
#1315 = CARTESIAN_POINT ( 'NONE',  ( 76.07506822563614435, 3.452996035901041871, -9.999999999999683808 ) ) ;
#1316 = EDGE_CURVE ( 'NONE', #3323, #2433, #3788, .T. ) ;
#1317 = ORIENTED_EDGE ( 'NONE', *, *, #1334, .T. ) ;
#1318 = FACE_OUTER_BOUND ( 'NONE', #848, .T. ) ;
#1319 = CARTESIAN_POINT ( 'NONE',  ( -76.90568861003362144, -16.04870013990595012, 10.00000000000000000 ) ) ;
#1320 = CARTESIAN_POINT ( 'NONE',  ( 76.89999999999999147, -1.000000000000000000, -10.00000000000000000 ) ) ;
#1321 = CARTESIAN_POINT ( 'NONE',  ( 75.64448824752949463, 0.5555117524705122101, -10.00000000000000000 ) ) ;
#1322 = CARTESIAN_POINT ( 'NONE',  ( 72.04212292959802255, 4.938328126127993656, 9.299999999999679190 ) ) ;
#1323 = CARTESIAN_POINT ( 'NONE',  ( -71.06481513418813734, 4.881880703981343217, -9.699843138154824018 ) ) ;
#1324 = ORIENTED_EDGE ( 'NONE', *, *, #2225, .F. ) ;
#1325 = ORIENTED_EDGE ( 'NONE', *, *, #2526, .F. ) ;
#1326 = DIRECTION ( 'NONE',  ( 0.7071067811865457964, 0.000000000000000000, 0.7071067811865492381 ) ) ;
#1327 = FACE_OUTER_BOUND ( 'NONE', #3558, .T. ) ;
#1328 = CARTESIAN_POINT ( 'NONE',  ( -78.93256342624765409, -19.94166011649738834, -10.00000000000000178 ) ) ;
#1329 = CIRCLE ( 'NONE', #3544, 0.3000000000000085931 ) ;
#1330 = AXIS2_PLACEMENT_3D ( 'NONE', #2127, #3344, #2185 ) ;
#1331 = CARTESIAN_POINT ( 'NONE',  ( 71.61944700797417340, 4.983715482915438422, 9.300000000000000711 ) ) ;
#1332 = CARTESIAN_POINT ( 'NONE',  ( 79.13043992295045825, -18.03019326533500788, 9.999999999999998224 ) ) ;
#1333 = CARTESIAN_POINT ( 'NONE',  ( 77.99173106823847945, 2.050512505699209509, -10.00000000000255973 ) ) ;
#1334 = EDGE_CURVE ( 'NONE', #2938, #2286, #2556, .T. ) ;
#1335 = CARTESIAN_POINT ( 'NONE',  ( -78.49999999999998579, -16.00000000000002132, 9.300000000000000711 ) ) ;
#1336 = CARTESIAN_POINT ( 'NONE',  ( -71.71902604798772529, -0.2595130239938359673, 36.74048697600616009 ) ) ;
#1337 = ADVANCED_FACE ( 'NONE', ( #1054 ), #1793, .T. ) ;
#1338 = CARTESIAN_POINT ( 'NONE',  ( -76.19999999999998863, -16.00000000000001776, 10.00000000000000000 ) ) ;
#1339 = CARTESIAN_POINT ( 'NONE',  ( 76.98605117725270475, -16.29809324951143168, -9.999999999999998224 ) ) ;
#1340 = ORIENTED_EDGE ( 'NONE', *, *, #1596, .T. ) ;
#1341 = CARTESIAN_POINT ( 'NONE',  ( 77.76775105902829921, 1.274377688993801661, 10.00000000000000178 ) ) ;
#1342 = CARTESIAN_POINT ( 'NONE',  ( -79.20000000173592980, -16.21482120108702318, 10.00000000000070521 ) ) ;
#1343 = ORIENTED_EDGE ( 'NONE', *, *, #2272, .T. ) ;
#1344 = EDGE_LOOP ( 'NONE', ( #3423, #529, #1061, #1574, #103, #2056, #2998, #3299, #3118, #763, #1784, #2144 ) ) ;
#1345 = VECTOR ( 'NONE', #578, 1000.000000000000000 ) ;
#1346 = EDGE_LOOP ( 'NONE', ( #1667, #2459, #341, #2716 ) ) ;
#1347 = CARTESIAN_POINT ( 'NONE',  ( -77.12033000098375624, -16.57451735026335271, -9.999999999999994671 ) ) ;
#1348 = DIRECTION ( 'NONE',  ( -0.7071067811865469066, 0.7071067811865481278, 0.000000000000000000 ) ) ;
#1349 = DIRECTION ( 'NONE',  ( 0.000000000000000000, 0.000000000000000000, 1.000000000000000000 ) ) ;
#1350 = CARTESIAN_POINT ( 'NONE',  ( 76.20082782229260943, -16.03795057717330863, 9.300000000000006040 ) ) ;
#1351 = CARTESIAN_POINT ( 'NONE',  ( -77.19963048882137002, -16.71026504391895173, 10.00000000000000000 ) ) ;
#1352 = UNCERTAINTY_MEASURE_WITH_UNIT (LENGTH_MEASURE( 1.000000000000000082E-05 ), #1859, 'distance_accuracy_value', 'NONE');
#1353 = AXIS2_PLACEMENT_3D ( 'NONE', #1175, #3612, #1137 ) ;
#1354 = CARTESIAN_POINT ( 'NONE',  ( 77.51139501975796975, 1.540309619103819028, -10.00000000000000178 ) ) ;
#1355 = DIRECTION ( 'NONE',  ( 0.000000000000000000, -0.000000000000000000, -1.000000000000000000 ) ) ;
#1356 = CARTESIAN_POINT ( 'NONE',  ( -76.20233109084927037, -16.06252435826159441, 10.00000000000000178 ) ) ;
#1357 = CARTESIAN_POINT ( 'NONE',  ( -72.12310020557336543, 4.216062498204107278, -10.00000000000000178 ) ) ;
#1358 = DIRECTION ( 'NONE',  ( 0.000000000000000000, -0.000000000000000000, -1.000000000000000000 ) ) ;
#1359 = EDGE_CURVE ( 'NONE', #1688, #1702, #2536, .T. ) ;
#1360 = CARTESIAN_POINT ( 'NONE',  ( 73.95992131787053836, 4.445020889516641205, 9.299999999999998934 ) ) ;
#1361 = PRODUCT_DEFINITION_SHAPE ( 'NONE', 'NONE',  #1114 ) ;
#1362 = CARTESIAN_POINT ( 'NONE',  ( -79.22589954728130124, -16.42317617130106200, 10.00000000000000178 ) ) ;
#1363 = ORIENTED_EDGE ( 'NONE', *, *, #1909, .F. ) ;
#1364 = ADVANCED_FACE ( 'NONE', ( #2972 ), #1677, .T. ) ;
#1365 = AXIS2_PLACEMENT_3D ( 'NONE', #2861, #451, #2898 ) ;
#1366 = ORIENTED_EDGE ( 'NONE', *, *, #3394, .F. ) ;
#1367 = CIRCLE ( 'NONE', #2441, 0.6999999999999992895 ) ;
#1368 = CARTESIAN_POINT ( 'NONE',  ( -76.20307692756352935, -16.07135518036021793, -9.300000000000002487 ) ) ;
#1369 = CARTESIAN_POINT ( 'NONE',  ( 74.34337599777934713, 4.319784721251612503, -9.999999999998728129 ) ) ;
#1370 = DIRECTION ( 'NONE',  ( 0.000000000000000000, 1.000000000000000000, 0.000000000000000000 ) ) ;
#1371 = ORIENTED_EDGE ( 'NONE', *, *, #3581, .F. ) ;
#1372 = CARTESIAN_POINT ( 'NONE',  ( 76.20233297670591810, -16.06252424193158035, -9.300000000000000711 ) ) ;
#1373 = CARTESIAN_POINT ( 'NONE',  ( -76.34291329221603917, -16.57628019691680521, 10.00000000000013500 ) ) ;
#1374 = PLANE ( 'NONE',  #3778 ) ;
#1375 = CARTESIAN_POINT ( 'NONE',  ( 81.85048596506307206, -21.39353402747516242, -10.00000000000000000 ) ) ;
#1376 = CIRCLE ( 'NONE', #1244, 1.000000000000000888 ) ;
#1377 = CARTESIAN_POINT ( 'NONE',  ( -71.20000000000000284, 4.299999999999982947, 9.999999999999996447 ) ) ;
#1378 = CARTESIAN_POINT ( 'NONE',  ( 71.94131973667748525, 4.245284939989063311, 10.00000000000000000 ) ) ;
#1379 = CARTESIAN_POINT ( 'NONE',  ( -79.98429842706312343, -18.05808229595967163, 9.300000000000464340 ) ) ;
#1380 = ORIENTED_EDGE ( 'NONE', *, *, #2221, .F. ) ;
#1381 = EDGE_CURVE ( 'NONE', #3323, #3719, #1447, .T. ) ;
#1382 = ORIENTED_EDGE ( 'NONE', *, *, #751, .F. ) ;
#1383 = FACE_OUTER_BOUND ( 'NONE', #1931, .T. ) ;
#1384 = CARTESIAN_POINT ( 'NONE',  ( -77.62043617850989108, 1.425415032684267169, 10.00000000000000000 ) ) ;
#1385 = ORIENTED_EDGE ( 'NONE', *, *, #1832, .F. ) ;
#1386 = CARTESIAN_POINT ( 'NONE',  ( -78.07871986666292230, 1.957325401334678805, -9.299999999999997158 ) ) ;
#1387 = CARTESIAN_POINT ( 'NONE',  ( 78.49999999999998579, 0.000000000000000000, 9.300000000000000711 ) ) ;
#1388 = CYLINDRICAL_SURFACE ( 'NONE', #838, 0.6999999999999992895 ) ;
#1389 = ORIENTED_EDGE ( 'NONE', *, *, #612, .F. ) ;
#1390 = CARTESIAN_POINT ( 'NONE',  ( 76.23865964000438566, -16.27247404251859209, -9.999999999999982236 ) ) ;
#1391 = B_SPLINE_CURVE_WITH_KNOTS ( 'NONE', 3,
 ( #3659, #1261, #3454, #936, #3123, #2174 ),
 .UNSPECIFIED., .F., .F.,
 ( 4, 2, 4 ),
 ( 0.000000000000000000, 0.0004848147044218719314, 0.0009696294088437438629 ),
 .UNSPECIFIED. ) ;
#1392 = B_SPLINE_CURVE_WITH_KNOTS ( 'NONE', 3,
 ( #407, #981, #3704, #1285, #3760, #1331, #2193, #1046, #1602, #717, #2832, #1945, #3414, #2547, #679, #2255, #86, #3476, #3742, #1026, #2232, #734, #411, #3763, #1979, #2237, #3462, #3479, #170, #473 ),
 .UNSPECIFIED., .F., .F.,
 ( 4, 2, 2, 2, 2, 2, 2, 2, 2, 2, 2, 2, 2, 2, 4 ),
 ( -5.999999998351762022E-08, 0.0001547263411343192745, 0.0003095126822686220382, 0.0006190853645371865825, 0.001238230729074356979, 0.002476521458148697990, 0.003714812187223038784, 0.004953102916297380011, 0.006191393645371722106, 0.007429684374446063333, 0.008048829738983232646, 0.008667975103520403693, 0.009287120468057573006, 0.009596693150326150723, 0.009906265832594726706 ),
 .UNSPECIFIED. ) ;
#1393 = DIRECTION ( 'NONE',  ( 1.000000000000000000, 0.000000000000000000, 0.000000000000000000 ) ) ;
#1394 = DIRECTION ( 'NONE',  ( 0.000000000000000000, -0.000000000000000000, 1.000000000000000000 ) ) ;
#1395 = DIRECTION ( 'NONE',  ( 1.000000000000000000, 0.000000000000000000, 0.000000000000000000 ) ) ;
#1396 = CARTESIAN_POINT ( 'NONE',  ( -78.75887433721146635, -17.31665131272464109, -10.00000000000000888 ) ) ;
#1397 = CARTESIAN_POINT ( 'NONE',  ( 77.12033001590660319, -16.57451734212244787, 10.00000000000000178 ) ) ;
#1398 = CARTESIAN_POINT ( 'NONE',  ( -80.98479131348886995, -19.20473392791367218, 10.00000000000000178 ) ) ;
#1399 = ORIENTED_EDGE ( 'NONE', *, *, #556, .T. ) ;
#1400 = ORIENTED_EDGE ( 'NONE', *, *, #2012, .F. ) ;
#1401 = CARTESIAN_POINT ( 'NONE',  ( -76.93176189717475211, -16.15142245867581394, -10.00000000000000178 ) ) ;
#1402 = VERTEX_POINT ( 'NONE', #1753 ) ;
#1403 = EDGE_CURVE ( 'NONE', #2936, #3493, #3741, .T. ) ;
#1404 = AXIS2_PLACEMENT_3D ( 'NONE', #3193, #2944, #1806 ) ;
#1405 = EDGE_CURVE ( 'NONE', #3155, #2027, #2948, .T. ) ;
#1406 = VERTEX_POINT ( 'NONE', #517 ) ;
#1407 = ADVANCED_FACE ( 'NONE', ( #3864 ), #1736, .T. ) ;
#1408 = DIRECTION ( 'NONE',  ( -1.000000000000000000, 0.000000000000000000, 0.000000000000000000 ) ) ;
#1409 = CARTESIAN_POINT ( 'NONE',  ( 76.28448573925031440, -16.42235351041051672, -9.299999999999903011 ) ) ;
#1410 = CARTESIAN_POINT ( 'NONE',  ( -76.38389696556474462, -16.66522957956183504, 9.999999999999799272 ) ) ;
#1411 = FACE_OUTER_BOUND ( 'NONE', #1981, .T. ) ;
#1412 = DIRECTION ( 'NONE',  ( -0.000000000000000000, -0.000000000000000000, 1.000000000000000000 ) ) ;
#1413 = EDGE_LOOP ( 'NONE', ( #1077, #2978, #3875, #541 ) ) ;
#1414 = CARTESIAN_POINT ( 'NONE',  ( 76.89999999999999147, -16.00000000000000000, 10.00000000000000000 ) ) ;
#1415 = CARTESIAN_POINT ( 'NONE',  ( 78.93256342625191735, -19.94166011649844705, 10.00000000000053646 ) ) ;
#1416 = LINE ( 'NONE', #707, #1853 ) ;
#1417 = VERTEX_POINT ( 'NONE', #2930 ) ;
#1418 = DIRECTION ( 'NONE',  ( -1.000000000000000000, 0.000000000000000000, -1.387778780781444413E-14 ) ) ;
#1419 = ORIENTED_EDGE ( 'NONE', *, *, #3268, .F. ) ;
#1420 = CARTESIAN_POINT ( 'NONE',  ( -76.87065815415274983, -17.50181699754709896, -10.00000000000026645 ) ) ;
#1421 = CARTESIAN_POINT ( 'NONE',  ( -79.20000000000000284, -17.69064839673692546, 9.300000000000000711 ) ) ;
#1422 = CARTESIAN_POINT ( 'NONE',  ( 79.19999999999998863, 0.000000000000000000, 5.700000000000002842 ) ) ;
#1423 = EDGE_CURVE ( 'NONE', #2680, #2326, #2990, .T. ) ;
#1424 = FACE_OUTER_BOUND ( 'NONE', #3598, .T. ) ;
#1425 = LINE ( 'NONE', #154, #271 ) ;
#1426 = EDGE_CURVE ( 'NONE', #3209, #2433, #3804, .T. ) ;
#1427 = CARTESIAN_POINT ( 'NONE',  ( -79.05221043456630525, 0.6483086326227542884, -9.999999999999912959 ) ) ;
#1428 = VECTOR ( 'NONE', #3232, 1000.000000000000000 ) ;
#1429 = CARTESIAN_POINT ( 'NONE',  ( 76.25239684250074390, -16.32879229869929461, 9.300000000000004263 ) ) ;
#1430 = DIRECTION ( 'NONE',  ( 0.000000000000000000, 0.000000000000000000, -1.000000000000000000 ) ) ;
#1431 = CARTESIAN_POINT ( 'NONE',  ( -3.187155992608308074E-15, 3.000000000000000000, -35.00000000000000000 ) ) ;
#1432 = CARTESIAN_POINT ( 'NONE',  ( 81.25325973739242613, -20.44796731871885953, 9.999999999999994671 ) ) ;
#1433 = CARTESIAN_POINT ( 'NONE',  ( 79.20000000000000284, 2.002967142162725287E-29, 10.00000000000000178 ) ) ;
#1434 = DIRECTION ( 'NONE',  ( 0.000000000000000000, -1.000000000000000000, 0.000000000000000000 ) ) ;
#1435 = CARTESIAN_POINT ( 'NONE',  ( -79.24287099213485419, -16.48637926794825503, -9.299999999999997158 ) ) ;
#1436 = EDGE_LOOP ( 'NONE', ( #3871, #3689, #1884, #1049 ) ) ;
#1437 = CARTESIAN_POINT ( 'NONE',  ( 78.47854471345534932, 0.1710319214234089780, 10.00000000000000178 ) ) ;
#1438 = ORIENTED_EDGE ( 'NONE', *, *, #2526, .T. ) ;
#1439 = EDGE_LOOP ( 'NONE', ( #2718, #1324, #1955, #1069 ) ) ;
#1440 = LINE ( 'NONE', #1780, #2949 ) ;
#1441 = B_SPLINE_CURVE_WITH_KNOTS ( 'NONE', 3,
 ( #466, #782, #437, #2597, #2010, #122 ),
 .UNSPECIFIED., .F., .F.,
 ( 4, 2, 4 ),
 ( 0.000000000000000000, 0.0003738740802176516455, 0.0007477481604353032911 ),
 .UNSPECIFIED. ) ;
#1442 = CARTESIAN_POINT ( 'NONE',  ( 76.02004751406066418, 2.667652021802891849, -9.999999999999998224 ) ) ;
#1443 = CARTESIAN_POINT ( 'NONE',  ( -71.78578643762692479, 4.414213562373096700, -9.983686643913044279 ) ) ;
#1444 = CARTESIAN_POINT ( 'NONE',  ( -77.89375055547330362, 1.136575436914400994, -10.00000000000000000 ) ) ;
#1445 = CARTESIAN_POINT ( 'NONE',  ( 76.44297735037179109, -16.79014571265998512, 9.299999999999998934 ) ) ;
#1446 = EDGE_CURVE ( 'NONE', #3470, #949, #3843, .T. ) ;
#1447 = LINE ( 'NONE', #2062, #1529 ) ;
#1448 = AXIS2_PLACEMENT_3D ( 'NONE', #2199, #685, #94 ) ;
#1449 = AXIS2_PLACEMENT_3D ( 'NONE', #3927, #2471, #945 ) ;
#1450 = CARTESIAN_POINT ( 'NONE',  ( -80.11468477246899056, -19.30994215308503570, -10.00000000000000355 ) ) ;
#1451 = EDGE_CURVE ( 'NONE', #695, #3648, #2380, .T. ) ;
#1452 = CARTESIAN_POINT ( 'NONE',  ( 76.89999999999999147, 0.000000000000000000, 9.300000000000000711 ) ) ;
#1453 = CARTESIAN_POINT ( 'NONE',  ( 76.50830568993892200, -16.91595908324159225, 9.299999999999736033 ) ) ;
#1454 = CARTESIAN_POINT ( 'NONE',  ( 79.19999999999998863, -10.71005050633883826, 5.289949493661167956 ) ) ;
#1455 = ORIENTED_EDGE ( 'NONE', *, *, #1828, .F. ) ;
#1456 = DIRECTION ( 'NONE',  ( 0.000000000000000000, 1.000000000000000000, 0.000000000000000000 ) ) ;
#1457 = ORIENTED_EDGE ( 'NONE', *, *, #2425, .T. ) ;
#1458 = CARTESIAN_POINT ( 'NONE',  ( -76.20000000000001705, 0.000000000000000000, -35.00000000000000000 ) ) ;
#1459 = ORIENTED_EDGE ( 'NONE', *, *, #1828, .T. ) ;
#1460 = DIRECTION ( 'NONE',  ( -0.7071067811865465735, 0.7071067811865485719, -9.342343347386983108E-16 ) ) ;
#1461 = ORIENTED_EDGE ( 'NONE', *, *, #402, .T. ) ;
#1462 = DIRECTION ( 'NONE',  ( -0.000000000000000000, -0.000000000000000000, -1.000000000000000000 ) ) ;
#1463 = CARTESIAN_POINT ( 'NONE',  ( -77.44677062673726198, -17.10277162896898773, 10.00000000000000178 ) ) ;
#1464 = CARTESIAN_POINT ( 'NONE',  ( 77.19963048882027579, -16.71026504391785394, -9.999999999999998224 ) ) ;
#1465 = CARTESIAN_POINT ( 'NONE',  ( -74.34337599778442041, 4.319784721246813675, 9.999999999998086864 ) ) ;
#1466 = CARTESIAN_POINT ( 'NONE',  ( -78.37023881761447797, 0.4485153602726701383, -9.999999999999994671 ) ) ;
#1467 = CARTESIAN_POINT ( 'NONE',  ( 78.49999999999994316, -11.00000000000000000, -4.999999999999997335 ) ) ;
#1468 = CARTESIAN_POINT ( 'NONE',  ( 71.20000000000000284, 5.000000000000000000, 0.000000000000000000 ) ) ;
#1469 = DIRECTION ( 'NONE',  ( -0.000000000000000000, 0.000000000000000000, 1.000000000000000000 ) ) ;
#1470 = DIRECTION ( 'NONE',  ( 0.000000000000000000, 0.7071067811865487940, 0.7071067811865462405 ) ) ;
#1471 = DIRECTION ( 'NONE',  ( -0.5773502691896239547, 0.5773502691896283956, -0.5773502691896250649 ) ) ;
#1472 = CARTESIAN_POINT ( 'NONE',  ( 76.59677302447462921, -17.06643177820860302, 10.00000000000027178 ) ) ;
#1473 = CARTESIAN_POINT ( 'NONE',  ( 80.98754635751025432, -19.20751318468786906, 9.300000000000466116 ) ) ;
#1474 = ORIENTED_EDGE ( 'NONE', *, *, #2646, .T. ) ;
#1475 = DIRECTION ( 'NONE',  ( 1.000000000000000000, 0.000000000000000000, 0.000000000000000000 ) ) ;
#1476 = ADVANCED_FACE ( 'NONE', ( #815 ), #252, .T. ) ;
#1477 = CIRCLE ( 'NONE', #1577, 0.7000000000000061728 ) ;
#1478 = EDGE_LOOP ( 'NONE', ( #484, #157, #2623, #1095 ) ) ;
#1479 = CARTESIAN_POINT ( 'NONE',  ( 79.24287099213486840, -16.48637926794824082, 9.300000000000004263 ) ) ;
#1480 = ORIENTED_EDGE ( 'NONE', *, *, #2701, .T. ) ;
#1481 = CARTESIAN_POINT ( 'NONE',  ( -82.15122740885836095, -20.32192202347069454, 9.300000000000000711 ) ) ;
#1482 = ORIENTED_EDGE ( 'NONE', *, *, #1499, .F. ) ;
#1483 = VECTOR ( 'NONE', #1719, 1000.000000000000000 ) ;
#1484 = CARTESIAN_POINT ( 'NONE',  ( -71.20000000000000284, 4.999999999999983125, 9.300000000000000711 ) ) ;
#1485 = CIRCLE ( 'NONE', #3700, 0.7000000000000007327 ) ;
#1486 = CARTESIAN_POINT ( 'NONE',  ( 77.06634183555296147, -17.77014089976932354, -9.300000000000540723 ) ) ;
#1487 = CIRCLE ( 'NONE', #1902, 0.6999999999999992895 ) ;
#1488 = CARTESIAN_POINT ( 'NONE',  ( -78.27809805667939713, 1.753942161581775183, -9.300000000000164135 ) ) ;
#1489 = CARTESIAN_POINT ( 'NONE',  ( 76.21318230934936366, -16.16658782605793121, 9.300000000000002487 ) ) ;
#1490 = LINE ( 'NONE', #3376, #1345 ) ;
#1491 = CARTESIAN_POINT ( 'NONE',  ( -75.50589675428882686, -4.755382578733916278E-33, -9.556041806759543178 ) ) ;
#1492 = LINE ( 'NONE', #1796, #3889 ) ;
#1493 = CIRCLE ( 'NONE', #3768, 1.000000000000000888 ) ;
#1494 = CARTESIAN_POINT ( 'NONE',  ( 71.71902604798768266, 2.240486976006160535, 34.24048697600613167 ) ) ;
#1495 = ORIENTED_EDGE ( 'NONE', *, *, #2646, .F. ) ;
#1496 = CARTESIAN_POINT ( 'NONE',  ( 71.96026563736980108, 4.239734362630184883, 10.00000000000000000 ) ) ;
#1497 = CARTESIAN_POINT ( 'NONE',  ( -79.19999999999998863, -11.00000000000000355, 5.000000000000002665 ) ) ;
#1498 = PLANE ( 'NONE',  #3455 ) ;
#1499 = EDGE_CURVE ( 'NONE', #3047, #1406, #1957, .T. ) ;
#1500 = CARTESIAN_POINT ( 'NONE',  ( -80.74759230578762015, -18.96011064837351157, 9.299999999999997158 ) ) ;
#1501 = ORIENTED_EDGE ( 'NONE', *, *, #117, .T. ) ;
#1502 = CARTESIAN_POINT ( 'NONE',  ( 79.19999999999998863, -16.00000000000000000, 10.00000000000000000 ) ) ;
#1503 = CARTESIAN_POINT ( 'NONE',  ( -82.85048596506307206, -21.39353402747518373, -9.300000000000000711 ) ) ;
#1504 = EDGE_LOOP ( 'NONE', ( #1380, #1775, #3507, #3014, #2651, #2847 ) ) ;
#1505 = DIRECTION ( 'NONE',  ( 0.000000000000000000, -0.000000000000000000, 1.000000000000000000 ) ) ;
#1506 = CARTESIAN_POINT ( 'NONE',  ( -77.05799339837567175, 2.815626906187806533, -10.00000000000063594 ) ) ;
#1507 = CARTESIAN_POINT ( 'NONE',  ( 77.30240631810958973, 2.634838062520354462, -9.299999999999998934 ) ) ;
#1508 = CARTESIAN_POINT ( 'NONE',  ( 78.41126368118624157, 0.3627308227503537319, -10.00000000000000000 ) ) ;
#1509 = DIRECTION ( 'NONE',  ( -0.7327703957862706785, 0.6804759709638777965, 0.000000000000000000 ) ) ;
#1510 = LINE ( 'NONE', #272, #647 ) ;
#1511 = DIRECTION ( 'NONE',  ( -5.973473764665449934E-16, -0.7071067811865457964, 0.7071067811865492381 ) ) ;
#1512 = TOROIDAL_SURFACE ( 'NONE', #428, 0.3000000000000026534, 0.6999999999999999556 ) ;
#1513 = EDGE_LOOP ( 'NONE', ( #1552, #545, #2092, #2806, #670, #2307, #30, #2918, #1539 ) ) ;
#1514 = CARTESIAN_POINT ( 'NONE',  ( 70.37157287525380411, 5.000000000000000000, 31.17157287525377996 ) ) ;
#1515 = VERTEX_POINT ( 'NONE', #1 ) ;
#1516 = CARTESIAN_POINT ( 'NONE',  ( 81.25233293664476264, -20.44714053150810784, -10.00000000000000000 ) ) ;
#1517 = CARTESIAN_POINT ( 'NONE',  ( 76.19999999999998863, -16.00000000000000000, -9.300000000000000711 ) ) ;
#1518 = CARTESIAN_POINT ( 'NONE',  ( -76.30726369864314051, 2.483224228240753284, -9.999999999999998224 ) ) ;
#1519 = EDGE_LOOP ( 'NONE', ( #1722, #171, #2700 ) ) ;
#1520 = CARTESIAN_POINT ( 'NONE',  ( 80.98479131347767179, -19.20473392790337286, -10.00000000000046718 ) ) ;
#1521 = CARTESIAN_POINT ( 'NONE',  ( -76.20000000000001705, -8.336137946140028038E-15, -34.99999999999999289 ) ) ;
#1522 = ADVANCED_FACE ( 'NONE', ( #3644 ), #1837, .F. ) ;
#1523 = CARTESIAN_POINT ( 'NONE',  ( -72.63105147251769722, 4.115374675147332795, 10.00000000000000000 ) ) ;
#1524 = CARTESIAN_POINT ( 'NONE',  ( 78.07814553601443208, -19.01488993023897578, -9.999999999999470646 ) ) ;
#1525 = EDGE_CURVE ( 'NONE', #375, #2027, #3435, .T. ) ;
#1526 = CARTESIAN_POINT ( 'NONE',  ( -71.20000000000000284, 4.999999999999976907, -9.300000000000000711 ) ) ;
#1527 = DIRECTION ( 'NONE',  ( -0.000000000000000000, -1.000000000000000000, -0.000000000000000000 ) ) ;
#1528 = CARTESIAN_POINT ( 'NONE',  ( 79.05337708916337647, 0.6456437522372769910, -9.299999999999755573 ) ) ;
#1529 = VECTOR ( 'NONE', #535, 1000.000000000000000 ) ;
#1530 =( BOUNDED_CURVE ( )  B_SPLINE_CURVE ( 3, ( #2111, #2660, #279, #3562 ),
 .UNSPECIFIED., .F., .F. ) 
 B_SPLINE_CURVE_WITH_KNOTS ( ( 4, 4 ),
 ( 4.712388980384689674, 6.283185307179586232 ),
 .UNSPECIFIED. ) 
 CURVE ( )  GEOMETRIC_REPRESENTATION_ITEM ( )  RATIONAL_B_SPLINE_CURVE ( ( 1.000000000000000000, 0.8047378541243649375, 0.8047378541243649375, 1.000000000000000000 ) ) 
 REPRESENTATION_ITEM ( '' )  );
#1531 = CARTESIAN_POINT ( 'NONE',  ( -71.71902604798772529, 0.000000000000000000, 36.48097395201231308 ) ) ;
#1532 = VERTEX_POINT ( 'NONE', #2424 ) ;
#1533 = CARTESIAN_POINT ( 'NONE',  ( -71.20000000000000284, 4.299999999999999822, 9.300000000000000711 ) ) ;
#1534 = FACE_OUTER_BOUND ( 'NONE', #1504, .T. ) ;
#1535 = LINE ( 'NONE', #51, #1162 ) ;
#1536 = CARTESIAN_POINT ( 'NONE',  ( 80.71280493008066514, -21.70172796489795886, 9.999999999987680965 ) ) ;
#1537 = VECTOR ( 'NONE', #3278, 1000.000000000000000 ) ;
#1538 = CARTESIAN_POINT ( 'NONE',  ( -78.42285127818163915, 0.3344098751983489159, -9.999999999999998224 ) ) ;
#1539 = ORIENTED_EDGE ( 'NONE', *, *, #2872, .T. ) ;
#1540 = CARTESIAN_POINT ( 'NONE',  ( -78.69329423748303043, 1.259096843377091268, 10.00000000000032330 ) ) ;
#1541 = CARTESIAN_POINT ( 'NONE',  ( -77.12164170583835698, -16.57689700144201339, 10.00000000000000000 ) ) ;
#1542 = FACE_OUTER_BOUND ( 'NONE', #2134, .T. ) ;
#1543 = DIRECTION ( 'NONE',  ( -1.387778780781444413E-14, 0.000000000000000000, 1.000000000000000000 ) ) ;
#1544 = VECTOR ( 'NONE', #2049, 1000.000000000000000 ) ;
#1545 = DIRECTION ( 'NONE',  ( 0.000000000000000000, 0.000000000000000000, -1.000000000000000000 ) ) ;
#1546 = DIRECTION ( 'NONE',  ( 0.000000000000000000, 1.000000000000000000, 0.000000000000000000 ) ) ;
#1547 = EDGE_CURVE ( 'NONE', #1570, #3184, #3432, .T. ) ;
#1548 = CARTESIAN_POINT ( 'NONE',  ( -76.89999999999999147, -16.00000000000001776, -10.00000000000000000 ) ) ;
#1549 = LINE ( 'NONE', #3070, #2177 ) ;
#1550 = CARTESIAN_POINT ( 'NONE',  ( -82.05013230893472098, -21.16961141276491887, -10.00000000000000000 ) ) ;
#1551 = CARTESIAN_POINT ( 'NONE',  ( -82.85048596506307206, -16.00000000000000000, 5.000000000000002665 ) ) ;
#1552 = ORIENTED_EDGE ( 'NONE', *, *, #3349, .T. ) ;
#1553 =( BOUNDED_CURVE ( )  B_SPLINE_CURVE ( 3, ( #1084, #2906, #3838, #189 ),
 .UNSPECIFIED., .F., .T. ) 
 B_SPLINE_CURVE_WITH_KNOTS ( ( 4, 4 ),
 ( 5.667705598509201970, 6.283185307179586232 ),
 .UNSPECIFIED. ) 
 CURVE ( )  GEOMETRIC_REPRESENTATION_ITEM ( )  RATIONAL_B_SPLINE_CURVE ( ( 1.000000000000000000, 0.9686804092476153372, 0.9686804092476153372, 1.000000000000000000 ) ) 
 REPRESENTATION_ITEM ( '' )  );
#1554 = CARTESIAN_POINT ( 'NONE',  ( 69.78578643762686795, 3.585786437626928169, 31.36432550960841681 ) ) ;
#1555 = LINE ( 'NONE', #2719, #968 ) ;
#1556 = CARTESIAN_POINT ( 'NONE',  ( -81.73129441181913535, -19.93642110149916746, 10.00000000000000178 ) ) ;
#1557 = CARTESIAN_POINT ( 'NONE',  ( 80.10998009549676624, -18.22048508587174709, -9.300000000000006040 ) ) ;
#1558 = ORIENTED_EDGE ( 'NONE', *, *, #592, .T. ) ;
#1559 = CARTESIAN_POINT ( 'NONE',  ( -76.20000000000001705, 0.000000000000000000, -9.939004000042356068 ) ) ;
#1560 = CARTESIAN_POINT ( 'NONE',  ( -81.19377880665011560, -21.19309819971475051, -10.00000000000000000 ) ) ;
#1561 = CIRCLE ( 'NONE', #3775, 1.000000000000000888 ) ;
#1562 = CARTESIAN_POINT ( 'NONE',  ( 78.17429174513370072, 0.7793817761680192913, -9.999999999999998224 ) ) ;
#1563 = CARTESIAN_POINT ( 'NONE',  ( 76.90000272147277371, -16.00244682325003254, 10.00000000000000355 ) ) ;
#1564 = FACE_OUTER_BOUND ( 'NONE', #805, .T. ) ;
#1565 = CARTESIAN_POINT ( 'NONE',  ( 79.20000000000000284, 0.000000000000000000, -10.00000000000000178 ) ) ;
#1566 = DIRECTION ( 'NONE',  ( 0.000000000000000000, 0.000000000000000000, -1.000000000000000000 ) ) ;
#1567 = DIRECTION ( 'NONE',  ( 0.000000000000000000, 1.000000000000000000, 0.000000000000000000 ) ) ;
#1568 = DIRECTION ( 'NONE',  ( 0.000000000000000000, 0.000000000000000000, -1.000000000000000000 ) ) ;
#1569 = EDGE_CURVE ( 'NONE', #2938, #3047, #2093, .T. ) ;
#1570 = VERTEX_POINT ( 'NONE', #270 ) ;
#1571 = CARTESIAN_POINT ( 'NONE',  ( 76.19999999999998863, -1.000000000000000000, -9.300000000000000711 ) ) ;
#1572 = EDGE_CURVE ( 'NONE', #632, #3209, #1490, .T. ) ;
#1573 = DIRECTION ( 'NONE',  ( 0.7327703957862706785, 0.6804759709638777965, 0.000000000000000000 ) ) ;
#1574 = ORIENTED_EDGE ( 'NONE', *, *, #284, .T. ) ;
#1575 = ADVANCED_FACE ( 'NONE', ( #349 ), #3329, .T. ) ;
#1576 = FACE_OUTER_BOUND ( 'NONE', #2409, .T. ) ;
#1577 = AXIS2_PLACEMENT_3D ( 'NONE', #2817, #1610, #3402 ) ;
#1578 = CIRCLE ( 'NONE', #1634, 2.000000000000002220 ) ;
#1579 = CARTESIAN_POINT ( 'NONE',  ( -79.19999999999998863, -1.939840445088316431E-14, 9.300000000000000711 ) ) ;
#1580 = ORIENTED_EDGE ( 'NONE', *, *, #462, .T. ) ;
#1581 = CARTESIAN_POINT ( 'NONE',  ( -78.49999999999998579, -1.939840529849406577E-14, 10.00000000000000000 ) ) ;
#1582 = CARTESIAN_POINT ( 'NONE',  ( 75.50385943849266823, 7.562794171913395004E-17, -9.554225229969562250 ) ) ;
#1583 = CARTESIAN_POINT ( 'NONE',  ( 78.47869044953124273, 0.1703532212948033753, -10.00000000000000355 ) ) ;
#1584 = DIRECTION ( 'NONE',  ( 0.000000000000000000, 0.000000000000000000, 1.000000000000000000 ) ) ;
#1585 = DIRECTION ( 'NONE',  ( 0.000000000000000000, -0.7071067811865462405, 0.7071067811865489050 ) ) ;
#1586 = PLANE ( 'NONE',  #1777 ) ;
#1587 = LINE ( 'NONE', #2815, #3867 ) ;
#1588 = CARTESIAN_POINT ( 'NONE',  ( -76.20315737180463600, -16.07230337103961304, 9.300000000000002487 ) ) ;
#1589 = CARTESIAN_POINT ( 'NONE',  ( -79.19999999999998863, -16.00000000000002132, -9.300000000000000711 ) ) ;
#1590 = ORIENTED_EDGE ( 'NONE', *, *, #1595, .F. ) ;
#1591 = DIRECTION ( 'NONE',  ( -1.000000000000000000, 0.000000000000000000, 0.000000000000000000 ) ) ;
#1592 = CARTESIAN_POINT ( 'NONE',  ( 78.12826901912748667, 0.8447720093757427051, 10.00000000000000533 ) ) ;
#1593 = DIRECTION ( 'NONE',  ( -0.000000000000000000, 0.000000000000000000, 1.000000000000000000 ) ) ;
#1594 = VERTEX_POINT ( 'NONE', #3783 ) ;
#1595 = EDGE_CURVE ( 'NONE', #2825, #1143, #3174, .T. ) ;
#1596 = EDGE_CURVE ( 'NONE', #2825, #3536, #2418, .T. ) ;
#1597 = VERTEX_POINT ( 'NONE', #1653 ) ;
#1598 = CARTESIAN_POINT ( 'NONE',  ( -78.45906315966463751, 0.2300866299619561406, 9.999999999999998224 ) ) ;
#1599 = PLANE ( 'NONE',  #208 ) ;
#1600 = VECTOR ( 'NONE', #477, 1000.000000000000000 ) ;
#1601 = SPHERICAL_SURFACE ( 'NONE', #3366, 2.000000000000000000 ) ;
#1602 = CARTESIAN_POINT ( 'NONE',  ( 72.23686108050279131, 4.907120897977853780, 9.300000000000000711 ) ) ;
#1603 = CARTESIAN_POINT ( 'NONE',  ( -77.62673128034391823, -17.35035834909020735, -10.00000000000000888 ) ) ;
#1604 = DIRECTION ( 'NONE',  ( 9.658541207454301472E-17, 0.7071067811865492381, 0.7071067811865457964 ) ) ;
#1605 = DIRECTION ( 'NONE',  ( -0.000000000000000000, -0.000000000000000000, -1.000000000000000000 ) ) ;
#1606 = VERTEX_POINT ( 'NONE', #1878 ) ;
#1607 = CARTESIAN_POINT ( 'NONE',  ( 76.08835469252370842, 0.1116453074762888409, 9.939004000042345410 ) ) ;
#1608 = CARTESIAN_POINT ( 'NONE',  ( -76.89999999999999147, -16.00000000000002132, 10.00000000000000000 ) ) ;
#1609 = CIRCLE ( 'NONE', #1365, 1.999999999999999556 ) ;
#1610 = DIRECTION ( 'NONE',  ( 1.224646799147353207E-16, 1.000000000000000000, 0.000000000000000000 ) ) ;
#1611 = CARTESIAN_POINT ( 'NONE',  ( -79.20000000230668036, -16.21531667750485184, -10.00000000000283507 ) ) ;
#1612 = AXIS2_PLACEMENT_3D ( 'NONE', #2473, #2167, #946 ) ;
#1613 = CARTESIAN_POINT ( 'NONE',  ( 74.32877317849381882, 4.304188666010630548, 9.999999999999356959 ) ) ;
#1614 = FACE_OUTER_BOUND ( 'NONE', #1015, .T. ) ;
#1615 = VERTEX_POINT ( 'NONE', #3107 ) ;
#1616 = ORIENTED_EDGE ( 'NONE', *, *, #2400, .F. ) ;
#1617 = CARTESIAN_POINT ( 'NONE',  ( -79.19999999999998863, -16.24712586840168171, 9.300000000000002487 ) ) ;
#1618 = ORIENTED_EDGE ( 'NONE', *, *, #3870, .F. ) ;
#1619 = CARTESIAN_POINT ( 'NONE',  ( 78.49999999999998579, -16.00000000000000000, 10.00000000000000000 ) ) ;
#1620 = AXIS2_PLACEMENT_3D ( 'NONE', #1431, #2991, #3552 ) ;
#1621 = EDGE_CURVE ( 'NONE', #2956, #1406, #1587, .T. ) ;
#1622 = EDGE_CURVE ( 'NONE', #1891, #1402, #113, .T. ) ;
#1623 = CARTESIAN_POINT ( 'NONE',  ( 76.90559296365390196, -16.04818490923574359, 10.00000000000000000 ) ) ;
#1624 = CARTESIAN_POINT ( 'NONE',  ( 79.43288347338776134, -18.47436741055294718, 9.999999999999998224 ) ) ;
#1625 = CARTESIAN_POINT ( 'NONE',  ( -73.44048697600619846, 2.240486976006141440, 32.51902604798768692 ) ) ;
#1626 = ORIENTED_EDGE ( 'NONE', *, *, #1660, .T. ) ;
#1627 = CARTESIAN_POINT ( 'NONE',  ( -71.06482616523631179, 4.881875683863193593, 9.699848717346705840 ) ) ;
#1628 = CARTESIAN_POINT ( 'NONE',  ( -71.42118072027405162, 4.999999975580750267, -10.00000000000065370 ) ) ;
#1629 = CARTESIAN_POINT ( 'NONE',  ( 76.19999999999998863, 0.000000000000000000, -9.939004000042348963 ) ) ;
#1630 = CARTESIAN_POINT ( 'NONE',  ( 78.23611140258330465, 0.6923688580971114614, 10.00000000000000000 ) ) ;
#1631 = CARTESIAN_POINT ( 'NONE',  ( -79.19999999999998863, -16.00000000000002132, 9.300000000000000711 ) ) ;
#1632 = ORIENTED_EDGE ( 'NONE', *, *, #1805, .F. ) ;
#1633 = CARTESIAN_POINT ( 'NONE',  ( 79.22589954709152948, -16.42317617134799335, -9.299999999999769784 ) ) ;
#1634 = AXIS2_PLACEMENT_3D ( 'NONE', #1236, #627, #2799 ) ;
#1635 = CARTESIAN_POINT ( 'NONE',  ( 76.21719212636040197, -16.17559027356547929, 9.999999999999950262 ) ) ;
#1636 = EDGE_CURVE ( 'NONE', #2070, #1184, #2554, .T. ) ;
#1637 = CARTESIAN_POINT ( 'NONE',  ( 77.99173107062776467, 2.050512508481360907, -9.300000000001602984 ) ) ;
#1638 = EDGE_CURVE ( 'NONE', #3262, #1862, #2335, .T. ) ;
#1639 = CARTESIAN_POINT ( 'NONE',  ( -76.19999999999998863, -16.00000000000001776, 10.00000000000000178 ) ) ;
#1640 = CARTESIAN_POINT ( 'NONE',  ( -72.28578643762693900, 1.085786437626889089, 31.36432550960844523 ) ) ;
#1641 = CARTESIAN_POINT ( 'NONE',  ( -79.13043992295047246, -18.03019326533596711, -9.999999999999998224 ) ) ;
#1642 = CARTESIAN_POINT ( 'NONE',  ( 72.12310020557080747, 4.216062498204364850, 10.00000000000000533 ) ) ;
#1643 = DIRECTION ( 'NONE',  ( -4.956352788505119289E-15, 1.000000000000000000, 4.956352788505168198E-15 ) ) ;
#1644 = ORIENTED_EDGE ( 'NONE', *, *, #2829, .F. ) ;
#1645 = EDGE_LOOP ( 'NONE', ( #438, #2530, #2291, #3833, #96 ) ) ;
#1646 = AXIS2_PLACEMENT_3D ( 'NONE', #495, #1149, #2359 ) ;
#1647 = ORIENTED_EDGE ( 'NONE', *, *, #3512, .F. ) ;
#1648 = CARTESIAN_POINT ( 'NONE',  ( -76.34189051089190059, -16.57381650827380071, -9.299999999999796430 ) ) ;
#1649 = CARTESIAN_POINT ( 'NONE',  ( -76.27849984536118200, -16.40769017528334928, -9.300000000000002487 ) ) ;
#1650 = CARTESIAN_POINT ( 'NONE',  ( -76.59832305885622361, -17.06902882900152107, 9.300000000000403944 ) ) ;
#1651 = CARTESIAN_POINT ( 'NONE',  ( -76.26873089629128799, 3.338686529721704765, -9.300000000000000711 ) ) ;
#1652 = VECTOR ( 'NONE', #2385, 1000.000000000000000 ) ;
#1653 = CARTESIAN_POINT ( 'NONE',  ( 71.20000000000000284, 4.999999999999997335, -9.300000000000000711 ) ) ;
#1654 = ORIENTED_EDGE ( 'NONE', *, *, #780, .T. ) ;
#1655 = DIRECTION ( 'NONE',  ( 0.000000000000000000, -1.000000000000000000, 0.000000000000000000 ) ) ;
#1656 = CARTESIAN_POINT ( 'NONE',  ( -76.22990598691508524, -16.23839632968544322, 10.00000000000003197 ) ) ;
#1657 = DIRECTION ( 'NONE',  ( 0.000000000000000000, 1.000000000000000000, 0.000000000000000000 ) ) ;
#1658 = CARTESIAN_POINT ( 'NONE',  ( 76.94457615781632853, -16.18882792776456370, -10.00000000000000178 ) ) ;
#1659 = VECTOR ( 'NONE', #762, 1000.000000000000114 ) ;
#1660 = EDGE_CURVE ( 'NONE', #3407, #1996, #2823, .T. ) ;
#1661 = CARTESIAN_POINT ( 'NONE',  ( 75.04685296229671110, 3.992659164389298354, 10.00000000000063949 ) ) ;
#1662 = CARTESIAN_POINT ( 'NONE',  ( -80.62604873474020906, -18.83050648381862757, 9.999999999999529265 ) ) ;
#1663 =( GEOMETRIC_REPRESENTATION_CONTEXT ( 3 ) GLOBAL_UNCERTAINTY_ASSIGNED_CONTEXT ( ( #151 ) ) GLOBAL_UNIT_ASSIGNED_CONTEXT ( ( #3412, #2867, #3373 ) ) REPRESENTATION_CONTEXT ( 'NONE', 'WORKASPACE' ) );
#1664 = ORIENTED_EDGE ( 'NONE', *, *, #83, .T. ) ;
#1665 = AXIS2_PLACEMENT_3D ( 'NONE', #2081, #1211, #354 ) ;
#1666 = AXIS2_PLACEMENT_3D ( 'NONE', #2588, #2566, #1975 ) ;
#1667 = ORIENTED_EDGE ( 'NONE', *, *, #1636, .T. ) ;
#1668 =( BOUNDED_SURFACE ( )  B_SPLINE_SURFACE ( 3, 2, ( 
 ( #3037, #298, #3929 ),
 ( #317, #2757, #9 ),
 ( #3425, #1887, #2264 ),
 ( #1378, #742, #1322 ),
 ( #1642, #3733, #159 ),
 ( #121, #2596, #140 ),
 ( #1013, #393, #3751 ),
 ( #3116, #3467, #1360 ),
 ( #3133, #1613, #1969 ),
 ( #3445, #1661, #3717 ),
 ( #2897, #436, #969 ),
 ( #2579, #97, #706 ),
 ( #2245, #1932, #3770 ),
 ( #1057, #2860, #3167 ),
 ( #1034, #3182, #725 ),
 ( #2537, #376, #1951 ),
 ( #3486, #1907, #450 ),
 ( #1341, #3405, #671 ),
 ( #3152, #72, #991 ),
 ( #1592, #416, #2820 ),
 ( #1630, #2517, #1297 ),
 ( #2201, #689, #2558 ),
 ( #2342, #3277, #3538 ),
 ( #1134, #1697, #519 ),
 ( #3790, #2361, #3205 ),
 ( #198, #837, #2041 ),
 ( #2065, #1738, #496 ),
 ( #2282, #1433, #3257 ) ),
 .UNSPECIFIED., .F., .F., .T. ) 
 B_SPLINE_SURFACE_WITH_KNOTS ( ( 4, 2, 2, 2, 2, 2, 2, 2, 2, 2, 2, 2, 2, 4 ),
 ( 3, 3 ),
 ( 0.000000000000000000, 0.0005511725919030280568, 0.001102345183806056114, 0.002204690367612112227, 0.003307035551418168341, 0.004409380735224224454, 0.005511725919030281001, 0.006614071102836336681, 0.007165243694739364955, 0.007716416286642392361, 0.008267588878545419767, 0.008543175174496934338, 0.008680968322472691623, 0.008818761470448448908 ),
 ( 0.000000000000000000, 1.000000000000000000 ),
 .UNSPECIFIED. ) 
 GEOMETRIC_REPRESENTATION_ITEM ( )  RATIONAL_B_SPLINE_SURFACE ( (
 ( 1.000000000000000000, 0.7071067811865475727, 1.000000000000000000),
 ( 1.000000000000000000, 0.7071067811865475727, 1.000000000000000000),
 ( 1.000000000000000000, 0.7071067811865475727, 1.000000000000000000),
 ( 1.000000000000000000, 0.7071067811865475727, 1.000000000000000000),
 ( 1.000000000000000000, 0.7071067811865466846, 1.000000000000000000),
 ( 1.000000000000000000, 0.7071067811865466846, 1.000000000000000000),
 ( 1.000000000000000000, 0.7071067811865476838, 1.000000000000000000),
 ( 1.000000000000000000, 0.7071067811865476838, 1.000000000000000000),
 ( 1.000000000000000000, 0.7071067811865475727, 1.000000000000000000),
 ( 1.000000000000000000, 0.7071067811865475727, 1.000000000000000000),
 ( 1.000000000000000000, 0.7071067811865475727, 1.000000000000000000),
 ( 1.000000000000000000, 0.7071067811865475727, 1.000000000000000000),
 ( 1.000000000000000000, 0.7071067811865475727, 1.000000000000000000),
 ( 1.000000000000000000, 0.7071067811865475727, 1.000000000000000000),
 ( 1.000000000000000000, 0.7071067811865475727, 1.000000000000000000),
 ( 1.000000000000000000, 0.7071067811865475727, 1.000000000000000000),
 ( 1.000000000000000000, 0.7071067811865474617, 1.000000000000000000),
 ( 1.000000000000000000, 0.7071067811865474617, 1.000000000000000000),
 ( 1.000000000000000000, 0.7071067811865466846, 1.000000000000000000),
 ( 1.000000000000000000, 0.7071067811865466846, 1.000000000000000000),
 ( 1.000000000000000000, 0.7071067811865475727, 1.000000000000000000),
 ( 1.000000000000000000, 0.7071067811865475727, 1.000000000000000000),
 ( 1.000000000000000000, 0.7071067811865475727, 1.000000000000000000),
 ( 1.000000000000000000, 0.7071067811865475727, 1.000000000000000000),
 ( 1.000000000000000000, 0.7071067811865475727, 1.000000000000000000),
 ( 1.000000000000000000, 0.7071067811865475727, 1.000000000000000000),
 ( 1.000000000000000000, 0.7071067811865475727, 1.000000000000000000),
 ( 1.000000000000000000, 0.7071067811865475727, 1.000000000000000000) ) ) 
 REPRESENTATION_ITEM ( '' )  SURFACE ( )  );
#1669 = CARTESIAN_POINT ( 'NONE',  ( 76.19999999999998863, -16.00000000000000000, 9.300000000000000711 ) ) ;
#1670 = CIRCLE ( 'NONE', #1238, 0.6999999999999992895 ) ;
#1671 = VERTEX_POINT ( 'NONE', #3210 ) ;
#1672 = CARTESIAN_POINT ( 'NONE',  ( -82.85048596506307206, -11.00000000000000000, -4.999999999999997335 ) ) ;
#1673 = ORIENTED_EDGE ( 'NONE', *, *, #1138, .T. ) ;
#1674 = CARTESIAN_POINT ( 'NONE',  ( 76.91148061705361272, -16.07726913205909725, -9.999999999999994671 ) ) ;
#1675 = LINE ( 'NONE', #3516, #613 ) ;
#1676 = DIRECTION ( 'NONE',  ( 0.000000000000000000, 0.000000000000000000, -1.000000000000000000 ) ) ;
#1677 = PLANE ( 'NONE',  #2811 ) ;
#1678 = CARTESIAN_POINT ( 'NONE',  ( -77.62687297927827501, 2.376990771664301505, 9.300000000000002487 ) ) ;
#1679 = CARTESIAN_POINT ( 'NONE',  ( -82.85048596506307206, -15.99999999999999645, -4.999999999999997335 ) ) ;
#1680 = CARTESIAN_POINT ( 'NONE',  ( -71.97853907198157231, 4.221460928018458070, 31.36432550960843813 ) ) ;
#1681 = DIRECTION ( 'NONE',  ( 0.000000000000000000, 1.000000000000000000, -0.000000000000000000 ) ) ;
#1682 = EDGE_CURVE ( 'NONE', #1143, #974, #1553, .T. ) ;
#1683 = ORIENTED_EDGE ( 'NONE', *, *, #2555, .F. ) ;
#1684 = ADVANCED_FACE ( 'NONE', ( #772 ), #510, .T. ) ;
#1685 = ORIENTED_EDGE ( 'NONE', *, *, #258, .T. ) ;
#1686 = CARTESIAN_POINT ( 'NONE',  ( -77.01738206314001900, -16.36690839769189765, -9.999999999999994671 ) ) ;
#1687 = EDGE_CURVE ( 'NONE', #1760, #3830, #490, .T. ) ;
#1688 = VERTEX_POINT ( 'NONE', #593 ) ;
#1689 = CARTESIAN_POINT ( 'NONE',  ( -77.46541607683002439, -18.30624405541530919, -9.300000000000002487 ) ) ;
#1690 = ORIENTED_EDGE ( 'NONE', *, *, #1983, .T. ) ;
#1691 =( BOUNDED_SURFACE ( )  B_SPLINE_SURFACE ( 3, 2, ( 
 ( #928, #2148, #630 ),
 ( #1843, #2801, #3077 ),
 ( #337, #1556, #2781 ),
 ( #35, #1398, #3206 ),
 ( #1058, #1662, #2634 ),
 ( #2246, #2615, #1379 ),
 ( #3153, #3168, #726 ),
 ( #2878, #2559, #2265 ),
 ( #199, #1952, #3752 ),
 ( #3808, #1362, #2916 ),
 ( #3772, #1342, #1094 ),
 ( #2305, #3487, #1631 ) ),
 .UNSPECIFIED., .F., .F., .T. ) 
 B_SPLINE_SURFACE_WITH_KNOTS ( ( 4, 2, 2, 2, 2, 4 ),
 ( 3, 3 ),
 ( 0.000000000000000000, 0.001614041005429373834, 0.003228082010858747668, 0.004842123016288121286, 0.005649143519002808311, 0.006456164021717495337 ),
 ( 0.000000000000000000, 1.000000000000000000 ),
 .UNSPECIFIED. ) 
 GEOMETRIC_REPRESENTATION_ITEM ( )  RATIONAL_B_SPLINE_SURFACE ( (
 ( 1.000000000000000000, 0.7071067811865487940, 1.000000000000000000),
 ( 1.000000000000000000, 0.7071067811865487940, 1.000000000000000000),
 ( 1.000000000000000000, 0.7071067811865475727, 1.000000000000000000),
 ( 1.000000000000000000, 0.7071067811865475727, 1.000000000000000000),
 ( 1.000000000000000000, 0.7071067811865483499, 1.000000000000000000),
 ( 1.000000000000000000, 0.7071067811865483499, 1.000000000000000000),
 ( 1.000000000000000000, 0.7071067811865475727, 1.000000000000000000),
 ( 1.000000000000000000, 0.7071067811865475727, 1.000000000000000000),
 ( 1.000000000000000000, 0.7071067811865475727, 1.000000000000000000),
 ( 1.000000000000000000, 0.7071067811865475727, 1.000000000000000000),
 ( 1.000000000000000000, 0.7071067811865475727, 1.000000000000000000),
 ( 1.000000000000000000, 0.7071067811865475727, 1.000000000000000000) ) ) 
 REPRESENTATION_ITEM ( '' )  SURFACE ( )  );
#1692 = CARTESIAN_POINT ( 'NONE',  ( 76.19999999999998863, -16.00000000000000000, -9.300000000000000711 ) ) ;
#1693 = CARTESIAN_POINT ( 'NONE',  ( -76.23865957682964734, -16.27247406029783150, 9.300000000000034461 ) ) ;
#1694 = FACE_OUTER_BOUND ( 'NONE', #458, .T. ) ;
#1695 = CARTESIAN_POINT ( 'NONE',  ( -80.98754635750603370, -19.20751318468374436, -9.300000000000466116 ) ) ;
#1696 = CARTESIAN_POINT ( 'NONE',  ( -79.17348749916436645, 0.2612038134265144973, 9.300000000000006040 ) ) ;
#1697 = CARTESIAN_POINT ( 'NONE',  ( 79.12499254731707765, 0.4471880680287163567, 9.999999999999916511 ) ) ;
#1698 = CARTESIAN_POINT ( 'NONE',  ( 71.20000000000000284, 4.820359442248908444, -9.768215816544470798 ) ) ;
#1699 = ORIENTED_EDGE ( 'NONE', *, *, #934, .T. ) ;
#1700 = DIRECTION ( 'NONE',  ( -1.000000000000000000, 0.000000000000000000, 0.000000000000000000 ) ) ;
#1701 = ORIENTED_EDGE ( 'NONE', *, *, #1204, .T. ) ;
#1702 = VERTEX_POINT ( 'NONE', #3042 ) ;
#1703 = CARTESIAN_POINT ( 'NONE',  ( -76.23842922381223275, -16.27158434803559217, -9.300000000000002487 ) ) ;
#1704 = ADVANCED_FACE ( 'NONE', ( #228 ), #3859, .T. ) ;
#1705 = CARTESIAN_POINT ( 'NONE',  ( -78.79437012836450549, -19.79782072122291581, 9.300000000000004263 ) ) ;
#1706 = AXIS2_PLACEMENT_3D ( 'NONE', #2644, #1124, #810 ) ;
#1707 = ADVANCED_FACE ( 'NONE', ( #1145 ), #891, .T. ) ;
#1708 = CARTESIAN_POINT ( 'NONE',  ( -81.17000999409918904, -22.12630442326145896, -9.300000000000000711 ) ) ;
#1709 = EDGE_CURVE ( 'NONE', #99, #3470, #2112, .T. ) ;
#1710 = CARTESIAN_POINT ( 'NONE',  ( 71.96026563736981529, 4.239734362630177777, -10.00000000000000000 ) ) ;
#1711 = DIRECTION ( 'NONE',  ( 0.000000000000000000, 0.000000000000000000, 1.000000000000000000 ) ) ;
#1712 = FACE_OUTER_BOUND ( 'NONE', #1436, .T. ) ;
#1713 = ADVANCED_BREP_SHAPE_REPRESENTATION ( 'batter_holder_2_cover', ( #3727, #3197 ), #1663 ) ;
#1714 = CARTESIAN_POINT ( 'NONE',  ( -78.99705998652018479, 0.7613690034839557530, -9.299999999999835509 ) ) ;
#1715 = CARTESIAN_POINT ( 'NONE',  ( -76.20000000000001705, 0.000000000000000000, -35.00000000000000000 ) ) ;
#1716 = CARTESIAN_POINT ( 'NONE',  ( -81.64872444051150069, -20.81172164352211240, -10.00000000000000000 ) ) ;
#1717 = CARTESIAN_POINT ( 'NONE',  ( -70.37157287525383254, 3.000000000000000000, 31.17157287525380127 ) ) ;
#1718 = CARTESIAN_POINT ( 'NONE',  ( 78.60041655902143987, -18.54864021744355540, 10.00000000000000178 ) ) ;
#1719 = DIRECTION ( 'NONE',  ( -0.000000000000000000, -0.000000000000000000, -1.000000000000000000 ) ) ;
#1720 = CARTESIAN_POINT ( 'NONE',  ( 82.51597377796858268, -20.64712531177428190, 10.00000000000000178 ) ) ;
#1721 = ORIENTED_EDGE ( 'NONE', *, *, #2555, .T. ) ;
#1722 = ORIENTED_EDGE ( 'NONE', *, *, #3372, .T. ) ;
#1723 = CARTESIAN_POINT ( 'NONE',  ( -76.87065816476048496, -17.50181699087414700, -9.300000000000268940 ) ) ;
#1724 = AXIS2_PLACEMENT_3D ( 'NONE', #1888, #98, #1275 ) ;
#1725 = ORIENTED_EDGE ( 'NONE', *, *, #587, .T. ) ;
#1726 = AXIS2_PLACEMENT_3D ( 'NONE', #1452, #761, #481 ) ;
#1727 = EDGE_CURVE ( 'NONE', #1973, #974, #3819, .T. ) ;
#1728 = EDGE_CURVE ( 'NONE', #632, #373, #2316, .T. ) ;
#1729 = CARTESIAN_POINT ( 'NONE',  ( 75.14505356403988401, 3.178925461398533603, -10.00000000000000000 ) ) ;
#1730 = CIRCLE ( 'NONE', #2313, 1.700000000000007061 ) ;
#1731 = CARTESIAN_POINT ( 'NONE',  ( 76.20759848092616551, -16.11401829150868181, -9.300000000000009592 ) ) ;
#1732 = CARTESIAN_POINT ( 'NONE',  ( -76.28448573925008702, -16.42235351040992697, 9.299999999999933209 ) ) ;
#1733 = CARTESIAN_POINT ( 'NONE',  ( -79.05221036057530171, 0.6483086058466225321, -9.299999999999997158 ) ) ;
#1734 = VECTOR ( 'NONE', #666, 1000.000000000000000 ) ;
#1735 = CARTESIAN_POINT ( 'NONE',  ( 76.87388755112657179, -17.50206134147481407, 9.299999999999997158 ) ) ;
#1736 = CYLINDRICAL_SURFACE ( 'NONE', #1646, 0.7000000000000000666 ) ;
#1737 = VERTEX_POINT ( 'NONE', #2017 ) ;
#1738 = CARTESIAN_POINT ( 'NONE',  ( 79.19999856115418879, 0.1207880011693315686, 10.00000000000000178 ) ) ;
#1739 = CARTESIAN_POINT ( 'NONE',  ( 77.19825755276382040, -16.70796256361722598, 10.00000000000000178 ) ) ;
#1740 = FACE_OUTER_BOUND ( 'NONE', #2152, .T. ) ;
#1741 = AXIS2_PLACEMENT_3D ( 'NONE', #2462, #3374, #2158 ) ;
#1742 = VERTEX_POINT ( 'NONE', #1710 ) ;
#1743 = CARTESIAN_POINT ( 'NONE',  ( -70.37157287525383254, 3.000000000000000888, 31.17157287525380127 ) ) ;
#1744 = ORIENTED_EDGE ( 'NONE', *, *, #3088, .T. ) ;
#1745 = DIRECTION ( 'NONE',  ( -0.000000000000000000, -0.000000000000000000, -1.000000000000000000 ) ) ;
#1746 = ORIENTED_EDGE ( 'NONE', *, *, #3515, .F. ) ;
#1747 = CARTESIAN_POINT ( 'NONE',  ( 80.62604873474394651, -18.83050648381863468, -10.00000000000000178 ) ) ;
#1748 = ORIENTED_EDGE ( 'NONE', *, *, #3222, .T. ) ;
#1749 = CARTESIAN_POINT ( 'NONE',  ( -70.37157287525383254, 5.000000000000000000, 0.000000000000000000 ) ) ;
#1750 = ADVANCED_FACE ( 'NONE', ( #1424 ), #2935, .T. ) ;
#1751 = CARTESIAN_POINT ( 'NONE',  ( -75.04685296207078693, 3.992659163889011875, -9.299999999999679190 ) ) ;
#1752 = CARTESIAN_POINT ( 'NONE',  ( 81.17000999409918904, -22.12630442326143765, 9.300000000000000711 ) ) ;
#1753 = CARTESIAN_POINT ( 'NONE',  ( -76.19999999999998863, -16.00000000000001776, 9.300000000000000711 ) ) ;
#1754 = AXIS2_PLACEMENT_3D ( 'NONE', #1533, #965, #1863 ) ;
#1755 = EDGE_CURVE ( 'NONE', #1606, #753, #3930, .T. ) ;
#1756 = CARTESIAN_POINT ( 'NONE',  ( 79.13043992001279037, -18.03019326702716896, 10.00000000000000178 ) ) ;
#1757 = CARTESIAN_POINT ( 'NONE',  ( 80.63020148569391665, -18.83507575781100130, 9.299999999999531752 ) ) ;
#1758 = B_SPLINE_CURVE_WITH_KNOTS ( 'NONE', 3,
 ( #1899, #1607, #2837, #2531, #1005, #2216 ),
 .UNSPECIFIED., .F., .F.,
 ( 4, 2, 4 ),
 ( 0.000000000000000000, 0.0004726839620747799232, 0.0009453679241495598464 ),
 .UNSPECIFIED. ) ;
#1759 = ORIENTED_EDGE ( 'NONE', *, *, #2729, .F. ) ;
#1760 = VERTEX_POINT ( 'NONE', #1715 ) ;
#1761 = ORIENTED_EDGE ( 'NONE', *, *, #1621, .F. ) ;
#1762 = CARTESIAN_POINT ( 'NONE',  ( -78.49999999999998579, 0.000000000000000000, 10.00000000000000000 ) ) ;
#1763 = CARTESIAN_POINT ( 'NONE',  ( -76.25246642497705807, -16.32895195510031527, 9.299999999999998934 ) ) ;
#1764 = CARTESIAN_POINT ( 'NONE',  ( -82.51597377796858268, -20.64712531177430321, 9.300000000000000711 ) ) ;
#1765 = ORIENTED_EDGE ( 'NONE', *, *, #446, .F. ) ;
#1766 = CARTESIAN_POINT ( 'NONE',  ( 81.17000999409918904, -22.12630442326143765, -9.300000000000000711 ) ) ;
#1767 = LINE ( 'NONE', #3837, #1789 ) ;
#1768 = CARTESIAN_POINT ( 'NONE',  ( 77.62951689485532825, -17.35412099416125997, -10.00000000000000533 ) ) ;
#1769 = CARTESIAN_POINT ( 'NONE',  ( -74.74890641743408537, 3.358882618608696191, -10.00000000000000000 ) ) ;
#1770 = CARTESIAN_POINT ( 'NONE',  ( 71.96026563736981529, 4.239734362630177777, -10.00000000000000000 ) ) ;
#1771 = DIRECTION ( 'NONE',  ( 0.000000000000000000, 1.000000000000000000, 0.000000000000000000 ) ) ;
#1772 = DIRECTION ( 'NONE',  ( 0.6654878129055162850, 0.7464087157008768569, 0.000000000000000000 ) ) ;
#1773 = CARTESIAN_POINT ( 'NONE',  ( 79.86918036273750943, -19.89893793028353386, 10.00000000000000178 ) ) ;
#1774 = CARTESIAN_POINT ( 'NONE',  ( -79.46595310068967422, -17.18574561919788835, -9.299999999999995381 ) ) ;
#1775 = ORIENTED_EDGE ( 'NONE', *, *, #1012, .F. ) ;
#1776 = LINE ( 'NONE', #3851, #243 ) ;
#1777 = AXIS2_PLACEMENT_3D ( 'NONE', #3683, #681, #621 ) ;
#1778 = EDGE_CURVE ( 'NONE', #3186, #764, #2498, .T. ) ;
#1779 = DIRECTION ( 'NONE',  ( 1.000000000000000000, 0.000000000000000000, 0.000000000000000000 ) ) ;
#1780 = CARTESIAN_POINT ( 'NONE',  ( 71.67140452079102886, 4.528595479208966879, 31.05719095841790178 ) ) ;
#1781 = EDGE_LOOP ( 'NONE', ( #3471, #182, #1455 ) ) ;
#1782 = DIRECTION ( 'NONE',  ( 0.000000000000000000, 0.000000000000000000, 1.000000000000000000 ) ) ;
#1783 = CARTESIAN_POINT ( 'NONE',  ( -75.15917914555706147, 3.171298675674426804, -9.999999999999998224 ) ) ;
#1784 = ORIENTED_EDGE ( 'NONE', *, *, #3870, .T. ) ;
#1785 = AXIS2_PLACEMENT_3D ( 'NONE', #3377, #1817, #1470 ) ;
#1786 = ORIENTED_EDGE ( 'NONE', *, *, #3160, .T. ) ;
#1787 = VECTOR ( 'NONE', #336, 1000.000000000000000 ) ;
#1788 = CARTESIAN_POINT ( 'NONE',  ( 80.74171517769855200, -20.77329625600533802, -10.00000000000000000 ) ) ;
#1789 = VECTOR ( 'NONE', #1123, 1000.000000000000000 ) ;
#1790 = CARTESIAN_POINT ( 'NONE',  ( -75.04685296228899460, 3.992659164392012627, -10.00000000000000178 ) ) ;
#1791 = CARTESIAN_POINT ( 'NONE',  ( 79.19999863616105529, 0.05218924095314795425, -9.299999999999997158 ) ) ;
#1792 = CARTESIAN_POINT ( 'NONE',  ( 79.12582519259083824, 0.4445994658604373595, -9.300000000000123279 ) ) ;
#1793 =( BOUNDED_SURFACE ( )  B_SPLINE_SURFACE ( 3, 2, ( 
 ( #3748, #1294, #2516 ),
 ( #3422, #1611, #687 ),
 ( #1905, #3132, #391 ),
 ( #2840, #95, #3732 ),
 ( #1010, #1032, #2241 ),
 ( #1949, #3166, #434 ),
 ( #1641, #2877, #1172 ),
 ( #2612, #2630, #3230 ),
 ( #3570, #2321, #478 ),
 ( #3253, #3534, #2039 ),
 ( #794, #778, #1695 ),
 ( #3294, #3590, #2020 ),
 ( #1716, #2006, #2669 ),
 ( #235, #2339, #3275 ) ),
 .UNSPECIFIED., .F., .F., .T. ) 
 B_SPLINE_SURFACE_WITH_KNOTS ( ( 4, 2, 2, 2, 2, 2, 4 ),
 ( 3, 3 ),
 ( 0.000000000000000000, 0.0008039093587641660569, 0.001607818717528332114, 0.002411728076292498062, 0.003215637435056664228, 0.004823456152584996125, 0.006431274870113328455 ),
 ( 0.000000000000000000, 1.000000000000000000 ),
 .UNSPECIFIED. ) 
 GEOMETRIC_REPRESENTATION_ITEM ( )  RATIONAL_B_SPLINE_SURFACE ( (
 ( 1.000000000000000000, 0.7071067811865475727, 1.000000000000000000),
 ( 1.000000000000000000, 0.7071067811865475727, 1.000000000000000000),
 ( 1.000000000000000000, 0.7071067811865475727, 1.000000000000000000),
 ( 1.000000000000000000, 0.7071067811865475727, 1.000000000000000000),
 ( 1.000000000000000000, 0.7071067811865475727, 1.000000000000000000),
 ( 1.000000000000000000, 0.7071067811865475727, 1.000000000000000000),
 ( 1.000000000000000000, 0.7071067811865475727, 1.000000000000000000),
 ( 1.000000000000000000, 0.7071067811865475727, 1.000000000000000000),
 ( 1.000000000000000000, 0.7071067811865475727, 1.000000000000000000),
 ( 1.000000000000000000, 0.7071067811865475727, 1.000000000000000000),
 ( 1.000000000000000000, 0.7071067811865475727, 1.000000000000000000),
 ( 1.000000000000000000, 0.7071067811865475727, 1.000000000000000000),
 ( 1.000000000000000000, 0.7071067811865487940, 1.000000000000000000),
 ( 1.000000000000000000, 0.7071067811865487940, 1.000000000000000000) ) ) 
 REPRESENTATION_ITEM ( '' )  SURFACE ( )  );
#1794 = CYLINDRICAL_SURFACE ( 'NONE', #1620, 2.000000000000001776 ) ;
#1795 = CARTESIAN_POINT ( 'NONE',  ( -79.19999999999998863, -11.00000000000000533, 9.999999999999996447 ) ) ;
#1796 = CARTESIAN_POINT ( 'NONE',  ( 70.37157287525380411, 5.000000000000000000, -9.300000000000000711 ) ) ;
#1797 = CARTESIAN_POINT ( 'NONE',  ( 76.94426825468238462, -16.18793277652978446, 10.00000000000000000 ) ) ;
#1798 = CIRCLE ( 'NONE', #90, 1.000000000000000888 ) ;
#1799 = CARTESIAN_POINT ( 'NONE',  ( 70.65261237752017109, 4.985184254826649841, -9.466283018075845490 ) ) ;
#1800 = EDGE_LOOP ( 'NONE', ( #1690, #1616, #3267, #321 ) ) ;
#1801 = CARTESIAN_POINT ( 'NONE',  ( -82.15048596506308343, -21.39353402747518373, -10.00000000000000000 ) ) ;
#1802 = PLANE ( 'NONE',  #2702 ) ;
#1803 = DIRECTION ( 'NONE',  ( -0.5773502691896238437, 0.5773502691896252870, -0.5773502691896281735 ) ) ;
#1804 = VERTEX_POINT ( 'NONE', #972 ) ;
#1805 = EDGE_CURVE ( 'NONE', #745, #2053, #1017, .T. ) ;
#1806 = DIRECTION ( 'NONE',  ( 0.000000000000000000, 0.000000000000000000, -1.000000000000000000 ) ) ;
#1807 = CARTESIAN_POINT ( 'NONE',  ( 79.19999999999998863, -16.24712586840166040, -9.300000000000000711 ) ) ;
#1808 = ADVANCED_FACE ( 'NONE', ( #793 ), #3450, .T. ) ;
#1809 = ORIENTED_EDGE ( 'NONE', *, *, #53, .T. ) ;
#1810 = PLANE ( 'NONE',  #646 ) ;
#1811 = CARTESIAN_POINT ( 'NONE',  ( -74.54025549186049204, 3.469045111399237324, 9.999999999999996447 ) ) ;
#1812 = CARTESIAN_POINT ( 'NONE',  ( 79.35947527214702291, -20.40467478581592076, -9.300000000001073630 ) ) ;
#1813 = CARTESIAN_POINT ( 'NONE',  ( -76.89999999999999147, -16.00000000000001776, -10.00000000000000000 ) ) ;
#1814 = CARTESIAN_POINT ( 'NONE',  ( 76.36823472083804631, -16.64050638147071126, 9.299999999999998934 ) ) ;
#1815 = CARTESIAN_POINT ( 'NONE',  ( 79.12582516064129834, 0.4445994543471668559, -10.00000000000020250 ) ) ;
#1816 = ORIENTED_EDGE ( 'NONE', *, *, #2919, .F. ) ;
#1817 = DIRECTION ( 'NONE',  ( -0.5773502691896238437, 0.5773502691896255090, -0.5773502691896281735 ) ) ;
#1818 = CARTESIAN_POINT ( 'NONE',  ( -76.20000000000001705, 0.000000000000000000, 9.939004000042356068 ) ) ;
#1819 = CARTESIAN_POINT ( 'NONE',  ( 81.64634317377391426, -21.61336514621104854, 10.00000000000000000 ) ) ;
#1820 = VECTOR ( 'NONE', #3165, 1000.000000000000000 ) ;
#1821 = AXIS2_PLACEMENT_3D ( 'NONE', #1823, #926, #669 ) ;
#1822 = EDGE_LOOP ( 'NONE', ( #2659, #2470, #3283, #844, #2251, #3774, #744, #728 ) ) ;
#1823 = CARTESIAN_POINT ( 'NONE',  ( 76.19999999999998863, 0.000000000000000000, 10.00000000000000000 ) ) ;
#1824 = CARTESIAN_POINT ( 'NONE',  ( -70.37157287525383254, 5.000000000000000000, -9.300000000000000711 ) ) ;
#1825 = DIRECTION ( 'NONE',  ( 3.009265538105050415E-30, 1.000000000000000000, 4.336808689942013792E-16 ) ) ;
#1826 = CARTESIAN_POINT ( 'NONE',  ( 81.19377880665147984, -21.19309819971599040, 10.00000000000000000 ) ) ;
#1827 = CARTESIAN_POINT ( 'NONE',  ( 71.60352804756261946, 4.580052012313437615, 9.938189069470688253 ) ) ;
#1828 = EDGE_CURVE ( 'NONE', #3407, #1597, #1092, .T. ) ;
#1829 = VERTEX_POINT ( 'NONE', #3803 ) ;
#1830 = CARTESIAN_POINT ( 'NONE',  ( -79.12582516064163940, 0.4445994543470598304, 9.999999999999916511 ) ) ;
#1831 = CARTESIAN_POINT ( 'NONE',  ( 79.10746357965984998, -18.03751449120378325, -10.00000000000000178 ) ) ;
#1832 = EDGE_CURVE ( 'NONE', #608, #1104, #1089, .T. ) ;
#1833 = EDGE_CURVE ( 'NONE', #3935, #3582, #2565, .T. ) ;
#1834 = CARTESIAN_POINT ( 'NONE',  ( 77.85402106528218269, 1.179629917480446766, -10.00000000000000000 ) ) ;
#1835 = CARTESIAN_POINT ( 'NONE',  ( 78.60208002151313167, -18.55047595111389214, -10.00000000000000533 ) ) ;
#1836 = FACE_OUTER_BOUND ( 'NONE', #1439, .T. ) ;
#1837 = PLANE ( 'NONE',  #1019 ) ;
#1838 = FACE_OUTER_BOUND ( 'NONE', #3670, .T. ) ;
#1839 = CARTESIAN_POINT ( 'NONE',  ( 81.85048596506307206, -21.39353402747516242, 9.300000000000000711 ) ) ;
#1840 = ORIENTED_EDGE ( 'NONE', *, *, #2696, .T. ) ;
#1841 = LINE ( 'NONE', #374, #932 ) ;
#1842 = DIRECTION ( 'NONE',  ( 1.000000000000000000, -8.928723773409999741E-16, 0.000000000000000000 ) ) ;
#1843 = CARTESIAN_POINT ( 'NONE',  ( -81.64836981319753306, -20.81140546266136937, 10.00000000000000000 ) ) ;
#1844 = LINE ( 'NONE', #339, #2157 ) ;
#1845 = AXIS2_PLACEMENT_3D ( 'NONE', #3138, #1303, #994 ) ;
#1846 = CARTESIAN_POINT ( 'NONE',  ( 71.40663524753583147, 4.715495203630715615, 9.865196788166469943 ) ) ;
#1847 = CARTESIAN_POINT ( 'NONE',  ( -76.65629199787305481, 2.241941610167390575, 10.00000000000000178 ) ) ;
#1848 = CARTESIAN_POINT ( 'NONE',  ( 75.19999999999998863, 0.000000000000000000, -9.300000000000000711 ) ) ;
#1849 = DIRECTION ( 'NONE',  ( 0.000000000000000000, 0.000000000000000000, -1.000000000000000000 ) ) ;
#1850 = B_SPLINE_CURVE_WITH_KNOTS ( 'NONE', 3,
 ( #2003, #832, #211, #2926, #3211, #2074, #1729, #1442, #2354, #530, #2683, #3879, #1223, #1834, #1262, #1562, #2766, #2789, #364, #1583, #20, #60 ),
 .UNSPECIFIED., .F., .F.,
 ( 4, 2, 2, 2, 2, 2, 2, 2, 2, 2, 4 ),
 ( 0.0007621318336903177204, 0.001781854099062307652, 0.002801576364434297910, 0.004841020895178276690, 0.005860743160550248299, 0.006880465425922219040, 0.007390326558608189232, 0.007900187691294158557, 0.008410048823980128749, 0.008664979390323103436, 0.008919909956666078124 ),
 .UNSPECIFIED. ) ;
#1851 = APPLICATION_PROTOCOL_DEFINITION ( 'draft international standard', 'automotive_design', 1998, #2156 ) ;
#1852 = ADVANCED_FACE ( 'NONE', ( #2077 ), #2038, .T. ) ;
#1853 = VECTOR ( 'NONE', #1115, 1000.000000000000000 ) ;
#1854 = CARTESIAN_POINT ( 'NONE',  ( -76.90000000000000568, -16.03916248480924978, -10.00000000000000355 ) ) ;
#1855 = EDGE_CURVE ( 'NONE', #2956, #3654, #2676, .T. ) ;
#1856 = CARTESIAN_POINT ( 'NONE',  ( 79.19999999999998863, -16.00000000000000000, 9.300000000000000711 ) ) ;
#1857 = CARTESIAN_POINT ( 'NONE',  ( 76.20000000000003126, -16.08307264022620586, -9.300000000004803979 ) ) ;
#1858 = TOROIDAL_SURFACE ( 'NONE', #1102, 0.3000000000000026534, 0.6999999999999999556 ) ;
#1859 =( LENGTH_UNIT ( ) NAMED_UNIT ( * ) SI_UNIT ( .MILLI., .METRE. ) );
#1860 = CARTESIAN_POINT ( 'NONE',  ( -78.50000000000000000, -16.27169759387392745, 9.999999999999998224 ) ) ;
#1861 = LINE ( 'NONE', #943, #542 ) ;
#1862 = VERTEX_POINT ( 'NONE', #3903 ) ;
#1863 = DIRECTION ( 'NONE',  ( 0.000000000000000000, 0.000000000000000000, 1.000000000000000000 ) ) ;
#1864 = FACE_OUTER_BOUND ( 'NONE', #203, .T. ) ;
#1865 = CARTESIAN_POINT ( 'NONE',  ( 76.19999999999998863, 0.000000000000000000, 9.939004000042345410 ) ) ;
#1866 = VECTOR ( 'NONE', #3284, 1000.000000000000000 ) ;
#1867 = CARTESIAN_POINT ( 'NONE',  ( -75.18593288753557147, 3.948959900638195464, 9.299999999999991829 ) ) ;
#1868 = ORIENTED_EDGE ( 'NONE', *, *, #662, .F. ) ;
#1869 = CARTESIAN_POINT ( 'NONE',  ( -79.18416769469470751, 0.2108367583169435122, 9.299999999999840838 ) ) ;
#1870 = DIRECTION ( 'NONE',  ( 0.000000000000000000, 0.000000000000000000, 1.000000000000000000 ) ) ;
#1871 = CARTESIAN_POINT ( 'NONE',  ( 71.37860243792577819, 0.000000000000000000, 36.82139756207422465 ) ) ;
#1872 = CIRCLE ( 'NONE', #2386, 0.7000000000000007327 ) ;
#1873 = PRODUCT_CONTEXT ( 'NONE', #2156, 'mechanical' ) ;
#1874 = CARTESIAN_POINT ( 'NONE',  ( 76.23842928857494883, -16.27158432984918690, 10.00000000000001776 ) ) ;
#1875 = CARTESIAN_POINT ( 'NONE',  ( -81.17000999409918904, -22.12630442326145541, 9.300000000000000711 ) ) ;
#1876 = CARTESIAN_POINT ( 'NONE',  ( -76.98528796253786766, -16.29624630924818263, -9.999999999999994671 ) ) ;
#1877 = DIRECTION ( 'NONE',  ( -0.000000000000000000, -0.000000000000000000, -1.000000000000000000 ) ) ;
#1878 = CARTESIAN_POINT ( 'NONE',  ( 78.49999999999994316, -16.00000000000000000, 5.000000000000002665 ) ) ;
#1879 = ORIENTED_EDGE ( 'NONE', *, *, #2349, .F. ) ;
#1880 = CARTESIAN_POINT ( 'NONE',  ( -79.19999999999998863, -16.00000000000002132, -9.300000000000000711 ) ) ;
#1881 = EDGE_CURVE ( 'NONE', #3575, #1597, #906, .T. ) ;
#1882 = CARTESIAN_POINT ( 'NONE',  ( -70.37157287525383254, 4.414213562373099364, 32.58578643762689353 ) ) ;
#1883 = CARTESIAN_POINT ( 'NONE',  ( 78.49999999999994316, -11.00000000000000355, 5.000000000000002665 ) ) ;
#1884 = ORIENTED_EDGE ( 'NONE', *, *, #590, .F. ) ;
#1885 = EDGE_CURVE ( 'NONE', #3493, #3582, #2379, .T. ) ;
#1886 = CYLINDRICAL_SURFACE ( 'NONE', #796, 0.6999999999999992895 ) ;
#1887 = CARTESIAN_POINT ( 'NONE',  ( 71.63168870068342642, 4.985101676390391923, 10.00000000000032152 ) ) ;
#1888 = CARTESIAN_POINT ( 'NONE',  ( 70.56432550960843741, 2.807247365645360926, 31.36432550960842391 ) ) ;
#1889 = EDGE_LOOP ( 'NONE', ( #3175, #1590, #3914, #959 ) ) ;
#1890 = VERTEX_POINT ( 'NONE', #3550 ) ;
#1891 = VERTEX_POINT ( 'NONE', #814 ) ;
#1892 = CARTESIAN_POINT ( 'NONE',  ( -77.99173107063357691, 2.050512508476362683, 9.300000000000000711 ) ) ;
#1893 = DIRECTION ( 'NONE',  ( 0.000000000000000000, 3.469446951953614682E-16, -1.000000000000000000 ) ) ;
#1894 = CARTESIAN_POINT ( 'NONE',  ( -78.38777010385881283, 0.4117675337853159423, 10.00000000000000178 ) ) ;
#1895 = CARTESIAN_POINT ( 'NONE',  ( 76.90011003737612327, -16.00488019690428132, 10.00000000000000533 ) ) ;
#1896 = CARTESIAN_POINT ( 'NONE',  ( -76.91085594523774205, -16.07697360822331589, -9.999999999999991118 ) ) ;
#1897 = DIRECTION ( 'NONE',  ( -0.000000000000000000, -0.000000000000000000, -1.000000000000000000 ) ) ;
#1898 = CARTESIAN_POINT ( 'NONE',  ( -70.56432550960846584, 2.807247365645360482, 31.36432550960844523 ) ) ;
#1899 = CARTESIAN_POINT ( 'NONE',  ( 76.19999999999998863, 0.000000000000000000, 9.939004000042345410 ) ) ;
#1900 = DIRECTION ( 'NONE',  ( 0.000000000000000000, 3.469446951953614682E-16, -1.000000000000000000 ) ) ;
#1901 = DIRECTION ( 'NONE',  ( -0.000000000000000000, 0.000000000000000000, 1.000000000000000000 ) ) ;
#1902 = AXIS2_PLACEMENT_3D ( 'NONE', #2961, #2330, #565 ) ;
#1903 = VECTOR ( 'NONE', #442, 999.9999999999998863 ) ;
#1904 = B_SPLINE_CURVE_WITH_KNOTS ( 'NONE', 3,
 ( #127, #1080, #2290, #1023 ),
 .UNSPECIFIED., .F., .F.,
 ( 4, 4 ),
 ( 0.000000000000000000, 0.001188549213632960613 ),
 .UNSPECIFIED. ) ;
#1905 = CARTESIAN_POINT ( 'NONE',  ( -78.53343628846998570, -16.53860900422684210, -10.00000000000000178 ) ) ;
#1906 = ORIENTED_EDGE ( 'NONE', *, *, #3563, .T. ) ;
#1907 = CARTESIAN_POINT ( 'NONE',  ( 77.98469599325251522, 2.048085072616138369, 9.999999999999353406 ) ) ;
#1908 = LINE ( 'NONE', #2202, #396 ) ;
#1909 = EDGE_CURVE ( 'NONE', #1977, #3408, #1056, .T. ) ;
#1910 = EDGE_LOOP ( 'NONE', ( #2592, #2605, #2033, #1721 ) ) ;
#1911 = EDGE_LOOP ( 'NONE', ( #2310, #3099, #2105, #3753, #2756 ) ) ;
#1912 = EDGE_CURVE ( 'NONE', #1996, #1742, #2384, .T. ) ;
#1913 = CARTESIAN_POINT ( 'NONE',  ( -78.64038751263267102, 1.330533860126087875, 9.300000000000000711 ) ) ;
#1914 = ORIENTED_EDGE ( 'NONE', *, *, #692, .F. ) ;
#1915 = CARTESIAN_POINT ( 'NONE',  ( -78.12854634795456832, 0.8443849740228410727, 9.999999999999998224 ) ) ;
#1916 = CARTESIAN_POINT ( 'NONE',  ( 78.50000000054674842, -16.27170929815001443, -10.00000000000000000 ) ) ;
#1917 = CARTESIAN_POINT ( 'NONE',  ( 76.19999999999997442, 0.000000000000000000, -36.17157287525383680 ) ) ;
#1918 = DIRECTION ( 'NONE',  ( 0.000000000000000000, 1.000000000000000000, -0.000000000000000000 ) ) ;
#1919 = CARTESIAN_POINT ( 'NONE',  ( 76.28402516262998745, -16.42102162192622217, 9.999999999999932498 ) ) ;
#1920 = CARTESIAN_POINT ( 'NONE',  ( -81.64634317377391426, -21.61336514621106630, 10.00000000000000000 ) ) ;
#1921 = CARTESIAN_POINT ( 'NONE',  ( -78.87618332485996575, 0.9870512706859490004, -9.299999999999998934 ) ) ;
#1922 = CARTESIAN_POINT ( 'NONE',  ( 79.72463281124029777, -17.65911098854745731, 9.299999999999766231 ) ) ;
#1923 = CARTESIAN_POINT ( 'NONE',  ( 76.95198037535251956, 2.020603715886405638, -10.00000000000000178 ) ) ;
#1924 = VERTEX_POINT ( 'NONE', #1467 ) ;
#1925 = CARTESIAN_POINT ( 'NONE',  ( 79.19999999999998863, -16.00000000000000000, 9.300000000000000711 ) ) ;
#1926 = DIRECTION ( 'NONE',  ( 0.000000000000000000, -0.000000000000000000, 1.000000000000000000 ) ) ;
#1927 = VECTOR ( 'NONE', #697, 1000.000000000000000 ) ;
#1928 = CARTESIAN_POINT ( 'NONE',  ( -76.19999999999998863, -16.00000000000001776, 9.300000000000000711 ) ) ;
#1929 = CARTESIAN_POINT ( 'NONE',  ( 75.97726857716078541, 0.2227314228392010265, -9.952481750709598174 ) ) ;
#1930 = CIRCLE ( 'NONE', #1165, 1.700000000000007061 ) ;
#1931 = EDGE_LOOP ( 'NONE', ( #2562, #2452, #2578 ) ) ;
#1932 = CARTESIAN_POINT ( 'NONE',  ( 76.40988929342115910, 3.251427778268111357, 9.999999999999046096 ) ) ;
#1933 = LINE ( 'NONE', #179, #3882 ) ;
#1934 = ORIENTED_EDGE ( 'NONE', *, *, #327, .F. ) ;
#1935 = ORIENTED_EDGE ( 'NONE', *, *, #1855, .T. ) ;
#1936 = DIRECTION ( 'NONE',  ( 1.000000000000000000, 0.000000000000000000, 0.000000000000000000 ) ) ;
#1937 =( BOUNDED_SURFACE ( )  B_SPLINE_SURFACE ( 3, 2, ( 
 ( #2629, #3824, #3787 ),
 ( #414, #1628, #2858 ),
 ( #119, #2553, #2876 ),
 ( #3747, #3464, #723 ),
 ( #1357, #214, #3229 ),
 ( #2319, #1187, #3883 ),
 ( #3862, #856, #3292 ),
 ( #3840, #3028, #3007 ),
 ( #289, #2710, #2378 ),
 ( #1769, #1790, #1751 ),
 ( #3251, #1147, #3313 ),
 ( #1126, #2947, #1170 ),
 ( #2686, #2076, #2969 ),
 ( #2337, #1506, #3588 ),
 ( #3920, #3568, #2987 ),
 ( #551, #2357, #3902 ),
 ( #834, #813, #268 ),
 ( #3533, #2731, #1488 ),
 ( #1444, #792, #2019 ),
 ( #2403, #250, #3549 ),
 ( #2037, #494, #3605 ),
 ( #1466, #2059, #1714 ),
 ( #515, #1427, #1733 ),
 ( #2667, #877, #2647 ),
 ( #233, #3273, #2095 ),
 ( #533, #576, #2194 ),
 ( #2485, #3642, #366 ),
 ( #2120, #2178, #1205 ) ),
 .UNSPECIFIED., .F., .F., .F. ) 
 B_SPLINE_SURFACE_WITH_KNOTS ( ( 4, 2, 2, 2, 2, 2, 2, 2, 2, 2, 2, 2, 2, 4 ),
 ( 3, 3 ),
 ( 0.000000000000000000, 0.0005511725919030281652, 0.001102345183806056330, 0.002204690367612112661, 0.003307035551418168774, 0.004409380735224225321, 0.005511725919030281001, 0.006614071102836337548, 0.007165243694739365822, 0.007716416286642394096, 0.008267588878545423237, 0.008543175174496937807, 0.008680968322472695092, 0.008818761470448450643 ),
 ( 0.000000000000000000, 1.000000000000000000 ),
 .UNSPECIFIED. ) 
 GEOMETRIC_REPRESENTATION_ITEM ( )  RATIONAL_B_SPLINE_SURFACE ( (
 ( 1.000000000000000000, 0.7071067811865475727, 1.000000000000000000),
 ( 1.000000000000000000, 0.7071067811865475727, 1.000000000000000000),
 ( 1.000000000000000000, 0.7071067811865475727, 1.000000000000000000),
 ( 1.000000000000000000, 0.7071067811865475727, 1.000000000000000000),
 ( 1.000000000000000000, 0.7071067811865475727, 1.000000000000000000),
 ( 1.000000000000000000, 0.7071067811865475727, 1.000000000000000000),
 ( 1.000000000000000000, 0.7071067811865475727, 1.000000000000000000),
 ( 1.000000000000000000, 0.7071067811865475727, 1.000000000000000000),
 ( 1.000000000000000000, 0.7071067811865475727, 1.000000000000000000),
 ( 1.000000000000000000, 0.7071067811865475727, 1.000000000000000000),
 ( 1.000000000000000000, 0.7071067811865475727, 1.000000000000000000),
 ( 1.000000000000000000, 0.7071067811865475727, 1.000000000000000000),
 ( 1.000000000000000000, 0.7071067811865475727, 1.000000000000000000),
 ( 1.000000000000000000, 0.7071067811865475727, 1.000000000000000000),
 ( 1.000000000000000000, 0.7071067811865475727, 1.000000000000000000),
 ( 1.000000000000000000, 0.7071067811865475727, 1.000000000000000000),
 ( 1.000000000000000000, 0.7071067811865475727, 1.000000000000000000),
 ( 1.000000000000000000, 0.7071067811865475727, 1.000000000000000000),
 ( 1.000000000000000000, 0.7071067811865475727, 1.000000000000000000),
 ( 1.000000000000000000, 0.7071067811865475727, 1.000000000000000000),
 ( 1.000000000000000000, 0.7071067811865483499, 1.000000000000000000),
 ( 1.000000000000000000, 0.7071067811865483499, 1.000000000000000000),
 ( 1.000000000000000000, 0.7071067811865483499, 1.000000000000000000),
 ( 1.000000000000000000, 0.7071067811865483499, 1.000000000000000000),
 ( 1.000000000000000000, 0.7071067811865475727, 1.000000000000000000),
 ( 1.000000000000000000, 0.7071067811865475727, 1.000000000000000000),
 ( 1.000000000000000000, 0.7071067811865475727, 1.000000000000000000),
 ( 1.000000000000000000, 0.7071067811865475727, 1.000000000000000000) ) ) 
 REPRESENTATION_ITEM ( '' )  SURFACE ( )  );
#1938 = ORIENTED_EDGE ( 'NONE', *, *, #3178, .F. ) ;
#1939 = CARTESIAN_POINT ( 'NONE',  ( 76.19999999999998863, 0.000000000000000000, -9.939004000042348963 ) ) ;
#1940 = EDGE_CURVE ( 'NONE', #3578, #2501, #952, .T. ) ;
#1941 = FACE_OUTER_BOUND ( 'NONE', #3898, .T. ) ;
#1942 = ADVANCED_FACE ( 'NONE', ( #1564 ), #64, .T. ) ;
#1943 = CARTESIAN_POINT ( 'NONE',  ( -77.96674018229485625, 1.050342815502457894, 10.00000000000000178 ) ) ;
#1944 = CARTESIAN_POINT ( 'NONE',  ( 76.20745102048516628, -16.11286568494677240, 9.299999999999998934 ) ) ;
#1945 = CARTESIAN_POINT ( 'NONE',  ( 74.03105005369650371, 4.419782201364736096, 9.300000000000002487 ) ) ;
#1946 = CARTESIAN_POINT ( 'NONE',  ( 77.77707146882529798, 1.281839021656049349, -9.999999999999994671 ) ) ;
#1947 = FACE_OUTER_BOUND ( 'NONE', #765, .T. ) ;
#1948 = DIRECTION ( 'NONE',  ( 0.000000000000000000, -1.000000000000000000, 0.000000000000000000 ) ) ;
#1949 = CARTESIAN_POINT ( 'NONE',  ( -78.99287754160249619, -17.80023983189073178, -9.999999999999998224 ) ) ;
#1950 = ORIENTED_EDGE ( 'NONE', *, *, #3474, .T. ) ;
#1951 = CARTESIAN_POINT ( 'NONE',  ( 77.83333411714757233, 2.186800036938609804, 9.299999999999677414 ) ) ;
#1952 = CARTESIAN_POINT ( 'NONE',  ( -79.32928488399225841, -16.84116140866367317, 10.00000000000000178 ) ) ;
#1953 = ORIENTED_EDGE ( 'NONE', *, *, #3178, .T. ) ;
#1954 = ORIENTED_EDGE ( 'NONE', *, *, #3020, .T. ) ;
#1955 = ORIENTED_EDGE ( 'NONE', *, *, #2478, .F. ) ;
#1956 = CARTESIAN_POINT ( 'NONE',  ( -76.21719199110501108, -16.17559030086534833, -9.300000000000016698 ) ) ;
#1957 = B_SPLINE_CURVE_WITH_KNOTS ( 'NONE', 3,
 ( #2713, #1857, #2180, #3356, #3608, #3009, #554, #639, #939, #958, #3086, #3069, #3922, #2160, #3625, #604 ),
 .UNSPECIFIED., .F., .F.,
 ( 4, 2, 2, 2, 2, 2, 2, 4 ),
 ( -5.999999985841098626E-08, 0.0002491579204871966781, 0.0004983758409742518368, 0.0009968116819483619374, 0.001993683363896573465, 0.003987426727792987846, 0.005981170091689402661, 0.007974913455585815741 ),
 .UNSPECIFIED. ) ;
#1958 = CARTESIAN_POINT ( 'NONE',  ( 73.37157287525377569, 0.000000000000000000, -37.00000000000001421 ) ) ;
#1959 = CARTESIAN_POINT ( 'NONE',  ( -77.06634183554662343, -17.77014089976113453, 9.299999999998931344 ) ) ;
#1960 = ADVANCED_FACE ( 'NONE', ( #2791 ), #1586, .F. ) ;
#1961 = CARTESIAN_POINT ( 'NONE',  ( 72.84261188238194507, 4.787715008887885482, -9.299999999999027267 ) ) ;
#1962 = EDGE_CURVE ( 'NONE', #1862, #3113, #3438, .T. ) ;
#1963 = ORIENTED_EDGE ( 'NONE', *, *, #3627, .F. ) ;
#1964 = CARTESIAN_POINT ( 'NONE',  ( 76.20573739062241714, -16.09934885611539812, -9.300000000000009592 ) ) ;
#1965 = DIRECTION ( 'NONE',  ( -0.7071067811865455743, 0.000000000000000000, -0.7071067811865493491 ) ) ;
#1966 = DIRECTION ( 'NONE',  ( 1.000000000000000000, -2.312964634635676633E-14, 0.000000000000000000 ) ) ;
#1967 = CARTESIAN_POINT ( 'NONE',  ( 75.75539659030040696, 0.4446034096995781226, -9.983573743030349945 ) ) ;
#1968 = ORIENTED_EDGE ( 'NONE', *, *, #1138, .F. ) ;
#1969 = CARTESIAN_POINT ( 'NONE',  ( 74.32877317871226808, 4.304188666514148665, 9.299999999999357669 ) ) ;
#1970 = LINE ( 'NONE', #3183, #1100 ) ;
#1971 = VERTEX_POINT ( 'NONE', #367 ) ;
#1972 = ORIENTED_EDGE ( 'NONE', *, *, #1309, .F. ) ;
#1973 = VERTEX_POINT ( 'NONE', #3707 ) ;
#1974 = CARTESIAN_POINT ( 'NONE',  ( -76.89999999999999147, -16.00000000000002132, -9.999999999999992895 ) ) ;
#1975 = DIRECTION ( 'NONE',  ( 0.000000000000000000, 0.7071067811865465735, 0.7071067811865484609 ) ) ;
#1976 = CARTESIAN_POINT ( 'NONE',  ( -76.68584458226432332, -17.22613265148836703, -9.299999999999997158 ) ) ;
#1977 = VERTEX_POINT ( 'NONE', #2446 ) ;
#1978 = AXIS2_PLACEMENT_3D ( 'NONE', #311, #1287, #1265 ) ;
#1979 = CARTESIAN_POINT ( 'NONE',  ( 78.98094909856807533, 0.8072139123588756293, 9.300000000000004263 ) ) ;
#1980 = EDGE_CURVE ( 'NONE', #1234, #3047, #920, .T. ) ;
#1981 = EDGE_LOOP ( 'NONE', ( #3360, #1389, #2344, #1683, #3403, #2903 ) ) ;
#1982 = CARTESIAN_POINT ( 'NONE',  ( 76.90041944794378992, -16.00993662050638022, -10.00000000000000178 ) ) ;
#1983 = EDGE_CURVE ( 'NONE', #3654, #1101, #1219, .T. ) ;
#1984 = CARTESIAN_POINT ( 'NONE',  ( -81.17000999409918904, -22.12630442326145896, 9.300000000000000711 ) ) ;
#1985 = DIRECTION ( 'NONE',  ( 1.000000000000000000, 0.000000000000000000, 0.000000000000000000 ) ) ;
#1986 = EDGE_CURVE ( 'NONE', #1184, #745, #957, .T. ) ;
#1987 = AXIS2_PLACEMENT_3D ( 'NONE', #2228, #3142, #1870 ) ;
#1988 = CARTESIAN_POINT ( 'NONE',  ( -70.37157287525383254, 3.000000000000000888, 31.17157287525380127 ) ) ;
#1989 = CARTESIAN_POINT ( 'NONE',  ( 76.89999999999999147, -16.03916248480922135, 9.999999999999998224 ) ) ;
#1990 = CARTESIAN_POINT ( 'NONE',  ( -78.49999999999998579, 0.000000000000000000, -9.300000000000000711 ) ) ;
#1991 = VERTEX_POINT ( 'NONE', #42 ) ;
#1992 = VERTEX_POINT ( 'NONE', #2814 ) ;
#1993 = AXIS2_PLACEMENT_3D ( 'NONE', #3310, #3584, #248 ) ;
#1994 = ORIENTED_EDGE ( 'NONE', *, *, #3043, .T. ) ;
#1995 = SPHERICAL_SURFACE ( 'NONE', #335, 2.000000000000000000 ) ;
#1996 = VERTEX_POINT ( 'NONE', #1228 ) ;
#1997 = CARTESIAN_POINT ( 'NONE',  ( -76.19999999999998863, -16.00000000000001776, 5.000000000000002665 ) ) ;
#1998 = AXIS2_PLACEMENT_3D ( 'NONE', #424, #1918, #1349 ) ;
#1999 = ORIENTED_EDGE ( 'NONE', *, *, #423, .T. ) ;
#2000 = CARTESIAN_POINT ( 'NONE',  ( -73.24328798302630616, 4.679212984159724975, -9.300000000000000711 ) ) ;
#2001 = DIRECTION ( 'NONE',  ( 0.000000000000000000, 1.000000000000000000, 0.000000000000000000 ) ) ;
#2002 = CIRCLE ( 'NONE', #287, 1.999999999999997780 ) ;
#2003 = CARTESIAN_POINT ( 'NONE',  ( 71.96026563736981529, 4.239734362630177777, -10.00000000000000000 ) ) ;
#2004 = CARTESIAN_POINT ( 'NONE',  ( 76.91620920632675507, -16.09607775903765869, -10.00000000000000000 ) ) ;
#2005 = CARTESIAN_POINT ( 'NONE',  ( 76.19999999999998863, -1.000000000000000000, 9.300000000000000711 ) ) ;
#2006 = CARTESIAN_POINT ( 'NONE',  ( -82.12041176137752529, -20.29444762407086955, -10.00000000000186340 ) ) ;
#2007 = ADVANCED_FACE ( 'NONE', ( #1836 ), #3397, .T. ) ;
#2008 = DIRECTION ( 'NONE',  ( 0.5773502691896262862, 0.5773502691896238437, -0.5773502691896273964 ) ) ;
#2009 = CARTESIAN_POINT ( 'NONE',  ( 79.85666836800731971, -19.91131881818661498, 10.00000000000000000 ) ) ;
#2010 = CARTESIAN_POINT ( 'NONE',  ( -71.30286181151464575, 4.773548074789545126, -9.820240409053607067 ) ) ;
#2011 = ORIENTED_EDGE ( 'NONE', *, *, #1403, .T. ) ;
#2012 = EDGE_CURVE ( 'NONE', #144, #1033, #2512, .T. ) ;
#2013 = CARTESIAN_POINT ( 'NONE',  ( -76.91136137019159946, -16.07676447888638904, -9.999999999999998224 ) ) ;
#2014 = EDGE_LOOP ( 'NONE', ( #1317, #3513, #2661, #71, #527, #2920, #1086, #421, #3137 ) ) ;
#2015 = VECTOR ( 'NONE', #3769, 1000.000000000000000 ) ;
#2016 = CARTESIAN_POINT ( 'NONE',  ( -79.19999999999994600, 0.1066960618781239850, -9.299999999999997158 ) ) ;
#2017 = CARTESIAN_POINT ( 'NONE',  ( 71.71902604798768266, 3.961947904024611500, 32.51902604798766561 ) ) ;
#2018 = CARTESIAN_POINT ( 'NONE',  ( -76.89999999999999147, 0.000000000000000000, 9.300000000000000711 ) ) ;
#2019 = CARTESIAN_POINT ( 'NONE',  ( -78.42030847727912146, 1.598812615783432811, -9.300000000000000711 ) ) ;
#2020 = CARTESIAN_POINT ( 'NONE',  ( -81.73220837748877443, -19.93723764541391930, -9.299999999999535305 ) ) ;
#2021 = VERTEX_POINT ( 'NONE', #2769 ) ;
#2022 = CARTESIAN_POINT ( 'NONE',  ( 77.62673128034390402, -17.35035834909017893, 10.00000000000000000 ) ) ;
#2023 = CARTESIAN_POINT ( 'NONE',  ( 77.62673128221494778, -17.35035834778319952, 10.00000000000000000 ) ) ;
#2024 = CYLINDRICAL_SURFACE ( 'NONE', #509, 1.000000000000000888 ) ;
#2025 = ORIENTED_EDGE ( 'NONE', *, *, #3679, .T. ) ;
#2026 = DIRECTION ( 'NONE',  ( 0.000000000000000000, 0.000000000000000000, -1.000000000000000000 ) ) ;
#2027 = VERTEX_POINT ( 'NONE', #638 ) ;
#2028 = ADVANCED_FACE ( 'NONE', ( #2749 ), #2195, .T. ) ;
#2029 = VERTEX_POINT ( 'NONE', #2486 ) ;
#2030 = CARTESIAN_POINT ( 'NONE',  ( -76.20745129949879981, -16.11286564576000657, -10.00000000000000533 ) ) ;
#2031 = VERTEX_POINT ( 'NONE', #24 ) ;
#2032 = EDGE_CURVE ( 'NONE', #3764, #2864, #3643, .T. ) ;
#2033 = ORIENTED_EDGE ( 'NONE', *, *, #2650, .T. ) ;
#2034 = DIRECTION ( 'NONE',  ( -0.000000000000000000, -1.000000000000000000, -3.469446951953614682E-16 ) ) ;
#2035 = CARTESIAN_POINT ( 'NONE',  ( 77.01833410203767016, -16.36895800969515236, -10.00000000000000000 ) ) ;
#2036 = CARTESIAN_POINT ( 'NONE',  ( -76.21741207039225685, -16.17676989221087780, 9.299999999999982947 ) ) ;
#2037 = CARTESIAN_POINT ( 'NONE',  ( -78.23611140258589103, 0.6923688580986243624, -9.999999999999994671 ) ) ;
#2038 = CYLINDRICAL_SURFACE ( 'NONE', #2882, 1.999999999999998890 ) ;
#2039 = CARTESIAN_POINT ( 'NONE',  ( -80.63020148569393086, -18.83507575781102261, -9.300000000000469669 ) ) ;
#2040 = CARTESIAN_POINT ( 'NONE',  ( -71.20000000000000284, 4.999999999999980460, 9.999999999999998224 ) ) ;
#2041 = CARTESIAN_POINT ( 'NONE',  ( 79.18415137532832659, 0.2111244124540601341, 9.300000000000165912 ) ) ;
#2042 = CARTESIAN_POINT ( 'NONE',  ( 80.26090064915294420, -21.27078618582061864, 9.299999999998933120 ) ) ;
#2043 = CARTESIAN_POINT ( 'NONE',  ( -82.15091773394729557, -20.32164633060304482, -9.300000000000000711 ) ) ;
#2044 = VERTEX_POINT ( 'NONE', #3415 ) ;
#2045 = B_SPLINE_CURVE_WITH_KNOTS ( 'NONE', 3,
 ( #3618, #3897, #615, #3306 ),
 .UNSPECIFIED., .F., .F.,
 ( 4, 4 ),
 ( 0.0003434007902520823581, 0.0005892712794508225523 ),
 .UNSPECIFIED. ) ;
#2046 = CARTESIAN_POINT ( 'NONE',  ( 79.19999999999998863, -15.99999999999999289, -5.699999999999996625 ) ) ;
#2047 = ORIENTED_EDGE ( 'NONE', *, *, #2729, .T. ) ;
#2048 = ORIENTED_EDGE ( 'NONE', *, *, #2532, .T. ) ;
#2049 = DIRECTION ( 'NONE',  ( 0.000000000000000000, 0.000000000000000000, -1.000000000000000000 ) ) ;
#2050 = CIRCLE ( 'NONE', #2699, 0.7000000000000007327 ) ;
#2051 = VECTOR ( 'NONE', #601, 1000.000000000000000 ) ;
#2052 = ADVANCED_FACE ( 'NONE', ( #1003 ), #2336, .T. ) ;
#2053 = VERTEX_POINT ( 'NONE', #907 ) ;
#2054 = LINE ( 'NONE', #3797, #3527 ) ;
#2055 = CARTESIAN_POINT ( 'NONE',  ( 79.42319463012563574, -18.47810934118172810, -10.00000000000000178 ) ) ;
#2056 = ORIENTED_EDGE ( 'NONE', *, *, #828, .T. ) ;
#2057 = EDGE_CURVE ( 'NONE', #1402, #949, #584, .T. ) ;
#2058 = CARTESIAN_POINT ( 'NONE',  ( 76.87230950299753829, -17.50417258067611215, -9.999999999999193534 ) ) ;
#2059 = CARTESIAN_POINT ( 'NONE',  ( -78.99705996960058485, 0.7613689941775920733, -9.999999999999753086 ) ) ;
#2060 = AXIS2_PLACEMENT_3D ( 'NONE', #831, #1240, #869 ) ;
#2061 = CARTESIAN_POINT ( 'NONE',  ( -71.78578643762692479, 4.414213562373096700, 9.983686643913047831 ) ) ;
#2062 = CARTESIAN_POINT ( 'NONE',  ( -82.85048596506307206, -11.00000000000000000, -4.999999999999997335 ) ) ;
#2063 = ORIENTED_EDGE ( 'NONE', *, *, #2872, .F. ) ;
#2064 = LINE ( 'NONE', #2896, #1292 ) ;
#2065 = CARTESIAN_POINT ( 'NONE',  ( 78.49999971826052558, 0.04778064354202284786, 10.00000000000000000 ) ) ;
#2066 = CARTESIAN_POINT ( 'NONE',  ( 81.25325973616195085, -20.44796731991821659, 10.00000000000000000 ) ) ;
#2067 = ORIENTED_EDGE ( 'NONE', *, *, #636, .T. ) ;
#2068 = CARTESIAN_POINT ( 'NONE',  ( -70.37157287525383254, 3.000000000000000000, -34.99999999999999289 ) ) ;
#2069 = CARTESIAN_POINT ( 'NONE',  ( -76.19999999999997442, 0.000000000000000000, -36.17157287525382259 ) ) ;
#2070 = VERTEX_POINT ( 'NONE', #1192 ) ;
#2071 = CARTESIAN_POINT ( 'NONE',  ( 79.19999999999998863, -16.00000000000000000, -9.300000000000000711 ) ) ;
#2072 = ORIENTED_EDGE ( 'NONE', *, *, #1709, .T. ) ;
#2073 = CARTESIAN_POINT ( 'NONE',  ( 79.40714013303859531, -17.04907555930302721, -9.299999999999771561 ) ) ;
#2074 = CARTESIAN_POINT ( 'NONE',  ( 74.54025549186049204, 3.469045111399255088, -10.00000000000000711 ) ) ;
#2075 = EDGE_CURVE ( 'NONE', #1737, #3185, #2954, .T. ) ;
#2076 = CARTESIAN_POINT ( 'NONE',  ( -76.40988929341861535, 3.251427778267937718, -9.999999999999362288 ) ) ;
#2077 = FACE_OUTER_BOUND ( 'NONE', #262, .T. ) ;
#2078 = CARTESIAN_POINT ( 'NONE',  ( -79.19999999999998863, -16.00000000000002132, 10.00000000000000000 ) ) ;
#2079 =( BOUNDED_SURFACE ( )  B_SPLINE_SURFACE ( 2, 1, ( 
 ( #2427, #3071 ),
 ( #3628, #2752 ),
 ( #861, #904 ) ),
 .UNSPECIFIED., .F., .F., .F. ) 
 B_SPLINE_SURFACE_WITH_KNOTS ( ( 3, 3 ),
 ( 2, 2 ),
 ( 0.000000000000000000, 1.000000000000000000 ),
 ( 0.000000000000000000, 1.000000000000000000 ),
 .UNSPECIFIED. ) 
 GEOMETRIC_REPRESENTATION_ITEM ( )  RATIONAL_B_SPLINE_SURFACE ( (
 ( 1.000000000000000000, 1.000000000000000000),
 ( 0.4285714285714286031, 0.4285714285714286031),
 ( 1.000000000000000000, 1.000000000000000000) ) ) 
 REPRESENTATION_ITEM ( '' )  SURFACE ( )  );
#2080 = CARTESIAN_POINT ( 'NONE',  ( -75.19999999999998863, 0.000000000000000000, -9.300000000000000711 ) ) ;
#2081 = CARTESIAN_POINT ( 'NONE',  ( 75.19999999999998863, -1.000000000000000000, -10.00000000000000000 ) ) ;
#2082 = CARTESIAN_POINT ( 'NONE',  ( 76.87065815415060399, -17.50181699754439890, 9.999999999999465317 ) ) ;
#2083 = DIRECTION ( 'NONE',  ( -0.000000000000000000, 0.000000000000000000, 1.000000000000000000 ) ) ;
#2084 = ORIENTED_EDGE ( 'NONE', *, *, #3347, .T. ) ;
#2085 = CARTESIAN_POINT ( 'NONE',  ( 72.29552565951000531, 4.190482839232509527, 10.00000000000000178 ) ) ;
#2086 = ORIENTED_EDGE ( 'NONE', *, *, #2989, .T. ) ;
#2087 = CARTESIAN_POINT ( 'NONE',  ( -76.19999999999998863, -11.00000000000000533, 9.999999999999996447 ) ) ;
#2088 = EDGE_LOOP ( 'NONE', ( #1060, #164, #2259, #2678, #356, #1082, #929, #882 ) ) ;
#2089 = CARTESIAN_POINT ( 'NONE',  ( -72.29552565951003373, 4.190482839232488210, -9.999999999999991118 ) ) ;
#2090 = ORIENTED_EDGE ( 'NONE', *, *, #32, .T. ) ;
#2091 = CARTESIAN_POINT ( 'NONE',  ( 81.25233293544593494, -20.44714053277648347, -10.00000000000000000 ) ) ;
#2092 = ORIENTED_EDGE ( 'NONE', *, *, #560, .F. ) ;
#2093 = CIRCLE ( 'NONE', #3302, 0.6999999999999992895 ) ;
#2094 = DIRECTION ( 'NONE',  ( 1.000000000000000000, -6.829619984160654348E-17, -6.829619984160628464E-17 ) ) ;
#2095 = CARTESIAN_POINT ( 'NONE',  ( -79.14759654527703958, 0.3747109928156496239, -9.300000000000000711 ) ) ;
#2096 = CARTESIAN_POINT ( 'NONE',  ( 79.19999999999998863, 0.000000000000000000, -9.300000000000000711 ) ) ;
#2097 = ADVANCED_FACE ( 'NONE', ( #3868 ), #2692, .F. ) ;
#2098 = CARTESIAN_POINT ( 'NONE',  ( 78.45906315966431066, 0.2300866299620348554, -10.00000000000000000 ) ) ;
#2099 = LINE ( 'NONE', #3010, #1428 ) ;
#2100 = ORIENTED_EDGE ( 'NONE', *, *, #2132, .F. ) ;
#2101 = DIRECTION ( 'NONE',  ( 0.000000000000000000, 3.469446951953614682E-16, -1.000000000000000000 ) ) ;
#2102 = EDGE_CURVE ( 'NONE', #925, #1891, #886, .T. ) ;
#2103 = CARTESIAN_POINT ( 'NONE',  ( -75.64448824752946621, 0.5555117524705138754, 10.00000000000000000 ) ) ;
#2104 = CARTESIAN_POINT ( 'NONE',  ( 70.37157287525380411, 5.000000000000000000, -9.300000000000000711 ) ) ;
#2105 = ORIENTED_EDGE ( 'NONE', *, *, #2696, .F. ) ;
#2106 =( BOUNDED_SURFACE ( )  B_SPLINE_SURFACE ( 3, 2, ( 
 ( #1581, #617, #2153 ),
 ( #3738, #1280, #342 ),
 ( #322, #696, #1869 ),
 ( #1021, #3677, #3351 ),
 ( #1598, #1830, #78 ),
 ( #2826, #38, #1260 ),
 ( #2480, #3697, #2522 ),
 ( #57, #3065, #3721 ),
 ( #1915, #1540, #2190 ),
 ( #2762, #16, #1242 ),
 ( #2460, #3409, #1892 ),
 ( #950, #654, #362 ),
 ( #1847, #997, #3658 ),
 ( #975, #2208, #935 ),
 ( #3369, #2807, #3081 ),
 ( #2173, #3430, #676 ),
 ( #812, #1465, #514 ),
 ( #2377, #232, #3881 ),
 ( #855, #2560, #418 ),
 ( #2863, #123, #1037 ),
 ( #2247, #3469, #3844 ),
 ( #1377, #2040, #1151 ) ),
 .UNSPECIFIED., .F., .F., .T. ) 
 B_SPLINE_SURFACE_WITH_KNOTS ( ( 4, 2, 2, 2, 2, 2, 2, 2, 2, 2, 4 ),
 ( 3, 3 ),
 ( 0.000000000000000000, 0.0001400262579603502283, 0.0002800525159207004565, 0.0005601050318414009131, 0.001120210063682801826, 0.002240420127365603652, 0.003360630191048405262, 0.004480840254731207305, 0.006721260382096810523, 0.007841470445779612566, 0.008961680509462414609 ),
 ( 0.000000000000000000, 1.000000000000000000 ),
 .UNSPECIFIED. ) 
 GEOMETRIC_REPRESENTATION_ITEM ( )  RATIONAL_B_SPLINE_SURFACE ( (
 ( 1.000000000000000000, 0.7071067811865475727, 1.000000000000000000),
 ( 1.000000000000000000, 0.7071067811865475727, 1.000000000000000000),
 ( 1.000000000000000000, 0.7071067811865475727, 1.000000000000000000),
 ( 1.000000000000000000, 0.7071067811865475727, 1.000000000000000000),
 ( 1.000000000000000000, 0.7071067811865475727, 1.000000000000000000),
 ( 1.000000000000000000, 0.7071067811865475727, 1.000000000000000000),
 ( 1.000000000000000000, 0.7071067811865475727, 1.000000000000000000),
 ( 1.000000000000000000, 0.7071067811865475727, 1.000000000000000000),
 ( 1.000000000000000000, 0.7071067811865475727, 1.000000000000000000),
 ( 1.000000000000000000, 0.7071067811865475727, 1.000000000000000000),
 ( 1.000000000000000000, 0.7071067811865475727, 1.000000000000000000),
 ( 1.000000000000000000, 0.7071067811865475727, 1.000000000000000000),
 ( 1.000000000000000000, 0.7071067811865475727, 1.000000000000000000),
 ( 1.000000000000000000, 0.7071067811865475727, 1.000000000000000000),
 ( 1.000000000000000000, 0.7071067811865475727, 1.000000000000000000),
 ( 1.000000000000000000, 0.7071067811865475727, 1.000000000000000000),
 ( 1.000000000000000000, 0.7071067811865475727, 1.000000000000000000),
 ( 1.000000000000000000, 0.7071067811865475727, 1.000000000000000000),
 ( 1.000000000000000000, 0.7071067811865492381, 1.000000000000000000),
 ( 1.000000000000000000, 0.7071067811865492381, 1.000000000000000000),
 ( 1.000000000000000000, 0.7071067811865483499, 1.000000000000000000),
 ( 1.000000000000000000, 0.7071067811865483499, 1.000000000000000000) ) ) 
 REPRESENTATION_ITEM ( '' )  SURFACE ( )  );
#2107 = EDGE_CURVE ( 'NONE', #2029, #3407, #1296, .T. ) ;
#2108 = CYLINDRICAL_SURFACE ( 'NONE', #3853, 2.000000000000001776 ) ;
#2109 = ORIENTED_EDGE ( 'NONE', *, *, #405, .T. ) ;
#2110 = CARTESIAN_POINT ( 'NONE',  ( -81.64634317377391426, -21.61336514621106986, -9.300000000000000711 ) ) ;
#2111 = CARTESIAN_POINT ( 'NONE',  ( 79.19999999999998863, -10.30000000000000071, -5.699999999999998401 ) ) ;
#2112 = LINE ( 'NONE', #1105, #3125 ) ;
#2113 = CARTESIAN_POINT ( 'NONE',  ( -77.62384934221445576, 1.430131033623221359, -10.00000000000000355 ) ) ;
#2114 = EDGE_LOOP ( 'NONE', ( #181, #185, #2776, #2263, #2397, #572 ) ) ;
#2115 = VECTOR ( 'NONE', #177, 1000.000000000000000 ) ;
#2116 = B_SPLINE_CURVE_WITH_KNOTS ( 'NONE', 3,
 ( #2690, #1860, #3646, #2449, #3032, #3091, #3888, #3358, #923, #2124, #2714, #1174 ),
 .UNSPECIFIED., .F., .F.,
 ( 4, 2, 2, 2, 2, 4 ),
 ( 0.000000000000000000, 0.0008059065176462307896, 0.001611813035292461579, 0.003223626070584941807, 0.004835439105877420950, 0.006447252141169901828 ),
 .UNSPECIFIED. ) ;
#2117 = CARTESIAN_POINT ( 'NONE',  ( -78.19616355316023260, -18.08680424195448921, 9.999999999999998224 ) ) ;
#2118 = AXIS2_PLACEMENT_3D ( 'NONE', #927, #3097, #1842 ) ;
#2119 = DIRECTION ( 'NONE',  ( 0.000000000000000000, 0.000000000000000000, -1.000000000000000000 ) ) ;
#2120 = CARTESIAN_POINT ( 'NONE',  ( -78.49999999999998579, -1.939840529849406577E-14, -10.00000000000000000 ) ) ;
#2121 = CARTESIAN_POINT ( 'NONE',  ( 80.20119623583724433, -21.21380375950417729, 9.300000000000002487 ) ) ;
#2122 = CARTESIAN_POINT ( 'NONE',  ( 79.14796909723108342, 0.3732561181918074289, -9.300000000000125056 ) ) ;
#2123 = DIRECTION ( 'NONE',  ( 1.000000000000000000, 0.000000000000000000, 0.000000000000000000 ) ) ;
#2124 = CARTESIAN_POINT ( 'NONE',  ( -81.25233293664476264, -20.44714053150813982, 10.00000000000000355 ) ) ;
#2125 = CARTESIAN_POINT ( 'NONE',  ( 81.64872444051687239, -20.81172164352263110, 10.00000000000000000 ) ) ;
#2126 = EDGE_LOOP ( 'NONE', ( #149, #2571, #2960, #1438, #1501, #2302, #1259, #142, #2437 ) ) ;
#2127 = CARTESIAN_POINT ( 'NONE',  ( -75.19999999999998863, -1.000000000000000000, 9.300000000000000711 ) ) ;
#2128 = EDGE_CURVE ( 'NONE', #125, #3857, #3565, .T. ) ;
#2129 = CARTESIAN_POINT ( 'NONE',  ( 80.48377480114203308, -19.69383605397047532, -10.00000000000000000 ) ) ;
#2130 = CYLINDRICAL_SURFACE ( 'NONE', #146, 1.000000000000000888 ) ;
#2131 = EDGE_CURVE ( 'NONE', #2184, #3035, #2870, .T. ) ;
#2132 = EDGE_CURVE ( 'NONE', #3785, #444, #1122, .T. ) ;
#2133 = CARTESIAN_POINT ( 'NONE',  ( -79.46673737766977297, -17.18735899532994438, 9.300000000000006040 ) ) ;
#2134 = EDGE_LOOP ( 'NONE', ( #1366, #1685, #1120, #693, #3025, #1950 ) ) ;
#2135 = CARTESIAN_POINT ( 'NONE',  ( 78.50000000000000000, -11.00000000000000000, -4.999999999999997335 ) ) ;
#2136 = CARTESIAN_POINT ( 'NONE',  ( 81.64836981318777021, -20.81140546265527647, -10.00000000000000000 ) ) ;
#2137 = LINE ( 'NONE', #1749, #3325 ) ;
#2138 = CARTESIAN_POINT ( 'NONE',  ( -71.30557758554100189, 4.999109695921479357, -9.300000000000000711 ) ) ;
#2139 = CARTESIAN_POINT ( 'NONE',  ( -78.49999999999998579, -1.939840529849406577E-14, -9.300000000000000711 ) ) ;
#2140 = LINE ( 'NONE', #1231, #3143 ) ;
#2141 = DIRECTION ( 'NONE',  ( 1.224646799147353207E-16, 1.000000000000000000, 0.000000000000000000 ) ) ;
#2142 = DIRECTION ( 'NONE',  ( -0.000000000000000000, 0.000000000000000000, 1.000000000000000000 ) ) ;
#2143 = AXIS2_PLACEMENT_3D ( 'NONE', #910, #2453, #50 ) ;
#2144 = ORIENTED_EDGE ( 'NONE', *, *, #3541, .T. ) ;
#2145 = DIRECTION ( 'NONE',  ( 1.000000000000000000, -0.000000000000000000, 0.000000000000000000 ) ) ;
#2146 = EDGE_LOOP ( 'NONE', ( #1459, #2187, #967, #3489, #2819, #227 ) ) ;
#2147 = CARTESIAN_POINT ( 'NONE',  ( -75.53291679679364279, 0.6670832032063187533, -10.00000000000000000 ) ) ;
#2148 = CARTESIAN_POINT ( 'NONE',  ( -82.51597377796858268, -20.64712531177430321, 9.999999999999998224 ) ) ;
#2149 = ORIENTED_EDGE ( 'NONE', *, *, #281, .F. ) ;
#2150 = ADVANCED_FACE ( 'NONE', ( #1740 ), #3714, .T. ) ;
#2151 = CARTESIAN_POINT ( 'NONE',  ( 82.51597377796858268, -20.64712531177428190, -9.300000000000000711 ) ) ;
#2152 = EDGE_LOOP ( 'NONE', ( #223, #770, #100 ) ) ;
#2153 = CARTESIAN_POINT ( 'NONE',  ( -79.19999999999998863, -1.939840529849406577E-14, 9.300000000000000711 ) ) ;
#2154 = CARTESIAN_POINT ( 'NONE',  ( -81.64634317377391426, -21.61336514621106986, -10.00000000000000000 ) ) ;
#2155 = EDGE_CURVE ( 'NONE', #3764, #3857, #1477, .T. ) ;
#2156 = APPLICATION_CONTEXT ( 'automotive_design' ) ;
#2157 = VECTOR ( 'NONE', #2476, 1000.000000000000000 ) ;
#2158 = DIRECTION ( 'NONE',  ( 0.000000000000000000, 0.000000000000000000, 1.000000000000000000 ) ) ;
#2159 = CARTESIAN_POINT ( 'NONE',  ( 76.19999999999998863, -11.00000000000000533, 9.999999999999996447 ) ) ;
#2160 = CARTESIAN_POINT ( 'NONE',  ( 80.20114231113518599, -21.21375778415314173, -9.299999999999998934 ) ) ;
#2161 = VECTOR ( 'NONE', #1109, 1000.000000000000000 ) ;
#2162 = CARTESIAN_POINT ( 'NONE',  ( -70.56432550960842320, 0.000000000000000000, 37.00000000000000711 ) ) ;
#2163 = DIRECTION ( 'NONE',  ( 5.491332302994390974E-16, 0.7071067811865457964, -0.7071067811865492381 ) ) ;
#2164 = DIRECTION ( 'NONE',  ( 0.000000000000000000, -1.000000000000000000, 0.000000000000000000 ) ) ;
#2165 = ORIENTED_EDGE ( 'NONE', *, *, #3347, .F. ) ;
#2166 = FACE_OUTER_BOUND ( 'NONE', #675, .T. ) ;
#2167 = DIRECTION ( 'NONE',  ( 0.000000000000000000, -0.000000000000000000, -1.000000000000000000 ) ) ;
#2168 = CARTESIAN_POINT ( 'NONE',  ( 71.19999999999997442, 5.000000000000021316, 31.36432550960841681 ) ) ;
#2169 = VERTEX_POINT ( 'NONE', #2534 ) ;
#2170 = VECTOR ( 'NONE', #2338, 1000.000000000000000 ) ;
#2171 = CARTESIAN_POINT ( 'NONE',  ( -72.03453789299874188, 4.947234715259507531, 9.300000000000002487 ) ) ;
#2172 = VERTEX_POINT ( 'NONE', #3421 ) ;
#2173 = CARTESIAN_POINT ( 'NONE',  ( -74.75229886680577351, 3.375184683102029570, 10.00000000000000178 ) ) ;
#2174 = CARTESIAN_POINT ( 'NONE',  ( 70.37157287525380411, 5.000000000000000000, 9.300000000000000711 ) ) ;
#2175 = ADVANCED_FACE ( 'NONE', ( #2183 ), #625, .T. ) ;
#2176 = AXIS2_PLACEMENT_3D ( 'NONE', #2457, #3652, #2186 ) ;
#2177 = VECTOR ( 'NONE', #3923, 1000.000000000000000 ) ;
#2178 = CARTESIAN_POINT ( 'NONE',  ( -79.20000000000000284, -1.939840529849406577E-14, -10.00000000000000178 ) ) ;
#2179 = DIRECTION ( 'NONE',  ( 4.956352788505119289E-15, 1.000000000000000000, -4.956352788505168198E-15 ) ) ;
#2180 = CARTESIAN_POINT ( 'NONE',  ( 76.21336392975733531, -16.16746640763681953, -9.299999999999998934 ) ) ;
#2181 = CARTESIAN_POINT ( 'NONE',  ( -82.85048596506307206, -21.39353402747518373, 9.300000000000000711 ) ) ;
#2182 = CARTESIAN_POINT ( 'NONE',  ( -76.19999999999998863, -16.02615749005188661, 9.300000000000000711 ) ) ;
#2183 = FACE_OUTER_BOUND ( 'NONE', #2880, .T. ) ;
#2184 = VERTEX_POINT ( 'NONE', #1589 ) ;
#2185 = DIRECTION ( 'NONE',  ( 1.000000000000000000, 0.000000000000000000, 0.000000000000000000 ) ) ;
#2186 = DIRECTION ( 'NONE',  ( 1.000000000000000000, 0.000000000000000000, 0.000000000000000000 ) ) ;
#2187 = ORIENTED_EDGE ( 'NONE', *, *, #1881, .F. ) ;
#2188 = CARTESIAN_POINT ( 'NONE',  ( 79.19999999999998863, -16.00000000000000000, 9.300000000000000711 ) ) ;
#2189 = ORIENTED_EDGE ( 'NONE', *, *, #2155, .T. ) ;
#2190 = CARTESIAN_POINT ( 'NONE',  ( -78.69329424391051475, 1.259096848541299218, 9.300000000000324007 ) ) ;
#2191 = CARTESIAN_POINT ( 'NONE',  ( 78.49999999999998579, -16.00000000000000000, -10.00000000000000000 ) ) ;
#2192 = CARTESIAN_POINT ( 'NONE',  ( 76.20226867591604503, -16.06164421264238840, 9.300000000000002487 ) ) ;
#2193 = CARTESIAN_POINT ( 'NONE',  ( 71.72315018998955338, 4.974502654077429753, 9.300000000000000711 ) ) ;
#2194 = CARTESIAN_POINT ( 'NONE',  ( -79.18415137532828396, 0.2111244124541482303, -9.300000000000000711 ) ) ;
#2195 = CYLINDRICAL_SURFACE ( 'NONE', #1028, 1.000000000000000888 ) ;
#2196 = CARTESIAN_POINT ( 'NONE',  ( 76.41197408661676604, 3.250299542315326029, -9.300000000000318678 ) ) ;
#2197 = EDGE_CURVE ( 'NONE', #3794, #3878, #1861, .T. ) ;
#2198 = CARTESIAN_POINT ( 'NONE',  ( -76.20759848092615130, -16.11401829150863918, 9.300000000000004263 ) ) ;
#2199 = CARTESIAN_POINT ( 'NONE',  ( -70.56432550960846584, 2.807247365645363146, 31.36432550960844523 ) ) ;
#2200 = CARTESIAN_POINT ( 'NONE',  ( 77.12164170583834277, -16.57689700144199563, -10.00000000000000000 ) ) ;
#2201 = CARTESIAN_POINT ( 'NONE',  ( 78.37023881761574273, 0.4485153602734660572, 10.00000000000000000 ) ) ;
#2202 = CARTESIAN_POINT ( 'NONE',  ( 71.20000000000000284, 3.000000000000000000, -37.00000000000001421 ) ) ;
#2203 = VECTOR ( 'NONE', #988, 1000.000000000000000 ) ;
#2204 = ORIENTED_EDGE ( 'NONE', *, *, #1940, .T. ) ;
#2205 = ORIENTED_EDGE ( 'NONE', *, *, #2057, .T. ) ;
#2206 = DIRECTION ( 'NONE',  ( 1.000000000000000000, -0.000000000000000000, 0.000000000000000000 ) ) ;
#2207 = ORIENTED_EDGE ( 'NONE', *, *, #3474, .F. ) ;
#2208 = CARTESIAN_POINT ( 'NONE',  ( -76.41197408720491069, 3.250299543188502671, 10.00000000000000178 ) ) ;
#2209 = FACE_OUTER_BOUND ( 'NONE', #1020, .T. ) ;
#2210 = LINE ( 'NONE', #225, #2703 ) ;
#2211 = CARTESIAN_POINT ( 'NONE',  ( -78.49999999999998579, -1.939840445088316431E-14, 10.00000000000000000 ) ) ;
#2212 = LINE ( 'NONE', #1422, #2810 ) ;
#2213 = CARTESIAN_POINT ( 'NONE',  ( 4.370956789862818783E-15, 5.000000000000000000, 31.99999999999997868 ) ) ;
#2214 = CARTESIAN_POINT ( 'NONE',  ( 78.28463704315068128, 1.767721378598720028, -9.999999999998697930 ) ) ;
#2215 = VERTEX_POINT ( 'NONE', #1819 ) ;
#2216 = CARTESIAN_POINT ( 'NONE',  ( 75.53291679679367121, 0.6670832032063117589, 10.00000000000000000 ) ) ;
#2217 = CARTESIAN_POINT ( 'NONE',  ( 78.49999999999994316, -11.00000000000000355, 5.000000000000002665 ) ) ;
#2218 = CARTESIAN_POINT ( 'NONE',  ( 0.000000000000000000, 4.299999999999999822, 9.300000000000000711 ) ) ;
#2219 = VECTOR ( 'NONE', #216, 1000.000000000000000 ) ;
#2220 = DIRECTION ( 'NONE',  ( 1.000000000000000000, 0.000000000000000000, 0.000000000000000000 ) ) ;
#2221 = EDGE_CURVE ( 'NONE', #1532, #2680, #2432, .T. ) ;
#2222 = ORIENTED_EDGE ( 'NONE', *, *, #3653, .T. ) ;
#2223 = CARTESIAN_POINT ( 'NONE',  ( 70.37157287525380411, 3.000000000000000000, -35.00000000000000711 ) ) ;
#2224 = ORIENTED_EDGE ( 'NONE', *, *, #3201, .T. ) ;
#2225 = EDGE_CURVE ( 'NONE', #1804, #819, #3131, .T. ) ;
#2226 = CARTESIAN_POINT ( 'NONE',  ( 79.19999999999998863, 0.000000000000000000, 10.00000000000000000 ) ) ;
#2227 = ORIENTED_EDGE ( 'NONE', *, *, #2941, .T. ) ;
#2228 = CARTESIAN_POINT ( 'NONE',  ( -76.89999999999999147, -16.00000000000001776, 9.300000000000000711 ) ) ;
#2229 = AXIS2_PLACEMENT_3D ( 'NONE', #398, #2540, #1936 ) ;
#2230 = B_SPLINE_CURVE_WITH_KNOTS ( 'NONE', 3,
 ( #1813, #1854, #1896, #2813, #2445, #1876, #3084, #1286, #347, #41, #1603, #956, #1264, #3682, #3105, #602 ),
 .UNSPECIFIED., .F., .F.,
 ( 4, 2, 2, 2, 2, 2, 2, 4 ),
 ( 0.000000000000000000, 0.0001163946808553418838, 0.0002327893617106837677, 0.0004655787234213675354, 0.0009311574468427072067, 0.001862314893685417449, 0.003724629787370846174, 0.007449259574741703624 ),
 .UNSPECIFIED. ) ;
#2231 = DIRECTION ( 'NONE',  ( 1.000000000000000000, 0.000000000000000000, 0.000000000000000000 ) ) ;
#2232 = CARTESIAN_POINT ( 'NONE',  ( 78.22705723790068078, 1.808362989480380101, 9.299999999999998934 ) ) ;
#2233 = B_SPLINE_CURVE_WITH_KNOTS ( 'NONE', 3,
 ( #2751, #2381, #1491, #2465, #3645, #941 ),
 .UNSPECIFIED., .F., .F.,
 ( 4, 2, 4 ),
 ( -6.324555320368347629E-06, 0.0005917313576664236761, 0.001189787270653215861 ),
 .UNSPECIFIED. ) ;
#2234 = B_SPLINE_CURVE_WITH_KNOTS ( 'NONE', 3,
 ( #3656, #3934, #1827, #1846, #2436, #1258 ),
 .UNSPECIFIED., .F., .F.,
 ( 4, 2, 4 ),
 ( 8.673617379884035472E-19, 0.0003738740802176243778, 0.0007477481604352478883 ),
 .UNSPECIFIED. ) ;
#2235 = CARTESIAN_POINT ( 'NONE',  ( 79.32878586617987082, -16.83940050453484716, 9.299999999999764455 ) ) ;
#2236 = CARTESIAN_POINT ( 'NONE',  ( 78.12854634795328934, 0.8443849740213131838, -9.999999999999994671 ) ) ;
#2237 = CARTESIAN_POINT ( 'NONE',  ( 79.10230112267880997, 0.5171368678734274971, 9.300000000000002487 ) ) ;
#2238 = DIRECTION ( 'NONE',  ( -1.497733166018926474E-15, -0.7071067811865457964, 0.7071067811865492381 ) ) ;
#2239 = CIRCLE ( 'NONE', #3571, 2.000000000000000000 ) ;
#2240 = CARTESIAN_POINT ( 'NONE',  ( 70.56432550960843741, 4.221460928018459846, 32.77853907198151262 ) ) ;
#2241 = CARTESIAN_POINT ( 'NONE',  ( -79.40706991949572569, -17.04913108264934962, -9.300000000000931522 ) ) ;
#2242 = CIRCLE ( 'NONE', #1230, 0.3000000000000085931 ) ;
#2243 = ORIENTED_EDGE ( 'NONE', *, *, #1277, .T. ) ;
#2244 = CIRCLE ( 'NONE', #2834, 1.000000000000000888 ) ;
#2245 = CARTESIAN_POINT ( 'NONE',  ( 76.03887255799851630, 2.657370853432345026, 10.00000000000000000 ) ) ;
#2246 = CARTESIAN_POINT ( 'NONE',  ( -79.42319463013308223, -18.47810934118452764, 9.999999999999994671 ) ) ;
#2247 = CARTESIAN_POINT ( 'NONE',  ( -71.57402903069905165, 4.299999969553146784, 9.999999999999996447 ) ) ;
#2248 = VERTEX_POINT ( 'NONE', #3380 ) ;
#2249 = ORIENTED_EDGE ( 'NONE', *, *, #462, .F. ) ;
#2250 = EDGE_CURVE ( 'NONE', #2326, #1184, #931, .T. ) ;
#2251 = ORIENTED_EDGE ( 'NONE', *, *, #2428, .F. ) ;
#2252 = CARTESIAN_POINT ( 'NONE',  ( -77.44523127747264368, -17.10056769710315550, -9.999999999999998224 ) ) ;
#2253 = AXIS2_PLACEMENT_3D ( 'NONE', #3164, #431, #389 ) ;
#2254 = CARTESIAN_POINT ( 'NONE',  ( 76.38269844158955379, -16.66265449200173876, 10.00000000000013500 ) ) ;
#2255 = CARTESIAN_POINT ( 'NONE',  ( 76.26873089629127378, 3.338686529721717200, 9.299999999999995381 ) ) ;
#2256 = AXIS2_PLACEMENT_3D ( 'NONE', #1640, #476, #3767 ) ;
#2257 = CARTESIAN_POINT ( 'NONE',  ( -76.61763266095944402, 3.119719464549942423, -9.300000000000000711 ) ) ;
#2258 = CARTESIAN_POINT ( 'NONE',  ( 71.63789256809992878, 5.000000000000000000, -9.299999999998384226 ) ) ;
#2259 = ORIENTED_EDGE ( 'NONE', *, *, #3268, .T. ) ;
#2260 = SURFACE_STYLE_FILL_AREA ( #2490 ) ;
#2261 = LINE ( 'NONE', #1268, #1048 ) ;
#2262 = LINE ( 'NONE', #1031, #1129 ) ;
#2263 = ORIENTED_EDGE ( 'NONE', *, *, #1426, .T. ) ;
#2264 = CARTESIAN_POINT ( 'NONE',  ( 71.63168870117419829, 4.985101680696890192, 9.300000000000322231 ) ) ;
#2265 = CARTESIAN_POINT ( 'NONE',  ( -79.40714013303664842, -17.04907555929897356, 9.300000000000002487 ) ) ;
#2266 = ORIENTED_EDGE ( 'NONE', *, *, #3419, .F. ) ;
#2267 = ORIENTED_EDGE ( 'NONE', *, *, #1309, .T. ) ;
#2268 = ORIENTED_EDGE ( 'NONE', *, *, #2551, .T. ) ;
#2269 = CARTESIAN_POINT ( 'NONE',  ( -76.90011003737609485, -16.00488019690431329, -10.00000000000000000 ) ) ;
#2270 = ADVANCED_FACE ( 'NONE', ( #2796 ), #795, .T. ) ;
#2271 = VECTOR ( 'NONE', #70, 1000.000000000000000 ) ;
#2272 = EDGE_CURVE ( 'NONE', #3209, #949, #313, .T. ) ;
#2273 = CARTESIAN_POINT ( 'NONE',  ( -76.19999999999998863, -16.00000000000001776, -9.300000000000000711 ) ) ;
#2274 = VERTEX_POINT ( 'NONE', #667 ) ;
#2275 = ADVANCED_FACE ( 'NONE', ( #3094 ), #332, .T. ) ;
#2276 = DIRECTION ( 'NONE',  ( 0.7071067811865465735, -0.7071067811865485719, -6.439027471636208788E-17 ) ) ;
#2277 = ORIENTED_EDGE ( 'NONE', *, *, #3419, .T. ) ;
#2278 = CARTESIAN_POINT ( 'NONE',  ( 76.90397447202600745, -16.03911787772052477, -10.00000000000000178 ) ) ;
#2279 = DIRECTION ( 'NONE',  ( 0.000000000000000000, -0.000000000000000000, -1.000000000000000000 ) ) ;
#2280 = FACE_OUTER_BOUND ( 'NONE', #2981, .T. ) ;
#2281 = CARTESIAN_POINT ( 'NONE',  ( -79.13043992001276195, -18.03019326702717962, -10.00000000000000000 ) ) ;
#2282 = CARTESIAN_POINT ( 'NONE',  ( 78.49999999999998579, 2.266705341943022152E-15, 10.00000000000000000 ) ) ;
#2283 = LINE ( 'NONE', #3523, #2830 ) ;
#2284 = AXIS2_PLACEMENT_3D ( 'NONE', #651, #948, #1782 ) ;
#2285 = VECTOR ( 'NONE', #2276, 1000.000000000000000 ) ;
#2286 = VERTEX_POINT ( 'NONE', #1320 ) ;
#2287 = B_SPLINE_CURVE_WITH_KNOTS ( 'NONE', 3,
 ( #138, #1321, #1967, #1929, #3716, #1629 ),
 .UNSPECIFIED., .F., .F.,
 ( 4, 2, 4 ),
 ( 4.987329993433320396E-18, 0.0004725827797739941640, 0.0009451655595479833407 ),
 .UNSPECIFIED. ) ;
#2288 = VERTEX_POINT ( 'NONE', #2753 ) ;
#2289 = CARTESIAN_POINT ( 'NONE',  ( -76.90000272147281635, -16.00244682324999346, -9.999999999999992895 ) ) ;
#2290 = CARTESIAN_POINT ( 'NONE',  ( -75.50385943849252612, 7.562794171913395004E-17, 9.554225229969738109 ) ) ;
#2291 = ORIENTED_EDGE ( 'NONE', *, *, #908, .T. ) ;
#2292 = ADVANCED_FACE ( 'NONE', ( #5 ), #1512, .T. ) ;
#2293 = AXIS2_PLACEMENT_3D ( 'NONE', #2139, #1527, #700 ) ;
#2294 = CARTESIAN_POINT ( 'NONE',  ( -76.20000000000001705, 0.000000000000000000, 37.00000000000000711 ) ) ;
#2295 = ORIENTED_EDGE ( 'NONE', *, *, #953, .F. ) ;
#2296 = CARTESIAN_POINT ( 'NONE',  ( 76.26559498972534357, -16.36818361777627118, -10.00000000000003197 ) ) ;
#2297 = ADVANCED_FACE ( 'NONE', ( #924 ), #3359, .F. ) ;
#2298 = CARTESIAN_POINT ( 'NONE',  ( -82.85048596506307206, -15.99999999999999645, -4.999999999999997335 ) ) ;
#2299 = CARTESIAN_POINT ( 'NONE',  ( 0.000000000000000000, 5.000000000000000000, 9.300000000000000711 ) ) ;
#2300 = CARTESIAN_POINT ( 'NONE',  ( -75.19999999999998863, 0.000000000000000000, 0.000000000000000000 ) ) ;
#2301 = CARTESIAN_POINT ( 'NONE',  ( -76.26874568141842303, 3.338755983174034991, 9.299999999999993605 ) ) ;
#2302 = ORIENTED_EDGE ( 'NONE', *, *, #2323, .T. ) ;
#2303 = CARTESIAN_POINT ( 'NONE',  ( -78.49999999999997158, -16.27233403858293670, -10.00000000000000178 ) ) ;
#2304 = CARTESIAN_POINT ( 'NONE',  ( 76.98528796253785345, -16.29624630924813644, 10.00000000000000711 ) ) ;
#2305 = CARTESIAN_POINT ( 'NONE',  ( -78.49999999999998579, -16.00000000000002132, 10.00000000000000000 ) ) ;
#2306 = CIRCLE ( 'NONE', #338, 1.000000000000000888 ) ;
#2307 = ORIENTED_EDGE ( 'NONE', *, *, #327, .T. ) ;
#2308 = CARTESIAN_POINT ( 'NONE',  ( 75.68097395201228039, 0.000000000000000000, 32.51902604798767982 ) ) ;
#2309 = AXIS2_PLACEMENT_3D ( 'NONE', #2933, #3807, #1152 ) ;
#2310 = ORIENTED_EDGE ( 'NONE', *, *, #590, .T. ) ;
#2311 = CARTESIAN_POINT ( 'NONE',  ( -76.20082782229262364, -16.03795057717346140, -9.300000000000007816 ) ) ;
#2312 = CARTESIAN_POINT ( 'NONE',  ( -77.46877796482407064, -18.31041521730538335, 9.299999999999998934 ) ) ;
#2313 = AXIS2_PLACEMENT_3D ( 'NONE', #2416, #305, #596 ) ;
#2314 = EDGE_LOOP ( 'NONE', ( #1142, #499, #1968, #2618 ) ) ;
#2315 = CARTESIAN_POINT ( 'NONE',  ( 70.56432550960843741, 2.807247365645360926, 31.36432550960842391 ) ) ;
#2316 = LINE ( 'NONE', #3511, #694 ) ;
#2317 = CYLINDRICAL_SURFACE ( 'NONE', #3761, 0.6999999999999992895 ) ;
#2318 = CARTESIAN_POINT ( 'NONE',  ( -77.12164169104087819, -16.57689700997740445, 10.00000000000000000 ) ) ;
#2319 = CARTESIAN_POINT ( 'NONE',  ( -72.66416657762447073, 4.109674111924218387, -10.00000000000000178 ) ) ;
#2320 = ADVANCED_FACE ( 'NONE', ( #1251 ), #2467, .T. ) ;
#2321 = CARTESIAN_POINT ( 'NONE',  ( -80.14781705000740430, -18.25510785430818217, -9.999999999999767297 ) ) ;
#2322 = DIRECTION ( 'NONE',  ( -0.000000000000000000, -0.000000000000000000, -1.000000000000000000 ) ) ;
#2323 = EDGE_CURVE ( 'NONE', #1252, #395, #1329, .T. ) ;
#2324 = CARTESIAN_POINT ( 'NONE',  ( 81.85048596506307206, -21.39353402747516242, 10.00000000000000000 ) ) ;
#2325 = CARTESIAN_POINT ( 'NONE',  ( -70.37157287525383254, 5.000000000000000000, 31.17157287525380127 ) ) ;
#2326 = VERTEX_POINT ( 'NONE', #756 ) ;
#2327 = CARTESIAN_POINT ( 'NONE',  ( 76.19999999999998863, 0.000000000000000000, 31.36432550960842391 ) ) ;
#2328 = ORIENTED_EDGE ( 'NONE', *, *, #828, .F. ) ;
#2329 = CARTESIAN_POINT ( 'NONE',  ( -76.21314483609270951, -16.15341004918659351, -10.00000000000000533 ) ) ;
#2330 = DIRECTION ( 'NONE',  ( -1.000000000000000000, 0.000000000000000000, 0.000000000000000000 ) ) ;
#2331 = CARTESIAN_POINT ( 'NONE',  ( -79.25747656452944057, -20.27602078201765323, -9.300000000000004263 ) ) ;
#2332 = VECTOR ( 'NONE', #2891, 1000.000000000000000 ) ;
#2333 = AXIS2_PLACEMENT_3D ( 'NONE', #3096, #3321, #586 ) ;
#2334 = LINE ( 'NONE', #1521, #2892 ) ;
#2335 = LINE ( 'NONE', #3933, #2285 ) ;
#2336 =( BOUNDED_SURFACE ( )  B_SPLINE_SURFACE ( 3, 2, ( 
 ( #2463, #3128, #1856 ),
 ( #386, #2835, #3106 ),
 ( #2528, #88, #1314 ),
 ( #1247, #2548, #2235 ),
 ( #3146, #112, #3460 ),
 ( #408, #3743, #2854 ),
 ( #1332, #1027, #1922 ),
 ( #1624, #538, #2408 ),
 ( #254, #558, #3342 ),
 ( #839, #3890, #1757 ),
 ( #2995, #3318, #1473 ),
 ( #2066, #274, #1212 ),
 ( #2125, #3013, #3573 ),
 ( #2715, #1720, #295 ) ),
 .UNSPECIFIED., .F., .F., .T. ) 
 B_SPLINE_SURFACE_WITH_KNOTS ( ( 4, 2, 2, 2, 2, 2, 4 ),
 ( 3, 3 ),
 ( 0.000000000000000000, 0.0008039093587641645390, 0.001607818717528329078, 0.002411728076292493726, 0.003215637435056658156, 0.004823456152584987451, 0.006431274870113316312 ),
 ( 0.000000000000000000, 1.000000000000000000 ),
 .UNSPECIFIED. ) 
 GEOMETRIC_REPRESENTATION_ITEM ( )  RATIONAL_B_SPLINE_SURFACE ( (
 ( 1.000000000000000000, 0.7071067811865475727, 1.000000000000000000),
 ( 1.000000000000000000, 0.7071067811865475727, 1.000000000000000000),
 ( 1.000000000000000000, 0.7071067811865483499, 1.000000000000000000),
 ( 1.000000000000000000, 0.7071067811865483499, 1.000000000000000000),
 ( 1.000000000000000000, 0.7071067811865475727, 1.000000000000000000),
 ( 1.000000000000000000, 0.7071067811865475727, 1.000000000000000000),
 ( 1.000000000000000000, 0.7071067811865475727, 1.000000000000000000),
 ( 1.000000000000000000, 0.7071067811865475727, 1.000000000000000000),
 ( 1.000000000000000000, 0.7071067811865475727, 1.000000000000000000),
 ( 1.000000000000000000, 0.7071067811865475727, 1.000000000000000000),
 ( 1.000000000000000000, 0.7071067811865475727, 1.000000000000000000),
 ( 1.000000000000000000, 0.7071067811865475727, 1.000000000000000000),
 ( 1.000000000000000000, 0.7071067811865475727, 1.000000000000000000),
 ( 1.000000000000000000, 0.7071067811865475727, 1.000000000000000000) ) ) 
 REPRESENTATION_ITEM ( '' )  SURFACE ( )  );
#2337 = CARTESIAN_POINT ( 'NONE',  ( -76.64780520115891704, 2.247909819771783280, -9.999999999999998224 ) ) ;
#2338 = DIRECTION ( 'NONE',  ( 0.000000000000000000, 1.000000000000000000, -0.000000000000000000 ) ) ;
#2339 = CARTESIAN_POINT ( 'NONE',  ( -82.51597377796858268, -20.64712531177430321, -9.999999999999998224 ) ) ;
#2340 = CARTESIAN_POINT ( 'NONE',  ( -71.20000000000000284, 5.000000000000023093, 31.36432550960843813 ) ) ;
#2341 = CARTESIAN_POINT ( 'NONE',  ( 79.59831216448310443, -18.68911047788836299, 10.00000000000000000 ) ) ;
#2342 = CARTESIAN_POINT ( 'NONE',  ( 78.41044428982404213, 0.3646261460999921100, 9.999999999999998224 ) ) ;
#2343 = CARTESIAN_POINT ( 'NONE',  ( -80.74702738763006948, -18.95953288893722544, -9.300000000000002487 ) ) ;
#2344 = ORIENTED_EDGE ( 'NONE', *, *, #1940, .F. ) ;
#2345 = SPHERICAL_SURFACE ( 'NONE', #115, 2.000000000000000000 ) ;
#2346 = EDGE_CURVE ( 'NONE', #949, #3794, #3199, .T. ) ;
#2347 = ORIENTED_EDGE ( 'NONE', *, *, #3219, .T. ) ;
#2348 = FACE_OUTER_BOUND ( 'NONE', #1645, .T. ) ;
#2349 = EDGE_CURVE ( 'NONE', #3794, #3719, #460, .T. ) ;
#2350 = VECTOR ( 'NONE', #2663, 1000.000000000000000 ) ;
#2351 = CARTESIAN_POINT ( 'NONE',  ( 76.19999999999998863, -16.00000000000000000, 10.00000000000000000 ) ) ;
#2352 = CARTESIAN_POINT ( 'NONE',  ( -76.94457615781632853, -16.18882792776457080, 10.00000000000000000 ) ) ;
#2353 = VERTEX_POINT ( 'NONE', #3501 ) ;
#2354 = CARTESIAN_POINT ( 'NONE',  ( 76.30723814204773703, 2.483358559358173512, -9.999999999999992895 ) ) ;
#2355 = CARTESIAN_POINT ( 'NONE',  ( 76.59832305885555570, -17.06902882900043394, -9.300000000000268940 ) ) ;
#2356 = CARTESIAN_POINT ( 'NONE',  ( -76.93196792111663740, -16.15207312241367532, 10.00000000000000000 ) ) ;
#2357 = CARTESIAN_POINT ( 'NONE',  ( -77.83333411580490235, 2.186800035369006245, -9.999999999999838352 ) ) ;
#2358 = CARTESIAN_POINT ( 'NONE',  ( -71.60352804756263367, 4.580052012313442944, 9.938189069470663384 ) ) ;
#2359 = DIRECTION ( 'NONE',  ( 0.000000000000000000, 0.000000000000000000, -1.000000000000000000 ) ) ;
#2360 = CARTESIAN_POINT ( 'NONE',  ( -80.48662533935704744, -19.69671123519191269, -9.999999999999998224 ) ) ;
#2361 = CARTESIAN_POINT ( 'NONE',  ( 79.14759664674750184, 0.3747110154902024703, 9.999999999999756639 ) ) ;
#2362 = CARTESIAN_POINT ( 'NONE',  ( -79.19999999999998863, -16.12154566002501355, -9.300000000007024425 ) ) ;
#2363 = EDGE_LOOP ( 'NONE', ( #1480, #2224, #2721, #1118 ) ) ;
#2364 = VECTOR ( 'NONE', #1745, 1000.000000000000000 ) ;
#2365 = ORIENTED_EDGE ( 'NONE', *, *, #2425, .F. ) ;
#2366 = DIRECTION ( 'NONE',  ( 1.000000000000000000, 0.000000000000000000, -9.106159978880878627E-17 ) ) ;
#2367 = AXIS2_PLACEMENT_3D ( 'NONE', #1158, #843, #2366 ) ;
#2368 = CIRCLE ( 'NONE', #1612, 0.3000000000000085931 ) ;
#2369 = VECTOR ( 'NONE', #383, 1000.000000000000000 ) ;
#2370 = ADVANCED_FACE ( 'NONE', ( #1694 ), #180, .T. ) ;
#2371 = VECTOR ( 'NONE', #3481, 1000.000000000000000 ) ;
#2372 = ORIENTED_EDGE ( 'NONE', *, *, #1622, .T. ) ;
#2373 = DIRECTION ( 'NONE',  ( 0.000000000000000000, 3.469446951953614682E-16, -1.000000000000000000 ) ) ;
#2374 = CARTESIAN_POINT ( 'NONE',  ( -79.19999999999998863, -1.939840445088316431E-14, -9.300000000000000711 ) ) ;
#2375 = VECTOR ( 'NONE', #3248, 1000.000000000000000 ) ;
#2376 = DIRECTION ( 'NONE',  ( 0.000000000000000000, -0.000000000000000000, -1.000000000000000000 ) ) ;
#2377 = CARTESIAN_POINT ( 'NONE',  ( -73.03220331246826902, 4.010296534148401371, 10.00000000000000000 ) ) ;
#2378 = CARTESIAN_POINT ( 'NONE',  ( -74.32877317871974299, 4.304188666510888162, -9.300000000000322231 ) ) ;
#2379 = LINE ( 'NONE', #835, #2170 ) ;
#2380 = LINE ( 'NONE', #2300, #1209 ) ;
#2381 = CARTESIAN_POINT ( 'NONE',  ( -75.35289643190442632, 7.562794171913393772E-17, -9.427921419045913964 ) ) ;
#2382 = FACE_OUTER_BOUND ( 'NONE', #1911, .T. ) ;
#2383 = CARTESIAN_POINT ( 'NONE',  ( 76.59677301917058401, -17.06643178154518026, 9.300000000000135714 ) ) ;
#2384 = B_SPLINE_CURVE_WITH_KNOTS ( 'NONE', 3,
 ( #2687, #3293, #552, #1770 ),
 .UNSPECIFIED., .F., .F.,
 ( 4, 4 ),
 ( 0.0003434007902520487478, 0.0005892712794507984830 ),
 .UNSPECIFIED. ) ;
#2385 = DIRECTION ( 'NONE',  ( 0.000000000000000000, -0.000000000000000000, 1.000000000000000000 ) ) ;
#2386 = AXIS2_PLACEMENT_3D ( 'NONE', #919, #1227, #310 ) ;
#2387 = ORIENTED_EDGE ( 'NONE', *, *, #1282, .F. ) ;
#2388 = DIRECTION ( 'NONE',  ( -0.7071067811865485719, 0.7071067811865464625, 0.000000000000000000 ) ) ;
#2389 = VERTEX_POINT ( 'NONE', #2240 ) ;
#2390 = EDGE_LOOP ( 'NONE', ( #2268, #1759, #1816, #2063 ) ) ;
#2391 = CARTESIAN_POINT ( 'NONE',  ( 75.19999999999998863, -1.000000000000000000, 10.00000000000000000 ) ) ;
#2392 = ORIENTED_EDGE ( 'NONE', *, *, #3159, .F. ) ;
#2393 = CYLINDRICAL_SURFACE ( 'NONE', #2284, 0.6999999999999992895 ) ;
#2394 = CARTESIAN_POINT ( 'NONE',  ( 79.46673737766977297, -17.18735899532993727, -9.300000000000002487 ) ) ;
#2395 = VERTEX_POINT ( 'NONE', #3483 ) ;
#2396 = FACE_OUTER_BOUND ( 'NONE', #3928, .T. ) ;
#2397 = ORIENTED_EDGE ( 'NONE', *, *, #2428, .T. ) ;
#2398 = EDGE_CURVE ( 'NONE', #3654, #2248, #173, .T. ) ;
#2399 = CARTESIAN_POINT ( 'NONE',  ( -79.19999999999998863, -1.939840529849406577E-14, -9.300000000000000711 ) ) ;
#2400 = EDGE_CURVE ( 'NONE', #2044, #1101, #1675, .T. ) ;
#2401 = CARTESIAN_POINT ( 'NONE',  ( 78.19616354962440141, -18.08680424505316964, -10.00000000000000533 ) ) ;
#2402 = EDGE_CURVE ( 'NONE', #2070, #548, #2262, .T. ) ;
#2403 = CARTESIAN_POINT ( 'NONE',  ( -78.12826901912619348, 0.8447720093749363501, -10.00000000000000000 ) ) ;
#2404 = DIRECTION ( 'NONE',  ( 0.000000000000000000, 0.000000000000000000, -1.000000000000000000 ) ) ;
#2405 = CARTESIAN_POINT ( 'NONE',  ( 79.19999999999998863, 0.1209857376408486340, -9.300000000000204992 ) ) ;
#2406 = CYLINDRICAL_SURFACE ( 'NONE', #1785, 1.999999999999999112 ) ;
#2407 = CARTESIAN_POINT ( 'NONE',  ( -75.53291679679364279, 0.6670832032063187533, 10.00000000000000000 ) ) ;
#2408 = CARTESIAN_POINT ( 'NONE',  ( 79.99589666233174512, -18.05749404467200847, 9.300000000000231637 ) ) ;
#2409 = EDGE_LOOP ( 'NONE', ( #668, #2979, #3195, #2392 ) ) ;
#2410 = FACE_OUTER_BOUND ( 'NONE', #1478, .T. ) ;
#2411 = DIRECTION ( 'NONE',  ( 0.000000000000000000, -1.000000000000000000, 0.000000000000000000 ) ) ;
#2412 = DIRECTION ( 'NONE',  ( 0.000000000000000000, -0.000000000000000000, -1.000000000000000000 ) ) ;
#2413 = EDGE_LOOP ( 'NONE', ( #712, #3553, #2165, #2693 ) ) ;
#2414 = LINE ( 'NONE', #3367, #1866 ) ;
#2415 = ORIENTED_EDGE ( 'NONE', *, *, #587, .F. ) ;
#2416 = CARTESIAN_POINT ( 'NONE',  ( -75.19999999999998863, -1.000000000000000000, 10.00000000000000000 ) ) ;
#2417 = CARTESIAN_POINT ( 'NONE',  ( -80.74131198087631844, -20.77292183234228418, 10.00000000000000000 ) ) ;
#2418 = CIRCLE ( 'NONE', #130, 1.999999999999999334 ) ;
#2419 = CARTESIAN_POINT ( 'NONE',  ( -73.60074814857563297, 3.827877606381560049, 9.999999999999996447 ) ) ;
#2420 = CARTESIAN_POINT ( 'NONE',  ( 79.85555068818628399, -19.91004367527063934, -10.00000000000000533 ) ) ;
#2421 = EDGE_CURVE ( 'NONE', #2215, #568, #3272, .T. ) ;
#2422 = DIRECTION ( 'NONE',  ( 0.000000000000000000, 0.000000000000000000, 1.000000000000000000 ) ) ;
#2423 = CARTESIAN_POINT ( 'NONE',  ( 73.25822754980993068, 4.674807784129452415, -9.299999999999995381 ) ) ;
#2424 = CARTESIAN_POINT ( 'NONE',  ( 71.96026563736980108, 4.239734362630184883, 10.00000000000000000 ) ) ;
#2425 = EDGE_CURVE ( 'NONE', #2288, #2956, #1376, .T. ) ;
#2426 = CARTESIAN_POINT ( 'NONE',  ( 81.64634317377391426, -21.61336514621104854, -9.300000000000000711 ) ) ;
#2427 = CARTESIAN_POINT ( 'NONE',  ( 71.20000000000000284, 5.000000000000000000, 9.300000000000000711 ) ) ;
#2428 = EDGE_CURVE ( 'NONE', #2433, #2184, #740, .T. ) ;
#2429 = CARTESIAN_POINT ( 'NONE',  ( 70.51189044911232884, 5.000000000000000000, -9.383012710900525022 ) ) ;
#2430 = ORIENTED_EDGE ( 'NONE', *, *, #1909, .T. ) ;
#2431 = FACE_OUTER_BOUND ( 'NONE', #3220, .T. ) ;
#2432 = B_SPLINE_CURVE_WITH_KNOTS ( 'NONE', 3,
 ( #48, #3688, #3731, #372 ),
 .UNSPECIFIED., .F., .F.,
 ( 4, 4 ),
 ( 7.152448122690996019E-18, 0.0002458704891987531505 ),
 .UNSPECIFIED. ) ;
#2433 = VERTEX_POINT ( 'NONE', #3802 ) ;
#2434 = LINE ( 'NONE', #2087, #1787 ) ;
#2435 = DIRECTION ( 'NONE',  ( 1.000000000000000000, 0.000000000000000000, 0.000000000000000000 ) ) ;
#2436 = CARTESIAN_POINT ( 'NONE',  ( 71.30286181151467417, 4.773548074789526474, 9.820240409053637265 ) ) ;
#2437 = ORIENTED_EDGE ( 'NONE', *, *, #612, .T. ) ;
#2438 = DIRECTION ( 'NONE',  ( -0.000000000000000000, -3.469446951953614682E-16, 1.000000000000000000 ) ) ;
#2439 = CIRCLE ( 'NONE', #710, 1.000000000000000888 ) ;
#2440 = CARTESIAN_POINT ( 'NONE',  ( 81.73129441183034771, -19.93642110150940638, -9.999999999999532818 ) ) ;
#2441 = AXIS2_PLACEMENT_3D ( 'NONE', #2856, #985, #640 ) ;
#2442 = CIRCLE ( 'NONE', #1295, 0.6999999999999992895 ) ;
#2443 = CARTESIAN_POINT ( 'NONE',  ( -75.14505356403989822, 3.178925461398509622, 10.00000000000000355 ) ) ;
#2444 = SPHERICAL_SURFACE ( 'NONE', #768, 2.000000000000000000 ) ;
#2445 = CARTESIAN_POINT ( 'NONE',  ( -76.94426824186714953, -16.18793278098759814, -9.999999999999994671 ) ) ;
#2446 = CARTESIAN_POINT ( 'NONE',  ( -71.20000000000000284, 4.820359442248923543, 9.768215816544453034 ) ) ;
#2447 = CARTESIAN_POINT ( 'NONE',  ( 78.99752031861603996, 0.7604826795401995465, -9.999999999999928946 ) ) ;
#2448 = CARTESIAN_POINT ( 'NONE',  ( 78.49999999999997158, -16.27233403858290472, 10.00000000000000000 ) ) ;
#2449 = CARTESIAN_POINT ( 'NONE',  ( -78.66284587578901721, -17.06213265245617805, 10.00000000000000000 ) ) ;
#2450 = CARTESIAN_POINT ( 'NONE',  ( -71.20000000000004547, 9.540979117872439019E-15, 37.00000000000000711 ) ) ;
#2451 = ADVANCED_FACE ( 'NONE', ( #1088 ), #1374, .F. ) ;
#2452 = ORIENTED_EDGE ( 'NONE', *, *, #2250, .T. ) ;
#2453 = DIRECTION ( 'NONE',  ( 0.000000000000000000, 0.000000000000000000, -1.000000000000000000 ) ) ;
#2454 = ADVANCED_FACE ( 'NONE', ( #2575 ), #3213, .T. ) ;
#2455 = ORIENTED_EDGE ( 'NONE', *, *, #1423, .F. ) ;
#2456 = FACE_OUTER_BOUND ( 'NONE', #1271, .T. ) ;
#2457 = CARTESIAN_POINT ( 'NONE',  ( 81.85048596506307206, -21.39353402747516242, -9.300000000000000711 ) ) ;
#2458 = CARTESIAN_POINT ( 'NONE',  ( -78.49999999999998579, -1.939840529849406577E-14, -10.00000000000000000 ) ) ;
#2459 = ORIENTED_EDGE ( 'NONE', *, *, #3541, .F. ) ;
#2460 = CARTESIAN_POINT ( 'NONE',  ( -77.51139501976565782, 1.540309619100843852, 10.00000000000000000 ) ) ;
#2461 = CARTESIAN_POINT ( 'NONE',  ( 79.19999999999998863, -16.00000000000000000, -9.300000000000000711 ) ) ;
#2462 = CARTESIAN_POINT ( 'NONE',  ( 78.49999999999998579, 0.000000000000000000, 5.700000000000002842 ) ) ;
#2463 = CARTESIAN_POINT ( 'NONE',  ( 78.49999999999998579, -16.00000000000000000, 10.00000000000000000 ) ) ;
#2464 = CARTESIAN_POINT ( 'NONE',  ( 76.19999999999998863, 0.000000000000000000, 9.939004000042345410 ) ) ;
#2465 = CARTESIAN_POINT ( 'NONE',  ( -75.83529110052813849, -0.000000000000000000, -9.782086750251261620 ) ) ;
#2466 = CARTESIAN_POINT ( 'NONE',  ( -75.97726857716078541, 0.2227314228392184570, 9.952481750709607056 ) ) ;
#2467 = CYLINDRICAL_SURFACE ( 'NONE', #3050, 0.6999999999999992895 ) ;
#2468 = AXIS2_PLACEMENT_3D ( 'NONE', #2450, #2775, #3647 ) ;
#2469 = AXIS2_PLACEMENT_3D ( 'NONE', #1375, #1358, #2220 ) ;
#2470 = ORIENTED_EDGE ( 'NONE', *, *, #1728, .T. ) ;
#2471 = DIRECTION ( 'NONE',  ( 0.5773502691896237327, 0.5773502691896253980, -0.5773502691896283956 ) ) ;
#2472 = ORIENTED_EDGE ( 'NONE', *, *, #532, .F. ) ;
#2473 = CARTESIAN_POINT ( 'NONE',  ( -81.85048596506307206, -21.39353402747518373, -10.00000000000000000 ) ) ;
#2474 = CARTESIAN_POINT ( 'NONE',  ( 71.71902604798768266, 0.000000000000000000, 36.48097395201229887 ) ) ;
#2475 = ADVANCED_FACE ( 'NONE', ( #1411 ), #1937, .T. ) ;
#2476 = DIRECTION ( 'NONE',  ( 0.000000000000000000, -1.000000000000000000, 0.000000000000000000 ) ) ;
#2477 = CARTESIAN_POINT ( 'NONE',  ( -76.62384544505611927, 3.115800913590935917, 9.300000000000002487 ) ) ;
#2478 = EDGE_CURVE ( 'NONE', #925, #1804, #846, .T. ) ;
#2479 = ORIENTED_EDGE ( 'NONE', *, *, #2728, .T. ) ;
#2480 = CARTESIAN_POINT ( 'NONE',  ( -78.37058540775525728, 0.4478473088521823797, 10.00000000000000000 ) ) ;
#2481 = CARTESIAN_POINT ( 'NONE',  ( -80.26090064885727315, -21.27078618613042238, -9.999999999999461764 ) ) ;
#2482 = FACE_OUTER_BOUND ( 'NONE', #1519, .T. ) ;
#2483 = CARTESIAN_POINT ( 'NONE',  ( -78.19616354965012306, -18.08680424506711404, 10.00000000000000000 ) ) ;
#2484 = B_SPLINE_CURVE_WITH_KNOTS ( 'NONE', 3,
 ( #1160, #2923, #3856, #1763, #845, #2622, #546, #3814, #823, #2312, #3530, #1705, #3895, #205, #2641, #1121 ),
 .UNSPECIFIED., .F., .F.,
 ( 4, 2, 2, 2, 2, 2, 2, 4 ),
 ( -5.999999985841098626E-08, 0.0002491579204871959734, 0.0004983758409742504274, 0.0009968116819483591184, 0.001993683363896567827, 0.003987426727792976570, 0.005981170091689385314, 0.007974913455585793190 ),
 .UNSPECIFIED. ) ;
#2485 = CARTESIAN_POINT ( 'NONE',  ( -78.49999971826184719, 0.04778064354188817087, -10.00000000000000000 ) ) ;
#2486 = CARTESIAN_POINT ( 'NONE',  ( 70.37157287525380411, 5.000000000000000000, -9.300000000000000711 ) ) ;
#2487 = CARTESIAN_POINT ( 'NONE',  ( 75.83529110052813849, -0.000000000000000000, 9.782086750251250962 ) ) ;
#2488 = CARTESIAN_POINT ( 'NONE',  ( -71.19999999999998863, 5.000000000000000000, -34.99999999999999289 ) ) ;
#2489 = ORIENTED_EDGE ( 'NONE', *, *, #3515, .T. ) ;
#2490 = FILL_AREA_STYLE ('',( #3686 ) ) ;
#2491 = FACE_OUTER_BOUND ( 'NONE', #2390, .T. ) ;
#2492 = CARTESIAN_POINT ( 'NONE',  ( -82.85048596506307206, -16.00000000000000000, 5.000000000000002665 ) ) ;
#2493 = ORIENTED_EDGE ( 'NONE', *, *, #1451, .F. ) ;
#2494 = CYLINDRICAL_SURFACE ( 'NONE', #40, 2.000000000000004885 ) ;
#2495 = CARTESIAN_POINT ( 'NONE',  ( 79.10746358771609721, -18.03751448697079240, -10.00000000000000000 ) ) ;
#2496 = FACE_OUTER_BOUND ( 'NONE', #1300, .T. ) ;
#2497 = VERTEX_POINT ( 'NONE', #23 ) ;
#2498 = CIRCLE ( 'NONE', #1845, 2.000000000000001776 ) ;
#2499 = DIRECTION ( 'NONE',  ( 0.000000000000000000, 0.000000000000000000, -1.000000000000000000 ) ) ;
#2500 =( BOUNDED_CURVE ( )  B_SPLINE_CURVE ( 3, ( #2162, #883, #922, #1531 ),
 .UNSPECIFIED., .F., .T. ) 
 B_SPLINE_CURVE_WITH_KNOTS ( ( 4, 4 ),
 ( -2.664535259100375697E-15, 0.6154797086703867048 ),
 .UNSPECIFIED. ) 
 CURVE ( )  GEOMETRIC_REPRESENTATION_ITEM ( )  RATIONAL_B_SPLINE_CURVE ( ( 1.000000000000000000, 0.9686804092476146710, 0.9686804092476146710, 1.000000000000000000 ) ) 
 REPRESENTATION_ITEM ( '' )  );
#2501 = VERTEX_POINT ( 'NONE', #659 ) ;
#2502 = CARTESIAN_POINT ( 'NONE',  ( 81.85048596506307206, -21.39353402747516242, -9.300000000000000711 ) ) ;
#2503 = CARTESIAN_POINT ( 'NONE',  ( -78.07644189860801021, -19.01300991989032951, -10.00000000000000178 ) ) ;
#2504 = VECTOR ( 'NONE', #3789, 1000.000000000000000 ) ;
#2505 = ADVANCED_FACE ( 'NONE', ( #1246 ), #3127, .T. ) ;
#2506 = CARTESIAN_POINT ( 'NONE',  ( -71.96026563736981529, 4.239734362630150244, 10.00000000000000000 ) ) ;
#2507 = PLANE ( 'NONE',  #441 ) ;
#2508 = CARTESIAN_POINT ( 'NONE',  ( -76.50983045840871455, -16.91871028581171288, 9.300000000000270717 ) ) ;
#2509 = CIRCLE ( 'NONE', #3698, 0.6999999999999992895 ) ;
#2510 = DIRECTION ( 'NONE',  ( -1.000000000000000000, 0.000000000000000000, 0.000000000000000000 ) ) ;
#2511 = TOROIDAL_SURFACE ( 'NONE', #2958, 0.3000000000000026534, 0.6999999999999999556 ) ;
#2512 = LINE ( 'NONE', #2159, #501 ) ;
#2513 = CARTESIAN_POINT ( 'NONE',  ( 75.04989720886685234, 4.010145993371354578, -10.00000000000063949 ) ) ;
#2514 = VERTEX_POINT ( 'NONE', #637 ) ;
#2515 = CARTESIAN_POINT ( 'NONE',  ( -76.20573631935694436, -16.09934895830955170, 9.999999999999996447 ) ) ;
#2516 = CARTESIAN_POINT ( 'NONE',  ( -79.19999999999998863, -16.00000000000002132, -9.300000000000000711 ) ) ;
#2517 = CARTESIAN_POINT ( 'NONE',  ( 78.82249693292004622, 1.078737461440754553, 10.00000000000016165 ) ) ;
#2518 = CARTESIAN_POINT ( 'NONE',  ( 4.257799940931071912E-15, 3.000000000000000000, 31.17157287525379061 ) ) ;
#2519 = ORIENTED_EDGE ( 'NONE', *, *, #1595, .T. ) ;
#2520 = CIRCLE ( 'NONE', #525, 0.6999999999999992895 ) ;
#2521 = ORIENTED_EDGE ( 'NONE', *, *, #1446, .T. ) ;
#2522 = CARTESIAN_POINT ( 'NONE',  ( -78.99752033598778667, 0.7604826890912580462, 9.299999999999918998 ) ) ;
#2523 = CARTESIAN_POINT ( 'NONE',  ( -77.06339052845453352, -17.76615593431017004, -9.999999999999461764 ) ) ;
#2524 = CARTESIAN_POINT ( 'NONE',  ( -77.49884510660724857, 1.542659769050143570, 9.999999999999998224 ) ) ;
#2525 = CARTESIAN_POINT ( 'NONE',  ( 76.22967521853605888, -16.23743885129828612, 10.00000000000010125 ) ) ;
#2526 = EDGE_CURVE ( 'NONE', #819, #2907, #2230, .T. ) ;
#2527 = ADVANCED_FACE ( 'NONE', ( #3623 ), #2833, .T. ) ;
#2528 = CARTESIAN_POINT ( 'NONE',  ( 78.53343628847369473, -16.53860900422309754, 9.999999999999994671 ) ) ;
#2529 = CARTESIAN_POINT ( 'NONE',  ( 74.75229886680575930, 3.375184683101087657, -10.00000000000000178 ) ) ;
#2530 = ORIENTED_EDGE ( 'NONE', *, *, #2772, .F. ) ;
#2531 = CARTESIAN_POINT ( 'NONE',  ( 75.75545603382525428, 0.4445439661747207505, 9.983565099655979935 ) ) ;
#2532 = EDGE_CURVE ( 'NONE', #125, #2031, #1055, .T. ) ;
#2533 = CARTESIAN_POINT ( 'NONE',  ( -76.21334793003973118, -16.15463268765265070, 9.299999999999991829 ) ) ;
#2534 = CARTESIAN_POINT ( 'NONE',  ( -71.96026563736981529, 4.239734362630150244, 10.00000000000000000 ) ) ;
#2535 = CARTESIAN_POINT ( 'NONE',  ( 76.93196796153195294, -16.15207311135150903, -9.999999999999994671 ) ) ;
#2536 = CIRCLE ( 'NONE', #791, 0.7000000000000007327 ) ;
#2537 = CARTESIAN_POINT ( 'NONE',  ( 77.36571931289971360, 1.665651709556989157, 9.999999999999998224 ) ) ;
#2538 = CARTESIAN_POINT ( 'NONE',  ( -71.78578643762692479, 4.414213562373096700, 0.000000000000000000 ) ) ;
#2539 = EDGE_LOOP ( 'NONE', ( #3135, #2430, #2844, #3915, #1618 ) ) ;
#2540 = DIRECTION ( 'NONE',  ( 0.000000000000000000, -0.000000000000000000, 1.000000000000000000 ) ) ;
#2541 = CARTESIAN_POINT ( 'NONE',  ( -71.62030812286521098, 4.999999999999984013, 9.300000000000004263 ) ) ;
#2542 = ORIENTED_EDGE ( 'NONE', *, *, #1085, .F. ) ;
#2543 = DIRECTION ( 'NONE',  ( -0.000000000000000000, 0.000000000000000000, 1.000000000000000000 ) ) ;
#2544 = CARTESIAN_POINT ( 'NONE',  ( -80.26090064915834432, -21.27078618582596903, -9.299999999999462474 ) ) ;
#2545 = CARTESIAN_POINT ( 'NONE',  ( 78.49999999999998579, -16.00000000000000000, -10.00000000000000000 ) ) ;
#2546 = CARTESIAN_POINT ( 'NONE',  ( 76.91608246406620708, -16.09558581010948686, 10.00000000000000178 ) ) ;
#2547 = CARTESIAN_POINT ( 'NONE',  ( 75.18127102180960719, 3.929374687229979735, 9.299999999999998934 ) ) ;
#2548 = CARTESIAN_POINT ( 'NONE',  ( 79.32878586573789903, -16.83940050464403626, 9.999999999999529265 ) ) ;
#2549 = CARTESIAN_POINT ( 'NONE',  ( -76.19999999999998863, 0.000000000000000000, 9.300000000000000711 ) ) ;
#2550 = DIRECTION ( 'NONE',  ( 0.000000000000000000, 0.000000000000000000, -1.000000000000000000 ) ) ;
#2551 = EDGE_CURVE ( 'NONE', #2883, #1829, #1872, .T. ) ;
#2552 = DIRECTION ( 'NONE',  ( 1.000000000000000000, -0.000000000000000000, 0.000000000000000000 ) ) ;
#2553 = CARTESIAN_POINT ( 'NONE',  ( -71.63168870067703153, 4.985101676390770287, -10.00000000000064304 ) ) ;
#2554 = CIRCLE ( 'NONE', #629, 2.000000000000001776 ) ;
#2555 = EDGE_CURVE ( 'NONE', #2274, #3578, #567, .T. ) ;
#2556 = LINE ( 'NONE', #1072, #2015 ) ;
#2557 = EDGE_LOOP ( 'NONE', ( #1419, #887, #3926, #1744 ) ) ;
#2558 = CARTESIAN_POINT ( 'NONE',  ( 78.99705998651978689, 0.7613690034846523069, 9.299999999999920774 ) ) ;
#2559 = CARTESIAN_POINT ( 'NONE',  ( -79.40714013528896942, -17.04907555821018050, 10.00000000000000178 ) ) ;
#2560 = CARTESIAN_POINT ( 'NONE',  ( -72.84261188310790658, 4.787715012580427754, 9.999999999999344524 ) ) ;
#2561 = ORIENTED_EDGE ( 'NONE', *, *, #852, .T. ) ;
#2562 = ORIENTED_EDGE ( 'NONE', *, *, #210, .T. ) ;
#2563 = ORIENTED_EDGE ( 'NONE', *, *, #2421, .T. ) ;
#2564 = CARTESIAN_POINT ( 'NONE',  ( -76.59677302447356340, -17.06643177820727786, -9.999999999999863221 ) ) ;
#2565 = CIRCLE ( 'NONE', #1155, 0.6999999999999992895 ) ;
#2566 = DIRECTION ( 'NONE',  ( 0.5773502691896232886, 0.5773502691896277295, -0.5773502691896265082 ) ) ;
#2567 = CARTESIAN_POINT ( 'NONE',  ( -79.35947527215098773, -20.40467478582020178, 9.300000000000000711 ) ) ;
#2568 = CARTESIAN_POINT ( 'NONE',  ( -71.41059931173056441, 4.995746627447554822, -9.299999999999998934 ) ) ;
#2569 = CARTESIAN_POINT ( 'NONE',  ( 76.04085260363554255, 2.656296497316088523, -9.999999999999994671 ) ) ;
#2570 = CARTESIAN_POINT ( 'NONE',  ( 78.49999999999998579, 0.000000000000000000, -9.300000000000000711 ) ) ;
#2571 = ORIENTED_EDGE ( 'NONE', *, *, #3655, .T. ) ;
#2572 = CARTESIAN_POINT ( 'NONE',  ( -70.92875798130044984, 4.926002202762387761, 9.624420633282468884 ) ) ;
#2573 = LINE ( 'NONE', #3746, #2963 ) ;
#2574 = VECTOR ( 'NONE', #377, 1000.000000000000000 ) ;
#2575 = FACE_OUTER_BOUND ( 'NONE', #1889, .T. ) ;
#2576 = DIRECTION ( 'NONE',  ( 0.000000000000000000, 1.000000000000000000, 3.469446951953614682E-16 ) ) ;
#2577 = APPLICATION_CONTEXT ( 'automotive_design' ) ;
#2578 = ORIENTED_EDGE ( 'NONE', *, *, #1636, .F. ) ;
#2579 = CARTESIAN_POINT ( 'NONE',  ( 75.72483438962642310, 2.846514406205936876, 10.00000000000000178 ) ) ;
#2580 = DIRECTION ( 'NONE',  ( -0.000000000000000000, 1.000000000000000000, -0.000000000000000000 ) ) ;
#2581 = ADVANCED_FACE ( 'NONE', ( #2643 ), #3039, .F. ) ;
#2582 = EDGE_LOOP ( 'NONE', ( #1868, #3279, #1953, #3893, #399 ) ) ;
#2583 = ORIENTED_EDGE ( 'NONE', *, *, #1012, .T. ) ;
#2584 = EDGE_CURVE ( 'NONE', #3764, #2031, #663, .T. ) ;
#2585 = ORIENTED_EDGE ( 'NONE', *, *, #592, .F. ) ;
#2586 = CARTESIAN_POINT ( 'NONE',  ( -76.20307746590543729, -16.07135512957423984, -10.00000000000000355 ) ) ;
#2587 = AXIS2_PLACEMENT_3D ( 'NONE', #3044, #1180, #3328 ) ;
#2588 = CARTESIAN_POINT ( 'NONE',  ( -70.56432550960846584, 2.807247365645364923, 31.36432550960843813 ) ) ;
#2589 = ORIENTED_EDGE ( 'NONE', *, *, #1316, .T. ) ;
#2590 = VECTOR ( 'NONE', #3150, 1000.000000000000000 ) ;
#2591 = CARTESIAN_POINT ( 'NONE',  ( 72.84261188311052138, 4.787715012579792706, -9.999999999998054889 ) ) ;
#2592 = ORIENTED_EDGE ( 'NONE', *, *, #3798, .F. ) ;
#2593 = CARTESIAN_POINT ( 'NONE',  ( -76.20000000000001705, 0.000000000000000000, -9.939004000042356068 ) ) ;
#2594 = PLANE ( 'NONE',  #1068 ) ;
#2595 = ORIENTED_EDGE ( 'NONE', *, *, #3706, .T. ) ;
#2596 = CARTESIAN_POINT ( 'NONE',  ( 72.83166520257891818, 4.790142791663617672, 10.00000000000032507 ) ) ;
#2597 = CARTESIAN_POINT ( 'NONE',  ( -71.40663524753585989, 4.715495203630731602, -9.865196788166455732 ) ) ;
#2598 = ORIENTED_EDGE ( 'NONE', *, *, #3535, .F. ) ;
#2599 = ORIENTED_EDGE ( 'NONE', *, *, #1235, .F. ) ;
#2600 = CARTESIAN_POINT ( 'NONE',  ( -76.90040496245711665, -16.00973499937580513, -10.00000000000000000 ) ) ;
#2601 = EDGE_CURVE ( 'NONE', #2389, #2924, #3023, .T. ) ;
#2602 = CARTESIAN_POINT ( 'NONE',  ( 71.78578643762689637, 4.414213562373096700, 9.983686643913046055 ) ) ;
#2603 = EDGE_CURVE ( 'NONE', #1594, #3155, #1767, .T. ) ;
#2604 = CARTESIAN_POINT ( 'NONE',  ( -78.79432160815319719, -19.79781564247352321, -9.300000000000002487 ) ) ;
#2605 = ORIENTED_EDGE ( 'NONE', *, *, #711, .T. ) ;
#2606 = CARTESIAN_POINT ( 'NONE',  ( -78.22705723790065235, 1.808362989480367444, -9.300000000000000711 ) ) ;
#2607 = DIRECTION ( 'NONE',  ( -0.000000000000000000, -0.000000000000000000, -1.000000000000000000 ) ) ;
#2608 = ORIENTED_EDGE ( 'NONE', *, *, #1755, .F. ) ;
#2609 = FACE_OUTER_BOUND ( 'NONE', #3387, .T. ) ;
#2610 = CARTESIAN_POINT ( 'NONE',  ( -76.23865964000441409, -16.27247404251855301, 10.00000000000005151 ) ) ;
#2611 = DIRECTION ( 'NONE',  ( 0.000000000000000000, -0.000000000000000000, -1.000000000000000000 ) ) ;
#2612 = CARTESIAN_POINT ( 'NONE',  ( -79.43288347338777555, -18.47436741055204124, -9.999999999999998224 ) ) ;
#2613 = CARTESIAN_POINT ( 'NONE',  ( -70.56432550960848005, 5.000000000000079936, 31.99999999999991118 ) ) ;
#2614 = CARTESIAN_POINT ( 'NONE',  ( 70.37157287525378990, 3.000000000000003997, 31.17157287525377996 ) ) ;
#2615 = CARTESIAN_POINT ( 'NONE',  ( -79.98429842997538231, -18.05808229354009598, 10.00000000000046185 ) ) ;
#2616 = VECTOR ( 'NONE', #195, 1000.000000000000000 ) ;
#2617 = ORIENTED_EDGE ( 'NONE', *, *, #824, .T. ) ;
#2618 = ORIENTED_EDGE ( 'NONE', *, *, #3873, .T. ) ;
#2619 = ORIENTED_EDGE ( 'NONE', *, *, #636, .F. ) ;
#2620 = CARTESIAN_POINT ( 'NONE',  ( 70.37157287525380411, 3.000000000000000000, 31.17157287525377996 ) ) ;
#2621 = ORIENTED_EDGE ( 'NONE', *, *, #3543, .F. ) ;
#2622 = CARTESIAN_POINT ( 'NONE',  ( -76.36926571598662861, -16.64295251035881762, 9.299999999999998934 ) ) ;
#2623 = ORIENTED_EDGE ( 'NONE', *, *, #3204, .F. ) ;
#2624 = EDGE_CURVE ( 'NONE', #764, #1760, #2334, .T. ) ;
#2625 = CARTESIAN_POINT ( 'NONE',  ( 71.20000000000000284, 4.820359442248908444, -9.768215816544470798 ) ) ;
#2626 = ADVANCED_FACE ( 'NONE', ( #1542 ), #977, .T. ) ;
#2627 = CARTESIAN_POINT ( 'NONE',  ( 76.98605115185651471, -16.29809325646201756, -10.00000000000000533 ) ) ;
#2628 =( BOUNDED_CURVE ( )  B_SPLINE_CURVE ( 3, ( #1958, #3433, #1917, #809 ),
 .UNSPECIFIED., .F., .T. ) 
 B_SPLINE_CURVE_WITH_KNOTS ( ( 4, 4 ),
 ( 1.570796326794891673, 3.141592653589793116 ),
 .UNSPECIFIED. ) 
 CURVE ( )  GEOMETRIC_REPRESENTATION_ITEM ( )  RATIONAL_B_SPLINE_CURVE ( ( 1.000000000000000000, 0.8047378541243637162, 0.8047378541243637162, 1.000000000000000000 ) ) 
 REPRESENTATION_ITEM ( '' )  );
#2629 = CARTESIAN_POINT ( 'NONE',  ( -71.20000000000000284, 4.299999999999982947, -10.00000000000000000 ) ) ;
#2630 = CARTESIAN_POINT ( 'NONE',  ( -79.99589666044037983, -18.05749404596256724, -9.999999999999998224 ) ) ;
#2631 = TOROIDAL_SURFACE ( 'NONE', #3192, 0.3000000000000026534, 0.6999999999999999556 ) ;
#2632 = CARTESIAN_POINT ( 'NONE',  ( 76.91085594523775626, -16.07697360822328037, 9.999999999999998224 ) ) ;
#2633 = CARTESIAN_POINT ( 'NONE',  ( 78.07644189860370432, -19.01300991988923883, 9.999999999999465317 ) ) ;
#2634 = CARTESIAN_POINT ( 'NONE',  ( -80.62604873765245372, -18.83050648139905192, 9.299999999999531752 ) ) ;
#2635 = EDGE_LOOP ( 'NONE', ( #392, #1164, #168 ) ) ;
#2636 = CARTESIAN_POINT ( 'NONE',  ( 73.28009744176267759, 3.935098224373847486, 10.00000000000000000 ) ) ;
#2637 = TOROIDAL_SURFACE ( 'NONE', #905, 1.700000000000000178, 0.6999999999999999556 ) ;
#2638 = CARTESIAN_POINT ( 'NONE',  ( 82.15048596506308343, -21.39353402747516242, 9.300000000000000711 ) ) ;
#2639 = CARTESIAN_POINT ( 'NONE',  ( -76.23842928857496304, -16.27158432984955283, -10.00000000000000178 ) ) ;
#2640 = ORIENTED_EDGE ( 'NONE', *, *, #1621, .T. ) ;
#2641 = CARTESIAN_POINT ( 'NONE',  ( -80.68232222288116873, -21.67342066655522359, 9.300000000000002487 ) ) ;
#2642 = CIRCLE ( 'NONE', #2985, 2.000000000000001776 ) ;
#2643 = FACE_OUTER_BOUND ( 'NONE', #1910, .T. ) ;
#2644 = CARTESIAN_POINT ( 'NONE',  ( 81.85048596506307206, -21.39353402747516242, 9.300000000000000711 ) ) ;
#2645 = CARTESIAN_POINT ( 'NONE',  ( 76.20759875991100785, -16.11401825201506810, -10.00000000000001776 ) ) ;
#2646 = EDGE_CURVE ( 'NONE', #3185, #1104, #2785, .T. ) ;
#2647 = CARTESIAN_POINT ( 'NONE',  ( -79.12499258431290627, 0.4471880814162240703, -9.299999999999997158 ) ) ;
#2648 = CARTESIAN_POINT ( 'NONE',  ( 78.22894414579022282, 1.806360708143070148, -9.299999999999998934 ) ) ;
#2649 = CARTESIAN_POINT ( 'NONE',  ( 82.05013230893472098, -21.16961141276489755, 9.300000000000000711 ) ) ;
#2650 = EDGE_CURVE ( 'NONE', #304, #2274, #3660, .T. ) ;
#2651 = ORIENTED_EDGE ( 'NONE', *, *, #730, .T. ) ;
#2652 = CARTESIAN_POINT ( 'NONE',  ( 80.48662533935704744, -19.69671123519188782, 9.999999999999994671 ) ) ;
#2653 = FACE_OUTER_BOUND ( 'NONE', #1800, .T. ) ;
#2654 = CARTESIAN_POINT ( 'NONE',  ( 78.60041655979863151, -18.54864021678040231, 10.00000000000000000 ) ) ;
#2655 = DIRECTION ( 'NONE',  ( -0.000000000000000000, -0.000000000000000000, -1.000000000000000000 ) ) ;
#2656 = CARTESIAN_POINT ( 'NONE',  ( -79.36813122036460300, -16.95773940527811874, -9.300000000000004263 ) ) ;
#2657 = ORIENTED_EDGE ( 'NONE', *, *, #1403, .F. ) ;
#2658 = CARTESIAN_POINT ( 'NONE',  ( 3.914213562372883981, 77.28578643762689637, -35.00000000000000000 ) ) ;
#2659 = ORIENTED_EDGE ( 'NONE', *, *, #1572, .F. ) ;
#2660 = CARTESIAN_POINT ( 'NONE',  ( 79.19999999999998863, -10.71005050633883293, -5.289949493661163515 ) ) ;
#2661 = ORIENTED_EDGE ( 'NONE', *, *, #307, .F. ) ;
#2662 = CIRCLE ( 'NONE', #1330, 1.000000000000000888 ) ;
#2663 = DIRECTION ( 'NONE',  ( -0.000000000000000000, -0.000000000000000000, 1.000000000000000000 ) ) ;
#2664 = DIRECTION ( 'NONE',  ( -0.7071067811865465735, -0.7071067811865483499, 0.000000000000000000 ) ) ;
#2665 = CARTESIAN_POINT ( 'NONE',  ( 76.20005980157910130, -16.02615776660754321, -9.999999999999973355 ) ) ;
#2666 = CARTESIAN_POINT ( 'NONE',  ( -76.22990625971763734, -16.23839627437720523, 9.300000000000034461 ) ) ;
#2667 = CARTESIAN_POINT ( 'NONE',  ( -78.45853791216734407, 0.2317279660541093633, -9.999999999999994671 ) ) ;
#2668 = CARTESIAN_POINT ( 'NONE',  ( 78.50779381572363036, 1.495037614732697806, -9.299999999999995381 ) ) ;
#2669 = CARTESIAN_POINT ( 'NONE',  ( -82.12041176223715411, -20.29444762302247085, -9.299999999999533529 ) ) ;
#2670 = FACE_OUTER_BOUND ( 'NONE', #644, .T. ) ;
#2671 = CARTESIAN_POINT ( 'NONE',  ( 77.01738206314000479, -16.36690839769184080, 10.00000000000000178 ) ) ;
#2672 = CARTESIAN_POINT ( 'NONE',  ( 78.91005050633881979, -11.00000000000000178, 5.000000000000003553 ) ) ;
#2673 = ADVANCED_FACE ( 'NONE', ( #634 ), #2727, .T. ) ;
#2674 = ORIENTED_EDGE ( 'NONE', *, *, #807, .T. ) ;
#2675 = CARTESIAN_POINT ( 'NONE',  ( 76.89999999999999147, -16.00000000000000000, 10.00000000000000000 ) ) ;
#2676 = B_SPLINE_CURVE_WITH_KNOTS ( 'NONE', 3,
 ( #1752, #215, #2121, #1188, #878, #2712, #3589, #1735, #3884, #1445, #1814, #3008, #1429, #1489, #3863, #3607 ),
 .UNSPECIFIED., .F., .F.,
 ( 4, 2, 2, 2, 2, 2, 2, 4 ),
 ( 0.000000000000000000, 0.001995644519850187180, 0.003991289039700374359, 0.005986933559550561973, 0.006984755819475655346, 0.007483666949438201599, 0.007733122514419471689, 0.007982578079400740045 ),
 .UNSPECIFIED. ) ;
#2677 = EDGE_CURVE ( 'NONE', #3365, #1570, #2744, .T. ) ;
#2678 = ORIENTED_EDGE ( 'NONE', *, *, #1980, .T. ) ;
#2679 = CARTESIAN_POINT ( 'NONE',  ( -75.02842712474615894, 0.000000000000000000, -37.00000000000001421 ) ) ;
#2680 = VERTEX_POINT ( 'NONE', #2602 ) ;
#2681 = CARTESIAN_POINT ( 'NONE',  ( 79.70173927052566398, -17.65849089761768909, -10.00000000000000178 ) ) ;
#2682 = LINE ( 'NONE', #2945, #3771 ) ;
#2683 = CARTESIAN_POINT ( 'NONE',  ( 77.12312566871037234, 1.881510649938574087, -9.999999999999992895 ) ) ;
#2684 = DIRECTION ( 'NONE',  ( 0.6654878129055162850, -0.7464087157008768569, 0.000000000000000000 ) ) ;
#2685 = VECTOR ( 'NONE', #3085, 1000.000000000000000 ) ;
#2686 = CARTESIAN_POINT ( 'NONE',  ( -76.03887255799597256, 2.657370853432250879, -9.999999999999998224 ) ) ;
#2687 = CARTESIAN_POINT ( 'NONE',  ( 71.78578643762689637, 4.414213562373096700, -9.983686643913049608 ) ) ;
#2688 = DIRECTION ( 'NONE',  ( 0.7071067811865485719, 0.7071067811865464625, 0.000000000000000000 ) ) ;
#2689 = CARTESIAN_POINT ( 'NONE',  ( 81.64634317377391426, -21.61336514621104854, -10.00000000000000000 ) ) ;
#2690 = CARTESIAN_POINT ( 'NONE',  ( -78.49999999999998579, -16.00000000000002132, 10.00000000000000000 ) ) ;
#2691 = CARTESIAN_POINT ( 'NONE',  ( 77.06339052845669357, -17.76615593430801709, 10.00000000000000178 ) ) ;
#2692 = PLANE ( 'NONE',  #1353 ) ;
#2693 = ORIENTED_EDGE ( 'NONE', *, *, #2748, .F. ) ;
#2694 = CARTESIAN_POINT ( 'NONE',  ( 78.42285127818163915, 0.3344098751983748397, 9.999999999999998224 ) ) ;
#2695 = VECTOR ( 'NONE', #2655, 1000.000000000000000 ) ;
#2696 = EDGE_CURVE ( 'NONE', #1973, #695, #1904, .T. ) ;
#2697 = ORIENTED_EDGE ( 'NONE', *, *, #1204, .F. ) ;
#2698 = CARTESIAN_POINT ( 'NONE',  ( 75.19999999999998863, -1.000000000000000000, -9.300000000000000711 ) ) ;
#2699 = AXIS2_PLACEMENT_3D ( 'NONE', #2426, #1509, #2734 ) ;
#2700 = ORIENTED_EDGE ( 'NONE', *, *, #2601, .F. ) ;
#2701 = EDGE_CURVE ( 'NONE', #221, #3536, #3392, .T. ) ;
#2702 = AXIS2_PLACEMENT_3D ( 'NONE', #278, #1216, #1197 ) ;
#2703 = VECTOR ( 'NONE', #1460, 1000.000000000000000 ) ;
#2704 = CARTESIAN_POINT ( 'NONE',  ( -79.19999999999998863, -16.00000000000002132, 9.300000000000000711 ) ) ;
#2705 = ADVANCED_FACE ( 'NONE', ( #1941 ), #3188, .T. ) ;
#2706 = VERTEX_POINT ( 'NONE', #1308 ) ;
#2707 = CARTESIAN_POINT ( 'NONE',  ( -79.85555068973494031, -19.91004367392143237, 9.999999999999996447 ) ) ;
#2708 = CARTESIAN_POINT ( 'NONE',  ( 76.89999999999999147, -1.000000000000000000, -9.300000000000000711 ) ) ;
#2709 = CARTESIAN_POINT ( 'NONE',  ( -81.85048596506307206, -21.39353402747518373, -9.300000000000000711 ) ) ;
#2710 = CARTESIAN_POINT ( 'NONE',  ( -74.32877317850153531, 4.304188666007886077, -10.00000000000000178 ) ) ;
#2711 = CIRCLE ( 'NONE', #2060, 0.7000000000000007327 ) ;
#2712 = CARTESIAN_POINT ( 'NONE',  ( 77.89937598206769565, -18.81227345454552946, 9.300000000000002487 ) ) ;
#2713 = CARTESIAN_POINT ( 'NONE',  ( 76.19999999999998863, -16.00000000000000000, -9.300000000000000711 ) ) ;
#2714 = CARTESIAN_POINT ( 'NONE',  ( -81.64836427272452113, -20.81140052094568205, 10.00000000000000178 ) ) ;
#2715 = CARTESIAN_POINT ( 'NONE',  ( 82.05013230893472098, -21.16961141276489755, 10.00000000000000000 ) ) ;
#2716 = ORIENTED_EDGE ( 'NONE', *, *, #2402, .F. ) ;
#2717 = CARTESIAN_POINT ( 'NONE',  ( 76.19999999999996021, 0.000000000000000000, 31.78125758013235824 ) ) ;
#2718 = ORIENTED_EDGE ( 'NONE', *, *, #3400, .T. ) ;
#2719 = CARTESIAN_POINT ( 'NONE',  ( -82.85048596506307206, -15.99999999999999645, -4.999999999999997335 ) ) ;
#2720 = CARTESIAN_POINT ( 'NONE',  ( -82.85048596506307206, -15.99999999999999645, -4.999999999999997335 ) ) ;
#2721 = ORIENTED_EDGE ( 'NONE', *, *, #709, .F. ) ;
#2722 = LINE ( 'NONE', #933, #3093 ) ;
#2723 = EDGE_CURVE ( 'NONE', #1862, #3155, #2628, .T. ) ;
#2724 = EDGE_LOOP ( 'NONE', ( #241, #1340, #872 ) ) ;
#2725 = DIRECTION ( 'NONE',  ( -0.000000000000000000, -0.000000000000000000, -1.000000000000000000 ) ) ;
#2726 = CARTESIAN_POINT ( 'NONE',  ( -78.60208002073885325, -18.55047595178854891, 10.00000000000000533 ) ) ;
#2727 = PLANE ( 'NONE',  #3200 ) ;
#2728 = EDGE_CURVE ( 'NONE', #280, #1737, #2210, .T. ) ;
#2729 = EDGE_CURVE ( 'NONE', #1402, #1829, #2484, .T. ) ;
#2730 = LINE ( 'NONE', #267, #579 ) ;
#2731 = CARTESIAN_POINT ( 'NONE',  ( -78.27809805420297096, 1.753942159111571586, -10.00000000000016342 ) ) ;
#2732 = CARTESIAN_POINT ( 'NONE',  ( 76.26874568141840882, 3.338755983174051423, -9.300000000000000711 ) ) ;
#2733 = CARTESIAN_POINT ( 'NONE',  ( 79.05337715306245627, 0.6456437752638181093, -9.999999999999593214 ) ) ;
#2734 = DIRECTION ( 'NONE',  ( -0.6804759709638779075, -0.7327703957862706785, 0.000000000000000000 ) ) ;
#2735 = CARTESIAN_POINT ( 'NONE',  ( -76.19999999999998863, -1.000000000000000000, 10.00000000000000000 ) ) ;
#2736 = ORIENTED_EDGE ( 'NONE', *, *, #3519, .F. ) ;
#2737 = FACE_OUTER_BOUND ( 'NONE', #2088, .T. ) ;
#2738 = CARTESIAN_POINT ( 'NONE',  ( 78.66284587578904564, -17.06213265245617805, -10.00000000000000000 ) ) ;
#2739 = CARTESIAN_POINT ( 'NONE',  ( 79.36813122036457457, -16.95773940527809387, 9.300000000000000711 ) ) ;
#2740 = CARTESIAN_POINT ( 'NONE',  ( 71.40663524753587410, 4.715495203630719168, -9.865196788166475272 ) ) ;
#2741 = CARTESIAN_POINT ( 'NONE',  ( 81.79097867632988539, -19.99130943011329720, -9.299999999999998934 ) ) ;
#2742 = ORIENTED_EDGE ( 'NONE', *, *, #1547, .T. ) ;
#2743 = CARTESIAN_POINT ( 'NONE',  ( 80.11031620744481074, -19.30514335326571995, -10.00000000000000178 ) ) ;
#2744 = LINE ( 'NONE', #404, #2369 ) ;
#2745 = CARTESIAN_POINT ( 'NONE',  ( 77.06634183768365176, -17.77014089812201192, -10.00000000000107470 ) ) ;
#2746 = EDGE_CURVE ( 'NONE', #2274, #452, #1487, .T. ) ;
#2747 = CARTESIAN_POINT ( 'NONE',  ( -71.25159544704581549, 4.999999999999983125, -9.300000000001491074 ) ) ;
#2748 = EDGE_CURVE ( 'NONE', #1033, #2172, #1844, .T. ) ;
#2749 = FACE_OUTER_BOUND ( 'NONE', #821, .T. ) ;
#2750 = CARTESIAN_POINT ( 'NONE',  ( 78.37058540775592519, 0.4478473088520025791, -10.00000000000000888 ) ) ;
#2751 = CARTESIAN_POINT ( 'NONE',  ( -75.19999999999998863, 0.000000000000000000, -9.300000000000000711 ) ) ;
#2752 = CARTESIAN_POINT ( 'NONE',  ( 79.19999999999998863, 4.999999999999998224, -9.300000000000000711 ) ) ;
#2753 = CARTESIAN_POINT ( 'NONE',  ( 82.85048596506308627, -21.39353402747516242, 9.300000000000000711 ) ) ;
#2754 = ORIENTED_EDGE ( 'NONE', *, *, #326, .F. ) ;
#2755 = FACE_OUTER_BOUND ( 'NONE', #909, .T. ) ;
#2756 = ORIENTED_EDGE ( 'NONE', *, *, #982, .F. ) ;
#2757 = CARTESIAN_POINT ( 'NONE',  ( 71.42118072026917730, 4.999999975580848854, 10.00000000000065370 ) ) ;
#2758 = DIRECTION ( 'NONE',  ( -0.000000000000000000, -0.000000000000000000, -1.000000000000000000 ) ) ;
#2759 = CARTESIAN_POINT ( 'NONE',  ( 80.71280493036651649, -21.70172796457513797, 9.299999999993572075 ) ) ;
#2760 = CARTESIAN_POINT ( 'NONE',  ( -73.28009744176272022, 3.935098224373823950, -10.00000000000000000 ) ) ;
#2761 = ORIENTED_EDGE ( 'NONE', *, *, #2128, .F. ) ;
#2762 = CARTESIAN_POINT ( 'NONE',  ( -77.77707146882271161, 1.281839021652954269, 9.999999999999998224 ) ) ;
#2763 = CARTESIAN_POINT ( 'NONE',  ( 80.48377480234086079, -19.69383605270211035, -10.00000000000000000 ) ) ;
#2764 = VECTOR ( 'NONE', #3765, 1000.000000000000000 ) ;
#2765 = AXIS2_PLACEMENT_3D ( 'NONE', #2614, #1471, #537 ) ;
#2766 = CARTESIAN_POINT ( 'NONE',  ( 78.26938224147107803, 0.6384375669314977797, -10.00000000000000533 ) ) ;
#2767 = CARTESIAN_POINT ( 'NONE',  ( 79.19999999999998863, 0.000000000000000000, 9.300000000000000711 ) ) ;
#2768 = DIRECTION ( 'NONE',  ( -0.000000000000000000, 1.000000000000000000, 0.000000000000000000 ) ) ;
#2769 = CARTESIAN_POINT ( 'NONE',  ( -71.78578643762692479, 4.414213562373096700, 31.17157287525380127 ) ) ;
#2770 = CARTESIAN_POINT ( 'NONE',  ( 75.19999999999998863, 0.000000000000000000, 9.300000000000000711 ) ) ;
#2771 = CARTESIAN_POINT ( 'NONE',  ( 71.20000000000000284, 4.820359442248910220, 9.768215816544469021 ) ) ;
#2772 = EDGE_CURVE ( 'NONE', #2248, #1570, #314, .T. ) ;
#2773 = CARTESIAN_POINT ( 'NONE',  ( 81.85048596506307206, -21.39353402747516242, 10.00000000000000000 ) ) ;
#2774 = VECTOR ( 'NONE', #1926, 1000.000000000000000 ) ;
#2775 = DIRECTION ( 'NONE',  ( -0.5773502691896277295, 0.5773502691896268413, 0.5773502691896229555 ) ) ;
#2776 = ORIENTED_EDGE ( 'NONE', *, *, #1572, .T. ) ;
#2777 = ADVANCED_FACE ( 'NONE', ( #1576 ), #2393, .T. ) ;
#2778 = DIRECTION ( 'NONE',  ( 1.000000000000000000, 0.000000000000000000, 0.000000000000000000 ) ) ;
#2779 = ORIENTED_EDGE ( 'NONE', *, *, #686, .F. ) ;
#2780 = DIRECTION ( 'NONE',  ( 0.000000000000000000, 0.000000000000000000, -1.000000000000000000 ) ) ;
#2781 = CARTESIAN_POINT ( 'NONE',  ( -81.73129441293600905, -19.93642110035967718, 9.300000000000002487 ) ) ;
#2782 = AXIS2_PLACEMENT_3D ( 'NONE', #63, #2510, #2422 ) ;
#2783 = DIRECTION ( 'NONE',  ( -0.000000000000000000, 0.000000000000000000, 1.000000000000000000 ) ) ;
#2784 = CARTESIAN_POINT ( 'NONE',  ( -78.38769805825749870, 0.4118731047732919204, -10.00000000000000000 ) ) ;
#2785 =( BOUNDED_CURVE ( )  B_SPLINE_CURVE ( 3, ( #896, #1871, #19, #3027 ),
 .UNSPECIFIED., .F., .T. ) 
 B_SPLINE_CURVE_WITH_KNOTS ( ( 4, 4 ),
 ( 5.667705598509196641, 6.283185307179586232 ),
 .UNSPECIFIED. ) 
 CURVE ( )  GEOMETRIC_REPRESENTATION_ITEM ( )  RATIONAL_B_SPLINE_CURVE ( ( 1.000000000000000000, 0.9686804092476146710, 0.9686804092476146710, 1.000000000000000000 ) ) 
 REPRESENTATION_ITEM ( '' )  );
#2786 = ORIENTED_EDGE ( 'NONE', *, *, #3519, .T. ) ;
#2787 = CARTESIAN_POINT ( 'NONE',  ( -76.08835469252372263, 0.1116453074762935732, -9.939004000042352516 ) ) ;
#2788 = CARTESIAN_POINT ( 'NONE',  ( -80.71280493007213863, -21.70172796489863387, -10.00000000001017852 ) ) ;
#2789 = CARTESIAN_POINT ( 'NONE',  ( 78.38777010385882704, 0.4117675337853352602, -10.00000000000000178 ) ) ;
#2790 = CARTESIAN_POINT ( 'NONE',  ( 76.19999999999998863, -16.02558931780436069, 9.300000000000000711 ) ) ;
#2791 = FACE_OUTER_BOUND ( 'NONE', #598, .T. ) ;
#2792 = CARTESIAN_POINT ( 'NONE',  ( 79.18416759116652770, 0.2108367352431798070, -9.999999999999843681 ) ) ;
#2793 = DIRECTION ( 'NONE',  ( 1.000000000000000000, 0.000000000000000000, 0.000000000000000000 ) ) ;
#2794 =( NAMED_UNIT ( * ) PLANE_ANGLE_UNIT ( ) SI_UNIT ( $, .RADIAN. ) );
#2795 = LINE ( 'NONE', #1051, #21 ) ;
#2796 = FACE_OUTER_BOUND ( 'NONE', #2900, .T. ) ;
#2797 = CIRCLE ( 'NONE', #301, 1.000000000000000888 ) ;
#2798 = ORIENTED_EDGE ( 'NONE', *, *, #3754, .F. ) ;
#2799 = DIRECTION ( 'NONE',  ( -0.7071067811865511255, 0.7071067811865440200, 0.000000000000000000 ) ) ;
#2800 = DIRECTION ( 'NONE',  ( -0.000000000000000000, 0.000000000000000000, 1.000000000000000000 ) ) ;
#2801 = CARTESIAN_POINT ( 'NONE',  ( -82.12006409244514771, -20.29413764720612079, 10.00000000000326672 ) ) ;
#2802 = ADVANCED_FACE ( 'NONE', ( #3932 ), #875, .T. ) ;
#2803 = EDGE_LOOP ( 'NONE', ( #2025, #653, #1179, #2939 ) ) ;
#2804 = ADVANCED_FACE ( 'NONE', ( #2482 ), #1601, .T. ) ;
#2805 = DIRECTION ( 'NONE',  ( 0.000000000000000000, 0.000000000000000000, -1.000000000000000000 ) ) ;
#2806 = ORIENTED_EDGE ( 'NONE', *, *, #881, .T. ) ;
#2807 = CARTESIAN_POINT ( 'NONE',  ( -76.07506822563615856, 3.452996035900625760, 10.00000000000032152 ) ) ;
#2808 = CARTESIAN_POINT ( 'NONE',  ( -79.37085546881951359, -20.39061501088535167, -9.300000000000535394 ) ) ;
#2809 = FACE_OUTER_BOUND ( 'NONE', #2014, .T. ) ;
#2810 = VECTOR ( 'NONE', #2962, 1000.000000000000000 ) ;
#2811 = AXIS2_PLACEMENT_3D ( 'NONE', #3551, #3885, #836 ) ;
#2812 = CARTESIAN_POINT ( 'NONE',  ( -80.25559434349705157, -21.27714637811959264, 10.00000000000428635 ) ) ;
#2813 = CARTESIAN_POINT ( 'NONE',  ( -76.93176193830018406, -16.15142244437345909, -9.999999999999992895 ) ) ;
#2814 = CARTESIAN_POINT ( 'NONE',  ( -76.89999999999999147, -16.00000000000001776, 10.00000000000000000 ) ) ;
#2815 = CARTESIAN_POINT ( 'NONE',  ( 81.17000999409918904, -22.12630442326143765, 10.00000000000000000 ) ) ;
#2816 = CARTESIAN_POINT ( 'NONE',  ( -76.90132095615996377, -16.01974130050328426, 10.00000000000000000 ) ) ;
#2817 = CARTESIAN_POINT ( 'NONE',  ( -82.15048596506308343, -21.39353402747518373, 9.300000000000000711 ) ) ;
#2818 = CARTESIAN_POINT ( 'NONE',  ( -79.19999999999998863, 0.000000000000000000, -4.999999999999997335 ) ) ;
#2819 = ORIENTED_EDGE ( 'NONE', *, *, #1912, .F. ) ;
#2820 = CARTESIAN_POINT ( 'NONE',  ( 78.69296228109826075, 1.259558692155870796, 9.300000000000004263 ) ) ;
#2821 = LINE ( 'NONE', #3117, #3757 ) ;
#2822 = VERTEX_POINT ( 'NONE', #365 ) ;
#2823 = B_SPLINE_CURVE_WITH_KNOTS ( 'NONE', 3,
 ( #2625, #3227, #2740, #3495, #3799, #2965 ),
 .UNSPECIFIED., .F., .F.,
 ( 4, 2, 4 ),
 ( 0.0004609976502647962645, 0.0008337940811408448092, 0.001206590512016893300 ),
 .UNSPECIFIED. ) ;
#2824 = ADVANCED_FACE ( 'NONE', ( #2809 ), #2507, .F. ) ;
#2825 = VERTEX_POINT ( 'NONE', #1000 ) ;
#2826 = CARTESIAN_POINT ( 'NONE',  ( -78.41126368118560208, 0.3627308227504549287, 9.999999999999998224 ) ) ;
#2827 = CARTESIAN_POINT ( 'NONE',  ( -77.65873854138706633, -18.53645353296437293, -10.00000000000106937 ) ) ;
#2828 = EDGE_CURVE ( 'NONE', #753, #3785, #2212, .T. ) ;
#2829 = EDGE_CURVE ( 'NONE', #3080, #3878, #3485, .T. ) ;
#2830 = VECTOR ( 'NONE', #743, 1000.000000000000000 ) ;
#2831 = DIRECTION ( 'NONE',  ( 1.000000000000000000, 0.000000000000000000, 0.000000000000000000 ) ) ;
#2832 = CARTESIAN_POINT ( 'NONE',  ( 73.24328798302633459, 4.679212984159744515, 9.300000000000002487 ) ) ;
#2833 = PLANE ( 'NONE',  #2782 ) ;
#2834 = AXIS2_PLACEMENT_3D ( 'NONE', #1233, #3341, #331 ) ;
#2835 = CARTESIAN_POINT ( 'NONE',  ( 79.20000000230668036, -16.21531667750483763, 9.999999999999293010 ) ) ;
#2836 = CARTESIAN_POINT ( 'NONE',  ( 70.37157287525380411, 3.000000000000000000, 31.17157287525377996 ) ) ;
#2837 = CARTESIAN_POINT ( 'NONE',  ( 75.97732521815859741, 0.2226747818413849223, 9.952474126763416251 ) ) ;
#2838 = CARTESIAN_POINT ( 'NONE',  ( -76.20085923940840189, -16.03860241282319521, 10.00000000000000178 ) ) ;
#2839 = DIRECTION ( 'NONE',  ( 0.000000000000000000, 0.000000000000000000, -1.000000000000000000 ) ) ;
#2840 = CARTESIAN_POINT ( 'NONE',  ( -78.66222379380089080, -17.05993917744092769, -10.00000000000000178 ) ) ;
#2841 = VERTEX_POINT ( 'NONE', #3492 ) ;
#2842 = VECTOR ( 'NONE', #2438, 1000.000000000000000 ) ;
#2843 = CARTESIAN_POINT ( 'NONE',  ( -70.37157287525383254, 5.000000000000000000, -9.300000000000000711 ) ) ;
#2844 = ORIENTED_EDGE ( 'NONE', *, *, #3240, .F. ) ;
#2845 = VECTOR ( 'NONE', #3610, 999.9999999999998863 ) ;
#2846 = CARTESIAN_POINT ( 'NONE',  ( -74.43452021105537142, 4.285852918393597832, 9.300000000000000711 ) ) ;
#2847 = ORIENTED_EDGE ( 'NONE', *, *, #619, .F. ) ;
#2848 = DIRECTION ( 'NONE',  ( -0.000000000000000000, 0.000000000000000000, -1.000000000000000000 ) ) ;
#2849 = CARTESIAN_POINT ( 'NONE',  ( -81.64634317377391426, -21.61336514621106630, -10.00000000000000000 ) ) ;
#2850 = ADVANCED_FACE ( 'NONE', ( #3190 ), #1301, .F. ) ;
#2851 = CARTESIAN_POINT ( 'NONE',  ( -76.85820923626801005, 2.090419610136139195, 10.00000000000000000 ) ) ;
#2852 = CARTESIAN_POINT ( 'NONE',  ( 76.22967548904686907, -16.23743879669839529, 9.300000000000068212 ) ) ;
#2853 = EDGE_CURVE ( 'NONE', #2395, #764, #75, .T. ) ;
#2854 = CARTESIAN_POINT ( 'NONE',  ( 79.60489595989137968, -17.45795625231358983, 9.300000000000233413 ) ) ;
#2855 = CARTESIAN_POINT ( 'NONE',  ( 71.20000000000000284, 5.000000000000000000, -9.300000000000000711 ) ) ;
#2856 = CARTESIAN_POINT ( 'NONE',  ( 78.49999999999998579, -16.00000000000000000, -9.300000000000000711 ) ) ;
#2857 = CARTESIAN_POINT ( 'NONE',  ( 78.49999999999998579, -10.30000000000000604, 9.999999999999996447 ) ) ;
#2858 = CARTESIAN_POINT ( 'NONE',  ( -71.42118071987916039, 4.999999999999983125, -9.300000000000000711 ) ) ;
#2859 = CARTESIAN_POINT ( 'NONE',  ( 78.19616355316026102, -18.08680424195449632, -9.999999999999998224 ) ) ;
#2860 = CARTESIAN_POINT ( 'NONE',  ( 77.05799339837309958, 2.815626906187661760, 10.00000000000095390 ) ) ;
#2861 = CARTESIAN_POINT ( 'NONE',  ( 70.56432550960843741, 2.807247365645360926, 31.36432550960842391 ) ) ;
#2862 = CIRCLE ( 'NONE', #1754, 0.6999999999999992895 ) ;
#2863 = CARTESIAN_POINT ( 'NONE',  ( -71.94273542593622039, 4.251776343730924168, 9.999999999999991118 ) ) ;
#2864 = VERTEX_POINT ( 'NONE', #1503 ) ;
#2865 = EDGE_LOOP ( 'NONE', ( #2493, #585, #801, #3520 ) ) ;
#2866 = DIRECTION ( 'NONE',  ( 0.000000000000000000, -1.000000000000000000, -3.469446951953614682E-16 ) ) ;
#2867 =( NAMED_UNIT ( * ) PLANE_ANGLE_UNIT ( ) SI_UNIT ( $, .RADIAN. ) );
#2868 = CARTESIAN_POINT ( 'NONE',  ( -79.85555068819485314, -19.91004367526852192, 10.00000000000000000 ) ) ;
#2869 = CARTESIAN_POINT ( 'NONE',  ( -72.84458926353867980, 4.787554576822802055, -9.299999999999998934 ) ) ;
#2870 = B_SPLINE_CURVE_WITH_KNOTS ( 'NONE', 3,
 ( #220, #2362, #3298, #1435, #3629, #2656, #1774, #1153, #3849, #2343, #3557, #818, #2043, #3258 ),
 .UNSPECIFIED., .F., .F.,
 ( 4, 2, 2, 2, 2, 2, 4 ),
 ( -5.999999998961965881E-08, 0.0003645769800515761085, 0.0007292139601031417777, 0.001458487920206273224, 0.002917035840412536118, 0.004375583760618799445, 0.005834131680825062338 ),
 .UNSPECIFIED. ) ;
#2871 = CARTESIAN_POINT ( 'NONE',  ( 77.38362304938928560, 2.572613053696177321, -9.999999999997443823 ) ) ;
#2872 = EDGE_CURVE ( 'NONE', #2883, #1992, #1302, .T. ) ;
#2873 = CARTESIAN_POINT ( 'NONE',  ( 81.85048596506307206, -21.39353402747516242, -10.00000000000000000 ) ) ;
#2874 = CARTESIAN_POINT ( 'NONE',  ( -78.49999999999998579, -1.939840445088316431E-14, 10.00000000000000000 ) ) ;
#2875 = ADVANCED_FACE ( 'NONE', ( #917 ), #1810, .F. ) ;
#2876 = CARTESIAN_POINT ( 'NONE',  ( -71.63168870116786024, 4.985101680697596294, -9.300000000000482103 ) ) ;
#2877 = CARTESIAN_POINT ( 'NONE',  ( -79.72463281313169148, -17.65911098725695538, -9.999999999999998224 ) ) ;
#2878 = CARTESIAN_POINT ( 'NONE',  ( -78.75894099612588661, -17.31655171044066321, 10.00000000000000178 ) ) ;
#2879 = ORIENTED_EDGE ( 'NONE', *, *, #1832, .T. ) ;
#2880 = EDGE_LOOP ( 'NONE', ( #2472, #1157, #2519 ) ) ;
#2881 = CARTESIAN_POINT ( 'NONE',  ( -76.20745102048519470, -16.11286568494697491, -9.300000000000004263 ) ) ;
#2882 = AXIS2_PLACEMENT_3D ( 'NONE', #534, #577, #3624 ) ;
#2883 = VERTEX_POINT ( 'NONE', #827 ) ;
#2884 = CARTESIAN_POINT ( 'NONE',  ( -77.29156197652737603, 2.642997443247675715, -9.300000000000000711 ) ) ;
#2885 = VECTOR ( 'NONE', #2758, 1000.000000000000000 ) ;
#2886 = CARTESIAN_POINT ( 'NONE',  ( 77.38362304700000038, 2.572613050914025479, -9.299999999998403766 ) ) ;
#2887 = EDGE_LOOP ( 'NONE', ( #153, #3171, #702, #1765 ) ) ;
#2888 = CARTESIAN_POINT ( 'NONE',  ( 76.22990625971773682, -16.23839627437754629, -9.300000000000014921 ) ) ;
#2889 = CIRCLE ( 'NONE', #650, 0.7000000000000007327 ) ;
#2890 = TOROIDAL_SURFACE ( 'NONE', #273, 0.3000000000000026534, 0.6999999999999999556 ) ;
#2891 = DIRECTION ( 'NONE',  ( -0.000000000000000000, 1.000000000000000000, -0.000000000000000000 ) ) ;
#2892 = VECTOR ( 'NONE', #324, 1000.000000000000000 ) ;
#2893 = CARTESIAN_POINT ( 'NONE',  ( 76.89999999999999147, -16.04020569576773170, -10.00000000000000000 ) ) ;
#2894 = CIRCLE ( 'NONE', #713, 2.000000000000001776 ) ;
#2895 = ADVANCED_FACE ( 'NONE', ( #2396 ), #1272, .T. ) ;
#2896 = CARTESIAN_POINT ( 'NONE',  ( -82.85048596506307206, -11.00000000000000355, 5.000000000000002665 ) ) ;
#2897 = CARTESIAN_POINT ( 'NONE',  ( 75.07986248700947840, 3.197288474412215198, 10.00000000000000178 ) ) ;
#2898 = DIRECTION ( 'NONE',  ( 0.000000000000000000, 0.7071067811865499042, 0.7071067811865451302 ) ) ;
#2899 = ADVANCED_FACE ( 'NONE', ( #2209 ), #1599, .F. ) ;
#2900 = EDGE_LOOP ( 'NONE', ( #2365, #2982, #3236, #2415 ) ) ;
#2901 = CARTESIAN_POINT ( 'NONE',  ( -76.38269842901279105, -16.66265449823843170, -9.299999999999929656 ) ) ;
#2902 = AXIS2_PLACEMENT_3D ( 'NONE', #2857, #1900, #1567 ) ;
#2903 = ORIENTED_EDGE ( 'NONE', *, *, #3396, .F. ) ;
#2904 = AXIS2_PLACEMENT_3D ( 'NONE', #1053, #432, #1393 ) ;
#2905 = CARTESIAN_POINT ( 'NONE',  ( -74.03105005369648950, 4.419782201364714780, -9.300000000000000711 ) ) ;
#2906 = CARTESIAN_POINT ( 'NONE',  ( -76.02139756207425592, 0.000000000000000000, 32.17860243792578956 ) ) ;
#2907 = VERTEX_POINT ( 'NONE', #2154 ) ;
#2908 = CARTESIAN_POINT ( 'NONE',  ( 76.22990598691538366, -16.23839632968575231, -10.00000000000001066 ) ) ;
#2909 = CARTESIAN_POINT ( 'NONE',  ( -76.19999999999998863, -17.51098099332691760, -9.300000000000004263 ) ) ;
#2910 = CARTESIAN_POINT ( 'NONE',  ( 71.20000000000000284, 4.299999999999999822, -9.300000000000000711 ) ) ;
#2911 = DIRECTION ( 'NONE',  ( 0.6654878129055162850, 0.7464087157008768569, 0.000000000000000000 ) ) ;
#2912 = B_SPLINE_CURVE_WITH_KNOTS ( 'NONE', 3,
 ( #1764, #1481, #892, #3024, #1500, #1220, #915, #2133, #3348, #479, #1617, #674 ),
 .UNSPECIFIED., .F., .F.,
 ( 4, 2, 2, 2, 2, 4 ),
 ( -5.999999998768736490E-08, 0.001465946082021212394, 0.002931952164042412722, 0.004397958246063612617, 0.005130961287074202806, 0.005863964328084792996 ),
 .UNSPECIFIED. ) ;
#2913 = CARTESIAN_POINT ( 'NONE',  ( -77.30240631810958973, 2.634838062520334478, 9.300000000000002487 ) ) ;
#2914 = CARTESIAN_POINT ( 'NONE',  ( -81.17000999409918904, -22.12630442326145896, 10.00000000000000000 ) ) ;
#2915 = CARTESIAN_POINT ( 'NONE',  ( -71.78578643762692479, 4.414213562373096700, -9.983686643913044279 ) ) ;
#2916 = CARTESIAN_POINT ( 'NONE',  ( -79.22589954709152948, -16.42317617134800045, 9.300000000000000711 ) ) ;
#2917 = ORIENTED_EDGE ( 'NONE', *, *, #2746, .F. ) ;
#2918 = ORIENTED_EDGE ( 'NONE', *, *, #1009, .T. ) ;
#2919 = EDGE_CURVE ( 'NONE', #1992, #1402, #575, .T. ) ;
#2920 = ORIENTED_EDGE ( 'NONE', *, *, #55, .T. ) ;
#2921 = ORIENTED_EDGE ( 'NONE', *, *, #1912, .T. ) ;
#2922 = EDGE_CURVE ( 'NONE', #3657, #745, #1391, .T. ) ;
#2923 = CARTESIAN_POINT ( 'NONE',  ( -76.20000000000003126, -16.08307264022622718, 9.300000000000002487 ) ) ;
#2924 = VERTEX_POINT ( 'NONE', #3103 ) ;
#2925 = CARTESIAN_POINT ( 'NONE',  ( -76.20000000000001705, 0.000000000000000000, 37.00000000000000711 ) ) ;
#2926 = CARTESIAN_POINT ( 'NONE',  ( 73.28206457580465383, 3.934458132298778832, -10.00000000000000000 ) ) ;
#2927 = CARTESIAN_POINT ( 'NONE',  ( 76.20085735355178258, -16.03860252915326967, -9.300000000000000711 ) ) ;
#2928 = CARTESIAN_POINT ( 'NONE',  ( -76.98605115185759473, -16.29809325646310114, 10.00000000000000000 ) ) ;
#2929 = DIRECTION ( 'NONE',  ( -1.000000000000000000, -0.000000000000000000, 1.365923996832131609E-16 ) ) ;
#2930 = CARTESIAN_POINT ( 'NONE',  ( 78.49999999999994316, -15.99999999999999645, -4.999999999999997335 ) ) ;
#2931 = CARTESIAN_POINT ( 'NONE',  ( -78.87664184154415636, 0.9862903873844324210, 9.299999999999997158 ) ) ;
#2932 = LINE ( 'NONE', #797, #767 ) ;
#2933 = CARTESIAN_POINT ( 'NONE',  ( 75.19999999999998863, -1.000000000000000000, -9.300000000000000711 ) ) ;
#2934 = CARTESIAN_POINT ( 'NONE',  ( 70.37157287525378990, 3.000000000000000000, -35.00000000000000711 ) ) ;
#2935 = TOROIDAL_SURFACE ( 'NONE', #1706, 0.3000000000000026534, 0.6999999999999999556 ) ;
#2936 = VERTEX_POINT ( 'NONE', #3370 ) ;
#2937 = CARTESIAN_POINT ( 'NONE',  ( 78.50000000000001421, 0.08728776962896526992, 9.999999999999998224 ) ) ;
#2938 = VERTEX_POINT ( 'NONE', #714 ) ;
#2939 = ORIENTED_EDGE ( 'NONE', *, *, #2131, .F. ) ;
#2940 = CARTESIAN_POINT ( 'NONE',  ( -76.20000000000000284, -16.00000000000001776, -9.999999999999992895 ) ) ;
#2941 = EDGE_CURVE ( 'NONE', #1594, #3365, #3705, .T. ) ;
#2942 = ORIENTED_EDGE ( 'NONE', *, *, #1885, .F. ) ;
#2943 = EDGE_CURVE ( 'NONE', #3113, #2395, #1281, .T. ) ;
#2944 = DIRECTION ( 'NONE',  ( 1.000000000000000000, -0.000000000000000000, 0.000000000000000000 ) ) ;
#2945 = CARTESIAN_POINT ( 'NONE',  ( -38.10000000000007958, 38.09999999999998010, 10.00000000000000000 ) ) ;
#2946 = CARTESIAN_POINT ( 'NONE',  ( 82.51597377796858268, -20.64712531177428190, 9.300000000000000711 ) ) ;
#2947 = CARTESIAN_POINT ( 'NONE',  ( -76.07755530993630089, 3.451511083793860735, -9.999999999998728129 ) ) ;
#2948 = LINE ( 'NONE', #3825, #2616 ) ;
#2949 = VECTOR ( 'NONE', #1803, 1000.000000000000114 ) ;
#2950 = DIRECTION ( 'NONE',  ( 1.000000000000000000, 0.000000000000000000, 0.000000000000000000 ) ) ;
#2951 = LINE ( 'NONE', #2914, #898 ) ;
#2952 = CARTESIAN_POINT ( 'NONE',  ( 81.64634317377391426, -21.61336514621104854, 10.00000000000000000 ) ) ;
#2953 = LINE ( 'NONE', #3540, #1483 ) ;
#2954 = LINE ( 'NONE', #1494, #3750 ) ;
#2955 = PRODUCT_DEFINITION_FORMATION_WITH_SPECIFIED_SOURCE ( 'ANY', '', #482, .NOT_KNOWN. ) ;
#2956 = VERTEX_POINT ( 'NONE', #633 ) ;
#2957 = CARTESIAN_POINT ( 'NONE',  ( 77.11827953422026383, 1.885670032296019816, 9.999999999999996447 ) ) ;
#2958 = AXIS2_PLACEMENT_3D ( 'NONE', #562, #2800, #1779 ) ;
#2959 = DIRECTION ( 'NONE',  ( 0.000000000000000000, -0.000000000000000000, 1.000000000000000000 ) ) ;
#2960 = ORIENTED_EDGE ( 'NONE', *, *, #2225, .T. ) ;
#2961 = CARTESIAN_POINT ( 'NONE',  ( -71.20000000000000284, 4.299999999999999822, -9.300000000000000711 ) ) ;
#2962 = DIRECTION ( 'NONE',  ( 0.000000000000000000, 1.000000000000000000, 0.000000000000000000 ) ) ;
#2963 = VECTOR ( 'NONE', #2552, 1000.000000000000000 ) ;
#2964 = CARTESIAN_POINT ( 'NONE',  ( -79.18546721078384110, 0.2108973642995574937, -9.300000000000000711 ) ) ;
#2965 = CARTESIAN_POINT ( 'NONE',  ( 71.78578643762689637, 4.414213562373096700, -9.983686643913049608 ) ) ;
#2966 = CARTESIAN_POINT ( 'NONE',  ( 82.51597377796858268, -20.64712531177428190, -9.300000000000000711 ) ) ;
#2967 = ADVANCED_FACE ( 'NONE', ( #3083 ), #352, .T. ) ;
#2968 = CARTESIAN_POINT ( 'NONE',  ( -76.34291334773983806, -16.57628017584103475, 9.300000000000135714 ) ) ;
#2969 = CARTESIAN_POINT ( 'NONE',  ( -76.40988929269963137, 3.251427777198930169, -9.299999999999680966 ) ) ;
#2970 = ADVANCED_FACE ( 'NONE', ( #1383 ), #1995, .T. ) ;
#2971 = CARTESIAN_POINT ( 'NONE',  ( 78.87664184154419900, 0.9862903873844481861, -9.300000000000004263 ) ) ;
#2972 = FACE_OUTER_BOUND ( 'NONE', #1513, .T. ) ;
#2973 = ORIENTED_EDGE ( 'NONE', *, *, #1682, .T. ) ;
#2974 = CARTESIAN_POINT ( 'NONE',  ( 72.28578643762688216, 1.085786437626908629, -35.00000000000000711 ) ) ;
#2975 = CARTESIAN_POINT ( 'NONE',  ( 79.19999999999998863, -10.30000000000000426, 5.700000000000002842 ) ) ;
#2976 = ORIENTED_EDGE ( 'NONE', *, *, #2197, .F. ) ;
#2977 = DIRECTION ( 'NONE',  ( 0.000000000000000000, 0.000000000000000000, 1.000000000000000000 ) ) ;
#2978 = ORIENTED_EDGE ( 'NONE', *, *, #3749, .F. ) ;
#2979 = ORIENTED_EDGE ( 'NONE', *, *, #1728, .F. ) ;
#2980 = CARTESIAN_POINT ( 'NONE',  ( 75.19999999999998863, -1.000000000000000000, 9.300000000000000711 ) ) ;
#2981 = EDGE_LOOP ( 'NONE', ( #2561, #804, #2621, #1400 ) ) ;
#2982 = ORIENTED_EDGE ( 'NONE', *, *, #2, .T. ) ;
#2983 = DIRECTION ( 'NONE',  ( -0.000000000000000000, -0.000000000000000000, -1.000000000000000000 ) ) ;
#2984 = CARTESIAN_POINT ( 'NONE',  ( -81.64634317377391426, -21.61336514621106986, 10.00000000000000000 ) ) ;
#2985 = AXIS2_PLACEMENT_3D ( 'NONE', #1743, #1700, #2977 ) ;
#2986 = CARTESIAN_POINT ( 'NONE',  ( -82.05013230893472098, -21.16961141276491887, -9.300000000000000711 ) ) ;
#2987 = CARTESIAN_POINT ( 'NONE',  ( -77.37380310231152691, 2.580435193593829890, -9.300000000000322231 ) ) ;
#2988 = CARTESIAN_POINT ( 'NONE',  ( 71.62030812286518255, 4.999999999999998224, -9.299999999999991829 ) ) ;
#2989 = EDGE_CURVE ( 'NONE', #2936, #1688, #3434, .T. ) ;
#2990 = LINE ( 'NONE', #1090, #491 ) ;
#2991 = DIRECTION ( 'NONE',  ( 1.000000000000000000, 0.000000000000000000, -9.106159978880878627E-17 ) ) ;
#2992 = CARTESIAN_POINT ( 'NONE',  ( 78.99287754579285092, -17.80023982947530570, 9.999999999999998224 ) ) ;
#2993 = CARTESIAN_POINT ( 'NONE',  ( 82.85048596506308627, -21.39353402747516242, -9.300000000000000711 ) ) ;
#2994 = CARTESIAN_POINT ( 'NONE',  ( 78.93256342705399220, -19.94166011575901720, 9.300000000000537170 ) ) ;
#2995 = CARTESIAN_POINT ( 'NONE',  ( 80.48662534058757956, -19.69671123399261958, 10.00000000000000000 ) ) ;
#2996 = EDGE_LOOP ( 'NONE', ( #1761, #1935, #49, #2674, #1699, #33 ) ) ;
#2997 = DIRECTION ( 'NONE',  ( -0.7071067811865465735, -0.7071067811865485719, 6.439027471636208788E-17 ) ) ;
#2998 = ORIENTED_EDGE ( 'NONE', *, *, #508, .T. ) ;
#2999 = ORIENTED_EDGE ( 'NONE', *, *, #2197, .T. ) ;
#3000 = CARTESIAN_POINT ( 'NONE',  ( -73.37157287525374727, 0.000000000000000000, -37.00000000000000000 ) ) ;
#3001 = ORIENTED_EDGE ( 'NONE', *, *, #3896, .F. ) ;
#3002 = CARTESIAN_POINT ( 'NONE',  ( 82.15122740885837516, -20.32192202347067322, -9.300000000000002487 ) ) ;
#3003 = ORIENTED_EDGE ( 'NONE', *, *, #2402, .T. ) ;
#3004 = EDGE_LOOP ( 'NONE', ( #3634, #3617, #1078, #1098, #1786, #1994, #673 ) ) ;
#3005 = CARTESIAN_POINT ( 'NONE',  ( 81.17000999409918904, -22.12630442326143410, -9.300000000000000711 ) ) ;
#3006 = VECTOR ( 'NONE', #2206, 1000.000000000000000 ) ;
#3007 = CARTESIAN_POINT ( 'NONE',  ( -73.95992131786574930, 4.445020889518181306, -9.300000000000640199 ) ) ;
#3008 = CARTESIAN_POINT ( 'NONE',  ( 76.27849984536116779, -16.40769017528333151, 9.300000000000002487 ) ) ;
#3009 = CARTESIAN_POINT ( 'NONE',  ( 76.36926571598662861, -16.64295251035879986, -9.300000000000002487 ) ) ;
#3010 = CARTESIAN_POINT ( 'NONE',  ( 78.49999999999998579, 0.000000000000000000, -10.00000000000000000 ) ) ;
#3011 = CARTESIAN_POINT ( 'NONE',  ( 78.49999999999998579, -16.00000000000000000, 10.00000000000000000 ) ) ;
#3012 = CARTESIAN_POINT ( 'NONE',  ( -76.08830548464811727, 0.1116945153518950073, 9.939004000041110842 ) ) ;
#3013 = CARTESIAN_POINT ( 'NONE',  ( 82.12041176138245646, -20.29444762407192471, 9.999999999994871658 ) ) ;
#3014 = ORIENTED_EDGE ( 'NONE', *, *, #556, .F. ) ;
#3015 = DIRECTION ( 'NONE',  ( -0.000000000000000000, 0.000000000000000000, 1.000000000000000000 ) ) ;
#3016 = ADVANCED_FACE ( 'NONE', ( #822 ), #2130, .F. ) ;
#3017 = VECTOR ( 'NONE', #261, 1000.000000000000000 ) ;
#3018 = DIRECTION ( 'NONE',  ( -0.6804759709638779075, 0.7327703957862706785, 0.000000000000000000 ) ) ;
#3019 = FACE_OUTER_BOUND ( 'NONE', #420, .T. ) ;
#3020 = EDGE_CURVE ( 'NONE', #2924, #2326, #1440, .T. ) ;
#3021 = ORIENTED_EDGE ( 'NONE', *, *, #3655, .F. ) ;
#3022 = AXIS2_PLACEMENT_3D ( 'NONE', #2110, #1573, #3018 ) ;
#3023 = CIRCLE ( 'NONE', #1299, 2.000000000000002665 ) ;
#3024 = CARTESIAN_POINT ( 'NONE',  ( -81.08973612009833687, -19.31044048278122460, 9.299999999999997158 ) ) ;
#3025 = ORIENTED_EDGE ( 'NONE', *, *, #1687, .T. ) ;
#3026 = CARTESIAN_POINT ( 'NONE',  ( -76.91095626098122295, -16.07741264897374478, 9.999999999999998224 ) ) ;
#3027 = CARTESIAN_POINT ( 'NONE',  ( 70.56432550960843741, 0.000000000000000000, 36.99999999999998579 ) ) ;
#3028 = CARTESIAN_POINT ( 'NONE',  ( -73.95992131823292937, 4.445020890651371737, -10.00000000000095746 ) ) ;
#3029 = CARTESIAN_POINT ( 'NONE',  ( 79.13748421597198046, 0.4136090419855087408, -9.300000000000000711 ) ) ;
#3030 = DIRECTION ( 'NONE',  ( 0.000000000000000000, 0.000000000000000000, -1.000000000000000000 ) ) ;
#3031 = CARTESIAN_POINT ( 'NONE',  ( -81.85048596506307206, -21.39353402747518373, -9.300000000000000711 ) ) ;
#3032 = CARTESIAN_POINT ( 'NONE',  ( -78.75894099210145782, -17.31655171255808767, 9.999999999999996447 ) ) ;
#3033 = CARTESIAN_POINT ( 'NONE',  ( 76.98528793690725536, -16.29624631816365365, 10.00000000000000000 ) ) ;
#3034 = CARTESIAN_POINT ( 'NONE',  ( 71.06482616523629758, 4.881875683863182047, -9.699848717346721827 ) ) ;
#3035 = VERTEX_POINT ( 'NONE', #889 ) ;
#3036 = DIRECTION ( 'NONE',  ( 0.000000000000000000, 0.000000000000000000, -1.000000000000000000 ) ) ;
#3037 = CARTESIAN_POINT ( 'NONE',  ( 71.20000000000000284, 4.299999999999999822, 10.00000000000000000 ) ) ;
#3039 =( BOUNDED_SURFACE ( )  B_SPLINE_SURFACE ( 2, 1, ( 
 ( #1484, #3858 ),
 ( #207, #3289 ),
 ( #3566, #2399 ) ),
 .UNSPECIFIED., .F., .F., .T. ) 
 B_SPLINE_SURFACE_WITH_KNOTS ( ( 3, 3 ),
 ( 2, 2 ),
 ( 0.000000000000000000, 1.000000000000000000 ),
 ( 0.000000000000000000, 1.000000000000000000 ),
 .UNSPECIFIED. ) 
 GEOMETRIC_REPRESENTATION_ITEM ( )  RATIONAL_B_SPLINE_SURFACE ( (
 ( 1.000000000000000000, 1.000000000000000000),
 ( 0.4285714285714286031, 0.4285714285714286031),
 ( 1.000000000000000000, 1.000000000000000000) ) ) 
 REPRESENTATION_ITEM ( '' )  SURFACE ( )  );
#3038 = PLANE ( 'NONE',  #2367 ) ;
#3040 = ORIENTED_EDGE ( 'NONE', *, *, #3400, .F. ) ;
#3041 = CARTESIAN_POINT ( 'NONE',  ( 81.17000999409918904, -22.12630442326143410, 9.300000000000000711 ) ) ;
#3042 = CARTESIAN_POINT ( 'NONE',  ( 82.05013230893472098, -21.16961141276489755, 10.00000000000000000 ) ) ;
#3043 = EDGE_CURVE ( 'NONE', #2822, #3184, #3597, .T. ) ;
#3044 = CARTESIAN_POINT ( 'NONE',  ( -76.89999999999999147, -1.000000000000000000, 9.300000000000000711 ) ) ;
#3045 = EDGE_LOOP ( 'NONE', ( #1725, #246, #37, #1221 ) ) ;
#3046 = CARTESIAN_POINT ( 'NONE',  ( 76.19999999999998863, -17.51098099332689628, -9.300000000000000711 ) ) ;
#3047 = VERTEX_POINT ( 'NONE', #1517 ) ;
#3048 = DIRECTION ( 'NONE',  ( 0.000000000000000000, -0.000000000000000000, 1.000000000000000000 ) ) ;
#3049 = FACE_OUTER_BOUND ( 'NONE', #3287, .T. ) ;
#3050 = AXIS2_PLACEMENT_3D ( 'NONE', #3667, #2164, #1568 ) ;
#3051 = CIRCLE ( 'NONE', #2333, 0.7000000000000061728 ) ;
#3052 = DIRECTION ( 'NONE',  ( 0.6654878129055162850, -0.7464087157008768569, 0.000000000000000000 ) ) ;
#3053 = DIRECTION ( 'NONE',  ( 0.000000000000000000, 4.956352788505168198E-15, 1.000000000000000000 ) ) ;
#3054 = CARTESIAN_POINT ( 'NONE',  ( 79.14796920075933429, 0.3732561412652844468, -10.00000000000016698 ) ) ;
#3055 = CARTESIAN_POINT ( 'NONE',  ( -81.85048596506307206, -21.39353402747518373, 9.300000000000000711 ) ) ;
#3056 = CARTESIAN_POINT ( 'NONE',  ( -71.20000000000000284, 4.999999999999976907, 9.300000000000000711 ) ) ;
#3057 = DIRECTION ( 'NONE',  ( 1.000000000000000000, 0.000000000000000000, 0.000000000000000000 ) ) ;
#3058 = ORIENTED_EDGE ( 'NONE', *, *, #2551, .F. ) ;
#3059 = FACE_OUTER_BOUND ( 'NONE', #3685, .T. ) ;
#3060 = DIRECTION ( 'NONE',  ( -0.000000000000000000, 0.000000000000000000, 1.000000000000000000 ) ) ;
#3061 = DIRECTION ( 'NONE',  ( -1.000000000000000000, 0.000000000000000000, 6.938893903907222067E-15 ) ) ;
#3062 = CARTESIAN_POINT ( 'NONE',  ( -77.11827953422027804, 1.885670032296008714, -10.00000000000000355 ) ) ;
#3063 =( BOUNDED_SURFACE ( )  B_SPLINE_SURFACE ( 2, 1, ( 
 ( #1925, #3148 ),
 ( #3839, #3532 ),
 ( #2946, #2966 ) ),
 .UNSPECIFIED., .F., .F., .T. ) 
 B_SPLINE_SURFACE_WITH_KNOTS ( ( 3, 3 ),
 ( 2, 2 ),
 ( 0.000000000000000000, 1.000000000000000000 ),
 ( 0.000000000000000000, 1.000000000000000000 ),
 .UNSPECIFIED. ) 
 GEOMETRIC_REPRESENTATION_ITEM ( )  RATIONAL_B_SPLINE_SURFACE ( (
 ( 1.000000000000000000, 1.000000000000000000),
 ( 1.239104533790151397, 1.239104533790151397),
 ( 1.000000000000000000, 1.000000000000000000) ) ) 
 REPRESENTATION_ITEM ( '' )  SURFACE ( )  );
#3064 = ORIENTED_EDGE ( 'NONE', *, *, #2032, .F. ) ;
#3065 = CARTESIAN_POINT ( 'NONE',  ( -78.82243183292059996, 1.078954190156004689, 10.00000000000016165 ) ) ;
#3066 = EDGE_CURVE ( 'NONE', #2031, #3035, #224, .T. ) ;
#3067 = DIRECTION ( 'NONE',  ( 1.000000000000000000, 0.000000000000000000, 0.000000000000000000 ) ) ;
#3068 = DIRECTION ( 'NONE',  ( -1.000000000000000000, 0.000000000000000000, 0.000000000000000000 ) ) ;
#3069 = CARTESIAN_POINT ( 'NONE',  ( 78.79437012836456233, -19.79782072122289449, -9.300000000000002487 ) ) ;
#3070 = CARTESIAN_POINT ( 'NONE',  ( -76.19999999999998863, -1.000000000000000000, -9.300000000000000711 ) ) ;
#3071 = CARTESIAN_POINT ( 'NONE',  ( 71.20000000000000284, 5.000000000000000000, -9.300000000000000711 ) ) ;
#3072 = VECTOR ( 'NONE', #3355, 1000.000000000000000 ) ;
#3073 = DIRECTION ( 'NONE',  ( 1.000000000000000000, 0.000000000000000000, 0.000000000000000000 ) ) ;
#3074 = ORIENTED_EDGE ( 'NONE', *, *, #930, .F. ) ;
#3075 = DIRECTION ( 'NONE',  ( -0.000000000000000000, -0.000000000000000000, 1.000000000000000000 ) ) ;
#3076 = DIRECTION ( 'NONE',  ( 0.000000000000000000, -1.000000000000000000, 0.000000000000000000 ) ) ;
#3077 = CARTESIAN_POINT ( 'NONE',  ( -82.12006409330659551, -20.29413764615409832, 9.300000000001867662 ) ) ;
#3078 = ORIENTED_EDGE ( 'NONE', *, *, #3702, .T. ) ;
#3079 = CARTESIAN_POINT ( 'NONE',  ( -76.85349400775913864, 2.093897506440168588, -10.00000000000000178 ) ) ;
#3080 = VERTEX_POINT ( 'NONE', #563 ) ;
#3081 = CARTESIAN_POINT ( 'NONE',  ( -76.07506822584200279, 3.452996036279379677, 9.300000000000320455 ) ) ;
#3082 = CIRCLE ( 'NONE', #1724, 2.000000000000003553 ) ;
#3083 = FACE_OUTER_BOUND ( 'NONE', #3191, .T. ) ;
#3084 = CARTESIAN_POINT ( 'NONE',  ( -77.01738205567858131, -16.36690840176233053, -10.00000000000000000 ) ) ;
#3085 = DIRECTION ( 'NONE',  ( -1.000000000000000000, 0.000000000000000000, 9.106159978880878627E-17 ) ) ;
#3086 = CARTESIAN_POINT ( 'NONE',  ( 77.90129445397131747, -18.81443438280411229, -9.300000000000000711 ) ) ;
#3087 = VECTOR ( 'NONE', #664, 1000.000000000000000 ) ;
#3088 = EDGE_CURVE ( 'NONE', #3365, #1234, #2439, .T. ) ;
#3089 = DIRECTION ( 'NONE',  ( 0.000000000000000000, -0.000000000000000000, -1.000000000000000000 ) ) ;
#3090 = LINE ( 'NONE', #960, #1042 ) ;
#3091 = CARTESIAN_POINT ( 'NONE',  ( -79.10746358771609721, -18.03751448697081727, 9.999999999999994671 ) ) ;
#3092 = ADVANCED_FACE ( 'NONE', ( #2348 ), #642, .T. ) ;
#3093 = VECTOR ( 'NONE', #3580, 1000.000000000000227 ) ;
#3094 = FACE_OUTER_BOUND ( 'NONE', #2724, .T. ) ;
#3095 = ORIENTED_EDGE ( 'NONE', *, *, #163, .F. ) ;
#3096 = CARTESIAN_POINT ( 'NONE',  ( -78.49999999999998579, -1.939840445088316431E-14, 9.300000000000000711 ) ) ;
#3097 = DIRECTION ( 'NONE',  ( 0.000000000000000000, -0.000000000000000000, -1.000000000000000000 ) ) ;
#3098 = CARTESIAN_POINT ( 'NONE',  ( 0.000000000000000000, 0.000000000000000000, -10.00000000000000000 ) ) ;
#3099 = ORIENTED_EDGE ( 'NONE', *, *, #1141, .F. ) ;
#3100 = CARTESIAN_POINT ( 'NONE',  ( 0.000000000000000000, 4.299999999999999822, -9.300000000000000711 ) ) ;
#3101 = ORIENTED_EDGE ( 'NONE', *, *, #2677, .T. ) ;
#3102 = DIRECTION ( 'NONE',  ( -1.000000000000000000, 0.000000000000000000, 0.000000000000000000 ) ) ;
#3103 = CARTESIAN_POINT ( 'NONE',  ( 71.97853907198154388, 4.221460928018458070, 31.36432550960841681 ) ) ;
#3104 = DIRECTION ( 'NONE',  ( 1.000000000000000000, -6.829619984160654348E-17, -6.829619984160628464E-17 ) ) ;
#3105 = CARTESIAN_POINT ( 'NONE',  ( -80.74121135354475598, -20.77282838631667872, -9.999999999999996447 ) ) ;
#3106 = CARTESIAN_POINT ( 'NONE',  ( 79.19999999999998863, -16.21531667742176808, 9.299999999999293721 ) ) ;
#3107 = CARTESIAN_POINT ( 'NONE',  ( -75.53291679679364279, 0.6670832032063187533, 10.00000000000000000 ) ) ;
#3108 = ORIENTED_EDGE ( 'NONE', *, *, #303, .T. ) ;
#3109 =( NAMED_UNIT ( * ) SI_UNIT ( $, .STERADIAN. ) SOLID_ANGLE_UNIT ( ) );
#3110 = CARTESIAN_POINT ( 'NONE',  ( -76.20085735355176837, -16.03860252915323059, 9.300000000000002487 ) ) ;
#3111 = DIRECTION ( 'NONE',  ( 0.000000000000000000, -1.000000000000000000, 0.000000000000000000 ) ) ;
#3112 = EDGE_CURVE ( 'NONE', #3810, #1924, #1530, .T. ) ;
#3113 = VERTEX_POINT ( 'NONE', #3263 ) ;
#3114 = FACE_OUTER_BOUND ( 'NONE', #2539, .T. ) ;
#3115 = ADVANCED_FACE ( 'NONE', ( #3019 ), #1498, .F. ) ;
#3116 = CARTESIAN_POINT ( 'NONE',  ( 73.72110667281746998, 3.786574695962394710, 9.999999999999998224 ) ) ;
#3117 = CARTESIAN_POINT ( 'NONE',  ( -70.25719095841795081, 4.528595479208967767, 32.47140452079102602 ) ) ;
#3118 = ORIENTED_EDGE ( 'NONE', *, *, #2650, .F. ) ;
#3119 = EDGE_CURVE ( 'NONE', #1760, #3113, #3177, .T. ) ;
#3120 = EDGE_LOOP ( 'NONE', ( #524, #315, #3281, #176 ) ) ;
#3121 = ORIENTED_EDGE ( 'NONE', *, *, #1107, .T. ) ;
#3122 = DIRECTION ( 'NONE',  ( 1.000000000000000000, 0.000000000000000000, 0.000000000000000000 ) ) ;
#3123 = CARTESIAN_POINT ( 'NONE',  ( 70.51066054376867953, 5.000000000000000888, 9.382285091587270642 ) ) ;
#3124 = CARTESIAN_POINT ( 'NONE',  ( 76.20005828962547412, -16.02558957833598896, 9.999999999999991118 ) ) ;
#3125 = VECTOR ( 'NONE', #457, 1000.000000000000000 ) ;
#3126 = CARTESIAN_POINT ( 'NONE',  ( -76.87230951320573524, -17.50417257424562223, 9.299999999999196021 ) ) ;
#3127 = CYLINDRICAL_SURFACE ( 'NONE', #1741, 0.7000000000000000666 ) ;
#3128 = CARTESIAN_POINT ( 'NONE',  ( 79.20000000000000284, -16.00000000000000000, 10.00000000000000178 ) ) ;
#3129 = DIRECTION ( 'NONE',  ( 9.169400627057856623E-16, 0.7071067811865455743, -0.7071067811865496822 ) ) ;
#3130 = CARTESIAN_POINT ( 'NONE',  ( -76.90062028949762407, -16.01239450590320246, 10.00000000000000000 ) ) ;
#3131 = LINE ( 'NONE', #1008, #1193 ) ;
#3132 = CARTESIAN_POINT ( 'NONE',  ( -79.22601619179843624, -16.42339018855710719, -10.00000000000023448 ) ) ;
#3133 = CARTESIAN_POINT ( 'NONE',  ( 74.06952486184191287, 3.653623401250435609, 9.999999999999998224 ) ) ;
#3134 = DIRECTION ( 'NONE',  ( 1.000000000000000000, 0.000000000000000000, 0.000000000000000000 ) ) ;
#3135 = ORIENTED_EDGE ( 'NONE', *, *, #3675, .T. ) ;
#3136 = ADVANCED_FACE ( 'NONE', ( #3872 ), #3038, .F. ) ;
#3137 = ORIENTED_EDGE ( 'NONE', *, *, #1313, .T. ) ;
#3138 = CARTESIAN_POINT ( 'NONE',  ( -70.37157287525381832, 3.000000000000003997, -34.99999999999999289 ) ) ;
#3139 = CARTESIAN_POINT ( 'NONE',  ( -73.25822754980993068, 4.674807784129436428, 9.300000000000002487 ) ) ;
#3140 = ORIENTED_EDGE ( 'NONE', *, *, #184, .T. ) ;
#3141 = CARTESIAN_POINT ( 'NONE',  ( -75.75545603382526849, 0.4445439661747401239, -9.983565099655985264 ) ) ;
#3142 = DIRECTION ( 'NONE',  ( 0.000000000000000000, 1.000000000000000000, 0.000000000000000000 ) ) ;
#3143 = VECTOR ( 'NONE', #293, 1000.000000000000000 ) ;
#3144 = CARTESIAN_POINT ( 'NONE',  ( 76.28402513417886155, -16.42102163270102366, 9.299999999999968736 ) ) ;
#3145 = CIRCLE ( 'NONE', #3198, 0.6999999999999992895 ) ;
#3146 = CARTESIAN_POINT ( 'NONE',  ( 78.75887434140545906, -17.31665131030966975, 10.00000000000000178 ) ) ;
#3147 = CARTESIAN_POINT ( 'NONE',  ( 78.82243183291932098, 1.078954190156302895, -10.00000000000017053 ) ) ;
#3148 = CARTESIAN_POINT ( 'NONE',  ( 79.19999999999998863, -16.00000000000000000, -9.300000000000000711 ) ) ;
#3149 = CARTESIAN_POINT ( 'NONE',  ( -78.49999999999998579, -16.00000000000002132, 10.00000000000000000 ) ) ;
#3150 = DIRECTION ( 'NONE',  ( -0.000000000000000000, -0.000000000000000000, -1.000000000000000000 ) ) ;
#3151 = CARTESIAN_POINT ( 'NONE',  ( -82.85048596506307206, -11.00000000000000000, -4.999999999999997335 ) ) ;
#3152 = CARTESIAN_POINT ( 'NONE',  ( 77.89375055547202464, 1.136575436913623838, 10.00000000000000533 ) ) ;
#3153 = CARTESIAN_POINT ( 'NONE',  ( -79.10746357966726805, -18.03751449120563066, 10.00000000000000178 ) ) ;
#3154 = ORIENTED_EDGE ( 'NONE', *, *, #2584, .T. ) ;
#3155 = VERTEX_POINT ( 'NONE', #3579 ) ;
#3156 = DIRECTION ( 'NONE',  ( 1.000000000000000000, -0.000000000000000000, -0.000000000000000000 ) ) ;
#3157 = EDGE_LOOP ( 'NONE', ( #708, #3800, #1972, #3711 ) ) ;
#3158 = CARTESIAN_POINT ( 'NONE',  ( 79.32928488418203017, -16.84116140861671340, -9.300000000000238742 ) ) ;
#3159 = EDGE_CURVE ( 'NONE', #502, #439, #544, .T. ) ;
#3160 = EDGE_CURVE ( 'NONE', #2924, #2822, #3672, .T. ) ;
#3161 = CARTESIAN_POINT ( 'NONE',  ( 76.21314483609278057, -16.15341004918682444, 9.999999999999998224 ) ) ;
#3162 = CARTESIAN_POINT ( 'NONE',  ( -78.07814553601018304, -19.01488993023900420, 10.00000000000000178 ) ) ;
#3163 = CARTESIAN_POINT ( 'NONE',  ( 71.94273542593367665, 4.251776343730937491, -9.999999999999994671 ) ) ;
#3164 = CARTESIAN_POINT ( 'NONE',  ( -75.19999999999998863, -1.000000000000000000, -9.300000000000000711 ) ) ;
#3165 = DIRECTION ( 'NONE',  ( -0.000000000000000000, -0.000000000000000000, -1.000000000000000000 ) ) ;
#3166 = CARTESIAN_POINT ( 'NONE',  ( -79.60489595743237601, -17.45795625350348601, -9.999999999998600231 ) ) ;
#3167 = CARTESIAN_POINT ( 'NONE',  ( 77.05799339909296464, 2.815626907257958056, 9.300000000000638423 ) ) ;
#3168 = CARTESIAN_POINT ( 'NONE',  ( -79.70173927053679108, -17.65849089762232182, 10.00000000000000178 ) ) ;
#3169 = ORIENTED_EDGE ( 'NONE', *, *, #3269, .T. ) ;
#3170 = ORIENTED_EDGE ( 'NONE', *, *, #210, .F. ) ;
#3171 = ORIENTED_EDGE ( 'NONE', *, *, #688, .F. ) ;
#3172 = CARTESIAN_POINT ( 'NONE',  ( -77.19825755276167456, -16.70796256361536436, -9.999999999999998224 ) ) ;
#3173 = ADVANCED_FACE ( 'NONE', ( #3446 ), #649, .T. ) ;
#3174 = LINE ( 'NONE', #1625, #1903 ) ;
#3175 = ORIENTED_EDGE ( 'NONE', *, *, #1682, .F. ) ;
#3176 = CARTESIAN_POINT ( 'NONE',  ( 76.90011488779721560, -16.00499426703480310, -10.00000000000000178 ) ) ;
#3177 =( BOUNDED_CURVE ( )  B_SPLINE_CURVE ( 3, ( #1458, #2069, #2679, #3000 ),
 .UNSPECIFIED., .F., .T. ) 
 B_SPLINE_CURVE_WITH_KNOTS ( ( 4, 4 ),
 ( 1.287805494327244223E-16, 1.570796326794911435 ),
 .UNSPECIFIED. ) 
 CURVE ( )  GEOMETRIC_REPRESENTATION_ITEM ( )  RATIONAL_B_SPLINE_CURVE ( ( 1.000000000000000000, 0.8047378541243614958, 0.8047378541243614958, 1.000000000000000000 ) ) 
 REPRESENTATION_ITEM ( '' )  );
#3178 = EDGE_CURVE ( 'NONE', #452, #6, #3231, .T. ) ;
#3179 = LINE ( 'NONE', #3766, #1734 ) ;
#3180 = CARTESIAN_POINT ( 'NONE',  ( -79.19999999999998863, -16.00000000000002132, 10.00000000000000000 ) ) ;
#3181 = CARTESIAN_POINT ( 'NONE',  ( 70.37157287525378990, 3.000000000000005773, -35.00000000000000711 ) ) ;
#3182 = CARTESIAN_POINT ( 'NONE',  ( 77.37380310500158487, 2.580435196730296532, 10.00000000000128608 ) ) ;
#3183 = CARTESIAN_POINT ( 'NONE',  ( -78.49999999999998579, -1.939840445088316431E-14, -10.00000000000000000 ) ) ;
#3184 = VERTEX_POINT ( 'NONE', #1865 ) ;
#3185 = VERTEX_POINT ( 'NONE', #2474 ) ;
#3186 = VERTEX_POINT ( 'NONE', #672 ) ;
#3187 = CARTESIAN_POINT ( 'NONE',  ( -76.20561208795606944, -16.09823992261808456, -9.999999999999992895 ) ) ;
#3188 = PLANE ( 'NONE',  #456 ) ;
#3189 = CARTESIAN_POINT ( 'NONE',  ( -78.49999999999998579, 0.08765618234983485468, 9.999999999999998224 ) ) ;
#3190 = FACE_OUTER_BOUND ( 'NONE', #2996, .T. ) ;
#3191 = EDGE_LOOP ( 'NONE', ( #1194, #1325, #3040, #1644 ) ) ;
#3192 = AXIS2_PLACEMENT_3D ( 'NONE', #2502, #2543, #3122 ) ;
#3193 = CARTESIAN_POINT ( 'NONE',  ( 0.000000000000000000, 4.299999999999999822, -9.300000000000000711 ) ) ;
#3194 = LINE ( 'NONE', #1672, #2375 ) ;
#3195 = ORIENTED_EDGE ( 'NONE', *, *, #3702, .F. ) ;
#3196 = CARTESIAN_POINT ( 'NONE',  ( 79.19999999999998863, -10.30000000000000071, -5.699999999999998401 ) ) ;
#3197 = AXIS2_PLACEMENT_3D ( 'NONE', #1024, #1584, #2231 ) ;
#3198 = AXIS2_PLACEMENT_3D ( 'NONE', #2638, #3561, #2780 ) ;
#3199 = LINE ( 'NONE', #1338, #1820 ) ;
#3200 = AXIS2_PLACEMENT_3D ( 'NONE', #3333, #599, #3048 ) ;
#3201 = EDGE_CURVE ( 'NONE', #3536, #548, #2821, .T. ) ;
#3202 = CARTESIAN_POINT ( 'NONE',  ( 77.62951689308745529, -17.35412099571064815, -10.00000000000000000 ) ) ;
#3203 = CARTESIAN_POINT ( 'NONE',  ( -79.19999863616109792, 0.05218924095312854616, 9.300000000000000711 ) ) ;
#3204 = EDGE_CURVE ( 'NONE', #1737, #2924, #3082, .T. ) ;
#3205 = CARTESIAN_POINT ( 'NONE',  ( 79.14759654527702537, 0.3747109928157710268, 9.299999999999839062 ) ) ;
#3206 = CARTESIAN_POINT ( 'NONE',  ( -80.98479131237201045, -19.20473392905315890, 9.300000000000002487 ) ) ;
#3207 = ORIENTED_EDGE ( 'NONE', *, *, #2346, .F. ) ;
#3208 = VECTOR ( 'NONE', #902, 1000.000000000000000 ) ;
#3209 = VERTEX_POINT ( 'NONE', #1298 ) ;
#3210 = CARTESIAN_POINT ( 'NONE',  ( 75.53291679679367121, 0.6670832032063117589, 10.00000000000000000 ) ) ;
#3211 = CARTESIAN_POINT ( 'NONE',  ( 73.60074814857561876, 3.827877606381575148, -10.00000000000000355 ) ) ;
#3212 = CARTESIAN_POINT ( 'NONE',  ( 76.28448576701254069, -16.42235349987251070, -9.999999999999870326 ) ) ;
#3213 = CYLINDRICAL_SURFACE ( 'NONE', #2256, 2.000000000000004885 ) ;
#3214 = DIRECTION ( 'NONE',  ( 0.000000000000000000, -1.000000000000000000, 0.000000000000000000 ) ) ;
#3215 = DIRECTION ( 'NONE',  ( -1.497733166018926474E-15, -0.7071067811865457964, 0.7071067811865492381 ) ) ;
#3216 = CARTESIAN_POINT ( 'NONE',  ( 79.19999999999998863, 0.000000000000000000, -9.300000000000000711 ) ) ;
#3217 = CYLINDRICAL_SURFACE ( 'NONE', #715, 2.000000000000004885 ) ;
#3218 = CARTESIAN_POINT ( 'NONE',  ( -76.89999999999999147, -16.00000000000002132, -9.300000000000000711 ) ) ;
#3219 = EDGE_CURVE ( 'NONE', #1417, #1924, #1255, .T. ) ;
#3220 = EDGE_LOOP ( 'NONE', ( #419, #1626, #868, #469, #808 ) ) ;
#3221 = DIRECTION ( 'NONE',  ( 0.000000000000000000, 1.000000000000000000, 0.000000000000000000 ) ) ;
#3222 = EDGE_CURVE ( 'NONE', #2395, #3262, #1908, .T. ) ;
#3223 = CARTESIAN_POINT ( 'NONE',  ( -76.90128389948996812, -16.01940489807102352, -10.00000000000000000 ) ) ;
#3224 = CARTESIAN_POINT ( 'NONE',  ( -79.19999999999998863, -16.00000000000002132, 9.300000000000000711 ) ) ;
#3225 = ORIENTED_EDGE ( 'NONE', *, *, #3088, .F. ) ;
#3226 = DIRECTION ( 'NONE',  ( -0.7071067811865510144, 0.000000000000000000, 0.7071067811865441310 ) ) ;
#3227 = CARTESIAN_POINT ( 'NONE',  ( 71.30286181151465996, 4.773548074789525586, -9.820240409053639041 ) ) ;
#3228 = DIRECTION ( 'NONE',  ( 0.000000000000000000, 0.000000000000000000, -1.000000000000000000 ) ) ;
#3229 = CARTESIAN_POINT ( 'NONE',  ( -72.24193054470767095, 4.906100689780449997, -9.300000000000000711 ) ) ;
#3230 = CARTESIAN_POINT ( 'NONE',  ( -79.99589666233299567, -18.05749404467386299, -9.299999999999998934 ) ) ;
#3231 = B_SPLINE_CURVE_WITH_KNOTS ( 'NONE', 3,
 ( #3718, #1323, #992, #3692, #73, #2843 ),
 .UNSPECIFIED., .F., .F.,
 ( 4, 2, 4 ),
 ( 0.000000000000000000, 0.0004848147044218482958, 0.0009696294088436965917 ),
 .UNSPECIFIED. ) ;
#3232 = DIRECTION ( 'NONE',  ( -0.000000000000000000, -1.000000000000000000, -0.000000000000000000 ) ) ;
#3233 = DIRECTION ( 'NONE',  ( 1.000000000000000000, 5.421010862427517437E-15, 0.000000000000000000 ) ) ;
#3234 = CARTESIAN_POINT ( 'NONE',  ( 80.74121135354478440, -20.77282838631666451, 10.00000000000000000 ) ) ;
#3235 = CARTESIAN_POINT ( 'NONE',  ( -75.19999999999998863, -1.000000000000000000, 0.000000000000000000 ) ) ;
#3236 = ORIENTED_EDGE ( 'NONE', *, *, #2421, .F. ) ;
#3237 = CARTESIAN_POINT ( 'NONE',  ( 78.49999999999998579, 0.000000000000000000, 10.00000000000000000 ) ) ;
#3238 = ORIENTED_EDGE ( 'NONE', *, *, #1885, .T. ) ;
#3239 = CARTESIAN_POINT ( 'NONE',  ( -76.28402516263001587, -16.42102162192633585, -10.00000000000012790 ) ) ;
#3240 = EDGE_CURVE ( 'NONE', #2021, #3408, #3406, .T. ) ;
#3241 = ORIENTED_EDGE ( 'NONE', *, *, #303, .F. ) ;
#3242 = ADVANCED_FACE ( 'NONE', ( #3426 ), #690, .F. ) ;
#3243 = CARTESIAN_POINT ( 'NONE',  ( 81.85048596506307206, -21.39353402747516242, 9.300000000000000711 ) ) ;
#3244 = VECTOR ( 'NONE', #1877, 1000.000000000000000 ) ;
#3245 = ADVANCED_FACE ( 'NONE', ( #1614 ), #319, .T. ) ;
#3246 = CARTESIAN_POINT ( 'NONE',  ( -79.10230112267885261, 0.5171368678734241664, -9.300000000000000711 ) ) ;
#3247 = DIRECTION ( 'NONE',  ( 0.000000000000000000, 0.000000000000000000, -1.000000000000000000 ) ) ;
#3248 = DIRECTION ( 'NONE',  ( 1.000000000000000000, -0.000000000000000000, -0.000000000000000000 ) ) ;
#3249 = CARTESIAN_POINT ( 'NONE',  ( 76.21741220679344053, -16.17676986455666110, -9.999999999999985789 ) ) ;
#3250 = CARTESIAN_POINT ( 'NONE',  ( -76.91148061705332850, -16.07726913205895869, 10.00000000000000000 ) ) ;
#3251 = CARTESIAN_POINT ( 'NONE',  ( -75.07986248700947840, 3.197288474412037562, -10.00000000000000000 ) ) ;
#3252 = CARTESIAN_POINT ( 'NONE',  ( 72.03453789299874188, 4.947234715259526183, -9.299999999999998934 ) ) ;
#3253 = CARTESIAN_POINT ( 'NONE',  ( -80.11468476898708957, -19.30994215649269563, -10.00000000000000178 ) ) ;
#3254 = AXIS2_PLACEMENT_3D ( 'NONE', #581, #3887, #1210 ) ;
#3255 = ORIENTED_EDGE ( 'NONE', *, *, #1755, .T. ) ;
#3256 = LINE ( 'NONE', #1679, #2504 ) ;
#3257 = CARTESIAN_POINT ( 'NONE',  ( 79.19999999999998863, 2.002967142162725287E-29, 9.300000000000000711 ) ) ;
#3258 = CARTESIAN_POINT ( 'NONE',  ( -82.51597377796858268, -20.64712531177430321, -9.300000000000000711 ) ) ;
#3259 =( GEOMETRIC_REPRESENTATION_CONTEXT ( 3 ) GLOBAL_UNCERTAINTY_ASSIGNED_CONTEXT ( ( #1352 ) ) GLOBAL_UNIT_ASSIGNED_CONTEXT ( ( #1859, #2794, #3109 ) ) REPRESENTATION_CONTEXT ( 'NONE', 'WORKASPACE' ) );
#3260 = ORIENTED_EDGE ( 'NONE', *, *, #807, .F. ) ;
#3261 = CARTESIAN_POINT ( 'NONE',  ( -81.85048596506307206, -21.39353402747518373, 10.00000000000000000 ) ) ;
#3262 = VERTEX_POINT ( 'NONE', #3364 ) ;
#3263 = CARTESIAN_POINT ( 'NONE',  ( -73.37157287525374727, 0.000000000000000000, -37.00000000000000000 ) ) ;
#3264 = ORIENTED_EDGE ( 'NONE', *, *, #3201, .F. ) ;
#3265 = VERTEX_POINT ( 'NONE', #1014 ) ;
#3266 = CARTESIAN_POINT ( 'NONE',  ( 79.98429842997165906, -18.05808229354010663, -10.00000000000000178 ) ) ;
#3267 = ORIENTED_EDGE ( 'NONE', *, *, #908, .F. ) ;
#3268 = EDGE_CURVE ( 'NONE', #2248, #1234, #1535, .T. ) ;
#3269 = EDGE_CURVE ( 'NONE', #242, #1890, #3385, .T. ) ;
#3270 = AXIS2_PLACEMENT_3D ( 'NONE', #3100, #360, #2805 ) ;
#3271 = CARTESIAN_POINT ( 'NONE',  ( 80.25559434352645383, -21.27714637809483023, -9.999999999987144506 ) ) ;
#3272 = CIRCLE ( 'NONE', #2904, 0.3000000000000085931 ) ;
#3273 = CARTESIAN_POINT ( 'NONE',  ( -79.14759664674717499, 0.3747110154900195056, -9.999999999999959144 ) ) ;
#3274 = CARTESIAN_POINT ( 'NONE',  ( 79.19630642909133655, 0.1059657284249565790, -9.299999999999998934 ) ) ;
#3275 = CARTESIAN_POINT ( 'NONE',  ( -82.51597377796858268, -20.64712531177430321, -9.300000000000000711 ) ) ;
#3276 = CARTESIAN_POINT ( 'NONE',  ( -79.43288347632548607, -18.47436740886082873, -10.00000000000000000 ) ) ;
#3277 = CARTESIAN_POINT ( 'NONE',  ( 79.05221043456694474, 0.6483086326217352147, 10.00000000000016165 ) ) ;
#3278 = DIRECTION ( 'NONE',  ( -0.000000000000000000, -0.000000000000000000, -1.000000000000000000 ) ) ;
#3279 = ORIENTED_EDGE ( 'NONE', *, *, #3396, .T. ) ;
#3280 = CARTESIAN_POINT ( 'NONE',  ( 76.85349400775905337, 2.093897506440196121, 10.00000000000000000 ) ) ;
#3281 = ORIENTED_EDGE ( 'NONE', *, *, #2853, .F. ) ;
#3282 = CARTESIAN_POINT ( 'NONE',  ( 79.46595310068967422, -17.18574561919786348, 9.300000000000004263 ) ) ;
#3283 = ORIENTED_EDGE ( 'NONE', *, *, #3798, .T. ) ;
#3284 = DIRECTION ( 'NONE',  ( -0.000000000000000000, -0.000000000000000000, -1.000000000000000000 ) ) ;
#3285 = ORIENTED_EDGE ( 'NONE', *, *, #930, .T. ) ;
#3286 = CARTESIAN_POINT ( 'NONE',  ( 78.66284587424537733, -17.06213265268840473, -10.00000000000000533 ) ) ;
#3287 = EDGE_LOOP ( 'NONE', ( #539, #1116, #1647 ) ) ;
#3288 = AXIS2_PLACEMENT_3D ( 'NONE', #1214, #3036, #1591 ) ;
#3289 = CARTESIAN_POINT ( 'NONE',  ( -79.19999999999998863, 4.999999999999980460, -9.300000000000000711 ) ) ;
#3290 = CARTESIAN_POINT ( 'NONE',  ( 80.25559434400790337, -21.27714637738710479, -9.299999999995714361 ) ) ;
#3291 = ADVANCED_FACE ( 'NONE', ( #2496 ), #1691, .T. ) ;
#3292 = CARTESIAN_POINT ( 'NONE',  ( -73.21208441468863271, 4.687408758804454401, -9.299999999999359446 ) ) ;
#3293 = CARTESIAN_POINT ( 'NONE',  ( 71.84324687164671275, 4.356753128353295423, -9.994777233135124561 ) ) ;
#3294 = CARTESIAN_POINT ( 'NONE',  ( -81.25325973616565989, -20.44796731992289196, -10.00000000000000000 ) ) ;
#3295 = EDGE_CURVE ( 'NONE', #1040, #753, #2283, .T. ) ;
#3296 = CARTESIAN_POINT ( 'NONE',  ( -75.19999999999998863, -1.000000000000000000, 9.300000000000000711 ) ) ;
#3297 = CARTESIAN_POINT ( 'NONE',  ( 76.50830566478526862, -16.91595909571464418, 9.999999999999735323 ) ) ;
#3298 = CARTESIAN_POINT ( 'NONE',  ( -79.20868489591120465, -16.24551366090838656, -9.299999999999998934 ) ) ;
#3299 = ORIENTED_EDGE ( 'NONE', *, *, #3939, .T. ) ;
#3300 = CARTESIAN_POINT ( 'NONE',  ( 76.30726369864312630, 2.483224228240782150, 10.00000000000000178 ) ) ;
#3301 = DIRECTION ( 'NONE',  ( 1.000000000000000000, 0.000000000000000000, 0.000000000000000000 ) ) ;
#3302 = AXIS2_PLACEMENT_3D ( 'NONE', #3315, #1771, #622 ) ;
#3304 =( BOUNDED_CURVE ( )  B_SPLINE_CURVE ( 3, ( #2327, #2717, #3576, #2308 ),
 .UNSPECIFIED., .F., .F. ) 
 B_SPLINE_CURVE_WITH_KNOTS ( ( 4, 4 ),
 ( 1.576849164154070261E-15, 0.6154797086703888143 ),
 .UNSPECIFIED. ) 
 CURVE ( )  GEOMETRIC_REPRESENTATION_ITEM ( )  RATIONAL_B_SPLINE_CURVE ( ( 1.000000000000000000, 0.9686804092476150041, 0.9686804092476150041, 1.000000000000000000 ) ) 
 REPRESENTATION_ITEM ( '' )  );
#3303 = DIRECTION ( 'NONE',  ( 1.000000000000000000, 0.000000000000000000, 0.000000000000000000 ) ) ;
#3305 = VERTEX_POINT ( 'NONE', #2325 ) ;
#3306 = CARTESIAN_POINT ( 'NONE',  ( -71.96026563736981529, 4.239734362630150244, 10.00000000000000000 ) ) ;
#3307 = ORIENTED_EDGE ( 'NONE', *, *, #1381, .F. ) ;
#3308 = CARTESIAN_POINT ( 'NONE',  ( 80.98479131236116757, -19.20473392904250076, -9.300000000000467892 ) ) ;
#3309 = ORIENTED_EDGE ( 'NONE', *, *, #3754, .T. ) ;
#3310 = CARTESIAN_POINT ( 'NONE',  ( -81.85048596506307206, -21.39353402747518373, 9.300000000000000711 ) ) ;
#3311 = CARTESIAN_POINT ( 'NONE',  ( -72.29671371048188178, 4.190308308073467103, 10.00000000000000000 ) ) ;
#3312 = DIRECTION ( 'NONE',  ( -1.000000000000000000, 0.000000000000000000, -1.387778780781444256E-14 ) ) ;
#3313 = CARTESIAN_POINT ( 'NONE',  ( -75.39602210845495733, 3.822169359911160580, -9.300000000000956391 ) ) ;
#3314 = DIRECTION ( 'NONE',  ( 0.000000000000000000, -1.000000000000000000, 0.000000000000000000 ) ) ;
#3315 = CARTESIAN_POINT ( 'NONE',  ( 76.89999999999999147, -16.00000000000000000, -9.300000000000000711 ) ) ;
#3316 = CYLINDRICAL_SURFACE ( 'NONE', #719, 1.999999999999998668 ) ;
#3317 = CARTESIAN_POINT ( 'NONE',  ( 79.43791776423481110, -19.45709261860209338, 10.00000000000000000 ) ) ;
#3318 = CARTESIAN_POINT ( 'NONE',  ( 80.98754635860888129, -19.20751318356676407, 10.00000000000093081 ) ) ;
#3319 = EDGE_CURVE ( 'NONE', #2841, #2501, #1970, .T. ) ;
#3320 = ORIENTED_EDGE ( 'NONE', *, *, #635, .F. ) ;
#3321 = DIRECTION ( 'NONE',  ( 1.210872717221404733E-21, -1.000000000000000000, 0.000000000000000000 ) ) ;
#3322 = AXIS2_PLACEMENT_3D ( 'NONE', #2223, #1825, #3061 ) ;
#3323 = VERTEX_POINT ( 'NONE', #3505 ) ;
#3324 = CARTESIAN_POINT ( 'NONE',  ( 82.51597377796858268, -20.64712531177428190, 9.300000000000000711 ) ) ;
#3325 = VECTOR ( 'NONE', #1505, 1000.000000000000000 ) ;
#3326 = AXIS2_PLACEMENT_3D ( 'NONE', #3691, #3076, #3345 ) ;
#3327 = DIRECTION ( 'NONE',  ( 0.000000000000000000, -1.000000000000000000, 0.000000000000000000 ) ) ;
#3328 = DIRECTION ( 'NONE',  ( 0.000000000000000000, 0.000000000000000000, 1.000000000000000000 ) ) ;
#3329 =( BOUNDED_SURFACE ( )  B_SPLINE_SURFACE ( 3, 2, ( 
 ( #3339, #1565, #3904 ),
 ( #25, #1189, #2405 ),
 ( #1229, #2792, #43 ),
 ( #879, #3054, #2122 ),
 ( #2098, #1815, #1792 ),
 ( #1508, #2733, #1528 ),
 ( #2750, #2447, #921 ),
 ( #984, #3147, #682 ),
 ( #2236, #661, #718 ),
 ( #1946, #2214, #133 ),
 ( #1354, #1333, #1637 ),
 ( #1923, #2871, #2886 ),
 ( #368, #387, #1004 ),
 ( #2569, #89, #2196 ),
 ( #1029, #1315, #3744 ),
 ( #2529, #2513, #3416 ),
 ( #1067, #1369, #3726 ),
 ( #3439, #3708, #427 ),
 ( #3762, #2591, #1961 ),
 ( #3163, #152, #409 ),
 ( #1047, #701, #2258 ),
 ( #3478, #735, #2855 ) ),
 .UNSPECIFIED., .F., .F., .T. ) 
 B_SPLINE_SURFACE_WITH_KNOTS ( ( 4, 2, 2, 2, 2, 2, 2, 2, 2, 2, 4 ),
 ( 3, 3 ),
 ( 0.000000000000000000, 0.0001400262579603499301, 0.0002800525159206998602, 0.0005601050318413997205, 0.001120210063682799441, 0.002240420127365598882, 0.003360630191048398323, 0.004480840254731197764, 0.006721260382096796646, 0.007841470445779596954, 0.008961680509462395527 ),
 ( 0.000000000000000000, 1.000000000000000000 ),
 .UNSPECIFIED. ) 
 GEOMETRIC_REPRESENTATION_ITEM ( )  RATIONAL_B_SPLINE_SURFACE ( (
 ( 1.000000000000000000, 0.7071067811865475727, 1.000000000000000000),
 ( 1.000000000000000000, 0.7071067811865475727, 1.000000000000000000),
 ( 1.000000000000000000, 0.7071067811865466846, 1.000000000000000000),
 ( 1.000000000000000000, 0.7071067811865466846, 1.000000000000000000),
 ( 1.000000000000000000, 0.7071067811865475727, 1.000000000000000000),
 ( 1.000000000000000000, 0.7071067811865475727, 1.000000000000000000),
 ( 1.000000000000000000, 0.7071067811865457964, 1.000000000000000000),
 ( 1.000000000000000000, 0.7071067811865457964, 1.000000000000000000),
 ( 1.000000000000000000, 0.7071067811865483499, 1.000000000000000000),
 ( 1.000000000000000000, 0.7071067811865483499, 1.000000000000000000),
 ( 1.000000000000000000, 0.7071067811865476838, 1.000000000000000000),
 ( 1.000000000000000000, 0.7071067811865476838, 1.000000000000000000),
 ( 1.000000000000000000, 0.7071067811865483499, 1.000000000000000000),
 ( 1.000000000000000000, 0.7071067811865483499, 1.000000000000000000),
 ( 1.000000000000000000, 0.7071067811865475727, 1.000000000000000000),
 ( 1.000000000000000000, 0.7071067811865475727, 1.000000000000000000),
 ( 1.000000000000000000, 0.7071067811865475727, 1.000000000000000000),
 ( 1.000000000000000000, 0.7071067811865475727, 1.000000000000000000),
 ( 1.000000000000000000, 0.7071067811865483499, 1.000000000000000000),
 ( 1.000000000000000000, 0.7071067811865483499, 1.000000000000000000),
 ( 1.000000000000000000, 0.7071067811865475727, 1.000000000000000000),
 ( 1.000000000000000000, 0.7071067811865475727, 1.000000000000000000) ) ) 
 REPRESENTATION_ITEM ( '' )  SURFACE ( )  );
#3330 = ORIENTED_EDGE ( 'NONE', *, *, #3728, .F. ) ;
#3331 = CARTESIAN_POINT ( 'NONE',  ( -77.01833409463890234, -16.36895801396259387, 9.999999999999998224 ) ) ;
#3332 = ORIENTED_EDGE ( 'NONE', *, *, #980, .T. ) ;
#3333 = CARTESIAN_POINT ( 'NONE',  ( 0.000000000000000000, 5.000000000000000000, 0.000000000000000000 ) ) ;
#3334 = B_SPLINE_CURVE_WITH_KNOTS ( 'NONE', 3,
 ( #237, #158, #3537, #2360, #1450, #1073, #3276, #2281, #217, #1396, #3503, #3806, #2303, #3521 ),
 .UNSPECIFIED., .F., .F.,
 ( 4, 2, 2, 2, 2, 2, 4 ),
 ( 0.000000000000000000, 0.001609707222396840462, 0.003219414444793680923, 0.004024268055992084349, 0.004829121667190487341, 0.005633975278388890333, 0.006438828889587293325 ),
 .UNSPECIFIED. ) ;
#3335 = LINE ( 'NONE', #3602, #2051 ) ;
#3336 = DIRECTION ( 'NONE',  ( -0.7464087157008768569, -0.6654878129055165070, 0.000000000000000000 ) ) ;
#3337 = CIRCLE ( 'NONE', #722, 0.3000000000000085931 ) ;
#3338 = CARTESIAN_POINT ( 'NONE',  ( 79.17348749916435224, 0.2612038134265309286, -9.300000000000002487 ) ) ;
#3339 = CARTESIAN_POINT ( 'NONE',  ( 78.49999999999998579, 0.000000000000000000, -10.00000000000000000 ) ) ;
#3340 = CARTESIAN_POINT ( 'NONE',  ( 78.75887433721142372, -17.31665131272459845, 10.00000000000000000 ) ) ;
#3341 = DIRECTION ( 'NONE',  ( -0.000000000000000000, 0.000000000000000000, 1.000000000000000000 ) ) ;
#3342 = CARTESIAN_POINT ( 'NONE',  ( 80.14781704849947630, -18.25510785556236826, 9.300000000000233413 ) ) ;
#3343 = ORIENTED_EDGE ( 'NONE', *, *, #532, .T. ) ;
#3344 = DIRECTION ( 'NONE',  ( -0.000000000000000000, 0.000000000000000000, 1.000000000000000000 ) ) ;
#3345 = DIRECTION ( 'NONE',  ( 0.000000000000000000, 0.000000000000000000, -1.000000000000000000 ) ) ;
#3346 = CARTESIAN_POINT ( 'NONE',  ( 79.26836494186004245, -16.60528052983200453, 9.300000000000000711 ) ) ;
#3347 = EDGE_CURVE ( 'NONE', #2172, #1606, #1416, .T. ) ;
#3348 = CARTESIAN_POINT ( 'NONE',  ( -79.36982009072427502, -16.96270010255761562, 9.299999999999997158 ) ) ;
#3349 = EDGE_CURVE ( 'NONE', #1992, #3265, #1933, .T. ) ;
#3350 = ORIENTED_EDGE ( 'NONE', *, *, #1881, .T. ) ;
#3351 = CARTESIAN_POINT ( 'NONE',  ( -79.14796909723114027, 0.3732561181914638149, 9.300000000000164135 ) ) ;
#3352 = CARTESIAN_POINT ( 'NONE',  ( 82.05013230893472098, -21.16961141276489755, -10.00000000000000000 ) ) ;
#3353 = CARTESIAN_POINT ( 'NONE',  ( 81.64634317377391426, -21.61336514621104499, -10.00000000000000000 ) ) ;
#3354 = CARTESIAN_POINT ( 'NONE',  ( -76.89999999999999147, -1.000000000000000000, -9.300000000000000711 ) ) ;
#3355 = DIRECTION ( 'NONE',  ( 0.000000000000000000, -1.000000000000000000, 0.000000000000000000 ) ) ;
#3356 = CARTESIAN_POINT ( 'NONE',  ( 76.25246642497702965, -16.32895195510030106, -9.300000000000004263 ) ) ;
#3357 = FACE_OUTER_BOUND ( 'NONE', #1266, .T. ) ;
#3358 = CARTESIAN_POINT ( 'NONE',  ( -80.11031621101676592, -19.30514335019122285, 9.999999999999996447 ) ) ;
#3359 = PLANE ( 'NONE',  #300 ) ;
#3360 = ORIENTED_EDGE ( 'NONE', *, *, #258, .F. ) ;
#3361 = DIRECTION ( 'NONE',  ( 0.000000000000000000, 0.000000000000000000, -1.000000000000000000 ) ) ;
#3362 = ORIENTED_EDGE ( 'NONE', *, *, #881, .F. ) ;
#3363 = CARTESIAN_POINT ( 'NONE',  ( 81.64836427272450692, -20.81140052094565718, -10.00000000000000000 ) ) ;
#3364 = CARTESIAN_POINT ( 'NONE',  ( 70.37157287525378990, 3.000000000000000000, -37.00000000000001421 ) ) ;
#3365 = VERTEX_POINT ( 'NONE', #3829 ) ;
#3366 = AXIS2_PLACEMENT_3D ( 'NONE', #657, #3104, #1585 ) ;
#3367 = CARTESIAN_POINT ( 'NONE',  ( -71.78578643762692479, 4.414213562373096700, 0.000000000000000000 ) ) ;
#3368 = ORIENTED_EDGE ( 'NONE', *, *, #852, .F. ) ;
#3369 = CARTESIAN_POINT ( 'NONE',  ( -75.72248411054194150, 2.847917858009438419, 10.00000000000000178 ) ) ;
#3370 = CARTESIAN_POINT ( 'NONE',  ( 79.19999999999998863, -16.00000000000000000, 9.300000000000000711 ) ) ;
#3371 = AXIS2_PLACEMENT_3D ( 'NONE', #789, #2607, #1408 ) ;
#3372 = EDGE_CURVE ( 'NONE', #2389, #1737, #1609, .T. ) ;
#3373 =( NAMED_UNIT ( * ) SI_UNIT ( $, .STERADIAN. ) SOLID_ANGLE_UNIT ( ) );
#3374 = DIRECTION ( 'NONE',  ( 0.000000000000000000, 1.000000000000000000, 0.000000000000000000 ) ) ;
#3375 = DIRECTION ( 'NONE',  ( -1.000000000000000000, 0.000000000000000000, 1.365923996832131609E-16 ) ) ;
#3376 = CARTESIAN_POINT ( 'NONE',  ( -79.19999999999998863, -16.00000000000002132, 10.00000000000000000 ) ) ;
#3377 = CARTESIAN_POINT ( 'NONE',  ( 46.52385762508477995, 26.84771525016910587, 7.323857625084563949 ) ) ;
#3378 = CARTESIAN_POINT ( 'NONE',  ( 82.05013230893472098, -21.16961141276489755, -9.300000000000000711 ) ) ;
#3379 = AXIS2_PLACEMENT_3D ( 'NONE', #2213, #1604, #3375 ) ;
#3380 = CARTESIAN_POINT ( 'NONE',  ( 76.19999999999998863, -1.000000000000000000, 9.300000000000000711 ) ) ;
#3381 = ORIENTED_EDGE ( 'NONE', *, *, #1727, .T. ) ;
#3382 = CARTESIAN_POINT ( 'NONE',  ( 70.56432550960843741, 0.000000000000000000, 36.99999999999998579 ) ) ;
#3383 = CARTESIAN_POINT ( 'NONE',  ( -81.85048596506307206, -21.39353402747518373, 9.300000000000000711 ) ) ;
#3384 = DIRECTION ( 'NONE',  ( 0.7071067811865465735, -0.7071067811865485719, 9.462988938997772886E-16 ) ) ;
#3385 = CIRCLE ( 'NONE', #2176, 1.000000000000000888 ) ;
#3386 = CARTESIAN_POINT ( 'NONE',  ( -71.20000000000000284, 4.999999999999976907, 9.300000000000000711 ) ) ;
#3387 = EDGE_LOOP ( 'NONE', ( #3696, #1482, #3448, #1182 ) ) ;
#3388 = CARTESIAN_POINT ( 'NONE',  ( -75.64456210426995142, 0.5554378957300579733, -10.00000000000000533 ) ) ;
#3389 = AXIS2_PLACEMENT_3D ( 'NONE', #3745, #3712, #1566 ) ;
#3390 = CARTESIAN_POINT ( 'NONE',  ( -79.37085546912059897, -20.39061501058090187, -10.00000000000053468 ) ) ;
#3391 = VECTOR ( 'NONE', #3906, 999.9999999999998863 ) ;
#3392 = CIRCLE ( 'NONE', #1666, 2.000000000000000000 ) ;
#3393 = CARTESIAN_POINT ( 'NONE',  ( 76.20307692756352935, -16.07135518036030675, 9.300000000000000711 ) ) ;
#3394 = EDGE_CURVE ( 'NONE', #2497, #15, #161, .T. ) ;
#3395 = CARTESIAN_POINT ( 'NONE',  ( -77.62951689484248163, -17.35412099415431797, 10.00000000000000000 ) ) ;
#3396 = EDGE_CURVE ( 'NONE', #3834, #452, #1441, .T. ) ;
#3397 = CYLINDRICAL_SURFACE ( 'NONE', #1978, 0.6999999999999992895 ) ;
#3398 = DIRECTION ( 'NONE',  ( 0.000000000000000000, 0.7071067811865497932, 0.7071067811865452413 ) ) ;
#3399 = FACE_OUTER_BOUND ( 'NONE', #1413, .T. ) ;
#3400 = EDGE_CURVE ( 'NONE', #3878, #819, #3818, .T. ) ;
#3401 = CARTESIAN_POINT ( 'NONE',  ( -76.20233297670590389, -16.06252424193155548, 9.300000000000002487 ) ) ;
#3402 = DIRECTION ( 'NONE',  ( -1.000000000000000000, 0.000000000000000000, 0.000000000000000000 ) ) ;
#3403 = ORIENTED_EDGE ( 'NONE', *, *, #2746, .T. ) ;
#3404 = CYLINDRICAL_SURFACE ( 'NONE', #3288, 2.000000000000001776 ) ;
#3405 = CARTESIAN_POINT ( 'NONE',  ( 78.27809805420683631, 1.753942159110309706, 10.00000000000065015 ) ) ;
#3406 = LINE ( 'NONE', #2538, #2885 ) ;
#3407 = VERTEX_POINT ( 'NONE', #1698 ) ;
#3408 = VERTEX_POINT ( 'NONE', #3468 ) ;
#3409 = CARTESIAN_POINT ( 'NONE',  ( -77.99173106824616752, 2.050512505695674115, 10.00000000000000178 ) ) ;
#3410 = CARTESIAN_POINT ( 'NONE',  ( -81.17000999409920325, -22.12630442326145541, -10.00000000000000178 ) ) ;
#3411 = CARTESIAN_POINT ( 'NONE',  ( -71.20000000000003126, 5.000000000000000000, 0.000000000000000000 ) ) ;
#3412 =( LENGTH_UNIT ( ) NAMED_UNIT ( * ) SI_UNIT ( .MILLI., .METRE. ) );
#3413 = DIRECTION ( 'NONE',  ( -0.000000000000000000, 0.000000000000000000, 1.000000000000000000 ) ) ;
#3414 = CARTESIAN_POINT ( 'NONE',  ( 74.42198742495807551, 4.267423553159554572, 9.300000000000000711 ) ) ;
#3415 = CARTESIAN_POINT ( 'NONE',  ( 76.89999999999999147, -1.000000000000000000, 10.00000000000000000 ) ) ;
#3416 = CARTESIAN_POINT ( 'NONE',  ( 75.04989720845549073, 4.010145992614462251, -9.300000000000640199 ) ) ;
#3417 = AXIS2_PLACEMENT_3D ( 'NONE', #69, #390, #1293 ) ;
#3418 = DIRECTION ( 'NONE',  ( -1.000000000000000000, 0.000000000000000000, 0.000000000000000000 ) ) ;
#3419 = EDGE_CURVE ( 'NONE', #375, #3262, #2239, .T. ) ;
#3420 = CARTESIAN_POINT ( 'NONE',  ( -76.20573739062243135, -16.09934885611559352, 9.299999999999997158 ) ) ;
#3421 = CARTESIAN_POINT ( 'NONE',  ( 76.19999999999991758, -16.00000000000000000, 5.000000000000002665 ) ) ;
#3422 = CARTESIAN_POINT ( 'NONE',  ( -78.50000000125669430, -16.27234708627445059, -10.00000000000000000 ) ) ;
#3423 = ORIENTED_EDGE ( 'NONE', *, *, #1986, .T. ) ;
#3424 = ADVANCED_FACE ( 'NONE', ( #3791 ), #1075, .T. ) ;
#3425 = CARTESIAN_POINT ( 'NONE',  ( 71.57397232878128079, 4.287148264606744696, 10.00000000000000000 ) ) ;
#3426 = FACE_OUTER_BOUND ( 'NONE', #2126, .T. ) ;
#3427 = ORIENTED_EDGE ( 'NONE', *, *, #1451, .T. ) ;
#3428 = ORIENTED_EDGE ( 'NONE', *, *, #3219, .F. ) ;
#3429 = ORIENTED_EDGE ( 'NONE', *, *, #986, .F. ) ;
#3430 = CARTESIAN_POINT ( 'NONE',  ( -75.04989720886685234, 4.010145993372137063, 9.999999999999364064 ) ) ;
#3431 = CARTESIAN_POINT ( 'NONE',  ( 75.81708104200079390, 0.000000000000000000, -9.817907969134752832 ) ) ;
#3432 = B_SPLINE_CURVE_WITH_KNOTS ( 'NONE', 3,
 ( #2770, #329, #901, #2487, #3684, #2464 ),
 .UNSPECIFIED., .F., .F.,
 ( 4, 2, 4 ),
 ( -6.324555320383444297E-06, 0.0005917313576663940774, 0.001189787270653171625 ),
 .UNSPECIFIED. ) ;
#3433 = CARTESIAN_POINT ( 'NONE',  ( 75.02842712474617315, 0.000000000000000000, -37.00000000000002132 ) ) ;
#3434 = B_SPLINE_CURVE_WITH_KNOTS ( 'NONE', 3,
 ( #766, #3854, #299, #1479, #3346, #2739, #3282, #3931, #611, #3911, #3636, #1178, #913, #3324 ),
 .UNSPECIFIED., .F., .F.,
 ( 4, 2, 2, 2, 2, 2, 4 ),
 ( -5.999999998961965881E-08, 0.0003645769800515736691, 0.0007292139601031368988, 0.001458487920206263467, 0.002917035840412525709, 0.004375583760618788169, 0.005834131680825050195 ),
 .UNSPECIFIED. ) ;
#3435 = CIRCLE ( 'NONE', #3615, 2.000000000000001776 ) ;
#3436 = CARTESIAN_POINT ( 'NONE',  ( -77.06634183767293678, -17.77014089811613218, 9.999999999998394173 ) ) ;
#3437 =( BOUNDED_SURFACE ( )  B_SPLINE_SURFACE ( 3, 2, ( 
 ( #1146, #773, #1692 ),
 ( #474, #2665, #738 ),
 ( #3176, #445, #2927 ),
 ( #1982, #3499, #1372 ),
 ( #3786, #3801, #1125 ),
 ( #754, #1070, #1964 ),
 ( #172, #2645, #1731 ),
 ( #2278, #3548, #191 ),
 ( #459, #3249, #3861 ),
 ( #1674, #2908, #2888 ),
 ( #2004, #1390, #511 ),
 ( #1087, #2296, #3514 ),
 ( #1106, #3212, #1409 ),
 ( #2627, #3820, #811 ),
 ( #2035, #229, #897 ),
 ( #531, #3641, #22 ),
 ( #1464, #833, #2355 ),
 ( #3567, #2058, #1203 ),
 ( #1768, #2745, #1486 ),
 ( #2401, #309, #3587 ),
 ( #1835, #1524, #288 ),
 ( #2420, #874, #1812 ),
 ( #1788, #3271, #3290 ),
 ( #3353, #3938, #3005 ) ),
 .UNSPECIFIED., .F., .F., .F. ) 
 B_SPLINE_SURFACE_WITH_KNOTS ( ( 4, 2, 2, 2, 2, 2, 2, 2, 2, 2, 2, 4 ),
 ( 3, 3 ),
 ( -3.252606517456513302E-18, 7.271136882699632589E-06, 1.454227376540251778E-05, 2.908454753080828818E-05, 5.816909506161982896E-05, 0.0001163381901232429105, 0.0002326763802464890736, 0.0004653527604929813999, 0.0009307055209859660524, 0.001861411041971935357, 0.003722822083943873751, 0.007445644167887750971 ),
 ( 0.000000000000000000, 1.000000000000000000 ),
 .UNSPECIFIED. ) 
 GEOMETRIC_REPRESENTATION_ITEM ( )  RATIONAL_B_SPLINE_SURFACE ( (
 ( 1.000000000000000000, 0.7071067811865475727, 1.000000000000000000),
 ( 1.000000000000000000, 0.7071067811865475727, 1.000000000000000000),
 ( 1.000000000000000000, 0.7071067811865475727, 1.000000000000000000),
 ( 1.000000000000000000, 0.7071067811865475727, 1.000000000000000000),
 ( 1.000000000000000000, 0.7071067811865475727, 1.000000000000000000),
 ( 1.000000000000000000, 0.7071067811865475727, 1.000000000000000000),
 ( 1.000000000000000000, 0.7071067811865475727, 1.000000000000000000),
 ( 1.000000000000000000, 0.7071067811865475727, 1.000000000000000000),
 ( 1.000000000000000000, 0.7071067811865483499, 1.000000000000000000),
 ( 1.000000000000000000, 0.7071067811865483499, 1.000000000000000000),
 ( 1.000000000000000000, 0.7071067811865475727, 1.000000000000000000),
 ( 1.000000000000000000, 0.7071067811865475727, 1.000000000000000000),
 ( 1.000000000000000000, 0.7071067811865466846, 1.000000000000000000),
 ( 1.000000000000000000, 0.7071067811865466846, 1.000000000000000000),
 ( 1.000000000000000000, 0.7071067811865475727, 1.000000000000000000),
 ( 1.000000000000000000, 0.7071067811865475727, 1.000000000000000000),
 ( 1.000000000000000000, 0.7071067811865475727, 1.000000000000000000),
 ( 1.000000000000000000, 0.7071067811865475727, 1.000000000000000000),
 ( 1.000000000000000000, 0.7071067811865466846, 1.000000000000000000),
 ( 1.000000000000000000, 0.7071067811865466846, 1.000000000000000000),
 ( 1.000000000000000000, 0.7071067811865466846, 1.000000000000000000),
 ( 1.000000000000000000, 0.7071067811865466846, 1.000000000000000000),
 ( 1.000000000000000000, 0.7071067811865462405, 1.000000000000000000),
 ( 1.000000000000000000, 0.7071067811865462405, 1.000000000000000000) ) ) 
 REPRESENTATION_ITEM ( '' )  SURFACE ( )  );
#3438 = LINE ( 'NONE', #938, #2685 ) ;
#3439 = CARTESIAN_POINT ( 'NONE',  ( 73.03220331246828323, 4.010296534146741365, -10.00000000000000178 ) ) ;
#3440 = ORIENTED_EDGE ( 'NONE', *, *, #2075, .T. ) ;
#3441 = FACE_OUTER_BOUND ( 'NONE', #559, .T. ) ;
#3442 = LINE ( 'NONE', #1336, #1113 ) ;
#3443 = CARTESIAN_POINT ( 'NONE',  ( -76.19999999999998863, 0.000000000000000000, -4.999999999999997335 ) ) ;
#3444 = CARTESIAN_POINT ( 'NONE',  ( 76.91095626098120874, -16.07741264897371991, -9.999999999999994671 ) ) ;
#3445 = CARTESIAN_POINT ( 'NONE',  ( 74.74890641744178765, 3.358882618605900650, 9.999999999999998224 ) ) ;
#3446 = FACE_OUTER_BOUND ( 'NONE', #1346, .T. ) ;
#3447 = EDGE_CURVE ( 'NONE', #2053, #1597, #2953, .T. ) ;
#3448 = ORIENTED_EDGE ( 'NONE', *, *, #1569, .F. ) ;
#3449 = ORIENTED_EDGE ( 'NONE', *, *, #281, .T. ) ;
#3450 = CYLINDRICAL_SURFACE ( 'NONE', #2229, 2.000000000000001776 ) ;
#3451 = EDGE_CURVE ( 'NONE', #3654, #2172, #219, .T. ) ;
#3452 = DIRECTION ( 'NONE',  ( -0.000000000000000000, -0.000000000000000000, -1.000000000000000000 ) ) ;
#3453 = EDGE_LOOP ( 'NONE', ( #842, #3874, #3619, #865 ) ) ;
#3454 = CARTESIAN_POINT ( 'NONE',  ( 70.92873576987794593, 4.926009459127563161, 9.624408355593425668 ) ) ;
#3455 = AXIS2_PLACEMENT_3D ( 'NONE', #2720, #244, #3894 ) ;
#3456 = CARTESIAN_POINT ( 'NONE',  ( 76.91136137019127261, -16.07676447888611193, 10.00000000000000000 ) ) ;
#3457 = CARTESIAN_POINT ( 'NONE',  ( -76.87230950299539245, -17.50417258067452408, 9.999999999998928857 ) ) ;
#3458 = CARTESIAN_POINT ( 'NONE',  ( -72.23686108050280552, 4.907120897977835128, -9.299999999999998934 ) ) ;
#3459 = CIRCLE ( 'NONE', #2118, 1.700000000000007061 ) ;
#3460 = CARTESIAN_POINT ( 'NONE',  ( 79.40706991949571147, -17.04913108264928567, 9.299999999999768008 ) ) ;
#3461 = DIRECTION ( 'NONE',  ( 0.000000000000000000, 0.000000000000000000, -1.000000000000000000 ) ) ;
#3462 = CARTESIAN_POINT ( 'NONE',  ( 79.13683630633805421, 0.4159413033454134045, 9.300000000000000711 ) ) ;
#3463 = FACE_OUTER_BOUND ( 'NONE', #259, .T. ) ;
#3464 = CARTESIAN_POINT ( 'NONE',  ( -72.04212293009526036, 4.938328130434069152, -9.999999999999356959 ) ) ;
#3465 = VECTOR ( 'NONE', #2725, 1000.000000000000000 ) ;
#3466 = DIRECTION ( 'NONE',  ( -0.7071067811865511255, -0.7071067811865441310, 0.000000000000000000 ) ) ;
#3467 = CARTESIAN_POINT ( 'NONE',  ( 73.95992131823801685, 4.445020890650432932, 9.999999999999998224 ) ) ;
#3468 = CARTESIAN_POINT ( 'NONE',  ( -71.78578643762692479, 4.414213562373096700, 9.983686643913047831 ) ) ;
#3469 = CARTESIAN_POINT ( 'NONE',  ( -71.63789256884317069, 4.999999954704771099, 10.00000000000031974 ) ) ;
#3470 = VERTEX_POINT ( 'NONE', #3848 ) ;
#3471 = ORIENTED_EDGE ( 'NONE', *, *, #2107, .F. ) ;
#3472 = CARTESIAN_POINT ( 'NONE',  ( -76.90389460112191955, -16.03862755910441606, -10.00000000000000533 ) ) ;
#3473 = ADVANCED_FACE ( 'NONE', ( #1136 ), #2024, .F. ) ;
#3474 = EDGE_CURVE ( 'NONE', #3830, #15, #433, .T. ) ;
#3475 = CARTESIAN_POINT ( 'NONE',  ( -76.44297735037179109, -16.79014571266000999, -9.300000000000000711 ) ) ;
#3476 = CARTESIAN_POINT ( 'NONE',  ( 77.29156197652736182, 2.642997443247696587, 9.300000000000000711 ) ) ;
#3477 = CARTESIAN_POINT ( 'NONE',  ( -71.72315018998953917, 4.974502654077411989, -9.300000000000000711 ) ) ;
#3478 = CARTESIAN_POINT ( 'NONE',  ( 71.20000000000000284, 4.299999999999999822, -10.00000000000000178 ) ) ;
#3479 = CARTESIAN_POINT ( 'NONE',  ( 79.18546721078386952, 0.2108973642995739251, 9.299999999999995381 ) ) ;
#3480 = ORIENTED_EDGE ( 'NONE', *, *, #755, .F. ) ;
#3481 = DIRECTION ( 'NONE',  ( -0.000000000000000000, -0.000000000000000000, -1.000000000000000000 ) ) ;
#3482 = CARTESIAN_POINT ( 'NONE',  ( -70.56432550960846584, 3.585786437626980572, 30.58578643762681892 ) ) ;
#3483 = CARTESIAN_POINT ( 'NONE',  ( -70.37157287525380411, 3.000000000000000444, -37.00000000000000000 ) ) ;
#3484 = DIRECTION ( 'NONE',  ( -0.000000000000000000, 0.000000000000000000, 1.000000000000000000 ) ) ;
#3485 = B_SPLINE_CURVE_WITH_KNOTS ( 'NONE', 3,
 ( #1708, #3836, #167, #2331, #2604, #471, #1689, #226, #1976, #3475, #733, #1649, #3815, #148, #1065, #2273 ),
 .UNSPECIFIED., .F., .F.,
 ( 4, 2, 2, 2, 2, 2, 2, 4 ),
 ( 0.000000000000000000, 0.001995644519850186312, 0.003991289039700372625, 0.005986933559550559371, 0.006984755819475652744, 0.007483666949438198129, 0.007733122514419468220, 0.007982578079400736576 ),
 .UNSPECIFIED. ) ;
#3486 = CARTESIAN_POINT ( 'NONE',  ( 77.50384604326494298, 1.538949074494983416, 10.00000000000000178 ) ) ;
#3487 = CARTESIAN_POINT ( 'NONE',  ( -79.20000000000000284, -16.00000000000002132, 10.00000000000000178 ) ) ;
#3488 = AXIS2_PLACEMENT_3D ( 'NONE', #334, #3669, #3361 ) ;
#3489 = ORIENTED_EDGE ( 'NONE', *, *, #876, .F. ) ;
#3490 = ORIENTED_EDGE ( 'NONE', *, *, #619, .T. ) ;
#3491 = CARTESIAN_POINT ( 'NONE',  ( -76.20082972024248136, -16.03795046175563144, -10.00000000000001066 ) ) ;
#3492 = CARTESIAN_POINT ( 'NONE',  ( -78.49999999999998579, -16.00000000000002132, -10.00000000000000000 ) ) ;
#3493 = VERTEX_POINT ( 'NONE', #1619 ) ;
#3494 = ADVANCED_FACE ( 'NONE', ( #1306 ), #2631, .T. ) ;
#3495 = CARTESIAN_POINT ( 'NONE',  ( 71.60352804756260525, 4.580052012313434950, -9.938189069470674042 ) ) ;
#3496 = ADVANCED_FACE ( 'NONE', ( #1327 ), #2106, .T. ) ;
#3497 = EDGE_LOOP ( 'NONE', ( #2011, #1117, #202, #3668 ) ) ;
#3498 = AXIS2_PLACEMENT_3D ( 'NONE', #1468, #2688, #1394 ) ;
#3499 = CARTESIAN_POINT ( 'NONE',  ( 76.20233109084927037, -16.06252435826161928, -10.00000000000000178 ) ) ;
#3500 = CARTESIAN_POINT ( 'NONE',  ( -76.26559511607486286, -16.36818358221788472, 9.299999999999933209 ) ) ;
#3501 = CARTESIAN_POINT ( 'NONE',  ( 79.19999999999998863, -16.00000000000000000, -9.300000000000000711 ) ) ;
#3502 = CARTESIAN_POINT ( 'NONE',  ( 0.000000000000000000, 0.000000000000000000, 10.00000000000000000 ) ) ;
#3503 = CARTESIAN_POINT ( 'NONE',  ( -78.66222379564462130, -17.05993917710883423, -10.00000000000000178 ) ) ;
#3504 = DIRECTION ( 'NONE',  ( -0.7071067811865501263, -0.7071067811865447972, 0.000000000000000000 ) ) ;
#3505 = CARTESIAN_POINT ( 'NONE',  ( -79.19999999999998863, -11.00000000000000000, -4.999999999999997335 ) ) ;
#3506 = B_SPLINE_CURVE_WITH_KNOTS ( 'NONE', 3,
 ( #3866, #253, #3572, #2915 ),
 .UNSPECIFIED., .F., .F.,
 ( 4, 4 ),
 ( 1.876390332415650686E-17, 0.0002458704891987483258 ),
 .UNSPECIFIED. ) ;
#3507 = ORIENTED_EDGE ( 'NONE', *, *, #1833, .F. ) ;
#3508 = ORIENTED_EDGE ( 'NONE', *, *, #3222, .F. ) ;
#3509 = CARTESIAN_POINT ( 'NONE',  ( -76.26526982287501255, -16.36716705275706829, -9.300000000000002487 ) ) ;
#3510 = AXIS2_PLACEMENT_3D ( 'NONE', #2518, #1239, #359 ) ;
#3511 = CARTESIAN_POINT ( 'NONE',  ( -79.19999999999998863, 0.000000000000000000, 9.300000000000000711 ) ) ;
#3512 = EDGE_CURVE ( 'NONE', #2021, #3305, #3694, .T. ) ;
#3513 = ORIENTED_EDGE ( 'NONE', *, *, #308, .T. ) ;
#3514 = CARTESIAN_POINT ( 'NONE',  ( 76.26559511607480601, -16.36818358221773195, -9.300000000000034461 ) ) ;
#3515 = EDGE_CURVE ( 'NONE', #2353, #3575, #464, .T. ) ;
#3516 = CARTESIAN_POINT ( 'NONE',  ( 76.89999999999999147, -16.00000000000000000, 10.00000000000000000 ) ) ;
#3517 = CARTESIAN_POINT ( 'NONE',  ( 76.19999999999998863, 0.000000000000000000, 36.99999999999998579 ) ) ;
#3518 = DIRECTION ( 'NONE',  ( -0.000000000000000000, 0.000000000000000000, -1.000000000000000000 ) ) ;
#3519 = EDGE_CURVE ( 'NONE', #2433, #3794, #3256, .T. ) ;
#3520 = ORIENTED_EDGE ( 'NONE', *, *, #3896, .T. ) ;
#3521 = CARTESIAN_POINT ( 'NONE',  ( -78.49999999999998579, -16.00000000000002132, -10.00000000000000000 ) ) ;
#3522 = CARTESIAN_POINT ( 'NONE',  ( 77.44523128521487365, -17.10056769161093371, 10.00000000000000355 ) ) ;
#3523 = CARTESIAN_POINT ( 'NONE',  ( 79.19999999999998863, -16.00000000000000000, 9.999999999999994671 ) ) ;
#3524 = ORIENTED_EDGE ( 'NONE', *, *, #1709, .F. ) ;
#3525 = B_SPLINE_CURVE_WITH_KNOTS ( 'NONE', 3,
 ( #705, #990, #724, #741, #2859, #3202, #448, #415, #2200, #120, #1339, #1658, #2535, #3444, #2893, #156 ),
 .UNSPECIFIED., .F., .F.,
 ( 4, 2, 2, 2, 2, 2, 2, 4 ),
 ( 0.000000000000000000, 0.003704736541805850325, 0.005557104812708757273, 0.006483288948160194701, 0.006946381015885908644, 0.007177927049748770820, 0.007293700066680205811, 0.007409473083611639935 ),
 .UNSPECIFIED. ) ;
#3526 = FACE_OUTER_BOUND ( 'NONE', #3120, .T. ) ;
#3527 = VECTOR ( 'NONE', #1462, 1000.000000000000000 ) ;
#3528 = ORIENTED_EDGE ( 'NONE', *, *, #2075, .F. ) ;
#3529 = CARTESIAN_POINT ( 'NONE',  ( -76.38269844158956801, -16.66265449200193061, -9.999999999999927169 ) ) ;
#3530 = CARTESIAN_POINT ( 'NONE',  ( -77.90129445397133168, -18.81443438280412295, 9.300000000000002487 ) ) ;
#3531 = ORIENTED_EDGE ( 'NONE', *, *, #3372, .F. ) ;
#3532 = CARTESIAN_POINT ( 'NONE',  ( 79.20000000000000284, -17.69064839673690415, -9.300000000000000711 ) ) ;
#3533 = CARTESIAN_POINT ( 'NONE',  ( -77.76775105902441965, 1.274377688995235847, -10.00000000000000178 ) ) ;
#3534 = CARTESIAN_POINT ( 'NONE',  ( -80.63020148267807485, -18.83507576031943387, -10.00000000000046896 ) ) ;
#3535 = EDGE_CURVE ( 'NONE', #1829, #3080, #2951, .T. ) ;
#3536 = VERTEX_POINT ( 'NONE', #536 ) ;
#3537 = CARTESIAN_POINT ( 'NONE',  ( -81.25325973739238350, -20.44796731871888440, -10.00000000000000000 ) ) ;
#3538 = CARTESIAN_POINT ( 'NONE',  ( 79.05221036057571382, 0.6483086058455194145, 9.300000000000162359 ) ) ;
#3539 = CARTESIAN_POINT ( 'NONE',  ( 78.19363231589659335, -18.08384950723875306, 10.00000000000000000 ) ) ;
#3540 = CARTESIAN_POINT ( 'NONE',  ( 71.20000000000000284, 4.999999999999997335, 10.00000000000000000 ) ) ;
#3541 = EDGE_CURVE ( 'NONE', #3305, #1184, #2932, .T. ) ;
#3542 = ORIENTED_EDGE ( 'NONE', *, *, #1006, .T. ) ;
#3543 = EDGE_CURVE ( 'NONE', #1033, #444, #2064, .T. ) ;
#3544 = AXIS2_PLACEMENT_3D ( 'NONE', #963, #2279, #1966 ) ;
#3545 = CARTESIAN_POINT ( 'NONE',  ( -76.21719212636030250, -16.17559027356542245, -10.00000000000003197 ) ) ;
#3546 = DIRECTION ( 'NONE',  ( 0.000000000000000000, -0.000000000000000000, -1.000000000000000000 ) ) ;
#3547 = DIRECTION ( 'NONE',  ( -0.000000000000000000, -0.000000000000000000, 1.000000000000000000 ) ) ;
#3548 = CARTESIAN_POINT ( 'NONE',  ( 76.21334737207003229, -16.15463276663974312, -9.999999999999966249 ) ) ;
#3549 = CARTESIAN_POINT ( 'NONE',  ( -78.69296228109909919, 1.259558692154796100, -9.300000000000000711 ) ) ;
#3550 = CARTESIAN_POINT ( 'NONE',  ( 82.51597377796858268, -20.64712531177428190, -9.300000000000000711 ) ) ;
#3551 = CARTESIAN_POINT ( 'NONE',  ( 0.000000000000000000, 0.000000000000000000, 10.00000000000000000 ) ) ;
#3552 = DIRECTION ( 'NONE',  ( -9.106159978880878627E-17, 0.000000000000000000, -1.000000000000000000 ) ) ;
#3553 = ORIENTED_EDGE ( 'NONE', *, *, #3627, .T. ) ;
#3554 = DIRECTION ( 'NONE',  ( 1.000000000000000000, 0.000000000000000000, -1.365923996832131609E-16 ) ) ;
#3555 = FACE_OUTER_BOUND ( 'NONE', #1276, .T. ) ;
#3556 = CARTESIAN_POINT ( 'NONE',  ( 76.87065816475868019, -17.50181699087124088, 9.299999999999734257 ) ) ;
#3557 = CARTESIAN_POINT ( 'NONE',  ( -81.08911422947080894, -19.30981940138487829, -9.299999999999998934 ) ) ;
#3558 = EDGE_LOOP ( 'NONE', ( #3121, #453, #2599, #3362, #2619, #1363 ) ) ;
#3559 = CARTESIAN_POINT ( 'NONE',  ( 76.19999999999998863, 0.000000000000000000, -4.999999999999997335 ) ) ;
#3560 = EDGE_CURVE ( 'NONE', #395, #2841, #3334, .T. ) ;
#3561 = DIRECTION ( 'NONE',  ( 0.000000000000000000, -1.000000000000000000, 0.000000000000000000 ) ) ;
#3562 = CARTESIAN_POINT ( 'NONE',  ( 78.49999999999994316, -11.00000000000000000, -4.999999999999997335 ) ) ;
#3563 = EDGE_CURVE ( 'NONE', #1702, #3493, #102, .T. ) ;
#3564 = DIRECTION ( 'NONE',  ( 0.000000000000000000, -1.000000000000000000, -3.469446951953614682E-16 ) ) ;
#3565 = CIRCLE ( 'NONE', #139, 0.3000000000000085931 ) ;
#3566 = CARTESIAN_POINT ( 'NONE',  ( -79.19999999999998863, -1.939840529849406577E-14, 9.300000000000000711 ) ) ;
#3567 = CARTESIAN_POINT ( 'NONE',  ( 77.44677061884178215, -17.10277163346406937, -9.999999999999998224 ) ) ;
#3568 = CARTESIAN_POINT ( 'NONE',  ( -77.37380310499898428, 2.580435196731178049, -10.00000000000032152 ) ) ;
#3569 = CARTESIAN_POINT ( 'NONE',  ( -71.69720890049983097, 4.502791099500195848, 9.966590060928133710 ) ) ;
#3570 = CARTESIAN_POINT ( 'NONE',  ( -79.59831216622401939, -18.68911047618454191, -10.00000000000000178 ) ) ;
#3571 = AXIS2_PLACEMENT_3D ( 'NONE', #2934, #1035, #141 ) ;
#3572 = CARTESIAN_POINT ( 'NONE',  ( -71.84324687164671275, 4.356753128353312299, -9.994777233135117456 ) ) ;
#3573 = CARTESIAN_POINT ( 'NONE',  ( 82.12041176224043681, -20.29444762302538052, 9.299999999998600941 ) ) ;
#3574 = PRESENTATION_LAYER_ASSIGNMENT (  '', '', ( #79 ) ) ;
#3575 = VERTEX_POINT ( 'NONE', #860 ) ;
#3576 = CARTESIAN_POINT ( 'NONE',  ( 76.02139756207418486, 0.000000000000000000, 32.17860243792577535 ) ) ;
#3577 = ORIENTED_EDGE ( 'NONE', *, *, #2, .F. ) ;
#3578 = VERTEX_POINT ( 'NONE', #1190 ) ;
#3579 = CARTESIAN_POINT ( 'NONE',  ( 76.19999999999998863, 0.000000000000000000, -35.00000000000000711 ) ) ;
#3580 = DIRECTION ( 'NONE',  ( -0.5773502691896236216, -0.5773502691896251759, 0.5773502691896282846 ) ) ;
#3581 = EDGE_CURVE ( 'NONE', #3648, #3830, #2233, .T. ) ;
#3582 = VERTEX_POINT ( 'NONE', #605 ) ;
#3583 = CARTESIAN_POINT ( 'NONE',  ( 82.12006409329812584, -20.29413764614653459, -9.299999999996732214 ) ) ;
#3584 = DIRECTION ( 'NONE',  ( 0.000000000000000000, -0.000000000000000000, -1.000000000000000000 ) ) ;
#3585 = ADVANCED_FACE ( 'NONE', ( #3609 ), #2406, .T. ) ;
#3586 = DIRECTION ( 'NONE',  ( 0.000000000000000000, 1.000000000000000000, 0.000000000000000000 ) ) ;
#3587 = CARTESIAN_POINT ( 'NONE',  ( 77.66134440556778884, -18.53948879368595470, -9.299999999998934896 ) ) ;
#3588 = CARTESIAN_POINT ( 'NONE',  ( -77.05799339909465573, 2.815626907256814082, -9.300000000000316902 ) ) ;
#3589 = CARTESIAN_POINT ( 'NONE',  ( 77.46541607683002439, -18.30624405541529143, 9.300000000000002487 ) ) ;
#3590 = CARTESIAN_POINT ( 'NONE',  ( -81.73220837638967851, -19.93723764653553943, -9.999999999999069189 ) ) ;
#3591 = CARTESIAN_POINT ( 'NONE',  ( 78.66222379564463552, -17.05993917710881647, 10.00000000000000000 ) ) ;
#3592 = CARTESIAN_POINT ( 'NONE',  ( -79.19999999999998863, -1.939840445088316431E-14, 9.300000000000000711 ) ) ;
#3593 = CARTESIAN_POINT ( 'NONE',  ( 70.92875798130043563, 4.926002202762383320, -9.624420633282477766 ) ) ;
#3594 = ORIENTED_EDGE ( 'NONE', *, *, #3821, .T. ) ;
#3595 = CARTESIAN_POINT ( 'NONE',  ( -71.20000000000003126, 5.000000000000000000, 0.000000000000000000 ) ) ;
#3596 = ORIENTED_EDGE ( 'NONE', *, *, #1525, .T. ) ;
#3597 = LINE ( 'NONE', #867, #1544 ) ;
#3598 = EDGE_LOOP ( 'NONE', ( #3577, #2295, #3869, #595 ) ) ;
#3599 = CARTESIAN_POINT ( 'NONE',  ( -78.50000000000000000, 0.08728776962894609082, -10.00000000000000000 ) ) ;
#3600 = VERTEX_POINT ( 'NONE', #2689 ) ;
#3601 = CARTESIAN_POINT ( 'NONE',  ( -76.93196796153199557, -16.15207311135154455, 10.00000000000000355 ) ) ;
#3602 = CARTESIAN_POINT ( 'NONE',  ( -79.19999999999998863, 0.000000000000000000, 5.000000000000002665 ) ) ;
#3603 = EDGE_CURVE ( 'NONE', #608, #2706, #2500, .T. ) ;
#3604 = B_SPLINE_CURVE_WITH_KNOTS ( 'NONE', 3,
 ( #3237, #2937, #1437, #2694, #561, #802, #201, #1096, #257, #2957, #3280, #3300, #222, #276, #1177, #864, #2636, #3831, #2085, #1496 ),
 .UNSPECIFIED., .F., .F.,
 ( 4, 2, 2, 2, 2, 2, 2, 2, 2, 4 ),
 ( 0.000000000000000000, 0.0002575227118832549189, 0.0005150454237665098378, 0.001030090847533019893, 0.002060181695066039351, 0.003090272542599058810, 0.004120363390132078703, 0.006180545085198118488, 0.007210635932731138814, 0.008240726780264159140 ),
 .UNSPECIFIED. ) ;
#3605 = CARTESIAN_POINT ( 'NONE',  ( -78.82249689908218215, 1.078737442830517645, -9.300000000000320455 ) ) ;
#3606 = EDGE_CURVE ( 'NONE', #99, #3323, #3626, .T. ) ;
#3607 = CARTESIAN_POINT ( 'NONE',  ( 76.19999999999998863, -16.00000000000000000, 9.300000000000000711 ) ) ;
#3608 = CARTESIAN_POINT ( 'NONE',  ( 76.27863594137070891, -16.40815643323437811, -9.300000000000002487 ) ) ;
#3609 = FACE_OUTER_BOUND ( 'NONE', #890, .T. ) ;
#3610 = DIRECTION ( 'NONE',  ( 0.7071067811865467956, -0.7071067811865483499, 0.000000000000000000 ) ) ;
#3611 = CARTESIAN_POINT ( 'NONE',  ( 80.26090064884870401, -21.27078618612826943, 9.999999999998930633 ) ) ;
#3612 = DIRECTION ( 'NONE',  ( 0.000000000000000000, -0.000000000000000000, 1.000000000000000000 ) ) ;
#3613 = ORIENTED_EDGE ( 'NONE', *, *, #2828, .F. ) ;
#3614 = DIRECTION ( 'NONE',  ( 0.000000000000000000, 0.000000000000000000, -1.000000000000000000 ) ) ;
#3615 = AXIS2_PLACEMENT_3D ( 'NONE', #1248, #3030, #1208 ) ;
#3616 = DIRECTION ( 'NONE',  ( -0.000000000000000000, 0.000000000000000000, 1.000000000000000000 ) ) ;
#3617 = ORIENTED_EDGE ( 'NONE', *, *, #2221, .T. ) ;
#3618 = CARTESIAN_POINT ( 'NONE',  ( -71.78578643762692479, 4.414213562373096700, 9.983686643913047831 ) ) ;
#3619 = ORIENTED_EDGE ( 'NONE', *, *, #854, .F. ) ;
#3620 = CARTESIAN_POINT ( 'NONE',  ( 76.19999999999998863, -16.00000000000000000, -9.300000000000000711 ) ) ;
#3621 = B_SPLINE_CURVE_WITH_KNOTS ( 'NONE', 3,
 ( #2407, #2103, #28, #2466, #3012, #1818 ),
 .UNSPECIFIED., .F., .F.,
 ( 4, 2, 4 ),
 ( 2.602085213965211027E-18, 0.0004725827797740201307, 0.0009451655595480376593 ),
 .UNSPECIFIED. ) ;
#3622 = DIRECTION ( 'NONE',  ( 1.000000000000000000, 0.000000000000000000, 0.000000000000000000 ) ) ;
#3623 = FACE_OUTER_BOUND ( 'NONE', #1822, .T. ) ;
#3624 = DIRECTION ( 'NONE',  ( 0.000000000000000000, -0.7071067811865497932, -0.7071067811865454633 ) ) ;
#3625 = CARTESIAN_POINT ( 'NONE',  ( 80.68232222288116873, -21.67342066655520227, -9.300000000000002487 ) ) ;
#3626 = LINE ( 'NONE', #1795, #1039 ) ;
#3627 = EDGE_CURVE ( 'NONE', #444, #1606, #2140, .T. ) ;
#3628 = CARTESIAN_POINT ( 'NONE',  ( 79.19999999999998863, 4.999999999999998224, 9.300000000000000711 ) ) ;
#3629 = CARTESIAN_POINT ( 'NONE',  ( -79.26836494186007087, -16.60528052983203295, -9.300000000000002487 ) ) ;
#3630 = ORIENTED_EDGE ( 'NONE', *, *, #3112, .T. ) ;
#3631 = ADVANCED_FACE ( 'NONE', ( #3357 ), #623, .T. ) ;
#3632 = CARTESIAN_POINT ( 'NONE',  ( -81.85048596506307206, -21.39353402747518373, -9.300000000000000711 ) ) ;
#3633 = AXIS2_PLACEMENT_3D ( 'NONE', #1717, #779, #3233 ) ;
#3634 = ORIENTED_EDGE ( 'NONE', *, *, #423, .F. ) ;
#3635 = DIRECTION ( 'NONE',  ( 1.000000000000000000, -0.000000000000000000, -0.000000000000000000 ) ) ;
#3636 = CARTESIAN_POINT ( 'NONE',  ( 81.08911422947079473, -19.30981940138486053, 9.300000000000000711 ) ) ;
#3637 = CLOSED_SHELL ( 'NONE', ( #3899, #111, #3494, #2270, #1704, #2626, #166, #3136, #2673, #1522, #1041, #2175, #1942, #2705, #1476, #3796, #3780, #380, #1185, #2850, #255, #1257, #2824, #2581, #2527, #911, #2028, #2370, #3631, #1364, #3242, #2875, #3115, #1960, #2097, #2297, #1283, #2451, #2899, #3473, #3016, #1232, #1852, #2804, #1181, #3585, #426, #2454, #2970, #2275, #3173, #1256, #3917, #1156, #206, #1110, #3245, #1036, #803, #1083, #1808, #1159, #186, #1684, #2052, #1750, #2802, #231, #3092, #731, #1575, #851, #2895, #3776, #3842, #2320, #236, #2150, #3496, #2777, #3291, #162, #553, #3817, #357, #1707, #2475, #3424, #1337, #2292, #2967, #2007, #506, #2505, #467, #1407 ) ) ;
#3638 = CARTESIAN_POINT ( 'NONE',  ( -77.86398724457212950, 1.184719398373218935, -9.999999999999998224 ) ) ;
#3639 = ORIENTED_EDGE ( 'NONE', *, *, #3043, .F. ) ;
#3640 = CARTESIAN_POINT ( 'NONE',  ( 80.62604873765398850, -18.83050648140089933, -9.300000000000002487 ) ) ;
#3641 = CARTESIAN_POINT ( 'NONE',  ( 76.50983043329122779, -16.91871029828943307, -10.00000000000013323 ) ) ;
#3642 = CARTESIAN_POINT ( 'NONE',  ( -79.19999856115549619, 0.1207880011691623567, -9.999999999999959144 ) ) ;
#3643 = LINE ( 'NONE', #328, #3244 ) ;
#3644 = FACE_OUTER_BOUND ( 'NONE', #737, .T. ) ;
#3645 = CARTESIAN_POINT ( 'NONE',  ( -76.00854699678241388, 0.000000000000000000, -9.878458032519279897 ) ) ;
#3646 = CARTESIAN_POINT ( 'NONE',  ( -78.53329337234400498, -16.53835398697851744, 10.00000000000000178 ) ) ;
#3647 = DIRECTION ( 'NONE',  ( -0.7071067811865470176, -0.7071067811865480168, 0.000000000000000000 ) ) ;
#3648 = VERTEX_POINT ( 'NONE', #2080 ) ;
#3649 = PLANE ( 'NONE',  #1821 ) ;
#3650 = EDGE_CURVE ( 'NONE', #3600, #1406, #2050, .T. ) ;
#3651 = CARTESIAN_POINT ( 'NONE',  ( 82.15048596506308343, -21.39353402747516242, -9.300000000000000711 ) ) ;
#3652 = DIRECTION ( 'NONE',  ( -0.000000000000000000, 0.000000000000000000, 1.000000000000000000 ) ) ;
#3653 = EDGE_CURVE ( 'NONE', #3878, #925, #1549, .T. ) ;
#3654 = VERTEX_POINT ( 'NONE', #3 ) ;
#3655 = EDGE_CURVE ( 'NONE', #15, #1804, #1930, .T. ) ;
#3656 = CARTESIAN_POINT ( 'NONE',  ( 71.78578643762689637, 4.414213562373096700, 9.983686643913046055 ) ) ;
#3657 = VERTEX_POINT ( 'NONE', #2771 ) ;
#3658 = CARTESIAN_POINT ( 'NONE',  ( -77.06704914695262687, 2.809259280873322773, 9.300000000000002487 ) ) ;
#3659 = CARTESIAN_POINT ( 'NONE',  ( 71.20000000000000284, 4.820359442248910220, 9.768215816544469021 ) ) ;
#3660 = LINE ( 'NONE', #937, #3891 ) ;
#3661 = CIRCLE ( 'NONE', #2469, 0.3000000000000085931 ) ;
#3662 = CARTESIAN_POINT ( 'NONE',  ( 76.89999999999999147, -16.00000000000000355, 9.300000000000000711 ) ) ;
#3663 = DIRECTION ( 'NONE',  ( 0.000000000000000000, -0.000000000000000000, 1.000000000000000000 ) ) ;
#3664 = EDGE_LOOP ( 'NONE', ( #188, #2189, #2761, #2048 ) ) ;
#3665 = CARTESIAN_POINT ( 'NONE',  ( -70.65261237752018531, 4.985184254826650729, 9.466283018075843714 ) ) ;
#3666 = LINE ( 'NONE', #942, #2845 ) ;
#3667 = CARTESIAN_POINT ( 'NONE',  ( 76.89999999999999147, 0.000000000000000000, -9.300000000000000711 ) ) ;
#3668 = ORIENTED_EDGE ( 'NONE', *, *, #2989, .F. ) ;
#3669 = DIRECTION ( 'NONE',  ( -0.000000000000000000, -1.000000000000000000, -3.469446951953614682E-16 ) ) ;
#3670 = EDGE_LOOP ( 'NONE', ( #626, #1399, #3901, #3350 ) ) ;
#3671 = CARTESIAN_POINT ( 'NONE',  ( 80.11031621101676592, -19.30514335019120153, -10.00000000000000000 ) ) ;
#3672 = LINE ( 'NONE', #2168, #830 ) ;
#3673 = ORIENTED_EDGE ( 'NONE', *, *, #3295, .F. ) ;
#3674 = DIRECTION ( 'NONE',  ( 1.000000000000000000, 0.000000000000000000, 0.000000000000000000 ) ) ;
#3675 = EDGE_CURVE ( 'NONE', #77, #1977, #3710, .T. ) ;
#3676 = ORIENTED_EDGE ( 'NONE', *, *, #3535, .T. ) ;
#3677 = CARTESIAN_POINT ( 'NONE',  ( -79.14796920075932007, 0.3732561412649322841, 10.00000000000024514 ) ) ;
#3678 = CARTESIAN_POINT ( 'NONE',  ( -80.74698814321443763, -20.76700746609621007, -9.999999999999998224 ) ) ;
#3679 = EDGE_CURVE ( 'NONE', #2184, #2841, #213, .T. ) ;
#3680 = CARTESIAN_POINT ( 'NONE',  ( 76.20307746590546571, -16.07135512957432510, 10.00000000000000178 ) ) ;
#3681 = CARTESIAN_POINT ( 'NONE',  ( -78.07814553520708500, -19.01488993097942526, 9.300000000000000711 ) ) ;
#3682 = CARTESIAN_POINT ( 'NONE',  ( -79.85666836800733392, -19.91131881818662563, -9.999999999999998224 ) ) ;
#3683 = CARTESIAN_POINT ( 'NONE',  ( -82.85048596506307206, -11.00000000000000000, -4.999999999999997335 ) ) ;
#3684 = CARTESIAN_POINT ( 'NONE',  ( 76.00854699678238546, 0.000000000000000000, 9.878458032519269238 ) ) ;
#3685 = EDGE_LOOP ( 'NONE', ( #1632, #505, #1154 ) ) ;
#3686 = FILL_AREA_STYLE_COLOUR ( '', #1168 ) ;
#3687 = CARTESIAN_POINT ( 'NONE',  ( -76.20005980157901604, -16.02615776660763203, 10.00000000000000178 ) ) ;
#3688 = CARTESIAN_POINT ( 'NONE',  ( 71.90143320448518693, 4.298566795514805250, 9.999999999999076294 ) ) ;
#3689 = ORIENTED_EDGE ( 'NONE', *, *, #1622, .F. ) ;
#3690 = DIRECTION ( 'NONE',  ( 0.7071067811865501263, 0.7071067811865450192, 0.000000000000000000 ) ) ;
#3691 = CARTESIAN_POINT ( 'NONE',  ( 78.49999999999998579, 0.000000000000000000, -9.300000000000000711 ) ) ;
#3692 = CARTESIAN_POINT ( 'NONE',  ( -70.65256698312931860, 4.985191486767465818, -9.466256580493526585 ) ) ;
#3693 = ORIENTED_EDGE ( 'NONE', *, *, #688, .T. ) ;
#3694 = CIRCLE ( 'NONE', #3633, 2.000000000000001776 ) ;
#3695 = LINE ( 'NONE', #2188, #1052 ) ;
#3696 = ORIENTED_EDGE ( 'NONE', *, *, #3650, .T. ) ;
#3697 = CARTESIAN_POINT ( 'NONE',  ( -78.99752031861537205, 0.7604826795402943596, 9.999999999999918288 ) ) ;
#3698 = AXIS2_PLACEMENT_3D ( 'NONE', #1335, #134, #2550 ) ;
#3699 = CARTESIAN_POINT ( 'NONE',  ( -78.07644189780414479, -19.01300992063140072, -9.300000000000000711 ) ) ;
#3700 = AXIS2_PLACEMENT_3D ( 'NONE', #3378, #1191, #1772 ) ;
#3701 = AXIS2_PLACEMENT_3D ( 'NONE', #3411, #656, #1849 ) ;
#3702 = EDGE_CURVE ( 'NONE', #439, #632, #2509, .T. ) ;
#3703 = CARTESIAN_POINT ( 'NONE',  ( 76.26526969334955197, -16.36716708912987173, 9.999999999999968026 ) ) ;
#3704 = CARTESIAN_POINT ( 'NONE',  ( 71.30557758554100189, 4.999109695921495344, 9.299999999999998934 ) ) ;
#3705 = B_SPLINE_CURVE_WITH_KNOTS ( 'NONE', 3,
 ( #1939, #3431, #1582, #1848 ),
 .UNSPECIFIED., .F., .F.,
 ( 4, 4 ),
 ( 0.000000000000000000, 0.001188549213632932424 ),
 .UNSPECIFIED. ) ;
#3706 = EDGE_CURVE ( 'NONE', #895, #2353, #1367, .T. ) ;
#3707 = CARTESIAN_POINT ( 'NONE',  ( -76.20000000000001705, 0.000000000000000000, 9.939004000042356068 ) ) ;
#3708 = CARTESIAN_POINT ( 'NONE',  ( 73.22595003642010170, 4.683378532485308554, -10.00000000000063949 ) ) ;
#3709 = CIRCLE ( 'NONE', #1998, 0.6999999999999992895 ) ;
#3710 = B_SPLINE_CURVE_WITH_KNOTS ( 'NONE', 3,
 ( #27, #1249, #3665, #2572, #1627, #430 ),
 .UNSPECIFIED., .F., .F.,
 ( 4, 2, 4 ),
 ( -8.944284179426954961E-06, 0.0004801574731639532672, 0.0009692592305073334741 ),
 .UNSPECIFIED. ) ;
#3711 = ORIENTED_EDGE ( 'NONE', *, *, #1405, .F. ) ;
#3712 = DIRECTION ( 'NONE',  ( -0.000000000000000000, -1.000000000000000000, -0.000000000000000000 ) ) ;
#3713 = CARTESIAN_POINT ( 'NONE',  ( -76.90191986870124197, -16.02460308935014766, 10.00000000000000000 ) ) ;
#3714 = CYLINDRICAL_SURFACE ( 'NONE', #266, 0.6999999999999992895 ) ;
#3715 = B_SPLINE_CURVE_WITH_KNOTS ( 'NONE', 3,
 ( #34, #912, #1274, #2738, #1237, #2495, #1254, #3671, #2129, #1516, #3363, #628 ),
 .UNSPECIFIED., .F., .F.,
 ( 4, 2, 2, 2, 2, 4 ),
 ( 0.000000000000000000, 0.0008059065176462525820, 0.001611813035292505164, 0.003223626070585010328, 0.004835439105877515492, 0.006447252141170020656 ),
 .UNSPECIFIED. ) ;
#3716 = CARTESIAN_POINT ( 'NONE',  ( 76.08830548464807464, 0.1116945153518885125, -9.939004000041105513 ) ) ;
#3717 = CARTESIAN_POINT ( 'NONE',  ( 75.04685296207826184, 3.992659163885779794, 9.300000000000640199 ) ) ;
#3718 = CARTESIAN_POINT ( 'NONE',  ( -71.19999999999998863, 4.820359442248925319, -9.768215816544451258 ) ) ;
#3719 = VERTEX_POINT ( 'NONE', #720 ) ;
#3720 = CARTESIAN_POINT ( 'NONE',  ( -79.10365304285834043, 0.5135424902740621800, 9.299999999999998934 ) ) ;
#3721 = CARTESIAN_POINT ( 'NONE',  ( -78.82243179817577072, 1.078954171054077094, 9.300000000000162359 ) ) ;
#3722 = CARTESIAN_POINT ( 'NONE',  ( 79.20000000174535160, -16.21482120108666791, -9.999999999999763745 ) ) ;
#3723 = CARTESIAN_POINT ( 'NONE',  ( 76.90128389948993970, -16.01940489807094892, 10.00000000000000178 ) ) ;
#3724 = CARTESIAN_POINT ( 'NONE',  ( -76.59832306396140211, -17.06902882578707192, 10.00000000000053646 ) ) ;
#3725 = DIRECTION ( 'NONE',  ( 0.000000000000000000, -3.469446951953614682E-16, 1.000000000000000000 ) ) ;
#3726 = CARTESIAN_POINT ( 'NONE',  ( 74.34337599686837450, 4.319784718452551964, -9.299999999999364775 ) ) ;
#3727 = MANIFOLD_SOLID_BREP ( 'Fillet6', #3637 ) ;
#3728 = EDGE_CURVE ( 'NONE', #3578, #2184, #1267, .T. ) ;
#3729 = CARTESIAN_POINT ( 'NONE',  ( 79.19999999999998863, -10.30000000000000426, 5.700000000000002842 ) ) ;
#3730 = CARTESIAN_POINT ( 'NONE',  ( -76.90011488779718718, -16.00499426703476047, 10.00000000000000178 ) ) ;
#3731 = CARTESIAN_POINT ( 'NONE',  ( 71.84324687164668433, 4.356753128353302529, 9.994777233135119232 ) ) ;
#3732 = CARTESIAN_POINT ( 'NONE',  ( -79.32878586618009820, -16.83940050453573889, -9.299999999999769784 ) ) ;
#3733 = CARTESIAN_POINT ( 'NONE',  ( 72.24193054431019334, 4.906100687772155133, 9.999999999999847233 ) ) ;
#3734 = ORIENTED_EDGE ( 'NONE', *, *, #2102, .T. ) ;
#3735 = VERTEX_POINT ( 'NONE', #412 ) ;
#3736 = CARTESIAN_POINT ( 'NONE',  ( -78.22894414579022282, 1.806360708143042171, 9.299999999999998934 ) ) ;
#3737 = ORIENTED_EDGE ( 'NONE', *, *, #353, .F. ) ;
#3738 = CARTESIAN_POINT ( 'NONE',  ( -78.49999970639490243, 0.04787620153540217416, 10.00000000000000000 ) ) ;
#3739 = CARTESIAN_POINT ( 'NONE',  ( 79.22589954727943962, -16.42317617130151319, -9.999999999999770850 ) ) ;
#3740 = CARTESIAN_POINT ( 'NONE',  ( 76.23842922381211906, -16.27158434803524401, 9.300000000000018474 ) ) ;
#3741 = CIRCLE ( 'NONE', #1081, 0.6999999999999992895 ) ;
#3742 = CARTESIAN_POINT ( 'NONE',  ( 77.61687249465292382, 2.385702217519330759, 9.300000000000000711 ) ) ;
#3743 = CARTESIAN_POINT ( 'NONE',  ( 79.60489595743052860, -17.45795625350437419, 10.00000000000023448 ) ) ;
#3744 = CARTESIAN_POINT ( 'NONE',  ( 76.07506822584181805, 3.452996036279487591, -9.299999999999682743 ) ) ;
#3745 = CARTESIAN_POINT ( 'NONE',  ( -78.49999999999998579, -16.00000000000002132, -9.300000000000000711 ) ) ;
#3746 = CARTESIAN_POINT ( 'NONE',  ( 0.000000000000000000, 5.000000000000000000, 9.300000000000000711 ) ) ;
#3747 = CARTESIAN_POINT ( 'NONE',  ( -71.94131973668390856, 4.245284939988802186, -10.00000000000000000 ) ) ;
#3748 = CARTESIAN_POINT ( 'NONE',  ( -78.49999999999998579, -16.00000000000002132, -10.00000000000000000 ) ) ;
#3749 = EDGE_CURVE ( 'NONE', #1991, #1515, #2242, .T. ) ;
#3750 = VECTOR ( 'NONE', #1511, 1000.000000000000114 ) ;
#3751 = CARTESIAN_POINT ( 'NONE',  ( 73.21208441468378680, 4.687408758806038911, 9.299999999999998934 ) ) ;
#3752 = CARTESIAN_POINT ( 'NONE',  ( -79.32928488418203017, -16.84116140861673472, 9.300000000000000711 ) ) ;
#3753 = ORIENTED_EDGE ( 'NONE', *, *, #405, .F. ) ;
#3754 = EDGE_CURVE ( 'NONE', #2070, #2389, #3090, .T. ) ;
#3755 = ORIENTED_EDGE ( 'NONE', *, *, #1064, .T. ) ;
#3756 = CARTESIAN_POINT ( 'NONE',  ( -76.50830566478528283, -16.91595909571442746, -10.00000000000012790 ) ) ;
#3757 = VECTOR ( 'NONE', #394, 1000.000000000000000 ) ;
#3758 = CARTESIAN_POINT ( 'NONE',  ( -77.85402106528214006, 1.179629917480460977, 10.00000000000000000 ) ) ;
#3759 = CARTESIAN_POINT ( 'NONE',  ( 76.20561208795604102, -16.09823992261799219, 10.00000000000000178 ) ) ;
#3760 = CARTESIAN_POINT ( 'NONE',  ( 71.46293173791165998, 4.993273452548776525, 9.299999999999998934 ) ) ;
#3761 = AXIS2_PLACEMENT_3D ( 'NONE', #2018, #1655, #3228 ) ;
#3762 = CARTESIAN_POINT ( 'NONE',  ( 72.67427217897093783, 4.107434393844330955, -9.999999999999994671 ) ) ;
#3763 = CARTESIAN_POINT ( 'NONE',  ( 78.87618332485999417, 0.9870512706859693175, 9.299999999999997158 ) ) ;
#3764 = VERTEX_POINT ( 'NONE', #2181 ) ;
#3765 = DIRECTION ( 'NONE',  ( -0.000000000000000000, -1.000000000000000000, -0.000000000000000000 ) ) ;
#3766 = CARTESIAN_POINT ( 'NONE',  ( 79.19999999999998863, -10.30000000000000604, 9.999999999999996447 ) ) ;
#3767 = DIRECTION ( 'NONE',  ( 0.7071067811865501263, -0.7071067811865447972, 0.000000000000000000 ) ) ;
#3768 = AXIS2_PLACEMENT_3D ( 'NONE', #3055, #3089, #2793 ) ;
#3769 = DIRECTION ( 'NONE',  ( -0.000000000000000000, 1.000000000000000000, -0.000000000000000000 ) ) ;
#3770 = CARTESIAN_POINT ( 'NONE',  ( 76.40988929270130825, 3.251427777197815505, 9.299999999999364775 ) ) ;
#3771 = VECTOR ( 'NONE', #2664, 1000.000000000000114 ) ;
#3772 = CARTESIAN_POINT ( 'NONE',  ( -78.50000000053732663, -16.27170929815109091, 10.00000000000000000 ) ) ;
#3773 = ORIENTED_EDGE ( 'NONE', *, *, #2032, .T. ) ;
#3774 = ORIENTED_EDGE ( 'NONE', *, *, #1316, .F. ) ;
#3775 = AXIS2_PLACEMENT_3D ( 'NONE', #3031, #1469, #2950 ) ;
#3776 = ADVANCED_FACE ( 'NONE', ( #3399 ), #1858, .T. ) ;
#3777 = ORIENTED_EDGE ( 'NONE', *, *, #1446, .F. ) ;
#3778 = AXIS2_PLACEMENT_3D ( 'NONE', #2298, #775, #447 ) ;
#3779 = CARTESIAN_POINT ( 'NONE',  ( -76.20226867591605924, -16.06164421264226050, -9.299999999999993605 ) ) ;
#3780 = ADVANCED_FACE ( 'NONE', ( #1318 ), #388, .F. ) ;
#3781 = CARTESIAN_POINT ( 'NONE',  ( -78.17429174513370072, 0.7793817761680049694, 10.00000000000000355 ) ) ;
#3782 = B_SPLINE_CURVE_WITH_KNOTS ( 'NONE', 3,
 ( #1414, #1989, #2632, #3828, #178, #2304, #798, #1397, #1093, #3522, #2022, #781, #1718, #2009, #3234, #2952 ),
 .UNSPECIFIED., .F., .F.,
 ( 4, 2, 2, 2, 2, 2, 2, 4 ),
 ( 0.000000000000000000, 0.0001163946808553390514, 0.0002327893617106781027, 0.0004655787234213562054, 0.0009311574468427030868, 0.001862314893685383839, 0.003724629787370745126, 0.007449259574741460763 ),
 .UNSPECIFIED. ) ;
#3783 = CARTESIAN_POINT ( 'NONE',  ( 76.19999999999998863, 0.000000000000000000, -9.939004000042348963 ) ) ;
#3784 = DIRECTION ( 'NONE',  ( 0.000000000000000000, 0.000000000000000000, 1.000000000000000000 ) ) ;
#3785 = VERTEX_POINT ( 'NONE', #3729 ) ;
#3786 = CARTESIAN_POINT ( 'NONE',  ( 76.90062028949765249, -16.01239450590322733, -10.00000000000000000 ) ) ;
#3787 = CARTESIAN_POINT ( 'NONE',  ( -71.20000000000000284, 4.999999999999983125, -9.300000000000000711 ) ) ;
#3788 = LINE ( 'NONE', #2818, #2271 ) ;
#3789 = DIRECTION ( 'NONE',  ( 1.000000000000000000, -0.000000000000000000, -0.000000000000000000 ) ) ;
#3790 = CARTESIAN_POINT ( 'NONE',  ( 78.47246035184120672, 0.1861852524524892083, 10.00000000000000178 ) ) ;
#3791 = FACE_OUTER_BOUND ( 'NONE', #746, .T. ) ;
#3792 = ORIENTED_EDGE ( 'NONE', *, *, #1426, .F. ) ;
#3793 = CARTESIAN_POINT ( 'NONE',  ( -76.91608246406609339, -16.09558581010966805, -10.00000000000000178 ) ) ;
#3794 = VERTEX_POINT ( 'NONE', #683 ) ;
#3795 = EDGE_CURVE ( 'NONE', #3184, #1671, #1758, .T. ) ;
#3796 = ADVANCED_FACE ( 'NONE', ( #3441 ), #3063, .T. ) ;
#3797 = CARTESIAN_POINT ( 'NONE',  ( 79.19999999999998863, -16.00000000000000000, 10.00000000000000000 ) ) ;
#3798 = EDGE_CURVE ( 'NONE', #373, #3578, #492, .T. ) ;
#3799 = CARTESIAN_POINT ( 'NONE',  ( 71.69720890049981676, 4.502791099500190519, -9.966590060928135486 ) ) ;
#3800 = ORIENTED_EDGE ( 'NONE', *, *, #1638, .F. ) ;
#3801 = CARTESIAN_POINT ( 'NONE',  ( 76.20315790743742923, -16.07230331994276185, -9.999999999999992895 ) ) ;
#3802 = CARTESIAN_POINT ( 'NONE',  ( -79.19999999999998863, -16.00000000000002132, -4.999999999999997335 ) ) ;
#3803 = CARTESIAN_POINT ( 'NONE',  ( -81.17000999409918904, -22.12630442326145896, 9.300000000000000711 ) ) ;
#3804 = LINE ( 'NONE', #2078, #2219 ) ;
#3805 = FACE_OUTER_BOUND ( 'NONE', #1781, .T. ) ;
#3806 = CARTESIAN_POINT ( 'NONE',  ( -78.53343628662626941, -16.53860900455893912, -10.00000000000000178 ) ) ;
#3807 = DIRECTION ( 'NONE',  ( -0.000000000000000000, 0.000000000000000000, 1.000000000000000000 ) ) ;
#3808 = CARTESIAN_POINT ( 'NONE',  ( -78.53329337388952069, -16.53835398674486612, 10.00000000000000000 ) ) ;
#3809 = ORIENTED_EDGE ( 'NONE', *, *, #3112, .F. ) ;
#3810 = VERTEX_POINT ( 'NONE', #3196 ) ;
#3811 = DIRECTION ( 'NONE',  ( 0.000000000000000000, -0.000000000000000000, 1.000000000000000000 ) ) ;
#3812 = ORIENTED_EDGE ( 'NONE', *, *, #1405, .T. ) ;
#3813 = AXIS2_PLACEMENT_3D ( 'NONE', #2910, #3156, #1676 ) ;
#3814 = CARTESIAN_POINT ( 'NONE',  ( -76.68734767856552992, -17.22847703739039460, 9.300000000000000711 ) ) ;
#3815 = CARTESIAN_POINT ( 'NONE',  ( -76.25239684250075811, -16.32879229869931592, -9.299999999999997158 ) ) ;
#3816 = ORIENTED_EDGE ( 'NONE', *, *, #2272, .F. ) ;
#3817 = ADVANCED_FACE ( 'NONE', ( #1712 ), #2317, .T. ) ;
#3818 = CIRCLE ( 'NONE', #8, 0.6999999999999992895 ) ;
#3819 = LINE ( 'NONE', #2294, #190 ) ;
#3820 = CARTESIAN_POINT ( 'NONE',  ( 76.34291329221494493, -16.57628019691585308, -10.00000000000027534 ) ) ;
#3821 = EDGE_CURVE ( 'NONE', #1688, #1890, #1425, .T. ) ;
#3822 = AXIS2_PLACEMENT_3D ( 'NONE', #2709, #1224, #3067 ) ;
#3823 = CIRCLE ( 'NONE', #403, 0.7000000000000061728 ) ;
#3824 = CARTESIAN_POINT ( 'NONE',  ( -71.20000000000000284, 4.999999999999982236, -10.00000000000000178 ) ) ;
#3825 = CARTESIAN_POINT ( 'NONE',  ( 71.20000000000000284, 5.000000000000000888, -35.00000000000000711 ) ) ;
#3826 = FACE_OUTER_BOUND ( 'NONE', #616, .T. ) ;
#3827 = ORIENTED_EDGE ( 'NONE', *, *, #117, .F. ) ;
#3828 = CARTESIAN_POINT ( 'NONE',  ( 76.93176193830015563, -16.15142244437342356, 9.999999999999996447 ) ) ;
#3829 = CARTESIAN_POINT ( 'NONE',  ( 75.19999999999998863, 0.000000000000000000, -9.300000000000000711 ) ) ;
#3830 = VERTEX_POINT ( 'NONE', #2593 ) ;
#3831 = CARTESIAN_POINT ( 'NONE',  ( 72.62803523290155283, 4.116118745935787082, 10.00000000000000178 ) ) ;
#3832 = AXIS2_PLACEMENT_3D ( 'NONE', #3595, #2388, #2026 ) ;
#3833 = ORIENTED_EDGE ( 'NONE', *, *, #32, .F. ) ;
#3834 = VERTEX_POINT ( 'NONE', #1443 ) ;
#3835 = LINE ( 'NONE', #2351, #282 ) ;
#3836 = CARTESIAN_POINT ( 'NONE',  ( -80.68229067879055094, -21.67339137362008472, -9.300000000000002487 ) ) ;
#3837 = CARTESIAN_POINT ( 'NONE',  ( 76.19999999999998863, 0.000000000000000000, 36.99999999999998579 ) ) ;
#3838 = CARTESIAN_POINT ( 'NONE',  ( -76.20000000000003126, 0.000000000000000000, 31.78125758013238666 ) ) ;
#3839 = CARTESIAN_POINT ( 'NONE',  ( 79.20000000000000284, -17.69064839673690415, 9.300000000000000711 ) ) ;
#3840 = CARTESIAN_POINT ( 'NONE',  ( -73.72110667281236829, 3.786574695963012882, -9.999999999999998224 ) ) ;
#3841 = CARTESIAN_POINT ( 'NONE',  ( 77.62687297927830343, 2.376990771664317048, -9.299999999999997158 ) ) ;
#3842 = ADVANCED_FACE ( 'NONE', ( #2609 ), #3437, .T. ) ;
#3843 = LINE ( 'NONE', #174, #2161 ) ;
#3844 = CARTESIAN_POINT ( 'NONE',  ( -71.63789256809809558, 4.999999999999983125, 9.299999999999352340 ) ) ;
#3845 = EDGE_CURVE ( 'NONE', #3209, #99, #3335, .T. ) ;
#3846 = CYLINDRICAL_SURFACE ( 'NONE', #1726, 0.6999999999999992895 ) ;
#3847 = CARTESIAN_POINT ( 'NONE',  ( 77.06339052637967768, -17.76615593591330367, 9.300000000000000711 ) ) ;
#3848 = CARTESIAN_POINT ( 'NONE',  ( -76.19999999999998863, -11.00000000000000355, 5.000000000000002665 ) ) ;
#3849 = CARTESIAN_POINT ( 'NONE',  ( -80.10903372605669404, -18.21930957873510337, -9.300000000000000711 ) ) ;
#3850 = ORIENTED_EDGE ( 'NONE', *, *, #3845, .T. ) ;
#3851 = CARTESIAN_POINT ( 'NONE',  ( 79.19999999999998863, 0.000000000000000000, -5.699999999999998401 ) ) ;
#3852 = ORIENTED_EDGE ( 'NONE', *, *, #2349, .T. ) ;
#3853 = AXIS2_PLACEMENT_3D ( 'NONE', #1273, #1195, #2778 ) ;
#3854 = CARTESIAN_POINT ( 'NONE',  ( 79.20000000000000284, -16.12154566002499223, 9.299999999999998934 ) ) ;
#3855 = ORIENTED_EDGE ( 'NONE', *, *, #777, .F. ) ;
#3856 = CARTESIAN_POINT ( 'NONE',  ( -76.21336392975733531, -16.16746640763683018, 9.299999999999998934 ) ) ;
#3857 = VERTEX_POINT ( 'NONE', #249 ) ;
#3858 = CARTESIAN_POINT ( 'NONE',  ( -71.20000000000000284, 4.999999999999983125, -9.300000000000000711 ) ) ;
#3859 = CYLINDRICAL_SURFACE ( 'NONE', #3371, 1.000000000000000888 ) ;
#3860 = CARTESIAN_POINT ( 'NONE',  ( 82.15048596506308343, -21.39353402747516242, 10.00000000000000000 ) ) ;
#3861 = CARTESIAN_POINT ( 'NONE',  ( 76.21741207039225685, -16.17676989221075701, -9.299999999999988276 ) ) ;
#3862 = CARTESIAN_POINT ( 'NONE',  ( -73.01924036482240865, 4.014062637056554195, -9.999999999999998224 ) ) ;
#3863 = CARTESIAN_POINT ( 'NONE',  ( 76.19999999999998863, -16.08385835099499417, 9.300000000000000711 ) ) ;
#3864 = FACE_OUTER_BOUND ( 'NONE', #197, .T. ) ;
#3865 = ORIENTED_EDGE ( 'NONE', *, *, #3939, .F. ) ;
#3866 = CARTESIAN_POINT ( 'NONE',  ( -71.96026563736981529, 4.239734362630150244, -10.00000000000000000 ) ) ;
#3867 = VECTOR ( 'NONE', #1605, 1000.000000000000000 ) ;
#3868 = FACE_OUTER_BOUND ( 'NONE', #333, .T. ) ;
#3869 = ORIENTED_EDGE ( 'NONE', *, *, #1359, .T. ) ;
#3870 = EDGE_CURVE ( 'NONE', #77, #3305, #2137, .T. ) ;
#3871 = ORIENTED_EDGE ( 'NONE', *, *, #2919, .T. ) ;
#3872 = FACE_OUTER_BOUND ( 'NONE', #893, .T. ) ;
#3873 = EDGE_CURVE ( 'NONE', #3035, #395, #2889, .T. ) ;
#3874 = ORIENTED_EDGE ( 'NONE', *, *, #1980, .F. ) ;
#3875 = ORIENTED_EDGE ( 'NONE', *, *, #326, .T. ) ;
#3876 = CARTESIAN_POINT ( 'NONE',  ( 78.75894099612958144, -17.31655171044159758, -10.00000000000000178 ) ) ;
#3877 = AXIS2_PLACEMENT_3D ( 'NONE', #3662, #2179, #3053 ) ;
#3878 = VERTEX_POINT ( 'NONE', #3880 ) ;
#3879 = CARTESIAN_POINT ( 'NONE',  ( 77.49884510660724857, 1.542659769050140905, -9.999999999999998224 ) ) ;
#3880 = CARTESIAN_POINT ( 'NONE',  ( -76.19999999999998863, -16.00000000000001776, -9.300000000000000711 ) ) ;
#3881 = CARTESIAN_POINT ( 'NONE',  ( -73.22595003687256110, 4.683378533885803385, 9.300000000000640199 ) ) ;
#3882 = VECTOR ( 'NONE', #2580, 1000.000000000000000 ) ;
#3883 = CARTESIAN_POINT ( 'NONE',  ( -72.83166520178394876, 4.790142787646967548, -9.300000000000000711 ) ) ;
#3884 = CARTESIAN_POINT ( 'NONE',  ( 76.68584458226432332, -17.22613265148834572, 9.299999999999995381 ) ) ;
#3885 = DIRECTION ( 'NONE',  ( -0.000000000000000000, 0.000000000000000000, 1.000000000000000000 ) ) ;
#3886 = DIRECTION ( 'NONE',  ( 0.7071067811865465735, 0.7071067811865485719, -1.065908801343823584E-15 ) ) ;
#3887 = DIRECTION ( 'NONE',  ( 1.000000000000000000, 0.000000000000000000, -0.000000000000000000 ) ) ;
#3888 = CARTESIAN_POINT ( 'NONE',  ( -79.42319462655369477, -18.47810934425625717, 9.999999999999996447 ) ) ;
#3889 = VECTOR ( 'NONE', #641, 1000.000000000000000 ) ;
#3890 = CARTESIAN_POINT ( 'NONE',  ( 80.63020148267806064, -18.83507576031941610, 9.999999999999532818 ) ) ;
#3891 = VECTOR ( 'NONE', #59, 1000.000000000000000 ) ;
#3892 = ORIENTED_EDGE ( 'NONE', *, *, #1206, .T. ) ;
#3893 = ORIENTED_EDGE ( 'NONE', *, *, #508, .F. ) ;
#3894 = DIRECTION ( 'NONE',  ( -1.000000000000000000, 0.000000000000000000, -0.000000000000000000 ) ) ;
#3895 = CARTESIAN_POINT ( 'NONE',  ( -79.25695850833936618, -20.27549837004740496, 9.299999999999995381 ) ) ;
#3896 = EDGE_CURVE ( 'NONE', #925, #3648, #2306, .T. ) ;
#3897 = CARTESIAN_POINT ( 'NONE',  ( -71.84324687164671275, 4.356753128353303417, 9.994777233135124561 ) ) ;
#3898 = EDGE_LOOP ( 'NONE', ( #521, #2479, #3440 ) ) ;
#3899 = ADVANCED_FACE ( 'NONE', ( #853 ), #966, .T. ) ;
#3900 = TOROIDAL_SURFACE ( 'NONE', #2253, 1.700000000000000178, 0.6999999999999999556 ) ;
#3901 = ORIENTED_EDGE ( 'NONE', *, *, #692, .T. ) ;
#3902 = CARTESIAN_POINT ( 'NONE',  ( -77.83333411714862393, 2.186800036937680325, -9.299999999999837286 ) ) ;
#3903 = CARTESIAN_POINT ( 'NONE',  ( 73.37157287525377569, 0.000000000000000000, -37.00000000000001421 ) ) ;
#3904 = CARTESIAN_POINT ( 'NONE',  ( 79.19999999999998863, 0.000000000000000000, -9.300000000000000711 ) ) ;
#3905 = CARTESIAN_POINT ( 'NONE',  ( 78.53343628662626941, -16.53860900455891425, 10.00000000000000000 ) ) ;
#3906 = DIRECTION ( 'NONE',  ( 0.7071067811865467956, -0.7071067811865483499, 0.000000000000000000 ) ) ;
#3907 = CARTESIAN_POINT ( 'NONE',  ( -76.19999999999998863, -16.00000000000001776, 10.00000000000000000 ) ) ;
#3908 = ORIENTED_EDGE ( 'NONE', *, *, #1727, .F. ) ;
#3909 = DIRECTION ( 'NONE',  ( 1.000000000000000000, 0.000000000000000000, 0.000000000000000000 ) ) ;
#3910 = CARTESIAN_POINT ( 'NONE',  ( -70.37157287525383254, 5.000000000000000000, 9.300000000000000711 ) ) ;
#3911 = CARTESIAN_POINT ( 'NONE',  ( 80.74702738763004106, -18.95953288893720767, 9.299999999999997158 ) ) ;
#3912 = AXIS2_PLACEMENT_3D ( 'NONE', #1839, #1901, #3057 ) ;
#3913 = CARTESIAN_POINT ( 'NONE',  ( 81.08973612009836529, -19.31044048278120329, -9.299999999999997158 ) ) ;
#3914 = ORIENTED_EDGE ( 'NONE', *, *, #1131, .F. ) ;
#3915 = ORIENTED_EDGE ( 'NONE', *, *, #3512, .T. ) ;
#3916 = EDGE_CURVE ( 'NONE', #2029, #375, #550, .T. ) ;
#3917 = ADVANCED_FACE ( 'NONE', ( #3049 ), #2444, .T. ) ;
#3918 = DIRECTION ( 'NONE',  ( -0.7464087157008768569, -0.6654878129055165070, -0.000000000000000000 ) ) ;
#3919 = EDGE_CURVE ( 'NONE', #3186, #2395, #2894, .T. ) ;
#3920 = CARTESIAN_POINT ( 'NONE',  ( -76.94286821264367404, 2.027866786992876591, -9.999999999999998224 ) ) ;
#3921 = CARTESIAN_POINT ( 'NONE',  ( 75.18593288753555726, 3.948959900638213671, -9.299999999999998934 ) ) ;
#3922 = CARTESIAN_POINT ( 'NONE',  ( 79.25695850833936618, -20.27549837004738364, -9.300000000000000711 ) ) ;
#3923 = DIRECTION ( 'NONE',  ( -0.000000000000000000, 1.000000000000000000, -0.000000000000000000 ) ) ;
#3924 = DIRECTION ( 'NONE',  ( 1.000000000000000000, 0.000000000000000000, 0.000000000000000000 ) ) ;
#3925 = CARTESIAN_POINT ( 'NONE',  ( 71.20000000000000284, 4.820359442248908444, -9.768215816544470798 ) ) ;
#3926 = ORIENTED_EDGE ( 'NONE', *, *, #2677, .F. ) ;
#3927 = CARTESIAN_POINT ( 'NONE',  ( -59.59052429175127941, 13.78104858350257444, 20.39052429175117354 ) ) ;
#3928 = EDGE_LOOP ( 'NONE', ( #2595, #2585, #2754, #944 ) ) ;
#3929 = CARTESIAN_POINT ( 'NONE',  ( 71.20000000000000284, 5.000000000000000000, 9.300000000000000711 ) ) ;
#3930 = CIRCLE ( 'NONE', #68, 0.7000000000000000666 ) ;
#3931 = CARTESIAN_POINT ( 'NONE',  ( 79.81001556346377868, -17.82850047783041347, 9.300000000000002487 ) ) ;
#3932 = FACE_OUTER_BOUND ( 'NONE', #3045, .T. ) ;
#3933 = CARTESIAN_POINT ( 'NONE',  ( 74.78578643762688216, -1.414213562373100475, -37.00000000000001421 ) ) ;
#3934 = CARTESIAN_POINT ( 'NONE',  ( 71.69720890049978834, 4.502791099500190519, 9.966590060928131933 ) ) ;
#3935 = VERTEX_POINT ( 'NONE', #2767 ) ;
#3936 = LINE ( 'NONE', #2135, #2842 ) ;
#3937 = CARTESIAN_POINT ( 'NONE',  ( 82.12006409243484484, -20.29413764720048974, -9.999999999999532818 ) ) ;
#3938 = CARTESIAN_POINT ( 'NONE',  ( 81.17000999409918904, -22.12630442326143765, -10.00000000000000178 ) ) ;
#3939 = EDGE_CURVE ( 'NONE', #6, #2274, #2730, .T. ) ;
ENDSEC;
END-ISO-10303-21;
