ISO-10303-21;
HEADER;
FILE_DESCRIPTION (( 'STEP AP214' ),
    '1' );
FILE_NAME ('layer3.STEP',
    '2025-09-19T07:18:58',
    ( '' ),
    ( '' ),
    'SwSTEP 2.0',
    'SolidWorks 2025',
    '' );
FILE_SCHEMA (( 'AUTOMOTIVE_DESIGN' ));
ENDSEC;

DATA;
#1 = VECTOR ( 'NONE', #615, 1000.000000000000000 ) ;
#2 = CARTESIAN_POINT ( 'NONE',  ( -50.10000000000001563, 57.20000000000000284, 3.174999999999999822 ) ) ;
#3 = CARTESIAN_POINT ( 'NONE',  ( 63.50000000000002842, 63.49999999999994316, 3.174999999999999822 ) ) ;
#4 = CIRCLE ( 'NONE', #1226, 1.099999999999996758 ) ;
#5 = EDGE_LOOP ( 'NONE', ( #1826, #282, #1561, #1077 ) ) ;
#6 = FACE_BOUND ( 'NONE', #1273, .T. ) ;
#7 = AXIS2_PLACEMENT_3D ( 'NONE', #2017, #1836, #404 ) ;
#8 = EDGE_LOOP ( 'NONE', ( #2040, #2053 ) ) ;
#9 = EDGE_CURVE ( 'NONE', #1441, #582, #465, .T. ) ;
#10 = LINE ( 'NONE', #528, #167 ) ;
#11 = CARTESIAN_POINT ( 'NONE',  ( -63.49999999999992895, 76.20000000000000284, 3.174999999999999822 ) ) ;
#12 = DIRECTION ( 'NONE',  ( -1.000000000000000000, 0.000000000000000000, 0.000000000000000000 ) ) ;
#13 = VERTEX_POINT ( 'NONE', #953 ) ;
#14 = CARTESIAN_POINT ( 'NONE',  ( -38.09999999999993037, 63.49999999999994316, 0.000000000000000000 ) ) ;
#15 = ORIENTED_EDGE ( 'NONE', *, *, #189, .T. ) ;
#16 = EDGE_LOOP ( 'NONE', ( #718, #2027, #1764, #1401 ) ) ;
#17 = LINE ( 'NONE', #1944, #240 ) ;
#18 = CARTESIAN_POINT ( 'NONE',  ( -64.35000000000000853, -13.95000000000000107, 0.000000000000000000 ) ) ;
#19 = DIRECTION ( 'NONE',  ( -0.000000000000000000, -0.000000000000000000, -1.000000000000000000 ) ) ;
#20 = ORIENTED_EDGE ( 'NONE', *, *, #1296, .F. ) ;
#21 = ADVANCED_FACE ( 'NONE', ( #963 ), #658, .F. ) ;
#22 = DIRECTION ( 'NONE',  ( 0.000000000000000000, -0.000000000000000000, -1.000000000000000000 ) ) ;
#23 = CARTESIAN_POINT ( 'NONE',  ( -61.89999999999999147, -63.50000000000000000, 0.000000000000000000 ) ) ;
#24 = DIRECTION ( 'NONE',  ( 1.000000000000000000, 0.000000000000000000, 0.000000000000000000 ) ) ;
#25 = FACE_BOUND ( 'NONE', #420, .T. ) ;
#26 = ORIENTED_EDGE ( 'NONE', *, *, #1701, .T. ) ;
#27 = DIRECTION ( 'NONE',  ( -1.000000000000000000, 0.000000000000000000, 0.000000000000000000 ) ) ;
#28 = VECTOR ( 'NONE', #1448, 1000.000000000000000 ) ;
#29 = DIRECTION ( 'NONE',  ( -1.000000000000000000, -0.000000000000000000, -0.000000000000000000 ) ) ;
#30 = CIRCLE ( 'NONE', #734, 1.599999999999997202 ) ;
#31 = VECTOR ( 'NONE', #1957, 1000.000000000000000 ) ;
#32 = AXIS2_PLACEMENT_3D ( 'NONE', #1956, #532, #413 ) ;
#33 = ORIENTED_EDGE ( 'NONE', *, *, #1445, .F. ) ;
#34 = ORIENTED_EDGE ( 'NONE', *, *, #889, .T. ) ;
#35 = DIRECTION ( 'NONE',  ( -0.000000000000000000, -0.000000000000000000, -1.000000000000000000 ) ) ;
#36 = DIRECTION ( 'NONE',  ( 1.000000000000000000, 0.000000000000000000, 0.000000000000000000 ) ) ;
#37 = ADVANCED_FACE ( 'NONE', ( #944 ), #1278, .F. ) ;
#38 = FACE_BOUND ( 'NONE', #1323, .T. ) ;
#39 = ORIENTED_EDGE ( 'NONE', *, *, #237, .T. ) ;
#40 = CYLINDRICAL_SURFACE ( 'NONE', #406, 1.599999999999997202 ) ;
#41 = DIRECTION ( 'NONE',  ( 1.000000000000000000, -1.821231995776176958E-16, 0.000000000000000000 ) ) ;
#42 = EDGE_CURVE ( 'NONE', #1749, #1728, #1037, .T. ) ;
#43 = FACE_OUTER_BOUND ( 'NONE', #16, .T. ) ;
#44 = CARTESIAN_POINT ( 'NONE',  ( 63.50000000000000000, -63.50000000000000000, 3.174999999999999822 ) ) ;
#45 = ORIENTED_EDGE ( 'NONE', *, *, #1645, .T. ) ;
#46 = VERTEX_POINT ( 'NONE', #1544 ) ;
#47 = EDGE_LOOP ( 'NONE', ( #1536, #1088 ) ) ;
#48 = DIRECTION ( 'NONE',  ( -0.000000000000000000, -0.000000000000000000, -1.000000000000000000 ) ) ;
#49 = LINE ( 'NONE', #1120, #836 ) ;
#50 = CARTESIAN_POINT ( 'NONE',  ( -45.71999999999999886, -25.39999999999999858, 3.174999999999999822 ) ) ;
#51 = VERTEX_POINT ( 'NONE', #776 ) ;
#52 = DIRECTION ( 'NONE',  ( 0.000000000000000000, -1.000000000000000000, 0.000000000000000000 ) ) ;
#53 = ADVANCED_FACE ( 'NONE', ( #2058 ), #494, .F. ) ;
#54 = CARTESIAN_POINT ( 'NONE',  ( -32.70000000000000995, 42.20000000000000284, 3.174999999999999822 ) ) ;
#55 = ORIENTED_EDGE ( 'NONE', *, *, #746, .F. ) ;
#56 = ORIENTED_EDGE ( 'NONE', *, *, #1024, .F. ) ;
#57 = CYLINDRICAL_SURFACE ( 'NONE', #902, 1.099999999999996758 ) ;
#58 = DIRECTION ( 'NONE',  ( -0.000000000000000000, 0.000000000000000000, 1.000000000000000000 ) ) ;
#59 = DIRECTION ( 'NONE',  ( -1.000000000000000000, 0.000000000000000000, 0.000000000000000000 ) ) ;
#60 = AXIS2_PLACEMENT_3D ( 'NONE', #2045, #129, #1717 ) ;
#61 = EDGE_LOOP ( 'NONE', ( #1290, #1489, #107, #736 ) ) ;
#62 = DIRECTION ( 'NONE',  ( 0.000000000000000000, 0.000000000000000000, 1.000000000000000000 ) ) ;
#63 = LINE ( 'NONE', #977, #1927 ) ;
#64 = ADVANCED_FACE ( 'NONE', ( #1575 ), #635, .T. ) ;
#65 = DIRECTION ( 'NONE',  ( -0.000000000000000000, -0.000000000000000000, -1.000000000000000000 ) ) ;
#66 = AXIS2_PLACEMENT_3D ( 'NONE', #1427, #2063, #1811 ) ;
#67 = VECTOR ( 'NONE', #2004, 1000.000000000000000 ) ;
#68 = VERTEX_POINT ( 'NONE', #172 ) ;
#69 = ORIENTED_EDGE ( 'NONE', *, *, #687, .F. ) ;
#70 = AXIS2_PLACEMENT_3D ( 'NONE', #1397, #326, #552 ) ;
#71 = ORIENTED_EDGE ( 'NONE', *, *, #283, .F. ) ;
#72 = EDGE_CURVE ( 'NONE', #228, #1012, #1408, .T. ) ;
#73 = AXIS2_PLACEMENT_3D ( 'NONE', #556, #58, #378 ) ;
#74 = CARTESIAN_POINT ( 'NONE',  ( 15.67999999999999972, -31.99999999999999289, 3.174999999999999822 ) ) ;
#75 = CARTESIAN_POINT ( 'NONE',  ( -55.88000000000000256, 25.39999999999999858, 3.174999999999999822 ) ) ;
#76 = DIRECTION ( 'NONE',  ( -0.000000000000000000, -0.000000000000000000, -1.000000000000000000 ) ) ;
#77 = ORIENTED_EDGE ( 'NONE', *, *, #805, .F. ) ;
#78 = CARTESIAN_POINT ( 'NONE',  ( 63.50000000000000000, 63.50000000000000000, 3.174999999999999822 ) ) ;
#79 = CARTESIAN_POINT ( 'NONE',  ( -63.49999999999998579, -63.50000000000000000, 3.174999999999999822 ) ) ;
#80 = VERTEX_POINT ( 'NONE', #1086 ) ;
#81 = CYLINDRICAL_SURFACE ( 'NONE', #1321, 1.100000000000003642 ) ;
#82 = DIRECTION ( 'NONE',  ( -1.000000000000000000, 0.000000000000000000, 0.000000000000000000 ) ) ;
#83 = CARTESIAN_POINT ( 'NONE',  ( -38.09999999999993037, 63.49999999999994316, 0.000000000000000000 ) ) ;
#84 = CARTESIAN_POINT ( 'NONE',  ( -55.88000000000000256, -25.39999999999999858, 3.174999999999999822 ) ) ;
#85 = ORIENTED_EDGE ( 'NONE', *, *, #2016, .T. ) ;
#86 = DIRECTION ( 'NONE',  ( 0.000000000000000000, -1.000000000000000000, 0.000000000000000000 ) ) ;
#87 = ORIENTED_EDGE ( 'NONE', *, *, #1562, .T. ) ;
#88 = ORIENTED_EDGE ( 'NONE', *, *, #2005, .T. ) ;
#89 = CYLINDRICAL_SURFACE ( 'NONE', #497, 1.599999999999997202 ) ;
#90 = EDGE_CURVE ( 'NONE', #1777, #1172, #1966, .T. ) ;
#91 = LINE ( 'NONE', #1646, #1451 ) ;
#92 = AXIS2_PLACEMENT_3D ( 'NONE', #1070, #117, #1813 ) ;
#93 = FACE_OUTER_BOUND ( 'NONE', #271, .T. ) ;
#94 = ORIENTED_EDGE ( 'NONE', *, *, #303, .F. ) ;
#95 = DIRECTION ( 'NONE',  ( 0.000000000000000000, 0.000000000000000000, 1.000000000000000000 ) ) ;
#96 = AXIS2_PLACEMENT_3D ( 'NONE', #1337, #1223, #392 ) ;
#97 = CIRCLE ( 'NONE', #607, 1.099999999999996758 ) ;
#98 = VERTEX_POINT ( 'NONE', #2051 ) ;
#99 = CIRCLE ( 'NONE', #333, 12.70000000000000284 ) ;
#100 = DIRECTION ( 'NONE',  ( -1.000000000000000000, 0.000000000000000000, 0.000000000000000000 ) ) ;
#101 = CARTESIAN_POINT ( 'NONE',  ( 25.40000000000002700, 43.17999999999994287, 0.000000000000000000 ) ) ;
#102 = AXIS2_PLACEMENT_3D ( 'NONE', #357, #1802, #1312 ) ;
#103 = DIRECTION ( 'NONE',  ( -0.000000000000000000, -0.000000000000000000, -1.000000000000000000 ) ) ;
#104 = ORIENTED_EDGE ( 'NONE', *, *, #447, .F. ) ;
#105 = EDGE_CURVE ( 'NONE', #260, #281, #1554, .T. ) ;
#106 = CARTESIAN_POINT ( 'NONE',  ( 15.68000000000002814, 31.99999999999993960, 3.174999999999999822 ) ) ;
#107 = ORIENTED_EDGE ( 'NONE', *, *, #2048, .F. ) ;
#108 = CARTESIAN_POINT ( 'NONE',  ( -61.89999999999999147, -63.50000000000000000, 3.174999999999999822 ) ) ;
#109 = DIRECTION ( 'NONE',  ( -0.000000000000000000, -0.000000000000000000, -1.000000000000000000 ) ) ;
#110 = CARTESIAN_POINT ( 'NONE',  ( -33.80000000000000426, 42.20000000000000284, 0.000000000000000000 ) ) ;
#111 = EDGE_CURVE ( 'NONE', #1565, #68, #1418, .T. ) ;
#112 = ORIENTED_EDGE ( 'NONE', *, *, #221, .F. ) ;
#113 = ORIENTED_EDGE ( 'NONE', *, *, #371, .F. ) ;
#114 = CARTESIAN_POINT ( 'NONE',  ( -12.69999999999994778, 66.03999999999994941, 0.000000000000000000 ) ) ;
#115 = ORIENTED_EDGE ( 'NONE', *, *, #1934, .F. ) ;
#116 = ORIENTED_EDGE ( 'NONE', *, *, #1910, .F. ) ;
#117 = DIRECTION ( 'NONE',  ( 0.000000000000000000, 0.000000000000000000, 1.000000000000000000 ) ) ;
#118 = EDGE_LOOP ( 'NONE', ( #1442, #748 ) ) ;
#119 = UNCERTAINTY_MEASURE_WITH_UNIT (LENGTH_MEASURE( 1.000000000000000082E-05 ), #967, 'distance_accuracy_value', 'NONE');
#120 = DIRECTION ( 'NONE',  ( -0.000000000000000000, -0.000000000000000000, -1.000000000000000000 ) ) ;
#121 = DIRECTION ( 'NONE',  ( 1.000000000000000000, 0.000000000000000000, 0.000000000000000000 ) ) ;
#122 = CARTESIAN_POINT ( 'NONE',  ( 14.08000000000000185, -31.99999999999999289, 3.174999999999999822 ) ) ;
#123 = ORIENTED_EDGE ( 'NONE', *, *, #1533, .T. ) ;
#124 = AXIS2_PLACEMENT_3D ( 'NONE', #1347, #1361, #918 ) ;
#125 = ORIENTED_EDGE ( 'NONE', *, *, #1002, .F. ) ;
#126 = FACE_OUTER_BOUND ( 'NONE', #569, .T. ) ;
#127 = VERTEX_POINT ( 'NONE', #1926 ) ;
#128 = ADVANCED_FACE ( 'NONE', ( #1765 ), #992, .F. ) ;
#129 = DIRECTION ( 'NONE',  ( 0.000000000000000000, 0.000000000000000000, 1.000000000000000000 ) ) ;
#130 = ORIENTED_EDGE ( 'NONE', *, *, #1156, .F. ) ;
#131 = DIRECTION ( 'NONE',  ( -0.000000000000000000, -1.000000000000000000, -0.000000000000000000 ) ) ;
#132 = CARTESIAN_POINT ( 'NONE',  ( -65.45000000000000284, 17.25000000000000355, 3.174999999999999822 ) ) ;
#133 = VECTOR ( 'NONE', #1461, 1000.000000000000000 ) ;
#134 = DIRECTION ( 'NONE',  ( 1.000000000000000000, 0.000000000000000000, 0.000000000000000000 ) ) ;
#135 = AXIS2_PLACEMENT_3D ( 'NONE', #1721, #943, #1702 ) ;
#136 = AXIS2_PLACEMENT_3D ( 'NONE', #74, #1335, #1478 ) ;
#137 = ORIENTED_EDGE ( 'NONE', *, *, #914, .T. ) ;
#138 = DIRECTION ( 'NONE',  ( 0.000000000000000000, 0.000000000000000000, 1.000000000000000000 ) ) ;
#139 = EDGE_LOOP ( 'NONE', ( #1579, #2008 ) ) ;
#140 = DIRECTION ( 'NONE',  ( -1.000000000000000000, 0.000000000000000000, 0.000000000000000000 ) ) ;
#141 = ORIENTED_EDGE ( 'NONE', *, *, #371, .T. ) ;
#142 = EDGE_CURVE ( 'NONE', #1707, #1673, #1604, .T. ) ;
#143 = CARTESIAN_POINT ( 'NONE',  ( -21.91999999999999460, -32.00000000000000000, 3.174999999999999822 ) ) ;
#144 = DIRECTION ( 'NONE',  ( -1.000000000000000000, 0.000000000000000000, 0.000000000000000000 ) ) ;
#145 = EDGE_CURVE ( 'NONE', #873, #1698, #97, .T. ) ;
#146 = CARTESIAN_POINT ( 'NONE',  ( -12.70000000000000284, -66.04000000000000625, 3.174999999999999822 ) ) ;
#147 = CARTESIAN_POINT ( 'NONE',  ( -12.69999999999994778, 43.17999999999994998, 3.174999999999999822 ) ) ;
#148 = FILL_AREA_STYLE_COLOUR ( '', #1035 ) ;
#149 = EDGE_LOOP ( 'NONE', ( #1574, #396, #783, #785 ) ) ;
#150 = DIRECTION ( 'NONE',  ( -1.000000000000000000, 0.000000000000000000, 0.000000000000000000 ) ) ;
#151 = ORIENTED_EDGE ( 'NONE', *, *, #1881, .T. ) ;
#152 = EDGE_CURVE ( 'NONE', #1244, #593, #1293, .T. ) ;
#153 = LINE ( 'NONE', #1962, #373 ) ;
#154 = DIRECTION ( 'NONE',  ( 1.000000000000000000, 1.821231995776175479E-16, 0.000000000000000000 ) ) ;
#155 = EDGE_CURVE ( 'NONE', #1436, #534, #1130, .T. ) ;
#156 = CARTESIAN_POINT ( 'NONE',  ( -12.70000000000000284, -66.04000000000000625, 0.000000000000000000 ) ) ;
#157 = ADVANCED_FACE ( 'NONE', ( #1481 ), #40, .F. ) ;
#158 = EDGE_LOOP ( 'NONE', ( #20, #490, #811, #626 ) ) ;
#159 =( NAMED_UNIT ( * ) SI_UNIT ( $, .STERADIAN. ) SOLID_ANGLE_UNIT ( ) );
#160 = ORIENTED_EDGE ( 'NONE', *, *, #808, .F. ) ;
#161 = FACE_BOUND ( 'NONE', #1931, .T. ) ;
#162 = ORIENTED_EDGE ( 'NONE', *, *, #958, .F. ) ;
#163 = CARTESIAN_POINT ( 'NONE',  ( -12.69999999999994778, 66.03999999999994941, 3.174999999999999822 ) ) ;
#164 = CARTESIAN_POINT ( 'NONE',  ( -39.69999999999998863, -63.50000000000000000, 3.174999999999999822 ) ) ;
#165 = DIRECTION ( 'NONE',  ( -0.000000000000000000, -0.000000000000000000, -1.000000000000000000 ) ) ;
#166 = FACE_OUTER_BOUND ( 'NONE', #418, .T. ) ;
#167 = VECTOR ( 'NONE', #1020, 1000.000000000000000 ) ;
#168 = AXIS2_PLACEMENT_3D ( 'NONE', #147, #1234, #1875 ) ;
#169 = EDGE_CURVE ( 'NONE', #886, #127, #1588, .T. ) ;
#170 = ORIENTED_EDGE ( 'NONE', *, *, #169, .F. ) ;
#171 = VECTOR ( 'NONE', #1913, 1000.000000000000000 ) ;
#172 = CARTESIAN_POINT ( 'NONE',  ( -50.10000000000001563, 57.20000000000000284, 0.000000000000000000 ) ) ;
#173 = DIRECTION ( 'NONE',  ( 0.000000000000000000, 0.000000000000000000, 1.000000000000000000 ) ) ;
#174 = AXIS2_PLACEMENT_3D ( 'NONE', #1101, #929, #1382 ) ;
#175 = FACE_BOUND ( 'NONE', #900, .T. ) ;
#176 = EDGE_LOOP ( 'NONE', ( #1471, #69 ) ) ;
#177 = FACE_BOUND ( 'NONE', #1365, .T. ) ;
#178 = CARTESIAN_POINT ( 'NONE',  ( -12.69999999999994778, 66.03999999999994941, 0.000000000000000000 ) ) ;
#179 = EDGE_CURVE ( 'NONE', #1504, #387, #222, .T. ) ;
#180 = CYLINDRICAL_SURFACE ( 'NONE', #1827, 12.70000000000000284 ) ;
#181 = DIRECTION ( 'NONE',  ( 0.000000000000000000, 0.000000000000000000, 1.000000000000000000 ) ) ;
#182 = EDGE_LOOP ( 'NONE', ( #112, #1116, #1843, #700 ) ) ;
#183 = CARTESIAN_POINT ( 'NONE',  ( -31.60000000000000853, 57.20000000000000284, 0.000000000000000000 ) ) ;
#184 = DIRECTION ( 'NONE',  ( 1.000000000000000000, 0.000000000000000000, 0.000000000000000000 ) ) ;
#185 = DIRECTION ( 'NONE',  ( -0.000000000000000000, -0.000000000000000000, -1.000000000000000000 ) ) ;
#186 = DIRECTION ( 'NONE',  ( -0.000000000000000000, -0.000000000000000000, -1.000000000000000000 ) ) ;
#187 = APPLICATION_PROTOCOL_DEFINITION ( 'draft international standard', 'automotive_design', 1998, #1939 ) ;
#188 = EDGE_LOOP ( 'NONE', ( #1978, #1080, #424, #1236 ) ) ;
#189 = EDGE_CURVE ( 'NONE', #842, #98, #1001, .T. ) ;
#190 = VECTOR ( 'NONE', #520, 1000.000000000000000 ) ;
#191 = LINE ( 'NONE', #1488, #962 ) ;
#192 = CARTESIAN_POINT ( 'NONE',  ( -33.80000000000000426, 42.20000000000000284, 3.174999999999999822 ) ) ;
#193 = CARTESIAN_POINT ( 'NONE',  ( -12.70000000000000284, -43.17999999999999972, 0.000000000000000000 ) ) ;
#194 = ORIENTED_EDGE ( 'NONE', *, *, #179, .F. ) ;
#195 = DIRECTION ( 'NONE',  ( -0.000000000000000000, 0.000000000000000000, 1.000000000000000000 ) ) ;
#196 = VECTOR ( 'NONE', #414, 1000.000000000000000 ) ;
#197 = VECTOR ( 'NONE', #41, 1000.000000000000000 ) ;
#198 = AXIS2_PLACEMENT_3D ( 'NONE', #1880, #803, #12 ) ;
#199 = DIRECTION ( 'NONE',  ( 0.000000000000000000, 1.000000000000000000, 0.000000000000000000 ) ) ;
#200 = CIRCLE ( 'NONE', #1896, 1.099999999999996758 ) ;
#201 = ORIENTED_EDGE ( 'NONE', *, *, #1982, .T. ) ;
#202 = ORIENTED_EDGE ( 'NONE', *, *, #500, .T. ) ;
#203 = CIRCLE ( 'NONE', #476, 1.099999999999996758 ) ;
#204 = CARTESIAN_POINT ( 'NONE',  ( 15.67999999999999972, -31.99999999999999289, 3.174999999999999822 ) ) ;
#205 = EDGE_CURVE ( 'NONE', #98, #1749, #1595, .T. ) ;
#206 = CARTESIAN_POINT ( 'NONE',  ( -36.49999999999993605, 63.49999999999994316, 3.174999999999999822 ) ) ;
#207 = CARTESIAN_POINT ( 'NONE',  ( -21.91999999999993776, 31.99999999999994671, 3.174999999999999822 ) ) ;
#208 = EDGE_LOOP ( 'NONE', ( #1178, #917, #1607, #1590 ) ) ;
#209 = DIRECTION ( 'NONE',  ( -0.000000000000000000, -0.000000000000000000, -1.000000000000000000 ) ) ;
#210 = DIRECTION ( 'NONE',  ( 1.000000000000000000, 0.000000000000000000, 0.000000000000000000 ) ) ;
#211 = DIRECTION ( 'NONE',  ( -0.000000000000000000, -0.000000000000000000, -1.000000000000000000 ) ) ;
#212 = ORIENTED_EDGE ( 'NONE', *, *, #595, .F. ) ;
#213 = ORIENTED_EDGE ( 'NONE', *, *, #579, .T. ) ;
#214 = ORIENTED_EDGE ( 'NONE', *, *, #1472, .T. ) ;
#215 = DIRECTION ( 'NONE',  ( 0.000000000000000000, -0.000000000000000000, -1.000000000000000000 ) ) ;
#216 = EDGE_CURVE ( 'NONE', #777, #825, #1287, .T. ) ;
#217 = DIRECTION ( 'NONE',  ( 0.000000000000000000, 0.000000000000000000, 1.000000000000000000 ) ) ;
#218 = FACE_BOUND ( 'NONE', #1814, .T. ) ;
#219 = EDGE_CURVE ( 'NONE', #1238, #220, #848, .T. ) ;
#220 = VERTEX_POINT ( 'NONE', #178 ) ;
#221 = EDGE_CURVE ( 'NONE', #1259, #1620, #822, .T. ) ;
#222 = LINE ( 'NONE', #1630, #1825 ) ;
#223 = CARTESIAN_POINT ( 'NONE',  ( -20.31999999999994344, 31.99999999999994671, 0.000000000000000000 ) ) ;
#224 = DIRECTION ( 'NONE',  ( -0.000000000000000000, -0.000000000000000000, -1.000000000000000000 ) ) ;
#225 = EDGE_LOOP ( 'NONE', ( #426, #1318, #2011, #1314 ) ) ;
#226 = VERTEX_POINT ( 'NONE', #537 ) ;
#227 = DIRECTION ( 'NONE',  ( -1.000000000000000000, 0.000000000000000000, 0.000000000000000000 ) ) ;
#228 = VERTEX_POINT ( 'NONE', #1018 ) ;
#229 = LINE ( 'NONE', #866, #1041 ) ;
#230 = LINE ( 'NONE', #75, #677 ) ;
#231 = AXIS2_PLACEMENT_3D ( 'NONE', #1215, #760, #419 ) ;
#232 = DIRECTION ( 'NONE',  ( -0.000000000000000000, 0.000000000000000000, 1.000000000000000000 ) ) ;
#233 = ADVANCED_FACE ( 'NONE', ( #678 ), #1300, .F. ) ;
#234 = DIRECTION ( 'NONE',  ( 1.000000000000000000, 0.000000000000000000, 0.000000000000000000 ) ) ;
#235 = MECHANICAL_DESIGN_GEOMETRIC_PRESENTATION_REPRESENTATION (  '', ( #606 ), #1794 ) ;
#236 = VECTOR ( 'NONE', #185, 1000.000000000000000 ) ;
#237 = EDGE_CURVE ( 'NONE', #1569, #337, #1145, .T. ) ;
#238 = FACE_OUTER_BOUND ( 'NONE', #1599, .T. ) ;
#239 = ORIENTED_EDGE ( 'NONE', *, *, #2002, .F. ) ;
#240 = VECTOR ( 'NONE', #501, 1000.000000000000000 ) ;
#241 = CARTESIAN_POINT ( 'NONE',  ( -76.20000000000000284, -63.50000000000000000, 3.174999999999999822 ) ) ;
#242 = EDGE_CURVE ( 'NONE', #553, #1078, #1960, .T. ) ;
#243 = ORIENTED_EDGE ( 'NONE', *, *, #2016, .F. ) ;
#244 = DIRECTION ( 'NONE',  ( -0.000000000000000000, -0.000000000000000000, -1.000000000000000000 ) ) ;
#245 = EDGE_CURVE ( 'NONE', #1158, #1993, #1947, .T. ) ;
#246 = ORIENTED_EDGE ( 'NONE', *, *, #1260, .T. ) ;
#247 = DIRECTION ( 'NONE',  ( -0.000000000000000000, -0.000000000000000000, -1.000000000000000000 ) ) ;
#248 = CARTESIAN_POINT ( 'NONE',  ( -31.60000000000000853, 57.20000000000000284, 3.174999999999999822 ) ) ;
#249 = DIRECTION ( 'NONE',  ( 1.000000000000000000, 0.000000000000000000, 0.000000000000000000 ) ) ;
#250 = DIRECTION ( 'NONE',  ( -0.000000000000000000, -0.000000000000000000, -1.000000000000000000 ) ) ;
#251 = ORIENTED_EDGE ( 'NONE', *, *, #308, .T. ) ;
#252 = FACE_OUTER_BOUND ( 'NONE', #1370, .T. ) ;
#253 = ORIENTED_EDGE ( 'NONE', *, *, #145, .F. ) ;
#254 = CARTESIAN_POINT ( 'NONE',  ( -65.45000000000000284, -13.95000000000000107, 3.174999999999999822 ) ) ;
#255 = EDGE_CURVE ( 'NONE', #886, #1777, #1309, .T. ) ;
#256 = FACE_OUTER_BOUND ( 'NONE', #498, .T. ) ;
#257 = CARTESIAN_POINT ( 'NONE',  ( 38.10000000000001563, -63.50000000000000000, 0.000000000000000000 ) ) ;
#258 = DIRECTION ( 'NONE',  ( -1.000000000000000000, 0.000000000000000000, 0.000000000000000000 ) ) ;
#259 = VERTEX_POINT ( 'NONE', #1354 ) ;
#260 = VERTEX_POINT ( 'NONE', #2013 ) ;
#261 = LINE ( 'NONE', #901, #1254 ) ;
#262 = VERTEX_POINT ( 'NONE', #1025 ) ;
#263 = DIRECTION ( 'NONE',  ( 0.000000000000000000, -0.000000000000000000, -1.000000000000000000 ) ) ;
#264 = CIRCLE ( 'NONE', #1264, 1.099999999999996758 ) ;
#265 = ORIENTED_EDGE ( 'NONE', *, *, #155, .F. ) ;
#266 = AXIS2_PLACEMENT_3D ( 'NONE', #83, #587, #721 ) ;
#267 = DIRECTION ( 'NONE',  ( -0.000000000000000000, 0.000000000000000000, 1.000000000000000000 ) ) ;
#268 = CIRCLE ( 'NONE', #1100, 12.70000000000000284 ) ;
#269 = VECTOR ( 'NONE', #435, 1000.000000000000000 ) ;
#270 = DIRECTION ( 'NONE',  ( 0.000000000000000000, 1.000000000000000000, -0.000000000000000000 ) ) ;
#271 = EDGE_LOOP ( 'NONE', ( #923, #246, #1137, #1772 ) ) ;
#272 = CARTESIAN_POINT ( 'NONE',  ( 15.68000000000002814, 31.99999999999993960, 0.000000000000000000 ) ) ;
#273 = ORIENTED_EDGE ( 'NONE', *, *, #1582, .T. ) ;
#274 = CARTESIAN_POINT ( 'NONE',  ( -12.70000000000000284, -66.04000000000000625, 3.174999999999999822 ) ) ;
#275 = ORIENTED_EDGE ( 'NONE', *, *, #1024, .T. ) ;
#276 = CARTESIAN_POINT ( 'NONE',  ( 25.40000000000002700, 43.17999999999994287, 3.174999999999999822 ) ) ;
#277 = CARTESIAN_POINT ( 'NONE',  ( -45.71999999999999886, -25.39999999999999858, 3.174999999999999822 ) ) ;
#278 = EDGE_CURVE ( 'NONE', #262, #1589, #1983, .T. ) ;
#279 = EDGE_LOOP ( 'NONE', ( #1345, #439, #660, #1740 ) ) ;
#280 = ADVANCED_FACE ( 'NONE', ( #423 ), #1209, .F. ) ;
#281 = VERTEX_POINT ( 'NONE', #884 ) ;
#282 = ORIENTED_EDGE ( 'NONE', *, *, #1042, .T. ) ;
#283 = EDGE_CURVE ( 'NONE', #302, #1522, #91, .T. ) ;
#284 = EDGE_LOOP ( 'NONE', ( #1823, #45 ) ) ;
#285 = LINE ( 'NONE', #276, #336 ) ;
#286 = CARTESIAN_POINT ( 'NONE',  ( -65.45000000000000284, 17.25000000000000355, 3.174999999999999822 ) ) ;
#287 = DIRECTION ( 'NONE',  ( -0.000000000000000000, -0.000000000000000000, -1.000000000000000000 ) ) ;
#288 = DIRECTION ( 'NONE',  ( -1.000000000000000000, 0.000000000000000000, 0.000000000000000000 ) ) ;
#289 = PRODUCT_DEFINITION_FORMATION_WITH_SPECIFIED_SOURCE ( 'ANY', '', #433, .NOT_KNOWN. ) ;
#290 = CARTESIAN_POINT ( 'NONE',  ( -20.31999999999994344, 31.99999999999994671, 0.000000000000000000 ) ) ;
#291 = VERTEX_POINT ( 'NONE', #110 ) ;
#292 = EDGE_CURVE ( 'NONE', #1064, #926, #600, .T. ) ;
#293 = AXIS2_PLACEMENT_3D ( 'NONE', #1974, #195, #342 ) ;
#294 = DIRECTION ( 'NONE',  ( 0.000000000000000000, 0.000000000000000000, 1.000000000000000000 ) ) ;
#295 = DIRECTION ( 'NONE',  ( -0.000000000000000000, -0.000000000000000000, 1.000000000000000000 ) ) ;
#296 = VECTOR ( 'NONE', #1034, 1000.000000000000000 ) ;
#297 = CARTESIAN_POINT ( 'NONE',  ( -39.69999999999993179, 63.49999999999994316, 0.000000000000000000 ) ) ;
#298 = VECTOR ( 'NONE', #831, 1000.000000000000000 ) ;
#299 = AXIS2_PLACEMENT_3D ( 'NONE', #106, #1049, #1501 ) ;
#300 = DIRECTION ( 'NONE',  ( -1.000000000000000000, 0.000000000000000000, 0.000000000000000000 ) ) ;
#301 = LINE ( 'NONE', #1715, #1892 ) ;
#302 = VERTEX_POINT ( 'NONE', #390 ) ;
#303 = EDGE_CURVE ( 'NONE', #897, #1504, #365, .T. ) ;
#304 = DIRECTION ( 'NONE',  ( 1.000000000000000000, 0.000000000000000000, 0.000000000000000000 ) ) ;
#305 = PRODUCT_DEFINITION ( 'UNKNOWN', '', #289, #1480 ) ;
#306 = ORIENTED_EDGE ( 'NONE', *, *, #662, .T. ) ;
#307 = EDGE_CURVE ( 'NONE', #1032, #1360, #1063, .T. ) ;
#308 = EDGE_CURVE ( 'NONE', #1565, #358, #1518, .T. ) ;
#309 = CYLINDRICAL_SURFACE ( 'NONE', #1351, 1.599999999999997202 ) ;
#310 = LINE ( 'NONE', #612, #1865 ) ;
#311 = EDGE_CURVE ( 'NONE', #509, #1867, #430, .T. ) ;
#312 = FACE_OUTER_BOUND ( 'NONE', #323, .T. ) ;
#313 = ORIENTED_EDGE ( 'NONE', *, *, #525, .T. ) ;
#314 = DIRECTION ( 'NONE',  ( -1.000000000000000000, 0.000000000000000000, 0.000000000000000000 ) ) ;
#315 = EDGE_LOOP ( 'NONE', ( #33, #978, #87, #313 ) ) ;
#316 = DIRECTION ( 'NONE',  ( 1.000000000000000000, 0.000000000000000000, 0.000000000000000000 ) ) ;
#317 = VERTEX_POINT ( 'NONE', #754 ) ;
#318 = CARTESIAN_POINT ( 'NONE',  ( -76.20000000000000284, -76.20000000000000284, 0.000000000000000000 ) ) ;
#319 = EDGE_CURVE ( 'NONE', #650, #874, #1372, .T. ) ;
#320 = CARTESIAN_POINT ( 'NONE',  ( 25.39999999999999858, -43.17999999999999261, 3.174999999999999822 ) ) ;
#321 = CARTESIAN_POINT ( 'NONE',  ( 63.50000000000001421, -63.50000000000000000, 3.174999999999999822 ) ) ;
#322 = ADVANCED_FACE ( 'NONE', ( #1841 ), #2025, .F. ) ;
#323 = EDGE_LOOP ( 'NONE', ( #928, #386, #393, #1303 ) ) ;
#324 = CARTESIAN_POINT ( 'NONE',  ( -45.71999999999999886, 25.39999999999999858, 0.000000000000000000 ) ) ;
#325 = ORIENTED_EDGE ( 'NONE', *, *, #1961, .T. ) ;
#326 = DIRECTION ( 'NONE',  ( 0.000000000000000000, 0.000000000000000000, -1.000000000000000000 ) ) ;
#327 = ORIENTED_EDGE ( 'NONE', *, *, #1443, .T. ) ;
#328 = AXIS2_PLACEMENT_3D ( 'NONE', #290, #1412, #140 ) ;
#329 = EDGE_CURVE ( 'NONE', #582, #878, #1810, .T. ) ;
#330 = FACE_BOUND ( 'NONE', #1524, .T. ) ;
#331 = CIRCLE ( 'NONE', #102, 1.599999999999997202 ) ;
#332 = VECTOR ( 'NONE', #1658, 1000.000000000000000 ) ;
#333 = AXIS2_PLACEMENT_3D ( 'NONE', #1407, #463, #1091 ) ;
#334 = CARTESIAN_POINT ( 'NONE',  ( -76.20000000000000284, 63.49999999999998579, 3.174999999999999822 ) ) ;
#335 = DIRECTION ( 'NONE',  ( -0.000000000000000000, -0.000000000000000000, -1.000000000000000000 ) ) ;
#336 = VECTOR ( 'NONE', #429, 1000.000000000000000 ) ;
#337 = VERTEX_POINT ( 'NONE', #1819 ) ;
#338 = VERTEX_POINT ( 'NONE', #722 ) ;
#339 = VERTEX_POINT ( 'NONE', #241 ) ;
#340 = DIRECTION ( 'NONE',  ( 0.000000000000000000, -1.000000000000000000, 0.000000000000000000 ) ) ;
#341 = DIRECTION ( 'NONE',  ( 0.000000000000000000, 0.000000000000000000, -1.000000000000000000 ) ) ;
#342 = DIRECTION ( 'NONE',  ( -1.000000000000000000, 0.000000000000000000, 0.000000000000000000 ) ) ;
#343 = ADVANCED_FACE ( 'NONE', ( #400 ), #1363, .F. ) ;
#344 = PRODUCT_CONTEXT ( 'NONE', #1386, 'mechanical' ) ;
#345 = DIRECTION ( 'NONE',  ( 1.000000000000000000, 0.000000000000000000, 0.000000000000000000 ) ) ;
#346 = EDGE_LOOP ( 'NONE', ( #561, #1152, #1339, #987 ) ) ;
#347 = ORIENTED_EDGE ( 'NONE', *, *, #391, .T. ) ;
#348 = ADVANCED_FACE ( 'NONE', ( #1343 ), #744, .F. ) ;
#349 = ORIENTED_EDGE ( 'NONE', *, *, #1619, .T. ) ;
#350 = CYLINDRICAL_SURFACE ( 'NONE', #864, 1.599999999999997202 ) ;
#351 = CARTESIAN_POINT ( 'NONE',  ( -64.35000000000000853, 17.25000000000000355, 3.174999999999999822 ) ) ;
#352 = DIRECTION ( 'NONE',  ( -0.000000000000000000, -0.000000000000000000, -1.000000000000000000 ) ) ;
#353 = CARTESIAN_POINT ( 'NONE',  ( 0.000000000000000000, 0.000000000000000000, 3.174999999999999822 ) ) ;
#354 = ORIENTED_EDGE ( 'NONE', *, *, #614, .T. ) ;
#355 = CARTESIAN_POINT ( 'NONE',  ( 63.50000000000002842, 63.49999999999994316, 3.174999999999999822 ) ) ;
#356 = EDGE_CURVE ( 'NONE', #358, #608, #896, .T. ) ;
#357 = CARTESIAN_POINT ( 'NONE',  ( 15.68000000000002814, 31.99999999999993960, 3.174999999999999822 ) ) ;
#358 = VERTEX_POINT ( 'NONE', #730 ) ;
#359 = EDGE_LOOP ( 'NONE', ( #1760, #602, #1557, #1186 ) ) ;
#360 = CARTESIAN_POINT ( 'NONE',  ( 38.10000000000001563, -63.50000000000000000, 3.174999999999999822 ) ) ;
#361 = DIRECTION ( 'NONE',  ( 1.000000000000000000, 0.000000000000000000, 0.000000000000000000 ) ) ;
#362 = DIRECTION ( 'NONE',  ( 0.000000000000000000, 0.000000000000000000, -1.000000000000000000 ) ) ;
#363 = CIRCLE ( 'NONE', #641, 1.100000000000003642 ) ;
#364 = CARTESIAN_POINT ( 'NONE',  ( 38.10000000000001563, -63.50000000000000000, 3.174999999999999822 ) ) ;
#365 = CIRCLE ( 'NONE', #568, 1.599999999999997202 ) ;
#366 = LINE ( 'NONE', #1787, #1723 ) ;
#367 = VECTOR ( 'NONE', #1454, 1000.000000000000000 ) ;
#368 = CARTESIAN_POINT ( 'NONE',  ( -39.69999999999998863, -63.50000000000000000, 0.000000000000000000 ) ) ;
#369 = AXIS2_PLACEMENT_3D ( 'NONE', #829, #1316, #36 ) ;
#370 = EDGE_LOOP ( 'NONE', ( #691, #1803, #1882, #1804, #1884, #15, #1417, #1529 ) ) ;
#371 = EDGE_CURVE ( 'NONE', #585, #771, #645, .T. ) ;
#372 = ORIENTED_EDGE ( 'NONE', *, *, #1713, .F. ) ;
#373 = VECTOR ( 'NONE', #1322, 1000.000000000000000 ) ;
#374 = CARTESIAN_POINT ( 'NONE',  ( -52.30000000000000426, 42.20000000000000284, 3.174999999999999822 ) ) ;
#375 = CYLINDRICAL_SURFACE ( 'NONE', #1657, 1.099999999999996758 ) ;
#376 = ADVANCED_FACE ( 'NONE', ( #1585 ), #647, .F. ) ;
#377 = ADVANCED_FACE ( 'NONE', ( #166 ), #1712, .F. ) ;
#378 = DIRECTION ( 'NONE',  ( -1.000000000000000000, 0.000000000000000000, 0.000000000000000000 ) ) ;
#379 = FACE_BOUND ( 'NONE', #1900, .T. ) ;
#380 = EDGE_LOOP ( 'NONE', ( #213, #1667, #239, #1641 ) ) ;
#381 = ADVANCED_BREP_SHAPE_REPRESENTATION ( 'layer3', ( #1581, #1647 ), #1679 ) ;
#382 = CARTESIAN_POINT ( 'NONE',  ( 61.90000000000001990, -63.50000000000000000, 3.174999999999999822 ) ) ;
#383 = DIRECTION ( 'NONE',  ( 1.000000000000000000, 0.000000000000000000, 0.000000000000000000 ) ) ;
#384 =( NAMED_UNIT ( * ) SI_UNIT ( $, .STERADIAN. ) SOLID_ANGLE_UNIT ( ) );
#385 = CARTESIAN_POINT ( 'NONE',  ( -12.70000000000000284, -43.17999999999999972, 3.174999999999999822 ) ) ;
#386 = ORIENTED_EDGE ( 'NONE', *, *, #2067, .T. ) ;
#387 = VERTEX_POINT ( 'NONE', #297 ) ;
#388 = DIRECTION ( 'NONE',  ( -1.000000000000000000, 0.000000000000000000, 0.000000000000000000 ) ) ;
#389 = ORIENTED_EDGE ( 'NONE', *, *, #958, .T. ) ;
#390 = CARTESIAN_POINT ( 'NONE',  ( -12.69999999999994778, 43.17999999999994998, 3.174999999999999822 ) ) ;
#391 = EDGE_CURVE ( 'NONE', #337, #1220, #445, .T. ) ;
#392 = DIRECTION ( 'NONE',  ( 1.000000000000000000, 0.000000000000000000, 0.000000000000000000 ) ) ;
#393 = ORIENTED_EDGE ( 'NONE', *, *, #1404, .F. ) ;
#394 = ORIENTED_EDGE ( 'NONE', *, *, #633, .T. ) ;
#395 = CARTESIAN_POINT ( 'NONE',  ( -45.71999999999999886, -25.39999999999999858, 0.000000000000000000 ) ) ;
#396 = ORIENTED_EDGE ( 'NONE', *, *, #1514, .F. ) ;
#397 = CARTESIAN_POINT ( 'NONE',  ( -66.55000000000001137, 17.25000000000000355, 3.174999999999999822 ) ) ;
#398 = CARTESIAN_POINT ( 'NONE',  ( -31.60000000000000853, 42.20000000000000284, 3.174999999999999822 ) ) ;
#399 = EDGE_CURVE ( 'NONE', #51, #1064, #931, .T. ) ;
#400 = FACE_OUTER_BOUND ( 'NONE', #2031, .T. ) ;
#401 = EDGE_CURVE ( 'NONE', #1259, #228, #1039, .T. ) ;
#402 = VECTOR ( 'NONE', #651, 1000.000000000000000 ) ;
#403 = VERTEX_POINT ( 'NONE', #1542 ) ;
#404 = DIRECTION ( 'NONE',  ( -1.000000000000000000, 0.000000000000000000, 0.000000000000000000 ) ) ;
#405 = VECTOR ( 'NONE', #1948, 1000.000000000000000 ) ;
#406 = AXIS2_PLACEMENT_3D ( 'NONE', #364, #19, #1153 ) ;
#407 = EDGE_LOOP ( 'NONE', ( #478, #1082, #1914, #1598 ) ) ;
#408 = ORIENTED_EDGE ( 'NONE', *, *, #1038, .T. ) ;
#409 = DIRECTION ( 'NONE',  ( -1.000000000000000000, 0.000000000000000000, 0.000000000000000000 ) ) ;
#410 = AXIS2_PLACEMENT_3D ( 'NONE', #353, #362, #991 ) ;
#411 = ORIENTED_EDGE ( 'NONE', *, *, #2067, .F. ) ;
#412 = CIRCLE ( 'NONE', #1195, 12.70000000000000284 ) ;
#413 = DIRECTION ( 'NONE',  ( -1.000000000000000000, 0.000000000000000000, 0.000000000000000000 ) ) ;
#414 = DIRECTION ( 'NONE',  ( -0.000000000000000000, -0.000000000000000000, -1.000000000000000000 ) ) ;
#415 = VERTEX_POINT ( 'NONE', #1398 ) ;
#416 = EDGE_CURVE ( 'NONE', #1620, #1012, #1455, .T. ) ;
#417 = CARTESIAN_POINT ( 'NONE',  ( 63.50000000000001421, -63.50000000000000000, 3.174999999999999822 ) ) ;
#418 = EDGE_LOOP ( 'NONE', ( #1066, #1853, #243, #862 ) ) ;
#419 = DIRECTION ( 'NONE',  ( 1.000000000000000000, 0.000000000000000000, 0.000000000000000000 ) ) ;
#420 = EDGE_LOOP ( 'NONE', ( #468, #1232 ) ) ;
#421 = CARTESIAN_POINT ( 'NONE',  ( 25.39999999999999858, -66.04000000000000625, 3.174999999999999822 ) ) ;
#422 = CARTESIAN_POINT ( 'NONE',  ( -21.91999999999999460, -32.00000000000000000, 0.000000000000000000 ) ) ;
#423 = FACE_OUTER_BOUND ( 'NONE', #1304, .T. ) ;
#424 = ORIENTED_EDGE ( 'NONE', *, *, #527, .T. ) ;
#425 = FACE_OUTER_BOUND ( 'NONE', #1487, .T. ) ;
#426 = ORIENTED_EDGE ( 'NONE', *, *, #998, .F. ) ;
#427 = EDGE_CURVE ( 'NONE', #1994, #1642, #1521, .T. ) ;
#428 = CARTESIAN_POINT ( 'NONE',  ( 63.50000000000000000, 76.20000000000000284, 0.000000000000000000 ) ) ;
#429 = DIRECTION ( 'NONE',  ( -0.000000000000000000, -0.000000000000000000, -1.000000000000000000 ) ) ;
#430 = LINE ( 'NONE', #1055, #1352 ) ;
#431 = ORIENTED_EDGE ( 'NONE', *, *, #2002, .T. ) ;
#432 = VECTOR ( 'NONE', #1568, 1000.000000000000000 ) ;
#433 = PRODUCT ( 'layer3', 'layer3', '', ( #344 ) ) ;
#434 = ORIENTED_EDGE ( 'NONE', *, *, #1558, .T. ) ;
#435 = DIRECTION ( 'NONE',  ( -0.000000000000000000, -0.000000000000000000, -1.000000000000000000 ) ) ;
#436 = ORIENTED_EDGE ( 'NONE', *, *, #1110, .T. ) ;
#437 = DIRECTION ( 'NONE',  ( 1.000000000000000000, 0.000000000000000000, 0.000000000000000000 ) ) ;
#438 = CIRCLE ( 'NONE', #1358, 1.599999999999997202 ) ;
#439 = ORIENTED_EDGE ( 'NONE', *, *, #525, .F. ) ;
#440 = AXIS2_PLACEMENT_3D ( 'NONE', #1138, #1767, #345 ) ;
#441 = CARTESIAN_POINT ( 'NONE',  ( 25.40000000000002700, 66.03999999999994941, 0.000000000000000000 ) ) ;
#442 = DIRECTION ( 'NONE',  ( 0.000000000000000000, -1.000000000000000000, 0.000000000000000000 ) ) ;
#443 = ADVANCED_FACE ( 'NONE', ( #312 ), #625, .F. ) ;
#444 = AXIS2_PLACEMENT_3D ( 'NONE', #1430, #24, #672 ) ;
#445 = LINE ( 'NONE', #156, #1006 ) ;
#446 = VERTEX_POINT ( 'NONE', #1113 ) ;
#447 = EDGE_CURVE ( 'NONE', #1964, #1064, #99, .T. ) ;
#448 = DIRECTION ( 'NONE',  ( -1.000000000000000000, 0.000000000000000000, 0.000000000000000000 ) ) ;
#449 = ORIENTED_EDGE ( 'NONE', *, *, #292, .F. ) ;
#450 = FACE_OUTER_BOUND ( 'NONE', #477, .T. ) ;
#451 = ORIENTED_EDGE ( 'NONE', *, *, #1582, .F. ) ;
#452 = DIRECTION ( 'NONE',  ( 0.000000000000000000, 0.000000000000000000, 1.000000000000000000 ) ) ;
#453 = DIRECTION ( 'NONE',  ( 1.821231995776175479E-16, -1.000000000000000000, 0.000000000000000000 ) ) ;
#454 = DIRECTION ( 'NONE',  ( 0.000000000000000000, 0.000000000000000000, 1.000000000000000000 ) ) ;
#455 = VERTEX_POINT ( 'NONE', #952 ) ;
#456 = EDGE_CURVE ( 'NONE', #2019, #80, #1258, .T. ) ;
#457 = ORIENTED_EDGE ( 'NONE', *, *, #90, .T. ) ;
#458 = DIRECTION ( 'NONE',  ( -0.000000000000000000, -1.000000000000000000, -0.000000000000000000 ) ) ;
#459 = ORIENTED_EDGE ( 'NONE', *, *, #1253, .F. ) ;
#460 = LINE ( 'NONE', #1256, #1613 ) ;
#461 = ORIENTED_EDGE ( 'NONE', *, *, #1233, .F. ) ;
#462 = FACE_OUTER_BOUND ( 'NONE', #481, .T. ) ;
#463 = DIRECTION ( 'NONE',  ( 0.000000000000000000, 0.000000000000000000, -1.000000000000000000 ) ) ;
#464 = EDGE_CURVE ( 'NONE', #667, #630, #1390, .T. ) ;
#465 = LINE ( 'NONE', #1745, #1722 ) ;
#466 = DIRECTION ( 'NONE',  ( 0.000000000000000000, -1.000000000000000000, 0.000000000000000000 ) ) ;
#467 = CARTESIAN_POINT ( 'NONE',  ( -61.89999999999999147, -63.50000000000000000, 3.174999999999999822 ) ) ;
#468 = ORIENTED_EDGE ( 'NONE', *, *, #1334, .F. ) ;
#469 = VECTOR ( 'NONE', #542, 1000.000000000000000 ) ;
#470 = VECTOR ( 'NONE', #792, 1000.000000000000000 ) ;
#471 = DIRECTION ( 'NONE',  ( -0.000000000000000000, -0.000000000000000000, -1.000000000000000000 ) ) ;
#472 = VECTOR ( 'NONE', #448, 1000.000000000000000 ) ;
#473 = CIRCLE ( 'NONE', #1969, 1.599999999999997202 ) ;
#474 = DIRECTION ( 'NONE',  ( -0.000000000000000000, 0.000000000000000000, 1.000000000000000000 ) ) ;
#475 = AXIS2_PLACEMENT_3D ( 'NONE', #132, #1075, #1428 ) ;
#476 = AXIS2_PLACEMENT_3D ( 'NONE', #708, #1570, #1262 ) ;
#477 = EDGE_LOOP ( 'NONE', ( #957, #1135, #1299, #1652 ) ) ;
#478 = ORIENTED_EDGE ( 'NONE', *, *, #319, .F. ) ;
#479 = EDGE_CURVE ( 'NONE', #890, #1665, #1219, .T. ) ;
#480 = CYLINDRICAL_SURFACE ( 'NONE', #1887, 1.599999999999997202 ) ;
#481 = EDGE_LOOP ( 'NONE', ( #1435, #449, #104, #1789 ) ) ;
#482 = CARTESIAN_POINT ( 'NONE',  ( 76.20000000000000284, -76.20000000000000284, 3.174999999999999822 ) ) ;
#483 = PLANE ( 'NONE',  #1832 ) ;
#484 = DIRECTION ( 'NONE',  ( -1.000000000000000000, 0.000000000000000000, 0.000000000000000000 ) ) ;
#485 = EDGE_LOOP ( 'NONE', ( #692, #1997 ) ) ;
#486 = CARTESIAN_POINT ( 'NONE',  ( -55.88000000000000256, -25.39999999999999858, 0.000000000000000000 ) ) ;
#487 = EDGE_LOOP ( 'NONE', ( #253, #821 ) ) ;
#488 = FACE_BOUND ( 'NONE', #1820, .T. ) ;
#489 = CYLINDRICAL_SURFACE ( 'NONE', #706, 12.70000000000000284 ) ;
#490 = ORIENTED_EDGE ( 'NONE', *, *, #922, .T. ) ;
#491 = ADVANCED_FACE ( 'NONE', ( #1744 ), #1076, .T. ) ;
#492 = DIRECTION ( 'NONE',  ( -1.000000000000000000, 0.000000000000000000, 0.000000000000000000 ) ) ;
#493 = VERTEX_POINT ( 'NONE', #2038 ) ;
#494 = CYLINDRICAL_SURFACE ( 'NONE', #830, 1.599999999999997202 ) ;
#495 = DIRECTION ( 'NONE',  ( -0.000000000000000000, 0.000000000000000000, 1.000000000000000000 ) ) ;
#496 = VERTEX_POINT ( 'NONE', #277 ) ;
#497 = AXIS2_PLACEMENT_3D ( 'NONE', #1824, #247, #882 ) ;
#498 = EDGE_LOOP ( 'NONE', ( #628, #408, #1381, #130 ) ) ;
#499 = CIRCLE ( 'NONE', #894, 1.099999999999996758 ) ;
#500 = EDGE_CURVE ( 'NONE', #630, #667, #1355, .T. ) ;
#501 = DIRECTION ( 'NONE',  ( -0.000000000000000000, -0.000000000000000000, -1.000000000000000000 ) ) ;
#502 = FACE_BOUND ( 'NONE', #915, .T. ) ;
#503 = AXIS2_PLACEMENT_3D ( 'NONE', #223, #495, #1125 ) ;
#504 = EDGE_LOOP ( 'NONE', ( #682, #1759, #1845, #681 ) ) ;
#505 = VECTOR ( 'NONE', #1016, 1000.000000000000000 ) ;
#506 = DIRECTION ( 'NONE',  ( -0.000000000000000000, -0.000000000000000000, 1.000000000000000000 ) ) ;
#507 = VECTOR ( 'NONE', #665, 1000.000000000000000 ) ;
#508 = DIRECTION ( 'NONE',  ( -1.000000000000000000, 0.000000000000000000, 0.000000000000000000 ) ) ;
#509 = VERTEX_POINT ( 'NONE', #122 ) ;
#510 = ORIENTED_EDGE ( 'NONE', *, *, #42, .T. ) ;
#511 = CARTESIAN_POINT ( 'NONE',  ( -36.49999999999993605, 63.49999999999994316, 3.174999999999999822 ) ) ;
#512 = DIRECTION ( 'NONE',  ( -1.000000000000000000, 0.000000000000000000, 0.000000000000000000 ) ) ;
#513 = FACE_OUTER_BOUND ( 'NONE', #604, .T. ) ;
#514 = FACE_OUTER_BOUND ( 'NONE', #370, .T. ) ;
#515 = ADVANCED_FACE ( 'NONE', ( #1873 ), #1084, .T. ) ;
#516 = ORIENTED_EDGE ( 'NONE', *, *, #1406, .F. ) ;
#517 = DIRECTION ( 'NONE',  ( 1.000000000000000000, 0.000000000000000000, 0.000000000000000000 ) ) ;
#518 = LINE ( 'NONE', #815, #1129 ) ;
#519 = ORIENTED_EDGE ( 'NONE', *, *, #1742, .F. ) ;
#520 = DIRECTION ( 'NONE',  ( -0.000000000000000000, 1.000000000000000000, -0.000000000000000000 ) ) ;
#521 = FACE_OUTER_BOUND ( 'NONE', #380, .T. ) ;
#522 = DIRECTION ( 'NONE',  ( 0.000000000000000000, 0.000000000000000000, 1.000000000000000000 ) ) ;
#523 = DIRECTION ( 'NONE',  ( -0.000000000000000000, 0.000000000000000000, 1.000000000000000000 ) ) ;
#524 = CARTESIAN_POINT ( 'NONE',  ( -32.70000000000000995, 42.20000000000000284, 3.174999999999999822 ) ) ;
#525 = EDGE_CURVE ( 'NONE', #302, #317, #1889, .T. ) ;
#526 = LINE ( 'NONE', #689, #197 ) ;
#527 = EDGE_CURVE ( 'NONE', #46, #948, #855, .T. ) ;
#528 = CARTESIAN_POINT ( 'NONE',  ( 63.50000000000000000, -76.20000000000000284, 3.174999999999999822 ) ) ;
#529 = ORIENTED_EDGE ( 'NONE', *, *, #895, .T. ) ;
#530 = EDGE_LOOP ( 'NONE', ( #1243, #1986 ) ) ;
#531 = EDGE_CURVE ( 'NONE', #1391, #1569, #982, .T. ) ;
#532 = DIRECTION ( 'NONE',  ( -0.000000000000000000, 0.000000000000000000, 1.000000000000000000 ) ) ;
#533 = FACE_BOUND ( 'NONE', #1368, .T. ) ;
#534 = VERTEX_POINT ( 'NONE', #1798 ) ;
#535 = UNCERTAINTY_MEASURE_WITH_UNIT (LENGTH_MEASURE( 1.000000000000000082E-05 ), #1546, 'distance_accuracy_value', 'NONE');
#536 = AXIS2_PLACEMENT_3D ( 'NONE', #54, #211, #1147 ) ;
#537 = CARTESIAN_POINT ( 'NONE',  ( 25.40000000000002700, 66.03999999999994941, 0.000000000000000000 ) ) ;
#538 = AXIS2_PLACEMENT_3D ( 'NONE', #1036, #103, #1499 ) ;
#539 = CYLINDRICAL_SURFACE ( 'NONE', #2036, 1.600000000000004086 ) ;
#540 = PRESENTATION_LAYER_ASSIGNMENT (  '', '', ( #606 ) ) ;
#541 = VECTOR ( 'NONE', #1972, 1000.000000000000000 ) ;
#542 = DIRECTION ( 'NONE',  ( -0.000000000000000000, -0.000000000000000000, -1.000000000000000000 ) ) ;
#543 = VECTOR ( 'NONE', #586, 1000.000000000000000 ) ;
#544 = VERTEX_POINT ( 'NONE', #1298 ) ;
#545 = ORIENTED_EDGE ( 'NONE', *, *, #216, .F. ) ;
#546 = EDGE_CURVE ( 'NONE', #1977, #1030, #869, .T. ) ;
#547 = DIRECTION ( 'NONE',  ( -0.000000000000000000, -0.000000000000000000, -1.000000000000000000 ) ) ;
#548 = EDGE_CURVE ( 'NONE', #13, #1577, #1447, .T. ) ;
#549 = DIRECTION ( 'NONE',  ( -1.000000000000000000, 0.000000000000000000, 0.000000000000000000 ) ) ;
#550 = CARTESIAN_POINT ( 'NONE',  ( -38.09999999999998721, -63.50000000000000000, 0.000000000000000000 ) ) ;
#551 = DIRECTION ( 'NONE',  ( 1.000000000000000000, 0.000000000000000000, 0.000000000000000000 ) ) ;
#552 = DIRECTION ( 'NONE',  ( -1.000000000000000000, 0.000000000000000000, 0.000000000000000000 ) ) ;
#553 = VERTEX_POINT ( 'NONE', #1783 ) ;
#554 = ORIENTED_EDGE ( 'NONE', *, *, #1858, .T. ) ;
#555 = ADVANCED_FACE ( 'NONE', ( #1751 ), #1603, .T. ) ;
#556 = CARTESIAN_POINT ( 'NONE',  ( -38.09999999999993037, 63.49999999999994316, 3.174999999999999822 ) ) ;
#557 = DIRECTION ( 'NONE',  ( -1.000000000000000000, -0.000000000000000000, -0.000000000000000000 ) ) ;
#558 = DIRECTION ( 'NONE',  ( 0.000000000000000000, 0.000000000000000000, 1.000000000000000000 ) ) ;
#559 = ORIENTED_EDGE ( 'NONE', *, *, #1514, .T. ) ;
#560 = DIRECTION ( 'NONE',  ( -1.000000000000000000, 0.000000000000000000, 0.000000000000000000 ) ) ;
#561 = ORIENTED_EDGE ( 'NONE', *, *, #531, .F. ) ;
#562 = VERTEX_POINT ( 'NONE', #1276 ) ;
#563 = DIRECTION ( 'NONE',  ( -1.000000000000000000, 0.000000000000000000, 0.000000000000000000 ) ) ;
#564 = DIRECTION ( 'NONE',  ( -1.000000000000000000, 0.000000000000000000, 0.000000000000000000 ) ) ;
#565 = VECTOR ( 'NONE', #596, 1000.000000000000000 ) ;
#566 = EDGE_CURVE ( 'NONE', #496, #1993, #1470, .T. ) ;
#567 = DIRECTION ( 'NONE',  ( -0.000000000000000000, -0.000000000000000000, -1.000000000000000000 ) ) ;
#568 = AXIS2_PLACEMENT_3D ( 'NONE', #877, #232, #1833 ) ;
#569 = EDGE_LOOP ( 'NONE', ( #580, #2018, #1991, #983 ) ) ;
#570 = LINE ( 'NONE', #1497, #1790 ) ;
#571 = AXIS2_PLACEMENT_3D ( 'NONE', #14, #1737, #314 ) ;
#572 = ORIENTED_EDGE ( 'NONE', *, *, #1533, .F. ) ;
#573 = DIRECTION ( 'NONE',  ( -1.000000000000000000, 0.000000000000000000, 0.000000000000000000 ) ) ;
#574 = VECTOR ( 'NONE', #2000, 1000.000000000000000 ) ;
#575 = CIRCLE ( 'NONE', #7, 1.600000000000004086 ) ;
#576 = CARTESIAN_POINT ( 'NONE',  ( 17.27999999999999758, -31.99999999999999289, 3.174999999999999822 ) ) ;
#577 = LINE ( 'NONE', #893, #1131 ) ;
#578 = CARTESIAN_POINT ( 'NONE',  ( 38.10000000000004405, 63.49999999999994316, 0.000000000000000000 ) ) ;
#579 = EDGE_CURVE ( 'NONE', #1792, #338, #1492, .T. ) ;
#580 = ORIENTED_EDGE ( 'NONE', *, *, #826, .F. ) ;
#581 = DIRECTION ( 'NONE',  ( -0.000000000000000000, -0.000000000000000000, -1.000000000000000000 ) ) ;
#582 = VERTEX_POINT ( 'NONE', #673 ) ;
#583 = CYLINDRICAL_SURFACE ( 'NONE', #124, 1.599999999999997202 ) ;
#584 = PRODUCT_DEFINITION_SHAPE ( 'NONE', 'NONE',  #305 ) ;
#585 = VERTEX_POINT ( 'NONE', #695 ) ;
#586 = DIRECTION ( 'NONE',  ( -0.000000000000000000, 1.000000000000000000, -0.000000000000000000 ) ) ;
#587 = DIRECTION ( 'NONE',  ( -0.000000000000000000, 0.000000000000000000, 1.000000000000000000 ) ) ;
#588 = DIRECTION ( 'NONE',  ( -0.000000000000000000, -1.000000000000000000, -0.000000000000000000 ) ) ;
#589 = EDGE_LOOP ( 'NONE', ( #1109, #1812, #905, #939 ) ) ;
#590 = ADVANCED_FACE ( 'NONE', ( #1133, #379, #1317, #533, #1636, #218, #502, #330, #177, #1479, #1626, #973, #832, #514, #1459, #1771, #38, #686, #1592, #812, #25, #1439 ), #1144, .F. ) ;
#591 = VERTEX_POINT ( 'NONE', #18 ) ;
#592 = LINE ( 'NONE', #114, #1420 ) ;
#593 = VERTEX_POINT ( 'NONE', #1945 ) ;
#594 = ORIENTED_EDGE ( 'NONE', *, *, #1834, .F. ) ;
#595 = EDGE_CURVE ( 'NONE', #1172, #1777, #1164, .T. ) ;
#596 = DIRECTION ( 'NONE',  ( 1.000000000000000000, 0.000000000000000000, 0.000000000000000000 ) ) ;
#597 = ORIENTED_EDGE ( 'NONE', *, *, #566, .T. ) ;
#598 = CYLINDRICAL_SURFACE ( 'NONE', #1134, 12.70000000000000284 ) ;
#599 = CIRCLE ( 'NONE', #1090, 1.600000000000004086 ) ;
#600 = LINE ( 'NONE', #912, #67 ) ;
#601 = VERTEX_POINT ( 'NONE', #1151 ) ;
#602 = ORIENTED_EDGE ( 'NONE', *, *, #1807, .F. ) ;
#603 = DIRECTION ( 'NONE',  ( -0.000000000000000000, -0.000000000000000000, 1.000000000000000000 ) ) ;
#604 = EDGE_LOOP ( 'NONE', ( #1512, #1072, #1511, #1835 ) ) ;
#605 = FACE_BOUND ( 'NONE', #1897, .T. ) ;
#606 = STYLED_ITEM ( 'NONE', ( #636 ), #1581 ) ;
#607 = AXIS2_PLACEMENT_3D ( 'NONE', #524, #62, #517 ) ;
#608 = VERTEX_POINT ( 'NONE', #1830 ) ;
#609 = AXIS2_PLACEMENT_3D ( 'NONE', #286, #782, #2064 ) ;
#610 = DIRECTION ( 'NONE',  ( 0.000000000000000000, 1.000000000000000000, 0.000000000000000000 ) ) ;
#611 = DIRECTION ( 'NONE',  ( 0.000000000000000000, 0.000000000000000000, 1.000000000000000000 ) ) ;
#612 = CARTESIAN_POINT ( 'NONE',  ( -76.20000000000000284, -63.50000000000000000, 3.174999999999999822 ) ) ;
#613 = AXIS2_PLACEMENT_3D ( 'NONE', #1240, #453, #154 ) ;
#614 = EDGE_CURVE ( 'NONE', #13, #262, #230, .T. ) ;
#615 = DIRECTION ( 'NONE',  ( -0.000000000000000000, -0.000000000000000000, -1.000000000000000000 ) ) ;
#616 = ORIENTED_EDGE ( 'NONE', *, *, #399, .F. ) ;
#617 = CARTESIAN_POINT ( 'NONE',  ( -63.50000000000000000, 63.49999999999998579, 0.000000000000000000 ) ) ;
#618 = CARTESIAN_POINT ( 'NONE',  ( 39.70000000000000995, -63.50000000000000000, 0.000000000000000000 ) ) ;
#619 = ORIENTED_EDGE ( 'NONE', *, *, #311, .F. ) ;
#620 = FACE_BOUND ( 'NONE', #1535, .T. ) ;
#621 = ORIENTED_EDGE ( 'NONE', *, *, #416, .T. ) ;
#622 = EDGE_CURVE ( 'NONE', #387, #455, #675, .T. ) ;
#623 = CARTESIAN_POINT ( 'NONE',  ( 63.50000000000000000, -76.20000000000000284, 3.174999999999999822 ) ) ;
#624 = PLANE ( 'NONE',  #613 ) ;
#625 = CYLINDRICAL_SURFACE ( 'NONE', #198, 1.600000000000004086 ) ;
#626 = ORIENTED_EDGE ( 'NONE', *, *, #292, .T. ) ;
#627 = SURFACE_STYLE_FILL_AREA ( #2059 ) ;
#628 = ORIENTED_EDGE ( 'NONE', *, *, #965, .T. ) ;
#629 = DIRECTION ( 'NONE',  ( 0.000000000000000000, 0.000000000000000000, 1.000000000000000000 ) ) ;
#630 = VERTEX_POINT ( 'NONE', #422 ) ;
#631 = CARTESIAN_POINT ( 'NONE',  ( -51.20000000000000995, 57.20000000000000284, 0.000000000000000000 ) ) ;
#632 = CARTESIAN_POINT ( 'NONE',  ( -32.70000000000000995, 57.20000000000000284, 3.174999999999999822 ) ) ;
#633 = EDGE_CURVE ( 'NONE', #1012, #1620, #1828, .T. ) ;
#634 = VECTOR ( 'NONE', #215, 1000.000000000000000 ) ;
#635 = PLANE ( 'NONE',  #168 ) ;
#636 = PRESENTATION_STYLE_ASSIGNMENT (( #1866 ) ) ;
#637 = EDGE_LOOP ( 'NONE', ( #1149, #327 ) ) ;
#638 = EDGE_CURVE ( 'NONE', #228, #1259, #1424, .T. ) ;
#639 = FACE_BOUND ( 'NONE', #47, .T. ) ;
#640 = VERTEX_POINT ( 'NONE', #712 ) ;
#641 = AXIS2_PLACEMENT_3D ( 'NONE', #1883, #954, #1389 ) ;
#642 = VECTOR ( 'NONE', #1508, 1000.000000000000000 ) ;
#643 = DIRECTION ( 'NONE',  ( 1.000000000000000000, 0.000000000000000000, 0.000000000000000000 ) ) ;
#644 = VECTOR ( 'NONE', #466, 1000.000000000000000 ) ;
#645 = CIRCLE ( 'NONE', #1893, 1.599999999999997202 ) ;
#646 = PLANE ( 'NONE',  #444 ) ;
#647 = CYLINDRICAL_SURFACE ( 'NONE', #1930, 1.599999999999997202 ) ;
#648 = CIRCLE ( 'NONE', #1796, 1.099999999999996758 ) ;
#649 = CIRCLE ( 'NONE', #2065, 1.100000000000003642 ) ;
#650 = VERTEX_POINT ( 'NONE', #883 ) ;
#651 = DIRECTION ( 'NONE',  ( -0.000000000000000000, -0.000000000000000000, -1.000000000000000000 ) ) ;
#652 = EDGE_CURVE ( 'NONE', #281, #874, #1724, .T. ) ;
#653 = ORIENTED_EDGE ( 'NONE', *, *, #698, .F. ) ;
#654 = FACE_BOUND ( 'NONE', #284, .T. ) ;
#655 = ORIENTED_EDGE ( 'NONE', *, *, #1562, .F. ) ;
#656 = DIRECTION ( 'NONE',  ( 1.000000000000000000, 0.000000000000000000, 0.000000000000000000 ) ) ;
#657 = CARTESIAN_POINT ( 'NONE',  ( -63.49999999999998579, -63.50000000000000000, 3.174999999999999822 ) ) ;
#658 = CYLINDRICAL_SURFACE ( 'NONE', #1094, 1.099999999999996758 ) ;
#659 = LINE ( 'NONE', #1079, #405 ) ;
#660 = ORIENTED_EDGE ( 'NONE', *, *, #283, .T. ) ;
#661 = ORIENTED_EDGE ( 'NONE', *, *, #1119, .F. ) ;
#662 = EDGE_CURVE ( 'NONE', #1030, #415, #1062, .T. ) ;
#663 = CARTESIAN_POINT ( 'NONE',  ( -51.20000000000000995, 42.20000000000000284, 3.174999999999999822 ) ) ;
#664 = EDGE_CURVE ( 'NONE', #1698, #1778, #1840, .T. ) ;
#665 = DIRECTION ( 'NONE',  ( 0.000000000000000000, 1.000000000000000000, 0.000000000000000000 ) ) ;
#666 = DIRECTION ( 'NONE',  ( 1.000000000000000000, 0.000000000000000000, 0.000000000000000000 ) ) ;
#667 = VERTEX_POINT ( 'NONE', #1671 ) ;
#668 = DIRECTION ( 'NONE',  ( -0.000000000000000000, -0.000000000000000000, -1.000000000000000000 ) ) ;
#669 = EDGE_LOOP ( 'NONE', ( #1838, #349 ) ) ;
#670 = CARTESIAN_POINT ( 'NONE',  ( 15.67999999999999972, -31.99999999999999289, 0.000000000000000000 ) ) ;
#671 = EDGE_CURVE ( 'NONE', #1169, #1964, #577, .T. ) ;
#672 = DIRECTION ( 'NONE',  ( 0.000000000000000000, 0.000000000000000000, -1.000000000000000000 ) ) ;
#673 = CARTESIAN_POINT ( 'NONE',  ( 25.39999999999999858, -66.04000000000000625, 3.174999999999999822 ) ) ;
#674 = CIRCLE ( 'NONE', #833, 1.100000000000003642 ) ;
#675 = CIRCLE ( 'NONE', #266, 1.599999999999997202 ) ;
#676 = VERTEX_POINT ( 'NONE', #101 ) ;
#677 = VECTOR ( 'NONE', #557, 1000.000000000000000 ) ;
#678 = FACE_OUTER_BOUND ( 'NONE', #1013, .T. ) ;
#679 = AXIS2_PLACEMENT_3D ( 'NONE', #1770, #165, #1003 ) ;
#680 = EDGE_LOOP ( 'NONE', ( #913, #1268, #325, #597 ) ) ;
#681 = ORIENTED_EDGE ( 'NONE', *, *, #205, .T. ) ;
#682 = ORIENTED_EDGE ( 'NONE', *, *, #1353, .T. ) ;
#683 = CARTESIAN_POINT ( 'NONE',  ( -51.20000000000000995, 57.20000000000000284, 3.174999999999999822 ) ) ;
#684 = ADVANCED_FACE ( 'NONE', ( #742 ), #1929, .T. ) ;
#685 = CARTESIAN_POINT ( 'NONE',  ( -33.80000000000000426, 42.20000000000000284, 3.174999999999999822 ) ) ;
#686 = FACE_BOUND ( 'NONE', #1104, .T. ) ;
#687 = EDGE_CURVE ( 'NONE', #890, #46, #473, .T. ) ;
#688 = DIRECTION ( 'NONE',  ( 1.000000000000000000, 0.000000000000000000, 0.000000000000000000 ) ) ;
#689 = CARTESIAN_POINT ( 'NONE',  ( -12.69999999999994778, 43.17999999999994998, 0.000000000000000000 ) ) ;
#690 = FACE_OUTER_BOUND ( 'NONE', #225, .T. ) ;
#691 = ORIENTED_EDGE ( 'NONE', *, *, #242, .T. ) ;
#692 = ORIENTED_EDGE ( 'NONE', *, *, #1051, .T. ) ;
#693 = EDGE_LOOP ( 'NONE', ( #759, #594, #71, #655 ) ) ;
#694 = DIRECTION ( 'NONE',  ( 0.000000000000000000, 0.000000000000000000, 1.000000000000000000 ) ) ;
#695 = CARTESIAN_POINT ( 'NONE',  ( 36.50000000000004974, 63.49999999999994316, 0.000000000000000000 ) ) ;
#696 = DIRECTION ( 'NONE',  ( -0.000000000000000000, -0.000000000000000000, -1.000000000000000000 ) ) ;
#697 = DIRECTION ( 'NONE',  ( -1.000000000000000000, 0.000000000000000000, 0.000000000000000000 ) ) ;
#698 = EDGE_CURVE ( 'NONE', #755, #446, #1068, .T. ) ;
#699 = LINE ( 'NONE', #1580, #1010 ) ;
#700 = ORIENTED_EDGE ( 'NONE', *, *, #416, .F. ) ;
#701 = CARTESIAN_POINT ( 'NONE',  ( -76.20000000000000284, 63.49999999999992895, 0.000000000000000000 ) ) ;
#702 = DIRECTION ( 'NONE',  ( -0.000000000000000000, -0.000000000000000000, -1.000000000000000000 ) ) ;
#703 = CIRCLE ( 'NONE', #1686, 12.70000000000000284 ) ;
#704 = CARTESIAN_POINT ( 'NONE',  ( -63.49999999999987921, 63.49999999999994316, 3.174999999999999822 ) ) ;
#705 = VECTOR ( 'NONE', #976, 1000.000000000000000 ) ;
#706 = AXIS2_PLACEMENT_3D ( 'NONE', #1218, #1383, #1748 ) ;
#707 = ADVANCED_FACE ( 'NONE', ( #2024 ), #489, .T. ) ;
#708 = CARTESIAN_POINT ( 'NONE',  ( -51.20000000000000995, 57.20000000000000284, 3.174999999999999822 ) ) ;
#709 = VECTOR ( 'NONE', #1396, 1000.000000000000000 ) ;
#710 = ORIENTED_EDGE ( 'NONE', *, *, #329, .F. ) ;
#711 = DIRECTION ( 'NONE',  ( -0.000000000000000000, -0.000000000000000000, 1.000000000000000000 ) ) ;
#712 = CARTESIAN_POINT ( 'NONE',  ( 14.08000000000003027, 31.99999999999993960, 3.174999999999999822 ) ) ;
#713 = CARTESIAN_POINT ( 'NONE',  ( 25.39999999999999858, -66.04000000000000625, 3.174999999999999822 ) ) ;
#714 = VERTEX_POINT ( 'NONE', #1711 ) ;
#715 = CARTESIAN_POINT ( 'NONE',  ( -63.49999999999998579, -63.50000000000000000, 0.000000000000000000 ) ) ;
#716 = ORIENTED_EDGE ( 'NONE', *, *, #1912, .F. ) ;
#717 = LINE ( 'NONE', #274, #1612 ) ;
#718 = ORIENTED_EDGE ( 'NONE', *, *, #145, .T. ) ;
#719 = EDGE_CURVE ( 'NONE', #259, #509, #1863, .T. ) ;
#720 = DIRECTION ( 'NONE',  ( -0.000000000000000000, -0.000000000000000000, -1.000000000000000000 ) ) ;
#721 = DIRECTION ( 'NONE',  ( -1.000000000000000000, 0.000000000000000000, 0.000000000000000000 ) ) ;
#722 = CARTESIAN_POINT ( 'NONE',  ( -50.10000000000001563, 42.20000000000000284, 3.174999999999999822 ) ) ;
#723 = ORIENTED_EDGE ( 'NONE', *, *, #965, .F. ) ;
#724 = CARTESIAN_POINT ( 'NONE',  ( 39.70000000000003837, 63.49999999999994316, 3.174999999999999822 ) ) ;
#725 = ORIENTED_EDGE ( 'NONE', *, *, #1982, .F. ) ;
#726 = ORIENTED_EDGE ( 'NONE', *, *, #1781, .T. ) ;
#727 = FACE_OUTER_BOUND ( 'NONE', #1043, .T. ) ;
#728 = EDGE_CURVE ( 'NONE', #1629, #752, #971, .T. ) ;
#729 = VECTOR ( 'NONE', #1058, 1000.000000000000000 ) ;
#730 = CARTESIAN_POINT ( 'NONE',  ( -52.30000000000000426, 57.20000000000000284, 3.174999999999999822 ) ) ;
#731 = VECTOR ( 'NONE', #1204, 1000.000000000000000 ) ;
#732 = VECTOR ( 'NONE', #1440, 1000.000000000000000 ) ;
#733 = DIRECTION ( 'NONE',  ( -1.000000000000000000, 0.000000000000000000, 0.000000000000000000 ) ) ;
#734 = AXIS2_PLACEMENT_3D ( 'NONE', #670, #1942, #843 ) ;
#735 = AXIS2_PLACEMENT_3D ( 'NONE', #1307, #820, #184 ) ;
#736 = ORIENTED_EDGE ( 'NONE', *, *, #527, .F. ) ;
#737 = ORIENTED_EDGE ( 'NONE', *, *, #622, .F. ) ;
#738 = DIRECTION ( 'NONE',  ( -1.000000000000000000, 0.000000000000000000, 0.000000000000000000 ) ) ;
#739 = CIRCLE ( 'NONE', #73, 1.599999999999997202 ) ;
#740 = VECTOR ( 'NONE', #224, 1000.000000000000000 ) ;
#741 = DIRECTION ( 'NONE',  ( 0.000000000000000000, 0.000000000000000000, 1.000000000000000000 ) ) ;
#742 = FACE_OUTER_BOUND ( 'NONE', #1252, .T. ) ;
#743 = ADVANCED_FACE ( 'NONE', ( #1963 ), #861, .T. ) ;
#744 = CYLINDRICAL_SURFACE ( 'NONE', #1755, 1.099999999999996758 ) ;
#745 = ORIENTED_EDGE ( 'NONE', *, *, #844, .T. ) ;
#746 = EDGE_CURVE ( 'NONE', #339, #553, #268, .T. ) ;
#747 = EDGE_CURVE ( 'NONE', #1032, #777, #1261, .T. ) ;
#748 = ORIENTED_EDGE ( 'NONE', *, *, #456, .F. ) ;
#749 = CARTESIAN_POINT ( 'NONE',  ( 39.70000000000003837, 63.49999999999994316, 3.174999999999999822 ) ) ;
#750 = ORIENTED_EDGE ( 'NONE', *, *, #789, .F. ) ;
#751 = DIRECTION ( 'NONE',  ( -1.000000000000000000, 0.000000000000000000, 0.000000000000000000 ) ) ;
#752 = VERTEX_POINT ( 'NONE', #1263 ) ;
#753 = PLANE ( 'NONE',  #1460 ) ;
#754 = CARTESIAN_POINT ( 'NONE',  ( -12.69999999999994778, 43.17999999999994998, 0.000000000000000000 ) ) ;
#755 = VERTEX_POINT ( 'NONE', #164 ) ;
#756 = EDGE_LOOP ( 'NONE', ( #459, #1270, #1650, #212 ) ) ;
#757 = EDGE_CURVE ( 'NONE', #752, #339, #310, .T. ) ;
#758 = DIRECTION ( 'NONE',  ( -0.000000000000000000, 0.000000000000000000, 1.000000000000000000 ) ) ;
#759 = ORIENTED_EDGE ( 'NONE', *, *, #1980, .F. ) ;
#760 = DIRECTION ( 'NONE',  ( 0.000000000000000000, 0.000000000000000000, 1.000000000000000000 ) ) ;
#761 = ORIENTED_EDGE ( 'NONE', *, *, #985, .T. ) ;
#762 = CARTESIAN_POINT ( 'NONE',  ( -63.49999999999998579, -63.50000000000000000, 3.174999999999999822 ) ) ;
#763 = CARTESIAN_POINT ( 'NONE',  ( 38.10000000000001563, -63.50000000000000000, 3.174999999999999822 ) ) ;
#764 = ORIENTED_EDGE ( 'NONE', *, *, #914, .F. ) ;
#765 = DIRECTION ( 'NONE',  ( 0.000000000000000000, 0.000000000000000000, -1.000000000000000000 ) ) ;
#766 = DIRECTION ( 'NONE',  ( 0.000000000000000000, 0.000000000000000000, 1.000000000000000000 ) ) ;
#767 = ORIENTED_EDGE ( 'NONE', *, *, #1842, .T. ) ;
#768 = ADVANCED_FACE ( 'NONE', ( #951 ), #624, .T. ) ;
#769 = FACE_BOUND ( 'NONE', #139, .T. ) ;
#770 = CIRCLE ( 'NONE', #1423, 1.599999999999997202 ) ;
#771 = VERTEX_POINT ( 'NONE', #854 ) ;
#772 = AXIS2_PLACEMENT_3D ( 'NONE', #921, #1564, #1735 ) ;
#773 = CARTESIAN_POINT ( 'NONE',  ( -50.10000000000001563, 42.20000000000000284, 3.174999999999999822 ) ) ;
#774 = AXIS2_PLACEMENT_3D ( 'NONE', #1327, #1808, #82 ) ;
#775 = DIRECTION ( 'NONE',  ( -1.000000000000000000, 0.000000000000000000, 0.000000000000000000 ) ) ;
#776 = CARTESIAN_POINT ( 'NONE',  ( 76.20000000000000284, -63.50000000000000000, 0.000000000000000000 ) ) ;
#777 = VERTEX_POINT ( 'NONE', #351 ) ;
#778 = FACE_BOUND ( 'NONE', #1050, .T. ) ;
#779 = ORIENTED_EDGE ( 'NONE', *, *, #531, .T. ) ;
#780 = CARTESIAN_POINT ( 'NONE',  ( 76.20000000000000284, 63.49999999999992895, 0.000000000000000000 ) ) ;
#781 = ADVANCED_FACE ( 'NONE', ( #521 ), #375, .F. ) ;
#782 = DIRECTION ( 'NONE',  ( -0.000000000000000000, -0.000000000000000000, -1.000000000000000000 ) ) ;
#783 = ORIENTED_EDGE ( 'NONE', *, *, #329, .T. ) ;
#784 = DIRECTION ( 'NONE',  ( -0.000000000000000000, 0.000000000000000000, 1.000000000000000000 ) ) ;
#785 = ORIENTED_EDGE ( 'NONE', *, *, #1495, .T. ) ;
#786 = CARTESIAN_POINT ( 'NONE',  ( -38.09999999999993037, 63.49999999999994316, 3.174999999999999822 ) ) ;
#787 = VERTEX_POINT ( 'NONE', #23 ) ;
#788 = LINE ( 'NONE', #482, #1965 ) ;
#789 = EDGE_CURVE ( 'NONE', #1078, #2055, #412, .T. ) ;
#790 = DIRECTION ( 'NONE',  ( -1.000000000000000000, 0.000000000000000000, 0.000000000000000000 ) ) ;
#791 = AXIS2_PLACEMENT_3D ( 'NONE', #1697, #95, #437 ) ;
#792 = DIRECTION ( 'NONE',  ( -0.000000000000000000, -0.000000000000000000, -1.000000000000000000 ) ) ;
#793 = DIRECTION ( 'NONE',  ( -0.000000000000000000, -0.000000000000000000, -1.000000000000000000 ) ) ;
#794 = EDGE_LOOP ( 'NONE', ( #997, #1941, #924, #1718 ) ) ;
#795 = CYLINDRICAL_SURFACE ( 'NONE', #1784, 1.599999999999997202 ) ;
#796 = ORIENTED_EDGE ( 'NONE', *, *, #1729, .F. ) ;
#797 = CIRCLE ( 'NONE', #804, 1.599999999999997202 ) ;
#798 = AXIS2_PLACEMENT_3D ( 'NONE', #984, #506, #1800 ) ;
#799 = DIRECTION ( 'NONE',  ( -0.000000000000000000, 0.000000000000000000, 1.000000000000000000 ) ) ;
#800 = VECTOR ( 'NONE', #458, 1000.000000000000000 ) ;
#801 = VECTOR ( 'NONE', #846, 1000.000000000000000 ) ;
#802 = FACE_OUTER_BOUND ( 'NONE', #315, .T. ) ;
#803 = DIRECTION ( 'NONE',  ( -0.000000000000000000, -0.000000000000000000, -1.000000000000000000 ) ) ;
#804 = AXIS2_PLACEMENT_3D ( 'NONE', #1167, #799, #1901 ) ;
#805 = EDGE_CURVE ( 'NONE', #1547, #1441, #49, .T. ) ;
#806 = DIRECTION ( 'NONE',  ( -0.000000000000000000, -0.000000000000000000, -1.000000000000000000 ) ) ;
#807 = DIRECTION ( 'NONE',  ( 1.000000000000000000, 0.000000000000000000, 0.000000000000000000 ) ) ;
#808 = EDGE_CURVE ( 'NONE', #787, #415, #2001, .T. ) ;
#809 = ORIENTED_EDGE ( 'NONE', *, *, #895, .F. ) ;
#810 = CARTESIAN_POINT ( 'NONE',  ( 0.000000000000000000, 0.000000000000000000, 0.000000000000000000 ) ) ;
#811 = ORIENTED_EDGE ( 'NONE', *, *, #399, .T. ) ;
#812 = FACE_BOUND ( 'NONE', #487, .T. ) ;
#813 = VERTEX_POINT ( 'NONE', #1943 ) ;
#814 = CARTESIAN_POINT ( 'NONE',  ( 39.70000000000000995, -63.50000000000000000, 3.174999999999999822 ) ) ;
#815 = CARTESIAN_POINT ( 'NONE',  ( -55.88000000000000256, -25.39999999999999858, 3.174999999999999822 ) ) ;
#816 = CARTESIAN_POINT ( 'NONE',  ( -20.31999999999994344, 31.99999999999994671, 3.174999999999999822 ) ) ;
#817 = ORIENTED_EDGE ( 'NONE', *, *, #1437, .F. ) ;
#818 = LINE ( 'NONE', #1635, #2029 ) ;
#819 = CARTESIAN_POINT ( 'NONE',  ( -12.69999999999994778, 66.03999999999994941, 3.174999999999999822 ) ) ;
#820 = DIRECTION ( 'NONE',  ( 0.000000000000000000, 0.000000000000000000, 1.000000000000000000 ) ) ;
#821 = ORIENTED_EDGE ( 'NONE', *, *, #1214, .F. ) ;
#822 = LINE ( 'NONE', #814, #1996 ) ;
#823 = CARTESIAN_POINT ( 'NONE',  ( 63.50000000000002842, 63.49999999999994316, 3.174999999999999822 ) ) ;
#824 = CIRCLE ( 'NONE', #1583, 1.599999999999997202 ) ;
#825 = VERTEX_POINT ( 'NONE', #1780 ) ;
#826 = EDGE_CURVE ( 'NONE', #1993, #1577, #1000, .T. ) ;
#827 = ORIENTED_EDGE ( 'NONE', *, *, #2032, .F. ) ;
#828 = DIRECTION ( 'NONE',  ( -0.000000000000000000, 0.000000000000000000, 1.000000000000000000 ) ) ;
#829 = CARTESIAN_POINT ( 'NONE',  ( -63.49999999999998579, -63.50000000000000000, 0.000000000000000000 ) ) ;
#830 = AXIS2_PLACEMENT_3D ( 'NONE', #1114, #1915, #2042 ) ;
#831 = DIRECTION ( 'NONE',  ( -0.000000000000000000, -0.000000000000000000, -1.000000000000000000 ) ) ;
#832 = FACE_BOUND ( 'NONE', #1959, .T. ) ;
#833 = AXIS2_PLACEMENT_3D ( 'NONE', #1801, #1301, #383 ) ;
#834 = AXIS2_PLACEMENT_3D ( 'NONE', #1850, #910, #59 ) ;
#835 = ORIENTED_EDGE ( 'NONE', *, *, #652, .F. ) ;
#836 = VECTOR ( 'NONE', #989, 1000.000000000000000 ) ;
#837 = CARTESIAN_POINT ( 'NONE',  ( 76.20000000000000284, -76.20000000000000284, 3.174999999999999822 ) ) ;
#838 = CIRCLE ( 'NONE', #908, 1.599999999999997202 ) ;
#839 = DIRECTION ( 'NONE',  ( -1.000000000000000000, -1.821231995776175725E-16, -0.000000000000000000 ) ) ;
#840 = ORIENTED_EDGE ( 'NONE', *, *, #152, .F. ) ;
#841 = EDGE_LOOP ( 'NONE', ( #431, #1141 ) ) ;
#842 = VERTEX_POINT ( 'NONE', #11 ) ;
#843 = DIRECTION ( 'NONE',  ( 1.000000000000000000, 0.000000000000000000, 0.000000000000000000 ) ) ;
#844 = EDGE_CURVE ( 'NONE', #873, #291, #1283, .T. ) ;
#845 = CARTESIAN_POINT ( 'NONE',  ( 76.20000000000000284, -63.50000000000000000, 3.174999999999999822 ) ) ;
#846 = DIRECTION ( 'NONE',  ( -1.000000000000000000, -1.821231995776175725E-16, -0.000000000000000000 ) ) ;
#847 = ORIENTED_EDGE ( 'NONE', *, *, #664, .F. ) ;
#848 = LINE ( 'NONE', #1175, #705 ) ;
#849 = CARTESIAN_POINT ( 'NONE',  ( 14.08000000000003027, 31.99999999999993960, 0.000000000000000000 ) ) ;
#850 = LINE ( 'NONE', #318, #1899 ) ;
#851 = ORIENTED_EDGE ( 'NONE', *, *, #1573, .F. ) ;
#852 = ORIENTED_EDGE ( 'NONE', *, *, #719, .F. ) ;
#853 = DIRECTION ( 'NONE',  ( -0.000000000000000000, -0.000000000000000000, -1.000000000000000000 ) ) ;
#854 = CARTESIAN_POINT ( 'NONE',  ( 39.70000000000003837, 63.49999999999994316, 0.000000000000000000 ) ) ;
#855 = LINE ( 'NONE', #207, #31 ) ;
#856 = ADVANCED_FACE ( 'NONE', ( #1743 ), #483, .T. ) ;
#857 = EDGE_LOOP ( 'NONE', ( #519, #1411, #354, #529 ) ) ;
#858 = CARTESIAN_POINT ( 'NONE',  ( 76.20000000000000284, 76.20000000000000284, 3.174999999999999822 ) ) ;
#859 = DIRECTION ( 'NONE',  ( -1.000000000000000000, 0.000000000000000000, 0.000000000000000000 ) ) ;
#860 = CARTESIAN_POINT ( 'NONE',  ( -65.45000000000000284, -13.95000000000000107, 0.000000000000000000 ) ) ;
#861 = CYLINDRICAL_SURFACE ( 'NONE', #1493, 12.70000000000000284 ) ;
#862 = ORIENTED_EDGE ( 'NONE', *, *, #307, .F. ) ;
#863 = EDGE_LOOP ( 'NONE', ( #85, #1593 ) ) ;
#864 = AXIS2_PLACEMENT_3D ( 'NONE', #204, #1170, #1477 ) ;
#865 = CARTESIAN_POINT ( 'NONE',  ( -65.09999999999988063, 63.49999999999994316, 0.000000000000000000 ) ) ;
#866 = CARTESIAN_POINT ( 'NONE',  ( -39.69999999999998863, -63.50000000000000000, 3.174999999999999822 ) ) ;
#867 = AXIS2_PLACEMENT_3D ( 'NONE', #986, #335, #859 ) ;
#868 = CARTESIAN_POINT ( 'NONE',  ( -51.20000000000000995, 42.20000000000000284, 3.174999999999999822 ) ) ;
#869 = CIRCLE ( 'NONE', #938, 1.599999999999997202 ) ;
#870 = ADVANCED_FACE ( 'NONE', ( #513 ), #1922, .F. ) ;
#871 = DIRECTION ( 'NONE',  ( -0.000000000000000000, -0.000000000000000000, -1.000000000000000000 ) ) ;
#872 = CIRCLE ( 'NONE', #136, 1.599999999999997202 ) ;
#873 = VERTEX_POINT ( 'NONE', #192 ) ;
#874 = VERTEX_POINT ( 'NONE', #1275 ) ;
#875 = FACE_OUTER_BOUND ( 'NONE', #1785, .T. ) ;
#876 = ADVANCED_FACE ( 'NONE', ( #802 ), #1584, .T. ) ;
#877 = CARTESIAN_POINT ( 'NONE',  ( -38.09999999999993037, 63.49999999999994316, 3.174999999999999822 ) ) ;
#878 = VERTEX_POINT ( 'NONE', #320 ) ;
#879 = DIRECTION ( 'NONE',  ( -0.000000000000000000, -0.000000000000000000, -1.000000000000000000 ) ) ;
#880 = ORIENTED_EDGE ( 'NONE', *, *, #1573, .T. ) ;
#881 = ADVANCED_FACE ( 'NONE', ( #1782 ), #646, .F. ) ;
#882 = DIRECTION ( 'NONE',  ( -1.000000000000000000, 0.000000000000000000, 0.000000000000000000 ) ) ;
#883 = CARTESIAN_POINT ( 'NONE',  ( 65.10000000000003695, 63.49999999999994316, 3.174999999999999822 ) ) ;
#884 = CARTESIAN_POINT ( 'NONE',  ( 61.90000000000002700, 63.49999999999994316, 0.000000000000000000 ) ) ;
#885 = LINE ( 'NONE', #1184, #1973 ) ;
#886 = VERTEX_POINT ( 'NONE', #972 ) ;
#887 = CYLINDRICAL_SURFACE ( 'NONE', #1187, 1.600000000000004086 ) ;
#888 = CIRCLE ( 'NONE', #891, 1.600000000000004086 ) ;
#889 = EDGE_CURVE ( 'NONE', #813, #1673, #1761, .T. ) ;
#890 = VERTEX_POINT ( 'NONE', #1143 ) ;
#891 = AXIS2_PLACEMENT_3D ( 'NONE', #1601, #694, #1159 ) ;
#892 = LINE ( 'NONE', #248, #574 ) ;
#893 = CARTESIAN_POINT ( 'NONE',  ( 63.50000000000000000, 76.20000000000000284, 3.174999999999999822 ) ) ;
#894 = AXIS2_PLACEMENT_3D ( 'NONE', #1651, #927, #304 ) ;
#895 = EDGE_CURVE ( 'NONE', #262, #1918, #17, .T. ) ;
#896 = LINE ( 'NONE', #1193, #1491 ) ;
#897 = VERTEX_POINT ( 'NONE', #206 ) ;
#898 = AXIS2_PLACEMENT_3D ( 'NONE', #1871, #452, #551 ) ;
#899 = VECTOR ( 'NONE', #688, 1000.000000000000000 ) ;
#900 = EDGE_LOOP ( 'NONE', ( #141, #1210 ) ) ;
#901 = CARTESIAN_POINT ( 'NONE',  ( -36.49999999999999289, -63.50000000000000000, 3.174999999999999822 ) ) ;
#902 = AXIS2_PLACEMENT_3D ( 'NONE', #683, #48, #227 ) ;
#903 = AXIS2_PLACEMENT_3D ( 'NONE', #763, #1242, #134 ) ;
#904 = ORIENTED_EDGE ( 'NONE', *, *, #1606, .F. ) ;
#905 = ORIENTED_EDGE ( 'NONE', *, *, #633, .F. ) ;
#906 = DIRECTION ( 'NONE',  ( -0.000000000000000000, -0.000000000000000000, -1.000000000000000000 ) ) ;
#907 = AXIS2_PLACEMENT_3D ( 'NONE', #1162, #1189, #1349 ) ;
#908 = AXIS2_PLACEMENT_3D ( 'NONE', #272, #1366, #1844 ) ;
#909 = LINE ( 'NONE', #1530, #1695 ) ;
#910 = DIRECTION ( 'NONE',  ( -0.000000000000000000, 0.000000000000000000, 1.000000000000000000 ) ) ;
#911 = EDGE_CURVE ( 'NONE', #1532, #1994, #990, .T. ) ;
#912 = CARTESIAN_POINT ( 'NONE',  ( 76.20000000000000284, 63.49999999999998579, 3.174999999999999822 ) ) ;
#913 = ORIENTED_EDGE ( 'NONE', *, *, #245, .F. ) ;
#914 = EDGE_CURVE ( 'NONE', #1267, #601, #1426, .T. ) ;
#915 = EDGE_LOOP ( 'NONE', ( #1705, #77, #1338, #710 ) ) ;
#916 = CYLINDRICAL_SURFACE ( 'NONE', #299, 1.599999999999997202 ) ;
#917 = ORIENTED_EDGE ( 'NONE', *, *, #1253, .T. ) ;
#918 = DIRECTION ( 'NONE',  ( -1.000000000000000000, 0.000000000000000000, 0.000000000000000000 ) ) ;
#919 = EDGE_LOOP ( 'NONE', ( #847, #1385, #745, #1227 ) ) ;
#920 = CARTESIAN_POINT ( 'NONE',  ( -55.88000000000000256, -25.39999999999999858, 0.000000000000000000 ) ) ;
#921 = CARTESIAN_POINT ( 'NONE',  ( -20.31999999999999673, -32.00000000000000000, 0.000000000000000000 ) ) ;
#922 = EDGE_CURVE ( 'NONE', #2055, #51, #1625, .T. ) ;
#923 = ORIENTED_EDGE ( 'NONE', *, *, #1934, .T. ) ;
#924 = ORIENTED_EDGE ( 'NONE', *, *, #805, .T. ) ;
#925 = DIRECTION ( 'NONE',  ( -1.000000000000000000, 0.000000000000000000, 0.000000000000000000 ) ) ;
#926 = VERTEX_POINT ( 'NONE', #1265 ) ;
#927 = DIRECTION ( 'NONE',  ( 0.000000000000000000, 0.000000000000000000, 1.000000000000000000 ) ) ;
#928 = ORIENTED_EDGE ( 'NONE', *, *, #1320, .T. ) ;
#929 = DIRECTION ( 'NONE',  ( -0.000000000000000000, 0.000000000000000000, 1.000000000000000000 ) ) ;
#930 = CIRCLE ( 'NONE', #791, 1.600000000000004086 ) ;
#931 = LINE ( 'NONE', #1266, #1999 ) ;
#932 = DIRECTION ( 'NONE',  ( -0.000000000000000000, 0.000000000000000000, 1.000000000000000000 ) ) ;
#933 = AXIS2_PLACEMENT_3D ( 'NONE', #617, #765, #1752 ) ;
#934 = ORIENTED_EDGE ( 'NONE', *, *, #1683, .F. ) ;
#935 = EDGE_CURVE ( 'NONE', #509, #259, #872, .T. ) ;
#936 = FACE_BOUND ( 'NONE', #1348, .T. ) ;
#937 = CIRCLE ( 'NONE', #1192, 1.599999999999997202 ) ;
#938 = AXIS2_PLACEMENT_3D ( 'NONE', #657, #1122, #666 ) ;
#939 = ORIENTED_EDGE ( 'NONE', *, *, #72, .F. ) ;
#940 = CIRCLE ( 'NONE', #907, 1.599999999999997202 ) ;
#941 = DIRECTION ( 'NONE',  ( 1.000000000000000000, 0.000000000000000000, 0.000000000000000000 ) ) ;
#942 = AXIS2_PLACEMENT_3D ( 'NONE', #819, #1121, #1306 ) ;
#943 = DIRECTION ( 'NONE',  ( -1.000000000000000000, 0.000000000000000000, 0.000000000000000000 ) ) ;
#944 = FACE_OUTER_BOUND ( 'NONE', #61, .T. ) ;
#945 = CYLINDRICAL_SURFACE ( 'NONE', #1622, 1.599999999999997202 ) ;
#946 = EDGE_LOOP ( 'NONE', ( #56, #265 ) ) ;
#947 = CARTESIAN_POINT ( 'NONE',  ( -31.60000000000000853, 57.20000000000000284, 3.174999999999999822 ) ) ;
#948 = VERTEX_POINT ( 'NONE', #1971 ) ;
#949 = ADVANCED_FACE ( 'NONE', ( #1506 ), #1201, .F. ) ;
#950 = LINE ( 'NONE', #1176, #1526 ) ;
#951 = FACE_OUTER_BOUND ( 'NONE', #346, .T. ) ;
#952 = CARTESIAN_POINT ( 'NONE',  ( -36.49999999999993605, 63.49999999999994316, 0.000000000000000000 ) ) ;
#953 = CARTESIAN_POINT ( 'NONE',  ( -45.71999999999999886, 25.39999999999999858, 3.174999999999999822 ) ) ;
#954 = DIRECTION ( 'NONE',  ( 0.000000000000000000, 0.000000000000000000, 1.000000000000000000 ) ) ;
#955 = EDGE_LOOP ( 'NONE', ( #2015, #966, #1118, #1967 ) ) ;
#956 = FACE_OUTER_BOUND ( 'NONE', #1732, .T. ) ;
#957 = ORIENTED_EDGE ( 'NONE', *, *, #1846, .F. ) ;
#958 = EDGE_CURVE ( 'NONE', #1837, #714, #1356, .T. ) ;
#959 = DIRECTION ( 'NONE',  ( -0.000000000000000000, -0.000000000000000000, -1.000000000000000000 ) ) ;
#960 = ADVANCED_FACE ( 'NONE', ( #256 ), #1829, .F. ) ;
#961 = DIRECTION ( 'NONE',  ( 1.000000000000000000, 0.000000000000000000, 0.000000000000000000 ) ) ;
#962 = VECTOR ( 'NONE', #711, 1000.000000000000000 ) ;
#963 = FACE_OUTER_BOUND ( 'NONE', #919, .T. ) ;
#964 = CARTESIAN_POINT ( 'NONE',  ( -20.31999999999994344, 31.99999999999994671, 3.174999999999999822 ) ) ;
#965 = EDGE_CURVE ( 'NONE', #403, #2014, #940, .T. ) ;
#966 = ORIENTED_EDGE ( 'NONE', *, *, #1807, .T. ) ;
#967 =( LENGTH_UNIT ( ) NAMED_UNIT ( * ) SI_UNIT ( .MILLI., .METRE. ) );
#968 = ORIENTED_EDGE ( 'NONE', *, *, #464, .T. ) ;
#969 = CIRCLE ( 'NONE', #1731, 1.099999999999996758 ) ;
#970 = AXIS2_PLACEMENT_3D ( 'NONE', #1714, #932, #1399 ) ;
#971 = CIRCLE ( 'NONE', #70, 12.70000000000000284 ) ;
#972 = CARTESIAN_POINT ( 'NONE',  ( -65.09999999999988063, 63.49999999999994316, 3.174999999999999822 ) ) ;
#973 = FACE_BOUND ( 'NONE', #1608, .T. ) ;
#974 = VECTOR ( 'NONE', #1469, 1000.000000000000000 ) ;
#975 = EDGE_CURVE ( 'NONE', #2019, #1837, #892, .T. ) ;
#976 = DIRECTION ( 'NONE',  ( -0.000000000000000000, -0.000000000000000000, -1.000000000000000000 ) ) ;
#977 = CARTESIAN_POINT ( 'NONE',  ( 76.20000000000000284, 76.20000000000000284, 0.000000000000000000 ) ) ;
#978 = ORIENTED_EDGE ( 'NONE', *, *, #219, .F. ) ;
#979 = CYLINDRICAL_SURFACE ( 'NONE', #1257, 1.599999999999997202 ) ;
#980 = DIRECTION ( 'NONE',  ( -0.000000000000000000, -0.000000000000000000, -1.000000000000000000 ) ) ;
#981 = CARTESIAN_POINT ( 'NONE',  ( -12.70000000000000284, -66.04000000000000625, 3.174999999999999822 ) ) ;
#982 = LINE ( 'NONE', #193, #801 ) ;
#983 = ORIENTED_EDGE ( 'NONE', *, *, #548, .T. ) ;
#984 = CARTESIAN_POINT ( 'NONE',  ( -63.50000000000000000, 63.49999999999998579, 3.174999999999999822 ) ) ;
#985 = EDGE_CURVE ( 'NONE', #755, #1244, #229, .T. ) ;
#986 = CARTESIAN_POINT ( 'NONE',  ( -63.49999999999987921, 63.49999999999994316, 3.174999999999999822 ) ) ;
#987 = ORIENTED_EDGE ( 'NONE', *, *, #1302, .T. ) ;
#988 = CARTESIAN_POINT ( 'NONE',  ( -55.88000000000000256, 25.39999999999999858, 3.174999999999999822 ) ) ;
#989 = DIRECTION ( 'NONE',  ( -0.000000000000000000, -1.000000000000000000, -0.000000000000000000 ) ) ;
#990 = LINE ( 'NONE', #1610, #298 ) ;
#991 = DIRECTION ( 'NONE',  ( -1.000000000000000000, 0.000000000000000000, -0.000000000000000000 ) ) ;
#992 = PLANE ( 'NONE',  #2037 ) ;
#993 = AXIS2_PLACEMENT_3D ( 'NONE', #1995, #2033, #573 ) ;
#994 = DIRECTION ( 'NONE',  ( 1.000000000000000000, 0.000000000000000000, 0.000000000000000000 ) ) ;
#995 = CYLINDRICAL_SURFACE ( 'NONE', #536, 1.099999999999996758 ) ;
#996 = ORIENTED_EDGE ( 'NONE', *, *, #1260, .F. ) ;
#997 = ORIENTED_EDGE ( 'NONE', *, *, #237, .F. ) ;
#998 = EDGE_CURVE ( 'NONE', #259, #2021, #1797, .T. ) ;
#999 = DIRECTION ( 'NONE',  ( -0.000000000000000000, -0.000000000000000000, -1.000000000000000000 ) ) ;
#1000 = LINE ( 'NONE', #1955, #507 ) ;
#1001 = CIRCLE ( 'NONE', #798, 12.70000000000000284 ) ;
#1002 = EDGE_CURVE ( 'NONE', #1504, #897, #739, .T. ) ;
#1003 = DIRECTION ( 'NONE',  ( -1.000000000000000000, 0.000000000000000000, 0.000000000000000000 ) ) ;
#1004 = DIRECTION ( 'NONE',  ( -1.000000000000000000, 0.000000000000000000, 0.000000000000000000 ) ) ;
#1005 = VECTOR ( 'NONE', #1315, 1000.000000000000000 ) ;
#1006 = VECTOR ( 'NONE', #1572, 1000.000000000000000 ) ;
#1007 = AXIS2_PLACEMENT_3D ( 'NONE', #1297, #1438, #1591 ) ;
#1008 = DIRECTION ( 'NONE',  ( -1.000000000000000000, 0.000000000000000000, 0.000000000000000000 ) ) ;
#1009 = CARTESIAN_POINT ( 'NONE',  ( -18.71999999999994557, 31.99999999999994671, 0.000000000000000000 ) ) ;
#1010 = VECTOR ( 'NONE', #839, 1000.000000000000000 ) ;
#1011 = CARTESIAN_POINT ( 'NONE',  ( 15.67999999999999972, -31.99999999999999289, 3.174999999999999822 ) ) ;
#1012 = VERTEX_POINT ( 'NONE', #1181 ) ;
#1013 = EDGE_LOOP ( 'NONE', ( #273, #1346, #835, #1216 ) ) ;
#1014 = EDGE_LOOP ( 'NONE', ( #1246, #251, #1095, #1059 ) ) ;
#1015 = LINE ( 'NONE', #511, #1676 ) ;
#1016 = DIRECTION ( 'NONE',  ( -0.000000000000000000, -0.000000000000000000, -1.000000000000000000 ) ) ;
#1017 = ORIENTED_EDGE ( 'NONE', *, *, #111, .T. ) ;
#1018 = CARTESIAN_POINT ( 'NONE',  ( 36.50000000000002132, -63.50000000000000000, 3.174999999999999822 ) ) ;
#1019 = CARTESIAN_POINT ( 'NONE',  ( -65.45000000000000284, -13.95000000000000107, 0.000000000000000000 ) ) ;
#1020 = DIRECTION ( 'NONE',  ( -0.000000000000000000, 0.000000000000000000, 1.000000000000000000 ) ) ;
#1021 = ORIENTED_EDGE ( 'NONE', *, *, #889, .F. ) ;
#1022 = CARTESIAN_POINT ( 'NONE',  ( 14.08000000000000185, -31.99999999999999289, 0.000000000000000000 ) ) ;
#1023 = DIRECTION ( 'NONE',  ( -0.000000000000000000, -0.000000000000000000, -1.000000000000000000 ) ) ;
#1024 = EDGE_CURVE ( 'NONE', #534, #1436, #1165, .T. ) ;
#1025 = CARTESIAN_POINT ( 'NONE',  ( -55.88000000000000256, 25.39999999999999858, 3.174999999999999822 ) ) ;
#1026 = ADVANCED_FACE ( 'NONE', ( #1839 ), #1815, .T. ) ;
#1027 = CARTESIAN_POINT ( 'NONE',  ( -39.69999999999993179, 63.49999999999994316, 3.174999999999999822 ) ) ;
#1028 = DIRECTION ( 'NONE',  ( -1.000000000000000000, 0.000000000000000000, 0.000000000000000000 ) ) ;
#1029 = ORIENTED_EDGE ( 'NONE', *, *, #427, .F. ) ;
#1030 = VERTEX_POINT ( 'NONE', #1670 ) ;
#1031 = CARTESIAN_POINT ( 'NONE',  ( 17.28000000000002601, 31.99999999999993960, 0.000000000000000000 ) ) ;
#1032 = VERTEX_POINT ( 'NONE', #397 ) ;
#1033 = LINE ( 'NONE', #1655, #1071 ) ;
#1034 = DIRECTION ( 'NONE',  ( -0.000000000000000000, -0.000000000000000000, -1.000000000000000000 ) ) ;
#1035 = COLOUR_RGB ( '',0.1019607843137254888, 0.1019607843137254888, 0.1019607843137254888 ) ;
#1036 = CARTESIAN_POINT ( 'NONE',  ( -38.09999999999993037, 63.49999999999994316, 3.174999999999999822 ) ) ;
#1037 = CIRCLE ( 'NONE', #933, 12.70000000000000284 ) ;
#1038 = EDGE_CURVE ( 'NONE', #2014, #667, #1033, .T. ) ;
#1039 = CIRCLE ( 'NONE', #903, 1.599999999999997202 ) ;
#1040 = CYLINDRICAL_SURFACE ( 'NONE', #1890, 1.599999999999997202 ) ;
#1041 = VECTOR ( 'NONE', #1342, 1000.000000000000000 ) ;
#1042 = EDGE_CURVE ( 'NONE', #338, #1792, #200, .T. ) ;
#1043 = EDGE_LOOP ( 'NONE', ( #1549, #123, #840, #1496 ) ) ;
#1044 = CARTESIAN_POINT ( 'NONE',  ( -55.88000000000000256, -25.39999999999999858, 3.174999999999999822 ) ) ;
#1045 = CARTESIAN_POINT ( 'NONE',  ( 76.20000000000000284, -76.20000000000000284, 3.174999999999999822 ) ) ;
#1046 = CARTESIAN_POINT ( 'NONE',  ( 38.10000000000001563, -63.50000000000000000, 3.174999999999999822 ) ) ;
#1047 = CARTESIAN_POINT ( 'NONE',  ( 65.10000000000003695, 63.49999999999994316, 3.174999999999999822 ) ) ;
#1048 = ADVANCED_FACE ( 'NONE', ( #462 ), #598, .T. ) ;
#1049 = DIRECTION ( 'NONE',  ( -0.000000000000000000, -0.000000000000000000, -1.000000000000000000 ) ) ;
#1050 = EDGE_LOOP ( 'NONE', ( #39, #347, #1917, #779 ) ) ;
#1051 = EDGE_CURVE ( 'NONE', #291, #1778, #1523, .T. ) ;
#1052 = DIRECTION ( 'NONE',  ( -0.000000000000000000, 0.000000000000000000, 1.000000000000000000 ) ) ;
#1053 = ORIENTED_EDGE ( 'NONE', *, *, #1445, .T. ) ;
#1054 = DIRECTION ( 'NONE',  ( -1.000000000000000000, 0.000000000000000000, 0.000000000000000000 ) ) ;
#1055 = CARTESIAN_POINT ( 'NONE',  ( 14.08000000000000185, -31.99999999999999289, 3.174999999999999822 ) ) ;
#1056 = CARTESIAN_POINT ( 'NONE',  ( 25.40000000000002700, 43.17999999999994287, 3.174999999999999822 ) ) ;
#1057 = ORIENTED_EDGE ( 'NONE', *, *, #1233, .T. ) ;
#1058 = DIRECTION ( 'NONE',  ( -1.000000000000000000, -0.000000000000000000, -0.000000000000000000 ) ) ;
#1059 = ORIENTED_EDGE ( 'NONE', *, *, #1060, .F. ) ;
#1060 = EDGE_CURVE ( 'NONE', #68, #608, #648, .T. ) ;
#1061 = LINE ( 'NONE', #143, #709 ) ;
#1062 = LINE ( 'NONE', #1507, #541 ) ;
#1063 = LINE ( 'NONE', #1520, #196 ) ;
#1064 = VERTEX_POINT ( 'NONE', #780 ) ;
#1065 = AXIS2_PLACEMENT_3D ( 'NONE', #715, #1660, #234 ) ;
#1066 = ORIENTED_EDGE ( 'NONE', *, *, #747, .T. ) ;
#1067 = LINE ( 'NONE', #724, #269 ) ;
#1068 = CIRCLE ( 'NONE', #440, 1.599999999999997202 ) ;
#1069 = VERTEX_POINT ( 'NONE', #2012 ) ;
#1070 = CARTESIAN_POINT ( 'NONE',  ( -20.31999999999999673, -32.00000000000000000, 3.174999999999999822 ) ) ;
#1071 = VECTOR ( 'NONE', #702, 1000.000000000000000 ) ;
#1072 = ORIENTED_EDGE ( 'NONE', *, *, #155, .T. ) ;
#1073 = EDGE_CURVE ( 'NONE', #544, #562, #4, .T. ) ;
#1074 = DIRECTION ( 'NONE',  ( 0.000000000000000000, 0.000000000000000000, -1.000000000000000000 ) ) ;
#1075 = DIRECTION ( 'NONE',  ( 0.000000000000000000, 0.000000000000000000, 1.000000000000000000 ) ) ;
#1076 = PLANE ( 'NONE',  #135 ) ;
#1077 = ORIENTED_EDGE ( 'NONE', *, *, #1073, .F. ) ;
#1078 = VERTEX_POINT ( 'NONE', #623 ) ;
#1079 = CARTESIAN_POINT ( 'NONE',  ( -45.71999999999999886, -25.39999999999999858, 3.174999999999999822 ) ) ;
#1080 = ORIENTED_EDGE ( 'NONE', *, *, #687, .T. ) ;
#1081 = FACE_BOUND ( 'NONE', #485, .T. ) ;
#1082 = ORIENTED_EDGE ( 'NONE', *, *, #1809, .T. ) ;
#1083 = CARTESIAN_POINT ( 'NONE',  ( -61.89999999999987779, 63.49999999999994316, 0.000000000000000000 ) ) ;
#1084 = PLANE ( 'NONE',  #1758 ) ;
#1085 = EDGE_CURVE ( 'NONE', #676, #226, #1239, .T. ) ;
#1086 = CARTESIAN_POINT ( 'NONE',  ( -33.80000000000000426, 57.20000000000000284, 3.174999999999999822 ) ) ;
#1087 = DIRECTION ( 'NONE',  ( 0.000000000000000000, 0.000000000000000000, -1.000000000000000000 ) ) ;
#1088 = ORIENTED_EDGE ( 'NONE', *, *, #1600, .T. ) ;
#1089 = DIRECTION ( 'NONE',  ( 1.000000000000000000, 0.000000000000000000, 0.000000000000000000 ) ) ;
#1090 = AXIS2_PLACEMENT_3D ( 'NONE', #1806, #828, #388 ) ;
#1091 = DIRECTION ( 'NONE',  ( -1.000000000000000000, 0.000000000000000000, 0.000000000000000000 ) ) ;
#1092 = DIRECTION ( 'NONE',  ( -1.000000000000000000, 0.000000000000000000, 0.000000000000000000 ) ) ;
#1093 = CARTESIAN_POINT ( 'NONE',  ( -38.09999999999998721, -63.50000000000000000, 0.000000000000000000 ) ) ;
#1094 = AXIS2_PLACEMENT_3D ( 'NONE', #1904, #287, #300 ) ;
#1095 = ORIENTED_EDGE ( 'NONE', *, *, #356, .T. ) ;
#1096 = FACE_BOUND ( 'NONE', #863, .T. ) ;
#1097 = CIRCLE ( 'NONE', #1754, 1.600000000000004086 ) ;
#1098 = AXIS2_PLACEMENT_3D ( 'NONE', #1551, #2049, #484 ) ;
#1099 = ORIENTED_EDGE ( 'NONE', *, *, #1191, .T. ) ;
#1100 = AXIS2_PLACEMENT_3D ( 'NONE', #79, #295, #144 ) ;
#1101 = CARTESIAN_POINT ( 'NONE',  ( -32.70000000000000995, 57.20000000000000284, 0.000000000000000000 ) ) ;
#1102 = CIRCLE ( 'NONE', #66, 1.599999999999997202 ) ;
#1103 = DIRECTION ( 'NONE',  ( 1.000000000000000000, 0.000000000000000000, 0.000000000000000000 ) ) ;
#1104 = EDGE_LOOP ( 'NONE', ( #764, #1709 ) ) ;
#1105 = DIRECTION ( 'NONE',  ( -0.000000000000000000, -0.000000000000000000, -1.000000000000000000 ) ) ;
#1106 = ORIENTED_EDGE ( 'NONE', *, *, #1537, .F. ) ;
#1107 = EDGE_CURVE ( 'NONE', #98, #339, #1849, .T. ) ;
#1108 = FACE_BOUND ( 'NONE', #841, .T. ) ;
#1109 = ORIENTED_EDGE ( 'NONE', *, *, #638, .T. ) ;
#1110 = EDGE_CURVE ( 'NONE', #714, #1837, #1970, .T. ) ;
#1111 = EDGE_CURVE ( 'NONE', #338, #544, #1699, .T. ) ;
#1112 = DIRECTION ( 'NONE',  ( -0.000000000000000000, -0.000000000000000000, -1.000000000000000000 ) ) ;
#1113 = CARTESIAN_POINT ( 'NONE',  ( -36.49999999999999289, -63.50000000000000000, 3.174999999999999822 ) ) ;
#1114 = CARTESIAN_POINT ( 'NONE',  ( 15.68000000000002814, 31.99999999999993960, 3.174999999999999822 ) ) ;
#1115 = CARTESIAN_POINT ( 'NONE',  ( -12.70000000000000284, -43.17999999999999972, 0.000000000000000000 ) ) ;
#1116 = ORIENTED_EDGE ( 'NONE', *, *, #401, .T. ) ;
#1117 = PLANE ( 'NONE',  #1921 ) ;
#1118 = ORIENTED_EDGE ( 'NONE', *, *, #1597, .F. ) ;
#1119 = EDGE_CURVE ( 'NONE', #1522, #676, #285, .T. ) ;
#1120 = CARTESIAN_POINT ( 'NONE',  ( -12.70000000000000284, -66.04000000000000625, 3.174999999999999822 ) ) ;
#1121 = DIRECTION ( 'NONE',  ( 1.000000000000000000, 0.000000000000000000, -0.000000000000000000 ) ) ;
#1122 = DIRECTION ( 'NONE',  ( 0.000000000000000000, 0.000000000000000000, 1.000000000000000000 ) ) ;
#1123 = CIRCLE ( 'NONE', #231, 1.599999999999997202 ) ;
#1124 = DIRECTION ( 'NONE',  ( 1.000000000000000000, 0.000000000000000000, 0.000000000000000000 ) ) ;
#1125 = DIRECTION ( 'NONE',  ( -1.000000000000000000, 0.000000000000000000, 0.000000000000000000 ) ) ;
#1126 = ORIENTED_EDGE ( 'NONE', *, *, #1961, .F. ) ;
#1127 = CARTESIAN_POINT ( 'NONE',  ( -12.69999999999994778, 66.03999999999994941, 3.174999999999999822 ) ) ;
#1128 = EDGE_LOOP ( 'NONE', ( #1388, #2060, #817, #2044 ) ) ;
#1129 = VECTOR ( 'NONE', #186, 1000.000000000000000 ) ;
#1130 = CIRCLE ( 'NONE', #293, 1.599999999999997202 ) ;
#1131 = VECTOR ( 'NONE', #1516, 1000.000000000000000 ) ;
#1132 = ADVANCED_FACE ( 'NONE', ( #1879 ), #309, .F. ) ;
#1133 = FACE_BOUND ( 'NONE', #1205, .T. ) ;
#1134 = AXIS2_PLACEMENT_3D ( 'NONE', #1710, #1074, #1859 ) ;
#1135 = ORIENTED_EDGE ( 'NONE', *, *, #303, .T. ) ;
#1136 = CARTESIAN_POINT ( 'NONE',  ( -64.35000000000000853, 17.25000000000000355, 3.174999999999999822 ) ) ;
#1137 = ORIENTED_EDGE ( 'NONE', *, *, #1558, .F. ) ;
#1138 = CARTESIAN_POINT ( 'NONE',  ( -38.09999999999998721, -63.50000000000000000, 3.174999999999999822 ) ) ;
#1139 = ORIENTED_EDGE ( 'NONE', *, *, #1701, .F. ) ;
#1140 = ORIENTED_EDGE ( 'NONE', *, *, #1416, .T. ) ;
#1141 = ORIENTED_EDGE ( 'NONE', *, *, #1073, .T. ) ;
#1142 = CARTESIAN_POINT ( 'NONE',  ( -55.88000000000000256, 25.39999999999999858, 0.000000000000000000 ) ) ;
#1143 = CARTESIAN_POINT ( 'NONE',  ( -18.71999999999994557, 31.99999999999994671, 3.174999999999999822 ) ) ;
#1144 = PLANE ( 'NONE',  #410 ) ;
#1145 = LINE ( 'NONE', #1319, #1861 ) ;
#1146 = DIRECTION ( 'NONE',  ( 0.000000000000000000, 0.000000000000000000, 1.000000000000000000 ) ) ;
#1147 = DIRECTION ( 'NONE',  ( -1.000000000000000000, 0.000000000000000000, 0.000000000000000000 ) ) ;
#1148 = DIRECTION ( 'NONE',  ( 0.000000000000000000, 0.000000000000000000, -1.000000000000000000 ) ) ;
#1149 = ORIENTED_EDGE ( 'NONE', *, *, #652, .T. ) ;
#1150 = CARTESIAN_POINT ( 'NONE',  ( -63.49999999999998579, -76.20000000000000284, 3.174999999999999822 ) ) ;
#1151 = CARTESIAN_POINT ( 'NONE',  ( -64.35000000000000853, -13.95000000000000107, 3.174999999999999822 ) ) ;
#1152 = ORIENTED_EDGE ( 'NONE', *, *, #1495, .F. ) ;
#1153 = DIRECTION ( 'NONE',  ( -1.000000000000000000, 0.000000000000000000, 0.000000000000000000 ) ) ;
#1154 = DIRECTION ( 'NONE',  ( -0.000000000000000000, -0.000000000000000000, -1.000000000000000000 ) ) ;
#1155 = VECTOR ( 'NONE', #35, 1000.000000000000000 ) ;
#1156 = EDGE_CURVE ( 'NONE', #403, #630, #1061, .T. ) ;
#1157 = CARTESIAN_POINT ( 'NONE',  ( -61.89999999999987779, 63.49999999999994316, 3.174999999999999822 ) ) ;
#1158 = VERTEX_POINT ( 'NONE', #920 ) ;
#1159 = DIRECTION ( 'NONE',  ( 1.000000000000000000, 0.000000000000000000, 0.000000000000000000 ) ) ;
#1160 = VECTOR ( 'NONE', #65, 1000.000000000000000 ) ;
#1161 = AXIS2_PLACEMENT_3D ( 'NONE', #1336, #270, #558 ) ;
#1162 = CARTESIAN_POINT ( 'NONE',  ( -20.31999999999999673, -32.00000000000000000, 3.174999999999999822 ) ) ;
#1163 = DIRECTION ( 'NONE',  ( -0.000000000000000000, -0.000000000000000000, -1.000000000000000000 ) ) ;
#1164 = CIRCLE ( 'NONE', #1556, 1.600000000000004086 ) ;
#1165 = CIRCLE ( 'NONE', #32, 1.599999999999997202 ) ;
#1166 = CARTESIAN_POINT ( 'NONE',  ( -55.88000000000000256, -25.39999999999999858, 0.000000000000000000 ) ) ;
#1167 = CARTESIAN_POINT ( 'NONE',  ( -20.31999999999994344, 31.99999999999994671, 3.174999999999999822 ) ) ;
#1168 = ORIENTED_EDGE ( 'NONE', *, *, #427, .T. ) ;
#1169 = VERTEX_POINT ( 'NONE', #1405 ) ;
#1170 = DIRECTION ( 'NONE',  ( -0.000000000000000000, -0.000000000000000000, -1.000000000000000000 ) ) ;
#1171 = ADVANCED_FACE ( 'NONE', ( #2056 ), #1888, .F. ) ;
#1172 = VERTEX_POINT ( 'NONE', #1083 ) ;
#1173 = EDGE_CURVE ( 'NONE', #608, #68, #969, .T. ) ;
#1174 = DIRECTION ( 'NONE',  ( 0.000000000000000000, 0.000000000000000000, 1.000000000000000000 ) ) ;
#1175 = CARTESIAN_POINT ( 'NONE',  ( -12.69999999999994778, 66.03999999999994941, 3.174999999999999822 ) ) ;
#1176 = CARTESIAN_POINT ( 'NONE',  ( 65.10000000000002274, -63.50000000000000000, 3.174999999999999822 ) ) ;
#1177 = ORIENTED_EDGE ( 'NONE', *, *, #975, .T. ) ;
#1178 = ORIENTED_EDGE ( 'NONE', *, *, #169, .T. ) ;
#1179 = DIRECTION ( 'NONE',  ( -0.000000000000000000, -0.000000000000000000, -1.000000000000000000 ) ) ;
#1180 = EDGE_LOOP ( 'NONE', ( #1313, #661, #1716, #1140 ) ) ;
#1181 = CARTESIAN_POINT ( 'NONE',  ( 36.50000000000002132, -63.50000000000000000, 0.000000000000000000 ) ) ;
#1182 = DIRECTION ( 'NONE',  ( -1.000000000000000000, 0.000000000000000000, 0.000000000000000000 ) ) ;
#1183 = ORIENTED_EDGE ( 'NONE', *, *, #757, .F. ) ;
#1184 = CARTESIAN_POINT ( 'NONE',  ( 25.39999999999999858, -43.17999999999999261, 3.174999999999999822 ) ) ;
#1185 = ORIENTED_EDGE ( 'NONE', *, *, #922, .F. ) ;
#1186 = ORIENTED_EDGE ( 'NONE', *, *, #205, .F. ) ;
#1187 = AXIS2_PLACEMENT_3D ( 'NONE', #1513, #1179, #738 ) ;
#1188 = EDGE_LOOP ( 'NONE', ( #115, #1286 ) ) ;
#1189 = DIRECTION ( 'NONE',  ( 0.000000000000000000, 0.000000000000000000, 1.000000000000000000 ) ) ;
#1190 = VECTOR ( 'NONE', #209, 1000.000000000000000 ) ;
#1191 = EDGE_CURVE ( 'NONE', #80, #714, #909, .T. ) ;
#1192 = AXIS2_PLACEMENT_3D ( 'NONE', #1093, #173, #807 ) ;
#1193 = CARTESIAN_POINT ( 'NONE',  ( -52.30000000000000426, 57.20000000000000284, 3.174999999999999822 ) ) ;
#1194 = AXIS2_PLACEMENT_3D ( 'NONE', #257, #1816, #1350 ) ;
#1195 = AXIS2_PLACEMENT_3D ( 'NONE', #1467, #1294, #512 ) ;
#1196 = ORIENTED_EDGE ( 'NONE', *, *, #1378, .T. ) ;
#1197 = CARTESIAN_POINT ( 'NONE',  ( -12.70000000000000284, -66.04000000000000625, 3.174999999999999822 ) ) ;
#1198 = AXIS2_PLACEMENT_3D ( 'NONE', #1992, #879, #1694 ) ;
#1199 = ORIENTED_EDGE ( 'NONE', *, *, #1406, .T. ) ;
#1200 = FACE_OUTER_BOUND ( 'NONE', #1951, .T. ) ;
#1201 = PLANE ( 'NONE',  #1457 ) ;
#1202 = DIRECTION ( 'NONE',  ( -1.000000000000000000, 0.000000000000000000, 0.000000000000000000 ) ) ;
#1203 = ADVANCED_FACE ( 'NONE', ( #2035 ), #753, .T. ) ;
#1204 = DIRECTION ( 'NONE',  ( -0.000000000000000000, -0.000000000000000000, -1.000000000000000000 ) ) ;
#1205 = EDGE_LOOP ( 'NONE', ( #170, #116 ) ) ;
#1206 = CARTESIAN_POINT ( 'NONE',  ( -55.88000000000000256, 25.39999999999999858, 0.000000000000000000 ) ) ;
#1207 = EDGE_LOOP ( 'NONE', ( #202, #968 ) ) ;
#1208 = CARTESIAN_POINT ( 'NONE',  ( -51.20000000000000995, 42.20000000000000284, 3.174999999999999822 ) ) ;
#1209 = PLANE ( 'NONE',  #1161 ) ;
#1210 = ORIENTED_EDGE ( 'NONE', *, *, #1308, .T. ) ;
#1211 = ORIENTED_EDGE ( 'NONE', *, *, #356, .F. ) ;
#1212 = CYLINDRICAL_SURFACE ( 'NONE', #1198, 1.100000000000003642 ) ;
#1213 = ORIENTED_EDGE ( 'NONE', *, *, #728, .T. ) ;
#1214 = EDGE_CURVE ( 'NONE', #1698, #873, #1587, .T. ) ;
#1215 = CARTESIAN_POINT ( 'NONE',  ( -38.09999999999998721, -63.50000000000000000, 3.174999999999999822 ) ) ;
#1216 = ORIENTED_EDGE ( 'NONE', *, *, #105, .F. ) ;
#1217 = CARTESIAN_POINT ( 'NONE',  ( -76.20000000000000284, -76.20000000000000284, 3.174999999999999822 ) ) ;
#1218 = CARTESIAN_POINT ( 'NONE',  ( -63.50000000000000000, 63.49999999999998579, 3.174999999999999822 ) ) ;
#1219 = LINE ( 'NONE', #1231, #1 ) ;
#1220 = VERTEX_POINT ( 'NONE', #1274 ) ;
#1221 = AXIS2_PLACEMENT_3D ( 'NONE', #1689, #1989, #1531 ) ;
#1222 = ORIENTED_EDGE ( 'NONE', *, *, #1775, .F. ) ;
#1223 = DIRECTION ( 'NONE',  ( 0.000000000000000000, 0.000000000000000000, 1.000000000000000000 ) ) ;
#1224 = ORIENTED_EDGE ( 'NONE', *, *, #935, .T. ) ;
#1225 = LINE ( 'NONE', #467, #432 ) ;
#1226 = AXIS2_PLACEMENT_3D ( 'NONE', #1362, #294, #941 ) ;
#1227 = ORIENTED_EDGE ( 'NONE', *, *, #1483, .F. ) ;
#1228 = DIRECTION ( 'NONE',  ( 0.000000000000000000, -0.000000000000000000, 1.000000000000000000 ) ) ;
#1229 = EDGE_CURVE ( 'NONE', #1792, #562, #1632, .T. ) ;
#1230 = DIRECTION ( 'NONE',  ( -0.000000000000000000, -0.000000000000000000, 1.000000000000000000 ) ) ;
#1231 = CARTESIAN_POINT ( 'NONE',  ( -18.71999999999994557, 31.99999999999994671, 3.174999999999999822 ) ) ;
#1232 = ORIENTED_EDGE ( 'NONE', *, *, #308, .F. ) ;
#1233 = EDGE_CURVE ( 'NONE', #1069, #1078, #10, .T. ) ;
#1234 = DIRECTION ( 'NONE',  ( 1.821231995776176958E-16, 1.000000000000000000, -0.000000000000000000 ) ) ;
#1235 = FACE_OUTER_BOUND ( 'NONE', #188, .T. ) ;
#1236 = ORIENTED_EDGE ( 'NONE', *, *, #1645, .F. ) ;
#1237 = FACE_BOUND ( 'NONE', #8, .T. ) ;
#1238 = VERTEX_POINT ( 'NONE', #163 ) ;
#1239 = LINE ( 'NONE', #441, #543 ) ;
#1240 = CARTESIAN_POINT ( 'NONE',  ( -12.70000000000000284, -43.17999999999999972, 3.174999999999999822 ) ) ;
#1241 = EDGE_CURVE ( 'NONE', #1220, #1391, #153, .T. ) ;
#1242 = DIRECTION ( 'NONE',  ( 0.000000000000000000, 0.000000000000000000, 1.000000000000000000 ) ) ;
#1243 = ORIENTED_EDGE ( 'NONE', *, *, #638, .F. ) ;
#1244 = VERTEX_POINT ( 'NONE', #368 ) ;
#1245 = DIRECTION ( 'NONE',  ( -0.000000000000000000, -0.000000000000000000, -1.000000000000000000 ) ) ;
#1246 = ORIENTED_EDGE ( 'NONE', *, *, #111, .F. ) ;
#1247 = DIRECTION ( 'NONE',  ( -0.000000000000000000, 0.000000000000000000, 1.000000000000000000 ) ) ;
#1248 = AXIS2_PLACEMENT_3D ( 'NONE', #988, #340, #263 ) ;
#1249 = CIRCLE ( 'NONE', #60, 1.100000000000003642 ) ;
#1250 = DIRECTION ( 'NONE',  ( 0.000000000000000000, 0.000000000000000000, -1.000000000000000000 ) ) ;
#1251 = EDGE_CURVE ( 'NONE', #46, #890, #797, .T. ) ;
#1252 = EDGE_LOOP ( 'NONE', ( #1139, #1678, #1976, #1543 ) ) ;
#1253 = EDGE_CURVE ( 'NONE', #127, #1172, #1911, .T. ) ;
#1254 = VECTOR ( 'NONE', #1434, 1000.000000000000000 ) ;
#1255 = VERTEX_POINT ( 'NONE', #1615 ) ;
#1256 = CARTESIAN_POINT ( 'NONE',  ( -66.55000000000001137, -13.95000000000000107, 3.174999999999999822 ) ) ;
#1257 = AXIS2_PLACEMENT_3D ( 'NONE', #360, #853, #1291 ) ;
#1258 = CIRCLE ( 'NONE', #1795, 1.099999999999996758 ) ;
#1259 = VERTEX_POINT ( 'NONE', #1975 ) ;
#1260 = EDGE_CURVE ( 'NONE', #493, #813, #950, .T. ) ;
#1261 = CIRCLE ( 'NONE', #475, 1.100000000000003642 ) ;
#1262 = DIRECTION ( 'NONE',  ( -1.000000000000000000, 0.000000000000000000, 0.000000000000000000 ) ) ;
#1263 = CARTESIAN_POINT ( 'NONE',  ( -76.20000000000000284, -63.50000000000000000, 0.000000000000000000 ) ) ;
#1264 = AXIS2_PLACEMENT_3D ( 'NONE', #1985, #758, #1666 ) ;
#1265 = CARTESIAN_POINT ( 'NONE',  ( 76.20000000000000284, 63.49999999999992895, 3.174999999999999822 ) ) ;
#1266 = CARTESIAN_POINT ( 'NONE',  ( 76.20000000000000284, -76.20000000000000284, 0.000000000000000000 ) ) ;
#1267 = VERTEX_POINT ( 'NONE', #1788 ) ;
#1268 = ORIENTED_EDGE ( 'NONE', *, *, #1659, .F. ) ;
#1269 = CARTESIAN_POINT ( 'NONE',  ( -55.88000000000000256, -25.39999999999999858, 3.174999999999999822 ) ) ;
#1270 = ORIENTED_EDGE ( 'NONE', *, *, #1910, .T. ) ;
#1271 = ADVANCED_FACE ( 'NONE', ( #43 ), #995, .F. ) ;
#1272 = FACE_BOUND ( 'NONE', #1703, .T. ) ;
#1273 = EDGE_LOOP ( 'NONE', ( #434, #34 ) ) ;
#1274 = CARTESIAN_POINT ( 'NONE',  ( 25.39999999999999858, -66.04000000000000625, 0.000000000000000000 ) ) ;
#1275 = CARTESIAN_POINT ( 'NONE',  ( 65.10000000000003695, 63.49999999999994316, 0.000000000000000000 ) ) ;
#1276 = CARTESIAN_POINT ( 'NONE',  ( -52.30000000000000426, 42.20000000000000284, 0.000000000000000000 ) ) ;
#1277 = ORIENTED_EDGE ( 'NONE', *, *, #935, .F. ) ;
#1278 = CYLINDRICAL_SURFACE ( 'NONE', #1618, 1.599999999999997202 ) ;
#1279 = DIRECTION ( 'NONE',  ( -1.000000000000000000, 0.000000000000000000, 0.000000000000000000 ) ) ;
#1280 = ORIENTED_EDGE ( 'NONE', *, *, #447, .T. ) ;
#1281 = EDGE_LOOP ( 'NONE', ( #1649, #1017, #1450, #1211 ) ) ;
#1282 = EDGE_CURVE ( 'NONE', #591, #1255, #649, .T. ) ;
#1283 = LINE ( 'NONE', #685, #1560 ) ;
#1284 = CARTESIAN_POINT ( 'NONE',  ( -55.88000000000000256, -25.39999999999999858, 3.174999999999999822 ) ) ;
#1285 = AXIS2_PLACEMENT_3D ( 'NONE', #1379, #1052, #409 ) ;
#1286 = ORIENTED_EDGE ( 'NONE', *, *, #1781, .F. ) ;
#1287 = LINE ( 'NONE', #1136, #236 ) ;
#1288 = CARTESIAN_POINT ( 'NONE',  ( 61.90000000000001990, -63.50000000000000000, 0.000000000000000000 ) ) ;
#1289 = CARTESIAN_POINT ( 'NONE',  ( 0.000000000000000000, 0.000000000000000000, 0.000000000000000000 ) ) ;
#1290 = ORIENTED_EDGE ( 'NONE', *, *, #1251, .T. ) ;
#1291 = DIRECTION ( 'NONE',  ( -1.000000000000000000, 0.000000000000000000, 0.000000000000000000 ) ) ;
#1292 = AXIS2_PLACEMENT_3D ( 'NONE', #1409, #1746, #766 ) ;
#1293 = CIRCLE ( 'NONE', #2066, 1.599999999999997202 ) ;
#1294 = DIRECTION ( 'NONE',  ( -0.000000000000000000, -0.000000000000000000, 1.000000000000000000 ) ) ;
#1295 = AXIS2_PLACEMENT_3D ( 'NONE', #1284, #1763, #341 ) ;
#1296 = EDGE_CURVE ( 'NONE', #2055, #926, #788, .T. ) ;
#1297 = CARTESIAN_POINT ( 'NONE',  ( 63.50000000000001421, -63.50000000000000000, 0.000000000000000000 ) ) ;
#1298 = CARTESIAN_POINT ( 'NONE',  ( -50.10000000000001563, 42.20000000000000284, 0.000000000000000000 ) ) ;
#1299 = ORIENTED_EDGE ( 'NONE', *, *, #179, .T. ) ;
#1300 = CYLINDRICAL_SURFACE ( 'NONE', #1654, 1.600000000000004086 ) ;
#1301 = DIRECTION ( 'NONE',  ( 0.000000000000000000, 0.000000000000000000, 1.000000000000000000 ) ) ;
#1302 = EDGE_CURVE ( 'NONE', #1547, #1569, #1414, .T. ) ;
#1303 = ORIENTED_EDGE ( 'NONE', *, *, #662, .F. ) ;
#1304 = EDGE_LOOP ( 'NONE', ( #1738, #1057, #2006, #767 ) ) ;
#1305 = CARTESIAN_POINT ( 'NONE',  ( -31.60000000000000853, 42.20000000000000284, 0.000000000000000000 ) ) ;
#1306 = DIRECTION ( 'NONE',  ( -0.000000000000000000, 0.000000000000000000, -1.000000000000000000 ) ) ;
#1307 = CARTESIAN_POINT ( 'NONE',  ( -51.20000000000000995, 42.20000000000000284, 3.174999999999999822 ) ) ;
#1308 = EDGE_CURVE ( 'NONE', #771, #585, #1102, .T. ) ;
#1309 = LINE ( 'NONE', #1786, #1190 ) ;
#1310 = CARTESIAN_POINT ( 'NONE',  ( -63.49999999999992895, -76.20000000000000284, 0.000000000000000000 ) ) ;
#1311 = SHAPE_DEFINITION_REPRESENTATION ( #584, #381 ) ;
#1312 = DIRECTION ( 'NONE',  ( -1.000000000000000000, 0.000000000000000000, 0.000000000000000000 ) ) ;
#1313 = ORIENTED_EDGE ( 'NONE', *, *, #1085, .F. ) ;
#1314 = ORIENTED_EDGE ( 'NONE', *, *, #1952, .F. ) ;
#1315 = DIRECTION ( 'NONE',  ( -1.000000000000000000, -0.000000000000000000, -0.000000000000000000 ) ) ;
#1316 = DIRECTION ( 'NONE',  ( 0.000000000000000000, 0.000000000000000000, 1.000000000000000000 ) ) ;
#1317 = FACE_BOUND ( 'NONE', #176, .T. ) ;
#1318 = ORIENTED_EDGE ( 'NONE', *, *, #719, .T. ) ;
#1319 = CARTESIAN_POINT ( 'NONE',  ( -12.70000000000000284, -66.04000000000000625, 0.000000000000000000 ) ) ;
#1320 = EDGE_CURVE ( 'NONE', #1030, #1977, #438, .T. ) ;
#1321 = AXIS2_PLACEMENT_3D ( 'NONE', #254, #906, #751 ) ;
#1322 = DIRECTION ( 'NONE',  ( 0.000000000000000000, 1.000000000000000000, 0.000000000000000000 ) ) ;
#1323 = EDGE_LOOP ( 'NONE', ( #1988, #1106 ) ) ;
#1324 = VERTEX_POINT ( 'NONE', #1741 ) ;
#1325 = CARTESIAN_POINT ( 'NONE',  ( 76.20000000000000284, -76.20000000000000284, 0.000000000000000000 ) ) ;
#1326 = CIRCLE ( 'NONE', #1065, 1.599999999999997202 ) ;
#1327 = CARTESIAN_POINT ( 'NONE',  ( -32.70000000000000995, 57.20000000000000284, 0.000000000000000000 ) ) ;
#1328 = AXIS2_PLACEMENT_3D ( 'NONE', #1862, #1384, #961 ) ;
#1329 = VECTOR ( 'NONE', #120, 1000.000000000000000 ) ;
#1330 = DIRECTION ( 'NONE',  ( -0.000000000000000000, 0.000000000000000000, 1.000000000000000000 ) ) ;
#1331 = CYLINDRICAL_SURFACE ( 'NONE', #1627, 1.599999999999997202 ) ;
#1332 = FACE_OUTER_BOUND ( 'NONE', #589, .T. ) ;
#1333 = ORIENTED_EDGE ( 'NONE', *, *, #998, .T. ) ;
#1334 = EDGE_CURVE ( 'NONE', #358, #1565, #203, .T. ) ;
#1335 = DIRECTION ( 'NONE',  ( 0.000000000000000000, 0.000000000000000000, 1.000000000000000000 ) ) ;
#1336 = CARTESIAN_POINT ( 'NONE',  ( 76.20000000000000284, -76.20000000000000284, 3.174999999999999822 ) ) ;
#1337 = CARTESIAN_POINT ( 'NONE',  ( -32.70000000000000995, 42.20000000000000284, 0.000000000000000000 ) ) ;
#1338 = ORIENTED_EDGE ( 'NONE', *, *, #1367, .F. ) ;
#1339 = ORIENTED_EDGE ( 'NONE', *, *, #1367, .T. ) ;
#1340 = DIRECTION ( 'NONE',  ( -0.000000000000000000, -0.000000000000000000, -1.000000000000000000 ) ) ;
#1341 = ADVANCED_FACE ( 'NONE', ( #690 ), #1331, .F. ) ;
#1342 = DIRECTION ( 'NONE',  ( -0.000000000000000000, -0.000000000000000000, -1.000000000000000000 ) ) ;
#1343 = FACE_OUTER_BOUND ( 'NONE', #1014, .T. ) ;
#1344 = CARTESIAN_POINT ( 'NONE',  ( 63.50000000000000000, -63.50000000000000000, 0.000000000000000000 ) ) ;
#1345 = ORIENTED_EDGE ( 'NONE', *, *, #1685, .F. ) ;
#1346 = ORIENTED_EDGE ( 'NONE', *, *, #319, .T. ) ;
#1347 = CARTESIAN_POINT ( 'NONE',  ( -38.09999999999998721, -63.50000000000000000, 3.174999999999999822 ) ) ;
#1348 = EDGE_LOOP ( 'NONE', ( #2062, #1359 ) ) ;
#1349 = DIRECTION ( 'NONE',  ( 1.000000000000000000, 0.000000000000000000, 0.000000000000000000 ) ) ;
#1350 = DIRECTION ( 'NONE',  ( 1.000000000000000000, 0.000000000000000000, 0.000000000000000000 ) ) ;
#1351 = AXIS2_PLACEMENT_3D ( 'NONE', #1563, #2023, #1550 ) ;
#1352 = VECTOR ( 'NONE', #76, 1000.000000000000000 ) ;
#1353 = EDGE_CURVE ( 'NONE', #1749, #752, #850, .T. ) ;
#1354 = CARTESIAN_POINT ( 'NONE',  ( 17.27999999999999758, -31.99999999999999289, 3.174999999999999822 ) ) ;
#1355 = CIRCLE ( 'NONE', #772, 1.599999999999997202 ) ;
#1356 = CIRCLE ( 'NONE', #774, 1.099999999999996758 ) ;
#1357 = LINE ( 'NONE', #2007, #731 ) ;
#1358 = AXIS2_PLACEMENT_3D ( 'NONE', #1950, #1640, #656 ) ;
#1359 = ORIENTED_EDGE ( 'NONE', *, *, #1282, .T. ) ;
#1360 = VERTEX_POINT ( 'NONE', #1475 ) ;
#1361 = DIRECTION ( 'NONE',  ( -0.000000000000000000, -0.000000000000000000, -1.000000000000000000 ) ) ;
#1362 = CARTESIAN_POINT ( 'NONE',  ( -51.20000000000000995, 42.20000000000000284, 0.000000000000000000 ) ) ;
#1363 = CYLINDRICAL_SURFACE ( 'NONE', #538, 1.599999999999997202 ) ;
#1364 = EDGE_LOOP ( 'NONE', ( #750, #461, #516, #1185 ) ) ;
#1365 = EDGE_LOOP ( 'NONE', ( #723, #725 ) ) ;
#1366 = DIRECTION ( 'NONE',  ( -0.000000000000000000, 0.000000000000000000, 1.000000000000000000 ) ) ;
#1367 = EDGE_CURVE ( 'NONE', #878, #1547, #699, .T. ) ;
#1368 = EDGE_LOOP ( 'NONE', ( #934, #1476 ) ) ;
#1369 = LINE ( 'NONE', #1538, #729 ) ;
#1370 = EDGE_LOOP ( 'NONE', ( #545, #1373, #2030, #827 ) ) ;
#1371 = CARTESIAN_POINT ( 'NONE',  ( -55.88000000000000256, -25.39999999999999858, 3.174999999999999822 ) ) ;
#1372 = LINE ( 'NONE', #1047, #332 ) ;
#1373 = ORIENTED_EDGE ( 'NONE', *, *, #1537, .T. ) ;
#1374 = ORIENTED_EDGE ( 'NONE', *, *, #278, .T. ) ;
#1375 = CYLINDRICAL_SURFACE ( 'NONE', #1617, 1.100000000000003642 ) ;
#1376 = EDGE_LOOP ( 'NONE', ( #1509, #201, #1869, #1633 ) ) ;
#1377 = ORIENTED_EDGE ( 'NONE', *, *, #142, .T. ) ;
#1378 = EDGE_CURVE ( 'NONE', #1532, #640, #331, .T. ) ;
#1379 = CARTESIAN_POINT ( 'NONE',  ( -63.49999999999987921, 63.49999999999994316, 3.174999999999999822 ) ) ;
#1380 = CIRCLE ( 'NONE', #1285, 1.600000000000004086 ) ;
#1381 = ORIENTED_EDGE ( 'NONE', *, *, #500, .F. ) ;
#1382 = DIRECTION ( 'NONE',  ( -1.000000000000000000, 0.000000000000000000, 0.000000000000000000 ) ) ;
#1383 = DIRECTION ( 'NONE',  ( 0.000000000000000000, 0.000000000000000000, -1.000000000000000000 ) ) ;
#1384 = DIRECTION ( 'NONE',  ( 0.000000000000000000, 0.000000000000000000, 1.000000000000000000 ) ) ;
#1385 = ORIENTED_EDGE ( 'NONE', *, *, #1214, .T. ) ;
#1386 = APPLICATION_CONTEXT ( 'automotive_design' ) ;
#1387 = CIRCLE ( 'NONE', #1688, 1.100000000000003642 ) ;
#1388 = ORIENTED_EDGE ( 'NONE', *, *, #1683, .T. ) ;
#1389 = DIRECTION ( 'NONE',  ( 1.000000000000000000, 0.000000000000000000, 0.000000000000000000 ) ) ;
#1390 = CIRCLE ( 'NONE', #1656, 1.599999999999997202 ) ;
#1391 = VERTEX_POINT ( 'NONE', #1525 ) ;
#1392 = FACE_BOUND ( 'NONE', #637, .T. ) ;
#1393 = AXIS2_PLACEMENT_3D ( 'NONE', #1540, #2047, #1089 ) ;
#1394 = EDGE_LOOP ( 'NONE', ( #1886, #1799 ) ) ;
#1395 = EDGE_CURVE ( 'NONE', #80, #2019, #264, .T. ) ;
#1396 = DIRECTION ( 'NONE',  ( -0.000000000000000000, -0.000000000000000000, -1.000000000000000000 ) ) ;
#1397 = CARTESIAN_POINT ( 'NONE',  ( -63.49999999999998579, -63.50000000000000000, 0.000000000000000000 ) ) ;
#1398 = CARTESIAN_POINT ( 'NONE',  ( -65.09999999999999432, -63.50000000000000000, 0.000000000000000000 ) ) ;
#1399 = DIRECTION ( 'NONE',  ( -1.000000000000000000, 0.000000000000000000, 0.000000000000000000 ) ) ;
#1400 = CARTESIAN_POINT ( 'NONE',  ( 63.50000000000001421, -63.50000000000000000, 0.000000000000000000 ) ) ;
#1401 = ORIENTED_EDGE ( 'NONE', *, *, #844, .F. ) ;
#1402 = CARTESIAN_POINT ( 'NONE',  ( 76.20000000000000284, -63.50000000000000000, 3.174999999999999822 ) ) ;
#1403 = ORIENTED_EDGE ( 'NONE', *, *, #826, .T. ) ;
#1404 = EDGE_CURVE ( 'NONE', #415, #787, #1326, .T. ) ;
#1405 = CARTESIAN_POINT ( 'NONE',  ( 63.50000000000000000, 76.20000000000000284, 3.174999999999999822 ) ) ;
#1406 = EDGE_CURVE ( 'NONE', #51, #1069, #703, .T. ) ;
#1407 = CARTESIAN_POINT ( 'NONE',  ( 63.50000000000000000, 63.50000000000000000, 0.000000000000000000 ) ) ;
#1408 = LINE ( 'NONE', #1432, #470 ) ;
#1409 = CARTESIAN_POINT ( 'NONE',  ( -45.71999999999999886, -25.39999999999999858, 3.174999999999999822 ) ) ;
#1410 = ADVANCED_FACE ( 'NONE', ( #2028 ), #916, .F. ) ;
#1411 = ORIENTED_EDGE ( 'NONE', *, *, #548, .F. ) ;
#1412 = DIRECTION ( 'NONE',  ( -0.000000000000000000, 0.000000000000000000, 1.000000000000000000 ) ) ;
#1413 = ORIENTED_EDGE ( 'NONE', *, *, #1191, .F. ) ;
#1414 = LINE ( 'NONE', #385, #1160 ) ;
#1415 = CARTESIAN_POINT ( 'NONE',  ( -20.31999999999999673, -32.00000000000000000, 0.000000000000000000 ) ) ;
#1416 = EDGE_CURVE ( 'NONE', #1324, #226, #570, .T. ) ;
#1417 = ORIENTED_EDGE ( 'NONE', *, *, #1107, .T. ) ;
#1418 = LINE ( 'NONE', #2, #402 ) ;
#1419 =( NAMED_UNIT ( * ) PLANE_ANGLE_UNIT ( ) SI_UNIT ( $, .RADIAN. ) );
#1420 = VECTOR ( 'NONE', #86, 1000.000000000000000 ) ;
#1421 = EDGE_LOOP ( 'NONE', ( #55, #1183, #1527, #1903 ) ) ;
#1422 = FACE_BOUND ( 'NONE', #1207, .T. ) ;
#1423 = AXIS2_PLACEMENT_3D ( 'NONE', #1474, #1462, #1639 ) ;
#1424 = CIRCLE ( 'NONE', #1690, 1.599999999999997202 ) ;
#1425 = ORIENTED_EDGE ( 'NONE', *, *, #456, .T. ) ;
#1426 = CIRCLE ( 'NONE', #1624, 1.100000000000003642 ) ;
#1427 = CARTESIAN_POINT ( 'NONE',  ( 38.10000000000004405, 63.49999999999994316, 0.000000000000000000 ) ) ;
#1428 = DIRECTION ( 'NONE',  ( 1.000000000000000000, 0.000000000000000000, 0.000000000000000000 ) ) ;
#1429 = CIRCLE ( 'NONE', #96, 1.099999999999996758 ) ;
#1430 = CARTESIAN_POINT ( 'NONE',  ( -76.20000000000000284, -76.20000000000000284, 3.174999999999999822 ) ) ;
#1431 = DIRECTION ( 'NONE',  ( 0.000000000000000000, 1.000000000000000000, 0.000000000000000000 ) ) ;
#1432 = CARTESIAN_POINT ( 'NONE',  ( 36.50000000000002132, -63.50000000000000000, 3.174999999999999822 ) ) ;
#1433 = ADVANCED_FACE ( 'NONE', ( #252 ), #1212, .F. ) ;
#1434 = DIRECTION ( 'NONE',  ( -0.000000000000000000, -0.000000000000000000, -1.000000000000000000 ) ) ;
#1435 = ORIENTED_EDGE ( 'NONE', *, *, #1468, .F. ) ;
#1436 = VERTEX_POINT ( 'NONE', #749 ) ;
#1437 = EDGE_CURVE ( 'NONE', #1642, #1994, #838, .T. ) ;
#1438 = DIRECTION ( 'NONE',  ( 0.000000000000000000, 0.000000000000000000, 1.000000000000000000 ) ) ;
#1439 = FACE_BOUND ( 'NONE', #118, .T. ) ;
#1440 = DIRECTION ( 'NONE',  ( -0.000000000000000000, -0.000000000000000000, -1.000000000000000000 ) ) ;
#1441 = VERTEX_POINT ( 'NONE', #1197 ) ;
#1442 = ORIENTED_EDGE ( 'NONE', *, *, #1395, .F. ) ;
#1443 = EDGE_CURVE ( 'NONE', #874, #281, #575, .T. ) ;
#1444 = CARTESIAN_POINT ( 'NONE',  ( 36.50000000000004974, 63.49999999999994316, 3.174999999999999822 ) ) ;
#1445 = EDGE_CURVE ( 'NONE', #220, #317, #592, .T. ) ;
#1446 = DIRECTION ( 'NONE',  ( 0.000000000000000000, 1.000000000000000000, 0.000000000000000000 ) ) ;
#1447 = LINE ( 'NONE', #1935, #171 ) ;
#1448 = DIRECTION ( 'NONE',  ( 0.000000000000000000, 0.000000000000000000, -1.000000000000000000 ) ) ;
#1449 = CARTESIAN_POINT ( 'NONE',  ( -31.60000000000000853, 42.20000000000000284, 3.174999999999999822 ) ) ;
#1450 = ORIENTED_EDGE ( 'NONE', *, *, #1173, .F. ) ;
#1451 = VECTOR ( 'NONE', #1851, 1000.000000000000000 ) ;
#1452 = ORIENTED_EDGE ( 'NONE', *, *, #1353, .F. ) ;
#1453 = ORIENTED_EDGE ( 'NONE', *, *, #1846, .T. ) ;
#1454 = DIRECTION ( 'NONE',  ( 1.000000000000000000, -0.000000000000000000, -0.000000000000000000 ) ) ;
#1455 = CIRCLE ( 'NONE', #1328, 1.599999999999997202 ) ;
#1456 = ADVANCED_FACE ( 'NONE', ( #425 ), #1375, .F. ) ;
#1457 = AXIS2_PLACEMENT_3D ( 'NONE', #1045, #549, #1174 ) ;
#1458 = CARTESIAN_POINT ( 'NONE',  ( -65.45000000000000284, -13.95000000000000107, 3.174999999999999822 ) ) ;
#1459 = FACE_BOUND ( 'NONE', #1696, .T. ) ;
#1460 = AXIS2_PLACEMENT_3D ( 'NONE', #1371, #610, #1228 ) ;
#1461 = DIRECTION ( 'NONE',  ( 1.000000000000000000, -0.000000000000000000, -0.000000000000000000 ) ) ;
#1462 = DIRECTION ( 'NONE',  ( -0.000000000000000000, 0.000000000000000000, 1.000000000000000000 ) ) ;
#1463 = CARTESIAN_POINT ( 'NONE',  ( -52.30000000000000426, 42.20000000000000284, 3.174999999999999822 ) ) ;
#1464 = ORIENTED_EDGE ( 'NONE', *, *, #1002, .T. ) ;
#1465 = EDGE_LOOP ( 'NONE', ( #1539, #1196, #554, #1029 ) ) ;
#1466 = DIRECTION ( 'NONE',  ( -1.000000000000000000, 0.000000000000000000, 0.000000000000000000 ) ) ;
#1467 = CARTESIAN_POINT ( 'NONE',  ( 63.50000000000000000, -63.50000000000000000, 3.174999999999999822 ) ) ;
#1468 = EDGE_CURVE ( 'NONE', #926, #1169, #1517, .T. ) ;
#1469 = DIRECTION ( 'NONE',  ( 0.000000000000000000, 0.000000000000000000, -1.000000000000000000 ) ) ;
#1470 = LINE ( 'NONE', #50, #1831 ) ;
#1471 = ORIENTED_EDGE ( 'NONE', *, *, #1251, .F. ) ;
#1472 = EDGE_CURVE ( 'NONE', #1436, #771, #1067, .T. ) ;
#1473 = DIRECTION ( 'NONE',  ( -0.000000000000000000, -0.000000000000000000, -1.000000000000000000 ) ) ;
#1474 = CARTESIAN_POINT ( 'NONE',  ( 15.68000000000002814, 31.99999999999993960, 3.174999999999999822 ) ) ;
#1475 = CARTESIAN_POINT ( 'NONE',  ( -66.55000000000001137, 17.25000000000000355, 0.000000000000000000 ) ) ;
#1476 = ORIENTED_EDGE ( 'NONE', *, *, #1378, .F. ) ;
#1477 = DIRECTION ( 'NONE',  ( -1.000000000000000000, 0.000000000000000000, 0.000000000000000000 ) ) ;
#1478 = DIRECTION ( 'NONE',  ( 1.000000000000000000, 0.000000000000000000, 0.000000000000000000 ) ) ;
#1479 = FACE_BOUND ( 'NONE', #1188, .T. ) ;
#1480 = PRODUCT_DEFINITION_CONTEXT ( 'detailed design', #1939, 'design' ) ;
#1481 = FACE_OUTER_BOUND ( 'NONE', #182, .T. ) ;
#1482 = CARTESIAN_POINT ( 'NONE',  ( -63.49999999999992895, 76.20000000000000284, 0.000000000000000000 ) ) ;
#1483 = EDGE_CURVE ( 'NONE', #1778, #291, #1429, .T. ) ;
#1484 = CIRCLE ( 'NONE', #92, 1.599999999999997202 ) ;
#1485 = DIRECTION ( 'NONE',  ( 0.000000000000000000, 0.000000000000000000, 1.000000000000000000 ) ) ;
#1486 = ORIENTED_EDGE ( 'NONE', *, *, #1085, .T. ) ;
#1487 = EDGE_LOOP ( 'NONE', ( #137, #1791, #372, #1909 ) ) ;
#1488 = CARTESIAN_POINT ( 'NONE',  ( -63.49999999999998579, 76.20000000000000284, 3.174999999999999822 ) ) ;
#1489 = ORIENTED_EDGE ( 'NONE', *, *, #479, .T. ) ;
#1490 = CIRCLE ( 'NONE', #1653, 1.600000000000004086 ) ;
#1491 = VECTOR ( 'NONE', #250, 1000.000000000000000 ) ;
#1492 = CIRCLE ( 'NONE', #735, 1.099999999999996758 ) ;
#1493 = AXIS2_PLACEMENT_3D ( 'NONE', #44, #1148, #1028 ) ;
#1494 = DIRECTION ( 'NONE',  ( -0.000000000000000000, -0.000000000000000000, -1.000000000000000000 ) ) ;
#1495 = EDGE_CURVE ( 'NONE', #878, #1391, #885, .T. ) ;
#1496 = ORIENTED_EDGE ( 'NONE', *, *, #985, .F. ) ;
#1497 = CARTESIAN_POINT ( 'NONE',  ( 25.40000000000002700, 66.03999999999994941, 3.174999999999999822 ) ) ;
#1498 = FACE_OUTER_BOUND ( 'NONE', #1756, .T. ) ;
#1499 = DIRECTION ( 'NONE',  ( -1.000000000000000000, 0.000000000000000000, 0.000000000000000000 ) ) ;
#1500 = EDGE_LOOP ( 'NONE', ( #1925, #716, #1852, #559 ) ) ;
#1501 = DIRECTION ( 'NONE',  ( -1.000000000000000000, 0.000000000000000000, 0.000000000000000000 ) ) ;
#1502 = ORIENTED_EDGE ( 'NONE', *, *, #278, .F. ) ;
#1503 = CYLINDRICAL_SURFACE ( 'NONE', #993, 1.099999999999996758 ) ;
#1504 = VERTEX_POINT ( 'NONE', #1027 ) ;
#1505 = ADVANCED_FACE ( 'NONE', ( #93 ), #1040, .F. ) ;
#1506 = FACE_OUTER_BOUND ( 'NONE', #158, .T. ) ;
#1507 = CARTESIAN_POINT ( 'NONE',  ( -65.09999999999999432, -63.50000000000000000, 3.174999999999999822 ) ) ;
#1508 = DIRECTION ( 'NONE',  ( 0.000000000000000000, 1.000000000000000000, 0.000000000000000000 ) ) ;
#1509 = ORIENTED_EDGE ( 'NONE', *, *, #1038, .F. ) ;
#1510 = DIRECTION ( 'NONE',  ( 0.000000000000000000, 0.000000000000000000, -1.000000000000000000 ) ) ;
#1511 = ORIENTED_EDGE ( 'NONE', *, *, #1817, .T. ) ;
#1512 = ORIENTED_EDGE ( 'NONE', *, *, #1472, .F. ) ;
#1513 = CARTESIAN_POINT ( 'NONE',  ( -63.49999999999987921, 63.49999999999994316, 3.174999999999999822 ) ) ;
#1514 = EDGE_CURVE ( 'NONE', #582, #1220, #1357, .T. ) ;
#1515 = DIRECTION ( 'NONE',  ( -1.000000000000000000, 0.000000000000000000, 0.000000000000000000 ) ) ;
#1516 = DIRECTION ( 'NONE',  ( 0.000000000000000000, 0.000000000000000000, -1.000000000000000000 ) ) ;
#1517 = CIRCLE ( 'NONE', #2003, 12.70000000000000284 ) ;
#1518 = CIRCLE ( 'NONE', #1221, 1.099999999999996758 ) ;
#1519 = CIRCLE ( 'NONE', #503, 1.599999999999997202 ) ;
#1520 = CARTESIAN_POINT ( 'NONE',  ( -66.55000000000001137, 17.25000000000000355, 3.174999999999999822 ) ) ;
#1521 = CIRCLE ( 'NONE', #1098, 1.599999999999997202 ) ;
#1522 = VERTEX_POINT ( 'NONE', #1056 ) ;
#1523 = CIRCLE ( 'NONE', #1393, 1.099999999999996758 ) ;
#1524 = EDGE_LOOP ( 'NONE', ( #1277, #852 ) ) ;
#1525 = CARTESIAN_POINT ( 'NONE',  ( 25.39999999999999858, -43.17999999999999261, 0.000000000000000000 ) ) ;
#1526 = VECTOR ( 'NONE', #959, 1000.000000000000000 ) ;
#1527 = ORIENTED_EDGE ( 'NONE', *, *, #728, .F. ) ;
#1528 = FACE_OUTER_BOUND ( 'NONE', #208, .T. ) ;
#1529 = ORIENTED_EDGE ( 'NONE', *, *, #746, .T. ) ;
#1530 = CARTESIAN_POINT ( 'NONE',  ( -33.80000000000000426, 57.20000000000000284, 3.174999999999999822 ) ) ;
#1531 = DIRECTION ( 'NONE',  ( -1.000000000000000000, 0.000000000000000000, 0.000000000000000000 ) ) ;
#1532 = VERTEX_POINT ( 'NONE', #1675 ) ;
#1533 = EDGE_CURVE ( 'NONE', #446, #593, #261, .T. ) ;
#1534 = DIRECTION ( 'NONE',  ( -1.000000000000000000, 0.000000000000000000, 0.000000000000000000 ) ) ;
#1535 = EDGE_LOOP ( 'NONE', ( #2034, #1644 ) ) ;
#1536 = ORIENTED_EDGE ( 'NONE', *, *, #152, .T. ) ;
#1537 = EDGE_CURVE ( 'NONE', #777, #1032, #363, .T. ) ;
#1538 = CARTESIAN_POINT ( 'NONE',  ( -12.69999999999994778, 66.03999999999994941, 3.174999999999999822 ) ) ;
#1539 = ORIENTED_EDGE ( 'NONE', *, *, #911, .F. ) ;
#1540 = CARTESIAN_POINT ( 'NONE',  ( -32.70000000000000995, 42.20000000000000284, 0.000000000000000000 ) ) ;
#1541 = CARTESIAN_POINT ( 'NONE',  ( 15.67999999999999972, -31.99999999999999289, 3.174999999999999822 ) ) ;
#1542 = CARTESIAN_POINT ( 'NONE',  ( -21.91999999999999460, -32.00000000000000000, 3.174999999999999822 ) ) ;
#1543 = ORIENTED_EDGE ( 'NONE', *, *, #219, .T. ) ;
#1544 = CARTESIAN_POINT ( 'NONE',  ( -21.91999999999993776, 31.99999999999994671, 3.174999999999999822 ) ) ;
#1545 = ADVANCED_FACE ( 'NONE', ( #1235 ), #945, .F. ) ;
#1546 =( LENGTH_UNIT ( ) NAMED_UNIT ( * ) SI_UNIT ( .MILLI., .METRE. ) );
#1547 = VERTEX_POINT ( 'NONE', #1566 ) ;
#1548 = DIRECTION ( 'NONE',  ( -0.000000000000000000, -0.000000000000000000, -1.000000000000000000 ) ) ;
#1549 = ORIENTED_EDGE ( 'NONE', *, *, #698, .T. ) ;
#1550 = DIRECTION ( 'NONE',  ( -1.000000000000000000, 0.000000000000000000, 0.000000000000000000 ) ) ;
#1551 = CARTESIAN_POINT ( 'NONE',  ( 15.68000000000002814, 31.99999999999993960, 0.000000000000000000 ) ) ;
#1552 = AXIS2_PLACEMENT_3D ( 'NONE', #704, #1330, #27 ) ;
#1553 = VECTOR ( 'NONE', #1736, 1000.000000000000000 ) ;
#1554 = LINE ( 'NONE', #1894, #1553 ) ;
#1555 = DIRECTION ( 'NONE',  ( 1.000000000000000000, 0.000000000000000000, 0.000000000000000000 ) ) ;
#1556 = AXIS2_PLACEMENT_3D ( 'NONE', #1923, #523, #1004 ) ;
#1557 = ORIENTED_EDGE ( 'NONE', *, *, #42, .F. ) ;
#1558 = EDGE_CURVE ( 'NONE', #1673, #813, #1097, .T. ) ;
#1559 = DIRECTION ( 'NONE',  ( -0.000000000000000000, -0.000000000000000000, -1.000000000000000000 ) ) ;
#1560 = VECTOR ( 'NONE', #352, 1000.000000000000000 ) ;
#1561 = ORIENTED_EDGE ( 'NONE', *, *, #1229, .T. ) ;
#1562 = EDGE_CURVE ( 'NONE', #1238, #302, #1706, .T. ) ;
#1563 = CARTESIAN_POINT ( 'NONE',  ( -20.31999999999999673, -32.00000000000000000, 3.174999999999999822 ) ) ;
#1564 = DIRECTION ( 'NONE',  ( 0.000000000000000000, 0.000000000000000000, 1.000000000000000000 ) ) ;
#1565 = VERTEX_POINT ( 'NONE', #1576 ) ;
#1566 = CARTESIAN_POINT ( 'NONE',  ( -12.70000000000000284, -43.17999999999999972, 3.174999999999999822 ) ) ;
#1567 = EDGE_LOOP ( 'NONE', ( #1224, #1333, #1768, #619 ) ) ;
#1568 = DIRECTION ( 'NONE',  ( -0.000000000000000000, -0.000000000000000000, -1.000000000000000000 ) ) ;
#1569 = VERTEX_POINT ( 'NONE', #1115 ) ;
#1570 = DIRECTION ( 'NONE',  ( -0.000000000000000000, 0.000000000000000000, 1.000000000000000000 ) ) ;
#1571 = ADVANCED_FACE ( 'NONE', ( #126 ), #2052, .T. ) ;
#1572 = DIRECTION ( 'NONE',  ( 1.000000000000000000, 0.000000000000000000, 0.000000000000000000 ) ) ;
#1573 = EDGE_CURVE ( 'NONE', #1918, #1158, #1876, .T. ) ;
#1574 = ORIENTED_EDGE ( 'NONE', *, *, #1241, .F. ) ;
#1575 = FACE_OUTER_BOUND ( 'NONE', #279, .T. ) ;
#1576 = CARTESIAN_POINT ( 'NONE',  ( -50.10000000000001563, 57.20000000000000284, 3.174999999999999822 ) ) ;
#1577 = VERTEX_POINT ( 'NONE', #324 ) ;
#1578 = CARTESIAN_POINT ( 'NONE',  ( 38.10000000000004405, 63.49999999999994316, 3.174999999999999822 ) ) ;
#1579 = ORIENTED_EDGE ( 'NONE', *, *, #1173, .T. ) ;
#1580 = CARTESIAN_POINT ( 'NONE',  ( -12.70000000000000284, -43.17999999999999972, 3.174999999999999822 ) ) ;
#1581 = MANIFOLD_SOLID_BREP ( 'Fillet1', #1928 ) ;
#1582 = EDGE_CURVE ( 'NONE', #260, #650, #1490, .T. ) ;
#1583 = AXIS2_PLACEMENT_3D ( 'NONE', #2010, #1847, #2020 ) ;
#1584 = PLANE ( 'NONE',  #942 ) ;
#1585 = FACE_OUTER_BOUND ( 'NONE', #1661, .T. ) ;
#1586 = CARTESIAN_POINT ( 'NONE',  ( 76.20000000000000284, 76.20000000000000284, 3.174999999999999822 ) ) ;
#1587 = CIRCLE ( 'NONE', #898, 1.099999999999996758 ) ;
#1588 = CIRCLE ( 'NONE', #1552, 1.600000000000004086 ) ;
#1589 = VERTEX_POINT ( 'NONE', #1269 ) ;
#1590 = ORIENTED_EDGE ( 'NONE', *, *, #255, .F. ) ;
#1591 = DIRECTION ( 'NONE',  ( 1.000000000000000000, 0.000000000000000000, 0.000000000000000000 ) ) ;
#1592 = FACE_BOUND ( 'NONE', #1394, .T. ) ;
#1593 = ORIENTED_EDGE ( 'NONE', *, *, #2032, .T. ) ;
#1594 = PRODUCT_RELATED_PRODUCT_CATEGORY ( 'part', '', ( #433 ) ) ;
#1595 = LINE ( 'NONE', #334, #28 ) ;
#1596 = CYLINDRICAL_SURFACE ( 'NONE', #867, 1.600000000000004086 ) ;
#1597 = EDGE_CURVE ( 'NONE', #1169, #842, #1905, .T. ) ;
#1598 = ORIENTED_EDGE ( 'NONE', *, *, #1443, .F. ) ;
#1599 = EDGE_LOOP ( 'NONE', ( #572, #151, #761, #1946 ) ) ;
#1600 = EDGE_CURVE ( 'NONE', #593, #1244, #937, .T. ) ;
#1601 = CARTESIAN_POINT ( 'NONE',  ( 63.50000000000001421, -63.50000000000000000, 3.174999999999999822 ) ) ;
#1602 = DIRECTION ( 'NONE',  ( 0.000000000000000000, -0.000000000000000000, 1.000000000000000000 ) ) ;
#1603 = PLANE ( 'NONE',  #1295 ) ;
#1604 = LINE ( 'NONE', #382, #732 ) ;
#1605 = FACE_OUTER_BOUND ( 'NONE', #407, .T. ) ;
#1606 = EDGE_CURVE ( 'NONE', #601, #591, #301, .T. ) ;
#1607 = ORIENTED_EDGE ( 'NONE', *, *, #90, .F. ) ;
#1608 = EDGE_LOOP ( 'NONE', ( #653, #1668 ) ) ;
#1609 = CARTESIAN_POINT ( 'NONE',  ( -63.49999999999998579, -63.50000000000000000, 3.174999999999999822 ) ) ;
#1610 = CARTESIAN_POINT ( 'NONE',  ( 17.28000000000002601, 31.99999999999993960, 3.174999999999999822 ) ) ;
#1611 = CARTESIAN_POINT ( 'NONE',  ( -12.69999999999994778, 43.17999999999994998, 3.174999999999999822 ) ) ;
#1612 = VECTOR ( 'NONE', #1662, 1000.000000000000000 ) ;
#1613 = VECTOR ( 'NONE', #1548, 1000.000000000000000 ) ;
#1614 = DIRECTION ( 'NONE',  ( 0.000000000000000000, -0.000000000000000000, -1.000000000000000000 ) ) ;
#1615 = CARTESIAN_POINT ( 'NONE',  ( -66.55000000000001137, -13.95000000000000107, 0.000000000000000000 ) ) ;
#1616 = ORIENTED_EDGE ( 'NONE', *, *, #546, .F. ) ;
#1617 = AXIS2_PLACEMENT_3D ( 'NONE', #1648, #871, #560 ) ;
#1618 = AXIS2_PLACEMENT_3D ( 'NONE', #1725, #806, #1092 ) ;
#1619 = EDGE_CURVE ( 'NONE', #455, #387, #1998, .T. ) ;
#1620 = VERTEX_POINT ( 'NONE', #618 ) ;
#1621 = FACE_OUTER_BOUND ( 'NONE', #1567, .T. ) ;
#1622 = AXIS2_PLACEMENT_3D ( 'NONE', #964, #793, #288 ) ;
#1623 = AXIS2_PLACEMENT_3D ( 'NONE', #1541, #611, #121 ) ;
#1624 = AXIS2_PLACEMENT_3D ( 'NONE', #1458, #522, #361 ) ;
#1625 = LINE ( 'NONE', #845, #974 ) ;
#1626 = FACE_BOUND ( 'NONE', #530, .T. ) ;
#1627 = AXIS2_PLACEMENT_3D ( 'NONE', #1011, #1112, #492 ) ;
#1628 = EDGE_CURVE ( 'NONE', #496, #13, #659, .T. ) ;
#1629 = VERTEX_POINT ( 'NONE', #1310 ) ;
#1630 = CARTESIAN_POINT ( 'NONE',  ( -39.69999999999993179, 63.49999999999994316, 3.174999999999999822 ) ) ;
#1631 = CARTESIAN_POINT ( 'NONE',  ( 61.90000000000001990, -63.50000000000000000, 3.174999999999999822 ) ) ;
#1632 = LINE ( 'NONE', #1463, #740 ) ;
#1633 = ORIENTED_EDGE ( 'NONE', *, *, #464, .F. ) ;
#1634 = ORIENTED_EDGE ( 'NONE', *, *, #1685, .T. ) ;
#1635 = CARTESIAN_POINT ( 'NONE',  ( 14.08000000000003027, 31.99999999999993960, 3.174999999999999822 ) ) ;
#1636 = FACE_BOUND ( 'NONE', #946, .T. ) ;
#1637 = EDGE_LOOP ( 'NONE', ( #880, #2026, #1403, #1822 ) ) ;
#1638 = DIRECTION ( 'NONE',  ( 0.000000000000000000, 0.000000000000000000, 1.000000000000000000 ) ) ;
#1639 = DIRECTION ( 'NONE',  ( -1.000000000000000000, 0.000000000000000000, 0.000000000000000000 ) ) ;
#1640 = DIRECTION ( 'NONE',  ( 0.000000000000000000, 0.000000000000000000, 1.000000000000000000 ) ) ;
#1641 = ORIENTED_EDGE ( 'NONE', *, *, #1229, .F. ) ;
#1642 = VERTEX_POINT ( 'NONE', #849 ) ;
#1643 = FACE_OUTER_BOUND ( 'NONE', #857, .T. ) ;
#1644 = ORIENTED_EDGE ( 'NONE', *, *, #808, .T. ) ;
#1645 = EDGE_CURVE ( 'NONE', #1665, #948, #1519, .T. ) ;
#1646 = CARTESIAN_POINT ( 'NONE',  ( -12.69999999999994778, 43.17999999999994998, 3.174999999999999822 ) ) ;
#1647 = AXIS2_PLACEMENT_3D ( 'NONE', #1289, #181, #994 ) ;
#1648 = CARTESIAN_POINT ( 'NONE',  ( -65.45000000000000284, -13.95000000000000107, 3.174999999999999822 ) ) ;
#1649 = ORIENTED_EDGE ( 'NONE', *, *, #1334, .T. ) ;
#1650 = ORIENTED_EDGE ( 'NONE', *, *, #255, .T. ) ;
#1651 = CARTESIAN_POINT ( 'NONE',  ( -51.20000000000000995, 42.20000000000000284, 0.000000000000000000 ) ) ;
#1652 = ORIENTED_EDGE ( 'NONE', *, *, #1619, .F. ) ;
#1653 = AXIS2_PLACEMENT_3D ( 'NONE', #3, #784, #925 ) ;
#1654 = AXIS2_PLACEMENT_3D ( 'NONE', #355, #696, #1008 ) ;
#1655 = CARTESIAN_POINT ( 'NONE',  ( -18.71999999999999886, -32.00000000000000000, 3.174999999999999822 ) ) ;
#1656 = AXIS2_PLACEMENT_3D ( 'NONE', #1415, #454, #1103 ) ;
#1657 = AXIS2_PLACEMENT_3D ( 'NONE', #663, #980, #1920 ) ;
#1658 = DIRECTION ( 'NONE',  ( -0.000000000000000000, -0.000000000000000000, -1.000000000000000000 ) ) ;
#1659 = EDGE_CURVE ( 'NONE', #1589, #1158, #518, .T. ) ;
#1660 = DIRECTION ( 'NONE',  ( 0.000000000000000000, 0.000000000000000000, 1.000000000000000000 ) ) ;
#1661 = EDGE_LOOP ( 'NONE', ( #996, #726, #1377, #1021 ) ) ;
#1662 = DIRECTION ( 'NONE',  ( -0.000000000000000000, -0.000000000000000000, -1.000000000000000000 ) ) ;
#1663 = DIRECTION ( 'NONE',  ( 0.000000000000000000, 0.000000000000000000, 1.000000000000000000 ) ) ;
#1664 = CARTESIAN_POINT ( 'NONE',  ( -51.20000000000000995, 57.20000000000000284, 3.174999999999999822 ) ) ;
#1665 = VERTEX_POINT ( 'NONE', #1009 ) ;
#1666 = DIRECTION ( 'NONE',  ( -1.000000000000000000, 0.000000000000000000, 0.000000000000000000 ) ) ;
#1667 = ORIENTED_EDGE ( 'NONE', *, *, #1111, .T. ) ;
#1668 = ORIENTED_EDGE ( 'NONE', *, *, #1881, .F. ) ;
#1669 = CYLINDRICAL_SURFACE ( 'NONE', #1818, 1.099999999999996758 ) ;
#1670 = CARTESIAN_POINT ( 'NONE',  ( -65.09999999999999432, -63.50000000000000000, 3.174999999999999822 ) ) ;
#1671 = CARTESIAN_POINT ( 'NONE',  ( -18.71999999999999886, -32.00000000000000000, 0.000000000000000000 ) ) ;
#1672 = DIRECTION ( 'NONE',  ( -0.000000000000000000, 0.000000000000000000, 1.000000000000000000 ) ) ;
#1673 = VERTEX_POINT ( 'NONE', #1288 ) ;
#1674 = ORIENTED_EDGE ( 'NONE', *, *, #1628, .F. ) ;
#1675 = CARTESIAN_POINT ( 'NONE',  ( 17.28000000000002601, 31.99999999999993960, 3.174999999999999822 ) ) ;
#1676 = VECTOR ( 'NONE', #999, 1000.000000000000000 ) ;
#1677 = EDGE_LOOP ( 'NONE', ( #1486, #26, #1053, #1634 ) ) ;
#1678 = ORIENTED_EDGE ( 'NONE', *, *, #1416, .F. ) ;
#1679 =( GEOMETRIC_REPRESENTATION_CONTEXT ( 3 ) GLOBAL_UNCERTAINTY_ASSIGNED_CONTEXT ( ( #119 ) ) GLOBAL_UNIT_ASSIGNED_CONTEXT ( ( #967, #1708, #384 ) ) REPRESENTATION_CONTEXT ( 'NONE', 'WORKASPACE' ) );
#1680 = CARTESIAN_POINT ( 'NONE',  ( -32.70000000000000995, 57.20000000000000284, 3.174999999999999822 ) ) ;
#1681 = ADVANCED_FACE ( 'NONE', ( #1753 ), #1596, .F. ) ;
#1682 = EDGE_LOOP ( 'NONE', ( #851, #809, #1374, #1878 ) ) ;
#1683 = EDGE_CURVE ( 'NONE', #640, #1532, #770, .T. ) ;
#1684 = CARTESIAN_POINT ( 'NONE',  ( -51.20000000000000995, 57.20000000000000284, 0.000000000000000000 ) ) ;
#1685 = EDGE_CURVE ( 'NONE', #317, #676, #526, .T. ) ;
#1686 = AXIS2_PLACEMENT_3D ( 'NONE', #1344, #1510, #1534 ) ;
#1687 = AXIS2_PLACEMENT_3D ( 'NONE', #868, #1494, #1182 ) ;
#1688 = AXIS2_PLACEMENT_3D ( 'NONE', #1019, #1146, #210 ) ;
#1689 = CARTESIAN_POINT ( 'NONE',  ( -51.20000000000000995, 57.20000000000000284, 3.174999999999999822 ) ) ;
#1690 = AXIS2_PLACEMENT_3D ( 'NONE', #1046, #1663, #249 ) ;
#1691 = ORIENTED_EDGE ( 'NONE', *, *, #614, .F. ) ;
#1692 = ADVANCED_FACE ( 'NONE', ( #1605 ), #539, .F. ) ;
#1693 = VECTOR ( 'NONE', #131, 1000.000000000000000 ) ;
#1694 = DIRECTION ( 'NONE',  ( -1.000000000000000000, 0.000000000000000000, 0.000000000000000000 ) ) ;
#1695 = VECTOR ( 'NONE', #109, 1000.000000000000000 ) ;
#1696 = EDGE_LOOP ( 'NONE', ( #1126, #1502, #1691, #1674 ) ) ;
#1697 = CARTESIAN_POINT ( 'NONE',  ( 63.50000000000001421, -63.50000000000000000, 3.174999999999999822 ) ) ;
#1698 = VERTEX_POINT ( 'NONE', #1449 ) ;
#1699 = LINE ( 'NONE', #773, #1329 ) ;
#1700 = DIRECTION ( 'NONE',  ( -0.000000000000000000, 0.000000000000000000, 1.000000000000000000 ) ) ;
#1701 = EDGE_CURVE ( 'NONE', #226, #220, #366, .T. ) ;
#1702 = DIRECTION ( 'NONE',  ( 0.000000000000000000, 0.000000000000000000, 1.000000000000000000 ) ) ;
#1703 = EDGE_LOOP ( 'NONE', ( #457, #1805 ) ) ;
#1704 = EDGE_CURVE ( 'NONE', #601, #1267, #674, .T. ) ;
#1705 = ORIENTED_EDGE ( 'NONE', *, *, #9, .F. ) ;
#1706 = LINE ( 'NONE', #2043, #644 ) ;
#1707 = VERTEX_POINT ( 'NONE', #1631 ) ;
#1708 =( NAMED_UNIT ( * ) PLANE_ANGLE_UNIT ( ) SI_UNIT ( $, .RADIAN. ) );
#1709 = ORIENTED_EDGE ( 'NONE', *, *, #1704, .F. ) ;
#1710 = CARTESIAN_POINT ( 'NONE',  ( 63.50000000000000000, 63.50000000000000000, 3.174999999999999822 ) ) ;
#1711 = CARTESIAN_POINT ( 'NONE',  ( -33.80000000000000426, 57.20000000000000284, 0.000000000000000000 ) ) ;
#1712 = CYLINDRICAL_SURFACE ( 'NONE', #609, 1.100000000000003642 ) ;
#1713 = EDGE_CURVE ( 'NONE', #1255, #591, #1387, .T. ) ;
#1714 = CARTESIAN_POINT ( 'NONE',  ( -63.49999999999987921, 63.49999999999994316, 0.000000000000000000 ) ) ;
#1715 = CARTESIAN_POINT ( 'NONE',  ( -64.35000000000000853, -13.95000000000000107, 3.174999999999999822 ) ) ;
#1716 = ORIENTED_EDGE ( 'NONE', *, *, #1834, .T. ) ;
#1717 = DIRECTION ( 'NONE',  ( 1.000000000000000000, 0.000000000000000000, 0.000000000000000000 ) ) ;
#1718 = ORIENTED_EDGE ( 'NONE', *, *, #1912, .T. ) ;
#1719 = CIRCLE ( 'NONE', #328, 1.599999999999997202 ) ;
#1720 = DIRECTION ( 'NONE',  ( -1.000000000000000000, 0.000000000000000000, 0.000000000000000000 ) ) ;
#1721 = CARTESIAN_POINT ( 'NONE',  ( 25.40000000000002700, 66.03999999999994941, 3.174999999999999822 ) ) ;
#1722 = VECTOR ( 'NONE', #1124, 1000.000000000000000 ) ;
#1723 = VECTOR ( 'NONE', #29, 1000.000000000000000 ) ;
#1724 = CIRCLE ( 'NONE', #834, 1.600000000000004086 ) ;
#1725 = CARTESIAN_POINT ( 'NONE',  ( -20.31999999999994344, 31.99999999999994671, 3.174999999999999822 ) ) ;
#1726 = SURFACE_SIDE_STYLE ('',( #627 ) ) ;
#1727 = VECTOR ( 'NONE', #720, 1000.000000000000000 ) ;
#1728 = VERTEX_POINT ( 'NONE', #1482 ) ;
#1729 = EDGE_CURVE ( 'NONE', #1964, #1728, #63, .T. ) ;
#1730 = DIRECTION ( 'NONE',  ( -1.000000000000000000, 0.000000000000000000, 0.000000000000000000 ) ) ;
#1731 = AXIS2_PLACEMENT_3D ( 'NONE', #1684, #267, #100 ) ;
#1732 = EDGE_LOOP ( 'NONE', ( #275, #214, #113, #1864 ) ) ;
#1733 = DIRECTION ( 'NONE',  ( 1.000000000000000000, 0.000000000000000000, 0.000000000000000000 ) ) ;
#1734 = ADVANCED_FACE ( 'NONE', ( #1916 ), #180, .T. ) ;
#1735 = DIRECTION ( 'NONE',  ( 1.000000000000000000, 0.000000000000000000, 0.000000000000000000 ) ) ;
#1736 = DIRECTION ( 'NONE',  ( -0.000000000000000000, -0.000000000000000000, -1.000000000000000000 ) ) ;
#1737 = DIRECTION ( 'NONE',  ( -0.000000000000000000, 0.000000000000000000, 1.000000000000000000 ) ) ;
#1738 = ORIENTED_EDGE ( 'NONE', *, *, #1775, .T. ) ;
#1739 = CARTESIAN_POINT ( 'NONE',  ( -18.71999999999999886, -32.00000000000000000, 3.174999999999999822 ) ) ;
#1740 = ORIENTED_EDGE ( 'NONE', *, *, #1119, .T. ) ;
#1741 = CARTESIAN_POINT ( 'NONE',  ( 25.40000000000002700, 66.03999999999994941, 3.174999999999999822 ) ) ;
#1742 = EDGE_CURVE ( 'NONE', #1577, #1918, #1779, .T. ) ;
#1743 = FACE_OUTER_BOUND ( 'NONE', #1500, .T. ) ;
#1744 = FACE_OUTER_BOUND ( 'NONE', #1180, .T. ) ;
#1745 = CARTESIAN_POINT ( 'NONE',  ( -12.70000000000000284, -66.04000000000000625, 3.174999999999999822 ) ) ;
#1746 = DIRECTION ( 'NONE',  ( -1.000000000000000000, 0.000000000000000000, 0.000000000000000000 ) ) ;
#1747 = ORIENTED_EDGE ( 'NONE', *, *, #546, .T. ) ;
#1748 = DIRECTION ( 'NONE',  ( -1.000000000000000000, 0.000000000000000000, 0.000000000000000000 ) ) ;
#1749 = VERTEX_POINT ( 'NONE', #701 ) ;
#1750 = EDGE_CURVE ( 'NONE', #1867, #2021, #30, .T. ) ;
#1751 = FACE_OUTER_BOUND ( 'NONE', #1682, .T. ) ;
#1752 = DIRECTION ( 'NONE',  ( -1.000000000000000000, 0.000000000000000000, 0.000000000000000000 ) ) ;
#1753 = FACE_OUTER_BOUND ( 'NONE', #756, .T. ) ;
#1754 = AXIS2_PLACEMENT_3D ( 'NONE', #1400, #138, #1555 ) ;
#1755 = AXIS2_PLACEMENT_3D ( 'NONE', #1664, #567, #258 ) ;
#1756 = EDGE_LOOP ( 'NONE', ( #1940, #1177, #1857, #1413 ) ) ;
#1757 = APPLICATION_PROTOCOL_DEFINITION ( 'draft international standard', 'automotive_design', 1998, #1386 ) ;
#1758 = AXIS2_PLACEMENT_3D ( 'NONE', #146, #2057, #1250 ) ;
#1759 = ORIENTED_EDGE ( 'NONE', *, *, #757, .T. ) ;
#1760 = ORIENTED_EDGE ( 'NONE', *, *, #189, .F. ) ;
#1761 = CIRCLE ( 'NONE', #1007, 1.600000000000004086 ) ;
#1762 = PLANE ( 'NONE',  #1248 ) ;
#1763 = DIRECTION ( 'NONE',  ( 1.000000000000000000, 0.000000000000000000, 0.000000000000000000 ) ) ;
#1764 = ORIENTED_EDGE ( 'NONE', *, *, #1051, .F. ) ;
#1765 = FACE_OUTER_BOUND ( 'NONE', #955, .T. ) ;
#1766 = ADVANCED_FACE ( 'NONE', ( #1332 ), #979, .F. ) ;
#1767 = DIRECTION ( 'NONE',  ( 0.000000000000000000, 0.000000000000000000, 1.000000000000000000 ) ) ;
#1768 = ORIENTED_EDGE ( 'NONE', *, *, #1750, .F. ) ;
#1769 = LINE ( 'NONE', #1325, #367 ) ;
#1770 = CARTESIAN_POINT ( 'NONE',  ( 38.10000000000004405, 63.49999999999994316, 3.174999999999999822 ) ) ;
#1771 = FACE_BOUND ( 'NONE', #693, .T. ) ;
#1772 = ORIENTED_EDGE ( 'NONE', *, *, #142, .F. ) ;
#1773 = DIRECTION ( 'NONE',  ( -0.000000000000000000, -1.000000000000000000, -0.000000000000000000 ) ) ;
#1774 = ADVANCED_FACE ( 'NONE', ( #1933 ), #57, .F. ) ;
#1775 = EDGE_CURVE ( 'NONE', #1629, #1069, #1769, .T. ) ;
#1776 = DIRECTION ( 'NONE',  ( -0.000000000000000000, -1.000000000000000000, -0.000000000000000000 ) ) ;
#1777 = VERTEX_POINT ( 'NONE', #865 ) ;
#1778 = VERTEX_POINT ( 'NONE', #1305 ) ;
#1779 = LINE ( 'NONE', #1142, #1005 ) ;
#1780 = CARTESIAN_POINT ( 'NONE',  ( -64.35000000000000853, 17.25000000000000355, 0.000000000000000000 ) ) ;
#1781 = EDGE_CURVE ( 'NONE', #493, #1707, #888, .T. ) ;
#1782 = FACE_OUTER_BOUND ( 'NONE', #504, .T. ) ;
#1783 = CARTESIAN_POINT ( 'NONE',  ( -63.49999999999992895, -76.20000000000000284, 3.174999999999999822 ) ) ;
#1784 = AXIS2_PLACEMENT_3D ( 'NONE', #786, #1245, #150 ) ;
#1785 = EDGE_LOOP ( 'NONE', ( #1984, #1425, #1099, #162 ) ) ;
#1786 = CARTESIAN_POINT ( 'NONE',  ( -65.09999999999988063, 63.49999999999994316, 3.174999999999999822 ) ) ;
#1787 = CARTESIAN_POINT ( 'NONE',  ( -12.69999999999994778, 66.03999999999994941, 0.000000000000000000 ) ) ;
#1788 = CARTESIAN_POINT ( 'NONE',  ( -66.55000000000001137, -13.95000000000000107, 3.174999999999999822 ) ) ;
#1789 = ORIENTED_EDGE ( 'NONE', *, *, #671, .F. ) ;
#1790 = VECTOR ( 'NONE', #244, 1000.000000000000000 ) ;
#1791 = ORIENTED_EDGE ( 'NONE', *, *, #1606, .T. ) ;
#1792 = VERTEX_POINT ( 'NONE', #374 ) ;
#1793 = LINE ( 'NONE', #1444, #1155 ) ;
#1794 =( GEOMETRIC_REPRESENTATION_CONTEXT ( 3 ) GLOBAL_UNCERTAINTY_ASSIGNED_CONTEXT ( ( #535 ) ) GLOBAL_UNIT_ASSIGNED_CONTEXT ( ( #1546, #1419, #159 ) ) REPRESENTATION_CONTEXT ( 'NONE', 'WORKASPACE' ) );
#1795 = AXIS2_PLACEMENT_3D ( 'NONE', #632, #474, #790 ) ;
#1796 = AXIS2_PLACEMENT_3D ( 'NONE', #631, #1247, #1720 ) ;
#1797 = LINE ( 'NONE', #576, #1727 ) ;
#1798 = CARTESIAN_POINT ( 'NONE',  ( 36.50000000000004974, 63.49999999999994316, 3.174999999999999822 ) ) ;
#1799 = ORIENTED_EDGE ( 'NONE', *, *, #1042, .F. ) ;
#1800 = DIRECTION ( 'NONE',  ( -1.000000000000000000, 1.311287036958846029E-14, 0.000000000000000000 ) ) ;
#1801 = CARTESIAN_POINT ( 'NONE',  ( -65.45000000000000284, -13.95000000000000107, 3.174999999999999822 ) ) ;
#1802 = DIRECTION ( 'NONE',  ( -0.000000000000000000, 0.000000000000000000, 1.000000000000000000 ) ) ;
#1803 = ORIENTED_EDGE ( 'NONE', *, *, #789, .T. ) ;
#1804 = ORIENTED_EDGE ( 'NONE', *, *, #1468, .T. ) ;
#1805 = ORIENTED_EDGE ( 'NONE', *, *, #595, .T. ) ;
#1806 = CARTESIAN_POINT ( 'NONE',  ( 63.50000000000002842, 63.49999999999994316, 3.174999999999999822 ) ) ;
#1807 = EDGE_CURVE ( 'NONE', #1728, #842, #191, .T. ) ;
#1808 = DIRECTION ( 'NONE',  ( -0.000000000000000000, 0.000000000000000000, 1.000000000000000000 ) ) ;
#1809 = EDGE_CURVE ( 'NONE', #650, #260, #599, .T. ) ;
#1810 = LINE ( 'NONE', #713, #642 ) ;
#1811 = DIRECTION ( 'NONE',  ( -1.000000000000000000, 0.000000000000000000, 0.000000000000000000 ) ) ;
#1812 = ORIENTED_EDGE ( 'NONE', *, *, #221, .T. ) ;
#1813 = DIRECTION ( 'NONE',  ( 1.000000000000000000, 0.000000000000000000, 0.000000000000000000 ) ) ;
#1814 = EDGE_LOOP ( 'NONE', ( #451, #1936 ) ) ;
#1815 = PLANE ( 'NONE',  #2041 ) ;
#1816 = DIRECTION ( 'NONE',  ( 0.000000000000000000, 0.000000000000000000, 1.000000000000000000 ) ) ;
#1817 = EDGE_CURVE ( 'NONE', #534, #585, #1793, .T. ) ;
#1818 = AXIS2_PLACEMENT_3D ( 'NONE', #1680, #1340, #563 ) ;
#1819 = CARTESIAN_POINT ( 'NONE',  ( -12.70000000000000284, -66.04000000000000625, 0.000000000000000000 ) ) ;
#1820 = EDGE_LOOP ( 'NONE', ( #436, #389 ) ) ;
#1821 = DIRECTION ( 'NONE',  ( -0.000000000000000000, -0.000000000000000000, -1.000000000000000000 ) ) ;
#1822 = ORIENTED_EDGE ( 'NONE', *, *, #1742, .T. ) ;
#1823 = ORIENTED_EDGE ( 'NONE', *, *, #2048, .T. ) ;
#1824 = CARTESIAN_POINT ( 'NONE',  ( -38.09999999999998721, -63.50000000000000000, 3.174999999999999822 ) ) ;
#1825 = VECTOR ( 'NONE', #668, 1000.000000000000000 ) ;
#1826 = ORIENTED_EDGE ( 'NONE', *, *, #1111, .F. ) ;
#1827 = AXIS2_PLACEMENT_3D ( 'NONE', #1609, #22, #1466 ) ;
#1828 = CIRCLE ( 'NONE', #1194, 1.599999999999997202 ) ;
#1829 = CYLINDRICAL_SURFACE ( 'NONE', #1932, 1.599999999999997202 ) ;
#1830 = CARTESIAN_POINT ( 'NONE',  ( -52.30000000000000426, 57.20000000000000284, 0.000000000000000000 ) ) ;
#1831 = VECTOR ( 'NONE', #1163, 1000.000000000000000 ) ;
#1832 = AXIS2_PLACEMENT_3D ( 'NONE', #981, #1446, #1602 ) ;
#1833 = DIRECTION ( 'NONE',  ( -1.000000000000000000, 0.000000000000000000, 0.000000000000000000 ) ) ;
#1834 = EDGE_CURVE ( 'NONE', #1522, #1324, #1954, .T. ) ;
#1835 = ORIENTED_EDGE ( 'NONE', *, *, #1308, .F. ) ;
#1836 = DIRECTION ( 'NONE',  ( -0.000000000000000000, 0.000000000000000000, 1.000000000000000000 ) ) ;
#1837 = VERTEX_POINT ( 'NONE', #183 ) ;
#1838 = ORIENTED_EDGE ( 'NONE', *, *, #622, .T. ) ;
#1839 = FACE_OUTER_BOUND ( 'NONE', #149, .T. ) ;
#1840 = LINE ( 'NONE', #398, #296 ) ;
#1841 = FACE_OUTER_BOUND ( 'NONE', #5, .T. ) ;
#1842 = EDGE_CURVE ( 'NONE', #553, #1629, #1979, .T. ) ;
#1843 = ORIENTED_EDGE ( 'NONE', *, *, #72, .T. ) ;
#1844 = DIRECTION ( 'NONE',  ( -1.000000000000000000, 0.000000000000000000, 0.000000000000000000 ) ) ;
#1845 = ORIENTED_EDGE ( 'NONE', *, *, #1107, .F. ) ;
#1846 = EDGE_CURVE ( 'NONE', #897, #455, #1015, .T. ) ;
#1847 = DIRECTION ( 'NONE',  ( 0.000000000000000000, 0.000000000000000000, 1.000000000000000000 ) ) ;
#1848 = ADVANCED_FACE ( 'NONE', ( #1621 ), #350, .F. ) ;
#1849 = LINE ( 'NONE', #1217, #1693 ) ;
#1850 = CARTESIAN_POINT ( 'NONE',  ( 63.50000000000002842, 63.49999999999994316, 0.000000000000000000 ) ) ;
#1851 = DIRECTION ( 'NONE',  ( 1.000000000000000000, -1.821231995776176958E-16, 0.000000000000000000 ) ) ;
#1852 = ORIENTED_EDGE ( 'NONE', *, *, #9, .T. ) ;
#1853 = ORIENTED_EDGE ( 'NONE', *, *, #216, .T. ) ;
#1854 = DIRECTION ( 'NONE',  ( -1.000000000000000000, 0.000000000000000000, 0.000000000000000000 ) ) ;
#1855 = EDGE_LOOP ( 'NONE', ( #411, #1747, #306, #160 ) ) ;
#1856 = ORIENTED_EDGE ( 'NONE', *, *, #1704, .T. ) ;
#1857 = ORIENTED_EDGE ( 'NONE', *, *, #1110, .F. ) ;
#1858 = EDGE_CURVE ( 'NONE', #640, #1642, #818, .T. ) ;
#1859 = DIRECTION ( 'NONE',  ( -1.000000000000000000, 0.000000000000000000, 0.000000000000000000 ) ) ;
#1860 = AXIS2_PLACEMENT_3D ( 'NONE', #762, #471, #1515 ) ;
#1861 = VECTOR ( 'NONE', #1773, 1000.000000000000000 ) ;
#1862 = CARTESIAN_POINT ( 'NONE',  ( 38.10000000000001563, -63.50000000000000000, 0.000000000000000000 ) ) ;
#1863 = CIRCLE ( 'NONE', #1623, 1.599999999999997202 ) ;
#1864 = ORIENTED_EDGE ( 'NONE', *, *, #1817, .F. ) ;
#1865 = VECTOR ( 'NONE', #1230, 1000.000000000000000 ) ;
#1866 = SURFACE_STYLE_USAGE ( .BOTH. , #1726 ) ;
#1867 = VERTEX_POINT ( 'NONE', #1022 ) ;
#1868 = CARTESIAN_POINT ( 'NONE',  ( -65.45000000000000284, 17.25000000000000355, 0.000000000000000000 ) ) ;
#1869 = ORIENTED_EDGE ( 'NONE', *, *, #1156, .T. ) ;
#1870 = ADVANCED_FACE ( 'NONE', ( #1643 ), #1762, .T. ) ;
#1871 = CARTESIAN_POINT ( 'NONE',  ( -32.70000000000000995, 42.20000000000000284, 3.174999999999999822 ) ) ;
#1872 = DIRECTION ( 'NONE',  ( 0.000000000000000000, -0.000000000000000000, -1.000000000000000000 ) ) ;
#1873 = FACE_OUTER_BOUND ( 'NONE', #794, .T. ) ;
#1874 = ORIENTED_EDGE ( 'NONE', *, *, #1437, .T. ) ;
#1875 = DIRECTION ( 'NONE',  ( -1.000000000000000000, 1.821231995776176958E-16, 0.000000000000000000 ) ) ;
#1876 = LINE ( 'NONE', #486, #800 ) ;
#1877 = DIRECTION ( 'NONE',  ( -1.000000000000000000, 0.000000000000000000, -0.000000000000000000 ) ) ;
#1878 = ORIENTED_EDGE ( 'NONE', *, *, #1659, .T. ) ;
#1879 = FACE_OUTER_BOUND ( 'NONE', #1376, .T. ) ;
#1880 = CARTESIAN_POINT ( 'NONE',  ( -63.49999999999998579, -63.50000000000000000, 3.174999999999999822 ) ) ;
#1881 = EDGE_CURVE ( 'NONE', #446, #755, #1123, .T. ) ;
#1882 = ORIENTED_EDGE ( 'NONE', *, *, #1296, .T. ) ;
#1883 = CARTESIAN_POINT ( 'NONE',  ( -65.45000000000000284, 17.25000000000000355, 3.174999999999999822 ) ) ;
#1884 = ORIENTED_EDGE ( 'NONE', *, *, #1597, .T. ) ;
#1885 = FACE_BOUND ( 'NONE', #1637, .T. ) ;
#1886 = ORIENTED_EDGE ( 'NONE', *, *, #579, .F. ) ;
#1887 = AXIS2_PLACEMENT_3D ( 'NONE', #1578, #1559, #1730 ) ;
#1888 = CYLINDRICAL_SURFACE ( 'NONE', #1860, 1.600000000000004086 ) ;
#1889 = LINE ( 'NONE', #1611, #505 ) ;
#1890 = AXIS2_PLACEMENT_3D ( 'NONE', #417, #581, #733 ) ;
#1891 = VECTOR ( 'NONE', #588, 1000.000000000000000 ) ;
#1892 = VECTOR ( 'NONE', #1105, 1000.000000000000000 ) ;
#1893 = AXIS2_PLACEMENT_3D ( 'NONE', #578, #1672, #1202 ) ;
#1894 = CARTESIAN_POINT ( 'NONE',  ( 61.90000000000002700, 63.49999999999994316, 3.174999999999999822 ) ) ;
#1895 = ADVANCED_FACE ( 'NONE', ( #727 ), #89, .F. ) ;
#1896 = AXIS2_PLACEMENT_3D ( 'NONE', #1208, #741, #1733 ) ;
#1897 = EDGE_LOOP ( 'NONE', ( #394, #621 ) ) ;
#1898 = CARTESIAN_POINT ( 'NONE',  ( 17.27999999999999758, -31.99999999999999289, 0.000000000000000000 ) ) ;
#1899 = VECTOR ( 'NONE', #1776, 1000.000000000000000 ) ;
#1900 = EDGE_LOOP ( 'NONE', ( #125, #94 ) ) ;
#1901 = DIRECTION ( 'NONE',  ( -1.000000000000000000, 0.000000000000000000, 0.000000000000000000 ) ) ;
#1902 = DIRECTION ( 'NONE',  ( -0.000000000000000000, -0.000000000000000000, -1.000000000000000000 ) ) ;
#1903 = ORIENTED_EDGE ( 'NONE', *, *, #1842, .F. ) ;
#1904 = CARTESIAN_POINT ( 'NONE',  ( -32.70000000000000995, 42.20000000000000284, 3.174999999999999822 ) ) ;
#1905 = LINE ( 'NONE', #1586, #472 ) ;
#1906 = ORIENTED_EDGE ( 'NONE', *, *, #1320, .F. ) ;
#1907 = ADVANCED_FACE ( 'NONE', ( #238 ), #583, .F. ) ;
#1908 = FACE_BOUND ( 'NONE', #1677, .T. ) ;
#1909 = ORIENTED_EDGE ( 'NONE', *, *, #2005, .F. ) ;
#1910 = EDGE_CURVE ( 'NONE', #127, #886, #1380, .T. ) ;
#1911 = LINE ( 'NONE', #1157, #469 ) ;
#1912 = EDGE_CURVE ( 'NONE', #1441, #337, #717, .T. ) ;
#1913 = DIRECTION ( 'NONE',  ( -0.000000000000000000, -0.000000000000000000, -1.000000000000000000 ) ) ;
#1914 = ORIENTED_EDGE ( 'NONE', *, *, #105, .T. ) ;
#1915 = DIRECTION ( 'NONE',  ( -0.000000000000000000, -0.000000000000000000, -1.000000000000000000 ) ) ;
#1916 = FACE_OUTER_BOUND ( 'NONE', #1421, .T. ) ;
#1917 = ORIENTED_EDGE ( 'NONE', *, *, #1241, .T. ) ;
#1918 = VERTEX_POINT ( 'NONE', #1206 ) ;
#1919 = ADVANCED_FACE ( 'NONE', ( #875 ), #1669, .F. ) ;
#1920 = DIRECTION ( 'NONE',  ( -1.000000000000000000, 0.000000000000000000, 0.000000000000000000 ) ) ;
#1921 = AXIS2_PLACEMENT_3D ( 'NONE', #810, #1087, #1877 ) ;
#1922 = CYLINDRICAL_SURFACE ( 'NONE', #679, 1.599999999999997202 ) ;
#1923 = CARTESIAN_POINT ( 'NONE',  ( -63.49999999999987921, 63.49999999999994316, 0.000000000000000000 ) ) ;
#1924 = ADVANCED_FACE ( 'NONE', ( #1498 ), #1503, .F. ) ;
#1925 = ORIENTED_EDGE ( 'NONE', *, *, #391, .F. ) ;
#1926 = CARTESIAN_POINT ( 'NONE',  ( -61.89999999999987779, 63.49999999999994316, 3.174999999999999822 ) ) ;
#1927 = VECTOR ( 'NONE', #1279, 1000.000000000000000 ) ;
#1928 = CLOSED_SHELL ( 'NONE', ( #1924, #1774, #1271, #781, #1456, #377, #1949, #343, #37, #1410, #2022, #233, #1848, #960, #1505, #1766, #1895, #443, #590, #2050, #280, #949, #128, #881, #1171, #1907, #157, #376, #1132, #1341, #1203, #1571, #1870, #555, #856, #1026, #768, #515, #1692, #870, #53, #1545, #2009, #1681, #684, #876, #64, #491, #1433, #1937, #322, #21, #348, #1919, #743, #1734, #707, #1048 ) ) ;
#1929 = PLANE ( 'NONE',  #2039 ) ;
#1930 = AXIS2_PLACEMENT_3D ( 'NONE', #321, #1902, #775 ) ;
#1931 = EDGE_LOOP ( 'NONE', ( #1874, #1168 ) ) ;
#1932 = AXIS2_PLACEMENT_3D ( 'NONE', #1981, #1023, #564 ) ;
#1933 = FACE_OUTER_BOUND ( 'NONE', #1281, .T. ) ;
#1934 = EDGE_CURVE ( 'NONE', #1707, #493, #930, .T. ) ;
#1935 = CARTESIAN_POINT ( 'NONE',  ( -45.71999999999999886, 25.39999999999999858, 3.174999999999999822 ) ) ;
#1936 = ORIENTED_EDGE ( 'NONE', *, *, #1809, .F. ) ;
#1937 = ADVANCED_FACE ( 'NONE', ( #1200 ), #81, .F. ) ;
#1938 = DIRECTION ( 'NONE',  ( 1.000000000000000000, 0.000000000000000000, 0.000000000000000000 ) ) ;
#1939 = APPLICATION_CONTEXT ( 'automotive_design' ) ;
#1940 = ORIENTED_EDGE ( 'NONE', *, *, #1395, .T. ) ;
#1941 = ORIENTED_EDGE ( 'NONE', *, *, #1302, .F. ) ;
#1942 = DIRECTION ( 'NONE',  ( 0.000000000000000000, 0.000000000000000000, 1.000000000000000000 ) ) ;
#1943 = CARTESIAN_POINT ( 'NONE',  ( 65.10000000000002274, -63.50000000000000000, 0.000000000000000000 ) ) ;
#1944 = CARTESIAN_POINT ( 'NONE',  ( -55.88000000000000256, 25.39999999999999858, 3.174999999999999822 ) ) ;
#1945 = CARTESIAN_POINT ( 'NONE',  ( -36.49999999999999289, -63.50000000000000000, 0.000000000000000000 ) ) ;
#1946 = ORIENTED_EDGE ( 'NONE', *, *, #1600, .F. ) ;
#1947 = LINE ( 'NONE', #1166, #899 ) ;
#1948 = DIRECTION ( 'NONE',  ( 0.000000000000000000, 1.000000000000000000, 0.000000000000000000 ) ) ;
#1949 = ADVANCED_FACE ( 'NONE', ( #1528 ), #887, .F. ) ;
#1950 = CARTESIAN_POINT ( 'NONE',  ( -63.49999999999998579, -63.50000000000000000, 3.174999999999999822 ) ) ;
#1951 = EDGE_LOOP ( 'NONE', ( #904, #1856, #88, #2046 ) ) ;
#1952 = EDGE_CURVE ( 'NONE', #2021, #1867, #824, .T. ) ;
#1953 = EDGE_LOOP ( 'NONE', ( #616, #1199, #1222, #1213, #1452, #510, #796, #1280 ) ) ;
#1954 = LINE ( 'NONE', #1968, #190 ) ;
#1955 = CARTESIAN_POINT ( 'NONE',  ( -45.71999999999999886, -25.39999999999999858, 0.000000000000000000 ) ) ;
#1956 = CARTESIAN_POINT ( 'NONE',  ( 38.10000000000004405, 63.49999999999994316, 3.174999999999999822 ) ) ;
#1957 = DIRECTION ( 'NONE',  ( -0.000000000000000000, -0.000000000000000000, -1.000000000000000000 ) ) ;
#1958 = AXIS2_PLACEMENT_3D ( 'NONE', #1868, #629, #316 ) ;
#1959 = EDGE_LOOP ( 'NONE', ( #1906, #1616 ) ) ;
#1960 = LINE ( 'NONE', #837, #133 ) ;
#1961 = EDGE_CURVE ( 'NONE', #1589, #496, #1987, .T. ) ;
#1962 = CARTESIAN_POINT ( 'NONE',  ( 25.39999999999999858, -66.04000000000000625, 0.000000000000000000 ) ) ;
#1963 = FACE_OUTER_BOUND ( 'NONE', #1364, .T. ) ;
#1964 = VERTEX_POINT ( 'NONE', #428 ) ;
#1965 = VECTOR ( 'NONE', #199, 1000.000000000000000 ) ;
#1966 = CIRCLE ( 'NONE', #970, 1.600000000000004086 ) ;
#1967 = ORIENTED_EDGE ( 'NONE', *, *, #671, .T. ) ;
#1968 = CARTESIAN_POINT ( 'NONE',  ( 25.40000000000002700, 66.03999999999994941, 3.174999999999999822 ) ) ;
#1969 = AXIS2_PLACEMENT_3D ( 'NONE', #816, #1700, #508 ) ;
#1970 = CIRCLE ( 'NONE', #174, 1.099999999999996758 ) ;
#1971 = CARTESIAN_POINT ( 'NONE',  ( -21.91999999999993776, 31.99999999999994671, 0.000000000000000000 ) ) ;
#1972 = DIRECTION ( 'NONE',  ( -0.000000000000000000, -0.000000000000000000, -1.000000000000000000 ) ) ;
#1973 = VECTOR ( 'NONE', #1821, 1000.000000000000000 ) ;
#1974 = CARTESIAN_POINT ( 'NONE',  ( 38.10000000000004405, 63.49999999999994316, 3.174999999999999822 ) ) ;
#1975 = CARTESIAN_POINT ( 'NONE',  ( 39.70000000000000995, -63.50000000000000000, 3.174999999999999822 ) ) ;
#1976 = ORIENTED_EDGE ( 'NONE', *, *, #1980, .T. ) ;
#1977 = VERTEX_POINT ( 'NONE', #108 ) ;
#1978 = ORIENTED_EDGE ( 'NONE', *, *, #479, .F. ) ;
#1979 = LINE ( 'NONE', #1150, #634 ) ;
#1980 = EDGE_CURVE ( 'NONE', #1324, #1238, #1369, .T. ) ;
#1981 = CARTESIAN_POINT ( 'NONE',  ( -20.31999999999999673, -32.00000000000000000, 3.174999999999999822 ) ) ;
#1982 = EDGE_CURVE ( 'NONE', #2014, #403, #1484, .T. ) ;
#1983 = LINE ( 'NONE', #84, #1891 ) ;
#1984 = ORIENTED_EDGE ( 'NONE', *, *, #975, .F. ) ;
#1985 = CARTESIAN_POINT ( 'NONE',  ( -32.70000000000000995, 57.20000000000000284, 3.174999999999999822 ) ) ;
#1986 = ORIENTED_EDGE ( 'NONE', *, *, #401, .F. ) ;
#1987 = LINE ( 'NONE', #1044, #565 ) ;
#1988 = ORIENTED_EDGE ( 'NONE', *, *, #747, .F. ) ;
#1989 = DIRECTION ( 'NONE',  ( -0.000000000000000000, 0.000000000000000000, 1.000000000000000000 ) ) ;
#1990 = CIRCLE ( 'NONE', #1958, 1.100000000000003642 ) ;
#1991 = ORIENTED_EDGE ( 'NONE', *, *, #1628, .T. ) ;
#1992 = CARTESIAN_POINT ( 'NONE',  ( -65.45000000000000284, 17.25000000000000355, 3.174999999999999822 ) ) ;
#1993 = VERTEX_POINT ( 'NONE', #395 ) ;
#1994 = VERTEX_POINT ( 'NONE', #1031 ) ;
#1995 = CARTESIAN_POINT ( 'NONE',  ( -32.70000000000000995, 57.20000000000000284, 3.174999999999999822 ) ) ;
#1996 = VECTOR ( 'NONE', #1473, 1000.000000000000000 ) ;
#1997 = ORIENTED_EDGE ( 'NONE', *, *, #1483, .T. ) ;
#1998 = CIRCLE ( 'NONE', #571, 1.599999999999997202 ) ;
#1999 = VECTOR ( 'NONE', #1431, 1000.000000000000000 ) ;
#2000 = DIRECTION ( 'NONE',  ( -0.000000000000000000, -0.000000000000000000, -1.000000000000000000 ) ) ;
#2001 = CIRCLE ( 'NONE', #369, 1.599999999999997202 ) ;
#2002 = EDGE_CURVE ( 'NONE', #562, #544, #499, .T. ) ;
#2003 = AXIS2_PLACEMENT_3D ( 'NONE', #78, #603, #1854 ) ;
#2004 = DIRECTION ( 'NONE',  ( -0.000000000000000000, -0.000000000000000000, 1.000000000000000000 ) ) ;
#2005 = EDGE_CURVE ( 'NONE', #1267, #1255, #460, .T. ) ;
#2006 = ORIENTED_EDGE ( 'NONE', *, *, #242, .F. ) ;
#2007 = CARTESIAN_POINT ( 'NONE',  ( 25.39999999999999858, -66.04000000000000625, 3.174999999999999822 ) ) ;
#2008 = ORIENTED_EDGE ( 'NONE', *, *, #1060, .T. ) ;
#2009 = ADVANCED_FACE ( 'NONE', ( #450 ), #795, .F. ) ;
#2010 = CARTESIAN_POINT ( 'NONE',  ( 15.67999999999999972, -31.99999999999999289, 0.000000000000000000 ) ) ;
#2011 = ORIENTED_EDGE ( 'NONE', *, *, #311, .T. ) ;
#2012 = CARTESIAN_POINT ( 'NONE',  ( 63.50000000000000000, -76.20000000000000284, 0.000000000000000000 ) ) ;
#2013 = CARTESIAN_POINT ( 'NONE',  ( 61.90000000000002700, 63.49999999999994316, 3.174999999999999822 ) ) ;
#2014 = VERTEX_POINT ( 'NONE', #1739 ) ;
#2015 = ORIENTED_EDGE ( 'NONE', *, *, #1729, .T. ) ;
#2016 = EDGE_CURVE ( 'NONE', #1360, #825, #1990, .T. ) ;
#2017 = CARTESIAN_POINT ( 'NONE',  ( 63.50000000000002842, 63.49999999999994316, 0.000000000000000000 ) ) ;
#2018 = ORIENTED_EDGE ( 'NONE', *, *, #566, .F. ) ;
#2019 = VERTEX_POINT ( 'NONE', #947 ) ;
#2020 = DIRECTION ( 'NONE',  ( 1.000000000000000000, 0.000000000000000000, 0.000000000000000000 ) ) ;
#2021 = VERTEX_POINT ( 'NONE', #1898 ) ;
#2022 = ADVANCED_FACE ( 'NONE', ( #956 ), #480, .F. ) ;
#2023 = DIRECTION ( 'NONE',  ( -0.000000000000000000, -0.000000000000000000, -1.000000000000000000 ) ) ;
#2024 = FACE_OUTER_BOUND ( 'NONE', #359, .T. ) ;
#2025 = CYLINDRICAL_SURFACE ( 'NONE', #1687, 1.099999999999996758 ) ;
#2026 = ORIENTED_EDGE ( 'NONE', *, *, #245, .T. ) ;
#2027 = ORIENTED_EDGE ( 'NONE', *, *, #664, .T. ) ;
#2028 = FACE_OUTER_BOUND ( 'NONE', #1128, .T. ) ;
#2029 = VECTOR ( 'NONE', #547, 1000.000000000000000 ) ;
#2030 = ORIENTED_EDGE ( 'NONE', *, *, #307, .T. ) ;
#2031 = EDGE_LOOP ( 'NONE', ( #1464, #1453, #737, #194 ) ) ;
#2032 = EDGE_CURVE ( 'NONE', #825, #1360, #1249, .T. ) ;
#2033 = DIRECTION ( 'NONE',  ( -0.000000000000000000, -0.000000000000000000, -1.000000000000000000 ) ) ;
#2034 = ORIENTED_EDGE ( 'NONE', *, *, #1404, .T. ) ;
#2035 = FACE_OUTER_BOUND ( 'NONE', #680, .T. ) ;
#2036 = AXIS2_PLACEMENT_3D ( 'NONE', #823, #1154, #697 ) ;
#2037 = AXIS2_PLACEMENT_3D ( 'NONE', #858, #52, #1614 ) ;
#2038 = CARTESIAN_POINT ( 'NONE',  ( 65.10000000000002274, -63.50000000000000000, 3.174999999999999822 ) ) ;
#2039 = AXIS2_PLACEMENT_3D ( 'NONE', #1127, #442, #1872 ) ;
#2040 = ORIENTED_EDGE ( 'NONE', *, *, #1750, .T. ) ;
#2041 = AXIS2_PLACEMENT_3D ( 'NONE', #421, #1054, #217 ) ;
#2042 = DIRECTION ( 'NONE',  ( -1.000000000000000000, 0.000000000000000000, 0.000000000000000000 ) ) ;
#2043 = CARTESIAN_POINT ( 'NONE',  ( -12.69999999999994778, 66.03999999999994941, 3.174999999999999822 ) ) ;
#2044 = ORIENTED_EDGE ( 'NONE', *, *, #1858, .F. ) ;
#2045 = CARTESIAN_POINT ( 'NONE',  ( -65.45000000000000284, 17.25000000000000355, 0.000000000000000000 ) ) ;
#2046 = ORIENTED_EDGE ( 'NONE', *, *, #1282, .F. ) ;
#2047 = DIRECTION ( 'NONE',  ( 0.000000000000000000, 0.000000000000000000, 1.000000000000000000 ) ) ;
#2048 = EDGE_CURVE ( 'NONE', #948, #1665, #1719, .T. ) ;
#2049 = DIRECTION ( 'NONE',  ( -0.000000000000000000, 0.000000000000000000, 1.000000000000000000 ) ) ;
#2050 = ADVANCED_FACE ( 'NONE', ( #769, #1108, #1096, #2061, #161, #1392, #1422, #605, #620, #2054, #639, #6, #1237, #1885, #778, #175, #654, #1272, #1908, #936, #1081, #488 ), #1117, .T. ) ;
#2051 = CARTESIAN_POINT ( 'NONE',  ( -76.20000000000000284, 63.49999999999992895, 3.174999999999999822 ) ) ;
#2052 = PLANE ( 'NONE',  #1292 ) ;
#2053 = ORIENTED_EDGE ( 'NONE', *, *, #1952, .T. ) ;
#2054 = FACE_OUTER_BOUND ( 'NONE', #1953, .T. ) ;
#2055 = VERTEX_POINT ( 'NONE', #1402 ) ;
#2056 = FACE_OUTER_BOUND ( 'NONE', #1855, .T. ) ;
#2057 = DIRECTION ( 'NONE',  ( 1.000000000000000000, 0.000000000000000000, 0.000000000000000000 ) ) ;
#2058 = FACE_OUTER_BOUND ( 'NONE', #1465, .T. ) ;
#2059 = FILL_AREA_STYLE ('',( #148 ) ) ;
#2060 = ORIENTED_EDGE ( 'NONE', *, *, #911, .T. ) ;
#2061 = FACE_BOUND ( 'NONE', #669, .T. ) ;
#2062 = ORIENTED_EDGE ( 'NONE', *, *, #1713, .T. ) ;
#2063 = DIRECTION ( 'NONE',  ( -0.000000000000000000, 0.000000000000000000, 1.000000000000000000 ) ) ;
#2064 = DIRECTION ( 'NONE',  ( -1.000000000000000000, 0.000000000000000000, 0.000000000000000000 ) ) ;
#2065 = AXIS2_PLACEMENT_3D ( 'NONE', #860, #1485, #643 ) ;
#2066 = AXIS2_PLACEMENT_3D ( 'NONE', #550, #1638, #1938 ) ;
#2067 = EDGE_CURVE ( 'NONE', #1977, #787, #1225, .T. ) ;
ENDSEC;
END-ISO-10303-21;
