ISO-10303-21;
HEADER;
FILE_DESCRIPTION (( 'STEP AP214' ),
    '1' );
FILE_NAME ('layer1.STEP',
    '2025-09-19T07:18:24',
    ( '' ),
    ( '' ),
    'SwSTEP 2.0',
    'SolidWorks 2025',
    '' );
FILE_SCHEMA (( 'AUTOMOTIVE_DESIGN' ));
ENDSEC;

DATA;
#1 = VERTEX_POINT ( 'NONE', #2502 ) ;
#2 = CARTESIAN_POINT ( 'NONE',  ( -63.69999999997390461, 38.35000000000000853, 41.35000000000000142 ) ) ;
#3 = EDGE_CURVE ( 'NONE', #2136, #4615, #4680, .T. ) ;
#4 = VECTOR ( 'NONE', #4983, 1000.000000000000000 ) ;
#5 = VERTEX_POINT ( 'NONE', #885 ) ;
#6 = VECTOR ( 'NONE', #3807, 1000.000000000000000 ) ;
#7 = LINE ( 'NONE', #2604, #1598 ) ;
#8 = CARTESIAN_POINT ( 'NONE',  ( 101.2000000000000171, 75.70000000000000284, 8.350000000000003197 ) ) ;
#9 = CIRCLE ( 'NONE', #921, 1.322739520575443750 ) ;
#10 = ORIENTED_EDGE ( 'NONE', *, *, #4364, .F. ) ;
#11 = DIRECTION ( 'NONE',  ( -1.000000000000000000, -8.673617379884035472E-16, -0.000000000000000000 ) ) ;
#12 = VERTEX_POINT ( 'NONE', #3075 ) ;
#13 = VERTEX_POINT ( 'NONE', #5793 ) ;
#14 = CARTESIAN_POINT ( 'NONE',  ( -63.69999999997390461, 72.70000000000000284, 43.35000000000000853 ) ) ;
#15 = DIRECTION ( 'NONE',  ( -0.000000000000000000, 0.000000000000000000, 1.000000000000000000 ) ) ;
#16 = CARTESIAN_POINT ( 'NONE',  ( -45.90577136594008323, 73.70000000000000284, 24.85000000000003340 ) ) ;
#17 = ORIENTED_EDGE ( 'NONE', *, *, #5403, .T. ) ;
#18 = DIRECTION ( 'NONE',  ( 1.000000000000000000, 0.000000000000000000, -0.000000000000000000 ) ) ;
#19 = ORIENTED_EDGE ( 'NONE', *, *, #3342, .F. ) ;
#20 = EDGE_LOOP ( 'NONE', ( #6959, #6844, #6085, #5035 ) ) ;
#21 = DIRECTION ( 'NONE',  ( -0.000000000000000000, -0.000000000000000000, -1.000000000000000000 ) ) ;
#22 = ADVANCED_FACE ( 'NONE', ( #4310 ), #2210, .F. ) ;
#23 = CARTESIAN_POINT ( 'NONE',  ( -64.87500000000000000, 14.00000000000000533, 6.349999999999999645 ) ) ;
#24 = EDGE_CURVE ( 'NONE', #1657, #3586, #97, .T. ) ;
#25 = CARTESIAN_POINT ( 'NONE',  ( 226219.5891960716981, -73.70000000000000284, 391928.1832833223743 ) ) ;
#26 = VERTEX_POINT ( 'NONE', #5466 ) ;
#27 = FACE_OUTER_BOUND ( 'NONE', #4112, .T. ) ;
#28 = DIRECTION ( 'NONE',  ( 0.7071067811865475727, 0.7071067811865475727, -0.000000000000000000 ) ) ;
#29 = ORIENTED_EDGE ( 'NONE', *, *, #3130, .T. ) ;
#30 = DIRECTION ( 'NONE',  ( 0.000000000000000000, 0.000000000000000000, -1.000000000000000000 ) ) ;
#31 = SPHERICAL_SURFACE ( 'NONE', #6363, 1.000000000000000000 ) ;
#32 = EDGE_CURVE ( 'NONE', #4587, #377, #5988, .T. ) ;
#33 = CARTESIAN_POINT ( 'NONE',  ( -53.70000000000000284, 73.70000000000000284, 11.35000000000000142 ) ) ;
#34 = DIRECTION ( 'NONE',  ( 1.000000000000000000, 0.000000000000000000, 0.000000000000000000 ) ) ;
#35 = ORIENTED_EDGE ( 'NONE', *, *, #736, .T. ) ;
#36 = DIRECTION ( 'NONE',  ( 0.000000000000000000, 0.000000000000000000, -1.000000000000000000 ) ) ;
#37 = ORIENTED_EDGE ( 'NONE', *, *, #6972, .F. ) ;
#38 = CARTESIAN_POINT ( 'NONE',  ( -59.55786437624294649, 31.79365081389596170, 6.350000000000004086 ) ) ;
#39 = DIRECTION ( 'NONE',  ( -1.000000000000000000, 2.057492632737503734E-16, -0.000000000000000000 ) ) ;
#40 = EDGE_LOOP ( 'NONE', ( #971, #1612 ) ) ;
#41 = DIRECTION ( 'NONE',  ( -0.000000000000000000, -1.000000000000000000, -0.000000000000000000 ) ) ;
#42 = ORIENTED_EDGE ( 'NONE', *, *, #412, .F. ) ;
#43 = EDGE_CURVE ( 'NONE', #6303, #4186, #3211, .T. ) ;
#44 = VERTEX_POINT ( 'NONE', #4917 ) ;
#45 = CARTESIAN_POINT ( 'NONE',  ( -0.000000000000000000, -76.20000000000000284, 0.000000000000000000 ) ) ;
#46 = CARTESIAN_POINT ( 'NONE',  ( -45.90577136594008323, -67.35000000000000853, 26.17273952057547604 ) ) ;
#47 = DIRECTION ( 'NONE',  ( -1.000000000000000000, -0.000000000000000000, 0.000000000000000000 ) ) ;
#48 = CARTESIAN_POINT ( 'NONE',  ( 63.50000000000000000, 7.750000000000000000, 6.349999999999999645 ) ) ;
#49 = ORIENTED_EDGE ( 'NONE', *, *, #3046, .F. ) ;
#50 = EDGE_CURVE ( 'NONE', #3230, #1844, #892, .T. ) ;
#51 = DIRECTION ( 'NONE',  ( 0.000000000000000000, -1.000000000000000000, 0.000000000000000000 ) ) ;
#52 = VERTEX_POINT ( 'NONE', #5889 ) ;
#53 = ORIENTED_EDGE ( 'NONE', *, *, #4641, .F. ) ;
#54 = FACE_OUTER_BOUND ( 'NONE', #5453, .T. ) ;
#55 = DIRECTION ( 'NONE',  ( 0.000000000000000000, 1.000000000000000000, 0.000000000000000000 ) ) ;
#56 = CARTESIAN_POINT ( 'NONE',  ( 101.2000000000000171, -74.52842712474618736, 7.178427124746193932 ) ) ;
#57 = CARTESIAN_POINT ( 'NONE',  ( -116.6999999999738975, 36.35000000000000853, 43.35000000000000853 ) ) ;
#58 = DIRECTION ( 'NONE',  ( 1.000000000000000000, 0.000000000000000000, 0.000000000000000000 ) ) ;
#59 = LINE ( 'NONE', #664, #4093 ) ;
#60 = DIRECTION ( 'NONE',  ( 0.000000000000000000, -1.000000000000000000, -0.000000000000000000 ) ) ;
#61 = LINE ( 'NONE', #4489, #2747 ) ;
#62 = DIRECTION ( 'NONE',  ( 0.000000000000000000, 0.000000000000000000, 1.000000000000000000 ) ) ;
#63 = CARTESIAN_POINT ( 'NONE',  ( 43.80000000000001137, 58.70000000000000284, 36.00000000000000711 ) ) ;
#64 = ADVANCED_FACE ( 'NONE', ( #1606 ), #4945, .F. ) ;
#65 = DIRECTION ( 'NONE',  ( 1.000000000000000000, -2.057492632737503734E-16, 0.000000000000000000 ) ) ;
#66 = ORIENTED_EDGE ( 'NONE', *, *, #4260, .T. ) ;
#67 = CARTESIAN_POINT ( 'NONE',  ( -101.7000000000000028, 73.70000000000000284, 25.35000000000000497 ) ) ;
#68 = PLANE ( 'NONE',  #1033 ) ;
#69 = ORIENTED_EDGE ( 'NONE', *, *, #5187, .F. ) ;
#70 = CARTESIAN_POINT ( 'NONE',  ( -29.20000000000002416, 14.00000000000000533, 6.349999999999999645 ) ) ;
#71 = VERTEX_POINT ( 'NONE', #3736 ) ;
#72 = ORIENTED_EDGE ( 'NONE', *, *, #4829, .F. ) ;
#73 = EDGE_CURVE ( 'NONE', #3660, #6753, #3643, .T. ) ;
#74 = DIRECTION ( 'NONE',  ( 1.000000000000000000, 0.000000000000000000, 0.000000000000000000 ) ) ;
#75 = CARTESIAN_POINT ( 'NONE',  ( -11.70000000000000284, 37.50000000000001421, 6.349999999999999645 ) ) ;
#76 = CARTESIAN_POINT ( 'NONE',  ( 106.2736249453026431, -68.82623175339469412, 6.351335262966481210 ) ) ;
#77 = AXIS2_PLACEMENT_3D ( 'NONE', #4492, #3456, #5681 ) ;
#78 = ADVANCED_FACE ( 'NONE', ( #4844 ), #5391, .T. ) ;
#79 = CARTESIAN_POINT ( 'NONE',  ( -45.90577136594008323, -67.35000000000000853, 24.85000000000003340 ) ) ;
#80 = VERTEX_POINT ( 'NONE', #1036 ) ;
#81 = LINE ( 'NONE', #1656, #4991 ) ;
#82 = EDGE_LOOP ( 'NONE', ( #978, #298, #4262 ) ) ;
#83 = EDGE_LOOP ( 'NONE', ( #3441, #2105, #813 ) ) ;
#84 = CARTESIAN_POINT ( 'NONE',  ( 132.4842712474618907, -49.19999999999999574, 26.34999999999999787 ) ) ;
#85 = AXIS2_PLACEMENT_3D ( 'NONE', #3838, #5461, #58 ) ;
#86 = FACE_OUTER_BOUND ( 'NONE', #4000, .T. ) ;
#87 = CARTESIAN_POINT ( 'NONE',  ( -31.70000000003531682, -68.69999999999997442, 6.349999999999999645 ) ) ;
#88 = DIRECTION ( 'NONE',  ( -0.000000000000000000, -1.000000000000000000, -0.000000000000000000 ) ) ;
#89 = AXIS2_PLACEMENT_3D ( 'NONE', #3781, #2543, #4714 ) ;
#90 = ORIENTED_EDGE ( 'NONE', *, *, #5348, .T. ) ;
#91 = CARTESIAN_POINT ( 'NONE',  ( -101.7000000000000028, 45.32728445445477661, 0.000000000000000000 ) ) ;
#92 = DIRECTION ( 'NONE',  ( 0.000000000000000000, 1.000000000000000000, 0.000000000000000000 ) ) ;
#93 = LINE ( 'NONE', #6743, #213 ) ;
#94 = VECTOR ( 'NONE', #1635, 1000.000000000000000 ) ;
#95 = AXIS2_PLACEMENT_3D ( 'NONE', #928, #5790, #4169 ) ;
#96 = DIRECTION ( 'NONE',  ( 0.000000000000000000, 1.000000000000000000, 0.000000000000000000 ) ) ;
#97 = LINE ( 'NONE', #5428, #666 ) ;
#98 = VECTOR ( 'NONE', #2875, 1000.000000000000000 ) ;
#99 = AXIS2_PLACEMENT_3D ( 'NONE', #4907, #1059, #3232 ) ;
#100 = CARTESIAN_POINT ( 'NONE',  ( -108.9499999999739117, 41.85000000000001563, 6.350000000000001421 ) ) ;
#101 = VECTOR ( 'NONE', #5291, 1000.000000000000000 ) ;
#102 = FACE_OUTER_BOUND ( 'NONE', #6532, .T. ) ;
#103 = ORIENTED_EDGE ( 'NONE', *, *, #1161, .F. ) ;
#104 = AXIS2_PLACEMENT_3D ( 'NONE', #2886, #4558, #3481 ) ;
#105 = EDGE_CURVE ( 'NONE', #1609, #5687, #5316, .T. ) ;
#106 = CARTESIAN_POINT ( 'NONE',  ( -63.70707466689363940, 64.50648809510801129, 41.49307044468113759 ) ) ;
#107 = VECTOR ( 'NONE', #369, 1000.000000000000000 ) ;
#108 = CIRCLE ( 'NONE', #5327, 2.000000000000000000 ) ;
#109 = VECTOR ( 'NONE', #3595, 999.9999999999998863 ) ;
#110 = EDGE_CURVE ( 'NONE', #44, #3047, #7030, .T. ) ;
#111 = ORIENTED_EDGE ( 'NONE', *, *, #2990, .T. ) ;
#112 = VECTOR ( 'NONE', #5837, 1000.000000000000000 ) ;
#113 = FACE_OUTER_BOUND ( 'NONE', #1196, .T. ) ;
#114 = ORIENTED_EDGE ( 'NONE', *, *, #5298, .T. ) ;
#115 = CIRCLE ( 'NONE', #455, 19.99999999999999645 ) ;
#116 = ORIENTED_EDGE ( 'NONE', *, *, #4834, .T. ) ;
#117 = AXIS2_PLACEMENT_3D ( 'NONE', #4818, #6893, #4283 ) ;
#118 = VECTOR ( 'NONE', #2765, 1000.000000000000000 ) ;
#119 = LINE ( 'NONE', #2295, #3537 ) ;
#120 = CARTESIAN_POINT ( 'NONE',  ( -61.49422863406000062, -67.35000000000000853, 23.52726047942448417 ) ) ;
#121 = CIRCLE ( 'NONE', #2861, 1.650000000000002132 ) ;
#122 = CARTESIAN_POINT ( 'NONE',  ( 106.3434140568722057, -68.84794005492508973, 6.355136354649880026 ) ) ;
#123 = FACE_BOUND ( 'NONE', #5935, .T. ) ;
#124 = ORIENTED_EDGE ( 'NONE', *, *, #2168, .F. ) ;
#126 = EDGE_CURVE ( 'NONE', #1017, #1648, #6989, .T. ) ;
#125 = LINE ( 'NONE', #5513, #2723 ) ;
#127 = VERTEX_POINT ( 'NONE', #3843 ) ;
#128 = ORIENTED_EDGE ( 'NONE', *, *, #1861, .T. ) ;
#129 = CARTESIAN_POINT ( 'NONE',  ( 3.218875783201396668E-15, 73.70000000000000284, 8.349999999999962341 ) ) ;
#130 = DIRECTION ( 'NONE',  ( -0.000000000000000000, 1.000000000000000000, -0.000000000000000000 ) ) ;
#131 = SPHERICAL_SURFACE ( 'NONE', #1579, 2.000000000000000000 ) ;
#132 = DIRECTION ( 'NONE',  ( 0.000000000000000000, 0.000000000000000000, 1.000000000000000000 ) ) ;
#133 = EDGE_CURVE ( 'NONE', #4713, #1299, #6036, .T. ) ;
#134 = DIRECTION ( 'NONE',  ( -1.000000000000000000, 0.000000000000000000, 0.000000000000000000 ) ) ;
#135 = DIRECTION ( 'NONE',  ( 0.000000000000000000, 0.000000000000000000, -1.000000000000000000 ) ) ;
#136 = EDGE_CURVE ( 'NONE', #6932, #6183, #2176, .T. ) ;
#137 = CARTESIAN_POINT ( 'NONE',  ( -62.25130337436480232, 66.92713757335413050, 37.17887165473938182 ) ) ;
#138 = DIRECTION ( 'NONE',  ( 0.000000000000000000, -1.000000000000000000, 0.000000000000000000 ) ) ;
#139 = CARTESIAN_POINT ( 'NONE',  ( 8.913809861173167520E-15, 16.70000000000005969, 33.00000000000000000 ) ) ;
#140 = EDGE_CURVE ( 'NONE', #1187, #12, #3852, .T. ) ;
#141 = DIRECTION ( 'NONE',  ( -0.000000000000000000, -0.000000000000000000, -1.000000000000000000 ) ) ;
#142 = FACE_OUTER_BOUND ( 'NONE', #2046, .T. ) ;
#143 = ORIENTED_EDGE ( 'NONE', *, *, #6164, .T. ) ;
#144 = CYLINDRICAL_SURFACE ( 'NONE', #6681, 19.99999999999999645 ) ;
#145 = EDGE_CURVE ( 'NONE', #5852, #793, #3512, .T. ) ;
#146 = LINE ( 'NONE', #2786, #4 ) ;
#147 = ORIENTED_EDGE ( 'NONE', *, *, #4834, .F. ) ;
#148 = DIRECTION ( 'NONE',  ( 0.000000000000000000, 0.000000000000000000, -1.000000000000000000 ) ) ;
#149 = VERTEX_POINT ( 'NONE', #1096 ) ;
#150 = ORIENTED_EDGE ( 'NONE', *, *, #5463, .T. ) ;
#151 = ADVANCED_FACE ( 'NONE', ( #6529 ), #2781, .T. ) ;
#152 = FACE_OUTER_BOUND ( 'NONE', #4951, .T. ) ;
#153 = FACE_OUTER_BOUND ( 'NONE', #7010, .T. ) ;
#154 = CARTESIAN_POINT ( 'NONE',  ( -53.69999999997388329, 25.34999999999998721, 6.350000000000002309 ) ) ;
#155 = FACE_BOUND ( 'NONE', #979, .T. ) ;
#156 = ORIENTED_EDGE ( 'NONE', *, *, #6161, .T. ) ;
#157 = DIRECTION ( 'NONE',  ( -1.000000000000000000, 0.000000000000000000, 0.000000000000000000 ) ) ;
#158 = EDGE_LOOP ( 'NONE', ( #6136, #2965, #690, #2576 ) ) ;
#159 = ORIENTED_EDGE ( 'NONE', *, *, #4140, .F. ) ;
#160 = EDGE_CURVE ( 'NONE', #1648, #1219, #6205, .T. ) ;
#161 = CARTESIAN_POINT ( 'NONE',  ( -73.69999999997389750, -67.35000000000000853, 291599.6825000000536 ) ) ;
#162 = ADVANCED_FACE ( 'NONE', ( #2998 ), #4521, .F. ) ;
#163 = CARTESIAN_POINT ( 'NONE',  ( -61.49422863406000062, 73.70000000000000284, 26.17273952057537301 ) ) ;
#164 = CARTESIAN_POINT ( 'NONE',  ( 104.2000000000000028, -73.20000000000000284, 8.349999999999999645 ) ) ;
#165 = EDGE_CURVE ( 'NONE', #1820, #2328, #4568, .T. ) ;
#166 = ORIENTED_EDGE ( 'NONE', *, *, #918, .T. ) ;
#167 = ORIENTED_EDGE ( 'NONE', *, *, #1557, .F. ) ;
#168 = DIRECTION ( 'NONE',  ( 0.000000000000000000, 0.000000000000000000, -1.000000000000000000 ) ) ;
#169 = DIRECTION ( 'NONE',  ( 0.000000000000000000, 1.000000000000000000, -0.000000000000000000 ) ) ;
#170 = CARTESIAN_POINT ( 'NONE',  ( -61.09725987528300095, 67.33023605672589440, 36.57937457694386296 ) ) ;
#171 = ADVANCED_FACE ( 'NONE', ( #779 ), #6715, .T. ) ;
#172 = ADVANCED_BREP_SHAPE_REPRESENTATION ( 'layer1', ( #3608, #1286, #4564 ), #4332 ) ;
#173 = LINE ( 'NONE', #4975, #583 ) ;
#174 = ADVANCED_FACE ( 'NONE', ( #205 ), #6142, .T. ) ;
#175 = DIRECTION ( 'NONE',  ( 1.000000000000000000, 0.000000000000000000, 0.000000000000000000 ) ) ;
#176 = FACE_BOUND ( 'NONE', #5320, .T. ) ;
#177 = DIRECTION ( 'NONE',  ( -0.000000000000000000, -1.000000000000000000, -0.000000000000000000 ) ) ;
#178 = ORIENTED_EDGE ( 'NONE', *, *, #6419, .F. ) ;
#179 = CARTESIAN_POINT ( 'NONE',  ( 165.8538059222873926, -69.95000000000001705, 6.788750500400403176 ) ) ;
#180 = DIRECTION ( 'NONE',  ( 0.000000000000000000, 0.000000000000000000, -1.000000000000000000 ) ) ;
#181 = ORIENTED_EDGE ( 'NONE', *, *, #6061, .T. ) ;
#182 = CARTESIAN_POINT ( 'NONE',  ( -106.4499999999739259, 63.85000000000000142, 47.88553390593274628 ) ) ;
#183 = ORIENTED_EDGE ( 'NONE', *, *, #1755, .T. ) ;
#184 = EDGE_LOOP ( 'NONE', ( #1446, #5820, #6943, #3149 ) ) ;
#185 = CARTESIAN_POINT ( 'NONE',  ( 132.4842712474618907, -67.20000000000000284, 24.34999999999999787 ) ) ;
#186 = CARTESIAN_POINT ( 'NONE',  ( -58.71150674192871577, 30.86265741614971603, 7.671684010061843750 ) ) ;
#187 = CARTESIAN_POINT ( 'NONE',  ( 226226.5173993023054, -67.35000000000000853, 391924.1832833223161 ) ) ;
#188 = VERTEX_POINT ( 'NONE', #5152 ) ;
#189 = LINE ( 'NONE', #3017, #901 ) ;
#190 = ORIENTED_EDGE ( 'NONE', *, *, #264, .T. ) ;
#191 = ORIENTED_EDGE ( 'NONE', *, *, #5906, .T. ) ;
#192 = DIRECTION ( 'NONE',  ( -0.000000000000000000, 1.000000000000000000, 0.000000000000000000 ) ) ;
#193 = VECTOR ( 'NONE', #6611, 1000.000000000000000 ) ;
#194 = FACE_OUTER_BOUND ( 'NONE', #1805, .T. ) ;
#195 = LINE ( 'NONE', #5593, #1821 ) ;
#196 = EDGE_CURVE ( 'NONE', #5638, #969, #6671, .T. ) ;
#197 = ORIENTED_EDGE ( 'NONE', *, *, #1538, .T. ) ;
#198 = VECTOR ( 'NONE', #3450, 1000.000000000000000 ) ;
#199 = EDGE_LOOP ( 'NONE', ( #5455, #608, #6046, #3962 ) ) ;
#200 = LINE ( 'NONE', #1237, #4974 ) ;
#201 = LINE ( 'NONE', #2373, #5107 ) ;
#202 = DIRECTION ( 'NONE',  ( 1.000000000000000000, 0.000000000000000000, 0.000000000000000000 ) ) ;
#203 = AXIS2_PLACEMENT_3D ( 'NONE', #2401, #656, #2506 ) ;
#204 = CARTESIAN_POINT ( 'NONE',  ( -40.37468245269337785, -67.35000000000000853, 18.43012701888824267 ) ) ;
#205 = FACE_OUTER_BOUND ( 'NONE', #6731, .T. ) ;
#206 = EDGE_CURVE ( 'NONE', #5834, #866, #5526, .T. ) ;
#207 = DIRECTION ( 'NONE',  ( -0.000000000000000000, -0.000000000000000000, -1.000000000000000000 ) ) ;
#208 = LINE ( 'NONE', #1393, #4531 ) ;
#209 = VECTOR ( 'NONE', #5485, 1000.000000000000000 ) ;
#210 = ORIENTED_EDGE ( 'NONE', *, *, #4785, .F. ) ;
#211 = DIRECTION ( 'NONE',  ( 0.000000000000000000, 0.000000000000000000, -1.000000000000000000 ) ) ;
#212 = CYLINDRICAL_SURFACE ( 'NONE', #5557, 3.000000000000002665 ) ;
#213 = VECTOR ( 'NONE', #246, 1000.000000000000000 ) ;
#214 = AXIS2_PLACEMENT_3D ( 'NONE', #3352, #5500, #2347 ) ;
#215 = ORIENTED_EDGE ( 'NONE', *, *, #826, .T. ) ;
#216 = CARTESIAN_POINT ( 'NONE',  ( 99.20000000000001705, -76.20000000000000284, 6.349999999999999645 ) ) ;
#217 = ORIENTED_EDGE ( 'NONE', *, *, #4510, .T. ) ;
#218 = AXIS2_PLACEMENT_3D ( 'NONE', #778, #3061, #1350 ) ;
#219 = VERTEX_POINT ( 'NONE', #747 ) ;
#220 = AXIS2_PLACEMENT_3D ( 'NONE', #2474, #2905, #3044 ) ;
#221 = EDGE_CURVE ( 'NONE', #5160, #1180, #2716, .T. ) ;
#222 = AXIS2_PLACEMENT_3D ( 'NONE', #981, #3160, #4267 ) ;
#223 = AXIS2_PLACEMENT_3D ( 'NONE', #4704, #492, #2665 ) ;
#224 = CARTESIAN_POINT ( 'NONE',  ( 0.000000000000000000, 0.000000000000000000, 0.000000000000000000 ) ) ;
#225 = CARTESIAN_POINT ( 'NONE',  ( 106.3872436443101321, -68.88724344115433951, 6.358783459919201242 ) ) ;
#226 = VECTOR ( 'NONE', #4643, 1000.000000000000000 ) ;
#227 =( BOUNDED_CURVE ( )  B_SPLINE_CURVE ( 3, ( #6015, #6621, #2222, #6587 ),
 .UNSPECIFIED., .F., .F. ) 
 B_SPLINE_CURVE_WITH_KNOTS ( ( 4, 4 ),
 ( 3.141592653589793116, 4.712388980384689674 ),
 .UNSPECIFIED. ) 
 CURVE ( )  GEOMETRIC_REPRESENTATION_ITEM ( )  RATIONAL_B_SPLINE_CURVE ( ( 1.000000000000000000, 0.8047378541243649375, 0.8047378541243649375, 1.000000000000000000 ) ) 
 REPRESENTATION_ITEM ( '' )  );
#228 = LINE ( 'NONE', #4077, #231 ) ;
#229 = EDGE_LOOP ( 'NONE', ( #2196, #1881 ) ) ;
#230 = FACE_OUTER_BOUND ( 'NONE', #4003, .T. ) ;
#231 = VECTOR ( 'NONE', #1302, 1000.000000000000000 ) ;
#232 = EDGE_LOOP ( 'NONE', ( #6945, #6282 ) ) ;
#233 = ORIENTED_EDGE ( 'NONE', *, *, #5227, .F. ) ;
#234 = AXIS2_PLACEMENT_3D ( 'NONE', #3219, #3148, #504 ) ;
#235 = DIRECTION ( 'NONE',  ( 0.000000000000000000, 0.000000000000000000, 1.000000000000000000 ) ) ;
#236 = VECTOR ( 'NONE', #4626, 1000.000000000000114 ) ;
#237 = LINE ( 'NONE', #4050, #1139 ) ;
#238 = DIRECTION ( 'NONE',  ( -0.000000000000000000, -0.000000000000000000, -1.000000000000000000 ) ) ;
#239 = VECTOR ( 'NONE', #6956, 1000.000000000000000 ) ;
#240 = EDGE_LOOP ( 'NONE', ( #2118, #6482, #1541, #1682, #4228 ) ) ;
#241 = EDGE_CURVE ( 'NONE', #1117, #6534, #6745, .T. ) ;
#242 = VERTEX_POINT ( 'NONE', #1749 ) ;
#243 = FACE_OUTER_BOUND ( 'NONE', #6313, .T. ) ;
#244 = CARTESIAN_POINT ( 'NONE',  ( -79.11421356234698976, 67.35000000000000853, 41.35000000000000853 ) ) ;
#245 = EDGE_CURVE ( 'NONE', #6860, #2110, #2890, .T. ) ;
#246 = DIRECTION ( 'NONE',  ( 0.000000000000000000, 0.000000000000000000, -1.000000000000000000 ) ) ;
#247 = FACE_OUTER_BOUND ( 'NONE', #2578, .T. ) ;
#248 = CARTESIAN_POINT ( 'NONE',  ( 142.6999999999997044, -78.20000000000000284, 6.349999999998679812 ) ) ;
#249 = DIRECTION ( 'NONE',  ( -0.000000000000000000, -1.000000000000000000, -0.000000000000000000 ) ) ;
#250 = CARTESIAN_POINT ( 'NONE',  ( -79.69999999997389750, 72.70000000000000284, 44.35000000000000853 ) ) ;
#251 = ORIENTED_EDGE ( 'NONE', *, *, #6777, .T. ) ;
#252 = DIRECTION ( 'NONE',  ( -0.000000000000000000, -0.000000000000000000, -1.000000000000000000 ) ) ;
#253 = EDGE_CURVE ( 'NONE', #1306, #1083, #6173, .T. ) ;
#254 = FACE_OUTER_BOUND ( 'NONE', #2519, .T. ) ;
#255 = ORIENTED_EDGE ( 'NONE', *, *, #5417, .T. ) ;
#256 = CARTESIAN_POINT ( 'NONE',  ( -45.90577136594008323, -67.35000000000000853, 23.52726047942458720 ) ) ;
#257 = VERTEX_POINT ( 'NONE', #1815 ) ;
#258 = CARTESIAN_POINT ( 'NONE',  ( 101.2000000000000028, -75.70000000000000284, 16.35000000000000142 ) ) ;
#259 = ORIENTED_EDGE ( 'NONE', *, *, #2168, .T. ) ;
#260 = DIRECTION ( 'NONE',  ( 0.000000000000000000, 1.000000000000000000, 0.000000000000000000 ) ) ;
#261 = CARTESIAN_POINT ( 'NONE',  ( -78.69999999997389750, 38.76421356237310789, 40.93578643762690206 ) ) ;
#262 = CARTESIAN_POINT ( 'NONE',  ( 66.30000000000001137, 36.19999999999999574, 2.600000000000000089 ) ) ;
#263 = ORIENTED_EDGE ( 'NONE', *, *, #2348, .T. ) ;
#264 = EDGE_CURVE ( 'NONE', #6908, #1953, #819, .T. ) ;
#265 = DIRECTION ( 'NONE',  ( 0.000000000000000000, 0.000000000000000000, 1.000000000000000000 ) ) ;
#266 = ORIENTED_EDGE ( 'NONE', *, *, #2182, .T. ) ;
#267 = ORIENTED_EDGE ( 'NONE', *, *, #3086, .F. ) ;
#268 = FACE_OUTER_BOUND ( 'NONE', #5839, .T. ) ;
#269 = CARTESIAN_POINT ( 'NONE',  ( -53.70000000000000284, 73.70000000000000284, 12.67273952057544406 ) ) ;
#270 = ADVANCED_FACE ( 'NONE', ( #3921, #6066, #6638, #4598, #1854 ), #4060, .F. ) ;
#271 = LINE ( 'NONE', #164, #2617 ) ;
#272 = VERTEX_POINT ( 'NONE', #3953 ) ;
#273 = EDGE_LOOP ( 'NONE', ( #4234, #4463, #5442, #2430 ) ) ;
#274 = DIRECTION ( 'NONE',  ( -0.000000000000000000, 0.000000000000000000, 1.000000000000000000 ) ) ;
#275 = CARTESIAN_POINT ( 'NONE',  ( -64.69999999997389750, 72.70000000000000284, 42.35000000000000853 ) ) ;
#276 = CARTESIAN_POINT ( 'NONE',  ( 226226.5173993023054, -67.35000000000000853, 391924.1832833223161 ) ) ;
#277 = ADVANCED_FACE ( 'NONE', ( #6098 ), #1352, .T. ) ;
#278 = CARTESIAN_POINT ( 'NONE',  ( -106.4499999999739259, 63.85000000000000142, 44.35000000000000853 ) ) ;
#279 = DIRECTION ( 'NONE',  ( 0.000000000000000000, -1.000000000000000000, 0.000000000000000000 ) ) ;
#280 = CARTESIAN_POINT ( 'NONE',  ( 101.2000000000000171, 68.70000000000000284, 6.350000000000001421 ) ) ;
#281 = CARTESIAN_POINT ( 'NONE',  ( -33.70000000003532392, -73.70000000000000284, 20.35000000000763976 ) ) ;
#282 = ORIENTED_EDGE ( 'NONE', *, *, #1292, .T. ) ;
#283 = CARTESIAN_POINT ( 'NONE',  ( 63.49999999999988631, 63.49999999999994316, 6.349999999999999645 ) ) ;
#284 = DIRECTION ( 'NONE',  ( 0.000000000000000000, 0.000000000000000000, -1.000000000000000000 ) ) ;
#285 = DIRECTION ( 'NONE',  ( 0.000000000000000000, -0.000000000000000000, -1.000000000000000000 ) ) ;
#286 = ORIENTED_EDGE ( 'NONE', *, *, #4062, .F. ) ;
#287 = ADVANCED_FACE ( 'NONE', ( #5047 ), #3485, .F. ) ;
#288 = DIRECTION ( 'NONE',  ( 0.000000000000000000, 0.000000000000000000, 1.000000000000000000 ) ) ;
#289 = VERTEX_POINT ( 'NONE', #1054 ) ;
#290 = DIRECTION ( 'NONE',  ( 0.000000000000000000, 0.000000000000000000, -1.000000000000000000 ) ) ;
#291 = ORIENTED_EDGE ( 'NONE', *, *, #5631, .F. ) ;
#292 = FACE_BOUND ( 'NONE', #3111, .T. ) ;
#293 = LINE ( 'NONE', #936, #6006 ) ;
#294 = CARTESIAN_POINT ( 'NONE',  ( -426289.1795817549573, 67.35000000000000853, 246113.2923773869406 ) ) ;
#295 = LINE ( 'NONE', #5617, #1927 ) ;
#296 = ORIENTED_EDGE ( 'NONE', *, *, #5323, .F. ) ;
#297 = EDGE_CURVE ( 'NONE', #5642, #5499, #5533, .T. ) ;
#298 = ORIENTED_EDGE ( 'NONE', *, *, #1270, .T. ) ;
#299 = DIRECTION ( 'NONE',  ( -0.000000000000000000, -1.000000000000000000, -0.000000000000000000 ) ) ;
#300 = EDGE_CURVE ( 'NONE', #4555, #2989, #4984, .T. ) ;
#301 = CARTESIAN_POINT ( 'NONE',  ( -61.49422863406000062, -67.35000000000000853, 24.84999999999992681 ) ) ;
#302 = ORIENTED_EDGE ( 'NONE', *, *, #2314, .T. ) ;
#303 = ORIENTED_EDGE ( 'NONE', *, *, #4308, .T. ) ;
#304 = ADVANCED_FACE ( 'NONE', ( #5741 ), #1917, .F. ) ;
#305 = ORIENTED_EDGE ( 'NONE', *, *, #1337, .F. ) ;
#306 = CARTESIAN_POINT ( 'NONE',  ( -63.69999999997390461, 64.35000000000000853, 41.35000000000000142 ) ) ;
#307 = CARTESIAN_POINT ( 'NONE',  ( -63.66623173715206718, 73.70000000000000284, 41.35000000000000142 ) ) ;
#308 = CARTESIAN_POINT ( 'NONE',  ( -79.69999999997389750, 38.35000000000000853, 41.35000000000000142 ) ) ;
#309 = AXIS2_PLACEMENT_3D ( 'NONE', #4806, #2492, #1528 ) ;
#310 = DIRECTION ( 'NONE',  ( 1.000000000000000000, 0.000000000000000000, 0.000000000000000000 ) ) ;
#311 = CARTESIAN_POINT ( 'NONE',  ( -31.70000000003531682, -68.69999999999997442, 8.349999999999999645 ) ) ;
#312 = DIRECTION ( 'NONE',  ( 0.000000000000000000, 0.000000000000000000, -1.000000000000000000 ) ) ;
#313 = ORIENTED_EDGE ( 'NONE', *, *, #4151, .T. ) ;
#314 = DIRECTION ( 'NONE',  ( 1.000000000000000000, 0.000000000000000000, 0.000000000000000000 ) ) ;
#315 = AXIS2_PLACEMENT_3D ( 'NONE', #1773, #709, #5147 ) ;
#316 = LINE ( 'NONE', #2536, #2496 ) ;
#317 = LINE ( 'NONE', #5641, #5677 ) ;
#318 = ORIENTED_EDGE ( 'NONE', *, *, #5840, .T. ) ;
#319 = VECTOR ( 'NONE', #4965, 1000.000000000000000 ) ;
#320 = CARTESIAN_POINT ( 'NONE',  ( -45.37468245268883038, -73.70000000000000284, 9.769872981024718683 ) ) ;
#321 = VERTEX_POINT ( 'NONE', #4666 ) ;
#322 = CARTESIAN_POINT ( 'NONE',  ( -71.19999999999998863, -67.35000000000000853, 16.35000000000000142 ) ) ;
#323 = ORIENTED_EDGE ( 'NONE', *, *, #3865, .F. ) ;
#324 = ADVANCED_FACE ( 'NONE', ( #548 ), #4859, .F. ) ;
#325 = DIRECTION ( 'NONE',  ( 0.000000000000000000, 0.000000000000000000, 1.000000000000000000 ) ) ;
#326 = VECTOR ( 'NONE', #1288, 1000.000000000000000 ) ;
#327 = VECTOR ( 'NONE', #4388, 1000.000000000000000 ) ;
#328 = CARTESIAN_POINT ( 'NONE',  ( 104.2000000000000028, -73.20000000000000284, 54.35000000000000142 ) ) ;
#329 = LINE ( 'NONE', #761, #2511 ) ;
#330 = CARTESIAN_POINT ( 'NONE',  ( 26214.27669607186181, 73.70000000000000284, 45508.82024963181175 ) ) ;
#331 = VERTEX_POINT ( 'NONE', #514 ) ;
#332 = VECTOR ( 'NONE', #3551, 1000.000000000000000 ) ;
#333 = ORIENTED_EDGE ( 'NONE', *, *, #6164, .F. ) ;
#334 = AXIS2_PLACEMENT_3D ( 'NONE', #5180, #3057, #3621 ) ;
#335 = VECTOR ( 'NONE', #1665, 1000.000000000000000 ) ;
#336 = AXIS2_PLACEMENT_3D ( 'NONE', #3694, #6384, #1498 ) ;
#337 = LINE ( 'NONE', #4154, #6235 ) ;
#338 = VECTOR ( 'NONE', #481, 1000.000000000000000 ) ;
#339 = FACE_OUTER_BOUND ( 'NONE', #3985, .T. ) ;
#340 = CIRCLE ( 'NONE', #2509, 1.325000000000006839 ) ;
#341 = AXIS2_PLACEMENT_3D ( 'NONE', #4795, #1580, #1049 ) ;
#342 = EDGE_CURVE ( 'NONE', #1978, #4177, #4760, .T. ) ;
#343 = CIRCLE ( 'NONE', #1713, 1.322739520575443750 ) ;
#344 = VERTEX_POINT ( 'NONE', #4799 ) ;
#345 = EDGE_LOOP ( 'NONE', ( #6965, #402, #2592, #827, #2899, #2927 ) ) ;
#346 = VECTOR ( 'NONE', #6855, 999.9999999999998863 ) ;
#347 = VERTEX_POINT ( 'NONE', #1421 ) ;
#348 = LINE ( 'NONE', #446, #4189 ) ;
#349 = AXIS2_PLACEMENT_3D ( 'NONE', #417, #4632, #3567 ) ;
#350 = DIRECTION ( 'NONE',  ( -1.982541115402065307E-15, 0.000000000000000000, 1.000000000000000000 ) ) ;
#351 = AXIS2_PLACEMENT_3D ( 'NONE', #6562, #5569, #5046 ) ;
#352 = FACE_OUTER_BOUND ( 'NONE', #2878, .T. ) ;
#353 = ADVANCED_FACE ( 'NONE', ( #3197 ), #484, .F. ) ;
#354 = CARTESIAN_POINT ( 'NONE',  ( 46.80000000000001137, 16.70000000000003482, 33.00000000000000000 ) ) ;
#355 = DIRECTION ( 'NONE',  ( -0.000000000000000000, 1.000000000000000000, -0.000000000000000000 ) ) ;
#356 = ORIENTED_EDGE ( 'NONE', *, *, #6752, .F. ) ;
#357 = DIRECTION ( 'NONE',  ( 1.000000000000000000, -0.000000000000000000, 0.000000000000000000 ) ) ;
#358 = LINE ( 'NONE', #3489, #2608 ) ;
#359 = LINE ( 'NONE', #1995, #5773 ) ;
#360 = ORIENTED_EDGE ( 'NONE', *, *, #4651, .F. ) ;
#361 = DIRECTION ( 'NONE',  ( -1.000000000000000000, 0.000000000000000000, 0.000000000000000000 ) ) ;
#362 = ORIENTED_EDGE ( 'NONE', *, *, #5715, .F. ) ;
#363 = DIRECTION ( 'NONE',  ( -0.000000000000000000, 1.000000000000000000, 0.000000000000000000 ) ) ;
#364 = ORIENTED_EDGE ( 'NONE', *, *, #1615, .T. ) ;
#365 = DIRECTION ( 'NONE',  ( -0.000000000000000000, -0.000000000000000000, -1.000000000000000000 ) ) ;
#366 = LINE ( 'NONE', #6862, #5109 ) ;
#367 = EDGE_CURVE ( 'NONE', #5537, #1910, #2840, .T. ) ;
#368 = VERTEX_POINT ( 'NONE', #442 ) ;
#369 = DIRECTION ( 'NONE',  ( -0.000000000000000000, -1.000000000000000000, -0.000000000000000000 ) ) ;
#370 = ORIENTED_EDGE ( 'NONE', *, *, #1790, .T. ) ;
#371 = ORIENTED_EDGE ( 'NONE', *, *, #6884, .F. ) ;
#372 = CARTESIAN_POINT ( 'NONE',  ( -76.20000000000000284, -69.35000000000000853, 6.349999999999999645 ) ) ;
#373 = DIRECTION ( 'NONE',  ( 0.000000000000000000, 0.000000000000000000, -1.000000000000000000 ) ) ;
#374 = ORIENTED_EDGE ( 'NONE', *, *, #5121, .F. ) ;
#375 = ORIENTED_EDGE ( 'NONE', *, *, #6295, .F. ) ;
#376 = EDGE_CURVE ( 'NONE', #4808, #1759, #3797, .T. ) ;
#377 = VERTEX_POINT ( 'NONE', #3563 ) ;
#378 = PLANE ( 'NONE',  #5523 ) ;
#379 = EDGE_CURVE ( 'NONE', #6467, #219, #1961, .T. ) ;
#380 = EDGE_CURVE ( 'NONE', #5310, #5642, #2047, .T. ) ;
#381 = CARTESIAN_POINT ( 'NONE',  ( 104.2000000000000028, -51.19999999999999574, 24.34999999999999787 ) ) ;
#382 = ADVANCED_FACE ( 'NONE', ( #6407 ), #3259, .T. ) ;
#383 = CARTESIAN_POINT ( 'NONE',  ( -66.20000000000001705, -13.99999999999999822, 6.349999999999999645 ) ) ;
#384 = DIRECTION ( 'NONE',  ( -0.000000000000000000, -0.000000000000000000, 1.000000000000000000 ) ) ;
#385 = CARTESIAN_POINT ( 'NONE',  ( -77.69999999997389750, 72.70000000000000284, 43.35000000000000853 ) ) ;
#386 = EDGE_CURVE ( 'NONE', #4871, #5293, #6452, .T. ) ;
#387 = ORIENTED_EDGE ( 'NONE', *, *, #3701, .T. ) ;
#388 =( NAMED_UNIT ( * ) PLANE_ANGLE_UNIT ( ) SI_UNIT ( $, .RADIAN. ) );
#389 = PLANE ( 'NONE',  #5876 ) ;
#390 = EDGE_CURVE ( 'NONE', #26, #5903, #5351, .T. ) ;
#391 = CARTESIAN_POINT ( 'NONE',  ( -77.69999999997389750, 35.35000000000000853, 43.35000000000000853 ) ) ;
#392 = ORIENTED_EDGE ( 'NONE', *, *, #4235, .T. ) ;
#393 = DIRECTION ( 'NONE',  ( -0.000000000000000000, -0.000000000000000000, -1.000000000000000000 ) ) ;
#394 = ORIENTED_EDGE ( 'NONE', *, *, #3717, .F. ) ;
#395 = DIRECTION ( 'NONE',  ( 1.000000000000000000, 0.000000000000000000, 0.000000000000000000 ) ) ;
#396 = EDGE_LOOP ( 'NONE', ( #1785, #4998 ) ) ;
#397 = CARTESIAN_POINT ( 'NONE',  ( 133.7000000000000171, -78.20000000000000284, 39.34999999999999432 ) ) ;
#398 = FACE_OUTER_BOUND ( 'NONE', #6438, .T. ) ;
#399 = DIRECTION ( 'NONE',  ( -0.000000000000000000, -0.000000000000000000, -1.000000000000000000 ) ) ;
#400 = ORIENTED_EDGE ( 'NONE', *, *, #73, .T. ) ;
#401 = DIRECTION ( 'NONE',  ( -0.000000000000000000, -0.000000000000000000, -1.000000000000000000 ) ) ;
#402 = ORIENTED_EDGE ( 'NONE', *, *, #6417, .T. ) ;
#403 = VERTEX_POINT ( 'NONE', #848 ) ;
#404 = DIRECTION ( 'NONE',  ( -0.000000000000000000, 1.000000000000000000, 0.000000000000000000 ) ) ;
#405 = DIRECTION ( 'NONE',  ( 0.000000000000000000, 0.000000000000000000, 1.000000000000000000 ) ) ;
#406 = ORIENTED_EDGE ( 'NONE', *, *, #6981, .F. ) ;
#407 = ORIENTED_EDGE ( 'NONE', *, *, #3442, .F. ) ;
#408 = ORIENTED_EDGE ( 'NONE', *, *, #1748, .F. ) ;
#409 =( BOUNDED_CURVE ( )  B_SPLINE_CURVE ( 3, ( #5135, #4686, #2470, #5724 ),
 .UNSPECIFIED., .F., .F. ) 
 B_SPLINE_CURVE_WITH_KNOTS ( ( 4, 4 ),
 ( 6.938893903905565853E-16, 1.570796326795135478 ),
 .UNSPECIFIED. ) 
 CURVE ( )  GEOMETRIC_REPRESENTATION_ITEM ( )  RATIONAL_B_SPLINE_CURVE ( ( 1.000000000000000000, 0.8047378541243088712, 0.8047378541243088712, 1.000000000000000000 ) ) 
 REPRESENTATION_ITEM ( '' )  );
#410 = CARTESIAN_POINT ( 'NONE',  ( 101.2000000000000171, -49.19999999999999574, 24.34999999999999787 ) ) ;
#411 = LINE ( 'NONE', #4129, #6338 ) ;
#412 = EDGE_CURVE ( 'NONE', #2672, #3799, #5436, .T. ) ;
#413 = FACE_OUTER_BOUND ( 'NONE', #273, .T. ) ;
#414 = DIRECTION ( 'NONE',  ( 1.000000000000000000, 0.000000000000000000, 0.000000000000000000 ) ) ;
#415 = DIRECTION ( 'NONE',  ( 0.000000000000000000, 0.000000000000000000, 1.000000000000000000 ) ) ;
#416 = ORIENTED_EDGE ( 'NONE', *, *, #221, .T. ) ;
#417 = CARTESIAN_POINT ( 'NONE',  ( 0.000000000000000000, 0.000000000000000000, 6.349999999999999645 ) ) ;
#418 = DIRECTION ( 'NONE',  ( 0.000000000000000000, 0.000000000000000000, -1.000000000000000000 ) ) ;
#419 = AXIS2_PLACEMENT_3D ( 'NONE', #6068, #5430, #5392 ) ;
#420 = FACE_OUTER_BOUND ( 'NONE', #4218, .T. ) ;
#421 = EDGE_CURVE ( 'NONE', #2219, #2952, #4292, .T. ) ;
#422 = ORIENTED_EDGE ( 'NONE', *, *, #3910, .F. ) ;
#423 = CARTESIAN_POINT ( 'NONE',  ( 0.000000000000000000, 76.20000000000000284, 54.35000000000000142 ) ) ;
#424 = VERTEX_POINT ( 'NONE', #6625 ) ;
#425 = LINE ( 'NONE', #2602, #3733 ) ;
#426 = VERTEX_POINT ( 'NONE', #5454 ) ;
#427 = LINE ( 'NONE', #2183, #691 ) ;
#428 = CIRCLE ( 'NONE', #2539, 2.000000000000001776 ) ;
#429 = CARTESIAN_POINT ( 'NONE',  ( -60.69999999997389750, 64.35000000000000853, 37.35000000000000853 ) ) ;
#430 = AXIS2_PLACEMENT_3D ( 'NONE', #2106, #3677, #3114 ) ;
#431 = EDGE_LOOP ( 'NONE', ( #5098, #2444, #6967, #5767 ) ) ;
#432 = LINE ( 'NONE', #2112, #6459 ) ;
#433 = EDGE_LOOP ( 'NONE', ( #871, #4593, #3458, #4832 ) ) ;
#434 = EDGE_CURVE ( 'NONE', #2328, #5499, #6594, .T. ) ;
#435 = ORIENTED_EDGE ( 'NONE', *, *, #631, .F. ) ;
#436 = AXIS2_PLACEMENT_3D ( 'NONE', #4339, #310, #5911 ) ;
#437 = DIRECTION ( 'NONE',  ( -6.938893903907228378E-16, 1.427672308663629767E-31, 1.000000000000000000 ) ) ;
#438 = CARTESIAN_POINT ( 'NONE',  ( -64.13818715013196936, 34.83926104559727577, 13.12784341565211221 ) ) ;
#439 = VERTEX_POINT ( 'NONE', #1766 ) ;
#440 = ADVANCED_FACE ( 'NONE', ( #2329 ), #653, .T. ) ;
#441 = CIRCLE ( 'NONE', #5321, 2.000000000000001776 ) ;
#442 = CARTESIAN_POINT ( 'NONE',  ( 46.05000000000000426, 36.19999999999999574, 0.000000000000000000 ) ) ;
#443 = VECTOR ( 'NONE', #252, 1000.000000000000000 ) ;
#444 = ORIENTED_EDGE ( 'NONE', *, *, #4394, .F. ) ;
#445 = ORIENTED_EDGE ( 'NONE', *, *, #4702, .F. ) ;
#446 = CARTESIAN_POINT ( 'NONE',  ( -78.69999999997389750, 35.35000000000000853, 41.35000000000000142 ) ) ;
#447 = VECTOR ( 'NONE', #6089, 1000.000000000000000 ) ;
#448 = CARTESIAN_POINT ( 'NONE',  ( -33.70000000003531682, 69.87157287525380411, 17.17842712474618239 ) ) ;
#449 = AXIS2_PLACEMENT_3D ( 'NONE', #6831, #6259, #6754 ) ;
#450 = CIRCLE ( 'NONE', #5000, 3.000000000000002665 ) ;
#451 = AXIS2_PLACEMENT_3D ( 'NONE', #4505, #1764, #2257 ) ;
#452 = FACE_OUTER_BOUND ( 'NONE', #4330, .T. ) ;
#453 = ADVANCED_FACE ( 'NONE', ( #5975 ), #593, .F. ) ;
#454 = CIRCLE ( 'NONE', #3752, 2.000000000000001776 ) ;
#455 = AXIS2_PLACEMENT_3D ( 'NONE', #5365, #4141, #2600 ) ;
#456 = AXIS2_PLACEMENT_3D ( 'NONE', #474, #6396, #3218 ) ;
#457 = CARTESIAN_POINT ( 'NONE',  ( 43.79999999999999716, 13.70000000000000462, 6.349999999999999645 ) ) ;
#458 = CIRCLE ( 'NONE', #5337, 1.649999999999998579 ) ;
#459 = EDGE_CURVE ( 'NONE', #1547, #2835, #1797, .T. ) ;
#460 = FACE_OUTER_BOUND ( 'NONE', #2389, .T. ) ;
#461 = ORIENTED_EDGE ( 'NONE', *, *, #500, .T. ) ;
#462 = DIRECTION ( 'NONE',  ( 0.000000000000000000, 0.000000000000000000, 1.000000000000000000 ) ) ;
#463 = AXIS2_PLACEMENT_3D ( 'NONE', #825, #3006, #4575 ) ;
#464 = CARTESIAN_POINT ( 'NONE',  ( 85.79999999999998295, 16.70000000000001350, 6.350000000000001421 ) ) ;
#465 = LINE ( 'NONE', #1563, #1473 ) ;
#466 = ORIENTED_EDGE ( 'NONE', *, *, #2538, .T. ) ;
#467 = CYLINDRICAL_SURFACE ( 'NONE', #5007, 1.325000000000003286 ) ;
#468 = ORIENTED_EDGE ( 'NONE', *, *, #6370, .T. ) ;
#469 = EDGE_CURVE ( 'NONE', #3448, #5439, #125, .T. ) ;
#470 = DIRECTION ( 'NONE',  ( -0.000000000000000000, 0.000000000000000000, -1.000000000000000000 ) ) ;
#471 = ORIENTED_EDGE ( 'NONE', *, *, #4730, .F. ) ;
#472 = EDGE_CURVE ( 'NONE', #1488, #6490, #3395, .T. ) ;
#473 = ADVANCED_FACE ( 'NONE', ( #4370 ), #731, .F. ) ;
#474 = CARTESIAN_POINT ( 'NONE',  ( -12.70000000000000284, -63.50000000000000000, 0.000000000000000000 ) ) ;
#475 = CARTESIAN_POINT ( 'NONE',  ( 3.218875783201396668E-15, 45.32728445445477661, 8.349999999999962341 ) ) ;
#476 = EDGE_LOOP ( 'NONE', ( #3743, #3712, #3152, #5088 ) ) ;
#477 = CARTESIAN_POINT ( 'NONE',  ( -23.70000000003532037, 0.000000000000000000, 6.349999999999999645 ) ) ;
#478 = ORIENTED_EDGE ( 'NONE', *, *, #967, .T. ) ;
#479 = VERTEX_POINT ( 'NONE', #2259 ) ;
#480 = FACE_BOUND ( 'NONE', #762, .T. ) ;
#481 = DIRECTION ( 'NONE',  ( 0.000000000000000000, 0.000000000000000000, -1.000000000000000000 ) ) ;
#482 = ADVANCED_FACE ( 'NONE', ( #1735 ), #6515, .F. ) ;
#483 = ORIENTED_EDGE ( 'NONE', *, *, #4419, .F. ) ;
#484 = CYLINDRICAL_SURFACE ( 'NONE', #4884, 1.649999999999998579 ) ;
#485 = ORIENTED_EDGE ( 'NONE', *, *, #2658, .T. ) ;
#486 = VERTEX_POINT ( 'NONE', #3971 ) ;
#487 = CARTESIAN_POINT ( 'NONE',  ( -73.69999999997389750, -69.35000000000000853, 6.349999999999999645 ) ) ;
#488 = PLANE ( 'NONE',  #5777 ) ;
#489 = ADVANCED_FACE ( 'NONE', ( #4507 ), #6021, .F. ) ;
#490 = DIRECTION ( 'NONE',  ( -0.000000000000000000, 0.000000000000000000, 1.000000000000000000 ) ) ;
#491 = CARTESIAN_POINT ( 'NONE',  ( -45.90577136594008323, 67.35000000000000853, 24.85000000000003340 ) ) ;
#492 = DIRECTION ( 'NONE',  ( -0.000000000000000000, 0.000000000000000000, 1.000000000000000000 ) ) ;
#493 = VERTEX_POINT ( 'NONE', #3440 ) ;
#494 = FACE_BOUND ( 'NONE', #5771, .T. ) ;
#495 = FACE_BOUND ( 'NONE', #2806, .T. ) ;
#496 = LINE ( 'NONE', #4245, #560 ) ;
#497 = DIRECTION ( 'NONE',  ( -0.000000000000000000, -0.000000000000000000, -1.000000000000000000 ) ) ;
#498 = LINE ( 'NONE', #6929, #3878 ) ;
#499 = ORIENTED_EDGE ( 'NONE', *, *, #1913, .F. ) ;
#500 = EDGE_CURVE ( 'NONE', #344, #1843, #81, .T. ) ;
#501 = LINE ( 'NONE', #2674, #3166 ) ;
#502 = ORIENTED_EDGE ( 'NONE', *, *, #518, .F. ) ;
#503 = DIRECTION ( 'NONE',  ( 0.000000000000000000, 1.000000000000000000, 0.000000000000000000 ) ) ;
#504 = DIRECTION ( 'NONE',  ( 0.000000000000000000, 0.000000000000000000, -1.000000000000000000 ) ) ;
#505 = ADVANCED_FACE ( 'NONE', ( #2832 ), #6054, .F. ) ;
#506 = ORIENTED_EDGE ( 'NONE', *, *, #3594, .T. ) ;
#507 = CARTESIAN_POINT ( 'NONE',  ( -33.70000000000000995, 70.70000000000000284, 8.349999999999999645 ) ) ;
#508 = ORIENTED_EDGE ( 'NONE', *, *, #6047, .F. ) ;
#509 = ORIENTED_EDGE ( 'NONE', *, *, #4804, .T. ) ;
#510 = LINE ( 'NONE', #4897, #4784 ) ;
#511 = DIRECTION ( 'NONE',  ( 0.000000000000000000, 1.000000000000000000, 0.000000000000000000 ) ) ;
#512 = ORIENTED_EDGE ( 'NONE', *, *, #3582, .F. ) ;
#513 = EDGE_CURVE ( 'NONE', #2027, #6300, #6227, .T. ) ;
#514 = CARTESIAN_POINT ( 'NONE',  ( -101.7000000000000028, 67.35000000000000853, 25.35000000000000497 ) ) ;
#515 = ORIENTED_EDGE ( 'NONE', *, *, #376, .T. ) ;
#516 = ORIENTED_EDGE ( 'NONE', *, *, #196, .T. ) ;
#517 = CARTESIAN_POINT ( 'NONE',  ( 61.84999999999988773, 63.49999999999994316, 0.000000000000000000 ) ) ;
#518 = EDGE_CURVE ( 'NONE', #3477, #1896, #1195, .T. ) ;
#519 = CARTESIAN_POINT ( 'NONE',  ( 133.7000000000000171, 78.20000000000000284, 39.34999999999999432 ) ) ;
#520 = CARTESIAN_POINT ( 'NONE',  ( -61.57173098546916634, 67.22719962540269023, 39.32268356127797659 ) ) ;
#521 = EDGE_CURVE ( 'NONE', #4475, #3556, #3178, .T. ) ;
#522 = EDGE_LOOP ( 'NONE', ( #147, #6365, #1272, #6953 ) ) ;
#523 = DIRECTION ( 'NONE',  ( 0.000000000000000000, 0.000000000000000000, -1.000000000000000000 ) ) ;
#524 = CARTESIAN_POINT ( 'NONE',  ( 101.2000000000000171, -76.20000000000000284, 54.35000000000000142 ) ) ;
#525 = ORIENTED_EDGE ( 'NONE', *, *, #5699, .T. ) ;
#526 = ADVANCED_FACE ( 'NONE', ( #5482 ), #4962, .T. ) ;
#527 = LINE ( 'NONE', #4915, #1721 ) ;
#528 = DIRECTION ( 'NONE',  ( -1.000000000000000000, 0.000000000000000000, 0.000000000000000000 ) ) ;
#529 = CARTESIAN_POINT ( 'NONE',  ( 88.79999999999999716, 58.70000000000000284, 33.00000000000000000 ) ) ;
#530 =( NAMED_UNIT ( * ) SI_UNIT ( $, .STERADIAN. ) SOLID_ANGLE_UNIT ( ) );
#531 = ORIENTED_EDGE ( 'NONE', *, *, #2774, .F. ) ;
#532 = DIRECTION ( 'NONE',  ( 0.000000000000000000, 0.000000000000000000, 1.000000000000000000 ) ) ;
#533 = VERTEX_POINT ( 'NONE', #2411 ) ;
#534 = CARTESIAN_POINT ( 'NONE',  ( 104.2000000000000028, -69.20000000000000284, 24.34999999999999787 ) ) ;
#535 = CARTESIAN_POINT ( 'NONE',  ( -12.70000000000005791, 63.49999999999994316, 0.000000000000000000 ) ) ;
#536 = ORIENTED_EDGE ( 'NONE', *, *, #5038, .F. ) ;
#537 = ADVANCED_FACE ( 'NONE', ( #6297 ), #1901, .F. ) ;
#538 = CIRCLE ( 'NONE', #3049, 1.000000000000000888 ) ;
#539 = LINE ( 'NONE', #2713, #3526 ) ;
#540 = ORIENTED_EDGE ( 'NONE', *, *, #5916, .T. ) ;
#541 = EDGE_LOOP ( 'NONE', ( #5729, #333 ) ) ;
#542 = EDGE_CURVE ( 'NONE', #1, #2251, #4044, .T. ) ;
#543 = LINE ( 'NONE', #7001, #572 ) ;
#544 = AXIS2_PLACEMENT_3D ( 'NONE', #4485, #6092, #2338 ) ;
#545 = LINE ( 'NONE', #2191, #5893 ) ;
#546 = DIRECTION ( 'NONE',  ( 1.000000000000000000, 0.000000000000000000, 0.000000000000000000 ) ) ;
#547 = ORIENTED_EDGE ( 'NONE', *, *, #3744, .F. ) ;
#548 = FACE_OUTER_BOUND ( 'NONE', #4230, .T. ) ;
#549 = ORIENTED_EDGE ( 'NONE', *, *, #165, .T. ) ;
#550 = CIRCLE ( 'NONE', #2594, 1.322739520575443750 ) ;
#551 = CIRCLE ( 'NONE', #4536, 2.000000000000000000 ) ;
#552 = ORIENTED_EDGE ( 'NONE', *, *, #1958, .F. ) ;
#553 = PLANE ( 'NONE',  #6556 ) ;
#554 = LINE ( 'NONE', #23, #1479 ) ;
#555 = ADVANCED_FACE ( 'NONE', ( #1945 ), #1842, .T. ) ;
#556 = CIRCLE ( 'NONE', #2040, 2.000000000000001776 ) ;
#557 = CARTESIAN_POINT ( 'NONE',  ( -79.69999999997389750, 72.70000000000000284, 43.35000000000000853 ) ) ;
#558 = AXIS2_PLACEMENT_3D ( 'NONE', #1170, #5849, #4811 ) ;
#559 = VERTEX_POINT ( 'NONE', #1304 ) ;
#560 = VECTOR ( 'NONE', #1532, 1000.000000000000000 ) ;
#561 = CARTESIAN_POINT ( 'NONE',  ( -73.69999999997389750, -69.35000000000000853, 16.35000000000000142 ) ) ;
#562 = DIRECTION ( 'NONE',  ( -0.7071067811865474617, 0.7071067811865474617, 0.000000000000000000 ) ) ;
#563 = AXIS2_PLACEMENT_3D ( 'NONE', #4476, #5033, #6084 ) ;
#564 = ORIENTED_EDGE ( 'NONE', *, *, #1092, .F. ) ;
#565 = CIRCLE ( 'NONE', #2384, 1.000000000000000888 ) ;
#566 = CIRCLE ( 'NONE', #904, 2.000000000000001776 ) ;
#567 = DIRECTION ( 'NONE',  ( -6.938893903907228378E-16, 0.000000000000000000, 1.000000000000000000 ) ) ;
#568 = VECTOR ( 'NONE', #2164, 1000.000000000000000 ) ;
#569 = VECTOR ( 'NONE', #4512, 1000.000000000000000 ) ;
#570 = VECTOR ( 'NONE', #3091, 1000.000000000000000 ) ;
#571 = EDGE_CURVE ( 'NONE', #4637, #5293, #5203, .T. ) ;
#572 = VECTOR ( 'NONE', #1617, 1000.000000000000000 ) ;
#573 = CIRCLE ( 'NONE', #3880, 1.249999999999987121 ) ;
#574 = DIRECTION ( 'NONE',  ( 0.000000000000000000, 0.000000000000000000, -1.000000000000000000 ) ) ;
#575 = CARTESIAN_POINT ( 'NONE',  ( 0.000000000000000000, 0.000000000000000000, 16.35000000000000142 ) ) ;
#576 = ORIENTED_EDGE ( 'NONE', *, *, #2038, .T. ) ;
#577 = DIRECTION ( 'NONE',  ( -1.000000000000000000, 0.000000000000000000, 0.000000000000000000 ) ) ;
#578 = VECTOR ( 'NONE', #2042, 1000.000000000000000 ) ;
#579 = ORIENTED_EDGE ( 'NONE', *, *, #4304, .F. ) ;
#580 = VECTOR ( 'NONE', #6283, 1000.000000000000000 ) ;
#581 = CARTESIAN_POINT ( 'NONE',  ( -63.66623173715206718, 64.79885329602998922, 41.35000000000000142 ) ) ;
#582 = DIRECTION ( 'NONE',  ( -0.000000000000000000, 1.000000000000000000, -0.000000000000000000 ) ) ;
#583 = VECTOR ( 'NONE', #2342, 1000.000000000000000 ) ;
#584 = ORIENTED_EDGE ( 'NONE', *, *, #1115, .T. ) ;
#585 = DIRECTION ( 'NONE',  ( -0.000000000000000000, 0.000000000000000000, 1.000000000000000000 ) ) ;
#586 = ORIENTED_EDGE ( 'NONE', *, *, #5824, .F. ) ;
#587 = ORIENTED_EDGE ( 'NONE', *, *, #6256, .F. ) ;
#588 = DIRECTION ( 'NONE',  ( -1.000000000000000000, 0.000000000000000000, 0.000000000000000000 ) ) ;
#589 = CARTESIAN_POINT ( 'NONE',  ( -33.69999999999998153, -68.69999999999997442, 8.349999999999999645 ) ) ;
#590 = DIRECTION ( 'NONE',  ( 0.000000000000000000, 1.000000000000000000, 0.000000000000000000 ) ) ;
#591 = LINE ( 'NONE', #2830, #4440 ) ;
#592 = ORIENTED_EDGE ( 'NONE', *, *, #6450, .T. ) ;
#593 = CYLINDRICAL_SURFACE ( 'NONE', #4320, 18.25000000000000355 ) ;
#594 = ORIENTED_EDGE ( 'NONE', *, *, #6422, .T. ) ;
#595 = EDGE_LOOP ( 'NONE', ( #6305, #3617, #3082, #2524 ) ) ;
#596 = CARTESIAN_POINT ( 'NONE',  ( -60.79744412193167591, 73.70000000000000284, 39.22752926945950236 ) ) ;
#597 = LINE ( 'NONE', #3202, #2049 ) ;
#598 = DIRECTION ( 'NONE',  ( 1.000000000000000000, 0.000000000000000000, 0.000000000000000000 ) ) ;
#599 = EDGE_CURVE ( 'NONE', #1983, #2906, #6699, .T. ) ;
#600 = DIRECTION ( 'NONE',  ( -1.000000000000000000, 0.000000000000000000, 0.000000000000000000 ) ) ;
#601 = EDGE_CURVE ( 'NONE', #2667, #71, #3072, .T. ) ;
#602 = CARTESIAN_POINT ( 'NONE',  ( -117.6999999999738975, 67.35000000000000853, 6.349999999999999645 ) ) ;
#603 = CARTESIAN_POINT ( 'NONE',  ( 63.50000000000000000, 7.750000000000000000, 5.249999999999999112 ) ) ;
#604 = DIRECTION ( 'NONE',  ( -0.000000000000000000, -0.000000000000000000, -1.000000000000000000 ) ) ;
#605 = DIRECTION ( 'NONE',  ( 0.000000000000000000, -1.000000000000000000, 0.000000000000000000 ) ) ;
#606 = EDGE_CURVE ( 'NONE', #1017, #1325, #6159, .T. ) ;
#607 = DIRECTION ( 'NONE',  ( 1.000000000000000000, 8.673617379884035472E-16, 0.000000000000000000 ) ) ;
#608 = ORIENTED_EDGE ( 'NONE', *, *, #1053, .T. ) ;
#609 = EDGE_CURVE ( 'NONE', #3012, #5409, #1011, .T. ) ;
#610 = LINE ( 'NONE', #5575, #2041 ) ;
#611 = CYLINDRICAL_SURFACE ( 'NONE', #6016, 1.000000000000000888 ) ;
#612 = VERTEX_POINT ( 'NONE', #3580 ) ;
#613 = DIRECTION ( 'NONE',  ( 0.000000000000000000, 0.000000000000000000, 1.000000000000000000 ) ) ;
#614 = ORIENTED_EDGE ( 'NONE', *, *, #5916, .F. ) ;
#615 = ORIENTED_EDGE ( 'NONE', *, *, #5901, .F. ) ;
#616 = CARTESIAN_POINT ( 'NONE',  ( -12.70000000000005791, 63.49999999999994316, 6.349999999999999645 ) ) ;
#617 = FACE_OUTER_BOUND ( 'NONE', #6213, .T. ) ;
#618 = CARTESIAN_POINT ( 'NONE',  ( 106.3835224482079269, -68.88352231805072279, 6.358437045225626250 ) ) ;
#619 = FACE_BOUND ( 'NONE', #2508, .T. ) ;
#620 = ORIENTED_EDGE ( 'NONE', *, *, #1125, .F. ) ;
#621 = CARTESIAN_POINT ( 'NONE',  ( -63.69999999997390461, 38.35000000000000853, 16.35000000000000142 ) ) ;
#622 = ORIENTED_EDGE ( 'NONE', *, *, #2165, .F. ) ;
#623 = ORIENTED_EDGE ( 'NONE', *, *, #6263, .F. ) ;
#624 = CARTESIAN_POINT ( 'NONE',  ( 142.7000000000000455, -78.20000000000000284, 42.35000000000000142 ) ) ;
#625 = CARTESIAN_POINT ( 'NONE',  ( -53.70000000000000284, 73.70000000000000284, 43.35000000000000853 ) ) ;
#626 = PLANE ( 'NONE',  #5994 ) ;
#627 = CARTESIAN_POINT ( 'NONE',  ( -116.6999999999738975, 36.35000000000000853, 44.35000000000000853 ) ) ;
#628 = ORIENTED_EDGE ( 'NONE', *, *, #6149, .F. ) ;
#629 = PLANE ( 'NONE',  #5081 ) ;
#630 = DIRECTION ( 'NONE',  ( 0.000000000000000000, 1.000000000000000000, 0.000000000000000000 ) ) ;
#631 = EDGE_CURVE ( 'NONE', #3463, #6908, #295, .T. ) ;
#632 = CYLINDRICAL_SURFACE ( 'NONE', #4677, 2.000000000000001776 ) ;
#633 = CARTESIAN_POINT ( 'NONE',  ( 36.19999999999999574, -37.50000000000000000, 6.349999999999999645 ) ) ;
#634 = DIRECTION ( 'NONE',  ( 1.000000000000000000, -2.057492632737503487E-16, 0.000000000000000000 ) ) ;
#635 = PRESENTATION_STYLE_ASSIGNMENT (( #3779 ) ) ;
#636 = CYLINDRICAL_SURFACE ( 'NONE', #1942, 1.322739520575443750 ) ;
#637 = ORIENTED_EDGE ( 'NONE', *, *, #3861, .T. ) ;
#638 = DIRECTION ( 'NONE',  ( 0.000000000000000000, 0.000000000000000000, 1.000000000000000000 ) ) ;
#639 = EDGE_CURVE ( 'NONE', #1535, #6596, #803, .T. ) ;
#640 = DIRECTION ( 'NONE',  ( 0.000000000000000000, 0.000000000000000000, 1.000000000000000000 ) ) ;
#641 = ORIENTED_EDGE ( 'NONE', *, *, #652, .T. ) ;
#642 = PLANE ( 'NONE',  #1367 ) ;
#643 = ORIENTED_EDGE ( 'NONE', *, *, #4865, .F. ) ;
#644 = VERTEX_POINT ( 'NONE', #5728 ) ;
#645 = CARTESIAN_POINT ( 'NONE',  ( 65.14999999999989200, 63.49999999999994316, 6.349999999999999645 ) ) ;
#646 = ADVANCED_FACE ( 'NONE', ( #763 ), #2383, .F. ) ;
#647 = DIRECTION ( 'NONE',  ( 1.000000000000000000, 0.000000000000000000, 0.000000000000000000 ) ) ;
#648 = CARTESIAN_POINT ( 'NONE',  ( 107.0557567755559205, -69.55573595331357240, 6.542322379065685034 ) ) ;
#649 = CIRCLE ( 'NONE', #4639, 2.100000000000004530 ) ;
#650 = FACE_OUTER_BOUND ( 'NONE', #2760, .T. ) ;
#651 = ORIENTED_EDGE ( 'NONE', *, *, #1653, .F. ) ;
#652 = EDGE_CURVE ( 'NONE', #5381, #3464, #6224, .T. ) ;
#653 = PLANE ( 'NONE',  #563 ) ;
#654 = ORIENTED_EDGE ( 'NONE', *, *, #6161, .F. ) ;
#655 = ORIENTED_EDGE ( 'NONE', *, *, #4229, .T. ) ;
#656 = DIRECTION ( 'NONE',  ( 0.000000000000000000, -1.000000000000000000, 0.000000000000000000 ) ) ;
#657 = AXIS2_PLACEMENT_3D ( 'NONE', #1203, #3370, #5520 ) ;
#658 = CARTESIAN_POINT ( 'NONE',  ( -75.69999999997389750, 0.000000000000000000, 6.349999999999999645 ) ) ;
#659 = CARTESIAN_POINT ( 'NONE',  ( 0.000000000000000000, 71.20000000000000284, 6.349999999999999645 ) ) ;
#660 = ADVANCED_FACE ( 'NONE', ( #230 ), #1977, .F. ) ;
#661 = DIRECTION ( 'NONE',  ( 1.000000000000000000, 0.000000000000000000, 0.000000000000000000 ) ) ;
#662 = VECTOR ( 'NONE', #4979, 1000.000000000000000 ) ;
#663 = CYLINDRICAL_SURFACE ( 'NONE', #3841, 6.999999999999999112 ) ;
#664 = CARTESIAN_POINT ( 'NONE',  ( 99.20000000000001705, -73.70000000000000284, 20.35000000000000142 ) ) ;
#665 = DIRECTION ( 'NONE',  ( 1.000000000000000000, 0.000000000000000000, 0.000000000000000000 ) ) ;
#666 = VECTOR ( 'NONE', #4459, 1000.000000000000000 ) ;
#667 = CIRCLE ( 'NONE', #4543, 11.49999999999999645 ) ;
#668 = ADVANCED_FACE ( 'NONE', ( #837 ), #3610, .F. ) ;
#669 = FACE_OUTER_BOUND ( 'NONE', #5457, .T. ) ;
#670 = CARTESIAN_POINT ( 'NONE',  ( 61.84999999999988773, 63.49999999999994316, 6.349999999999999645 ) ) ;
#671 = EDGE_CURVE ( 'NONE', #2942, #1843, #6688, .T. ) ;
#672 = AXIS2_PLACEMENT_3D ( 'NONE', #381, #2559, #3132 ) ;
#673 = DIRECTION ( 'NONE',  ( -1.000000000000000000, 2.057492632737503487E-16, -0.000000000000000000 ) ) ;
#674 = VECTOR ( 'NONE', #6951, 1000.000000000000000 ) ;
#675 = CARTESIAN_POINT ( 'NONE',  ( 63.50000000000000000, -63.50000000000000000, 6.349999999999999645 ) ) ;
#676 = ORIENTED_EDGE ( 'NONE', *, *, #2326, .T. ) ;
#677 = CIRCLE ( 'NONE', #4889, 20.25000000000000355 ) ;
#678 = AXIS2_PLACEMENT_3D ( 'NONE', #3760, #47, #6511 ) ;
#679 = LINE ( 'NONE', #4949, #327 ) ;
#680 = CIRCLE ( 'NONE', #5551, 2.000000000000001776 ) ;
#681 = AXIS2_PLACEMENT_3D ( 'NONE', #224, #2406, #6728 ) ;
#682 = CIRCLE ( 'NONE', #6461, 1.200000000000006617 ) ;
#683 = DIRECTION ( 'NONE',  ( -0.000000000000000000, 0.000000000000000000, 1.000000000000000000 ) ) ;
#684 = VERTEX_POINT ( 'NONE', #5697 ) ;
#685 = EDGE_CURVE ( 'NONE', #996, #377, #189, .T. ) ;
#686 = TOROIDAL_SURFACE ( 'NONE', #2514, 2.000000000000000000, 1.000000000000000000 ) ;
#687 =( BOUNDED_CURVE ( )  B_SPLINE_CURVE ( 3, ( #4420, #6072, #38, #1722 ),
 .UNSPECIFIED., .F., .F. ) 
 B_SPLINE_CURVE_WITH_KNOTS ( ( 4, 4 ),
 ( 3.141592653589793116, 4.712388980384689674 ),
 .UNSPECIFIED. ) 
 CURVE ( )  GEOMETRIC_REPRESENTATION_ITEM ( )  RATIONAL_B_SPLINE_CURVE ( ( 1.000000000000000000, 0.8047378541243649375, 0.8047378541243649375, 1.000000000000000000 ) ) 
 REPRESENTATION_ITEM ( '' )  );
#688 = CARTESIAN_POINT ( 'NONE',  ( 133.7000000000000171, 76.20000000000000284, 6.349999999999999645 ) ) ;
#689 = ORIENTED_EDGE ( 'NONE', *, *, #300, .T. ) ;
#690 = ORIENTED_EDGE ( 'NONE', *, *, #105, .T. ) ;
#691 = VECTOR ( 'NONE', #4359, 1000.000000000000000 ) ;
#692 = EDGE_CURVE ( 'NONE', #5626, #2219, #2649, .T. ) ;
#693 = STYLED_ITEM ( 'NONE', ( #6922 ), #3608 ) ;
#694 = DIRECTION ( 'NONE',  ( 0.000000000000000000, 0.000000000000000000, -1.000000000000000000 ) ) ;
#695 = CARTESIAN_POINT ( 'NONE',  ( -13.80000000000000604, 37.50000000000001421, 0.000000000000000000 ) ) ;
#696 = AXIS2_PLACEMENT_3D ( 'NONE', #3035, #5686, #2499 ) ;
#697 = CARTESIAN_POINT ( 'NONE',  ( -59.79989791841115476, 32.05988771028156492, 8.398923743887266369 ) ) ;
#698 = CARTESIAN_POINT ( 'NONE',  ( 173726.7579182455374, -67.35000000000000853, -100306.0706563034619 ) ) ;
#699 = ORIENTED_EDGE ( 'NONE', *, *, #241, .T. ) ;
#700 = CARTESIAN_POINT ( 'NONE',  ( -29.20000000000002416, 14.00000000000000533, 6.349999999999999645 ) ) ;
#701 = ORIENTED_EDGE ( 'NONE', *, *, #2177, .T. ) ;
#702 = ORIENTED_EDGE ( 'NONE', *, *, #3433, .T. ) ;
#703 = EDGE_CURVE ( 'NONE', #3945, #6039, #2956, .T. ) ;
#704 = CARTESIAN_POINT ( 'NONE',  ( 170.1999999999999886, 0.000000000000000000, 8.349999999999999645 ) ) ;
#705 = LINE ( 'NONE', #6165, #1007 ) ;
#706 = FACE_OUTER_BOUND ( 'NONE', #4746, .T. ) ;
#707 = ORIENTED_EDGE ( 'NONE', *, *, #4008, .T. ) ;
#708 = ORIENTED_EDGE ( 'NONE', *, *, #5887, .F. ) ;
#709 = DIRECTION ( 'NONE',  ( 0.000000000000000000, -0.000000000000000000, 1.000000000000000000 ) ) ;
#710 = CARTESIAN_POINT ( 'NONE',  ( -116.6999999999738975, 0.000000000000000000, 0.000000000000000000 ) ) ;
#711 = FACE_OUTER_BOUND ( 'NONE', #4623, .T. ) ;
#712 = EDGE_CURVE ( 'NONE', #1935, #5550, #3857, .T. ) ;
#713 = EDGE_CURVE ( 'NONE', #2084, #6641, #2045, .T. ) ;
#714 = CARTESIAN_POINT ( 'NONE',  ( -107.6999999999739117, 63.85000000000000142, 44.35000000000000853 ) ) ;
#715 = LINE ( 'NONE', #5465, #4318 ) ;
#716 = CARTESIAN_POINT ( 'NONE',  ( -101.7000000000000028, 67.35000000000000853, 0.000000000000000000 ) ) ;
#717 = FACE_OUTER_BOUND ( 'NONE', #941, .T. ) ;
#718 = CARTESIAN_POINT ( 'NONE',  ( 48.05000000000001137, 36.19999999999999574, 6.349999999999999645 ) ) ;
#719 = ORIENTED_EDGE ( 'NONE', *, *, #342, .F. ) ;
#720 = DIRECTION ( 'NONE',  ( 0.000000000000000000, 1.000000000000000000, 0.000000000000000000 ) ) ;
#721 = FACE_OUTER_BOUND ( 'NONE', #3939, .T. ) ;
#722 = ORIENTED_EDGE ( 'NONE', *, *, #957, .F. ) ;
#723 = CARTESIAN_POINT ( 'NONE',  ( 167.1999999999999602, -73.20000000000001705, 6.417790894940836210 ) ) ;
#724 = ORIENTED_EDGE ( 'NONE', *, *, #2276, .F. ) ;
#725 = ORIENTED_EDGE ( 'NONE', *, *, #2005, .F. ) ;
#726 = EDGE_CURVE ( 'NONE', #1402, #5374, #4822, .T. ) ;
#727 = DIRECTION ( 'NONE',  ( 1.000000000000000000, 0.000000000000000000, 0.000000000000000000 ) ) ;
#728 = CARTESIAN_POINT ( 'NONE',  ( 107.1169354180208586, -69.61690317598760203, 6.572369898973694724 ) ) ;
#729 = DIRECTION ( 'NONE',  ( -0.4999999999999993894, 0.000000000000000000, -0.8660254037844390407 ) ) ;
#730 = ORIENTED_EDGE ( 'NONE', *, *, #6417, .F. ) ;
#731 = CYLINDRICAL_SURFACE ( 'NONE', #4547, 1.325000000000006839 ) ;
#732 = ORIENTED_EDGE ( 'NONE', *, *, #5770, .T. ) ;
#733 = VERTEX_POINT ( 'NONE', #2083 ) ;
#734 = FACE_OUTER_BOUND ( 'NONE', #3898, .T. ) ;
#735 = DIRECTION ( 'NONE',  ( 0.000000000000000000, 0.000000000000000000, -1.000000000000000000 ) ) ;
#736 = EDGE_CURVE ( 'NONE', #4555, #4295, #4667, .T. ) ;
#737 = LINE ( 'NONE', #1310, #5546 ) ;
#738 = VERTEX_POINT ( 'NONE', #3711 ) ;
#739 = EDGE_CURVE ( 'NONE', #3766, #4070, #4327, .T. ) ;
#740 = ORIENTED_EDGE ( 'NONE', *, *, #2460, .F. ) ;
#741 = CARTESIAN_POINT ( 'NONE',  ( 104.2000000000000028, -49.19999999999999574, 26.34999999999999787 ) ) ;
#742 = CARTESIAN_POINT ( 'NONE',  ( 63.50000000000000000, -7.750000000000000000, 5.249999999999999112 ) ) ;
#743 = PLANE ( 'NONE',  #3524 ) ;
#744 = DIRECTION ( 'NONE',  ( -1.000000000000000000, 0.000000000000000000, 0.000000000000000000 ) ) ;
#745 = EDGE_CURVE ( 'NONE', #6391, #1188, #432, .T. ) ;
#746 = DIRECTION ( 'NONE',  ( 0.000000000000000000, 1.000000000000000000, 0.000000000000000000 ) ) ;
#747 = CARTESIAN_POINT ( 'NONE',  ( -31.70000000003531682, -67.35000000000000853, 6.349999999999999645 ) ) ;
#748 = EDGE_CURVE ( 'NONE', #3113, #6937, #4185, .T. ) ;
#749 = LINE ( 'NONE', #2963, #876 ) ;
#750 = DIRECTION ( 'NONE',  ( -6.938893903907228378E-16, 0.000000000000000000, 1.000000000000000000 ) ) ;
#751 = ORIENTED_EDGE ( 'NONE', *, *, #1771, .T. ) ;
#752 = DIRECTION ( 'NONE',  ( 0.7071067811865474617, 0.7071067811865474617, 0.000000000000000000 ) ) ;
#753 = CARTESIAN_POINT ( 'NONE',  ( -33.70000000003532392, -73.70000000000000284, 18.34999999999809006 ) ) ;
#754 = ORIENTED_EDGE ( 'NONE', *, *, #2308, .F. ) ;
#755 = DIRECTION ( 'NONE',  ( 0.000000000000000000, 0.000000000000000000, 1.000000000000000000 ) ) ;
#756 = EDGE_LOOP ( 'NONE', ( #702, #6357 ) ) ;
#757 = ORIENTED_EDGE ( 'NONE', *, *, #1928, .F. ) ;
#758 = FACE_BOUND ( 'NONE', #5812, .T. ) ;
#759 = CARTESIAN_POINT ( 'NONE',  ( 106.4268061205164599, -68.92680461913043644, 6.362898743986511008 ) ) ;
#760 = ADVANCED_FACE ( 'NONE', ( #4286 ), #2612, .F. ) ;
#761 = CARTESIAN_POINT ( 'NONE',  ( -117.6999999999738975, 72.70000000000000284, 0.000000000000000000 ) ) ;
#762 = EDGE_LOOP ( 'NONE', ( #2877, #2907 ) ) ;
#763 = FACE_OUTER_BOUND ( 'NONE', #4272, .T. ) ;
#764 = EDGE_LOOP ( 'NONE', ( #838, #6398 ) ) ;
#765 = ADVANCED_FACE ( 'NONE', ( #1575 ), #2008, .T. ) ;
#766 = ORIENTED_EDGE ( 'NONE', *, *, #421, .F. ) ;
#767 = DIRECTION ( 'NONE',  ( 1.000000000000000000, 0.000000000000000000, 0.000000000000000000 ) ) ;
#768 = VECTOR ( 'NONE', #5572, 1000.000000000000000 ) ;
#769 = DIRECTION ( 'NONE',  ( -0.4999999999999997780, 0.000000000000000000, -0.8660254037844388186 ) ) ;
#770 = FACE_OUTER_BOUND ( 'NONE', #6682, .T. ) ;
#771 = ORIENTED_EDGE ( 'NONE', *, *, #3046, .T. ) ;
#772 = VECTOR ( 'NONE', #6306, 1000.000000000000000 ) ;
#773 = ORIENTED_EDGE ( 'NONE', *, *, #6078, .T. ) ;
#774 = DIRECTION ( 'NONE',  ( 1.000000000000000000, 0.000000000000000000, 0.000000000000000000 ) ) ;
#775 = DIRECTION ( 'NONE',  ( -0.000000000000000000, 1.000000000000000000, 0.000000000000000000 ) ) ;
#776 = EDGE_CURVE ( 'NONE', #5145, #4052, #5904, .T. ) ;
#777 = CARTESIAN_POINT ( 'NONE',  ( -30.52500000000003055, 14.00000000000000533, 0.000000000000000000 ) ) ;
#778 = CARTESIAN_POINT ( 'NONE',  ( 0.000000000000000000, 76.20000000000000284, 6.349999999999999645 ) ) ;
#779 = FACE_OUTER_BOUND ( 'NONE', #1624, .T. ) ;
#780 = CARTESIAN_POINT ( 'NONE',  ( -63.69999999997390461, 72.70000000000000284, 44.35000000000000853 ) ) ;
#781 = CARTESIAN_POINT ( 'NONE',  ( 106.2000000000000028, 71.20000000000000284, 6.349999999999999645 ) ) ;
#782 = ORIENTED_EDGE ( 'NONE', *, *, #4460, .T. ) ;
#783 = CARTESIAN_POINT ( 'NONE',  ( 62.30000000000001847, 39.45000000000000284, 33.00000000000000000 ) ) ;
#784 = DIRECTION ( 'NONE',  ( 1.000000000000000000, 0.000000000000000000, 0.000000000000000000 ) ) ;
#785 = AXIS2_PLACEMENT_3D ( 'NONE', #5273, #4255, #6966 ) ;
#786 = CIRCLE ( 'NONE', #4768, 1.322739520575443750 ) ;
#787 = CIRCLE ( 'NONE', #1360, 1.322739520575443750 ) ;
#788 = EDGE_LOOP ( 'NONE', ( #932, #5907, #4172, #4901 ) ) ;
#789 = CARTESIAN_POINT ( 'NONE',  ( 99.20000000000001705, 73.70000000000000284, 6.349999999999999645 ) ) ;
#790 = ORIENTED_EDGE ( 'NONE', *, *, #2686, .T. ) ;
#791 = AXIS2_PLACEMENT_3D ( 'NONE', #5601, #2425, #5182 ) ;
#792 = CARTESIAN_POINT ( 'NONE',  ( -11.05000000000005578, 63.49999999999994316, 6.349999999999999645 ) ) ;
#793 = VERTEX_POINT ( 'NONE', #4791 ) ;
#794 = EDGE_CURVE ( 'NONE', #3472, #6860, #3184, .T. ) ;
#795 = VECTOR ( 'NONE', #4611, 1000.000000000000000 ) ;
#796 = VECTOR ( 'NONE', #1320, 1000.000000000000000 ) ;
#797 = DIRECTION ( 'NONE',  ( 0.000000000000000000, 0.000000000000000000, -1.000000000000000000 ) ) ;
#798 = CARTESIAN_POINT ( 'NONE',  ( -14.35000000000000497, -63.50000000000000000, 6.349999999999999645 ) ) ;
#799 = AXIS2_PLACEMENT_3D ( 'NONE', #1847, #6195, #5144 ) ;
#800 = VECTOR ( 'NONE', #373, 1000.000000000000000 ) ;
#801 = DIRECTION ( 'NONE',  ( 0.000000000000000000, -0.000000000000000000, -1.000000000000000000 ) ) ;
#802 = ORIENTED_EDGE ( 'NONE', *, *, #5620, .T. ) ;
#803 = LINE ( 'NONE', #4614, #1583 ) ;
#804 = CIRCLE ( 'NONE', #1946, 2.099999999999997868 ) ;
#805 = VERTEX_POINT ( 'NONE', #1474 ) ;
#806 = VERTEX_POINT ( 'NONE', #2577 ) ;
#807 = VECTOR ( 'NONE', #1572, 1000.000000000000000 ) ;
#808 = CARTESIAN_POINT ( 'NONE',  ( -77.69999999997389750, 39.35000000000000853, 38.35000000000000853 ) ) ;
#809 = VECTOR ( 'NONE', #4842, 1000.000000000000000 ) ;
#810 = CARTESIAN_POINT ( 'NONE',  ( -77.69999999997389750, 66.35000000000000853, 37.35000000000000853 ) ) ;
#811 = FACE_OUTER_BOUND ( 'NONE', #3820, .T. ) ;
#812 = ORIENTED_EDGE ( 'NONE', *, *, #1166, .F. ) ;
#813 = ORIENTED_EDGE ( 'NONE', *, *, #1115, .F. ) ;
#814 = CARTESIAN_POINT ( 'NONE',  ( -53.70000000000000284, -67.35000000000000853, 11.35000000000000142 ) ) ;
#815 = CARTESIAN_POINT ( 'NONE',  ( -64.21223161981662031, 73.18776838015728003, 42.35000000000000142 ) ) ;
#816 = FACE_OUTER_BOUND ( 'NONE', #6378, .T. ) ;
#817 = ADVANCED_FACE ( 'NONE', ( #2145 ), #5303, .F. ) ;
#818 = CARTESIAN_POINT ( 'NONE',  ( -75.69999999997389750, -69.35000000000000853, 8.349999999999999645 ) ) ;
#819 = LINE ( 'NONE', #248, #1120 ) ;
#820 = DIRECTION ( 'NONE',  ( -0.8660254037844394848, 0.000000000000000000, 0.4999999999999985012 ) ) ;
#821 = LINE ( 'NONE', #3031, #2933 ) ;
#822 = VERTEX_POINT ( 'NONE', #4720 ) ;
#823 = CARTESIAN_POINT ( 'NONE',  ( -78.20000000000000284, 73.70000000000000284, 0.000000000000000000 ) ) ;
#824 = DIRECTION ( 'NONE',  ( -0.000000000000000000, -0.000000000000000000, -1.000000000000000000 ) ) ;
#825 = CARTESIAN_POINT ( 'NONE',  ( -12.70000000000005791, 63.49999999999994316, 0.000000000000000000 ) ) ;
#826 = EDGE_CURVE ( 'NONE', #3799, #1691, #6936, .T. ) ;
#827 = ORIENTED_EDGE ( 'NONE', *, *, #6988, .T. ) ;
#828 = CARTESIAN_POINT ( 'NONE',  ( -61.49422863406000062, 67.35000000000000853, 24.84999999999992681 ) ) ;
#829 = ORIENTED_EDGE ( 'NONE', *, *, #5172, .F. ) ;
#830 = CARTESIAN_POINT ( 'NONE',  ( -60.79744412193167591, 67.35000000000000853, 42.22752926945950236 ) ) ;
#831 = EDGE_CURVE ( 'NONE', #1311, #6985, #5243, .T. ) ;
#832 = ORIENTED_EDGE ( 'NONE', *, *, #5528, .T. ) ;
#833 = FACE_BOUND ( 'NONE', #1252, .T. ) ;
#834 = CARTESIAN_POINT ( 'NONE',  ( -101.7000000000000028, 73.70000000000000284, 0.000000000000000000 ) ) ;
#835 = ADVANCED_FACE ( 'NONE', ( #5805 ), #1515, .F. ) ;
#836 = CARTESIAN_POINT ( 'NONE',  ( 101.2000000000000171, 76.20000000000000284, 8.350000000000003197 ) ) ;
#837 = FACE_OUTER_BOUND ( 'NONE', #3121, .T. ) ;
#838 = ORIENTED_EDGE ( 'NONE', *, *, #5323, .T. ) ;
#839 = ORIENTED_EDGE ( 'NONE', *, *, #6194, .T. ) ;
#840 = CARTESIAN_POINT ( 'NONE',  ( -71.20000000000000284, 33.35000000000000142, 16.35000000000000142 ) ) ;
#841 = CARTESIAN_POINT ( 'NONE',  ( 101.1999999999999886, 68.70000000000000284, 16.35000000000000142 ) ) ;
#842 = ORIENTED_EDGE ( 'NONE', *, *, #5495, .T. ) ;
#843 = ORIENTED_EDGE ( 'NONE', *, *, #4133, .T. ) ;
#844 = ORIENTED_EDGE ( 'NONE', *, *, #3997, .T. ) ;
#845 = CARTESIAN_POINT ( 'NONE',  ( 106.2000000000000028, -49.19999999999999574, 6.349999999999999645 ) ) ;
#846 = DIRECTION ( 'NONE',  ( 1.000000000000000000, 0.000000000000000000, 0.000000000000000000 ) ) ;
#847 = DIRECTION ( 'NONE',  ( -1.000000000000000000, 0.000000000000000000, 0.000000000000000000 ) ) ;
#848 = CARTESIAN_POINT ( 'NONE',  ( -117.6999999999738975, 36.35000000000000853, 1.000000000000000000 ) ) ;
#849 = CYLINDRICAL_SURFACE ( 'NONE', #6663, 1.000000000000000888 ) ;
#850 = EDGE_CURVE ( 'NONE', #6336, #5841, #5536, .T. ) ;
#851 = LINE ( 'NONE', #4134, #6883 ) ;
#852 = ORIENTED_EDGE ( 'NONE', *, *, #3214, .F. ) ;
#853 = DIRECTION ( 'NONE',  ( 0.000000000000000000, 0.000000000000000000, -1.000000000000000000 ) ) ;
#854 = DIRECTION ( 'NONE',  ( 1.000000000000000000, -0.000000000000000000, 0.000000000000000000 ) ) ;
#855 = DIRECTION ( 'NONE',  ( 6.938893903907228378E-16, -1.427672308663629767E-31, -1.000000000000000000 ) ) ;
#856 = ORIENTED_EDGE ( 'NONE', *, *, #4062, .T. ) ;
#857 = LINE ( 'NONE', #2466, #3755 ) ;
#858 = EDGE_LOOP ( 'NONE', ( #3552, #2985, #1074 ) ) ;
#859 = CARTESIAN_POINT ( 'NONE',  ( -23.70000000003532037, 67.35000000000000853, 6.349999999999999645 ) ) ;
#860 = ORIENTED_EDGE ( 'NONE', *, *, #5927, .T. ) ;
#861 = ADVANCED_FACE ( 'NONE', ( #1680 ), #5503, .F. ) ;
#862 = FACE_BOUND ( 'NONE', #5754, .T. ) ;
#863 = DIRECTION ( 'NONE',  ( -0.000000000000000000, 1.000000000000000000, -0.000000000000000000 ) ) ;
#864 = CARTESIAN_POINT ( 'NONE',  ( -53.70000000000000284, -73.70000000000000284, 10.02726047942455700 ) ) ;
#865 = ORIENTED_EDGE ( 'NONE', *, *, #5505, .T. ) ;
#866 = VERTEX_POINT ( 'NONE', #6505 ) ;
#867 = DIRECTION ( 'NONE',  ( 0.000000000000000000, 0.000000000000000000, -1.000000000000000000 ) ) ;
#868 = DIRECTION ( 'NONE',  ( -1.351293846914747261E-16, 1.000000000000000000, -0.000000000000000000 ) ) ;
#869 = ADVANCED_FACE ( 'NONE', ( #113 ), #642, .T. ) ;
#870 = ORIENTED_EDGE ( 'NONE', *, *, #3925, .T. ) ;
#871 = ORIENTED_EDGE ( 'NONE', *, *, #1067, .T. ) ;
#872 = EDGE_LOOP ( 'NONE', ( #6190, #1344, #1889, #930 ) ) ;
#873 = CARTESIAN_POINT ( 'NONE',  ( -61.49422863406000062, 67.35000000000000853, 23.52726047942448417 ) ) ;
#874 = CARTESIAN_POINT ( 'NONE',  ( -116.6999999999738975, 73.70000000000000284, 43.35000000000000853 ) ) ;
#875 = DIRECTION ( 'NONE',  ( 0.000000000000000000, -1.000000000000000000, 0.000000000000000000 ) ) ;
#876 = VECTOR ( 'NONE', #1319, 1000.000000000000000 ) ;
#877 = DIRECTION ( 'NONE',  ( -1.000000000000000000, 0.000000000000000000, 0.000000000000000000 ) ) ;
#878 = CARTESIAN_POINT ( 'NONE',  ( -63.69999999997390461, 36.35000000000000853, 41.35000000000000142 ) ) ;
#879 = LINE ( 'NONE', #3064, #6236 ) ;
#880 = VERTEX_POINT ( 'NONE', #3930 ) ;
#881 = CARTESIAN_POINT ( 'NONE',  ( 63.50000000000000000, -63.50000000000000000, 0.000000000000000000 ) ) ;
#882 = AXIS2_PLACEMENT_3D ( 'NONE', #91, #5386, #2273 ) ;
#883 = CARTESIAN_POINT ( 'NONE',  ( -53.69999999997389750, 25.35000000000000497, 6.349999999999999645 ) ) ;
#884 = CARTESIAN_POINT ( 'NONE',  ( -107.6999999999739117, 63.85000000000000142, 44.35000000000000853 ) ) ;
#885 = CARTESIAN_POINT ( 'NONE',  ( 142.7000000000000455, 78.20000000000000284, 42.35000000000000142 ) ) ;
#886 = VECTOR ( 'NONE', #3603, 1000.000000000000000 ) ;
#887 = CARTESIAN_POINT ( 'NONE',  ( -53.69999999997389750, 35.35000000000000853, 6.349999999999999645 ) ) ;
#888 = ORIENTED_EDGE ( 'NONE', *, *, #2314, .F. ) ;
#889 = FACE_OUTER_BOUND ( 'NONE', #1544, .T. ) ;
#890 = EDGE_LOOP ( 'NONE', ( #3513, #1860, #2935, #6274 ) ) ;
#891 = LINE ( 'NONE', #1898, #1368 ) ;
#892 = CIRCLE ( 'NONE', #4653, 19.99999999999999645 ) ;
#893 = CIRCLE ( 'NONE', #4880, 1.000000000000000888 ) ;
#894 = CARTESIAN_POINT ( 'NONE',  ( 62.30000000000001847, 39.45000000000000284, 36.00000000000000711 ) ) ;
#895 = EDGE_CURVE ( 'NONE', #612, #3477, #3284, .T. ) ;
#896 = ORIENTED_EDGE ( 'NONE', *, *, #5540, .F. ) ;
#897 = VECTOR ( 'NONE', #5390, 1000.000000000000000 ) ;
#899 = ADVANCED_FACE ( 'NONE', ( #2320 ), #6646, .F. ) ;
#898 = CARTESIAN_POINT ( 'NONE',  ( -75.69999999997389750, -69.35000000000000853, 8.349999999999999645 ) ) ;
#900 = ORIENTED_EDGE ( 'NONE', *, *, #4179, .F. ) ;
#901 = VECTOR ( 'NONE', #1613, 1000.000000000000000 ) ;
#902 = ORIENTED_EDGE ( 'NONE', *, *, #2573, .T. ) ;
#903 = AXIS2_PLACEMENT_3D ( 'NONE', #2333, #192, #235 ) ;
#904 = AXIS2_PLACEMENT_3D ( 'NONE', #5423, #1091, #5462 ) ;
#905 = EDGE_CURVE ( 'NONE', #644, #2136, #340, .T. ) ;
#906 = AXIS2_PLACEMENT_3D ( 'NONE', #383, #6949, #6876 ) ;
#907 = DIRECTION ( 'NONE',  ( 0.000000000000000000, 0.000000000000000000, -1.000000000000000000 ) ) ;
#908 = AXIS2_PLACEMENT_3D ( 'NONE', #2266, #5067, #3977 ) ;
#909 = DIRECTION ( 'NONE',  ( -1.000000000000000000, 0.000000000000000000, 0.000000000000000000 ) ) ;
#910 = VECTOR ( 'NONE', #4777, 1000.000000000000000 ) ;
#911 = AXIS2_PLACEMENT_3D ( 'NONE', #695, #2871, #6117 ) ;
#912 = VERTEX_POINT ( 'NONE', #1787 ) ;
#913 = EDGE_CURVE ( 'NONE', #6961, #3780, #1186, .T. ) ;
#914 = ORIENTED_EDGE ( 'NONE', *, *, #4213, .F. ) ;
#915 = CIRCLE ( 'NONE', #5011, 1.000000000000000888 ) ;
#916 = VERTEX_POINT ( 'NONE', #2187 ) ;
#917 = CARTESIAN_POINT ( 'NONE',  ( 170.1999999999999886, 67.37157287525380411, 6.349999999999999645 ) ) ;
#918 = EDGE_CURVE ( 'NONE', #1843, #2942, #6352, .T. ) ;
#919 = VECTOR ( 'NONE', #567, 1000.000000000000000 ) ;
#920 = CARTESIAN_POINT ( 'NONE',  ( -63.70794807852099240, 73.69205192145291505, 41.49639049326523832 ) ) ;
#921 = AXIS2_PLACEMENT_3D ( 'NONE', #3168, #2701, #2102 ) ;
#922 = FACE_BOUND ( 'NONE', #4192, .T. ) ;
#923 = CARTESIAN_POINT ( 'NONE',  ( -63.69999999997390461, 36.35000000000000853, 16.35000000000000142 ) ) ;
#924 = ADVANCED_FACE ( 'NONE', ( #2249 ), #4467, .F. ) ;
#925 = DIRECTION ( 'NONE',  ( -0.000000000000000000, 1.000000000000000000, 0.000000000000000000 ) ) ;
#926 = EDGE_LOOP ( 'NONE', ( #829, #3901, #1098, #5799 ) ) ;
#927 = DIRECTION ( 'NONE',  ( 0.000000000000000000, 0.000000000000000000, -1.000000000000000000 ) ) ;
#928 = CARTESIAN_POINT ( 'NONE',  ( -77.69999999997389750, 66.35000000000000853, 38.35000000000000853 ) ) ;
#929 = FACE_OUTER_BOUND ( 'NONE', #3798, .T. ) ;
#930 = ORIENTED_EDGE ( 'NONE', *, *, #4510, .F. ) ;
#931 = DIRECTION ( 'NONE',  ( -0.000000000000000000, -1.000000000000000000, -0.000000000000000000 ) ) ;
#932 = ORIENTED_EDGE ( 'NONE', *, *, #2326, .F. ) ;
#933 = CYLINDRICAL_SURFACE ( 'NONE', #430, 10.00000000000000000 ) ;
#934 = ORIENTED_EDGE ( 'NONE', *, *, #196, .F. ) ;
#935 = DIRECTION ( 'NONE',  ( 0.000000000000000000, -0.000000000000000000, 1.000000000000000000 ) ) ;
#936 = CARTESIAN_POINT ( 'NONE',  ( 101.1999999999999886, 73.70000000000000284, 16.35000000000000142 ) ) ;
#937 = CARTESIAN_POINT ( 'NONE',  ( -76.20000000000000284, 0.000000000000000000, 6.349999999999999645 ) ) ;
#938 = VERTEX_POINT ( 'NONE', #4391 ) ;
#939 = CARTESIAN_POINT ( 'NONE',  ( -53.70000000000000284, -67.35000000000000853, 12.67273952057544406 ) ) ;
#940 = ORIENTED_EDGE ( 'NONE', *, *, #2355, .T. ) ;
#941 = EDGE_LOOP ( 'NONE', ( #1832, #955, #2712, #263 ) ) ;
#942 = EDGE_CURVE ( 'NONE', #2698, #4127, #2961, .T. ) ;
#943 = DIRECTION ( 'NONE',  ( 0.000000000000000000, -1.000000000000000000, 0.000000000000000000 ) ) ;
#944 = CARTESIAN_POINT ( 'NONE',  ( -64.69999999997389750, 64.35000000000000853, 41.35000000000000142 ) ) ;
#945 = ORIENTED_EDGE ( 'NONE', *, *, #2038, .F. ) ;
#946 = VERTEX_POINT ( 'NONE', #2867 ) ;
#947 = PRODUCT_DEFINITION_CONTEXT ( 'detailed design', #6581, 'design' ) ;
#948 = EDGE_LOOP ( 'NONE', ( #6158, #2820, #5578, #655, #2048, #1576 ) ) ;
#949 = DIRECTION ( 'NONE',  ( 0.000000000000000000, 0.000000000000000000, 1.000000000000000000 ) ) ;
#950 = CARTESIAN_POINT ( 'NONE',  ( -45.90577136594008323, -67.35000000000000853, 24.85000000000003340 ) ) ;
#951 = EDGE_CURVE ( 'NONE', #1236, #6402, #1020, .T. ) ;
#952 = DIRECTION ( 'NONE',  ( 0.000000000000000000, 0.000000000000000000, -1.000000000000000000 ) ) ;
#953 = DIRECTION ( 'NONE',  ( -0.000000000000000000, -0.000000000000000000, -1.000000000000000000 ) ) ;
#954 = CARTESIAN_POINT ( 'NONE',  ( -71.20000000000000284, 35.35000000000000853, 18.34999999999999787 ) ) ;
#955 = ORIENTED_EDGE ( 'NONE', *, *, #2182, .F. ) ;
#956 = PLANE ( 'NONE',  #5785 ) ;
#957 = EDGE_CURVE ( 'NONE', #4021, #1507, #5024, .T. ) ;
#958 = CARTESIAN_POINT ( 'NONE',  ( 133.7000000000000171, 78.20000000000000284, 6.349999999999999645 ) ) ;
#959 = DIRECTION ( 'NONE',  ( 0.000000000000000000, -1.000000000000000000, 0.000000000000000000 ) ) ;
#960 = ADVANCED_FACE ( 'NONE', ( #3250 ), #1155, .F. ) ;
#961 = ORIENTED_EDGE ( 'NONE', *, *, #5227, .T. ) ;
#962 = CARTESIAN_POINT ( 'NONE',  ( -106.4499999999739259, 63.85000000000000142, 0.000000000000000000 ) ) ;
#963 = VERTEX_POINT ( 'NONE', #4425 ) ;
#964 = CARTESIAN_POINT ( 'NONE',  ( -63.69999999997390461, 67.35000000000000853, 41.35000000000000142 ) ) ;
#965 = ORIENTED_EDGE ( 'NONE', *, *, #3622, .F. ) ;
#966 = DIRECTION ( 'NONE',  ( -3.083952846180990774E-16, -1.000000000000000000, 0.000000000000000000 ) ) ;
#967 = EDGE_CURVE ( 'NONE', #1117, #1187, #539, .T. ) ;
#968 = CARTESIAN_POINT ( 'NONE',  ( 61.85000000000000142, -63.50000000000000000, 0.000000000000000000 ) ) ;
#969 = VERTEX_POINT ( 'NONE', #3327 ) ;
#970 = CARTESIAN_POINT ( 'NONE',  ( -116.6999999999738975, 72.70000000000000284, 43.35000000000000853 ) ) ;
#971 = ORIENTED_EDGE ( 'NONE', *, *, #1605, .F. ) ;
#972 = VERTEX_POINT ( 'NONE', #5474 ) ;
#973 = EDGE_CURVE ( 'NONE', #6858, #6300, #6913, .T. ) ;
#974 = FACE_BOUND ( 'NONE', #1061, .T. ) ;
#975 = CARTESIAN_POINT ( 'NONE',  ( -64.62909303311401743, 35.28553912103630807, 15.04101924391704337 ) ) ;
#976 = EDGE_CURVE ( 'NONE', #1968, #5032, #4329, .T. ) ;
#977 = ORIENTED_EDGE ( 'NONE', *, *, #6752, .T. ) ;
#978 = ORIENTED_EDGE ( 'NONE', *, *, #1621, .T. ) ;
#979 = EDGE_LOOP ( 'NONE', ( #5748, #2705 ) ) ;
#980 = CARTESIAN_POINT ( 'NONE',  ( -61.49422863406000062, 73.70000000000000284, 23.52726047942448417 ) ) ;
#981 = CARTESIAN_POINT ( 'NONE',  ( 63.49999999999988631, 63.49999999999994316, 0.000000000000000000 ) ) ;
#982 = FACE_BOUND ( 'NONE', #6340, .T. ) ;
#983 = FACE_OUTER_BOUND ( 'NONE', #926, .T. ) ;
#984 = EDGE_CURVE ( 'NONE', #738, #2942, #857, .T. ) ;
#985 = EDGE_CURVE ( 'NONE', #1772, #1441, #6180, .T. ) ;
#986 = CARTESIAN_POINT ( 'NONE',  ( -13.80000000000000604, -37.50000000000000000, 6.349999999999999645 ) ) ;
#987 = EDGE_LOOP ( 'NONE', ( #210, #4393, #991, #2360 ) ) ;
#988 = CARTESIAN_POINT ( 'NONE',  ( -75.69999999997389750, -69.35000000000000853, 8.349999999999999645 ) ) ;
#989 = AXIS2_PLACEMENT_3D ( 'NONE', #575, #2750, #6531 ) ;
#990 = DIRECTION ( 'NONE',  ( 0.000000000000000000, -1.000000000000000000, 0.000000000000000000 ) ) ;
#991 = ORIENTED_EDGE ( 'NONE', *, *, #2995, .T. ) ;
#992 = CARTESIAN_POINT ( 'NONE',  ( 0.000000000000000000, 73.20000000000000284, 8.350000000000003197 ) ) ;
#993 = ORIENTED_EDGE ( 'NONE', *, *, #6448, .F. ) ;
#994 = DIRECTION ( 'NONE',  ( 1.000000000000000000, 0.000000000000000000, 0.000000000000000000 ) ) ;
#995 = AXIS2_PLACEMENT_3D ( 'NONE', #491, #6488, #1702 ) ;
#996 = VERTEX_POINT ( 'NONE', #1326 ) ;
#997 = EDGE_CURVE ( 'NONE', #5912, #6840, #1185, .T. ) ;
#998 = DIRECTION ( 'NONE',  ( -1.000000000000000000, 0.000000000000000000, -0.000000000000000000 ) ) ;
#999 = FACE_OUTER_BOUND ( 'NONE', #5130, .T. ) ;
#1000 = VECTOR ( 'NONE', #4780, 1000.000000000000000 ) ;
#1001 = VERTEX_POINT ( 'NONE', #1362 ) ;
#1002 = DIRECTION ( 'NONE',  ( -0.000000000000000000, -0.000000000000000000, -1.000000000000000000 ) ) ;
#1003 = ORIENTED_EDGE ( 'NONE', *, *, #3233, .F. ) ;
#1004 = EDGE_CURVE ( 'NONE', #5295, #1691, #1141, .T. ) ;
#1005 = ORIENTED_EDGE ( 'NONE', *, *, #6309, .F. ) ;
#1006 = AXIS2_PLACEMENT_3D ( 'NONE', #3778, #6610, #6563 ) ;
#1007 = VECTOR ( 'NONE', #6736, 1000.000000000000000 ) ;
#1008 = DIRECTION ( 'NONE',  ( -1.000000000000000000, -0.000000000000000000, -0.000000000000000000 ) ) ;
#1009 = CARTESIAN_POINT ( 'NONE',  ( -62.56175200903010847, 34.21175200905329916, 11.65559233926795990 ) ) ;
#1010 = EDGE_LOOP ( 'NONE', ( #4692, #512, #552, #394 ) ) ;
#1011 = CIRCLE ( 'NONE', #1696, 2.100000000000004530 ) ;
#1012 = AXIS2_PLACEMENT_3D ( 'NONE', #5591, #3913, #2264 ) ;
#1013 = DIRECTION ( 'NONE',  ( 0.000000000000000000, 0.000000000000000000, -1.000000000000000000 ) ) ;
#1014 = VECTOR ( 'NONE', #2846, 1000.000000000000000 ) ;
#1015 = ORIENTED_EDGE ( 'NONE', *, *, #1676, .T. ) ;
#1016 = EDGE_CURVE ( 'NONE', #1662, #5964, #4577, .T. ) ;
#1017 = VERTEX_POINT ( 'NONE', #5087 ) ;
#1018 = DIRECTION ( 'NONE',  ( 0.000000000000000000, 1.000000000000000000, 0.000000000000000000 ) ) ;
#1019 = CARTESIAN_POINT ( 'NONE',  ( 106.2000000000000028, 71.20000000000000284, 6.349999999999999645 ) ) ;
#1020 = CIRCLE ( 'NONE', #3307, 2.000000000000000000 ) ;
#1021 = AXIS2_PLACEMENT_3D ( 'NONE', #3645, #3087, #797 ) ;
#1022 = CIRCLE ( 'NONE', #223, 1.325000000000006839 ) ;
#1023 = CARTESIAN_POINT ( 'NONE',  ( -61.19108836740696233, 67.31597788441885655, 39.24714457224480668 ) ) ;
#1024 = CIRCLE ( 'NONE', #2732, 1.322739520575443750 ) ;
#1025 = CIRCLE ( 'NONE', #1943, 20.25000000000000355 ) ;
#1026 = AXIS2_PLACEMENT_3D ( 'NONE', #6933, #5931, #3116 ) ;
#1027 = CARTESIAN_POINT ( 'NONE',  ( 107.4500000000000028, -69.95000000000000284, 6.788750500400403176 ) ) ;
#1028 = AXIS2_PLACEMENT_3D ( 'NONE', #6620, #694, #4930 ) ;
#1029 = CARTESIAN_POINT ( 'NONE',  ( -31.70000000003532392, 70.70000000000000284, 16.35000000000000142 ) ) ;
#1030 = EDGE_LOOP ( 'NONE', ( #392, #6941, #3099, #5313 ) ) ;
#1031 = ADVANCED_FACE ( 'NONE', ( #5689 ), #3541, .F. ) ;
#1032 = FACE_BOUND ( 'NONE', #3969, .T. ) ;
#1033 = AXIS2_PLACEMENT_3D ( 'NONE', #3928, #5532, #640 ) ;
#1034 = CARTESIAN_POINT ( 'NONE',  ( 99.20000000000001705, -73.70000000000000284, 6.349999999999999645 ) ) ;
#1035 = DIRECTION ( 'NONE',  ( 0.000000000000000000, 0.000000000000000000, 1.000000000000000000 ) ) ;
#1036 = CARTESIAN_POINT ( 'NONE',  ( -108.9499999999738975, 63.85000000000000142, 44.35000000000000853 ) ) ;
#1037 = LINE ( 'NONE', #4845, #3193 ) ;
#1038 = EDGE_LOOP ( 'NONE', ( #1734, #6225, #1048, #839, #444, #1333 ) ) ;
#1039 = DIRECTION ( 'NONE',  ( 1.000000000000000000, 0.000000000000000000, 0.000000000000000000 ) ) ;
#1040 = VERTEX_POINT ( 'NONE', #320 ) ;
#1041 = CARTESIAN_POINT ( 'NONE',  ( -106.4499999999739117, 41.85000000000001563, 47.88553390593274628 ) ) ;
#1042 = ADVANCED_FACE ( 'NONE', ( #3009 ), #4636, .F. ) ;
#1043 = LINE ( 'NONE', #2757, #578 ) ;
#1044 = ORIENTED_EDGE ( 'NONE', *, *, #2593, .F. ) ;
#1045 = EDGE_CURVE ( 'NONE', #916, #6892, #2931, .T. ) ;
#1046 = CARTESIAN_POINT ( 'NONE',  ( -64.87500000000001421, -13.99999999999999822, 6.349999999999999645 ) ) ;
#1047 = VERTEX_POINT ( 'NONE', #216 ) ;
#1048 = ORIENTED_EDGE ( 'NONE', *, *, #4762, .T. ) ;
#1049 = DIRECTION ( 'NONE',  ( 0.000000000000000000, -0.000000000000000000, 1.000000000000000000 ) ) ;
#1050 = EDGE_CURVE ( 'NONE', #6576, #996, #2161, .T. ) ;
#1051 = CARTESIAN_POINT ( 'NONE',  ( -63.38016648700212130, 35.99818313573349826, 13.75717431575992045 ) ) ;
#1052 = VERTEX_POINT ( 'NONE', #6683 ) ;
#1053 = EDGE_CURVE ( 'NONE', #3799, #2672, #6572, .T. ) ;
#1054 = CARTESIAN_POINT ( 'NONE',  ( 101.2000000000000171, -76.20000000000000284, 8.350000000000003197 ) ) ;
#1055 = EDGE_LOOP ( 'NONE', ( #2768, #3364, #4120, #3684, #722, #707, #2352, #2740, #5762, #5334 ) ) ;
#1056 = VERTEX_POINT ( 'NONE', #5610 ) ;
#1057 = LINE ( 'NONE', #3231, #2944 ) ;
#1058 = EDGE_CURVE ( 'NONE', #2136, #644, #5885, .T. ) ;
#1059 = DIRECTION ( 'NONE',  ( 0.8660254037844385966, 0.000000000000000000, -0.5000000000000003331 ) ) ;
#1060 = CARTESIAN_POINT ( 'NONE',  ( -62.25337503228445257, 66.92250857099412542, 39.59893589382215850 ) ) ;
#1061 = EDGE_LOOP ( 'NONE', ( #1982, #468 ) ) ;
#1062 = DIRECTION ( 'NONE',  ( 0.000000000000000000, 0.000000000000000000, 1.000000000000000000 ) ) ;
#1063 = DIRECTION ( 'NONE',  ( 1.000000000000000000, 0.000000000000000000, 0.000000000000000000 ) ) ;
#1064 = EDGE_LOOP ( 'NONE', ( #5304, #215, #3507, #4282 ) ) ;
#1065 = CARTESIAN_POINT ( 'NONE',  ( -73.69999999997389750, -67.35000000000000853, 8.350000000007185008 ) ) ;
#1066 = CARTESIAN_POINT ( 'NONE',  ( -33.70000000023765097, 73.70000000000000284, 291599.6825000002864 ) ) ;
#1067 = EDGE_CURVE ( 'NONE', #6904, #3337, #680, .T. ) ;
#1068 = CYLINDRICAL_SURFACE ( 'NONE', #419, 1.000000000000000888 ) ;
#1069 = EDGE_LOOP ( 'NONE', ( #860, #6799, #3251, #3972, #4800, #1167, #4840, #586, #6145, #2894, #2991, #5238, #1601, #1564, #5736, #5329, #6628, #6868 ) ) ;
#1070 = DIRECTION ( 'NONE',  ( 0.000000000000000000, 0.000000000000000000, 1.000000000000000000 ) ) ;
#1071 = ORIENTED_EDGE ( 'NONE', *, *, #5471, .F. ) ;
#1072 = CARTESIAN_POINT ( 'NONE',  ( -53.70000000000000284, -67.35000000000000853, 10.02726047942455700 ) ) ;
#1073 = DIRECTION ( 'NONE',  ( 1.000000000000000000, 0.000000000000000000, 0.000000000000000000 ) ) ;
#1074 = ORIENTED_EDGE ( 'NONE', *, *, #342, .T. ) ;
#1075 = DIRECTION ( 'NONE',  ( 0.000000000000000000, -1.000000000000000000, 0.000000000000000000 ) ) ;
#1076 = ORIENTED_EDGE ( 'NONE', *, *, #4552, .T. ) ;
#1077 = ORIENTED_EDGE ( 'NONE', *, *, #50, .T. ) ;
#1078 = EDGE_CURVE ( 'NONE', #4963, #5020, #6527, .T. ) ;
#1079 = CYLINDRICAL_SURFACE ( 'NONE', #2849, 9.999999999999998224 ) ;
#1080 = CARTESIAN_POINT ( 'NONE',  ( -31.70000000003532392, 0.000000000000000000, 16.35000000000000142 ) ) ;
#1081 = PLANE ( 'NONE',  #7029 ) ;
#1082 = ORIENTED_EDGE ( 'NONE', *, *, #5298, .F. ) ;
#1083 = VERTEX_POINT ( 'NONE', #5055 ) ;
#1084 = ORIENTED_EDGE ( 'NONE', *, *, #4837, .T. ) ;
#1085 = CARTESIAN_POINT ( 'NONE',  ( -78.69999999997389750, 35.35000000000000853, 43.35000000000000853 ) ) ;
#1086 = FACE_OUTER_BOUND ( 'NONE', #5378, .T. ) ;
#1087 = EDGE_CURVE ( 'NONE', #3449, #1180, #2399, .T. ) ;
#1088 = DIRECTION ( 'NONE',  ( 1.000000000000000000, 0.000000000000000000, 0.000000000000000000 ) ) ;
#1089 = ORIENTED_EDGE ( 'NONE', *, *, #4398, .T. ) ;
#1090 = CARTESIAN_POINT ( 'NONE',  ( 104.2000000000000028, 0.000000000000000000, 54.35000000000000142 ) ) ;
#1091 = DIRECTION ( 'NONE',  ( -0.000000000000000000, 1.000000000000000000, 0.000000000000000000 ) ) ;
#1092 = EDGE_CURVE ( 'NONE', #6003, #6753, #4069, .T. ) ;
#1093 = VERTEX_POINT ( 'NONE', #4214 ) ;
#1094 = CARTESIAN_POINT ( 'NONE',  ( -63.69999999997390461, 66.35000000000000853, 37.35000000000000853 ) ) ;
#1095 = FACE_OUTER_BOUND ( 'NONE', #1478, .T. ) ;
#1096 = CARTESIAN_POINT ( 'NONE',  ( 104.2000000000000028, -69.20000000000000284, 8.350000000000003197 ) ) ;
#1097 = CARTESIAN_POINT ( 'NONE',  ( -73.20000000000000284, 25.35000000000000497, 8.349999999999999645 ) ) ;
#1098 = ORIENTED_EDGE ( 'NONE', *, *, #2133, .T. ) ;
#1099 = DIRECTION ( 'NONE',  ( -0.8660254037844394848, -0.000000000000000000, 0.4999999999999985012 ) ) ;
#1100 = ORIENTED_EDGE ( 'NONE', *, *, #6153, .T. ) ;
#1101 =( GEOMETRIC_REPRESENTATION_CONTEXT ( 3 ) GLOBAL_UNCERTAINTY_ASSIGNED_CONTEXT ( ( #4656 ) ) GLOBAL_UNIT_ASSIGNED_CONTEXT ( ( #6495, #4415, #530 ) ) REPRESENTATION_CONTEXT ( 'NONE', 'WORKASPACE' ) );
#1102 = LINE ( 'NONE', #3279, #3174 ) ;
#1103 = LINE ( 'NONE', #1611, #6588 ) ;
#1104 = EDGE_LOOP ( 'NONE', ( #2549, #2060 ) ) ;
#1105 = CIRCLE ( 'NONE', #2023, 9.999999999999998224 ) ;
#1106 = DIRECTION ( 'NONE',  ( 0.000000000000000000, 1.000000000000000000, 0.000000000000000000 ) ) ;
#1107 = VERTEX_POINT ( 'NONE', #2671 ) ;
#1108 = ORIENTED_EDGE ( 'NONE', *, *, #1428, .T. ) ;
#1109 = DIRECTION ( 'NONE',  ( 0.8660254037844389297, 0.000000000000000000, -0.4999999999999993339 ) ) ;
#1110 = ADVANCED_FACE ( 'NONE', ( #2642 ), #1506, .F. ) ;
#1111 = CARTESIAN_POINT ( 'NONE',  ( -31.70000000003532392, -70.69999999999997442, 16.35000000000000142 ) ) ;
#1112 = VECTOR ( 'NONE', #4579, 1000.000000000000000 ) ;
#1113 = DIRECTION ( 'NONE',  ( 1.000000000000000000, 0.000000000000000000, 0.000000000000000000 ) ) ;
#1114 = EDGE_CURVE ( 'NONE', #1623, #1547, #5890, .T. ) ;
#1115 = EDGE_CURVE ( 'NONE', #2882, #1657, #4783, .T. ) ;
#1116 = DIRECTION ( 'NONE',  ( -0.000000000000000000, -1.000000000000000000, -0.000000000000000000 ) ) ;
#1117 = VERTEX_POINT ( 'NONE', #2570 ) ;
#1118 = DIRECTION ( 'NONE',  ( 0.000000000000000000, 0.000000000000000000, -1.000000000000000000 ) ) ;
#1119 = ORIENTED_EDGE ( 'NONE', *, *, #73, .F. ) ;
#1120 = VECTOR ( 'NONE', #3375, 1000.000000000000000 ) ;
#1121 = VERTEX_POINT ( 'NONE', #3703 ) ;
#1122 = DIRECTION ( 'NONE',  ( 0.000000000000000000, -0.000000000000000000, 1.000000000000000000 ) ) ;
#1123 = CARTESIAN_POINT ( 'NONE',  ( 133.7000000000000171, -78.20000000000000284, 42.35000000000000142 ) ) ;
#1124 = CLOSED_SHELL ( 'NONE', ( #3323, #6238, #924, #4122, #4277, #22, #6944, #4269, #2483, #2676, #5732, #3952, #3007, #6802, #6026, #3486, #3491, #3421, #4479, #3882, #1782, #4387, #6475, #817, #7018, #353, #3309, #1189, #453, #1042, #3254, #6559, #270, #3708, #2744, #6491, #2340, #6067, #4184, #3605, #4514, #6727, #4820, #6969, #3127, #2891, #174, #1641, #4346, #6541, #4173, #1649, #3351, #304, #1993, #6979, #473, #1182, #6680, #3729, #2531, #555, #3318, #4914, #4697, #3535, #5246, #5603, #4034, #5060, #4124, #3266, #5489, #1418, #6252, #4718, #1628, #6403, #5634, #1031, #5276, #2402, #2448, #5279, #5761, #5384, #537, #4616, #2910, #2445, #1496, #3822, #3002, #1672, #505, #5588, #3970, #1739, #5974, #6071, #1866, #1568, #765, #2946, #5910, #4488, #4057, #6829, #324, #1704, #6202, #2226, #1806, #1973, #2472, #1322, #2089, #3811, #5073, #6094, #440, #64, #4562, #2361, #4705, #3016, #861, #660, #760, #4261, #6600, #2296, #1996, #2010, #5846, #4918, #7007, #277, #3787, #5175, #5577, #162, #2753, #1305, #1110, #646, #1841, #6762, #3435, #899, #6553, #6737, #835, #4527, #5407, #6222, #3834, #668, #482, #6608, #6749, #960, #3217, #151, #4961, #6501, #1460, #5394, #6299, #4679, #2641, #6104, #5421, #3973, #78, #6772, #4923, #5622, #6817, #382, #5745, #1966, #4470, #6898, #1318, #6504, #6035, #4294, #6530, #2921, #3506, #2756, #4685, #2202, #5970, #2378, #6291, #5810, #4942, #869, #171, #287, #4081, #489, #4957, #2022, #1754, #1477, #5850, #2829, #526, #5486 ) ) ;
#1125 = EDGE_CURVE ( 'NONE', #1640, #866, #1875, .T. ) ;
#1126 = VECTOR ( 'NONE', #4701, 1000.000000000000000 ) ;
#1127 = LINE ( 'NONE', #25, #5440 ) ;
#1128 = VECTOR ( 'NONE', #3459, 1000.000000000000000 ) ;
#1129 = EDGE_LOOP ( 'NONE', ( #5891, #2017 ) ) ;
#1130 = AXIS2_PLACEMENT_3D ( 'NONE', #3490, #1458, #4033 ) ;
#1131 = EDGE_CURVE ( 'NONE', #4088, #1922, #2034, .T. ) ;
#1132 = CARTESIAN_POINT ( 'NONE',  ( 43.80000000000001137, 58.70000000000000284, 33.00000000000000000 ) ) ;
#1133 = CARTESIAN_POINT ( 'NONE',  ( 64.70000000000000284, -7.750000000000000000, 6.349999999999999645 ) ) ;
#1134 = AXIS2_PLACEMENT_3D ( 'NONE', #6125, #3829, #2767 ) ;
#1135 = CIRCLE ( 'NONE', #222, 1.649999999999998579 ) ;
#1136 = TOROIDAL_SURFACE ( 'NONE', #3300, 8.000000000000000000, 2.000000000000000000 ) ;
#1137 = FACE_BOUND ( 'NONE', #3845, .T. ) ;
#1138 = AXIS2_PLACEMENT_3D ( 'NONE', #57, #1698, #4407 ) ;
#1139 = VECTOR ( 'NONE', #6193, 1000.000000000000000 ) ;
#1140 = CARTESIAN_POINT ( 'NONE',  ( 104.2000000000000028, -51.19999999999999574, 26.34999999999999787 ) ) ;
#1141 = CIRCLE ( 'NONE', #5114, 18.25000000000000355 ) ;
#1142 = AXIS2_PLACEMENT_3D ( 'NONE', #589, #3153, #5969 ) ;
#1143 = AXIS2_PLACEMENT_3D ( 'NONE', #187, #2981, #4011 ) ;
#1144 = CARTESIAN_POINT ( 'NONE',  ( -53.70000000000000284, 73.70000000000000284, 20.35000000000000142 ) ) ;
#1145 = CARTESIAN_POINT ( 'NONE',  ( -12.70000000000000284, -63.50000000000000000, 0.000000000000000000 ) ) ;
#1146 = ORIENTED_EDGE ( 'NONE', *, *, #5456, .T. ) ;
#1147 = CARTESIAN_POINT ( 'NONE',  ( 26214.27669607186181, 67.35000000000000853, 45508.82024963181175 ) ) ;
#1148 = AXIS2_PLACEMENT_3D ( 'NONE', #475, #5900, #2678 ) ;
#1149 = ORIENTED_EDGE ( 'NONE', *, *, #4552, .F. ) ;
#1150 =( BOUNDED_CURVE ( )  B_SPLINE_CURVE ( 3, ( #954, #1500, #4807, #5786 ),
 .UNSPECIFIED., .F., .F. ) 
 B_SPLINE_CURVE_WITH_KNOTS ( ( 4, 4 ),
 ( 1.570796326794896558, 3.141592653589793116 ),
 .UNSPECIFIED. ) 
 CURVE ( )  GEOMETRIC_REPRESENTATION_ITEM ( )  RATIONAL_B_SPLINE_CURVE ( ( 1.000000000000000000, 0.8047378541243649375, 0.8047378541243649375, 1.000000000000000000 ) ) 
 REPRESENTATION_ITEM ( '' )  );
#1151 = MECHANICAL_DESIGN_GEOMETRIC_PRESENTATION_REPRESENTATION (  '', ( #693 ), #2517 ) ;
#1152 = CARTESIAN_POINT ( 'NONE',  ( -12.70000000000000284, -63.50000000000000000, 6.349999999999999645 ) ) ;
#1153 = CARTESIAN_POINT ( 'NONE',  ( -76.20000000000000284, 35.35000000000000853, 16.35000000000000142 ) ) ;
#1154 = ORIENTED_EDGE ( 'NONE', *, *, #390, .T. ) ;
#1155 = CYLINDRICAL_SURFACE ( 'NONE', #3413, 2.000000000000001776 ) ;
#1156 = EDGE_LOOP ( 'NONE', ( #2211, #6209, #4935, #2370, #3243, #1356, #2243, #6218 ) ) ;
#1157 = ORIENTED_EDGE ( 'NONE', *, *, #1425, .F. ) ;
#1158 = LINE ( 'NONE', #45, #1378 ) ;
#1159 = DIRECTION ( 'NONE',  ( -0.000000000000000000, -0.000000000000000000, -1.000000000000000000 ) ) ;
#1160 = CARTESIAN_POINT ( 'NONE',  ( -58.93783880599766434, 30.58783880601740179, 7.801792918683709388 ) ) ;
#1161 = EDGE_CURVE ( 'NONE', #6402, #6467, #1037, .T. ) ;
#1162 = FACE_BOUND ( 'NONE', #4264, .T. ) ;
#1163 = ORIENTED_EDGE ( 'NONE', *, *, #1337, .T. ) ;
#1164 = DIRECTION ( 'NONE',  ( -0.000000000000000000, -1.000000000000000000, -0.000000000000000000 ) ) ;
#1165 = ORIENTED_EDGE ( 'NONE', *, *, #5048, .T. ) ;
#1166 = EDGE_CURVE ( 'NONE', #4390, #5374, #1711, .T. ) ;
#1167 = ORIENTED_EDGE ( 'NONE', *, *, #3784, .T. ) ;
#1168 = LINE ( 'NONE', #1625, #6675 ) ;
#1169 = CYLINDRICAL_SURFACE ( 'NONE', #5105, 2.100000000000004530 ) ;
#1170 = CARTESIAN_POINT ( 'NONE',  ( -107.6999999999739117, 41.85000000000001563, 47.88553390593274628 ) ) ;
#1171 = CARTESIAN_POINT ( 'NONE',  ( 99.20000000000001705, 73.70000000000000284, 6.349999999999999645 ) ) ;
#1172 = ORIENTED_EDGE ( 'NONE', *, *, #1638, .T. ) ;
#1173 = CARTESIAN_POINT ( 'NONE',  ( 88.79999999999999716, 58.70000000000000284, 6.350000000000001421 ) ) ;
#1174 = FACE_OUTER_BOUND ( 'NONE', #5040, .T. ) ;
#1175 = DIRECTION ( 'NONE',  ( 6.938893903907228378E-16, 0.000000000000000000, -1.000000000000000000 ) ) ;
#1176 = DIRECTION ( 'NONE',  ( -1.000000000000000000, 0.000000000000000000, 0.000000000000000000 ) ) ;
#1177 = CARTESIAN_POINT ( 'NONE',  ( -117.6999999999738975, 67.35000000000000853, 41.35000000000000142 ) ) ;
#1178 = LINE ( 'NONE', #2860, #2621 ) ;
#1179 = EDGE_CURVE ( 'NONE', #6856, #6858, #3112, .T. ) ;
#1180 = VERTEX_POINT ( 'NONE', #962 ) ;
#1181 = CARTESIAN_POINT ( 'NONE',  ( 101.2000000000000171, -76.20000000000000284, 54.35000000000000142 ) ) ;
#1182 = ADVANCED_FACE ( 'NONE', ( #4740 ), #467, .F. ) ;
#1183 = DIRECTION ( 'NONE',  ( 1.000000000000000000, 0.000000000000000000, 0.000000000000000000 ) ) ;
#1184 = ORIENTED_EDGE ( 'NONE', *, *, #5287, .T. ) ;
#1185 =( BOUNDED_CURVE ( )  B_SPLINE_CURVE ( 3, ( #4111, #4607, #6215, #789 ),
 .UNSPECIFIED., .F., .F. ) 
 B_SPLINE_CURVE_WITH_KNOTS ( ( 4, 4 ),
 ( 4.712388980384689674, 6.283185307179586232 ),
 .UNSPECIFIED. ) 
 CURVE ( )  GEOMETRIC_REPRESENTATION_ITEM ( )  RATIONAL_B_SPLINE_CURVE ( ( 1.000000000000000000, 0.8047378541243649375, 0.8047378541243649375, 1.000000000000000000 ) ) 
 REPRESENTATION_ITEM ( '' )  );
#1186 = LINE ( 'NONE', #2822, #2848 ) ;
#1187 = VERTEX_POINT ( 'NONE', #4814 ) ;
#1188 = VERTEX_POINT ( 'NONE', #6958 ) ;
#1189 = ADVANCED_FACE ( 'NONE', ( #3143 ), #5294, .F. ) ;
#1190 = DIRECTION ( 'NONE',  ( -0.000000000000000000, -0.000000000000000000, -1.000000000000000000 ) ) ;
#1191 = LINE ( 'NONE', #75, #7028 ) ;
#1192 = CARTESIAN_POINT ( 'NONE',  ( 106.3677805477688025, -68.86788156709386044, 6.357045213761453262 ) ) ;
#1193 = PLANE ( 'NONE',  #451 ) ;
#1194 = ORIENTED_EDGE ( 'NONE', *, *, #6655, .F. ) ;
#1195 = LINE ( 'NONE', #4933, #5775 ) ;
#1196 = EDGE_LOOP ( 'NONE', ( #466, #4981, #1282, #3146 ) ) ;
#1197 = ORIENTED_EDGE ( 'NONE', *, *, #4004, .F. ) ;
#1198 = LINE ( 'NONE', #1895, #886 ) ;
#1199 = DIRECTION ( 'NONE',  ( 6.167905692361981547E-16, 1.000000000000000000, -0.000000000000000000 ) ) ;
#1200 = DIRECTION ( 'NONE',  ( 0.000000000000000000, 0.000000000000000000, -1.000000000000000000 ) ) ;
#1201 = EDGE_CURVE ( 'NONE', #6654, #6481, #4279, .T. ) ;
#1202 = LINE ( 'NONE', #6028, #447 ) ;
#1203 = CARTESIAN_POINT ( 'NONE',  ( -45.90577136594008323, -67.35000000000000853, 24.85000000000003340 ) ) ;
#1204 = CARTESIAN_POINT ( 'NONE',  ( 0.000000000000000000, 47.60000000000000853, 17.77365965879586085 ) ) ;
#1205 = LINE ( 'NONE', #1746, #5559 ) ;
#1206 = EDGE_CURVE ( 'NONE', #3098, #5878, #115, .T. ) ;
#1207 = LINE ( 'NONE', #1710, #3864 ) ;
#1208 = EDGE_CURVE ( 'NONE', #6768, #3660, #498, .T. ) ;
#1209 = DIRECTION ( 'NONE',  ( -0.000000000000000000, 0.000000000000000000, 1.000000000000000000 ) ) ;
#1210 = FILL_AREA_STYLE_COLOUR ( '', #5753 ) ;
#1211 = CARTESIAN_POINT ( 'NONE',  ( -67.52500000000003411, -13.99999999999999822, 6.349999999999999645 ) ) ;
#1212 = ORIENTED_EDGE ( 'NONE', *, *, #6013, .F. ) ;
#1213 = CARTESIAN_POINT ( 'NONE',  ( 167.1999999999999886, -73.20000000000000284, 8.350000000000003197 ) ) ;
#1214 = DIRECTION ( 'NONE',  ( 0.000000000000000000, -1.000000000000000000, 0.000000000000000000 ) ) ;
#1215 = ORIENTED_EDGE ( 'NONE', *, *, #2056, .T. ) ;
#1216 = CARTESIAN_POINT ( 'NONE',  ( -107.6999999999739117, 63.85000000000000142, 47.88553390593274628 ) ) ;
#1217 = ORIENTED_EDGE ( 'NONE', *, *, #6586, .F. ) ;
#1218 = EDGE_CURVE ( 'NONE', #1236, #4808, #2282, .T. ) ;
#1219 = VERTEX_POINT ( 'NONE', #3601 ) ;
#1220 = CARTESIAN_POINT ( 'NONE',  ( 142.7000000000000171, 78.20000000000000284, 39.34999999999999432 ) ) ;
#1221 = LINE ( 'NONE', #3389, #3644 ) ;
#1222 = CARTESIAN_POINT ( 'NONE',  ( 106.2555940028616135, -68.82604768886264424, 6.350752473934781150 ) ) ;
#1223 = AXIS2_PLACEMENT_3D ( 'NONE', #3844, #3893, #4312 ) ;
#1224 =( BOUNDED_CURVE ( )  B_SPLINE_CURVE ( 3, ( #5112, #244, #2422, #4595 ),
 .UNSPECIFIED., .F., .F. ) 
 B_SPLINE_CURVE_WITH_KNOTS ( ( 4, 4 ),
 ( 0.000000000000000000, 1.570796326794896558 ),
 .UNSPECIFIED. ) 
 CURVE ( )  GEOMETRIC_REPRESENTATION_ITEM ( )  RATIONAL_B_SPLINE_CURVE ( ( 1.000000000000000000, 0.8047378541243649375, 0.8047378541243649375, 1.000000000000000000 ) ) 
 REPRESENTATION_ITEM ( '' )  );
#1225 = FACE_BOUND ( 'NONE', #1432, .T. ) ;
#1226 = ORIENTED_EDGE ( 'NONE', *, *, #6655, .T. ) ;
#1227 = EDGE_CURVE ( 'NONE', #916, #5210, #5750, .T. ) ;
#1228 = CARTESIAN_POINT ( 'NONE',  ( -78.69999999997389750, 67.35000000000000853, 40.35000000000000142 ) ) ;
#1229 = VERTEX_POINT ( 'NONE', #4712 ) ;
#1230 = ORIENTED_EDGE ( 'NONE', *, *, #1131, .T. ) ;
#1231 = VECTOR ( 'NONE', #4454, 1000.000000000000000 ) ;
#1232 = DIRECTION ( 'NONE',  ( 0.000000000000000000, 0.000000000000000000, -1.000000000000000000 ) ) ;
#1233 = LINE ( 'NONE', #4967, #6578 ) ;
#1234 = CARTESIAN_POINT ( 'NONE',  ( 66.30000000000001137, 36.19999999999999574, 2.600000000000000089 ) ) ;
#1235 = VECTOR ( 'NONE', #5132, 1000.000000000000000 ) ;
#1236 = VERTEX_POINT ( 'NONE', #1097 ) ;
#1237 = CARTESIAN_POINT ( 'NONE',  ( -30.52500000000003055, 14.00000000000000533, 6.349999999999999645 ) ) ;
#1238 = DIRECTION ( 'NONE',  ( 0.000000000000000000, 0.000000000000000000, -1.000000000000000000 ) ) ;
#1239 = FACE_OUTER_BOUND ( 'NONE', #6957, .T. ) ;
#1240 = AXIS2_PLACEMENT_3D ( 'NONE', #2725, #1622, #6776 ) ;
#1241 = VECTOR ( 'NONE', #6535, 1000.000000000000000 ) ;
#1242 = EDGE_CURVE ( 'NONE', #6846, #2974, #1715, .T. ) ;
#1243 = PLANE ( 'NONE',  #6685 ) ;
#1244 = AXIS2_PLACEMENT_3D ( 'NONE', #3523, #6774, #6172 ) ;
#1245 = CARTESIAN_POINT ( 'NONE',  ( 0.000000000000000000, 78.20000000000000284, 0.000000000000000000 ) ) ;
#1246 = AXIS2_PLACEMENT_3D ( 'NONE', #3592, #2656, #6974 ) ;
#1247 = VECTOR ( 'NONE', #130, 1000.000000000000000 ) ;
#1248 = CARTESIAN_POINT ( 'NONE',  ( -64.69999999997389750, 72.70000000000000284, 42.35000000000000853 ) ) ;
#1249 = AXIS2_PLACEMENT_3D ( 'NONE', #5288, #2026, #4200 ) ;
#1250 = EDGE_CURVE ( 'NONE', #1465, #3125, #1025, .T. ) ;
#1251 = CYLINDRICAL_SURFACE ( 'NONE', #2071, 1.322739520575443750 ) ;
#1252 = EDGE_LOOP ( 'NONE', ( #416, #4039 ) ) ;
#1253 = AXIS2_PLACEMENT_3D ( 'NONE', #4620, #1413, #6766 ) ;
#1254 = FACE_OUTER_BOUND ( 'NONE', #2321, .T. ) ;
#1255 = VECTOR ( 'NONE', #5720, 1000.000000000000000 ) ;
#1256 = VECTOR ( 'NONE', #4503, 1000.000000000000000 ) ;
#1257 = AXIS2_PLACEMENT_3D ( 'NONE', #6014, #2826, #5541 ) ;
#1258 = FACE_OUTER_BOUND ( 'NONE', #5004, .T. ) ;
#1259 = ORIENTED_EDGE ( 'NONE', *, *, #2206, .T. ) ;
#1260 = VECTOR ( 'NONE', #4360, 1000.000000000000000 ) ;
#1261 = DIRECTION ( 'NONE',  ( -0.000000000000000000, 1.000000000000000000, 0.000000000000000000 ) ) ;
#1262 = ORIENTED_EDGE ( 'NONE', *, *, #5840, .F. ) ;
#1263 = ORIENTED_EDGE ( 'NONE', *, *, #5547, .F. ) ;
#1264 = AXIS2_PLACEMENT_3D ( 'NONE', #714, #6713, #1852 ) ;
#1265 = EDGE_CURVE ( 'NONE', #3853, #4615, #2019, .T. ) ;
#1266 = CARTESIAN_POINT ( 'NONE',  ( -106.4499999999739259, 63.85000000000000142, 6.350000000000001421 ) ) ;
#1267 = CARTESIAN_POINT ( 'NONE',  ( -27.87500000000001776, 14.00000000000000533, 0.000000000000000000 ) ) ;
#1268 = CIRCLE ( 'NONE', #2174, 1.000000000000000888 ) ;
#1269 = CARTESIAN_POINT ( 'NONE',  ( -55.07449351749520616, 26.72449351751071944, 6.350000000002652634 ) ) ;
#1270 = EDGE_CURVE ( 'NONE', #5506, #3337, #2817, .T. ) ;
#1271 = FACE_OUTER_BOUND ( 'NONE', #2504, .T. ) ;
#1272 = ORIENTED_EDGE ( 'NONE', *, *, #3796, .T. ) ;
#1273 = DIRECTION ( 'NONE',  ( -1.000000000000000000, 0.000000000000000000, 0.000000000000000000 ) ) ;
#1274 = ORIENTED_EDGE ( 'NONE', *, *, #4019, .T. ) ;
#1275 = ORIENTED_EDGE ( 'NONE', *, *, #5874, .T. ) ;
#1276 = EDGE_CURVE ( 'NONE', #377, #2869, #6037, .T. ) ;
#1277 = PLANE ( 'NONE',  #1012 ) ;
#1278 = FACE_OUTER_BOUND ( 'NONE', #5214, .T. ) ;
#1279 = EDGE_CURVE ( 'NONE', #5700, #6937, #5406, .T. ) ;
#1280 = CYLINDRICAL_SURFACE ( 'NONE', #799, 1.000000000000000888 ) ;
#1281 = ORIENTED_EDGE ( 'NONE', *, *, #1913, .T. ) ;
#1282 = ORIENTED_EDGE ( 'NONE', *, *, #5339, .F. ) ;
#1283 = CARTESIAN_POINT ( 'NONE',  ( -63.69999999997390461, 73.70000000000000284, 41.35000000000000142 ) ) ;
#1284 = SHAPE_DEFINITION_REPRESENTATION ( #2405, #172 ) ;
#1285 = CARTESIAN_POINT ( 'NONE',  ( 62.30000000000001847, 32.94999999999999574, 33.00000000000000000 ) ) ;
#1286 = MANIFOLD_SOLID_BREP ( 'Boss-Extrude13', #1124 ) ;
#1287 = CARTESIAN_POINT ( 'NONE',  ( -13.80000000000000604, -37.50000000000000000, 6.349999999999999645 ) ) ;
#1288 = DIRECTION ( 'NONE',  ( -0.000000000000000000, -0.000000000000000000, -1.000000000000000000 ) ) ;
#1289 = FACE_OUTER_BOUND ( 'NONE', #4356, .T. ) ;
#1290 = CARTESIAN_POINT ( 'NONE',  ( -92.70000000000000284, 73.70000000000000284, 8.349999999999997868 ) ) ;
#1291 = ORIENTED_EDGE ( 'NONE', *, *, #2265, .F. ) ;
#1292 = EDGE_CURVE ( 'NONE', #5051, #5310, #538, .T. ) ;
#1293 = DIRECTION ( 'NONE',  ( 1.000000000000000000, 0.000000000000000000, 0.000000000000000000 ) ) ;
#1294 = CARTESIAN_POINT ( 'NONE',  ( -33.70000000000000995, 70.70000000000000284, 16.35000000000000142 ) ) ;
#1295 = EDGE_CURVE ( 'NONE', #6839, #3782, #2244, .T. ) ;
#1296 = ORIENTED_EDGE ( 'NONE', *, *, #5456, .F. ) ;
#1297 = DIRECTION ( 'NONE',  ( 0.000000000000000000, 0.000000000000000000, 1.000000000000000000 ) ) ;
#1298 = ORIENTED_EDGE ( 'NONE', *, *, #6769, .T. ) ;
#1299 = VERTEX_POINT ( 'NONE', #4978 ) ;
#1300 = DIRECTION ( 'NONE',  ( 0.000000000000000000, 0.000000000000000000, 1.000000000000000000 ) ) ;
#1301 = CARTESIAN_POINT ( 'NONE',  ( 106.6891123211303380, -69.18909392500623312, 6.410534373370540884 ) ) ;
#1302 = DIRECTION ( 'NONE',  ( 1.000000000000000000, 0.000000000000000000, 0.000000000000000000 ) ) ;
#1303 = EDGE_LOOP ( 'NONE', ( #6539, #6909, #6323, #5871 ) ) ;
#1305 = ADVANCED_FACE ( 'NONE', ( #4919 ), #4878, .F. ) ;
#1304 = CARTESIAN_POINT ( 'NONE',  ( 43.80000000000001137, 58.70000000000000284, 6.350000000000001421 ) ) ;
#1306 = VERTEX_POINT ( 'NONE', #3274 ) ;
#1307 = VERTEX_POINT ( 'NONE', #100 ) ;
#1308 = CARTESIAN_POINT ( 'NONE',  ( -79.69999999997389750, 72.70000000000000284, 43.35000000000000853 ) ) ;
#1309 = FACE_OUTER_BOUND ( 'NONE', #7006, .T. ) ;
#1310 = CARTESIAN_POINT ( 'NONE',  ( 172.1999999999999886, -68.19999999999997442, 54.35000000000000142 ) ) ;
#1311 = VERTEX_POINT ( 'NONE', #1607 ) ;
#1312 = ORIENTED_EDGE ( 'NONE', *, *, #4797, .T. ) ;
#1313 = CARTESIAN_POINT ( 'NONE',  ( 0.000000000000000000, 0.000000000000000000, 36.00000000000000711 ) ) ;
#1314 = CARTESIAN_POINT ( 'NONE',  ( 167.1999999999999886, 73.20000000000000284, 54.35000000000000142 ) ) ;
#1315 = DIRECTION ( 'NONE',  ( -0.000000000000000000, 1.000000000000000000, -0.000000000000000000 ) ) ;
#1316 = CARTESIAN_POINT ( 'NONE',  ( 99.20000000000001705, 0.000000000000000000, 8.350000000000003197 ) ) ;
#1317 = CARTESIAN_POINT ( 'NONE',  ( -53.70000000000000284, -67.35000000000000853, 20.35000000000000142 ) ) ;
#1318 = ADVANCED_FACE ( 'NONE', ( #2285 ), #1068, .T. ) ;
#1319 = DIRECTION ( 'NONE',  ( -0.000000000000000000, 1.000000000000000000, -0.000000000000000000 ) ) ;
#1320 = DIRECTION ( 'NONE',  ( 1.000000000000000000, -0.000000000000000000, -0.000000000000000000 ) ) ;
#1321 = ORIENTED_EDGE ( 'NONE', *, *, #5540, .T. ) ;
#1322 = ADVANCED_FACE ( 'NONE', ( #4382 ), #2704, .F. ) ;
#1323 = CARTESIAN_POINT ( 'NONE',  ( 0.000000000000000000, 33.35000000000000142, 18.34999999999999787 ) ) ;
#1324 = CYLINDRICAL_SURFACE ( 'NONE', #3089, 1.322739520575443750 ) ;
#1325 = VERTEX_POINT ( 'NONE', #63 ) ;
#1326 = CARTESIAN_POINT ( 'NONE',  ( -77.69999999997389750, 72.70000000000000284, 42.35000000000000853 ) ) ;
#1327 = ORIENTED_EDGE ( 'NONE', *, *, #3726, .F. ) ;
#1328 = DIRECTION ( 'NONE',  ( 1.000000000000000000, 0.000000000000000000, 0.000000000000000000 ) ) ;
#1329 = ORIENTED_EDGE ( 'NONE', *, *, #1810, .F. ) ;
#1330 = CARTESIAN_POINT ( 'NONE',  ( -31.70000000003531682, -70.69999999999997442, 6.349999999999999645 ) ) ;
#1331 = CARTESIAN_POINT ( 'NONE',  ( -76.20000000000000284, -76.20000000000000284, 0.000000000000000000 ) ) ;
#1332 = CARTESIAN_POINT ( 'NONE',  ( 36.19999999999999574, 37.50000000000000000, 6.349999999999999645 ) ) ;
#1333 = ORIENTED_EDGE ( 'NONE', *, *, #3287, .F. ) ;
#1334 = CARTESIAN_POINT ( 'NONE',  ( 0.000000000000000000, -71.20000000000000284, 8.349999999999999645 ) ) ;
#1335 = ORIENTED_EDGE ( 'NONE', *, *, #6226, .T. ) ;
#1336 = ORIENTED_EDGE ( 'NONE', *, *, #2814, .T. ) ;
#1337 = EDGE_CURVE ( 'NONE', #733, #5841, #2241, .T. ) ;
#1338 = FACE_OUTER_BOUND ( 'NONE', #5282, .T. ) ;
#1339 = CIRCLE ( 'NONE', #5302, 18.25000000000000355 ) ;
#1340 = DIRECTION ( 'NONE',  ( -1.000000000000000000, 0.000000000000000000, 0.000000000000000000 ) ) ;
#1341 = CARTESIAN_POINT ( 'NONE',  ( -15.90000000000000391, -37.50000000000000000, 6.349999999999999645 ) ) ;
#1342 = ORIENTED_EDGE ( 'NONE', *, *, #6777, .F. ) ;
#1343 = VECTOR ( 'NONE', #4404, 1000.000000000000000 ) ;
#1344 = ORIENTED_EDGE ( 'NONE', *, *, #748, .T. ) ;
#1345 = LINE ( 'NONE', #3515, #3727 ) ;
#1346 = FACE_OUTER_BOUND ( 'NONE', #3115, .T. ) ;
#1347 = LINE ( 'NONE', #2809, #1468 ) ;
#1348 = EDGE_CURVE ( 'NONE', #321, #1623, #1905, .T. ) ;
#1349 = AXIS2_PLACEMENT_3D ( 'NONE', #6890, #6394, #1039 ) ;
#1350 = DIRECTION ( 'NONE',  ( 0.000000000000000000, -0.000000000000000000, -1.000000000000000000 ) ) ;
#1351 = EDGE_CURVE ( 'NONE', #5862, #347, #2792, .T. ) ;
#1352 = PLANE ( 'NONE',  #2033 ) ;
#1353 = CARTESIAN_POINT ( 'NONE',  ( -60.79744412193167591, 67.34841702287988596, 39.22752926945950236 ) ) ;
#1354 = CARTESIAN_POINT ( 'NONE',  ( -79.69999999997389750, 39.35000000000000853, 6.349999999999999645 ) ) ;
#1355 = AXIS2_PLACEMENT_3D ( 'NONE', #3455, #2343, #4027 ) ;
#1356 = ORIENTED_EDGE ( 'NONE', *, *, #726, .F. ) ;
#1357 = LINE ( 'NONE', #5607, #6339 ) ;
#1358 = DIRECTION ( 'NONE',  ( 0.000000000000000000, -1.000000000000000000, 0.000000000000000000 ) ) ;
#1359 = VECTOR ( 'NONE', #5659, 1000.000000000000000 ) ;
#1360 = AXIS2_PLACEMENT_3D ( 'NONE', #6420, #3734, #4206 ) ;
#1361 = EDGE_LOOP ( 'NONE', ( #6613, #103, #1865, #5274 ) ) ;
#1362 = CARTESIAN_POINT ( 'NONE',  ( 85.79999999999998295, 16.70000000000001350, 33.00000000000000000 ) ) ;
#1363 = ORIENTED_EDGE ( 'NONE', *, *, #3701, .F. ) ;
#1364 = VECTOR ( 'NONE', #6819, 1000.000000000000000 ) ;
#1365 = FACE_OUTER_BOUND ( 'NONE', #1386, .T. ) ;
#1366 = ORIENTED_EDGE ( 'NONE', *, *, #5343, .F. ) ;
#1367 = AXIS2_PLACEMENT_3D ( 'NONE', #1646, #3854, #3899 ) ;
#1368 = VECTOR ( 'NONE', #260, 1000.000000000000000 ) ;
#1369 = VECTOR ( 'NONE', #1116, 1000.000000000000000 ) ;
#1370 = LINE ( 'NONE', #6835, #3757 ) ;
#1371 = DIRECTION ( 'NONE',  ( -1.000000000000000000, 0.000000000000000000, 0.000000000000000000 ) ) ;
#1372 = PRODUCT_DEFINITION_FORMATION_WITH_SPECIFIED_SOURCE ( 'ANY', '', #2858, .NOT_KNOWN. ) ;
#1373 = AXIS2_PLACEMENT_3D ( 'NONE', #5971, #590, #3154 ) ;
#1374 = CARTESIAN_POINT ( 'NONE',  ( 63.50000000000000000, -63.50000000000000000, 6.349999999999999645 ) ) ;
#1375 = VECTOR ( 'NONE', #5826, 1000.000000000000000 ) ;
#1376 = AXIS2_PLACEMENT_3D ( 'NONE', #3707, #5857, #998 ) ;
#1377 = DIRECTION ( 'NONE',  ( -0.000000000000000000, -0.000000000000000000, -1.000000000000000000 ) ) ;
#1378 = VECTOR ( 'NONE', #588, 1000.000000000000000 ) ;
#1379 = ORIENTED_EDGE ( 'NONE', *, *, #6154, .T. ) ;
#1380 = ORIENTED_EDGE ( 'NONE', *, *, #2237, .F. ) ;
#1381 = AXIS2_PLACEMENT_3D ( 'NONE', #1294, #6615, #4389 ) ;
#1382 = CARTESIAN_POINT ( 'NONE',  ( -106.4499999999739259, 63.85000000000000142, 41.35000000000000142 ) ) ;
#1383 = DIRECTION ( 'NONE',  ( 0.000000000000000000, 0.000000000000000000, 1.000000000000000000 ) ) ;
#1384 = EDGE_CURVE ( 'NONE', #5212, #3855, #6778, .T. ) ;
#1385 = ORIENTED_EDGE ( 'NONE', *, *, #4344, .T. ) ;
#1386 = EDGE_LOOP ( 'NONE', ( #6237, #3795, #1119, #3685 ) ) ;
#1387 = SPHERICAL_SURFACE ( 'NONE', #1678, 1.000000000000000000 ) ;
#1388 = CARTESIAN_POINT ( 'NONE',  ( -11.70000000000000817, -37.50000000000000000, 0.000000000000000000 ) ) ;
#1389 = CARTESIAN_POINT ( 'NONE',  ( -79.69999999997389750, 67.35000000000000853, 20.35000000000000142 ) ) ;
#1390 = DIRECTION ( 'NONE',  ( 1.000000000000000000, 0.000000000000000000, 0.000000000000000000 ) ) ;
#1391 = LINE ( 'NONE', #4599, #1452 ) ;
#1392 = EDGE_CURVE ( 'NONE', #5264, #219, #5415, .T. ) ;
#1393 = CARTESIAN_POINT ( 'NONE',  ( -45.37468245268883038, -67.35000000000000853, 9.769872981024718683 ) ) ;
#1394 = ORIENTED_EDGE ( 'NONE', *, *, #4764, .T. ) ;
#1395 = CARTESIAN_POINT ( 'NONE',  ( -78.20000000000000284, 73.70000000000000284, 6.349999999999999645 ) ) ;
#1396 = DIRECTION ( 'NONE',  ( 0.000000000000000000, 0.000000000000000000, -1.000000000000000000 ) ) ;
#1397 = DIRECTION ( 'NONE',  ( 1.000000000000000000, 0.000000000000000000, 0.000000000000000000 ) ) ;
#1398 = EDGE_CURVE ( 'NONE', #1956, #5825, #749, .T. ) ;
#1399 = VERTEX_POINT ( 'NONE', #2427 ) ;
#1400 = EDGE_CURVE ( 'NONE', #2229, #6534, #1818, .T. ) ;
#1401 = DIRECTION ( 'NONE',  ( -0.000000000000000000, -0.000000000000000000, 1.000000000000000000 ) ) ;
#1402 = VERTEX_POINT ( 'NONE', #6672 ) ;
#1403 = DIRECTION ( 'NONE',  ( 1.000000000000000000, -5.337610695313255329E-16, 0.000000000000000000 ) ) ;
#1404 = VERTEX_POINT ( 'NONE', #4063 ) ;
#1405 = EDGE_CURVE ( 'NONE', #6654, #3326, #6207, .T. ) ;
#1406 = CARTESIAN_POINT ( 'NONE',  ( -108.9499999999738975, 63.85000000000000142, 47.88553390593274628 ) ) ;
#1407 = CARTESIAN_POINT ( 'NONE',  ( 142.7000000000000455, 76.20000000000000284, 42.35000000000000142 ) ) ;
#1408 = DIRECTION ( 'NONE',  ( -1.000000000000000000, 0.000000000000000000, 0.000000000000000000 ) ) ;
#1409 = DIRECTION ( 'NONE',  ( -1.000000000000000000, -0.000000000000000000, -0.000000000000000000 ) ) ;
#1410 = ORIENTED_EDGE ( 'NONE', *, *, #2237, .T. ) ;
#1411 = ORIENTED_EDGE ( 'NONE', *, *, #6311, .T. ) ;
#1412 = CARTESIAN_POINT ( 'NONE',  ( -63.69999999997390461, 67.35000000000000853, 37.35000000000000853 ) ) ;
#1413 = DIRECTION ( 'NONE',  ( 0.000000000000000000, -0.000000000000000000, 1.000000000000000000 ) ) ;
#1414 = EDGE_LOOP ( 'NONE', ( #1291, #4139, #485, #4383 ) ) ;
#1415 = ORIENTED_EDGE ( 'NONE', *, *, #379, .T. ) ;
#1416 = ORIENTED_EDGE ( 'NONE', *, *, #1265, .T. ) ;
#1417 = LINE ( 'NONE', #2585, #4752 ) ;
#1418 = ADVANCED_FACE ( 'NONE', ( #1289 ), #5712, .F. ) ;
#1419 = DIRECTION ( 'NONE',  ( -0.000000000000000000, 1.000000000000000000, -0.000000000000000000 ) ) ;
#1420 = LINE ( 'NONE', #204, #1364 ) ;
#1421 = CARTESIAN_POINT ( 'NONE',  ( -60.79744412193167591, 67.34841702287988596, 39.22752926945950236 ) ) ;
#1422 = DIRECTION ( 'NONE',  ( -0.000000000000000000, -0.000000000000000000, -1.000000000000000000 ) ) ;
#1423 = CARTESIAN_POINT ( 'NONE',  ( -426289.1795817549573, 67.35000000000000853, 246113.2923773869406 ) ) ;
#1424 = ORIENTED_EDGE ( 'NONE', *, *, #2115, .T. ) ;
#1425 = EDGE_CURVE ( 'NONE', #3956, #5580, #4526, .T. ) ;
#1426 = CARTESIAN_POINT ( 'NONE',  ( -117.6999999999738975, 35.76421356237310079, 0.4142135623730951455 ) ) ;
#1427 = CARTESIAN_POINT ( 'NONE',  ( -78.20000000000000284, 75.70000000000000284, 6.349999999999999645 ) ) ;
#1428 = EDGE_CURVE ( 'NONE', #6724, #5758, #2925, .T. ) ;
#1429 = DIRECTION ( 'NONE',  ( 0.000000000000000000, 0.000000000000000000, 1.000000000000000000 ) ) ;
#1430 = DIRECTION ( 'NONE',  ( -0.000000000000000000, -0.000000000000000000, -1.000000000000000000 ) ) ;
#1431 = DIRECTION ( 'NONE',  ( 1.000000000000000000, -0.000000000000000000, -0.000000000000000000 ) ) ;
#1432 = EDGE_LOOP ( 'NONE', ( #2300, #6991 ) ) ;
#1433 = DIRECTION ( 'NONE',  ( -0.000000000000000000, -1.000000000000000000, -0.000000000000000000 ) ) ;
#1434 = ORIENTED_EDGE ( 'NONE', *, *, #5765, .F. ) ;
#1435 = CARTESIAN_POINT ( 'NONE',  ( -78.69999999997389750, 66.35000000000000853, 37.35000000000000853 ) ) ;
#1436 = EDGE_CURVE ( 'NONE', #4828, #3337, #1391, .T. ) ;
#1437 = EDGE_CURVE ( 'NONE', #1306, #5626, #2999, .T. ) ;
#1438 = VERTEX_POINT ( 'NONE', #3996 ) ;
#1439 = EDGE_CURVE ( 'NONE', #1896, #3855, #5153, .T. ) ;
#1440 = DIRECTION ( 'NONE',  ( 1.000000000000000000, 0.000000000000000000, 0.000000000000000000 ) ) ;
#1441 = VERTEX_POINT ( 'NONE', #3422 ) ;
#1442 = ORIENTED_EDGE ( 'NONE', *, *, #1405, .F. ) ;
#1443 = CARTESIAN_POINT ( 'NONE',  ( 36.19999999999999574, 37.50000000000000000, 6.349999999999999645 ) ) ;
#1444 = CARTESIAN_POINT ( 'NONE',  ( -116.6999999999738975, 73.70000000000000284, 0.000000000000000000 ) ) ;
#1445 = EDGE_CURVE ( 'NONE', #5550, #1306, #3564, .T. ) ;
#1446 = ORIENTED_EDGE ( 'NONE', *, *, #1550, .F. ) ;
#1447 = ORIENTED_EDGE ( 'NONE', *, *, #2771, .T. ) ;
#1448 = ORIENTED_EDGE ( 'NONE', *, *, #2475, .F. ) ;
#1449 = DIRECTION ( 'NONE',  ( 0.000000000000000000, -1.000000000000000000, 0.000000000000000000 ) ) ;
#1450 = CARTESIAN_POINT ( 'NONE',  ( -97.20000000000001705, 45.32728445445477661, 16.84999999999999432 ) ) ;
#1451 = CARTESIAN_POINT ( 'NONE',  ( 99.20000000000001705, 75.70000000000000284, 20.35000000000000142 ) ) ;
#1452 = VECTOR ( 'NONE', #3954, 1000.000000000000000 ) ;
#1453 = CARTESIAN_POINT ( 'NONE',  ( -92.70000000000000284, 67.35000000000000853, 25.35000000000000497 ) ) ;
#1454 = CARTESIAN_POINT ( 'NONE',  ( -101.7000000000000028, 45.32728445445477661, 8.350000000000001421 ) ) ;
#1455 = ORIENTED_EDGE ( 'NONE', *, *, #6826, .F. ) ;
#1456 = CARTESIAN_POINT ( 'NONE',  ( -116.6999999999738975, 35.35000000000000853, 0.000000000000000000 ) ) ;
#1457 = AXIS2_PLACEMENT_3D ( 'NONE', #6741, #274, #774 ) ;
#1458 = DIRECTION ( 'NONE',  ( -0.000000000000000000, -1.000000000000000000, -0.000000000000000000 ) ) ;
#1459 = ORIENTED_EDGE ( 'NONE', *, *, #4213, .T. ) ;
#1460 = ADVANCED_FACE ( 'NONE', ( #6716 ), #849, .F. ) ;
#1461 = VECTOR ( 'NONE', #5267, 1000.000000000000000 ) ;
#1462 = DIRECTION ( 'NONE',  ( 0.000000000000000000, 0.000000000000000000, 1.000000000000000000 ) ) ;
#1463 = ORIENTED_EDGE ( 'NONE', *, *, #5708, .F. ) ;
#1464 = PLANE ( 'NONE',  #89 ) ;
#1465 = VERTEX_POINT ( 'NONE', #2892 ) ;
#1466 = FACE_BOUND ( 'NONE', #2059, .T. ) ;
#1467 = VECTOR ( 'NONE', #497, 1000.000000000000000 ) ;
#1468 = VECTOR ( 'NONE', #4973, 1000.000000000000000 ) ;
#1469 = PLANE ( 'NONE',  #2280 ) ;
#1470 = EDGE_CURVE ( 'NONE', #2667, #6039, #3487, .T. ) ;
#1471 = CYLINDRICAL_SURFACE ( 'NONE', #5780, 1.200000000000006617 ) ;
#1472 = VERTEX_POINT ( 'NONE', #1248 ) ;
#1473 = VECTOR ( 'NONE', #1035, 1000.000000000000000 ) ;
#1474 = CARTESIAN_POINT ( 'NONE',  ( 104.2000000000000028, -49.19999999999999574, 24.34999999999999787 ) ) ;
#1475 = ORIENTED_EDGE ( 'NONE', *, *, #5204, .F. ) ;
#1476 = AXIS2_PLACEMENT_3D ( 'NONE', #3870, #2227, #3335 ) ;
#1477 = ADVANCED_FACE ( 'NONE', ( #717, #176 ), #6414, .F. ) ;
#1478 = EDGE_LOOP ( 'NONE', ( #6269, #1947, #4293 ) ) ;
#1479 = VECTOR ( 'NONE', #2199, 1000.000000000000000 ) ;
#1480 = VECTOR ( 'NONE', #4518, 1000.000000000000000 ) ;
#1481 = AXIS2_PLACEMENT_3D ( 'NONE', #6631, #3803, #598 ) ;
#1482 = DIRECTION ( 'NONE',  ( -0.000000000000000000, -1.000000000000000000, -0.000000000000000000 ) ) ;
#1483 = AXIS2_PLACEMENT_3D ( 'NONE', #429, #4925, #4887 ) ;
#1484 = DIRECTION ( 'NONE',  ( 0.000000000000000000, 0.000000000000000000, -1.000000000000000000 ) ) ;
#1485 = VECTOR ( 'NONE', #4005, 1000.000000000000000 ) ;
#1486 = AXIS2_PLACEMENT_3D ( 'NONE', #3224, #6404, #6376 ) ;
#1487 = VECTOR ( 'NONE', #6653, 1000.000000000000000 ) ;
#1488 = VERTEX_POINT ( 'NONE', #4669 ) ;
#1489 = ORIENTED_EDGE ( 'NONE', *, *, #2387, .T. ) ;
#1490 = EDGE_CURVE ( 'NONE', #5834, #2128, #5784, .T. ) ;
#1491 = CIRCLE ( 'NONE', #5448, 1.000000000000000888 ) ;
#1492 = ORIENTED_EDGE ( 'NONE', *, *, #1741, .T. ) ;
#1493 = DIRECTION ( 'NONE',  ( 0.000000000000000000, 0.000000000000000000, -1.000000000000000000 ) ) ;
#1494 = VECTOR ( 'NONE', #2497, 1000.000000000000114 ) ;
#1495 = CARTESIAN_POINT ( 'NONE',  ( -63.68863137398171403, 73.70000000000000284, 41.42322809957315144 ) ) ;
#1496 = ADVANCED_FACE ( 'NONE', ( #2532 ), #2561, .F. ) ;
#1497 = VECTOR ( 'NONE', #3992, 1000.000000000000000 ) ;
#1498 = DIRECTION ( 'NONE',  ( -1.000000000000000000, 0.000000000000000000, 0.000000000000000000 ) ) ;
#1499 = CARTESIAN_POINT ( 'NONE',  ( 104.2000000000000028, -67.20000000000000284, 26.34999999999999787 ) ) ;
#1500 = CARTESIAN_POINT ( 'NONE',  ( -72.37157287525380411, 35.35000000000000853, 17.17842712474618949 ) ) ;
#1501 = ORIENTED_EDGE ( 'NONE', *, *, #4384, .F. ) ;
#1502 = FILL_AREA_STYLE_COLOUR ( '', #5991 ) ;
#1503 = DIRECTION ( 'NONE',  ( 1.000000000000000000, 0.000000000000000000, -0.000000000000000000 ) ) ;
#1504 = CARTESIAN_POINT ( 'NONE',  ( 104.2000000000000028, -67.20000000000000284, 24.34999999999999787 ) ) ;
#1505 = ORIENTED_EDGE ( 'NONE', *, *, #3547, .T. ) ;
#1506 = CYLINDRICAL_SURFACE ( 'NONE', #5896, 2.000000000000001776 ) ;
#1507 = VERTEX_POINT ( 'NONE', #1499 ) ;
#1508 = EDGE_CURVE ( 'NONE', #533, #4903, #3614, .T. ) ;
#1509 = CARTESIAN_POINT ( 'NONE',  ( -53.69999999997389750, 25.35000000000000497, 6.349999999999999645 ) ) ;
#1510 = VERTEX_POINT ( 'NONE', #6850 ) ;
#1511 = EDGE_CURVE ( 'NONE', #2441, #3032, #1989, .T. ) ;
#1512 = CYLINDRICAL_SURFACE ( 'NONE', #1026, 1.000000000000000888 ) ;
#1513 = FACE_BOUND ( 'NONE', #1038, .T. ) ;
#1514 = EDGE_LOOP ( 'NONE', ( #4960, #3432, #3260, #2146 ) ) ;
#1515 = CYLINDRICAL_SURFACE ( 'NONE', #5223, 2.000000000000000000 ) ;
#1516 = VERTEX_POINT ( 'NONE', #6310 ) ;
#1517 = ORIENTED_EDGE ( 'NONE', *, *, #390, .F. ) ;
#1518 = CARTESIAN_POINT ( 'NONE',  ( -33.70000000000000995, 73.70000000000000284, 16.35000000000000142 ) ) ;
#1519 = DIRECTION ( 'NONE',  ( 1.000000000000000000, 0.000000000000000000, 0.000000000000000000 ) ) ;
#1520 = EDGE_CURVE ( 'NONE', #1107, #1983, #3668, .T. ) ;
#1521 = EDGE_CURVE ( 'NONE', #822, #5281, #3159, .T. ) ;
#1522 = ORIENTED_EDGE ( 'NONE', *, *, #245, .T. ) ;
#1523 = EDGE_LOOP ( 'NONE', ( #5905, #2443 ) ) ;
#1524 = ORIENTED_EDGE ( 'NONE', *, *, #1295, .T. ) ;
#1525 = CARTESIAN_POINT ( 'NONE',  ( -79.69999999997389750, 72.70000000000000284, 43.35000000000000853 ) ) ;
#1526 = DIRECTION ( 'NONE',  ( -0.000000000000000000, 1.000000000000000000, -0.000000000000000000 ) ) ;
#1527 = CARTESIAN_POINT ( 'NONE',  ( -116.6999999999738975, 35.35000000000000853, 43.35000000000000853 ) ) ;
#1528 = DIRECTION ( 'NONE',  ( 1.000000000000000000, 0.000000000000000000, 0.000000000000000000 ) ) ;
#1529 = CARTESIAN_POINT ( 'NONE',  ( -52.30288568300522911, 67.35000000000000853, 13.76987298107934521 ) ) ;
#1530 = VERTEX_POINT ( 'NONE', #1453 ) ;
#1531 = CARTESIAN_POINT ( 'NONE',  ( 133.7000000000000171, -76.20000000000000284, 42.35000000000000142 ) ) ;
#1532 = DIRECTION ( 'NONE',  ( 0.000000000000000000, 1.000000000000000000, 0.000000000000000000 ) ) ;
#1533 = ORIENTED_EDGE ( 'NONE', *, *, #24, .T. ) ;
#1534 = CARTESIAN_POINT ( 'NONE',  ( -73.20000000000000284, 25.35000000000000497, 16.35000000000000142 ) ) ;
#1535 = VERTEX_POINT ( 'NONE', #354 ) ;
#1536 = CARTESIAN_POINT ( 'NONE',  ( 133.7000000000000171, -78.20000000000000284, 42.35000000000000142 ) ) ;
#1537 = ORIENTED_EDGE ( 'NONE', *, *, #3561, .F. ) ;
#1538 = EDGE_CURVE ( 'NONE', #4698, #963, #6950, .T. ) ;
#1539 = FACE_OUTER_BOUND ( 'NONE', #595, .T. ) ;
#1540 = PLANE ( 'NONE',  #1148 ) ;
#1541 = ORIENTED_EDGE ( 'NONE', *, *, #110, .T. ) ;
#1542 = DIRECTION ( 'NONE',  ( 0.7071067811865475727, -0.7071067811865475727, 0.000000000000000000 ) ) ;
#1543 = ORIENTED_EDGE ( 'NONE', *, *, #3744, .T. ) ;
#1544 = EDGE_LOOP ( 'NONE', ( #1718, #2465, #4468, #4672, #5177 ) ) ;
#1545 = DIRECTION ( 'NONE',  ( -1.000000000000000000, -0.000000000000000000, 0.000000000000000000 ) ) ;
#1546 = CARTESIAN_POINT ( 'NONE',  ( -60.96909425682784445, 31.95826750623023571, 8.816131882499286476 ) ) ;
#1547 = VERTEX_POINT ( 'NONE', #923 ) ;
#1548 = DIRECTION ( 'NONE',  ( -1.000000000000000000, 0.000000000000000000, 0.000000000000000000 ) ) ;
#1549 = ORIENTED_EDGE ( 'NONE', *, *, #6510, .F. ) ;
#1550 = EDGE_CURVE ( 'NONE', #880, #4929, #3625, .T. ) ;
#1551 = ORIENTED_EDGE ( 'NONE', *, *, #3726, .T. ) ;
#1552 = LINE ( 'NONE', #5354, #5870 ) ;
#1553 = CARTESIAN_POINT ( 'NONE',  ( 101.2000000000000171, -49.19999999999999574, 24.34999999999999787 ) ) ;
#1554 = CARTESIAN_POINT ( 'NONE',  ( -15.90000000000001101, 37.50000000000001421, 6.349999999999999645 ) ) ;
#1555 = CARTESIAN_POINT ( 'NONE',  ( 34.10000000000000142, 37.50000000000000000, 6.349999999999999645 ) ) ;
#1556 = DIRECTION ( 'NONE',  ( -0.000000000000000000, 1.000000000000000000, -0.000000000000000000 ) ) ;
#1557 = EDGE_CURVE ( 'NONE', #1056, #1052, #3695, .T. ) ;
#1558 = EDGE_LOOP ( 'NONE', ( #5563, #4572, #4888, #6886 ) ) ;
#1559 = FACE_BOUND ( 'NONE', #5514, .T. ) ;
#1560 = FACE_OUTER_BOUND ( 'NONE', #4386, .T. ) ;
#1561 = AXIS2_PLACEMENT_3D ( 'NONE', #3242, #4946, #1636 ) ;
#1562 = EDGE_CURVE ( 'NONE', #3697, #5618, #5742, .T. ) ;
#1563 = CARTESIAN_POINT ( 'NONE',  ( 64.70000000000000284, 7.750000000000000000, 5.249999999999999112 ) ) ;
#1564 = ORIENTED_EDGE ( 'NONE', *, *, #5090, .T. ) ;
#1565 = CARTESIAN_POINT ( 'NONE',  ( -76.20000000000000284, -69.35000000000000853, 8.349999999999999645 ) ) ;
#1566 = ORIENTED_EDGE ( 'NONE', *, *, #1206, .F. ) ;
#1567 = CARTESIAN_POINT ( 'NONE',  ( -13.80000000000000604, 37.50000000000001421, 6.349999999999999645 ) ) ;
#1568 = ADVANCED_FACE ( 'NONE', ( #983 ), #3104, .T. ) ;
#1569 = VECTOR ( 'NONE', #4802, 1000.000000000000000 ) ;
#1570 = ORIENTED_EDGE ( 'NONE', *, *, #6928, .F. ) ;
#1571 = DIRECTION ( 'NONE',  ( 0.000000000000000000, 0.000000000000000000, -1.000000000000000000 ) ) ;
#1572 = DIRECTION ( 'NONE',  ( 0.000000000000000000, 0.000000000000000000, -1.000000000000000000 ) ) ;
#1573 = CIRCLE ( 'NONE', #203, 2.000000000000000000 ) ;
#1574 = ORIENTED_EDGE ( 'NONE', *, *, #4179, .T. ) ;
#1575 = FACE_OUTER_BOUND ( 'NONE', #5996, .T. ) ;
#1576 = ORIENTED_EDGE ( 'NONE', *, *, #6244, .F. ) ;
#1577 = ORIENTED_EDGE ( 'NONE', *, *, #3792, .F. ) ;
#1578 = AXIS2_PLACEMENT_3D ( 'NONE', #33, #4414, #1668 ) ;
#1579 = AXIS2_PLACEMENT_3D ( 'NONE', #6630, #5009, #1340 ) ;
#1580 = DIRECTION ( 'NONE',  ( -0.000000000000000000, 1.000000000000000000, 0.000000000000000000 ) ) ;
#1581 = CARTESIAN_POINT ( 'NONE',  ( -60.04758580809693314, 31.69758580812966287, 8.586313703001486886 ) ) ;
#1582 = EDGE_LOOP ( 'NONE', ( #4530, #3461, #1262, #3907 ) ) ;
#1583 = VECTOR ( 'NONE', #1871, 1000.000000000000000 ) ;
#1584 = AXIS2_PLACEMENT_3D ( 'NONE', #5315, #3306, #5459 ) ;
#1585 = DIRECTION ( 'NONE',  ( -0.000000000000000000, -0.000000000000000000, -1.000000000000000000 ) ) ;
#1586 = VECTOR ( 'NONE', #355, 1000.000000000000000 ) ;
#1587 = ORIENTED_EDGE ( 'NONE', *, *, #4170, .F. ) ;
#1588 = VERTEX_POINT ( 'NONE', #457 ) ;
#1589 = DIRECTION ( 'NONE',  ( -0.000000000000000000, -0.000000000000000000, -1.000000000000000000 ) ) ;
#1590 = CIRCLE ( 'NONE', #3407, 10.00000000000000000 ) ;
#1591 = CIRCLE ( 'NONE', #678, 2.000000000000000000 ) ;
#1592 = CARTESIAN_POINT ( 'NONE',  ( -107.6999999999739117, 41.85000000000001563, 47.88553390593274628 ) ) ;
#1593 = AXIS2_PLACEMENT_3D ( 'NONE', #6045, #2788, #6075 ) ;
#1594 = VECTOR ( 'NONE', #4849, 1000.000000000000000 ) ;
#1595 = EDGE_CURVE ( 'NONE', #1691, #5295, #1339, .T. ) ;
#1596 = DIRECTION ( 'NONE',  ( 0.000000000000000000, -1.000000000000000000, 0.000000000000000000 ) ) ;
#1597 = VECTOR ( 'NONE', #4138, 1000.000000000000000 ) ;
#1598 = VECTOR ( 'NONE', #1571, 1000.000000000000000 ) ;
#1599 = FACE_OUTER_BOUND ( 'NONE', #3126, .T. ) ;
#1600 = CYLINDRICAL_SURFACE ( 'NONE', #5778, 2.000000000000001776 ) ;
#1601 = ORIENTED_EDGE ( 'NONE', *, *, #5118, .F. ) ;
#1602 = PLANE ( 'NONE',  #6591 ) ;
#1603 = VECTOR ( 'NONE', #1859, 1000.000000000000000 ) ;
#1604 = CARTESIAN_POINT ( 'NONE',  ( -71.20000000000000284, 25.35000000000000497, 6.349999999999999645 ) ) ;
#1605 = EDGE_CURVE ( 'NONE', #4637, #5352, #649, .T. ) ;
#1606 = FACE_OUTER_BOUND ( 'NONE', #4035, .T. ) ;
#1607 = CARTESIAN_POINT ( 'NONE',  ( -53.70000000000000284, -67.35000000000000853, 12.67273952057544406 ) ) ;
#1608 = ORIENTED_EDGE ( 'NONE', *, *, #6668, .T. ) ;
#1609 = VERTEX_POINT ( 'NONE', #2067 ) ;
#1610 = PLANE ( 'NONE',  #4106 ) ;
#1611 = CARTESIAN_POINT ( 'NONE',  ( -63.72436103046334921, 0.000000000000000000, 41.56938231736487666 ) ) ;
#1612 = ORIENTED_EDGE ( 'NONE', *, *, #5770, .F. ) ;
#1613 = DIRECTION ( 'NONE',  ( 0.000000000000000000, -1.000000000000000000, 0.000000000000000000 ) ) ;
#1614 = ORIENTED_EDGE ( 'NONE', *, *, #3918, .F. ) ;
#1615 = EDGE_CURVE ( 'NONE', #2835, #1833, #3030, .T. ) ;
#1616 = ORIENTED_EDGE ( 'NONE', *, *, #6972, .T. ) ;
#1617 = DIRECTION ( 'NONE',  ( -0.000000000000000000, -0.000000000000000000, 1.000000000000000000 ) ) ;
#1618 = LINE ( 'NONE', #1080, #5221 ) ;
#1619 = FACE_BOUND ( 'NONE', #3282, .T. ) ;
#1620 = ORIENTED_EDGE ( 'NONE', *, *, #2738, .T. ) ;
#1621 = EDGE_CURVE ( 'NONE', #6904, #5506, #6997, .T. ) ;
#1622 = DIRECTION ( 'NONE',  ( 0.000000000000000000, 1.000000000000000000, 0.000000000000000000 ) ) ;
#1623 = VERTEX_POINT ( 'NONE', #878 ) ;
#1624 = EDGE_LOOP ( 'NONE', ( #4813, #4853, #2469, #266 ) ) ;
#1625 = CARTESIAN_POINT ( 'NONE',  ( 170.1999999999999886, -76.20000000000001705, 188.0826607960165404 ) ) ;
#1626 = CARTESIAN_POINT ( 'NONE',  ( -117.6999999999738975, 72.70000000000000284, 1.000000000000000000 ) ) ;
#1627 = CARTESIAN_POINT ( 'NONE',  ( -107.6999999999739117, 41.85000000000001563, 6.350000000000001421 ) ) ;
#1628 = ADVANCED_FACE ( 'NONE', ( #3063 ), #1744, .F. ) ;
#1629 = ORIENTED_EDGE ( 'NONE', *, *, #5028, .F. ) ;
#1630 = CARTESIAN_POINT ( 'NONE',  ( 36.19999999999999574, -37.50000000000000000, 6.349999999999999645 ) ) ;
#1631 = LINE ( 'NONE', #3314, #335 ) ;
#1632 = EDGE_LOOP ( 'NONE', ( #1829, #302, #1459, #6121 ) ) ;
#1633 = LINE ( 'NONE', #6525, #2631 ) ;
#1634 = DIRECTION ( 'NONE',  ( -1.000000000000000000, 0.000000000000000000, -0.000000000000000000 ) ) ;
#1635 = DIRECTION ( 'NONE',  ( -0.000000000000000000, -1.000000000000000000, -0.000000000000000000 ) ) ;
#1636 = DIRECTION ( 'NONE',  ( 1.000000000000000000, 0.000000000000000000, 0.000000000000000000 ) ) ;
#1637 = ORIENTED_EDGE ( 'NONE', *, *, #3258, .F. ) ;
#1638 = EDGE_CURVE ( 'NONE', #127, #5684, #3772, .T. ) ;
#1639 = DIRECTION ( 'NONE',  ( -1.000000000000000000, 0.000000000000000000, 0.000000000000000000 ) ) ;
#1640 = VERTEX_POINT ( 'NONE', #1027 ) ;
#1641 = ADVANCED_FACE ( 'NONE', ( #27 ), #2807, .F. ) ;
#1642 = CARTESIAN_POINT ( 'NONE',  ( 75.00000000000000000, 1.408343819019456373E-15, 6.349999999999999645 ) ) ;
#1643 = DIRECTION ( 'NONE',  ( 0.000000000000000000, 1.000000000000000000, -0.000000000000000000 ) ) ;
#1644 = EDGE_CURVE ( 'NONE', #1325, #559, #3267, .T. ) ;
#1645 = ORIENTED_EDGE ( 'NONE', *, *, #794, .F. ) ;
#1646 = CARTESIAN_POINT ( 'NONE',  ( 85.79999999999998295, 0.000000000000000000, 33.00000000000000000 ) ) ;
#1647 = EDGE_LOOP ( 'NONE', ( #6253, #3019, #1616, #4817 ) ) ;
#1648 = VERTEX_POINT ( 'NONE', #1173 ) ;
#1649 = ADVANCED_FACE ( 'NONE', ( #2234 ), #2664, .F. ) ;
#1650 = PLANE ( 'NONE',  #2736 ) ;
#1651 = CYLINDRICAL_SURFACE ( 'NONE', #4560, 1.000000000000000888 ) ;
#1652 = FACE_OUTER_BOUND ( 'NONE', #158, .T. ) ;
#1653 = EDGE_CURVE ( 'NONE', #3553, #4127, #3804, .T. ) ;
#1654 = CARTESIAN_POINT ( 'NONE',  ( -71.20000000000000284, 35.35000000000000853, 18.34999999999999787 ) ) ;
#1655 = EDGE_LOOP ( 'NONE', ( #1003, #2035, #1184, #5475 ) ) ;
#1656 = CARTESIAN_POINT ( 'NONE',  ( 62.30000000000000426, -7.750000000000000000, 5.249999999999999112 ) ) ;
#1657 = VERTEX_POINT ( 'NONE', #2776 ) ;
#1658 = ORIENTED_EDGE ( 'NONE', *, *, #5263, .F. ) ;
#1659 = PLANE ( 'NONE',  #4197 ) ;
#1660 = CARTESIAN_POINT ( 'NONE',  ( -33.70000000003532392, 68.70000000000000284, 18.34999999999999787 ) ) ;
#1661 = CARTESIAN_POINT ( 'NONE',  ( -53.70000000000000284, 73.70000000000000284, 20.35000000000000142 ) ) ;
#1662 = VERTEX_POINT ( 'NONE', #4940 ) ;
#1663 = EDGE_CURVE ( 'NONE', #3782, #5281, #6030, .T. ) ;
#1664 = CARTESIAN_POINT ( 'NONE',  ( -63.69999999997390461, 73.70000000000000284, 0.000000000000000000 ) ) ;
#1665 = DIRECTION ( 'NONE',  ( -0.000000000000000000, -0.000000000000000000, 1.000000000000000000 ) ) ;
#1666 = LINE ( 'NONE', #6032, #6925 ) ;
#1667 = DIRECTION ( 'NONE',  ( 0.000000000000000000, 0.000000000000000000, -1.000000000000000000 ) ) ;
#1668 = DIRECTION ( 'NONE',  ( 0.000000000000000000, 0.000000000000000000, 1.000000000000000000 ) ) ;
#1669 = VERTEX_POINT ( 'NONE', #561 ) ;
#1670 = DIRECTION ( 'NONE',  ( 1.000000000000000000, 0.000000000000000000, 0.000000000000000000 ) ) ;
#1671 = ORIENTED_EDGE ( 'NONE', *, *, #5699, .F. ) ;
#1672 = ADVANCED_FACE ( 'NONE', ( #6605 ), #629, .T. ) ;
#1673 = VECTOR ( 'NONE', #249, 1000.000000000000000 ) ;
#1674 = DIRECTION ( 'NONE',  ( 1.000000000000000000, 0.000000000000000000, 0.000000000000000000 ) ) ;
#1675 = LINE ( 'NONE', #4529, #5789 ) ;
#1676 = EDGE_CURVE ( 'NONE', #403, #5381, #4910, .T. ) ;
#1677 = ORIENTED_EDGE ( 'NONE', *, *, #1877, .F. ) ;
#1678 = AXIS2_PLACEMENT_3D ( 'NONE', #4161, #3026, #6847 ) ;
#1679 =( BOUNDED_CURVE ( )  B_SPLINE_CURVE ( 3, ( #5694, #4074, #1938, #4581 ),
 .UNSPECIFIED., .F., .F. ) 
 B_SPLINE_CURVE_WITH_KNOTS ( ( 4, 4 ),
 ( 4.712388980384689674, 5.387520513321723215 ),
 .UNSPECIFIED. ) 
 CURVE ( )  GEOMETRIC_REPRESENTATION_ITEM ( )  RATIONAL_B_SPLINE_CURVE ( ( 1.000000000000000000, 0.9623757713646634571, 0.9623757713646634571, 1.000000000000000000 ) ) 
 REPRESENTATION_ITEM ( '' )  );
#1680 = FACE_OUTER_BOUND ( 'NONE', #4610, .T. ) ;
#1681 = ORIENTED_EDGE ( 'NONE', *, *, #1400, .F. ) ;
#1682 = ORIENTED_EDGE ( 'NONE', *, *, #1725, .T. ) ;
#1683 = CARTESIAN_POINT ( 'NONE',  ( -29.20000000000002416, 14.00000000000000533, 6.349999999999999645 ) ) ;
#1684 = CARTESIAN_POINT ( 'NONE',  ( -23.70000000003532037, 68.70000000000000284, 8.349999999999999645 ) ) ;
#1685 = AXIS2_PLACEMENT_3D ( 'NONE', #830, #2436, #6756 ) ;
#1686 = CARTESIAN_POINT ( 'NONE',  ( -63.69999999997390461, 36.35000000000000142, 16.35000000000000142 ) ) ;
#1687 = DIRECTION ( 'NONE',  ( -0.8660254037844390407, 0.000000000000000000, 0.4999999999999993894 ) ) ;
#1688 = EDGE_LOOP ( 'NONE', ( #4696, #3478, #1197, #3756, #6423, #6074 ) ) ;
#1689 = EDGE_CURVE ( 'NONE', #5626, #1657, #2138, .T. ) ;
#1690 = CARTESIAN_POINT ( 'NONE',  ( 66.30000000000001137, 36.19999999999999574, 20.00000000000000355 ) ) ;
#1691 = VERTEX_POINT ( 'NONE', #2741 ) ;
#1692 = ORIENTED_EDGE ( 'NONE', *, *, #1206, .T. ) ;
#1693 = DIRECTION ( 'NONE',  ( -1.000000000000000000, 0.000000000000000000, 0.000000000000000000 ) ) ;
#1694 = DIRECTION ( 'NONE',  ( 0.000000000000000000, -1.000000000000000000, -0.000000000000000000 ) ) ;
#1695 = CARTESIAN_POINT ( 'NONE',  ( -67.52500000000004832, 14.00000000000000533, 0.000000000000000000 ) ) ;
#1696 = AXIS2_PLACEMENT_3D ( 'NONE', #2442, #6838, #3470 ) ;
#1697 = VECTOR ( 'NONE', #3095, 1000.000000000000000 ) ;
#1698 = DIRECTION ( 'NONE',  ( 0.000000000000000000, 1.000000000000000000, -0.000000000000000000 ) ) ;
#1699 = AXIS2_PLACEMENT_3D ( 'NONE', #6040, #3426, #2895 ) ;
#1700 = ORIENTED_EDGE ( 'NONE', *, *, #6256, .T. ) ;
#1701 = VECTOR ( 'NONE', #2132, 1000.000000000000114 ) ;
#1702 = DIRECTION ( 'NONE',  ( 0.000000000000000000, 0.000000000000000000, 1.000000000000000000 ) ) ;
#1703 = CARTESIAN_POINT ( 'NONE',  ( -47.30288568302398744, -67.35000000000000853, 22.43012701892155292 ) ) ;
#1704 = ADVANCED_FACE ( 'NONE', ( #4971 ), #6557, .F. ) ;
#1705 = AXIS2_PLACEMENT_3D ( 'NONE', #2356, #727, #3903 ) ;
#1706 = AXIS2_PLACEMENT_3D ( 'NONE', #6199, #6093, #1238 ) ;
#1707 = LINE ( 'NONE', #7022, #6018 ) ;
#1708 = AXIS2_PLACEMENT_3D ( 'NONE', #937, #3118, #3476 ) ;
#1709 = VECTOR ( 'NONE', #1846, 1000.000000000000114 ) ;
#1710 = CARTESIAN_POINT ( 'NONE',  ( 101.2000000000000171, 0.000000000000000000, 8.350000000000003197 ) ) ;
#1711 = CIRCLE ( 'NONE', #5673, 2.000000000000000000 ) ;
#1712 = AXIS2_PLACEMENT_3D ( 'NONE', #4495, #4464, #3322 ) ;
#1713 = AXIS2_PLACEMENT_3D ( 'NONE', #2253, #2793, #4471 ) ;
#1714 = CARTESIAN_POINT ( 'NONE',  ( 167.1999999999999602, 73.20000000000001705, 7.178427124746191268 ) ) ;
#1715 = LINE ( 'NONE', #6566, #2854 ) ;
#1716 = CARTESIAN_POINT ( 'NONE',  ( 104.2000000000000028, -69.20000000000000284, 26.34999999999999787 ) ) ;
#1717 = CIRCLE ( 'NONE', #5902, 2.000000000000001776 ) ;
#1718 = ORIENTED_EDGE ( 'NONE', *, *, #1786, .T. ) ;
#1719 = VECTOR ( 'NONE', #2286, 1000.000000000000000 ) ;
#1720 = B_SPLINE_CURVE_WITH_KNOTS ( 'NONE', 3,
 ( #5917, #4240, #1023, #520, #5875, #4163, #1060, #6413, #3725, #7013, #4300, #2021, #5843, #3771, #4761, #3234, #5385, #3667 ),
 .UNSPECIFIED., .F., .F.,
 ( 4, 2, 2, 2, 2, 2, 2, 2, 4 ),
 ( 0.009238316702817463838, 0.009830068504850443534, 0.01042182030688342149, 0.01101357210891640119, 0.01160532391094936354, 0.01219707571298232762, 0.01278882751501529171, 0.01338057931704825579, 0.01397233111908121814 ),
 .UNSPECIFIED. ) ;
#1721 = VECTOR ( 'NONE', #3840, 1000.000000000000000 ) ;
#1722 = CARTESIAN_POINT ( 'NONE',  ( -53.69999999997389750, 25.35000000000000497, 6.349999999999999645 ) ) ;
#1723 = CARTESIAN_POINT ( 'NONE',  ( -79.69999999997389750, 73.70000000000000284, 43.35000000000000853 ) ) ;
#1724 = ORIENTED_EDGE ( 'NONE', *, *, #1562, .T. ) ;
#1725 = EDGE_CURVE ( 'NONE', #3047, #2271, #1909, .T. ) ;
#1726 = CARTESIAN_POINT ( 'NONE',  ( -79.69999999997389750, 36.35000000000000853, 43.35000000000000853 ) ) ;
#1727 = ORIENTED_EDGE ( 'NONE', *, *, #4170, .T. ) ;
#1728 = EDGE_LOOP ( 'NONE', ( #5080, #3542, #4782, #5275 ) ) ;
#1729 = EDGE_CURVE ( 'NONE', #4037, #4402, #5979, .T. ) ;
#1730 = CARTESIAN_POINT ( 'NONE',  ( -29.20000000000002416, -13.99999999999999467, 6.349999999999999645 ) ) ;
#1731 = CARTESIAN_POINT ( 'NONE',  ( -77.69999999997389750, 67.35000000000000853, 38.35000000000000853 ) ) ;
#1732 = CARTESIAN_POINT ( 'NONE',  ( 106.7773042125018605, -69.27723997211397489, 6.434704475037484883 ) ) ;
#1733 = FACE_BOUND ( 'NONE', #2189, .T. ) ;
#1734 = ORIENTED_EDGE ( 'NONE', *, *, #5260, .F. ) ;
#1735 = FACE_OUTER_BOUND ( 'NONE', #5909, .T. ) ;
#1736 = ORIENTED_EDGE ( 'NONE', *, *, #2133, .F. ) ;
#1737 = ORIENTED_EDGE ( 'NONE', *, *, #1265, .F. ) ;
#1738 = CARTESIAN_POINT ( 'NONE',  ( 99.20000000000001705, 76.20000000000000284, 8.350000000000003197 ) ) ;
#1739 = ADVANCED_FACE ( 'NONE', ( #1599 ), #5491, .F. ) ;
#1740 = CARTESIAN_POINT ( 'NONE',  ( -63.66623173715206718, 64.79885329602998922, 41.35000000000000142 ) ) ;
#1741 = EDGE_CURVE ( 'NONE', #3739, #12, #3916, .T. ) ;
#1742 = LINE ( 'NONE', #5037, #3876 ) ;
#1743 = CARTESIAN_POINT ( 'NONE',  ( -79.69999999997389750, 36.35000000000000853, 44.35000000000000853 ) ) ;
#1744 = CYLINDRICAL_SURFACE ( 'NONE', #995, 1.322739520575443750 ) ;
#1745 = CARTESIAN_POINT ( 'NONE',  ( -45.90577136594008323, -67.35000000000000853, 24.85000000000003340 ) ) ;
#1746 = CARTESIAN_POINT ( 'NONE',  ( -60.69999999997389750, 67.35000000000000853, 20.35000000000000142 ) ) ;
#1747 = CARTESIAN_POINT ( 'NONE',  ( 132.4842712474618907, -49.19999999999999574, 6.349999999999999645 ) ) ;
#1748 = EDGE_CURVE ( 'NONE', #3356, #2698, #5357, .T. ) ;
#1749 = CARTESIAN_POINT ( 'NONE',  ( -92.70000000000000284, 73.70000000000000284, 11.48809735261820464 ) ) ;
#1750 = SURFACE_SIDE_STYLE ('',( #2135 ) ) ;
#1751 = DIRECTION ( 'NONE',  ( 1.000000000000000000, 0.000000000000000000, 0.000000000000000000 ) ) ;
#1752 = EDGE_LOOP ( 'NONE', ( #3285, #2691 ) ) ;
#1753 = CARTESIAN_POINT ( 'NONE',  ( -63.72328237394175687, 64.35979794879453664, 41.56460353977003308 ) ) ;
#1754 = ADVANCED_FACE ( 'NONE', ( #4556, #4517 ), #6711, .T. ) ;
#1755 = EDGE_CURVE ( 'NONE', #6856, #6724, #1800, .T. ) ;
#1756 = CARTESIAN_POINT ( 'NONE',  ( -107.6999999999739117, 41.85000000000001563, 44.35000000000000853 ) ) ;
#1757 = ORIENTED_EDGE ( 'NONE', *, *, #6673, .T. ) ;
#1758 = CARTESIAN_POINT ( 'NONE',  ( -53.70000000000000284, -73.70000000000000284, 20.35000000000000142 ) ) ;
#1759 = VERTEX_POINT ( 'NONE', #5597 ) ;
#1760 = VERTEX_POINT ( 'NONE', #6632 ) ;
#1761 = DIRECTION ( 'NONE',  ( -0.000000000000000000, -0.000000000000000000, -1.000000000000000000 ) ) ;
#1762 = CARTESIAN_POINT ( 'NONE',  ( 34.09999999999999432, -37.50000000000000000, 6.349999999999999645 ) ) ;
#1763 = CARTESIAN_POINT ( 'NONE',  ( 106.6277389981028278, -69.12773852057559054, 6.396273713955567430 ) ) ;
#1764 = DIRECTION ( 'NONE',  ( -1.000000000000000000, 0.000000000000000000, 9.251858538542962756E-15 ) ) ;
#1765 = ORIENTED_EDGE ( 'NONE', *, *, #6673, .F. ) ;
#1766 = CARTESIAN_POINT ( 'NONE',  ( -73.19999999999998863, -65.35000000000000853, 16.35000000000000142 ) ) ;
#1767 = ORIENTED_EDGE ( 'NONE', *, *, #1918, .T. ) ;
#1768 = ORIENTED_EDGE ( 'NONE', *, *, #1638, .F. ) ;
#1769 = DIRECTION ( 'NONE',  ( -0.000000000000000000, 0.000000000000000000, 1.000000000000000000 ) ) ;
#1770 = DIRECTION ( 'NONE',  ( 0.7071067811865474617, -0.7071067811865474617, 0.000000000000000000 ) ) ;
#1771 = EDGE_CURVE ( 'NONE', #644, #3853, #200, .T. ) ;
#1772 = VERTEX_POINT ( 'NONE', #6198 ) ;
#1773 = CARTESIAN_POINT ( 'NONE',  ( 99.20000000000001705, 68.70000000000000284, 54.35000000000000142 ) ) ;
#1774 = CYLINDRICAL_SURFACE ( 'NONE', #104, 2.099999999999997868 ) ;
#1775 = DIRECTION ( 'NONE',  ( 0.000000000000000000, 0.000000000000000000, -1.000000000000000000 ) ) ;
#1776 = CARTESIAN_POINT ( 'NONE',  ( -75.69999999997389750, -67.35000000000000853, 16.35000000000000142 ) ) ;
#1777 = DIRECTION ( 'NONE',  ( 0.000000000000000000, -1.000000000000000000, -0.000000000000000000 ) ) ;
#1778 = EDGE_CURVE ( 'NONE', #5760, #5145, #6210, .T. ) ;
#1779 = DIRECTION ( 'NONE',  ( -0.000000000000000000, 0.000000000000000000, 1.000000000000000000 ) ) ;
#1780 = DIRECTION ( 'NONE',  ( 0.000000000000000000, 1.000000000000000000, 0.000000000000000000 ) ) ;
#1781 = ORIENTED_EDGE ( 'NONE', *, *, #459, .T. ) ;
#1782 = ADVANCED_FACE ( 'NONE', ( #1882 ), #2953, .F. ) ;
#1783 = DIRECTION ( 'NONE',  ( 0.000000000000000000, 0.000000000000000000, -1.000000000000000000 ) ) ;
#1784 = DIRECTION ( 'NONE',  ( -0.000000000000000000, -0.000000000000000000, -1.000000000000000000 ) ) ;
#1785 = ORIENTED_EDGE ( 'NONE', *, *, #367, .F. ) ;
#1786 = EDGE_CURVE ( 'NONE', #1399, #805, #6771, .T. ) ;
#1787 = CARTESIAN_POINT ( 'NONE',  ( -63.72436103046334921, 73.67563896951055824, 41.56938231736487666 ) ) ;
#1788 = EDGE_LOOP ( 'NONE', ( #2758, #408, #2201, #5186 ) ) ;
#1789 = ORIENTED_EDGE ( 'NONE', *, *, #110, .F. ) ;
#1790 = EDGE_CURVE ( 'NONE', #6753, #946, #3479, .T. ) ;
#1791 = CYLINDRICAL_SURFACE ( 'NONE', #5002, 1.650000000000002132 ) ;
#1792 = DIRECTION ( 'NONE',  ( 0.000000000000000000, 0.000000000000000000, 1.000000000000000000 ) ) ;
#1793 = CARTESIAN_POINT ( 'NONE',  ( 106.9904295430461332, -69.49041101750258065, 6.511566043487912125 ) ) ;
#1794 = VECTOR ( 'NONE', #141, 1000.000000000000000 ) ;
#1795 = LINE ( 'NONE', #3968, #5226 ) ;
#1796 = ORIENTED_EDGE ( 'NONE', *, *, #1045, .F. ) ;
#1797 = LINE ( 'NONE', #621, #6113 ) ;
#1798 = ORIENTED_EDGE ( 'NONE', *, *, #1392, .F. ) ;
#1799 = ORIENTED_EDGE ( 'NONE', *, *, #367, .T. ) ;
#1800 = CIRCLE ( 'NONE', #4412, 1.000000000000000888 ) ;
#1801 = DIRECTION ( 'NONE',  ( -0.000000000000000000, -0.000000000000000000, -1.000000000000000000 ) ) ;
#1802 = LINE ( 'NONE', #5560, #569 ) ;
#1803 = LINE ( 'NONE', #3980, #6570 ) ;
#1804 = CIRCLE ( 'NONE', #3508, 2.000000000000001776 ) ;
#1805 = EDGE_LOOP ( 'NONE', ( #4608, #5249, #3128, #6921 ) ) ;
#1806 = ADVANCED_FACE ( 'NONE', ( #243 ), #5670, .F. ) ;
#1807 = ORIENTED_EDGE ( 'NONE', *, *, #5960, .T. ) ;
#1808 = DIRECTION ( 'NONE',  ( 1.000000000000000000, 0.000000000000000000, 0.000000000000000000 ) ) ;
#1809 = CARTESIAN_POINT ( 'NONE',  ( 175.1999999999999886, -71.20000000000001705, 0.000000000000000000 ) ) ;
#1810 = EDGE_CURVE ( 'NONE', #4932, #1311, #7002, .T. ) ;
#1811 = FACE_OUTER_BOUND ( 'NONE', #5342, .T. ) ;
#1812 = AXIS2_PLACEMENT_3D ( 'NONE', #3810, #5955, #5990 ) ;
#1813 = VECTOR ( 'NONE', #211, 1000.000000000000000 ) ;
#1814 = LINE ( 'NONE', #4520, #1497 ) ;
#1815 = CARTESIAN_POINT ( 'NONE',  ( -59.87169054081015673, 67.35000000000000853, 39.37393849518217337 ) ) ;
#1816 = VECTOR ( 'NONE', #6548, 1000.000000000000000 ) ;
#1817 = VECTOR ( 'NONE', #55, 1000.000000000000000 ) ;
#1818 = LINE ( 'NONE', #1919, #5196 ) ;
#1819 = CARTESIAN_POINT ( 'NONE',  ( -63.69999999997390461, 35.35000000000000853, 41.35000000000000142 ) ) ;
#1820 = VERTEX_POINT ( 'NONE', #4594 ) ;
#1821 = VECTOR ( 'NONE', #2368, 1000.000000000000000 ) ;
#1822 = VECTOR ( 'NONE', #3817, 1000.000000000000000 ) ;
#1823 = LINE ( 'NONE', #1965, #6907 ) ;
#1824 = AXIS2_PLACEMENT_3D ( 'NONE', #4362, #1106, #613 ) ;
#1825 = VECTOR ( 'NONE', #437, 1000.000000000000000 ) ;
#1826 = EDGE_CURVE ( 'NONE', #439, #4808, #1345, .T. ) ;
#1827 = CIRCLE ( 'NONE', #2058, 20.25000000000000355 ) ;
#1828 = CARTESIAN_POINT ( 'NONE',  ( 165.8538059222873926, -69.95000000000001705, 6.788750500400401400 ) ) ;
#1829 = ORIENTED_EDGE ( 'NONE', *, *, #6382, .T. ) ;
#1830 = VECTOR ( 'NONE', #2647, 1000.000000000000000 ) ;
#1831 = DIRECTION ( 'NONE',  ( -0.000000000000000000, 0.000000000000000000, 1.000000000000000000 ) ) ;
#1832 = ORIENTED_EDGE ( 'NONE', *, *, #6670, .F. ) ;
#1833 = VERTEX_POINT ( 'NONE', #2452 ) ;
#1834 = VECTOR ( 'NONE', #6139, 1000.000000000000000 ) ;
#1835 = DIRECTION ( 'NONE',  ( 0.4999999999999997780, 0.000000000000000000, 0.8660254037844388186 ) ) ;
#1836 = VECTOR ( 'NONE', #5823, 1000.000000000000000 ) ;
#1837 = CARTESIAN_POINT ( 'NONE',  ( -53.69999999997388329, 25.34999999999998721, 6.350000000000002309 ) ) ;
#1838 = VECTOR ( 'NONE', #4570, 1000.000000000000000 ) ;
#1839 = CARTESIAN_POINT ( 'NONE',  ( -12.70000000000000284, -63.50000000000000000, 6.349999999999999645 ) ) ;
#1840 = ORIENTED_EDGE ( 'NONE', *, *, #3078, .T. ) ;
#1841 = ADVANCED_FACE ( 'NONE', ( #2992 ), #6665, .F. ) ;
#1842 = CYLINDRICAL_SURFACE ( 'NONE', #5319, 19.99999999999999289 ) ;
#1843 = VERTEX_POINT ( 'NONE', #3946 ) ;
#1844 = VERTEX_POINT ( 'NONE', #1911 ) ;
#1845 = CARTESIAN_POINT ( 'NONE',  ( -64.69999999997389750, 36.35000000000000853, 16.35000000000000142 ) ) ;
#1846 = DIRECTION ( 'NONE',  ( -0.7071067811865474617, -0.7071067811865474617, -0.000000000000000000 ) ) ;
#1847 = CARTESIAN_POINT ( 'NONE',  ( -64.69999999997389750, 36.35000000000000853, 0.000000000000000000 ) ) ;
#1848 = ORIENTED_EDGE ( 'NONE', *, *, #513, .T. ) ;
#1849 = ORIENTED_EDGE ( 'NONE', *, *, #2814, .F. ) ;
#1850 = CARTESIAN_POINT ( 'NONE',  ( -116.6999999999738975, 36.35000000000000853, 43.35000000000000853 ) ) ;
#1851 = CARTESIAN_POINT ( 'NONE',  ( -45.90577136594008323, 73.70000000000000284, 24.85000000000003340 ) ) ;
#1852 = DIRECTION ( 'NONE',  ( 1.000000000000000000, 0.000000000000000000, 0.000000000000000000 ) ) ;
#1853 = CARTESIAN_POINT ( 'NONE',  ( -63.69999999997390461, 39.35000000000000853, 36.35000000000000853 ) ) ;
#1854 = FACE_OUTER_BOUND ( 'NONE', #2332, .T. ) ;
#1855 = DIRECTION ( 'NONE',  ( -1.000000000000000000, -0.000000000000000000, -0.000000000000000000 ) ) ;
#1856 = LINE ( 'NONE', #2493, #2726 ) ;
#1857 = ORIENTED_EDGE ( 'NONE', *, *, #1689, .F. ) ;
#1858 = CARTESIAN_POINT ( 'NONE',  ( -64.87500000000001421, -13.99999999999999822, 6.349999999999999645 ) ) ;
#1859 = DIRECTION ( 'NONE',  ( -0.000000000000000000, 1.000000000000000000, -0.000000000000000000 ) ) ;
#1860 = ORIENTED_EDGE ( 'NONE', *, *, #1114, .F. ) ;
#1861 = EDGE_CURVE ( 'NONE', #1772, #4713, #3163, .T. ) ;
#1862 = DIRECTION ( 'NONE',  ( 0.000000000000000000, 0.000000000000000000, 1.000000000000000000 ) ) ;
#1863 = ORIENTED_EDGE ( 'NONE', *, *, #3656, .T. ) ;
#1864 = DIRECTION ( 'NONE',  ( -0.000000000000000000, 1.000000000000000000, 0.000000000000000000 ) ) ;
#1865 = ORIENTED_EDGE ( 'NONE', *, *, #951, .F. ) ;
#1866 = ADVANCED_FACE ( 'NONE', ( #3986 ), #663, .F. ) ;
#1867 = CARTESIAN_POINT ( 'NONE',  ( -33.70000000003532392, -68.69999999999997442, 18.34999999999999787 ) ) ;
#1868 = CARTESIAN_POINT ( 'NONE',  ( 106.3604482601373036, -68.86096739320269933, 6.356445517615866514 ) ) ;
#1869 = CARTESIAN_POINT ( 'NONE',  ( -63.66623173715206718, 73.70000000000000284, 41.35000000000000142 ) ) ;
#1870 = ORIENTED_EDGE ( 'NONE', *, *, #521, .T. ) ;
#1871 = DIRECTION ( 'NONE',  ( 1.779203565104419100E-16, 1.000000000000000000, 0.000000000000000000 ) ) ;
#1872 = ORIENTED_EDGE ( 'NONE', *, *, #3801, .F. ) ;
#1873 = EDGE_CURVE ( 'NONE', #2651, #6487, #3277, .T. ) ;
#1874 = ORIENTED_EDGE ( 'NONE', *, *, #6422, .F. ) ;
#1875 =( BOUNDED_CURVE ( )  B_SPLINE_CURVE ( 3, ( #5237, #5265, #2075, #3172 ),
 .UNSPECIFIED., .F., .F. ) 
 B_SPLINE_CURVE_WITH_KNOTS ( ( 4, 4 ),
 ( 4.037257447447657022, 6.283185307179586232 ),
 .UNSPECIFIED. ) 
 CURVE ( )  GEOMETRIC_REPRESENTATION_ITEM ( )  RATIONAL_B_SPLINE_CURVE ( ( 1.000000000000000000, 0.6220084679281459028, 0.6220084679281459028, 1.000000000000000000 ) ) 
 REPRESENTATION_ITEM ( '' )  );
#1876 = DIRECTION ( 'NONE',  ( -0.000000000000000000, -1.000000000000000000, -0.000000000000000000 ) ) ;
#1877 = EDGE_CURVE ( 'NONE', #6576, #3350, #6137, .T. ) ;
#1878 = DIRECTION ( 'NONE',  ( 1.000000000000000000, 0.000000000000000000, -0.000000000000000000 ) ) ;
#1879 = CARTESIAN_POINT ( 'NONE',  ( -117.6999999999738975, 38.35000000000000853, 41.35000000000000142 ) ) ;
#1880 = ORIENTED_EDGE ( 'NONE', *, *, #5450, .T. ) ;
#1881 = ORIENTED_EDGE ( 'NONE', *, *, #4785, .T. ) ;
#1882 = FACE_OUTER_BOUND ( 'NONE', #6367, .T. ) ;
#1883 = CARTESIAN_POINT ( 'NONE',  ( -63.72436103046334921, 73.67563896951055824, 41.56938231736487666 ) ) ;
#1884 = LINE ( 'NONE', #2847, #6231 ) ;
#1885 = CARTESIAN_POINT ( 'NONE',  ( -31.70000000003532392, 0.000000000000000000, 18.34999999999999787 ) ) ;
#1886 = CYLINDRICAL_SURFACE ( 'NONE', #5997, 2.000000000000000000 ) ;
#1887 = CARTESIAN_POINT ( 'NONE',  ( 88.79999999999998295, -2.738550127408719677E-14, 6.349999999999999645 ) ) ;
#1888 = DIRECTION ( 'NONE',  ( 0.000000000000000000, -1.000000000000000000, 0.000000000000000000 ) ) ;
#1889 = ORIENTED_EDGE ( 'NONE', *, *, #1279, .F. ) ;
#1890 = CARTESIAN_POINT ( 'NONE',  ( -11.70000000000000817, -37.50000000000000000, 6.349999999999999645 ) ) ;
#1891 = CYLINDRICAL_SURFACE ( 'NONE', #3767, 2.000000000000001776 ) ;
#1892 = ORIENTED_EDGE ( 'NONE', *, *, #2276, .T. ) ;
#1893 = DIRECTION ( 'NONE',  ( 1.000000000000000000, 0.000000000000000000, 0.000000000000000000 ) ) ;
#1894 = ORIENTED_EDGE ( 'NONE', *, *, #1550, .T. ) ;
#1895 = CARTESIAN_POINT ( 'NONE',  ( -78.69999999997389750, 39.35000000000000853, 37.35000000000000853 ) ) ;
#1896 = VERTEX_POINT ( 'NONE', #5842 ) ;
#1897 = EDGE_CURVE ( 'NONE', #2603, #71, #3960, .T. ) ;
#1898 = CARTESIAN_POINT ( 'NONE',  ( 104.2000000000000028, 0.000000000000000000, 54.35000000000000142 ) ) ;
#1899 = DIRECTION ( 'NONE',  ( 1.000000000000000000, 0.000000000000000000, -0.000000000000000000 ) ) ;
#1900 = DIRECTION ( 'NONE',  ( -1.000000000000000000, 0.000000000000000000, 0.000000000000000000 ) ) ;
#1901 = CYLINDRICAL_SURFACE ( 'NONE', #3402, 1.249999999999987121 ) ;
#1902 = ORIENTED_EDGE ( 'NONE', *, *, #1663, .T. ) ;
#1903 = ORIENTED_EDGE ( 'NONE', *, *, #4145, .T. ) ;
#1904 = CARTESIAN_POINT ( 'NONE',  ( 170.1999999999999886, 76.20000000000000284, 188.0826607960165404 ) ) ;
#1905 = CIRCLE ( 'NONE', #6204, 1.000000000000000888 ) ;
#1906 = LINE ( 'NONE', #6233, #338 ) ;
#1907 = EDGE_CURVE ( 'NONE', #6029, #2698, #3158, .T. ) ;
#1908 = EDGE_LOOP ( 'NONE', ( #5484, #305, #1366, #843 ) ) ;
#1909 = CIRCLE ( 'NONE', #2821, 2.000000000000001776 ) ;
#1910 = VERTEX_POINT ( 'NONE', #980 ) ;
#1911 = CARTESIAN_POINT ( 'NONE',  ( -53.70000000000000284, 73.70000000000000284, 40.34999999999999432 ) ) ;
#1912 = DIRECTION ( 'NONE',  ( -0.000000000000000000, 1.000000000000000000, -0.000000000000000000 ) ) ;
#1913 = EDGE_CURVE ( 'NONE', #5439, #6336, #3589, .T. ) ;
#1914 = EDGE_CURVE ( 'NONE', #321, #4587, #348, .T. ) ;
#1915 = CIRCLE ( 'NONE', #5086, 8.000000000000000000 ) ;
#1916 = CARTESIAN_POINT ( 'NONE',  ( -61.49422863406000062, 67.35000000000000853, 26.17273952057537301 ) ) ;
#1917 = CYLINDRICAL_SURFACE ( 'NONE', #2494, 1.649999999999998579 ) ;
#1918 = EDGE_CURVE ( 'NONE', #2219, #2009, #1105, .T. ) ;
#1919 = CARTESIAN_POINT ( 'NONE',  ( 3.218875783201396668E-15, 67.35000000000000853, 8.349999999999962341 ) ) ;
#1920 = CARTESIAN_POINT ( 'NONE',  ( 104.2000000000000028, 73.20000000000000284, 8.350000000000003197 ) ) ;
#1921 = VECTOR ( 'NONE', #1430, 1000.000000000000000 ) ;
#1922 = VERTEX_POINT ( 'NONE', #845 ) ;
#1923 = AXIS2_PLACEMENT_3D ( 'NONE', #4406, #3139, #2596 ) ;
#1924 = DIRECTION ( 'NONE',  ( -0.000000000000000000, 0.000000000000000000, 1.000000000000000000 ) ) ;
#1925 = CARTESIAN_POINT ( 'NONE',  ( -108.9499999999738975, 63.85000000000000142, 0.000000000000000000 ) ) ;
#1926 = DIRECTION ( 'NONE',  ( 1.000000000000000000, 0.000000000000000000, 0.000000000000000000 ) ) ;
#1927 = VECTOR ( 'NONE', #1440, 1000.000000000000000 ) ;
#1928 = EDGE_CURVE ( 'NONE', #805, #4087, #6275, .T. ) ;
#1929 = VECTOR ( 'NONE', #5774, 1000.000000000000000 ) ;
#1930 = ORIENTED_EDGE ( 'NONE', *, *, #5065, .F. ) ;
#1931 = DIRECTION ( 'NONE',  ( 1.000000000000000000, -0.000000000000000000, -0.000000000000000000 ) ) ;
#1932 = ORIENTED_EDGE ( 'NONE', *, *, #6668, .F. ) ;
#1933 = VECTOR ( 'NONE', #5710, 1000.000000000000000 ) ;
#1934 = CARTESIAN_POINT ( 'NONE',  ( 118.7857864376268964, 118.7857864376268964, 8.349999999999999645 ) ) ;
#1935 = VERTEX_POINT ( 'NONE', #2629 ) ;
#1936 = AXIS2_PLACEMENT_3D ( 'NONE', #3150, #6330, #1542 ) ;
#1937 = AXIS2_PLACEMENT_3D ( 'NONE', #3434, #5446, #6542 ) ;
#1938 = CARTESIAN_POINT ( 'NONE',  ( 166.7185565271621499, -69.59180857139057252, 6.501967839540212957 ) ) ;
#1939 = CARTESIAN_POINT ( 'NONE',  ( 105.9279674711235231, -68.96705518487803488, 6.354647378953731440 ) ) ;
#1940 = CIRCLE ( 'NONE', #908, 1.325000000000020606 ) ;
#1941 = LINE ( 'NONE', #4583, #6245 ) ;
#1942 = AXIS2_PLACEMENT_3D ( 'NONE', #6038, #1780, #5019 ) ;
#1943 = AXIS2_PLACEMENT_3D ( 'NONE', #2859, #2178, #5925 ) ;
#1944 = AXIS2_PLACEMENT_3D ( 'NONE', #6963, #4744, #4787 ) ;
#1945 = FACE_OUTER_BOUND ( 'NONE', #1788, .T. ) ;
#1946 = AXIS2_PLACEMENT_3D ( 'NONE', #3550, #5696, #3015 ) ;
#1947 = ORIENTED_EDGE ( 'NONE', *, *, #1348, .T. ) ;
#1948 = EDGE_CURVE ( 'NONE', #1922, #1399, #2938, .T. ) ;
#1949 = ORIENTED_EDGE ( 'NONE', *, *, #2396, .T. ) ;
#1950 = AXIS2_PLACEMENT_3D ( 'NONE', #6397, #4819, #3180 ) ;
#1951 = CARTESIAN_POINT ( 'NONE',  ( -14.35000000000006004, 63.49999999999994316, 0.000000000000000000 ) ) ;
#1952 = DIRECTION ( 'NONE',  ( 0.000000000000000000, -0.000000000000000000, -1.000000000000000000 ) ) ;
#1953 = VERTEX_POINT ( 'NONE', #5179 ) ;
#1954 = ORIENTED_EDGE ( 'NONE', *, *, #1644, .F. ) ;
#1955 = EDGE_CURVE ( 'NONE', #4135, #403, #1417, .T. ) ;
#1956 = VERTEX_POINT ( 'NONE', #4758 ) ;
#1957 = DIRECTION ( 'NONE',  ( -0.000000000000000000, -0.000000000000000000, -1.000000000000000000 ) ) ;
#1958 = EDGE_CURVE ( 'NONE', #6768, #946, #4826, .T. ) ;
#1959 = DIRECTION ( 'NONE',  ( 0.000000000000000000, 0.000000000000000000, -1.000000000000000000 ) ) ;
#1960 = CARTESIAN_POINT ( 'NONE',  ( 85.79999999999998295, 0.000000000000000000, 33.00000000000000000 ) ) ;
#1961 = LINE ( 'NONE', #2688, #6564 ) ;
#1962 = DIRECTION ( 'NONE',  ( 1.000000000000000000, 0.000000000000000000, 0.000000000000000000 ) ) ;
#1963 = CYLINDRICAL_SURFACE ( 'NONE', #5419, 1.000000000000000888 ) ;
#1964 = ORIENTED_EDGE ( 'NONE', *, *, #6686, .F. ) ;
#1965 = CARTESIAN_POINT ( 'NONE',  ( 175.1999999999999886, -71.20000000000001705, 188.0826607960165404 ) ) ;
#1966 = ADVANCED_FACE ( 'NONE', ( #4699 ), #1387, .T. ) ;
#1967 = LINE ( 'NONE', #2537, #6466 ) ;
#1968 = VERTEX_POINT ( 'NONE', #873 ) ;
#1969 = DIRECTION ( 'NONE',  ( 1.351293846914747261E-16, -1.000000000000000000, 0.000000000000000000 ) ) ;
#1970 = VERTEX_POINT ( 'NONE', #3620 ) ;
#1971 = CYLINDRICAL_SURFACE ( 'NONE', #3966, 1.999999999999992895 ) ;
#1972 = ORIENTED_EDGE ( 'NONE', *, *, #6123, .T. ) ;
#1973 = ADVANCED_FACE ( 'NONE', ( #3056 ), #378, .F. ) ;
#1974 = FACE_BOUND ( 'NONE', #6053, .T. ) ;
#1975 = DIRECTION ( 'NONE',  ( 9.251858538542962756E-15, 0.000000000000000000, 1.000000000000000000 ) ) ;
#1976 = VERTEX_POINT ( 'NONE', #6910 ) ;
#1977 = CYLINDRICAL_SURFACE ( 'NONE', #5104, 2.000000000000000000 ) ;
#1978 = VERTEX_POINT ( 'NONE', #306 ) ;
#1979 = ORIENTED_EDGE ( 'NONE', *, *, #692, .F. ) ;
#1980 = DIRECTION ( 'NONE',  ( 0.000000000000000000, -0.000000000000000000, 1.000000000000000000 ) ) ;
#1981 = PLANE ( 'NONE',  #3190 ) ;
#1982 = ORIENTED_EDGE ( 'NONE', *, *, #6627, .T. ) ;
#1983 = VERTEX_POINT ( 'NONE', #5215 ) ;
#1984 = ORIENTED_EDGE ( 'NONE', *, *, #3226, .F. ) ;
#1985 = CARTESIAN_POINT ( 'NONE',  ( -66.20000000000001705, -13.99999999999999822, 6.349999999999999645 ) ) ;
#1986 = CARTESIAN_POINT ( 'NONE',  ( -63.72436103046334921, 73.67563896951055824, 41.56938231736487666 ) ) ;
#1987 = EDGE_CURVE ( 'NONE', #2114, #347, #3129, .T. ) ;
#1988 = LINE ( 'NONE', #1389, #6134 ) ;
#1989 = LINE ( 'NONE', #6385, #5633 ) ;
#1990 = CARTESIAN_POINT ( 'NONE',  ( 99.20000000000001705, 0.000000000000000000, 6.349999999999999645 ) ) ;
#1991 = ORIENTED_EDGE ( 'NONE', *, *, #2025, .T. ) ;
#1992 = CARTESIAN_POINT ( 'NONE',  ( 172.1999999999999886, -68.19999999999997442, 8.349999999999999645 ) ) ;
#1993 = ADVANCED_FACE ( 'NONE', ( #6813 ), #4728, .F. ) ;
#1994 = DIRECTION ( 'NONE',  ( 0.000000000000000000, 0.000000000000000000, -1.000000000000000000 ) ) ;
#1995 = CARTESIAN_POINT ( 'NONE',  ( 0.000000000000000000, 47.60000000000000853, 0.000000000000000000 ) ) ;
#1996 = ADVANCED_FACE ( 'NONE', ( #4128 ), #2018, .F. ) ;
#1997 = ORIENTED_EDGE ( 'NONE', *, *, #6851, .T. ) ;
#1998 = DIRECTION ( 'NONE',  ( -5.729791641151388178E-12, 0.000000000000000000, 1.000000000000000000 ) ) ;
#1999 = VERTEX_POINT ( 'NONE', #7011 ) ;
#2000 = FACE_BOUND ( 'NONE', #2715, .T. ) ;
#2001 = EDGE_CURVE ( 'NONE', #486, #5687, #6518, .T. ) ;
#2002 = VERTEX_POINT ( 'NONE', #4343 ) ;
#2003 = FACE_BOUND ( 'NONE', #764, .T. ) ;
#2004 = DIRECTION ( 'NONE',  ( -0.000000000000000000, 1.000000000000000000, 0.000000000000000000 ) ) ;
#2005 = EDGE_CURVE ( 'NONE', #4948, #1188, #3832, .T. ) ;
#2006 = DIRECTION ( 'NONE',  ( 0.000000000000000000, 0.000000000000000000, -1.000000000000000000 ) ) ;
#2007 = VERTEX_POINT ( 'NONE', #3769 ) ;
#2008 = PLANE ( 'NONE',  #6009 ) ;
#2009 = VERTEX_POINT ( 'NONE', #3800 ) ;
#2010 = ADVANCED_FACE ( 'NONE', ( #54 ), #1659, .F. ) ;
#2011 = ORIENTED_EDGE ( 'NONE', *, *, #609, .T. ) ;
#2012 = FACE_OUTER_BOUND ( 'NONE', #5945, .T. ) ;
#2013 = CARTESIAN_POINT ( 'NONE',  ( 226226.5173993023054, -73.70000000000000284, 391924.1832833223161 ) ) ;
#2014 = B_SPLINE_CURVE_WITH_KNOTS ( 'NONE', 3,
 ( #6156, #2357, #3467, #3332, #6051, #728, #2325, #4504, #6589, #648, #1793, #3437, #6622, #1732, #4010, #1301, #3391, #3967, #1763, #5584, #2902, #4432, #4537, #4996, #5479, #6692, #5614, #5059, #759, #2298, #2937, #5092, #225, #618, #4473, #2408, #1192, #3935, #4582, #1868, #5509, #122, #6017, #4958, #6081, #76, #1222, #5545, #6794, #1939, #3499 ),
 .UNSPECIFIED., .F., .F.,
 ( 4, 2, 1, 1, 1, 2, 2, 2, 2, 1, 1, 1, 2, 2, 2, 1, 1, 2, 2, 1, 1, 2, 2, 1, 2, 2, 2, 2, 2, 2, 4 ),
 ( 0.000000000000000000, 0.1250000000003877731, 0.1875000000005759837, 0.2187500000006752376, 0.2343750000007248646, 0.2421875000007496781, 0.2500000000007744916, 0.3750000000011478596, 0.4375000000013232748, 0.4687500000014055423, 0.4843750000014466761, 0.4921875000014568347, 0.4960937500014517831, 0.5000000000014466206, 0.5625000000013489210, 0.5937500000012936319, 0.6093750000012658763, 0.6171875000012458923, 0.6250000000012260193, 0.6406250000012014834, 0.6484375000011893819, 0.6523437500011686208, 0.6562500000011478596, 0.6640625000011264323, 0.6679687500011080026, 0.6718750000010896839, 0.6875000000010699219, 0.7187500000010305090, 0.7343750000009960921, 0.7500000000009615642, 1.000000000000000000 ),
 .UNSPECIFIED. ) ;
#2015 = ORIENTED_EDGE ( 'NONE', *, *, #2652, .T. ) ;
#2016 = ORIENTED_EDGE ( 'NONE', *, *, #6042, .T. ) ;
#2017 = ORIENTED_EDGE ( 'NONE', *, *, #3570, .T. ) ;
#2018 = CYLINDRICAL_SURFACE ( 'NONE', #5763, 2.000000000000000000 ) ;
#2019 = CIRCLE ( 'NONE', #1223, 1.325000000000006839 ) ;
#2020 = DIRECTION ( 'NONE',  ( 0.000000000000000000, 0.000000000000000000, 1.000000000000000000 ) ) ;
#2021 = CARTESIAN_POINT ( 'NONE',  ( -63.21068356861366055, 65.99986463769025136, 40.43906494486503789 ) ) ;
#2022 = ADVANCED_FACE ( 'NONE', ( #3338 ), #4862, .F. ) ;
#2023 = AXIS2_PLACEMENT_3D ( 'NONE', #5814, #6946, #4237 ) ;
#2024 = DIRECTION ( 'NONE',  ( 0.000000000000000000, -1.000000000000000000, 0.000000000000000000 ) ) ;
#2025 = EDGE_CURVE ( 'NONE', #71, #2027, #5946, .T. ) ;
#2026 = DIRECTION ( 'NONE',  ( -8.673617379884035472E-16, 1.000000000000000000, 0.000000000000000000 ) ) ;
#2027 = VERTEX_POINT ( 'NONE', #2198 ) ;
#2028 = PLANE ( 'NONE',  #349 ) ;
#2029 = VECTOR ( 'NONE', #994, 1000.000000000000000 ) ;
#2030 = CARTESIAN_POINT ( 'NONE',  ( 48.05000000000001137, 36.19999999999999574, 2.599999999999998312 ) ) ;
#2031 = CARTESIAN_POINT ( 'NONE',  ( -33.70000000003532392, -67.35000000000000853, 18.34999999999809006 ) ) ;
#2032 = EDGE_LOOP ( 'NONE', ( #4988, #3386 ) ) ;
#2033 = AXIS2_PLACEMENT_3D ( 'NONE', #1245, #5571, #3995 ) ;
#2034 = LINE ( 'NONE', #3675, #3534 ) ;
#2035 = ORIENTED_EDGE ( 'NONE', *, *, #133, .T. ) ;
#2036 = CARTESIAN_POINT ( 'NONE',  ( 0.000000000000000000, 55.70000000000000284, 33.00000000000000000 ) ) ;
#2037 = ORIENTED_EDGE ( 'NONE', *, *, #1918, .F. ) ;
#2038 = EDGE_CURVE ( 'NONE', #2128, #5020, #3874, .T. ) ;
#2039 = CARTESIAN_POINT ( 'NONE',  ( -61.49422863406000062, 67.35000000000000853, 23.52726047942448417 ) ) ;
#2040 = AXIS2_PLACEMENT_3D ( 'NONE', #2424, #1315, #6636 ) ;
#2041 = VECTOR ( 'NONE', #5052, 1000.000000000000000 ) ;
#2042 = DIRECTION ( 'NONE',  ( 0.000000000000000000, 1.000000000000000000, 0.000000000000000000 ) ) ;
#2043 = ORIENTED_EDGE ( 'NONE', *, *, #726, .T. ) ;
#2044 = AXIS2_PLACEMENT_3D ( 'NONE', #1287, #4026, #847 ) ;
#2045 = LINE ( 'NONE', #6865, #5655 ) ;
#2046 = EDGE_LOOP ( 'NONE', ( #900, #3663, #1215, #2121, #1489, #651 ) ) ;
#2047 = CIRCLE ( 'NONE', #3746, 2.000000000000001776 ) ;
#2048 = ORIENTED_EDGE ( 'NONE', *, *, #5660, .T. ) ;
#2049 = VECTOR ( 'NONE', #2661, 1000.000000000000000 ) ;
#2050 = AXIS2_PLACEMENT_3D ( 'NONE', #2170, #5013, #3839 ) ;
#2051 = CIRCLE ( 'NONE', #6456, 11.49999999999999645 ) ;
#2052 = CARTESIAN_POINT ( 'NONE',  ( 101.2000000000000171, 68.70000000000000284, 6.349999999999999645 ) ) ;
#2053 = AXIS2_PLACEMENT_3D ( 'NONE', #5199, #2004, #5725 ) ;
#2054 = CYLINDRICAL_SURFACE ( 'NONE', #5668, 1.322739520575443750 ) ;
#2055 = VECTOR ( 'NONE', #1002, 1000.000000000000000 ) ;
#2056 = EDGE_CURVE ( 'NONE', #1669, #4295, #3262, .T. ) ;
#2057 = AXIS2_PLACEMENT_3D ( 'NONE', #2478, #943, #4723 ) ;
#2058 = AXIS2_PLACEMENT_3D ( 'NONE', #5582, #5027, #6114 ) ;
#2059 = EDGE_LOOP ( 'NONE', ( #4469, #3213 ) ) ;
#2060 = ORIENTED_EDGE ( 'NONE', *, *, #1058, .F. ) ;
#2061 = AXIS2_PLACEMENT_3D ( 'NONE', #5858, #5370, #4323 ) ;
#2062 = ORIENTED_EDGE ( 'NONE', *, *, #3381, .F. ) ;
#2063 = DIRECTION ( 'NONE',  ( 0.000000000000000000, -1.000000000000000000, 0.000000000000000000 ) ) ;
#2064 = VECTOR ( 'NONE', #2207, 1000.000000000000000 ) ;
#2065 = CARTESIAN_POINT ( 'NONE',  ( -426294.1795817551319, 73.70000000000000284, 246104.6321233486233 ) ) ;
#2066 = CYLINDRICAL_SURFACE ( 'NONE', #336, 1.650000000000002132 ) ;
#2067 = CARTESIAN_POINT ( 'NONE',  ( -53.70000000000000284, 73.70000000000000284, 10.02726047942455700 ) ) ;
#2068 = DIRECTION ( 'NONE',  ( 0.000000000000000000, 0.000000000000000000, 1.000000000000000000 ) ) ;
#2069 = ORIENTED_EDGE ( 'NONE', *, *, #703, .F. ) ;
#2070 = SURFACE_STYLE_USAGE ( .BOTH. , #4770 ) ;
#2071 = AXIS2_PLACEMENT_3D ( 'NONE', #4100, #2429, #3565 ) ;
#2072 = DIRECTION ( 'NONE',  ( 0.000000000000000000, -1.000000000000000000, 0.000000000000000000 ) ) ;
#2073 = CARTESIAN_POINT ( 'NONE',  ( 0.000000000000000000, -78.20000000000000284, 42.35000000000000142 ) ) ;
#2074 = ORIENTED_EDGE ( 'NONE', *, *, #4651, .T. ) ;
#2075 = CARTESIAN_POINT ( 'NONE',  ( 104.2000000000000028, -73.20000000000000284, 6.417790894940839763 ) ) ;
#2076 = ORIENTED_EDGE ( 'NONE', *, *, #5200, .F. ) ;
#2077 = DIRECTION ( 'NONE',  ( 0.000000000000000000, 0.000000000000000000, 1.000000000000000000 ) ) ;
#2078 = ORIENTED_EDGE ( 'NONE', *, *, #5471, .T. ) ;
#2079 = FACE_BOUND ( 'NONE', #3328, .T. ) ;
#2080 = CARTESIAN_POINT ( 'NONE',  ( 175.1999999999999886, -71.20000000000001705, 54.35000000000000142 ) ) ;
#2081 = EDGE_CURVE ( 'NONE', #1399, #6003, #2093, .T. ) ;
#2082 = EDGE_LOOP ( 'NONE', ( #6832, #4478, #4985, #6289 ) ) ;
#2083 = CARTESIAN_POINT ( 'NONE',  ( 133.7000000000000171, 78.20000000000000284, 42.35000000000000142 ) ) ;
#2084 = VERTEX_POINT ( 'NONE', #3201 ) ;
#2085 = EDGE_LOOP ( 'NONE', ( #4592, #1930, #6332 ) ) ;
#2086 = CARTESIAN_POINT ( 'NONE',  ( -63.69999999997390461, 25.35000000000000497, 16.35000000000000142 ) ) ;
#2087 = CARTESIAN_POINT ( 'NONE',  ( -62.68832960460236592, 35.23716256509024447, 11.91848793704612142 ) ) ;
#2088 = ORIENTED_EDGE ( 'NONE', *, *, #4709, .F. ) ;
#2089 = ADVANCED_FACE ( 'NONE', ( #5414 ), #553, .F. ) ;
#2090 = DIRECTION ( 'NONE',  ( 1.000000000000000000, 0.000000000000000000, 0.000000000000000000 ) ) ;
#2091 = VERTEX_POINT ( 'NONE', #5978 ) ;
#2092 = ORIENTED_EDGE ( 'NONE', *, *, #2606, .F. ) ;
#2093 = LINE ( 'NONE', #4296, #4756 ) ;
#2094 = EDGE_CURVE ( 'NONE', #5089, #1662, #1552, .T. ) ;
#2095 = CARTESIAN_POINT ( 'NONE',  ( -64.69999999997389750, 73.70000000000000284, 42.35000000000000853 ) ) ;
#2096 = DIRECTION ( 'NONE',  ( 0.000000000000000000, 0.000000000000000000, -1.000000000000000000 ) ) ;
#2097 = DIRECTION ( 'NONE',  ( -1.000000000000000000, 0.000000000000000000, 0.000000000000000000 ) ) ;
#2098 = CARTESIAN_POINT ( 'NONE',  ( -108.9499999999738975, 63.85000000000000142, 6.350000000000001421 ) ) ;
#2099 = ORIENTED_EDGE ( 'NONE', *, *, #126, .T. ) ;
#2100 = LINE ( 'NONE', #6560, #2064 ) ;
#2101 = DIRECTION ( 'NONE',  ( 1.000000000000000000, 0.000000000000000000, 0.000000000000000000 ) ) ;
#2102 = DIRECTION ( 'NONE',  ( 0.000000000000000000, 0.000000000000000000, 1.000000000000000000 ) ) ;
#2103 = ORIENTED_EDGE ( 'NONE', *, *, #2810, .F. ) ;
#2104 = DIRECTION ( 'NONE',  ( -0.000000000000000000, -0.000000000000000000, -1.000000000000000000 ) ) ;
#2105 = ORIENTED_EDGE ( 'NONE', *, *, #24, .F. ) ;
#2106 = CARTESIAN_POINT ( 'NONE',  ( -53.69999999997389750, 0.000000000000000000, 16.35000000000000142 ) ) ;
#2107 = VERTEX_POINT ( 'NONE', #4373 ) ;
#2108 = CARTESIAN_POINT ( 'NONE',  ( 0.000000000000000000, 0.000000000000000000, 37.35000000000000853 ) ) ;
#2109 = LINE ( 'NONE', #2710, #2627 ) ;
#2110 = VERTEX_POINT ( 'NONE', #517 ) ;
#2111 = EDGE_CURVE ( 'NONE', #2271, #6846, #1057, .T. ) ;
#2112 = CARTESIAN_POINT ( 'NONE',  ( -77.69999999997392592, 0.000000000000000000, 0.000000000000000000 ) ) ;
#2113 = ORIENTED_EDGE ( 'NONE', *, *, #6717, .F. ) ;
#2114 = VERTEX_POINT ( 'NONE', #596 ) ;
#2115 = EDGE_CURVE ( 'NONE', #331, #3739, #4266, .T. ) ;
#2116 = DIRECTION ( 'NONE',  ( -1.000000000000000000, 0.000000000000000000, 0.000000000000000000 ) ) ;
#2117 = CARTESIAN_POINT ( 'NONE',  ( -61.87570836273118857, 33.52570836276009913, 10.54564257345322353 ) ) ;
#2118 = ORIENTED_EDGE ( 'NONE', *, *, #1242, .T. ) ;
#2119 = CARTESIAN_POINT ( 'NONE',  ( -75.69999999997389750, -69.35000000000000853, 8.349999999999999645 ) ) ;
#2120 = ORIENTED_EDGE ( 'NONE', *, *, #2491, .F. ) ;
#2121 = ORIENTED_EDGE ( 'NONE', *, *, #3714, .T. ) ;
#2122 = CARTESIAN_POINT ( 'NONE',  ( -23.70000000003532037, 70.70000000000000284, 16.35000000000000142 ) ) ;
#2123 = CARTESIAN_POINT ( 'NONE',  ( 88.79999999999998295, 13.70000000000000462, 36.00000000000000711 ) ) ;
#2124 = EDGE_CURVE ( 'NONE', #1953, #3186, #4936, .T. ) ;
#2125 = DIRECTION ( 'NONE',  ( -1.000000000000000000, 0.000000000000000000, 0.000000000000000000 ) ) ;
#2126 = CARTESIAN_POINT ( 'NONE',  ( -33.70000000003532392, -67.35000000000000853, 20.35000000000763976 ) ) ;
#2127 = CARTESIAN_POINT ( 'NONE',  ( 172.1999999999999886, -68.19999999999997442, 8.350000000000003197 ) ) ;
#2128 = VERTEX_POINT ( 'NONE', #6410 ) ;
#2129 = DIRECTION ( 'NONE',  ( 0.000000000000000000, -1.000000000000000000, 0.000000000000000000 ) ) ;
#2130 = VECTOR ( 'NONE', #3530, 1000.000000000000000 ) ;
#2131 = AXIS2_PLACEMENT_3D ( 'NONE', #3164, #4199, #6354 ) ;
#2132 = DIRECTION ( 'NONE',  ( 0.7071067811865474617, 0.7071067811865474617, 0.000000000000000000 ) ) ;
#2133 = EDGE_CURVE ( 'NONE', #1662, #4726, #1168, .T. ) ;
#2134 = DIRECTION ( 'NONE',  ( -1.000000000000000000, 0.000000000000000000, 0.000000000000000000 ) ) ;
#2135 = SURFACE_STYLE_FILL_AREA ( #5497 ) ;
#2136 = VERTEX_POINT ( 'NONE', #3722 ) ;
#2137 = DIRECTION ( 'NONE',  ( 1.000000000000000000, 0.000000000000000000, -0.000000000000000000 ) ) ;
#2138 = CIRCLE ( 'NONE', #5639, 9.999999999999998224 ) ;
#2139 = ORIENTED_EDGE ( 'NONE', *, *, #2001, .T. ) ;
#2140 =( BOUNDED_CURVE ( )  B_SPLINE_CURVE ( 3, ( #1509, #5332, #6425, #3640 ),
 .UNSPECIFIED., .F., .F. ) 
 B_SPLINE_CURVE_WITH_KNOTS ( ( 4, 4 ),
 ( 1.570796326794896558, 3.141592653589793116 ),
 .UNSPECIFIED. ) 
 CURVE ( )  GEOMETRIC_REPRESENTATION_ITEM ( )  RATIONAL_B_SPLINE_CURVE ( ( 1.000000000000000000, 0.8047378541243649375, 0.8047378541243649375, 1.000000000000000000 ) ) 
 REPRESENTATION_ITEM ( '' )  );
#2141 = LINE ( 'NONE', #1041, #6460 ) ;
#2142 = DIRECTION ( 'NONE',  ( 0.000000000000000000, -1.000000000000000000, -0.000000000000000000 ) ) ;
#2143 = VECTOR ( 'NONE', #2770, 1000.000000000000000 ) ;
#2144 = ORIENTED_EDGE ( 'NONE', *, *, #4990, .F. ) ;
#2145 = FACE_OUTER_BOUND ( 'NONE', #6135, .T. ) ;
#2146 = ORIENTED_EDGE ( 'NONE', *, *, #5343, .T. ) ;
#2147 = ORIENTED_EDGE ( 'NONE', *, *, #2428, .F. ) ;
#2148 = VECTOR ( 'NONE', #5189, 1000.000000000000000 ) ;
#2149 = FACE_BOUND ( 'NONE', #5345, .T. ) ;
#2150 = CARTESIAN_POINT ( 'NONE',  ( -62.37831598982739223, 34.89614758883703161, 11.33849325791848628 ) ) ;
#2151 = VECTOR ( 'NONE', #528, 1000.000000000000000 ) ;
#2152 = ORIENTED_EDGE ( 'NONE', *, *, #794, .T. ) ;
#2153 = AXIS2_PLACEMENT_3D ( 'NONE', #4013, #2983, #5063 ) ;
#2154 = DIRECTION ( 'NONE',  ( -1.779203565104419100E-16, -1.000000000000000000, 0.000000000000000000 ) ) ;
#2155 = ORIENTED_EDGE ( 'NONE', *, *, #1521, .F. ) ;
#2156 = ORIENTED_EDGE ( 'NONE', *, *, #4749, .T. ) ;
#2157 = DIRECTION ( 'NONE',  ( 0.000000000000000000, -1.000000000000000000, 0.000000000000000000 ) ) ;
#2158 = AXIS2_PLACEMENT_3D ( 'NONE', #2269, #3883, #132 ) ;
#2159 = VECTOR ( 'NONE', #2447, 1000.000000000000000 ) ;
#2160 = LINE ( 'NONE', #519, #5542 ) ;
#2161 = CIRCLE ( 'NONE', #4436, 1.000000000000000888 ) ;
#2162 = AXIS2_PLACEMENT_3D ( 'NONE', #2522, #299, #4649 ) ;
#2163 = AXIS2_PLACEMENT_3D ( 'NONE', #1839, #5727, #1408 ) ;
#2164 = DIRECTION ( 'NONE',  ( -0.000000000000000000, 1.000000000000000000, -0.000000000000000000 ) ) ;
#2165 = EDGE_CURVE ( 'NONE', #1759, #4617, #1804, .T. ) ;
#2166 = AXIS2_PLACEMENT_3D ( 'NONE', #6428, #3709, #6964 ) ;
#2167 = DIRECTION ( 'NONE',  ( -0.000000000000000000, -0.000000000000000000, -1.000000000000000000 ) ) ;
#2168 = EDGE_CURVE ( 'NONE', #2882, #3766, #1915, .T. ) ;
#2169 = AXIS2_PLACEMENT_3D ( 'NONE', #6607, #5522, #665 ) ;
#2170 = CARTESIAN_POINT ( 'NONE',  ( -107.6999999999739117, 63.85000000000000142, 47.88553390593274628 ) ) ;
#2171 = VERTEX_POINT ( 'NONE', #5516 ) ;
#2172 = EDGE_CURVE ( 'NONE', #149, #4442, #1573, .T. ) ;
#2173 = CARTESIAN_POINT ( 'NONE',  ( 166.3715728752538041, 71.20000000000000284, 6.349999999999999645 ) ) ;
#2174 = AXIS2_PLACEMENT_3D ( 'NONE', #1853, #4663, #6248 ) ;
#2175 = FACE_OUTER_BOUND ( 'NONE', #4922, .T. ) ;
#2176 = LINE ( 'NONE', #1177, #3397 ) ;
#2177 = EDGE_CURVE ( 'NONE', #3681, #1488, #1198, .T. ) ;
#2178 = DIRECTION ( 'NONE',  ( 0.000000000000000000, 0.000000000000000000, -1.000000000000000000 ) ) ;
#2179 = ORIENTED_EDGE ( 'NONE', *, *, #3865, .T. ) ;
#2180 = CARTESIAN_POINT ( 'NONE',  ( -71.20000000000000284, 35.35000000000000853, 0.000000000000000000 ) ) ;
#2181 = EDGE_LOOP ( 'NONE', ( #2016, #2225, #725, #740 ) ) ;
#2182 = EDGE_CURVE ( 'NONE', #1535, #1001, #2975, .T. ) ;
#2183 = CARTESIAN_POINT ( 'NONE',  ( -92.70000000000000284, 67.35000000000000853, 0.000000000000000000 ) ) ;
#2184 = LINE ( 'NONE', #5932, #807 ) ;
#2185 = ORIENTED_EDGE ( 'NONE', *, *, #1615, .F. ) ;
#2186 = EDGE_CURVE ( 'NONE', #3098, #1844, #4638, .T. ) ;
#2187 = CARTESIAN_POINT ( 'NONE',  ( -53.69999999997389750, 38.35000000000000853, 6.349999999999999645 ) ) ;
#2188 = ORIENTED_EDGE ( 'NONE', *, *, #459, .F. ) ;
#2189 = EDGE_LOOP ( 'NONE', ( #5957, #286 ) ) ;
#2190 = CARTESIAN_POINT ( 'NONE',  ( 175.1999999999999886, 71.20000000000000284, 188.0826607960165404 ) ) ;
#2191 = CARTESIAN_POINT ( 'NONE',  ( 0.000000000000000000, 76.20000000000000284, 42.35000000000000142 ) ) ;
#2192 = APPLICATION_CONTEXT ( 'automotive_design' ) ;
#2193 = DIRECTION ( 'NONE',  ( -0.000000000000000000, 1.000000000000000000, 0.000000000000000000 ) ) ;
#2194 = ORIENTED_EDGE ( 'NONE', *, *, #6412, .F. ) ;
#2195 = CARTESIAN_POINT ( 'NONE',  ( -79.69999999997389750, 36.35000000000000853, 43.35000000000000853 ) ) ;
#2196 = ORIENTED_EDGE ( 'NONE', *, *, #5594, .T. ) ;
#2197 = ORIENTED_EDGE ( 'NONE', *, *, #3483, .T. ) ;
#2198 = CARTESIAN_POINT ( 'NONE',  ( -78.69999999997389750, 36.35000000000000853, 43.35000000000000853 ) ) ;
#2199 = DIRECTION ( 'NONE',  ( -0.000000000000000000, -0.000000000000000000, -1.000000000000000000 ) ) ;
#2200 = DIRECTION ( 'NONE',  ( -0.000000000000000000, 1.000000000000000000, -0.000000000000000000 ) ) ;
#2201 = ORIENTED_EDGE ( 'NONE', *, *, #6286, .T. ) ;
#2202 = ADVANCED_FACE ( 'NONE', ( #6597 ), #6790, .F. ) ;
#2203 = DIRECTION ( 'NONE',  ( 0.000000000000000000, 0.000000000000000000, 1.000000000000000000 ) ) ;
#2204 = CARTESIAN_POINT ( 'NONE',  ( -61.49422863406000062, -73.70000000000000284, 24.84999999999992681 ) ) ;
#2205 = ORIENTED_EDGE ( 'NONE', *, *, #3886, .T. ) ;
#2206 = EDGE_CURVE ( 'NONE', #1441, #1299, #3060, .T. ) ;
#2207 = DIRECTION ( 'NONE',  ( 0.000000000000000000, 0.000000000000000000, -1.000000000000000000 ) ) ;
#2208 = B_SPLINE_CURVE_WITH_KNOTS ( 'NONE', 3,
 ( #1986, #920, #1495, #307 ),
 .UNSPECIFIED., .F., .F.,
 ( 4, 4 ),
 ( 0.000000000000000000, 0.0002282566006050192281 ),
 .UNSPECIFIED. ) ;
#2209 = CARTESIAN_POINT ( 'NONE',  ( -64.69999999997389750, 36.35000000000000853, 41.35000000000000142 ) ) ;
#2210 = CYLINDRICAL_SURFACE ( 'NONE', #3288, 1.250000000000001110 ) ;
#2211 = ORIENTED_EDGE ( 'NONE', *, *, #3647, .F. ) ;
#2212 = CARTESIAN_POINT ( 'NONE',  ( -11.05000000000005578, 63.49999999999994316, 0.000000000000000000 ) ) ;
#2213 = EDGE_LOOP ( 'NONE', ( #6595, #1692, #6167, #6935 ) ) ;
#2214 = CARTESIAN_POINT ( 'NONE',  ( -63.72400277912869626, 64.35326598314924240, 41.56778909888145535 ) ) ;
#2215 = EDGE_CURVE ( 'NONE', #2982, #2675, #2836, .T. ) ;
#2216 = CARTESIAN_POINT ( 'NONE',  ( 36.19999999999999574, -37.50000000000000000, 0.000000000000000000 ) ) ;
#2217 = ORIENTED_EDGE ( 'NONE', *, *, #2949, .T. ) ;
#2218 = CARTESIAN_POINT ( 'NONE',  ( -78.20000000000000284, 75.70000000000000284, 20.35000000000000142 ) ) ;
#2219 = VERTEX_POINT ( 'NONE', #859 ) ;
#2220 = ORIENTED_EDGE ( 'NONE', *, *, #3717, .T. ) ;
#2221 = DIRECTION ( 'NONE',  ( 1.000000000000000000, 0.000000000000000000, 0.000000000000000000 ) ) ;
#2222 = CARTESIAN_POINT ( 'NONE',  ( -117.6999999999738975, 73.28578643762689637, 0.4142135623730949789 ) ) ;
#2223 = CARTESIAN_POINT ( 'NONE',  ( -64.69999999997389750, 35.35000000000000142, 16.35000000000000142 ) ) ;
#2224 = DIRECTION ( 'NONE',  ( -0.000000000000000000, -1.000000000000000000, -0.000000000000000000 ) ) ;
#2225 = ORIENTED_EDGE ( 'NONE', *, *, #745, .T. ) ;
#2226 = ADVANCED_FACE ( 'NONE', ( #889 ), #5195, .F. ) ;
#2227 = DIRECTION ( 'NONE',  ( -0.000000000000000000, 0.000000000000000000, 1.000000000000000000 ) ) ;
#2228 = ORIENTED_EDGE ( 'NONE', *, *, #2025, .F. ) ;
#2229 = VERTEX_POINT ( 'NONE', #5005 ) ;
#2230 = CARTESIAN_POINT ( 'NONE',  ( 0.000000000000000000, 78.20000000000000284, 42.35000000000000142 ) ) ;
#2231 = CARTESIAN_POINT ( 'NONE',  ( 172.1999999999999886, 0.000000000000000000, 54.35000000000000142 ) ) ;
#2232 = CARTESIAN_POINT ( 'NONE',  ( -63.69999999997390461, 38.35000000000000853, 6.349999999999999645 ) ) ;
#2233 = CARTESIAN_POINT ( 'NONE',  ( -76.20000000000000284, 76.20000000000000284, 6.349999999999999645 ) ) ;
#2234 = FACE_OUTER_BOUND ( 'NONE', #5205, .T. ) ;
#2235 = LINE ( 'NONE', #7016, #1014 ) ;
#2236 = CARTESIAN_POINT ( 'NONE',  ( -23.70000000003532037, 70.70000000000000284, 8.349999999999999645 ) ) ;
#2237 = EDGE_CURVE ( 'NONE', #5580, #3956, #2711, .T. ) ;
#2238 = CYLINDRICAL_SURFACE ( 'NONE', #6111, 1.000000000000000888 ) ;
#2239 = CARTESIAN_POINT ( 'NONE',  ( -77.69999999997389750, 36.35000000000000853, 41.35000000000000142 ) ) ;
#2240 = EDGE_CURVE ( 'NONE', #4929, #1052, #4193, .T. ) ;
#2241 = LINE ( 'NONE', #2457, #1673 ) ;
#2242 = DIRECTION ( 'NONE',  ( 0.000000000000000000, 0.000000000000000000, -1.000000000000000000 ) ) ;
#2243 = ORIENTED_EDGE ( 'NONE', *, *, #6140, .F. ) ;
#2244 = CIRCLE ( 'NONE', #1561, 1.325000000000020606 ) ;
#2245 = DIRECTION ( 'NONE',  ( -0.000000000000000000, 0.000000000000000000, 1.000000000000000000 ) ) ;
#2246 = CARTESIAN_POINT ( 'NONE',  ( 0.000000000000000000, -78.20000000000000284, 42.35000000000000142 ) ) ;
#2247 = ORIENTED_EDGE ( 'NONE', *, *, #3808, .T. ) ;
#2248 = VECTOR ( 'NONE', #3204, 1000.000000000000000 ) ;
#2249 = FACE_OUTER_BOUND ( 'NONE', #5162, .T. ) ;
#2250 = ORIENTED_EDGE ( 'NONE', *, *, #2780, .F. ) ;
#2251 = VERTEX_POINT ( 'NONE', #322 ) ;
#2252 = EDGE_CURVE ( 'NONE', #3477, #5212, #4683, .T. ) ;
#2253 = CARTESIAN_POINT ( 'NONE',  ( -45.90577136594008323, 67.35000000000000853, 24.85000000000003340 ) ) ;
#2254 = LINE ( 'NONE', #120, #1256 ) ;
#2255 = CIRCLE ( 'NONE', #1349, 2.000000000000001776 ) ;
#2256 = CARTESIAN_POINT ( 'NONE',  ( -56.47888791627143945, 28.12888791629090335, 6.650763936018809552 ) ) ;
#2257 = DIRECTION ( 'NONE',  ( 9.251858538542962756E-15, 0.000000000000000000, 1.000000000000000000 ) ) ;
#2258 = ORIENTED_EDGE ( 'NONE', *, *, #3846, .F. ) ;
#2259 = CARTESIAN_POINT ( 'NONE',  ( 101.2000000000000171, 75.70000000000000284, 16.35000000000000142 ) ) ;
#2260 = VERTEX_POINT ( 'NONE', #3574 ) ;
#2261 = VECTOR ( 'NONE', #279, 1000.000000000000000 ) ;
#2262 = ORIENTED_EDGE ( 'NONE', *, *, #6649, .T. ) ;
#2263 = CARTESIAN_POINT ( 'NONE',  ( -13.80000000000000604, -37.50000000000000000, 0.000000000000000000 ) ) ;
#2264 = DIRECTION ( 'NONE',  ( 1.000000000000000000, 0.000000000000000000, 0.000000000000000000 ) ) ;
#2265 = EDGE_CURVE ( 'NONE', #6487, #2582, #4071, .T. ) ;
#2266 = CARTESIAN_POINT ( 'NONE',  ( -66.20000000000001705, 14.00000000000000533, 0.000000000000000000 ) ) ;
#2267 = VECTOR ( 'NONE', #1585, 1000.000000000000000 ) ;
#2268 = CIRCLE ( 'NONE', #6124, 1.000000000000000888 ) ;
#2269 = CARTESIAN_POINT ( 'NONE',  ( -63.69999999997390461, 36.35000000000000853, 43.35000000000000853 ) ) ;
#2270 = CIRCLE ( 'NONE', #3860, 1.322739520575443750 ) ;
#2271 = VERTEX_POINT ( 'NONE', #258 ) ;
#2272 = AXIS2_PLACEMENT_3D ( 'NONE', #5816, #5779, #2663 ) ;
#2273 = DIRECTION ( 'NONE',  ( 0.000000000000000000, 0.000000000000000000, 1.000000000000000000 ) ) ;
#2274 = DIRECTION ( 'NONE',  ( 0.000000000000000000, 0.000000000000000000, -1.000000000000000000 ) ) ;
#2275 = AXIS2_PLACEMENT_3D ( 'NONE', #1758, #6007, #4927 ) ;
#2276 = EDGE_CURVE ( 'NONE', #2007, #1107, #4609, .T. ) ;
#2277 = CIRCLE ( 'NONE', #1021, 1.322739520575443750 ) ;
#2278 = VECTOR ( 'NONE', #6742, 1000.000000000000000 ) ;
#2279 = PLANE ( 'NONE',  #4203 ) ;
#2280 = AXIS2_PLACEMENT_3D ( 'NONE', #6186, #1899, #5756 ) ;
#2281 = DIRECTION ( 'NONE',  ( -1.000000000000000000, -0.000000000000000000, -0.000000000000000000 ) ) ;
#2282 = CIRCLE ( 'NONE', #4105, 8.000000000000000000 ) ;
#2283 = AXIS2_PLACEMENT_3D ( 'NONE', #48, #2299, #2721 ) ;
#2284 = CARTESIAN_POINT ( 'NONE',  ( -116.6999999999738975, 0.000000000000000000, 1.000000000000000000 ) ) ;
#2285 = FACE_OUTER_BOUND ( 'NONE', #2789, .T. ) ;
#2286 = DIRECTION ( 'NONE',  ( -1.351293846914747261E-16, 1.000000000000000000, 0.000000000000000000 ) ) ;
#2287 = AXIS2_PLACEMENT_3D ( 'NONE', #535, #6502, #4223 ) ;
#2288 = EDGE_LOOP ( 'NONE', ( #1165, #3611 ) ) ;
#2289 = CARTESIAN_POINT ( 'NONE',  ( 0.000000000000000000, -76.20000000000000284, 6.349999999999999645 ) ) ;
#2290 = DIRECTION ( 'NONE',  ( -0.000000000000000000, -1.000000000000000000, -0.000000000000000000 ) ) ;
#2291 = ORIENTED_EDGE ( 'NONE', *, *, #2562, .F. ) ;
#2292 = DIRECTION ( 'NONE',  ( 0.000000000000000000, 0.000000000000000000, 1.000000000000000000 ) ) ;
#2293 = EDGE_LOOP ( 'NONE', ( #773, #4525, #4030, #6624 ) ) ;
#2294 = ORIENTED_EDGE ( 'NONE', *, *, #2825, .T. ) ;
#2295 = CARTESIAN_POINT ( 'NONE',  ( -76.20000000000000284, -76.20000000000000284, 6.349999999999999645 ) ) ;
#2296 = ADVANCED_FACE ( 'NONE', ( #1365 ), #1971, .F. ) ;
#2297 = CARTESIAN_POINT ( 'NONE',  ( 100.3715728752537899, 70.70000000000000284, 7.178427124746190380 ) ) ;
#2298 = CARTESIAN_POINT ( 'NONE',  ( 106.4163004865441167, -68.91629941437801676, 6.361718387316016354 ) ) ;
#2299 = DIRECTION ( 'NONE',  ( 0.000000000000000000, 0.000000000000000000, 1.000000000000000000 ) ) ;
#2300 = ORIENTED_EDGE ( 'NONE', *, *, #3372, .F. ) ;
#2301 = DIRECTION ( 'NONE',  ( 1.000000000000000000, -0.000000000000000000, 0.000000000000000000 ) ) ;
#2302 = ORIENTED_EDGE ( 'NONE', *, *, #1826, .F. ) ;
#2303 = ORIENTED_EDGE ( 'NONE', *, *, #136, .F. ) ;
#2304 = DIRECTION ( 'NONE',  ( 0.000000000000000000, 0.000000000000000000, 1.000000000000000000 ) ) ;
#2305 = CARTESIAN_POINT ( 'NONE',  ( 142.7000000000000171, 76.20000000000000284, 39.34999999999999432 ) ) ;
#2306 = EDGE_CURVE ( 'NONE', #4256, #3326, #551, .T. ) ;
#2307 = DIRECTION ( 'NONE',  ( 0.000000000000000000, 0.000000000000000000, -1.000000000000000000 ) ) ;
#2308 = EDGE_CURVE ( 'NONE', #127, #4698, #5643, .T. ) ;
#2309 = DIRECTION ( 'NONE',  ( 1.000000000000000000, -0.000000000000000000, -0.000000000000000000 ) ) ;
#2310 = DIRECTION ( 'NONE',  ( -0.000000000000000000, -0.000000000000000000, -1.000000000000000000 ) ) ;
#2311 = DIRECTION ( 'NONE',  ( -0.000000000000000000, -0.000000000000000000, -1.000000000000000000 ) ) ;
#2312 = DIRECTION ( 'NONE',  ( 0.000000000000000000, 0.000000000000000000, 1.000000000000000000 ) ) ;
#2313 = DIRECTION ( 'NONE',  ( 0.000000000000000000, 0.000000000000000000, -1.000000000000000000 ) ) ;
#2314 = EDGE_CURVE ( 'NONE', #424, #4068, #4143, .T. ) ;
#2315 = DIRECTION ( 'NONE',  ( 1.000000000000000000, 0.000000000000000000, 0.000000000000000000 ) ) ;
#2316 = LINE ( 'NONE', #1211, #3192 ) ;
#2317 = ORIENTED_EDGE ( 'NONE', *, *, #6277, .F. ) ;
#2318 = DIRECTION ( 'NONE',  ( 0.000000000000000000, 0.000000000000000000, 1.000000000000000000 ) ) ;
#2319 = ORIENTED_EDGE ( 'NONE', *, *, #1521, .T. ) ;
#2320 = FACE_OUTER_BOUND ( 'NONE', #4580, .T. ) ;
#2321 = EDGE_LOOP ( 'NONE', ( #5085, #515, #3531, #5235, #4516, #1570, #3931, #1100 ) ) ;
#2322 = ORIENTED_EDGE ( 'NONE', *, *, #5090, .F. ) ;
#2323 = FACE_OUTER_BOUND ( 'NONE', #4711, .T. ) ;
#2324 = CARTESIAN_POINT ( 'NONE',  ( -107.6999999999739117, 41.85000000000001563, 47.88553390593274628 ) ) ;
#2325 = CARTESIAN_POINT ( 'NONE',  ( 107.0846710450629899, -69.58464655159257006, 6.556248459072031132 ) ) ;
#2326 = EDGE_CURVE ( 'NONE', #479, #2171, #2255, .T. ) ;
#2327 = FACE_BOUND ( 'NONE', #5703, .T. ) ;
#2328 = VERTEX_POINT ( 'NONE', #5928 ) ;
#2329 = FACE_OUTER_BOUND ( 'NONE', #2868, .T. ) ;
#2330 = ORIENTED_EDGE ( 'NONE', *, *, #5463, .F. ) ;
#2331 = EDGE_CURVE ( 'NONE', #5210, #3790, #2140, .T. ) ;
#2332 = EDGE_LOOP ( 'NONE', ( #3932, #4605, #3321, #1574, #3959, #5952, #6739 ) ) ;
#2333 = CARTESIAN_POINT ( 'NONE',  ( -53.70000000000000284, 67.35000000000000853, 20.35000000000000142 ) ) ;
#2334 = DIRECTION ( 'NONE',  ( 0.000000000000000000, 0.000000000000000000, 1.000000000000000000 ) ) ;
#2335 = LINE ( 'NONE', #1341, #5667 ) ;
#2336 = ORIENTED_EDGE ( 'NONE', *, *, #4394, .T. ) ;
#2337 = ORIENTED_EDGE ( 'NONE', *, *, #4909, .T. ) ;
#2338 = DIRECTION ( 'NONE',  ( 1.000000000000000000, 0.000000000000000000, 0.000000000000000000 ) ) ;
#2339 = CARTESIAN_POINT ( 'NONE',  ( 46.05000000000000426, 36.19999999999999574, 2.600000000000000089 ) ) ;
#2340 = ADVANCED_FACE ( 'NONE', ( #4847 ), #6960, .F. ) ;
#2341 = PLANE ( 'NONE',  #4899 ) ;
#2342 = DIRECTION ( 'NONE',  ( 0.000000000000000000, 0.000000000000000000, -1.000000000000000000 ) ) ;
#2343 = DIRECTION ( 'NONE',  ( 0.000000000000000000, -1.000000000000000000, 0.000000000000000000 ) ) ;
#2344 = CARTESIAN_POINT ( 'NONE',  ( -60.73260395159022806, 67.35000000000000853, 39.22805266633665155 ) ) ;
#2345 = LINE ( 'NONE', #5185, #2626 ) ;
#2346 = EDGE_LOOP ( 'NONE', ( #6431, #2636, #6008, #4466 ) ) ;
#2347 = DIRECTION ( 'NONE',  ( 0.000000000000000000, 0.000000000000000000, -1.000000000000000000 ) ) ;
#2348 = EDGE_CURVE ( 'NONE', #6596, #4280, #6465, .T. ) ;
#2349 = DIRECTION ( 'NONE',  ( -0.8660254037844394848, 0.000000000000000000, 0.4999999999999985012 ) ) ;
#2350 = ORIENTED_EDGE ( 'NONE', *, *, #3169, .F. ) ;
#2351 = CARTESIAN_POINT ( 'NONE',  ( 123.2000000000000028, -123.2000000000000028, 54.35000000000000142 ) ) ;
#2352 = ORIENTED_EDGE ( 'NONE', *, *, #1786, .F. ) ;
#2353 = STYLED_ITEM ( 'NONE', ( #635 ), #1286 ) ;
#2354 = ORIENTED_EDGE ( 'NONE', *, *, #5797, .T. ) ;
#2355 = EDGE_CURVE ( 'NONE', #3739, #1117, #4648, .T. ) ;
#2356 = CARTESIAN_POINT ( 'NONE',  ( 0.000000000000000000, 72.70000000000000284, 41.35000000000000142 ) ) ;
#2357 = CARTESIAN_POINT ( 'NONE',  ( 107.3927298846282952, -69.89272988462828096, 6.742897711186998322 ) ) ;
#2358 = AXIS2_PLACEMENT_3D ( 'NONE', #4763, #6918, #4703 ) ;
#2359 = DIRECTION ( 'NONE',  ( -0.8660254037844389297, 0.000000000000000000, 0.4999999999999993339 ) ) ;
#2360 = ORIENTED_EDGE ( 'NONE', *, *, #4606, .F. ) ;
#2361 = ADVANCED_FACE ( 'NONE', ( #3175 ), #933, .F. ) ;
#2362 = DIRECTION ( 'NONE',  ( -1.000000000000000000, 0.000000000000000000, 0.000000000000000000 ) ) ;
#2363 = VERTEX_POINT ( 'NONE', #1536 ) ;
#2364 = ORIENTED_EDGE ( 'NONE', *, *, #5749, .F. ) ;
#2365 = AXIS2_PLACEMENT_3D ( 'NONE', #814, #4054, #168 ) ;
#2366 = LINE ( 'NONE', #2838, #3979 ) ;
#2367 = CARTESIAN_POINT ( 'NONE',  ( 0.000000000000000000, 39.35000000000000853, 36.35000000000000853 ) ) ;
#2368 = DIRECTION ( 'NONE',  ( 0.000000000000000000, -1.000000000000000000, 0.000000000000000000 ) ) ;
#2369 = AXIS2_PLACEMENT_3D ( 'NONE', #4038, #3080, #3366 ) ;
#2370 = ORIENTED_EDGE ( 'NONE', *, *, #6244, .T. ) ;
#2371 = ORIENTED_EDGE ( 'NONE', *, *, #4045, .T. ) ;
#2372 = DIRECTION ( 'NONE',  ( -0.000000000000000000, -0.000000000000000000, -1.000000000000000000 ) ) ;
#2373 = CARTESIAN_POINT ( 'NONE',  ( 70.30000000000001137, 39.45000000000000995, 36.00000000000000711 ) ) ;
#2374 = CARTESIAN_POINT ( 'NONE',  ( -62.78170607765456879, 66.52258185056578554, 37.35000000000000853 ) ) ;
#2375 = AXIS2_PLACEMENT_3D ( 'NONE', #139, #5602, #2960 ) ;
#2376 = PRESENTATION_LAYER_ASSIGNMENT (  '', '', ( #693 ) ) ;
#2377 = CIRCLE ( 'NONE', #6107, 1.250000000000001110 ) ;
#2378 = ADVANCED_FACE ( 'NONE', ( #4281 ), #3623, .F. ) ;
#2379 = DIRECTION ( 'NONE',  ( -0.000000000000000000, 1.000000000000000000, -0.000000000000000000 ) ) ;
#2380 = AXIS2_PLACEMENT_3D ( 'NONE', #1504, #3141, #2312 ) ;
#2381 = EDGE_CURVE ( 'NONE', #3472, #5706, #4176, .T. ) ;
#2382 = DIRECTION ( 'NONE',  ( 0.000000000000000000, 0.000000000000000000, 1.000000000000000000 ) ) ;
#2383 = TOROIDAL_SURFACE ( 'NONE', #5539, 8.000000000000000000, 2.000000000000000000 ) ;
#2384 = AXIS2_PLACEMENT_3D ( 'NONE', #1845, #1769, #5558 ) ;
#2385 = CARTESIAN_POINT ( 'NONE',  ( 0.000000000000000000, 68.70000000000000284, 6.349999999999999645 ) ) ;
#2386 = AXIS2_PLACEMENT_3D ( 'NONE', #5671, #2918, #2453 ) ;
#2387 = EDGE_CURVE ( 'NONE', #3229, #4127, #4816, .T. ) ;
#2388 = DIRECTION ( 'NONE',  ( -0.000000000000000000, -0.000000000000000000, -1.000000000000000000 ) ) ;
#2389 = EDGE_LOOP ( 'NONE', ( #3052, #6152, #3275, #592 ) ) ;
#2390 = AXIS2_PLACEMENT_3D ( 'NONE', #4939, #4484, #6520 ) ;
#2391 = AXIS2_PLACEMENT_3D ( 'NONE', #5939, #15, #4290 ) ;
#2392 = LINE ( 'NONE', #6720, #2148 ) ;
#2393 = VECTOR ( 'NONE', #11, 1000.000000000000000 ) ;
#2394 = AXIS2_PLACEMENT_3D ( 'NONE', #1683, #2870, #3858 ) ;
#2395 = CARTESIAN_POINT ( 'NONE',  ( 88.79999999999998295, -2.738550127408719677E-14, 33.00000000000000000 ) ) ;
#2396 = EDGE_CURVE ( 'NONE', #6722, #684, #6214, .T. ) ;
#2397 = ORIENTED_EDGE ( 'NONE', *, *, #951, .T. ) ;
#2398 = CIRCLE ( 'NONE', #1950, 1.325000000000003286 ) ;
#2399 = LINE ( 'NONE', #182, #7027 ) ;
#2400 = EDGE_LOOP ( 'NONE', ( #3813, #1932, #4506, #2015 ) ) ;
#2401 = CARTESIAN_POINT ( 'NONE',  ( 106.2000000000000028, -69.20000000000000284, 8.350000000000003197 ) ) ;
#2402 = ADVANCED_FACE ( 'NONE', ( #4249 ), #6992, .T. ) ;
#2403 = EDGE_LOOP ( 'NONE', ( #4378, #6687, #3609 ) ) ;
#2404 = VECTOR ( 'NONE', #4457, 1000.000000000000000 ) ;
#2405 = PRODUCT_DEFINITION_SHAPE ( 'NONE', 'NONE',  #4483 ) ;
#2406 = DIRECTION ( 'NONE',  ( -0.000000000000000000, 0.000000000000000000, 1.000000000000000000 ) ) ;
#2407 = CIRCLE ( 'NONE', #1244, 1.322739520575443750 ) ;
#2408 = CARTESIAN_POINT ( 'NONE',  ( 106.3744295369422730, -68.87442953589976469, 6.357613698813555203 ) ) ;
#2409 = DIRECTION ( 'NONE',  ( 1.000000000000000000, 0.000000000000000000, 0.000000000000000000 ) ) ;
#2410 = ORIENTED_EDGE ( 'NONE', *, *, #631, .T. ) ;
#2411 = CARTESIAN_POINT ( 'NONE',  ( -106.4499999999739117, 41.85000000000001563, 0.000000000000000000 ) ) ;
#2412 = EDGE_LOOP ( 'NONE', ( #4350, #197, #2601, #5944 ) ) ;
#2413 = ORIENTED_EDGE ( 'NONE', *, *, #1092, .T. ) ;
#2414 = VECTOR ( 'NONE', #4921, 1000.000000000000000 ) ;
#2415 = CARTESIAN_POINT ( 'NONE',  ( 99.20000000000001705, 76.20000000000000284, 6.349999999999999645 ) ) ;
#2416 = DIRECTION ( 'NONE',  ( 1.000000000000000000, 8.673617379884035472E-16, 0.000000000000000000 ) ) ;
#2417 = DIRECTION ( 'NONE',  ( 1.000000000000000000, 0.000000000000000000, 0.000000000000000000 ) ) ;
#2418 = ORIENTED_EDGE ( 'NONE', *, *, #3796, .F. ) ;
#2419 = ORIENTED_EDGE ( 'NONE', *, *, #4809, .T. ) ;
#2420 =( BOUNDED_SURFACE ( )  B_SPLINE_SURFACE ( 3, 2, ( 
 ( #2223, #4857, #1686 ),
 ( #5908, #4397, #6544 ),
 ( #975, #5349, #3793 ),
 ( #7003, #5309, #1051 ),
 ( #438, #3225, #2620 ),
 ( #4796, #6940, #2087 ),
 ( #3255, #1009, #2150 ),
 ( #6478, #2117, #6971 ),
 ( #4259, #5377, #5405 ),
 ( #1546, #3716, #5866 ),
 ( #6436, #1581, #697 ),
 ( #2795, #1160, #186 ),
 ( #6729, #6118, #2872 ),
 ( #6652, #2256, #5030 ),
 ( #2828, #1269, #3904 ),
 ( #1837, #154, #3360 ) ),
 .UNSPECIFIED., .F., .F., .F. ) 
 B_SPLINE_SURFACE_WITH_KNOTS ( ( 4, 2, 2, 2, 2, 2, 2, 4 ),
 ( 3, 3 ),
 ( 3.141592653589793116, 3.337942194439155408, 3.534291735288517255, 3.730641276137879103, 3.926990816987241395, 4.123340357836603687, 4.319689898685965090, 4.712388980384689674 ),
 ( 0.000000000000000000, 1.000000000000000000 ),
 .UNSPECIFIED. ) 
 GEOMETRIC_REPRESENTATION_ITEM ( )  RATIONAL_B_SPLINE_SURFACE ( (
 ( 1.000000000000000000, 0.7071067811865475727, 1.000000000000000000),
 ( 1.000000000000000000, 0.7070717283486419591, 1.000000000000000000),
 ( 1.000000000000000000, 0.7117460025673773005, 1.000000000000000000),
 ( 1.000000000000000000, 0.7291288939759391630, 1.000000000000000000),
 ( 1.000000000000000000, 0.7418334179369638903, 1.000000000000000000),
 ( 1.000000000000000000, 0.7723968217602394937, 1.000000000000000000),
 ( 1.000000000000000000, 0.7902180086973443762, 1.000000000000000000),
 ( 1.000000000000000000, 0.8275942695459973519, 1.000000000000000000),
 ( 1.000000000000000000, 0.8471316604709908660, 1.000000000000000000),
 ( 1.000000000000000000, 0.8849191470978892138, 1.000000000000000000),
 ( 1.000000000000000000, 0.9031650994378662700, 1.000000000000000000),
 ( 1.000000000000000000, 0.9360421842485300292, 1.000000000000000000),
 ( 1.000000000000000000, 0.9506740354116479663, 1.000000000000000000),
 ( 1.000000000000000000, 0.9867291888201733530, 1.000000000000000000),
 ( 1.000000000000000000, 1.000158581096120658, 1.000000000000000000),
 ( 1.000000000000000000, 1.000000000000000000, 1.000000000000000000) ) ) 
 REPRESENTATION_ITEM ( '' )  SURFACE ( )  );
#2421 = DIRECTION ( 'NONE',  ( -0.000000000000000000, 0.000000000000000000, 1.000000000000000000 ) ) ;
#2422 = CARTESIAN_POINT ( 'NONE',  ( -78.69999999997389750, 66.93578643762690206, 40.93578643762690206 ) ) ;
#2423 = DIRECTION ( 'NONE',  ( 1.000000000000000000, 0.000000000000000000, 0.000000000000000000 ) ) ;
#2424 = CARTESIAN_POINT ( 'NONE',  ( -77.69999999997389750, 38.35000000000000853, 38.35000000000000853 ) ) ;
#2425 = DIRECTION ( 'NONE',  ( -0.000000000000000000, 1.000000000000000000, 0.000000000000000000 ) ) ;
#2426 = CARTESIAN_POINT ( 'NONE',  ( 104.2000000000000028, -73.20000000000000284, 54.35000000000000142 ) ) ;
#2427 = CARTESIAN_POINT ( 'NONE',  ( 104.2000000000000028, -49.19999999999999574, 8.350000000000003197 ) ) ;
#2428 = EDGE_CURVE ( 'NONE', #1219, #1588, #501, .T. ) ;
#2429 = DIRECTION ( 'NONE',  ( 0.000000000000000000, 1.000000000000000000, 0.000000000000000000 ) ) ;
#2430 = ORIENTED_EDGE ( 'NONE', *, *, #739, .F. ) ;
#2431 = DIRECTION ( 'NONE',  ( 1.000000000000000000, 0.000000000000000000, 0.000000000000000000 ) ) ;
#2432 = CARTESIAN_POINT ( 'NONE',  ( -71.19999999999998863, -65.35000000000000853, 16.35000000000000142 ) ) ;
#2433 = EDGE_LOOP ( 'NONE', ( #318, #3357, #2076, #6834 ) ) ;
#2434 = DIRECTION ( 'NONE',  ( 0.000000000000000000, 0.000000000000000000, -1.000000000000000000 ) ) ;
#2435 = ORIENTED_EDGE ( 'NONE', *, *, #3905, .F. ) ;
#2436 = DIRECTION ( 'NONE',  ( 0.000000000000000000, -1.000000000000000000, 0.000000000000000000 ) ) ;
#2437 = ORIENTED_EDGE ( 'NONE', *, *, #145, .F. ) ;
#2438 = DIRECTION ( 'NONE',  ( 0.000000000000000000, 1.000000000000000000, 0.000000000000000000 ) ) ;
#2439 = FACE_OUTER_BOUND ( 'NONE', #6298, .T. ) ;
#2440 = DIRECTION ( 'NONE',  ( -0.000000000000000000, -0.000000000000000000, -1.000000000000000000 ) ) ;
#2441 = VERTEX_POINT ( 'NONE', #6859 ) ;
#2442 = CARTESIAN_POINT ( 'NONE',  ( -13.80000000000000604, 37.50000000000001421, 0.000000000000000000 ) ) ;
#2443 = ORIENTED_EDGE ( 'NONE', *, *, #5154, .F. ) ;
#2444 = ORIENTED_EDGE ( 'NONE', *, *, #3997, .F. ) ;
#2445 = ADVANCED_FACE ( 'NONE', ( #4216 ), #1464, .T. ) ;
#2446 = DIRECTION ( 'NONE',  ( 0.000000000000000000, -1.000000000000000000, 0.000000000000000000 ) ) ;
#2447 = DIRECTION ( 'NONE',  ( 0.000000000000000000, -1.000000000000000000, 0.000000000000000000 ) ) ;
#2448 = ADVANCED_FACE ( 'NONE', ( #2000, #6321, #6366 ), #5828, .F. ) ;
#2449 = CARTESIAN_POINT ( 'NONE',  ( -31.70000000003531682, -70.69999999999997442, 8.349999999999999645 ) ) ;
#2450 = EDGE_LOOP ( 'NONE', ( #5062, #5388, #4079, #2113, #3731, #6304, #2364, #508 ) ) ;
#2451 = EDGE_LOOP ( 'NONE', ( #35, #6734, #5807, #5619 ) ) ;
#2452 = CARTESIAN_POINT ( 'NONE',  ( -63.69999999997390461, 38.35000000000000853, 36.35000000000000853 ) ) ;
#2453 = DIRECTION ( 'NONE',  ( 0.000000000000000000, 0.000000000000000000, 1.000000000000000000 ) ) ;
#2454 = LINE ( 'NONE', #4089, #6906 ) ;
#2455 = CYLINDRICAL_SURFACE ( 'NONE', #3070, 2.000000000000000000 ) ;
#2456 = DIRECTION ( 'NONE',  ( 1.000000000000000000, 0.000000000000000000, 0.000000000000000000 ) ) ;
#2457 = CARTESIAN_POINT ( 'NONE',  ( 133.7000000000000171, 78.20000000000000284, 42.35000000000000142 ) ) ;
#2458 = DIRECTION ( 'NONE',  ( -1.000000000000000000, -8.673617379884035472E-16, -0.000000000000000000 ) ) ;
#2459 = ORIENTED_EDGE ( 'NONE', *, *, #6962, .F. ) ;
#2460 = EDGE_CURVE ( 'NONE', #6961, #4948, #425, .T. ) ;
#2461 = LINE ( 'NONE', #823, #3195 ) ;
#2462 = FACE_BOUND ( 'NONE', #541, .T. ) ;
#2463 = PLANE ( 'NONE',  #5341 ) ;
#2464 = EDGE_CURVE ( 'NONE', #4928, #149, #3924, .T. ) ;
#2465 = ORIENTED_EDGE ( 'NONE', *, *, #1928, .T. ) ;
#2466 = CARTESIAN_POINT ( 'NONE',  ( 64.70000000000000284, -7.750000000000000000, 5.249999999999999112 ) ) ;
#2467 = EDGE_LOOP ( 'NONE', ( #4861, #3055, #4690, #2437 ) ) ;
#2468 = CARTESIAN_POINT ( 'NONE',  ( 8.913809861173167520E-15, 16.70000000000005969, 33.00000000000000000 ) ) ;
#2469 = ORIENTED_EDGE ( 'NONE', *, *, #5191, .F. ) ;
#2470 = CARTESIAN_POINT ( 'NONE',  ( -33.70000000003560103, -69.87157287525353411, 17.17842712474548961 ) ) ;
#2471 = DIRECTION ( 'NONE',  ( 1.000000000000000000, 0.000000000000000000, 0.000000000000000000 ) ) ;
#2472 = ADVANCED_FACE ( 'NONE', ( #102 ), #3377, .F. ) ;
#2473 = LINE ( 'NONE', #5202, #1487 ) ;
#2475 = EDGE_CURVE ( 'NONE', #972, #2091, #6069, .T. ) ;
#2474 = CARTESIAN_POINT ( 'NONE',  ( -79.69999999997389750, 72.70000000000000284, 43.35000000000000853 ) ) ;
#2476 = EDGE_LOOP ( 'NONE', ( #3393, #6191, #191, #3689 ) ) ;
#2477 = EDGE_LOOP ( 'NONE', ( #2628, #5625, #5380, #2350 ) ) ;
#2478 = CARTESIAN_POINT ( 'NONE',  ( 0.000000000000000000, -76.20000000000000284, 0.000000000000000000 ) ) ;
#2479 = VECTOR ( 'NONE', #6877, 1000.000000000000000 ) ;
#2480 = DIRECTION ( 'NONE',  ( 1.000000000000000000, 0.000000000000000000, 0.000000000000000000 ) ) ;
#2481 = EDGE_LOOP ( 'NONE', ( #5393, #856, #4324, #3505 ) ) ;
#2482 = EDGE_LOOP ( 'NONE', ( #5645, #3786, #4101, #5936 ) ) ;
#2483 = ADVANCED_FACE ( 'NONE', ( #2706 ), #636, .F. ) ;
#2484 = ORIENTED_EDGE ( 'NONE', *, *, #136, .T. ) ;
#2485 = CARTESIAN_POINT ( 'NONE',  ( -60.79744412193167591, 67.35000000000000853, 39.22752926945950236 ) ) ;
#2486 = EDGE_CURVE ( 'NONE', #3223, #1236, #4462, .T. ) ;
#2487 = CARTESIAN_POINT ( 'NONE',  ( -101.7000000000000028, 45.32728445445477661, 25.35000000000000497 ) ) ;
#2488 = AXIS2_PLACEMENT_3D ( 'NONE', #84, #1864, #6057 ) ;
#2489 = LINE ( 'NONE', #1916, #4341 ) ;
#2490 = DIRECTION ( 'NONE',  ( -0.000000000000000000, -0.000000000000000000, -1.000000000000000000 ) ) ;
#2491 = EDGE_CURVE ( 'NONE', #4757, #1970, #6130, .T. ) ;
#2492 = DIRECTION ( 'NONE',  ( -0.000000000000000000, 0.000000000000000000, 1.000000000000000000 ) ) ;
#2493 = CARTESIAN_POINT ( 'NONE',  ( 62.30000000000001847, 39.45000000000000284, 33.00000000000000000 ) ) ;
#2494 = AXIS2_PLACEMENT_3D ( 'NONE', #3765, #3719, #1548 ) ;
#2495 = ORIENTED_EDGE ( 'NONE', *, *, #6437, .F. ) ;
#2496 = VECTOR ( 'NONE', #5127, 1000.000000000000000 ) ;
#2497 = DIRECTION ( 'NONE',  ( -0.7071067811865474617, -0.7071067811865474617, 0.000000000000000000 ) ) ;
#2498 = CARTESIAN_POINT ( 'NONE',  ( -53.70000000000000284, -67.35000000000000853, 11.35000000000000142 ) ) ;
#2499 = DIRECTION ( 'NONE',  ( 1.000000000000000000, 0.000000000000000000, 0.000000000000000000 ) ) ;
#2500 = VECTOR ( 'NONE', #4078, 1000.000000000000000 ) ;
#2501 = VECTOR ( 'NONE', #1556, 1000.000000000000000 ) ;
#2502 = CARTESIAN_POINT ( 'NONE',  ( -73.69999999997389750, -67.35000000000000853, 16.35000000000000142 ) ) ;
#2503 = DIRECTION ( 'NONE',  ( -0.000000000000000000, 0.000000000000000000, 1.000000000000000000 ) ) ;
#2504 = EDGE_LOOP ( 'NONE', ( #3774, #4194, #1737, #5656 ) ) ;
#2505 = VECTOR ( 'NONE', #399, 1000.000000000000000 ) ;
#2506 = DIRECTION ( 'NONE',  ( 0.000000000000000000, 0.000000000000000000, -1.000000000000000000 ) ) ;
#2507 = AXIS2_PLACEMENT_3D ( 'NONE', #3368, #2334, #6131 ) ;
#2508 = EDGE_LOOP ( 'NONE', ( #5564, #356 ) ) ;
#2509 = AXIS2_PLACEMENT_3D ( 'NONE', #70, #585, #5965 ) ;
#2510 = CIRCLE ( 'NONE', #2162, 1.322739520575443750 ) ;
#2511 = VECTOR ( 'NONE', #2939, 1000.000000000000000 ) ;
#2512 = LINE ( 'NONE', #5648, #5886 ) ;
#2513 = CARTESIAN_POINT ( 'NONE',  ( -79.11421356234698976, 38.35000000000000853, 41.35000000000000853 ) ) ;
#2514 = AXIS2_PLACEMENT_3D ( 'NONE', #3460, #5053, #180 ) ;
#2515 = CARTESIAN_POINT ( 'NONE',  ( -33.70000000003532392, -67.35000000000000853, 20.35000000000763976 ) ) ;
#2516 = CARTESIAN_POINT ( 'NONE',  ( -107.6999999999739117, 63.85000000000000142, 47.88553390593274628 ) ) ;
#2517 =( GEOMETRIC_REPRESENTATION_CONTEXT ( 3 ) GLOBAL_UNCERTAINTY_ASSIGNED_CONTEXT ( ( #4159 ) ) GLOBAL_UNIT_ASSIGNED_CONTEXT ( ( #6388, #388, #3629 ) ) REPRESENTATION_CONTEXT ( 'NONE', 'WORKASPACE' ) );
#2518 = ORIENTED_EDGE ( 'NONE', *, *, #3616, .F. ) ;
#2519 = EDGE_LOOP ( 'NONE', ( #576, #6812, #3911, #2930 ) ) ;
#2520 = EDGE_CURVE ( 'NONE', #3173, #1229, #5433, .T. ) ;
#2521 = VECTOR ( 'NONE', #4737, 1000.000000000000000 ) ;
#2522 = CARTESIAN_POINT ( 'NONE',  ( -53.70000000000000284, -73.70000000000000284, 11.35000000000000142 ) ) ;
#2523 = LINE ( 'NONE', #6377, #2159 ) ;
#2524 = ORIENTED_EDGE ( 'NONE', *, *, #6382, .F. ) ;
#2525 = ORIENTED_EDGE ( 'NONE', *, *, #3005, .F. ) ;
#2526 = EDGE_LOOP ( 'NONE', ( #6853, #2152 ) ) ;
#2527 = DIRECTION ( 'NONE',  ( 1.000000000000000000, 0.000000000000000000, 0.000000000000000000 ) ) ;
#2528 = CARTESIAN_POINT ( 'NONE',  ( 99.20000000000001705, -76.20000000000000284, 8.350000000000003197 ) ) ;
#2529 = EDGE_CURVE ( 'NONE', #26, #3697, #2630, .T. ) ;
#2530 = FACE_OUTER_BOUND ( 'NONE', #3627, .T. ) ;
#2531 = ADVANCED_FACE ( 'NONE', ( #142 ), #4357, .F. ) ;
#2532 = FACE_OUTER_BOUND ( 'NONE', #2708, .T. ) ;
#2533 = CARTESIAN_POINT ( 'NONE',  ( -71.20000000000000284, 25.35000000000000497, 16.35000000000000142 ) ) ;
#2534 = ORIENTED_EDGE ( 'NONE', *, *, #4260, .F. ) ;
#2535 = DIRECTION ( 'NONE',  ( 1.000000000000000000, 0.000000000000000000, 0.000000000000000000 ) ) ;
#2536 = CARTESIAN_POINT ( 'NONE',  ( 101.2000000000000028, -70.70000000000000284, 16.35000000000000142 ) ) ;
#2537 = CARTESIAN_POINT ( 'NONE',  ( 0.000000000000000000, 73.20000000000000284, 54.35000000000000142 ) ) ;
#2538 = EDGE_CURVE ( 'NONE', #4280, #6658, #1178, .T. ) ;
#2539 = AXIS2_PLACEMENT_3D ( 'NONE', #5683, #4600, #312 ) ;
#2540 = ORIENTED_EDGE ( 'NONE', *, *, #2662, .F. ) ;
#2541 = DIRECTION ( 'NONE',  ( 1.000000000000000000, 1.351293846914747261E-16, -0.000000000000000000 ) ) ;
#2542 = EDGE_LOOP ( 'NONE', ( #1840, #4494, #1677, #5827, #159 ) ) ;
#2543 = DIRECTION ( 'NONE',  ( -1.000000000000000000, 0.000000000000000000, 0.000000000000000000 ) ) ;
#2544 = ORIENTED_EDGE ( 'NONE', *, *, #2206, .F. ) ;
#2545 = CARTESIAN_POINT ( 'NONE',  ( -73.20000000000000284, 33.35000000000000142, 16.35000000000000142 ) ) ;
#2546 = CARTESIAN_POINT ( 'NONE',  ( -79.69999999997389750, 38.35000000000000853, 41.35000000000000142 ) ) ;
#2547 = ORIENTED_EDGE ( 'NONE', *, *, #5048, .F. ) ;
#2548 = DIRECTION ( 'NONE',  ( 1.000000000000000000, -0.000000000000000000, -0.000000000000000000 ) ) ;
#2549 = ORIENTED_EDGE ( 'NONE', *, *, #905, .F. ) ;
#2550 = EDGE_LOOP ( 'NONE', ( #4236, #313, #5371, #4794 ) ) ;
#2551 = EDGE_CURVE ( 'NONE', #5760, #4403, #2316, .T. ) ;
#2552 = DIRECTION ( 'NONE',  ( -0.000000000000000000, -1.000000000000000000, 0.000000000000000000 ) ) ;
#2553 = FACE_OUTER_BOUND ( 'NONE', #1361, .T. ) ;
#2554 = EDGE_CURVE ( 'NONE', #5574, #3678, #4493, .T. ) ;
#2555 = ORIENTED_EDGE ( 'NONE', *, *, #2486, .T. ) ;
#2556 = ORIENTED_EDGE ( 'NONE', *, *, #434, .T. ) ;
#2557 = ORIENTED_EDGE ( 'NONE', *, *, #776, .F. ) ;
#2558 = CARTESIAN_POINT ( 'NONE',  ( 132.4842712474618907, -69.20000000000000284, 26.34999999999999787 ) ) ;
#2559 = DIRECTION ( 'NONE',  ( -1.000000000000000000, 0.000000000000000000, 0.000000000000000000 ) ) ;
#2560 = DIRECTION ( 'NONE',  ( 0.000000000000000000, 0.000000000000000000, -1.000000000000000000 ) ) ;
#2561 = PLANE ( 'NONE',  #2131 ) ;
#2562 = EDGE_CURVE ( 'NONE', #368, #3094, #4336, .T. ) ;
#2563 = DIRECTION ( 'NONE',  ( -1.000000000000000000, -1.351293846914747261E-16, 0.000000000000000000 ) ) ;
#2564 = EDGE_LOOP ( 'NONE', ( #4722, #654 ) ) ;
#2565 = DIRECTION ( 'NONE',  ( 0.000000000000000000, -1.000000000000000000, 0.000000000000000000 ) ) ;
#2566 = LINE ( 'NONE', #958, #101 ) ;
#2567 = PLANE ( 'NONE',  #6708 ) ;
#2568 = ORIENTED_EDGE ( 'NONE', *, *, #3483, .F. ) ;
#2569 = EDGE_CURVE ( 'NONE', #6722, #5409, #5995, .T. ) ;
#2570 = CARTESIAN_POINT ( 'NONE',  ( -101.7000000000000028, 67.35000000000000853, 11.48809735261816911 ) ) ;
#2571 = ORIENTED_EDGE ( 'NONE', *, *, #712, .T. ) ;
#2572 = ORIENTED_EDGE ( 'NONE', *, *, #43, .F. ) ;
#2573 = EDGE_CURVE ( 'NONE', #6641, #6932, #3244, .T. ) ;
#2574 = DIRECTION ( 'NONE',  ( 0.000000000000000000, 1.000000000000000000, 0.000000000000000000 ) ) ;
#2575 = DIRECTION ( 'NONE',  ( -1.000000000000000000, 0.000000000000000000, 9.251858538542962756E-15 ) ) ;
#2576 = ORIENTED_EDGE ( 'NONE', *, *, #2001, .F. ) ;
#2577 = CARTESIAN_POINT ( 'NONE',  ( -60.69999999997389750, 67.35000000000000853, 36.35000000000000853 ) ) ;
#2578 = EDGE_LOOP ( 'NONE', ( #6770, #6102, #4109, #5258 ) ) ;
#2579 = ORIENTED_EDGE ( 'NONE', *, *, #4619, .T. ) ;
#2580 = CARTESIAN_POINT ( 'NONE',  ( 63.50000000000000000, -63.50000000000000000, 6.349999999999999645 ) ) ;
#2581 = CYLINDRICAL_SURFACE ( 'NONE', #3305, 2.000000000000001776 ) ;
#2582 = VERTEX_POINT ( 'NONE', #2212 ) ;
#2583 = ORIENTED_EDGE ( 'NONE', *, *, #4158, .F. ) ;
#2584 = ORIENTED_EDGE ( 'NONE', *, *, #4235, .F. ) ;
#2585 = CARTESIAN_POINT ( 'NONE',  ( -117.6999999999738975, 0.000000000000000000, 1.000000000000000000 ) ) ;
#2586 = VECTOR ( 'NONE', #384, 1000.000000000000000 ) ;
#2587 = LINE ( 'NONE', #5739, #1126 ) ;
#2588 = CYLINDRICAL_SURFACE ( 'NONE', #4325, 2.000000000000000000 ) ;
#2589 = VECTOR ( 'NONE', #2063, 1000.000000000000000 ) ;
#2590 = DIRECTION ( 'NONE',  ( -0.8660254037844390407, -0.000000000000000000, 0.4999999999999993894 ) ) ;
#2591 = FACE_OUTER_BOUND ( 'NONE', #1156, .T. ) ;
#2592 = ORIENTED_EDGE ( 'NONE', *, *, #1436, .T. ) ;
#2593 = EDGE_CURVE ( 'NONE', #2915, #2002, #550, .T. ) ;
#2594 = AXIS2_PLACEMENT_3D ( 'NONE', #3349, #2815, #3814 ) ;
#2595 = AXIS2_PLACEMENT_3D ( 'NONE', #4742, #5798, #1070 ) ;
#2596 = DIRECTION ( 'NONE',  ( 0.000000000000000000, 0.000000000000000000, -1.000000000000000000 ) ) ;
#2597 = EDGE_CURVE ( 'NONE', #2943, #3678, #3320, .T. ) ;
#2598 = LINE ( 'NONE', #1066, #897 ) ;
#2599 = ORIENTED_EDGE ( 'NONE', *, *, #652, .F. ) ;
#2600 = DIRECTION ( 'NONE',  ( 0.000000000000000000, 0.000000000000000000, 1.000000000000000000 ) ) ;
#2601 = ORIENTED_EDGE ( 'NONE', *, *, #6041, .T. ) ;
#2602 = CARTESIAN_POINT ( 'NONE',  ( -77.69999999997392592, 0.000000000000000000, 6.349999999999999645 ) ) ;
#2603 = VERTEX_POINT ( 'NONE', #3276 ) ;
#2604 = CARTESIAN_POINT ( 'NONE',  ( -106.4499999999739259, 63.85000000000000142, 47.88553390593274628 ) ) ;
#2605 = AXIS2_PLACEMENT_3D ( 'NONE', #4096, #5410, #4131 ) ;
#2606 = EDGE_CURVE ( 'NONE', #1896, #5652, #6533, .T. ) ;
#2607 = VECTOR ( 'NONE', #1482, 1000.000000000000000 ) ;
#2608 = VECTOR ( 'NONE', #1396, 1000.000000000000000 ) ;
#2609 = PLANE ( 'NONE',  #2061 ) ;
#2610 = ORIENTED_EDGE ( 'NONE', *, *, #6448, .T. ) ;
#2611 = EDGE_CURVE ( 'NONE', #1978, #1623, #4947, .T. ) ;
#2612 = CYLINDRICAL_SURFACE ( 'NONE', #1936, 1.999999999999992895 ) ;
#2613 = EDGE_LOOP ( 'NONE', ( #4153, #5194, #902, #2484 ) ) ;
#2614 = VECTOR ( 'NONE', #5441, 1000.000000000000000 ) ;
#2615 = ORIENTED_EDGE ( 'NONE', *, *, #5154, .T. ) ;
#2616 = VECTOR ( 'NONE', #6712, 1000.000000000000000 ) ;
#2617 = VECTOR ( 'NONE', #4513, 1000.000000000000000 ) ;
#2618 = DIRECTION ( 'NONE',  ( 0.000000000000000000, 0.000000000000000000, 1.000000000000000000 ) ) ;
#2619 = AXIS2_PLACEMENT_3D ( 'NONE', #5661, #2911, #769 ) ;
#2620 = CARTESIAN_POINT ( 'NONE',  ( -63.18926104557117185, 35.78818715015808039, 13.12784341565211221 ) ) ;
#2621 = VECTOR ( 'NONE', #2242, 1000.000000000000000 ) ;
#2622 = CIRCLE ( 'NONE', #1712, 2.099999999999997868 ) ;
#2623 = ORIENTED_EDGE ( 'NONE', *, *, #3381, .T. ) ;
#2624 = DIRECTION ( 'NONE',  ( -1.000000000000000000, 0.000000000000000000, 0.000000000000000000 ) ) ;
#2625 = ORIENTED_EDGE ( 'NONE', *, *, #6981, .T. ) ;
#2626 = VECTOR ( 'NONE', #5050, 1000.000000000000000 ) ;
#2627 = VECTOR ( 'NONE', #1643, 1000.000000000000000 ) ;
#2628 = ORIENTED_EDGE ( 'NONE', *, *, #4016, .F. ) ;
#2629 = CARTESIAN_POINT ( 'NONE',  ( 99.20000000000001705, 70.70000000000000284, 16.35000000000000142 ) ) ;
#2630 = CIRCLE ( 'NONE', #6590, 1.649999999999998579 ) ;
#2631 = VECTOR ( 'NONE', #30, 1000.000000000000000 ) ;
#2632 = DIRECTION ( 'NONE',  ( 0.000000000000000000, 0.000000000000000000, 1.000000000000000000 ) ) ;
#2633 = FACE_OUTER_BOUND ( 'NONE', #2451, .T. ) ;
#2634 = CARTESIAN_POINT ( 'NONE',  ( 66.30000000000001137, 36.19999999999999574, 2.599999999999998312 ) ) ;
#2635 = DIRECTION ( 'NONE',  ( 0.000000000000000000, 1.000000000000000000, 0.000000000000000000 ) ) ;
#2636 = ORIENTED_EDGE ( 'NONE', *, *, #2186, .T. ) ;
#2637 = FACE_OUTER_BOUND ( 'NONE', #345, .T. ) ;
#2638 = CARTESIAN_POINT ( 'NONE',  ( 101.2000000000000171, -75.70000000000000284, 8.350000000000003197 ) ) ;
#2639 = LINE ( 'NONE', #4812, #239 ) ;
#2640 = VERTEX_POINT ( 'NONE', #5155 ) ;
#2641 = ADVANCED_FACE ( 'NONE', ( #4671 ), #1963, .F. ) ;
#2642 = FACE_OUTER_BOUND ( 'NONE', #83, .T. ) ;
#2643 = ORIENTED_EDGE ( 'NONE', *, *, #5665, .T. ) ;
#2644 = DIRECTION ( 'NONE',  ( 0.000000000000000000, 0.000000000000000000, 1.000000000000000000 ) ) ;
#2645 = ORIENTED_EDGE ( 'NONE', *, *, #5121, .T. ) ;
#2646 = CARTESIAN_POINT ( 'NONE',  ( 38.29999999999999716, -37.50000000000000000, 0.000000000000000000 ) ) ;
#2647 = DIRECTION ( 'NONE',  ( 0.000000000000000000, -1.000000000000000000, 0.000000000000000000 ) ) ;
#2648 = ORIENTED_EDGE ( 'NONE', *, *, #6884, .T. ) ;
#2649 = LINE ( 'NONE', #477, #4209 ) ;
#2650 = ORIENTED_EDGE ( 'NONE', *, *, #1562, .F. ) ;
#2651 = VERTEX_POINT ( 'NONE', #4064 ) ;
#2652 = EDGE_CURVE ( 'NONE', #2107, #1040, #208, .T. ) ;
#2653 = FACE_BOUND ( 'NONE', #756, .T. ) ;
#2654 = DIRECTION ( 'NONE',  ( 1.000000000000000000, 0.000000000000000000, 0.000000000000000000 ) ) ;
#2655 = ORIENTED_EDGE ( 'NONE', *, *, #942, .T. ) ;
#2656 = DIRECTION ( 'NONE',  ( -0.000000000000000000, 0.000000000000000000, 1.000000000000000000 ) ) ;
#2657 = ORIENTED_EDGE ( 'NONE', *, *, #2695, .T. ) ;
#2658 = EDGE_CURVE ( 'NONE', #2651, #4426, #821, .T. ) ;
#2659 = ORIENTED_EDGE ( 'NONE', *, *, #6194, .F. ) ;
#2660 = DIRECTION ( 'NONE',  ( -0.000000000000000000, -0.000000000000000000, -1.000000000000000000 ) ) ;
#2661 = DIRECTION ( 'NONE',  ( -0.000000000000000000, -0.000000000000000000, -1.000000000000000000 ) ) ;
#2662 = EDGE_CURVE ( 'NONE', #4068, #1219, #851, .T. ) ;
#2663 = DIRECTION ( 'NONE',  ( 1.000000000000000000, 0.000000000000000000, 0.000000000000000000 ) ) ;
#2664 = CYLINDRICAL_SURFACE ( 'NONE', #2707, 2.100000000000004530 ) ;
#2665 = DIRECTION ( 'NONE',  ( 1.000000000000000000, 0.000000000000000000, 0.000000000000000000 ) ) ;
#2666 = EDGE_CURVE ( 'NONE', #3362, #6481, #6823, .T. ) ;
#2667 = VERTEX_POINT ( 'NONE', #250 ) ;
#2668 = DIRECTION ( 'NONE',  ( 0.000000000000000000, -1.000000000000000000, -0.000000000000000000 ) ) ;
#2669 = DIRECTION ( 'NONE',  ( 0.000000000000000000, 0.000000000000000000, -1.000000000000000000 ) ) ;
#2670 = CARTESIAN_POINT ( 'NONE',  ( -30.52500000000002700, -13.99999999999999467, 6.349999999999999645 ) ) ;
#2671 = CARTESIAN_POINT ( 'NONE',  ( -40.37468245263653444, 73.70000000000000284, 18.43012701888824267 ) ) ;
#2672 = VERTEX_POINT ( 'NONE', #718 ) ;
#2673 = EDGE_CURVE ( 'NONE', #3230, #257, #2893, .T. ) ;
#2674 = CARTESIAN_POINT ( 'NONE',  ( 0.000000000000000000, 13.70000000000000462, 6.349999999999999645 ) ) ;
#2675 = VERTEX_POINT ( 'NONE', #1290 ) ;
#2676 = ADVANCED_FACE ( 'NONE', ( #4029 ), #1251, .F. ) ;
#2677 = LINE ( 'NONE', #1642, #3762 ) ;
#2678 = DIRECTION ( 'NONE',  ( 1.000000000000000000, 0.000000000000000000, -3.854941057726241548E-16 ) ) ;
#2679 = ORIENTED_EDGE ( 'NONE', *, *, #3950, .T. ) ;
#2680 = DIRECTION ( 'NONE',  ( 0.000000000000000000, -1.000000000000000000, 0.000000000000000000 ) ) ;
#2681 = EDGE_LOOP ( 'NONE', ( #5306, #6076 ) ) ;
#2682 = ORIENTED_EDGE ( 'NONE', *, *, #4167, .T. ) ;
#2683 = EDGE_CURVE ( 'NONE', #5574, #1983, #6208, .T. ) ;
#2684 = CARTESIAN_POINT ( 'NONE',  ( -77.69999999997389750, 35.35000000000000853, 41.35000000000000142 ) ) ;
#2685 = CARTESIAN_POINT ( 'NONE',  ( -108.9499999999739117, 41.85000000000001563, 41.35000000000000142 ) ) ;
#2686 = EDGE_CURVE ( 'NONE', #3581, #2640, #2345, .T. ) ;
#2687 = ORIENTED_EDGE ( 'NONE', *, *, #2381, .F. ) ;
#2688 = CARTESIAN_POINT ( 'NONE',  ( 0.000000000000000000, -67.35000000000000853, 6.349999999999999645 ) ) ;
#2689 = ORIENTED_EDGE ( 'NONE', *, *, #6132, .T. ) ;
#2690 = EDGE_CURVE ( 'NONE', #4087, #1121, #428, .T. ) ;
#2691 = ORIENTED_EDGE ( 'NONE', *, *, #1250, .T. ) ;
#2692 = CARTESIAN_POINT ( 'NONE',  ( -101.7000000000000028, 67.35000000000000853, 0.000000000000000000 ) ) ;
#2693 = DIRECTION ( 'NONE',  ( -0.000000000000000000, -0.000000000000000000, -1.000000000000000000 ) ) ;
#2694 = FACE_BOUND ( 'NONE', #396, .T. ) ;
#2695 = EDGE_CURVE ( 'NONE', #2229, #2675, #5573, .T. ) ;
#2696 = DIRECTION ( 'NONE',  ( 0.000000000000000000, 0.000000000000000000, 1.000000000000000000 ) ) ;
#2697 = CYLINDRICAL_SURFACE ( 'NONE', #4994, 1.000000000000000888 ) ;
#2698 = VERTEX_POINT ( 'NONE', #281 ) ;
#2699 = CARTESIAN_POINT ( 'NONE',  ( -53.70000000000000284, -73.70000000000000284, 20.35000000000000142 ) ) ;
#2700 = MECHANICAL_DESIGN_GEOMETRIC_PRESENTATION_REPRESENTATION (  '', ( #2353 ), #1101 ) ;
#2701 = DIRECTION ( 'NONE',  ( -0.000000000000000000, 1.000000000000000000, 0.000000000000000000 ) ) ;
#2702 = EDGE_CURVE ( 'NONE', #5825, #5212, #1856, .T. ) ;
#2703 = CARTESIAN_POINT ( 'NONE',  ( 166.8568542494923292, 72.37157287525381832, 6.350000000000001421 ) ) ;
#2704 = PLANE ( 'NONE',  #989 ) ;
#2705 = ORIENTED_EDGE ( 'NONE', *, *, #3283, .F. ) ;
#2706 = FACE_OUTER_BOUND ( 'NONE', #5502, .T. ) ;
#2707 = AXIS2_PLACEMENT_3D ( 'NONE', #1630, #3312, #4302 ) ;
#2708 = EDGE_LOOP ( 'NONE', ( #4014, #4823, #6764, #3238 ) ) ;
#2709 = CARTESIAN_POINT ( 'NONE',  ( 43.79999999999999005, -1.350771346627273686E-14, 33.00000000000000000 ) ) ;
#2710 = CARTESIAN_POINT ( 'NONE',  ( -76.20000000000000284, 0.000000000000000000, 0.000000000000000000 ) ) ;
#2711 = CIRCLE ( 'NONE', #6441, 2.099999999999997868 ) ;
#2712 = ORIENTED_EDGE ( 'NONE', *, *, #639, .T. ) ;
#2713 = CARTESIAN_POINT ( 'NONE',  ( -101.7000000000000028, 45.32728445445477661, 11.48809735261816911 ) ) ;
#2714 = EDGE_LOOP ( 'NONE', ( #1872, #6999, #4953, #719, #5921, #615, #323 ) ) ;
#2715 = EDGE_LOOP ( 'NONE', ( #3588, #2568 ) ) ;
#2716 = CIRCLE ( 'NONE', #6679, 1.249999999999987121 ) ;
#2717 = VECTOR ( 'NONE', #3069, 1000.000000000000000 ) ;
#2718 = FACE_BOUND ( 'NONE', #1303, .T. ) ;
#2719 = CARTESIAN_POINT ( 'NONE',  ( -33.70000000023765097, 67.35000000000000853, 291599.6825000002864 ) ) ;
#2720 = AXIS2_PLACEMENT_3D ( 'NONE', #6528, #6637, #2779 ) ;
#2721 = DIRECTION ( 'NONE',  ( 1.000000000000000000, 0.000000000000000000, 0.000000000000000000 ) ) ;
#2722 = ORIENTED_EDGE ( 'NONE', *, *, #2573, .F. ) ;
#2723 = VECTOR ( 'NONE', #1164, 1000.000000000000000 ) ;
#2724 = VECTOR ( 'NONE', #2772, 1000.000000000000000 ) ;
#2725 = CARTESIAN_POINT ( 'NONE',  ( 0.000000000000000000, 73.20000000000000284, 54.35000000000000142 ) ) ;
#2726 = VECTOR ( 'NONE', #2458, 1000.000000000000000 ) ;
#2727 = ORIENTED_EDGE ( 'NONE', *, *, #736, .F. ) ;
#2728 = EDGE_CURVE ( 'NONE', #1976, #1833, #6779, .T. ) ;
#2729 = ORIENTED_EDGE ( 'NONE', *, *, #5776, .F. ) ;
#2730 = CARTESIAN_POINT ( 'NONE',  ( -77.69999999997392592, 58.10000000000000853, 17.77365965879586085 ) ) ;
#2731 = AXIS2_PLACEMENT_3D ( 'NONE', #1451, #952, #3133 ) ;
#2732 = AXIS2_PLACEMENT_3D ( 'NONE', #301, #3615, #1484 ) ;
#2733 = DIRECTION ( 'NONE',  ( -1.000000000000000000, 0.000000000000000000, 0.000000000000000000 ) ) ;
#2734 = AXIS2_PLACEMENT_3D ( 'NONE', #1726, #5579, #6723 ) ;
#2735 = VECTOR ( 'NONE', #867, 1000.000000000000000 ) ;
#2736 = AXIS2_PLACEMENT_3D ( 'NONE', #3823, #5968, #1109 ) ;
#2737 = CARTESIAN_POINT ( 'NONE',  ( -92.70000000000000284, 73.70000000000000284, 25.35000000000000497 ) ) ;
#2738 = EDGE_CURVE ( 'NONE', #6003, #4088, #4602, .T. ) ;
#2739 = CIRCLE ( 'NONE', #6923, 1.250000000000001110 ) ;
#2740 = ORIENTED_EDGE ( 'NONE', *, *, #2081, .T. ) ;
#2741 = CARTESIAN_POINT ( 'NONE',  ( 84.55000000000001137, 36.19999999999999574, 2.599999999999998312 ) ) ;
#2742 = AXIS2_PLACEMENT_3D ( 'NONE', #5568, #2311, #4563 ) ;
#2743 = LINE ( 'NONE', #1703, #4211 ) ;
#2744 = ADVANCED_FACE ( 'NONE', ( #6674 ), #3998, .F. ) ;
#2745 = EDGE_LOOP ( 'NONE', ( #69, #4073, #754, #6866 ) ) ;
#2746 = LINE ( 'NONE', #3208, #5233 ) ;
#2747 = VECTOR ( 'NONE', #96, 1000.000000000000000 ) ;
#2748 = DIRECTION ( 'NONE',  ( -1.000000000000000000, 0.000000000000000000, -0.000000000000000000 ) ) ;
#2749 = CARTESIAN_POINT ( 'NONE',  ( 167.1999999999999886, 73.20000000000000284, 8.350000000000003197 ) ) ;
#2750 = DIRECTION ( 'NONE',  ( 0.000000000000000000, 0.000000000000000000, -1.000000000000000000 ) ) ;
#2751 = EDGE_LOOP ( 'NONE', ( #934, #2679, #3619, #5606 ) ) ;
#2752 = CARTESIAN_POINT ( 'NONE',  ( -15.90000000000001101, 37.50000000000001421, 6.349999999999999645 ) ) ;
#2753 = ADVANCED_FACE ( 'NONE', ( #5079 ), #1136, .F. ) ;
#2754 = ORIENTED_EDGE ( 'NONE', *, *, #2094, .F. ) ;
#2755 = CARTESIAN_POINT ( 'NONE',  ( -63.68827430638445009, 64.65318572712861567, 41.42206078682762893 ) ) ;
#2756 = ADVANCED_FACE ( 'NONE', ( #5637 ), #6690, .T. ) ;
#2757 = CARTESIAN_POINT ( 'NONE',  ( 104.2000000000000028, 0.000000000000000000, 8.350000000000003197 ) ) ;
#2758 = ORIENTED_EDGE ( 'NONE', *, *, #942, .F. ) ;
#2759 = DIRECTION ( 'NONE',  ( 1.000000000000000000, -0.000000000000000000, 0.000000000000000000 ) ) ;
#2760 = EDGE_LOOP ( 'NONE', ( #3066, #3235, #3176, #3818, #3544, #1796, #6513, #594, #3895, #1415, #4125, #870, #3963, #2220, #5967, #1146, #1230, #3443 ) ) ;
#2761 = ORIENTED_EDGE ( 'NONE', *, *, #6206, .T. ) ;
#2762 = DIRECTION ( 'NONE',  ( 0.000000000000000000, -0.000000000000000000, -1.000000000000000000 ) ) ;
#2763 = CYLINDRICAL_SURFACE ( 'NONE', #6353, 2.000000000000001776 ) ;
#2764 = FACE_OUTER_BOUND ( 'NONE', #2085, .T. ) ;
#2765 = DIRECTION ( 'NONE',  ( -0.000000000000000000, -0.000000000000000000, -1.000000000000000000 ) ) ;
#2766 = EDGE_LOOP ( 'NONE', ( #4934, #993, #3024, #757 ) ) ;
#2767 = DIRECTION ( 'NONE',  ( 0.000000000000000000, -0.000000000000000000, 1.000000000000000000 ) ) ;
#2768 = ORIENTED_EDGE ( 'NONE', *, *, #206, .T. ) ;
#2769 = ORIENTED_EDGE ( 'NONE', *, *, #3570, .F. ) ;
#2770 = DIRECTION ( 'NONE',  ( 0.000000000000000000, 0.000000000000000000, -1.000000000000000000 ) ) ;
#2771 = EDGE_CURVE ( 'NONE', #3556, #4475, #3074, .T. ) ;
#2772 = DIRECTION ( 'NONE',  ( 0.000000000000000000, 1.000000000000000000, 0.000000000000000000 ) ) ;
#2773 = CARTESIAN_POINT ( 'NONE',  ( -79.69999999997389750, 67.35000000000000853, 38.35000000000000853 ) ) ;
#2774 = EDGE_CURVE ( 'NONE', #6534, #2982, #6984, .T. ) ;
#2775 = CYLINDRICAL_SURFACE ( 'NONE', #3983, 1.322739520575443750 ) ;
#2776 = CARTESIAN_POINT ( 'NONE',  ( -33.70000000003532392, 68.70000000000000284, 16.34999999998854037 ) ) ;
#2777 = FACE_OUTER_BOUND ( 'NONE', #4542, .T. ) ;
#2778 = CARTESIAN_POINT ( 'NONE',  ( 65.15000000000000568, -63.50000000000000000, 6.349999999999999645 ) ) ;
#2779 = DIRECTION ( 'NONE',  ( 0.000000000000000000, 0.000000000000000000, 1.000000000000000000 ) ) ;
#2780 = EDGE_CURVE ( 'NONE', #4403, #4052, #1022, .T. ) ;
#2781 = PLANE ( 'NONE',  #5097 ) ;
#2782 = CARTESIAN_POINT ( 'NONE',  ( -79.69999999997389750, 66.35000000000000853, 38.35000000000000853 ) ) ;
#2783 = CARTESIAN_POINT ( 'NONE',  ( -73.69999999997389750, -67.35000000000000853, 291599.6825000000536 ) ) ;
#2784 = ORIENTED_EDGE ( 'NONE', *, *, #5204, .T. ) ;
#2785 = CARTESIAN_POINT ( 'NONE',  ( -77.69999999997389750, 39.35000000000000853, 36.35000000000000853 ) ) ;
#2786 = CARTESIAN_POINT ( 'NONE',  ( 172.2000000000000171, 68.19999999999997442, 54.35000000000000142 ) ) ;
#2787 = ORIENTED_EDGE ( 'NONE', *, *, #2962, .T. ) ;
#2788 = DIRECTION ( 'NONE',  ( 0.000000000000000000, -1.000000000000000000, 0.000000000000000000 ) ) ;
#2789 = EDGE_LOOP ( 'NONE', ( #5796, #4285, #4257, #5266 ) ) ;
#2790 = EDGE_CURVE ( 'NONE', #1910, #5537, #3635, .T. ) ;
#2791 = EDGE_LOOP ( 'NONE', ( #852, #267 ) ) ;
#2792 = B_SPLINE_CURVE_WITH_KNOTS ( 'NONE', 3,
 ( #4523, #2344, #6746, #1353 ),
 .UNSPECIFIED., .F., .F.,
 ( 4, 4 ),
 ( 0.009142132064316159032, 0.009238316702817463838 ),
 .UNSPECIFIED. ) ;
#2793 = DIRECTION ( 'NONE',  ( -0.000000000000000000, 1.000000000000000000, 0.000000000000000000 ) ) ;
#2794 = CARTESIAN_POINT ( 'NONE',  ( 226219.5891960716981, -67.35000000000000853, 391928.1832833223743 ) ) ;
#2795 = CARTESIAN_POINT ( 'NONE',  ( -59.21265741612361211, 30.36150674195369703, 7.671684010061093240 ) ) ;
#2796 = FACE_BOUND ( 'NONE', #40, .T. ) ;
#2797 = ORIENTED_EDGE ( 'NONE', *, *, #3652, .T. ) ;
#2798 = EDGE_CURVE ( 'NONE', #3448, #6020, #5819, .T. ) ;
#2799 = CARTESIAN_POINT ( 'NONE',  ( -76.20000000000000284, -69.35000000000000853, 8.349999999999999645 ) ) ;
#2800 = ORIENTED_EDGE ( 'NONE', *, *, #3258, .T. ) ;
#2801 = VERTEX_POINT ( 'NONE', #3696 ) ;
#2802 = CARTESIAN_POINT ( 'NONE',  ( 167.1999999999999886, -73.20000000000000284, 54.35000000000000142 ) ) ;
#2803 = DIRECTION ( 'NONE',  ( -0.000000000000000000, 0.000000000000000000, 1.000000000000000000 ) ) ;
#2804 = FACE_OUTER_BOUND ( 'NONE', #3207, .T. ) ;
#2805 = CARTESIAN_POINT ( 'NONE',  ( -79.69999999997389750, 73.70000000000000284, 44.35000000000000853 ) ) ;
#2806 = EDGE_LOOP ( 'NONE', ( #896, #3165 ) ) ;
#2807 = CYLINDRICAL_SURFACE ( 'NONE', #6327, 1.650000000000002132 ) ;
#2808 = LINE ( 'NONE', #4972, #4322 ) ;
#2809 = CARTESIAN_POINT ( 'NONE',  ( 142.6999999999997044, 76.20000000000000284, 6.349999999998679812 ) ) ;
#2810 = EDGE_CURVE ( 'NONE', #1047, #3106, #3626, .T. ) ;
#2811 = LINE ( 'NONE', #3417, #6344 ) ;
#2812 = CARTESIAN_POINT ( 'NONE',  ( -97.20000000000001705, 73.70000000000000284, 16.84999999999999432 ) ) ;
#2813 = DIRECTION ( 'NONE',  ( 1.000000000000000000, 0.000000000000000000, 0.000000000000000000 ) ) ;
#2814 = EDGE_CURVE ( 'NONE', #3173, #4808, #1150, .T. ) ;
#2815 = DIRECTION ( 'NONE',  ( -0.000000000000000000, 1.000000000000000000, 0.000000000000000000 ) ) ;
#2816 = ORIENTED_EDGE ( 'NONE', *, *, #1114, .T. ) ;
#2817 = CIRCLE ( 'NONE', #2934, 2.000000000000000000 ) ;
#2818 = LINE ( 'NONE', #4528, #6793 ) ;
#2819 = CYLINDRICAL_SURFACE ( 'NONE', #4674, 1.322739520575443750 ) ;
#2820 = ORIENTED_EDGE ( 'NONE', *, *, #2810, .T. ) ;
#2821 = AXIS2_PLACEMENT_3D ( 'NONE', #5422, #3343, #6522 ) ;
#2822 = CARTESIAN_POINT ( 'NONE',  ( 0.000000000000000000, 47.60000000000000853, 6.349999999999999645 ) ) ;
#2823 = ORIENTED_EDGE ( 'NONE', *, *, #3022, .T. ) ;
#2824 = ORIENTED_EDGE ( 'NONE', *, *, #2355, .F. ) ;
#2825 = EDGE_CURVE ( 'NONE', #3678, #2906, #5257, .T. ) ;
#2826 = DIRECTION ( 'NONE',  ( -0.000000000000000000, 1.000000000000000000, -0.000000000000000000 ) ) ;
#2827 = DIRECTION ( 'NONE',  ( 0.000000000000000000, 0.000000000000000000, -1.000000000000000000 ) ) ;
#2828 = CARTESIAN_POINT ( 'NONE',  ( -55.14015624157247686, 26.65923294689945777, 6.350000000000000533 ) ) ;
#2829 = ADVANCED_FACE ( 'NONE', ( #460 ), #6878, .T. ) ;
#2830 = CARTESIAN_POINT ( 'NONE',  ( 173721.7579182460322, -67.35000000000000853, -100314.7309103413863 ) ) ;
#2831 = VERTEX_POINT ( 'NONE', #2098 ) ;
#2832 = FACE_OUTER_BOUND ( 'NONE', #5034, .T. ) ;
#2833 = ORIENTED_EDGE ( 'NONE', *, *, #6399, .F. ) ;
#2834 = AXIS2_PLACEMENT_3D ( 'NONE', #2119, #3029, #3062 ) ;
#2835 = VERTEX_POINT ( 'NONE', #5845 ) ;
#2836 = LINE ( 'NONE', #129, #3281 ) ;
#2837 = TOROIDAL_SURFACE ( 'NONE', #95, 2.000000000000000000, 1.000000000000000000 ) ;
#2838 = CARTESIAN_POINT ( 'NONE',  ( 88.80000000000001137, 58.70000000000000284, 36.00000000000000711 ) ) ;
#2839 = LINE ( 'NONE', #3446, #112 ) ;
#2840 = CIRCLE ( 'NONE', #4660, 1.322739520575443750 ) ;
#2841 = AXIS2_PLACEMENT_3D ( 'NONE', #3102, #6307, #6383 ) ;
#2842 = DIRECTION ( 'NONE',  ( 0.000000000000000000, 0.000000000000000000, 1.000000000000000000 ) ) ;
#2843 = AXIS2_PLACEMENT_3D ( 'NONE', #1745, #3371, #135 ) ;
#2844 = AXIS2_PLACEMENT_3D ( 'NONE', #5663, #238, #4051 ) ;
#2845 = CARTESIAN_POINT ( 'NONE',  ( -97.20000000000001705, 45.32728445445477661, 16.84999999999999432 ) ) ;
#2846 = DIRECTION ( 'NONE',  ( -1.000000000000000000, 0.000000000000000000, 0.000000000000000000 ) ) ;
#2848 = VECTOR ( 'NONE', #2759, 1000.000000000000000 ) ;
#2847 = CARTESIAN_POINT ( 'NONE',  ( 105.6999999999999886, -69.20000000000000284, 6.413508326896298684 ) ) ;
#2849 = AXIS2_PLACEMENT_3D ( 'NONE', #2086, #2116, #4258 ) ;
#2850 = CIRCLE ( 'NONE', #2283, 1.200000000000006617 ) ;
#2851 = DIRECTION ( 'NONE',  ( 0.000000000000000000, 0.000000000000000000, 1.000000000000000000 ) ) ;
#2852 = CARTESIAN_POINT ( 'NONE',  ( -73.20000000000000284, 25.35000000000000497, 6.349999999999999645 ) ) ;
#2853 = VECTOR ( 'NONE', #4416, 1000.000000000000114 ) ;
#2854 = VECTOR ( 'NONE', #673, 1000.000000000000000 ) ;
#2855 = VECTOR ( 'NONE', #503, 1000.000000000000000 ) ;
#2856 = CIRCLE ( 'NONE', #3994, 10.00000000000000000 ) ;
#2857 = CARTESIAN_POINT ( 'NONE',  ( -27.87500000000002132, -13.99999999999999467, 6.349999999999999645 ) ) ;
#2858 = PRODUCT ( 'layer1', 'layer1', '', ( #6200 ) ) ;
#2859 = CARTESIAN_POINT ( 'NONE',  ( 66.30000000000001137, 36.19999999999999574, 2.600000000000000089 ) ) ;
#2860 = CARTESIAN_POINT ( 'NONE',  ( 85.79999999999998295, 55.70000000000000284, 33.00000000000000000 ) ) ;
#2861 = AXIS2_PLACEMENT_3D ( 'NONE', #4108, #6751, #1397 ) ;
#2862 = VERTEX_POINT ( 'NONE', #3730 ) ;
#2863 = CARTESIAN_POINT ( 'NONE',  ( -61.49422863406000062, 67.35000000000000853, 26.17273952057537301 ) ) ;
#2864 = CARTESIAN_POINT ( 'NONE',  ( 173721.7579182460322, -73.70000000000000284, -100314.7309103413863 ) ) ;
#2865 = EDGE_CURVE ( 'NONE', #5878, #5654, #6356, .T. ) ;
#2866 = ORIENTED_EDGE ( 'NONE', *, *, #3561, .T. ) ;
#2867 = CARTESIAN_POINT ( 'NONE',  ( 172.2000000000000171, 68.19999999999997442, 8.350000000000003197 ) ) ;
#2868 = EDGE_LOOP ( 'NONE', ( #3365, #6453, #5069, #2571, #6268, #676 ) ) ;
#2869 = VERTEX_POINT ( 'NONE', #6415 ) ;
#2870 = DIRECTION ( 'NONE',  ( -0.000000000000000000, -0.000000000000000000, -1.000000000000000000 ) ) ;
#2871 = DIRECTION ( 'NONE',  ( -0.000000000000000000, 0.000000000000000000, 1.000000000000000000 ) ) ;
#2872 = CARTESIAN_POINT ( 'NONE',  ( -58.13151206320384290, 30.22466326955356308, 7.361670395485881535 ) ) ;
#2873 = FACE_BOUND ( 'NONE', #2526, .T. ) ;
#2874 = ORIENTED_EDGE ( 'NONE', *, *, #5181, .T. ) ;
#2876 = EDGE_CURVE ( 'NONE', #6996, #4291, #6486, .T. ) ;
#2875 = DIRECTION ( 'NONE',  ( 0.000000000000000000, 1.000000000000000000, -0.000000000000000000 ) ) ;
#2877 = ORIENTED_EDGE ( 'NONE', *, *, #6437, .T. ) ;
#2878 = EDGE_LOOP ( 'NONE', ( #233, #1870, #2625, #1157 ) ) ;
#2879 = DIRECTION ( 'NONE',  ( -1.000000000000000000, 0.000000000000000000, 0.000000000000000000 ) ) ;
#2880 = LINE ( 'NONE', #6706, #1709 ) ;
#2881 = CYLINDRICAL_SURFACE ( 'NONE', #2158, 1.000000000000000888 ) ;
#2882 = VERTEX_POINT ( 'NONE', #1029 ) ;
#2883 = ORIENTED_EDGE ( 'NONE', *, *, #1384, .T. ) ;
#2884 = DIRECTION ( 'NONE',  ( 0.000000000000000000, 0.000000000000000000, 1.000000000000000000 ) ) ;
#2885 = CARTESIAN_POINT ( 'NONE',  ( -53.70000000000000284, 67.35000000000000853, 40.34999999999999432 ) ) ;
#2886 = CARTESIAN_POINT ( 'NONE',  ( -13.80000000000000604, -37.50000000000000000, 6.349999999999999645 ) ) ;
#2887 = EDGE_CURVE ( 'NONE', #2007, #5574, #6281, .T. ) ;
#2888 = DIRECTION ( 'NONE',  ( 0.000000000000000000, 0.000000000000000000, -1.000000000000000000 ) ) ;
#2889 = DIRECTION ( 'NONE',  ( -0.000000000000000000, -0.000000000000000000, -1.000000000000000000 ) ) ;
#2890 = LINE ( 'NONE', #670, #4201 ) ;
#2891 = ADVANCED_FACE ( 'NONE', ( #2591 ), #5743, .T. ) ;
#2892 = CARTESIAN_POINT ( 'NONE',  ( 86.55000000000001137, 36.19999999999999574, 2.600000000000000089 ) ) ;
#2893 = LINE ( 'NONE', #5713, #2130 ) ;
#2894 = ORIENTED_EDGE ( 'NONE', *, *, #253, .T. ) ;
#2895 = DIRECTION ( 'NONE',  ( 1.000000000000000000, 0.000000000000000000, 0.000000000000000000 ) ) ;
#2896 = CARTESIAN_POINT ( 'NONE',  ( 64.70000000000000284, 7.750000000000000000, 6.349999999999999645 ) ) ;
#2897 = EDGE_LOOP ( 'NONE', ( #3872, #3425, #3676 ) ) ;
#2898 = DIRECTION ( 'NONE',  ( 8.673617379884026597E-16, 3.592612318747964261E-12, -1.000000000000000000 ) ) ;
#2899 = ORIENTED_EDGE ( 'NONE', *, *, #3741, .T. ) ;
#2900 = EDGE_LOOP ( 'NONE', ( #2518, #5170, #1537, #6296 ) ) ;
#2901 = DIRECTION ( 'NONE',  ( -1.000000000000000000, 0.000000000000000000, 0.000000000000000000 ) ) ;
#2902 = CARTESIAN_POINT ( 'NONE',  ( 106.6191385915118843, -69.11913859029270668, 6.394411544552781379 ) ) ;
#2903 = DIRECTION ( 'NONE',  ( 0.000000000000000000, -1.000000000000000000, 0.000000000000000000 ) ) ;
#2904 = ORIENTED_EDGE ( 'NONE', *, *, #3130, .F. ) ;
#2905 = DIRECTION ( 'NONE',  ( 0.000000000000000000, 1.000000000000000000, 0.000000000000000000 ) ) ;
#2906 = VERTEX_POINT ( 'NONE', #4242 ) ;
#2907 = ORIENTED_EDGE ( 'NONE', *, *, #976, .T. ) ;
#2908 = EDGE_CURVE ( 'NONE', #5280, #242, #879, .T. ) ;
#2909 = CARTESIAN_POINT ( 'NONE',  ( 172.1999999999999886, -68.19999999999997442, 8.350000000000003197 ) ) ;
#2910 = ADVANCED_FACE ( 'NONE', ( #2777 ), #6031, .F. ) ;
#2911 = DIRECTION ( 'NONE',  ( 0.8660254037844388186, 0.000000000000000000, -0.4999999999999997780 ) ) ;
#2912 = CARTESIAN_POINT ( 'NONE',  ( -11.05000000000000071, -63.50000000000000000, 0.000000000000000000 ) ) ;
#2913 = EDGE_CURVE ( 'NONE', #5373, #5131, #2743, .T. ) ;
#2914 = ORIENTED_EDGE ( 'NONE', *, *, #5287, .F. ) ;
#2915 = VERTEX_POINT ( 'NONE', #3917 ) ;
#2916 =( BOUNDED_CURVE ( )  B_SPLINE_CURVE ( 3, ( #275, #815, #6633, #1883 ),
 .UNSPECIFIED., .F., .F. ) 
 B_SPLINE_CURVE_WITH_KNOTS ( ( 4, 4 ),
 ( 1.570796326794896558, 2.920411333949712862 ),
 .UNSPECIFIED. ) 
 CURVE ( )  GEOMETRIC_REPRESENTATION_ITEM ( )  RATIONAL_B_SPLINE_CURVE ( ( 1.000000000000000000, 0.8538848181101086343, 0.8538848181101086343, 1.000000000000000000 ) ) 
 REPRESENTATION_ITEM ( '' )  );
#2917 = DIRECTION ( 'NONE',  ( -0.000000000000000000, 0.000000000000000000, 1.000000000000000000 ) ) ;
#2918 = DIRECTION ( 'NONE',  ( 0.000000000000000000, 1.000000000000000000, -0.000000000000000000 ) ) ;
#2919 =( LENGTH_UNIT ( ) NAMED_UNIT ( * ) SI_UNIT ( .MILLI., .METRE. ) );
#2920 = DIRECTION ( 'NONE',  ( 0.000000000000000000, 0.000000000000000000, 1.000000000000000000 ) ) ;
#2921 = ADVANCED_FACE ( 'NONE', ( #1174 ), #2697, .F. ) ;
#2922 = DIRECTION ( 'NONE',  ( 0.000000000000000000, 0.000000000000000000, 1.000000000000000000 ) ) ;
#2923 = EDGE_CURVE ( 'NONE', #4015, #1978, #1631, .T. ) ;
#2924 = DIRECTION ( 'NONE',  ( 0.000000000000000000, 0.000000000000000000, -1.000000000000000000 ) ) ;
#2925 = LINE ( 'NONE', #5078, #5860 ) ;
#2926 = CARTESIAN_POINT ( 'NONE',  ( -33.70000000023765097, 67.35000000000000853, 291599.6825000002864 ) ) ;
#2927 = ORIENTED_EDGE ( 'NONE', *, *, #1748, .T. ) ;
#2928 = CARTESIAN_POINT ( 'NONE',  ( -33.70000000003531682, -67.35000000000000853, 8.350000000007185008 ) ) ;
#2929 = CARTESIAN_POINT ( 'NONE',  ( -77.69999999997392592, 47.60000000000000853, 17.77365965879586085 ) ) ;
#2930 = ORIENTED_EDGE ( 'NONE', *, *, #1490, .T. ) ;
#2931 = LINE ( 'NONE', #6788, #1255 ) ;
#2932 = ORIENTED_EDGE ( 'NONE', *, *, #3429, .T. ) ;
#2933 = VECTOR ( 'NONE', #2388, 1000.000000000000000 ) ;
#2934 = AXIS2_PLACEMENT_3D ( 'NONE', #5992, #3376, #4355 ) ;
#2935 = ORIENTED_EDGE ( 'NONE', *, *, #1348, .F. ) ;
#2936 = FACE_BOUND ( 'NONE', #2681, .T. ) ;
#2937 = CARTESIAN_POINT ( 'NONE',  ( 106.4056068563630078, -68.90560616260893312, 6.360573124563980052 ) ) ;
#2938 = CIRCLE ( 'NONE', #6891, 2.000000000000000000 ) ;
#2939 = DIRECTION ( 'NONE',  ( 0.000000000000000000, 0.000000000000000000, -1.000000000000000000 ) ) ;
#2940 = ORIENTED_EDGE ( 'NONE', *, *, #3475, .F. ) ;
#2941 = DIRECTION ( 'NONE',  ( 0.000000000000000000, 1.000000000000000000, 0.000000000000000000 ) ) ;
#2942 = VERTEX_POINT ( 'NONE', #1133 ) ;
#2943 = VERTEX_POINT ( 'NONE', #5521 ) ;
#2944 = VECTOR ( 'NONE', #6024, 1000.000000000000000 ) ;
#2945 = DIRECTION ( 'NONE',  ( 1.000000000000000000, 0.000000000000000000, 0.000000000000000000 ) ) ;
#2946 = ADVANCED_FACE ( 'NONE', ( #3344 ), #5492, .T. ) ;
#2947 = CARTESIAN_POINT ( 'NONE',  ( 123.2000000000000028, 123.2000000000000028, 0.000000000000000000 ) ) ;
#2948 = DIRECTION ( 'NONE',  ( -0.000000000000000000, -0.000000000000000000, -1.000000000000000000 ) ) ;
#2949 = EDGE_CURVE ( 'NONE', #6576, #2603, #566, .T. ) ;
#2950 = AXIS2_PLACEMENT_3D ( 'NONE', #5868, #6480, #2154 ) ;
#2951 = EDGE_LOOP ( 'NONE', ( #1874, #5829, #3053, #1757 ) ) ;
#2952 = VERTEX_POINT ( 'NONE', #602 ) ;
#2953 = CYLINDRICAL_SURFACE ( 'NONE', #3384, 1.649999999999998579 ) ;
#2954 = DIRECTION ( 'NONE',  ( 0.000000000000000000, 0.000000000000000000, 1.000000000000000000 ) ) ;
#2955 = DIRECTION ( 'NONE',  ( 0.000000000000000000, -1.000000000000000000, 0.000000000000000000 ) ) ;
#2956 = CIRCLE ( 'NONE', #6905, 1.000000000000000888 ) ;
#2957 = AXIS2_PLACEMENT_3D ( 'NONE', #4032, #3598, #5640 ) ;
#2958 = DIRECTION ( 'NONE',  ( 0.000000000000000000, 0.000000000000000000, -1.000000000000000000 ) ) ;
#2959 = CIRCLE ( 'NONE', #5216, 1.649999999999998579 ) ;
#2960 = DIRECTION ( 'NONE',  ( -1.000000000000000000, 5.337610695313255329E-16, 0.000000000000000000 ) ) ;
#2961 = CIRCLE ( 'NONE', #2275, 19.99999999999999289 ) ;
#2962 = EDGE_CURVE ( 'NONE', #12, #5042, #3773, .T. ) ;
#2963 = CARTESIAN_POINT ( 'NONE',  ( 70.30000000000001137, 39.45000000000000995, 33.00000000000000000 ) ) ;
#2964 = DIRECTION ( 'NONE',  ( 0.000000000000000000, 0.000000000000000000, -1.000000000000000000 ) ) ;
#2965 = ORIENTED_EDGE ( 'NONE', *, *, #6464, .T. ) ;
#2966 = AXIS2_PLACEMENT_3D ( 'NONE', #6836, #2575, #1975 ) ;
#2967 = CYLINDRICAL_SURFACE ( 'NONE', #5657, 2.000000000000001776 ) ;
#2968 = AXIS2_PLACEMENT_3D ( 'NONE', #2324, #5613, #2901 ) ;
#2969 = AXIS2_PLACEMENT_3D ( 'NONE', #4102, #3068, #5290 ) ;
#2970 = DIRECTION ( 'NONE',  ( -1.000000000000000000, 0.000000000000000000, 0.000000000000000000 ) ) ;
#2971 = ORIENTED_EDGE ( 'NONE', *, *, #3686, .T. ) ;
#2972 = CIRCLE ( 'NONE', #4789, 2.100000000000004530 ) ;
#2973 = CARTESIAN_POINT ( 'NONE',  ( -29.20000000000002416, 14.00000000000000533, 6.349999999999999645 ) ) ;
#2974 = VERTEX_POINT ( 'NONE', #4941 ) ;
#2975 = LINE ( 'NONE', #2468, #5207 ) ;
#2976 = ORIENTED_EDGE ( 'NONE', *, *, #6843, .T. ) ;
#2977 = AXIS2_PLACEMENT_3D ( 'NONE', #6246, #4729, #846 ) ;
#2978 = EDGE_CURVE ( 'NONE', #3106, #3047, #59, .T. ) ;
#2979 = LINE ( 'NONE', #1435, #795 ) ;
#2980 = CARTESIAN_POINT ( 'NONE',  ( 0.000000000000000000, -78.20000000000000284, 0.000000000000000000 ) ) ;
#2981 = DIRECTION ( 'NONE',  ( -0.8660254037844385966, 0.000000000000000000, 0.5000000000000003331 ) ) ;
#2982 = VERTEX_POINT ( 'NONE', #3805 ) ;
#2983 = DIRECTION ( 'NONE',  ( 0.000000000000000000, 1.000000000000000000, -0.000000000000000000 ) ) ;
#2984 = ORIENTED_EDGE ( 'NONE', *, *, #3808, .F. ) ;
#2985 = ORIENTED_EDGE ( 'NONE', *, *, #5665, .F. ) ;
#2986 = CARTESIAN_POINT ( 'NONE',  ( -67.52500000000003411, -13.99999999999999822, 0.000000000000000000 ) ) ;
#2987 = CARTESIAN_POINT ( 'NONE',  ( -116.6999999999738975, 72.70000000000000284, 0.000000000000000000 ) ) ;
#2988 = FACE_OUTER_BOUND ( 'NONE', #2412, .T. ) ;
#2989 = VERTEX_POINT ( 'NONE', #4870 ) ;
#2990 = EDGE_CURVE ( 'NONE', #6658, #6938, #2235, .T. ) ;
#2991 = ORIENTED_EDGE ( 'NONE', *, *, #3698, .F. ) ;
#2992 = FACE_OUTER_BOUND ( 'NONE', #431, .T. ) ;
#2993 = PLANE ( 'NONE',  #6574 ) ;
#2994 = FACE_OUTER_BOUND ( 'NONE', #1908, .T. ) ;
#2995 = EDGE_CURVE ( 'NONE', #2091, #1093, #3529, .T. ) ;
#2996 = DIRECTION ( 'NONE',  ( -0.000000000000000000, -1.000000000000000000, -0.000000000000000000 ) ) ;
#2997 = DIRECTION ( 'NONE',  ( 0.000000000000000000, 1.000000000000000000, 0.000000000000000000 ) ) ;
#2998 = FACE_OUTER_BOUND ( 'NONE', #4655, .T. ) ;
#2999 = LINE ( 'NONE', #2385, #4970 ) ;
#3000 = DIRECTION ( 'NONE',  ( -0.7071067811865474617, 0.7071067811865474617, 0.000000000000000000 ) ) ;
#3001 = EDGE_LOOP ( 'NONE', ( #6416, #5272, #1015, #641 ) ) ;
#3002 = ADVANCED_FACE ( 'NONE', ( #4377 ), #6558, .T. ) ;
#3003 = LINE ( 'NONE', #3964, #5554 ) ;
#3004 = DIRECTION ( 'NONE',  ( -0.000000000000000000, -1.000000000000000000, -0.000000000000000000 ) ) ;
#3005 = EDGE_CURVE ( 'NONE', #3780, #2862, #2808, .T. ) ;
#3006 = DIRECTION ( 'NONE',  ( 0.000000000000000000, -0.000000000000000000, -1.000000000000000000 ) ) ;
#3007 = ADVANCED_FACE ( 'NONE', ( #4455 ), #6606, .F. ) ;
#3008 = ORIENTED_EDGE ( 'NONE', *, *, #5887, .T. ) ;
#3009 = FACE_OUTER_BOUND ( 'NONE', #199, .T. ) ;
#3010 = ORIENTED_EDGE ( 'NONE', *, *, #2962, .F. ) ;
#3011 = DIRECTION ( 'NONE',  ( 0.7071067811865475727, 0.7071067811865475727, 0.000000000000000000 ) ) ;
#3012 = VERTEX_POINT ( 'NONE', #4303 ) ;
#3013 = FACE_BOUND ( 'NONE', #3674, .T. ) ;
#3014 = FACE_OUTER_BOUND ( 'NONE', #3001, .T. ) ;
#3015 = DIRECTION ( 'NONE',  ( 1.000000000000000000, 0.000000000000000000, 0.000000000000000000 ) ) ;
#3016 = ADVANCED_FACE ( 'NONE', ( #6451 ), #1600, .F. ) ;
#3017 = CARTESIAN_POINT ( 'NONE',  ( -77.69999999997389750, 35.35000000000000853, 42.35000000000000853 ) ) ;
#3018 = ORIENTED_EDGE ( 'NONE', *, *, #1520, .F. ) ;
#3019 = ORIENTED_EDGE ( 'NONE', *, *, #6880, .F. ) ;
#3020 = CARTESIAN_POINT ( 'NONE',  ( -116.6999999999738975, 35.35000000000000853, 44.35000000000000853 ) ) ;
#3021 = CARTESIAN_POINT ( 'NONE',  ( -27.87500000000002132, -13.99999999999999467, 6.349999999999999645 ) ) ;
#3022 = EDGE_CURVE ( 'NONE', #5089, #289, #5387, .T. ) ;
#3023 = EDGE_LOOP ( 'NONE', ( #5612, #771, #1768, #3278, #6879, #5481, #1880, #6901, #506, #6181, #4635 ) ) ;
#3024 = ORIENTED_EDGE ( 'NONE', *, *, #2690, .F. ) ;
#3025 = ORIENTED_EDGE ( 'NONE', *, *, #4490, .F. ) ;
#3026 = DIRECTION ( 'NONE',  ( 1.000000000000000000, 0.000000000000000000, 0.000000000000000000 ) ) ;
#3027 = CYLINDRICAL_SURFACE ( 'NONE', #334, 1.000000000000000888 ) ;
#3028 = CARTESIAN_POINT ( 'NONE',  ( 106.2000000000000028, 0.000000000000000000, 8.350000000000003197 ) ) ;
#3029 = DIRECTION ( 'NONE',  ( -1.000000000000000000, 0.000000000000000000, 0.000000000000000000 ) ) ;
#3030 = LINE ( 'NONE', #5184, #2479 ) ;
#3031 = CARTESIAN_POINT ( 'NONE',  ( -14.35000000000006004, 63.49999999999994316, 6.349999999999999645 ) ) ;
#3032 = VERTEX_POINT ( 'NONE', #1809 ) ;
#3033 = CARTESIAN_POINT ( 'NONE',  ( 142.7000000000000171, -76.20000000000000284, 39.34999999999999432 ) ) ;
#3034 = LINE ( 'NONE', #6146, #6567 ) ;
#3035 = CARTESIAN_POINT ( 'NONE',  ( -29.20000000000002416, -13.99999999999999467, 6.349999999999999645 ) ) ;
#3036 = ORIENTED_EDGE ( 'NONE', *, *, #2774, .T. ) ;
#3037 = EDGE_CURVE ( 'NONE', #738, #344, #3405, .T. ) ;
#3038 = EDGE_LOOP ( 'NONE', ( #2147, #2540, #888, #3602 ) ) ;
#3039 = CARTESIAN_POINT ( 'NONE',  ( 62.30000000000001847, 39.45000000000000284, 36.00000000000000711 ) ) ;
#3040 = ORIENTED_EDGE ( 'NONE', *, *, #1595, .T. ) ;
#3041 = PLANE ( 'NONE',  #681 ) ;
#3042 = CARTESIAN_POINT ( 'NONE',  ( -31.70000000003532392, 73.70000000000000284, 16.35000000000000142 ) ) ;
#3043 = CARTESIAN_POINT ( 'NONE',  ( -45.37468245263198696, 67.35000000000000853, 9.769872981024718683 ) ) ;
#3044 = DIRECTION ( 'NONE',  ( 0.000000000000000000, 0.000000000000000000, 1.000000000000000000 ) ) ;
#3045 = EDGE_LOOP ( 'NONE', ( #4187, #6780, #2139, #5396 ) ) ;
#3046 = EDGE_CURVE ( 'NONE', #5758, #5684, #6666, .T. ) ;
#3047 = VERTEX_POINT ( 'NONE', #3451 ) ;
#3048 = CARTESIAN_POINT ( 'NONE',  ( -60.79744412193167591, 67.35000000000000853, 42.22752926945950236 ) ) ;
#3049 = AXIS2_PLACEMENT_3D ( 'NONE', #2782, #3922, #2813 ) ;
#3050 = EDGE_CURVE ( 'NONE', #4755, #6753, #5598, .T. ) ;
#3051 = DIRECTION ( 'NONE',  ( 0.000000000000000000, 0.000000000000000000, 1.000000000000000000 ) ) ;
#3052 = ORIENTED_EDGE ( 'NONE', *, *, #4398, .F. ) ;
#3053 = ORIENTED_EDGE ( 'NONE', *, *, #4809, .F. ) ;
#3054 = AXIS2_PLACEMENT_3D ( 'NONE', #1313, #2917, #1808 ) ;
#3055 = ORIENTED_EDGE ( 'NONE', *, *, #4911, .T. ) ;
#3056 = FACE_OUTER_BOUND ( 'NONE', #4767, .T. ) ;
#3057 = DIRECTION ( 'NONE',  ( 0.000000000000000000, 0.000000000000000000, -1.000000000000000000 ) ) ;
#3058 = EDGE_CURVE ( 'NONE', #3464, #6039, #5437, .T. ) ;
#3059 = VECTOR ( 'NONE', #1639, 1000.000000000000000 ) ;
#3060 = CIRCLE ( 'NONE', #2369, 1.322739520575443750 ) ;
#3061 = DIRECTION ( 'NONE',  ( 0.000000000000000000, -1.000000000000000000, 0.000000000000000000 ) ) ;
#3062 = DIRECTION ( 'NONE',  ( 0.000000000000000000, 0.000000000000000000, 1.000000000000000000 ) ) ;
#3063 = FACE_OUTER_BOUND ( 'NONE', #3492, .T. ) ;
#3064 = CARTESIAN_POINT ( 'NONE',  ( -92.70000000000000284, 45.32728445445477661, 11.48809735261820464 ) ) ;
#3065 = AXIS2_PLACEMENT_3D ( 'NONE', #2284, #605, #4381 ) ;
#3066 = ORIENTED_EDGE ( 'NONE', *, *, #253, .F. ) ;
#3067 = AXIS2_PLACEMENT_3D ( 'NONE', #1427, #6783, #3533 ) ;
#3068 = DIRECTION ( 'NONE',  ( 0.000000000000000000, 1.000000000000000000, 0.000000000000000000 ) ) ;
#3069 = DIRECTION ( 'NONE',  ( -1.000000000000000000, -0.000000000000000000, -0.000000000000000000 ) ) ;
#3070 = AXIS2_PLACEMENT_3D ( 'NONE', #3028, #4059, #6203 ) ;
#3071 = LINE ( 'NONE', #6285, #4110 ) ;
#3072 = CIRCLE ( 'NONE', #220, 1.000000000000000888 ) ;
#3073 = VECTOR ( 'NONE', #6947, 1000.000000000000000 ) ;
#3074 = CIRCLE ( 'NONE', #3188, 2.099999999999997868 ) ;
#3075 = CARTESIAN_POINT ( 'NONE',  ( -101.7000000000000028, 73.70000000000000284, 22.21190264738181597 ) ) ;
#3076 = DIRECTION ( 'NONE',  ( -0.000000000000000000, -1.000000000000000000, 0.000000000000000000 ) ) ;
#3077 = EDGE_LOOP ( 'NONE', ( #5616, #5064 ) ) ;
#3078 = EDGE_CURVE ( 'NONE', #1472, #912, #2916, .T. ) ;
#3079 = VECTOR ( 'NONE', #6485, 1000.000000000000000 ) ;
#3080 = DIRECTION ( 'NONE',  ( -0.000000000000000000, -1.000000000000000000, -0.000000000000000000 ) ) ;
#3081 = CIRCLE ( 'NONE', #6351, 1.000000000000000888 ) ;
#3082 = ORIENTED_EDGE ( 'NONE', *, *, #5599, .F. ) ;
#3083 = AXIS2_PLACEMENT_3D ( 'NONE', #898, #401, #6899 ) ;
#3084 = AXIS2_PLACEMENT_3D ( 'NONE', #1731, #3965, #1300 ) ;
#3085 = CIRCLE ( 'NONE', #5675, 1.649999999999998579 ) ;
#3086 = EDGE_CURVE ( 'NONE', #3354, #6048, #6801, .T. ) ;
#3087 = DIRECTION ( 'NONE',  ( -0.000000000000000000, -1.000000000000000000, -0.000000000000000000 ) ) ;
#3088 = DIRECTION ( 'NONE',  ( -0.000000000000000000, 0.000000000000000000, -1.000000000000000000 ) ) ;
#3089 = AXIS2_PLACEMENT_3D ( 'NONE', #3538, #6828, #1429 ) ;
#3090 = ORIENTED_EDGE ( 'NONE', *, *, #1242, .F. ) ;
#3091 = DIRECTION ( 'NONE',  ( 1.000000000000000000, -0.000000000000000000, 0.000000000000000000 ) ) ;
#3092 = AXIS2_PLACEMENT_3D ( 'NONE', #603, #3271, #5881 ) ;
#3093 = ORIENTED_EDGE ( 'NONE', *, *, #6643, .T. ) ;
#3094 = VERTEX_POINT ( 'NONE', #3480 ) ;
#3095 = DIRECTION ( 'NONE',  ( -0.000000000000000000, 1.000000000000000000, 0.000000000000000000 ) ) ;
#3096 = FACE_OUTER_BOUND ( 'NONE', #6083, .T. ) ;
#3097 = EDGE_CURVE ( 'NONE', #4698, #6845, #5072, .T. ) ;
#3098 = VERTEX_POINT ( 'NONE', #2885 ) ;
#3099 = ORIENTED_EDGE ( 'NONE', *, *, #5512, .F. ) ;
#3100 = EDGE_LOOP ( 'NONE', ( #2371, #19, #2729, #1892 ) ) ;
#3101 = CARTESIAN_POINT ( 'NONE',  ( 171.3715728752538325, 67.85685424949238609, 6.350000000000000533 ) ) ;
#3102 = CARTESIAN_POINT ( 'NONE',  ( -53.70000000000000284, 67.35000000000000853, 20.35000000000000142 ) ) ;
#3103 = CARTESIAN_POINT ( 'NONE',  ( -75.69999999997389750, -69.35000000000000853, 16.35000000000000142 ) ) ;
#3104 = PLANE ( 'NONE',  #6545 ) ;
#3105 = DIRECTION ( 'NONE',  ( -1.000000000000000000, 0.000000000000000000, 0.000000000000000000 ) ) ;
#3106 = VERTEX_POINT ( 'NONE', #4557 ) ;
#3107 = CARTESIAN_POINT ( 'NONE',  ( -73.70000000000000284, -67.35000000000000853, 20.35000000000764331 ) ) ;
#3108 = FACE_OUTER_BOUND ( 'NONE', #82, .T. ) ;
#3109 = CARTESIAN_POINT ( 'NONE',  ( -79.69999999997389750, 35.35000000000000853, 43.35000000000000853 ) ) ;
#3110 = EDGE_CURVE ( 'NONE', #5652, #612, #201, .T. ) ;
#3111 = EDGE_LOOP ( 'NONE', ( #181, #3428 ) ) ;
#3112 = LINE ( 'NONE', #6319, #1375 ) ;
#3113 = VERTEX_POINT ( 'NONE', #4055 ) ;
#3114 = DIRECTION ( 'NONE',  ( 0.000000000000000000, 0.000000000000000000, -1.000000000000000000 ) ) ;
#3115 = EDGE_LOOP ( 'NONE', ( #3008, #4265, #435, #3398 ) ) ;
#3116 = DIRECTION ( 'NONE',  ( 0.000000000000000000, 0.000000000000000000, -1.000000000000000000 ) ) ;
#3117 = CARTESIAN_POINT ( 'NONE',  ( 70.30000000000001137, 39.45000000000000995, 33.00000000000000000 ) ) ;
#3118 = DIRECTION ( 'NONE',  ( -1.000000000000000000, 0.000000000000000000, 0.000000000000000000 ) ) ;
#3119 = ORIENTED_EDGE ( 'NONE', *, *, #1810, .T. ) ;
#3120 = DIRECTION ( 'NONE',  ( -1.000000000000000000, 0.000000000000000000, 0.000000000000000000 ) ) ;
#3121 = EDGE_LOOP ( 'NONE', ( #4250, #6993, #7000, #4313 ) ) ;
#3122 = ORIENTED_EDGE ( 'NONE', *, *, #1227, .F. ) ;
#3123 = DIRECTION ( 'NONE',  ( 0.000000000000000000, 1.000000000000000000, 0.000000000000000000 ) ) ;
#3124 = CARTESIAN_POINT ( 'NONE',  ( -101.7000000000000028, 45.32728445445477661, 0.000000000000000000 ) ) ;
#3125 = VERTEX_POINT ( 'NONE', #2339 ) ;
#3126 = EDGE_LOOP ( 'NONE', ( #699, #3036, #3329, #3286 ) ) ;
#3127 = ADVANCED_FACE ( 'NONE', ( #6138 ), #5628, .F. ) ;
#3128 = ORIENTED_EDGE ( 'NONE', *, *, #5028, .T. ) ;
#3129 = LINE ( 'NONE', #2485, #2589 ) ;
#3130 = EDGE_CURVE ( 'NONE', #6785, #4126, #6914, .T. ) ;
#3131 = EDGE_CURVE ( 'NONE', #2084, #6490, #1224, .T. ) ;
#3132 = DIRECTION ( 'NONE',  ( 0.000000000000000000, 0.000000000000000000, 1.000000000000000000 ) ) ;
#3133 = DIRECTION ( 'NONE',  ( -1.000000000000000000, 0.000000000000000000, 0.000000000000000000 ) ) ;
#3134 = DIRECTION ( 'NONE',  ( 0.7071067811865475727, -0.7071067811865475727, 0.000000000000000000 ) ) ;
#3135 = CARTESIAN_POINT ( 'NONE',  ( -33.70000000000000995, 67.35000000000000853, 20.35000000000763976 ) ) ;
#3136 = EDGE_CURVE ( 'NONE', #2027, #377, #4662, .T. ) ;
#3137 = ORIENTED_EDGE ( 'NONE', *, *, #2702, .F. ) ;
#3138 = FACE_OUTER_BOUND ( 'NONE', #3618, .T. ) ;
#3139 = DIRECTION ( 'NONE',  ( 1.000000000000000000, 0.000000000000000000, -0.000000000000000000 ) ) ;
#3140 = ADVANCED_FACE ( 'NONE', ( #1346 ), #2993, .F. ) ;
#3141 = DIRECTION ( 'NONE',  ( -1.000000000000000000, 0.000000000000000000, 0.000000000000000000 ) ) ;
#3142 = ORIENTED_EDGE ( 'NONE', *, *, #5038, .T. ) ;
#3143 = FACE_OUTER_BOUND ( 'NONE', #3926, .T. ) ;
#3144 = ORIENTED_EDGE ( 'NONE', *, *, #2551, .F. ) ;
#3145 = DIRECTION ( 'NONE',  ( 0.000000000000000000, 0.000000000000000000, 1.000000000000000000 ) ) ;
#3146 = ORIENTED_EDGE ( 'NONE', *, *, #6670, .T. ) ;
#3147 = FACE_OUTER_BOUND ( 'NONE', #1752, .T. ) ;
#3148 = DIRECTION ( 'NONE',  ( -0.000000000000000000, 1.000000000000000000, -0.000000000000000000 ) ) ;
#3149 = ORIENTED_EDGE ( 'NONE', *, *, #2240, .F. ) ;
#3150 = CARTESIAN_POINT ( 'NONE',  ( 118.7857864376268964, -118.7857864376268964, 8.349999999999999645 ) ) ;
#3151 = ORIENTED_EDGE ( 'NONE', *, *, #3923, .F. ) ;
#3152 = ORIENTED_EDGE ( 'NONE', *, *, #6379, .T. ) ;
#3153 = DIRECTION ( 'NONE',  ( -1.000000000000000000, 2.057492632737503734E-16, -0.000000000000000000 ) ) ;
#3154 = DIRECTION ( 'NONE',  ( 0.000000000000000000, 0.000000000000000000, 1.000000000000000000 ) ) ;
#3155 = ORIENTED_EDGE ( 'NONE', *, *, #3661, .T. ) ;
#3156 = ORIENTED_EDGE ( 'NONE', *, *, #3185, .F. ) ;
#3157 = VERTEX_POINT ( 'NONE', #4474 ) ;
#3158 = LINE ( 'NONE', #3664, #3272 ) ;
#3159 = CIRCLE ( 'NONE', #5519, 1.325000000000020606 ) ;
#3160 = DIRECTION ( 'NONE',  ( 0.000000000000000000, -0.000000000000000000, -1.000000000000000000 ) ) ;
#3161 = ADVANCED_FACE ( 'NONE', ( #4399 ), #1193, .F. ) ;
#3162 = CYLINDRICAL_SURFACE ( 'NONE', #2731, 2.000000000000001776 ) ;
#3163 = CIRCLE ( 'NONE', #657, 1.322739520575443750 ) ;
#3164 = CARTESIAN_POINT ( 'NONE',  ( 0.000000000000000000, 58.10000000000000853, 17.77365965879586085 ) ) ;
#3165 = ORIENTED_EDGE ( 'NONE', *, *, #6132, .F. ) ;
#3166 = VECTOR ( 'NONE', #4315, 1000.000000000000000 ) ;
#3167 = DIRECTION ( 'NONE',  ( -0.000000000000000000, 0.000000000000000000, 1.000000000000000000 ) ) ;
#3168 = CARTESIAN_POINT ( 'NONE',  ( -53.70000000000000284, 67.35000000000000853, 11.35000000000000142 ) ) ;
#3169 = EDGE_CURVE ( 'NONE', #2107, #6593, #591, .T. ) ;
#3170 = ORIENTED_EDGE ( 'NONE', *, *, #1045, .T. ) ;
#3171 = VECTOR ( 'NONE', #5123, 1000.000000000000000 ) ;
#3172 = CARTESIAN_POINT ( 'NONE',  ( 104.2000000000000028, -73.20000000000000284, 8.350000000000003197 ) ) ;
#3173 = VERTEX_POINT ( 'NONE', #1654 ) ;
#3174 = VECTOR ( 'NONE', #5435, 1000.000000000000000 ) ;
#3175 = FACE_OUTER_BOUND ( 'NONE', #5434, .T. ) ;
#3176 = ORIENTED_EDGE ( 'NONE', *, *, #692, .T. ) ;
#3177 = FACE_OUTER_BOUND ( 'NONE', #5530, .T. ) ;
#3178 = CIRCLE ( 'NONE', #1476, 2.099999999999997868 ) ;
#3179 = AXIS2_PLACEMENT_3D ( 'NONE', #5915, #4345, #3724 ) ;
#3180 = DIRECTION ( 'NONE',  ( 1.000000000000000000, 0.000000000000000000, 0.000000000000000000 ) ) ;
#3181 = EDGE_LOOP ( 'NONE', ( #2866, #5424, #3830, #49 ) ) ;
#3182 = DIRECTION ( 'NONE',  ( -0.000000000000000000, -0.000000000000000000, -1.000000000000000000 ) ) ;
#3183 = ORIENTED_EDGE ( 'NONE', *, *, #160, .F. ) ;
#3184 = CIRCLE ( 'NONE', #4893, 1.649999999999998579 ) ;
#3185 = EDGE_CURVE ( 'NONE', #4932, #3261, #5452, .T. ) ;
#3186 = VERTEX_POINT ( 'NONE', #4434 ) ;
#3187 = CIRCLE ( 'NONE', #911, 2.100000000000004530 ) ;
#3188 = AXIS2_PLACEMENT_3D ( 'NONE', #986, #5228, #4165 ) ;
#3189 = CARTESIAN_POINT ( 'NONE',  ( -14.35000000000000497, -63.50000000000000000, 6.349999999999999645 ) ) ;
#3190 = AXIS2_PLACEMENT_3D ( 'NONE', #3124, #909, #3051 ) ;
#3191 = DIRECTION ( 'NONE',  ( 0.000000000000000000, -1.000000000000000000, 0.000000000000000000 ) ) ;
#3192 = VECTOR ( 'NONE', #3847, 1000.000000000000000 ) ;
#3193 = VECTOR ( 'NONE', #1969, 1000.000000000000000 ) ;
#3194 = CIRCLE ( 'NONE', #117, 1.249999999999987121 ) ;
#3195 = VECTOR ( 'NONE', #5157, 1000.000000000000000 ) ;
#3196 = ORIENTED_EDGE ( 'NONE', *, *, #5528, .F. ) ;
#3197 = FACE_OUTER_BOUND ( 'NONE', #6292, .T. ) ;
#3198 = EDGE_LOOP ( 'NONE', ( #3815, #5346 ) ) ;
#3199 = CIRCLE ( 'NONE', #2287, 1.650000000000002132 ) ;
#3200 = ORIENTED_EDGE ( 'NONE', *, *, #913, .F. ) ;
#3201 = CARTESIAN_POINT ( 'NONE',  ( -79.69999999997389750, 67.35000000000000853, 41.35000000000000142 ) ) ;
#3202 = CARTESIAN_POINT ( 'NONE',  ( 86.55000000000001137, 36.19999999999999574, 2.600000000000000089 ) ) ;
#3203 = CARTESIAN_POINT ( 'NONE',  ( -33.70000000000000995, 68.70000000000000284, 8.349999999999999645 ) ) ;
#3204 = DIRECTION ( 'NONE',  ( -0.000000000000000000, 1.000000000000000000, -0.000000000000000000 ) ) ;
#3205 = EDGE_CURVE ( 'NONE', #6789, #6845, #4997, .T. ) ;
#3206 = CARTESIAN_POINT ( 'NONE',  ( 171.3715728752538041, -67.85685424949235767, 6.349999999999992539 ) ) ;
#3207 = EDGE_LOOP ( 'NONE', ( #6873, #6619, #4338, #282 ) ) ;
#3208 = CARTESIAN_POINT ( 'NONE',  ( 170.1999999999999886, 68.19999999999997442, 6.349999999999999645 ) ) ;
#3209 = FACE_OUTER_BOUND ( 'NONE', #6463, .T. ) ;
#3210 = LINE ( 'NONE', #2031, #5794 ) ;
#3211 = LINE ( 'NONE', #2670, #1467 ) ;
#3212 = DIRECTION ( 'NONE',  ( 1.000000000000000000, 0.000000000000000000, 0.000000000000000000 ) ) ;
#3213 = ORIENTED_EDGE ( 'NONE', *, *, #5930, .T. ) ;
#3214 = EDGE_CURVE ( 'NONE', #6048, #3354, #2850, .T. ) ;
#3215 = DIRECTION ( 'NONE',  ( -0.000000000000000000, 0.000000000000000000, -1.000000000000000000 ) ) ;
#3216 = ORIENTED_EDGE ( 'NONE', *, *, #3037, .F. ) ;
#3217 = ADVANCED_FACE ( 'NONE', ( #3361 ), #3936, .F. ) ;
#3218 = DIRECTION ( 'NONE',  ( 1.000000000000000000, 0.000000000000000000, 0.000000000000000000 ) ) ;
#3219 = CARTESIAN_POINT ( 'NONE',  ( -79.69999999997389750, 36.35000000000000853, 43.35000000000000853 ) ) ;
#3220 = ORIENTED_EDGE ( 'NONE', *, *, #3792, .T. ) ;
#3221 = DIRECTION ( 'NONE',  ( -0.000000000000000000, -0.000000000000000000, -1.000000000000000000 ) ) ;
#3222 = ORIENTED_EDGE ( 'NONE', *, *, #3518, .T. ) ;
#3223 = VERTEX_POINT ( 'NONE', #3333 ) ;
#3224 = CARTESIAN_POINT ( 'NONE',  ( -66.20000000000001705, 14.00000000000000533, 6.349999999999999645 ) ) ;
#3225 = CARTESIAN_POINT ( 'NONE',  ( -63.28250051460021552, 34.93250051462358385, 13.40677356518299668 ) ) ;
#3226 = EDGE_CURVE ( 'NONE', #6077, #793, #5549, .T. ) ;
#3227 = ORIENTED_EDGE ( 'NONE', *, *, #6013, .T. ) ;
#3228 = DIRECTION ( 'NONE',  ( -0.000000000000000000, 1.000000000000000000, 0.000000000000000000 ) ) ;
#3229 = VERTEX_POINT ( 'NONE', #4959 ) ;
#3230 = VERTEX_POINT ( 'NONE', #4931 ) ;
#3231 = CARTESIAN_POINT ( 'NONE',  ( 101.2000000000000028, -73.70000000000000284, 16.35000000000000142 ) ) ;
#3232 = DIRECTION ( 'NONE',  ( -0.5000000000000002220, 0.000000000000000000, -0.8660254037844384856 ) ) ;
#3233 = EDGE_CURVE ( 'NONE', #4713, #1772, #4670, .T. ) ;
#3234 = CARTESIAN_POINT ( 'NONE',  ( -63.59977071693789696, 65.13575297017730747, 41.14906984755737085 ) ) ;
#3235 = ORIENTED_EDGE ( 'NONE', *, *, #1437, .T. ) ;
#3236 = DIRECTION ( 'NONE',  ( 0.000000000000000000, 0.000000000000000000, 1.000000000000000000 ) ) ;
#3237 = DIRECTION ( 'NONE',  ( 0.000000000000000000, 0.000000000000000000, -1.000000000000000000 ) ) ;
#3238 = ORIENTED_EDGE ( 'NONE', *, *, #5495, .F. ) ;
#3239 = DIRECTION ( 'NONE',  ( 0.000000000000000000, 1.000000000000000000, -0.000000000000000000 ) ) ;
#3240 = LINE ( 'NONE', #5923, #2151 ) ;
#3241 = CARTESIAN_POINT ( 'NONE',  ( 166.3715728752538041, 71.20000000000000284, 6.349999999999999645 ) ) ;
#3242 = CARTESIAN_POINT ( 'NONE',  ( -66.20000000000001705, 14.00000000000000533, 6.349999999999999645 ) ) ;
#3243 = ORIENTED_EDGE ( 'NONE', *, *, #1166, .T. ) ;
#3244 = LINE ( 'NONE', #2, #3059 ) ;
#3245 = ORIENTED_EDGE ( 'NONE', *, *, #5224, .T. ) ;
#3246 = CARTESIAN_POINT ( 'NONE',  ( 0.000000000000000000, 78.20000000000000284, 39.34999999999999432 ) ) ;
#3247 = CARTESIAN_POINT ( 'NONE',  ( -63.69999999997390461, 67.35000000000000853, 41.35000000000000142 ) ) ;
#3248 = EDGE_CURVE ( 'NONE', #1404, #5373, #5510, .T. ) ;
#3249 = ORIENTED_EDGE ( 'NONE', *, *, #1218, .F. ) ;
#3250 = FACE_OUTER_BOUND ( 'NONE', #2745, .T. ) ;
#3251 = ORIENTED_EDGE ( 'NONE', *, *, #3022, .F. ) ;
#3252 = EDGE_LOOP ( 'NONE', ( #6603, #5835 ) ) ;
#3253 = CARTESIAN_POINT ( 'NONE',  ( 101.2000000000000028, -70.70000000000000284, 8.349999999999999645 ) ) ;
#3254 = ADVANCED_FACE ( 'NONE', ( #650, #5031, #123, #6019, #5972, #1162, #619, #2873, #1225, #2796, #1733, #6052, #155, #2327, #1619, #3794, #5941, #4900, #3295 ), #1081, .T. ) ;
#3255 = CARTESIAN_POINT ( 'NONE',  ( -63.24614758881377696, 34.02831598985261508, 11.33849325791716645 ) ) ;
#3256 = CARTESIAN_POINT ( 'NONE',  ( 0.000000000000000000, 0.000000000000000000, 6.349999999999999645 ) ) ;
#3257 = ORIENTED_EDGE ( 'NONE', *, *, #5041, .T. ) ;
#3258 = EDGE_CURVE ( 'NONE', #4126, #6785, #4786, .T. ) ;
#3259 = SPHERICAL_SURFACE ( 'NONE', #2605, 1.000000000000000000 ) ;
#3260 = ORIENTED_EDGE ( 'NONE', *, *, #2798, .T. ) ;
#3261 = VERTEX_POINT ( 'NONE', #864 ) ;
#3262 = LINE ( 'NONE', #487, #209 ) ;
#3263 = EDGE_CURVE ( 'NONE', #6654, #5089, #4644, .T. ) ;
#3264 = CARTESIAN_POINT ( 'NONE',  ( -78.69999999997389750, 72.70000000000000284, 42.35000000000000853 ) ) ;
#3265 = CARTESIAN_POINT ( 'NONE',  ( -64.87500000000000000, 14.00000000000000533, 6.349999999999999645 ) ) ;
#3266 = ADVANCED_FACE ( 'NONE', ( #5585 ), #5093, .T. ) ;
#3267 = LINE ( 'NONE', #1132, #5865 ) ;
#3268 = CARTESIAN_POINT ( 'NONE',  ( -101.7000000000000028, 73.70000000000000284, 0.000000000000000000 ) ) ;
#3269 = ORIENTED_EDGE ( 'NONE', *, *, #1058, .T. ) ;
#3270 = EDGE_CURVE ( 'NONE', #1438, #3106, #228, .T. ) ;
#3271 = DIRECTION ( 'NONE',  ( 0.000000000000000000, 0.000000000000000000, 1.000000000000000000 ) ) ;
#3272 = VECTOR ( 'NONE', #3692, 1000.000000000000000 ) ;
#3273 = DIRECTION ( 'NONE',  ( -1.000000000000000000, 0.000000000000000000, 0.000000000000000000 ) ) ;
#3274 = CARTESIAN_POINT ( 'NONE',  ( 101.2000000000000171, 68.70000000000000284, 6.349999999999999645 ) ) ;
#3275 = ORIENTED_EDGE ( 'NONE', *, *, #2606, .T. ) ;
#3276 = CARTESIAN_POINT ( 'NONE',  ( -79.69999999997389750, 73.70000000000000284, 43.35000000000000853 ) ) ;
#3277 = CIRCLE ( 'NONE', #544, 1.650000000000002132 ) ;
#3278 = ORIENTED_EDGE ( 'NONE', *, *, #2308, .T. ) ;
#3279 = CARTESIAN_POINT ( 'NONE',  ( -92.70000000000000284, 67.35000000000000853, 0.000000000000000000 ) ) ;
#3280 = FACE_OUTER_BOUND ( 'NONE', #2714, .T. ) ;
#3281 = VECTOR ( 'NONE', #6725, 1000.000000000000000 ) ;
#3282 = EDGE_LOOP ( 'NONE', ( #3900, #2761 ) ) ;
#3283 = EDGE_CURVE ( 'NONE', #3697, #26, #3085, .T. ) ;
#3284 = LINE ( 'NONE', #3819, #2393 ) ;
#3285 = ORIENTED_EDGE ( 'NONE', *, *, #6880, .T. ) ;
#3286 = ORIENTED_EDGE ( 'NONE', *, *, #967, .F. ) ;
#3287 = EDGE_CURVE ( 'NONE', #5070, #13, #1941, .T. ) ;
#3288 = AXIS2_PLACEMENT_3D ( 'NONE', #5496, #3319, #2134 ) ;
#3289 = CARTESIAN_POINT ( 'NONE',  ( 63.49999999999988631, 63.49999999999994316, 0.000000000000000000 ) ) ;
#3290 = AXIS2_PLACEMENT_3D ( 'NONE', #881, #1924, #314 ) ;
#3291 = VECTOR ( 'NONE', #1770, 1000.000000000000114 ) ;
#3292 = FACE_OUTER_BOUND ( 'NONE', #6055, .T. ) ;
#3293 = LINE ( 'NONE', #4898, #6916 ) ;
#3294 = TOROIDAL_SURFACE ( 'NONE', #351, 2.000000000000000000, 1.000000000000000000 ) ;
#3295 = FACE_BOUND ( 'NONE', #6472, .T. ) ;
#3296 = ORIENTED_EDGE ( 'NONE', *, *, #5118, .T. ) ;
#3297 = AXIS2_PLACEMENT_3D ( 'NONE', #2799, #2301, #5553 ) ;
#3298 = AXIS2_PLACEMENT_3D ( 'NONE', #950, #2996, #1959 ) ;
#3299 = DIRECTION ( 'NONE',  ( 0.000000000000000000, 0.000000000000000000, 1.000000000000000000 ) ) ;
#3300 = AXIS2_PLACEMENT_3D ( 'NONE', #2533, #2563, #6386 ) ;
#3301 = ORIENTED_EDGE ( 'NONE', *, *, #5468, .F. ) ;
#3302 = ORIENTED_EDGE ( 'NONE', *, *, #3058, .F. ) ;
#3303 = CARTESIAN_POINT ( 'NONE',  ( -53.70000000000000284, 67.35000000000000853, 12.67273952057544406 ) ) ;
#3304 = CIRCLE ( 'NONE', #2272, 1.325000000000006839 ) ;
#3305 = AXIS2_PLACEMENT_3D ( 'NONE', #3585, #868, #4123 ) ;
#3306 = DIRECTION ( 'NONE',  ( -0.000000000000000000, 1.000000000000000000, 0.000000000000000000 ) ) ;
#3307 = AXIS2_PLACEMENT_3D ( 'NONE', #5934, #41, #148 ) ;
#3308 = AXIS2_PLACEMENT_3D ( 'NONE', #1443, #6841, #6765 ) ;
#3309 = ADVANCED_FACE ( 'NONE', ( #3502 ), #5061, .F. ) ;
#3310 = FACE_OUTER_BOUND ( 'NONE', #2897, .T. ) ;
#3311 = VECTOR ( 'NONE', #1784, 1000.000000000000000 ) ;
#3312 = DIRECTION ( 'NONE',  ( -0.000000000000000000, -0.000000000000000000, -1.000000000000000000 ) ) ;
#3313 = AXIS2_PLACEMENT_3D ( 'NONE', #5117, #3590, #350 ) ;
#3314 = CARTESIAN_POINT ( 'NONE',  ( -63.69999999997390461, 64.35000000000000853, 0.000000000000000000 ) ) ;
#3315 = PLANE ( 'NONE',  #5099 ) ;
#3316 = AXIS2_PLACEMENT_3D ( 'NONE', #2395, #6178, #4773 ) ;
#3317 = CARTESIAN_POINT ( 'NONE',  ( 0.000000000000000000, 66.35000000000000853, 36.35000000000000853 ) ) ;
#3318 = ADVANCED_FACE ( 'NONE', ( #4613 ), #6730, .T. ) ;
#3319 = DIRECTION ( 'NONE',  ( 0.000000000000000000, 0.000000000000000000, -1.000000000000000000 ) ) ;
#3320 = LINE ( 'NONE', #5958, #7008 ) ;
#3321 = ORIENTED_EDGE ( 'NONE', *, *, #542, .F. ) ;
#3322 = DIRECTION ( 'NONE',  ( 1.000000000000000000, 0.000000000000000000, 0.000000000000000000 ) ) ;
#3323 = ADVANCED_FACE ( 'NONE', ( #3579 ), #6795, .F. ) ;
#3324 = EDGE_CURVE ( 'NONE', #3449, #2831, #573, .T. ) ;
#3325 = CARTESIAN_POINT ( 'NONE',  ( 133.7000000000000171, 78.20000000000000284, 39.34999999999999432 ) ) ;
#3326 = VERTEX_POINT ( 'NONE', #836 ) ;
#3327 = CARTESIAN_POINT ( 'NONE',  ( -27.87500000000002132, -13.99999999999999467, 0.000000000000000000 ) ) ;
#3328 = EDGE_LOOP ( 'NONE', ( #3655, #3040 ) ) ;
#3329 = ORIENTED_EDGE ( 'NONE', *, *, #5817, .T. ) ;
#3330 = DIRECTION ( 'NONE',  ( 0.000000000000000000, -0.000000000000000000, -1.000000000000000000 ) ) ;
#3331 = DIRECTION ( 'NONE',  ( -1.000000000000000000, 0.000000000000000000, 0.000000000000000000 ) ) ;
#3332 = CARTESIAN_POINT ( 'NONE',  ( 107.2314531243067961, -69.73139259695260250, 6.636045524317849775 ) ) ;
#3333 = CARTESIAN_POINT ( 'NONE',  ( -73.19999999999998863, -65.35000000000000853, 8.349999999999999645 ) ) ;
#3334 = ORIENTED_EDGE ( 'NONE', *, *, #500, .F. ) ;
#3335 = DIRECTION ( 'NONE',  ( 1.000000000000000000, 0.000000000000000000, 0.000000000000000000 ) ) ;
#3336 = ORIENTED_EDGE ( 'NONE', *, *, #7024, .T. ) ;
#3337 = VERTEX_POINT ( 'NONE', #3468 ) ;
#3338 = FACE_OUTER_BOUND ( 'NONE', #1647, .T. ) ;
#3339 = LINE ( 'NONE', #658, #6689 ) ;
#3340 = CARTESIAN_POINT ( 'NONE',  ( -45.90577136594008323, -73.70000000000000284, 24.85000000000003340 ) ) ;
#3341 = DIRECTION ( 'NONE',  ( -0.000000000000000000, 1.000000000000000000, 0.000000000000000000 ) ) ;
#3342 = EDGE_CURVE ( 'NONE', #2943, #6645, #5168, .T. ) ;
#3343 = DIRECTION ( 'NONE',  ( 0.000000000000000000, 0.000000000000000000, -1.000000000000000000 ) ) ;
#3344 = FACE_OUTER_BOUND ( 'NONE', #20, .T. ) ;
#3345 = CARTESIAN_POINT ( 'NONE',  ( -67.52500000000004832, 14.00000000000000533, 6.349999999999999645 ) ) ;
#3346 = CYLINDRICAL_SURFACE ( 'NONE', #3424, 2.100000000000004530 ) ;
#3347 = DIRECTION ( 'NONE',  ( -0.000000000000000000, 1.000000000000000000, -0.000000000000000000 ) ) ;
#3348 = EDGE_CURVE ( 'NONE', #3464, #4135, #329, .T. ) ;
#3349 = CARTESIAN_POINT ( 'NONE',  ( -45.90577136594008323, 67.35000000000000853, 24.85000000000003340 ) ) ;
#3350 = VERTEX_POINT ( 'NONE', #1869 ) ;
#3351 = ADVANCED_FACE ( 'NONE', ( #6187 ), #4042, .F. ) ;
#3352 = CARTESIAN_POINT ( 'NONE',  ( 101.2000000000000171, -67.20000000000000284, 24.34999999999999787 ) ) ;
#3353 = FACE_BOUND ( 'NONE', #5723, .T. ) ;
#3354 = VERTEX_POINT ( 'NONE', #6266 ) ;
#3355 = DIRECTION ( 'NONE',  ( 0.000000000000000000, 0.000000000000000000, -1.000000000000000000 ) ) ;
#3356 = VERTEX_POINT ( 'NONE', #2515 ) ;
#3357 = ORIENTED_EDGE ( 'NONE', *, *, #2177, .F. ) ;
#3358 = FACE_OUTER_BOUND ( 'NONE', #2082, .T. ) ;
#3359 = CARTESIAN_POINT ( 'NONE',  ( -52.30288568299101826, -67.35000000000000853, 13.76987298101539636 ) ) ;
#3360 = CARTESIAN_POINT ( 'NONE',  ( -53.69999999997388329, 25.34999999999998721, 6.350000000000002309 ) ) ;
#3361 = FACE_OUTER_BOUND ( 'NONE', #2550, .T. ) ;
#3362 = VERTEX_POINT ( 'NONE', #6223 ) ;
#3363 = DIRECTION ( 'NONE',  ( -0.000000000000000000, 1.000000000000000000, -0.000000000000000000 ) ) ;
#3364 = ORIENTED_EDGE ( 'NONE', *, *, #5986, .T. ) ;
#3365 = ORIENTED_EDGE ( 'NONE', *, *, #4496, .T. ) ;
#3366 = DIRECTION ( 'NONE',  ( 0.000000000000000000, 0.000000000000000000, -1.000000000000000000 ) ) ;
#3367 = CYLINDRICAL_SURFACE ( 'NONE', #4548, 1.200000000000006617 ) ;
#3368 = CARTESIAN_POINT ( 'NONE',  ( -107.6999999999739117, 41.85000000000001563, 44.35000000000000853 ) ) ;
#3369 = CARTESIAN_POINT ( 'NONE',  ( -45.90577136594008323, 73.70000000000000284, 23.52726047942458720 ) ) ;
#3370 = DIRECTION ( 'NONE',  ( -0.000000000000000000, -1.000000000000000000, -0.000000000000000000 ) ) ;
#3371 = DIRECTION ( 'NONE',  ( -0.000000000000000000, -1.000000000000000000, -0.000000000000000000 ) ) ;
#3372 = EDGE_CURVE ( 'NONE', #1056, #880, #804, .T. ) ;
#3373 = CARTESIAN_POINT ( 'NONE',  ( 84.55000000000001137, 36.19999999999999574, 6.349999999999999645 ) ) ;
#3374 = DIRECTION ( 'NONE',  ( -0.000000000000000000, -0.000000000000000000, -1.000000000000000000 ) ) ;
#3375 = DIRECTION ( 'NONE',  ( 9.251858538542962756E-15, 0.000000000000000000, 1.000000000000000000 ) ) ;
#3376 = DIRECTION ( 'NONE',  ( 0.000000000000000000, 1.000000000000000000, 0.000000000000000000 ) ) ;
#3377 = PLANE ( 'NONE',  #6602 ) ;
#3378 = ORIENTED_EDGE ( 'NONE', *, *, #6948, .F. ) ;
#3379 = AXIS2_PLACEMENT_3D ( 'NONE', #4098, #1779, #3528 ) ;
#3380 = CARTESIAN_POINT ( 'NONE',  ( -53.70000000000000284, 67.35000000000000853, 20.35000000000000142 ) ) ;
#3381 = EDGE_CURVE ( 'NONE', #5964, #3362, #2473, .T. ) ;
#3382 = DIRECTION ( 'NONE',  ( 0.000000000000000000, 1.000000000000000000, 0.000000000000000000 ) ) ;
#3383 = ORIENTED_EDGE ( 'NONE', *, *, #2569, .F. ) ;
#3384 = AXIS2_PLACEMENT_3D ( 'NONE', #5565, #6169, #134 ) ;
#3385 = DIRECTION ( 'NONE',  ( -1.000000000000000000, 0.000000000000000000, 0.000000000000000000 ) ) ;
#3386 = ORIENTED_EDGE ( 'NONE', *, *, #3950, .F. ) ;
#3387 = EDGE_LOOP ( 'NONE', ( #6110, #1194, #6393, #471 ) ) ;
#3388 = CYLINDRICAL_SURFACE ( 'NONE', #1937, 1.000000000000000888 ) ;
#3389 = CARTESIAN_POINT ( 'NONE',  ( 104.2000000000000028, 73.20000000000000284, 54.35000000000000142 ) ) ;
#3390 = AXIS2_PLACEMENT_3D ( 'NONE', #3495, #5752, #4443 ) ;
#3391 = CARTESIAN_POINT ( 'NONE',  ( 106.6535234683089186, -69.15351832966761947, 6.402049665249609944 ) ) ;
#3392 = DIRECTION ( 'NONE',  ( -0.8660254037844394848, 0.000000000000000000, 0.4999999999999985012 ) ) ;
#3393 = ORIENTED_EDGE ( 'NONE', *, *, #3910, .T. ) ;
#3394 = EDGE_CURVE ( 'NONE', #5912, #479, #1795, .T. ) ;
#3395 = LINE ( 'NONE', #1228, #6798 ) ;
#3396 = ORIENTED_EDGE ( 'NONE', *, *, #1050, .F. ) ;
#3397 = VECTOR ( 'NONE', #3347, 1000.000000000000000 ) ;
#3398 = ORIENTED_EDGE ( 'NONE', *, *, #4865, .T. ) ;
#3399 = AXIS2_PLACEMENT_3D ( 'NONE', #5531, #2245, #1674 ) ;
#3400 = CYLINDRICAL_SURFACE ( 'NONE', #3634, 2.000000000000000000 ) ;
#3401 = DIRECTION ( 'NONE',  ( -0.000000000000000000, 0.000000000000000000, 1.000000000000000000 ) ) ;
#3402 = AXIS2_PLACEMENT_3D ( 'NONE', #2516, #6267, #2362 ) ;
#3403 = CIRCLE ( 'NONE', #6000, 1.325000000000020606 ) ;
#3404 = DIRECTION ( 'NONE',  ( -1.000000000000000000, 0.000000000000000000, 0.000000000000000000 ) ) ;
#3405 = CIRCLE ( 'NONE', #4550, 1.200000000000006617 ) ;
#3406 = ORIENTED_EDGE ( 'NONE', *, *, #1053, .F. ) ;
#3407 = AXIS2_PLACEMENT_3D ( 'NONE', #4130, #6278, #1596 ) ;
#3408 = AXIS2_PLACEMENT_3D ( 'NONE', #2980, #6265, #6294 ) ;
#3409 = ORIENTED_EDGE ( 'NONE', *, *, #6820, .F. ) ;
#3410 = DIRECTION ( 'NONE',  ( -1.351293846914747261E-16, 1.000000000000000000, -0.000000000000000000 ) ) ;
#3411 = DIRECTION ( 'NONE',  ( 0.000000000000000000, 0.000000000000000000, 1.000000000000000000 ) ) ;
#3413 = AXIS2_PLACEMENT_3D ( 'NONE', #2218, #5400, #6538 ) ;
#3412 = APPLICATION_PROTOCOL_DEFINITION ( 'draft international standard', 'automotive_design', 1998, #2192 ) ;
#3414 = AXIS2_PLACEMENT_3D ( 'NONE', #3048, #404, #6735 ) ;
#3415 = VECTOR ( 'NONE', #4168, 1000.000000000000000 ) ;
#3416 = CARTESIAN_POINT ( 'NONE',  ( -73.20000000000000284, 35.35000000000000853, 16.35000000000000142 ) ) ;
#3417 = CARTESIAN_POINT ( 'NONE',  ( 48.05000000000001137, 36.19999999999999574, 20.00000000000000355 ) ) ;
#3418 = AXIS2_PLACEMENT_3D ( 'NONE', #2783, #4385, #36 ) ;
#3419 = VECTOR ( 'NONE', #6418, 1000.000000000000000 ) ;
#3420 = CARTESIAN_POINT ( 'NONE',  ( -78.69999999997389750, 39.35000000000000853, 37.35000000000000853 ) ) ;
#3421 = ADVANCED_FACE ( 'NONE', ( #1271 ), #3438, .F. ) ;
#3422 = CARTESIAN_POINT ( 'NONE',  ( -45.90577136594008323, -73.70000000000000284, 23.52726047942458720 ) ) ;
#3423 = CARTESIAN_POINT ( 'NONE',  ( -47.30288568288187889, 67.35000000000000853, 22.43012701887892035 ) ) ;
#3424 = AXIS2_PLACEMENT_3D ( 'NONE', #633, #2889, #1176 ) ;
#3425 = ORIENTED_EDGE ( 'NONE', *, *, #5960, .F. ) ;
#3426 = DIRECTION ( 'NONE',  ( -0.000000000000000000, 0.000000000000000000, 1.000000000000000000 ) ) ;
#3427 = FACE_OUTER_BOUND ( 'NONE', #5126, .T. ) ;
#3428 = ORIENTED_EDGE ( 'NONE', *, *, #386, .T. ) ;
#3429 = EDGE_CURVE ( 'NONE', #1530, #331, #3003, .T. ) ;
#3430 = CARTESIAN_POINT ( 'NONE',  ( 166.4785767680426716, -71.45833024919771503, 5.581119809738423143 ) ) ;
#3431 = ORIENTED_EDGE ( 'NONE', *, *, #5986, .F. ) ;
#3432 = ORIENTED_EDGE ( 'NONE', *, *, #6948, .T. ) ;
#3433 = EDGE_CURVE ( 'NONE', #2002, #2915, #343, .T. ) ;
#3434 = CARTESIAN_POINT ( 'NONE',  ( -64.69999999997389750, 0.000000000000000000, 41.35000000000000142 ) ) ;
#3435 = ADVANCED_FACE ( 'NONE', ( #3358 ), #4955, .F. ) ;
#3436 = DIRECTION ( 'NONE',  ( 1.000000000000000000, -0.000000000000000000, -0.000000000000000000 ) ) ;
#3437 = CARTESIAN_POINT ( 'NONE',  ( 106.9235410359334395, -69.42345745491653020, 6.483892808785260087 ) ) ;
#3438 = CYLINDRICAL_SURFACE ( 'NONE', #2394, 1.325000000000006839 ) ;
#3439 = ORIENTED_EDGE ( 'NONE', *, *, #4151, .F. ) ;
#3440 = CARTESIAN_POINT ( 'NONE',  ( -108.9499999999739117, 41.85000000000001563, 44.35000000000000853 ) ) ;
#3441 = ORIENTED_EDGE ( 'NONE', *, *, #4095, .T. ) ;
#3442 = EDGE_CURVE ( 'NONE', #3094, #368, #1827, .T. ) ;
#3443 = ORIENTED_EDGE ( 'NONE', *, *, #6433, .T. ) ;
#3444 = CARTESIAN_POINT ( 'NONE',  ( 104.2000000000000028, 73.20000000000000284, 54.35000000000000142 ) ) ;
#3445 = EDGE_CURVE ( 'NONE', #2869, #1623, #6355, .T. ) ;
#3446 = CARTESIAN_POINT ( 'NONE',  ( -33.70000000000000995, 70.70000000000000284, 16.35000000000000142 ) ) ;
#3447 = DIRECTION ( 'NONE',  ( -1.000000000000000000, 0.000000000000000000, 0.000000000000000000 ) ) ;
#3448 = VERTEX_POINT ( 'NONE', #1220 ) ;
#3449 = VERTEX_POINT ( 'NONE', #1266 ) ;
#3450 = DIRECTION ( 'NONE',  ( 1.000000000000000000, -0.000000000000000000, -0.000000000000000000 ) ) ;
#3451 = CARTESIAN_POINT ( 'NONE',  ( 99.20000000000001705, -73.70000000000000284, 16.35000000000000142 ) ) ;
#3452 = CARTESIAN_POINT ( 'NONE',  ( 133.7000000000000171, 78.20000000000000284, 6.349999999999999645 ) ) ;
#3453 = CARTESIAN_POINT ( 'NONE',  ( -62.06519186231259511, 67.02953756062287027, 37.09437967111206547 ) ) ;
#3454 = FACE_BOUND ( 'NONE', #6406, .T. ) ;
#3455 = CARTESIAN_POINT ( 'NONE',  ( 0.000000000000000000, -76.20000000000000284, 6.349999999999999645 ) ) ;
#3456 = DIRECTION ( 'NONE',  ( -0.000000000000000000, -1.000000000000000000, -0.000000000000000000 ) ) ;
#3457 = CARTESIAN_POINT ( 'NONE',  ( 123.2000000000000028, 123.2000000000000028, 54.35000000000000142 ) ) ;
#3458 = ORIENTED_EDGE ( 'NONE', *, *, #4804, .F. ) ;
#3459 = DIRECTION ( 'NONE',  ( -1.779203565104419100E-16, -1.000000000000000000, 0.000000000000000000 ) ) ;
#3460 = CARTESIAN_POINT ( 'NONE',  ( -77.69999999997389750, 39.35000000000000853, 38.35000000000000853 ) ) ;
#3461 = ORIENTED_EDGE ( 'NONE', *, *, #472, .F. ) ;
#3462 = CARTESIAN_POINT ( 'NONE',  ( 167.1999999999999886, -73.20000000000000284, 8.350000000000003197 ) ) ;
#3463 = VERTEX_POINT ( 'NONE', #4429 ) ;
#3464 = VERTEX_POINT ( 'NONE', #3933 ) ;
#3465 = EDGE_CURVE ( 'NONE', #4726, #5867, #1158, .T. ) ;
#3466 = CARTESIAN_POINT ( 'NONE',  ( -72.37157287525378990, -67.35000000000000853, 6.350000000000000533 ) ) ;
#3467 = CARTESIAN_POINT ( 'NONE',  ( 107.3309699631157628, -69.83091926944497629, 6.698622117157206901 ) ) ;
#3468 = CARTESIAN_POINT ( 'NONE',  ( -33.70000000003531682, -68.69999999999997442, 8.350000000007183232 ) ) ;
#3469 = ORIENTED_EDGE ( 'NONE', *, *, #1778, .T. ) ;
#3470 = DIRECTION ( 'NONE',  ( 1.000000000000000000, 0.000000000000000000, 0.000000000000000000 ) ) ;
#3471 = EDGE_LOOP ( 'NONE', ( #6657, #3227, #3396, #2217 ) ) ;
#3472 = VERTEX_POINT ( 'NONE', #645 ) ;
#3473 = CARTESIAN_POINT ( 'NONE',  ( 63.50000000000000000, 7.750000000000000000, 5.249999999999999112 ) ) ;
#3474 = LINE ( 'NONE', #6059, #5534 ) ;
#3475 = EDGE_CURVE ( 'NONE', #6860, #3472, #6700, .T. ) ;
#3476 = DIRECTION ( 'NONE',  ( 0.000000000000000000, 0.000000000000000000, 1.000000000000000000 ) ) ;
#3477 = VERTEX_POINT ( 'NONE', #4395 ) ;
#3478 = ORIENTED_EDGE ( 'NONE', *, *, #4460, .F. ) ;
#3479 = LINE ( 'NONE', #5627, #3501 ) ;
#3480 = CARTESIAN_POINT ( 'NONE',  ( 86.55000000000001137, 36.19999999999999574, 0.000000000000000000 ) ) ;
#3481 = DIRECTION ( 'NONE',  ( -1.000000000000000000, 0.000000000000000000, 0.000000000000000000 ) ) ;
#3482 = CARTESIAN_POINT ( 'NONE',  ( -64.69999999997389750, 35.35000000000000853, 16.35000000000000142 ) ) ;
#3483 = EDGE_CURVE ( 'NONE', #4402, #4037, #4221, .T. ) ;
#3484 = CARTESIAN_POINT ( 'NONE',  ( -77.69999999997389750, 73.70000000000000284, 41.35000000000000142 ) ) ;
#3485 = PLANE ( 'NONE',  #2950 ) ;
#3486 = ADVANCED_FACE ( 'NONE', ( #2323 ), #1791, .F. ) ;
#3487 = LINE ( 'NONE', #780, #4408 ) ;
#3488 = EDGE_LOOP ( 'NONE', ( #2099, #6547, #1954, #4142 ) ) ;
#3489 = CARTESIAN_POINT ( 'NONE',  ( 46.80000000000001137, 16.70000000000003482, 33.00000000000000000 ) ) ;
#3490 = CARTESIAN_POINT ( 'NONE',  ( -53.70000000000000284, -67.35000000000000853, 20.35000000000000142 ) ) ;
#3491 = ADVANCED_FACE ( 'NONE', ( #152 ), #5507, .F. ) ;
#3492 = EDGE_LOOP ( 'NONE', ( #1149, #5025, #3982, #2800 ) ) ;
#3493 = CARTESIAN_POINT ( 'NONE',  ( -77.69999999997389750, 72.70000000000000284, 41.35000000000000142 ) ) ;
#3494 = EDGE_LOOP ( 'NONE', ( #1385, #6362, #6968, #2816, #1781, #364, #2262 ) ) ;
#3495 = CARTESIAN_POINT ( 'NONE',  ( 36.19999999999999574, 37.50000000000000000, 0.000000000000000000 ) ) ;
#3496 = PRESENTATION_LAYER_ASSIGNMENT (  '', '', ( #2353 ) ) ;
#3497 = ORIENTED_EDGE ( 'NONE', *, *, #4167, .F. ) ;
#3498 = CARTESIAN_POINT ( 'NONE',  ( -61.49422863406000062, 67.35000000000000853, 24.84999999999992681 ) ) ;
#3499 = CARTESIAN_POINT ( 'NONE',  ( 105.6999999999999886, -69.20000000000000284, 6.413508326896298684 ) ) ;
#3500 = EDGE_CURVE ( 'NONE', #426, #5867, #119, .T. ) ;
#3501 = VECTOR ( 'NONE', #5111, 1000.000000000000114 ) ;
#3502 = FACE_OUTER_BOUND ( 'NONE', #872, .T. ) ;
#3503 = ORIENTED_EDGE ( 'NONE', *, *, #1078, .F. ) ;
#3504 = DIRECTION ( 'NONE',  ( -1.000000000000000000, 0.000000000000000000, -0.000000000000000000 ) ) ;
#3505 = ORIENTED_EDGE ( 'NONE', *, *, #609, .F. ) ;
#3506 = ADVANCED_FACE ( 'NONE', ( #6079 ), #3388, .T. ) ;
#3507 = ORIENTED_EDGE ( 'NONE', *, *, #1004, .F. ) ;
#3508 = AXIS2_PLACEMENT_3D ( 'NONE', #5872, #4833, #6977 ) ;
#3509 = CARTESIAN_POINT ( 'NONE',  ( -61.49422863406000062, -73.70000000000000284, 24.84999999999992681 ) ) ;
#3510 = DIRECTION ( 'NONE',  ( -1.000000000000000000, -0.000000000000000000, -0.000000000000000000 ) ) ;
#3511 = DIRECTION ( 'NONE',  ( -0.000000000000000000, -0.000000000000000000, -1.000000000000000000 ) ) ;
#3512 = CIRCLE ( 'NONE', #1812, 11.49999999999999645 ) ;
#3513 = ORIENTED_EDGE ( 'NONE', *, *, #4276, .T. ) ;
#3514 = EDGE_LOOP ( 'NONE', ( #1321, #1543, #2615, #5692 ) ) ;
#3515 = CARTESIAN_POINT ( 'NONE',  ( -73.20000000000000284, 35.35000000000000853, 16.35000000000000142 ) ) ;
#3516 = CARTESIAN_POINT ( 'NONE',  ( 0.000000000000000000, -78.20000000000000284, 39.34999999999999432 ) ) ;
#3517 = CARTESIAN_POINT ( 'NONE',  ( 170.1999999999999886, -67.37157287525381832, 6.349999999999999645 ) ) ;
#3518 = EDGE_CURVE ( 'NONE', #3573, #127, #2461, .T. ) ;
#3519 = FACE_OUTER_BOUND ( 'NONE', #4848, .T. ) ;
#3520 = AXIS2_PLACEMENT_3D ( 'NONE', #6279, #5183, #1390 ) ;
#3521 = AXIS2_PLACEMENT_3D ( 'NONE', #2580, #6869, #4618 ) ;
#3522 = CIRCLE ( 'NONE', #1923, 1.000000000000000888 ) ;
#3523 = CARTESIAN_POINT ( 'NONE',  ( -53.70000000000000284, 73.70000000000000284, 11.35000000000000142 ) ) ;
#3524 = AXIS2_PLACEMENT_3D ( 'NONE', #3452, #2423, #5672 ) ;
#3525 = DIRECTION ( 'NONE',  ( -1.000000000000000000, 0.000000000000000000, 0.000000000000000000 ) ) ;
#3526 = VECTOR ( 'NONE', #4891, 1000.000000000000000 ) ;
#3527 = AXIS2_PLACEMENT_3D ( 'NONE', #5404, #3715, #5864 ) ;
#3528 = DIRECTION ( 'NONE',  ( 1.000000000000000000, 0.000000000000000000, 0.000000000000000000 ) ) ;
#3529 = CIRCLE ( 'NONE', #5880, 1.322739520575443750 ) ;
#3530 = DIRECTION ( 'NONE',  ( -0.000000000000000000, -1.000000000000000000, -0.000000000000000000 ) ) ;
#3531 = ORIENTED_EDGE ( 'NONE', *, *, #6140, .T. ) ;
#3532 = AXIS2_PLACEMENT_3D ( 'NONE', #2987, #1383, #3659 ) ;
#3533 = DIRECTION ( 'NONE',  ( 1.000000000000000000, 0.000000000000000000, 0.000000000000000000 ) ) ;
#3534 = VECTOR ( 'NONE', #931, 1000.000000000000000 ) ;
#3535 = ADVANCED_FACE ( 'NONE', ( #6508 ), #1650, .F. ) ;
#3536 = VECTOR ( 'NONE', #2574, 1000.000000000000000 ) ;
#3537 = VECTOR ( 'NONE', #1761, 1000.000000000000000 ) ;
#3538 = CARTESIAN_POINT ( 'NONE',  ( -53.70000000000000284, 67.35000000000000853, 11.35000000000000142 ) ) ;
#3539 = ORIENTED_EDGE ( 'NONE', *, *, #2240, .T. ) ;
#3540 = CIRCLE ( 'NONE', #463, 1.650000000000002132 ) ;
#3541 = CYLINDRICAL_SURFACE ( 'NONE', #6234, 1.200000000000006617 ) ;
#3542 = ORIENTED_EDGE ( 'NONE', *, *, #3682, .T. ) ;
#3543 = DIRECTION ( 'NONE',  ( 0.7071067811865475727, -0.7071067811865475727, 0.000000000000000000 ) ) ;
#3544 = ORIENTED_EDGE ( 'NONE', *, *, #4574, .T. ) ;
#3545 = VECTOR ( 'NONE', #6954, 1000.000000000000000 ) ;
#3546 = EDGE_CURVE ( 'NONE', #5706, #2110, #458, .T. ) ;
#3547 = EDGE_CURVE ( 'NONE', #3229, #1438, #5888, .T. ) ;
#3548 = FACE_BOUND ( 'NONE', #3604, .T. ) ;
#3549 = LINE ( 'NONE', #834, #7025 ) ;
#3550 = CARTESIAN_POINT ( 'NONE',  ( 36.19999999999999574, 37.50000000000000000, 6.349999999999999645 ) ) ;
#3551 = DIRECTION ( 'NONE',  ( -0.000000000000000000, 1.000000000000000000, 0.000000000000000000 ) ) ;
#3552 = ORIENTED_EDGE ( 'NONE', *, *, #5129, .T. ) ;
#3553 = VERTEX_POINT ( 'NONE', #3107 ) ;
#3554 = LINE ( 'NONE', #3020, #6011 ) ;
#3555 = DIRECTION ( 'NONE',  ( -0.5000000000000002220, 0.000000000000000000, -0.8660254037844384856 ) ) ;
#3556 = VERTEX_POINT ( 'NONE', #5230 ) ;
#3557 = ORIENTED_EDGE ( 'NONE', *, *, #1295, .F. ) ;
#3558 = ORIENTED_EDGE ( 'NONE', *, *, #703, .T. ) ;
#3559 = DIRECTION ( 'NONE',  ( 0.000000000000000000, -0.000000000000000000, -1.000000000000000000 ) ) ;
#3560 = LINE ( 'NONE', #5709, #6800 ) ;
#3561 = EDGE_CURVE ( 'NONE', #5758, #403, #5082, .T. ) ;
#3562 = LINE ( 'NONE', #1960, #1933 ) ;
#3563 = CARTESIAN_POINT ( 'NONE',  ( -77.69999999997389750, 36.35000000000000853, 42.35000000000000853 ) ) ;
#3564 = LINE ( 'NONE', #280, #768 ) ;
#3565 = DIRECTION ( 'NONE',  ( 0.000000000000000000, 0.000000000000000000, 1.000000000000000000 ) ) ;
#3566 = ORIENTED_EDGE ( 'NONE', *, *, #2215, .F. ) ;
#3567 = DIRECTION ( 'NONE',  ( 1.000000000000000000, 0.000000000000000000, 0.000000000000000000 ) ) ;
#3568 = DIRECTION ( 'NONE',  ( 0.000000000000000000, 0.000000000000000000, -1.000000000000000000 ) ) ;
#3569 = CARTESIAN_POINT ( 'NONE',  ( -31.70000000023765097, -68.69999999999997442, 291599.6824999997625 ) ) ;
#3570 = EDGE_CURVE ( 'NONE', #344, #738, #682, .T. ) ;
#3571 = ORIENTED_EDGE ( 'NONE', *, *, #3185, .T. ) ;
#3572 = CARTESIAN_POINT ( 'NONE',  ( 66.30000000000001137, 36.19999999999999574, 6.349999999999999645 ) ) ;
#3573 = VERTEX_POINT ( 'NONE', #1395 ) ;
#3574 = CARTESIAN_POINT ( 'NONE',  ( 101.2000000000000171, -67.20000000000000284, 26.34999999999999787 ) ) ;
#3575 = ADVANCED_FACE ( 'NONE', ( #3138 ), #956, .F. ) ;
#3576 = ORIENTED_EDGE ( 'NONE', *, *, #4439, .T. ) ;
#3577 = FACE_BOUND ( 'NONE', #2564, .T. ) ;
#3578 = LINE ( 'NONE', #6221, #226 ) ;
#3579 = FACE_OUTER_BOUND ( 'NONE', #4682, .T. ) ;
#3580 = CARTESIAN_POINT ( 'NONE',  ( 70.30000000000001137, 39.45000000000000995, 36.00000000000000711 ) ) ;
#3581 = VERTEX_POINT ( 'NONE', #4707 ) ;
#3582 = EDGE_CURVE ( 'NONE', #946, #4291, #6854, .T. ) ;
#3583 = EDGE_LOOP ( 'NONE', ( #2687, #2940, #1522, #1727 ) ) ;
#3584 = CARTESIAN_POINT ( 'NONE',  ( 120.1999999999999886, 120.1999999999999886, 54.35000000000000142 ) ) ;
#3585 = CARTESIAN_POINT ( 'NONE',  ( -71.20000000000000284, 35.35000000000000853, 8.349999999999999645 ) ) ;
#3586 = VERTEX_POINT ( 'NONE', #5259 ) ;
#3587 = EDGE_LOOP ( 'NONE', ( #4498, #5359, #1789, #1411, #6216, #2655, #5669, #1505 ) ) ;
#3588 = ORIENTED_EDGE ( 'NONE', *, *, #1729, .F. ) ;
#3589 = LINE ( 'NONE', #5772, #1569 ) ;
#3590 = DIRECTION ( 'NONE',  ( 0.000000000000000000, -1.000000000000000000, -0.000000000000000000 ) ) ;
#3591 = CYLINDRICAL_SURFACE ( 'NONE', #2044, 2.099999999999997868 ) ;
#3592 = CARTESIAN_POINT ( 'NONE',  ( 66.30000000000001137, 36.19999999999999574, 6.349999999999999645 ) ) ;
#3593 = CARTESIAN_POINT ( 'NONE',  ( 38.29999999999999716, 37.50000000000000000, 6.349999999999999645 ) ) ;
#3594 = EDGE_CURVE ( 'NONE', #3032, #4726, #6358, .T. ) ;
#3595 = DIRECTION ( 'NONE',  ( -0.8660254037844390407, -0.000000000000000000, 0.4999999999999993894 ) ) ;
#3596 = VERTEX_POINT ( 'NONE', #3033 ) ;
#3597 =( BOUNDED_CURVE ( )  B_SPLINE_CURVE ( 3, ( #2638, #56, #5488, #1034 ),
 .UNSPECIFIED., .F., .F. ) 
 B_SPLINE_CURVE_WITH_KNOTS ( ( 4, 4 ),
 ( 1.570796326794896558, 3.141592653589793116 ),
 .UNSPECIFIED. ) 
 CURVE ( )  GEOMETRIC_REPRESENTATION_ITEM ( )  RATIONAL_B_SPLINE_CURVE ( ( 1.000000000000000000, 0.8047378541243649375, 0.8047378541243649375, 1.000000000000000000 ) ) 
 REPRESENTATION_ITEM ( '' )  );
#3598 = DIRECTION ( 'NONE',  ( -0.000000000000000000, -0.000000000000000000, -1.000000000000000000 ) ) ;
#3599 = FACE_OUTER_BOUND ( 'NONE', #5511, .T. ) ;
#3600 = ORIENTED_EDGE ( 'NONE', *, *, #5065, .T. ) ;
#3601 = CARTESIAN_POINT ( 'NONE',  ( 88.79999999999998295, 13.70000000000000462, 6.350000000000001421 ) ) ;
#3602 = ORIENTED_EDGE ( 'NONE', *, *, #5599, .T. ) ;
#3603 = DIRECTION ( 'NONE',  ( -0.000000000000000000, -0.000000000000000000, 1.000000000000000000 ) ) ;
#3604 = EDGE_LOOP ( 'NONE', ( #3662, #4365, #6976, #5744 ) ) ;
#3605 = ADVANCED_FACE ( 'NONE', ( #6881 ), #2028, .T. ) ;
#3606 = DIRECTION ( 'NONE',  ( 1.000000000000000000, 0.000000000000000000, 0.000000000000000000 ) ) ;
#3607 = PLANE ( 'NONE',  #3984 ) ;
#3608 = MANIFOLD_SOLID_BREP ( 'Boss-Extrude9', #5649 ) ;
#3609 = ORIENTED_EDGE ( 'NONE', *, *, #1897, .F. ) ;
#3610 = CYLINDRICAL_SURFACE ( 'NONE', #2153, 2.000000000000000000 ) ;
#3611 = ORIENTED_EDGE ( 'NONE', *, *, #1508, .T. ) ;
#3612 = ORIENTED_EDGE ( 'NONE', *, *, #4451, .F. ) ;
#3613 = FACE_OUTER_BOUND ( 'NONE', #4640, .T. ) ;
#3614 = CIRCLE ( 'NONE', #2358, 1.250000000000001110 ) ;
#3615 = DIRECTION ( 'NONE',  ( -0.000000000000000000, -1.000000000000000000, -0.000000000000000000 ) ) ;
#3616 = EDGE_CURVE ( 'NONE', #5381, #6724, #5898, .T. ) ;
#3617 = ORIENTED_EDGE ( 'NONE', *, *, #6184, .T. ) ;
#3618 = EDGE_LOOP ( 'NONE', ( #1863, #643, #3196, #2682 ) ) ;
#3619 = ORIENTED_EDGE ( 'NONE', *, *, #43, .T. ) ;
#3620 = CARTESIAN_POINT ( 'NONE',  ( 64.70000000000000284, 7.750000000000000000, 5.249999999999999112 ) ) ;
#3621 = DIRECTION ( 'NONE',  ( -1.000000000000000000, 0.000000000000000000, 0.000000000000000000 ) ) ;
#3622 = EDGE_CURVE ( 'NONE', #5618, #5903, #4227, .T. ) ;
#3623 = TOROIDAL_SURFACE ( 'NONE', #4417, 4.000000000000000000, 3.000000000000000000 ) ;
#3624 = FACE_OUTER_BOUND ( 'NONE', #1414, .T. ) ;
#3625 = LINE ( 'NONE', #3593, #4183 ) ;
#3626 = LINE ( 'NONE', #1990, #2501 ) ;
#3627 = EDGE_LOOP ( 'NONE', ( #689, #90, #2727 ) ) ;
#3628 = AXIS2_PLACEMENT_3D ( 'NONE', #988, #4938, #6924 ) ;
#3629 =( NAMED_UNIT ( * ) SI_UNIT ( $, .STERADIAN. ) SOLID_ANGLE_UNIT ( ) );
#3630 = DIRECTION ( 'NONE',  ( -0.000000000000000000, -1.000000000000000000, -0.000000000000000000 ) ) ;
#3631 = AXIS2_PLACEMENT_3D ( 'NONE', #818, #2997, #5632 ) ;
#3632 = LINE ( 'NONE', #4171, #1603 ) ;
#3633 = VECTOR ( 'NONE', #1377, 1000.000000000000000 ) ;
#3634 = AXIS2_PLACEMENT_3D ( 'NONE', #704, #4966, #6659 ) ;
#3635 = CIRCLE ( 'NONE', #4099, 1.322739520575443750 ) ;
#3636 = CARTESIAN_POINT ( 'NONE',  ( -27.87500000000001776, 14.00000000000000533, 6.349999999999999645 ) ) ;
#3637 = CARTESIAN_POINT ( 'NONE',  ( -29.20000000000002416, -13.99999999999999467, 6.349999999999999645 ) ) ;
#3638 = ORIENTED_EDGE ( 'NONE', *, *, #1741, .F. ) ;
#3639 = VECTOR ( 'NONE', #4181, 1000.000000000000000 ) ;
#3640 = CARTESIAN_POINT ( 'NONE',  ( -64.69999999997389750, 35.35000000000000853, 16.35000000000000142 ) ) ;
#3641 = VECTOR ( 'NONE', #3510, 1000.000000000000000 ) ;
#3642 = ORIENTED_EDGE ( 'NONE', *, *, #4364, .T. ) ;
#3643 =( BOUNDED_CURVE ( )  B_SPLINE_CURVE ( 3, ( #3241, #2703, #1714, #2749 ),
 .UNSPECIFIED., .F., .F. ) 
 B_SPLINE_CURVE_WITH_KNOTS ( ( 4, 4 ),
 ( 4.712388980384688786, 6.283185307179586232 ),
 .UNSPECIFIED. ) 
 CURVE ( )  GEOMETRIC_REPRESENTATION_ITEM ( )  RATIONAL_B_SPLINE_CURVE ( ( 1.000000000000000000, 0.8047378541243648264, 0.8047378541243648264, 1.000000000000000000 ) ) 
 REPRESENTATION_ITEM ( '' )  );
#3644 = VECTOR ( 'NONE', #4956, 1000.000000000000000 ) ;
#3645 = CARTESIAN_POINT ( 'NONE',  ( -61.49422863406000062, -67.35000000000000853, 24.84999999999992681 ) ) ;
#3646 = CARTESIAN_POINT ( 'NONE',  ( -12.70000000000000284, -63.50000000000000000, 6.349999999999999645 ) ) ;
#3647 = EDGE_CURVE ( 'NONE', #1999, #4617, #4673, .T. ) ;
#3648 = AXIS2_PLACEMENT_3D ( 'NONE', #5501, #683, #5576 ) ;
#3649 = DIRECTION ( 'NONE',  ( 1.000000000000000000, 0.000000000000000000, 0.000000000000000000 ) ) ;
#3650 = ORIENTED_EDGE ( 'NONE', *, *, #3918, .T. ) ;
#3652 = EDGE_CURVE ( 'NONE', #2835, #916, #2856, .T. ) ;
#3651 = CARTESIAN_POINT ( 'NONE',  ( -13.80000000000000604, 37.50000000000001421, 6.349999999999999645 ) ) ;
#3653 = AXIS2_PLACEMENT_3D ( 'NONE', #2528, #1419, #5284 ) ;
#3654 = ORIENTED_EDGE ( 'NONE', *, *, #1279, .T. ) ;
#3655 = ORIENTED_EDGE ( 'NONE', *, *, #1004, .T. ) ;
#3656 = EDGE_CURVE ( 'NONE', #5366, #938, #3671, .T. ) ;
#3657 = VECTOR ( 'NONE', #3951, 1000.000000000000000 ) ;
#3658 = DIRECTION ( 'NONE',  ( -0.7071067811865474617, 0.7071067811865474617, 0.000000000000000000 ) ) ;
#3659 = DIRECTION ( 'NONE',  ( 1.000000000000000000, 0.000000000000000000, 0.000000000000000000 ) ) ;
#3660 = VERTEX_POINT ( 'NONE', #2173 ) ;
#3661 = EDGE_CURVE ( 'NONE', #6300, #6724, #6492, .T. ) ;
#3662 = ORIENTED_EDGE ( 'NONE', *, *, #6335, .T. ) ;
#3663 = ORIENTED_EDGE ( 'NONE', *, *, #6928, .T. ) ;
#3664 = CARTESIAN_POINT ( 'NONE',  ( -33.70000000023765097, -73.70000000000000284, 291599.6824999997625 ) ) ;
#3665 = EDGE_CURVE ( 'NONE', #2801, #5832, #4792, .T. ) ;
#3666 = CYLINDRICAL_SURFACE ( 'NONE', #4993, 6.999999999999999112 ) ;
#3667 = CARTESIAN_POINT ( 'NONE',  ( -63.66623173715206718, 64.79885329602998922, 41.35000000000000142 ) ) ;
#3668 = LINE ( 'NONE', #4270, #6091 ) ;
#3669 = CARTESIAN_POINT ( 'NONE',  ( 170.1999999999999886, -67.37157287525381832, 6.349999999999999645 ) ) ;
#3670 = EDGE_LOOP ( 'NONE', ( #4182, #3909, #623, #4954 ) ) ;
#3671 = LINE ( 'NONE', #4351, #3419 ) ;
#3672 = DIRECTION ( 'NONE',  ( -0.4999999999999997224, 0.000000000000000000, -0.8660254037844387076 ) ) ;
#3673 = FACE_OUTER_BOUND ( 'NONE', #1582, .T. ) ;
#3674 = EDGE_LOOP ( 'NONE', ( #1416, #1298 ) ) ;
#3675 = CARTESIAN_POINT ( 'NONE',  ( 106.2000000000000028, 0.000000000000000000, 6.349999999999999645 ) ) ;
#3676 = ORIENTED_EDGE ( 'NONE', *, *, #3616, .T. ) ;
#3677 = DIRECTION ( 'NONE',  ( 0.000000000000000000, -1.000000000000000000, 0.000000000000000000 ) ) ;
#3678 = VERTEX_POINT ( 'NONE', #5389 ) ;
#3679 = DIRECTION ( 'NONE',  ( 1.000000000000000000, 0.000000000000000000, -0.000000000000000000 ) ) ;
#3680 = FACE_OUTER_BOUND ( 'NONE', #5134, .T. ) ;
#3681 = VERTEX_POINT ( 'NONE', #5953 ) ;
#3682 = EDGE_CURVE ( 'NONE', #2862, #3157, #527, .T. ) ;
#3683 = DIRECTION ( 'NONE',  ( 0.000000000000000000, 0.000000000000000000, 1.000000000000000000 ) ) ;
#3684 = ORIENTED_EDGE ( 'NONE', *, *, #6419, .T. ) ;
#3685 = ORIENTED_EDGE ( 'NONE', *, *, #1208, .F. ) ;
#3686 = EDGE_CURVE ( 'NONE', #1970, #4757, #5451, .T. ) ;
#3687 = LINE ( 'NONE', #2190, #4097 ) ;
#3688 = CARTESIAN_POINT ( 'NONE',  ( 65.15000000000000568, -63.50000000000000000, 0.000000000000000000 ) ) ;
#3689 = ORIENTED_EDGE ( 'NONE', *, *, #2908, .F. ) ;
#3690 = ORIENTED_EDGE ( 'NONE', *, *, #1605, .T. ) ;
#3691 = ORIENTED_EDGE ( 'NONE', *, *, #5172, .T. ) ;
#3692 = DIRECTION ( 'NONE',  ( -6.938893903907228378E-16, 0.000000000000000000, 1.000000000000000000 ) ) ;
#3693 = CARTESIAN_POINT ( 'NONE',  ( -73.70000000000000284, -73.70000000000000284, 20.35000000000764331 ) ) ;
#3694 = CARTESIAN_POINT ( 'NONE',  ( -12.70000000000005791, 63.49999999999994316, 6.349999999999999645 ) ) ;
#3695 = LINE ( 'NONE', #1555, #5076 ) ;
#3696 = CARTESIAN_POINT ( 'NONE',  ( -33.70000000003532392, 73.70000000000000284, 18.34999999999809006 ) ) ;
#3697 = VERTEX_POINT ( 'NONE', #2778 ) ;
#3698 = EDGE_CURVE ( 'NONE', #4087, #1083, #1633, .T. ) ;
#3699 = CARTESIAN_POINT ( 'NONE',  ( 34.09999999999999432, -37.50000000000000000, 0.000000000000000000 ) ) ;
#3700 = CARTESIAN_POINT ( 'NONE',  ( 133.7000000000000171, 76.20000000000000284, 39.34999999999999432 ) ) ;
#3701 = EDGE_CURVE ( 'NONE', #6183, #2952, #1666, .T. ) ;
#3702 = ORIENTED_EDGE ( 'NONE', *, *, #2265, .T. ) ;
#3703 = CARTESIAN_POINT ( 'NONE',  ( 101.2000000000000171, -51.19999999999999574, 26.34999999999999787 ) ) ;
#3704 = EDGE_LOOP ( 'NONE', ( #5146, #2011 ) ) ;
#3705 = CARTESIAN_POINT ( 'NONE',  ( -64.69999999997389750, 64.35000000000000853, 41.35000000000000142 ) ) ;
#3706 = ORIENTED_EDGE ( 'NONE', *, *, #4522, .F. ) ;
#3707 = CARTESIAN_POINT ( 'NONE',  ( 0.000000000000000000, 0.000000000000000000, 2.600000000000000089 ) ) ;
#3708 = ADVANCED_FACE ( 'NONE', ( #2637 ), #1602, .T. ) ;
#3709 = DIRECTION ( 'NONE',  ( 0.000000000000000000, 1.000000000000000000, -0.000000000000000000 ) ) ;
#3710 = ORIENTED_EDGE ( 'NONE', *, *, #6153, .F. ) ;
#3711 = CARTESIAN_POINT ( 'NONE',  ( 64.70000000000000284, -7.750000000000000000, 5.249999999999999112 ) ) ;
#3712 = ORIENTED_EDGE ( 'NONE', *, *, #3686, .F. ) ;
#3713 = ORIENTED_EDGE ( 'NONE', *, *, #160, .T. ) ;
#3714 = EDGE_CURVE ( 'NONE', #4295, #3229, #5922, .T. ) ;
#3715 = DIRECTION ( 'NONE',  ( -0.7071067811865475727, 0.7071067811865475727, 0.000000000000000000 ) ) ;
#3716 = CARTESIAN_POINT ( 'NONE',  ( -60.55888336435552333, 32.20888336438164856, 9.036553131392208726 ) ) ;
#3717 = EDGE_CURVE ( 'NONE', #6996, #6768, #2746, .T. ) ;
#3718 = ORIENTED_EDGE ( 'NONE', *, *, #1201, .T. ) ;
#3719 = DIRECTION ( 'NONE',  ( -0.000000000000000000, -0.000000000000000000, -1.000000000000000000 ) ) ;
#3720 = ORIENTED_EDGE ( 'NONE', *, *, #5715, .T. ) ;
#3721 = EDGE_LOOP ( 'NONE', ( #1700, #6273, #4539, #1608 ) ) ;
#3722 = CARTESIAN_POINT ( 'NONE',  ( -27.87500000000001776, 14.00000000000000533, 6.349999999999999645 ) ) ;
#3723 = VECTOR ( 'NONE', #953, 1000.000000000000000 ) ;
#3724 = DIRECTION ( 'NONE',  ( 1.000000000000000000, 0.000000000000000000, 0.000000000000000000 ) ) ;
#3725 = CARTESIAN_POINT ( 'NONE',  ( -62.67370293933602454, 66.61547944207808314, 39.88118381786800626 ) ) ;
#3726 = EDGE_CURVE ( 'NONE', #5499, #5431, #6986, .T. ) ;
#3727 = VECTOR ( 'NONE', #3410, 1000.000000000000000 ) ;
#3728 = CARTESIAN_POINT ( 'NONE',  ( 65.15000000000000568, -63.50000000000000000, 6.349999999999999645 ) ) ;
#3729 = ADVANCED_FACE ( 'NONE', ( #1559, #1137, #1032, #4943, #494 ), #3315, .T. ) ;
#3730 = CARTESIAN_POINT ( 'NONE',  ( -73.19999999997392592, 58.10000000000000853, 6.349999999999999645 ) ) ;
#3731 = ORIENTED_EDGE ( 'NONE', *, *, #5726, .F. ) ;
#3732 = FACE_OUTER_BOUND ( 'NONE', #4342, .T. ) ;
#3733 = VECTOR ( 'NONE', #6640, 1000.000000000000000 ) ;
#3734 = DIRECTION ( 'NONE',  ( -0.000000000000000000, -1.000000000000000000, -0.000000000000000000 ) ) ;
#3735 = DIRECTION ( 'NONE',  ( 0.000000000000000000, 0.000000000000000000, 1.000000000000000000 ) ) ;
#3736 = CARTESIAN_POINT ( 'NONE',  ( -78.69999999997389750, 72.70000000000000284, 43.35000000000000853 ) ) ;
#3737 = VECTOR ( 'NONE', #5635, 1000.000000000000000 ) ;
#3738 = CARTESIAN_POINT ( 'NONE',  ( -31.70000000003532392, 68.70000000000000284, 16.35000000000000142 ) ) ;
#3739 = VERTEX_POINT ( 'NONE', #4873 ) ;
#3740 = CIRCLE ( 'NONE', #3399, 1.250000000000001110 ) ;
#3741 = EDGE_CURVE ( 'NONE', #5264, #3356, #5425, .T. ) ;
#3742 = DIRECTION ( 'NONE',  ( -0.000000000000000000, 0.000000000000000000, 1.000000000000000000 ) ) ;
#3743 = ORIENTED_EDGE ( 'NONE', *, *, #5417, .F. ) ;
#3744 = EDGE_CURVE ( 'NONE', #6342, #6474, #2100, .T. ) ;
#3745 = DIRECTION ( 'NONE',  ( -1.000000000000000000, 3.083952846180990774E-16, 0.000000000000000000 ) ) ;
#3746 = AXIS2_PLACEMENT_3D ( 'NONE', #6249, #4263, #7005 ) ;
#3747 = VECTOR ( 'NONE', #5253, 1000.000000000000000 ) ;
#3748 = VECTOR ( 'NONE', #169, 1000.000000000000000 ) ;
#3749 = DIRECTION ( 'NONE',  ( 0.000000000000000000, 0.000000000000000000, -1.000000000000000000 ) ) ;
#3750 = EDGE_LOOP ( 'NONE', ( #7019, #6374, #2069 ) ) ;
#3751 = VECTOR ( 'NONE', #2200, 1000.000000000000000 ) ;
#3752 = AXIS2_PLACEMENT_3D ( 'NONE', #6805, #1952, #1519 ) ;
#3753 = DIRECTION ( 'NONE',  ( 1.000000000000000000, 0.000000000000000000, -0.000000000000000000 ) ) ;
#3754 = EDGE_LOOP ( 'NONE', ( #3119, #114 ) ) ;
#3755 = VECTOR ( 'NONE', #755, 1000.000000000000000 ) ;
#3756 = ORIENTED_EDGE ( 'NONE', *, *, #5963, .F. ) ;
#3757 = VECTOR ( 'NONE', #6758, 1000.000000000000000 ) ;
#3758 = DIRECTION ( 'NONE',  ( 0.000000000000000000, -1.000000000000000000, 0.000000000000000000 ) ) ;
#3759 = AXIS2_PLACEMENT_3D ( 'NONE', #5103, #5623, #2416 ) ;
#3760 = CARTESIAN_POINT ( 'NONE',  ( 101.2000000000000171, -68.70000000000000284, 8.349999999999999645 ) ) ;
#3761 = VECTOR ( 'NONE', #3212, 1000.000000000000000 ) ;
#3762 = VECTOR ( 'NONE', #5801, 1000.000000000000000 ) ;
#3763 = CIRCLE ( 'NONE', #2977, 1.325000000000003286 ) ;
#3764 = ORIENTED_EDGE ( 'NONE', *, *, #1218, .T. ) ;
#3765 = CARTESIAN_POINT ( 'NONE',  ( 63.49999999999988631, 63.49999999999994316, 6.349999999999999645 ) ) ;
#3766 = VERTEX_POINT ( 'NONE', #2236 ) ;
#3767 = AXIS2_PLACEMENT_3D ( 'NONE', #3569, #855, #5128 ) ;
#3768 = ORIENTED_EDGE ( 'NONE', *, *, #1877, .T. ) ;
#3769 = CARTESIAN_POINT ( 'NONE',  ( -40.37468245263653444, 67.35000000000000853, 18.43012701888824267 ) ) ;
#3770 = FACE_OUTER_BOUND ( 'NONE', #3100, .T. ) ;
#3771 = CARTESIAN_POINT ( 'NONE',  ( -63.43730611810514830, 65.58763293184027532, 40.79557302151926734 ) ) ;
#3772 = LINE ( 'NONE', #1664, #5420 ) ;
#3773 = LINE ( 'NONE', #3268, #6001 ) ;
#3774 = ORIENTED_EDGE ( 'NONE', *, *, #905, .T. ) ;
#3775 = EDGE_CURVE ( 'NONE', #2974, #44, #1707, .T. ) ;
#3776 = CARTESIAN_POINT ( 'NONE',  ( -63.69999999997390461, 35.35000000000000853, 43.35000000000000853 ) ) ;
#3777 = FACE_BOUND ( 'NONE', #4831, .T. ) ;
#3778 = CARTESIAN_POINT ( 'NONE',  ( -23.70000000003532037, 0.000000000000000000, 16.35000000000000142 ) ) ;
#3779 = SURFACE_STYLE_USAGE ( .BOTH. , #1750 ) ;
#3780 = VERTEX_POINT ( 'NONE', #3890 ) ;
#3781 = CARTESIAN_POINT ( 'NONE',  ( -73.19999999997392592, 0.000000000000000000, 17.77365965879586085 ) ) ;
#3782 = VERTEX_POINT ( 'NONE', #3345 ) ;
#3783 = FACE_OUTER_BOUND ( 'NONE', #4053, .T. ) ;
#3784 = EDGE_CURVE ( 'NONE', #3326, #5912, #5493, .T. ) ;
#3785 = CARTESIAN_POINT ( 'NONE',  ( -33.70000000000000995, 67.35000000000000853, 20.35000000000763976 ) ) ;
#3786 = ORIENTED_EDGE ( 'NONE', *, *, #2652, .F. ) ;
#3787 = ADVANCED_FACE ( 'NONE', ( #3732 ), #632, .F. ) ;
#3788 = DIRECTION ( 'NONE',  ( 0.000000000000000000, -1.000000000000000000, 0.000000000000000000 ) ) ;
#3789 = ORIENTED_EDGE ( 'NONE', *, *, #1016, .T. ) ;
#3790 = VERTEX_POINT ( 'NONE', #3482 ) ;
#3791 = DIRECTION ( 'NONE',  ( -0.000000000000000000, -0.000000000000000000, -1.000000000000000000 ) ) ;
#3792 = EDGE_CURVE ( 'NONE', #1052, #4929, #4567, .T. ) ;
#3793 = CARTESIAN_POINT ( 'NONE',  ( -63.63553912101030363, 36.27909303313758471, 15.04101924391753187 ) ) ;
#3794 = FACE_BOUND ( 'NONE', #3077, .T. ) ;
#3795 = ORIENTED_EDGE ( 'NONE', *, *, #1790, .F. ) ;
#3796 = EDGE_CURVE ( 'NONE', #1307, #4903, #93, .T. ) ;
#3797 = LINE ( 'NONE', #5379, #4766 ) ;
#3798 = EDGE_LOOP ( 'NONE', ( #3183, #5094, #914, #4065 ) ) ;
#3799 = VERTEX_POINT ( 'NONE', #3373 ) ;
#3800 = CARTESIAN_POINT ( 'NONE',  ( -33.70000000003532392, 67.35000000000000853, 16.34999999998854037 ) ) ;
#3801 = EDGE_CURVE ( 'NONE', #5862, #806, #1205, .T. ) ;
#3802 = LINE ( 'NONE', #3264, #6115 ) ;
#3803 = DIRECTION ( 'NONE',  ( -0.000000000000000000, 0.000000000000000000, 1.000000000000000000 ) ) ;
#3804 = LINE ( 'NONE', #5984, #4867 ) ;
#3805 = CARTESIAN_POINT ( 'NONE',  ( -101.7000000000000028, 73.70000000000000284, 8.350000000000001421 ) ) ;
#3806 = EDGE_LOOP ( 'NONE', ( #6684, #3301, #5933, #6023, #4913 ) ) ;
#3807 = DIRECTION ( 'NONE',  ( -0.000000000000000000, -1.000000000000000000, -0.000000000000000000 ) ) ;
#3808 = EDGE_CURVE ( 'NONE', #1976, #5023, #556, .T. ) ;
#3809 = CYLINDRICAL_SURFACE ( 'NONE', #4544, 1.000000000000000888 ) ;
#3810 = CARTESIAN_POINT ( 'NONE',  ( 63.50000000000000000, 0.000000000000000000, 0.000000000000000000 ) ) ;
#3811 = ADVANCED_FACE ( 'NONE', ( #1811 ), #2341, .F. ) ;
#3812 = CARTESIAN_POINT ( 'NONE',  ( -31.70000000003532392, 0.000000000000000000, 18.34999999999999787 ) ) ;
#3813 = ORIENTED_EDGE ( 'NONE', *, *, #5620, .F. ) ;
#3814 = DIRECTION ( 'NONE',  ( 0.000000000000000000, 0.000000000000000000, 1.000000000000000000 ) ) ;
#3815 = ORIENTED_EDGE ( 'NONE', *, *, #2780, .T. ) ;
#3816 = CARTESIAN_POINT ( 'NONE',  ( -78.69999999997389750, 66.35000000000000853, 38.35000000000000853 ) ) ;
#3817 = DIRECTION ( 'NONE',  ( -1.000000000000000000, 0.000000000000000000, 0.000000000000000000 ) ) ;
#3818 = ORIENTED_EDGE ( 'NONE', *, *, #421, .T. ) ;
#3819 = CARTESIAN_POINT ( 'NONE',  ( 62.30000000000001847, 39.45000000000000284, 36.00000000000000711 ) ) ;
#3820 = EDGE_LOOP ( 'NONE', ( #2769, #461, #166, #3940 ) ) ;
#3821 = VERTEX_POINT ( 'NONE', #4519 ) ;
#3822 = ADVANCED_FACE ( 'NONE', ( #6064 ), #2279, .F. ) ;
#3823 = CARTESIAN_POINT ( 'NONE',  ( 173726.7579182455374, -67.35000000000000853, -100306.0706563034619 ) ) ;
#3824 = LINE ( 'NONE', #3189, #4220 ) ;
#3825 =( BOUNDED_CURVE ( )  B_SPLINE_CURVE ( 3, ( #4299, #4864, #448, #1660 ),
 .UNSPECIFIED., .F., .F. ) 
 B_SPLINE_CURVE_WITH_KNOTS ( ( 4, 4 ),
 ( 3.141592653589793560, 4.712388980384689674 ),
 .UNSPECIFIED. ) 
 CURVE ( )  GEOMETRIC_REPRESENTATION_ITEM ( )  RATIONAL_B_SPLINE_CURVE ( ( 1.000000000000000000, 0.8047378541243650485, 0.8047378541243650485, 1.000000000000000000 ) ) 
 REPRESENTATION_ITEM ( '' )  );
#3826 = CARTESIAN_POINT ( 'NONE',  ( 0.000000000000000000, 78.20000000000000284, 42.35000000000000142 ) ) ;
#3827 = DIRECTION ( 'NONE',  ( -0.000000000000000000, -0.000000000000000000, -1.000000000000000000 ) ) ;
#3828 = ORIENTED_EDGE ( 'NONE', *, *, #6867, .F. ) ;
#3829 = DIRECTION ( 'NONE',  ( -0.000000000000000000, 1.000000000000000000, 0.000000000000000000 ) ) ;
#3830 = ORIENTED_EDGE ( 'NONE', *, *, #4619, .F. ) ;
#3831 = ORIENTED_EDGE ( 'NONE', *, *, #5254, .F. ) ;
#3832 = LINE ( 'NONE', #2730, #4307 ) ;
#3833 = LINE ( 'NONE', #2095, #1817 ) ;
#3834 = ADVANCED_FACE ( 'NONE', ( #3519 ), #6667, .F. ) ;
#3835 = SPHERICAL_SURFACE ( 'NONE', #1138, 1.000000000000000000 ) ;
#3836 = ORIENTED_EDGE ( 'NONE', *, *, #264, .F. ) ;
#3837 = VECTOR ( 'NONE', #6174, 1000.000000000000000 ) ;
#3838 = CARTESIAN_POINT ( 'NONE',  ( -107.6999999999739117, 63.85000000000000142, 41.35000000000000142 ) ) ;
#3839 = DIRECTION ( 'NONE',  ( -1.000000000000000000, 0.000000000000000000, 0.000000000000000000 ) ) ;
#3840 = DIRECTION ( 'NONE',  ( -0.000000000000000000, -0.000000000000000000, -1.000000000000000000 ) ) ;
#3841 = AXIS2_PLACEMENT_3D ( 'NONE', #2845, #5012, #2884 ) ;
#3842 = CARTESIAN_POINT ( 'NONE',  ( 170.1999999999999886, 76.20000000000000284, 54.35000000000000142 ) ) ;
#3843 = CARTESIAN_POINT ( 'NONE',  ( -78.20000000000000284, 73.70000000000000284, 0.000000000000000000 ) ) ;
#3844 = CARTESIAN_POINT ( 'NONE',  ( -29.20000000000002416, 14.00000000000000533, 0.000000000000000000 ) ) ;
#3845 = EDGE_LOOP ( 'NONE', ( #6506, #6168 ) ) ;
#3846 = EDGE_CURVE ( 'NONE', #80, #4037, #3949, .T. ) ;
#3847 = DIRECTION ( 'NONE',  ( -0.000000000000000000, -0.000000000000000000, -1.000000000000000000 ) ) ;
#3848 = VECTOR ( 'NONE', #5646, 1000.000000000000000 ) ;
#3849 = EDGE_LOOP ( 'NONE', ( #5804, #1455, #5555, #4894 ) ) ;
#3850 = DIRECTION ( 'NONE',  ( 0.000000000000000000, -1.000000000000000000, -0.000000000000000000 ) ) ;
#3851 = CARTESIAN_POINT ( 'NONE',  ( 52.00000000000001421, 0.000000000000000000, 5.249999999999999112 ) ) ;
#3852 = CIRCLE ( 'NONE', #6561, 6.999999999999999112 ) ;
#3853 = VERTEX_POINT ( 'NONE', #777 ) ;
#3854 = DIRECTION ( 'NONE',  ( -1.000000000000000000, 0.000000000000000000, 0.000000000000000000 ) ) ;
#3855 = VERTEX_POINT ( 'NONE', #1285 ) ;
#3856 = EDGE_LOOP ( 'NONE', ( #2120, #255, #4212, #4166 ) ) ;
#3857 = CIRCLE ( 'NONE', #785, 2.000000000000001776 ) ;
#3858 = DIRECTION ( 'NONE',  ( -1.000000000000000000, 0.000000000000000000, 0.000000000000000000 ) ) ;
#3859 = AXIS2_PLACEMENT_3D ( 'NONE', #6087, #1232, #2879 ) ;
#3860 = AXIS2_PLACEMENT_3D ( 'NONE', #3340, #3630, #1994 ) ;
#3861 = EDGE_CURVE ( 'NONE', #5352, #4871, #6171, .T. ) ;
#3862 = FACE_OUTER_BOUND ( 'NONE', #2542, .T. ) ;
#3863 = CARTESIAN_POINT ( 'NONE',  ( -14.35000000000000497, -63.50000000000000000, 0.000000000000000000 ) ) ;
#3864 = VECTOR ( 'NONE', #5525, 1000.000000000000000 ) ;
#3865 = EDGE_CURVE ( 'NONE', #806, #5431, #4472, .T. ) ;
#3866 = DIRECTION ( 'NONE',  ( 1.000000000000000000, 0.000000000000000000, -0.000000000000000000 ) ) ;
#3867 = ORIENTED_EDGE ( 'NONE', *, *, #5254, .T. ) ;
#3868 = VECTOR ( 'NONE', #6150, 1000.000000000000114 ) ;
#3869 = VECTOR ( 'NONE', #5142, 1000.000000000000000 ) ;
#3870 = CARTESIAN_POINT ( 'NONE',  ( -13.80000000000000604, -37.50000000000000000, 6.349999999999999645 ) ) ;
#3871 = AXIS2_PLACEMENT_3D ( 'NONE', #1851, #775, #2954 ) ;
#3872 = ORIENTED_EDGE ( 'NONE', *, *, #1755, .F. ) ;
#3873 = ORIENTED_EDGE ( 'NONE', *, *, #1689, .T. ) ;
#3874 = LINE ( 'NONE', #2802, #319 ) ;
#3875 = AXIS2_PLACEMENT_3D ( 'NONE', #1627, #5948, #1088 ) ;
#3876 = VECTOR ( 'NONE', #1200, 1000.000000000000000 ) ;
#3877 = DIRECTION ( 'NONE',  ( 1.000000000000000000, 0.000000000000000000, 0.000000000000000000 ) ) ;
#3878 = VECTOR ( 'NONE', #6392, 1000.000000000000114 ) ;
#3879 = VECTOR ( 'NONE', #3436, 1000.000000000000000 ) ;
#3880 = AXIS2_PLACEMENT_3D ( 'NONE', #4117, #801, #5137 ) ;
#3881 = LINE ( 'NONE', #4736, #6230 ) ;
#3882 = ADVANCED_FACE ( 'NONE', ( #1239 ), #5600, .F. ) ;
#3883 = DIRECTION ( 'NONE',  ( -1.000000000000000000, 0.000000000000000000, 0.000000000000000000 ) ) ;
#3884 = VECTOR ( 'NONE', #1214, 1000.000000000000000 ) ;
#3885 = ORIENTED_EDGE ( 'NONE', *, *, #2949, .F. ) ;
#3886 = EDGE_CURVE ( 'NONE', #80, #6616, #4337, .T. ) ;
#3887 = CARTESIAN_POINT ( 'NONE',  ( -92.70000000000000284, 45.32728445445477661, 0.000000000000000000 ) ) ;
#3888 = AXIS2_PLACEMENT_3D ( 'NONE', #4379, #60, #4273 ) ;
#3889 = DIRECTION ( 'NONE',  ( 0.000000000000000000, -0.000000000000000000, 1.000000000000000000 ) ) ;
#3890 = CARTESIAN_POINT ( 'NONE',  ( -73.19999999997392592, 47.60000000000000853, 6.349999999999999645 ) ) ;
#3891 = CARTESIAN_POINT ( 'NONE',  ( -11.05000000000005578, 63.49999999999994316, 6.349999999999999645 ) ) ;
#3892 = CARTESIAN_POINT ( 'NONE',  ( -33.69999999999998153, -73.69999999999997442, 16.35000000000000142 ) ) ;
#3893 = DIRECTION ( 'NONE',  ( -0.000000000000000000, 0.000000000000000000, 1.000000000000000000 ) ) ;
#3894 = CARTESIAN_POINT ( 'NONE',  ( -33.69999999999998153, -70.69999999999997442, 16.35000000000000142 ) ) ;
#3895 = ORIENTED_EDGE ( 'NONE', *, *, #1161, .T. ) ;
#3896 = PLANE ( 'NONE',  #1699 ) ;
#3897 = CARTESIAN_POINT ( 'NONE',  ( -53.70000000000000284, -67.35000000000000853, 11.35000000000000142 ) ) ;
#3898 = EDGE_LOOP ( 'NONE', ( #5595, #4741, #17, #5476, #4048 ) ) ;
#3899 = DIRECTION ( 'NONE',  ( 0.000000000000000000, 0.000000000000000000, 1.000000000000000000 ) ) ;
#3900 = ORIENTED_EDGE ( 'NONE', *, *, #1873, .T. ) ;
#3901 = ORIENTED_EDGE ( 'NONE', *, *, #1016, .F. ) ;
#3902 = DIRECTION ( 'NONE',  ( -1.000000000000000000, -0.000000000000000000, 0.000000000000000000 ) ) ;
#3903 = DIRECTION ( 'NONE',  ( 0.000000000000000000, 0.000000000000000000, -1.000000000000000000 ) ) ;
#3904 = CARTESIAN_POINT ( 'NONE',  ( -55.00923294689583543, 26.79015624157809938, 6.349999999999999645 ) ) ;
#3905 = EDGE_CURVE ( 'NONE', #5806, #5439, #1347, .T. ) ;
#3906 = DIRECTION ( 'NONE',  ( -0.000000000000000000, 0.000000000000000000, -1.000000000000000000 ) ) ;
#3907 = ORIENTED_EDGE ( 'NONE', *, *, #713, .F. ) ;
#3908 = DIRECTION ( 'NONE',  ( -0.000000000000000000, -0.000000000000000000, -1.000000000000000000 ) ) ;
#3909 = ORIENTED_EDGE ( 'NONE', *, *, #4061, .T. ) ;
#3910 = EDGE_CURVE ( 'NONE', #5280, #1760, #6468, .T. ) ;
#3911 = ORIENTED_EDGE ( 'NONE', *, *, #206, .F. ) ;
#3912 = DIRECTION ( 'NONE',  ( 1.000000000000000000, 0.000000000000000000, 0.000000000000000000 ) ) ;
#3913 = DIRECTION ( 'NONE',  ( -0.000000000000000000, 0.000000000000000000, 1.000000000000000000 ) ) ;
#3914 = CARTESIAN_POINT ( 'NONE',  ( -15.90000000000001101, 37.50000000000001421, 0.000000000000000000 ) ) ;
#3915 = CARTESIAN_POINT ( 'NONE',  ( 61.84999999999988773, 63.49999999999994316, 6.349999999999999645 ) ) ;
#3916 = LINE ( 'NONE', #4838, #2248 ) ;
#3917 = CARTESIAN_POINT ( 'NONE',  ( -45.90577136594008323, 67.35000000000000853, 23.52726047942458720 ) ) ;
#3918 = EDGE_CURVE ( 'NONE', #289, #1047, #5429, .T. ) ;
#3919 = DIRECTION ( 'NONE',  ( -1.000000000000000000, -1.351293846914747261E-16, 0.000000000000000000 ) ) ;
#3920 = FACE_OUTER_BOUND ( 'NONE', #6830, .T. ) ;
#3921 = FACE_BOUND ( 'NONE', #2477, .T. ) ;
#3922 = DIRECTION ( 'NONE',  ( 0.000000000000000000, 0.000000000000000000, 1.000000000000000000 ) ) ;
#3923 = EDGE_CURVE ( 'NONE', #6645, #2906, #6816, .T. ) ;
#3924 = LINE ( 'NONE', #1716, #662 ) ;
#3925 = EDGE_CURVE ( 'NONE', #5506, #6375, #411, .T. ) ;
#3926 = EDGE_LOOP ( 'NONE', ( #6010, #4225, #296, #1984 ) ) ;
#3927 = CARTESIAN_POINT ( 'NONE',  ( -77.69999999997389750, 66.35000000000000853, 38.35000000000000853 ) ) ;
#3928 = CARTESIAN_POINT ( 'NONE',  ( -92.70000000000000284, 45.32728445445477661, 0.000000000000000000 ) ) ;
#3929 = ORIENTED_EDGE ( 'NONE', *, *, #1861, .F. ) ;
#3930 = CARTESIAN_POINT ( 'NONE',  ( 38.29999999999999716, 37.50000000000000000, 6.349999999999999645 ) ) ;
#3931 = ORIENTED_EDGE ( 'NONE', *, *, #542, .T. ) ;
#3932 = ORIENTED_EDGE ( 'NONE', *, *, #379, .F. ) ;
#3933 = CARTESIAN_POINT ( 'NONE',  ( -117.6999999999738975, 72.70000000000000284, 43.35000000000000853 ) ) ;
#3934 = CARTESIAN_POINT ( 'NONE',  ( -73.19999999999998863, -66.52157287525380980, 7.178427124746189492 ) ) ;
#3935 = CARTESIAN_POINT ( 'NONE',  ( 106.3631953812288629, -68.86354498971222426, 6.356668876985051675 ) ) ;
#3936 = PLANE ( 'NONE',  #6919 ) ;
#3937 = ORIENTED_EDGE ( 'NONE', *, *, #5200, .T. ) ;
#3938 = DIRECTION ( 'NONE',  ( -0.000000000000000000, -0.000000000000000000, -1.000000000000000000 ) ) ;
#3939 = EDGE_LOOP ( 'NONE', ( #291, #111, #3867, #4144 ) ) ;
#3940 = ORIENTED_EDGE ( 'NONE', *, *, #984, .F. ) ;
#3941 = CARTESIAN_POINT ( 'NONE',  ( 46.80000000000001137, 16.70000000000003482, 6.350000000000001421 ) ) ;
#3942 = PLANE ( 'NONE',  #2619 ) ;
#3943 = EDGE_CURVE ( 'NONE', #5311, #4248, #2587, .T. ) ;
#3944 = CARTESIAN_POINT ( 'NONE',  ( -76.20000000000000284, 76.20000000000000284, 0.000000000000000000 ) ) ;
#3945 = VERTEX_POINT ( 'NONE', #874 ) ;
#3946 = CARTESIAN_POINT ( 'NONE',  ( 62.30000000000000426, -7.750000000000000000, 6.349999999999999645 ) ) ;
#3947 = DIRECTION ( 'NONE',  ( 0.000000000000000000, 0.000000000000000000, 1.000000000000000000 ) ) ;
#3948 = CARTESIAN_POINT ( 'NONE',  ( 0.000000000000000000, 0.000000000000000000, 0.000000000000000000 ) ) ;
#3949 = LINE ( 'NONE', #4025, #1834 ) ;
#3950 = EDGE_CURVE ( 'NONE', #5638, #6303, #3763, .T. ) ;
#3951 = DIRECTION ( 'NONE',  ( 1.000000000000000000, -0.000000000000000000, -0.000000000000000000 ) ) ;
#3952 = ADVANCED_FACE ( 'NONE', ( #6345 ), #4238, .T. ) ;
#3953 = CARTESIAN_POINT ( 'NONE',  ( -92.70000000000000284, 73.70000000000000284, 22.21190264738178399 ) ) ;
#3954 = DIRECTION ( 'NONE',  ( 6.938893903907228378E-16, -1.427672308663629767E-31, -1.000000000000000000 ) ) ;
#3955 = CARTESIAN_POINT ( 'NONE',  ( 66.30000000000001137, 36.19999999999999574, 0.000000000000000000 ) ) ;
#3956 = VERTEX_POINT ( 'NONE', #1388 ) ;
#3957 = LINE ( 'NONE', #2289, #1241 ) ;
#3958 = FACE_OUTER_BOUND ( 'NONE', #4191, .T. ) ;
#3959 = ORIENTED_EDGE ( 'NONE', *, *, #6286, .F. ) ;
#3960 = CIRCLE ( 'NONE', #6322, 1.000000000000000888 ) ;
#3961 = CARTESIAN_POINT ( 'NONE',  ( 165.8538059222873926, -69.95000000000001705, 6.788750500400403176 ) ) ;
#3962 = ORIENTED_EDGE ( 'NONE', *, *, #1595, .F. ) ;
#3963 = ORIENTED_EDGE ( 'NONE', *, *, #6373, .T. ) ;
#3964 = CARTESIAN_POINT ( 'NONE',  ( 0.000000000000000000, 67.35000000000000853, 25.35000000000000497 ) ) ;
#3965 = DIRECTION ( 'NONE',  ( 0.000000000000000000, 1.000000000000000000, -0.000000000000000000 ) ) ;
#3966 = AXIS2_PLACEMENT_3D ( 'NONE', #1934, #3543, #3011 ) ;
#3967 = CARTESIAN_POINT ( 'NONE',  ( 106.6355074616854779, -69.13550612443734167, 6.397979933211590087 ) ) ;
#3968 = CARTESIAN_POINT ( 'NONE',  ( 101.2000000000000171, 75.70000000000000284, 54.35000000000000142 ) ) ;
#3969 = EDGE_LOOP ( 'NONE', ( #1658, #4392 ) ) ;
#3970 = ADVANCED_FACE ( 'NONE', ( #4759 ), #3666, .F. ) ;
#3971 = CARTESIAN_POINT ( 'NONE',  ( -53.70000000000000284, 67.35000000000000853, 12.67273952057544406 ) ) ;
#3972 = ORIENTED_EDGE ( 'NONE', *, *, #3263, .F. ) ;
#3973 = ADVANCED_FACE ( 'NONE', ( #5217 ), #3027, .T. ) ;
#3974 = EDGE_LOOP ( 'NONE', ( #4254, #2495, #3093, #1799 ) ) ;
#3975 = CIRCLE ( 'NONE', #1130, 19.99999999999999289 ) ;
#3976 = CARTESIAN_POINT ( 'NONE',  ( -30.52500000000002700, -13.99999999999999467, 0.000000000000000000 ) ) ;
#3977 = DIRECTION ( 'NONE',  ( 1.000000000000000000, 0.000000000000000000, 0.000000000000000000 ) ) ;
#3978 = AXIS2_PLACEMENT_3D ( 'NONE', #2195, #1118, #5001 ) ;
#3979 = VECTOR ( 'NONE', #1199, 1000.000000000000000 ) ;
#3980 = CARTESIAN_POINT ( 'NONE',  ( -33.70000000003531682, -67.35000000000000853, 8.350000000007183232 ) ) ;
#3981 = VECTOR ( 'NONE', #2635, 1000.000000000000000 ) ;
#3982 = ORIENTED_EDGE ( 'NONE', *, *, #4451, .T. ) ;
#3983 = AXIS2_PLACEMENT_3D ( 'NONE', #5981, #88, #5561 ) ;
#3984 = AXIS2_PLACEMENT_3D ( 'NONE', #894, #4612, #3088 ) ;
#3985 = EDGE_LOOP ( 'NONE', ( #2579, #6022, #4372, #5413 ) ) ;
#3986 = FACE_OUTER_BOUND ( 'NONE', #2476, .T. ) ;
#3987 = DIRECTION ( 'NONE',  ( -0.000000000000000000, 1.000000000000000000, -0.000000000000000000 ) ) ;
#3988 = AXIS2_PLACEMENT_3D ( 'NONE', #828, #1261, #288 ) ;
#3989 = AXIS2_PLACEMENT_3D ( 'NONE', #262, #6157, #5651 ) ;
#3990 = DIRECTION ( 'NONE',  ( 1.351293846914747261E-16, -1.000000000000000000, 0.000000000000000000 ) ) ;
#3991 = CIRCLE ( 'NONE', #2166, 6.999999999999999112 ) ;
#3992 = DIRECTION ( 'NONE',  ( 9.251858538542962756E-15, 0.000000000000000000, 1.000000000000000000 ) ) ;
#3993 = VECTOR ( 'NONE', #6498, 1000.000000000000000 ) ;
#3994 = AXIS2_PLACEMENT_3D ( 'NONE', #5788, #2565, #927 ) ;
#3995 = DIRECTION ( 'NONE',  ( 0.000000000000000000, -0.000000000000000000, 1.000000000000000000 ) ) ;
#3996 = CARTESIAN_POINT ( 'NONE',  ( -75.69999999997389750, -73.70000000000000284, 6.349999999999999645 ) ) ;
#3997 = EDGE_CURVE ( 'NONE', #4070, #1935, #6773, .T. ) ;
#3998 = PLANE ( 'NONE',  #6348 ) ;
#3999 = VECTOR ( 'NONE', #2281, 1000.000000000000000 ) ;
#4000 = EDGE_LOOP ( 'NONE', ( #2205, #6516, #2197, #2258 ) ) ;
#4001 = CARTESIAN_POINT ( 'NONE',  ( -47.30288568302398744, -73.70000000000000284, 22.43012701892155292 ) ) ;
#4002 = PLANE ( 'NONE',  #3648 ) ;
#4003 = EDGE_LOOP ( 'NONE', ( #5894, #4424, #3503, #4080 ) ) ;
#4004 = EDGE_CURVE ( 'NONE', #912, #3350, #2208, .T. ) ;
#4005 = DIRECTION ( 'NONE',  ( -0.000000000000000000, -1.000000000000000000, -0.000000000000000000 ) ) ;
#4006 = ORIENTED_EDGE ( 'NONE', *, *, #2491, .T. ) ;
#4007 = ORIENTED_EDGE ( 'NONE', *, *, #3136, .F. ) ;
#4008 = EDGE_CURVE ( 'NONE', #4021, #805, #5879, .T. ) ;
#4009 = DIRECTION ( 'NONE',  ( -0.8660254037844388186, 0.000000000000000000, 0.4999999999999997780 ) ) ;
#4010 = CARTESIAN_POINT ( 'NONE',  ( 106.7188524783553589, -69.21881789508745442, 6.418368207671823811 ) ) ;
#4011 = DIRECTION ( 'NONE',  ( 0.5000000000000002220, 0.000000000000000000, 0.8660254037844384856 ) ) ;
#4012 = ORIENTED_EDGE ( 'NONE', *, *, #2094, .T. ) ;
#4013 = CARTESIAN_POINT ( 'NONE',  ( -75.69999999997389750, 0.000000000000000000, 8.349999999999999645 ) ) ;
#4014 = ORIENTED_EDGE ( 'NONE', *, *, #2005, .T. ) ;
#4015 = VERTEX_POINT ( 'NONE', #6912 ) ;
#4016 = EDGE_CURVE ( 'NONE', #1404, #2107, #5676, .T. ) ;
#4017 = CARTESIAN_POINT ( 'NONE',  ( 85.79999999999998295, 55.70000000000000284, 33.00000000000000000 ) ) ;
#4018 = PLANE ( 'NONE',  #3759 ) ;
#4019 = EDGE_CURVE ( 'NONE', #331, #5042, #6875, .T. ) ;
#4020 = CARTESIAN_POINT ( 'NONE',  ( -77.69999999997392592, 47.60000000000000853, 6.349999999999999645 ) ) ;
#4021 = VERTEX_POINT ( 'NONE', #4659 ) ;
#4022 = ORIENTED_EDGE ( 'NONE', *, *, #4885, .F. ) ;
#4023 = DIRECTION ( 'NONE',  ( -0.000000000000000000, -1.000000000000000000, -0.000000000000000000 ) ) ;
#4024 = CARTESIAN_POINT ( 'NONE',  ( 63.50000000000000000, 0.000000000000000000, 6.349999999999999645 ) ) ;
#4025 = CARTESIAN_POINT ( 'NONE',  ( -108.9499999999738975, 63.85000000000000142, 47.88553390593274628 ) ) ;
#4026 = DIRECTION ( 'NONE',  ( -0.000000000000000000, -0.000000000000000000, -1.000000000000000000 ) ) ;
#4027 = DIRECTION ( 'NONE',  ( 0.000000000000000000, -0.000000000000000000, -1.000000000000000000 ) ) ;
#4028 = CARTESIAN_POINT ( 'NONE',  ( 101.2000000000000171, 76.20000000000000284, 54.35000000000000142 ) ) ;
#4029 = FACE_OUTER_BOUND ( 'NONE', #6733, .T. ) ;
#4030 = ORIENTED_EDGE ( 'NONE', *, *, #6952, .F. ) ;
#4031 = EDGE_CURVE ( 'NONE', #3790, #321, #3560, .T. ) ;
#4032 = CARTESIAN_POINT ( 'NONE',  ( -107.6999999999739117, 41.85000000000001563, 41.35000000000000142 ) ) ;
#4033 = DIRECTION ( 'NONE',  ( 0.000000000000000000, 0.000000000000000000, -1.000000000000000000 ) ) ;
#4034 = ADVANCED_FACE ( 'NONE', ( #816 ), #5815, .F. ) ;
#4035 = EDGE_LOOP ( 'NONE', ( #1979, #3873, #2317, #2037 ) ) ;
#4036 = DIRECTION ( 'NONE',  ( 1.000000000000000000, 0.000000000000000000, 0.000000000000000000 ) ) ;
#4037 = VERTEX_POINT ( 'NONE', #5150 ) ;
#4038 = CARTESIAN_POINT ( 'NONE',  ( -45.90577136594008323, -73.70000000000000284, 24.85000000000003340 ) ) ;
#4039 = ORIENTED_EDGE ( 'NONE', *, *, #6767, .T. ) ;
#4040 = FACE_BOUND ( 'NONE', #4288, .T. ) ;
#4041 = CARTESIAN_POINT ( 'NONE',  ( -60.69999999997389750, 67.35000000000000853, 39.22911224657961782 ) ) ;
#4042 = CYLINDRICAL_SURFACE ( 'NONE', #5445, 2.099999999999997868 ) ;
#4043 = ORIENTED_EDGE ( 'NONE', *, *, #3665, .T. ) ;
#4045 = EDGE_CURVE ( 'NONE', #1107, #6645, #2454, .T. ) ;
#4044 = LINE ( 'NONE', #6732, #2500 ) ;
#4046 = ORIENTED_EDGE ( 'NONE', *, *, #5165, .T. ) ;
#4047 = PRODUCT_RELATED_PRODUCT_CATEGORY ( 'part', '', ( #2858 ) ) ;
#4048 = ORIENTED_EDGE ( 'NONE', *, *, #5187, .T. ) ;
#4049 = DIRECTION ( 'NONE',  ( 0.000000000000000000, -1.000000000000000000, -0.000000000000000000 ) ) ;
#4050 = CARTESIAN_POINT ( 'NONE',  ( 0.000000000000000000, 58.10000000000000853, 6.349999999999999645 ) ) ;
#4051 = DIRECTION ( 'NONE',  ( -1.000000000000000000, 0.000000000000000000, 0.000000000000000000 ) ) ;
#4052 = VERTEX_POINT ( 'NONE', #4405 ) ;
#4053 = EDGE_LOOP ( 'NONE', ( #1807, #483, #3302, #2599 ) ) ;
#4054 = DIRECTION ( 'NONE',  ( -0.000000000000000000, -1.000000000000000000, -0.000000000000000000 ) ) ;
#4055 = CARTESIAN_POINT ( 'NONE',  ( -11.05000000000000071, -63.50000000000000000, 6.349999999999999645 ) ) ;
#4056 =( NAMED_UNIT ( * ) SI_UNIT ( $, .STERADIAN. ) SOLID_ANGLE_UNIT ( ) );
#4057 = ADVANCED_FACE ( 'NONE', ( #6552 ), #488, .T. ) ;
#4058 = CARTESIAN_POINT ( 'NONE',  ( -60.69999999997389750, 67.35000000000000853, 36.35000000000000853 ) ) ;
#4059 = DIRECTION ( 'NONE',  ( 0.000000000000000000, 1.000000000000000000, 0.000000000000000000 ) ) ;
#4060 = PLANE ( 'NONE',  #4085 ) ;
#4061 = EDGE_CURVE ( 'NONE', #3780, #52, #4835, .T. ) ;
#4062 = EDGE_CURVE ( 'NONE', #684, #6722, #6229, .T. ) ;
#4063 = CARTESIAN_POINT ( 'NONE',  ( -40.37468245269337785, -67.35000000000000853, 18.43012701888824267 ) ) ;
#4064 = CARTESIAN_POINT ( 'NONE',  ( -14.35000000000006004, 63.49999999999994316, 6.349999999999999645 ) ) ;
#4065 = ORIENTED_EDGE ( 'NONE', *, *, #2662, .T. ) ;
#4066 = CYLINDRICAL_SURFACE ( 'NONE', #5100, 1.322739520575443750 ) ;
#4067 = LINE ( 'NONE', #4678, #1597 ) ;
#4068 = VERTEX_POINT ( 'NONE', #2123 ) ;
#4069 = LINE ( 'NONE', #992, #910 ) ;
#4070 = VERTEX_POINT ( 'NONE', #4374 ) ;
#4071 = LINE ( 'NONE', #792, #1235 ) ;
#4072 = AXIS2_PLACEMENT_3D ( 'NONE', #6639, #5604, #820 ) ;
#4073 = ORIENTED_EDGE ( 'NONE', *, *, #1538, .F. ) ;
#4074 = CARTESIAN_POINT ( 'NONE',  ( 167.7638055323704123, -69.15885225737631004, 6.349999999999999645 ) ) ;
#4075 = DIRECTION ( 'NONE',  ( 1.000000000000000000, 0.000000000000000000, 0.000000000000000000 ) ) ;
#4076 = AXIS2_PLACEMENT_3D ( 'NONE', #6062, #2421, #4624 ) ;
#4077 = CARTESIAN_POINT ( 'NONE',  ( 0.000000000000000000, -73.70000000000000284, 6.349999999999999645 ) ) ;
#4078 = DIRECTION ( 'NONE',  ( 1.000000000000000000, 0.000000000000000000, 0.000000000000000000 ) ) ;
#4079 = ORIENTED_EDGE ( 'NONE', *, *, #1621, .F. ) ;
#4080 = ORIENTED_EDGE ( 'NONE', *, *, #6047, .T. ) ;
#4081 = ADVANCED_FACE ( 'NONE', ( #6519 ), #4803, .F. ) ;
#4082 = AXIS2_PLACEMENT_3D ( 'NONE', #964, #3145, #5296 ) ;
#4083 = LINE ( 'NONE', #1412, #1697 ) ;
#4084 = CARTESIAN_POINT ( 'NONE',  ( -33.70000000000000995, 73.70000000000000284, 20.35000000000763976 ) ) ;
#4085 = AXIS2_PLACEMENT_3D ( 'NONE', #1317, #1777, #2924 ) ;
#4086 = VECTOR ( 'NONE', #6955, 1000.000000000000000 ) ;
#4087 = VERTEX_POINT ( 'NONE', #1553 ) ;
#4088 = VERTEX_POINT ( 'NONE', #1019 ) ;
#4089 = CARTESIAN_POINT ( 'NONE',  ( 26221.20489930205076, 73.70000000000000284, 45504.82024963156437 ) ) ;
#4090 = VECTOR ( 'NONE', #5169, 1000.000000000000114 ) ;
#4091 = EDGE_CURVE ( 'NONE', #1465, #3094, #597, .T. ) ;
#4092 = VECTOR ( 'NONE', #2693, 1000.000000000000000 ) ;
#4093 = VECTOR ( 'NONE', #6063, 1000.000000000000000 ) ;
#4094 = CARTESIAN_POINT ( 'NONE',  ( -45.37468245263198696, 73.70000000000000284, 9.769872981014158242 ) ) ;
#4095 = EDGE_CURVE ( 'NONE', #2882, #3586, #3825, .T. ) ;
#4096 = CARTESIAN_POINT ( 'NONE',  ( -116.6999999999738975, 72.70000000000000284, 43.35000000000000853 ) ) ;
#4097 = VECTOR ( 'NONE', #3791, 1000.000000000000000 ) ;
#4098 = CARTESIAN_POINT ( 'NONE',  ( -13.80000000000000604, -37.50000000000000000, 0.000000000000000000 ) ) ;
#4099 = AXIS2_PLACEMENT_3D ( 'NONE', #4839, #4271, #6852 ) ;
#4100 = CARTESIAN_POINT ( 'NONE',  ( -61.49422863406000062, 67.35000000000000853, 24.84999999999992681 ) ) ;
#4101 = ORIENTED_EDGE ( 'NONE', *, *, #3169, .T. ) ;
#4102 = CARTESIAN_POINT ( 'NONE',  ( -75.69999999997389750, -73.70000000000000284, 8.349999999999999645 ) ) ;
#4103 = VECTOR ( 'NONE', #4590, 1000.000000000000000 ) ;
#4104 = DIRECTION ( 'NONE',  ( -0.000000000000000000, 0.000000000000000000, 1.000000000000000000 ) ) ;
#4105 = AXIS2_PLACEMENT_3D ( 'NONE', #1534, #2541, #6288 ) ;
#4106 = AXIS2_PLACEMENT_3D ( 'NONE', #3246, #935, #3679 ) ;
#4107 = AXIS2_PLACEMENT_3D ( 'NONE', #294, #729, #2359 ) ;
#4108 = CARTESIAN_POINT ( 'NONE',  ( -12.70000000000005791, 63.49999999999994316, 6.349999999999999645 ) ) ;
#4109 = ORIENTED_EDGE ( 'NONE', *, *, #2738, .F. ) ;
#4110 = VECTOR ( 'NONE', #5234, 1000.000000000000000 ) ;
#4111 = CARTESIAN_POINT ( 'NONE',  ( 101.2000000000000171, 75.70000000000000284, 8.350000000000003197 ) ) ;
#4112 = EDGE_LOOP ( 'NONE', ( #5268, #5515, #217, #6540 ) ) ;
#4113 = CARTESIAN_POINT ( 'NONE',  ( -53.70000000000000284, 67.35000000000000853, 40.34999999999999432 ) ) ;
#4114 = ORIENTED_EDGE ( 'NONE', *, *, #4691, .T. ) ;
#4115 = LINE ( 'NONE', #1406, #6807 ) ;
#4116 = FACE_OUTER_BOUND ( 'NONE', #5402, .T. ) ;
#4117 = CARTESIAN_POINT ( 'NONE',  ( -107.6999999999739117, 63.85000000000000142, 6.350000000000001421 ) ) ;
#4118 = CARTESIAN_POINT ( 'NONE',  ( 43.80000000000001137, 58.70000000000000284, 36.00000000000000711 ) ) ;
#4119 = EDGE_LOOP ( 'NONE', ( #4920, #370, #4358, #2336 ) ) ;
#4120 = ORIENTED_EDGE ( 'NONE', *, *, #2464, .F. ) ;
#4121 = DIRECTION ( 'NONE',  ( 1.000000000000000000, 0.000000000000000000, 0.000000000000000000 ) ) ;
#4122 = ADVANCED_FACE ( 'NONE', ( #1086 ), #6444, .F. ) ;
#4123 = DIRECTION ( 'NONE',  ( -1.000000000000000000, 0.000000000000000000, 0.000000000000000000 ) ) ;
#4124 = ADVANCED_FACE ( 'NONE', ( #3770 ), #5947, .F. ) ;
#4125 = ORIENTED_EDGE ( 'NONE', *, *, #4829, .T. ) ;
#4126 = VERTEX_POINT ( 'NONE', #5383 ) ;
#4127 = VERTEX_POINT ( 'NONE', #3693 ) ;
#4128 = FACE_OUTER_BOUND ( 'NONE', #6260, .T. ) ;
#4129 = CARTESIAN_POINT ( 'NONE',  ( -1.413497438690664388E-14, -68.69999999999997442, 6.349999999999999645 ) ) ;
#4130 = CARTESIAN_POINT ( 'NONE',  ( -71.20000000000000284, 25.35000000000000497, 16.35000000000000142 ) ) ;
#4131 = DIRECTION ( 'NONE',  ( 0.000000000000000000, 0.000000000000000000, 1.000000000000000000 ) ) ;
#4132 = CARTESIAN_POINT ( 'NONE',  ( 0.000000000000000000, -73.20000000000000284, 54.35000000000000142 ) ) ;
#4133 = EDGE_CURVE ( 'NONE', #6020, #6336, #2160, .T. ) ;
#4134 = CARTESIAN_POINT ( 'NONE',  ( 88.79999999999998295, 13.70000000000000462, 33.00000000000000000 ) ) ;
#4135 = VERTEX_POINT ( 'NONE', #1626 ) ;
#4136 = CARTESIAN_POINT ( 'NONE',  ( -76.20000000000000284, 35.35000000000000853, 6.349999999999999645 ) ) ;
#4137 = LINE ( 'NONE', #1890, #443 ) ;
#4138 = DIRECTION ( 'NONE',  ( 0.000000000000000000, 1.000000000000000000, -0.000000000000000000 ) ) ;
#4139 = ORIENTED_EDGE ( 'NONE', *, *, #1873, .F. ) ;
#4140 = EDGE_CURVE ( 'NONE', #1472, #996, #3802, .T. ) ;
#4141 = DIRECTION ( 'NONE',  ( -0.000000000000000000, 1.000000000000000000, 0.000000000000000000 ) ) ;
#4142 = ORIENTED_EDGE ( 'NONE', *, *, #606, .F. ) ;
#4143 = LINE ( 'NONE', #6290, #1000 ) ;
#4144 = ORIENTED_EDGE ( 'NONE', *, *, #3943, .F. ) ;
#4145 = EDGE_CURVE ( 'NONE', #272, #6809, #5416, .T. ) ;
#4146 = FACE_OUTER_BOUND ( 'NONE', #3023, .T. ) ;
#4147 = FACE_BOUND ( 'NONE', #4821, .T. ) ;
#4148 = ORIENTED_EDGE ( 'NONE', *, *, #4133, .F. ) ;
#4149 = DIRECTION ( 'NONE',  ( 0.000000000000000000, 0.000000000000000000, 1.000000000000000000 ) ) ;
#4150 = ORIENTED_EDGE ( 'NONE', *, *, #5412, .T. ) ;
#4151 = EDGE_CURVE ( 'NONE', #2869, #1472, #3833, .T. ) ;
#4152 = B_SPLINE_CURVE_WITH_KNOTS ( 'NONE', 3,
 ( #581, #2755, #106, #1753, #4924, #2214, #6750 ),
 .UNSPECIFIED., .F., .F.,
 ( 4, 3, 4 ),
 ( 0.000000000000000000, 0.0004920152968922639723, 0.0005029697487622983949 ),
 .UNSPECIFIED. ) ;
#4153 = ORIENTED_EDGE ( 'NONE', *, *, #5874, .F. ) ;
#4154 = CARTESIAN_POINT ( 'NONE',  ( 62.30000000000001847, 32.94999999999999574, 33.00000000000000000 ) ) ;
#4155 = FACE_OUTER_BOUND ( 'NONE', #476, .T. ) ;
#4156 = ORIENTED_EDGE ( 'NONE', *, *, #472, .T. ) ;
#4157 = ORIENTED_EDGE ( 'NONE', *, *, #1511, .F. ) ;
#4158 = EDGE_CURVE ( 'NONE', #6839, #822, #554, .T. ) ;
#4159 = UNCERTAINTY_MEASURE_WITH_UNIT (LENGTH_MEASURE( 1.000000000000000082E-05 ), #6388, 'distance_accuracy_value', 'NONE');
#4160 = ORIENTED_EDGE ( 'NONE', *, *, #3110, .T. ) ;
#4161 = CARTESIAN_POINT ( 'NONE',  ( -79.69999999997389750, 36.35000000000000853, 43.35000000000000853 ) ) ;
#4162 = DIRECTION ( 'NONE',  ( 1.000000000000000000, -2.057492632737503734E-16, 0.000000000000000000 ) ) ;
#4163 = CARTESIAN_POINT ( 'NONE',  ( -62.09348881513570007, 67.01321315434309156, 39.51574736833406121 ) ) ;
#4164 = DIRECTION ( 'NONE',  ( 1.000000000000000000, 0.000000000000000000, 0.000000000000000000 ) ) ;
#4165 = DIRECTION ( 'NONE',  ( 1.000000000000000000, 0.000000000000000000, 0.000000000000000000 ) ) ;
#4166 = ORIENTED_EDGE ( 'NONE', *, *, #6379, .F. ) ;
#4167 = EDGE_CURVE ( 'NONE', #2363, #5366, #5980, .T. ) ;
#4168 = DIRECTION ( 'NONE',  ( -0.000000000000000000, -1.000000000000000000, -0.000000000000000000 ) ) ;
#4169 = DIRECTION ( 'NONE',  ( 0.000000000000000000, 0.000000000000000000, 1.000000000000000000 ) ) ;
#4170 = EDGE_CURVE ( 'NONE', #2110, #5706, #1135, .T. ) ;
#4171 = CARTESIAN_POINT ( 'NONE',  ( -33.70000000003532392, 67.35000000000000853, 16.34999999998854037 ) ) ;
#4172 = ORIENTED_EDGE ( 'NONE', *, *, #997, .T. ) ;
#4173 = ADVANCED_FACE ( 'NONE', ( #6411 ), #1169, .F. ) ;
#4174 = DIRECTION ( 'NONE',  ( 1.000000000000000000, 0.000000000000000000, 5.729791641151388986E-12 ) ) ;
#4175 = ORIENTED_EDGE ( 'NONE', *, *, #245, .F. ) ;
#4176 = LINE ( 'NONE', #6931, #1461 ) ;
#4177 = VERTEX_POINT ( 'NONE', #1740 ) ;
#4178 = CARTESIAN_POINT ( 'NONE',  ( 167.1999999999999886, 73.20000000000000284, 54.35000000000000142 ) ) ;
#4179 = EDGE_CURVE ( 'NONE', #1, #3553, #4545, .T. ) ;
#4180 = DIRECTION ( 'NONE',  ( -0.000000000000000000, 0.000000000000000000, 1.000000000000000000 ) ) ;
#4181 = DIRECTION ( 'NONE',  ( -9.251858538542962756E-15, 0.000000000000000000, -1.000000000000000000 ) ) ;
#4182 = ORIENTED_EDGE ( 'NONE', *, *, #913, .T. ) ;
#4183 = VECTOR ( 'NONE', #1422, 1000.000000000000000 ) ;
#4184 = ADVANCED_FACE ( 'NONE', ( #734 ), #1277, .T. ) ;
#4185 = LINE ( 'NONE', #6430, #2055 ) ;
#4186 = VERTEX_POINT ( 'NONE', #3976 ) ;
#4187 = ORIENTED_EDGE ( 'NONE', *, *, #6464, .F. ) ;
#4188 = CARTESIAN_POINT ( 'NONE',  ( 105.6999999999999886, -69.20000000000000284, 6.413508326896298684 ) ) ;
#4189 = VECTOR ( 'NONE', #5283, 1000.000000000000000 ) ;
#4190 = CARTESIAN_POINT ( 'NONE',  ( -61.49422863406000062, -67.35000000000000853, 24.84999999999992681 ) ) ;
#4191 = EDGE_LOOP ( 'NONE', ( #6408, #1071, #6626, #6537 ) ) ;
#4192 = EDGE_LOOP ( 'NONE', ( #4926, #4646, #6647, #3151 ) ) ;
#4193 = CIRCLE ( 'NONE', #3390, 2.099999999999997868 ) ;
#4194 = ORIENTED_EDGE ( 'NONE', *, *, #3, .T. ) ;
#4195 = DIRECTION ( 'NONE',  ( 1.000000000000000000, -0.000000000000000000, 0.000000000000000000 ) ) ;
#4196 = CARTESIAN_POINT ( 'NONE',  ( 99.20000000000001705, 70.70000000000000284, 16.34999999999999787 ) ) ;
#4197 = AXIS2_PLACEMENT_3D ( 'NONE', #2230, #5458, #6551 ) ;
#4198 = PLANE ( 'NONE',  #6350 ) ;
#4199 = DIRECTION ( 'NONE',  ( 0.000000000000000000, 1.000000000000000000, 0.000000000000000000 ) ) ;
#4200 = DIRECTION ( 'NONE',  ( -1.000000000000000000, -8.673617379884035472E-16, 0.000000000000000000 ) ) ;
#4201 = VECTOR ( 'NONE', #5680, 1000.000000000000000 ) ;
#4202 = EDGE_LOOP ( 'NONE', ( #4340, #6197, #4854, #4046, #4657, #1226, #1275, #387, #766, #1767, #3720, #1566 ) ) ;
#4203 = AXIS2_PLACEMENT_3D ( 'NONE', #4487, #744, #2851 ) ;
#4204 = CIRCLE ( 'NONE', #4654, 1.322739520575443750 ) ;
#4205 = FILL_AREA_STYLE ('',( #1502 ) ) ;
#4206 = DIRECTION ( 'NONE',  ( 0.000000000000000000, 0.000000000000000000, -1.000000000000000000 ) ) ;
#4207 = AXIS2_PLACEMENT_3D ( 'NONE', #391, #959, #6458 ) ;
#4208 = DIRECTION ( 'NONE',  ( -0.000000000000000000, 1.000000000000000000, -0.000000000000000000 ) ) ;
#4209 = VECTOR ( 'NONE', #3788, 1000.000000000000000 ) ;
#4210 = VECTOR ( 'NONE', #1526, 1000.000000000000000 ) ;
#4211 = VECTOR ( 'NONE', #5951, 1000.000000000000000 ) ;
#4212 = ORIENTED_EDGE ( 'NONE', *, *, #3086, .T. ) ;
#4213 = EDGE_CURVE ( 'NONE', #4068, #1017, #2366, .T. ) ;
#4214 = CARTESIAN_POINT ( 'NONE',  ( -61.49422863406000062, -73.70000000000000284, 23.52726047942448417 ) ) ;
#4215 = ORIENTED_EDGE ( 'NONE', *, *, #6295, .T. ) ;
#4216 = FACE_OUTER_BOUND ( 'NONE', #1728, .T. ) ;
#4217 = VECTOR ( 'NONE', #3555, 1000.000000000000000 ) ;
#4218 = EDGE_LOOP ( 'NONE', ( #5411, #3497, #628, #6426 ) ) ;
#4219 = VECTOR ( 'NONE', #1075, 1000.000000000000000 ) ;
#4220 = VECTOR ( 'NONE', #4333, 1000.000000000000000 ) ;
#4221 = CIRCLE ( 'NONE', #6126, 1.249999999999987121 ) ;
#4222 = PLANE ( 'NONE',  #1944 ) ;
#4223 = DIRECTION ( 'NONE',  ( 1.000000000000000000, 0.000000000000000000, 0.000000000000000000 ) ) ;
#4224 = VECTOR ( 'NONE', #39, 1000.000000000000000 ) ;
#4225 = ORIENTED_EDGE ( 'NONE', *, *, #4876, .T. ) ;
#4226 = CARTESIAN_POINT ( 'NONE',  ( -76.20000000000000284, -67.35000000000000853, 16.35000000000000142 ) ) ;
#4227 = CIRCLE ( 'NONE', #3290, 1.649999999999998579 ) ;
#4228 = ORIENTED_EDGE ( 'NONE', *, *, #2111, .T. ) ;
#4229 = EDGE_CURVE ( 'NONE', #1438, #2989, #3339, .T. ) ;
#4230 = EDGE_LOOP ( 'NONE', ( #5504, #2413, #5289, #2659 ) ) ;
#4231 = FACE_OUTER_BOUND ( 'NONE', #1030, .T. ) ;
#4232 = CARTESIAN_POINT ( 'NONE',  ( 75.00000000000000000, 1.408343819019455781E-15, 5.249999999999999112 ) ) ;
#4233 = ORIENTED_EDGE ( 'NONE', *, *, #4091, .T. ) ;
#4234 = ORIENTED_EDGE ( 'NONE', *, *, #4668, .T. ) ;
#4235 = EDGE_CURVE ( 'NONE', #3782, #6839, #3403, .T. ) ;
#4236 = ORIENTED_EDGE ( 'NONE', *, *, #1276, .T. ) ;
#4237 = DIRECTION ( 'NONE',  ( 0.000000000000000000, 0.000000000000000000, 1.000000000000000000 ) ) ;
#4238 = CYLINDRICAL_SURFACE ( 'NONE', #2841, 19.99999999999999645 ) ;
#4239 = EDGE_CURVE ( 'NONE', #257, #3098, #4321, .T. ) ;
#4240 = CARTESIAN_POINT ( 'NONE',  ( -60.99652907199418905, 67.34194705622557819, 39.22752926945949525 ) ) ;
#4241 = DIRECTION ( 'NONE',  ( 0.000000000000000000, 0.000000000000000000, -1.000000000000000000 ) ) ;
#4242 = CARTESIAN_POINT ( 'NONE',  ( -52.30288568300522911, 73.70000000000000284, 13.76987298107934521 ) ) ;
#4243 = ORIENTED_EDGE ( 'NONE', *, *, #739, .T. ) ;
#4244 = LINE ( 'NONE', #6359, #4769 ) ;
#4245 = CARTESIAN_POINT ( 'NONE',  ( -73.19999999997392592, 0.000000000000000000, 0.000000000000000000 ) ) ;
#4246 = ORIENTED_EDGE ( 'NONE', *, *, #2460, .T. ) ;
#4247 = CARTESIAN_POINT ( 'NONE',  ( 63.50000000000000000, 0.000000000000000000, 6.349999999999999645 ) ) ;
#4248 = VERTEX_POINT ( 'NONE', #3941 ) ;
#4249 = FACE_OUTER_BOUND ( 'NONE', #3494, .T. ) ;
#4250 = ORIENTED_EDGE ( 'NONE', *, *, #3547, .F. ) ;
#4251 = EDGE_CURVE ( 'NONE', #3586, #2801, #5036, .T. ) ;
#4252 = PLANE ( 'NONE',  #1376 ) ;
#4253 = CYLINDRICAL_SURFACE ( 'NONE', #5119, 3.000000000000002665 ) ;
#4254 = ORIENTED_EDGE ( 'NONE', *, *, #4909, .F. ) ;
#4255 = DIRECTION ( 'NONE',  ( 0.000000000000000000, -0.000000000000000000, -1.000000000000000000 ) ) ;
#4256 = VERTEX_POINT ( 'NONE', #2415 ) ;
#4257 = ORIENTED_EDGE ( 'NONE', *, *, #5375, .F. ) ;
#4258 = DIRECTION ( 'NONE',  ( 0.000000000000000000, 0.000000000000000000, 1.000000000000000000 ) ) ;
#4259 = CARTESIAN_POINT ( 'NONE',  ( -61.98725492922398672, 32.88386811750071104, 9.741732493769756474 ) ) ;
#4260 = EDGE_CURVE ( 'NONE', #2114, #3230, #7020, .T. ) ;
#4261 = ADVANCED_FACE ( 'NONE', ( #6705 ), #3400, .F. ) ;
#4262 = ORIENTED_EDGE ( 'NONE', *, *, #1067, .F. ) ;
#4263 = DIRECTION ( 'NONE',  ( 0.000000000000000000, -1.000000000000000000, -0.000000000000000000 ) ) ;
#4264 = EDGE_LOOP ( 'NONE', ( #2584, #3557 ) ) ;
#4265 = ORIENTED_EDGE ( 'NONE', *, *, #5717, .F. ) ;
#4266 = LINE ( 'NONE', #2692, #2143 ) ;
#4267 = DIRECTION ( 'NONE',  ( 1.000000000000000000, 0.000000000000000000, 0.000000000000000000 ) ) ;
#4268 = CARTESIAN_POINT ( 'NONE',  ( -107.6999999999739117, 63.85000000000000142, 0.000000000000000000 ) ) ;
#4269 = ADVANCED_FACE ( 'NONE', ( #6129 ), #3367, .F. ) ;
#4270 = CARTESIAN_POINT ( 'NONE',  ( -426289.1795817549573, 73.70000000000000284, 246113.2923773869406 ) ) ;
#4271 = DIRECTION ( 'NONE',  ( -0.000000000000000000, 1.000000000000000000, 0.000000000000000000 ) ) ;
#4272 = EDGE_LOOP ( 'NONE', ( #584, #1857, #4776, #124 ) ) ;
#4273 = DIRECTION ( 'NONE',  ( 0.000000000000000000, 0.000000000000000000, 1.000000000000000000 ) ) ;
#4274 = CARTESIAN_POINT ( 'NONE',  ( -117.6999999999738975, 36.35000000000000853, 43.35000000000000853 ) ) ;
#4275 = CARTESIAN_POINT ( 'NONE',  ( -77.69999999997392592, 47.60000000000000853, 0.000000000000000000 ) ) ;
#4276 = EDGE_CURVE ( 'NONE', #3790, #1547, #565, .T. ) ;
#4277 = ADVANCED_FACE ( 'NONE', ( #86 ), #4480, .F. ) ;
#4278 = ORIENTED_EDGE ( 'NONE', *, *, #4496, .F. ) ;
#4279 = LINE ( 'NONE', #423, #3761 ) ;
#4280 = VERTEX_POINT ( 'NONE', #4017 ) ;
#4281 = FACE_OUTER_BOUND ( 'NONE', #858, .T. ) ;
#4282 = ORIENTED_EDGE ( 'NONE', *, *, #6497, .F. ) ;
#4283 = DIRECTION ( 'NONE',  ( 1.000000000000000000, 0.000000000000000000, 0.000000000000000000 ) ) ;
#4284 = CARTESIAN_POINT ( 'NONE',  ( -116.6999999999738975, 36.35000000000000853, 43.35000000000000853 ) ) ;
#4285 = ORIENTED_EDGE ( 'NONE', *, *, #1914, .F. ) ;
#4286 = FACE_OUTER_BOUND ( 'NONE', #3806, .T. ) ;
#4287 = VERTEX_POINT ( 'NONE', #3444 ) ;
#4288 = EDGE_LOOP ( 'NONE', ( #3220, #3539 ) ) ;
#4289 = LINE ( 'NONE', #5376, #4331 ) ;
#4290 = DIRECTION ( 'NONE',  ( 1.000000000000000000, 0.000000000000000000, 0.000000000000000000 ) ) ;
#4291 = VERTEX_POINT ( 'NONE', #2909 ) ;
#4292 = LINE ( 'NONE', #6439, #1816 ) ;
#4293 = ORIENTED_EDGE ( 'NONE', *, *, #3445, .F. ) ;
#4294 = ADVANCED_FACE ( 'NONE', ( #4445 ), #5487, .T. ) ;
#4295 = VERTEX_POINT ( 'NONE', #6025 ) ;
#4296 = CARTESIAN_POINT ( 'NONE',  ( 104.2000000000000028, 0.000000000000000000, 8.350000000000003197 ) ) ;
#4297 = VECTOR ( 'NONE', #3000, 1000.000000000000114 ) ;
#4298 = AXIS2_PLACEMENT_3D ( 'NONE', #1145, #5527, #34 ) ;
#4299 = CARTESIAN_POINT ( 'NONE',  ( -31.70000000003532392, 70.70000000000000284, 16.35000000000000142 ) ) ;
#4300 = CARTESIAN_POINT ( 'NONE',  ( -63.02101292310681657, 66.25748114412398593, 40.20810582356963181 ) ) ;
#4301 = AXIS2_PLACEMENT_3D ( 'NONE', #311, #1962, #4241 ) ;
#4302 = DIRECTION ( 'NONE',  ( -1.000000000000000000, 0.000000000000000000, 0.000000000000000000 ) ) ;
#4303 = CARTESIAN_POINT ( 'NONE',  ( -11.70000000000000284, 37.50000000000001421, 0.000000000000000000 ) ) ;
#4304 = EDGE_CURVE ( 'NONE', #3945, #2603, #6163, .T. ) ;
#4305 = ORIENTED_EDGE ( 'NONE', *, *, #2554, .T. ) ;
#4306 = CARTESIAN_POINT ( 'NONE',  ( -33.70000000023765097, -67.35000000000000853, 291599.6824999997625 ) ) ;
#4307 = VECTOR ( 'NONE', #1589, 1000.000000000000000 ) ;
#4308 = EDGE_CURVE ( 'NONE', #6481, #1510, #5277, .T. ) ;
#4309 = CARTESIAN_POINT ( 'NONE',  ( -106.4499999999739117, 41.85000000000001563, 44.35000000000000853 ) ) ;
#4310 = FACE_OUTER_BOUND ( 'NONE', #3514, .T. ) ;
#4311 = AXIS2_PLACEMENT_3D ( 'NONE', #5017, #5077, #2456 ) ;
#4312 = DIRECTION ( 'NONE',  ( 1.000000000000000000, 0.000000000000000000, 0.000000000000000000 ) ) ;
#4313 = ORIENTED_EDGE ( 'NONE', *, *, #4229, .F. ) ;
#4314 = AXIS2_PLACEMENT_3D ( 'NONE', #2785, #4982, #1783 ) ;
#4315 = DIRECTION ( 'NONE',  ( -1.000000000000000000, 0.000000000000000000, 0.000000000000000000 ) ) ;
#4316 = EDGE_CURVE ( 'NONE', #1093, #2091, #786, .T. ) ;
#4317 = ORIENTED_EDGE ( 'NONE', *, *, #5181, .F. ) ;
#4318 = VECTOR ( 'NONE', #604, 1000.000000000000000 ) ;
#4319 = FACE_OUTER_BOUND ( 'NONE', #4719, .T. ) ;
#4320 = AXIS2_PLACEMENT_3D ( 'NONE', #1690, #3938, #1273 ) ;
#4321 = CIRCLE ( 'NONE', #903, 19.99999999999999645 ) ;
#4322 = VECTOR ( 'NONE', #92, 1000.000000000000000 ) ;
#4323 = DIRECTION ( 'NONE',  ( -1.000000000000000000, 0.000000000000000000, -0.000000000000000000 ) ) ;
#4324 = ORIENTED_EDGE ( 'NONE', *, *, #2569, .T. ) ;
#4325 = AXIS2_PLACEMENT_3D ( 'NONE', #3203, #5356, #2096 ) ;
#4326 = CIRCLE ( 'NONE', #2507, 1.250000000000001110 ) ;
#4327 = LINE ( 'NONE', #507, #570 ) ;
#4328 = ORIENTED_EDGE ( 'NONE', *, *, #6604, .F. ) ;
#4329 = CIRCLE ( 'NONE', #3988, 1.322739520575443750 ) ;
#4330 = EDGE_LOOP ( 'NONE', ( #3885, #3768, #782, #66, #1077, #2976, #375, #4043, #4278, #6871, #1379, #3222, #1172, #1394, #5949 ) ) ;
#4331 = VECTOR ( 'NONE', #3758, 1000.000000000000000 ) ;
#4332 =( GEOMETRIC_REPRESENTATION_CONTEXT ( 3 ) GLOBAL_UNCERTAINTY_ASSIGNED_CONTEXT ( ( #6341 ) ) GLOBAL_UNIT_ASSIGNED_CONTEXT ( ( #2919, #5149, #4056 ) ) REPRESENTATION_CONTEXT ( 'NONE', 'WORKASPACE' ) );
#4333 = DIRECTION ( 'NONE',  ( -0.000000000000000000, -0.000000000000000000, -1.000000000000000000 ) ) ;
#4334 = VECTOR ( 'NONE', #2349, 1000.000000000000114 ) ;
#4335 = DIRECTION ( 'NONE',  ( -6.938893903907228378E-16, -0.000000000000000000, 1.000000000000000000 ) ) ;
#4336 = CIRCLE ( 'NONE', #5232, 20.25000000000000355 ) ;
#4337 = CIRCLE ( 'NONE', #1264, 1.249999999999987121 ) ;
#4338 = ORIENTED_EDGE ( 'NONE', *, *, #4977, .F. ) ;
#4339 = CARTESIAN_POINT ( 'NONE',  ( -77.69999999997389750, 66.35000000000000853, 36.35000000000000853 ) ) ;
#4340 = ORIENTED_EDGE ( 'NONE', *, *, #4239, .F. ) ;
#4341 = VECTOR ( 'NONE', #746, 1000.000000000000000 ) ;
#4342 = EDGE_LOOP ( 'NONE', ( #3710, #3025, #53, #1475 ) ) ;
#4343 = CARTESIAN_POINT ( 'NONE',  ( -45.90577136594008323, 67.35000000000000853, 26.17273952057547604 ) ) ;
#4344 = EDGE_CURVE ( 'NONE', #1820, #4015, #4083, .T. ) ;
#4345 = DIRECTION ( 'NONE',  ( -0.000000000000000000, 0.000000000000000000, 1.000000000000000000 ) ) ;
#4346 = ADVANCED_FACE ( 'NONE', ( #1338 ), #6301, .F. ) ;
#4347 = LINE ( 'NONE', #2805, #3079 ) ;
#4348 = CARTESIAN_POINT ( 'NONE',  ( -117.6999999999738975, 36.35000000000000853, 44.35000000000000853 ) ) ;
#4349 = CARTESIAN_POINT ( 'NONE',  ( 123.2000000000000028, 123.2000000000000028, 188.0826607960165404 ) ) ;
#4350 = ORIENTED_EDGE ( 'NONE', *, *, #3097, .F. ) ;
#4351 = CARTESIAN_POINT ( 'NONE',  ( 133.7000000000000171, -76.20000000000000284, 6.349999999999999645 ) ) ;
#4352 = CARTESIAN_POINT ( 'NONE',  ( 63.50000000000000000, 0.000000000000000000, 5.249999999999999112 ) ) ;
#4353 = EDGE_CURVE ( 'NONE', #5, #5806, #5701, .T. ) ;
#4354 = DIRECTION ( 'NONE',  ( 0.000000000000000000, 0.000000000000000000, 1.000000000000000000 ) ) ;
#4355 = DIRECTION ( 'NONE',  ( 0.000000000000000000, 0.000000000000000000, 1.000000000000000000 ) ) ;
#4356 = EDGE_LOOP ( 'NONE', ( #4534, #6930, #5596, #5973 ) ) ;
#4357 = PLANE ( 'NONE',  #3418 ) ;
#4358 = ORIENTED_EDGE ( 'NONE', *, *, #6078, .F. ) ;
#4359 = DIRECTION ( 'NONE',  ( 0.000000000000000000, 0.000000000000000000, -1.000000000000000000 ) ) ;
#4360 = DIRECTION ( 'NONE',  ( -0.000000000000000000, -0.000000000000000000, -1.000000000000000000 ) ) ;
#4361 = ORIENTED_EDGE ( 'NONE', *, *, #6952, .T. ) ;
#4362 = CARTESIAN_POINT ( 'NONE',  ( 106.2000000000000028, 0.000000000000000000, 8.350000000000003197 ) ) ;
#4363 = ORIENTED_EDGE ( 'NONE', *, *, #1087, .F. ) ;
#4364 = EDGE_CURVE ( 'NONE', #1229, #4808, #441, .T. ) ;
#4365 = ORIENTED_EDGE ( 'NONE', *, *, #6347, .F. ) ;
#4366 = PLANE ( 'NONE',  #3527 ) ;
#4367 = CARTESIAN_POINT ( 'NONE',  ( 65.14999999999989200, 63.49999999999994316, 0.000000000000000000 ) ) ;
#4368 = DIRECTION ( 'NONE',  ( 0.000000000000000000, 0.000000000000000000, 1.000000000000000000 ) ) ;
#4369 = ORIENTED_EDGE ( 'NONE', *, *, #6399, .T. ) ;
#4370 = FACE_OUTER_BOUND ( 'NONE', #4734, .T. ) ;
#4371 = ORIENTED_EDGE ( 'NONE', *, *, #2306, .T. ) ;
#4372 = ORIENTED_EDGE ( 'NONE', *, *, #5688, .F. ) ;
#4373 = CARTESIAN_POINT ( 'NONE',  ( -45.37468245268883038, -67.35000000000000853, 9.769872981024718683 ) ) ;
#4374 = CARTESIAN_POINT ( 'NONE',  ( 99.20000000000001705, 70.70000000000000284, 8.349999999999999645 ) ) ;
#4375 = CARTESIAN_POINT ( 'NONE',  ( 99.20000000000001705, 0.000000000000000000, 6.349999999999999645 ) ) ;
#4376 = DIRECTION ( 'NONE',  ( -0.000000000000000000, -1.000000000000000000, -0.000000000000000000 ) ) ;
#4377 = FACE_OUTER_BOUND ( 'NONE', #3670, .T. ) ;
#4378 = ORIENTED_EDGE ( 'NONE', *, *, #6894, .T. ) ;
#4379 = CARTESIAN_POINT ( 'NONE',  ( -31.70000000003532392, 73.70000000000000284, 18.34999999999999787 ) ) ;
#4380 = DIRECTION ( 'NONE',  ( 1.000000000000000000, 0.000000000000000000, 0.000000000000000000 ) ) ;
#4381 = DIRECTION ( 'NONE',  ( 0.000000000000000000, 0.000000000000000000, -1.000000000000000000 ) ) ;
#4382 = FACE_OUTER_BOUND ( 'NONE', #240, .T. ) ;
#4383 = ORIENTED_EDGE ( 'NONE', *, *, #5937, .T. ) ;
#4384 = EDGE_CURVE ( 'NONE', #3681, #2328, #2268, .T. ) ;
#4385 = DIRECTION ( 'NONE',  ( 1.000000000000000000, 0.000000000000000000, 0.000000000000000000 ) ) ;
#4386 = EDGE_LOOP ( 'NONE', ( #2984, #6331, #2185, #2797, #3170, #251, #2722, #6387 ) ) ;
#4387 = ADVANCED_FACE ( 'NONE', ( #268 ), #6333, .F. ) ;
#4388 = DIRECTION ( 'NONE',  ( 1.000000000000000000, -0.000000000000000000, 0.000000000000000000 ) ) ;
#4389 = DIRECTION ( 'NONE',  ( 0.000000000000000000, -0.000000000000000000, 1.000000000000000000 ) ) ;
#4390 = VERTEX_POINT ( 'NONE', #372 ) ;
#4391 = CARTESIAN_POINT ( 'NONE',  ( 133.7000000000000171, -76.20000000000000284, 39.34999999999999432 ) ) ;
#4392 = ORIENTED_EDGE ( 'NONE', *, *, #4439, .F. ) ;
#4393 = ORIENTED_EDGE ( 'NONE', *, *, #2475, .T. ) ;
#4394 = EDGE_CURVE ( 'NONE', #13, #4755, #5764, .T. ) ;
#4395 = CARTESIAN_POINT ( 'NONE',  ( 62.30000000000001847, 39.45000000000000284, 36.00000000000000711 ) ) ;
#4396 = LINE ( 'NONE', #6691, #3879 ) ;
#4397 = CARTESIAN_POINT ( 'NONE',  ( -63.69999999997889972, 35.35000000000499654, 15.76115357179358689 ) ) ;
#4398 = EDGE_CURVE ( 'NONE', #3855, #1956, #337, .T. ) ;
#4399 = FACE_OUTER_BOUND ( 'NONE', #6748, .T. ) ;
#4400 = ORIENTED_EDGE ( 'NONE', *, *, #5749, .T. ) ;
#4401 = CARTESIAN_POINT ( 'NONE',  ( 0.000000000000000000, 45.32728445445477661, 25.35000000000000497 ) ) ;
#4402 = VERTEX_POINT ( 'NONE', #1382 ) ;
#4403 = VERTEX_POINT ( 'NONE', #2986 ) ;
#4404 = DIRECTION ( 'NONE',  ( 0.000000000000000000, 1.000000000000000000, 0.000000000000000000 ) ) ;
#4405 = CARTESIAN_POINT ( 'NONE',  ( -64.87500000000001421, -13.99999999999999822, 0.000000000000000000 ) ) ;
#4406 = CARTESIAN_POINT ( 'NONE',  ( -64.69999999997389750, 36.35000000000000853, 41.35000000000000142 ) ) ;
#4407 = DIRECTION ( 'NONE',  ( 0.000000000000000000, 0.000000000000000000, 1.000000000000000000 ) ) ;
#4408 = VECTOR ( 'NONE', #5124, 1000.000000000000000 ) ;
#4409 = DIRECTION ( 'NONE',  ( -1.000000000000000000, 0.000000000000000000, 0.000000000000000000 ) ) ;
#4410 = DIRECTION ( 'NONE',  ( -0.000000000000000000, -1.000000000000000000, -0.000000000000000000 ) ) ;
#4411 = DIRECTION ( 'NONE',  ( 1.000000000000000000, -0.000000000000000000, 6.938893903907228378E-16 ) ) ;
#4412 = AXIS2_PLACEMENT_3D ( 'NONE', #1850, #2309, #5071 ) ;
#4413 = FACE_OUTER_BOUND ( 'NONE', #6318, .T. ) ;
#4414 = DIRECTION ( 'NONE',  ( -0.000000000000000000, 1.000000000000000000, 0.000000000000000000 ) ) ;
#4415 =( NAMED_UNIT ( * ) PLANE_ANGLE_UNIT ( ) SI_UNIT ( $, .RADIAN. ) );
#4416 = DIRECTION ( 'NONE',  ( -0.4999999999999997224, 0.000000000000000000, -0.8660254037844387076 ) ) ;
#4417 = AXIS2_PLACEMENT_3D ( 'NONE', #3705, #363, #2644 ) ;
#4418 = ORIENTED_EDGE ( 'NONE', *, *, #1439, .T. ) ;
#4419 = EDGE_CURVE ( 'NONE', #6039, #6856, #3554, .T. ) ;
#4420 = CARTESIAN_POINT ( 'NONE',  ( -63.69999999997390461, 36.35000000000000853, 16.35000000000000142 ) ) ;
#4421 = DIRECTION ( 'NONE',  ( 0.000000000000000000, 0.000000000000000000, 1.000000000000000000 ) ) ;
#4422 = ADVANCED_FACE ( 'NONE', ( #2012 ), #5173, .F. ) ;
#4423 = VECTOR ( 'NONE', #574, 1000.000000000000000 ) ;
#4424 = ORIENTED_EDGE ( 'NONE', *, *, #6982, .F. ) ;
#4425 = CARTESIAN_POINT ( 'NONE',  ( -76.20000000000000284, 75.70000000000000284, 6.349999999999999645 ) ) ;
#4426 = VERTEX_POINT ( 'NONE', #1951 ) ;
#4427 = ORIENTED_EDGE ( 'NONE', *, *, #3429, .F. ) ;
#4428 = AXIS2_PLACEMENT_3D ( 'NONE', #4401, #3299, #18 ) ;
#4429 = CARTESIAN_POINT ( 'NONE',  ( 133.7000000000000171, -78.20000000000000284, 39.34999999999999432 ) ) ;
#4430 = AXIS2_PLACEMENT_3D ( 'NONE', #6058, #1694, #4511 ) ;
#4431 = CARTESIAN_POINT ( 'NONE',  ( -71.19999999999998863, -67.35000000000000853, 6.349999999999999645 ) ) ;
#4432 = CARTESIAN_POINT ( 'NONE',  ( 106.5886360014094407, -69.08863589614553291, 6.387903226774473531 ) ) ;
#4433 = CIRCLE ( 'NONE', #5220, 1.249999999999987121 ) ;
#4434 = CARTESIAN_POINT ( 'NONE',  ( 142.7000000000000455, -76.20000000000000284, 42.35000000000000142 ) ) ;
#4435 = ORIENTED_EDGE ( 'NONE', *, *, #3661, .F. ) ;
#4436 = AXIS2_PLACEMENT_3D ( 'NONE', #3493, #1931, #1297 ) ;
#4437 = AXIS2_PLACEMENT_3D ( 'NONE', #6293, #365, #3606 ) ;
#4439 = EDGE_CURVE ( 'NONE', #6985, #3261, #2510, .T. ) ;
#4438 = CARTESIAN_POINT ( 'NONE',  ( 70.30000000000001137, 39.45000000000000995, 36.00000000000000711 ) ) ;
#4440 = VECTOR ( 'NONE', #3392, 1000.000000000000114 ) ;
#4441 = ORIENTED_EDGE ( 'NONE', *, *, #1398, .F. ) ;
#4442 = VERTEX_POINT ( 'NONE', #4188 ) ;
#4443 = DIRECTION ( 'NONE',  ( 1.000000000000000000, 0.000000000000000000, 0.000000000000000000 ) ) ;
#4444 = CIRCLE ( 'NONE', #6239, 1.650000000000002132 ) ;
#4445 = FACE_OUTER_BOUND ( 'NONE', #2403, .T. ) ;
#4446 = VECTOR ( 'NONE', #5795, 1000.000000000000000 ) ;
#4447 = AXIS2_PLACEMENT_3D ( 'NONE', #6469, #5369, #6994 ) ;
#4448 = VECTOR ( 'NONE', #2903, 1000.000000000000000 ) ;
#4449 = DIRECTION ( 'NONE',  ( -1.000000000000000000, 0.000000000000000000, 0.000000000000000000 ) ) ;
#4450 = FACE_OUTER_BOUND ( 'NONE', #4119, .T. ) ;
#4451 = EDGE_CURVE ( 'NONE', #2002, #4126, #6804, .T. ) ;
#4452 = EDGE_CURVE ( 'NONE', #6641, #5023, #6192, .T. ) ;
#4453 = CIRCLE ( 'NONE', #4565, 1.249999999999987121 ) ;
#4454 = DIRECTION ( 'NONE',  ( -0.000000000000000000, -0.000000000000000000, -1.000000000000000000 ) ) ;
#4455 = FACE_OUTER_BOUND ( 'NONE', #1655, .T. ) ;
#4456 = EDGE_CURVE ( 'NONE', #257, #5862, #5552, .T. ) ;
#4457 = DIRECTION ( 'NONE',  ( -0.000000000000000000, -0.000000000000000000, -1.000000000000000000 ) ) ;
#4458 = LINE ( 'NONE', #1747, #3999 ) ;
#4459 = DIRECTION ( 'NONE',  ( -6.938893903907228378E-16, -0.000000000000000000, 1.000000000000000000 ) ) ;
#4460 = EDGE_CURVE ( 'NONE', #3350, #2114, #450, .T. ) ;
#4461 = CARTESIAN_POINT ( 'NONE',  ( -63.69999999997390461, 36.35000000000000853, 42.35000000000000853 ) ) ;
#4462 = LINE ( 'NONE', #6100, #1719 ) ;
#4463 = ORIENTED_EDGE ( 'NONE', *, *, #1437, .F. ) ;
#4464 = DIRECTION ( 'NONE',  ( -0.000000000000000000, 0.000000000000000000, 1.000000000000000000 ) ) ;
#4465 = LINE ( 'NONE', #2864, #4334 ) ;
#4466 = ORIENTED_EDGE ( 'NONE', *, *, #2673, .T. ) ;
#4467 = CYLINDRICAL_SURFACE ( 'NONE', #6917, 1.249999999999987121 ) ;
#4468 = ORIENTED_EDGE ( 'NONE', *, *, #3698, .T. ) ;
#4469 = ORIENTED_EDGE ( 'NONE', *, *, #5734, .T. ) ;
#4470 = ADVANCED_FACE ( 'NONE', ( #3613 ), #1651, .T. ) ;
#4471 = DIRECTION ( 'NONE',  ( 0.000000000000000000, 0.000000000000000000, 1.000000000000000000 ) ) ;
#4472 = B_SPLINE_CURVE_WITH_KNOTS ( 'NONE', 3,
 ( #4058, #6201, #170, #5045, #6095, #3453, #137, #5015, #2374, #5630 ),
 .UNSPECIFIED., .F., .F.,
 ( 4, 2, 2, 2, 4 ),
 ( -1.095446142041303288E-05, 0.0006781842535693115683, 0.001367322968559036168, 0.002056461683548760442, 0.002745600398538485150 ),
 .UNSPECIFIED. ) ;
#4473 = CARTESIAN_POINT ( 'NONE',  ( 106.3824518749077157, -68.88245176565527572, 6.358337748896424557 ) ) ;
#4474 = CARTESIAN_POINT ( 'NONE',  ( -73.19999999997392592, 58.10000000000000853, 0.000000000000000000 ) ) ;
#4475 = VERTEX_POINT ( 'NONE', #5447 ) ;
#4476 = CARTESIAN_POINT ( 'NONE',  ( 0.000000000000000000, 0.000000000000000000, 16.35000000000000142 ) ) ;
#4477 = ORIENTED_EDGE ( 'NONE', *, *, #2381, .T. ) ;
#4478 = ORIENTED_EDGE ( 'NONE', *, *, #2978, .F. ) ;
#4479 = ADVANCED_FACE ( 'NONE', ( #4231 ), #5836, .F. ) ;
#4480 = CYLINDRICAL_SURFACE ( 'NONE', #3859, 1.249999999999987121 ) ;
#4481 = EDGE_CURVE ( 'NONE', #6904, #2974, #6477, .T. ) ;
#4482 = CARTESIAN_POINT ( 'NONE',  ( -62.93606797747368375, 66.35000000000000853, 37.35000000000000853 ) ) ;
#4483 = PRODUCT_DEFINITION ( 'UNKNOWN', '', #1372, #947 ) ;
#4484 = DIRECTION ( 'NONE',  ( -0.7071067811865475727, -0.7071067811865475727, 0.000000000000000000 ) ) ;
#4485 = CARTESIAN_POINT ( 'NONE',  ( -12.70000000000005791, 63.49999999999994316, 6.349999999999999645 ) ) ;
#4486 = DIRECTION ( 'NONE',  ( 1.000000000000000000, 0.000000000000000000, 0.000000000000000000 ) ) ;
#4487 = CARTESIAN_POINT ( 'NONE',  ( -77.69999999997392592, 0.000000000000000000, 17.77365965879586085 ) ) ;
#4488 = ADVANCED_FACE ( 'NONE', ( #3292 ), #4366, .T. ) ;
#4489 = CARTESIAN_POINT ( 'NONE',  ( -53.70000000000000284, 67.35000000000000853, 10.02726047942455700 ) ) ;
#4490 = EDGE_CURVE ( 'NONE', #6467, #2251, #543, .T. ) ;
#4491 = CARTESIAN_POINT ( 'NONE',  ( 101.2000000000000171, 0.000000000000000000, 6.349999999999999645 ) ) ;
#4492 = CARTESIAN_POINT ( 'NONE',  ( -31.70000000003531682, -67.35000000000000853, 8.350000000007185008 ) ) ;
#4493 = LINE ( 'NONE', #1147, #2853 ) ;
#4494 = ORIENTED_EDGE ( 'NONE', *, *, #4004, .T. ) ;
#4495 = CARTESIAN_POINT ( 'NONE',  ( 36.19999999999999574, 37.50000000000000000, 6.349999999999999645 ) ) ;
#4496 = EDGE_CURVE ( 'NONE', #2171, #5832, #6509, .T. ) ;
#4497 = CARTESIAN_POINT ( 'NONE',  ( -116.6999999999738975, 72.70000000000000284, 44.35000000000000853 ) ) ;
#4498 = ORIENTED_EDGE ( 'NONE', *, *, #3270, .T. ) ;
#4499 = CARTESIAN_POINT ( 'NONE',  ( 104.2000000000000028, -49.19999999999999574, 26.34999999999999787 ) ) ;
#4500 = EDGE_LOOP ( 'NONE', ( #5647, #6824, #6148, #2648 ) ) ;
#4501 = EDGE_LOOP ( 'NONE', ( #4989, #5176, #6380, #5589 ) ) ;
#4502 = DIRECTION ( 'NONE',  ( -1.000000000000000000, 0.000000000000000000, 0.000000000000000000 ) ) ;
#4503 = DIRECTION ( 'NONE',  ( -0.000000000000000000, -1.000000000000000000, -0.000000000000000000 ) ) ;
#4504 = CARTESIAN_POINT ( 'NONE',  ( 107.0706849899215456, -69.57066265704818875, 6.549462691291631167 ) ) ;
#4505 = CARTESIAN_POINT ( 'NONE',  ( 142.6999999999997044, -78.20000000000000284, 6.349999999998679812 ) ) ;
#4506 = ORIENTED_EDGE ( 'NONE', *, *, #4016, .T. ) ;
#4507 = FACE_OUTER_BOUND ( 'NONE', #3038, .T. ) ;
#4508 = VERTEX_POINT ( 'NONE', #6939 ) ;
#4509 = ORIENTED_EDGE ( 'NONE', *, *, #1398, .T. ) ;
#4510 = EDGE_CURVE ( 'NONE', #5787, #5700, #3824, .T. ) ;
#4511 = DIRECTION ( 'NONE',  ( -4.625929269271481378E-15, 0.000000000000000000, 1.000000000000000000 ) ) ;
#4512 = DIRECTION ( 'NONE',  ( 1.000000000000000000, -0.000000000000000000, -0.000000000000000000 ) ) ;
#4513 = DIRECTION ( 'NONE',  ( -1.000000000000000000, 0.000000000000000000, -0.000000000000000000 ) ) ;
#4514 = ADVANCED_FACE ( 'NONE', ( #5347, #2718, #974, #480, #2653, #2149 ), #4856, .F. ) ;
#4515 = ORIENTED_EDGE ( 'NONE', *, *, #6643, .F. ) ;
#4516 = ORIENTED_EDGE ( 'NONE', *, *, #5682, .T. ) ;
#4517 = FACE_BOUND ( 'NONE', #4739, .T. ) ;
#4518 = DIRECTION ( 'NONE',  ( -0.000000000000000000, -0.000000000000000000, -1.000000000000000000 ) ) ;
#4519 = CARTESIAN_POINT ( 'NONE',  ( -106.4499999999739117, 41.85000000000001563, 6.350000000000001421 ) ) ;
#4520 = CARTESIAN_POINT ( 'NONE',  ( 142.6999999999997044, -76.20000000000000284, 6.349999999998679812 ) ) ;
#4521 = CYLINDRICAL_SURFACE ( 'NONE', #4311, 2.000000000000001776 ) ;
#4522 = EDGE_CURVE ( 'NONE', #3362, #2441, #3687, .T. ) ;
#4523 = CARTESIAN_POINT ( 'NONE',  ( -60.69999999997389750, 67.35000000000000853, 39.22911224657961782 ) ) ;
#4524 = CARTESIAN_POINT ( 'NONE',  ( 104.1999999999999886, 73.20000000000000284, 7.178427124746193932 ) ) ;
#4525 = ORIENTED_EDGE ( 'NONE', *, *, #3582, .T. ) ;
#4526 = CIRCLE ( 'NONE', #3379, 2.099999999999997868 ) ;
#4527 = ADVANCED_FACE ( 'NONE', ( #5938 ), #4825, .F. ) ;
#4528 = CARTESIAN_POINT ( 'NONE',  ( 101.2000000000000171, -49.19999999999999574, 26.34999999999999787 ) ) ;
#4529 = CARTESIAN_POINT ( 'NONE',  ( -76.20000000000000284, 0.000000000000000000, 6.349999999999999645 ) ) ;
#4530 = ORIENTED_EDGE ( 'NONE', *, *, #3131, .T. ) ;
#4531 = VECTOR ( 'NONE', #177, 1000.000000000000000 ) ;
#4532 = CARTESIAN_POINT ( 'NONE',  ( 63.50000000000000000, -7.750000000000000000, 5.249999999999999112 ) ) ;
#4533 = EDGE_LOOP ( 'NONE', ( #1424, #1492, #2787, #5229 ) ) ;
#4534 = ORIENTED_EDGE ( 'NONE', *, *, #3923, .T. ) ;
#4535 = CARTESIAN_POINT ( 'NONE',  ( -73.19999999999998863, -65.35000000000000853, 8.349999999999999645 ) ) ;
#4536 = AXIS2_PLACEMENT_3D ( 'NONE', #1738, #5163, #290 ) ;
#4537 = CARTESIAN_POINT ( 'NONE',  ( 106.5581177748679949, -69.05811156797228989, 6.382050304341304603 ) ) ;
#4538 = DIRECTION ( 'NONE',  ( 0.000000000000000000, 1.000000000000000000, 0.000000000000000000 ) ) ;
#4539 = ORIENTED_EDGE ( 'NONE', *, *, #3248, .F. ) ;
#4540 = DIRECTION ( 'NONE',  ( -0.000000000000000000, -1.000000000000000000, -0.000000000000000000 ) ) ;
#4541 = ORIENTED_EDGE ( 'NONE', *, *, #4353, .F. ) ;
#4542 = EDGE_LOOP ( 'NONE', ( #4363, #4022, #1312, #6662 ) ) ;
#4543 = AXIS2_PLACEMENT_3D ( 'NONE', #5822, #3167, #2101 ) ;
#4544 = AXIS2_PLACEMENT_3D ( 'NONE', #5954, #990, #2669 ) ;
#4545 = LINE ( 'NONE', #161, #6454 ) ;
#4546 = LINE ( 'NONE', #659, #3641 ) ;
#4547 = AXIS2_PLACEMENT_3D ( 'NONE', #700, #3908, #157 ) ;
#4548 = AXIS2_PLACEMENT_3D ( 'NONE', #3473, #2304, #3877 ) ;
#4549 = CARTESIAN_POINT ( 'NONE',  ( 46.80000000000001847, 55.70000000000000284, 6.349999999999999645 ) ) ;
#4550 = AXIS2_PLACEMENT_3D ( 'NONE', #742, #6170, #5044 ) ;
#4551 = EDGE_LOOP ( 'NONE', ( #5859, #371, #540, #2228 ) ) ;
#4552 = EDGE_CURVE ( 'NONE', #2915, #6785, #510, .T. ) ;
#4553 = CIRCLE ( 'NONE', #1481, 1.325000000000006839 ) ;
#4554 = CIRCLE ( 'NONE', #1483, 3.000000000000002665 ) ;
#4555 = VERTEX_POINT ( 'NONE', #6434 ) ;
#4556 = FACE_OUTER_BOUND ( 'NONE', #1632, .T. ) ;
#4557 = CARTESIAN_POINT ( 'NONE',  ( 99.20000000000001705, -73.70000000000000284, 6.349999999999999645 ) ) ;
#4559 = VECTOR ( 'NONE', #6998, 1000.000000000000000 ) ;
#4558 = DIRECTION ( 'NONE',  ( -0.000000000000000000, -0.000000000000000000, -1.000000000000000000 ) ) ;
#4560 = AXIS2_PLACEMENT_3D ( 'NONE', #14, #1545, #2618 ) ;
#4561 = VECTOR ( 'NONE', #6760, 1000.000000000000000 ) ;
#4562 = ADVANCED_FACE ( 'NONE', ( #6970 ), #1079, .F. ) ;
#4563 = DIRECTION ( 'NONE',  ( -1.000000000000000000, 0.000000000000000000, 0.000000000000000000 ) ) ;
#4564 = AXIS2_PLACEMENT_3D ( 'NONE', #3948, #5629, #6634 ) ;
#4565 = AXIS2_PLACEMENT_3D ( 'NONE', #884, #5159, #1926 ) ;
#4566 = FACE_OUTER_BOUND ( 'NONE', #3849, .T. ) ;
#4567 = CIRCLE ( 'NONE', #2169, 2.099999999999997868 ) ;
#4568 = LINE ( 'NONE', #3420, #6106 ) ;
#4569 = DIRECTION ( 'NONE',  ( -0.000000000000000000, 0.000000000000000000, 1.000000000000000000 ) ) ;
#4570 = DIRECTION ( 'NONE',  ( 0.000000000000000000, 1.000000000000000000, 0.000000000000000000 ) ) ;
#4571 = CIRCLE ( 'NONE', #4904, 2.000000000000001776 ) ;
#4572 = ORIENTED_EDGE ( 'NONE', *, *, #2538, .F. ) ;
#4573 = FACE_OUTER_BOUND ( 'NONE', #6740, .T. ) ;
#4574 = EDGE_CURVE ( 'NONE', #2952, #6892, #4289, .T. ) ;
#4575 = DIRECTION ( 'NONE',  ( 1.000000000000000000, 0.000000000000000000, 0.000000000000000000 ) ) ;
#4576 = VERTEX_POINT ( 'NONE', #3253 ) ;
#4577 = LINE ( 'NONE', #2351, #3868 ) ;
#4578 = ORIENTED_EDGE ( 'NONE', *, *, #1987, .T. ) ;
#4579 = DIRECTION ( 'NONE',  ( 0.000000000000000000, 1.000000000000000000, 0.000000000000000000 ) ) ;
#4580 = EDGE_LOOP ( 'NONE', ( #6726, #2103, #1614, #6442 ) ) ;
#4581 = CARTESIAN_POINT ( 'NONE',  ( 165.8538059222873926, -69.95000000000001705, 6.788750500400403176 ) ) ;
#4582 = CARTESIAN_POINT ( 'NONE',  ( 106.3605974549014661, -68.86114535844103557, 6.356457887098030390 ) ) ;
#4583 = CARTESIAN_POINT ( 'NONE',  ( 172.1999999999999886, 0.000000000000000000, 54.35000000000000142 ) ) ;
#4584 = VERTEX_POINT ( 'NONE', #6902 ) ;
#4585 = EDGE_CURVE ( 'NONE', #1306, #4070, #6033, .T. ) ;
#4586 = DIRECTION ( 'NONE',  ( 0.000000000000000000, 0.000000000000000000, -1.000000000000000000 ) ) ;
#4587 = VERTEX_POINT ( 'NONE', #2684 ) ;
#4588 = ORIENTED_EDGE ( 'NONE', *, *, #2702, .T. ) ;
#4589 = CARTESIAN_POINT ( 'NONE',  ( -66.20000000000001705, 14.00000000000000533, 6.349999999999999645 ) ) ;
#4590 = DIRECTION ( 'NONE',  ( 0.000000000000000000, 0.000000000000000000, 1.000000000000000000 ) ) ;
#4591 = LINE ( 'NONE', #5624, #2505 ) ;
#4592 = ORIENTED_EDGE ( 'NONE', *, *, #2331, .F. ) ;
#4593 = ORIENTED_EDGE ( 'NONE', *, *, #1436, .F. ) ;
#4594 = CARTESIAN_POINT ( 'NONE',  ( -63.69999999997390461, 39.35000000000000853, 37.35000000000000853 ) ) ;
#4595 = CARTESIAN_POINT ( 'NONE',  ( -78.69999999997389750, 66.35000000000000853, 40.35000000000000142 ) ) ;
#4596 = CARTESIAN_POINT ( 'NONE',  ( -71.19999999999998863, -65.35000000000000853, 16.35000000000000142 ) ) ;
#4597 = LINE ( 'NONE', #4627, #4772 ) ;
#4598 = FACE_BOUND ( 'NONE', #6162, .T. ) ;
#4599 = CARTESIAN_POINT ( 'NONE',  ( -33.70000000023765097, -68.69999999999997442, 291599.6824999997625 ) ) ;
#4600 = DIRECTION ( 'NONE',  ( 1.000000000000000000, 0.000000000000000000, -0.000000000000000000 ) ) ;
#4601 = ORIENTED_EDGE ( 'NONE', *, *, #4251, .T. ) ;
#4602 =( BOUNDED_CURVE ( )  B_SPLINE_CURVE ( 3, ( #1920, #4524, #5605, #781 ),
 .UNSPECIFIED., .F., .F. ) 
 B_SPLINE_CURVE_WITH_KNOTS ( ( 4, 4 ),
 ( 3.141592653589793116, 4.712388980384689674 ),
 .UNSPECIFIED. ) 
 CURVE ( )  GEOMETRIC_REPRESENTATION_ITEM ( )  RATIONAL_B_SPLINE_CURVE ( ( 1.000000000000000000, 0.8047378541243649375, 0.8047378541243649375, 1.000000000000000000 ) ) 
 REPRESENTATION_ITEM ( '' )  );
#4603 = FACE_OUTER_BOUND ( 'NONE', #5983, .T. ) ;
#4604 = DIRECTION ( 'NONE',  ( 0.000000000000000000, -0.000000000000000000, 1.000000000000000000 ) ) ;
#4605 = ORIENTED_EDGE ( 'NONE', *, *, #4490, .T. ) ;
#4606 = EDGE_CURVE ( 'NONE', #4584, #1093, #2254, .T. ) ;
#4607 = CARTESIAN_POINT ( 'NONE',  ( 101.2000000000000171, 74.52842712474618736, 7.178427124746193932 ) ) ;
#4608 = ORIENTED_EDGE ( 'NONE', *, *, #6649, .F. ) ;
#4609 = LINE ( 'NONE', #6833, #7009 ) ;
#4610 = EDGE_LOOP ( 'NONE', ( #5353, #3431, #620, #4400 ) ) ;
#4611 = DIRECTION ( 'NONE',  ( -0.000000000000000000, -0.000000000000000000, -1.000000000000000000 ) ) ;
#4612 = DIRECTION ( 'NONE',  ( 1.000000000000000000, 0.000000000000000000, -0.000000000000000000 ) ) ;
#4613 = FACE_OUTER_BOUND ( 'NONE', #2400, .T. ) ;
#4614 = CARTESIAN_POINT ( 'NONE',  ( 46.80000000000001137, -8.326672684688683520E-15, 33.00000000000000000 ) ) ;
#4615 = VERTEX_POINT ( 'NONE', #1267 ) ;
#4616 = ADVANCED_FACE ( 'NONE', ( #6155 ), #5029, .F. ) ;
#4617 = VERTEX_POINT ( 'NONE', #6651 ) ;
#4618 = DIRECTION ( 'NONE',  ( -1.000000000000000000, 0.000000000000000000, 0.000000000000000000 ) ) ;
#4619 = EDGE_CURVE ( 'NONE', #5684, #4135, #227, .T. ) ;
#4620 = CARTESIAN_POINT ( 'NONE',  ( -116.6999999999738975, 72.70000000000000284, 43.35000000000000853 ) ) ;
#4621 = LINE ( 'NONE', #6738, #4779 ) ;
#4622 = ORIENTED_EDGE ( 'NONE', *, *, #2611, .F. ) ;
#4623 = EDGE_LOOP ( 'NONE', ( #1447, #961, #1380, #406 ) ) ;
#4624 = DIRECTION ( 'NONE',  ( 1.000000000000000000, 0.000000000000000000, 0.000000000000000000 ) ) ;
#4625 = CARTESIAN_POINT ( 'NONE',  ( 63.50000000000000000, 7.750000000000000000, 6.349999999999999645 ) ) ;
#4626 = DIRECTION ( 'NONE',  ( -0.8660254037844394848, -0.000000000000000000, 0.4999999999999985012 ) ) ;
#4627 = CARTESIAN_POINT ( 'NONE',  ( -92.70000000000000284, 45.32728445445477661, 22.21190264738178399 ) ) ;
#4628 = CARTESIAN_POINT ( 'NONE',  ( -107.6999999999739117, 63.85000000000000142, 0.000000000000000000 ) ) ;
#4629 = CARTESIAN_POINT ( 'NONE',  ( 62.30000000000001847, 39.45000000000000284, 33.00000000000000000 ) ) ;
#4630 = DIRECTION ( 'NONE',  ( 0.000000000000000000, -1.000000000000000000, -0.000000000000000000 ) ) ;
#4631 = EDGE_LOOP ( 'NONE', ( #3018, #724, #6090, #4750 ) ) ;
#4632 = DIRECTION ( 'NONE',  ( -0.000000000000000000, 0.000000000000000000, 1.000000000000000000 ) ) ;
#4633 = CARTESIAN_POINT ( 'NONE',  ( -78.69999999997389750, 67.35000000000000853, 36.35000000000000853 ) ) ;
#4634 = CARTESIAN_POINT ( 'NONE',  ( 0.000000000000000000, -73.20000000000000284, 54.35000000000000142 ) ) ;
#4635 = ORIENTED_EDGE ( 'NONE', *, *, #5940, .T. ) ;
#4636 = CYLINDRICAL_SURFACE ( 'NONE', #449, 18.25000000000000355 ) ;
#4637 = VERTEX_POINT ( 'NONE', #1762 ) ;
#4638 = LINE ( 'NONE', #4113, #1112 ) ;
#4639 = AXIS2_PLACEMENT_3D ( 'NONE', #5877, #4732, #414 ) ;
#4640 = EDGE_LOOP ( 'NONE', ( #3558, #6196, #6618, #579 ) ) ;
#4641 = EDGE_CURVE ( 'NONE', #3223, #6467, #5524, .T. ) ;
#4642 = FACE_BOUND ( 'NONE', #3704, .T. ) ;
#4643 = DIRECTION ( 'NONE',  ( -0.5000000000000002220, 0.000000000000000000, -0.8660254037844384856 ) ) ;
#4644 = LINE ( 'NONE', #5615, #4448 ) ;
#4645 = DIRECTION ( 'NONE',  ( -1.000000000000000000, 0.000000000000000000, 0.000000000000000000 ) ) ;
#4646 = ORIENTED_EDGE ( 'NONE', *, *, #1520, .T. ) ;
#4647 = ORIENTED_EDGE ( 'NONE', *, *, #5901, .T. ) ;
#4648 = CIRCLE ( 'NONE', #2595, 6.999999999999999112 ) ;
#4649 = DIRECTION ( 'NONE',  ( 0.000000000000000000, 0.000000000000000000, -1.000000000000000000 ) ) ;
#4650 = CARTESIAN_POINT ( 'NONE',  ( 0.000000000000000000, -69.35000000000000853, 6.349999999999999645 ) ) ;
#4651 = EDGE_CURVE ( 'NONE', #4617, #3173, #4396, .T. ) ;
#4652 = ORIENTED_EDGE ( 'NONE', *, *, #518, .T. ) ;
#4653 = AXIS2_PLACEMENT_3D ( 'NONE', #1144, #6462, #5924 ) ;
#4654 = AXIS2_PLACEMENT_3D ( 'NONE', #5685, #3004, #284 ) ;
#4655 = EDGE_LOOP ( 'NONE', ( #5926, #1336, #10 ) ) ;
#4656 = UNCERTAINTY_MEASURE_WITH_UNIT (LENGTH_MEASURE( 1.000000000000000082E-05 ), #6495, 'distance_accuracy_value', 'NONE');
#4657 = ORIENTED_EDGE ( 'NONE', *, *, #380, .F. ) ;
#4658 = CARTESIAN_POINT ( 'NONE',  ( 172.1999999999999886, 68.20000000000000284, 7.178427124746189492 ) ) ;
#4659 = CARTESIAN_POINT ( 'NONE',  ( 104.2000000000000028, -51.19999999999999574, 26.34999999999999787 ) ) ;
#4660 = AXIS2_PLACEMENT_3D ( 'NONE', #4830, #3228, #5222 ) ;
#4661 = AXIS2_PLACEMENT_3D ( 'NONE', #1592, #7012, #5355 ) ;
#4662 = CIRCLE ( 'NONE', #1706, 1.000000000000000888 ) ;
#4663 = DIRECTION ( 'NONE',  ( -1.000000000000000000, -0.000000000000000000, 0.000000000000000000 ) ) ;
#4664 = VECTOR ( 'NONE', #4836, 1000.000000000000000 ) ;
#4665 = CIRCLE ( 'NONE', #2391, 1.325000000000003286 ) ;
#4666 = CARTESIAN_POINT ( 'NONE',  ( -64.69999999997389750, 35.35000000000000853, 41.35000000000000142 ) ) ;
#4667 = CIRCLE ( 'NONE', #3083, 2.000000000000001776 ) ;
#4668 = EDGE_CURVE ( 'NONE', #3766, #5626, #108, .T. ) ;
#4669 = CARTESIAN_POINT ( 'NONE',  ( -78.69999999997389750, 39.35000000000000853, 40.35000000000000142 ) ) ;
#4670 = CIRCLE ( 'NONE', #6584, 1.322739520575443750 ) ;
#4671 = FACE_OUTER_BOUND ( 'NONE', #2433, .T. ) ;
#4672 = ORIENTED_EDGE ( 'NONE', *, *, #6433, .F. ) ;
#4673 = LINE ( 'NONE', #4136, #580 ) ;
#4674 = AXIS2_PLACEMENT_3D ( 'NONE', #3897, #2290, #5608 ) ;
#4675 = DIRECTION ( 'NONE',  ( -0.000000000000000000, -1.000000000000000000, -0.000000000000000000 ) ) ;
#4676 = CIRCLE ( 'NONE', #5336, 1.000000000000000888 ) ;
#4677 = AXIS2_PLACEMENT_3D ( 'NONE', #4596, #2920, #202 ) ;
#4678 = CARTESIAN_POINT ( 'NONE',  ( -76.20000000000000284, 0.000000000000000000, 6.349999999999999645 ) ) ;
#4679 = ADVANCED_FACE ( 'NONE', ( #153 ), #5478, .T. ) ;
#4680 = LINE ( 'NONE', #3636, #1921 ) ;
#4681 = DIRECTION ( 'NONE',  ( 0.000000000000000000, -1.000000000000000000, -3.592612318747964261E-12 ) ) ;
#4682 = EDGE_LOOP ( 'NONE', ( #5993, #4233, #5171, #37 ) ) ;
#4683 = LINE ( 'NONE', #3039, #3848 ) ;
#4684 = ORIENTED_EDGE ( 'NONE', *, *, #1384, .F. ) ;
#4685 = ADVANCED_FACE ( 'NONE', ( #3862 ), #5583, .T. ) ;
#4686 = CARTESIAN_POINT ( 'NONE',  ( -32.87157287528935967, -70.69999999999997442, 16.34999999999904574 ) ) ;
#4687 = PLANE ( 'NONE',  #2966 ) ;
#4688 = ORIENTED_EDGE ( 'NONE', *, *, #1179, .F. ) ;
#4689 = CARTESIAN_POINT ( 'NONE',  ( -53.70000000000000284, -67.35000000000000853, 20.35000000000000142 ) ) ;
#4690 = ORIENTED_EDGE ( 'NONE', *, *, #3226, .T. ) ;
#4691 = EDGE_CURVE ( 'NONE', #684, #3012, #1191, .T. ) ;
#4692 = ORIENTED_EDGE ( 'NONE', *, *, #2876, .T. ) ;
#4693 = DIRECTION ( 'NONE',  ( 0.000000000000000000, 0.000000000000000000, 1.000000000000000000 ) ) ;
#4694 = CARTESIAN_POINT ( 'NONE',  ( -15.90000000000000391, -37.50000000000000000, 0.000000000000000000 ) ) ;
#4695 = ORIENTED_EDGE ( 'NONE', *, *, #2215, .T. ) ;
#4696 = ORIENTED_EDGE ( 'NONE', *, *, #1987, .F. ) ;
#4697 = ADVANCED_FACE ( 'NONE', ( #617 ), #6050, .F. ) ;
#4698 = VERTEX_POINT ( 'NONE', #6080 ) ;
#4699 = FACE_OUTER_BOUND ( 'NONE', #5178, .T. ) ;
#4700 = EDGE_CURVE ( 'NONE', #4287, #6003, #1221, .T. ) ;
#4701 = DIRECTION ( 'NONE',  ( -1.000000000000000000, 5.337610695313255329E-16, -0.000000000000000000 ) ) ;
#4702 = EDGE_CURVE ( 'NONE', #6593, #188, #5544, .T. ) ;
#4703 = DIRECTION ( 'NONE',  ( 1.000000000000000000, 0.000000000000000000, 0.000000000000000000 ) ) ;
#4704 = CARTESIAN_POINT ( 'NONE',  ( -66.20000000000001705, -13.99999999999999822, 0.000000000000000000 ) ) ;
#4705 = ADVANCED_FACE ( 'NONE', ( #5058 ), #2763, .F. ) ;
#4706 = ORIENTED_EDGE ( 'NONE', *, *, #5305, .F. ) ;
#4707 = CARTESIAN_POINT ( 'NONE',  ( 101.2000000000000171, -69.20000000000000284, 6.413508326896291578 ) ) ;
#4708 = LINE ( 'NONE', #4633, #2717 ) ;
#4709 = EDGE_CURVE ( 'NONE', #5409, #3012, #3187, .T. ) ;
#4710 = DIRECTION ( 'NONE',  ( 1.000000000000000000, 0.000000000000000000, 0.000000000000000000 ) ) ;
#4711 = EDGE_LOOP ( 'NONE', ( #5769, #3702, #156, #6763 ) ) ;
#4712 = CARTESIAN_POINT ( 'NONE',  ( -71.20000000000000284, 35.35000000000000853, 16.35000000000000142 ) ) ;
#4713 = VERTEX_POINT ( 'NONE', #46 ) ;
#4714 = DIRECTION ( 'NONE',  ( 0.000000000000000000, 0.000000000000000000, 1.000000000000000000 ) ) ;
#4715 = ORIENTED_EDGE ( 'NONE', *, *, #1201, .F. ) ;
#4716 = FACE_BOUND ( 'NONE', #2288, .T. ) ;
#4717 = CARTESIAN_POINT ( 'NONE',  ( -67.52500000000003411, -13.99999999999999822, 6.349999999999999645 ) ) ;
#4718 = ADVANCED_FACE ( 'NONE', ( #6543 ), #6219, .F. ) ;
#4719 = EDGE_LOOP ( 'NONE', ( #1281, #4148, #5751, #5538 ) ) ;
#4720 = CARTESIAN_POINT ( 'NONE',  ( -64.87500000000000000, 14.00000000000000533, 0.000000000000000000 ) ) ;
#4721 = ORIENTED_EDGE ( 'NONE', *, *, #300, .F. ) ;
#4722 = ORIENTED_EDGE ( 'NONE', *, *, #5937, .F. ) ;
#4723 = DIRECTION ( 'NONE',  ( 0.000000000000000000, -0.000000000000000000, -1.000000000000000000 ) ) ;
#4724 = LINE ( 'NONE', #5733, #800 ) ;
#4725 = ORIENTED_EDGE ( 'NONE', *, *, #5817, .F. ) ;
#4726 = VERTEX_POINT ( 'NONE', #5198 ) ;
#4727 = ORIENTED_EDGE ( 'NONE', *, *, #5014, .F. ) ;
#4728 = CYLINDRICAL_SURFACE ( 'NONE', #6435, 1.325000000000006839 ) ;
#4729 = DIRECTION ( 'NONE',  ( -0.000000000000000000, 0.000000000000000000, 1.000000000000000000 ) ) ;
#4730 = EDGE_CURVE ( 'NONE', #6490, #5051, #2979, .T. ) ;
#4731 = CARTESIAN_POINT ( 'NONE',  ( -33.69999999999998153, -70.69999999999997442, 8.349999999999999645 ) ) ;
#4732 = DIRECTION ( 'NONE',  ( -0.000000000000000000, 0.000000000000000000, 1.000000000000000000 ) ) ;
#4733 = CARTESIAN_POINT ( 'NONE',  ( 0.000000000000000000, 78.20000000000000284, 39.34999999999999432 ) ) ;
#4734 = EDGE_LOOP ( 'NONE', ( #5483, #3269, #751, #5590 ) ) ;
#4735 = CARTESIAN_POINT ( 'NONE',  ( -117.6999999999738975, 36.35000000000000853, 1.000000000000000000 ) ) ;
#4736 = CARTESIAN_POINT ( 'NONE',  ( 226219.5891960716981, -67.35000000000000853, 391928.1832833223743 ) ) ;
#4737 = DIRECTION ( 'NONE',  ( 1.000000000000000000, 0.000000000000000000, 0.000000000000000000 ) ) ;
#4738 = EDGE_CURVE ( 'NONE', #6375, #4963, #1679, .T. ) ;
#4739 = EDGE_LOOP ( 'NONE', ( #2092, #502, #5244, #6496 ) ) ;
#4740 = FACE_OUTER_BOUND ( 'NONE', #2751, .T. ) ;
#4741 = ORIENTED_EDGE ( 'NONE', *, *, #6826, .T. ) ;
#4742 = CARTESIAN_POINT ( 'NONE',  ( -97.20000000000001705, 67.35000000000000853, 16.84999999999999432 ) ) ;
#4743 = ORIENTED_EDGE ( 'NONE', *, *, #1270, .F. ) ;
#4744 = DIRECTION ( 'NONE',  ( 0.4999999999999985012, -0.000000000000000000, 0.8660254037844394848 ) ) ;
#4745 = CARTESIAN_POINT ( 'NONE',  ( 75.00000000000000000, 1.408343819019456965E-15, 0.000000000000000000 ) ) ;
#4746 = EDGE_LOOP ( 'NONE', ( #183, #4435, #6517, #4688 ) ) ;
#4747 = CARTESIAN_POINT ( 'NONE',  ( -31.70000000003531682, -67.35000000000000853, 8.350000000007185008 ) ) ;
#4748 = ORIENTED_EDGE ( 'NONE', *, *, #4797, .F. ) ;
#4749 = EDGE_CURVE ( 'NONE', #5730, #6474, #4895, .T. ) ;
#4750 = ORIENTED_EDGE ( 'NONE', *, *, #2683, .T. ) ;
#4751 = DIRECTION ( 'NONE',  ( 0.000000000000000000, 1.000000000000000000, 0.000000000000000000 ) ) ;
#4752 = VECTOR ( 'NONE', #1449, 1000.000000000000000 ) ;
#4753 = DIRECTION ( 'NONE',  ( -0.000000000000000000, -1.000000000000000000, -0.000000000000000000 ) ) ;
#4754 = ORIENTED_EDGE ( 'NONE', *, *, #221, .F. ) ;
#4755 = VERTEX_POINT ( 'NONE', #4178 ) ;
#4756 = VECTOR ( 'NONE', #1018, 1000.000000000000000 ) ;
#4757 = VERTEX_POINT ( 'NONE', #5755 ) ;
#4758 = CARTESIAN_POINT ( 'NONE',  ( 70.30000000000001137, 32.95000000000000284, 33.00000000000000000 ) ) ;
#4759 = FACE_OUTER_BOUND ( 'NONE', #5141, .T. ) ;
#4760 = CIRCLE ( 'NONE', #6792, 3.000000000000002665 ) ;
#4761 = CARTESIAN_POINT ( 'NONE',  ( -63.49866680020094378, 65.44249351595854591, 40.91623025238806122 ) ) ;
#4762 = EDGE_CURVE ( 'NONE', #5834, #4287, #891, .T. ) ;
#4763 = CARTESIAN_POINT ( 'NONE',  ( -107.6999999999739117, 41.85000000000001563, 0.000000000000000000 ) ) ;
#4764 = EDGE_CURVE ( 'NONE', #5684, #3945, #2512, .T. ) ;
#4765 = CARTESIAN_POINT ( 'NONE',  ( -76.20000000000000284, 0.000000000000000000, 6.349999999999999645 ) ) ;
#4766 = VECTOR ( 'NONE', #6942, 1000.000000000000000 ) ;
#4767 = EDGE_LOOP ( 'NONE', ( #6258, #3336, #790, #150, #5350 ) ) ;
#4768 = AXIS2_PLACEMENT_3D ( 'NONE', #3509, #1876, #907 ) ;
#4769 = VECTOR ( 'NONE', #418, 1000.000000000000000 ) ;
#4770 = SURFACE_SIDE_STYLE ('',( #5821 ) ) ;
#4771 = CARTESIAN_POINT ( 'NONE',  ( 0.000000000000000000, 76.20000000000000284, 6.349999999999999645 ) ) ;
#4772 = VECTOR ( 'NONE', #2379, 1000.000000000000000 ) ;
#4773 = DIRECTION ( 'NONE',  ( -3.083952846180990774E-16, -1.000000000000000000, 0.000000000000000000 ) ) ;
#4774 = VECTOR ( 'NONE', #1008, 1000.000000000000000 ) ;
#4775 = AXIS2_PLACEMENT_3D ( 'NONE', #4625, #3947, #4486 ) ;
#4776 = ORIENTED_EDGE ( 'NONE', *, *, #4668, .F. ) ;
#4777 = DIRECTION ( 'NONE',  ( 1.000000000000000000, -0.000000000000000000, 0.000000000000000000 ) ) ;
#4778 = ORIENTED_EDGE ( 'NONE', *, *, #3283, .T. ) ;
#4779 = VECTOR ( 'NONE', #3447, 1000.000000000000000 ) ;
#4780 = DIRECTION ( 'NONE',  ( 1.000000000000000000, 0.000000000000000000, 0.000000000000000000 ) ) ;
#4781 = CIRCLE ( 'NONE', #5548, 2.100000000000004530 ) ;
#4782 = ORIENTED_EDGE ( 'NONE', *, *, #6335, .F. ) ;
#4783 = CIRCLE ( 'NONE', #5335, 2.000000000000001776 ) ;
#4784 = VECTOR ( 'NONE', #4751, 1000.000000000000000 ) ;
#4785 = EDGE_CURVE ( 'NONE', #972, #4584, #2277, .T. ) ;
#4786 = CIRCLE ( 'NONE', #4896, 1.322739520575443750 ) ;
#4787 = DIRECTION ( 'NONE',  ( 0.8660254037844394848, 0.000000000000000000, -0.4999999999999985012 ) ) ;
#4788 = DIRECTION ( 'NONE',  ( -0.000000000000000000, 1.000000000000000000, -0.000000000000000000 ) ) ;
#4789 = AXIS2_PLACEMENT_3D ( 'NONE', #2216, #6043, #1183 ) ;
#4790 = ORIENTED_EDGE ( 'NONE', *, *, #2865, .F. ) ;
#4791 = CARTESIAN_POINT ( 'NONE',  ( 52.00000000000000000, 0.000000000000000000, 0.000000000000000000 ) ) ;
#4792 = CIRCLE ( 'NONE', #3888, 2.000000000000001776 ) ;
#4793 = ORIENTED_EDGE ( 'NONE', *, *, #5660, .F. ) ;
#4794 = ORIENTED_EDGE ( 'NONE', *, *, #685, .T. ) ;
#4795 = CARTESIAN_POINT ( 'NONE',  ( -53.70000000000000284, 67.35000000000000853, 20.35000000000000142 ) ) ;
#4796 = CARTESIAN_POINT ( 'NONE',  ( -63.58716256506413345, 34.33832960462846984, 11.91848793704612142 ) ) ;
#4797 = EDGE_CURVE ( 'NONE', #2831, #5160, #4115, .T. ) ;
#4798 = ORIENTED_EDGE ( 'NONE', *, *, #5213, .F. ) ;
#4799 = CARTESIAN_POINT ( 'NONE',  ( 62.30000000000000426, -7.750000000000000000, 5.249999999999999112 ) ) ;
#4800 = ORIENTED_EDGE ( 'NONE', *, *, #1405, .T. ) ;
#4801 = ORIENTED_EDGE ( 'NONE', *, *, #1400, .T. ) ;
#4802 = DIRECTION ( 'NONE',  ( -1.000000000000000000, 0.000000000000000000, 0.000000000000000000 ) ) ;
#4803 = PLANE ( 'NONE',  #1584 ) ;
#4804 = EDGE_CURVE ( 'NONE', #2974, #4828, #409, .T. ) ;
#4805 = CYLINDRICAL_SURFACE ( 'NONE', #6693, 2.000000000000001776 ) ;
#4806 = CARTESIAN_POINT ( 'NONE',  ( 0.000000000000000000, 0.000000000000000000, 33.00000000000000000 ) ) ;
#4807 = CARTESIAN_POINT ( 'NONE',  ( -73.20000000000000284, 34.52157287525381690, 16.35000000000000142 ) ) ;
#4808 = VERTEX_POINT ( 'NONE', #2545 ) ;
#4809 = EDGE_CURVE ( 'NONE', #1229, #3790, #1370, .T. ) ;
#4810 = CARTESIAN_POINT ( 'NONE',  ( 101.2000000000000171, 0.000000000000000000, 8.350000000000003197 ) ) ;
#4811 = DIRECTION ( 'NONE',  ( -1.000000000000000000, 0.000000000000000000, 0.000000000000000000 ) ) ;
#4812 = CARTESIAN_POINT ( 'NONE',  ( 43.80000000000001137, 58.70000000000000284, 36.00000000000000711 ) ) ;
#4813 = ORIENTED_EDGE ( 'NONE', *, *, #5339, .T. ) ;
#4814 = CARTESIAN_POINT ( 'NONE',  ( -101.7000000000000028, 73.70000000000000284, 11.48809735261816911 ) ) ;
#4815 = ORIENTED_EDGE ( 'NONE', *, *, #3078, .F. ) ;
#4816 = LINE ( 'NONE', #5367, #5426 ) ;
#4817 = ORIENTED_EDGE ( 'NONE', *, *, #2562, .T. ) ;
#4818 = CARTESIAN_POINT ( 'NONE',  ( -107.6999999999739117, 63.85000000000000142, 6.350000000000001421 ) ) ;
#4819 = DIRECTION ( 'NONE',  ( -0.000000000000000000, 0.000000000000000000, 1.000000000000000000 ) ) ;
#4820 = ADVANCED_FACE ( 'NONE', ( #758, #3548, #833, #4716, #4146, #2003, #1466, #3013, #862, #5166, #6861, #4040, #292, #4642, #1974, #2936, #5091, #3577 ), #3041, .F. ) ;
#4821 = EDGE_LOOP ( 'NONE', ( #1363, #2303, #1342, #5197 ) ) ;
#4822 = LINE ( 'NONE', #4226, #6697 ) ;
#4823 = ORIENTED_EDGE ( 'NONE', *, *, #6347, .T. ) ;
#4824 = EDGE_LOOP ( 'NONE', ( #1798, #5297, #4743, #72 ) ) ;
#4825 = CYLINDRICAL_SURFACE ( 'NONE', #1142, 2.000000000000001776 ) ;
#4826 =( BOUNDED_CURVE ( )  B_SPLINE_CURVE ( 3, ( #917, #3101, #4658, #5252 ),
 .UNSPECIFIED., .F., .F. ) 
 B_SPLINE_CURVE_WITH_KNOTS ( ( 4, 4 ),
 ( 4.712388980384689674, 6.283185307179586232 ),
 .UNSPECIFIED. ) 
 CURVE ( )  GEOMETRIC_REPRESENTATION_ITEM ( )  RATIONAL_B_SPLINE_CURVE ( ( 1.000000000000000000, 0.8047378541243649375, 0.8047378541243649375, 1.000000000000000000 ) ) 
 REPRESENTATION_ITEM ( '' )  );
#4827 = LINE ( 'NONE', #2719, #6694 ) ;
#4828 = VERTEX_POINT ( 'NONE', #1867 ) ;
#4829 = EDGE_CURVE ( 'NONE', #219, #5506, #6185, .T. ) ;
#4830 = CARTESIAN_POINT ( 'NONE',  ( -61.49422863406000062, 73.70000000000000284, 24.84999999999992681 ) ) ;
#4831 = EDGE_LOOP ( 'NONE', ( #2971, #4006 ) ) ;
#4832 = ORIENTED_EDGE ( 'NONE', *, *, #4481, .F. ) ;
#4833 = DIRECTION ( 'NONE',  ( 1.000000000000000000, -0.000000000000000000, -0.000000000000000000 ) ) ;
#4834 = EDGE_CURVE ( 'NONE', #3821, #533, #2141, .T. ) ;
#4835 = LINE ( 'NONE', #6978, #4092 ) ;
#4836 = DIRECTION ( 'NONE',  ( -1.000000000000000000, 2.057492632737503734E-16, 0.000000000000000000 ) ) ;
#4837 = EDGE_CURVE ( 'NONE', #6937, #5700, #6243, .T. ) ;
#4838 = CARTESIAN_POINT ( 'NONE',  ( -101.7000000000000028, 45.32728445445477661, 22.21190264738181597 ) ) ;
#4839 = CARTESIAN_POINT ( 'NONE',  ( -61.49422863406000062, 73.70000000000000284, 24.84999999999992681 ) ) ;
#4840 = ORIENTED_EDGE ( 'NONE', *, *, #3394, .T. ) ;
#4841 = EDGE_CURVE ( 'NONE', #5280, #2229, #427, .T. ) ;
#4842 = DIRECTION ( 'NONE',  ( -1.000000000000000000, 0.000000000000000000, 0.000000000000000000 ) ) ;
#4843 = CARTESIAN_POINT ( 'NONE',  ( 0.000000000000000000, 58.10000000000000853, 0.000000000000000000 ) ) ;
#4844 = FACE_OUTER_BOUND ( 'NONE', #3181, .T. ) ;
#4845 = CARTESIAN_POINT ( 'NONE',  ( -71.20000000000000284, -9.621212190033000024E-15, 6.349999999999999645 ) ) ;
#4846 = ORIENTED_EDGE ( 'NONE', *, *, #5906, .F. ) ;
#4847 = FACE_OUTER_BOUND ( 'NONE', #1069, .T. ) ;
#4848 = EDGE_LOOP ( 'NONE', ( #509, #730, #5719, #5690 ) ) ;
#4849 = DIRECTION ( 'NONE',  ( -0.000000000000000000, -1.000000000000000000, 0.000000000000000000 ) ) ;
#4850 = LINE ( 'NONE', #5300, #1830 ) ;
#4851 = VERTEX_POINT ( 'NONE', #4883 ) ;
#4852 = CARTESIAN_POINT ( 'NONE',  ( 175.1999999999999886, 0.000000000000000000, 188.0826607960165404 ) ) ;
#4853 = ORIENTED_EDGE ( 'NONE', *, *, #3943, .T. ) ;
#4854 = ORIENTED_EDGE ( 'NONE', *, *, #3801, .T. ) ;
#4855 = EDGE_CURVE ( 'NONE', #6616, #4402, #7, .T. ) ;
#4856 = PLANE ( 'NONE',  #341 ) ;
#4857 = CARTESIAN_POINT ( 'NONE',  ( -63.69999999997389750, 35.34999999999999432, 16.34999999999999787 ) ) ;
#4858 = EDGE_LOOP ( 'NONE', ( #3334, #3216, #6549, #6550 ) ) ;
#4859 = PLANE ( 'NONE',  #1240 ) ;
#4860 = ORIENTED_EDGE ( 'NONE', *, *, #6526, .T. ) ;
#4861 = ORIENTED_EDGE ( 'NONE', *, *, #4876, .F. ) ;
#4862 = CYLINDRICAL_SURFACE ( 'NONE', #6787, 20.25000000000000355 ) ;
#4863 = AXIS2_PLACEMENT_3D ( 'NONE', #3812, #5956, #6990 ) ;
#4864 = CARTESIAN_POINT ( 'NONE',  ( -32.87157287528913230, 70.70000000000000284, 16.34999999999999787 ) ) ;
#4865 = EDGE_CURVE ( 'NONE', #3463, #938, #6500, .T. ) ;
#4866 = DIRECTION ( 'NONE',  ( 0.000000000000000000, -0.000000000000000000, 1.000000000000000000 ) ) ;
#4867 = VECTOR ( 'NONE', #4376, 1000.000000000000000 ) ;
#4868 = ORIENTED_EDGE ( 'NONE', *, *, #4145, .F. ) ;
#4869 = DIRECTION ( 'NONE',  ( -1.000000000000000000, 0.000000000000000000, 0.000000000000000000 ) ) ;
#4870 = CARTESIAN_POINT ( 'NONE',  ( -75.69999999997389750, -69.35000000000000853, 6.349999999999999645 ) ) ;
#4871 = VERTEX_POINT ( 'NONE', #2646 ) ;
#4872 = VECTOR ( 'NONE', #607, 1000.000000000000000 ) ;
#4873 = CARTESIAN_POINT ( 'NONE',  ( -101.7000000000000028, 67.35000000000000853, 22.21190264738181597 ) ) ;
#4874 = AXIS2_PLACEMENT_3D ( 'NONE', #6261, #5722, #3912 ) ;
#4875 = CARTESIAN_POINT ( 'NONE',  ( 168.8715728752537757, -68.70000000000003126, 6.349999999999999645 ) ) ;
#4876 = EDGE_CURVE ( 'NONE', #5666, #5852, #2677, .T. ) ;
#4877 = DIRECTION ( 'NONE',  ( -1.000000000000000000, 0.000000000000000000, 0.000000000000000000 ) ) ;
#4878 = CYLINDRICAL_SURFACE ( 'NONE', #4863, 2.000000000000001776 ) ;
#4879 = ORIENTED_EDGE ( 'NONE', *, *, #831, .F. ) ;
#4880 = AXIS2_PLACEMENT_3D ( 'NONE', #5158, #4104, #2431 ) ;
#4881 = DIRECTION ( 'NONE',  ( -0.000000000000000000, 0.000000000000000000, 1.000000000000000000 ) ) ;
#4882 = ORIENTED_EDGE ( 'NONE', *, *, #4456, .F. ) ;
#4883 = CARTESIAN_POINT ( 'NONE',  ( 101.2000000000000171, -75.70000000000000284, 8.350000000000003197 ) ) ;
#4884 = AXIS2_PLACEMENT_3D ( 'NONE', #6821, #2490, #877 ) ;
#4885 = EDGE_CURVE ( 'NONE', #2831, #3449, #3194, .T. ) ;
#4886 = AXIS2_PLACEMENT_3D ( 'NONE', #1204, #630, #3889 ) ;
#4887 = DIRECTION ( 'NONE',  ( 1.000000000000000000, 0.000000000000000000, 0.000000000000000000 ) ) ;
#4888 = ORIENTED_EDGE ( 'NONE', *, *, #2348, .F. ) ;
#4889 = AXIS2_PLACEMENT_3D ( 'NONE', #1234, #2307, #3404 ) ;
#4890 = VECTOR ( 'NONE', #5809, 1000.000000000000000 ) ;
#4891 = DIRECTION ( 'NONE',  ( -0.000000000000000000, 1.000000000000000000, -0.000000000000000000 ) ) ;
#4892 = ORIENTED_EDGE ( 'NONE', *, *, #5403, .F. ) ;
#4893 = AXIS2_PLACEMENT_3D ( 'NONE', #6473, #5344, #5861 ) ;
#4894 = ORIENTED_EDGE ( 'NONE', *, *, #3784, .F. ) ;
#4895 = CIRCLE ( 'NONE', #4437, 1.250000000000001110 ) ;
#4896 = AXIS2_PLACEMENT_3D ( 'NONE', #16, #2193, #4368 ) ;
#4897 = CARTESIAN_POINT ( 'NONE',  ( -45.90577136594008323, 67.35000000000000853, 23.52726047942458720 ) ) ;
#4898 = CARTESIAN_POINT ( 'NONE',  ( 142.7000000000000171, -78.20000000000000284, 39.34999999999999432 ) ) ;
#4899 = AXIS2_PLACEMENT_3D ( 'NONE', #3416, #3919, #3990 ) ;
#4900 = FACE_BOUND ( 'NONE', #5156, .T. ) ;
#4901 = ORIENTED_EDGE ( 'NONE', *, *, #5693, .F. ) ;
#4902 = DIRECTION ( 'NONE',  ( 0.000000000000000000, 0.000000000000000000, 1.000000000000000000 ) ) ;
#4903 = VERTEX_POINT ( 'NONE', #5899 ) ;
#4904 = AXIS2_PLACEMENT_3D ( 'NONE', #5362, #6361, #6390 ) ;
#4905 = ORIENTED_EDGE ( 'NONE', *, *, #3136, .T. ) ;
#4906 = DIRECTION ( 'NONE',  ( 0.000000000000000000, 1.000000000000000000, 0.000000000000000000 ) ) ;
#4907 = CARTESIAN_POINT ( 'NONE',  ( 26221.20489930205076, 67.35000000000000853, 45504.82024963156437 ) ) ;
#4908 = CARTESIAN_POINT ( 'NONE',  ( 170.1999999999999886, 67.37157287525380411, 6.349999999999999645 ) ) ;
#4909 = EDGE_CURVE ( 'NONE', #1968, #1910, #6427, .T. ) ;
#4910 = LINE ( 'NONE', #4348, #5201 ) ;
#4911 = EDGE_CURVE ( 'NONE', #5666, #6077, #5897, .T. ) ;
#4912 = DIRECTION ( 'NONE',  ( 0.000000000000000000, 0.000000000000000000, 1.000000000000000000 ) ) ;
#4913 = ORIENTED_EDGE ( 'NONE', *, *, #4738, .T. ) ;
#4914 = ADVANCED_FACE ( 'NONE', ( #5830 ), #4222, .T. ) ;
#4915 = CARTESIAN_POINT ( 'NONE',  ( -73.19999999997392592, 58.10000000000000853, 17.77365965879586085 ) ) ;
#4916 = DIRECTION ( 'NONE',  ( 0.000000000000000000, -0.000000000000000000, -1.000000000000000000 ) ) ;
#4917 = CARTESIAN_POINT ( 'NONE',  ( -31.70000000003532392, -73.69999999999997442, 16.35000000000000142 ) ) ;
#4918 = ADVANCED_FACE ( 'NONE', ( #4319 ), #1610, .F. ) ;
#4919 = FACE_OUTER_BOUND ( 'NONE', #4501, .T. ) ;
#4920 = ORIENTED_EDGE ( 'NONE', *, *, #3050, .T. ) ;
#4921 = DIRECTION ( 'NONE',  ( -0.000000000000000000, -1.000000000000000000, -0.000000000000000000 ) ) ;
#4922 = EDGE_LOOP ( 'NONE', ( #3828, #5108 ) ) ;
#4923 = ADVANCED_FACE ( 'NONE', ( #3783 ), #1512, .T. ) ;
#4924 = CARTESIAN_POINT ( 'NONE',  ( -63.72364322968730477, 64.35653197280203131, 41.56619618506422853 ) ) ;
#4925 = DIRECTION ( 'NONE',  ( 0.000000000000000000, 0.000000000000000000, 1.000000000000000000 ) ) ;
#4926 = ORIENTED_EDGE ( 'NONE', *, *, #4045, .F. ) ;
#4927 = DIRECTION ( 'NONE',  ( 0.000000000000000000, 0.000000000000000000, -1.000000000000000000 ) ) ;
#4928 = VERTEX_POINT ( 'NONE', #534 ) ;
#4929 = VERTEX_POINT ( 'NONE', #6368 ) ;
#4930 = DIRECTION ( 'NONE',  ( -1.000000000000000000, 0.000000000000000000, 0.000000000000000000 ) ) ;
#4931 = CARTESIAN_POINT ( 'NONE',  ( -59.87169054081015673, 73.70000000000000284, 39.37393849518217337 ) ) ;
#4932 = VERTEX_POINT ( 'NONE', #1072 ) ;
#4933 = CARTESIAN_POINT ( 'NONE',  ( 62.30000000000001847, 39.45000000000000284, 36.00000000000000711 ) ) ;
#4934 = ORIENTED_EDGE ( 'NONE', *, *, #4008, .F. ) ;
#4935 = ORIENTED_EDGE ( 'NONE', *, *, #3500, .F. ) ;
#4936 = LINE ( 'NONE', #624, #6101 ) ;
#4937 = CARTESIAN_POINT ( 'NONE',  ( -92.70000000000000284, 73.70000000000000284, 0.000000000000000000 ) ) ;
#4938 = DIRECTION ( 'NONE',  ( 0.000000000000000000, -1.000000000000000000, 0.000000000000000000 ) ) ;
#4939 = CARTESIAN_POINT ( 'NONE',  ( 120.1999999999999886, 120.1999999999999886, 54.35000000000000142 ) ) ;
#4940 = CARTESIAN_POINT ( 'NONE',  ( 170.1999999999999886, -76.20000000000001705, 54.35000000000000142 ) ) ;
#4941 = CARTESIAN_POINT ( 'NONE',  ( -31.70000000003532392, -70.69999999999997442, 16.35000000000000142 ) ) ;
#4942 = ADVANCED_FACE ( 'NONE', ( #1539 ), #5397, .T. ) ;
#4943 = FACE_OUTER_BOUND ( 'NONE', #3587, .T. ) ;
#4944 = CARTESIAN_POINT ( 'NONE',  ( -63.69999999997390461, 35.35000000000000853, 0.000000000000000000 ) ) ;
#4945 = CYLINDRICAL_SURFACE ( 'NONE', #1006, 10.00000000000000000 ) ;
#4946 = DIRECTION ( 'NONE',  ( -0.000000000000000000, 0.000000000000000000, 1.000000000000000000 ) ) ;
#4947 = LINE ( 'NONE', #1819, #6786 ) ;
#4948 = VERTEX_POINT ( 'NONE', #5299 ) ;
#4949 = CARTESIAN_POINT ( 'NONE',  ( 0.000000000000000000, 73.70000000000000284, 25.35000000000000497 ) ) ;
#4950 = FACE_OUTER_BOUND ( 'NONE', #5976, .T. ) ;
#4951 = EDGE_LOOP ( 'NONE', ( #1335, #516, #6696, #2572 ) ) ;
#4952 = DIRECTION ( 'NONE',  ( 1.000000000000000000, 0.000000000000000000, 0.000000000000000000 ) ) ;
#4953 = ORIENTED_EDGE ( 'NONE', *, *, #6702, .T. ) ;
#4954 = ORIENTED_EDGE ( 'NONE', *, *, #6042, .F. ) ;
#4955 = CYLINDRICAL_SURFACE ( 'NONE', #1028, 2.000000000000001776 ) ;
#4956 = DIRECTION ( 'NONE',  ( -0.000000000000000000, -0.000000000000000000, -1.000000000000000000 ) ) ;
#4957 = ADVANCED_FACE ( 'NONE', ( #3147, #2079 ), #4252, .T. ) ;
#4958 = CARTESIAN_POINT ( 'NONE',  ( 106.3072794254362350, -68.83102897573012058, 6.352809700610606569 ) ) ;
#4959 = CARTESIAN_POINT ( 'NONE',  ( -73.69999999997389750, -73.70000000000000284, 8.350000000007185008 ) ) ;
#4960 = ORIENTED_EDGE ( 'NONE', *, *, #5708, .T. ) ;
#4961 = ADVANCED_FACE ( 'NONE', ( #3177 ), #5338, .F. ) ;
#4962 = PLANE ( 'NONE',  #5999 ) ;
#4963 = VERTEX_POINT ( 'NONE', #179 ) ;
#4964 = ORIENTED_EDGE ( 'NONE', *, *, #376, .F. ) ;
#4965 = DIRECTION ( 'NONE',  ( -0.000000000000000000, -0.000000000000000000, -1.000000000000000000 ) ) ;
#4966 = DIRECTION ( 'NONE',  ( 0.000000000000000000, -1.000000000000000000, 0.000000000000000000 ) ) ;
#4967 = CARTESIAN_POINT ( 'NONE',  ( -75.69999999997389750, -67.35000000000000853, 16.35000000000000142 ) ) ;
#4968 = CARTESIAN_POINT ( 'NONE',  ( -92.70000000000000284, 45.32728445445477661, 25.35000000000000497 ) ) ;
#4969 = ORIENTED_EDGE ( 'NONE', *, *, #6887, .T. ) ;
#4970 = VECTOR ( 'NONE', #1855, 1000.000000000000000 ) ;
#4971 = FACE_OUTER_BOUND ( 'NONE', #1055, .T. ) ;
#4972 = CARTESIAN_POINT ( 'NONE',  ( -73.19999999997392592, 0.000000000000000000, 6.349999999999999645 ) ) ;
#4973 = DIRECTION ( 'NONE',  ( -9.251858538542962756E-15, 0.000000000000000000, -1.000000000000000000 ) ) ;
#4974 = VECTOR ( 'NONE', #2372, 1000.000000000000000 ) ;
#4975 = CARTESIAN_POINT ( 'NONE',  ( 46.80000000000001847, 55.70000000000000284, 33.00000000000000000 ) ) ;
#4976 = CARTESIAN_POINT ( 'NONE',  ( -78.69999999997389750, 67.35000000000000853, 37.35000000000000853 ) ) ;
#4977 = EDGE_CURVE ( 'NONE', #5051, #5499, #4676, .T. ) ;
#4978 = CARTESIAN_POINT ( 'NONE',  ( -45.90577136594008323, -73.70000000000000284, 26.17273952057547604 ) ) ;
#4979 = DIRECTION ( 'NONE',  ( 0.000000000000000000, 0.000000000000000000, -1.000000000000000000 ) ) ;
#4980 = AXIS2_PLACEMENT_3D ( 'NONE', #5239, #2137, #470 ) ;
#4981 = ORIENTED_EDGE ( 'NONE', *, *, #5631, .T. ) ;
#4982 = DIRECTION ( 'NONE',  ( -1.000000000000000000, -0.000000000000000000, 0.000000000000000000 ) ) ;
#4983 = DIRECTION ( 'NONE',  ( -0.000000000000000000, -0.000000000000000000, -1.000000000000000000 ) ) ;
#4984 = CIRCLE ( 'NONE', #2834, 2.000000000000000000 ) ;
#4985 = ORIENTED_EDGE ( 'NONE', *, *, #5364, .F. ) ;
#4986 = EDGE_CURVE ( 'NONE', #880, #1056, #2622, .T. ) ;
#4987 = DIRECTION ( 'NONE',  ( 0.000000000000000000, -1.000000000000000000, 0.000000000000000000 ) ) ;
#4988 = ORIENTED_EDGE ( 'NONE', *, *, #6226, .F. ) ;
#4989 = ORIENTED_EDGE ( 'NONE', *, *, #3665, .F. ) ;
#4990 = EDGE_CURVE ( 'NONE', #3113, #5787, #6583, .T. ) ;
#4991 = VECTOR ( 'NONE', #4902, 1000.000000000000000 ) ;
#4992 = DIRECTION ( 'NONE',  ( -0.000000000000000000, -0.000000000000000000, -1.000000000000000000 ) ) ;
#4993 = AXIS2_PLACEMENT_3D ( 'NONE', #1450, #1912, #6848 ) ;
#4994 = AXIS2_PLACEMENT_3D ( 'NONE', #6489, #5985, #6523 ) ;
#4995 = CARTESIAN_POINT ( 'NONE',  ( 99.20000000000001705, 70.70000000000000284, 8.349999999999999645 ) ) ;
#4996 = CARTESIAN_POINT ( 'NONE',  ( 106.5096086040854715, -69.00960121048393603, 6.374041726501766369 ) ) ;
#4997 = LINE ( 'NONE', #6623, #5328 ) ;
#4998 = ORIENTED_EDGE ( 'NONE', *, *, #2790, .F. ) ;
#4999 = AXIS2_PLACEMENT_3D ( 'NONE', #3572, #1831, #4036 ) ;
#5000 = AXIS2_PLACEMENT_3D ( 'NONE', #5208, #4049, #4693 ) ;
#5001 = DIRECTION ( 'NONE',  ( -1.000000000000000000, 0.000000000000000000, 0.000000000000000000 ) ) ;
#5002 = AXIS2_PLACEMENT_3D ( 'NONE', #616, #4992, #4502 ) ;
#5003 = ORIENTED_EDGE ( 'NONE', *, *, #571, .F. ) ;
#5004 = EDGE_LOOP ( 'NONE', ( #1082, #6432, #3576, #3156 ) ) ;
#5005 = CARTESIAN_POINT ( 'NONE',  ( -92.70000000000000284, 67.35000000000000853, 8.349999999999997868 ) ) ;
#5006 = DIRECTION ( 'NONE',  ( 0.000000000000000000, 1.000000000000000000, -0.000000000000000000 ) ) ;
#5007 = AXIS2_PLACEMENT_3D ( 'NONE', #3637, #393, #6364 ) ;
#5008 = AXIS2_PLACEMENT_3D ( 'NONE', #1152, #6571, #5470 ) ;
#5009 = DIRECTION ( 'NONE',  ( 0.000000000000000000, 1.000000000000000000, 0.000000000000000000 ) ) ;
#5010 = DIRECTION ( 'NONE',  ( 0.000000000000000000, 0.000000000000000000, 1.000000000000000000 ) ) ;
#5011 = AXIS2_PLACEMENT_3D ( 'NONE', #4284, #4788, #3749 ) ;
#5012 = DIRECTION ( 'NONE',  ( -0.000000000000000000, 1.000000000000000000, -0.000000000000000000 ) ) ;
#5013 = DIRECTION ( 'NONE',  ( 0.000000000000000000, 0.000000000000000000, -1.000000000000000000 ) ) ;
#5014 = EDGE_CURVE ( 'NONE', #1402, #6429, #610, .T. ) ;
#5015 = CARTESIAN_POINT ( 'NONE',  ( -62.60989539337562348, 66.67389324575233900, 37.30666564899317450 ) ) ;
#5016 = FACE_OUTER_BOUND ( 'NONE', #5140, .T. ) ;
#5017 = CARTESIAN_POINT ( 'NONE',  ( -71.20000000000000284, 33.35000000000000142, 16.35000000000000142 ) ) ;
#5018 = CARTESIAN_POINT ( 'NONE',  ( -79.69999999997389750, 66.35000000000000853, 20.35000000000000142 ) ) ;
#5019 = DIRECTION ( 'NONE',  ( 0.000000000000000000, 0.000000000000000000, 1.000000000000000000 ) ) ;
#5020 = VERTEX_POINT ( 'NONE', #1213 ) ;
#5021 = FACE_OUTER_BOUND ( 'NONE', #2213, .T. ) ;
#5022 = DIRECTION ( 'NONE',  ( -1.000000000000000000, 0.000000000000000000, 0.000000000000000000 ) ) ;
#5023 = VERTEX_POINT ( 'NONE', #6642 ) ;
#5024 = LINE ( 'NONE', #4499, #4219 ) ;
#5025 = ORIENTED_EDGE ( 'NONE', *, *, #3433, .F. ) ;
#5026 = ORIENTED_EDGE ( 'NONE', *, *, #3846, .T. ) ;
#5027 = DIRECTION ( 'NONE',  ( 0.000000000000000000, 0.000000000000000000, -1.000000000000000000 ) ) ;
#5028 = EDGE_CURVE ( 'NONE', #1976, #2328, #5211, .T. ) ;
#5029 = CYLINDRICAL_SURFACE ( 'NONE', #2968, 1.250000000000001110 ) ;
#5030 = CARTESIAN_POINT ( 'NONE',  ( -56.31747884446674846, 28.22922672894089402, 6.610273233689655470 ) ) ;
#5031 = FACE_BOUND ( 'NONE', #232, .T. ) ;
#5032 = VERTEX_POINT ( 'NONE', #2863 ) ;
#5033 = DIRECTION ( 'NONE',  ( -0.000000000000000000, 0.000000000000000000, 1.000000000000000000 ) ) ;
#5034 = EDGE_LOOP ( 'NONE', ( #2932, #1274, #3142, #5473 ) ) ;
#5035 = ORIENTED_EDGE ( 'NONE', *, *, #5450, .F. ) ;
#5036 = LINE ( 'NONE', #6629, #1247 ) ;
#5037 = CARTESIAN_POINT ( 'NONE',  ( 133.7000000000000171, -78.20000000000000284, 6.349999999999999645 ) ) ;
#5038 = EDGE_CURVE ( 'NONE', #5042, #6809, #679, .T. ) ;
#5039 = DIRECTION ( 'NONE',  ( -0.4999999999999997224, 0.000000000000000000, -0.8660254037844387076 ) ) ;
#5040 = EDGE_LOOP ( 'NONE', ( #4905, #5110, #1212, #1991 ) ) ;
#5041 = EDGE_CURVE ( 'NONE', #1047, #426, #3957, .T. ) ;
#5042 = VERTEX_POINT ( 'NONE', #67 ) ;
#5043 = DIRECTION ( 'NONE',  ( 0.000000000000000000, 0.000000000000000000, 1.000000000000000000 ) ) ;
#5044 = DIRECTION ( 'NONE',  ( 1.000000000000000000, 0.000000000000000000, 0.000000000000000000 ) ) ;
#5045 = CARTESIAN_POINT ( 'NONE',  ( -61.48752847307969205, 67.25162390160875248, 36.79782782796679896 ) ) ;
#5046 = DIRECTION ( 'NONE',  ( 0.000000000000000000, 0.000000000000000000, -1.000000000000000000 ) ) ;
#5047 = FACE_OUTER_BOUND ( 'NONE', #6179, .T. ) ;
#5048 = EDGE_CURVE ( 'NONE', #4903, #533, #3740, .T. ) ;
#5049 = CARTESIAN_POINT ( 'NONE',  ( 62.30000000000001847, 32.94999999999999574, 36.00000000000000711 ) ) ;
#5050 = DIRECTION ( 'NONE',  ( -0.000000000000000000, -0.000000000000000000, 1.000000000000000000 ) ) ;
#5051 = VERTEX_POINT ( 'NONE', #3816 ) ;
#5052 = DIRECTION ( 'NONE',  ( 1.000000000000000000, 0.000000000000000000, 0.000000000000000000 ) ) ;
#5053 = DIRECTION ( 'NONE',  ( 0.000000000000000000, -1.000000000000000000, 0.000000000000000000 ) ) ;
#5054 = ORIENTED_EDGE ( 'NONE', *, *, #6184, .F. ) ;
#5055 = CARTESIAN_POINT ( 'NONE',  ( 101.2000000000000171, -49.19999999999999574, 6.349999999999999645 ) ) ;
#5056 = ORIENTED_EDGE ( 'NONE', *, *, #957, .T. ) ;
#5057 = EDGE_LOOP ( 'NONE', ( #2557, #977, #5721, #1964 ) ) ;
#5058 = FACE_OUTER_BOUND ( 'NONE', #5368, .T. ) ;
#5059 = CARTESIAN_POINT ( 'NONE',  ( 106.4322693370832837, -68.93226752527439771, 6.363528014441693692 ) ) ;
#5060 = ADVANCED_FACE ( 'NONE', ( #5021 ), #144, .T. ) ;
#5061 = CYLINDRICAL_SURFACE ( 'NONE', #2163, 1.650000000000002132 ) ;
#5062 = ORIENTED_EDGE ( 'NONE', *, *, #4738, .F. ) ;
#5063 = DIRECTION ( 'NONE',  ( 0.000000000000000000, 0.000000000000000000, 1.000000000000000000 ) ) ;
#5064 = ORIENTED_EDGE ( 'NONE', *, *, #918, .F. ) ;
#5065 = EDGE_CURVE ( 'NONE', #1547, #5210, #687, .T. ) ;
#5066 = ORIENTED_EDGE ( 'NONE', *, *, #850, .F. ) ;
#5067 = DIRECTION ( 'NONE',  ( -0.000000000000000000, 0.000000000000000000, 1.000000000000000000 ) ) ;
#5068 = CARTESIAN_POINT ( 'NONE',  ( 142.7000000000000171, -78.20000000000000284, 39.34999999999999432 ) ) ;
#5069 = ORIENTED_EDGE ( 'NONE', *, *, #5547, .T. ) ;
#5070 = VERTEX_POINT ( 'NONE', #6677 ) ;
#5071 = DIRECTION ( 'NONE',  ( 0.000000000000000000, 0.000000000000000000, 1.000000000000000000 ) ) ;
#5072 = LINE ( 'NONE', #5566, #3748 ) ;
#5073 = ADVANCED_FACE ( 'NONE', ( #1254 ), #3896, .T. ) ;
#5074 = CARTESIAN_POINT ( 'NONE',  ( 38.29999999999999716, -37.50000000000000000, 6.349999999999999645 ) ) ;
#5075 = CARTESIAN_POINT ( 'NONE',  ( 85.79999999999998295, 55.70000000000000284, 6.350000000000001421 ) ) ;
#5076 = VECTOR ( 'NONE', #5844, 1000.000000000000000 ) ;
#5077 = DIRECTION ( 'NONE',  ( 0.000000000000000000, 0.000000000000000000, 1.000000000000000000 ) ) ;
#5078 = CARTESIAN_POINT ( 'NONE',  ( -116.6999999999738975, 35.35000000000000853, 0.000000000000000000 ) ) ;
#5079 = FACE_OUTER_BOUND ( 'NONE', #5206, .T. ) ;
#5080 = ORIENTED_EDGE ( 'NONE', *, *, #3005, .T. ) ;
#5081 = AXIS2_PLACEMENT_3D ( 'NONE', #3887, #7015, #2696 ) ;
#5082 =( BOUNDED_CURVE ( )  B_SPLINE_CURVE ( 3, ( #1456, #6254, #1426, #4735 ),
 .UNSPECIFIED., .F., .F. ) 
 B_SPLINE_CURVE_WITH_KNOTS ( ( 4, 4 ),
 ( 0.000000000000000000, 1.570796326794896558 ),
 .UNSPECIFIED. ) 
 CURVE ( )  GEOMETRIC_REPRESENTATION_ITEM ( )  RATIONAL_B_SPLINE_CURVE ( ( 1.000000000000000000, 0.8047378541243649375, 0.8047378541243649375, 1.000000000000000000 ) ) 
 REPRESENTATION_ITEM ( '' )  );
#5083 = FACE_OUTER_BOUND ( 'NONE', #4500, .T. ) ;
#5084 = PLANE ( 'NONE',  #3316 ) ;
#5085 = ORIENTED_EDGE ( 'NONE', *, *, #1826, .T. ) ;
#5086 = AXIS2_PLACEMENT_3D ( 'NONE', #2122, #1433, #5691 ) ;
#5087 = CARTESIAN_POINT ( 'NONE',  ( 88.80000000000001137, 58.70000000000000284, 36.00000000000000711 ) ) ;
#5088 = ORIENTED_EDGE ( 'NONE', *, *, #3214, .T. ) ;
#5089 = VERTEX_POINT ( 'NONE', #1181 ) ;
#5090 = EDGE_CURVE ( 'NONE', #2260, #2640, #5432, .T. ) ;
#5091 = FACE_BOUND ( 'NONE', #5698, .T. ) ;
#5092 = CARTESIAN_POINT ( 'NONE',  ( 106.3928019472331243, -68.89280161993258389, 6.359308785812848974 ) ) ;
#5093 = PLANE ( 'NONE',  #4107 ) ;
#5094 = ORIENTED_EDGE ( 'NONE', *, *, #126, .F. ) ;
#5095 = CARTESIAN_POINT ( 'NONE',  ( -117.6999999999738975, 73.70000000000000284, 43.35000000000000853 ) ) ;
#5096 = ORIENTED_EDGE ( 'NONE', *, *, #3652, .F. ) ;
#5097 = AXIS2_PLACEMENT_3D ( 'NONE', #4976, #3273, #2382 ) ;
#5098 = ORIENTED_EDGE ( 'NONE', *, *, #712, .F. ) ;
#5099 = AXIS2_PLACEMENT_3D ( 'NONE', #2699, #2668, #6455 ) ;
#5100 = AXIS2_PLACEMENT_3D ( 'NONE', #2498, #4675, #6827 ) ;
#5101 = CIRCLE ( 'NONE', #4207, 2.000000000000001776 ) ;
#5102 = DIRECTION ( 'NONE',  ( 0.000000000000000000, 0.000000000000000000, 1.000000000000000000 ) ) ;
#5103 = CARTESIAN_POINT ( 'NONE',  ( 62.30000000000001847, 39.45000000000000284, 36.00000000000000711 ) ) ;
#5104 = AXIS2_PLACEMENT_3D ( 'NONE', #1334, #3504, #5653 ) ;
#5105 = AXIS2_PLACEMENT_3D ( 'NONE', #5517, #1801, #6598 ) ;
#5106 = CYLINDRICAL_SURFACE ( 'NONE', #2844, 1.325000000000020606 ) ;
#5107 = VECTOR ( 'NONE', #3987, 1000.000000000000000 ) ;
#5108 = ORIENTED_EDGE ( 'NONE', *, *, #4911, .F. ) ;
#5109 = VECTOR ( 'NONE', #1371, 1000.000000000000000 ) ;
#5110 = ORIENTED_EDGE ( 'NONE', *, *, #685, .F. ) ;
#5111 = DIRECTION ( 'NONE',  ( 0.7071067811865474617, -0.7071067811865474617, -0.000000000000000000 ) ) ;
#5112 = CARTESIAN_POINT ( 'NONE',  ( -79.69999999997389750, 67.35000000000000853, 41.35000000000000142 ) ) ;
#5114 = AXIS2_PLACEMENT_3D ( 'NONE', #5161, #1401, #6109 ) ;
#5113 = APPLICATION_PROTOCOL_DEFINITION ( 'draft international standard', 'automotive_design', 1998, #6581 ) ;
#5115 = AXIS2_PLACEMENT_3D ( 'NONE', #2794, #4009, #1835 ) ;
#5116 = AXIS2_PLACEMENT_3D ( 'NONE', #283, #3330, #5477 ) ;
#5117 = CARTESIAN_POINT ( 'NONE',  ( -97.20000000000001705, 67.35000000000000853, 16.84999999999999432 ) ) ;
#5118 = EDGE_CURVE ( 'NONE', #2260, #1121, #2818, .T. ) ;
#5119 = AXIS2_PLACEMENT_3D ( 'NONE', #6934, #5340, #5438 ) ;
#5120 = PLANE ( 'NONE',  #218 ) ;
#5121 = EDGE_CURVE ( 'NONE', #1530, #1760, #1102, .T. ) ;
#5122 = AXIS2_PLACEMENT_3D ( 'NONE', #5188, #5848, #6781 ) ;
#5123 = DIRECTION ( 'NONE',  ( -0.000000000000000000, -0.000000000000000000, -1.000000000000000000 ) ) ;
#5124 = DIRECTION ( 'NONE',  ( -1.000000000000000000, -0.000000000000000000, 0.000000000000000000 ) ) ;
#5125 = DIRECTION ( 'NONE',  ( 0.000000000000000000, 0.000000000000000000, -1.000000000000000000 ) ) ;
#5126 = EDGE_LOOP ( 'NONE', ( #3937, #6521, #1629, #2247 ) ) ;
#5127 = DIRECTION ( 'NONE',  ( -0.000000000000000000, -0.000000000000000000, -1.000000000000000000 ) ) ;
#5128 = DIRECTION ( 'NONE',  ( -1.000000000000000000, 0.000000000000000000, 0.000000000000000000 ) ) ;
#5129 = EDGE_CURVE ( 'NONE', #4177, #1516, #4152, .T. ) ;
#5130 = EDGE_LOOP ( 'NONE', ( #2623, #5813, #4715, #5535, #4012, #3789 ) ) ;
#5131 = VERTEX_POINT ( 'NONE', #4001 ) ;
#5132 = DIRECTION ( 'NONE',  ( -0.000000000000000000, -0.000000000000000000, -1.000000000000000000 ) ) ;
#5133 = EDGE_CURVE ( 'NONE', #493, #5730, #2392, .T. ) ;
#5134 = EDGE_LOOP ( 'NONE', ( #2657, #3566, #531, #1681 ) ) ;
#5135 = CARTESIAN_POINT ( 'NONE',  ( -31.70000000003532392, -70.69999999999997442, 16.35000000000000142 ) ) ;
#5136 = CARTESIAN_POINT ( 'NONE',  ( -116.6999999999738975, 35.35000000000000853, 0.000000000000000000 ) ) ;
#5137 = DIRECTION ( 'NONE',  ( 1.000000000000000000, 0.000000000000000000, 0.000000000000000000 ) ) ;
#5138 = ORIENTED_EDGE ( 'NONE', *, *, #241, .F. ) ;
#5139 = CARTESIAN_POINT ( 'NONE',  ( 63.50000000000000000, -7.750000000000000000, 6.349999999999999645 ) ) ;
#5140 = EDGE_LOOP ( 'NONE', ( #3690, #637, #5164, #5003 ) ) ;
#5141 = EDGE_LOOP ( 'NONE', ( #940, #478, #6810, #3638 ) ) ;
#5142 = DIRECTION ( 'NONE',  ( 1.000000000000000000, 0.000000000000000000, -0.000000000000000000 ) ) ;
#5143 = DIRECTION ( 'NONE',  ( 0.000000000000000000, 0.000000000000000000, 1.000000000000000000 ) ) ;
#5144 = DIRECTION ( 'NONE',  ( 1.000000000000000000, 0.000000000000000000, 0.000000000000000000 ) ) ;
#5145 = VERTEX_POINT ( 'NONE', #1858 ) ;
#5146 = ORIENTED_EDGE ( 'NONE', *, *, #4709, .T. ) ;
#5147 = DIRECTION ( 'NONE',  ( 1.000000000000000000, 0.000000000000000000, 0.000000000000000000 ) ) ;
#5148 = DIRECTION ( 'NONE',  ( -1.000000000000000000, 0.000000000000000000, 0.000000000000000000 ) ) ;
#5149 =( NAMED_UNIT ( * ) PLANE_ANGLE_UNIT ( ) SI_UNIT ( $, .RADIAN. ) );
#5150 = CARTESIAN_POINT ( 'NONE',  ( -108.9499999999738975, 63.85000000000000142, 41.35000000000000142 ) ) ;
#5151 = CARTESIAN_POINT ( 'NONE',  ( -52.30288568299101826, -67.35000000000000853, 13.76987298101539636 ) ) ;
#5152 = CARTESIAN_POINT ( 'NONE',  ( -52.30288568299101826, -73.70000000000000284, 13.76987298101539636 ) ) ;
#5153 = LINE ( 'NONE', #5049, #3837 ) ;
#5154 = EDGE_CURVE ( 'NONE', #6474, #5730, #7014, .T. ) ;
#5155 = CARTESIAN_POINT ( 'NONE',  ( 101.2000000000000171, -69.20000000000000284, 24.34999999999999787 ) ) ;
#5156 = EDGE_LOOP ( 'NONE', ( #842, #2525, #3200, #4246 ) ) ;
#5157 = DIRECTION ( 'NONE',  ( 0.000000000000000000, 0.000000000000000000, -1.000000000000000000 ) ) ;
#5158 = CARTESIAN_POINT ( 'NONE',  ( -79.69999999997389750, 39.35000000000000853, 38.35000000000000853 ) ) ;
#5159 = DIRECTION ( 'NONE',  ( 0.000000000000000000, 0.000000000000000000, 1.000000000000000000 ) ) ;
#5160 = VERTEX_POINT ( 'NONE', #1925 ) ;
#5161 = CARTESIAN_POINT ( 'NONE',  ( 66.30000000000001137, 36.19999999999999574, 2.599999999999998312 ) ) ;
#5162 = EDGE_LOOP ( 'NONE', ( #6424, #6900, #4754, #4748 ) ) ;
#5163 = DIRECTION ( 'NONE',  ( 0.000000000000000000, -1.000000000000000000, 0.000000000000000000 ) ) ;
#5164 = ORIENTED_EDGE ( 'NONE', *, *, #6061, .F. ) ;
#5165 = EDGE_CURVE ( 'NONE', #806, #5642, #4708, .T. ) ;
#5166 = FACE_BOUND ( 'NONE', #3198, .T. ) ;
#5167 = FACE_OUTER_BOUND ( 'NONE', #3488, .T. ) ;
#5168 = LINE ( 'NONE', #3043, #4561 ) ;
#5169 = DIRECTION ( 'NONE',  ( -0.4999999999999997224, 0.000000000000000000, -0.8660254037844387076 ) ) ;
#5170 = ORIENTED_EDGE ( 'NONE', *, *, #1676, .F. ) ;
#5171 = ORIENTED_EDGE ( 'NONE', *, *, #3442, .T. ) ;
#5172 = EDGE_CURVE ( 'NONE', #5964, #3032, #1823, .T. ) ;
#5173 = PLANE ( 'NONE',  #2057 ) ;
#5174 = CARTESIAN_POINT ( 'NONE',  ( 70.30000000000001137, 32.95000000000000284, 36.00000000000000711 ) ) ;
#5175 = ADVANCED_FACE ( 'NONE', ( #4573 ), #2967, .F. ) ;
#5176 = ORIENTED_EDGE ( 'NONE', *, *, #4251, .F. ) ;
#5177 = ORIENTED_EDGE ( 'NONE', *, *, #1948, .T. ) ;
#5178 = EDGE_LOOP ( 'NONE', ( #5469, #6108, #614 ) ) ;
#5179 = CARTESIAN_POINT ( 'NONE',  ( 142.7000000000000455, -78.20000000000000284, 42.35000000000000142 ) ) ;
#5180 = CARTESIAN_POINT ( 'NONE',  ( -116.6999999999738975, 36.35000000000000853, 0.000000000000000000 ) ) ;
#5181 = EDGE_CURVE ( 'NONE', #3821, #1307, #2377, .T. ) ;
#5182 = DIRECTION ( 'NONE',  ( 0.000000000000000000, 0.000000000000000000, 1.000000000000000000 ) ) ;
#5183 = DIRECTION ( 'NONE',  ( -0.000000000000000000, 0.000000000000000000, 1.000000000000000000 ) ) ;
#5184 = CARTESIAN_POINT ( 'NONE',  ( -63.69999999997390461, 38.35000000000000853, 6.349999999999999645 ) ) ;
#5185 = CARTESIAN_POINT ( 'NONE',  ( 101.2000000000000171, -69.20000000000000284, 26.34999999999999787 ) ) ;
#5186 = ORIENTED_EDGE ( 'NONE', *, *, #1653, .T. ) ;
#5187 = EDGE_CURVE ( 'NONE', #963, #3573, #5322, .T. ) ;
#5188 = CARTESIAN_POINT ( 'NONE',  ( -116.6999999999738975, 36.35000000000000853, 43.35000000000000853 ) ) ;
#5189 = DIRECTION ( 'NONE',  ( 0.000000000000000000, 0.000000000000000000, -1.000000000000000000 ) ) ;
#5190 = CARTESIAN_POINT ( 'NONE',  ( -60.79744412193167591, 67.35000000000000853, 42.22752926945950236 ) ) ;
#5191 = EDGE_CURVE ( 'NONE', #1535, #4248, #358, .T. ) ;
#5192 = ORIENTED_EDGE ( 'NONE', *, *, #3861, .F. ) ;
#5193 = CARTESIAN_POINT ( 'NONE',  ( -31.70000000003531682, -68.69999999999997442, 8.350000000007185008 ) ) ;
#5194 = ORIENTED_EDGE ( 'NONE', *, *, #713, .T. ) ;
#5195 = PLANE ( 'NONE',  #2488 ) ;
#5196 = VECTOR ( 'NONE', #6250, 1000.000000000000000 ) ;
#5197 = ORIENTED_EDGE ( 'NONE', *, *, #4574, .F. ) ;
#5198 = CARTESIAN_POINT ( 'NONE',  ( 170.1999999999999886, -76.20000000000001705, 0.000000000000000000 ) ) ;
#5199 = CARTESIAN_POINT ( 'NONE',  ( 0.000000000000000000, 58.70000000000000284, 33.00000000000000000 ) ) ;
#5200 = EDGE_CURVE ( 'NONE', #5023, #3681, #893, .T. ) ;
#5201 = VECTOR ( 'NONE', #3236, 1000.000000000000000 ) ;
#5202 = CARTESIAN_POINT ( 'NONE',  ( 175.1999999999999886, 0.000000000000000000, 54.35000000000000142 ) ) ;
#5204 = EDGE_CURVE ( 'NONE', #439, #3223, #6255, .T. ) ;
#5203 = LINE ( 'NONE', #5759, #3633 ) ;
#5205 = EDGE_LOOP ( 'NONE', ( #5192, #732, #6086, #6503 ) ) ;
#5206 = EDGE_LOOP ( 'NONE', ( #2397, #1765, #3642, #3249 ) ) ;
#5207 = VECTOR ( 'NONE', #1403, 1000.000000000000000 ) ;
#5208 = CARTESIAN_POINT ( 'NONE',  ( -60.79744412193167591, 73.70000000000000284, 42.22752926945950236 ) ) ;
#5209 = FACE_OUTER_BOUND ( 'NONE', #4533, .T. ) ;
#5210 = VERTEX_POINT ( 'NONE', #883 ) ;
#5211 = CIRCLE ( 'NONE', #4314, 1.000000000000000888 ) ;
#5212 = VERTEX_POINT ( 'NONE', #783 ) ;
#5213 = EDGE_CURVE ( 'NONE', #5374, #4555, #3034, .T. ) ;
#5214 = EDGE_LOOP ( 'NONE', ( #6112, #6401, #4305, #2294 ) ) ;
#5215 = CARTESIAN_POINT ( 'NONE',  ( -47.30288568288187889, 73.70000000000000284, 22.43012701887892035 ) ) ;
#5216 = AXIS2_PLACEMENT_3D ( 'NONE', #6744, #5740, #5219 ) ;
#5217 = FACE_OUTER_BOUND ( 'NONE', #2900, .T. ) ;
#5218 = VECTOR ( 'NONE', #3105, 1000.000000000000000 ) ;
#5219 = DIRECTION ( 'NONE',  ( 1.000000000000000000, 0.000000000000000000, 0.000000000000000000 ) ) ;
#5220 = AXIS2_PLACEMENT_3D ( 'NONE', #4268, #490, #6446 ) ;
#5221 = VECTOR ( 'NONE', #3191, 1000.000000000000000 ) ;
#5222 = DIRECTION ( 'NONE',  ( 0.000000000000000000, 0.000000000000000000, 1.000000000000000000 ) ) ;
#5223 = AXIS2_PLACEMENT_3D ( 'NONE', #4747, #4987, #3355 ) ;
#5224 = EDGE_CURVE ( 'NONE', #6846, #4576, #316, .T. ) ;
#5225 = DIRECTION ( 'NONE',  ( 1.000000000000000000, 0.000000000000000000, 0.000000000000000000 ) ) ;
#5226 = VECTOR ( 'NONE', #6120, 1000.000000000000000 ) ;
#5227 = EDGE_CURVE ( 'NONE', #4475, #3956, #4137, .T. ) ;
#5228 = DIRECTION ( 'NONE',  ( -0.000000000000000000, 0.000000000000000000, 1.000000000000000000 ) ) ;
#5229 = ORIENTED_EDGE ( 'NONE', *, *, #4019, .F. ) ;
#5230 = CARTESIAN_POINT ( 'NONE',  ( -15.90000000000000391, -37.50000000000000000, 6.349999999999999645 ) ) ;
#5231 = CARTESIAN_POINT ( 'NONE',  ( -107.6999999999739117, 41.85000000000001563, 6.350000000000001421 ) ) ;
#5232 = AXIS2_PLACEMENT_3D ( 'NONE', #3955, #6568, #577 ) ;
#5233 = VECTOR ( 'NONE', #3239, 1000.000000000000000 ) ;
#5234 = DIRECTION ( 'NONE',  ( -3.083952846180990774E-16, -1.000000000000000000, 0.000000000000000000 ) ) ;
#5235 = ORIENTED_EDGE ( 'NONE', *, *, #5014, .T. ) ;
#5236 = CIRCLE ( 'NONE', #2380, 2.000000000000001776 ) ;
#5237 = CARTESIAN_POINT ( 'NONE',  ( 107.4500000000000028, -69.95000000000000284, 6.788750500400403176 ) ) ;
#5238 = ORIENTED_EDGE ( 'NONE', *, *, #2690, .T. ) ;
#5239 = CARTESIAN_POINT ( 'NONE',  ( 101.2000000000000171, 0.000000000000000000, 54.35000000000000142 ) ) ;
#5240 = ORIENTED_EDGE ( 'NONE', *, *, #6635, .F. ) ;
#5241 = CARTESIAN_POINT ( 'NONE',  ( 133.7000000000000171, 76.20000000000000284, 42.35000000000000142 ) ) ;
#5242 = ORIENTED_EDGE ( 'NONE', *, *, #5213, .T. ) ;
#5243 = LINE ( 'NONE', #939, #107 ) ;
#5244 = ORIENTED_EDGE ( 'NONE', *, *, #895, .F. ) ;
#5245 = ORIENTED_EDGE ( 'NONE', *, *, #4481, .T. ) ;
#5246 = ADVANCED_FACE ( 'NONE', ( #4603 ), #4066, .F. ) ;
#5247 = CARTESIAN_POINT ( 'NONE',  ( 142.7000000000000455, 78.20000000000000284, 42.35000000000000142 ) ) ;
#5248 = LINE ( 'NONE', #2013, #4217 ) ;
#5249 = ORIENTED_EDGE ( 'NONE', *, *, #2728, .F. ) ;
#5250 = ORIENTED_EDGE ( 'NONE', *, *, #5717, .T. ) ;
#5251 = ORIENTED_EDGE ( 'NONE', *, *, #6526, .F. ) ;
#5252 = CARTESIAN_POINT ( 'NONE',  ( 172.2000000000000171, 68.19999999999997442, 8.350000000000003197 ) ) ;
#5253 = DIRECTION ( 'NONE',  ( -0.5000000000000002220, 0.000000000000000000, -0.8660254037844384856 ) ) ;
#5254 = EDGE_CURVE ( 'NONE', #6938, #4248, #6211, .T. ) ;
#5255 = FACE_BOUND ( 'NONE', #6228, .T. ) ;
#5256 = CARTESIAN_POINT ( 'NONE',  ( 123.2000000000000028, -123.2000000000000028, 188.0826607960165404 ) ) ;
#5257 = LINE ( 'NONE', #1529, #674 ) ;
#5258 = ORIENTED_EDGE ( 'NONE', *, *, #2081, .F. ) ;
#5259 = CARTESIAN_POINT ( 'NONE',  ( -33.70000000003532392, 68.70000000000000284, 18.34999999999999787 ) ) ;
#5260 = EDGE_CURVE ( 'NONE', #2128, #5070, #1357, .T. ) ;
#5261 = CARTESIAN_POINT ( 'NONE',  ( -63.69999999997390461, 73.70000000000000284, 44.35000000000000853 ) ) ;
#5262 = LINE ( 'NONE', #4843, #2521 ) ;
#5263 = EDGE_CURVE ( 'NONE', #3261, #6985, #4204, .T. ) ;
#5264 = VERTEX_POINT ( 'NONE', #2928 ) ;
#5265 = CARTESIAN_POINT ( 'NONE',  ( 105.9416697508023049, -71.45833024919770082, 5.581119809738426696 ) ) ;
#5266 = ORIENTED_EDGE ( 'NONE', *, *, #1276, .F. ) ;
#5267 = DIRECTION ( 'NONE',  ( -0.000000000000000000, -0.000000000000000000, -1.000000000000000000 ) ) ;
#5268 = ORIENTED_EDGE ( 'NONE', *, *, #748, .F. ) ;
#5269 = DIRECTION ( 'NONE',  ( 0.000000000000000000, 0.000000000000000000, -1.000000000000000000 ) ) ;
#5270 = CARTESIAN_POINT ( 'NONE',  ( -78.69999999997389750, 39.35000000000000853, 40.35000000000000142 ) ) ;
#5271 = FACE_OUTER_BOUND ( 'NONE', #890, .T. ) ;
#5272 = ORIENTED_EDGE ( 'NONE', *, *, #1955, .T. ) ;
#5273 = CARTESIAN_POINT ( 'NONE',  ( 99.20000000000001705, 68.70000000000000284, 16.34999999999999787 ) ) ;
#5274 = ORIENTED_EDGE ( 'NONE', *, *, #2486, .F. ) ;
#5275 = ORIENTED_EDGE ( 'NONE', *, *, #4061, .F. ) ;
#5276 = ADVANCED_FACE ( 'NONE', ( #5083, #2462, #495 ), #626, .T. ) ;
#5277 = LINE ( 'NONE', #1904, #1359 ) ;
#5278 = DIRECTION ( 'NONE',  ( 0.000000000000000000, -1.000000000000000000, -0.000000000000000000 ) ) ;
#5279 = ADVANCED_FACE ( 'NONE', ( #1560 ), #389, .F. ) ;
#5280 = VERTEX_POINT ( 'NONE', #6554 ) ;
#5281 = VERTEX_POINT ( 'NONE', #1695 ) ;
#5282 = EDGE_LOOP ( 'NONE', ( #2650, #4778, #1154, #965 ) ) ;
#5283 = DIRECTION ( 'NONE',  ( -1.000000000000000000, -0.000000000000000000, 0.000000000000000000 ) ) ;
#5284 = DIRECTION ( 'NONE',  ( 0.000000000000000000, 0.000000000000000000, -1.000000000000000000 ) ) ;
#5285 = CARTESIAN_POINT ( 'NONE',  ( 167.1999999999999886, 73.20000000000000284, 8.350000000000003197 ) ) ;
#5286 = DIRECTION ( 'NONE',  ( -0.000000000000000000, -0.000000000000000000, 1.000000000000000000 ) ) ;
#5287 = EDGE_CURVE ( 'NONE', #1299, #1441, #2270, .T. ) ;
#5288 = CARTESIAN_POINT ( 'NONE',  ( 62.30000000000001847, 32.94999999999999574, 36.00000000000000711 ) ) ;
#5289 = ORIENTED_EDGE ( 'NONE', *, *, #3050, .F. ) ;
#5290 = DIRECTION ( 'NONE',  ( 0.000000000000000000, 0.000000000000000000, -1.000000000000000000 ) ) ;
#5291 = DIRECTION ( 'NONE',  ( 0.000000000000000000, 0.000000000000000000, 1.000000000000000000 ) ) ;
#5292 = CARTESIAN_POINT ( 'NONE',  ( -53.70000000000000284, 67.35000000000000853, 10.02726047942455700 ) ) ;
#5293 = VERTEX_POINT ( 'NONE', #3699 ) ;
#5294 = CYLINDRICAL_SURFACE ( 'NONE', #6814, 11.50000000000000355 ) ;
#5295 = VERTEX_POINT ( 'NONE', #2030 ) ;
#5296 = DIRECTION ( 'NONE',  ( 1.000000000000000000, 0.000000000000000000, -0.000000000000000000 ) ) ;
#5297 = ORIENTED_EDGE ( 'NONE', *, *, #6988, .F. ) ;
#5298 = EDGE_CURVE ( 'NONE', #1311, #4932, #787, .T. ) ;
#5299 = CARTESIAN_POINT ( 'NONE',  ( -77.69999999997392592, 58.10000000000000853, 6.349999999999999645 ) ) ;
#5300 = CARTESIAN_POINT ( 'NONE',  ( -78.69999999997389750, 38.35000000000000853, 38.35000000000000853 ) ) ;
#5301 = EDGE_LOOP ( 'NONE', ( #4622, #2643, #6499, #4815, #3439, #6664 ) ) ;
#5302 = AXIS2_PLACEMENT_3D ( 'NONE', #2634, #5286, #2097 ) ;
#5303 = CYLINDRICAL_SURFACE ( 'NONE', #6122, 2.100000000000004530 ) ;
#5304 = ORIENTED_EDGE ( 'NONE', *, *, #412, .T. ) ;
#5305 = EDGE_CURVE ( 'NONE', #5373, #6593, #3881, .T. ) ;
#5306 = ORIENTED_EDGE ( 'NONE', *, *, #6604, .T. ) ;
#5307 = CARTESIAN_POINT ( 'NONE',  ( 101.2000000000000171, 69.87157287525380411, 6.349999999999999645 ) ) ;
#5308 =( BOUNDED_CURVE ( )  B_SPLINE_CURVE ( 3, ( #2546, #2513, #261, #5270 ),
 .UNSPECIFIED., .F., .F. ) 
 B_SPLINE_CURVE_WITH_KNOTS ( ( 4, 4 ),
 ( 3.141592653589793116, 4.712388980384689674 ),
 .UNSPECIFIED. ) 
 CURVE ( )  GEOMETRIC_REPRESENTATION_ITEM ( )  RATIONAL_B_SPLINE_CURVE ( ( 1.000000000000000000, 0.8047378541243649375, 0.8047378541243649375, 1.000000000000000000 ) ) 
 REPRESENTATION_ITEM ( '' )  );
#5309 = CARTESIAN_POINT ( 'NONE',  ( -63.43971145317940596, 35.08971145320801099, 13.99542556136193561 ) ) ;
#5310 = VERTEX_POINT ( 'NONE', #2773 ) ;
#5311 = VERTEX_POINT ( 'NONE', #464 ) ;
#5312 = AXIS2_PLACEMENT_3D ( 'NONE', #5892, #5855, #3215 ) ;
#5313 = ORIENTED_EDGE ( 'NONE', *, *, #1663, .F. ) ;
#5314 = CARTESIAN_POINT ( 'NONE',  ( 106.2000000000000028, -49.19999999999999574, 8.350000000000003197 ) ) ;
#5315 = CARTESIAN_POINT ( 'NONE',  ( 0.000000000000000000, 55.70000000000000284, 33.00000000000000000 ) ) ;
#5316 = CIRCLE ( 'NONE', #1578, 1.322739520575443750 ) ;
#5317 = LINE ( 'NONE', #4731, #4664 ) ;
#5318 = DIRECTION ( 'NONE',  ( 0.7071067811865474617, 0.7071067811865474617, 0.000000000000000000 ) ) ;
#5319 = AXIS2_PLACEMENT_3D ( 'NONE', #4689, #4540, #4586 ) ;
#5320 = EDGE_LOOP ( 'NONE', ( #2883, #1089, #4509, #4588 ) ) ;
#5321 = AXIS2_PLACEMENT_3D ( 'NONE', #840, #1980, #4121 ) ;
#5322 = CIRCLE ( 'NONE', #3067, 2.000000000000001776 ) ;
#5323 = EDGE_CURVE ( 'NONE', #793, #5852, #667, .T. ) ;
#5324 = CARTESIAN_POINT ( 'NONE',  ( 63.50000000000000000, -7.750000000000000000, 5.249999999999999112 ) ) ;
#5325 = CARTESIAN_POINT ( 'NONE',  ( -76.20000000000000284, -67.35000000000000853, 8.349999999999999645 ) ) ;
#5326 = DIRECTION ( 'NONE',  ( 0.000000000000000000, 0.000000000000000000, -1.000000000000000000 ) ) ;
#5327 = AXIS2_PLACEMENT_3D ( 'NONE', #1684, #3331, #1792 ) ;
#5328 = VECTOR ( 'NONE', #3827, 1000.000000000000000 ) ;
#5329 = ORIENTED_EDGE ( 'NONE', *, *, #5726, .T. ) ;
#5330 = CARTESIAN_POINT ( 'NONE',  ( -63.69999999997390461, 36.35000000000000853, 0.000000000000000000 ) ) ;
#5331 = ORIENTED_EDGE ( 'NONE', *, *, #2124, .F. ) ;
#5332 = CARTESIAN_POINT ( 'NONE',  ( -60.14365081386986134, 31.20786437626905752, 6.350000000000003197 ) ) ;
#5333 = VECTOR ( 'NONE', #2654, 1000.000000000000000 ) ;
#5334 = ORIENTED_EDGE ( 'NONE', *, *, #4762, .F. ) ;
#5335 = AXIS2_PLACEMENT_3D ( 'NONE', #6857, #1998, #4174 ) ;
#5336 = AXIS2_PLACEMENT_3D ( 'NONE', #3927, #3850, #638 ) ;
#5337 = AXIS2_PLACEMENT_3D ( 'NONE', #3289, #2762, #2221 ) ;
#5338 = PLANE ( 'NONE',  #6815 ) ;
#5339 = EDGE_CURVE ( 'NONE', #1001, #5311, #4244, .T. ) ;
#5340 = DIRECTION ( 'NONE',  ( 0.000000000000000000, 0.000000000000000000, -1.000000000000000000 ) ) ;
#5341 = AXIS2_PLACEMENT_3D ( 'NONE', #4634, #6784, #4604 ) ;
#5342 = EDGE_LOOP ( 'NONE', ( #2555, #3764, #2302, #2784 ) ) ;
#5343 = EDGE_CURVE ( 'NONE', #6020, #733, #2566, .T. ) ;
#5344 = DIRECTION ( 'NONE',  ( 0.000000000000000000, -0.000000000000000000, -1.000000000000000000 ) ) ;
#5345 = EDGE_LOOP ( 'NONE', ( #2645, #422, #6044, #4801, #5138, #2824, #6755, #4427 ) ) ;
#5346 = ORIENTED_EDGE ( 'NONE', *, *, #6686, .T. ) ;
#5347 = FACE_OUTER_BOUND ( 'NONE', #4202, .T. ) ;
#5348 = EDGE_CURVE ( 'NONE', #2989, #4295, #5768, .T. ) ;
#5349 = CARTESIAN_POINT ( 'NONE',  ( -63.65045713878811995, 35.30045713881163749, 15.17861097356928646 ) ) ;
#5350 = ORIENTED_EDGE ( 'NONE', *, *, #2464, .T. ) ;
#5351 = LINE ( 'NONE', #5711, #2267 ) ;
#5352 = VERTEX_POINT ( 'NONE', #5882 ) ;
#5353 = ORIENTED_EDGE ( 'NONE', *, *, #2172, .F. ) ;
#5354 = CARTESIAN_POINT ( 'NONE',  ( 0.000000000000000000, -76.20000000000000284, 54.35000000000000142 ) ) ;
#5355 = DIRECTION ( 'NONE',  ( -1.000000000000000000, 0.000000000000000000, 0.000000000000000000 ) ) ;
#5356 = DIRECTION ( 'NONE',  ( 1.000000000000000000, -0.000000000000000000, 0.000000000000000000 ) ) ;
#5357 = LINE ( 'NONE', #2126, #6782 ) ;
#5358 = CARTESIAN_POINT ( 'NONE',  ( 172.1999999999999886, -68.19999999999997442, 7.178427124746185051 ) ) ;
#5359 = ORIENTED_EDGE ( 'NONE', *, *, #2978, .T. ) ;
#5360 = DIRECTION ( 'NONE',  ( -0.000000000000000000, -0.000000000000000000, -1.000000000000000000 ) ) ;
#5361 = DIRECTION ( 'NONE',  ( 0.000000000000000000, 0.000000000000000000, 1.000000000000000000 ) ) ;
#5362 = CARTESIAN_POINT ( 'NONE',  ( -31.70000000003532392, -73.70000000000000284, 18.34999999999999787 ) ) ;
#5363 = DIRECTION ( 'NONE',  ( 0.000000000000000000, 1.000000000000000000, -0.000000000000000000 ) ) ;
#5364 = EDGE_CURVE ( 'NONE', #4851, #3106, #3597, .T. ) ;
#5365 = CARTESIAN_POINT ( 'NONE',  ( -53.70000000000000284, 67.35000000000000853, 20.35000000000000142 ) ) ;
#5366 = VERTEX_POINT ( 'NONE', #1531 ) ;
#5367 = CARTESIAN_POINT ( 'NONE',  ( -73.69999999997389750, -73.70000000000000284, 291599.6825000000536 ) ) ;
#5368 = EDGE_LOOP ( 'NONE', ( #178, #2330, #2322, #6240 ) ) ;
#5369 = DIRECTION ( 'NONE',  ( 0.000000000000000000, 0.000000000000000000, 1.000000000000000000 ) ) ;
#5370 = DIRECTION ( 'NONE',  ( 0.000000000000000000, 0.000000000000000000, -1.000000000000000000 ) ) ;
#5371 = ORIENTED_EDGE ( 'NONE', *, *, #4140, .T. ) ;
#5372 = CARTESIAN_POINT ( 'NONE',  ( 84.55000000000001137, 36.19999999999999574, 20.00000000000000355 ) ) ;
#5373 = VERTEX_POINT ( 'NONE', #6882 ) ;
#5374 = VERTEX_POINT ( 'NONE', #5325 ) ;
#5375 = EDGE_CURVE ( 'NONE', #2869, #321, #3522, .T. ) ;
#5376 = CARTESIAN_POINT ( 'NONE',  ( -117.6999999999738975, 67.35000000000000853, 6.349999999999999645 ) ) ;
#5377 = CARTESIAN_POINT ( 'NONE',  ( -61.47463539002116306, 33.12463539004728119, 10.01404124814111896 ) ) ;
#5378 = EDGE_LOOP ( 'NONE', ( #4317, #116, #2547, #2418 ) ) ;
#5379 = CARTESIAN_POINT ( 'NONE',  ( -76.20000000000000284, 33.35000000000000142, 16.35000000000000142 ) ) ;
#5380 = ORIENTED_EDGE ( 'NONE', *, *, #5305, .T. ) ;
#5381 = VERTEX_POINT ( 'NONE', #4274 ) ;
#5382 = CARTESIAN_POINT ( 'NONE',  ( 66.30000000000001137, 36.19999999999999574, 2.600000000000000089 ) ) ;
#5383 = CARTESIAN_POINT ( 'NONE',  ( -45.90577136594008323, 73.70000000000000284, 26.17273952057547604 ) ) ;
#5384 = ADVANCED_FACE ( 'NONE', ( #3209 ), #6027, .F. ) ;
#5385 = CARTESIAN_POINT ( 'NONE',  ( -63.63955678060009546, 64.97513383894263939, 41.26279517657575013 ) ) ;
#5386 = DIRECTION ( 'NONE',  ( -1.000000000000000000, 0.000000000000000000, 0.000000000000000000 ) ) ;
#5387 = LINE ( 'NONE', #524, #1480 ) ;
#5388 = ORIENTED_EDGE ( 'NONE', *, *, #3925, .F. ) ;
#5389 = CARTESIAN_POINT ( 'NONE',  ( -52.30288568300522911, 67.35000000000000853, 13.76987298107057001 ) ) ;
#5390 = DIRECTION ( 'NONE',  ( -6.938893903907228378E-16, -0.000000000000000000, 1.000000000000000000 ) ) ;
#5391 = CYLINDRICAL_SURFACE ( 'NONE', #3065, 1.000000000000000000 ) ;
#5392 = DIRECTION ( 'NONE',  ( 0.000000000000000000, 0.000000000000000000, 1.000000000000000000 ) ) ;
#5393 = ORIENTED_EDGE ( 'NONE', *, *, #4691, .F. ) ;
#5394 = ADVANCED_FACE ( 'NONE', ( #2804 ), #2837, .F. ) ;
#5395 = CARTESIAN_POINT ( 'NONE',  ( -61.49422863406000062, -67.35000000000000853, 26.17273952057537301 ) ) ;
#5396 = ORIENTED_EDGE ( 'NONE', *, *, #6586, .T. ) ;
#5397 = PLANE ( 'NONE',  #5674 ) ;
#5398 = CARTESIAN_POINT ( 'NONE',  ( 70.30000000000001137, 39.45000000000000995, 36.00000000000000711 ) ) ;
#5399 = EDGE_LOOP ( 'NONE', ( #1997, #4868, #5240, #374 ) ) ;
#5400 = DIRECTION ( 'NONE',  ( 0.000000000000000000, 0.000000000000000000, 1.000000000000000000 ) ) ;
#5401 = ORIENTED_EDGE ( 'NONE', *, *, #4606, .T. ) ;
#5402 = EDGE_LOOP ( 'NONE', ( #2410, #190, #6440, #832 ) ) ;
#5403 = EDGE_CURVE ( 'NONE', #4256, #6789, #6315, .T. ) ;
#5404 = CARTESIAN_POINT ( 'NONE',  ( 120.1999999999999886, -120.1999999999999886, 54.35000000000000142 ) ) ;
#5405 = CARTESIAN_POINT ( 'NONE',  ( -61.23386811747460712, 33.63725492925009064, 9.741732493769756474 ) ) ;
#5406 = CIRCLE ( 'NONE', #4298, 1.650000000000002132 ) ;
#5407 = ADVANCED_FACE ( 'NONE', ( #3108 ), #131, .F. ) ;
#5408 = DIRECTION ( 'NONE',  ( -0.000000000000000000, 0.000000000000000000, 1.000000000000000000 ) ) ;
#5409 = VERTEX_POINT ( 'NONE', #3914 ) ;
#5410 = DIRECTION ( 'NONE',  ( 0.000000000000000000, 1.000000000000000000, -0.000000000000000000 ) ) ;
#5411 = ORIENTED_EDGE ( 'NONE', *, *, #6309, .T. ) ;
#5412 = EDGE_CURVE ( 'NONE', #1510, #6845, #3474, .T. ) ;
#5413 = ORIENTED_EDGE ( 'NONE', *, *, #4764, .F. ) ;
#5414 = FACE_OUTER_BOUND ( 'NONE', #6151, .T. ) ;
#5415 = CIRCLE ( 'NONE', #77, 2.000000000000000000 ) ;
#5416 = LINE ( 'NONE', #4937, #3073 ) ;
#5417 = EDGE_CURVE ( 'NONE', #4757, #3354, #705, .T. ) ;
#5418 = CARTESIAN_POINT ( 'NONE',  ( -117.6999999999738975, 38.35000000000000853, 6.349999999999999645 ) ) ;
#5419 = AXIS2_PLACEMENT_3D ( 'NONE', #1354, #2964, #6251 ) ;
#5420 = VECTOR ( 'NONE', #600, 1000.000000000000000 ) ;
#5421 = ADVANCED_FACE ( 'NONE', ( #194 ), #5592, .F. ) ;
#5422 = CARTESIAN_POINT ( 'NONE',  ( 99.20000000000001705, -75.70000000000000284, 16.34999999999999787 ) ) ;
#5423 = CARTESIAN_POINT ( 'NONE',  ( -77.69999999997389750, 73.70000000000000284, 43.35000000000000853 ) ) ;
#5424 = ORIENTED_EDGE ( 'NONE', *, *, #1955, .F. ) ;
#5425 = LINE ( 'NONE', #5464, #919 ) ;
#5426 = VECTOR ( 'NONE', #2077, 1000.000000000000000 ) ;
#5427 = CARTESIAN_POINT ( 'NONE',  ( -101.7000000000000028, 67.35000000000000853, 8.350000000000001421 ) ) ;
#5428 = CARTESIAN_POINT ( 'NONE',  ( -33.70000000003532392, 68.70000000000000284, 16.35000000000000142 ) ) ;
#5429 = CIRCLE ( 'NONE', #3653, 2.000000000000000000 ) ;
#5430 = DIRECTION ( 'NONE',  ( -1.000000000000000000, 0.000000000000000000, 0.000000000000000000 ) ) ;
#5431 = VERTEX_POINT ( 'NONE', #4482 ) ;
#5432 = CIRCLE ( 'NONE', #214, 2.000000000000001776 ) ;
#5433 = LINE ( 'NONE', #2180, #5895 ) ;
#5434 = EDGE_LOOP ( 'NONE', ( #2188, #3600, #3122, #5096 ) ) ;
#5435 = DIRECTION ( 'NONE',  ( 0.000000000000000000, 0.000000000000000000, -1.000000000000000000 ) ) ;
#5436 = CIRCLE ( 'NONE', #1246, 18.25000000000000355 ) ;
#5437 = CIRCLE ( 'NONE', #2386, 1.000000000000000888 ) ;
#5438 = DIRECTION ( 'NONE',  ( -1.000000000000000000, 0.000000000000000000, 0.000000000000000000 ) ) ;
#5439 = VERTEX_POINT ( 'NONE', #2305 ) ;
#5440 = VECTOR ( 'NONE', #5039, 1000.000000000000114 ) ;
#5441 = DIRECTION ( 'NONE',  ( 0.000000000000000000, 0.000000000000000000, 1.000000000000000000 ) ) ;
#5442 = ORIENTED_EDGE ( 'NONE', *, *, #4585, .T. ) ;
#5443 = VECTOR ( 'NONE', #3221, 1000.000000000000000 ) ;
#5444 = ORIENTED_EDGE ( 'NONE', *, *, #2673, .F. ) ;
#5445 = AXIS2_PLACEMENT_3D ( 'NONE', #1332, #2440, #1900 ) ;
#5446 = DIRECTION ( 'NONE',  ( 0.000000000000000000, -1.000000000000000000, 0.000000000000000000 ) ) ;
#5447 = CARTESIAN_POINT ( 'NONE',  ( -11.70000000000000817, -37.50000000000000000, 6.349999999999999645 ) ) ;
#5448 = AXIS2_PLACEMENT_3D ( 'NONE', #6995, #2142, #4421 ) ;
#5449 = CYLINDRICAL_SURFACE ( 'NONE', #1373, 1.322739520575443750 ) ;
#5450 = EDGE_CURVE ( 'NONE', #1510, #2441, #6088, .T. ) ;
#5451 = CIRCLE ( 'NONE', #3092, 1.200000000000006617 ) ;
#5452 = LINE ( 'NONE', #6546, #1369 ) ;
#5453 = EDGE_LOOP ( 'NONE', ( #525, #4541, #1463, #1163 ) ) ;
#5454 = CARTESIAN_POINT ( 'NONE',  ( -76.20000000000000284, -76.20000000000000284, 6.349999999999999645 ) ) ;
#5455 = ORIENTED_EDGE ( 'NONE', *, *, #826, .F. ) ;
#5456 = EDGE_CURVE ( 'NONE', #3660, #4088, #4546, .T. ) ;
#5457 = EDGE_LOOP ( 'NONE', ( #4369, #5581, #4007, #1848 ) ) ;
#5458 = DIRECTION ( 'NONE',  ( 0.000000000000000000, 0.000000000000000000, -1.000000000000000000 ) ) ;
#5459 = DIRECTION ( 'NONE',  ( 0.000000000000000000, -0.000000000000000000, 1.000000000000000000 ) ) ;
#5460 = FACE_OUTER_BOUND ( 'NONE', #987, .T. ) ;
#5461 = DIRECTION ( 'NONE',  ( -0.000000000000000000, -0.000000000000000000, -1.000000000000000000 ) ) ;
#5462 = DIRECTION ( 'NONE',  ( 0.000000000000000000, 0.000000000000000000, 1.000000000000000000 ) ) ;
#5463 = EDGE_CURVE ( 'NONE', #2640, #4928, #1802, .T. ) ;
#5464 = CARTESIAN_POINT ( 'NONE',  ( -33.70000000023765097, -67.35000000000000853, 291599.6824999997625 ) ) ;
#5465 = CARTESIAN_POINT ( 'NONE',  ( 70.30000000000001137, 32.95000000000000284, 36.00000000000000711 ) ) ;
#5466 = CARTESIAN_POINT ( 'NONE',  ( 61.85000000000000142, -63.50000000000000000, 6.349999999999999645 ) ) ;
#5467 = CARTESIAN_POINT ( 'NONE',  ( 62.30000000000001847, 32.94999999999999574, 36.00000000000000711 ) ) ;
#5468 = EDGE_CURVE ( 'NONE', #4291, #5020, #2880, .T. ) ;
#5469 = ORIENTED_EDGE ( 'NONE', *, *, #973, .T. ) ;
#5470 = DIRECTION ( 'NONE',  ( 1.000000000000000000, 0.000000000000000000, 0.000000000000000000 ) ) ;
#5471 = EDGE_CURVE ( 'NONE', #2675, #242, #6599, .T. ) ;
#5472 = LINE ( 'NONE', #2246, #6247 ) ;
#5473 = ORIENTED_EDGE ( 'NONE', *, *, #6851, .F. ) ;
#5474 = CARTESIAN_POINT ( 'NONE',  ( -61.49422863406000062, -67.35000000000000853, 26.17273952057537301 ) ) ;
#5475 = ORIENTED_EDGE ( 'NONE', *, *, #985, .F. ) ;
#5476 = ORIENTED_EDGE ( 'NONE', *, *, #6041, .F. ) ;
#5477 = DIRECTION ( 'NONE',  ( 1.000000000000000000, 0.000000000000000000, 0.000000000000000000 ) ) ;
#5478 = CYLINDRICAL_SURFACE ( 'NONE', #3084, 1.000000000000000888 ) ;
#5479 = CARTESIAN_POINT ( 'NONE',  ( 106.4846714505081309, -68.98466506543262255, 6.370230809508315772 ) ) ;
#5480 = DIRECTION ( 'NONE',  ( -1.000000000000000000, 0.000000000000000000, 0.000000000000000000 ) ) ;
#5481 = ORIENTED_EDGE ( 'NONE', *, *, #5412, .F. ) ;
#5482 = FACE_OUTER_BOUND ( 'NONE', #6975, .T. ) ;
#5483 = ORIENTED_EDGE ( 'NONE', *, *, #3, .F. ) ;
#5484 = ORIENTED_EDGE ( 'NONE', *, *, #850, .T. ) ;
#5485 = DIRECTION ( 'NONE',  ( 0.000000000000000000, -0.000000000000000000, -1.000000000000000000 ) ) ;
#5486 = ADVANCED_FACE ( 'NONE', ( #1309 ), #4018, .T. ) ;
#5487 = SPHERICAL_SURFACE ( 'NONE', #6565, 1.000000000000000000 ) ;
#5488 = CARTESIAN_POINT ( 'NONE',  ( 100.3715728752538041, -73.70000000000000284, 6.350000000000003197 ) ) ;
#5489 = ADVANCED_FACE ( 'NONE', ( #1278 ), #3942, .T. ) ;
#5490 = LINE ( 'NONE', #4968, #568 ) ;
#5491 = PLANE ( 'NONE',  #882 ) ;
#5492 = PLANE ( 'NONE',  #7021 ) ;
#5493 = LINE ( 'NONE', #4810, #3545 ) ;
#5494 = DIRECTION ( 'NONE',  ( -1.000000000000000000, -0.000000000000000000, 0.000000000000000000 ) ) ;
#5495 = EDGE_CURVE ( 'NONE', #4948, #2862, #237, .T. ) ;
#5496 = CARTESIAN_POINT ( 'NONE',  ( -107.6999999999739117, 41.85000000000001563, 47.88553390593274628 ) ) ;
#5497 = FILL_AREA_STYLE ('',( #1210 ) ) ;
#5498 = DIRECTION ( 'NONE',  ( -2.057492632737503734E-16, -1.000000000000000000, 0.000000000000000000 ) ) ;
#5499 = VERTEX_POINT ( 'NONE', #810 ) ;
#5500 = DIRECTION ( 'NONE',  ( 1.000000000000000000, 0.000000000000000000, -0.000000000000000000 ) ) ;
#5501 = CARTESIAN_POINT ( 'NONE',  ( 0.000000000000000000, 0.000000000000000000, 6.349999999999999645 ) ) ;
#5502 = EDGE_LOOP ( 'NONE', ( #1044, #1076, #29, #3612 ) ) ;
#5503 = CYLINDRICAL_SURFACE ( 'NONE', #1824, 2.000000000000000000 ) ;
#5504 = ORIENTED_EDGE ( 'NONE', *, *, #4700, .T. ) ;
#5505 = EDGE_CURVE ( 'NONE', #4555, #6429, #1233, .T. ) ;
#5506 = VERTEX_POINT ( 'NONE', #87 ) ;
#5507 = CYLINDRICAL_SURFACE ( 'NONE', #6012, 1.325000000000003286 ) ;
#5508 = DIRECTION ( 'NONE',  ( -0.000000000000000000, -1.000000000000000000, -0.000000000000000000 ) ) ;
#5509 = CARTESIAN_POINT ( 'NONE',  ( 106.3516465797487598, -68.85354471541229771, 6.355744948736468558 ) ) ;
#5510 = LINE ( 'NONE', #698, #6808 ) ;
#5511 = EDGE_LOOP ( 'NONE', ( #2534, #4578, #6188, #4882, #5444 ) ) ;
#5512 = EDGE_CURVE ( 'NONE', #5281, #822, #1940, .T. ) ;
#5513 = CARTESIAN_POINT ( 'NONE',  ( 142.7000000000000171, 78.20000000000000284, 39.34999999999999432 ) ) ;
#5514 = EDGE_LOOP ( 'NONE', ( #2544, #2914 ) ) ;
#5515 = ORIENTED_EDGE ( 'NONE', *, *, #4990, .T. ) ;
#5516 = CARTESIAN_POINT ( 'NONE',  ( 99.20000000000001705, 73.70000000000000284, 16.35000000000000142 ) ) ;
#5517 = CARTESIAN_POINT ( 'NONE',  ( -13.80000000000000604, 37.50000000000001421, 6.349999999999999645 ) ) ;
#5518 = CARTESIAN_POINT ( 'NONE',  ( 63.50000000000000000, 0.000000000000000000, 5.249999999999999112 ) ) ;
#5519 = AXIS2_PLACEMENT_3D ( 'NONE', #6280, #5818, #5225 ) ;
#5520 = DIRECTION ( 'NONE',  ( 0.000000000000000000, 0.000000000000000000, -1.000000000000000000 ) ) ;
#5521 = CARTESIAN_POINT ( 'NONE',  ( -45.37468245263198696, 67.35000000000000853, 9.769872981024718683 ) ) ;
#5522 = DIRECTION ( 'NONE',  ( -0.000000000000000000, 0.000000000000000000, 1.000000000000000000 ) ) ;
#5523 = AXIS2_PLACEMENT_3D ( 'NONE', #2558, #6241, #3559 ) ;
#5524 =( BOUNDED_CURVE ( )  B_SPLINE_CURVE ( 3, ( #4535, #3934, #3466, #4431 ),
 .UNSPECIFIED., .F., .F. ) 
 B_SPLINE_CURVE_WITH_KNOTS ( ( 4, 4 ),
 ( 1.570796326794896558, 3.141592653589793116 ),
 .UNSPECIFIED. ) 
 CURVE ( )  GEOMETRIC_REPRESENTATION_ITEM ( )  RATIONAL_B_SPLINE_CURVE ( ( 1.000000000000000000, 0.8047378541243649375, 0.8047378541243649375, 1.000000000000000000 ) ) 
 REPRESENTATION_ITEM ( '' )  );
#5525 = DIRECTION ( 'NONE',  ( 0.000000000000000000, -1.000000000000000000, 0.000000000000000000 ) ) ;
#5526 = LINE ( 'NONE', #2426, #3171 ) ;
#5527 = DIRECTION ( 'NONE',  ( -0.000000000000000000, 0.000000000000000000, 1.000000000000000000 ) ) ;
#5528 = EDGE_CURVE ( 'NONE', #2363, #3463, #1742, .T. ) ;
#5529 = DIRECTION ( 'NONE',  ( -0.000000000000000000, -0.000000000000000000, -1.000000000000000000 ) ) ;
#5530 = EDGE_LOOP ( 'NONE', ( #5929, #549, #2556, #1551, #4647 ) ) ;
#5531 = CARTESIAN_POINT ( 'NONE',  ( -107.6999999999739117, 41.85000000000001563, 0.000000000000000000 ) ) ;
#5532 = DIRECTION ( 'NONE',  ( -1.000000000000000000, 0.000000000000000000, 0.000000000000000000 ) ) ;
#5533 = CIRCLE ( 'NONE', #436, 1.000000000000000888 ) ;
#5534 = VECTOR ( 'NONE', #4449, 1000.000000000000000 ) ;
#5535 = ORIENTED_EDGE ( 'NONE', *, *, #3263, .T. ) ;
#5536 = LINE ( 'NONE', #688, #2614 ) ;
#5537 = VERTEX_POINT ( 'NONE', #163 ) ;
#5538 = ORIENTED_EDGE ( 'NONE', *, *, #469, .T. ) ;
#5539 = AXIS2_PLACEMENT_3D ( 'NONE', #6189, #2941, #4149 ) ;
#5540 = EDGE_CURVE ( 'NONE', #493, #6342, #4326, .T. ) ;
#5541 = DIRECTION ( 'NONE',  ( 0.000000000000000000, 0.000000000000000000, -1.000000000000000000 ) ) ;
#5542 = VECTOR ( 'NONE', #6484, 1000.000000000000000 ) ;
#5543 = AXIS2_PLACEMENT_3D ( 'NONE', #4024, #2310, #5148 ) ;
#5544 = LINE ( 'NONE', #3359, #6698 ) ;
#5545 = CARTESIAN_POINT ( 'NONE',  ( 106.2443945340518212, -68.82681093340461587, 6.350477316145151541 ) ) ;
#5546 = VECTOR ( 'NONE', #2948, 1000.000000000000000 ) ;
#5547 = EDGE_CURVE ( 'NONE', #2882, #1935, #2839, .T. ) ;
#5548 = AXIS2_PLACEMENT_3D ( 'NONE', #6895, #4180, #4075 ) ;
#5549 = LINE ( 'NONE', #6512, #118 ) ;
#5550 = VERTEX_POINT ( 'NONE', #841 ) ;
#5551 = AXIS2_PLACEMENT_3D ( 'NONE', #5193, #2898, #4681 ) ;
#5552 = CIRCLE ( 'NONE', #3414, 3.000000000000002665 ) ;
#5553 = DIRECTION ( 'NONE',  ( 0.000000000000000000, 0.000000000000000000, -1.000000000000000000 ) ) ;
#5554 = VECTOR ( 'NONE', #3902, 1000.000000000000000 ) ;
#5555 = ORIENTED_EDGE ( 'NONE', *, *, #997, .F. ) ;
#5556 = ORIENTED_EDGE ( 'NONE', *, *, #6820, .T. ) ;
#5557 = AXIS2_PLACEMENT_3D ( 'NONE', #5190, #1358, #6317 ) ;
#5558 = DIRECTION ( 'NONE',  ( 1.000000000000000000, 0.000000000000000000, 0.000000000000000000 ) ) ;
#5559 = VECTOR ( 'NONE', #2888, 1000.000000000000000 ) ;
#5560 = CARTESIAN_POINT ( 'NONE',  ( 104.2000000000000028, -69.20000000000000284, 24.34999999999999787 ) ) ;
#5561 = DIRECTION ( 'NONE',  ( 0.000000000000000000, 0.000000000000000000, -1.000000000000000000 ) ) ;
#5562 = AXIS2_PLACEMENT_3D ( 'NONE', #2073, #5326, #1634 ) ;
#5563 = ORIENTED_EDGE ( 'NONE', *, *, #2990, .F. ) ;
#5564 = ORIENTED_EDGE ( 'NONE', *, *, #1778, .F. ) ;
#5565 = CARTESIAN_POINT ( 'NONE',  ( 63.49999999999988631, 63.49999999999994316, 6.349999999999999645 ) ) ;
#5566 = CARTESIAN_POINT ( 'NONE',  ( -76.20000000000000284, 0.000000000000000000, 0.000000000000000000 ) ) ;
#5567 = DIRECTION ( 'NONE',  ( -1.000000000000000000, 2.057492632737503734E-16, -0.000000000000000000 ) ) ;
#5568 = CARTESIAN_POINT ( 'NONE',  ( -66.20000000000001705, -13.99999999999999822, 6.349999999999999645 ) ) ;
#5569 = DIRECTION ( 'NONE',  ( 0.000000000000000000, -1.000000000000000000, 0.000000000000000000 ) ) ;
#5570 = VECTOR ( 'NONE', #6718, 1000.000000000000000 ) ;
#5571 = DIRECTION ( 'NONE',  ( -0.000000000000000000, 1.000000000000000000, 0.000000000000000000 ) ) ;
#5572 = DIRECTION ( 'NONE',  ( -0.000000000000000000, 0.000000000000000000, -1.000000000000000000 ) ) ;
#5573 = LINE ( 'NONE', #6747, #5570 ) ;
#5574 = VERTEX_POINT ( 'NONE', #5766 ) ;
#5575 = CARTESIAN_POINT ( 'NONE',  ( -76.20000000000000284, -67.35000000000000853, 16.35000000000000142 ) ) ;
#5576 = DIRECTION ( 'NONE',  ( 1.000000000000000000, 0.000000000000000000, 0.000000000000000000 ) ) ;
#5577 = ADVANCED_FACE ( 'NONE', ( #2553 ), #2581, .F. ) ;
#5578 = ORIENTED_EDGE ( 'NONE', *, *, #3270, .F. ) ;
#5579 = DIRECTION ( 'NONE',  ( 1.000000000000000000, 0.000000000000000000, -0.000000000000000000 ) ) ;
#5580 = VERTEX_POINT ( 'NONE', #4694 ) ;
#5581 = ORIENTED_EDGE ( 'NONE', *, *, #32, .T. ) ;
#5582 = CARTESIAN_POINT ( 'NONE',  ( 66.30000000000001137, 36.19999999999999574, 0.000000000000000000 ) ) ;
#5583 = CYLINDRICAL_SURFACE ( 'NONE', #1705, 1.000000000000000888 ) ;
#5584 = CARTESIAN_POINT ( 'NONE',  ( 106.6225495266609187, -69.12254943192675682, 6.395144775489089106 ) ) ;
#5585 = FACE_OUTER_BOUND ( 'NONE', #4631, .T. ) ;
#5586 = ORIENTED_EDGE ( 'NONE', *, *, #3647, .T. ) ;
#5588 = ADVANCED_FACE ( 'NONE', ( #5209 ), #1981, .F. ) ;
#5587 = CARTESIAN_POINT ( 'NONE',  ( -77.69999999997389750, 67.35000000000000853, 37.35000000000000853 ) ) ;
#5589 = ORIENTED_EDGE ( 'NONE', *, *, #5705, .F. ) ;
#5590 = ORIENTED_EDGE ( 'NONE', *, *, #6769, .F. ) ;
#5591 = CARTESIAN_POINT ( 'NONE',  ( 0.000000000000000000, 0.000000000000000000, 6.349999999999999645 ) ) ;
#5592 = CYLINDRICAL_SURFACE ( 'NONE', #6447, 1.000000000000000888 ) ;
#5593 = CARTESIAN_POINT ( 'NONE',  ( -73.69999999997389750, -67.35000000000000853, 16.34999999998854037 ) ) ;
#5594 = EDGE_CURVE ( 'NONE', #4584, #972, #1024, .T. ) ;
#5595 = ORIENTED_EDGE ( 'NONE', *, *, #6154, .F. ) ;
#5596 = ORIENTED_EDGE ( 'NONE', *, *, #2597, .F. ) ;
#5597 = CARTESIAN_POINT ( 'NONE',  ( -76.20000000000000284, 33.35000000000000142, 16.35000000000000142 ) ) ;
#5598 = LINE ( 'NONE', #1314, #2616 ) ;
#5599 = EDGE_CURVE ( 'NONE', #424, #1588, #4724, .T. ) ;
#5600 = CYLINDRICAL_SURFACE ( 'NONE', #2742, 1.325000000000006839 ) ;
#5601 = CARTESIAN_POINT ( 'NONE',  ( -53.70000000000000284, 67.35000000000000853, 11.35000000000000142 ) ) ;
#5602 = DIRECTION ( 'NONE',  ( 5.337610695313255329E-16, 1.000000000000000000, 0.000000000000000000 ) ) ;
#5603 = ADVANCED_FACE ( 'NONE', ( #3096 ), #2054, .F. ) ;
#5604 = DIRECTION ( 'NONE',  ( -0.4999999999999985012, 0.000000000000000000, -0.8660254037844394848 ) ) ;
#5605 = CARTESIAN_POINT ( 'NONE',  ( 105.0284271247461874, 72.37157287525380411, 6.350000000000003197 ) ) ;
#5606 = ORIENTED_EDGE ( 'NONE', *, *, #5930, .F. ) ;
#5607 = CARTESIAN_POINT ( 'NONE',  ( 120.1999999999999886, -120.1999999999999886, 54.35000000000000142 ) ) ;
#5608 = DIRECTION ( 'NONE',  ( 0.000000000000000000, 0.000000000000000000, -1.000000000000000000 ) ) ;
#5609 = ORIENTED_EDGE ( 'NONE', *, *, #2428, .T. ) ;
#5610 = CARTESIAN_POINT ( 'NONE',  ( 34.10000000000000142, 37.50000000000000000, 6.349999999999999645 ) ) ;
#5611 = ORIENTED_EDGE ( 'NONE', *, *, #5468, .T. ) ;
#5612 = ORIENTED_EDGE ( 'NONE', *, *, #6412, .T. ) ;
#5613 = DIRECTION ( 'NONE',  ( 0.000000000000000000, 0.000000000000000000, -1.000000000000000000 ) ) ;
#5614 = CARTESIAN_POINT ( 'NONE',  ( 106.4411494900987236, -68.94114704554746709, 6.364586461771200909 ) ) ;
#5615 = CARTESIAN_POINT ( 'NONE',  ( 101.2000000000000171, 0.000000000000000000, 54.35000000000000142 ) ) ;
#5616 = ORIENTED_EDGE ( 'NONE', *, *, #671, .F. ) ;
#5617 = CARTESIAN_POINT ( 'NONE',  ( 0.000000000000000000, -78.20000000000000284, 39.34999999999999432 ) ) ;
#5618 = VERTEX_POINT ( 'NONE', #3688 ) ;
#5619 = ORIENTED_EDGE ( 'NONE', *, *, #5505, .F. ) ;
#5620 = EDGE_CURVE ( 'NONE', #4508, #1040, #5248, .T. ) ;
#5621 = DIRECTION ( 'NONE',  ( 0.000000000000000000, 1.000000000000000000, 0.000000000000000000 ) ) ;
#5622 = ADVANCED_FACE ( 'NONE', ( #339 ), #6302, .T. ) ;
#5623 = DIRECTION ( 'NONE',  ( 8.673617379884035472E-16, -1.000000000000000000, 0.000000000000000000 ) ) ;
#5624 = CARTESIAN_POINT ( 'NONE',  ( 46.05000000000000426, 36.19999999999999574, 2.600000000000000089 ) ) ;
#5625 = ORIENTED_EDGE ( 'NONE', *, *, #3248, .T. ) ;
#5626 = VERTEX_POINT ( 'NONE', #6334 ) ;
#5627 = CARTESIAN_POINT ( 'NONE',  ( 172.2000000000000171, 68.19999999999996021, 8.349999999999999645 ) ) ;
#5628 = CYLINDRICAL_SURFACE ( 'NONE', #5543, 11.50000000000000355 ) ;
#5629 = DIRECTION ( 'NONE',  ( 0.000000000000000000, 0.000000000000000000, 1.000000000000000000 ) ) ;
#5630 = CARTESIAN_POINT ( 'NONE',  ( -62.93606797747368375, 66.35000000000000853, 37.35000000000000853 ) ) ;
#5631 = EDGE_CURVE ( 'NONE', #6658, #5311, #2523, .T. ) ;
#5632 = DIRECTION ( 'NONE',  ( -1.000000000000000000, 0.000000000000000000, 0.000000000000000000 ) ) ;
#5633 = VECTOR ( 'NONE', #2024, 1000.000000000000000 ) ;
#5634 = ADVANCED_FACE ( 'NONE', ( #4155 ), #6903, .F. ) ;
#5635 = DIRECTION ( 'NONE',  ( -3.083952846180990774E-16, -1.000000000000000000, 0.000000000000000000 ) ) ;
#5636 = DIRECTION ( 'NONE',  ( 0.000000000000000000, 0.000000000000000000, 1.000000000000000000 ) ) ;
#5637 = FACE_OUTER_BOUND ( 'NONE', #3471, .T. ) ;
#5638 = VERTEX_POINT ( 'NONE', #3021 ) ;
#5639 = AXIS2_PLACEMENT_3D ( 'NONE', #6983, #5918, #1062 ) ;
#5640 = DIRECTION ( 'NONE',  ( 1.000000000000000000, 0.000000000000000000, 0.000000000000000000 ) ) ;
#5641 = CARTESIAN_POINT ( 'NONE',  ( 0.000000000000000000, 73.70000000000000284, 6.349999999999999645 ) ) ;
#5642 = VERTEX_POINT ( 'NONE', #6271 ) ;
#5643 = CIRCLE ( 'NONE', #4874, 2.000000000000001776 ) ;
#5644 = DIRECTION ( 'NONE',  ( 1.000000000000000000, 0.000000000000000000, 0.000000000000000000 ) ) ;
#5645 = ORIENTED_EDGE ( 'NONE', *, *, #6123, .F. ) ;
#5646 = DIRECTION ( 'NONE',  ( -0.000000000000000000, -0.000000000000000000, -1.000000000000000000 ) ) ;
#5647 = ORIENTED_EDGE ( 'NONE', *, *, #1470, .T. ) ;
#5648 = CARTESIAN_POINT ( 'NONE',  ( -116.6999999999738975, 73.70000000000000284, 44.35000000000000853 ) ) ;
#5649 = CLOSED_SHELL ( 'NONE', ( #3140, #3161, #6324, #3575, #5800, #4422 ) ) ;
#5650 = DIRECTION ( 'NONE',  ( -0.000000000000000000, 0.000000000000000000, 1.000000000000000000 ) ) ;
#5651 = DIRECTION ( 'NONE',  ( -1.000000000000000000, 0.000000000000000000, 0.000000000000000000 ) ) ;
#5652 = VERTEX_POINT ( 'NONE', #5174 ) ;
#5653 = DIRECTION ( 'NONE',  ( 0.000000000000000000, 0.000000000000000000, 1.000000000000000000 ) ) ;
#5654 = VERTEX_POINT ( 'NONE', #4084 ) ;
#5655 = VECTOR ( 'NONE', #2680, 1000.000000000000000 ) ;
#5656 = ORIENTED_EDGE ( 'NONE', *, *, #1771, .F. ) ;
#5657 = AXIS2_PLACEMENT_3D ( 'NONE', #1323, #6177, #3568 ) ;
#5658 = CIRCLE ( 'NONE', #2720, 1.322739520575443750 ) ;
#5659 = DIRECTION ( 'NONE',  ( -0.000000000000000000, -0.000000000000000000, -1.000000000000000000 ) ) ;
#5660 = EDGE_CURVE ( 'NONE', #2989, #4390, #5702, .T. ) ;
#5661 = CARTESIAN_POINT ( 'NONE',  ( 26214.27669607186181, 67.35000000000000853, 45508.82024963181175 ) ) ;
#5662 = VECTOR ( 'NONE', #3658, 1000.000000000000114 ) ;
#5663 = CARTESIAN_POINT ( 'NONE',  ( -66.20000000000001705, 14.00000000000000533, 6.349999999999999645 ) ) ;
#5664 = AXIS2_PLACEMENT_3D ( 'NONE', #4765, #6920, #2068 ) ;
#5665 = EDGE_CURVE ( 'NONE', #1978, #1516, #3081, .T. ) ;
#5666 = VERTEX_POINT ( 'NONE', #4232 ) ;
#5667 = VECTOR ( 'NONE', #3511, 1000.000000000000000 ) ;
#5668 = AXIS2_PLACEMENT_3D ( 'NONE', #4190, #4753, #6870 ) ;
#5669 = ORIENTED_EDGE ( 'NONE', *, *, #2387, .F. ) ;
#5670 = PLANE ( 'NONE',  #4076 ) ;
#5671 = CARTESIAN_POINT ( 'NONE',  ( -116.6999999999738975, 72.70000000000000284, 43.35000000000000853 ) ) ;
#5673 = AXIS2_PLACEMENT_3D ( 'NONE', #1565, #1431, #1462 ) ;
#5672 = DIRECTION ( 'NONE',  ( 0.000000000000000000, 0.000000000000000000, -1.000000000000000000 ) ) ;
#5674 = AXIS2_PLACEMENT_3D ( 'NONE', #2709, #3745, #966 ) ;
#5675 = AXIS2_PLACEMENT_3D ( 'NONE', #1374, #6695, #2409 ) ;
#5676 = LINE ( 'NONE', #276, #3747 ) ;
#5677 = VECTOR ( 'NONE', #2970, 1000.000000000000000 ) ;
#5678 = SPHERICAL_SURFACE ( 'NONE', #3631, 2.000000000000000000 ) ;
#5679 = AXIS2_PLACEMENT_3D ( 'NONE', #6612, #532, #1751 ) ;
#5680 = DIRECTION ( 'NONE',  ( -0.000000000000000000, -0.000000000000000000, -1.000000000000000000 ) ) ;
#5681 = DIRECTION ( 'NONE',  ( 0.000000000000000000, 0.000000000000000000, -1.000000000000000000 ) ) ;
#5682 = EDGE_CURVE ( 'NONE', #6429, #1669, #454, .T. ) ;
#5683 = CARTESIAN_POINT ( 'NONE',  ( 101.2000000000000171, -51.19999999999999574, 24.34999999999999787 ) ) ;
#5684 = VERTEX_POINT ( 'NONE', #1444 ) ;
#5685 = CARTESIAN_POINT ( 'NONE',  ( -53.70000000000000284, -73.70000000000000284, 11.35000000000000142 ) ) ;
#5686 = DIRECTION ( 'NONE',  ( -0.000000000000000000, 0.000000000000000000, 1.000000000000000000 ) ) ;
#5687 = VERTEX_POINT ( 'NONE', #269 ) ;
#5688 = EDGE_CURVE ( 'NONE', #3945, #3464, #6457, .T. ) ;
#5689 = FACE_OUTER_BOUND ( 'NONE', #4858, .T. ) ;
#5690 = ORIENTED_EDGE ( 'NONE', *, *, #3775, .F. ) ;
#5691 = DIRECTION ( 'NONE',  ( 0.000000000000000000, 0.000000000000000000, 1.000000000000000000 ) ) ;
#5692 = ORIENTED_EDGE ( 'NONE', *, *, #5133, .F. ) ;
#5693 = EDGE_CURVE ( 'NONE', #2171, #6840, #1906, .T. ) ;
#5694 = CARTESIAN_POINT ( 'NONE',  ( 168.8715728752537757, -68.70000000000003126, 6.349999999999999645 ) ) ;
#5695 = PLANE ( 'NONE',  #2053 ) ;
#5696 = DIRECTION ( 'NONE',  ( -0.000000000000000000, 0.000000000000000000, 1.000000000000000000 ) ) ;
#5697 = CARTESIAN_POINT ( 'NONE',  ( -11.70000000000000284, 37.50000000000001421, 6.349999999999999645 ) ) ;
#5698 = EDGE_LOOP ( 'NONE', ( #3654, #1084 ) ) ;
#5699 = EDGE_CURVE ( 'NONE', #5841, #5806, #545, .T. ) ;
#5700 = VERTEX_POINT ( 'NONE', #3863 ) ;
#5701 = LINE ( 'NONE', #5247, #2607 ) ;
#5702 = LINE ( 'NONE', #4650, #4890 ) ;
#5703 = EDGE_LOOP ( 'NONE', ( #1434, #2144 ) ) ;
#5704 = ORIENTED_EDGE ( 'NONE', *, *, #3500, .T. ) ;
#5705 = EDGE_CURVE ( 'NONE', #5832, #2882, #1618, .T. ) ;
#5706 = VERTEX_POINT ( 'NONE', #4367 ) ;
#5707 = DIRECTION ( 'NONE',  ( -0.000000000000000000, -0.000000000000000000, -1.000000000000000000 ) ) ;
#5708 = EDGE_CURVE ( 'NONE', #733, #5, #6405, .T. ) ;
#5709 = CARTESIAN_POINT ( 'NONE',  ( -64.69999999997389750, 35.35000000000000853, 0.000000000000000000 ) ) ;
#5710 = DIRECTION ( 'NONE',  ( 0.000000000000000000, 1.000000000000000000, 0.000000000000000000 ) ) ;
#5711 = CARTESIAN_POINT ( 'NONE',  ( 61.85000000000000142, -63.50000000000000000, 6.349999999999999645 ) ) ;
#5712 = PLANE ( 'NONE',  #4072 ) ;
#5713 = CARTESIAN_POINT ( 'NONE',  ( -59.87169054081015673, 67.35000000000000853, 39.37393849518217337 ) ) ;
#5714 = ORIENTED_EDGE ( 'NONE', *, *, #6004, .F. ) ;
#5715 = EDGE_CURVE ( 'NONE', #2009, #5878, #4827, .T. ) ;
#5716 = CARTESIAN_POINT ( 'NONE',  ( -73.19999999999998863, -65.35000000000000853, 6.349999999999999645 ) ) ;
#5717 = EDGE_CURVE ( 'NONE', #6908, #3596, #3293, .T. ) ;
#5718 = CARTESIAN_POINT ( 'NONE',  ( -117.6999999999738975, 67.35000000000000853, 41.35000000000000142 ) ) ;
#5719 = ORIENTED_EDGE ( 'NONE', *, *, #6311, .F. ) ;
#5720 = DIRECTION ( 'NONE',  ( -1.000000000000000000, 0.000000000000000000, 0.000000000000000000 ) ) ;
#5721 = ORIENTED_EDGE ( 'NONE', *, *, #2551, .T. ) ;
#5722 = DIRECTION ( 'NONE',  ( -0.000000000000000000, 0.000000000000000000, 1.000000000000000000 ) ) ;
#5723 = EDGE_LOOP ( 'NONE', ( #42, #3406 ) ) ;
#5724 = CARTESIAN_POINT ( 'NONE',  ( -33.70000000003532392, -68.69999999999997442, 18.34999999999999787 ) ) ;
#5725 = DIRECTION ( 'NONE',  ( 0.000000000000000000, -0.000000000000000000, 1.000000000000000000 ) ) ;
#5726 = EDGE_CURVE ( 'NONE', #3581, #4576, #1591, .T. ) ;
#5727 = DIRECTION ( 'NONE',  ( -0.000000000000000000, -0.000000000000000000, -1.000000000000000000 ) ) ;
#5728 = CARTESIAN_POINT ( 'NONE',  ( -30.52500000000003055, 14.00000000000000533, 6.349999999999999645 ) ) ;
#5729 = ORIENTED_EDGE ( 'NONE', *, *, #3886, .F. ) ;
#5730 = VERTEX_POINT ( 'NONE', #2685 ) ;
#5731 = CARTESIAN_POINT ( 'NONE',  ( -79.69999999997389750, 38.35000000000000853, 6.349999999999999645 ) ) ;
#5732 = ADVANCED_FACE ( 'NONE', ( #1652 ), #5449, .F. ) ;
#5733 = CARTESIAN_POINT ( 'NONE',  ( 43.79999999999999716, 13.70000000000000462, 33.00000000000000000 ) ) ;
#5734 = EDGE_CURVE ( 'NONE', #4186, #969, #4665, .T. ) ;
#5735 = ORIENTED_EDGE ( 'NONE', *, *, #3656, .F. ) ;
#5736 = ORIENTED_EDGE ( 'NONE', *, *, #2686, .F. ) ;
#5737 = ORIENTED_EDGE ( 'NONE', *, *, #5191, .T. ) ;
#5738 = CARTESIAN_POINT ( 'NONE',  ( 0.000000000000000000, 71.20000000000000284, 8.350000000000003197 ) ) ;
#5739 = CARTESIAN_POINT ( 'NONE',  ( 8.913809861173167520E-15, 16.70000000000005969, 6.349999999999999645 ) ) ;
#5740 = DIRECTION ( 'NONE',  ( -0.000000000000000000, 0.000000000000000000, 1.000000000000000000 ) ) ;
#5741 = FACE_OUTER_BOUND ( 'NONE', #3583, .T. ) ;
#5742 = LINE ( 'NONE', #3728, #3723 ) ;
#5743 = PLANE ( 'NONE',  #5664 ) ;
#5744 = ORIENTED_EDGE ( 'NONE', *, *, #6263, .T. ) ;
#5745 = ADVANCED_FACE ( 'NONE', ( #2764 ), #2420, .T. ) ;
#5746 = DIRECTION ( 'NONE',  ( 0.000000000000000000, -0.000000000000000000, -1.000000000000000000 ) ) ;
#5747 = LINE ( 'NONE', #6721, #346 ) ;
#5748 = ORIENTED_EDGE ( 'NONE', *, *, #2529, .F. ) ;
#5749 = EDGE_CURVE ( 'NONE', #1640, #4442, #2014, .T. ) ;
#5750 = LINE ( 'NONE', #887, #6242 ) ;
#5751 = ORIENTED_EDGE ( 'NONE', *, *, #2798, .F. ) ;
#5752 = DIRECTION ( 'NONE',  ( -0.000000000000000000, 0.000000000000000000, 1.000000000000000000 ) ) ;
#5753 = COLOUR_RGB ( '',0.1019607843137254888, 0.1019607843137254888, 0.1019607843137254888 ) ;
#5754 = EDGE_LOOP ( 'NONE', ( #6070, #2319 ) ) ;
#5755 = CARTESIAN_POINT ( 'NONE',  ( 62.30000000000000426, 7.750000000000000000, 5.249999999999999112 ) ) ;
#5756 = DIRECTION ( 'NONE',  ( -0.000000000000000000, 0.000000000000000000, -1.000000000000000000 ) ) ;
#5757 = VECTOR ( 'NONE', #5043, 1000.000000000000000 ) ;
#5758 = VERTEX_POINT ( 'NONE', #5136 ) ;
#5759 = CARTESIAN_POINT ( 'NONE',  ( 34.09999999999999432, -37.50000000000000000, 6.349999999999999645 ) ) ;
#5760 = VERTEX_POINT ( 'NONE', #4717 ) ;
#5761 = ADVANCED_FACE ( 'NONE', ( #3014, #4147 ), #1469, .F. ) ;
#5762 = ORIENTED_EDGE ( 'NONE', *, *, #4700, .F. ) ;
#5763 = AXIS2_PLACEMENT_3D ( 'NONE', #5738, #4195, #1493 ) ;
#5764 = LINE ( 'NONE', #3584, #5662 ) ;
#5765 = EDGE_CURVE ( 'NONE', #5787, #3113, #4444, .T. ) ;
#5766 = CARTESIAN_POINT ( 'NONE',  ( -47.30288568288187889, 67.35000000000000853, 22.43012701887892035 ) ) ;
#5767 = ORIENTED_EDGE ( 'NONE', *, *, #1445, .F. ) ;
#5768 = CIRCLE ( 'NONE', #3628, 2.000000000000000000 ) ;
#5769 = ORIENTED_EDGE ( 'NONE', *, *, #6206, .F. ) ;
#5770 = EDGE_CURVE ( 'NONE', #5352, #4637, #4781, .T. ) ;
#5771 = EDGE_LOOP ( 'NONE', ( #587, #802, #1972, #3409 ) ) ;
#5772 = CARTESIAN_POINT ( 'NONE',  ( 0.000000000000000000, 76.20000000000000284, 39.34999999999999432 ) ) ;
#5773 = VECTOR ( 'NONE', #5792, 1000.000000000000000 ) ;
#5774 = DIRECTION ( 'NONE',  ( -0.000000000000000000, -0.000000000000000000, 1.000000000000000000 ) ) ;
#5775 = VECTOR ( 'NONE', #51, 1000.000000000000000 ) ;
#5776 = EDGE_CURVE ( 'NONE', #2007, #2943, #3578, .T. ) ;
#5777 = AXIS2_PLACEMENT_3D ( 'NONE', #2231, #5873, #2632 ) ;
#5778 = AXIS2_PLACEMENT_3D ( 'NONE', #5920, #1063, #3237 ) ;
#5779 = DIRECTION ( 'NONE',  ( -0.000000000000000000, 0.000000000000000000, 1.000000000000000000 ) ) ;
#5780 = AXIS2_PLACEMENT_3D ( 'NONE', #6166, #6328, #3649 ) ;
#5781 = VECTOR ( 'NONE', #1073, 1000.000000000000000 ) ;
#5782 = AXIS2_PLACEMENT_3D ( 'NONE', #6579, #2292, #4952 ) ;
#5783 = AXIS2_PLACEMENT_3D ( 'NONE', #3498, #2438, #325 ) ;
#5784 = LINE ( 'NONE', #4132, #6775 ) ;
#5785 = AXIS2_PLACEMENT_3D ( 'NONE', #6314, #357, #853 ) ;
#5786 = CARTESIAN_POINT ( 'NONE',  ( -73.20000000000000284, 33.35000000000000142, 16.35000000000000142 ) ) ;
#5787 = VERTEX_POINT ( 'NONE', #798 ) ;
#5788 = CARTESIAN_POINT ( 'NONE',  ( -53.69999999997389750, 38.35000000000000853, 16.35000000000000142 ) ) ;
#5789 = VECTOR ( 'NONE', #6644, 1000.000000000000000 ) ;
#5790 = DIRECTION ( 'NONE',  ( -0.000000000000000000, 1.000000000000000000, 0.000000000000000000 ) ) ;
#5791 = VECTOR ( 'NONE', #5987, 1000.000000000000000 ) ;
#5792 = DIRECTION ( 'NONE',  ( 1.000000000000000000, 0.000000000000000000, 0.000000000000000000 ) ) ;
#5793 = CARTESIAN_POINT ( 'NONE',  ( 172.2000000000000171, 68.19999999999997442, 54.35000000000000142 ) ) ;
#5794 = VECTOR ( 'NONE', #4208, 1000.000000000000000 ) ;
#5795 = DIRECTION ( 'NONE',  ( -0.000000000000000000, -0.000000000000000000, -1.000000000000000000 ) ) ;
#5796 = ORIENTED_EDGE ( 'NONE', *, *, #32, .F. ) ;
#5797 = EDGE_CURVE ( 'NONE', #1507, #2260, #366, .T. ) ;
#5798 = DIRECTION ( 'NONE',  ( 0.000000000000000000, -1.000000000000000000, -0.000000000000000000 ) ) ;
#5799 = ORIENTED_EDGE ( 'NONE', *, *, #3594, .F. ) ;
#5800 = ADVANCED_FACE ( 'NONE', ( #4116 ), #5802, .T. ) ;
#5801 = DIRECTION ( 'NONE',  ( -0.000000000000000000, -0.000000000000000000, -1.000000000000000000 ) ) ;
#5802 = PLANE ( 'NONE',  #3408 ) ;
#5803 = PLANE ( 'NONE',  #1708 ) ;
#5804 = ORIENTED_EDGE ( 'NONE', *, *, #2306, .F. ) ;
#5805 = FACE_OUTER_BOUND ( 'NONE', #4824, .T. ) ;
#5806 = VERTEX_POINT ( 'NONE', #1407 ) ;
#5807 = ORIENTED_EDGE ( 'NONE', *, *, #5682, .F. ) ;
#5808 = DIRECTION ( 'NONE',  ( 0.000000000000000000, 0.000000000000000000, -1.000000000000000000 ) ) ;
#5809 = DIRECTION ( 'NONE',  ( -1.000000000000000000, -0.000000000000000000, -0.000000000000000000 ) ) ;
#5810 = ADVANCED_FACE ( 'NONE', ( #5167 ), #5695, .T. ) ;
#5811 = ORIENTED_EDGE ( 'NONE', *, *, #140, .F. ) ;
#5812 = EDGE_LOOP ( 'NONE', ( #2291, #407 ) ) ;
#5813 = ORIENTED_EDGE ( 'NONE', *, *, #2666, .T. ) ;
#5814 = CARTESIAN_POINT ( 'NONE',  ( -23.70000000003532037, 67.35000000000000853, 16.35000000000000142 ) ) ;
#5815 = CYLINDRICAL_SURFACE ( 'NONE', #3298, 1.322739520575443750 ) ;
#5816 = CARTESIAN_POINT ( 'NONE',  ( -66.20000000000001705, -13.99999999999999822, 0.000000000000000000 ) ) ;
#5817 = EDGE_CURVE ( 'NONE', #2982, #1187, #3549, .T. ) ;
#5818 = DIRECTION ( 'NONE',  ( -0.000000000000000000, 0.000000000000000000, 1.000000000000000000 ) ) ;
#5819 = LINE ( 'NONE', #4733, #5218 ) ;
#5820 = ORIENTED_EDGE ( 'NONE', *, *, #4986, .T. ) ;
#5821 = SURFACE_STYLE_FILL_AREA ( #4205 ) ;
#5822 = CARTESIAN_POINT ( 'NONE',  ( 63.50000000000000000, 0.000000000000000000, 0.000000000000000000 ) ) ;
#5823 = DIRECTION ( 'NONE',  ( -1.000000000000000000, 0.000000000000000000, 0.000000000000000000 ) ) ;
#5824 = EDGE_CURVE ( 'NONE', #5550, #479, #293, .T. ) ;
#5825 = VERTEX_POINT ( 'NONE', #3117 ) ;
#5826 = DIRECTION ( 'NONE',  ( 1.000000000000000000, -0.000000000000000000, -0.000000000000000000 ) ) ;
#5827 = ORIENTED_EDGE ( 'NONE', *, *, #1050, .T. ) ;
#5828 = PLANE ( 'NONE',  #4082 ) ;
#5829 = ORIENTED_EDGE ( 'NONE', *, *, #2331, .T. ) ;
#5830 = FACE_OUTER_BOUND ( 'NONE', #2482, .T. ) ;
#5831 = CARTESIAN_POINT ( 'NONE',  ( 104.2000000000000028, 73.20000000000000284, 8.350000000000003197 ) ) ;
#5832 = VERTEX_POINT ( 'NONE', #3042 ) ;
#5833 = DIRECTION ( 'NONE',  ( -0.000000000000000000, -0.000000000000000000, -1.000000000000000000 ) ) ;
#5834 = VERTEX_POINT ( 'NONE', #328 ) ;
#5835 = ORIENTED_EDGE ( 'NONE', *, *, #521, .F. ) ;
#5836 = CYLINDRICAL_SURFACE ( 'NONE', #1486, 1.325000000000020606 ) ;
#5837 = DIRECTION ( 'NONE',  ( 1.000000000000000000, 0.000000000000000000, 0.000000000000000000 ) ) ;
#5838 = EDGE_LOOP ( 'NONE', ( #4846, #1903, #536, #3010, #5811, #4725, #4695, #2078 ) ) ;
#5839 = EDGE_LOOP ( 'NONE', ( #5854, #1894, #1577, #167 ) ) ;
#5840 = EDGE_CURVE ( 'NONE', #6641, #1488, #5308, .T. ) ;
#5841 = VERTEX_POINT ( 'NONE', #5241 ) ;
#5842 = CARTESIAN_POINT ( 'NONE',  ( 62.30000000000001847, 32.94999999999999574, 36.00000000000000711 ) ) ;
#5843 = CARTESIAN_POINT ( 'NONE',  ( -63.29338973020734471, 65.86621560651973084, 40.55731204544778024 ) ) ;
#5844 = DIRECTION ( 'NONE',  ( -0.000000000000000000, -0.000000000000000000, -1.000000000000000000 ) ) ;
#5845 = CARTESIAN_POINT ( 'NONE',  ( -63.69999999997390461, 38.35000000000000853, 16.35000000000000142 ) ) ;
#5846 = ADVANCED_FACE ( 'NONE', ( #398 ), #4687, .F. ) ;
#5847 = ORIENTED_EDGE ( 'NONE', *, *, #639, .F. ) ;
#5848 = DIRECTION ( 'NONE',  ( 0.000000000000000000, 0.000000000000000000, 1.000000000000000000 ) ) ;
#5849 = DIRECTION ( 'NONE',  ( 0.000000000000000000, 0.000000000000000000, -1.000000000000000000 ) ) ;
#5850 = ADVANCED_FACE ( 'NONE', ( #2439 ), #3607, .T. ) ;
#5851 = PLANE ( 'NONE',  #5562 ) ;
#5852 = VERTEX_POINT ( 'NONE', #4745 ) ;
#5853 = DIRECTION ( 'NONE',  ( 1.000000000000000000, 0.000000000000000000, 0.000000000000000000 ) ) ;
#5854 = ORIENTED_EDGE ( 'NONE', *, *, #3372, .T. ) ;
#5855 = DIRECTION ( 'NONE',  ( 1.000000000000000000, 0.000000000000000000, -0.000000000000000000 ) ) ;
#5856 = ORIENTED_EDGE ( 'NONE', *, *, #3905, .T. ) ;
#5857 = DIRECTION ( 'NONE',  ( 0.000000000000000000, 0.000000000000000000, -1.000000000000000000 ) ) ;
#5858 = CARTESIAN_POINT ( 'NONE',  ( 0.000000000000000000, 0.000000000000000000, 54.35000000000000142 ) ) ;
#5859 = ORIENTED_EDGE ( 'NONE', *, *, #601, .F. ) ;
#5860 = VECTOR ( 'NONE', #207, 1000.000000000000000 ) ;
#5861 = DIRECTION ( 'NONE',  ( 1.000000000000000000, 0.000000000000000000, 0.000000000000000000 ) ) ;
#5862 = VERTEX_POINT ( 'NONE', #4041 ) ;
#5863 = ORIENTED_EDGE ( 'NONE', *, *, #2252, .F. ) ;
#5864 = DIRECTION ( 'NONE',  ( -0.7071067811865474617, -0.7071067811865474617, 0.000000000000000000 ) ) ;
#5865 = VECTOR ( 'NONE', #523, 1000.000000000000000 ) ;
#5866 = CARTESIAN_POINT ( 'NONE',  ( -60.30826750620413179, 32.61909425685394837, 8.816131882499286476 ) ) ;
#5867 = VERTEX_POINT ( 'NONE', #1331 ) ;
#5868 = CARTESIAN_POINT ( 'NONE',  ( 46.80000000000001137, -8.326672684688683520E-15, 33.00000000000000000 ) ) ;
#5869 = ORIENTED_EDGE ( 'NONE', *, *, #6004, .T. ) ;
#5870 = VECTOR ( 'NONE', #5914, 1000.000000000000000 ) ;
#5871 = ORIENTED_EDGE ( 'NONE', *, *, #2554, .F. ) ;
#5872 = CARTESIAN_POINT ( 'NONE',  ( -76.20000000000000284, 33.35000000000000142, 18.34999999999999787 ) ) ;
#5873 = DIRECTION ( 'NONE',  ( -1.000000000000000000, 0.000000000000000000, 0.000000000000000000 ) ) ;
#5874 = EDGE_CURVE ( 'NONE', #2084, #6183, #6759, .T. ) ;
#5875 = CARTESIAN_POINT ( 'NONE',  ( -61.75424819802293541, 67.16479592872330784, 39.37831553826470810 ) ) ;
#5876 = AXIS2_PLACEMENT_3D ( 'NONE', #2232, #2072, #6389 ) ;
#5877 = CARTESIAN_POINT ( 'NONE',  ( 36.19999999999999574, -37.50000000000000000, 6.349999999999999645 ) ) ;
#5878 = VERTEX_POINT ( 'NONE', #3785 ) ;
#5879 = CIRCLE ( 'NONE', #672, 2.000000000000001776 ) ;
#5880 = AXIS2_PLACEMENT_3D ( 'NONE', #2204, #4410, #2274 ) ;
#5881 = DIRECTION ( 'NONE',  ( 1.000000000000000000, 0.000000000000000000, 0.000000000000000000 ) ) ;
#5882 = CARTESIAN_POINT ( 'NONE',  ( 38.29999999999999716, -37.50000000000000000, 6.349999999999999645 ) ) ;
#5883 = AXIS2_PLACEMENT_3D ( 'NONE', #1661, #3341, #5010 ) ;
#5884 = LINE ( 'NONE', #6885, #1836 ) ;
#5885 = CIRCLE ( 'NONE', #6806, 1.325000000000006839 ) ;
#5886 = VECTOR ( 'NONE', #6325, 1000.000000000000000 ) ;
#5887 = EDGE_CURVE ( 'NONE', #938, #3596, #5962, .T. ) ;
#5888 = CIRCLE ( 'NONE', #2969, 2.000000000000000000 ) ;
#5889 = CARTESIAN_POINT ( 'NONE',  ( -73.19999999997392592, 47.60000000000000853, 0.000000000000000000 ) ) ;
#5890 = LINE ( 'NONE', #5330, #4446 ) ;
#5891 = ORIENTED_EDGE ( 'NONE', *, *, #3037, .T. ) ;
#5892 = CARTESIAN_POINT ( 'NONE',  ( -63.69999999997390461, 0.000000000000000000, 0.000000000000000000 ) ) ;
#5893 = VECTOR ( 'NONE', #1113, 1000.000000000000000 ) ;
#5894 = ORIENTED_EDGE ( 'NONE', *, *, #1125, .T. ) ;
#5895 = VECTOR ( 'NONE', #5529, 1000.000000000000000 ) ;
#5896 = AXIS2_PLACEMENT_3D ( 'NONE', #3738, #6888, #5853 ) ;
#5897 = CIRCLE ( 'NONE', #4447, 11.49999999999999645 ) ;
#5898 = CIRCLE ( 'NONE', #5122, 1.000000000000000888 ) ;
#5899 = CARTESIAN_POINT ( 'NONE',  ( -108.9499999999739117, 41.85000000000001563, 0.000000000000000000 ) ) ;
#5900 = DIRECTION ( 'NONE',  ( 3.854941057726241548E-16, 0.000000000000000000, 1.000000000000000000 ) ) ;
#5901 = EDGE_CURVE ( 'NONE', #5431, #4015, #4554, .T. ) ;
#5902 = AXIS2_PLACEMENT_3D ( 'NONE', #2432, #285, #784 ) ;
#5903 = VERTEX_POINT ( 'NONE', #968 ) ;
#5904 = LINE ( 'NONE', #1046, #5443 ) ;
#5905 = ORIENTED_EDGE ( 'NONE', *, *, #4749, .F. ) ;
#5906 = EDGE_CURVE ( 'NONE', #272, #242, #3991, .T. ) ;
#5907 = ORIENTED_EDGE ( 'NONE', *, *, #3394, .F. ) ;
#5908 = CARTESIAN_POINT ( 'NONE',  ( -64.69999999997889972, 35.35000000000000142, 15.69549410664393818 ) ) ;
#5909 = EDGE_LOOP ( 'NONE', ( #812, #4793, #4721, #4798 ) ) ;
#5910 = ADVANCED_FACE ( 'NONE', ( #999, #1513 ), #2609, .F. ) ;
#5911 = DIRECTION ( 'NONE',  ( 0.000000000000000000, 0.000000000000000000, -1.000000000000000000 ) ) ;
#5912 = VERTEX_POINT ( 'NONE', #8 ) ;
#5913 = ORIENTED_EDGE ( 'NONE', *, *, #985, .T. ) ;
#5914 = DIRECTION ( 'NONE',  ( 1.000000000000000000, 0.000000000000000000, 0.000000000000000000 ) ) ;
#5915 = CARTESIAN_POINT ( 'NONE',  ( -13.80000000000000604, 37.50000000000001421, 6.349999999999999645 ) ) ;
#5916 = EDGE_CURVE ( 'NONE', #6858, #2027, #6704, .T. ) ;
#5917 = CARTESIAN_POINT ( 'NONE',  ( -60.79744412193167591, 67.34841702287988596, 39.22752926945950236 ) ) ;
#5918 = DIRECTION ( 'NONE',  ( 0.000000000000000000, 1.000000000000000000, 0.000000000000000000 ) ) ;
#5919 = EDGE_CURVE ( 'NONE', #612, #5825, #6470, .T. ) ;
#5920 = CARTESIAN_POINT ( 'NONE',  ( 132.4842712474618907, -51.19999999999999574, 24.34999999999999787 ) ) ;
#5921 = ORIENTED_EDGE ( 'NONE', *, *, #2923, .F. ) ;
#5922 = LINE ( 'NONE', #1065, #6 ) ;
#5923 = CARTESIAN_POINT ( 'NONE',  ( 0.000000000000000000, -76.20000000000000284, 42.35000000000000142 ) ) ;
#5924 = DIRECTION ( 'NONE',  ( 0.000000000000000000, 0.000000000000000000, 1.000000000000000000 ) ) ;
#5925 = DIRECTION ( 'NONE',  ( -1.000000000000000000, 0.000000000000000000, 0.000000000000000000 ) ) ;
#5926 = ORIENTED_EDGE ( 'NONE', *, *, #2520, .F. ) ;
#5927 = EDGE_CURVE ( 'NONE', #2271, #4851, #2184, .T. ) ;
#5928 = CARTESIAN_POINT ( 'NONE',  ( -77.69999999997389750, 39.35000000000000853, 37.35000000000000853 ) ) ;
#5929 = ORIENTED_EDGE ( 'NONE', *, *, #4344, .F. ) ;
#5930 = EDGE_CURVE ( 'NONE', #969, #4186, #2398, .T. ) ;
#5931 = DIRECTION ( 'NONE',  ( 0.000000000000000000, -1.000000000000000000, 0.000000000000000000 ) ) ;
#5932 = CARTESIAN_POINT ( 'NONE',  ( 101.2000000000000171, -75.70000000000000284, 54.35000000000000142 ) ) ;
#5933 = ORIENTED_EDGE ( 'NONE', *, *, #2876, .F. ) ;
#5934 = CARTESIAN_POINT ( 'NONE',  ( -71.20000000000000284, 25.35000000000000497, 8.349999999999999645 ) ) ;
#5935 = EDGE_LOOP ( 'NONE', ( #4969, #2874 ) ) ;
#5936 = ORIENTED_EDGE ( 'NONE', *, *, #4702, .T. ) ;
#5937 = EDGE_CURVE ( 'NONE', #4426, #2582, #3199, .T. ) ;
#5938 = FACE_OUTER_BOUND ( 'NONE', #2450, .T. ) ;
#5939 = CARTESIAN_POINT ( 'NONE',  ( -29.20000000000002416, -13.99999999999999467, 0.000000000000000000 ) ) ;
#5940 = EDGE_CURVE ( 'NONE', #5867, #1999, #2109, .T. ) ;
#5941 = FACE_BOUND ( 'NONE', #2791, .T. ) ;
#5942 = EDGE_LOOP ( 'NONE', ( #6569, #5869, #701, #4156 ) ) ;
#5943 = CARTESIAN_POINT ( 'NONE',  ( -60.69999999997389750, 64.35000000000000853, 41.35000000000000142 ) ) ;
#5944 = ORIENTED_EDGE ( 'NONE', *, *, #3205, .T. ) ;
#5945 = EDGE_LOOP ( 'NONE', ( #708, #5735, #1005, #5251 ) ) ;
#5946 = LINE ( 'NONE', #1085, #6896 ) ;
#5947 = PLANE ( 'NONE',  #99 ) ;
#5948 = DIRECTION ( 'NONE',  ( 0.000000000000000000, -0.000000000000000000, -1.000000000000000000 ) ) ;
#5949 = ORIENTED_EDGE ( 'NONE', *, *, #4304, .T. ) ;
#5950 = CARTESIAN_POINT ( 'NONE',  ( -12.70000000000000284, -63.50000000000000000, 6.349999999999999645 ) ) ;
#5951 = DIRECTION ( 'NONE',  ( -0.000000000000000000, -1.000000000000000000, -0.000000000000000000 ) ) ;
#5952 = ORIENTED_EDGE ( 'NONE', *, *, #3741, .F. ) ;
#5953 = CARTESIAN_POINT ( 'NONE',  ( -78.69999999997389750, 39.35000000000000853, 38.35000000000000853 ) ) ;
#5954 = CARTESIAN_POINT ( 'NONE',  ( -79.69999999997389750, 67.35000000000000853, 40.35000000000000142 ) ) ;
#5955 = DIRECTION ( 'NONE',  ( -0.000000000000000000, 0.000000000000000000, 1.000000000000000000 ) ) ;
#5956 = DIRECTION ( 'NONE',  ( 0.000000000000000000, -1.000000000000000000, 0.000000000000000000 ) ) ;
#5957 = ORIENTED_EDGE ( 'NONE', *, *, #2396, .F. ) ;
#5958 = CARTESIAN_POINT ( 'NONE',  ( -426294.1795817551319, 67.35000000000000853, 246104.6321233486233 ) ) ;
#5959 = ORIENTED_EDGE ( 'NONE', *, *, #895, .T. ) ;
#5960 = EDGE_CURVE ( 'NONE', #5381, #6856, #915, .T. ) ;
#5961 = DIRECTION ( 'NONE',  ( -0.000000000000000000, 1.000000000000000000, -0.000000000000000000 ) ) ;
#5962 = LINE ( 'NONE', #6369, #5781 ) ;
#5963 = EDGE_CURVE ( 'NONE', #1516, #912, #1103, .T. ) ;
#5964 = VERTEX_POINT ( 'NONE', #2080 ) ;
#5965 = DIRECTION ( 'NONE',  ( 1.000000000000000000, 0.000000000000000000, 0.000000000000000000 ) ) ;
#5966 = ORIENTED_EDGE ( 'NONE', *, *, #4855, .F. ) ;
#5967 = ORIENTED_EDGE ( 'NONE', *, *, #1208, .T. ) ;
#5968 = DIRECTION ( 'NONE',  ( 0.4999999999999993894, -0.000000000000000000, 0.8660254037844390407 ) ) ;
#5969 = DIRECTION ( 'NONE',  ( 0.000000000000000000, -1.000000000000000000, 0.000000000000000000 ) ) ;
#5970 = ADVANCED_FACE ( 'NONE', ( #3280 ), #4253, .F. ) ;
#5971 = CARTESIAN_POINT ( 'NONE',  ( -53.70000000000000284, 67.35000000000000853, 11.35000000000000142 ) ) ;
#5972 = FACE_BOUND ( 'NONE', #1104, .T. ) ;
#5973 = ORIENTED_EDGE ( 'NONE', *, *, #3342, .T. ) ;
#5974 = ADVANCED_FACE ( 'NONE', ( #3680 ), #1540, .T. ) ;
#5975 = FACE_OUTER_BOUND ( 'NONE', #1064, .T. ) ;
#5976 = EDGE_LOOP ( 'NONE', ( #4243, #844, #1263, #259 ) ) ;
#5977 = ORIENTED_EDGE ( 'NONE', *, *, #3233, .T. ) ;
#5978 = CARTESIAN_POINT ( 'NONE',  ( -61.49422863406000062, -73.70000000000000284, 26.17273952057537301 ) ) ;
#5979 = CIRCLE ( 'NONE', #85, 1.249999999999987121 ) ;
#5980 = LINE ( 'NONE', #1123, #2724 ) ;
#5981 = CARTESIAN_POINT ( 'NONE',  ( -61.49422863406000062, -67.35000000000000853, 24.84999999999992681 ) ) ;
#5982 = AXIS2_PLACEMENT_3D ( 'NONE', #1567, #3742, #395 ) ;
#5983 = EDGE_LOOP ( 'NONE', ( #4879, #1329, #3571, #6128 ) ) ;
#5984 = CARTESIAN_POINT ( 'NONE',  ( -73.70000000000000284, -67.35000000000000853, 20.35000000000764331 ) ) ;
#5985 = DIRECTION ( 'NONE',  ( 0.000000000000000000, 1.000000000000000000, 0.000000000000000000 ) ) ;
#5986 = EDGE_CURVE ( 'NONE', #866, #149, #1043, .T. ) ;
#5987 = DIRECTION ( 'NONE',  ( 1.000000000000000000, 0.000000000000000000, -0.000000000000000000 ) ) ;
#5988 = CIRCLE ( 'NONE', #6220, 1.000000000000000888 ) ;
#5989 = CARTESIAN_POINT ( 'NONE',  ( -106.4499999999739117, 41.85000000000001563, 41.35000000000000142 ) ) ;
#5990 = DIRECTION ( 'NONE',  ( 1.000000000000000000, 0.000000000000000000, 0.000000000000000000 ) ) ;
#5991 = COLOUR_RGB ( '',0.1019607843137254888, 0.1019607843137254888, 0.1019607843137254888 ) ;
#5992 = CARTESIAN_POINT ( 'NONE',  ( -31.70000000003531682, -68.69999999999997442, 8.349999999999999645 ) ) ;
#5993 = ORIENTED_EDGE ( 'NONE', *, *, #1250, .F. ) ;
#5994 = AXIS2_PLACEMENT_3D ( 'NONE', #5261, #5361, #1503 ) ;
#5995 = LINE ( 'NONE', #2752, #3993 ) ;
#5996 = EDGE_LOOP ( 'NONE', ( #3706, #2062, #3691, #4157 ) ) ;
#5997 = AXIS2_PLACEMENT_3D ( 'NONE', #1316, #875, #2958 ) ;
#5998 = DIRECTION ( 'NONE',  ( 1.000000000000000000, 0.000000000000000000, -0.000000000000000000 ) ) ;
#5999 = AXIS2_PLACEMENT_3D ( 'NONE', #4438, #4645, #6796 ) ;
#6000 = AXIS2_PLACEMENT_3D ( 'NONE', #4589, #2803, #2945 ) ;
#6001 = VECTOR ( 'NONE', #4912, 1000.000000000000000 ) ;
#6002 = DIRECTION ( 'NONE',  ( 1.000000000000000000, 0.000000000000000000, 0.000000000000000000 ) ) ;
#6003 = VERTEX_POINT ( 'NONE', #5831 ) ;
#6004 = EDGE_CURVE ( 'NONE', #5051, #3681, #4850, .T. ) ;
#6005 = AXIS2_PLACEMENT_3D ( 'NONE', #557, #2417, #2006 ) ;
#6006 = VECTOR ( 'NONE', #863, 1000.000000000000000 ) ;
#6007 = DIRECTION ( 'NONE',  ( -0.000000000000000000, -1.000000000000000000, -0.000000000000000000 ) ) ;
#6008 = ORIENTED_EDGE ( 'NONE', *, *, #50, .F. ) ;
#6009 = AXIS2_PLACEMENT_3D ( 'NONE', #4852, #3753, #6372 ) ;
#6010 = ORIENTED_EDGE ( 'NONE', *, *, #6867, .T. ) ;
#6011 = VECTOR ( 'NONE', #2552, 1000.000000000000000 ) ;
#6012 = AXIS2_PLACEMENT_3D ( 'NONE', #1730, #6650, #6585 ) ;
#6013 = EDGE_CURVE ( 'NONE', #71, #996, #1491, .T. ) ;
#6014 = CARTESIAN_POINT ( 'NONE',  ( -64.69999999997389750, 36.35000000000000853, 41.35000000000000142 ) ) ;
#6015 = CARTESIAN_POINT ( 'NONE',  ( -116.6999999999738975, 73.70000000000000284, 0.000000000000000000 ) ) ;
#6016 = AXIS2_PLACEMENT_3D ( 'NONE', #1723, #3382, #2318 ) ;
#6017 = CARTESIAN_POINT ( 'NONE',  ( 106.3225582950341135, -68.83627486114367855, 6.353710019733901149 ) ) ;
#6018 = VECTOR ( 'NONE', #2129, 1000.000000000000000 ) ;
#6019 = FACE_BOUND ( 'NONE', #2032, .T. ) ;
#6020 = VERTEX_POINT ( 'NONE', #3325 ) ;
#6021 = PLANE ( 'NONE',  #1134 ) ;
#6022 = ORIENTED_EDGE ( 'NONE', *, *, #3348, .F. ) ;
#6023 = ORIENTED_EDGE ( 'NONE', *, *, #6373, .F. ) ;
#6024 = DIRECTION ( 'NONE',  ( 0.000000000000000000, 1.000000000000000000, 0.000000000000000000 ) ) ;
#6025 = CARTESIAN_POINT ( 'NONE',  ( -73.69999999997389750, -69.35000000000000853, 8.349999999999999645 ) ) ;
#6026 = ADVANCED_FACE ( 'NONE', ( #1258 ), #2819, .F. ) ;
#6027 = CYLINDRICAL_SURFACE ( 'NONE', #558, 1.250000000000001110 ) ;
#6028 = CARTESIAN_POINT ( 'NONE',  ( -117.6999999999738975, 38.35000000000000853, 6.349999999999999645 ) ) ;
#6029 = VERTEX_POINT ( 'NONE', #753 ) ;
#6030 = LINE ( 'NONE', #6449, #1231 ) ;
#6031 = CYLINDRICAL_SURFACE ( 'NONE', #2050, 1.249999999999987121 ) ;
#6032 = CARTESIAN_POINT ( 'NONE',  ( -117.6999999999738975, 67.35000000000000853, 6.349999999999999645 ) ) ;
#6033 =( BOUNDED_CURVE ( )  B_SPLINE_CURVE ( 3, ( #2052, #5307, #2297, #4995 ),
 .UNSPECIFIED., .F., .F. ) 
 B_SPLINE_CURVE_WITH_KNOTS ( ( 4, 4 ),
 ( 0.000000000000000000, 1.570796326794896114 ),
 .UNSPECIFIED. ) 
 CURVE ( )  GEOMETRIC_REPRESENTATION_ITEM ( )  RATIONAL_B_SPLINE_CURVE ( ( 1.000000000000000000, 0.8047378541243650485, 0.8047378541243650485, 1.000000000000000000 ) ) 
 REPRESENTATION_ITEM ( '' )  );
#6034 = LINE ( 'NONE', #1140, #3657 ) ;
#6035 = ADVANCED_FACE ( 'NONE', ( #6575 ), #611, .T. ) ;
#6036 = LINE ( 'NONE', #6494, #94 ) ;
#6037 = LINE ( 'NONE', #4461, #193 ) ;
#6038 = CARTESIAN_POINT ( 'NONE',  ( -45.90577136594008323, 67.35000000000000853, 24.85000000000003340 ) ) ;
#6039 = VERTEX_POINT ( 'NONE', #4497 ) ;
#6040 = CARTESIAN_POINT ( 'NONE',  ( 0.000000000000000000, 0.000000000000000000, 16.35000000000000142 ) ) ;
#6041 = EDGE_CURVE ( 'NONE', #963, #6789, #1675, .T. ) ;
#6042 = EDGE_CURVE ( 'NONE', #6961, #6391, #6105, .T. ) ;
#6043 = DIRECTION ( 'NONE',  ( -0.000000000000000000, 0.000000000000000000, 1.000000000000000000 ) ) ;
#6044 = ORIENTED_EDGE ( 'NONE', *, *, #4841, .T. ) ;
#6045 = CARTESIAN_POINT ( 'NONE',  ( 99.20000000000001705, 0.000000000000000000, 8.350000000000003197 ) ) ;
#6046 = ORIENTED_EDGE ( 'NONE', *, *, #6497, .T. ) ;
#6047 = EDGE_CURVE ( 'NONE', #4963, #1640, #6678, .T. ) ;
#6048 = VERTEX_POINT ( 'NONE', #2896 ) ;
#6049 = CARTESIAN_POINT ( 'NONE',  ( -107.6999999999739117, 63.85000000000000142, 41.35000000000000142 ) ) ;
#6050 = PLANE ( 'NONE',  #5115 ) ;
#6051 = CARTESIAN_POINT ( 'NONE',  ( 107.1799790702306296, -69.67992657327707207, 6.605719131296101665 ) ) ;
#6052 = FACE_BOUND ( 'NONE', #3252, .T. ) ;
#6053 = EDGE_LOOP ( 'NONE', ( #1410, #6371 ) ) ;
#6054 = PLANE ( 'NONE',  #4428 ) ;
#6055 = EDGE_LOOP ( 'NONE', ( #4361, #5611, #945, #6703 ) ) ;
#6056 = EDGE_LOOP ( 'NONE', ( #5966, #143, #5026, #6927 ) ) ;
#6057 = DIRECTION ( 'NONE',  ( 0.000000000000000000, -0.000000000000000000, 1.000000000000000000 ) ) ;
#6058 = CARTESIAN_POINT ( 'NONE',  ( -60.79744412193167591, 73.70000000000000284, 42.22752926945950236 ) ) ;
#6059 = CARTESIAN_POINT ( 'NONE',  ( 0.000000000000000000, 76.20000000000000284, 0.000000000000000000 ) ) ;
#6060 = LINE ( 'NONE', #4375, #3751 ) ;
#6061 = EDGE_CURVE ( 'NONE', #5293, #4871, #2972, .T. ) ;
#6062 = CARTESIAN_POINT ( 'NONE',  ( 132.4842712474618907, -49.19999999999999574, 26.34999999999999787 ) ) ;
#6063 = DIRECTION ( 'NONE',  ( -0.000000000000000000, -0.000000000000000000, 1.000000000000000000 ) ) ;
#6064 = FACE_OUTER_BOUND ( 'NONE', #2181, .T. ) ;
#6065 = DIRECTION ( 'NONE',  ( 0.000000000000000000, 0.000000000000000000, 1.000000000000000000 ) ) ;
#6066 = FACE_BOUND ( 'NONE', #3754, .T. ) ;
#6067 = ADVANCED_FACE ( 'NONE', ( #721, #3353 ), #4002, .T. ) ;
#6068 = CARTESIAN_POINT ( 'NONE',  ( 0.000000000000000000, 36.35000000000000853, 41.35000000000000142 ) ) ;
#6069 = LINE ( 'NONE', #5395, #2414 ) ;
#6070 = ORIENTED_EDGE ( 'NONE', *, *, #5512, .T. ) ;
#6071 = ADVANCED_FACE ( 'NONE', ( #3958 ), #68, .T. ) ;
#6072 = CARTESIAN_POINT ( 'NONE',  ( -63.69999999997390461, 36.35000000000000142, 10.49213562373095421 ) ) ;
#6073 = LINE ( 'NONE', #1153, #3884 ) ;
#6074 = ORIENTED_EDGE ( 'NONE', *, *, #6702, .F. ) ;
#6075 = DIRECTION ( 'NONE',  ( 0.000000000000000000, 0.000000000000000000, -1.000000000000000000 ) ) ;
#6076 = ORIENTED_EDGE ( 'NONE', *, *, #3622, .T. ) ;
#6077 = VERTEX_POINT ( 'NONE', #3851 ) ;
#6078 = EDGE_CURVE ( 'NONE', #13, #946, #146, .T. ) ;
#6079 = FACE_OUTER_BOUND ( 'NONE', #5301, .T. ) ;
#6080 = CARTESIAN_POINT ( 'NONE',  ( -76.20000000000000284, 75.70000000000000284, 0.000000000000000000 ) ) ;
#6081 = CARTESIAN_POINT ( 'NONE',  ( 106.2822965942896474, -68.82695651327088626, 6.351676512087551352 ) ) ;
#6082 = DIRECTION ( 'NONE',  ( 0.000000000000000000, 0.000000000000000000, -1.000000000000000000 ) ) ;
#6083 = EDGE_LOOP ( 'NONE', ( #1448, #6176, #5401, #6127 ) ) ;
#6084 = DIRECTION ( 'NONE',  ( 1.000000000000000000, 0.000000000000000000, 0.000000000000000000 ) ) ;
#6085 = ORIENTED_EDGE ( 'NONE', *, *, #4522, .T. ) ;
#6086 = ORIENTED_EDGE ( 'NONE', *, *, #571, .T. ) ;
#6087 = CARTESIAN_POINT ( 'NONE',  ( -107.6999999999739117, 63.85000000000000142, 47.88553390593274628 ) ) ;
#6088 = LINE ( 'NONE', #2947, #3291 ) ;
#6089 = DIRECTION ( 'NONE',  ( 0.000000000000000000, 0.000000000000000000, 1.000000000000000000 ) ) ;
#6090 = ORIENTED_EDGE ( 'NONE', *, *, #2887, .T. ) ;
#6091 = VECTOR ( 'NONE', #2590, 999.9999999999998863 ) ;
#6092 = DIRECTION ( 'NONE',  ( 0.000000000000000000, -0.000000000000000000, -1.000000000000000000 ) ) ;
#6093 = DIRECTION ( 'NONE',  ( 0.000000000000000000, -1.000000000000000000, 0.000000000000000000 ) ) ;
#6094 = ADVANCED_FACE ( 'NONE', ( #4950 ), #6147, .F. ) ;
#6095 = CARTESIAN_POINT ( 'NONE',  ( -61.68050649337384073, 67.19293464156058349, 36.90256997848176468 ) ) ;
#6096 = AXIS2_PLACEMENT_3D ( 'NONE', #1090, #4409, #2203 ) ;
#6097 = CARTESIAN_POINT ( 'NONE',  ( -71.19999999999998863, -67.35000000000000853, 6.349999999999999645 ) ) ;
#6098 = FACE_OUTER_BOUND ( 'NONE', #1514, .T. ) ;
#6099 = CARTESIAN_POINT ( 'NONE',  ( -64.69999999997389750, 36.35000000000000853, 41.35000000000000142 ) ) ;
#6100 = CARTESIAN_POINT ( 'NONE',  ( -73.20000000000000284, 35.35000000000000853, 8.349999999999999645 ) ) ;
#6101 = VECTOR ( 'NONE', #6483, 1000.000000000000000 ) ;
#6102 = ORIENTED_EDGE ( 'NONE', *, *, #1131, .F. ) ;
#6103 = DIRECTION ( 'NONE',  ( 0.000000000000000000, 0.000000000000000000, 1.000000000000000000 ) ) ;
#6104 = ADVANCED_FACE ( 'NONE', ( #3427 ), #686, .F. ) ;
#6105 = LINE ( 'NONE', #2929, #3311 ) ;
#6106 = VECTOR ( 'NONE', #3525, 1000.000000000000000 ) ;
#6107 = AXIS2_PLACEMENT_3D ( 'NONE', #5231, #5746, #1293 ) ;
#6108 = ORIENTED_EDGE ( 'NONE', *, *, #513, .F. ) ;
#6109 = DIRECTION ( 'NONE',  ( -1.000000000000000000, 0.000000000000000000, 0.000000000000000000 ) ) ;
#6110 = ORIENTED_EDGE ( 'NONE', *, *, #3131, .F. ) ;
#6111 = AXIS2_PLACEMENT_3D ( 'NONE', #3317, #5494, #6065 ) ;
#6112 = ORIENTED_EDGE ( 'NONE', *, *, #599, .F. ) ;
#6113 = VECTOR ( 'NONE', #6656, 1000.000000000000000 ) ;
#6114 = DIRECTION ( 'NONE',  ( -1.000000000000000000, 0.000000000000000000, 0.000000000000000000 ) ) ;
#6115 = VECTOR ( 'NONE', #2733, 1000.000000000000000 ) ;
#6116 = AXIS2_PLACEMENT_3D ( 'NONE', #385, #925, #415 ) ;
#6117 = DIRECTION ( 'NONE',  ( 1.000000000000000000, 0.000000000000000000, 0.000000000000000000 ) ) ;
#6118 = CARTESIAN_POINT ( 'NONE',  ( -58.33835752158195476, 29.98835752161152257, 7.461032150064482948 ) ) ;
#6119 = CIRCLE ( 'NONE', #5883, 19.99999999999999645 ) ;
#6120 = DIRECTION ( 'NONE',  ( -0.000000000000000000, -0.000000000000000000, 1.000000000000000000 ) ) ;
#6121 = ORIENTED_EDGE ( 'NONE', *, *, #606, .T. ) ;
#6122 = AXIS2_PLACEMENT_3D ( 'NONE', #3651, #3182, #3120 ) ;
#6123 = EDGE_CURVE ( 'NONE', #1040, #188, #4465, .T. ) ;
#6124 = AXIS2_PLACEMENT_3D ( 'NONE', #808, #2446, #5808 ) ;
#6125 = CARTESIAN_POINT ( 'NONE',  ( 0.000000000000000000, 13.70000000000000462, 33.00000000000000000 ) ) ;
#6126 = AXIS2_PLACEMENT_3D ( 'NONE', #6049, #1190, #74 ) ;
#6127 = ORIENTED_EDGE ( 'NONE', *, *, #4316, .T. ) ;
#6128 = ORIENTED_EDGE ( 'NONE', *, *, #5263, .T. ) ;
#6129 = FACE_OUTER_BOUND ( 'NONE', #3856, .T. ) ;
#6130 = CIRCLE ( 'NONE', #5679, 1.200000000000006617 ) ;
#6131 = DIRECTION ( 'NONE',  ( 1.000000000000000000, 0.000000000000000000, 0.000000000000000000 ) ) ;
#6132 = EDGE_CURVE ( 'NONE', #6342, #493, #2739, .T. ) ;
#6133 = DIRECTION ( 'NONE',  ( 0.000000000000000000, 1.000000000000000000, 0.000000000000000000 ) ) ;
#6134 = VECTOR ( 'NONE', #2922, 1000.000000000000000 ) ;
#6135 = EDGE_LOOP ( 'NONE', ( #1949, #4114, #2088, #3383 ) ) ;
#6136 = ORIENTED_EDGE ( 'NONE', *, *, #6370, .F. ) ;
#6137 = LINE ( 'NONE', #1283, #198 ) ;
#6138 = FACE_OUTER_BOUND ( 'NONE', #2467, .T. ) ;
#6139 = DIRECTION ( 'NONE',  ( 0.000000000000000000, 0.000000000000000000, -1.000000000000000000 ) ) ;
#6140 = EDGE_CURVE ( 'NONE', #1759, #1402, #6073, .T. ) ;
#6141 = FACE_OUTER_BOUND ( 'NONE', #6287, .T. ) ;
#6142 = PLANE ( 'NONE',  #1355 ) ;
#6143 = DIRECTION ( 'NONE',  ( 1.000000000000000000, 0.000000000000000000, 0.000000000000000000 ) ) ;
#6144 = DIRECTION ( 'NONE',  ( -1.000000000000000000, 0.000000000000000000, -6.938893903907228378E-16 ) ) ;
#6145 = ORIENTED_EDGE ( 'NONE', *, *, #1445, .T. ) ;
#6146 = CARTESIAN_POINT ( 'NONE',  ( -76.20000000000000284, -67.35000000000000853, 8.349999999999999645 ) ) ;
#6147 = PLANE ( 'NONE',  #1381 ) ;
#6148 = ORIENTED_EDGE ( 'NONE', *, *, #1179, .T. ) ;
#6149 = EDGE_CURVE ( 'NONE', #1953, #2363, #5472, .T. ) ;
#6150 = DIRECTION ( 'NONE',  ( 0.7071067811865474617, 0.7071067811865474617, 0.000000000000000000 ) ) ;
#6151 = EDGE_LOOP ( 'NONE', ( #5242, #865, #4727, #2043 ) ) ;
#6152 = ORIENTED_EDGE ( 'NONE', *, *, #1439, .F. ) ;
#6153 = EDGE_CURVE ( 'NONE', #2251, #439, #1717, .T. ) ;
#6154 = EDGE_CURVE ( 'NONE', #6840, #3573, #317, .T. ) ;
#6155 = FACE_OUTER_BOUND ( 'NONE', #522, .T. ) ;
#6156 = CARTESIAN_POINT ( 'NONE',  ( 107.4500000000000028, -69.95000000000000284, 6.788750500400403176 ) ) ;
#6157 = DIRECTION ( 'NONE',  ( -0.000000000000000000, -0.000000000000000000, -1.000000000000000000 ) ) ;
#6158 = ORIENTED_EDGE ( 'NONE', *, *, #5041, .F. ) ;
#6159 = LINE ( 'NONE', #4118, #7017 ) ;
#6160 = EDGE_LOOP ( 'NONE', ( #1587, #6479 ) ) ;
#6161 = EDGE_CURVE ( 'NONE', #2582, #4426, #3540, .T. ) ;
#6162 = EDGE_LOOP ( 'NONE', ( #128, #5977 ) ) ;
#6163 = LINE ( 'NONE', #625, #3869 ) ;
#6164 = EDGE_CURVE ( 'NONE', #6616, #80, #4453, .T. ) ;
#6165 = CARTESIAN_POINT ( 'NONE',  ( 62.30000000000000426, 7.750000000000000000, 5.249999999999999112 ) ) ;
#6166 = CARTESIAN_POINT ( 'NONE',  ( 63.50000000000000000, -7.750000000000000000, 5.249999999999999112 ) ) ;
#6167 = ORIENTED_EDGE ( 'NONE', *, *, #2865, .T. ) ;
#6168 = ORIENTED_EDGE ( 'NONE', *, *, #2995, .F. ) ;
#6169 = DIRECTION ( 'NONE',  ( -0.000000000000000000, -0.000000000000000000, -1.000000000000000000 ) ) ;
#6170 = DIRECTION ( 'NONE',  ( 0.000000000000000000, 0.000000000000000000, 1.000000000000000000 ) ) ;
#6171 = LINE ( 'NONE', #5074, #2404 ) ;
#6172 = DIRECTION ( 'NONE',  ( 0.000000000000000000, 0.000000000000000000, 1.000000000000000000 ) ) ;
#6173 = LINE ( 'NONE', #4491, #2261 ) ;
#6174 = DIRECTION ( 'NONE',  ( -0.000000000000000000, -0.000000000000000000, -1.000000000000000000 ) ) ;
#6175 = CARTESIAN_POINT ( 'NONE',  ( -63.69999999997390461, 38.35000000000000853, 36.35000000000000853 ) ) ;
#6176 = ORIENTED_EDGE ( 'NONE', *, *, #5594, .F. ) ;
#6177 = DIRECTION ( 'NONE',  ( 1.000000000000000000, 0.000000000000000000, 0.000000000000000000 ) ) ;
#6178 = DIRECTION ( 'NONE',  ( -1.000000000000000000, 3.083952846180990774E-16, 0.000000000000000000 ) ) ;
#6179 = EDGE_LOOP ( 'NONE', ( #3831, #1549, #5847, #5737 ) ) ;
#6180 = LINE ( 'NONE', #256, #1485 ) ;
#6181 = ORIENTED_EDGE ( 'NONE', *, *, #3465, .T. ) ;
#6182 = DIRECTION ( 'NONE',  ( -0.000000000000000000, 0.000000000000000000, 1.000000000000000000 ) ) ;
#6183 = VERTEX_POINT ( 'NONE', #5718 ) ;
#6184 = EDGE_CURVE ( 'NONE', #559, #1588, #3071, .T. ) ;
#6185 = LINE ( 'NONE', #1330, #1594 ) ;
#6186 = CARTESIAN_POINT ( 'NONE',  ( -117.6999999999738975, 0.000000000000000000, 0.000000000000000000 ) ) ;
#6187 = FACE_OUTER_BOUND ( 'NONE', #184, .T. ) ;
#6188 = ORIENTED_EDGE ( 'NONE', *, *, #1351, .F. ) ;
#6189 = CARTESIAN_POINT ( 'NONE',  ( -23.70000000003532037, 68.70000000000000284, 16.35000000000000142 ) ) ;
#6190 = ORIENTED_EDGE ( 'NONE', *, *, #5765, .T. ) ;
#6191 = ORIENTED_EDGE ( 'NONE', *, *, #6635, .T. ) ;
#6192 = LINE ( 'NONE', #5731, #2735 ) ;
#6193 = DIRECTION ( 'NONE',  ( 1.000000000000000000, -0.000000000000000000, 0.000000000000000000 ) ) ;
#6194 = EDGE_CURVE ( 'NONE', #4287, #4755, #1967, .T. ) ;
#6195 = DIRECTION ( 'NONE',  ( 0.000000000000000000, 0.000000000000000000, 1.000000000000000000 ) ) ;
#6196 = ORIENTED_EDGE ( 'NONE', *, *, #1470, .F. ) ;
#6197 = ORIENTED_EDGE ( 'NONE', *, *, #4456, .T. ) ;
#6198 = CARTESIAN_POINT ( 'NONE',  ( -45.90577136594008323, -67.35000000000000853, 23.52726047942458720 ) ) ;
#6199 = CARTESIAN_POINT ( 'NONE',  ( -77.69999999997389750, 36.35000000000000853, 43.35000000000000853 ) ) ;
#6200 = PRODUCT_CONTEXT ( 'NONE', #2192, 'mechanical' ) ;
#6201 = CARTESIAN_POINT ( 'NONE',  ( -60.89893751828389412, 67.34999999999999432, 36.46485635146298421 ) ) ;
#6202 = ADVANCED_FACE ( 'NONE', ( #254 ), #2463, .T. ) ;
#6203 = DIRECTION ( 'NONE',  ( 0.000000000000000000, 0.000000000000000000, 1.000000000000000000 ) ) ;
#6204 = AXIS2_PLACEMENT_3D ( 'NONE', #6099, #4569, #6143 ) ;
#6205 = LINE ( 'NONE', #1887, #3737 ) ;
#6206 = EDGE_CURVE ( 'NONE', #6487, #2651, #121, .T. ) ;
#6207 = LINE ( 'NONE', #4028, #1794 ) ;
#6208 = LINE ( 'NONE', #3423, #1838 ) ;
#6209 = ORIENTED_EDGE ( 'NONE', *, *, #5940, .F. ) ;
#6210 = CIRCLE ( 'NONE', #1457, 1.325000000000006839 ) ;
#6211 = LINE ( 'NONE', #6284, #1128 ) ;
#6212 = FACE_OUTER_BOUND ( 'NONE', #3045, .T. ) ;
#6213 = EDGE_LOOP ( 'NONE', ( #5556, #445, #4706, #6872 ) ) ;
#6214 = CIRCLE ( 'NONE', #5982, 2.100000000000004530 ) ;
#6215 = CARTESIAN_POINT ( 'NONE',  ( 100.3715728752538041, 73.70000000000000284, 6.350000000000003197 ) ) ;
#6216 = ORIENTED_EDGE ( 'NONE', *, *, #1907, .T. ) ;
#6217 = DIRECTION ( 'NONE',  ( 0.000000000000000000, 1.000000000000000000, 0.000000000000000000 ) ) ;
#6218 = ORIENTED_EDGE ( 'NONE', *, *, #2165, .T. ) ;
#6219 = CYLINDRICAL_SURFACE ( 'NONE', #5783, 1.322739520575443750 ) ;
#6220 = AXIS2_PLACEMENT_3D ( 'NONE', #2239, #4877, #62 ) ;
#6221 = CARTESIAN_POINT ( 'NONE',  ( 26221.20489930205076, 67.35000000000000853, 45504.82024963156437 ) ) ;
#6222 = ADVANCED_FACE ( 'NONE', ( #6257 ), #1891, .F. ) ;
#6223 = CARTESIAN_POINT ( 'NONE',  ( 175.1999999999999886, 71.20000000000001705, 54.35000000000000142 ) ) ;
#6224 = LINE ( 'NONE', #5095, #332 ) ;
#6225 = ORIENTED_EDGE ( 'NONE', *, *, #1490, .F. ) ;
#6226 = EDGE_CURVE ( 'NONE', #6303, #5638, #6818, .T. ) ;
#6227 = CIRCLE ( 'NONE', #3978, 1.000000000000000888 ) ;
#6228 = EDGE_LOOP ( 'NONE', ( #1637, #2904 ) ) ;
#6229 = CIRCLE ( 'NONE', #3179, 2.100000000000004530 ) ;
#6230 = VECTOR ( 'NONE', #3672, 1000.000000000000114 ) ;
#6231 = VECTOR ( 'NONE', #5567, 1000.000000000000000 ) ;
#6232 = DIRECTION ( 'NONE',  ( 1.000000000000000000, 8.673617379884035472E-16, 0.000000000000000000 ) ) ;
#6233 = CARTESIAN_POINT ( 'NONE',  ( 99.20000000000001705, 73.70000000000000284, 20.35000000000000142 ) ) ;
#6234 = AXIS2_PLACEMENT_3D ( 'NONE', #4532, #1862, #1893 ) ;
#6235 = VECTOR ( 'NONE', #6232, 1000.000000000000000 ) ;
#6236 = VECTOR ( 'NONE', #6312, 1000.000000000000000 ) ;
#6237 = ORIENTED_EDGE ( 'NONE', *, *, #1958, .T. ) ;
#6238 = ADVANCED_FACE ( 'NONE', ( #3599 ), #212, .F. ) ;
#6239 = AXIS2_PLACEMENT_3D ( 'NONE', #3646, #5650, #2471 ) ;
#6240 = ORIENTED_EDGE ( 'NONE', *, *, #5797, .F. ) ;
#6241 = DIRECTION ( 'NONE',  ( 0.000000000000000000, -1.000000000000000000, 0.000000000000000000 ) ) ;
#6242 = VECTOR ( 'NONE', #3076, 1000.000000000000000 ) ;
#6243 = CIRCLE ( 'NONE', #456, 1.650000000000002132 ) ;
#6244 = EDGE_CURVE ( 'NONE', #426, #4390, #4067, .T. ) ;
#6245 = VECTOR ( 'NONE', #4538, 1000.000000000000000 ) ;
#6246 = CARTESIAN_POINT ( 'NONE',  ( -29.20000000000002416, -13.99999999999999467, 6.349999999999999645 ) ) ;
#6247 = VECTOR ( 'NONE', #5022, 1000.000000000000000 ) ;
#6248 = DIRECTION ( 'NONE',  ( 0.000000000000000000, 0.000000000000000000, -1.000000000000000000 ) ) ;
#6249 = CARTESIAN_POINT ( 'NONE',  ( -77.69999999997389750, 67.35000000000000853, 38.35000000000000853 ) ) ;
#6250 = DIRECTION ( 'NONE',  ( -1.000000000000000000, -0.000000000000000000, 3.854941057726241548E-16 ) ) ;
#6251 = DIRECTION ( 'NONE',  ( -1.000000000000000000, 0.000000000000000000, 0.000000000000000000 ) ) ;
#6252 = ADVANCED_FACE ( 'NONE', ( #6212 ), #1324, .F. ) ;
#6253 = ORIENTED_EDGE ( 'NONE', *, *, #4091, .F. ) ;
#6254 = CARTESIAN_POINT ( 'NONE',  ( -117.2857864376007910, 35.35000000000000853, 2.168404344971008868E-16 ) ) ;
#6255 = LINE ( 'NONE', #5716, #1813 ) ;
#6256 = EDGE_CURVE ( 'NONE', #4508, #5131, #5747, .T. ) ;
#6257 = FACE_OUTER_BOUND ( 'NONE', #433, .T. ) ;
#6258 = ORIENTED_EDGE ( 'NONE', *, *, #2172, .T. ) ;
#6259 = DIRECTION ( 'NONE',  ( -0.000000000000000000, -0.000000000000000000, -1.000000000000000000 ) ) ;
#6260 = EDGE_LOOP ( 'NONE', ( #1620, #1296, #400, #564 ) ) ;
#6261 = CARTESIAN_POINT ( 'NONE',  ( -78.20000000000000284, 75.70000000000000284, 0.000000000000000000 ) ) ;
#6262 = ORIENTED_EDGE ( 'NONE', *, *, #105, .F. ) ;
#6263 = EDGE_CURVE ( 'NONE', #6391, #52, #359, .T. ) ;
#6264 = DIRECTION ( 'NONE',  ( 0.000000000000000000, 0.000000000000000000, -1.000000000000000000 ) ) ;
#6265 = DIRECTION ( 'NONE',  ( 0.000000000000000000, -1.000000000000000000, 0.000000000000000000 ) ) ;
#6266 = CARTESIAN_POINT ( 'NONE',  ( 62.30000000000000426, 7.750000000000000000, 6.349999999999999645 ) ) ;
#6267 = DIRECTION ( 'NONE',  ( 0.000000000000000000, 0.000000000000000000, -1.000000000000000000 ) ) ;
#6268 = ORIENTED_EDGE ( 'NONE', *, *, #5824, .T. ) ;
#6269 = ORIENTED_EDGE ( 'NONE', *, *, #5375, .T. ) ;
#6270 = CARTESIAN_POINT ( 'NONE',  ( -45.90577136594008323, 67.35000000000000853, 26.17273952057547604 ) ) ;
#6271 = CARTESIAN_POINT ( 'NONE',  ( -77.69999999997389750, 67.35000000000000853, 36.35000000000000853 ) ) ;
#6272 = ORIENTED_EDGE ( 'NONE', *, *, #5919, .F. ) ;
#6273 = ORIENTED_EDGE ( 'NONE', *, *, #2913, .F. ) ;
#6274 = ORIENTED_EDGE ( 'NONE', *, *, #4031, .F. ) ;
#6275 = LINE ( 'NONE', #410, #772 ) ;
#6276 = DIRECTION ( 'NONE',  ( -0.5000000000000002220, 0.000000000000000000, -0.8660254037844384856 ) ) ;
#6277 = EDGE_CURVE ( 'NONE', #2009, #1657, #3632, .T. ) ;
#6278 = DIRECTION ( 'NONE',  ( -1.000000000000000000, -1.351293846914747261E-16, 0.000000000000000000 ) ) ;
#6279 = CARTESIAN_POINT ( 'NONE',  ( 36.19999999999999574, -37.50000000000000000, 0.000000000000000000 ) ) ;
#6280 = CARTESIAN_POINT ( 'NONE',  ( -66.20000000000001705, 14.00000000000000533, 0.000000000000000000 ) ) ;
#6281 = LINE ( 'NONE', #1423, #109 ) ;
#6282 = ORIENTED_EDGE ( 'NONE', *, *, #3324, .T. ) ;
#6283 = DIRECTION ( 'NONE',  ( 0.000000000000000000, 0.000000000000000000, 1.000000000000000000 ) ) ;
#6284 = CARTESIAN_POINT ( 'NONE',  ( 46.80000000000001137, -8.326672684688683520E-15, 6.349999999999999645 ) ) ;
#6285 = CARTESIAN_POINT ( 'NONE',  ( 43.79999999999999005, -1.350771346627273686E-14, 6.349999999999999645 ) ) ;
#6286 = EDGE_CURVE ( 'NONE', #3356, #3553, #3975, .T. ) ;
#6287 = EDGE_LOOP ( 'NONE', ( #4150, #6889, #4892, #4371, #1442, #3718, #303 ) ) ;
#6288 = DIRECTION ( 'NONE',  ( 0.000000000000000000, -1.000000000000000000, 0.000000000000000000 ) ) ;
#6289 = ORIENTED_EDGE ( 'NONE', *, *, #5927, .F. ) ;
#6290 = CARTESIAN_POINT ( 'NONE',  ( 43.80000000000001847, 13.70000000000000462, 36.00000000000000711 ) ) ;
#6291 = ADVANCED_FACE ( 'NONE', ( #929 ), #5084, .F. ) ;
#6292 = EDGE_LOOP ( 'NONE', ( #6395, #1724, #4328, #1517 ) ) ;
#6293 = CARTESIAN_POINT ( 'NONE',  ( -107.6999999999739117, 41.85000000000001563, 41.35000000000000142 ) ) ;
#6294 = DIRECTION ( 'NONE',  ( 0.000000000000000000, -0.000000000000000000, -1.000000000000000000 ) ) ;
#6295 = EDGE_CURVE ( 'NONE', #2801, #5654, #2598, .T. ) ;
#6296 = ORIENTED_EDGE ( 'NONE', *, *, #1428, .F. ) ;
#6297 = FACE_OUTER_BOUND ( 'NONE', #6056, .T. ) ;
#6298 = EDGE_LOOP ( 'NONE', ( #4684, #5863, #4652, #4418 ) ) ;
#6299 = ADVANCED_FACE ( 'NONE', ( #3673 ), #3809, .F. ) ;
#6300 = VERTEX_POINT ( 'NONE', #3109 ) ;
#6301 = CYLINDRICAL_SURFACE ( 'NONE', #3521, 1.649999999999998579 ) ;
#6302 = CYLINDRICAL_SURFACE ( 'NONE', #3532, 1.000000000000000888 ) ;
#6303 = VERTEX_POINT ( 'NONE', #6926 ) ;
#6304 = ORIENTED_EDGE ( 'NONE', *, *, #7024, .F. ) ;
#6305 = ORIENTED_EDGE ( 'NONE', *, *, #1644, .T. ) ;
#6306 = DIRECTION ( 'NONE',  ( -1.000000000000000000, 0.000000000000000000, 0.000000000000000000 ) ) ;
#6307 = DIRECTION ( 'NONE',  ( 0.000000000000000000, 1.000000000000000000, 0.000000000000000000 ) ) ;
#6308 = FACE_OUTER_BOUND ( 'NONE', #788, .T. ) ;
#6309 = EDGE_CURVE ( 'NONE', #3186, #5366, #3240, .T. ) ;
#6310 = CARTESIAN_POINT ( 'NONE',  ( -63.72436103046334921, 64.35000000000000853, 41.56938231736487666 ) ) ;
#6311 = EDGE_CURVE ( 'NONE', #44, #6029, #4571, .T. ) ;
#6312 = DIRECTION ( 'NONE',  ( -0.000000000000000000, 1.000000000000000000, -0.000000000000000000 ) ) ;
#6313 = EDGE_LOOP ( 'NONE', ( #5056, #2354, #3296, #2610 ) ) ;
#6314 = CARTESIAN_POINT ( 'NONE',  ( 133.7000000000000171, -78.20000000000000284, 6.349999999999999645 ) ) ;
#6315 = LINE ( 'NONE', #4771, #4086 ) ;
#6316 = VECTOR ( 'NONE', #1888, 1000.000000000000000 ) ;
#6317 = DIRECTION ( 'NONE',  ( 0.000000000000000000, 0.000000000000000000, -1.000000000000000000 ) ) ;
#6318 = EDGE_LOOP ( 'NONE', ( #2419, #6676, #6580, #2833, #3155, #1108, #2194, #5586, #2074, #6897 ) ) ;
#6319 = CARTESIAN_POINT ( 'NONE',  ( -63.69999999997390461, 36.35000000000000853, 44.35000000000000853 ) ) ;
#6320 = VERTEX_POINT ( 'NONE', #5292 ) ;
#6321 = FACE_BOUND ( 'NONE', #1523, .T. ) ;
#6322 = AXIS2_PLACEMENT_3D ( 'NONE', #1525, #5707, #2527 ) ;
#6323 = ORIENTED_EDGE ( 'NONE', *, *, #2597, .T. ) ;
#6324 = ADVANCED_FACE ( 'NONE', ( #420 ), #5851, .F. ) ;
#6325 = DIRECTION ( 'NONE',  ( -0.000000000000000000, -0.000000000000000000, 1.000000000000000000 ) ) ;
#6326 = DIRECTION ( 'NONE',  ( 0.000000000000000000, 0.000000000000000000, 1.000000000000000000 ) ) ;
#6327 = AXIS2_PLACEMENT_3D ( 'NONE', #5950, #2167, #4869 ) ;
#6328 = DIRECTION ( 'NONE',  ( 0.000000000000000000, 0.000000000000000000, 1.000000000000000000 ) ) ;
#6329 = ORIENTED_EDGE ( 'NONE', *, *, #4353, .T. ) ;
#6330 = DIRECTION ( 'NONE',  ( -0.7071067811865475727, -0.7071067811865475727, 0.000000000000000000 ) ) ;
#6331 = ORIENTED_EDGE ( 'NONE', *, *, #2728, .T. ) ;
#6332 = ORIENTED_EDGE ( 'NONE', *, *, #4276, .F. ) ;
#6333 = CYLINDRICAL_SURFACE ( 'NONE', #3308, 2.099999999999997868 ) ;
#6334 = CARTESIAN_POINT ( 'NONE',  ( -23.70000000003532037, 68.70000000000000284, 6.349999999999999645 ) ) ;
#6335 = EDGE_CURVE ( 'NONE', #52, #3157, #496, .T. ) ;
#6336 = VERTEX_POINT ( 'NONE', #3700 ) ;
#6337 = VECTOR ( 'NONE', #2313, 1000.000000000000000 ) ;
#6338 = VECTOR ( 'NONE', #4162, 1000.000000000000000 ) ;
#6339 = VECTOR ( 'NONE', #752, 1000.000000000000114 ) ;
#6340 = EDGE_LOOP ( 'NONE', ( #1217, #6262 ) ) ;
#6341 = UNCERTAINTY_MEASURE_WITH_UNIT (LENGTH_MEASURE( 1.000000000000000082E-05 ), #2919, 'distance_accuracy_value', 'NONE');
#6342 = VERTEX_POINT ( 'NONE', #4309 ) ;
#6343 = DIRECTION ( 'NONE',  ( -0.000000000000000000, 1.000000000000000000, 0.000000000000000000 ) ) ;
#6344 = VECTOR ( 'NONE', #3374, 1000.000000000000000 ) ;
#6345 = FACE_OUTER_BOUND ( 'NONE', #2346, .T. ) ;
#6346 = AXIS2_PLACEMENT_3D ( 'NONE', #5139, #265, #6761 ) ;
#6347 = EDGE_CURVE ( 'NONE', #1188, #3157, #5262, .T. ) ;
#6348 = AXIS2_PLACEMENT_3D ( 'NONE', #2926, #6144, #750 ) ;
#6349 = DIRECTION ( 'NONE',  ( -0.000000000000000000, 1.000000000000000000, 0.000000000000000000 ) ) ;
#6350 = AXIS2_PLACEMENT_3D ( 'NONE', #6915, #6349, #4866 ) ;
#6351 = AXIS2_PLACEMENT_3D ( 'NONE', #944, #5278, #405 ) ;
#6352 = CIRCLE ( 'NONE', #5782, 1.200000000000006617 ) ;
#6353 = AXIS2_PLACEMENT_3D ( 'NONE', #185, #647, #2827 ) ;
#6354 = DIRECTION ( 'NONE',  ( 0.000000000000000000, -0.000000000000000000, 1.000000000000000000 ) ) ;
#6355 = CIRCLE ( 'NONE', #1257, 1.000000000000000888 ) ;
#6356 = LINE ( 'NONE', #3135, #3981 ) ;
#6357 = ORIENTED_EDGE ( 'NONE', *, *, #2593, .T. ) ;
#6358 = LINE ( 'NONE', #6825, #1494 ) ;
#6359 = CARTESIAN_POINT ( 'NONE',  ( 85.79999999999998295, 16.70000000000001350, 33.00000000000000000 ) ) ;
#6360 = AXIS2_PLACEMENT_3D ( 'NONE', #1885, #2955, #1775 ) ;
#6361 = DIRECTION ( 'NONE',  ( 0.000000000000000000, 1.000000000000000000, 0.000000000000000000 ) ) ;
#6362 = ORIENTED_EDGE ( 'NONE', *, *, #2923, .T. ) ;
#6363 = AXIS2_PLACEMENT_3D ( 'NONE', #2209, #4380, #1667 ) ;
#6364 = DIRECTION ( 'NONE',  ( -1.000000000000000000, 0.000000000000000000, 0.000000000000000000 ) ) ;
#6365 = ORIENTED_EDGE ( 'NONE', *, *, #6887, .F. ) ;
#6366 = FACE_OUTER_BOUND ( 'NONE', #2613, .T. ) ;
#6367 = EDGE_LOOP ( 'NONE', ( #1645, #4477, #6719, #4175 ) ) ;
#6368 = CARTESIAN_POINT ( 'NONE',  ( 38.29999999999999716, 37.50000000000000000, 0.000000000000000000 ) ) ;
#6369 = CARTESIAN_POINT ( 'NONE',  ( 0.000000000000000000, -76.20000000000000284, 39.34999999999999432 ) ) ;
#6370 = EDGE_CURVE ( 'NONE', #6320, #486, #9, .T. ) ;
#6371 = ORIENTED_EDGE ( 'NONE', *, *, #1425, .T. ) ;
#6373 = EDGE_CURVE ( 'NONE', #6375, #6996, #6987, .T. ) ;
#6372 = DIRECTION ( 'NONE',  ( -0.000000000000000000, 0.000000000000000000, -1.000000000000000000 ) ) ;
#6374 = ORIENTED_EDGE ( 'NONE', *, *, #3058, .T. ) ;
#6375 = VERTEX_POINT ( 'NONE', #4875 ) ;
#6376 = DIRECTION ( 'NONE',  ( -1.000000000000000000, 0.000000000000000000, 0.000000000000000000 ) ) ;
#6377 = CARTESIAN_POINT ( 'NONE',  ( 85.79999999999998295, 0.000000000000000000, 6.349999999999999645 ) ) ;
#6378 = EDGE_LOOP ( 'NONE', ( #6791, #3929, #5913, #1259 ) ) ;
#6379 = EDGE_CURVE ( 'NONE', #1970, #6048, #465, .T. ) ;
#6380 = ORIENTED_EDGE ( 'NONE', *, *, #4095, .F. ) ;
#6381 = ORIENTED_EDGE ( 'NONE', *, *, #434, .F. ) ;
#6382 = EDGE_CURVE ( 'NONE', #1325, #424, #2639, .T. ) ;
#6383 = DIRECTION ( 'NONE',  ( 0.000000000000000000, 0.000000000000000000, 1.000000000000000000 ) ) ;
#6384 = DIRECTION ( 'NONE',  ( -0.000000000000000000, -0.000000000000000000, -1.000000000000000000 ) ) ;
#6385 = CARTESIAN_POINT ( 'NONE',  ( 175.1999999999999886, 0.000000000000000000, 0.000000000000000000 ) ) ;
#6386 = DIRECTION ( 'NONE',  ( 1.351293846914747261E-16, -1.000000000000000000, 0.000000000000000000 ) ) ;
#6387 = ORIENTED_EDGE ( 'NONE', *, *, #4452, .T. ) ;
#6388 =( LENGTH_UNIT ( ) NAMED_UNIT ( * ) SI_UNIT ( .MILLI., .METRE. ) );
#6389 = DIRECTION ( 'NONE',  ( 0.000000000000000000, -0.000000000000000000, -1.000000000000000000 ) ) ;
#6390 = DIRECTION ( 'NONE',  ( 0.000000000000000000, 0.000000000000000000, -1.000000000000000000 ) ) ;
#6391 = VERTEX_POINT ( 'NONE', #4275 ) ;
#6392 = DIRECTION ( 'NONE',  ( -0.7071067811865474617, 0.7071067811865474617, -0.000000000000000000 ) ) ;
#6393 = ORIENTED_EDGE ( 'NONE', *, *, #1292, .F. ) ;
#6394 = DIRECTION ( 'NONE',  ( 0.000000000000000000, -0.000000000000000000, -1.000000000000000000 ) ) ;
#6395 = ORIENTED_EDGE ( 'NONE', *, *, #2529, .T. ) ;
#6396 = DIRECTION ( 'NONE',  ( -0.000000000000000000, 0.000000000000000000, 1.000000000000000000 ) ) ;
#6397 = CARTESIAN_POINT ( 'NONE',  ( -29.20000000000002416, -13.99999999999999467, 0.000000000000000000 ) ) ;
#6398 = ORIENTED_EDGE ( 'NONE', *, *, #145, .T. ) ;
#6399 = EDGE_CURVE ( 'NONE', #6300, #4587, #5101, .T. ) ;
#6400 = DIRECTION ( 'NONE',  ( 0.000000000000000000, 1.000000000000000000, 0.000000000000000000 ) ) ;
#6401 = ORIENTED_EDGE ( 'NONE', *, *, #2683, .F. ) ;
#6402 = VERTEX_POINT ( 'NONE', #1604 ) ;
#6403 = ADVANCED_FACE ( 'NONE', ( #7026, #3777, #2175 ), #2567, .F. ) ;
#6404 = DIRECTION ( 'NONE',  ( -0.000000000000000000, -0.000000000000000000, -1.000000000000000000 ) ) ;
#6405 = LINE ( 'NONE', #3826, #5333 ) ;
#6406 = EDGE_LOOP ( 'NONE', ( #1671, #5066, #499, #2435 ) ) ;
#6407 = FACE_OUTER_BOUND ( 'NONE', #3750, .T. ) ;
#6408 = ORIENTED_EDGE ( 'NONE', *, *, #2908, .T. ) ;
#6409 = ORIENTED_EDGE ( 'NONE', *, *, #6450, .F. ) ;
#6410 = CARTESIAN_POINT ( 'NONE',  ( 167.1999999999999886, -73.20000000000000284, 54.35000000000000142 ) ) ;
#6411 = FACE_OUTER_BOUND ( 'NONE', #2481, .T. ) ;
#6412 = EDGE_CURVE ( 'NONE', #1999, #5758, #5884, .T. ) ;
#6413 = CARTESIAN_POINT ( 'NONE',  ( -62.54261973910949024, 66.72392645964268354, 39.78138945019869510 ) ) ;
#6414 = PLANE ( 'NONE',  #309 ) ;
#6415 = CARTESIAN_POINT ( 'NONE',  ( -64.69999999997389750, 36.35000000000000853, 42.35000000000000853 ) ) ;
#6416 = ORIENTED_EDGE ( 'NONE', *, *, #3348, .T. ) ;
#6417 = EDGE_CURVE ( 'NONE', #6029, #4828, #3210, .T. ) ;
#6418 = DIRECTION ( 'NONE',  ( 0.000000000000000000, 0.000000000000000000, -1.000000000000000000 ) ) ;
#6419 = EDGE_CURVE ( 'NONE', #4928, #1507, #5236, .T. ) ;
#6420 = CARTESIAN_POINT ( 'NONE',  ( -53.70000000000000284, -67.35000000000000853, 11.35000000000000142 ) ) ;
#6421 = CARTESIAN_POINT ( 'NONE',  ( 170.7857864376269390, -66.78578643762688216, 6.349999999999999645 ) ) ;
#6422 = EDGE_CURVE ( 'NONE', #5210, #6402, #6669, .T. ) ;
#6423 = ORIENTED_EDGE ( 'NONE', *, *, #5129, .F. ) ;
#6424 = ORIENTED_EDGE ( 'NONE', *, *, #3324, .F. ) ;
#6425 = CARTESIAN_POINT ( 'NONE',  ( -64.69999999997389750, 35.35000000000000853, 10.49213562373095421 ) ) ;
#6426 = ORIENTED_EDGE ( 'NONE', *, *, #2124, .T. ) ;
#6427 = LINE ( 'NONE', #2039, #3536 ) ;
#6428 = CARTESIAN_POINT ( 'NONE',  ( -97.20000000000001705, 73.70000000000000284, 16.84999999999999432 ) ) ;
#6429 = VERTEX_POINT ( 'NONE', #1776 ) ;
#6430 = CARTESIAN_POINT ( 'NONE',  ( -11.05000000000000071, -63.50000000000000000, 6.349999999999999645 ) ) ;
#6431 = ORIENTED_EDGE ( 'NONE', *, *, #4239, .T. ) ;
#6432 = ORIENTED_EDGE ( 'NONE', *, *, #831, .T. ) ;
#6433 = EDGE_CURVE ( 'NONE', #1922, #1083, #4458, .T. ) ;
#6434 = CARTESIAN_POINT ( 'NONE',  ( -75.69999999997389750, -67.35000000000000853, 8.349999999999999645 ) ) ;
#6435 = AXIS2_PLACEMENT_3D ( 'NONE', #1985, #1957, #6874 ) ;
#6436 = CARTESIAN_POINT ( 'NONE',  ( -60.40988771025546100, 31.44989791843838489, 8.398923743888015991 ) ) ;
#6437 = EDGE_CURVE ( 'NONE', #5032, #1968, #5658, .T. ) ;
#6438 = EDGE_LOOP ( 'NONE', ( #5856, #6524, #3378, #6329 ) ) ;
#6439 = CARTESIAN_POINT ( 'NONE',  ( 0.000000000000000000, 67.35000000000000853, 6.349999999999999645 ) ) ;
#6440 = ORIENTED_EDGE ( 'NONE', *, *, #6149, .T. ) ;
#6441 = AXIS2_PLACEMENT_3D ( 'NONE', #2263, #6182, #1328 ) ;
#6442 = ORIENTED_EDGE ( 'NONE', *, *, #6514, .F. ) ;
#6443 = CARTESIAN_POINT ( 'NONE',  ( -76.20000000000000284, -67.35000000000000853, 16.35000000000000142 ) ) ;
#6444 = CYLINDRICAL_SURFACE ( 'NONE', #4661, 1.250000000000001110 ) ;
#6445 = VECTOR ( 'NONE', #634, 1000.000000000000000 ) ;
#6446 = DIRECTION ( 'NONE',  ( 1.000000000000000000, 0.000000000000000000, 0.000000000000000000 ) ) ;
#6447 = AXIS2_PLACEMENT_3D ( 'NONE', #2367, #1878, #735 ) ;
#6448 = EDGE_CURVE ( 'NONE', #1121, #4021, #6034, .T. ) ;
#6449 = CARTESIAN_POINT ( 'NONE',  ( -67.52500000000004832, 14.00000000000000533, 6.349999999999999645 ) ) ;
#6450 = EDGE_CURVE ( 'NONE', #5652, #1956, #715, .T. ) ;
#6451 = FACE_OUTER_BOUND ( 'NONE', #2766, .T. ) ;
#6452 = CIRCLE ( 'NONE', #3520, 2.100000000000004530 ) ;
#6453 = ORIENTED_EDGE ( 'NONE', *, *, #5705, .T. ) ;
#6454 = VECTOR ( 'NONE', #5102, 1000.000000000000000 ) ;
#6455 = DIRECTION ( 'NONE',  ( 0.000000000000000000, 0.000000000000000000, -1.000000000000000000 ) ) ;
#6456 = AXIS2_PLACEMENT_3D ( 'NONE', #5518, #2842, #661 ) ;
#6457 = CIRCLE ( 'NONE', #1253, 1.000000000000000888 ) ;
#6458 = DIRECTION ( 'NONE',  ( 0.000000000000000000, 0.000000000000000000, -1.000000000000000000 ) ) ;
#6459 = VECTOR ( 'NONE', #6400, 1000.000000000000000 ) ;
#6460 = VECTOR ( 'NONE', #5269, 1000.000000000000000 ) ;
#6461 = AXIS2_PLACEMENT_3D ( 'NONE', #5324, #462, #2535 ) ;
#6462 = DIRECTION ( 'NONE',  ( -0.000000000000000000, 1.000000000000000000, 0.000000000000000000 ) ) ;
#6463 = EDGE_LOOP ( 'NONE', ( #547, #2689, #6582, #2156 ) ) ;
#6464 = EDGE_CURVE ( 'NONE', #6320, #1609, #61, .T. ) ;
#6465 = LINE ( 'NONE', #2036, #2029 ) ;
#6466 = VECTOR ( 'NONE', #4710, 1000.000000000000000 ) ;
#6467 = VERTEX_POINT ( 'NONE', #6097 ) ;
#6468 = CIRCLE ( 'NONE', #3313, 6.999999999999999112 ) ;
#6469 = CARTESIAN_POINT ( 'NONE',  ( 63.50000000000000000, 0.000000000000000000, 5.249999999999999112 ) ) ;
#6470 = LINE ( 'NONE', #5398, #1260 ) ;
#6471 = VECTOR ( 'NONE', #2748, 1000.000000000000000 ) ;
#6472 = EDGE_LOOP ( 'NONE', ( #2459, #3713, #5609, #5054 ) ) ;
#6473 = CARTESIAN_POINT ( 'NONE',  ( 63.49999999999988631, 63.49999999999994316, 6.349999999999999645 ) ) ;
#6474 = VERTEX_POINT ( 'NONE', #5989 ) ;
#6475 = ADVANCED_FACE ( 'NONE', ( #5016 ), #3346, .F. ) ;
#6476 = ORIENTED_EDGE ( 'NONE', *, *, #5919, .T. ) ;
#6477 = LINE ( 'NONE', #1111, #1825 ) ;
#6478 = CARTESIAN_POINT ( 'NONE',  ( -62.44618388179001300, 33.30107625619830714, 10.25010208169080883 ) ) ;
#6479 = ORIENTED_EDGE ( 'NONE', *, *, #3546, .F. ) ;
#6480 = DIRECTION ( 'NONE',  ( -1.000000000000000000, 1.779203565104419100E-16, 0.000000000000000000 ) ) ;
#6481 = VERTEX_POINT ( 'NONE', #3842 ) ;
#6482 = ORIENTED_EDGE ( 'NONE', *, *, #3775, .T. ) ;
#6483 = DIRECTION ( 'NONE',  ( 0.000000000000000000, 1.000000000000000000, 0.000000000000000000 ) ) ;
#6484 = DIRECTION ( 'NONE',  ( -0.000000000000000000, -1.000000000000000000, -0.000000000000000000 ) ) ;
#6485 = DIRECTION ( 'NONE',  ( -0.000000000000000000, 1.000000000000000000, -0.000000000000000000 ) ) ;
#6486 =( BOUNDED_CURVE ( )  B_SPLINE_CURVE ( 3, ( #3669, #3206, #5358, #2127 ),
 .UNSPECIFIED., .F., .F. ) 
 B_SPLINE_CURVE_WITH_KNOTS ( ( 4, 4 ),
 ( 4.712388980384685233, 6.283185307179586232 ),
 .UNSPECIFIED. ) 
 CURVE ( )  GEOMETRIC_REPRESENTATION_ITEM ( )  RATIONAL_B_SPLINE_CURVE ( ( 1.000000000000000000, 0.8047378541243640493, 0.8047378541243640493, 1.000000000000000000 ) ) 
 REPRESENTATION_ITEM ( '' )  );
#6487 = VERTEX_POINT ( 'NONE', #3891 ) ;
#6488 = DIRECTION ( 'NONE',  ( 0.000000000000000000, 1.000000000000000000, 0.000000000000000000 ) ) ;
#6489 = CARTESIAN_POINT ( 'NONE',  ( -77.69999999997389750, 0.000000000000000000, 43.35000000000000853 ) ) ;
#6490 = VERTEX_POINT ( 'NONE', #6609 ) ;
#6491 = ADVANCED_FACE ( 'NONE', ( #4413 ), #1243, .T. ) ;
#6492 = LINE ( 'NONE', #3776, #809 ) ;
#6493 = DIRECTION ( 'NONE',  ( 1.000000000000000000, 0.000000000000000000, -0.000000000000000000 ) ) ;
#6494 = CARTESIAN_POINT ( 'NONE',  ( -45.90577136594008323, -67.35000000000000853, 26.17273952057547604 ) ) ;
#6495 =( LENGTH_UNIT ( ) NAMED_UNIT ( * ) SI_UNIT ( .MILLI., .METRE. ) );
#6496 = ORIENTED_EDGE ( 'NONE', *, *, #3110, .F. ) ;
#6497 = EDGE_CURVE ( 'NONE', #2672, #5295, #2811, .T. ) ;
#6498 = DIRECTION ( 'NONE',  ( -0.000000000000000000, -0.000000000000000000, -1.000000000000000000 ) ) ;
#6499 = ORIENTED_EDGE ( 'NONE', *, *, #5963, .T. ) ;
#6500 = LINE ( 'NONE', #397, #2855 ) ;
#6501 = ADVANCED_FACE ( 'NONE', ( #3920 ), #2238, .F. ) ;
#6502 = DIRECTION ( 'NONE',  ( 0.000000000000000000, -0.000000000000000000, -1.000000000000000000 ) ) ;
#6503 = ORIENTED_EDGE ( 'NONE', *, *, #386, .F. ) ;
#6504 = ADVANCED_FACE ( 'NONE', ( #669 ), #3294, .T. ) ;
#6505 = CARTESIAN_POINT ( 'NONE',  ( 104.2000000000000028, -73.20000000000000284, 8.350000000000003197 ) ) ;
#6506 = ORIENTED_EDGE ( 'NONE', *, *, #4316, .F. ) ;
#6507 = EDGE_LOOP ( 'NONE', ( #1533, #4601, #4215, #4790, #362, #6701 ) ) ;
#6508 = FACE_OUTER_BOUND ( 'NONE', #3721, .T. ) ;
#6509 = LINE ( 'NONE', #1518, #4774 ) ;
#6510 = EDGE_CURVE ( 'NONE', #6596, #6938, #173, .T. ) ;
#6511 = DIRECTION ( 'NONE',  ( 0.000000000000000000, 0.000000000000000000, -1.000000000000000000 ) ) ;
#6512 = CARTESIAN_POINT ( 'NONE',  ( 52.00000000000000000, 0.000000000000000000, 6.349999999999999645 ) ) ;
#6513 = ORIENTED_EDGE ( 'NONE', *, *, #1227, .T. ) ;
#6514 = EDGE_CURVE ( 'NONE', #4851, #289, #1207, .T. ) ;
#6515 = CYLINDRICAL_SURFACE ( 'NONE', #3297, 2.000000000000000000 ) ;
#6516 = ORIENTED_EDGE ( 'NONE', *, *, #4855, .T. ) ;
#6517 = ORIENTED_EDGE ( 'NONE', *, *, #973, .F. ) ;
#6518 = LINE ( 'NONE', #3303, #1343 ) ;
#6519 = FACE_OUTER_BOUND ( 'NONE', #1558, .T. ) ;
#6520 = DIRECTION ( 'NONE',  ( 0.7071067811865474617, -0.7071067811865474617, 0.000000000000000000 ) ) ;
#6521 = ORIENTED_EDGE ( 'NONE', *, *, #4384, .T. ) ;
#6522 = DIRECTION ( 'NONE',  ( -1.000000000000000000, 0.000000000000000000, 0.000000000000000000 ) ) ;
#6523 = DIRECTION ( 'NONE',  ( 0.000000000000000000, 0.000000000000000000, 1.000000000000000000 ) ) ;
#6524 = ORIENTED_EDGE ( 'NONE', *, *, #469, .F. ) ;
#6525 = CARTESIAN_POINT ( 'NONE',  ( 101.2000000000000171, -49.19999999999999574, 26.34999999999999787 ) ) ;
#6526 = EDGE_CURVE ( 'NONE', #3596, #3186, #1814, .T. ) ;
#6527 =( BOUNDED_CURVE ( )  B_SPLINE_CURVE ( 3, ( #3961, #3430, #723, #3462 ),
 .UNSPECIFIED., .F., .F. ) 
 B_SPLINE_CURVE_WITH_KNOTS ( ( 4, 4 ),
 ( 4.037257447447656133, 6.283185307179586232 ),
 .UNSPECIFIED. ) 
 CURVE ( )  GEOMETRIC_REPRESENTATION_ITEM ( )  RATIONAL_B_SPLINE_CURVE ( ( 1.000000000000000000, 0.6220084679281456808, 0.6220084679281456808, 1.000000000000000000 ) ) 
 REPRESENTATION_ITEM ( '' )  );
#6528 = CARTESIAN_POINT ( 'NONE',  ( -61.49422863406000062, 67.35000000000000853, 24.84999999999992681 ) ) ;
#6529 = FACE_OUTER_BOUND ( 'NONE', #5942, .T. ) ;
#6530 = ADVANCED_FACE ( 'NONE', ( #1095 ), #31, .T. ) ;
#6531 = DIRECTION ( 'NONE',  ( -1.000000000000000000, 0.000000000000000000, -0.000000000000000000 ) ) ;
#6532 = EDGE_LOOP ( 'NONE', ( #6757, #5245, #3090, #3245 ) ) ;
#6533 = LINE ( 'NONE', #5467, #4872 ) ;
#6534 = VERTEX_POINT ( 'NONE', #5427 ) ;
#6535 = DIRECTION ( 'NONE',  ( -1.000000000000000000, 0.000000000000000000, 0.000000000000000000 ) ) ;
#6536 = DIRECTION ( 'NONE',  ( 0.000000000000000000, 0.000000000000000000, 1.000000000000000000 ) ) ;
#6537 = ORIENTED_EDGE ( 'NONE', *, *, #4841, .F. ) ;
#6538 = DIRECTION ( 'NONE',  ( 1.000000000000000000, 0.000000000000000000, 0.000000000000000000 ) ) ;
#6539 = ORIENTED_EDGE ( 'NONE', *, *, #2887, .F. ) ;
#6540 = ORIENTED_EDGE ( 'NONE', *, *, #4837, .F. ) ;
#6541 = ADVANCED_FACE ( 'NONE', ( #352 ), #3591, .F. ) ;
#6542 = DIRECTION ( 'NONE',  ( 0.000000000000000000, 0.000000000000000000, -1.000000000000000000 ) ) ;
#6543 = FACE_OUTER_BOUND ( 'NONE', #3974, .T. ) ;
#6544 = CARTESIAN_POINT ( 'NONE',  ( -63.69999999997390461, 36.35000000000249543, 15.69549410664357403 ) ) ;
#6545 = AXIS2_PLACEMENT_3D ( 'NONE', #5256, #3134, #5318 ) ;
#6546 = CARTESIAN_POINT ( 'NONE',  ( -53.70000000000000284, -67.35000000000000853, 10.02726047942455700 ) ) ;
#6547 = ORIENTED_EDGE ( 'NONE', *, *, #6962, .T. ) ;
#6548 = DIRECTION ( 'NONE',  ( -1.000000000000000000, 0.000000000000000000, 0.000000000000000000 ) ) ;
#6549 = ORIENTED_EDGE ( 'NONE', *, *, #984, .T. ) ;
#6550 = ORIENTED_EDGE ( 'NONE', *, *, #671, .T. ) ;
#6551 = DIRECTION ( 'NONE',  ( -1.000000000000000000, 0.000000000000000000, -0.000000000000000000 ) ) ;
#6552 = FACE_OUTER_BOUND ( 'NONE', #2293, .T. ) ;
#6553 = ADVANCED_FACE ( 'NONE', ( #4566 ), #1886, .F. ) ;
#6554 = CARTESIAN_POINT ( 'NONE',  ( -92.70000000000000284, 67.35000000000000853, 11.48809735261820464 ) ) ;
#6555 = CARTESIAN_POINT ( 'NONE',  ( 101.2000000000000028, -70.70000000000000284, 16.35000000000000142 ) ) ;
#6556 = AXIS2_PLACEMENT_3D ( 'NONE', #6443, #4906, #1122 ) ;
#6557 = PLANE ( 'NONE',  #6096 ) ;
#6558 = PLANE ( 'NONE',  #4886 ) ;
#6559 = ADVANCED_FACE ( 'NONE', ( #6141, #3454 ), #5120, .F. ) ;
#6560 = CARTESIAN_POINT ( 'NONE',  ( -106.4499999999739117, 41.85000000000001563, 47.88553390593274628 ) ) ;
#6561 = AXIS2_PLACEMENT_3D ( 'NONE', #2812, #5363, #4354 ) ;
#6562 = CARTESIAN_POINT ( 'NONE',  ( -77.69999999997389750, 36.35000000000000853, 43.35000000000000853 ) ) ;
#6563 = DIRECTION ( 'NONE',  ( 0.000000000000000000, 0.000000000000000000, -1.000000000000000000 ) ) ;
#6564 = VECTOR ( 'NONE', #2090, 1000.000000000000000 ) ;
#6565 = AXIS2_PLACEMENT_3D ( 'NONE', #1308, #5621, #767 ) ;
#6566 = CARTESIAN_POINT ( 'NONE',  ( -33.69999999999998153, -70.69999999999997442, 16.35000000000000142 ) ) ;
#6567 = VECTOR ( 'NONE', #854, 1000.000000000000000 ) ;
#6568 = DIRECTION ( 'NONE',  ( 0.000000000000000000, 0.000000000000000000, -1.000000000000000000 ) ) ;
#6569 = ORIENTED_EDGE ( 'NONE', *, *, #4730, .T. ) ;
#6570 = VECTOR ( 'NONE', #6133, 1000.000000000000000 ) ;
#6571 = DIRECTION ( 'NONE',  ( -0.000000000000000000, 0.000000000000000000, 1.000000000000000000 ) ) ;
#6572 = CIRCLE ( 'NONE', #4999, 18.25000000000000355 ) ;
#6573 = VECTOR ( 'NONE', #3123, 1000.000000000000000 ) ;
#6574 = AXIS2_PLACEMENT_3D ( 'NONE', #3516, #3411, #3866 ) ;
#6575 = FACE_OUTER_BOUND ( 'NONE', #4551, .T. ) ;
#6576 = VERTEX_POINT ( 'NONE', #3484 ) ;
#6577 = CIRCLE ( 'NONE', #6005, 1.000000000000000888 ) ;
#6578 = VECTOR ( 'NONE', #3401, 1000.000000000000000 ) ;
#6579 = CARTESIAN_POINT ( 'NONE',  ( 63.50000000000000000, -7.750000000000000000, 6.349999999999999645 ) ) ;
#6580 = ORIENTED_EDGE ( 'NONE', *, *, #1914, .T. ) ;
#6581 = APPLICATION_CONTEXT ( 'automotive_design' ) ;
#6582 = ORIENTED_EDGE ( 'NONE', *, *, #5133, .T. ) ;
#6583 = CIRCLE ( 'NONE', #5008, 1.650000000000002132 ) ;
#6584 = AXIS2_PLACEMENT_3D ( 'NONE', #79, #2224, #6082 ) ;
#6585 = DIRECTION ( 'NONE',  ( -1.000000000000000000, 0.000000000000000000, 0.000000000000000000 ) ) ;
#6586 = EDGE_CURVE ( 'NONE', #5687, #1609, #2407, .T. ) ;
#6587 = CARTESIAN_POINT ( 'NONE',  ( -117.6999999999738975, 72.70000000000000284, 1.000000000000000000 ) ) ;
#6588 = VECTOR ( 'NONE', #582, 1000.000000000000000 ) ;
#6589 = CARTESIAN_POINT ( 'NONE',  ( 107.0613258210895111, -69.56130458803046679, 6.544966819792519708 ) ) ;
#6590 = AXIS2_PLACEMENT_3D ( 'NONE', #675, #4881, #1670 ) ;
#6591 = AXIS2_PLACEMENT_3D ( 'NONE', #4306, #4411, #1175 ) ;
#6592 = CARTESIAN_POINT ( 'NONE',  ( 0.000000000000000000, 0.000000000000000000, 42.35000000000000853 ) ) ;
#6593 = VERTEX_POINT ( 'NONE', #5151 ) ;
#6594 = LINE ( 'NONE', #5587, #98 ) ;
#6595 = ORIENTED_EDGE ( 'NONE', *, *, #2186, .F. ) ;
#6596 = VERTEX_POINT ( 'NONE', #6714 ) ;
#6597 = FACE_OUTER_BOUND ( 'NONE', #1688, .T. ) ;
#6598 = DIRECTION ( 'NONE',  ( -1.000000000000000000, 0.000000000000000000, 0.000000000000000000 ) ) ;
#6599 = LINE ( 'NONE', #6660, #4103 ) ;
#6600 = ADVANCED_FACE ( 'NONE', ( #247 ), #2455, .F. ) ;
#6601 = PLANE ( 'NONE',  #2390 ) ;
#6602 = AXIS2_PLACEMENT_3D ( 'NONE', #3894, #5498, #65 ) ;
#6603 = ORIENTED_EDGE ( 'NONE', *, *, #2771, .F. ) ;
#6604 = EDGE_CURVE ( 'NONE', #5903, #5618, #2959, .T. ) ;
#6605 = FACE_OUTER_BOUND ( 'NONE', #5399, .T. ) ;
#6606 = CYLINDRICAL_SURFACE ( 'NONE', #2843, 1.322739520575443750 ) ;
#6607 = CARTESIAN_POINT ( 'NONE',  ( 36.19999999999999574, 37.50000000000000000, 0.000000000000000000 ) ) ;
#6608 = ADVANCED_FACE ( 'NONE', ( #2530 ), #5678, .F. ) ;
#6609 = CARTESIAN_POINT ( 'NONE',  ( -78.69999999997389750, 66.35000000000000853, 40.35000000000000142 ) ) ;
#6610 = DIRECTION ( 'NONE',  ( 0.000000000000000000, -1.000000000000000000, 0.000000000000000000 ) ) ;
#6611 = DIRECTION ( 'NONE',  ( 1.000000000000000000, 0.000000000000000000, 0.000000000000000000 ) ) ;
#6612 = CARTESIAN_POINT ( 'NONE',  ( 63.50000000000000000, 7.750000000000000000, 5.249999999999999112 ) ) ;
#6613 = ORIENTED_EDGE ( 'NONE', *, *, #4641, .T. ) ;
#6614 = DIRECTION ( 'NONE',  ( 0.000000000000000000, 0.000000000000000000, 1.000000000000000000 ) ) ;
#6615 = DIRECTION ( 'NONE',  ( 0.000000000000000000, 1.000000000000000000, 0.000000000000000000 ) ) ;
#6616 = VERTEX_POINT ( 'NONE', #278 ) ;
#6617 = DIRECTION ( 'NONE',  ( 0.000000000000000000, 0.000000000000000000, -1.000000000000000000 ) ) ;
#6618 = ORIENTED_EDGE ( 'NONE', *, *, #6894, .F. ) ;
#6619 = ORIENTED_EDGE ( 'NONE', *, *, #297, .T. ) ;
#6620 = CARTESIAN_POINT ( 'NONE',  ( 99.20000000000001705, -75.70000000000000284, 54.35000000000000142 ) ) ;
#6621 = CARTESIAN_POINT ( 'NONE',  ( -117.2857864376007910, 73.70000000000000284, 1.451022859147289025E-16 ) ) ;
#6622 = CARTESIAN_POINT ( 'NONE',  ( 106.8148993869449725, -69.31482020595048255, 6.446485969612914424 ) ) ;
#6623 = CARTESIAN_POINT ( 'NONE',  ( -76.20000000000000284, 76.20000000000000284, 6.349999999999999645 ) ) ;
#6624 = ORIENTED_EDGE ( 'NONE', *, *, #3287, .T. ) ;
#6625 = CARTESIAN_POINT ( 'NONE',  ( 43.80000000000001847, 13.70000000000000462, 36.00000000000000711 ) ) ;
#6626 = ORIENTED_EDGE ( 'NONE', *, *, #2695, .F. ) ;
#6627 = EDGE_CURVE ( 'NONE', #486, #6320, #6911, .T. ) ;
#6628 = ORIENTED_EDGE ( 'NONE', *, *, #5224, .F. ) ;
#6629 = CARTESIAN_POINT ( 'NONE',  ( -33.70000000003532392, 67.35000000000000853, 18.34999999999809006 ) ) ;
#6630 = CARTESIAN_POINT ( 'NONE',  ( -31.70000000003531682, -68.69999999999997442, 8.349999999999999645 ) ) ;
#6631 = CARTESIAN_POINT ( 'NONE',  ( -29.20000000000002416, 14.00000000000000533, 0.000000000000000000 ) ) ;
#6632 = CARTESIAN_POINT ( 'NONE',  ( -92.70000000000000284, 67.35000000000000853, 22.21190264738178399 ) ) ;
#6633 = CARTESIAN_POINT ( 'NONE',  ( -63.83136878803956193, 73.56863121193431709, 42.04526815714136490 ) ) ;
#6634 = DIRECTION ( 'NONE',  ( 1.000000000000000000, 0.000000000000000000, 0.000000000000000000 ) ) ;
#6635 = EDGE_CURVE ( 'NONE', #1760, #272, #4597, .T. ) ;
#6636 = DIRECTION ( 'NONE',  ( 0.000000000000000000, 0.000000000000000000, -1.000000000000000000 ) ) ;
#6637 = DIRECTION ( 'NONE',  ( -0.000000000000000000, 1.000000000000000000, 0.000000000000000000 ) ) ;
#6638 = FACE_BOUND ( 'NONE', #229, .T. ) ;
#6639 = CARTESIAN_POINT ( 'NONE',  ( -426294.1795817551319, 67.35000000000000853, 246104.6321233486233 ) ) ;
#6640 = DIRECTION ( 'NONE',  ( 0.000000000000000000, 1.000000000000000000, 0.000000000000000000 ) ) ;
#6641 = VERTEX_POINT ( 'NONE', #308 ) ;
#6642 = CARTESIAN_POINT ( 'NONE',  ( -79.69999999997389750, 38.35000000000000853, 38.35000000000000853 ) ) ;
#6643 = EDGE_CURVE ( 'NONE', #5032, #5537, #2489, .T. ) ;
#6644 = DIRECTION ( 'NONE',  ( 0.000000000000000000, 1.000000000000000000, -0.000000000000000000 ) ) ;
#6645 = VERTEX_POINT ( 'NONE', #4094 ) ;
#6646 = CYLINDRICAL_SURFACE ( 'NONE', #1593, 2.000000000000000000 ) ;
#6647 = ORIENTED_EDGE ( 'NONE', *, *, #599, .T. ) ;
#6648 = ORIENTED_EDGE ( 'NONE', *, *, #4977, .T. ) ;
#6649 = EDGE_CURVE ( 'NONE', #1833, #1820, #1268, .T. ) ;
#6650 = DIRECTION ( 'NONE',  ( -0.000000000000000000, -0.000000000000000000, -1.000000000000000000 ) ) ;
#6651 = CARTESIAN_POINT ( 'NONE',  ( -76.20000000000000284, 35.35000000000000853, 18.34999999999999787 ) ) ;
#6652 = CARTESIAN_POINT ( 'NONE',  ( -56.57922672891479010, 27.96747884449285593, 6.610273233689655470 ) ) ;
#6653 = DIRECTION ( 'NONE',  ( 0.000000000000000000, 1.000000000000000000, 0.000000000000000000 ) ) ;
#6654 = VERTEX_POINT ( 'NONE', #6849 ) ;
#6655 = EDGE_CURVE ( 'NONE', #5310, #2084, #1988, .T. ) ;
#6656 = DIRECTION ( 'NONE',  ( -0.000000000000000000, 1.000000000000000000, 0.000000000000000000 ) ) ;
#6657 = ORIENTED_EDGE ( 'NONE', *, *, #1897, .T. ) ;
#6658 = VERTEX_POINT ( 'NONE', #5075 ) ;
#6659 = DIRECTION ( 'NONE',  ( 0.000000000000000000, 0.000000000000000000, -1.000000000000000000 ) ) ;
#6660 = CARTESIAN_POINT ( 'NONE',  ( -92.70000000000000284, 73.70000000000000284, 0.000000000000000000 ) ) ;
#6661 = CARTESIAN_POINT ( 'NONE',  ( -53.70000000000000284, -73.70000000000000284, 12.67273952057544406 ) ) ;
#6662 = ORIENTED_EDGE ( 'NONE', *, *, #6767, .F. ) ;
#6663 = AXIS2_PLACEMENT_3D ( 'NONE', #5018, #5636, #2315 ) ;
#6664 = ORIENTED_EDGE ( 'NONE', *, *, #3445, .T. ) ;
#6665 = CYLINDRICAL_SURFACE ( 'NONE', #315, 2.000000000000001776 ) ;
#6666 = LINE ( 'NONE', #710, #2278 ) ;
#6667 = CYLINDRICAL_SURFACE ( 'NONE', #6360, 2.000000000000001776 ) ;
#6668 = EDGE_CURVE ( 'NONE', #1404, #4508, #1420, .T. ) ;
#6669 = LINE ( 'NONE', #2852, #6471 ) ;
#6670 = EDGE_CURVE ( 'NONE', #1001, #4280, #3562, .T. ) ;
#6671 = LINE ( 'NONE', #2857, #326 ) ;
#6672 = CARTESIAN_POINT ( 'NONE',  ( -76.20000000000000284, -67.35000000000000853, 16.35000000000000142 ) ) ;
#6673 = EDGE_CURVE ( 'NONE', #1229, #6402, #1590, .T. ) ;
#6674 = FACE_OUTER_BOUND ( 'NONE', #6507, .T. ) ;
#6675 = VECTOR ( 'NONE', #2660, 1000.000000000000000 ) ;
#6676 = ORIENTED_EDGE ( 'NONE', *, *, #4031, .T. ) ;
#6677 = CARTESIAN_POINT ( 'NONE',  ( 172.1999999999999886, -68.19999999999997442, 54.35000000000000142 ) ) ;
#6678 = LINE ( 'NONE', #1828, #4224 ) ;
#6679 = AXIS2_PLACEMENT_3D ( 'NONE', #4628, #1209, #175 ) ;
#6680 = ADVANCED_FACE ( 'NONE', ( #3624 ), #2066, .F. ) ;
#6681 = AXIS2_PLACEMENT_3D ( 'NONE', #3380, #720, #6614 ) ;
#6682 = EDGE_LOOP ( 'NONE', ( #2583, #1524, #1902, #2155 ) ) ;
#6683 = CARTESIAN_POINT ( 'NONE',  ( 34.10000000000000142, 37.50000000000000000, 0.000000000000000000 ) ) ;
#6684 = ORIENTED_EDGE ( 'NONE', *, *, #1078, .T. ) ;
#6685 = AXIS2_PLACEMENT_3D ( 'NONE', #4944, #138, #4916 ) ;
#6686 = EDGE_CURVE ( 'NONE', #4052, #4403, #3304, .T. ) ;
#6687 = ORIENTED_EDGE ( 'NONE', *, *, #601, .T. ) ;
#6688 = CIRCLE ( 'NONE', #6346, 1.200000000000006617 ) ;
#6689 = VECTOR ( 'NONE', #5006, 1000.000000000000000 ) ;
#6690 = TOROIDAL_SURFACE ( 'NONE', #6116, 2.000000000000000000, 1.000000000000000000 ) ;
#6691 = CARTESIAN_POINT ( 'NONE',  ( -73.20000000000000284, 35.35000000000000853, 18.34999999999999787 ) ) ;
#6692 = CARTESIAN_POINT ( 'NONE',  ( 106.4543847416587568, -68.95438120516865865, 6.366209311299741103 ) ) ;
#6693 = AXIS2_PLACEMENT_3D ( 'NONE', #3103, #2560, #2125 ) ;
#6694 = VECTOR ( 'NONE', #4335, 1000.000000000000000 ) ;
#6695 = DIRECTION ( 'NONE',  ( -0.000000000000000000, 0.000000000000000000, 1.000000000000000000 ) ) ;
#6696 = ORIENTED_EDGE ( 'NONE', *, *, #5734, .F. ) ;
#6697 = VECTOR ( 'NONE', #5833, 1000.000000000000000 ) ;
#6698 = VECTOR ( 'NONE', #5508, 1000.000000000000000 ) ;
#6699 = LINE ( 'NONE', #330, #4090 ) ;
#6700 = CIRCLE ( 'NONE', #5116, 1.649999999999998579 ) ;
#6701 = ORIENTED_EDGE ( 'NONE', *, *, #6277, .T. ) ;
#6702 = EDGE_CURVE ( 'NONE', #347, #4177, #1720, .T. ) ;
#6703 = ORIENTED_EDGE ( 'NONE', *, *, #5260, .T. ) ;
#6704 = CIRCLE ( 'NONE', #234, 1.000000000000000888 ) ;
#6705 = FACE_OUTER_BOUND ( 'NONE', #1010, .T. ) ;
#6706 = CARTESIAN_POINT ( 'NONE',  ( 167.1999999999999886, -73.19999999999998863, 8.349999999999999645 ) ) ;
#6707 = LINE ( 'NONE', #6863, #3639 ) ;
#6708 = AXIS2_PLACEMENT_3D ( 'NONE', #4352, #3735, #6493 ) ;
#6709 = ORIENTED_EDGE ( 'NONE', *, *, #2252, .T. ) ;
#6710 = ORIENTED_EDGE ( 'NONE', *, *, #776, .T. ) ;
#6711 = PLANE ( 'NONE',  #3054 ) ;
#6712 = DIRECTION ( 'NONE',  ( -0.000000000000000000, -0.000000000000000000, -1.000000000000000000 ) ) ;
#6713 = DIRECTION ( 'NONE',  ( 0.000000000000000000, 0.000000000000000000, 1.000000000000000000 ) ) ;
#6714 = CARTESIAN_POINT ( 'NONE',  ( 46.80000000000001847, 55.70000000000000284, 33.00000000000000000 ) ) ;
#6715 = PLANE ( 'NONE',  #2375 ) ;
#6716 = FACE_OUTER_BOUND ( 'NONE', #3387, .T. ) ;
#6717 = EDGE_CURVE ( 'NONE', #4576, #6904, #5317, .T. ) ;
#6718 = DIRECTION ( 'NONE',  ( -0.000000000000000000, 1.000000000000000000, -0.000000000000000000 ) ) ;
#6719 = ORIENTED_EDGE ( 'NONE', *, *, #3546, .T. ) ;
#6720 = CARTESIAN_POINT ( 'NONE',  ( -108.9499999999739117, 41.85000000000001563, 47.88553390593274628 ) ) ;
#6721 = CARTESIAN_POINT ( 'NONE',  ( 173726.7579182455374, -73.70000000000000284, -100306.0706563034619 ) ) ;
#6722 = VERTEX_POINT ( 'NONE', #1554 ) ;
#6723 = DIRECTION ( 'NONE',  ( 0.000000000000000000, 0.000000000000000000, -1.000000000000000000 ) ) ;
#6724 = VERTEX_POINT ( 'NONE', #1527 ) ;
#6725 = DIRECTION ( 'NONE',  ( 1.000000000000000000, 0.000000000000000000, -3.854941057726241055E-16 ) ) ;
#6726 = ORIENTED_EDGE ( 'NONE', *, *, #5364, .T. ) ;
#6727 = ADVANCED_FACE ( 'NONE', ( #452, #5255, #2694, #982, #922, #6980 ), #4198, .T. ) ;
#6728 = DIRECTION ( 'NONE',  ( 1.000000000000000000, 0.000000000000000000, 0.000000000000000000 ) ) ;
#6729 = CARTESIAN_POINT ( 'NONE',  ( -58.57466326952745561, 29.78151206322994682, 7.361670395485881535 ) ) ;
#6730 = PLANE ( 'NONE',  #1143 ) ;
#6731 = EDGE_LOOP ( 'NONE', ( #6973, #1736, #2754, #2823, #3650, #3257, #5704 ) ) ;
#6732 = CARTESIAN_POINT ( 'NONE',  ( -76.20000000000000284, -67.35000000000000853, 16.35000000000000142 ) ) ;
#6733 = EDGE_LOOP ( 'NONE', ( #6837, #2337, #6797, #4515 ) ) ;
#6734 = ORIENTED_EDGE ( 'NONE', *, *, #2056, .F. ) ;
#6735 = DIRECTION ( 'NONE',  ( 0.000000000000000000, 0.000000000000000000, 1.000000000000000000 ) ) ;
#6736 = DIRECTION ( 'NONE',  ( 0.000000000000000000, 0.000000000000000000, 1.000000000000000000 ) ) ;
#6737 = ADVANCED_FACE ( 'NONE', ( #6308 ), #3162, .F. ) ;
#6738 = CARTESIAN_POINT ( 'NONE',  ( 0.000000000000000000, 58.70000000000000284, 6.349999999999999645 ) ) ;
#6739 = ORIENTED_EDGE ( 'NONE', *, *, #1392, .T. ) ;
#6740 = EDGE_LOOP ( 'NONE', ( #622, #4964, #1849, #360 ) ) ;
#6741 = CARTESIAN_POINT ( 'NONE',  ( -66.20000000000001705, -13.99999999999999822, 6.349999999999999645 ) ) ;
#6742 = DIRECTION ( 'NONE',  ( -0.000000000000000000, 1.000000000000000000, -0.000000000000000000 ) ) ;
#6743 = CARTESIAN_POINT ( 'NONE',  ( -108.9499999999739117, 41.85000000000001563, 47.88553390593274628 ) ) ;
#6744 = CARTESIAN_POINT ( 'NONE',  ( 63.50000000000000000, -63.50000000000000000, 0.000000000000000000 ) ) ;
#6745 = LINE ( 'NONE', #716, #6337 ) ;
#6746 = CARTESIAN_POINT ( 'NONE',  ( -60.76508441658389614, 67.34946866548010291, 39.22752926945949525 ) ) ;
#6747 = CARTESIAN_POINT ( 'NONE',  ( -92.70000000000000284, 45.32728445445477661, 8.349999999999997868 ) ) ;
#6748 = EDGE_LOOP ( 'NONE', ( #4860, #5331, #3836, #5250 ) ) ;
#6749 = ADVANCED_FACE ( 'NONE', ( #2633 ), #4805, .F. ) ;
#6750 = CARTESIAN_POINT ( 'NONE',  ( -63.72436103046334921, 64.35000000000000853, 41.56938231736487666 ) ) ;
#6751 = DIRECTION ( 'NONE',  ( 0.000000000000000000, -0.000000000000000000, -1.000000000000000000 ) ) ;
#6752 = EDGE_CURVE ( 'NONE', #5145, #5760, #6803, .T. ) ;
#6753 = VERTEX_POINT ( 'NONE', #5285 ) ;
#6754 = DIRECTION ( 'NONE',  ( -1.000000000000000000, 0.000000000000000000, 0.000000000000000000 ) ) ;
#6755 = ORIENTED_EDGE ( 'NONE', *, *, #2115, .F. ) ;
#6756 = DIRECTION ( 'NONE',  ( 0.000000000000000000, 0.000000000000000000, -1.000000000000000000 ) ) ;
#6757 = ORIENTED_EDGE ( 'NONE', *, *, #6717, .T. ) ;
#6758 = DIRECTION ( 'NONE',  ( 1.000000000000000000, 0.000000000000000000, -0.000000000000000000 ) ) ;
#6759 = LINE ( 'NONE', #3247, #1822 ) ;
#6760 = DIRECTION ( 'NONE',  ( 0.000000000000000000, 1.000000000000000000, 0.000000000000000000 ) ) ;
#6762 = ADVANCED_FACE ( 'NONE', ( #413 ), #2588, .F. ) ;
#6761 = DIRECTION ( 'NONE',  ( 1.000000000000000000, 0.000000000000000000, 0.000000000000000000 ) ) ;
#6763 = ORIENTED_EDGE ( 'NONE', *, *, #2658, .F. ) ;
#6764 = ORIENTED_EDGE ( 'NONE', *, *, #3682, .F. ) ;
#6765 = DIRECTION ( 'NONE',  ( -1.000000000000000000, 0.000000000000000000, 0.000000000000000000 ) ) ;
#6766 = DIRECTION ( 'NONE',  ( 1.000000000000000000, 0.000000000000000000, 0.000000000000000000 ) ) ;
#6767 = EDGE_CURVE ( 'NONE', #1180, #5160, #4433, .T. ) ;
#6768 = VERTEX_POINT ( 'NONE', #4908 ) ;
#6769 = EDGE_CURVE ( 'NONE', #4615, #3853, #4553, .T. ) ;
#6770 = ORIENTED_EDGE ( 'NONE', *, *, #1948, .F. ) ;
#6771 = LINE ( 'NONE', #741, #5757 ) ;
#6772 = ADVANCED_FACE ( 'NONE', ( #3310 ), #3835, .T. ) ;
#6773 = LINE ( 'NONE', #4196, #1929 ) ;
#6774 = DIRECTION ( 'NONE',  ( -0.000000000000000000, 1.000000000000000000, 0.000000000000000000 ) ) ;
#6775 = VECTOR ( 'NONE', #4164, 1000.000000000000000 ) ;
#6776 = DIRECTION ( 'NONE',  ( 0.000000000000000000, -0.000000000000000000, 1.000000000000000000 ) ) ;
#6777 = EDGE_CURVE ( 'NONE', #6892, #6932, #1202, .T. ) ;
#6778 = LINE ( 'NONE', #4629, #6316 ) ;
#6779 = LINE ( 'NONE', #6175, #796 ) ;
#6780 = ORIENTED_EDGE ( 'NONE', *, *, #6627, .F. ) ;
#6781 = DIRECTION ( 'NONE',  ( 1.000000000000000000, 0.000000000000000000, 0.000000000000000000 ) ) ;
#6782 = VECTOR ( 'NONE', #4023, 1000.000000000000000 ) ;
#6783 = DIRECTION ( 'NONE',  ( 0.000000000000000000, -0.000000000000000000, -1.000000000000000000 ) ) ;
#6784 = DIRECTION ( 'NONE',  ( 0.000000000000000000, 1.000000000000000000, 0.000000000000000000 ) ) ;
#6785 = VERTEX_POINT ( 'NONE', #3369 ) ;
#6786 = VECTOR ( 'NONE', #4630, 1000.000000000000000 ) ;
#6787 = AXIS2_PLACEMENT_3D ( 'NONE', #5382, #21, #1693 ) ;
#6788 = CARTESIAN_POINT ( 'NONE',  ( -63.69999999997390461, 38.35000000000000853, 6.349999999999999645 ) ) ;
#6789 = VERTEX_POINT ( 'NONE', #2233 ) ;
#6790 = CYLINDRICAL_SURFACE ( 'NONE', #1685, 3.000000000000002665 ) ;
#6791 = ORIENTED_EDGE ( 'NONE', *, *, #133, .F. ) ;
#6792 = AXIS2_PLACEMENT_3D ( 'NONE', #5943, #1013, #2624 ) ;
#6793 = VECTOR ( 'NONE', #5961, 1000.000000000000000 ) ;
#6794 = CARTESIAN_POINT ( 'NONE',  ( 106.1107338012357673, -68.84297578726503275, 6.348035452579701143 ) ) ;
#6795 = CYLINDRICAL_SURFACE ( 'NONE', #3989, 20.25000000000000355 ) ;
#6796 = DIRECTION ( 'NONE',  ( 0.000000000000000000, 0.000000000000000000, 1.000000000000000000 ) ) ;
#6797 = ORIENTED_EDGE ( 'NONE', *, *, #2790, .T. ) ;
#6798 = VECTOR ( 'NONE', #3363, 1000.000000000000000 ) ;
#6799 = ORIENTED_EDGE ( 'NONE', *, *, #6514, .T. ) ;
#6800 = VECTOR ( 'NONE', #2020, 1000.000000000000000 ) ;
#6801 = CIRCLE ( 'NONE', #4775, 1.200000000000006617 ) ;
#6802 = ADVANCED_FACE ( 'NONE', ( #5460 ), #2775, .F. ) ;
#6803 = CIRCLE ( 'NONE', #906, 1.325000000000006839 ) ;
#6804 = LINE ( 'NONE', #6270, #6573 ) ;
#6805 = CARTESIAN_POINT ( 'NONE',  ( -75.69999999997389750, -69.35000000000000853, 16.35000000000000142 ) ) ;
#6806 = AXIS2_PLACEMENT_3D ( 'NONE', #2973, #2503, #5644 ) ;
#6807 = VECTOR ( 'NONE', #6264, 1000.000000000000000 ) ;
#6808 = VECTOR ( 'NONE', #1687, 999.9999999999998863 ) ;
#6809 = VERTEX_POINT ( 'NONE', #2737 ) ;
#6810 = ORIENTED_EDGE ( 'NONE', *, *, #140, .T. ) ;
#6811 = AXIS2_PLACEMENT_3D ( 'NONE', #6842, #5143, #2480 ) ;
#6812 = ORIENTED_EDGE ( 'NONE', *, *, #6982, .T. ) ;
#6813 = FACE_OUTER_BOUND ( 'NONE', #5057, .T. ) ;
#6814 = AXIS2_PLACEMENT_3D ( 'NONE', #4247, #2104, #361 ) ;
#6815 = AXIS2_PLACEMENT_3D ( 'NONE', #2108, #6103, #5998 ) ;
#6816 = LINE ( 'NONE', #2065, #236 ) ;
#6817 = ADVANCED_FACE ( 'NONE', ( #706 ), #2881, .T. ) ;
#6818 = CIRCLE ( 'NONE', #696, 1.325000000000003286 ) ;
#6819 = DIRECTION ( 'NONE',  ( -0.000000000000000000, -1.000000000000000000, -0.000000000000000000 ) ) ;
#6820 = EDGE_CURVE ( 'NONE', #5131, #188, #1127, .T. ) ;
#6821 = CARTESIAN_POINT ( 'NONE',  ( 63.50000000000000000, -63.50000000000000000, 6.349999999999999645 ) ) ;
#6822 = CARTESIAN_POINT ( 'NONE',  ( -76.20000000000000284, 75.70000000000000284, 6.349999999999999645 ) ) ;
#6823 = LINE ( 'NONE', #3457, #4297 ) ;
#6824 = ORIENTED_EDGE ( 'NONE', *, *, #4419, .T. ) ;
#6825 = CARTESIAN_POINT ( 'NONE',  ( 123.2000000000000028, -123.2000000000000028, 0.000000000000000000 ) ) ;
#6826 = EDGE_CURVE ( 'NONE', #6840, #4256, #6060, .T. ) ;
#6827 = DIRECTION ( 'NONE',  ( 0.000000000000000000, 0.000000000000000000, -1.000000000000000000 ) ) ;
#6828 = DIRECTION ( 'NONE',  ( 0.000000000000000000, 1.000000000000000000, 0.000000000000000000 ) ) ;
#6829 = ADVANCED_FACE ( 'NONE', ( #4450 ), #6601, .T. ) ;
#6830 = EDGE_LOOP ( 'NONE', ( #6864, #2179, #1327, #7004 ) ) ;
#6831 = CARTESIAN_POINT ( 'NONE',  ( 66.30000000000001137, 36.19999999999999574, 20.00000000000000355 ) ) ;
#6832 = ORIENTED_EDGE ( 'NONE', *, *, #1725, .F. ) ;
#6833 = CARTESIAN_POINT ( 'NONE',  ( -40.37468245263653444, 67.35000000000000853, 18.43012701888824267 ) ) ;
#6834 = ORIENTED_EDGE ( 'NONE', *, *, #4452, .F. ) ;
#6835 = CARTESIAN_POINT ( 'NONE',  ( -63.69999999997390461, 35.35000000000000853, 16.35000000000000142 ) ) ;
#6836 = CARTESIAN_POINT ( 'NONE',  ( 142.6999999999997044, 78.20000000000000284, 6.349999999998679812 ) ) ;
#6837 = ORIENTED_EDGE ( 'NONE', *, *, #976, .F. ) ;
#6838 = DIRECTION ( 'NONE',  ( -0.000000000000000000, 0.000000000000000000, 1.000000000000000000 ) ) ;
#6839 = VERTEX_POINT ( 'NONE', #3265 ) ;
#6840 = VERTEX_POINT ( 'NONE', #1171 ) ;
#6841 = DIRECTION ( 'NONE',  ( -0.000000000000000000, -0.000000000000000000, -1.000000000000000000 ) ) ;
#6842 = CARTESIAN_POINT ( 'NONE',  ( 63.50000000000000000, 7.750000000000000000, 5.249999999999999112 ) ) ;
#6843 = EDGE_CURVE ( 'NONE', #1844, #5654, #6119, .T. ) ;
#6844 = ORIENTED_EDGE ( 'NONE', *, *, #2666, .F. ) ;
#6845 = VERTEX_POINT ( 'NONE', #3944 ) ;
#6846 = VERTEX_POINT ( 'NONE', #6555 ) ;
#6847 = DIRECTION ( 'NONE',  ( 0.000000000000000000, 0.000000000000000000, -1.000000000000000000 ) ) ;
#6848 = DIRECTION ( 'NONE',  ( 0.000000000000000000, 0.000000000000000000, 1.000000000000000000 ) ) ;
#6849 = CARTESIAN_POINT ( 'NONE',  ( 101.2000000000000171, 76.20000000000000284, 54.35000000000000142 ) ) ;
#6850 = CARTESIAN_POINT ( 'NONE',  ( 170.1999999999999886, 76.20000000000000284, 0.000000000000000000 ) ) ;
#6851 = EDGE_CURVE ( 'NONE', #1530, #6809, #5490, .T. ) ;
#6852 = DIRECTION ( 'NONE',  ( 0.000000000000000000, 0.000000000000000000, 1.000000000000000000 ) ) ;
#6853 = ORIENTED_EDGE ( 'NONE', *, *, #3475, .T. ) ;
#6854 = LINE ( 'NONE', #1992, #3415 ) ;
#6855 = DIRECTION ( 'NONE',  ( -0.8660254037844390407, 0.000000000000000000, 0.4999999999999993894 ) ) ;
#6856 = VERTEX_POINT ( 'NONE', #627 ) ;
#6857 = CARTESIAN_POINT ( 'NONE',  ( -31.70000000003532392, 68.70000000000000284, 16.35000000000000142 ) ) ;
#6858 = VERTEX_POINT ( 'NONE', #1743 ) ;
#6859 = CARTESIAN_POINT ( 'NONE',  ( 175.1999999999999886, 71.20000000000000284, 0.000000000000000000 ) ) ;
#6860 = VERTEX_POINT ( 'NONE', #3915 ) ;
#6861 = FACE_BOUND ( 'NONE', #6160, .T. ) ;
#6862 = CARTESIAN_POINT ( 'NONE',  ( 101.2000000000000171, -67.20000000000000284, 26.34999999999999787 ) ) ;
#6863 = CARTESIAN_POINT ( 'NONE',  ( 142.6999999999997044, 78.20000000000000284, 6.349999999998679812 ) ) ;
#6864 = ORIENTED_EDGE ( 'NONE', *, *, #5165, .F. ) ;
#6865 = CARTESIAN_POINT ( 'NONE',  ( -79.69999999997389750, 67.35000000000000853, 41.35000000000000142 ) ) ;
#6866 = ORIENTED_EDGE ( 'NONE', *, *, #3518, .F. ) ;
#6867 = EDGE_CURVE ( 'NONE', #6077, #5666, #2051, .T. ) ;
#6868 = ORIENTED_EDGE ( 'NONE', *, *, #2111, .F. ) ;
#6869 = DIRECTION ( 'NONE',  ( -0.000000000000000000, -0.000000000000000000, -1.000000000000000000 ) ) ;
#6870 = DIRECTION ( 'NONE',  ( 0.000000000000000000, 0.000000000000000000, -1.000000000000000000 ) ) ;
#6871 = ORIENTED_EDGE ( 'NONE', *, *, #5693, .T. ) ;
#6872 = ORIENTED_EDGE ( 'NONE', *, *, #2913, .T. ) ;
#6873 = ORIENTED_EDGE ( 'NONE', *, *, #380, .T. ) ;
#6874 = DIRECTION ( 'NONE',  ( -1.000000000000000000, 0.000000000000000000, 0.000000000000000000 ) ) ;
#6875 = LINE ( 'NONE', #2487, #4210 ) ;
#6876 = DIRECTION ( 'NONE',  ( 1.000000000000000000, 0.000000000000000000, 0.000000000000000000 ) ) ;
#6877 = DIRECTION ( 'NONE',  ( 0.000000000000000000, 0.000000000000000000, 1.000000000000000000 ) ) ;
#6878 = PLANE ( 'NONE',  #1249 ) ;
#6879 = ORIENTED_EDGE ( 'NONE', *, *, #3097, .T. ) ;
#6880 = EDGE_CURVE ( 'NONE', #3125, #1465, #677, .T. ) ;
#6881 = FACE_OUTER_BOUND ( 'NONE', #948, .T. ) ;
#6882 = CARTESIAN_POINT ( 'NONE',  ( -47.30288568302398744, -67.35000000000000853, 22.43012701893169236 ) ) ;
#6883 = VECTOR ( 'NONE', #5125, 1000.000000000000000 ) ;
#6884 = EDGE_CURVE ( 'NONE', #6858, #2667, #4347, .T. ) ;
#6885 = CARTESIAN_POINT ( 'NONE',  ( -63.69999999997390461, 35.35000000000000853, 0.000000000000000000 ) ) ;
#6886 = ORIENTED_EDGE ( 'NONE', *, *, #6510, .T. ) ;
#6887 = EDGE_CURVE ( 'NONE', #1307, #3821, #7023, .T. ) ;
#6888 = DIRECTION ( 'NONE',  ( -6.938893903907228378E-16, 0.000000000000000000, 1.000000000000000000 ) ) ;
#6889 = ORIENTED_EDGE ( 'NONE', *, *, #3205, .F. ) ;
#6890 = CARTESIAN_POINT ( 'NONE',  ( 99.20000000000001705, 75.70000000000000284, 16.35000000000000142 ) ) ;
#6891 = AXIS2_PLACEMENT_3D ( 'NONE', #5314, #6343, #949 ) ;
#6892 = VERTEX_POINT ( 'NONE', #5418 ) ;
#6893 = DIRECTION ( 'NONE',  ( 0.000000000000000000, -0.000000000000000000, -1.000000000000000000 ) ) ;
#6894 = EDGE_CURVE ( 'NONE', #2603, #2667, #6577, .T. ) ;
#6895 = CARTESIAN_POINT ( 'NONE',  ( 36.19999999999999574, -37.50000000000000000, 6.349999999999999645 ) ) ;
#6896 = VECTOR ( 'NONE', #2157, 1000.000000000000000 ) ;
#6897 = ORIENTED_EDGE ( 'NONE', *, *, #2520, .T. ) ;
#6898 = ADVANCED_FACE ( 'NONE', ( #5271 ), #1280, .T. ) ;
#6899 = DIRECTION ( 'NONE',  ( 1.000000000000000000, 0.000000000000000000, 0.000000000000000000 ) ) ;
#6900 = ORIENTED_EDGE ( 'NONE', *, *, #1087, .T. ) ;
#6901 = ORIENTED_EDGE ( 'NONE', *, *, #1511, .T. ) ;
#6902 = CARTESIAN_POINT ( 'NONE',  ( -61.49422863406000062, -67.35000000000000853, 23.52726047942448417 ) ) ;
#6903 = CYLINDRICAL_SURFACE ( 'NONE', #6811, 1.200000000000006617 ) ;
#6904 = VERTEX_POINT ( 'NONE', #2449 ) ;
#6905 = AXIS2_PLACEMENT_3D ( 'NONE', #970, #2548, #3683 ) ;
#6906 = VECTOR ( 'NONE', #6276, 1000.000000000000000 ) ;
#6907 = VECTOR ( 'NONE', #824, 1000.000000000000000 ) ;
#6908 = VERTEX_POINT ( 'NONE', #5068 ) ;
#6909 = ORIENTED_EDGE ( 'NONE', *, *, #5776, .T. ) ;
#6910 = CARTESIAN_POINT ( 'NONE',  ( -77.69999999997389750, 38.35000000000000853, 36.35000000000000853 ) ) ;
#6911 = CIRCLE ( 'NONE', #791, 1.322739520575443750 ) ;
#6912 = CARTESIAN_POINT ( 'NONE',  ( -63.69999999997390461, 64.35000000000000853, 37.35000000000000853 ) ) ;
#6913 = CIRCLE ( 'NONE', #2734, 1.000000000000000888 ) ;
#6914 = CIRCLE ( 'NONE', #3871, 1.322739520575443750 ) ;
#6915 = CARTESIAN_POINT ( 'NONE',  ( -53.70000000000000284, 73.70000000000000284, 20.35000000000000142 ) ) ;
#6916 = VECTOR ( 'NONE', #511, 1000.000000000000000 ) ;
#6917 = AXIS2_PLACEMENT_3D ( 'NONE', #1216, #6617, #3385 ) ;
#6918 = DIRECTION ( 'NONE',  ( -0.000000000000000000, 0.000000000000000000, 1.000000000000000000 ) ) ;
#6919 = AXIS2_PLACEMENT_3D ( 'NONE', #6592, #3906, #5480 ) ;
#6920 = DIRECTION ( 'NONE',  ( -1.000000000000000000, 0.000000000000000000, 0.000000000000000000 ) ) ;
#6921 = ORIENTED_EDGE ( 'NONE', *, *, #165, .F. ) ;
#6922 = PRESENTATION_STYLE_ASSIGNMENT (( #2070 ) ) ;
#6923 = AXIS2_PLACEMENT_3D ( 'NONE', #1756, #6536, #6002 ) ;
#6924 = DIRECTION ( 'NONE',  ( 0.000000000000000000, 0.000000000000000000, -1.000000000000000000 ) ) ;
#6925 = VECTOR ( 'NONE', #5360, 1000.000000000000000 ) ;
#6926 = CARTESIAN_POINT ( 'NONE',  ( -30.52500000000002700, -13.99999999999999467, 6.349999999999999645 ) ) ;
#6927 = ORIENTED_EDGE ( 'NONE', *, *, #1729, .T. ) ;
#6928 = EDGE_CURVE ( 'NONE', #1, #1669, #195, .T. ) ;
#6929 = CARTESIAN_POINT ( 'NONE',  ( 165.7857864376269106, 71.78578643762689637, 6.349999999999999645 ) ) ;
#6930 = ORIENTED_EDGE ( 'NONE', *, *, #2825, .F. ) ;
#6931 = CARTESIAN_POINT ( 'NONE',  ( 65.14999999999989200, 63.49999999999994316, 6.349999999999999645 ) ) ;
#6932 = VERTEX_POINT ( 'NONE', #1879 ) ;
#6933 = CARTESIAN_POINT ( 'NONE',  ( -116.6999999999738975, 0.000000000000000000, 43.35000000000000853 ) ) ;
#6934 = CARTESIAN_POINT ( 'NONE',  ( -60.69999999997389750, 64.35000000000000853, 20.35000000000000142 ) ) ;
#6935 = ORIENTED_EDGE ( 'NONE', *, *, #6843, .F. ) ;
#6936 = LINE ( 'NONE', #5372, #4559 ) ;
#6937 = VERTEX_POINT ( 'NONE', #2912 ) ;
#6938 = VERTEX_POINT ( 'NONE', #4549 ) ;
#6939 = CARTESIAN_POINT ( 'NONE',  ( -40.37468245269337785, -73.70000000000000284, 18.43012701889988136 ) ) ;
#6940 = CARTESIAN_POINT ( 'NONE',  ( -62.84005252710720413, 34.49005252713592284, 12.23307935122860179 ) ) ;
#6941 = ORIENTED_EDGE ( 'NONE', *, *, #4158, .T. ) ;
#6942 = DIRECTION ( 'NONE',  ( -1.000000000000000000, 0.000000000000000000, 0.000000000000000000 ) ) ;
#6943 = ORIENTED_EDGE ( 'NONE', *, *, #1557, .T. ) ;
#6944 = ADVANCED_FACE ( 'NONE', ( #811 ), #1471, .F. ) ;
#6945 = ORIENTED_EDGE ( 'NONE', *, *, #4885, .T. ) ;
#6946 = DIRECTION ( 'NONE',  ( -0.000000000000000000, 1.000000000000000000, 0.000000000000000000 ) ) ;
#6947 = DIRECTION ( 'NONE',  ( 0.000000000000000000, 0.000000000000000000, 1.000000000000000000 ) ) ;
#6948 = EDGE_CURVE ( 'NONE', #5, #3448, #6707, .T. ) ;
#6949 = DIRECTION ( 'NONE',  ( -0.000000000000000000, 0.000000000000000000, 1.000000000000000000 ) ) ;
#6950 = LINE ( 'NONE', #6822, #2586 ) ;
#6951 = DIRECTION ( 'NONE',  ( 0.000000000000000000, 1.000000000000000000, 0.000000000000000000 ) ) ;
#6952 = EDGE_CURVE ( 'NONE', #5070, #4291, #737, .T. ) ;
#6953 = ORIENTED_EDGE ( 'NONE', *, *, #1508, .F. ) ;
#6954 = DIRECTION ( 'NONE',  ( 0.000000000000000000, -1.000000000000000000, 0.000000000000000000 ) ) ;
#6955 = DIRECTION ( 'NONE',  ( -1.000000000000000000, 0.000000000000000000, 0.000000000000000000 ) ) ;
#6956 = DIRECTION ( 'NONE',  ( 1.541976423090495387E-16, -1.000000000000000000, 0.000000000000000000 ) ) ;
#6957 = EDGE_LOOP ( 'NONE', ( #3469, #6710, #2250, #3144 ) ) ;
#6958 = CARTESIAN_POINT ( 'NONE',  ( -77.69999999997392592, 58.10000000000000853, 0.000000000000000000 ) ) ;
#6959 = ORIENTED_EDGE ( 'NONE', *, *, #4308, .F. ) ;
#6960 = PLANE ( 'NONE',  #4980 ) ;
#6961 = VERTEX_POINT ( 'NONE', #4020 ) ;
#6962 = EDGE_CURVE ( 'NONE', #1648, #559, #4621, .T. ) ;
#6963 = CARTESIAN_POINT ( 'NONE',  ( 173721.7579182460322, -67.35000000000000853, -100314.7309103413863 ) ) ;
#6964 = DIRECTION ( 'NONE',  ( 0.000000000000000000, 0.000000000000000000, 1.000000000000000000 ) ) ;
#6965 = ORIENTED_EDGE ( 'NONE', *, *, #1907, .F. ) ;
#6966 = DIRECTION ( 'NONE',  ( 1.000000000000000000, 0.000000000000000000, 0.000000000000000000 ) ) ;
#6967 = ORIENTED_EDGE ( 'NONE', *, *, #4585, .F. ) ;
#6968 = ORIENTED_EDGE ( 'NONE', *, *, #2611, .T. ) ;
#6969 = ADVANCED_FACE ( 'NONE', ( #2988 ), #5803, .T. ) ;
#6970 = FACE_OUTER_BOUND ( 'NONE', #2951, .T. ) ;
#6971 = CARTESIAN_POINT ( 'NONE',  ( -61.65107625617132214, 34.09618388181897330, 10.25010208168948900 ) ) ;
#6972 = EDGE_CURVE ( 'NONE', #3125, #368, #4591, .T. ) ;
#6973 = ORIENTED_EDGE ( 'NONE', *, *, #3465, .F. ) ;
#6974 = DIRECTION ( 'NONE',  ( 1.000000000000000000, 0.000000000000000000, 0.000000000000000000 ) ) ;
#6975 = EDGE_LOOP ( 'NONE', ( #4441, #6409, #4160, #6476 ) ) ;
#6976 = ORIENTED_EDGE ( 'NONE', *, *, #745, .F. ) ;
#6977 = DIRECTION ( 'NONE',  ( 0.000000000000000000, 0.000000000000000000, 1.000000000000000000 ) ) ;
#6978 = CARTESIAN_POINT ( 'NONE',  ( -73.19999999997392592, 47.60000000000000853, 17.77365965879586085 ) ) ;
#6979 = ADVANCED_FACE ( 'NONE', ( #770 ), #5106, .F. ) ;
#6980 = FACE_BOUND ( 'NONE', #5838, .T. ) ;
#6981 = EDGE_CURVE ( 'NONE', #3556, #5580, #2335, .T. ) ;
#6982 = EDGE_CURVE ( 'NONE', #5020, #866, #271, .T. ) ;
#6983 = CARTESIAN_POINT ( 'NONE',  ( -23.70000000003532037, 68.70000000000000284, 16.35000000000000142 ) ) ;
#6984 = LINE ( 'NONE', #1454, #1586 ) ;
#6985 = VERTEX_POINT ( 'NONE', #6661 ) ;
#6986 = LINE ( 'NONE', #1094, #5791 ) ;
#6987 = LINE ( 'NONE', #6421, #1701 ) ;
#6988 = EDGE_CURVE ( 'NONE', #3337, #5264, #1803, .T. ) ;
#6989 = LINE ( 'NONE', #529, #4423 ) ;
#6990 = DIRECTION ( 'NONE',  ( 0.000000000000000000, 0.000000000000000000, -1.000000000000000000 ) ) ;
#6991 = ORIENTED_EDGE ( 'NONE', *, *, #4986, .F. ) ;
#6992 = PLANE ( 'NONE',  #5312 ) ;
#6993 = ORIENTED_EDGE ( 'NONE', *, *, #3714, .F. ) ;
#6994 = DIRECTION ( 'NONE',  ( 1.000000000000000000, 0.000000000000000000, 0.000000000000000000 ) ) ;
#6995 = CARTESIAN_POINT ( 'NONE',  ( -77.69999999997389750, 72.70000000000000284, 43.35000000000000853 ) ) ;
#6996 = VERTEX_POINT ( 'NONE', #3517 ) ;
#6997 = CIRCLE ( 'NONE', #4301, 2.000000000000000000 ) ;
#6998 = DIRECTION ( 'NONE',  ( -0.000000000000000000, -0.000000000000000000, -1.000000000000000000 ) ) ;
#6999 = ORIENTED_EDGE ( 'NONE', *, *, #1351, .T. ) ;
#7000 = ORIENTED_EDGE ( 'NONE', *, *, #5348, .F. ) ;
#7001 = CARTESIAN_POINT ( 'NONE',  ( -71.19999999999998863, -67.35000000000000853, 16.35000000000000142 ) ) ;
#7002 = CIRCLE ( 'NONE', #2365, 1.322739520575443750 ) ;
#7003 = CARTESIAN_POINT ( 'NONE',  ( -64.34818313570485770, 35.03016648702831048, 13.75717431576040539 ) ) ;
#7004 = ORIENTED_EDGE ( 'NONE', *, *, #297, .F. ) ;
#7005 = DIRECTION ( 'NONE',  ( 0.000000000000000000, 0.000000000000000000, 1.000000000000000000 ) ) ;
#7006 = EDGE_LOOP ( 'NONE', ( #3137, #6272, #5959, #6709 ) ) ;
#7007 = ADVANCED_FACE ( 'NONE', ( #2994 ), #743, .F. ) ;
#7008 = VECTOR ( 'NONE', #1099, 1000.000000000000114 ) ;
#7009 = VECTOR ( 'NONE', #6217, 1000.000000000000000 ) ;
#7010 = EDGE_LOOP ( 'NONE', ( #6648, #6381, #1501, #5714 ) ) ;
#7011 = CARTESIAN_POINT ( 'NONE',  ( -76.20000000000000284, 35.35000000000000853, 0.000000000000000000 ) ) ;
#7012 = DIRECTION ( 'NONE',  ( 0.000000000000000000, 0.000000000000000000, -1.000000000000000000 ) ) ;
#7013 = CARTESIAN_POINT ( 'NONE',  ( -62.91299888110615512, 66.38237209866512956, 40.09443007133817360 ) ) ;
#7014 = CIRCLE ( 'NONE', #2957, 1.250000000000001110 ) ;
#7015 = DIRECTION ( 'NONE',  ( -1.000000000000000000, 0.000000000000000000, 0.000000000000000000 ) ) ;
#7016 = CARTESIAN_POINT ( 'NONE',  ( 0.000000000000000000, 55.70000000000000284, 6.349999999999999645 ) ) ;
#7017 = VECTOR ( 'NONE', #1409, 1000.000000000000000 ) ;
#7018 = ADVANCED_FACE ( 'NONE', ( #711 ), #1774, .F. ) ;
#7019 = ORIENTED_EDGE ( 'NONE', *, *, #5688, .T. ) ;
#7020 = CIRCLE ( 'NONE', #4430, 3.000000000000002665 ) ;
#7021 = AXIS2_PLACEMENT_3D ( 'NONE', #4349, #28, #562 ) ;
#7022 = CARTESIAN_POINT ( 'NONE',  ( -31.70000000003532392, 0.000000000000000000, 16.35000000000000142 ) ) ;
#7023 = CIRCLE ( 'NONE', #3875, 1.250000000000001110 ) ;
#7024 = EDGE_CURVE ( 'NONE', #4442, #3581, #1884, .T. ) ;
#7025 = VECTOR ( 'NONE', #6326, 1000.000000000000000 ) ;
#7026 = FACE_BOUND ( 'NONE', #1129, .T. ) ;
#7027 = VECTOR ( 'NONE', #2434, 1000.000000000000000 ) ;
#7028 = VECTOR ( 'NONE', #1159, 1000.000000000000000 ) ;
#7029 = AXIS2_PLACEMENT_3D ( 'NONE', #3256, #5408, #546 ) ;
#7030 = LINE ( 'NONE', #3892, #6445 ) ;
ENDSEC;
END-ISO-10303-21;
