ISO-10303-21;
HEADER;
FILE_DESCRIPTION (( 'STEP AP214' ),
    '1' );
FILE_NAME ('head.STEP',
    '2025-09-19T07:16:19',
    ( '' ),
    ( '' ),
    'SwSTEP 2.0',
    'SolidWorks 2025',
    '' );
FILE_SCHEMA (( 'AUTOMOTIVE_DESIGN' ));
ENDSEC;

DATA;
#1 = B_SPLINE_CURVE_WITH_KNOTS ( 'NONE', 3,
 ( #877, #906, #4478, #4860 ),
 .UNSPECIFIED., .F., .F.,
 ( 4, 4 ),
 ( 0.000000000000000000, 0.2820542050070710127 ),
 .UNSPECIFIED. ) ;
#2 = DIRECTION ( 'NONE',  ( 1.000000000000000000, -2.220446049250309876E-16, 6.317050217590119366E-32 ) ) ;
#3 = ORIENTED_EDGE ( 'NONE', *, *, #996, .T. ) ;
#4 = LINE ( 'NONE', #3595, #4941 ) ;
#5 = ORIENTED_EDGE ( 'NONE', *, *, #685, .F. ) ;
#6 = AXIS2_PLACEMENT_3D ( 'NONE', #5193, #159, #2888 ) ;
#7 = CARTESIAN_POINT ( 'NONE',  ( -54.60986140213245221, 32.80467853473189876, -82.51946200923947572 ) ) ;
#8 = CYLINDRICAL_SURFACE ( 'NONE', #5032, 2.500000000000002220 ) ;
#9 = LINE ( 'NONE', #4152, #5755 ) ;
#10 = FACE_OUTER_BOUND ( 'NONE', #3493, .T. ) ;
#11 = CARTESIAN_POINT ( 'NONE',  ( -35.39999999999999858, 32.81482464718050096, -71.74164817027980234 ) ) ;
#12 = ADVANCED_FACE ( 'NONE', ( #3255 ), #1006, .F. ) ;
#13 = CARTESIAN_POINT ( 'NONE',  ( 46.39999999999999858, 35.30467853473189876, -84.01665398941599960 ) ) ;
#14 = EDGE_CURVE ( 'NONE', #4606, #3741, #1407, .T. ) ;
#15 = CARTESIAN_POINT ( 'NONE',  ( 41.36026963097185671, 39.01285319909517568, -77.05231946439923263 ) ) ;
#16 = CARTESIAN_POINT ( 'NONE',  ( -54.87830037168379960, 35.37467691289869975, -81.51763413614280296 ) ) ;
#17 = VERTEX_POINT ( 'NONE', #3406 ) ;
#18 = FACE_OUTER_BOUND ( 'NONE', #1752, .T. ) ;
#19 = ADVANCED_FACE ( 'NONE', ( #1188 ), #5208, .F. ) ;
#20 = CARTESIAN_POINT ( 'NONE',  ( -54.33379900491984671, 62.94145818686805427, -66.60182401722957479 ) ) ;
#21 = EDGE_LOOP ( 'NONE', ( #1038, #4269, #1750, #4834, #4782, #4712, #431, #1630, #1935, #3517, #1094, #328 ) ) ;
#22 = AXIS2_PLACEMENT_3D ( 'NONE', #409, #2205, #4035 ) ;
#23 = VECTOR ( 'NONE', #1838, 1000.000000000000227 ) ;
#24 = ORIENTED_EDGE ( 'NONE', *, *, #217, .F. ) ;
#25 = DIRECTION ( 'NONE',  ( 0.000000000000000000, 1.000000000000000000, 0.000000000000000000 ) ) ;
#26 = CARTESIAN_POINT ( 'NONE',  ( -56.28176725378742873, 41.31171393117800505, -75.49165396492458058 ) ) ;
#27 = CARTESIAN_POINT ( 'NONE',  ( 17.39999999999999858, 29.27967853473190019, -80.49165398941610761 ) ) ;
#28 = CARTESIAN_POINT ( 'NONE',  ( -33.77228927287560367, 37.80467853473189876, -71.96665398942489844 ) ) ;
#29 = FACE_BOUND ( 'NONE', #5421, .T. ) ;
#30 = DIRECTION ( 'NONE',  ( -1.000000000000000000, 0.000000000000000000, 0.000000000000000000 ) ) ;
#31 = ORIENTED_EDGE ( 'NONE', *, *, #824, .F. ) ;
#32 = EDGE_LOOP ( 'NONE', ( #2583, #3541, #1053, #2151 ) ) ;
#33 = CARTESIAN_POINT ( 'NONE',  ( 41.37689274596836242, 31.65462399266888482, -77.19373221231057869 ) ) ;
#34 = ORIENTED_EDGE ( 'NONE', *, *, #4249, .F. ) ;
#35 = DIRECTION ( 'NONE',  ( -0.7071067811865477948, -0.7071067811865473507, 0.000000000000000000 ) ) ;
#36 = ADVANCED_FACE ( 'NONE', ( #1154 ), #1067, .F. ) ;
#37 = CYLINDRICAL_SURFACE ( 'NONE', #472, 1.000000000000000888 ) ;
#38 = CARTESIAN_POINT ( 'NONE',  ( 29.57871605875346432, 43.52302599386228366, -79.19324184492803909 ) ) ;
#39 = CARTESIAN_POINT ( 'NONE',  ( -41.37254910717042833, 43.81141674600082325, -78.33717220086199973 ) ) ;
#40 = CARTESIAN_POINT ( 'NONE',  ( -56.76786743737100238, 35.37467691289879923, -74.46567384268929857 ) ) ;
#41 = CARTESIAN_POINT ( 'NONE',  ( 29.75122023181474873, 40.28514529581762815, -75.71863654280902267 ) ) ;
#42 = EDGE_CURVE ( 'NONE', #3121, #2894, #2440, .T. ) ;
#43 = CARTESIAN_POINT ( 'NONE',  ( 41.28777980185521557, 39.25894406791123714, -76.58852380733577547 ) ) ;
#44 = CARTESIAN_POINT ( 'NONE',  ( -2.220446049250309925E-15, 41.03908083792619976, -78.94957348265620567 ) ) ;
#45 = LINE ( 'NONE', #156, #1537 ) ;
#46 = CARTESIAN_POINT ( 'NONE',  ( 56.30287249798778504, 40.67193308740377944, -75.57426227585116862 ) ) ;
#47 = VECTOR ( 'NONE', #3270, 1000.000000000000000 ) ;
#48 = ORIENTED_EDGE ( 'NONE', *, *, #2053, .F. ) ;
#49 = AXIS2_PLACEMENT_3D ( 'NONE', #5010, #4567, #1904 ) ;
#50 = ORIENTED_EDGE ( 'NONE', *, *, #2091, .F. ) ;
#51 = CARTESIAN_POINT ( 'NONE',  ( 38.48540698116135417, 33.07410601143799767, -82.88752090355578162 ) ) ;
#52 = DIRECTION ( 'NONE',  ( 0.000000000000000000, 2.775557561562890365E-16, 1.000000000000000000 ) ) ;
#53 = VECTOR ( 'NONE', #2433, 1000.000000000000000 ) ;
#54 = CARTESIAN_POINT ( 'NONE',  ( 39.63878382933854994, 73.59209469790974367, -73.48034685237277586 ) ) ;
#55 = FACE_OUTER_BOUND ( 'NONE', #5805, .T. ) ;
#56 = DIRECTION ( 'NONE',  ( 0.000000000000000000, -1.000000000000000000, 2.775557561562890365E-16 ) ) ;
#57 = APPLICATION_CONTEXT ( 'automotive_design' ) ;
#58 = EDGE_CURVE ( 'NONE', #2595, #4633, #5493, .T. ) ;
#59 = PLANE ( 'NONE',  #3486 ) ;
#60 = ORIENTED_EDGE ( 'NONE', *, *, #3143, .T. ) ;
#61 = ORIENTED_EDGE ( 'NONE', *, *, #3395, .T. ) ;
#62 = CARTESIAN_POINT ( 'NONE',  ( -53.53907966857590139, 35.37467691289869975, -86.51567384268929572 ) ) ;
#63 = ORIENTED_EDGE ( 'NONE', *, *, #4307, .T. ) ;
#64 = CARTESIAN_POINT ( 'NONE',  ( -40.74094341429110955, 41.00207402365744258, -80.47580108321562875 ) ) ;
#65 = CARTESIAN_POINT ( 'NONE',  ( -53.92054602164366628, 37.61307419971065968, -84.97660540768474391 ) ) ;
#66 = CARTESIAN_POINT ( 'NONE',  ( -37.22308535595590229, 0.3046772556254859765, -59.99164897494249971 ) ) ;
#67 = CARTESIAN_POINT ( 'NONE',  ( -49.00000000000000000, 12.80467725562550108, -67.49164817027978813 ) ) ;
#68 = CARTESIAN_POINT ( 'NONE',  ( 37.02771072712440059, 37.80467853473189876, -71.96665398942489844 ) ) ;
#69 = CARTESIAN_POINT ( 'NONE',  ( -17.89999999999999858, 35.37470958719599423, -78.01686516830319817 ) ) ;
#70 = CYLINDRICAL_SURFACE ( 'NONE', #892, 5.000000000000004441 ) ;
#71 = CARTESIAN_POINT ( 'NONE',  ( 41.37406134626390042, 38.96352217493031134, -77.18264548390123991 ) ) ;
#72 = AXIS2_PLACEMENT_3D ( 'NONE', #69, #4965, #3521 ) ;
#73 = VECTOR ( 'NONE', #4880, 1000.000000000000000 ) ;
#74 = CARTESIAN_POINT ( 'NONE',  ( 53.54157510732697034, 35.70716507785058269, -86.50636073848347962 ) ) ;
#75 = CARTESIAN_POINT ( 'NONE',  ( 55.44316149151157447, 39.08238525951594511, -79.09890301728152906 ) ) ;
#76 = ORIENTED_EDGE ( 'NONE', *, *, #2521, .F. ) ;
#77 = CIRCLE ( 'NONE', #2982, 1.000000000000000888 ) ;
#78 = ORIENTED_EDGE ( 'NONE', *, *, #2659, .F. ) ;
#79 = CARTESIAN_POINT ( 'NONE',  ( 35.95094242236049098, 32.82176700295697458, -83.72228452936104759 ) ) ;
#80 = CARTESIAN_POINT ( 'NONE',  ( -35.22159576820320126, 37.79453242228330367, -71.74164817027970287 ) ) ;
#81 = EDGE_CURVE ( 'NONE', #3448, #5490, #1274, .T. ) ;
#82 = CARTESIAN_POINT ( 'NONE',  ( -26.21421356237309652, -0.2811091820014140485, -55.19165030598870203 ) ) ;
#83 = CARTESIAN_POINT ( 'NONE',  ( -38.52781199358340558, 37.71751259021593228, -72.62138940968119982 ) ) ;
#84 = CARTESIAN_POINT ( 'NONE',  ( 29.80528246165141937, 28.62362555746733861, -75.57361489330138227 ) ) ;
#85 = CARTESIAN_POINT ( 'NONE',  ( -35.39999999999999858, 83.64814667400489157, -83.74164817027970287 ) ) ;
#86 = VERTEX_POINT ( 'NONE', #4061 ) ;
#87 = ORIENTED_EDGE ( 'NONE', *, *, #2987, .F. ) ;
#88 = EDGE_CURVE ( 'NONE', #1185, #4563, #4469, .T. ) ;
#89 = DIRECTION ( 'NONE',  ( 0.000000000000000000, 1.000000000000000000, 0.000000000000000000 ) ) ;
#90 = ORIENTED_EDGE ( 'NONE', *, *, #3332, .T. ) ;
#91 = CYLINDRICAL_SURFACE ( 'NONE', #4337, 2.500000000000002220 ) ;
#92 = DIRECTION ( 'NONE',  ( -0.01857135878213119970, 0.4471364679005699339, 0.8942729358011389795 ) ) ;
#93 = AXIS2_PLACEMENT_3D ( 'NONE', #1648, #3863, #5195 ) ;
#94 = ADVANCED_FACE ( 'NONE', ( #3944 ), #4002, .F. ) ;
#95 = B_SPLINE_CURVE_WITH_KNOTS ( 'NONE', 3,
 ( #5774, #4463, #861, #1330, #1302, #1244, #5292, #428, #4405, #2227, #1691, #3076, #1211, #4496, #3018, #2609, #1658, #4877, #4026, #3580, #374, #5382, #5833, #1778, #3133, #4939, #1716, #3523, #2164, #801, #457, #5322, #5350, #3108, #833, #4433, #400, #1272, #895, #2196, #3997, #3050, #4815, #2578, #2695, #4376, #345, #5802, #3461, #2135, #3938, #1747, #5743, #3490, #4848, #4909, #5436, #3635, #5133, #2824, #1077, #5610, #1492, #5102, #5578 ),
 .UNSPECIFIED., .F., .F.,
 ( 4, 2, 2, 2, 2, 2, 1, 2, 2, 2, 2, 2, 1, 1, 2, 2, 2, 2, 2, 2, 2, 1, 1, 2, 2, 2, 2, 1, 1, 2, 2, 2, 2, 2, 2, 4 ),
 ( 0.000000000000000000, 0.06250000000001083855, 0.09375000000001548761, 0.1250000000000201505, 0.1875000000000295319, 0.2187500000000357214, 0.2343750000000380529, 0.2421875000000399125, 0.2500000000000417444, 0.3125000000000452971, 0.3437500000000461853, 0.3593750000000456857, 0.3671875000000468514, 0.3710937500000474620, 0.3730468750000471845, 0.3750000000000469069, 0.4375000000000167644, 0.4999999999999865663, 0.5624999999999563682, 0.5937499999999412692, 0.6093749999999330536, 0.6171874999999288347, 0.6210937499999277245, 0.6230468749999279465, 0.6249999999999281686, 0.6874999999999646949, 0.7187499999999833467, 0.7343749999999911182, 0.7421874999999951150, 0.7460937499999964473, 0.7499999999999977796, 0.8124999999999946709, 0.8437499999999923395, 0.8593749999999918954, 0.8749999999999915623, 1.000000000000000000 ),
 .UNSPECIFIED. ) ;
#96 = LINE ( 'NONE', #4072, #4603 ) ;
#97 = CARTESIAN_POINT ( 'NONE',  ( 29.59163310542881931, 43.11082844687872750, -76.23736077489478191 ) ) ;
#98 = CARTESIAN_POINT ( 'NONE',  ( -38.91707504838935705, 72.82776745947033703, -72.87683607514165374 ) ) ;
#99 = CARTESIAN_POINT ( 'NONE',  ( -34.42870799606795629, 83.60168149934368387, -83.68127553547978437 ) ) ;
#100 = CARTESIAN_POINT ( 'NONE',  ( 56.98513224215007966, 37.22138014852720289, -73.57940447889735935 ) ) ;
#101 = CARTESIAN_POINT ( 'NONE',  ( 41.03784364246261873, 40.35694384638381393, -75.68865572956160293 ) ) ;
#102 =( BOUNDED_CURVE ( )  B_SPLINE_CURVE ( 3, ( #3737, #2354, #5539, #1484 ),
 .UNSPECIFIED., .F., .F. ) 
 B_SPLINE_CURVE_WITH_KNOTS ( ( 4, 4 ),
 ( -1.776356839400250465E-15, 3.141592653589794004 ),
 .UNSPECIFIED. ) 
 CURVE ( )  GEOMETRIC_REPRESENTATION_ITEM ( )  RATIONAL_B_SPLINE_CURVE ( ( 1.000000000000000000, 0.3333333333333324822, 0.3333333333333324822, 1.000000000000000000 ) ) 
 REPRESENTATION_ITEM ( '' )  );
#103 = LINE ( 'NONE', #5582, #1239 ) ;
#104 = DIRECTION ( 'NONE',  ( -1.000000000000000000, 1.001483571081361987E-31, 2.220446049250309876E-16 ) ) ;
#105 = EDGE_CURVE ( 'NONE', #818, #1024, #1678, .T. ) ;
#106 = VERTEX_POINT ( 'NONE', #3024 ) ;
#107 = CARTESIAN_POINT ( 'NONE',  ( 38.40433253591805141, 33.05057457308985391, -82.93529274812765095 ) ) ;
#108 = CARTESIAN_POINT ( 'NONE',  ( -2.220446049250309925E-15, 35.66546851286040010, -71.03506916560860418 ) ) ;
#109 = AXIS2_PLACEMENT_3D ( 'NONE', #1259, #4511, #3988 ) ;
#110 = CYLINDRICAL_SURFACE ( 'NONE', #5194, 1.000000000000000888 ) ;
#111 = CYLINDRICAL_SURFACE ( 'NONE', #1466, 2.000000000000001776 ) ;
#112 = CARTESIAN_POINT ( 'NONE',  ( -32.45225159377928748, 37.57443082998378259, -82.96815939034138410 ) ) ;
#113 = EDGE_CURVE ( 'NONE', #2286, #5737, #2887, .T. ) ;
#114 = AXIS2_PLACEMENT_3D ( 'NONE', #2731, #2233, #1366 ) ;
#115 = FACE_OUTER_BOUND ( 'NONE', #4350, .T. ) ;
#116 = VERTEX_POINT ( 'NONE', #4555 ) ;
#117 = DIRECTION ( 'NONE',  ( 1.000000000000000000, 1.001483571081361987E-31, 2.220446049250309876E-16 ) ) ;
#118 = ORIENTED_EDGE ( 'NONE', *, *, #5070, .F. ) ;
#119 = CARTESIAN_POINT ( 'NONE',  ( -41.24165449579225395, 39.09260256233805109, -79.11986680728365684 ) ) ;
#120 = CARTESIAN_POINT ( 'NONE',  ( -17.89999999999999858, 81.80467853473190587, -92.99165398941609340 ) ) ;
#121 = ADVANCED_FACE ( 'NONE', ( #489 ), #2781, .F. ) ;
#122 = VECTOR ( 'NONE', #2783, 1000.000000000000000 ) ;
#123 = CARTESIAN_POINT ( 'NONE',  ( 17.39999999999999858, 41.32967853473190445, -80.49165398941610761 ) ) ;
#124 = CARTESIAN_POINT ( 'NONE',  ( 29.76217574044280312, 42.30228768082528035, -75.68860270339737895 ) ) ;
#125 = CARTESIAN_POINT ( 'NONE',  ( -38.24231810561365563, 72.27741496219952921, -72.45344702752008459 ) ) ;
#126 = ORIENTED_EDGE ( 'NONE', *, *, #875, .F. ) ;
#127 = CARTESIAN_POINT ( 'NONE',  ( -29.48215283726310787, 31.45139092032329842, -76.74252815618380907 ) ) ;
#128 = CARTESIAN_POINT ( 'NONE',  ( 57.19799089350097177, 37.68663772172298110, -72.74216591793782527 ) ) ;
#129 = ADVANCED_FACE ( 'NONE', ( #4999 ), #5082, .T. ) ;
#130 = CARTESIAN_POINT ( 'NONE',  ( 41.03685622267138911, 40.36335890039566010, -75.68595923819314919 ) ) ;
#131 = DIRECTION ( 'NONE',  ( -1.000000000000000000, -2.220446049250309876E-16, 1.001483571081361987E-31 ) ) ;
#132 = VERTEX_POINT ( 'NONE', #5443 ) ;
#133 = EDGE_CURVE ( 'NONE', #1045, #3920, #1377, .T. ) ;
#134 = CARTESIAN_POINT ( 'NONE',  ( -38.53002435787688285, 37.52136652844902187, -82.86053162835997909 ) ) ;
#135 = EDGE_CURVE ( 'NONE', #3497, #132, #446, .T. ) ;
#136 = ORIENTED_EDGE ( 'NONE', *, *, #3213, .T. ) ;
#137 = AXIS2_PLACEMENT_3D ( 'NONE', #1499, #2008, #1145 ) ;
#138 = DIRECTION ( 'NONE',  ( 0.000000000000000000, 1.000000000000000000, 0.000000000000000000 ) ) ;
#139 = DIRECTION ( 'NONE',  ( 1.000000000000000000, 0.000000000000000000, 0.000000000000000000 ) ) ;
#140 = DIRECTION ( 'NONE',  ( 0.000000000000000000, 1.000000000000000000, 0.000000000000000000 ) ) ;
#141 = LINE ( 'NONE', #1872, #1286 ) ;
#142 = CARTESIAN_POINT ( 'NONE',  ( -34.30965324539012329, 37.77826398403305319, -83.64336596895242337 ) ) ;
#143 = AXIS2_PLACEMENT_3D ( 'NONE', #3001, #325, #4739 ) ;
#144 = DIRECTION ( 'NONE',  ( -1.000000000000000000, 4.622231866529390132E-32, 2.220446049250309876E-16 ) ) ;
#145 = VERTEX_POINT ( 'NONE', #3249 ) ;
#146 = ORIENTED_EDGE ( 'NONE', *, *, #4178, .F. ) ;
#147 = CARTESIAN_POINT ( 'NONE',  ( -33.84684836806304276, 32.80268772543120548, -71.94605618985896456 ) ) ;
#148 = ORIENTED_EDGE ( 'NONE', *, *, #5625, .F. ) ;
#149 = CARTESIAN_POINT ( 'NONE',  ( -17.39999999999999858, 35.30482198470239297, -71.96777173434509223 ) ) ;
#150 = LINE ( 'NONE', #1071, #5500 ) ;
#151 = VECTOR ( 'NONE', #4330, 1000.000000000000000 ) ;
#152 = CARTESIAN_POINT ( 'NONE',  ( 29.43860129224247757, 43.65047419313374633, -77.06217214648295055 ) ) ;
#153 = CARTESIAN_POINT ( 'NONE',  ( -40.91084445294074357, 80.64572249866908749, -80.14446566017916496 ) ) ;
#154 = VERTEX_POINT ( 'NONE', #3612 ) ;
#155 = CARTESIAN_POINT ( 'NONE',  ( -30.82126506678553923, 81.93710500417452636, -81.62431692771517078 ) ) ;
#156 = CARTESIAN_POINT ( 'NONE',  ( -50.11004226090619795, -13.69532146526820071, -83.85023889227220195 ) ) ;
#157 = ADVANCED_FACE ( 'NONE', ( #4607, #2755 ), #2341, .F. ) ;
#158 = CARTESIAN_POINT ( 'NONE',  ( 29.46819987746222580, 38.91530549025290497, -78.64580081942649770 ) ) ;
#159 = DIRECTION ( 'NONE',  ( 0.000000000000000000, 1.000000000000000000, -2.775557561562890365E-16 ) ) ;
#160 = CARTESIAN_POINT ( 'NONE',  ( 56.50497624142299458, -13.69532146526809946, -59.99165273579760083 ) ) ;
#161 =( LENGTH_UNIT ( ) NAMED_UNIT ( * ) SI_UNIT ( .MILLI., .METRE. ) );
#162 = EDGE_LOOP ( 'NONE', ( #3954, #3245, #977, #398 ) ) ;
#163 = CARTESIAN_POINT ( 'NONE',  ( -39.87186119605762258, 36.36023963712500517, -81.74285448500948803 ) ) ;
#164 = ORIENTED_EDGE ( 'NONE', *, *, #3465, .T. ) ;
#165 = CARTESIAN_POINT ( 'NONE',  ( 39.60325953364947793, 33.79581090209575933, -82.02332039717174439 ) ) ;
#166 = DIRECTION ( 'NONE',  ( -1.000000000000000000, 0.000000000000000000, 0.000000000000000000 ) ) ;
#167 = LINE ( 'NONE', #5027, #857 ) ;
#168 = VECTOR ( 'NONE', #376, 1000.000000000000000 ) ;
#169 = DIRECTION ( 'NONE',  ( -0.5700238742145431470, 0.8216281292807852132, -2.220446049250310369E-16 ) ) ;
#170 = CARTESIAN_POINT ( 'NONE',  ( -17.39999999999999858, 42.39970958719539595, -78.01686403958160554 ) ) ;
#171 = FACE_OUTER_BOUND ( 'NONE', #1216, .T. ) ;
#172 = ORIENTED_EDGE ( 'NONE', *, *, #828, .T. ) ;
#173 = ORIENTED_EDGE ( 'NONE', *, *, #1615, .T. ) ;
#174 = LINE ( 'NONE', #523, #975 ) ;
#175 = EDGE_LOOP ( 'NONE', ( #5600, #4202, #4419, #5537 ) ) ;
#176 = CARTESIAN_POINT ( 'NONE',  ( -41.00691986763305863, 39.68721420769824704, -79.87835120233687292 ) ) ;
#177 = CARTESIAN_POINT ( 'NONE',  ( -17.39999999999999858, 35.66546851286040010, -71.03506916560860418 ) ) ;
#178 = CARTESIAN_POINT ( 'NONE',  ( 29.41296025723768537, 43.82859411844758313, -78.16557741167096651 ) ) ;
#179 = VECTOR ( 'NONE', #4304, 1000.000000000000000 ) ;
#180 = LINE ( 'NONE', #2447, #4370 ) ;
#181 = ORIENTED_EDGE ( 'NONE', *, *, #2298, .T. ) ;
#182 = CARTESIAN_POINT ( 'NONE',  ( -29.45916446475806438, 31.52853576099395028, -76.88699807389083674 ) ) ;
#183 = CARTESIAN_POINT ( 'NONE',  ( -56.89569550367035333, 36.87682749435335694, -73.93936567743963906 ) ) ;
#184 = CARTESIAN_POINT ( 'NONE',  ( 29.57668691546080808, 39.12961546649345479, -79.18991278610597817 ) ) ;
#185 = CARTESIAN_POINT ( 'NONE',  ( 33.48162867405889642, 32.80623045284389860, -72.05692752192958039 ) ) ;
#186 = EDGE_CURVE ( 'NONE', #4813, #1823, #1184, .T. ) ;
#187 = CARTESIAN_POINT ( 'NONE',  ( -30.06732074893721673, 29.11239047371202560, -80.49165398941612182 ) ) ;
#188 = CARTESIAN_POINT ( 'NONE',  ( 54.93728143282280030, 41.32967853473189734, -80.49165398941610761 ) ) ;
#189 = ADVANCED_FACE ( 'NONE', ( #3195 ), #4974, .F. ) ;
#190 = VERTEX_POINT ( 'NONE', #2729 ) ;
#191 = CARTESIAN_POINT ( 'NONE',  ( -2.799999999999999822, -6.695322744374519353, -55.19165030598870203 ) ) ;
#192 = EDGE_LOOP ( 'NONE', ( #5694, #2471, #1609, #2253 ) ) ;
#193 = DIRECTION ( 'NONE',  ( -1.000000000000000000, 0.000000000000000000, 0.000000000000000000 ) ) ;
#194 = CARTESIAN_POINT ( 'NONE',  ( -29.59360497171492099, 43.49064842034228917, -79.25984023823593816 ) ) ;
#195 = CARTESIAN_POINT ( 'NONE',  ( -41.73889347882073508, 80.63468034979597121, -80.07567579409723635 ) ) ;
#196 = CARTESIAN_POINT ( 'NONE',  ( -2.799999999999999822, -1.695322744374510249, -62.49164817027969576 ) ) ;
#197 = VECTOR ( 'NONE', #2786, 1000.000000000000000 ) ;
#198 = CARTESIAN_POINT ( 'NONE',  ( 29.71280250012146240, 28.01800141869738781, -75.82726480926501722 ) ) ;
#199 = CARTESIAN_POINT ( 'NONE',  ( 41.35283387243743647, 43.62071185530329132, -76.99084191275440503 ) ) ;
#200 = ORIENTED_EDGE ( 'NONE', *, *, #5487, .T. ) ;
#201 = DIRECTION ( 'NONE',  ( -1.000000000000000000, 0.000000000000000000, 0.000000000000000000 ) ) ;
#202 = B_SPLINE_CURVE_WITH_KNOTS ( 'NONE', 3,
 ( #1925, #3669, #1844, #3250, #3221, #3755, #1000, #4608, #3640, #5444, #5000, #2839, #4114, #1870, #948, #570, #3726, #2756, #2403, #1285, #3592, #5491, #5054, #5393, #905, #4136, #3275, #1444, #4477, #5362, #1314, #5080, #2399, #1023, #4890, #3246, #3145, #4193, #467, #437, #2265, #1792, #2804, #844, #163, #876, #4449, #565, #1891, #1951, #4164, #997, #2834, #5817, #4038, #412, #592, #3723, #3752, #4925, #2237, #4605, #2369, #3088, #134, #1922, #1759, #3563, #3397, #5200, #3780, #647, #2984, #1978, #5677, #1115, #3425, #2100, #707, #2544, #4693, #3839, #5555, #5586 ),
 .UNSPECIFIED., .F., .F.,
 ( 4, 2, 2, 2, 1, 1, 1, 2, 2, 2, 2, 1, 1, 1, 1, 2, 2, 2, 2, 1, 1, 1, 2, 2, 2, 2, 2, 2, 2, 1, 1, 1, 2, 2, 2, 2, 2, 1, 1, 1, 2, 2, 2, 2, 1, 1, 1, 1, 2, 2, 2, 4 ),
 ( 0.000000000000000000, 0.06250000000000351108, 0.09375000000000424660, 0.1093750000000059674, 0.1171875000000077993, 0.1210937500000087291, 0.1230468750000091871, 0.1240234375000088818, 0.1250000000000085765, 0.1874999999999718281, 0.2187499999999548417, 0.2343749999999480693, 0.2421874999999439060, 0.2460937499999410194, 0.2480468749999386324, 0.2490234374999374389, 0.2499999999999362454, 0.3124999999998712696, 0.3437499999998393507, 0.3593749999998239186, 0.3671874999998157030, 0.3710937499998120948, 0.3730468749998098188, 0.3749999999998074873, 0.4374999999997726818, 0.4999999999997378208, 0.5624999999997030153, 0.5937499999996852518, 0.6093749999996764810, 0.6171874999996721511, 0.6210937499996702638, 0.6230468749996698197, 0.6240234374996703748, 0.6249999999996708189, 0.6874999999996525002, 0.7187499999996427302, 0.7343749999996389555, 0.7421874999996359579, 0.7460937499996358468, 0.7480468749996357358, 0.7490234374996362909, 0.7499999999996368460, 0.8124999999997994937, 0.8437499999998806510, 0.8593749999999212852, 0.8671874999999423794, 0.8710937499999527045, 0.8730468749999578115, 0.8740234374999596989, 0.8749999999999616973, 0.9374999999999807931, 1.000000000000000000 ),
 .UNSPECIFIED. ) ;
#203 = CARTESIAN_POINT ( 'NONE',  ( -55.30267719581745922, 39.37191127479518116, -79.57588491665519825 ) ) ;
#204 = ORIENTED_EDGE ( 'NONE', *, *, #4747, .T. ) ;
#205 = CARTESIAN_POINT ( 'NONE',  ( -41.26774487615443121, 39.32194336009843738, -76.46515557187623813 ) ) ;
#206 = CARTESIAN_POINT ( 'NONE',  ( 50.99999844076710076, -14.59532146526820107, -95.99165398941610761 ) ) ;
#207 = AXIS2_PLACEMENT_3D ( 'NONE', #872, #5359, #4976 ) ;
#208 = CARTESIAN_POINT ( 'NONE',  ( 40.77395138489234228, 28.62632449064692963, -80.41034781301083001 ) ) ;
#209 = ORIENTED_EDGE ( 'NONE', *, *, #3749, .T. ) ;
#210 = CARTESIAN_POINT ( 'NONE',  ( -35.64048081978418026, 83.64814667400487735, -83.74164817027970287 ) ) ;
#211 = ORIENTED_EDGE ( 'NONE', *, *, #4520, .F. ) ;
#212 = CARTESIAN_POINT ( 'NONE',  ( -29.74064005110378517, 30.39365682910633737, -75.74762634711605358 ) ) ;
#213 = DIRECTION ( 'NONE',  ( -0.2588962926196894943, 0.000000000000000000, -0.9659051245685468245 ) ) ;
#214 = DIRECTION ( 'NONE',  ( 0.000000000000000000, 2.775557561562890365E-16, 1.000000000000000000 ) ) ;
#215 = CARTESIAN_POINT ( 'NONE',  ( -14.40000000000000036, 39.02609336588880495, -68.70733260749760518 ) ) ;
#216 = FACE_OUTER_BOUND ( 'NONE', #175, .T. ) ;
#217 = EDGE_CURVE ( 'NONE', #3497, #4510, #5466, .T. ) ;
#218 = VERTEX_POINT ( 'NONE', #999 ) ;
#219 = LINE ( 'NONE', #4221, #1451 ) ;
#220 = ORIENTED_EDGE ( 'NONE', *, *, #4178, .T. ) ;
#221 = CARTESIAN_POINT ( 'NONE',  ( 38.57230051410518001, 37.50747343996297900, -82.83436980996671650 ) ) ;
#222 = CARTESIAN_POINT ( 'NONE',  ( -41.23649052969778950, 31.16815582633298476, -76.34530062534284411 ) ) ;
#223 = CARTESIAN_POINT ( 'NONE',  ( 40.35395893163661185, 81.53325978718588374, -81.15017985909135234 ) ) ;
#224 = CARTESIAN_POINT ( 'NONE',  ( -39.71674704183092786, 33.38514401842517998, -73.57292404985865630 ) ) ;
#225 = EDGE_CURVE ( 'NONE', #4000, #5587, #294, .T. ) ;
#226 = CARTESIAN_POINT ( 'NONE',  ( -31.82657674470552323, 37.35004798803378634, -82.56702117305826505 ) ) ;
#227 = CARTESIAN_POINT ( 'NONE',  ( 54.00654697184430830, 37.74625340258253914, -84.64195539179205241 ) ) ;
#228 = ORIENTED_EDGE ( 'NONE', *, *, #5178, .F. ) ;
#229 = CARTESIAN_POINT ( 'NONE',  ( 37.31372619116349654, 32.80618512667823694, -72.05561396871264890 ) ) ;
#230 = CARTESIAN_POINT ( 'NONE',  ( -55.51598401101924196, 38.97953807740713472, -78.84471674467708624 ) ) ;
#231 = ORIENTED_EDGE ( 'NONE', *, *, #5626, .F. ) ;
#232 = DIRECTION ( 'NONE',  ( 0.000000000000000000, 1.000000000000000000, 0.000000000000000000 ) ) ;
#233 = CARTESIAN_POINT ( 'NONE',  ( 30.45420787903754345, 74.56110429202713874, -74.27083479419312084 ) ) ;
#234 = VECTOR ( 'NONE', #1557, 1000.000000000000000 ) ;
#235 = EDGE_CURVE ( 'NONE', #3016, #5759, #5202, .T. ) ;
#236 = CIRCLE ( 'NONE', #4004, 2.500000000000002220 ) ;
#237 = CARTESIAN_POINT ( 'NONE',  ( -2.220446049250309925E-15, 29.34970958719670264, -78.01686629702470555 ) ) ;
#238 = VERTEX_POINT ( 'NONE', #2986 ) ;
#239 = CARTESIAN_POINT ( 'NONE',  ( 58.93900720090628198, 49.96555985539754374, -61.77749196792169073 ) ) ;
#240 = ORIENTED_EDGE ( 'NONE', *, *, #1905, .F. ) ;
#241 = FACE_OUTER_BOUND ( 'NONE', #3507, .T. ) ;
#242 = DIRECTION ( 'NONE',  ( 1.000000000000000000, 0.000000000000000000, 0.000000000000000000 ) ) ;
#243 = VECTOR ( 'NONE', #596, 1000.000000000000000 ) ;
#244 = CARTESIAN_POINT ( 'NONE',  ( 30.48045339089881978, 34.37638935839321164, -74.29926339342317476 ) ) ;
#245 = DIRECTION ( 'NONE',  ( 0.000000000000000000, -1.000000000000000000, 2.775557561562890365E-16 ) ) ;
#246 = CARTESIAN_POINT ( 'NONE',  ( 17.89999999999999858, 83.77967875002720177, -89.04165355882540211 ) ) ;
#247 = CARTESIAN_POINT ( 'NONE',  ( 55.21381069626461624, 43.73746929171266373, -78.68357058337493015 ) ) ;
#248 = EDGE_LOOP ( 'NONE', ( #4234, #5474, #687, #5037 ) ) ;
#249 = VERTEX_POINT ( 'NONE', #2956 ) ;
#250 = CARTESIAN_POINT ( 'NONE',  ( 37.30785666816350243, 37.73488924142996837, -83.42966544387992656 ) ) ;
#251 = CARTESIAN_POINT ( 'NONE',  ( -29.77201706254779978, 43.03407947805943934, -79.82240435955706914 ) ) ;
#252 = CARTESIAN_POINT ( 'NONE',  ( 36.35928477762370647, 83.59226993452944043, -83.66937403324074296 ) ) ;
#253 = CARTESIAN_POINT ( 'NONE',  ( -38.82659866514408264, 32.95209459277235453, -72.81505141721784469 ) ) ;
#254 = CARTESIAN_POINT ( 'NONE',  ( -31.20759407136070962, 36.82750704551122567, -82.03393923663459475 ) ) ;
#255 = ADVANCED_FACE ( 'NONE', ( #709 ), #3337, .F. ) ;
#256 = ORIENTED_EDGE ( 'NONE', *, *, #368, .F. ) ;
#257 = CLOSED_SHELL ( 'NONE', ( #2343, #5311, #1469, #3707, #1653, #255, #898, #36, #4211, #3537, #630, #1801, #94, #3494, #1303, #2727, #1041, #3673, #4658, #4437, #4495, #2044, #1913, #4692, #1340, #3649, #2012, #5668, #3665, #121, #2663, #4364, #2046, #5701, #1538, #4085, #129, #2826, #1183, #3876, #3136, #4791, #4015, #1163, #2038, #19, #4487, #5411, #3969, #337, #5117, #1841, #5501, #1632, #5456, #2347, #702, #2610, #157, #2916, #3718, #5432, #1349, #1577, #189, #5011, #4897, #1939, #4800, #2276, #5480, #867, #728, #264, #3445, #2393, #5302, #4949, #4317, #4310, #4688, #3896, #3387, #5394, #608, #1130, #1930, #1739, #1780, #2878, #812, #789, #3857, #5801, #5824, #3411, #5809, #4396, #4388, #566, #2093, #559, #2602, #940, #1027, #2317, #1908, #3715, #991, #5618, #568, #3342, #1488, #5238, #2400, #2961, #1062, #790, #4568, #12, #2140, #676 ) ) ;
#258 = VECTOR ( 'NONE', #169, 1000.000000000000000 ) ;
#259 = CARTESIAN_POINT ( 'NONE',  ( 40.42887417275659345, 35.53493901726211845, -74.46701925767114005 ) ) ;
#260 = CARTESIAN_POINT ( 'NONE',  ( -30.06732074893710305, 41.32967853473189734, -80.49165398941610761 ) ) ;
#261 = EDGE_LOOP ( 'NONE', ( #4997, #2618 ) ) ;
#262 = CARTESIAN_POINT ( 'NONE',  ( 14.44999999999999929, 16.80467853473189876, -84.74165348524340402 ) ) ;
#263 = CARTESIAN_POINT ( 'NONE',  ( -30.34887697257832073, 35.29932661919067982, -74.50391801550443915 ) ) ;
#264 = ADVANCED_FACE ( 'NONE', ( #2432 ), #4785, .T. ) ;
#265 = B_SPLINE_CURVE_WITH_KNOTS ( 'NONE', 3,
 ( #1766, #4423, #4960, #3653, #3095, #4541, #4044, #501, #3206, #1825, #2213, #2272, #2297, #5400, #882, #65, #2186, #5453, #4016, #1404, #1376, #3989, #5791, #1735, #2682, #3543, #5339, #5426, #4484, #1292, #4896, #5823, #4070, #3569, #5370 ),
 .UNSPECIFIED., .F., .F.,
 ( 4, 2, 1, 1, 1, 2, 2, 2, 2, 1, 1, 1, 2, 2, 2, 2, 1, 1, 1, 2, 2, 4 ),
 ( 0.5008381822298035857, 0.5027880330804761488, 0.5047378839311486010, 0.5086375856324893974, 0.5164369890351661052, 0.5320357958405155241, 0.5632334094512143619, 0.6256286366726070414, 0.6275784875232721660, 0.6295283383739371796, 0.6334280400752633211, 0.6412274434779215992, 0.6568262502832332705, 0.6880238638938570572, 0.7504190911151066290, 0.7543187928164354350, 0.7582184945177643520, 0.7660178979204186334, 0.7816167047257251976, 0.8128143183363371049, 0.8752095455575581440, 1.000000000000000000 ),
 .UNSPECIFIED. ) ;
#266 = CYLINDRICAL_SURFACE ( 'NONE', #1356, 2.000000000000001776 ) ;
#267 = ORIENTED_EDGE ( 'NONE', *, *, #3312, .T. ) ;
#268 = CARTESIAN_POINT ( 'NONE',  ( 60.64617071191170083, 35.30467853473189876, -59.99164897494249971 ) ) ;
#269 = ORIENTED_EDGE ( 'NONE', *, *, #4621, .T. ) ;
#270 = EDGE_CURVE ( 'NONE', #3230, #4172, #740, .T. ) ;
#271 = CARTESIAN_POINT ( 'NONE',  ( 58.00437466194836134, 36.62433895131744777, -69.81867661244032774 ) ) ;
#272 = DIRECTION ( 'NONE',  ( 1.000000000000000000, 0.000000000000000000, 0.000000000000000000 ) ) ;
#273 = CARTESIAN_POINT ( 'NONE',  ( 30.39355937399261975, 35.78589935160496083, -74.43064213485497760 ) ) ;
#274 = LINE ( 'NONE', #5702, #5742 ) ;
#275 = LINE ( 'NONE', #3043, #2301 ) ;
#276 = DIRECTION ( 'NONE',  ( 0.000000000000000000, 1.000000000000000000, 0.000000000000000000 ) ) ;
#277 = ORIENTED_EDGE ( 'NONE', *, *, #1200, .T. ) ;
#278 = DIRECTION ( 'NONE',  ( -1.387778780781443703E-16, -1.387778780781441731E-16, -1.000000000000000000 ) ) ;
#279 = ORIENTED_EDGE ( 'NONE', *, *, #2126, .F. ) ;
#280 = CIRCLE ( 'NONE', #6, 4.999999999999997335 ) ;
#281 = CARTESIAN_POINT ( 'NONE',  ( 37.17425124995891395, 37.74479975731671288, -83.47233050964351264 ) ) ;
#282 = EDGE_CURVE ( 'NONE', #4440, #724, #534, .T. ) ;
#283 = CARTESIAN_POINT ( 'NONE',  ( -41.34115313413762749, 31.52963396567808729, -76.88949898701828545 ) ) ;
#284 = CARTESIAN_POINT ( 'NONE',  ( -47.66774824674202904, 73.82951241972229184, -73.67309692594233184 ) ) ;
#285 = LINE ( 'NONE', #5682, #4209 ) ;
#286 = CARTESIAN_POINT ( 'NONE',  ( -32.25845386631386447, 33.09167679958450492, -82.85348047300975338 ) ) ;
#287 = VERTEX_POINT ( 'NONE', #1056 ) ;
#288 = CARTESIAN_POINT ( 'NONE',  ( 38.72462191886891958, 37.68116093012189793, -72.74554024819916265 ) ) ;
#289 = CARTESIAN_POINT ( 'NONE',  ( -30.06728063437790510, 40.99946922685345641, -80.49157620118873524 ) ) ;
#290 = ORIENTED_EDGE ( 'NONE', *, *, #2976, .F. ) ;
#291 = LINE ( 'NONE', #779, #3297 ) ;
#292 = DIRECTION ( 'NONE',  ( -0.3100488143817206055, 0.000000000000000000, 0.9507206386212982974 ) ) ;
#293 = CARTESIAN_POINT ( 'NONE',  ( 29.44714610987739078, 39.03857898559287065, -76.99099369188245134 ) ) ;
#294 = B_SPLINE_CURVE_WITH_KNOTS ( 'NONE', 3,
 ( #925, #3220, #79, #3668, #2372, #4140, #4087, #2314, #4528, #1924, #4113, #5025, #1869, #107, #3725, #51, #1843, #1894, #3639, #947, #5525, #1473, #2402, #4195, #3870, #650, #1178, #165, #3812, #4252, #2011, #5650, #680, #624, #4695, #1954, #4756, #1087, #5620, #2460, #5172, #3368, #5233, #1625, #3427, #3754, #2516, #4728, #3306, #1564, #4666, #221, #1592, #1117, #1980, #2489, #3841, #2928, #4283, #250, #281, #2546, #5557, #2040, #3399 ),
 .UNSPECIFIED., .F., .F.,
 ( 4, 2, 2, 2, 2, 2, 1, 2, 2, 2, 2, 2, 1, 1, 2, 2, 2, 2, 2, 2, 2, 1, 1, 2, 2, 2, 2, 1, 1, 2, 2, 2, 2, 2, 2, 4 ),
 ( 0.000000000000000000, 0.06250000000003075318, 0.09375000000004633793, 0.1250000000000619227, 0.1875000000000916212, 0.2187500000001071088, 0.2343750000001132427, 0.2421875000001162959, 0.2500000000001193490, 0.3125000000001511014, 0.3437500000001650902, 0.3593750000001720846, 0.3671875000001756373, 0.3710937500001768030, 0.3730468750001768585, 0.3750000000001768585, 0.4375000000001577072, 0.5000000000001385558, 0.5625000000001193490, 0.5937500000001102451, 0.6093750000001073586, 0.6171875000001058043, 0.6210937500001059153, 0.6230468750001049161, 0.6250000000001040279, 0.6875000000001005862, 0.7187500000000979217, 0.7343750000000963674, 0.7421875000000969225, 0.7460937500000973666, 0.7500000000000976996, 0.8125000000000666134, 0.8437500000000517364, 0.8593750000000450751, 0.8750000000000383027, 1.000000000000000000 ),
 .UNSPECIFIED. ) ;
#295 = EDGE_CURVE ( 'NONE', #2087, #2442, #2865, .T. ) ;
#296 = AXIS2_PLACEMENT_3D ( 'NONE', #1070, #2764, #1879 ) ;
#297 = VERTEX_POINT ( 'NONE', #3658 ) ;
#298 = CARTESIAN_POINT ( 'NONE',  ( 49.56451175085705074, 71.25171190154655676, -71.64673099111627153 ) ) ;
#299 = ORIENTED_EDGE ( 'NONE', *, *, #475, .F. ) ;
#300 = DIRECTION ( 'NONE',  ( 0.000000000000000000, 0.000000000000000000, -1.000000000000000000 ) ) ;
#301 = LINE ( 'NONE', #5192, #5318 ) ;
#302 = CIRCLE ( 'NONE', #4914, 2.500000000000002220 ) ;
#303 = CARTESIAN_POINT ( 'NONE',  ( -57.65923966667916289, 37.62171261800182975, -71.02784571034015926 ) ) ;
#304 = FACE_BOUND ( 'NONE', #4881, .T. ) ;
#305 = PLANE ( 'NONE',  #2582 ) ;
#306 = CARTESIAN_POINT ( 'NONE',  ( 55.07772547433442156, 43.49759698157517818, -79.27852843823548312 ) ) ;
#307 = ORIENTED_EDGE ( 'NONE', *, *, #4180, .F. ) ;
#308 = CIRCLE ( 'NONE', #5013, 2.500000000000002220 ) ;
#309 = EDGE_CURVE ( 'NONE', #4565, #5381, #3642, .T. ) ;
#310 = CARTESIAN_POINT ( 'NONE',  ( 52.71798609724130102, -14.59532146526809981, -84.54925888234539855 ) ) ;
#311 = EDGE_LOOP ( 'NONE', ( #4634, #5534, #2816, #3476, #837, #408, #2240, #1177, #5728, #5130 ) ) ;
#312 = CARTESIAN_POINT ( 'NONE',  ( -36.77732455756770236, 80.30467853473180639, -95.99165398941610761 ) ) ;
#313 = CARTESIAN_POINT ( 'NONE',  ( -29.53223946266994560, 43.33751816204380702, -76.46521160857366795 ) ) ;
#314 = CARTESIAN_POINT ( 'NONE',  ( 37.72123728383883190, 83.28776009166517724, -83.27935630485323770 ) ) ;
#315 = FACE_OUTER_BOUND ( 'NONE', #4876, .T. ) ;
#316 = EDGE_CURVE ( 'NONE', #2380, #3336, #2092, .T. ) ;
#317 = CARTESIAN_POINT ( 'NONE',  ( -33.72739383420468329, 32.85569827161827305, -83.50381499309152389 ) ) ;
#318 = EDGE_CURVE ( 'NONE', #1344, #2728, #1854, .T. ) ;
#319 = ORIENTED_EDGE ( 'NONE', *, *, #4904, .F. ) ;
#320 = CARTESIAN_POINT ( 'NONE',  ( 40.25221771646666014, 36.43132959236746160, -74.20905519037647480 ) ) ;
#321 = CARTESIAN_POINT ( 'NONE',  ( -55.69487217752692487, 38.83834962814490410, -78.19978005618145289 ) ) ;
#322 = DIRECTION ( 'NONE',  ( 0.000000000000000000, -1.000000000000000000, 2.775557561562890365E-16 ) ) ;
#323 = CARTESIAN_POINT ( 'NONE',  ( 32.37101708628356533, 72.39880497150475946, -72.54527001061454428 ) ) ;
#324 = CARTESIAN_POINT ( 'NONE',  ( -35.39999999999999858, 37.79453242228328946, -71.74164817027970287 ) ) ;
#325 = DIRECTION ( 'NONE',  ( -1.000000000000000000, -2.220446049250309876E-16, 6.317050217590119366E-32 ) ) ;
#326 = ORIENTED_EDGE ( 'NONE', *, *, #4447, .T. ) ;
#327 = CARTESIAN_POINT ( 'NONE',  ( 60.64616936828753779, 35.32801133384037229, -59.99165398941602234 ) ) ;
#328 = ORIENTED_EDGE ( 'NONE', *, *, #444, .F. ) ;
#329 = AXIS2_PLACEMENT_3D ( 'NONE', #618, #3391, #3961 ) ;
#330 = CARTESIAN_POINT ( 'NONE',  ( 14.44999999999999929, 29.34970958719670264, -78.01686629702470555 ) ) ;
#331 = CARTESIAN_POINT ( 'NONE',  ( -44.00000000000000000, 12.80467725562550108, -62.49164817027980234 ) ) ;
#332 = VECTOR ( 'NONE', #3625, 1000.000000000000000 ) ;
#333 = CARTESIAN_POINT ( 'NONE',  ( 33.28604804588857746, 37.80467853473091822, -72.10370348876702451 ) ) ;
#334 = LINE ( 'NONE', #2977, #4986 ) ;
#335 = FACE_BOUND ( 'NONE', #2515, .T. ) ;
#336 = AXIS2_PLACEMENT_3D ( 'NONE', #5263, #3970, #2664 ) ;
#337 = ADVANCED_FACE ( 'NONE', ( #1715 ), #3017, .F. ) ;
#338 = CARTESIAN_POINT ( 'NONE',  ( 57.40253323112970207, 37.80467853473189876, -71.96665396316980434 ) ) ;
#339 = EDGE_LOOP ( 'NONE', ( #4755, #1634, #2488, #2410, #1442, #3062, #775, #4742 ) ) ;
#340 = CARTESIAN_POINT ( 'NONE',  ( 57.03630640692223608, 32.80467853473189876, -73.46384596959266844 ) ) ;
#341 = VECTOR ( 'NONE', #622, 1000.000000000000000 ) ;
#342 = CARTESIAN_POINT ( 'NONE',  ( 40.83174873311238429, 42.31238470497584814, -80.29043115652650897 ) ) ;
#343 = ORIENTED_EDGE ( 'NONE', *, *, #1296, .F. ) ;
#344 = CARTESIAN_POINT ( 'NONE',  ( 17.39999999999999858, 37.80467853473189876, -71.96665398941610192 ) ) ;
#345 = CARTESIAN_POINT ( 'NONE',  ( 31.75356757717918299, 33.30859243929829461, -82.50854048078321057 ) ) ;
#346 = EDGE_CURVE ( 'NONE', #3257, #5270, #4375, .T. ) ;
#347 = CARTESIAN_POINT ( 'NONE',  ( 55.15922215697999320, 39.85933540657010354, -80.01317601283062686 ) ) ;
#348 = CARTESIAN_POINT ( 'NONE',  ( 51.00000000000000000, 35.37467691289879923, -95.99164817027978813 ) ) ;
#349 = CARTESIAN_POINT ( 'NONE',  ( -31.31560209562424291, 33.64002921037899085, -82.14025740830082611 ) ) ;
#350 = EDGE_LOOP ( 'NONE', ( #377, #5772, #816, #3753 ) ) ;
#351 = CARTESIAN_POINT ( 'NONE',  ( 29.74064005110378517, 30.39365682910633737, -75.74762634711605358 ) ) ;
#352 = CARTESIAN_POINT ( 'NONE',  ( -55.92784869676518866, 43.12588840412264091, -76.25279264953996972 ) ) ;
#353 = ORIENTED_EDGE ( 'NONE', *, *, #3308, .T. ) ;
#354 = CARTESIAN_POINT ( 'NONE',  ( -17.39999999999999858, 35.01406193031649394, -72.92456773704030581 ) ) ;
#355 = CARTESIAN_POINT ( 'NONE',  ( 29.72070855555240243, 76.28424678647029111, -75.77748778185282674 ) ) ;
#356 = CARTESIAN_POINT ( 'NONE',  ( 29.44147705887848687, 39.01897637447698486, -77.03735604375616219 ) ) ;
#357 = DIRECTION ( 'NONE',  ( -1.000000000000000000, 0.000000000000000000, 0.000000000000000000 ) ) ;
#358 = VERTEX_POINT ( 'NONE', #312 ) ;
#359 = CARTESIAN_POINT ( 'NONE',  ( 60.11269365480790583, 44.83639182378665566, -60.55307161760405421 ) ) ;
#360 = ORIENTED_EDGE ( 'NONE', *, *, #4549, .T. ) ;
#361 = FACE_OUTER_BOUND ( 'NONE', #3509, .T. ) ;
#362 = CARTESIAN_POINT ( 'NONE',  ( 17.39999999999999858, 40.38442037435972054, -77.66686408613556125 ) ) ;
#363 = CIRCLE ( 'NONE', #916, 1.000000000000000888 ) ;
#364 = CARTESIAN_POINT ( 'NONE',  ( -57.95004196242458505, 36.85622453602297810, -70.00450391556020691 ) ) ;
#365 = CARTESIAN_POINT ( 'NONE',  ( 29.99860118557396049, 42.14861812354885018, -80.35440028163355919 ) ) ;
#366 = CARTESIAN_POINT ( 'NONE',  ( -17.39999999999999858, 35.37471071591760108, -84.04186516830250753 ) ) ;
#367 = VERTEX_POINT ( 'NONE', #2718 ) ;
#368 = EDGE_CURVE ( 'NONE', #358, #249, #2134, .T. ) ;
#369 = CARTESIAN_POINT ( 'NONE',  ( 41.24317639193013463, 39.09004909248016446, -79.10305250040421754 ) ) ;
#370 = CARTESIAN_POINT ( 'NONE',  ( 53.75552965156553142, 37.22133511891075841, -85.62943579747974354 ) ) ;
#371 = ORIENTED_EDGE ( 'NONE', *, *, #5014, .T. ) ;
#372 = DIRECTION ( 'NONE',  ( 1.000000000000000000, 0.000000000000000000, 0.000000000000000000 ) ) ;
#373 = CIRCLE ( 'NONE', #3660, 7.699999999999998401 ) ;
#374 = CARTESIAN_POINT ( 'NONE',  ( 31.36915108287976395, 37.00864454480396404, -82.18661744377759248 ) ) ;
#375 = PLANE ( 'NONE',  #4923 ) ;
#376 = DIRECTION ( 'NONE',  ( -1.000000000000000000, 0.000000000000000000, 0.000000000000000000 ) ) ;
#377 = ORIENTED_EDGE ( 'NONE', *, *, #2222, .F. ) ;
#378 = VERTEX_POINT ( 'NONE', #2102 ) ;
#379 = CARTESIAN_POINT ( 'NONE',  ( 29.80946170598205924, 29.94210045824442190, -75.55903647031728099 ) ) ;
#380 = CARTESIAN_POINT ( 'NONE',  ( -55.93012521362910405, 43.11974880274321720, -76.24645803272112232 ) ) ;
#381 = ORIENTED_EDGE ( 'NONE', *, *, #3604, .F. ) ;
#382 = CARTESIAN_POINT ( 'NONE',  ( -14.44999999999999929, 51.05467853473179929, -76.49165298107079991 ) ) ;
#383 = CARTESIAN_POINT ( 'NONE',  ( 54.20869002012980076, 32.80467853473189166, -84.01665398941599960 ) ) ;
#384 = CARTESIAN_POINT ( 'NONE',  ( -54.98587539136175906, 43.09213490504075850, -79.76474427991809080 ) ) ;
#385 = CIRCLE ( 'NONE', #5552, 2.000000000000001776 ) ;
#386 = FACE_BOUND ( 'NONE', #1342, .T. ) ;
#387 = ORIENTED_EDGE ( 'NONE', *, *, #1905, .T. ) ;
#388 = CARTESIAN_POINT ( 'NONE',  ( 41.17597316574259025, 30.93721601928263354, -76.11298548017943233 ) ) ;
#389 = ORIENTED_EDGE ( 'NONE', *, *, #2773, .T. ) ;
#390 = CARTESIAN_POINT ( 'NONE',  ( -2.799999999999999822, -1.695322744374510249, -55.19165030598870203 ) ) ;
#391 = LINE ( 'NONE', #4931, #332 ) ;
#392 = CARTESIAN_POINT ( 'NONE',  ( 35.39999999999999858, 37.78950685866919912, -83.74164817027978813 ) ) ;
#393 = CARTESIAN_POINT ( 'NONE',  ( 35.39999999999999858, 57.80467725562549930, -77.74164817027970287 ) ) ;
#394 = CARTESIAN_POINT ( 'NONE',  ( -46.39999999999999858, 29.27967853473190019, -80.49165398941610761 ) ) ;
#395 = CYLINDRICAL_SURFACE ( 'NONE', #4816, 2.099999999999997868 ) ;
#396 = FACE_OUTER_BOUND ( 'NONE', #3883, .T. ) ;
#397 = CARTESIAN_POINT ( 'NONE',  ( 41.33915747288814657, 43.57452974336830920, -76.89076940150407324 ) ) ;
#398 = ORIENTED_EDGE ( 'NONE', *, *, #3137, .T. ) ;
#399 = EDGE_CURVE ( 'NONE', #106, #3827, #1409, .T. ) ;
#400 = CARTESIAN_POINT ( 'NONE',  ( 31.02109683417315011, 34.06551960878440610, -81.84440388528017252 ) ) ;
#401 = VECTOR ( 'NONE', #2034, 1000.000000000000000 ) ;
#402 = CARTESIAN_POINT ( 'NONE',  ( -60.11322111798423151, 44.83037528370299185, -60.55007810046607375 ) ) ;
#403 = DIRECTION ( 'NONE',  ( -1.000000000000000000, 0.000000000000000000, 0.000000000000000000 ) ) ;
#404 = ORIENTED_EDGE ( 'NONE', *, *, #1620, .T. ) ;
#405 = ORIENTED_EDGE ( 'NONE', *, *, #1168, .F. ) ;
#406 = CARTESIAN_POINT ( 'NONE',  ( 56.11837329007273922, 42.47300125686228256, -75.76199019156354098 ) ) ;
#407 = CARTESIAN_POINT ( 'NONE',  ( -56.13045621335369617, 42.40987112025558758, -75.73081281116222385 ) ) ;
#408 = ORIENTED_EDGE ( 'NONE', *, *, #5352, .T. ) ;
#409 = CARTESIAN_POINT ( 'NONE',  ( -44.00000000000000000, 12.80467725562550108, -87.99164817027970287 ) ) ;
#410 = CARTESIAN_POINT ( 'NONE',  ( -31.67967893739351837, 37.57219219572026958, -73.02859372712224229 ) ) ;
#411 = DIRECTION ( 'NONE',  ( 0.000000000000000000, -2.775557561562890365E-16, -1.000000000000000000 ) ) ;
#412 = CARTESIAN_POINT ( 'NONE',  ( -39.33485399434596275, 37.11022651954944251, -82.27711974670954476 ) ) ;
#413 = EDGE_CURVE ( 'NONE', #5808, #4938, #4076, .T. ) ;
#414 = DIRECTION ( 'NONE',  ( 0.000000000000000000, 0.000000000000000000, 1.000000000000000000 ) ) ;
#415 = VERTEX_POINT ( 'NONE', #344 ) ;
#416 = DIRECTION ( 'NONE',  ( 0.7071067811865471286, 0.7071067811865480168, 0.000000000000000000 ) ) ;
#417 = VERTEX_POINT ( 'NONE', #1690 ) ;
#418 = DIRECTION ( 'NONE',  ( -1.000000000000000000, -1.001483571081361987E-31, -2.220446049250309876E-16 ) ) ;
#419 = CARTESIAN_POINT ( 'NONE',  ( -57.67651836136352728, 37.59582441991271651, -70.96589525063470205 ) ) ;
#420 = DIRECTION ( 'NONE',  ( 0.000000000000000000, 0.000000000000000000, 1.000000000000000000 ) ) ;
#421 = CARTESIAN_POINT ( 'NONE',  ( -41.08268873749700134, 42.59667796337014778, -75.81155923997062018 ) ) ;
#422 = CARTESIAN_POINT ( 'NONE',  ( -54.77687126671917639, 36.58063704122305637, -81.86020873126888375 ) ) ;
#423 = CARTESIAN_POINT ( 'NONE',  ( 41.26391843774425183, 39.04734766735697349, -79.01210965874452086 ) ) ;
#424 = CIRCLE ( 'NONE', #1736, 1.000000000000000888 ) ;
#425 = CIRCLE ( 'NONE', #5416, 2.000000000000000000 ) ;
#426 = CARTESIAN_POINT ( 'NONE',  ( -29.42056648854862644, 26.78189919597206625, -78.33761284639778921 ) ) ;
#427 = ORIENTED_EDGE ( 'NONE', *, *, #1977, .F. ) ;
#428 = CARTESIAN_POINT ( 'NONE',  ( 33.48801863058390893, 37.73731533482825284, -83.43486786673811650 ) ) ;
#429 = LINE ( 'NONE', #3109, #2370 ) ;
#430 = ORIENTED_EDGE ( 'NONE', *, *, #2705, .F. ) ;
#431 = ORIENTED_EDGE ( 'NONE', *, *, #4459, .T. ) ;
#432 = CARTESIAN_POINT ( 'NONE',  ( 29.58869493029668973, 31.45514596122591655, -79.26524115000201220 ) ) ;
#433 = CARTESIAN_POINT ( 'NONE',  ( -55.96644924929892539, 43.01743287792871939, -76.14631585999002539 ) ) ;
#434 = FACE_BOUND ( 'NONE', #5139, .T. ) ;
#435 = CARTESIAN_POINT ( 'NONE',  ( -31.04088774171651366, 37.18297888661655293, -73.61814061743065452 ) ) ;
#436 = CARTESIAN_POINT ( 'NONE',  ( -55.37245068552979887, 43.82874514655219400, -78.05996262492411120 ) ) ;
#437 = CARTESIAN_POINT ( 'NONE',  ( -40.02852528838249668, 34.74448896088333072, -81.56127291432002835 ) ) ;
#438 = EDGE_CURVE ( 'NONE', #2728, #522, #1210, .T. ) ;
#439 = CARTESIAN_POINT ( 'NONE',  ( 37.07457506495759958, 79.87622662222530323, -95.99164817027978813 ) ) ;
#440 = ORIENTED_EDGE ( 'NONE', *, *, #4613, .F. ) ;
#441 = DIRECTION ( 'NONE',  ( 0.000000000000000000, -1.000000000000000000, 2.775557561562890365E-16 ) ) ;
#442 = ORIENTED_EDGE ( 'NONE', *, *, #5352, .F. ) ;
#443 = CARTESIAN_POINT ( 'NONE',  ( -17.39999999999999858, 28.34970958719670264, -78.01686629702470555 ) ) ;
#444 = EDGE_CURVE ( 'NONE', #4408, #4907, #1089, .T. ) ;
#445 = FACE_OUTER_BOUND ( 'NONE', #5684, .T. ) ;
#446 = CIRCLE ( 'NONE', #5246, 1.000000000000000888 ) ;
#447 = DIRECTION ( 'NONE',  ( 1.000000000000000000, 4.930380657631319405E-32, 2.220446049250309876E-16 ) ) ;
#448 = EDGE_CURVE ( 'NONE', #1511, #190, #5439, .T. ) ;
#449 = CARTESIAN_POINT ( 'NONE',  ( 29.80539853402346040, 42.94032052611645156, -79.91559998560016709 ) ) ;
#450 = CARTESIAN_POINT ( 'NONE',  ( -40.73271928888617310, 41.66000399200401461, -80.49157634999133393 ) ) ;
#451 = AXIS2_PLACEMENT_3D ( 'NONE', #3489, #4343, #5260 ) ;
#452 = VECTOR ( 'NONE', #4638, 1000.000000000000000 ) ;
#453 = FACE_OUTER_BOUND ( 'NONE', #1358, .T. ) ;
#454 = DIRECTION ( 'NONE',  ( 1.000000000000000000, -2.220446049250309876E-16, 6.317050217590119366E-32 ) ) ;
#455 = LINE ( 'NONE', #4493, #3039 ) ;
#456 = ORIENTED_EDGE ( 'NONE', *, *, #2397, .T. ) ;
#457 = CARTESIAN_POINT ( 'NONE',  ( 30.77441591898989159, 35.87157595202423721, -81.56699765812540193 ) ) ;
#458 = FACE_OUTER_BOUND ( 'NONE', #1277, .T. ) ;
#459 = ORIENTED_EDGE ( 'NONE', *, *, #1791, .T. ) ;
#460 = EDGE_CURVE ( 'NONE', #4958, #3913, #5430, .T. ) ;
#461 = ORIENTED_EDGE ( 'NONE', *, *, #4979, .F. ) ;
#462 = CARTESIAN_POINT ( 'NONE',  ( 29.56422514966106263, 31.16552360734999638, -76.34238756753126154 ) ) ;
#463 = CARTESIAN_POINT ( 'NONE',  ( -56.23493308193261697, 39.79454758859235142, -76.01665680657058033 ) ) ;
#464 = CARTESIAN_POINT ( 'NONE',  ( 17.39999999999999858, 28.34970958719670264, -78.01686629702470555 ) ) ;
#465 = CARTESIAN_POINT ( 'NONE',  ( -32.77100114689194044, 37.78370529367518316, -72.33478940245180411 ) ) ;
#466 = FACE_BOUND ( 'NONE', #471, .T. ) ;
#467 = CARTESIAN_POINT ( 'NONE',  ( -39.88135955307593150, 34.24359948485670913, -81.73291314351014591 ) ) ;
#468 = CARTESIAN_POINT ( 'NONE',  ( -37.22308535595590229, -8.695322744374500701, -59.99164897494249971 ) ) ;
#469 = ORIENTED_EDGE ( 'NONE', *, *, #2126, .T. ) ;
#470 = DIRECTION ( 'NONE',  ( -1.000000000000000000, 0.000000000000000000, 0.000000000000000000 ) ) ;
#471 = EDGE_LOOP ( 'NONE', ( #5079, #1370 ) ) ;
#472 = AXIS2_PLACEMENT_3D ( 'NONE', #3709, #5427, #2766 ) ;
#473 = CARTESIAN_POINT ( 'NONE',  ( -40.73269982628450947, 41.16460629577532160, -80.49161409093404984 ) ) ;
#474 = LINE ( 'NONE', #2627, #1536 ) ;
#475 = EDGE_CURVE ( 'NONE', #4727, #567, #2238, .T. ) ;
#476 = CARTESIAN_POINT ( 'NONE',  ( 14.44999999999999929, 16.80467777166009569, -69.49165161844199190 ) ) ;
#477 = DIRECTION ( 'NONE',  ( 0.000000000000000000, 0.000000000000000000, 1.000000000000000000 ) ) ;
#478 = CARTESIAN_POINT ( 'NONE',  ( -41.02488946994939312, 42.21749842877490266, -75.65316651816051774 ) ) ;
#479 = DIRECTION ( 'NONE',  ( 0.000000000000000000, 2.775557561562890365E-16, 1.000000000000000000 ) ) ;
#480 = CARTESIAN_POINT ( 'NONE',  ( 29.76507130573921955, 40.37604885672296717, -75.68068060286225318 ) ) ;
#481 = DIRECTION ( 'NONE',  ( 0.000000000000000000, -0.08597919407818757631, -0.9962969327392638963 ) ) ;
#482 = CARTESIAN_POINT ( 'NONE',  ( -29.42310725403164184, 26.90473307679491555, -77.19373221231057869 ) ) ;
#483 = CYLINDRICAL_SURFACE ( 'NONE', #4372, 2.000000000000001776 ) ;
#484 = SURFACE_STYLE_USAGE ( .BOTH. , #4578 ) ;
#485 = EDGE_CURVE ( 'NONE', #5381, #4565, #2889, .T. ) ;
#486 = ORIENTED_EDGE ( 'NONE', *, *, #3825, .T. ) ;
#487 = AXIS2_PLACEMENT_3D ( 'NONE', #5783, #3947, #5389 ) ;
#488 = CIRCLE ( 'NONE', #2466, 1.000000000000000888 ) ;
#489 = FACE_OUTER_BOUND ( 'NONE', #5349, .T. ) ;
#490 = DIRECTION ( 'NONE',  ( 0.000000000000000000, 1.000000000000000000, 0.000000000000000000 ) ) ;
#491 = LINE ( 'NONE', #82, #1613 ) ;
#492 = CARTESIAN_POINT ( 'NONE',  ( -32.29308891219633182, 37.72091014320124458, -72.60869892040932427 ) ) ;
#493 = CARTESIAN_POINT ( 'NONE',  ( -55.07243797014965025, 43.45453823307712327, -79.31736784083267366 ) ) ;
#494 = VECTOR ( 'NONE', #2722, 1000.000000000000000 ) ;
#495 = CARTESIAN_POINT ( 'NONE',  ( 40.99465663860578957, 41.96709149084598778, -75.57277604551889283 ) ) ;
#496 = VERTEX_POINT ( 'NONE', #917 ) ;
#497 = EDGE_LOOP ( 'NONE', ( #240, #4204, #4231, #2662, #897, #3135, #2833, #2787, #4342, #1097, #836 ) ) ;
#498 = CARTESIAN_POINT ( 'NONE',  ( 40.85752886517607152, 30.39383426516804576, -80.23569715223790411 ) ) ;
#499 = ORIENTED_EDGE ( 'NONE', *, *, #3878, .F. ) ;
#500 = FACE_OUTER_BOUND ( 'NONE', #162, .T. ) ;
#501 = CARTESIAN_POINT ( 'NONE',  ( -54.11102779684924968, 37.79440780696107538, -84.24720806169882792 ) ) ;
#502 = CARTESIAN_POINT ( 'NONE',  ( 60.64617071191170083, 35.37467691289879923, -59.99164897494249971 ) ) ;
#503 = CARTESIAN_POINT ( 'NONE',  ( 29.57129637175919257, 43.18746940737228357, -76.31857431126027791 ) ) ;
#504 = CARTESIAN_POINT ( 'NONE',  ( -41.40883475297038530, 43.83190197068532967, -77.67608201715488292 ) ) ;
#505 = CARTESIAN_POINT ( 'NONE',  ( -17.89999999999999858, 45.56157363448039632, -71.27067791864359947 ) ) ;
#506 = CARTESIAN_POINT ( 'NONE',  ( 57.31807598010913551, 37.78983160686453857, -72.28333016336131323 ) ) ;
#507 = CARTESIAN_POINT ( 'NONE',  ( 41.21069357617299289, 39.53967812852803121, -76.24639232645347420 ) ) ;
#508 = EDGE_CURVE ( 'NONE', #3053, #2737, #4518, .T. ) ;
#509 = CARTESIAN_POINT ( 'NONE',  ( -29.59383396730995130, 27.11974131291674084, -79.26074755221412715 ) ) ;
#510 =( NAMED_UNIT ( * ) PLANE_ANGLE_UNIT ( ) SI_UNIT ( $, .RADIAN. ) );
#511 = VECTOR ( 'NONE', #3011, 1000.000000000000000 ) ;
#512 = VERTEX_POINT ( 'NONE', #2303 ) ;
#513 = VECTOR ( 'NONE', #3511, 1000.000000000000000 ) ;
#514 = EDGE_CURVE ( 'NONE', #4400, #4498, #1410, .T. ) ;
#515 = DIRECTION ( 'NONE',  ( 0.000000000000000000, 0.000000000000000000, -1.000000000000000000 ) ) ;
#516 = CARTESIAN_POINT ( 'NONE',  ( -34.21983126392232322, 37.80298751599106311, -71.84739761265751667 ) ) ;
#517 = CYLINDRICAL_SURFACE ( 'NONE', #4155, 2.500000000000002220 ) ;
#518 = CARTESIAN_POINT ( 'NONE',  ( -38.40268762124893698, 37.73648604101241943, -72.54682881938840922 ) ) ;
#519 = CARTESIAN_POINT ( 'NONE',  ( -34.18441384856690490, 37.77475058570926336, -83.61838474120683884 ) ) ;
#520 = CYLINDRICAL_SURFACE ( 'NONE', #5764, 1.000000000000000888 ) ;
#521 = EDGE_LOOP ( 'NONE', ( #381, #5748, #5465, #1571 ) ) ;
#522 = VERTEX_POINT ( 'NONE', #614 ) ;
#523 = CARTESIAN_POINT ( 'NONE',  ( -2.220446049250309925E-15, 41.69045073397160195, -77.06006229127051199 ) ) ;
#524 = EDGE_LOOP ( 'NONE', ( #749, #5492, #4618, #4123 ) ) ;
#525 = CARTESIAN_POINT ( 'NONE',  ( 35.39999999999999858, 12.80467725562550108, -77.74164817027980234 ) ) ;
#526 = CARTESIAN_POINT ( 'NONE',  ( 17.39999999999999858, 35.30482198470239297, -71.96777173434509223 ) ) ;
#527 = PLANE ( 'NONE',  #4521 ) ;
#528 = CARTESIAN_POINT ( 'NONE',  ( 29.76316367774952809, 42.29586815719959247, -75.68590475379571103 ) ) ;
#529 = CYLINDRICAL_SURFACE ( 'NONE', #1646, 2.500000000000002220 ) ;
#530 = EDGE_CURVE ( 'NONE', #3910, #1500, #3872, .T. ) ;
#531 = CARTESIAN_POINT ( 'NONE',  ( -34.90977399771160350, 71.32196075073872521, -71.74164817027970287 ) ) ;
#532 = FACE_OUTER_BOUND ( 'NONE', #3850, .T. ) ;
#533 = CARTESIAN_POINT ( 'NONE',  ( 41.36141319321009036, 39.00882892563540594, -77.06230686498226135 ) ) ;
#534 = CIRCLE ( 'NONE', #1560, 1.000000000000000888 ) ;
#535 = AXIS2_PLACEMENT_3D ( 'NONE', #4415, #1789, #4951 ) ;
#536 = LINE ( 'NONE', #2336, #47 ) ;
#537 = PRESENTATION_STYLE_ASSIGNMENT (( #484 ) ) ;
#538 = VERTEX_POINT ( 'NONE', #1884 ) ;
#539 = EDGE_LOOP ( 'NONE', ( #1988, #1591, #2545, #1226 ) ) ;
#540 = DIRECTION ( 'NONE',  ( 0.000000000000000000, -1.000000000000000000, 2.775557561562890365E-16 ) ) ;
#541 = LINE ( 'NONE', #3168, #243 ) ;
#542 = LINE ( 'NONE', #5059, #2653 ) ;
#543 = CARTESIAN_POINT ( 'NONE',  ( 17.39999999999999858, 42.39970958719539595, -78.01686403958160554 ) ) ;
#544 = CARTESIAN_POINT ( 'NONE',  ( 29.45884686586238388, 27.02972310378571663, -76.88949898701828545 ) ) ;
#545 = LINE ( 'NONE', #1369, #197 ) ;
#546 = ORIENTED_EDGE ( 'NONE', *, *, #1298, .F. ) ;
#547 = CARTESIAN_POINT ( 'NONE',  ( 17.89999999999999858, 35.30467853473189876, -121.0685770663390031 ) ) ;
#548 = ORIENTED_EDGE ( 'NONE', *, *, #186, .T. ) ;
#549 = DIRECTION ( 'NONE',  ( -1.000000000000000000, 6.317050217590119366E-32, 2.220446049250309876E-16 ) ) ;
#550 = DIRECTION ( 'NONE',  ( 0.000000000000000000, 1.000000000000000000, -2.775557561562890365E-16 ) ) ;
#551 = EDGE_CURVE ( 'NONE', #1941, #1281, #3932, .T. ) ;
#552 = DIRECTION ( 'NONE',  ( 0.2588190451025210170, 3.330669073875470607E-16, 0.9659258262890680902 ) ) ;
#553 = CARTESIAN_POINT ( 'NONE',  ( 29.58585388333772670, 43.13278546050528206, -76.25986867077028819 ) ) ;
#554 = AXIS2_PLACEMENT_3D ( 'NONE', #3661, #1412, #5518 ) ;
#555 = LINE ( 'NONE', #5543, #4648 ) ;
#556 = EDGE_LOOP ( 'NONE', ( #1461, #5008, #5384, #2553 ) ) ;
#557 = CARTESIAN_POINT ( 'NONE',  ( -29.41338261964840228, 31.77841681137051566, -78.17496088446743840 ) ) ;
#558 = CARTESIAN_POINT ( 'NONE',  ( 29.77402995239104300, 40.43707972474080492, -75.65625190088250918 ) ) ;
#559 = ADVANCED_FACE ( 'NONE', ( #1105 ), #4835, .F. ) ;
#560 = CARTESIAN_POINT ( 'NONE',  ( -41.21130506970332164, 27.10421110823788027, -79.26524115000201220 ) ) ;
#561 = EDGE_CURVE ( 'NONE', #3333, #4322, #2596, .T. ) ;
#562 = CARTESIAN_POINT ( 'NONE',  ( 34.30502745306585410, 37.80467853473295747, -71.81649909343052229 ) ) ;
#563 = EDGE_LOOP ( 'NONE', ( #3623, #738, #1711, #4912 ) ) ;
#564 = EDGE_CURVE ( 'NONE', #5787, #1849, #363, .T. ) ;
#565 = CARTESIAN_POINT ( 'NONE',  ( -39.70273096498653587, 36.67282079032884212, -81.92340837676498211 ) ) ;
#566 = ADVANCED_FACE ( 'NONE', ( #361 ), #3510, .F. ) ;
#567 = VERTEX_POINT ( 'NONE', #1229 ) ;
#568 = ADVANCED_FACE ( 'NONE', ( #2915 ), #4393, .T. ) ;
#569 = CARTESIAN_POINT ( 'NONE',  ( -2.220446049250309925E-15, 34.35942670088475381, -71.64184573456086014 ) ) ;
#570 = CARTESIAN_POINT ( 'NONE',  ( -37.62808569814314552, 32.90126663012700448, -83.31911115137819479 ) ) ;
#571 = LINE ( 'NONE', #1871, #3126 ) ;
#572 = CARTESIAN_POINT ( 'NONE',  ( 17.89999999999999858, 45.37470958719600134, -78.01686516830319817 ) ) ;
#573 = CARTESIAN_POINT ( 'NONE',  ( -33.76626117036874319, 37.75607573547354434, -83.51494212202996437 ) ) ;
#574 = AXIS2_PLACEMENT_3D ( 'NONE', #5559, #3309, #5114 ) ;
#575 = EDGE_CURVE ( 'NONE', #3045, #708, #2536, .T. ) ;
#576 = CARTESIAN_POINT ( 'NONE',  ( 40.96215121927478009, 29.27967853473189663, -75.49165398941609340 ) ) ;
#577 = CARTESIAN_POINT ( 'NONE',  ( -2.799999999999999822, -6.695322744374519353, -55.19165030598870203 ) ) ;
#578 = CARTESIAN_POINT ( 'NONE',  ( -34.11221930705593053, 32.80656121109587531, -71.88107768029237832 ) ) ;
#579 = ORIENTED_EDGE ( 'NONE', *, *, #3522, .F. ) ;
#580 = CARTESIAN_POINT ( 'NONE',  ( -41.06052251442010714, 40.21626138090442026, -75.75163962607014412 ) ) ;
#581 = LINE ( 'NONE', #1993, #4944 ) ;
#582 = CARTESIAN_POINT ( 'NONE',  ( 33.77942009204194562, 32.80333202142189464, -71.96568902251902955 ) ) ;
#583 = CARTESIAN_POINT ( 'NONE',  ( -37.28453489860643089, 83.41601369919678177, -83.44277806947859233 ) ) ;
#584 = ORIENTED_EDGE ( 'NONE', *, *, #2535, .F. ) ;
#585 = CARTESIAN_POINT ( 'NONE',  ( -33.74140816615878435, 83.47053379213906510, -83.51267221088974679 ) ) ;
#586 = DIRECTION ( 'NONE',  ( 0.000000000000000000, -0.9486832980505138790, 0.3162277660168379967 ) ) ;
#587 = CARTESIAN_POINT ( 'NONE',  ( 29.65167773092865744, 39.30214362631265601, -79.46311715348538485 ) ) ;
#588 = CARTESIAN_POINT ( 'NONE',  ( -40.96215121927478009, 29.27967853473189663, -75.49165398941609340 ) ) ;
#589 = DIRECTION ( 'NONE',  ( 1.387778780781443703E-16, 1.387778780781441731E-16, 1.000000000000000000 ) ) ;
#590 = CARTESIAN_POINT ( 'NONE',  ( 55.97479930564179540, 38.98028576048197635, -77.13347979080842265 ) ) ;
#591 = ORIENTED_EDGE ( 'NONE', *, *, #5232, .F. ) ;
#592 = CARTESIAN_POINT ( 'NONE',  ( -39.06401634140932799, 37.28995115651228076, -82.49437147847277174 ) ) ;
#593 = ORIENTED_EDGE ( 'NONE', *, *, #4438, .F. ) ;
#594 = VECTOR ( 'NONE', #2411, 1000.000000000000114 ) ;
#595 = CARTESIAN_POINT ( 'NONE',  ( -14.44999999999999929, 35.30482198470239297, -71.96777173434509223 ) ) ;
#596 = DIRECTION ( 'NONE',  ( -1.000000000000000000, 0.000000000000000000, 0.000000000000000000 ) ) ;
#597 = CARTESIAN_POINT ( 'NONE',  ( 17.89999999999999858, 81.80467853473190587, -92.99165398941609340 ) ) ;
#598 = CARTESIAN_POINT ( 'NONE',  ( 33.77942009204194562, 32.80333202142189464, -71.96568902251902955 ) ) ;
#599 = CARTESIAN_POINT ( 'NONE',  ( 30.02589830030806439, 28.62533783951070987, -80.41004501676530936 ) ) ;
#600 = VECTOR ( 'NONE', #788, 1000.000000000000000 ) ;
#601 = LINE ( 'NONE', #2408, #1885 ) ;
#602 = VERTEX_POINT ( 'NONE', #727 ) ;
#603 = CARTESIAN_POINT ( 'NONE',  ( 38.52421882950314114, 37.71824039432574693, -72.61906137321852839 ) ) ;
#604 = CARTESIAN_POINT ( 'NONE',  ( -35.39999999999999858, 32.81482464718050096, -71.74164817027980234 ) ) ;
#605 = EDGE_LOOP ( 'NONE', ( #1589, #1337, #3935, #4771 ) ) ;
#606 = CARTESIAN_POINT ( 'NONE',  ( 56.76786743737100238, 35.37467691289879923, -74.46567384268929857 ) ) ;
#607 = CARTESIAN_POINT ( 'NONE',  ( 14.44999999999999929, 34.37471071591760108, -84.04186516830250753 ) ) ;
#608 = ADVANCED_FACE ( 'NONE', ( #787 ), #3955, .F. ) ;
#609 = AXIS2_PLACEMENT_3D ( 'NONE', #2736, #4481, #441 ) ;
#610 = CARTESIAN_POINT ( 'NONE',  ( 35.39999999999999858, 32.81482464718050096, -71.74164817027980234 ) ) ;
#611 = EDGE_CURVE ( 'NONE', #1508, #1248, #1644, .T. ) ;
#612 = CARTESIAN_POINT ( 'NONE',  ( -38.91027321316676080, 82.76772656604275369, -82.62671213200985676 ) ) ;
#613 = ORIENTED_EDGE ( 'NONE', *, *, #5589, .T. ) ;
#614 = CARTESIAN_POINT ( 'NONE',  ( -17.89999999999999858, 16.80467116413909778, -59.99164897494249971 ) ) ;
#615 = CARTESIAN_POINT ( 'NONE',  ( -56.95947539597320741, 37.12262167311542527, -73.68280419171259155 ) ) ;
#616 = CARTESIAN_POINT ( 'NONE',  ( 29.51926019760108133, 39.01324251875601590, -78.93204082852263070 ) ) ;
#617 = CARTESIAN_POINT ( 'NONE',  ( -41.23577485033894163, 27.39383346211379333, -76.34238756753126154 ) ) ;
#618 = CARTESIAN_POINT ( 'NONE',  ( 46.39999999999999858, 41.32967853473189734, -77.99165398941609340 ) ) ;
#619 = DIRECTION ( 'NONE',  ( -1.000000000000000000, -2.220446049250309876E-16, 1.001483571081361987E-31 ) ) ;
#620 = ORIENTED_EDGE ( 'NONE', *, *, #444, .T. ) ;
#621 = VECTOR ( 'NONE', #970, 1000.000000000000000 ) ;
#622 = DIRECTION ( 'NONE',  ( -1.000000000000000000, 2.220446049250309876E-16, -6.317050217590119366E-32 ) ) ;
#623 = EDGE_LOOP ( 'NONE', ( #1104, #2120, #3587, #2182 ) ) ;
#624 = CARTESIAN_POINT ( 'NONE',  ( 40.02571585645631558, 35.87113937852863188, -81.56689666763693936 ) ) ;
#625 = CARTESIAN_POINT ( 'NONE',  ( -41.37689274596836242, 31.65462399266888482, -77.19373221231057869 ) ) ;
#626 = AXIS2_PLACEMENT_3D ( 'NONE', #4715, #4361, #5698 ) ;
#627 = CARTESIAN_POINT ( 'NONE',  ( 38.91027321316676080, 82.76772656604275369, -82.62671213200985676 ) ) ;
#628 = CARTESIAN_POINT ( 'NONE',  ( -40.96215121927478009, 29.27967853473189663, -75.49165398941609340 ) ) ;
#629 = CARTESIAN_POINT ( 'NONE',  ( -32.29689017161126685, 37.52982571140955059, -82.87689117422371510 ) ) ;
#630 = ADVANCED_FACE ( 'NONE', ( #1166 ), #5762, .F. ) ;
#631 = CARTESIAN_POINT ( 'NONE',  ( 41.35850731970306526, 43.64032555679364123, -77.03722254590304885 ) ) ;
#632 = ORIENTED_EDGE ( 'NONE', *, *, #1418, .F. ) ;
#633 = DIRECTION ( 'NONE',  ( 0.000000000000000000, 0.000000000000000000, -1.000000000000000000 ) ) ;
#634 = CARTESIAN_POINT ( 'NONE',  ( -29.49492461012240341, 38.96371629383701674, -78.81584481750715554 ) ) ;
#635 = ORIENTED_EDGE ( 'NONE', *, *, #4640, .F. ) ;
#636 = CARTESIAN_POINT ( 'NONE',  ( -41.40182601984813004, 38.84360140712340126, -77.67778730943494736 ) ) ;
#637 = CARTESIAN_POINT ( 'NONE',  ( -2.220446049250309925E-15, 35.30482198470239297, -71.96777173434509223 ) ) ;
#638 = PLANE ( 'NONE',  #1063 ) ;
#639 = CARTESIAN_POINT ( 'NONE',  ( -39.85799796719292232, 82.06739316211870516, -81.77724620458378979 ) ) ;
#640 = EDGE_LOOP ( 'NONE', ( #1923, #1306, #3468, #118 ) ) ;
#641 = CARTESIAN_POINT ( 'NONE',  ( -30.23908721804114563, 81.25125220288992978, -80.82546478854672500 ) ) ;
#642 = CARTESIAN_POINT ( 'NONE',  ( -56.77021104040087351, 35.68693473549325290, -74.45692739710874264 ) ) ;
#643 = CARTESIAN_POINT ( 'NONE',  ( 33.77942009204194562, 32.80333202142189464, -71.96568902251902955 ) ) ;
#644 = DIRECTION ( 'NONE',  ( -4.535523422085099494E-32, 2.775557561562890365E-16, 1.000000000000000000 ) ) ;
#645 = CARTESIAN_POINT ( 'NONE',  ( 54.87108199207714421, 35.70293670573589395, -81.54269224097325264 ) ) ;
#646 = ORIENTED_EDGE ( 'NONE', *, *, #2819, .T. ) ;
#647 = CARTESIAN_POINT ( 'NONE',  ( -37.41164242559525377, 37.72713630906663695, -83.39485935694395380 ) ) ;
#648 = ORIENTED_EDGE ( 'NONE', *, *, #3165, .T. ) ;
#649 = EDGE_CURVE ( 'NONE', #1695, #5162, #77, .T. ) ;
#650 = CARTESIAN_POINT ( 'NONE',  ( 39.59143129819531737, 33.78063234646435120, -82.03490522207735580 ) ) ;
#651 = CARTESIAN_POINT ( 'NONE',  ( -29.41027190075734410, 43.75333386450315487, -77.35543839641972852 ) ) ;
#652 = CARTESIAN_POINT ( 'NONE',  ( 37.06011483790316419, 83.47024861452528910, -83.51230548937826370 ) ) ;
#653 = CARTESIAN_POINT ( 'NONE',  ( -39.67266343338661017, 37.25641050780713925, -73.52922093135839532 ) ) ;
#654 = AXIS2_PLACEMENT_3D ( 'NONE', #5033, #4614, #929 ) ;
#655 = CARTESIAN_POINT ( 'NONE',  ( -30.77147471161628545, 35.86486810858173868, -81.56127291431853621 ) ) ;
#656 = CARTESIAN_POINT ( 'NONE',  ( 14.44999999999999929, 45.37470958719600134, -84.74165348524340402 ) ) ;
#657 = AXIS2_PLACEMENT_3D ( 'NONE', #4737, #3793, #4767 ) ;
#658 = ORIENTED_EDGE ( 'NONE', *, *, #1840, .F. ) ;
#659 = CARTESIAN_POINT ( 'NONE',  ( 39.25150917528879546, 33.09530649800816349, -73.13947759052538800 ) ) ;
#660 = CARTESIAN_POINT ( 'NONE',  ( -55.15014320760789701, 39.89615405991664687, -80.03989734681007917 ) ) ;
#661 = ORIENTED_EDGE ( 'NONE', *, *, #3867, .T. ) ;
#662 = DIRECTION ( 'NONE',  ( 0.000000000000000000, -2.731847993664265684E-16, -1.000000000000000000 ) ) ;
#663 = CARTESIAN_POINT ( 'NONE',  ( -32.09559643085964353, 32.92330853048053285, -72.73159810244877121 ) ) ;
#664 = CARTESIAN_POINT ( 'NONE',  ( 35.39999999999999858, 16.80467725562549930, -77.74164817027980234 ) ) ;
#665 = FACE_OUTER_BOUND ( 'NONE', #1999, .T. ) ;
#666 = ORIENTED_EDGE ( 'NONE', *, *, #2672, .T. ) ;
#667 = CARTESIAN_POINT ( 'NONE',  ( 59.04370157814374664, 49.51493909841010321, -61.66825886991205863 ) ) ;
#668 = ORIENTED_EDGE ( 'NONE', *, *, #4490, .T. ) ;
#669 = CARTESIAN_POINT ( 'NONE',  ( 14.40000000000000036, 45.37470958719600134, -92.99165398941609340 ) ) ;
#670 = CARTESIAN_POINT ( 'NONE',  ( -57.22650531146452124, 37.71518409210926848, -72.63339407344342646 ) ) ;
#671 = CARTESIAN_POINT ( 'NONE',  ( -41.26548289132127678, 27.28884946102493103, -76.47071689924358395 ) ) ;
#672 = LINE ( 'NONE', #4335, #2155 ) ;
#673 = CARTESIAN_POINT ( 'NONE',  ( 17.39999999999999858, 41.69045073397160195, -77.06006229127051199 ) ) ;
#674 = CYLINDRICAL_SURFACE ( 'NONE', #761, 2.099999999999997868 ) ;
#675 = ORIENTED_EDGE ( 'NONE', *, *, #4080, .F. ) ;
#676 = ADVANCED_FACE ( 'NONE', ( #241 ), #3831, .F. ) ;
#677 = DIRECTION ( 'NONE',  ( 0.000000000000000000, -1.000000000000000000, 2.775557561562890365E-16 ) ) ;
#678 = ORIENTED_EDGE ( 'NONE', *, *, #3878, .T. ) ;
#679 = EDGE_CURVE ( 'NONE', #1024, #4642, #4866, .T. ) ;
#680 = CARTESIAN_POINT ( 'NONE',  ( 40.06366171123522690, 35.59316308441304955, -81.51665398941599960 ) ) ;
#681 = CARTESIAN_POINT ( 'NONE',  ( -30.00104060261452332, 42.13409113732268452, -80.35918139390534520 ) ) ;
#682 = CARTESIAN_POINT ( 'NONE',  ( -14.44999999999999929, 16.80467853473189876, -84.74165348524340402 ) ) ;
#683 = CARTESIAN_POINT ( 'NONE',  ( -40.08882900586619513, 33.82265842919163390, -73.99551102116234347 ) ) ;
#684 = CARTESIAN_POINT ( 'NONE',  ( -31.04575622465099016, 34.01945216151174378, -81.86996621413538833 ) ) ;
#685 = EDGE_CURVE ( 'NONE', #4443, #980, #2698, .T. ) ;
#686 =( BOUNDED_CURVE ( )  B_SPLINE_CURVE ( 3, ( #2743, #2248, #4545, #2302 ),
 .UNSPECIFIED., .F., .F. ) 
 B_SPLINE_CURVE_WITH_KNOTS ( ( 4, 4 ),
 ( 6.282039237764689865, 6.283185307179586232 ),
 .UNSPECIFIED. ) 
 CURVE ( )  GEOMETRIC_REPRESENTATION_ITEM ( )  RATIONAL_B_SPLINE_CURVE ( ( 1.000000000000000000, 0.9999998905437443852, 0.9999998905437443852, 1.000000000000000000 ) ) 
 REPRESENTATION_ITEM ( '' )  );
#687 = ORIENTED_EDGE ( 'NONE', *, *, #1140, .F. ) ;
#688 = CARTESIAN_POINT ( 'NONE',  ( 29.90782682287244398, 30.53548710031742885, -80.15941284932453925 ) ) ;
#689 = CARTESIAN_POINT ( 'NONE',  ( -29.59363719526972858, 39.16877333726692001, -79.25996127689823822 ) ) ;
#690 = ORIENTED_EDGE ( 'NONE', *, *, #2795, .F. ) ;
#691 = DIRECTION ( 'NONE',  ( -1.000000000000000000, 6.414635304220839591E-49, 3.081487911019354991E-33 ) ) ;
#692 = CARTESIAN_POINT ( 'NONE',  ( -31.00479232583748868, 33.45612032996314866, -73.65613574646644679 ) ) ;
#693 = VECTOR ( 'NONE', #2688, 1000.000000000000000 ) ;
#694 = CARTESIAN_POINT ( 'NONE',  ( 37.02054174908829509, 32.80313576227116101, -71.96567833183716800 ) ) ;
#695 = ORIENTED_EDGE ( 'NONE', *, *, #732, .F. ) ;
#696 = CARTESIAN_POINT ( 'NONE',  ( 54.33628937575117135, 62.93671738512134084, -66.59992871470393538 ) ) ;
#697 = ORIENTED_EDGE ( 'NONE', *, *, #575, .T. ) ;
#698 = CARTESIAN_POINT ( 'NONE',  ( 58.09988790242257295, 35.70298481485141906, -69.49269518940714363 ) ) ;
#699 = DIRECTION ( 'NONE',  ( -0.7071067811865477948, -0.7071067811865473507, 0.000000000000000000 ) ) ;
#700 = AXIS2_PLACEMENT_3D ( 'NONE', #5617, #4753, #3868 ) ;
#701 = CARTESIAN_POINT ( 'NONE',  ( 33.56958059165619801, 32.80532293836124325, -72.02832660993331615 ) ) ;
#702 = ADVANCED_FACE ( 'NONE', ( #1614, #3094 ), #4930, .F. ) ;
#703 = CARTESIAN_POINT ( 'NONE',  ( -2.220446049250309925E-15, 40.38442037435972054, -77.66686408613556125 ) ) ;
#704 = CARTESIAN_POINT ( 'NONE',  ( -0.8000000000000000444, -6.695322744374519353, -62.49164817027980234 ) ) ;
#705 = CARTESIAN_POINT ( 'NONE',  ( 37.50000000000000000, 16.80467725562549930, -77.74164817027980234 ) ) ;
#706 = EDGE_LOOP ( 'NONE', ( #1175, #4138, #4134, #1219 ) ) ;
#707 = CARTESIAN_POINT ( 'NONE',  ( -37.04147963659275433, 37.75560256484461519, -83.51274455790505158 ) ) ;
#708 = VERTEX_POINT ( 'NONE', #3568 ) ;
#709 = FACE_OUTER_BOUND ( 'NONE', #5214, .T. ) ;
#710 = EDGE_CURVE ( 'NONE', #132, #5056, #5580, .T. ) ;
#711 = CARTESIAN_POINT ( 'NONE',  ( -41.05970434134855651, 30.39576957035592386, -75.74858437677873724 ) ) ;
#712 = CARTESIAN_POINT ( 'NONE',  ( -43.16732825568929144, 79.17139301180287703, -78.52012105729635039 ) ) ;
#713 = CARTESIAN_POINT ( 'NONE',  ( -39.59770272153051707, 33.29419837500276458, -73.45417416855218562 ) ) ;
#714 = CARTESIAN_POINT ( 'NONE',  ( -31.12411112670108793, 33.89553670855539735, -81.95092543067673319 ) ) ;
#715 = VERTEX_POINT ( 'NONE', #443 ) ;
#716 = AXIS2_PLACEMENT_3D ( 'NONE', #5268, #5837, #25 ) ;
#717 = CARTESIAN_POINT ( 'NONE',  ( 40.25270966610205647, 34.18039120437669709, -74.20965057261838638 ) ) ;
#718 = CARTESIAN_POINT ( 'NONE',  ( -55.50094493726444256, 38.99942317775314393, -78.89720172033092638 ) ) ;
#719 = EDGE_LOOP ( 'NONE', ( #3132, #1116, #5122, #5227 ) ) ;
#720 = CYLINDRICAL_SURFACE ( 'NONE', #5088, 61.07692307692300204 ) ;
#721 = CARTESIAN_POINT ( 'NONE',  ( -32.30554237667191586, 32.88644413308821157, -72.60116404092420339 ) ) ;
#722 = CARTESIAN_POINT ( 'NONE',  ( 29.62059877886708037, 39.66237432487361048, -76.12863085433650667 ) ) ;
#723 = DIRECTION ( 'NONE',  ( -1.000000000000000000, 4.622231866529390132E-32, 2.220446049250309876E-16 ) ) ;
#724 = VERTEX_POINT ( 'NONE', #2738 ) ;
#725 = CARTESIAN_POINT ( 'NONE',  ( -26.21421356237309297, -8.109536306747614276, -59.99164897494249971 ) ) ;
#726 = VERTEX_POINT ( 'NONE', #881 ) ;
#727 = CARTESIAN_POINT ( 'NONE',  ( -54.93728143282280030, 41.32967853473189734, -80.49165398941610761 ) ) ;
#728 = ADVANCED_FACE ( 'NONE', ( #2243 ), #5399, .F. ) ;
#729 = FACE_OUTER_BOUND ( 'NONE', #2448, .T. ) ;
#730 = DIRECTION ( 'NONE',  ( 0.000000000000000000, -1.000000000000000000, 2.775557561562890365E-16 ) ) ;
#731 = FACE_BOUND ( 'NONE', #640, .T. ) ;
#732 = EDGE_CURVE ( 'NONE', #4752, #930, #1514, .T. ) ;
#733 = PLANE ( 'NONE',  #1732 ) ;
#734 = CARTESIAN_POINT ( 'NONE',  ( 35.39999999999999858, 83.64814667400489157, -83.74164817027970287 ) ) ;
#735 = EDGE_CURVE ( 'NONE', #4958, #5365, #3680, .T. ) ;
#736 = VERTEX_POINT ( 'NONE', #4540 ) ;
#737 = CARTESIAN_POINT ( 'NONE',  ( -60.64617071191170083, 35.37467691289879923, -59.99164897494249971 ) ) ;
#738 = ORIENTED_EDGE ( 'NONE', *, *, #4843, .T. ) ;
#739 = VECTOR ( 'NONE', #5825, 999.9999999999998863 ) ;
#740 = LINE ( 'NONE', #1501, #2139 ) ;
#741 = CARTESIAN_POINT ( 'NONE',  ( -29.94340656093440600, 42.43943577783285548, -80.23770919512375599 ) ) ;
#742 = PLANE ( 'NONE',  #3879 ) ;
#743 = CARTESIAN_POINT ( 'NONE',  ( -40.40838191364493071, 35.75951208839698836, -74.43672063125374905 ) ) ;
#744 = CARTESIAN_POINT ( 'NONE',  ( -33.75852036340756968, 32.85375450461915392, -83.51274455790517948 ) ) ;
#745 = EDGE_CURVE ( 'NONE', #4873, #4149, #4093, .T. ) ;
#746 = VERTEX_POINT ( 'NONE', #4864 ) ;
#747 = CARTESIAN_POINT ( 'NONE',  ( 39.64497951631407346, 37.27836370802051391, -73.50126094925548159 ) ) ;
#748 = CARTESIAN_POINT ( 'NONE',  ( -55.07799166276966218, 40.22381893108276074, -80.24010048990614052 ) ) ;
#749 = ORIENTED_EDGE ( 'NONE', *, *, #3654, .T. ) ;
#750 = CARTESIAN_POINT ( 'NONE',  ( -17.89999999999999858, 29.71467796331020139, -59.99164897494249971 ) ) ;
#751 = CARTESIAN_POINT ( 'NONE',  ( -32.23886394511671227, 32.89738673341669539, -72.64175524194341449 ) ) ;
#752 = CARTESIAN_POINT ( 'NONE',  ( 29.55648509724312945, 39.41433982948236547, -76.37220089914060850 ) ) ;
#753 = EDGE_CURVE ( 'NONE', #3164, #1694, #819, .T. ) ;
#754 = FACE_OUTER_BOUND ( 'NONE', #1893, .T. ) ;
#755 = ORIENTED_EDGE ( 'NONE', *, *, #1620, .F. ) ;
#756 = CARTESIAN_POINT ( 'NONE',  ( 55.52189090247845371, 60.43711683158443293, -65.35253426489069284 ) ) ;
#757 = ORIENTED_EDGE ( 'NONE', *, *, #4513, .T. ) ;
#758 = CARTESIAN_POINT ( 'NONE',  ( 46.39999999999999858, 41.32967853473189734, -77.99165398941609340 ) ) ;
#759 = LINE ( 'NONE', #2122, #513 ) ;
#760 = CARTESIAN_POINT ( 'NONE',  ( 56.50497724946350075, -10.69532274437450070, -59.99164897494249971 ) ) ;
#761 = AXIS2_PLACEMENT_3D ( 'NONE', #4338, #2484, #2950 ) ;
#762 = CARTESIAN_POINT ( 'NONE',  ( -14.44999999999999929, 16.80467853473189876, -92.99165398941609340 ) ) ;
#763 = CARTESIAN_POINT ( 'NONE',  ( -14.44999999999999929, 35.37470845847450818, -71.99186516830378935 ) ) ;
#764 = DIRECTION ( 'NONE',  ( 1.387778780781443703E-16, 1.387778780781443703E-16, 1.000000000000000000 ) ) ;
#765 = ORIENTED_EDGE ( 'NONE', *, *, #2739, .T. ) ;
#766 = CARTESIAN_POINT ( 'NONE',  ( 40.82526625329521153, 40.37977981873676470, -80.30416819641884274 ) ) ;
#767 = CIRCLE ( 'NONE', #4077, 2.000000000000000000 ) ;
#768 = CARTESIAN_POINT ( 'NONE',  ( 41.31324642711097539, 43.48771060507777264, -76.72689645901580491 ) ) ;
#769 = EDGE_LOOP ( 'NONE', ( #3611, #3596, #3149, #4308 ) ) ;
#770 = DIRECTION ( 'NONE',  ( -0.7071067811865477948, -0.7071067811865473507, 0.000000000000000000 ) ) ;
#771 = CARTESIAN_POINT ( 'NONE',  ( -40.77410169969193987, 29.93401922995309761, -80.41004501676530936 ) ) ;
#772 = CARTESIAN_POINT ( 'NONE',  ( 55.07984719405879304, 40.21334337333718167, -80.23463470681596732 ) ) ;
#773 = CARTESIAN_POINT ( 'NONE',  ( -39.26474256667366802, 33.09611692615299461, -73.14815376966483029 ) ) ;
#774 = CARTESIAN_POINT ( 'NONE',  ( -30.73647187362923106, 35.59423756389018223, -81.51676478236825574 ) ) ;
#775 = ORIENTED_EDGE ( 'NONE', *, *, #5524, .F. ) ;
#776 = CARTESIAN_POINT ( 'NONE',  ( 58.10708814047880111, 35.37467691289879923, -69.46763413614279159 ) ) ;
#777 = CARTESIAN_POINT ( 'NONE',  ( -56.28582581697670406, 41.24926194026788551, -75.49286665426662069 ) ) ;
#778 = ORIENTED_EDGE ( 'NONE', *, *, #5378, .T. ) ;
#779 = CARTESIAN_POINT ( 'NONE',  ( -35.39999999999999858, 57.80467725562549930, -71.74164817027970287 ) ) ;
#780 = CARTESIAN_POINT ( 'NONE',  ( -31.07567755548655342, 33.39096492564804919, -73.58082448151971278 ) ) ;
#781 = CARTESIAN_POINT ( 'NONE',  ( 29.52436818910430816, 39.02355178063311314, -78.95695627561764240 ) ) ;
#782 = DIRECTION ( 'NONE',  ( -1.000000000000000000, 0.000000000000000000, 0.000000000000000000 ) ) ;
#783 = ORIENTED_EDGE ( 'NONE', *, *, #3503, .T. ) ;
#784 = CARTESIAN_POINT ( 'NONE',  ( 59.02003967795402417, 49.61782075796924829, -61.69294458597272524 ) ) ;
#785 = ORIENTED_EDGE ( 'NONE', *, *, #4135, .T. ) ;
#786 = AXIS2_PLACEMENT_3D ( 'NONE', #4687, #644, #4602 ) ;
#787 = FACE_OUTER_BOUND ( 'NONE', #1811, .T. ) ;
#788 = DIRECTION ( 'NONE',  ( -1.000000000000000000, -2.220446049250309876E-16, 1.001483571081361987E-31 ) ) ;
#789 = ADVANCED_FACE ( 'NONE', ( #2712, #849 ), #3597, .T. ) ;
#790 = ADVANCED_FACE ( 'NONE', ( #500 ), #4422, .F. ) ;
#791 = CARTESIAN_POINT ( 'NONE',  ( -57.91383849124338923, 37.00227558555150154, -70.13050826716894903 ) ) ;
#792 = CARTESIAN_POINT ( 'NONE',  ( -27.06962431292330251, 35.37467691289879923, -95.99164817027939023 ) ) ;
#793 = DIRECTION ( 'NONE',  ( 0.000000000000000000, -0.4472135954999579277, -0.8944271909999158554 ) ) ;
#794 = AXIS2_PLACEMENT_3D ( 'NONE', #237, #3796, #2969 ) ;
#795 = AXIS2_PLACEMENT_3D ( 'NONE', #5486, #1411, #2827 ) ;
#796 = CARTESIAN_POINT ( 'NONE',  ( -52.71798609724130102, -14.59532146526809981, -84.54925888234539855 ) ) ;
#797 = EDGE_LOOP ( 'NONE', ( #3520, #126 ) ) ;
#798 = CARTESIAN_POINT ( 'NONE',  ( 40.79177242625979005, 40.57168187169309448, -80.37434793856499482 ) ) ;
#799 = CARTESIAN_POINT ( 'NONE',  ( 54.08696858201643209, 37.80494347419828216, -84.33515463162983394 ) ) ;
#800 = ORIENTED_EDGE ( 'NONE', *, *, #3248, .F. ) ;
#801 = CARTESIAN_POINT ( 'NONE',  ( 30.92628714320535721, 36.37915621775448471, -81.74339937722419336 ) ) ;
#802 = CARTESIAN_POINT ( 'NONE',  ( -54.14152608484259588, 63.33806512262901833, -66.80410238153636726 ) ) ;
#803 = CARTESIAN_POINT ( 'NONE',  ( -46.39999999999999858, 37.80467853473189876, -84.01665398941599960 ) ) ;
#804 = ORIENTED_EDGE ( 'NONE', *, *, #4942, .F. ) ;
#805 = ORIENTED_EDGE ( 'NONE', *, *, #5197, .T. ) ;
#806 = CARTESIAN_POINT ( 'NONE',  ( 29.71320767062817580, 30.53937356296763284, -75.82603630727051325 ) ) ;
#807 = DIRECTION ( 'NONE',  ( -1.000000000000000000, 0.000000000000000000, 0.000000000000000000 ) ) ;
#808 = ORIENTED_EDGE ( 'NONE', *, *, #4747, .F. ) ;
#809 = CARTESIAN_POINT ( 'NONE',  ( -2.799999999999999822, -6.695322744374519353, -62.49164817027969576 ) ) ;
#810 = CARTESIAN_POINT ( 'NONE',  ( 53.80751863812715641, 32.80467853473189876, -85.51384596959253770 ) ) ;
#811 = DIRECTION ( 'NONE',  ( 0.000000000000000000, -1.000000000000000000, 2.775557561562890365E-16 ) ) ;
#812 = ADVANCED_FACE ( 'NONE', ( #2185 ), #1375, .F. ) ;
#813 = VECTOR ( 'NONE', #2608, 1000.000000000000000 ) ;
#814 = VECTOR ( 'NONE', #3835, 1000.000000000000000 ) ;
#815 = DIRECTION ( 'NONE',  ( -1.000000000000000000, 6.414635304220839591E-49, 3.081487911019354991E-33 ) ) ;
#816 = ORIENTED_EDGE ( 'NONE', *, *, #42, .F. ) ;
#817 = CARTESIAN_POINT ( 'NONE',  ( 41.08948226154794980, 31.15681532576241963, -79.65066978470386516 ) ) ;
#818 = VERTEX_POINT ( 'NONE', #4099 ) ;
#819 = LINE ( 'NONE', #4014, #1498 ) ;
#820 = VECTOR ( 'NONE', #3049, 1000.000000000000000 ) ;
#821 = CARTESIAN_POINT ( 'NONE',  ( 17.39999999999999858, 29.27967853473190019, -77.99165398941609340 ) ) ;
#822 = EDGE_CURVE ( 'NONE', #5216, #3764, #1772, .T. ) ;
#823 = DIRECTION ( 'NONE',  ( 0.000000000000000000, -2.252887631138710800E-16, -1.000000000000000000 ) ) ;
#824 = EDGE_CURVE ( 'NONE', #2668, #2902, #4913, .T. ) ;
#825 = CARTESIAN_POINT ( 'NONE',  ( -36.55280225637728364, 32.80216273691230100, -71.85066990229617545 ) ) ;
#826 = CARTESIAN_POINT ( 'NONE',  ( -54.73557649453009333, 36.78878244665624919, -82.00307082897073485 ) ) ;
#827 = ORIENTED_EDGE ( 'NONE', *, *, #5675, .F. ) ;
#828 = EDGE_CURVE ( 'NONE', #1551, #4220, #4235, .T. ) ;
#829 = CARTESIAN_POINT ( 'NONE',  ( -46.39999999999999858, 41.32967853473189734, -77.99165398941609340 ) ) ;
#830 = CARTESIAN_POINT ( 'NONE',  ( 41.34987173545399486, 43.61063795655004327, -76.96817576903403335 ) ) ;
#831 = ORIENTED_EDGE ( 'NONE', *, *, #1114, .T. ) ;
#832 = CIRCLE ( 'NONE', #3950, 1.000000000000000888 ) ;
#833 = CARTESIAN_POINT ( 'NONE',  ( 30.88818756171189861, 34.35750891964993059, -81.69913011120965507 ) ) ;
#834 = CARTESIAN_POINT ( 'NONE',  ( -58.99595124848287497, 49.72089356136100236, -61.71731639142204529 ) ) ;
#835 = CARTESIAN_POINT ( 'NONE',  ( -14.44999999999999929, 41.32982198470239865, -77.99277173434509791 ) ) ;
#836 = ORIENTED_EDGE ( 'NONE', *, *, #2843, .T. ) ;
#837 = ORIENTED_EDGE ( 'NONE', *, *, #5554, .F. ) ;
#838 = CARTESIAN_POINT ( 'NONE',  ( 55.69755536471849666, 43.59860921729250549, -76.93909447081725261 ) ) ;
#839 = CARTESIAN_POINT ( 'NONE',  ( -55.68037931738169988, 43.62213816979152625, -76.99400560136699312 ) ) ;
#840 = DIRECTION ( 'NONE',  ( 0.000000000000000000, 1.000000000000000000, -2.775557561562890365E-16 ) ) ;
#841 = CARTESIAN_POINT ( 'NONE',  ( -31.29875099912536740, 37.38130375258847948, -73.36109528003464675 ) ) ;
#842 = CARTESIAN_POINT ( 'NONE',  ( 14.44999999999999929, 16.80467853473189876, -62.49165398941600102 ) ) ;
#843 = AXIS2_PLACEMENT_3D ( 'NONE', #2299, #2686, #5481 ) ;
#844 = CARTESIAN_POINT ( 'NONE',  ( -39.91843258070191069, 36.23990655451287068, -81.68968083177982464 ) ) ;
#845 = LINE ( 'NONE', #2592, #2684 ) ;
#846 = VERTEX_POINT ( 'NONE', #5477 ) ;
#847 = CARTESIAN_POINT ( 'NONE',  ( 40.73267925106284792, 29.27967853473190019, -80.49165398941610761 ) ) ;
#848 = VERTEX_POINT ( 'NONE', #525 ) ;
#849 = FACE_OUTER_BOUND ( 'NONE', #4553, .T. ) ;
#850 = CARTESIAN_POINT ( 'NONE',  ( 17.39999999999999858, 41.39970958719539595, -78.01686403958160554 ) ) ;
#851 = DIRECTION ( 'NONE',  ( -1.000000000000000000, -4.444042074606598172E-16, -4.799565440575126184E-15 ) ) ;
#852 = DIRECTION ( 'NONE',  ( -1.000000000000000000, 2.220446049250309876E-16, -6.317050217590119366E-32 ) ) ;
#853 = CARTESIAN_POINT ( 'NONE',  ( -41.06955014264366355, 43.15086082522815047, -79.70635206395310490 ) ) ;
#854 = B_SPLINE_CURVE_WITH_KNOTS ( 'NONE', 3,
 ( #4489, #3102, #5736, #1742, #422, #826, #2158, #3574, #2631, #1265, #2690, #3547, #2658, #2129, #3129, #5376, #4903, #4368, #2192, #5768, #3044, #856, #4458, #1325, #5346, #3482, #1684, #2220, #4399, #4021, #5286, #5314, #1650, #2097, #3455, #4840, #3897 ),
 .UNSPECIFIED., .F., .F.,
 ( 4, 2, 2, 2, 1, 1, 2, 2, 2, 2, 1, 1, 1, 1, 2, 2, 2, 2, 2, 1, 2, 4 ),
 ( 0.000000000000000000, 0.1252095455574497584, 0.1878143183361732915, 0.2191167047255374867, 0.2347678979202202365, 0.2425934945175588497, 0.2465062928162264355, 0.2504190911148940768, 0.3130238638935524120, 0.3443262502828815519, 0.3599774434775490639, 0.3678030400748828477, 0.3717158383735495453, 0.3736722375228828108, 0.3746504370975494158, 0.3756286366722160763, 0.4382334094510101918, 0.4695357958404072773, 0.4851869890351059866, 0.4930125856324534261, 0.4969253839311285614, 0.5008381822298035857 ),
 .UNSPECIFIED. ) ;
#855 = VECTOR ( 'NONE', #2443, 1000.000000000000000 ) ;
#856 = CARTESIAN_POINT ( 'NONE',  ( -54.43133195035255767, 37.61871958335981248, -83.07046714605523619 ) ) ;
#857 = VECTOR ( 'NONE', #3696, 1000.000000000000000 ) ;
#858 = CARTESIAN_POINT ( 'NONE',  ( 41.22123632887865341, 39.13643536863820316, -79.19343232575465663 ) ) ;
#859 = CARTESIAN_POINT ( 'NONE',  ( -29.90766422965917926, 28.02336401260225784, -80.15900362285039193 ) ) ;
#860 = ORIENTED_EDGE ( 'NONE', *, *, #3442, .F. ) ;
#861 = CARTESIAN_POINT ( 'NONE',  ( 34.84905757766046008, 37.78759006650636820, -83.72228452935722487 ) ) ;
#862 = CIRCLE ( 'NONE', #3214, 2.099999999999997868 ) ;
#863 = CARTESIAN_POINT ( 'NONE',  ( -54.42891171031343589, 62.74301330598827775, -66.50177979720670862 ) ) ;
#864 = DIRECTION ( 'NONE',  ( -1.000000000000000000, 0.000000000000000000, 0.000000000000000000 ) ) ;
#865 = ORIENTED_EDGE ( 'NONE', *, *, #3931, .T. ) ;
#866 = EDGE_CURVE ( 'NONE', #715, #218, #1413, .T. ) ;
#867 = ADVANCED_FACE ( 'NONE', ( #981 ), #91, .F. ) ;
#868 = ORIENTED_EDGE ( 'NONE', *, *, #2779, .F. ) ;
#869 = CARTESIAN_POINT ( 'NONE',  ( 29.46845615122372308, 31.69432481891051978, -78.65985544867736223 ) ) ;
#870 = DIRECTION ( 'NONE',  ( -0.7071067811865477948, 0.7071067811865473507, 0.000000000000000000 ) ) ;
#871 = ORIENTED_EDGE ( 'NONE', *, *, #4870, .T. ) ;
#872 = CARTESIAN_POINT ( 'NONE',  ( 49.00000000000000000, 12.80467725562550108, -67.49164817027978813 ) ) ;
#873 = DIRECTION ( 'NONE',  ( -1.000000000000000000, 0.000000000000000000, 0.000000000000000000 ) ) ;
#874 = DIRECTION ( 'NONE',  ( -1.000000000000000000, 6.317050217590119366E-32, 2.220446049250309876E-16 ) ) ;
#875 = EDGE_CURVE ( 'NONE', #4592, #4263, #1598, .T. ) ;
#876 = CARTESIAN_POINT ( 'NONE',  ( -39.78569172327725312, 36.53340533145136959, -81.83646278645430527 ) ) ;
#877 = CARTESIAN_POINT ( 'NONE',  ( 51.68996346256379582, -14.59532146526809981, -88.38466463868090273 ) ) ;
#878 = ORIENTED_EDGE ( 'NONE', *, *, #5373, .T. ) ;
#879 = CARTESIAN_POINT ( 'NONE',  ( 41.38946285561641503, 31.70181156194393068, -77.35086255282811862 ) ) ;
#880 = EDGE_LOOP ( 'NONE', ( #2084, #5441, #4086, #1134 ) ) ;
#881 = CARTESIAN_POINT ( 'NONE',  ( 17.39999999999999858, 34.37471071591760108, -84.04186516830250753 ) ) ;
#882 = CARTESIAN_POINT ( 'NONE',  ( -53.92433265072442339, 37.61911518770907037, -84.96185833253383635 ) ) ;
#883 = B_SPLINE_CURVE_WITH_KNOTS ( 'NONE', 3,
 ( #3269, #1887, #3241, #5047, #992, #2800, #1355, #2829, #4601, #4968, #560, #5075, #4629, #2251, #4052, #2282, #3299, #3328, #4188, #2062, #2947, #671, #617, #2452, #2002, #3361, #3862, #5165, #5642, #588 ),
 .UNSPECIFIED., .F., .F.,
 ( 4, 2, 2, 2, 2, 2, 2, 2, 2, 2, 2, 2, 2, 2, 4 ),
 ( 0.000000000000000000, 0.0004944197553903785687, 0.0009888395107807571374, 0.001483259266171135706, 0.001977679021561514275, 0.002966518532342277050, 0.003460938287732643042, 0.003955358043123009468, 0.004449777798513375460, 0.004944197553903741452, 0.005438617309294107444, 0.005933037064684473436, 0.006427456820074841162, 0.006921876575465207154, 0.007910716086245928730 ),
 .UNSPECIFIED. ) ;
#884 = FACE_OUTER_BOUND ( 'NONE', #3829, .T. ) ;
#885 = CARTESIAN_POINT ( 'NONE',  ( 29.97470174065430371, 42.27974530991279778, -80.30409915609810412 ) ) ;
#886 = VECTOR ( 'NONE', #1528, 1000.000000000000000 ) ;
#887 = AXIS2_PLACEMENT_3D ( 'NONE', #5281, #272, #5730 ) ;
#888 = LINE ( 'NONE', #796, #2655 ) ;
#889 = EDGE_CURVE ( 'NONE', #4220, #4242, #4593, .T. ) ;
#890 = CARTESIAN_POINT ( 'NONE',  ( 41.38846183904178133, 38.90811906420125155, -77.36462099734562514 ) ) ;
#891 = VECTOR ( 'NONE', #2266, 1000.000000000000000 ) ;
#892 = AXIS2_PLACEMENT_3D ( 'NONE', #1912, #5459, #1016 ) ;
#893 = DIRECTION ( 'NONE',  ( 0.000000000000000000, -1.000000000000000000, 2.775557561562890365E-16 ) ) ;
#894 = ORIENTED_EDGE ( 'NONE', *, *, #3419, .T. ) ;
#895 = CARTESIAN_POINT ( 'NONE',  ( 31.10179762940124704, 33.93008427550036288, -81.92823417866972591 ) ) ;
#896 = CARTESIAN_POINT ( 'NONE',  ( 55.02686235384855706, 40.52003140270493020, -80.36256537225121122 ) ) ;
#897 = ORIENTED_EDGE ( 'NONE', *, *, #3184, .T. ) ;
#898 = ADVANCED_FACE ( 'NONE', ( #3258, #5067 ), #2849, .F. ) ;
#899 = EDGE_LOOP ( 'NONE', ( #1962, #5717, #2651, #1361 ) ) ;
#900 = CARTESIAN_POINT ( 'NONE',  ( 29.83784878072522062, 29.27967853473189663, -75.49165398941609340 ) ) ;
#901 = CARTESIAN_POINT ( 'NONE',  ( -56.28046941112685175, 41.32968056030117054, -75.49174518997607208 ) ) ;
#902 = FACE_BOUND ( 'NONE', #3941, .T. ) ;
#903 = CARTESIAN_POINT ( 'NONE',  ( -31.22318947310069959, 37.33144376117290619, -73.43316491250868694 ) ) ;
#904 = FACE_OUTER_BOUND ( 'NONE', #4319, .T. ) ;
#905 = CARTESIAN_POINT ( 'NONE',  ( -38.50886622092452427, 33.08131793998097692, -82.87340831052331680 ) ) ;
#906 = CARTESIAN_POINT ( 'NONE',  ( 50.80843817245909833, -14.29949660936370037, -88.24559438703658998 ) ) ;
#907 = EDGE_LOOP ( 'NONE', ( #5789, #646, #1559, #4206, #3178, #2845, #2108, #2972, #4501, #1821 ) ) ;
#908 = DIRECTION ( 'NONE',  ( 0.000000000000000000, 1.443289932012700150E-15, 1.000000000000000000 ) ) ;
#909 = ORIENTED_EDGE ( 'NONE', *, *, #14, .F. ) ;
#910 = CARTESIAN_POINT ( 'NONE',  ( -17.89999999999999858, 35.30467853473189876, -121.0685770663390031 ) ) ;
#911 = CYLINDRICAL_SURFACE ( 'NONE', #5798, 1.000000000000000888 ) ;
#912 = DIRECTION ( 'NONE',  ( 0.000000000000000000, -1.000000000000000000, 2.775557561562890365E-16 ) ) ;
#913 = DIRECTION ( 'NONE',  ( 0.000000000000000000, 0.000000000000000000, 1.000000000000000000 ) ) ;
#914 = EDGE_CURVE ( 'NONE', #1839, #2780, #2457, .T. ) ;
#915 = CARTESIAN_POINT ( 'NONE',  ( -40.96216699415457896, 41.49582299519646966, -75.49169298608003942 ) ) ;
#916 = AXIS2_PLACEMENT_3D ( 'NONE', #5191, #3386, #5729 ) ;
#917 = CARTESIAN_POINT ( 'NONE',  ( 17.39999999999999858, 36.37471071591760108, -84.04186516830250753 ) ) ;
#918 = AXIS2_PLACEMENT_3D ( 'NONE', #5061, #3280, #1394 ) ;
#919 = FACE_OUTER_BOUND ( 'NONE', #4279, .T. ) ;
#920 = CARTESIAN_POINT ( 'NONE',  ( 41.04516298288034903, 40.31130039623514705, -75.70843626232691292 ) ) ;
#921 = LINE ( 'NONE', #44, #494 ) ;
#922 = CARTESIAN_POINT ( 'NONE',  ( -57.18708527638064254, 37.66738311751579005, -72.78494337148779891 ) ) ;
#923 = LINE ( 'NONE', #4525, #23 ) ;
#924 = VERTEX_POINT ( 'NONE', #606 ) ;
#925 = CARTESIAN_POINT ( 'NONE',  ( 35.39999999999999858, 32.81985021079449893, -83.74164817027968866 ) ) ;
#926 = CARTESIAN_POINT ( 'NONE',  ( -26.80000000000000071, -6.695322744374519353, -62.49164817027980234 ) ) ;
#927 = CARTESIAN_POINT ( 'NONE',  ( -31.13815538819785544, 37.26511859216807210, -73.51828471706545542 ) ) ;
#928 = CARTESIAN_POINT ( 'NONE',  ( -46.39999999999999858, 35.30467853473189876, -84.01665398941599960 ) ) ;
#929 = DIRECTION ( 'NONE',  ( 0.000000000000000000, 1.000000000000000000, 0.000000000000000000 ) ) ;
#930 = VERTEX_POINT ( 'NONE', #2413 ) ;
#931 = CARTESIAN_POINT ( 'NONE',  ( 40.77410169969193987, 29.93401922995309761, -80.41004501676530936 ) ) ;
#932 = ORIENTED_EDGE ( 'NONE', *, *, #3388, .T. ) ;
#933 = CARTESIAN_POINT ( 'NONE',  ( -40.73267925106289056, 41.32967853473189734, -80.49165398941610761 ) ) ;
#934 = EDGE_CURVE ( 'NONE', #2965, #116, #1965, .T. ) ;
#935 = LINE ( 'NONE', #66, #2726 ) ;
#936 = DIRECTION ( 'NONE',  ( 0.000000000000000000, -1.000000000000000000, 1.441848083928770031E-16 ) ) ;
#937 = CARTESIAN_POINT ( 'NONE',  ( -35.39999999999999858, 71.32196075073871100, -71.74164817027970287 ) ) ;
#938 = CARTESIAN_POINT ( 'NONE',  ( -24.80000000000000071, 0.3046772556254909725, -55.19165030598870203 ) ) ;
#939 = CARTESIAN_POINT ( 'NONE',  ( 56.89801967624889301, 36.88610045654771596, -73.93027436897310167 ) ) ;
#940 = ADVANCED_FACE ( 'NONE', ( #5568 ), #1512, .F. ) ;
#941 = EDGE_CURVE ( 'NONE', #86, #2325, #1636, .T. ) ;
#942 = CARTESIAN_POINT ( 'NONE',  ( 41.21415539831090769, 39.52653492233461208, -76.25990680152469281 ) ) ;
#943 = CARTESIAN_POINT ( 'NONE',  ( -29.74029565865146196, 28.16358749910787651, -75.74858437677873724 ) ) ;
#944 = CARTESIAN_POINT ( 'NONE',  ( -56.84981063145924907, 36.59897772353914291, -74.12999782830385698 ) ) ;
#945 = CARTESIAN_POINT ( 'NONE',  ( 55.83145759406109221, 38.84334705881699534, -77.68971723214430369 ) ) ;
#946 = ORIENTED_EDGE ( 'NONE', *, *, #732, .T. ) ;
#947 = CARTESIAN_POINT ( 'NONE',  ( 39.31315862535165451, 33.49228436688115806, -82.29172991347698485 ) ) ;
#948 = CARTESIAN_POINT ( 'NONE',  ( -37.35021709694165537, 32.87261888031354573, -83.42509602587908546 ) ) ;
#949 = CARTESIAN_POINT ( 'NONE',  ( 41.32580568154203604, 77.32803079098827936, -76.74416523006961199 ) ) ;
#950 = DIRECTION ( 'NONE',  ( 1.000000000000000000, 0.000000000000000000, 0.000000000000000000 ) ) ;
#951 = CARTESIAN_POINT ( 'NONE',  ( 29.46405490789092951, 26.85105688316600592, -78.66784416475694286 ) ) ;
#952 = CIRCLE ( 'NONE', #5583, 6.000000000000005329 ) ;
#953 = CARTESIAN_POINT ( 'NONE',  ( 41.17939604502055317, 42.99696696759775705, -76.12861676053618964 ) ) ;
#954 = ORIENTED_EDGE ( 'NONE', *, *, #5178, .T. ) ;
#955 = CARTESIAN_POINT ( 'NONE',  ( -33.81502610565051015, 32.80212797973597105, -71.95465904932135004 ) ) ;
#956 = VERTEX_POINT ( 'NONE', #3914 ) ;
#957 = CARTESIAN_POINT ( 'NONE',  ( -41.08979651321806870, 39.45157761906351368, -79.64982767531307672 ) ) ;
#958 = DIRECTION ( 'NONE',  ( 0.000000000000000000, 1.000000000000000000, 0.000000000000000000 ) ) ;
#959 = CARTESIAN_POINT ( 'NONE',  ( -14.44999999999999929, 34.37471071591760108, -84.04186516830250753 ) ) ;
#960 = CARTESIAN_POINT ( 'NONE',  ( 29.76074631298774520, 42.31146711745769551, -75.69249131555218923 ) ) ;
#961 = EDGE_CURVE ( 'NONE', #3119, #358, #1191, .T. ) ;
#962 = CARTESIAN_POINT ( 'NONE',  ( -35.88043618191711914, 83.63703437314272549, -83.72724273273570361 ) ) ;
#963 = CARTESIAN_POINT ( 'NONE',  ( 44.00000000000000000, 12.80467725562550108, -92.99164817027970287 ) ) ;
#964 = FACE_OUTER_BOUND ( 'NONE', #706, .T. ) ;
#965 = CARTESIAN_POINT ( 'NONE',  ( 41.34557123677463863, 39.06435077748406570, -76.92681332355466850 ) ) ;
#966 = CARTESIAN_POINT ( 'NONE',  ( -29.48220533364627016, 27.10814836002155204, -76.74226500618385671 ) ) ;
#967 = CARTESIAN_POINT ( 'NONE',  ( 56.29883068697177606, 41.00685232549620451, -75.50755966130219576 ) ) ;
#968 = ORIENTED_EDGE ( 'NONE', *, *, #4327, .T. ) ;
#969 = ORIENTED_EDGE ( 'NONE', *, *, #3207, .F. ) ;
#970 = DIRECTION ( 'NONE',  ( -1.000000000000000000, 0.000000000000000000, 0.000000000000000000 ) ) ;
#971 = CARTESIAN_POINT ( 'NONE',  ( -40.73267925106289056, 41.32967853473189734, -80.49165398941610761 ) ) ;
#972 = CARTESIAN_POINT ( 'NONE',  ( 17.39999999999999858, 29.27967853473189308, -75.49165398941609340 ) ) ;
#973 = CARTESIAN_POINT ( 'NONE',  ( -24.80000000000000071, -1.695322744374510249, -55.19165030598870203 ) ) ;
#974 = CARTESIAN_POINT ( 'NONE',  ( -2.799999999999999822, -6.695322744374519353, -59.99164897494249971 ) ) ;
#975 = VECTOR ( 'NONE', #3703, 1000.000000000000000 ) ;
#976 = CARTESIAN_POINT ( 'NONE',  ( 41.02595277894388914, 42.22215265768408443, -75.65620429314938633 ) ) ;
#977 = ORIENTED_EDGE ( 'NONE', *, *, #941, .T. ) ;
#978 = ORIENTED_EDGE ( 'NONE', *, *, #2355, .F. ) ;
#979 = CARTESIAN_POINT ( 'NONE',  ( -34.01226136059383975, 32.80521840273213741, -71.90363932682639359 ) ) ;
#980 = VERTEX_POINT ( 'NONE', #2078 ) ;
#981 = FACE_OUTER_BOUND ( 'NONE', #2905, .T. ) ;
#982 = CARTESIAN_POINT ( 'NONE',  ( -17.89999999999999858, 39.02609336588880495, -68.70733260749760518 ) ) ;
#983 = EDGE_CURVE ( 'NONE', #5335, #2711, #1022, .T. ) ;
#984 = DIRECTION ( 'NONE',  ( -1.000000000000000000, 0.000000000000000000, 0.000000000000000000 ) ) ;
#985 = CARTESIAN_POINT ( 'NONE',  ( 29.53110908592329409, 43.62212166191155660, -78.98904597449217135 ) ) ;
#986 = CARTESIAN_POINT ( 'NONE',  ( -35.39999999999999858, 83.64814667400489157, -83.74164817027970287 ) ) ;
#987 = ORIENTED_EDGE ( 'NONE', *, *, #1727, .T. ) ;
#988 = CARTESIAN_POINT ( 'NONE',  ( -29.54989194572315725, 79.70130920584885814, -79.12159991998548492 ) ) ;
#989 = EDGE_CURVE ( 'NONE', #5259, #3913, #4323, .T. ) ;
#990 = CARTESIAN_POINT ( 'NONE',  ( 29.83165559647441967, 41.01657281171146252, -75.50586284075295396 ) ) ;
#991 = ADVANCED_FACE ( 'NONE', ( #2111, #3851 ), #720, .T. ) ;
#992 = CARTESIAN_POINT ( 'NONE',  ( -40.79828940939803772, 28.46685267465963776, -80.36143584709550680 ) ) ;
#993 = CIRCLE ( 'NONE', #918, 2.500000000000002220 ) ;
#994 = CARTESIAN_POINT ( 'NONE',  ( -2.220446049250309925E-15, 16.80467853473189876, -62.49165398941600102 ) ) ;
#995 = ORIENTED_EDGE ( 'NONE', *, *, #4632, .F. ) ;
#996 = EDGE_CURVE ( 'NONE', #2018, #1500, #291, .T. ) ;
#997 = CARTESIAN_POINT ( 'NONE',  ( -39.61802610834885030, 36.79411493641444508, -82.00876289224736126 ) ) ;
#998 = ORIENTED_EDGE ( 'NONE', *, *, #889, .T. ) ;
#999 = CARTESIAN_POINT ( 'NONE',  ( -17.39999999999999858, 30.34970958719670264, -78.01686629702470555 ) ) ;
#1000 = CARTESIAN_POINT ( 'NONE',  ( -36.84092223340076799, 32.84321430964774180, -83.56629994090202729 ) ) ;
#1001 = DIRECTION ( 'NONE',  ( 1.000000000000000000, 0.000000000000000000, 0.000000000000000000 ) ) ;
#1002 = EDGE_CURVE ( 'NONE', #5608, #2066, #4354, .T. ) ;
#1003 = CYLINDRICAL_SURFACE ( 'NONE', #1187, 1.000000000000001332 ) ;
#1004 = CARTESIAN_POINT ( 'NONE',  ( 29.83258394390510659, 27.75667860879959292, -79.98067431049670972 ) ) ;
#1005 = CARTESIAN_POINT ( 'NONE',  ( 40.96834272771872065, 41.64273292999554599, -75.50585795556268920 ) ) ;
#1006 = CYLINDRICAL_SURFACE ( 'NONE', #4203, 2.000000000000000000 ) ;
#1007 = CYLINDRICAL_SURFACE ( 'NONE', #4190, 10.00000000000000178 ) ;
#1008 = ORIENTED_EDGE ( 'NONE', *, *, #1132, .F. ) ;
#1009 = DIRECTION ( 'NONE',  ( 0.000000000000000000, 1.000000000000000000, -2.775557561562890365E-16 ) ) ;
#1010 = CARTESIAN_POINT ( 'NONE',  ( 14.40000000000000036, 39.02609336588880495, -68.70733260749760518 ) ) ;
#1011 = CARTESIAN_POINT ( 'NONE',  ( 39.59999999999999432, 16.80467725562549930, -77.74164817027980234 ) ) ;
#1012 = CIRCLE ( 'NONE', #2258, 1.000000000000000888 ) ;
#1013 = CARTESIAN_POINT ( 'NONE',  ( -41.37201576535346703, 77.67226251434088624, -77.07304662265909201 ) ) ;
#1014 = EDGE_LOOP ( 'NONE', ( #2635, #231, #5506, #3315 ) ) ;
#1015 = CARTESIAN_POINT ( 'NONE',  ( -30.95512527850490869, 82.06598753069484076, -81.77725458687820037 ) ) ;
#1016 = DIRECTION ( 'NONE',  ( 0.000000000000000000, -3.469446951953611231E-16, -1.000000000000000000 ) ) ;
#1017 = CARTESIAN_POINT ( 'NONE',  ( 41.08320327197439070, 40.10060415159593106, -75.81311050824729136 ) ) ;
#1018 = B_SPLINE_CURVE_WITH_KNOTS ( 'NONE', 3,
 ( #4675, #3650, #1037, #4097, #2847, #4644, #2324, #5007, #5566, #2294, #5450, #1400, #3203, #2762, #4564, #4735, #3436, #1126, #634, #2964, #689, #5658, #3849, #1601, #5719, #2110, #2441, #2937, #2995, #3377, #3791, #4290, #5152, #2497, #289, #260 ),
 .UNSPECIFIED., .F., .F.,
 ( 4, 2, 2, 2, 2, 2, 2, 2, 2, 2, 2, 2, 2, 2, 2, 2, 2, 4 ),
 ( 0.000000000000000000, 0.06249999999999836242, 0.09374999999999701628, 0.1249999999999956701, 0.2499999999999997780, 0.3125000000000009437, 0.3750000000000021649, 0.5000000000000044409, 0.5625000000000054401, 0.6250000000000064393, 0.6875000000000075495, 0.7187500000000079936, 0.7500000000000085487, 0.8125000000000046629, 0.8437500000000027756, 0.8593750000000016653, 0.8750000000000005551, 1.000000000000000000 ),
 .UNSPECIFIED. ) ;
#1019 = DIRECTION ( 'NONE',  ( 0.000000000000000000, -0.3651383778692761650, -0.9309532560805584556 ) ) ;
#1020 = CYLINDRICAL_SURFACE ( 'NONE', #3303, 2.500000000000002220 ) ;
#1021 = ORIENTED_EDGE ( 'NONE', *, *, #1806, .F. ) ;
#1022 = CIRCLE ( 'NONE', #657, 1.000000000000000888 ) ;
#1023 = CARTESIAN_POINT ( 'NONE',  ( -39.58057175621720347, 33.76683837191077231, -82.04548761755820863 ) ) ;
#1024 = VERTEX_POINT ( 'NONE', #5688 ) ;
#1025 = DIRECTION ( 'NONE',  ( 1.000000000000000000, 8.628166150854819906E-32, 2.220446049250309876E-16 ) ) ;
#1026 = LINE ( 'NONE', #1447, #5709 ) ;
#1027 = ADVANCED_FACE ( 'NONE', ( #2051 ), #4720, .F. ) ;
#1028 = CARTESIAN_POINT ( 'NONE',  ( 39.36889056576028878, 73.27312322478901763, -73.22581356911939565 ) ) ;
#1029 = LINE ( 'NONE', #2841, #452 ) ;
#1030 = CARTESIAN_POINT ( 'NONE',  ( -33.84427899693828579, 37.76054328123743886, -83.53654577783829893 ) ) ;
#1031 = B_SPLINE_CURVE_WITH_KNOTS ( 'NONE', 3,
 ( #5662, #4239, #4770, #208, #3443, #5159, #2055, #1996, #1101, #2908, #4266, #3826, #3061, #1341, #4450, #2148, #2622, #3032, #2239, #1819, #1728, #4926, #5303, #2181, #4507, #3506, #3146, #2648, #4953, #3619 ),
 .UNSPECIFIED., .F., .F.,
 ( 4, 2, 2, 2, 2, 2, 2, 2, 2, 2, 2, 2, 2, 2, 4 ),
 ( 0.000000000000000000, 0.0004944197553903785687, 0.0009888395107807571374, 0.001483259266171135706, 0.001977679021561514275, 0.002966518532342277050, 0.003460938287732643042, 0.003955358043123009468, 0.004449777798513375460, 0.004944197553903741452, 0.005438617309294107444, 0.005933037064684473436, 0.006427456820074841162, 0.006921876575465207154, 0.007910716086245928730 ),
 .UNSPECIFIED. ) ;
#1032 = EDGE_CURVE ( 'NONE', #2184, #1714, #3022, .T. ) ;
#1033 = CIRCLE ( 'NONE', #3779, 1.000000000000000888 ) ;
#1034 = DIRECTION ( 'NONE',  ( 0.000000000000000000, 1.000000000000000000, 0.000000000000000000 ) ) ;
#1035 = ORIENTED_EDGE ( 'NONE', *, *, #1471, .T. ) ;
#1036 = CARTESIAN_POINT ( 'NONE',  ( 38.37639053088236807, 37.74014869736855360, -72.53172944164936098 ) ) ;
#1037 = CARTESIAN_POINT ( 'NONE',  ( -29.83128555235667534, 41.00008417887404022, -75.50768078528496119 ) ) ;
#1038 = ORIENTED_EDGE ( 'NONE', *, *, #5131, .T. ) ;
#1039 = CARTESIAN_POINT ( 'NONE',  ( -46.39999999999999858, 35.30467853473189876, -84.01665398941599960 ) ) ;
#1040 = CYLINDRICAL_SURFACE ( 'NONE', #49, 0.9999999999999981126 ) ;
#1041 = ADVANCED_FACE ( 'NONE', ( #5243 ), #2526, .F. ) ;
#1042 = VECTOR ( 'NONE', #5021, 1000.000000000000000 ) ;
#1043 = CARTESIAN_POINT ( 'NONE',  ( 29.40701658153278686, 43.77073951682815789, -77.44573187996451225 ) ) ;
#1044 = CARTESIAN_POINT ( 'NONE',  ( -39.63878382933854994, 73.59209469790974367, -73.48034685237277586 ) ) ;
#1045 = VERTEX_POINT ( 'NONE', #1992 ) ;
#1046 = CARTESIAN_POINT ( 'NONE',  ( -30.44898553436172151, 81.53693811883167086, -81.15444421391548246 ) ) ;
#1047 = CARTESIAN_POINT ( 'NONE',  ( -57.24550223598976828, 37.73436812352176162, -72.56066625873380360 ) ) ;
#1048 = CARTESIAN_POINT ( 'NONE',  ( 29.95922974747286105, 40.30344569398745591, -80.27136525064716466 ) ) ;
#1049 = CARTESIAN_POINT ( 'NONE',  ( 31.40775528812365991, 37.44259975882912528, -73.26257789235629048 ) ) ;
#1050 = CARTESIAN_POINT ( 'NONE',  ( 33.77228927287560367, 37.80467853473189876, -71.96665398942489844 ) ) ;
#1051 = CARTESIAN_POINT ( 'NONE',  ( 55.02442635292112527, 43.31625234424053872, -79.54321340434152887 ) ) ;
#1052 = EDGE_CURVE ( 'NONE', #522, #4958, #4796, .T. ) ;
#1053 = ORIENTED_EDGE ( 'NONE', *, *, #438, .T. ) ;
#1054 = DIRECTION ( 'NONE',  ( 0.000000000000000000, 1.443289932012700150E-15, 1.000000000000000000 ) ) ;
#1055 = ORIENTED_EDGE ( 'NONE', *, *, #4956, .F. ) ;
#1056 = CARTESIAN_POINT ( 'NONE',  ( -1.385786437626904899, -0.2811091820014148812, -62.49164817027969576 ) ) ;
#1057 = CARTESIAN_POINT ( 'NONE',  ( -40.96215121927478719, 29.44438902767214472, -75.49165398941613603 ) ) ;
#1058 = CARTESIAN_POINT ( 'NONE',  ( -2.220446049250309925E-15, 28.34970958719670264, -78.01686629702470555 ) ) ;
#1059 = CARTESIAN_POINT ( 'NONE',  ( -38.44756172260291294, 37.73021593792401518, -72.57302925812533090 ) ) ;
#1060 = CARTESIAN_POINT ( 'NONE',  ( -32.30554630566432195, 37.53249854740716529, -82.88211858546551980 ) ) ;
#1061 = CIRCLE ( 'NONE', #3902, 1.000000000000000888 ) ;
#1062 = ADVANCED_FACE ( 'NONE', ( #1544 ), #5184, .T. ) ;
#1063 = AXIS2_PLACEMENT_3D ( 'NONE', #1672, #3473, #5275 ) ;
#1064 = AXIS2_PLACEMENT_3D ( 'NONE', #13, #3187, #2249 ) ;
#1065 = CARTESIAN_POINT ( 'NONE',  ( 41.34350093929519687, 43.76445547665607450, -78.56489322498373440 ) ) ;
#1066 = ORIENTED_EDGE ( 'NONE', *, *, #5625, .T. ) ;
#1067 = CYLINDRICAL_SURFACE ( 'NONE', #3454, 2.500000000000002220 ) ;
#1068 = CARTESIAN_POINT ( 'NONE',  ( -34.31284730254106563, 32.80904024192125945, -71.83938069605196119 ) ) ;
#1069 = ORIENTED_EDGE ( 'NONE', *, *, #4609, .T. ) ;
#1070 = CARTESIAN_POINT ( 'NONE',  ( -37.50000000000000000, 16.80467725562549930, -77.74164817027980234 ) ) ;
#1071 = CARTESIAN_POINT ( 'NONE',  ( 36.66901337558149976, 82.91245106853530444, -90.77610892180919677 ) ) ;
#1072 = VECTOR ( 'NONE', #4538, 1000.000000000000000 ) ;
#1073 = CARTESIAN_POINT ( 'NONE',  ( 29.55011876849400920, 43.26550396377193408, -76.40903559224902608 ) ) ;
#1074 = CYLINDRICAL_SURFACE ( 'NONE', #1828, 1.000000000000000888 ) ;
#1075 = ORIENTED_EDGE ( 'NONE', *, *, #4640, .T. ) ;
#1076 = CARTESIAN_POINT ( 'NONE',  ( -32.03782104473040704, 72.67566623612907506, -72.75769943116885941 ) ) ;
#1077 = CARTESIAN_POINT ( 'NONE',  ( 33.62574875003338093, 32.86455731214787335, -83.47233050963990308 ) ) ;
#1078 = CARTESIAN_POINT ( 'NONE',  ( 29.46081613749047889, 39.08474265179904705, -76.89094221995469525 ) ) ;
#1079 = EDGE_CURVE ( 'NONE', #1281, #1839, #1803, .T. ) ;
#1080 = CARTESIAN_POINT ( 'NONE',  ( 33.65910517302258143, 32.80490379435214265, -72.00135102588066616 ) ) ;
#1081 = CARTESIAN_POINT ( 'NONE',  ( 34.84796826483120924, 37.79453712093463480, -71.74170016429204111 ) ) ;
#1082 = CARTESIAN_POINT ( 'NONE',  ( -40.73267925106284792, 29.27967853473190019, -80.49165398941610761 ) ) ;
#1083 = ORIENTED_EDGE ( 'NONE', *, *, #2819, .F. ) ;
#1084 = AXIS2_PLACEMENT_3D ( 'NONE', #4547, #1859, #372 ) ;
#1085 = LINE ( 'NONE', #3304, #886 ) ;
#1086 = VERTEX_POINT ( 'NONE', #3027 ) ;
#1087 = CARTESIAN_POINT ( 'NONE',  ( 39.74804746363907526, 36.59910714167506995, -81.87691538032213145 ) ) ;
#1088 = CARTESIAN_POINT ( 'NONE',  ( -41.08948226154794980, 31.15681532576241963, -79.65066978470386516 ) ) ;
#1089 = CIRCLE ( 'NONE', #451, 2.000000000000000000 ) ;
#1090 = DIRECTION ( 'NONE',  ( 1.000000000000000000, 0.000000000000000000, 0.000000000000000000 ) ) ;
#1091 = DIRECTION ( 'NONE',  ( 0.000000000000000000, -1.000000000000000000, 0.000000000000000000 ) ) ;
#1092 = CARTESIAN_POINT ( 'NONE',  ( -30.06730025365325432, 41.49480873709089224, -80.49161424594549885 ) ) ;
#1093 = CARTESIAN_POINT ( 'NONE',  ( 35.39999999999999858, 57.80467725562549930, -83.74164817027970287 ) ) ;
#1094 = ORIENTED_EDGE ( 'NONE', *, *, #1152, .F. ) ;
#1095 = CARTESIAN_POINT ( 'NONE',  ( 38.93995766053996022, 32.98375282788905594, -72.89643203168388652 ) ) ;
#1096 = CARTESIAN_POINT ( 'NONE',  ( -55.87655302321988415, 38.87526058078833557, -77.51636994837993200 ) ) ;
#1097 = ORIENTED_EDGE ( 'NONE', *, *, #4258, .T. ) ;
#1098 = DIRECTION ( 'NONE',  ( -1.519290839321570161E-64, 1.000000000000000000, -1.039540976564489922E-112 ) ) ;
#1099 = CARTESIAN_POINT ( 'NONE',  ( -37.07457506495759958, 79.87622662222530323, -95.99164817027978813 ) ) ;
#1100 = DIRECTION ( 'NONE',  ( -1.000000000000000000, 0.000000000000000000, 0.000000000000000000 ) ) ;
#1101 = CARTESIAN_POINT ( 'NONE',  ( 41.00868206096697577, 27.62939726569339882, -79.87637538071068377 ) ) ;
#1102 = VERTEX_POINT ( 'NONE', #1220 ) ;
#1103 = CARTESIAN_POINT ( 'NONE',  ( 60.64471056553317396, 40.09010866176371479, -59.99709831541392191 ) ) ;
#1104 = ORIENTED_EDGE ( 'NONE', *, *, #575, .F. ) ;
#1105 = FACE_OUTER_BOUND ( 'NONE', #1952, .T. ) ;
#1106 = CARTESIAN_POINT ( 'NONE',  ( -35.39999999999999858, 32.81482464718050096, -71.74164817027980234 ) ) ;
#1107 = EDGE_CURVE ( 'NONE', #5737, #2286, #302, .T. ) ;
#1108 = FACE_OUTER_BOUND ( 'NONE', #2632, .T. ) ;
#1109 = LINE ( 'NONE', #4838, #3472 ) ;
#1110 = CARTESIAN_POINT ( 'NONE',  ( -30.02589830030806439, 28.62533783951070987, -80.41004501676530936 ) ) ;
#1111 = CARTESIAN_POINT ( 'NONE',  ( 55.37245068552979887, 43.82874514655219400, -78.05996262492411120 ) ) ;
#1112 = PRODUCT_DEFINITION_FORMATION_WITH_SPECIFIED_SOURCE ( 'ANY', '', #2923, .NOT_KNOWN. ) ;
#1113 = ORIENTED_EDGE ( 'NONE', *, *, #2366, .F. ) ;
#1114 = EDGE_CURVE ( 'NONE', #5187, #3930, #3823, .T. ) ;
#1115 = CARTESIAN_POINT ( 'NONE',  ( -37.07260616579402779, 37.75365879784576606, -83.50381499309187916 ) ) ;
#1116 = ORIENTED_EDGE ( 'NONE', *, *, #186, .F. ) ;
#1117 = CARTESIAN_POINT ( 'NONE',  ( 38.52813959818094247, 37.52186198770825598, -82.86158510437800828 ) ) ;
#1118 = CARTESIAN_POINT ( 'NONE',  ( -41.12979150553204022, 31.25896571851329142, -79.52734585871689887 ) ) ;
#1119 = CARTESIAN_POINT ( 'NONE',  ( 40.56564061767809193, 81.24399510139299707, -80.81721242473261668 ) ) ;
#1120 = DIRECTION ( 'NONE',  ( -1.000000000000000000, 0.000000000000000000, 0.000000000000000000 ) ) ;
#1121 = AXIS2_PLACEMENT_3D ( 'NONE', #4009, #4389, #357 ) ;
#1122 = CARTESIAN_POINT ( 'NONE',  ( -36.56965463892600354, 85.30467853473189166, -85.99165398941610761 ) ) ;
#1123 = PRODUCT_DEFINITION_SHAPE ( 'NONE', 'NONE',  #2825 ) ;
#1124 = VERTEX_POINT ( 'NONE', #1128 ) ;
#1125 = CARTESIAN_POINT ( 'NONE',  ( 37.48521868733283213, 32.80873420892537240, -72.11428418446617172 ) ) ;
#1126 = CARTESIAN_POINT ( 'NONE',  ( -29.46807187308900922, 38.91395319869751290, -78.65719690885762816 ) ) ;
#1127 = VERTEX_POINT ( 'NONE', #2939 ) ;
#1128 = CARTESIAN_POINT ( 'NONE',  ( -26.21421356237309652, -0.2811091820014157694, -59.99164897494249971 ) ) ;
#1129 = CARTESIAN_POINT ( 'NONE',  ( 30.44898553436172151, 81.53693811883167086, -81.15444421391548246 ) ) ;
#1130 = ADVANCED_FACE ( 'NONE', ( #2499 ), #1816, .T. ) ;
#1131 = VECTOR ( 'NONE', #5813, 1000.000000000000000 ) ;
#1132 = EDGE_CURVE ( 'NONE', #4682, #724, #4340, .T. ) ;
#1133 = FACE_OUTER_BOUND ( 'NONE', #3355, .T. ) ;
#1134 = ORIENTED_EDGE ( 'NONE', *, *, #983, .T. ) ;
#1135 = LINE ( 'NONE', #3858, #151 ) ;
#1136 = EDGE_LOOP ( 'NONE', ( #5, #4740, #3620, #2505, #4536 ) ) ;
#1137 = VECTOR ( 'NONE', #5323, 1000.000000000000000 ) ;
#1138 = CARTESIAN_POINT ( 'NONE',  ( -24.80000000000000071, -6.695322744374519353, -55.19165030598870203 ) ) ;
#1139 = LINE ( 'NONE', #2423, #2446 ) ;
#1140 = EDGE_CURVE ( 'NONE', #3827, #5619, #2462, .T. ) ;
#1141 = DIRECTION ( 'NONE',  ( -1.000000000000000000, -6.317050217590119366E-32, -2.220446049250309876E-16 ) ) ;
#1142 = CARTESIAN_POINT ( 'NONE',  ( -14.44999999999999929, 36.37470845847450818, -71.99186516830378935 ) ) ;
#1143 = CARTESIAN_POINT ( 'NONE',  ( -14.44999999999999929, 35.30482198470239297, -71.96777173434509223 ) ) ;
#1144 = ORIENTED_EDGE ( 'NONE', *, *, #2828, .T. ) ;
#1145 = DIRECTION ( 'NONE',  ( -1.000000000000000000, 0.000000000000000000, 0.000000000000000000 ) ) ;
#1146 = ORIENTED_EDGE ( 'NONE', *, *, #3100, .F. ) ;
#1147 = CARTESIAN_POINT ( 'NONE',  ( 17.89999999999999858, 45.56157363448039632, -71.27067791864359947 ) ) ;
#1148 = CARTESIAN_POINT ( 'NONE',  ( -29.46259746311217498, 43.76133409620489800, -78.66083280931373167 ) ) ;
#1149 = LINE ( 'NONE', #2867, #5100 ) ;
#1150 = CARTESIAN_POINT ( 'NONE',  ( -39.44201169959423936, 33.19403792710971146, -73.30738570441025104 ) ) ;
#1151 = CARTESIAN_POINT ( 'NONE',  ( -31.19006165232085692, 33.80454105815626065, -82.01674190608480330 ) ) ;
#1152 = EDGE_CURVE ( 'NONE', #4907, #2295, #5472, .T. ) ;
#1153 = ORIENTED_EDGE ( 'NONE', *, *, #2178, .F. ) ;
#1154 = FACE_OUTER_BOUND ( 'NONE', #3466, .T. ) ;
#1155 = CARTESIAN_POINT ( 'NONE',  ( -54.99797186974464580, 40.69177957771283616, -80.43231648858100868 ) ) ;
#1156 = ORIENTED_EDGE ( 'NONE', *, *, #1737, .T. ) ;
#1157 = CIRCLE ( 'NONE', #4749, 1.000000000000000888 ) ;
#1158 = CARTESIAN_POINT ( 'NONE',  ( -2.799999999999999822, 0.3046772556254909725, -55.19165030598870203 ) ) ;
#1159 = FACE_OUTER_BOUND ( 'NONE', #1014, .T. ) ;
#1160 = CIRCLE ( 'NONE', #5225, 2.099999999999997868 ) ;
#1161 = FACE_OUTER_BOUND ( 'NONE', #1429, .T. ) ;
#1162 = ORIENTED_EDGE ( 'NONE', *, *, #5188, .T. ) ;
#1163 = ADVANCED_FACE ( 'NONE', ( #3560, #1311, #4950 ), #2645, .F. ) ;
#1164 = CARTESIAN_POINT ( 'NONE',  ( 40.20799271637760341, 82.05010894872040694, -81.75884203854559473 ) ) ;
#1165 = ORIENTED_EDGE ( 'NONE', *, *, #3842, .F. ) ;
#1166 = FACE_OUTER_BOUND ( 'NONE', #2586, .T. ) ;
#1167 = CARTESIAN_POINT ( 'NONE',  ( 40.20799271637760341, 82.05010894872040694, -81.75884203854559473 ) ) ;
#1168 = EDGE_CURVE ( 'NONE', #4643, #5812, #4857, .T. ) ;
#1169 = AXIS2_PLACEMENT_3D ( 'NONE', #1611, #2086, #2563 ) ;
#1170 = CARTESIAN_POINT ( 'NONE',  ( 30.37287382756464282, 35.05486040522067981, -74.46633590720571760 ) ) ;
#1171 = DIRECTION ( 'NONE',  ( 0.000000000000000000, -1.000000000000000000, 2.775557561562890365E-16 ) ) ;
#1172 = LINE ( 'NONE', #1683, #1530 ) ;
#1173 = CARTESIAN_POINT ( 'NONE',  ( 14.44999999999999929, 30.34970958719670264, -78.01686629702470555 ) ) ;
#1174 = EDGE_CURVE ( 'NONE', #2943, #3053, #2552, .T. ) ;
#1175 = ORIENTED_EDGE ( 'NONE', *, *, #3618, .T. ) ;
#1176 = CARTESIAN_POINT ( 'NONE',  ( -17.89999999999999858, 45.37470958719600134, -84.74165348524340402 ) ) ;
#1177 = ORIENTED_EDGE ( 'NONE', *, *, #1813, .F. ) ;
#1178 = CARTESIAN_POINT ( 'NONE',  ( 39.59975481724860913, 33.79128474617081679, -82.02675846412684280 ) ) ;
#1179 = CARTESIAN_POINT ( 'NONE',  ( -41.26556445212986546, 31.27079021686218141, -76.47113092139505852 ) ) ;
#1180 = DIRECTION ( 'NONE',  ( -1.519290839321570161E-64, 1.000000000000000000, -1.039540976564489922E-112 ) ) ;
#1181 = CARTESIAN_POINT ( 'NONE',  ( -60.64617071191170083, 35.37467691289879923, -59.99164897494249971 ) ) ;
#1182 = CARTESIAN_POINT ( 'NONE',  ( -31.47317322255235794, 37.10512886152878309, -82.27930063548346595 ) ) ;
#1183 = ADVANCED_FACE ( 'NONE', ( #3140, #434, #3116, #902, #2262 ), #1282, .T. ) ;
#1184 = CIRCLE ( 'NONE', #3169, 1.000000000000000888 ) ;
#1185 = VERTEX_POINT ( 'NONE', #926 ) ;
#1186 = VECTOR ( 'NONE', #2152, 1000.000000000000000 ) ;
#1187 = AXIS2_PLACEMENT_3D ( 'NONE', #3252, #2318, #5497 ) ;
#1188 = FACE_OUTER_BOUND ( 'NONE', #5201, .T. ) ;
#1189 = CARTESIAN_POINT ( 'NONE',  ( -55.14713139253281327, 39.90856419263170096, -80.04857203682075806 ) ) ;
#1190 = ORIENTED_EDGE ( 'NONE', *, *, #2560, .F. ) ;
#1191 = LINE ( 'NONE', #2997, #3588 ) ;
#1192 = CARTESIAN_POINT ( 'NONE',  ( -31.32509246162005212, 33.21336114776222104, -73.33752059791315503 ) ) ;
#1193 = CYLINDRICAL_SURFACE ( 'NONE', #5134, 1.000000000000001332 ) ;
#1194 = DIRECTION ( 'NONE',  ( 0.000000000000000000, 0.000000000000000000, 1.000000000000000000 ) ) ;
#1195 = ORIENTED_EDGE ( 'NONE', *, *, #2795, .T. ) ;
#1196 = CARTESIAN_POINT ( 'NONE',  ( 53.75984972462106271, 64.10891224277003175, -67.20690039725489839 ) ) ;
#1197 = ORIENTED_EDGE ( 'NONE', *, *, #5361, .F. ) ;
#1198 = CARTESIAN_POINT ( 'NONE',  ( 58.10584218781096411, 35.54068560214298600, -69.47228409480302957 ) ) ;
#1199 = FACE_BOUND ( 'NONE', #261, .T. ) ;
#1200 = EDGE_CURVE ( 'NONE', #2475, #1641, #3289, .T. ) ;
#1201 = PLANE ( 'NONE',  #1487 ) ;
#1202 = CARTESIAN_POINT ( 'NONE',  ( -22.00000000000000000, -13.69532146526820071, -92.99164817027970287 ) ) ;
#1203 = LINE ( 'NONE', #2978, #511 ) ;
#1204 = CARTESIAN_POINT ( 'NONE',  ( 56.49295688560510342, 24.27967853473189308, -75.49165398941609340 ) ) ;
#1205 = VERTEX_POINT ( 'NONE', #5417 ) ;
#1206 = CARTESIAN_POINT ( 'NONE',  ( 40.80137506722927299, 40.51091229812328010, -80.35446034678378169 ) ) ;
#1207 = CARTESIAN_POINT ( 'NONE',  ( 41.10239222880451848, 43.24311304314507964, -79.61466238930717054 ) ) ;
#1208 = ORIENTED_EDGE ( 'NONE', *, *, #4761, .F. ) ;
#1209 = AXIS2_PLACEMENT_3D ( 'NONE', #4102, #2356, #4595 ) ;
#1210 = LINE ( 'NONE', #505, #3175 ) ;
#1211 = CARTESIAN_POINT ( 'NONE',  ( 32.47945175312404587, 37.58170285047016534, -82.98353777150794031 ) ) ;
#1212 = LINE ( 'NONE', #3134, #2747 ) ;
#1213 = DIRECTION ( 'NONE',  ( 0.000000000000000000, -0.9999999999999941158, 1.090102953460453508E-07 ) ) ;
#1214 = CARTESIAN_POINT ( 'NONE',  ( -31.83402320104022820, 33.26476825959171180, -82.56873578408178105 ) ) ;
#1215 = EDGE_CURVE ( 'NONE', #2512, #3963, #2930, .T. ) ;
#1216 = EDGE_LOOP ( 'NONE', ( #1228, #5564, #2313, #5647, #2039, #3922, #4466, #3385 ) ) ;
#1217 = CARTESIAN_POINT ( 'NONE',  ( 29.83784878072522417, 29.60930437286760863, -75.49165398941610761 ) ) ;
#1218 = CARTESIAN_POINT ( 'NONE',  ( -55.84221231321971857, 38.85014476715809906, -77.64830308238168755 ) ) ;
#1219 = ORIENTED_EDGE ( 'NONE', *, *, #4609, .F. ) ;
#1220 = CARTESIAN_POINT ( 'NONE',  ( 55.15321092344949250, 29.27967853473190374, -80.49165398941610761 ) ) ;
#1221 = CARTESIAN_POINT ( 'NONE',  ( 31.24445104652431127, 82.31422586027102284, -82.07459674310449316 ) ) ;
#1222 = CARTESIAN_POINT ( 'NONE',  ( 29.49880353763347784, 38.97269171310514224, -78.82700344943991411 ) ) ;
#1223 = EDGE_CURVE ( 'NONE', #2174, #367, #4439, .T. ) ;
#1224 = AXIS2_PLACEMENT_3D ( 'NONE', #4677, #1009, #1903 ) ;
#1225 = CARTESIAN_POINT ( 'NONE',  ( -14.44999999999999929, 35.37470958719599423, -78.01686516830319817 ) ) ;
#1226 = ORIENTED_EDGE ( 'NONE', *, *, #2751, .F. ) ;
#1227 = LINE ( 'NONE', #5638, #3440 ) ;
#1228 = ORIENTED_EDGE ( 'NONE', *, *, #3654, .F. ) ;
#1229 = CARTESIAN_POINT ( 'NONE',  ( -17.39999999999999858, 29.27967853473190019, -80.49165398941610761 ) ) ;
#1230 = CARTESIAN_POINT ( 'NONE',  ( -38.96826024991914750, 83.19633137612359519, -83.12187999037216457 ) ) ;
#1231 = AXIS2_PLACEMENT_3D ( 'NONE', #1338, #1724, #3589 ) ;
#1232 = CARTESIAN_POINT ( 'NONE',  ( 31.46451492013948581, 37.47234588487857110, -73.21240620854167958 ) ) ;
#1233 = AXIS2_PLACEMENT_3D ( 'NONE', #1773, #764, #2571 ) ;
#1234 = PLANE ( 'NONE',  #3272 ) ;
#1235 = CARTESIAN_POINT ( 'NONE',  ( -35.39999999999999858, 12.80467725562550108, -77.74164817027980234 ) ) ;
#1236 = CARTESIAN_POINT ( 'NONE',  ( -14.44999999999999929, 28.34970958719670264, -78.01686629702470555 ) ) ;
#1237 = ORIENTED_EDGE ( 'NONE', *, *, #5328, .F. ) ;
#1238 = DIRECTION ( 'NONE',  ( -1.000000000000000000, 0.000000000000000000, 0.000000000000000000 ) ) ;
#1239 = VECTOR ( 'NONE', #2890, 1000.000000000000000 ) ;
#1240 = CARTESIAN_POINT ( 'NONE',  ( 53.89091197656717469, 37.56757083855192292, -85.09188123539756532 ) ) ;
#1241 = VERTEX_POINT ( 'NONE', #464 ) ;
#1242 = DIRECTION ( 'NONE',  ( -0.9659051245685470466, -5.551115123125780853E-17, -0.2588962926196890502 ) ) ;
#1243 = EDGE_CURVE ( 'NONE', #5808, #736, #2702, .T. ) ;
#1244 = CARTESIAN_POINT ( 'NONE',  ( 34.03211360108902284, 37.76700447884648071, -83.58329990525938058 ) ) ;
#1245 = CARTESIAN_POINT ( 'NONE',  ( -54.49979834670148193, 62.59411986154773899, -66.42722492023716541 ) ) ;
#1246 = CARTESIAN_POINT ( 'NONE',  ( 37.02054174908829509, 32.80313576227116101, -71.96567833183716800 ) ) ;
#1247 = EDGE_LOOP ( 'NONE', ( #24, #868, #954, #4494 ) ) ;
#1248 = VERTEX_POINT ( 'NONE', #4005 ) ;
#1249 = CARTESIAN_POINT ( 'NONE',  ( 55.94544993754856677, 43.07881421846941805, -76.20374997471070344 ) ) ;
#1250 = CARTESIAN_POINT ( 'NONE',  ( -56.25950833521164896, 41.62475019881841121, -75.49165439165383873 ) ) ;
#1251 = CARTESIAN_POINT ( 'NONE',  ( -37.02771072712440059, 37.80467853473189876, -71.96665398942489844 ) ) ;
#1252 = CARTESIAN_POINT ( 'NONE',  ( -32.27249232794354583, 37.71755877525784939, -72.62120348272785009 ) ) ;
#1253 = CARTESIAN_POINT ( 'NONE',  ( 29.64524057536323909, 39.76540294458692415, -76.04086545246909168 ) ) ;
#1254 = DIRECTION ( 'NONE',  ( 0.000000000000000000, 1.000000000000000000, -2.775557561562890365E-16 ) ) ;
#1255 = ORIENTED_EDGE ( 'NONE', *, *, #485, .T. ) ;
#1256 = DIRECTION ( 'NONE',  ( 0.000000000000000000, 1.443289932012700150E-15, 1.000000000000000000 ) ) ;
#1257 = ORIENTED_EDGE ( 'NONE', *, *, #3433, .F. ) ;
#1258 = AXIS2_PLACEMENT_3D ( 'NONE', #3895, #4398, #4808 ) ;
#1259 = CARTESIAN_POINT ( 'NONE',  ( -2.220446049250309925E-15, 41.39970958719539595, -78.01686403958160554 ) ) ;
#1260 = DIRECTION ( 'NONE',  ( 0.000000000000000000, 1.000000000000000000, 0.000000000000000000 ) ) ;
#1261 = AXIS2_PLACEMENT_3D ( 'NONE', #637, #3319, #2444 ) ;
#1262 = CARTESIAN_POINT ( 'NONE',  ( -57.66648291193918396, 37.61106191305063362, -71.00186617275592482 ) ) ;
#1263 = CARTESIAN_POINT ( 'NONE',  ( 30.00820714604407158, 42.08784756259926496, -80.37429314920302659 ) ) ;
#1264 = DIRECTION ( 'NONE',  ( 1.000000000000000000, -2.220446049250309876E-16, 4.930380657631319405E-32 ) ) ;
#1265 = CARTESIAN_POINT ( 'NONE',  ( -54.66920477630817032, 37.05700642454216620, -82.23335055685546990 ) ) ;
#1266 = AXIS2_PLACEMENT_3D ( 'NONE', #3889, #5695, #2119 ) ;
#1267 = ORIENTED_EDGE ( 'NONE', *, *, #3392, .F. ) ;
#1268 = EDGE_CURVE ( 'NONE', #3036, #2475, #2619, .T. ) ;
#1269 = CYLINDRICAL_SURFACE ( 'NONE', #4229, 1.000000000000000888 ) ;
#1270 = CARTESIAN_POINT ( 'NONE',  ( -14.44999999999999929, 35.66546851286040010, -71.03506916560860418 ) ) ;
#1271 = ORIENTED_EDGE ( 'NONE', *, *, #5012, .F. ) ;
#1272 = CARTESIAN_POINT ( 'NONE',  ( 31.05195253636464869, 34.01024992778188505, -81.87691538032632366 ) ) ;
#1273 = DIRECTION ( 'NONE',  ( -1.387778780781443703E-16, 1.387778780781441731E-16, 1.000000000000000000 ) ) ;
#1274 = B_SPLINE_CURVE_WITH_KNOTS ( 'NONE', 3,
 ( #3113, #3977, #5297, #1753, #1309, #3529, #1279, #406, #3585, #3557, #4854, #1696, #1249, #5386, #4502, #1335, #4883, #838, #4916, #4032, #3138, #2669, #2641, #2203 ),
 .UNSPECIFIED., .F., .F.,
 ( 4, 2, 2, 2, 2, 2, 2, 2, 2, 2, 2, 4 ),
 ( 0.6609983213644723410, 0.6821859262791930556, 0.7033735311939137702, 0.7457487410233535341, 0.7881239508527934090, 0.8093115557675130134, 0.8304991606822326178, 0.8728743705116736029, 0.8940619754263955388, 0.9152495803411173636, 0.9576247901705586818, 1.000000000000000000 ),
 .UNSPECIFIED. ) ;
#1275 = CARTESIAN_POINT ( 'NONE',  ( 35.39999999999999858, 32.81482464718050096, -71.74164817027980234 ) ) ;
#1276 = PRODUCT_RELATED_PRODUCT_CATEGORY ( 'part', '', ( #2923 ) ) ;
#1277 = EDGE_LOOP ( 'NONE', ( #1399, #299 ) ) ;
#1278 = VERTEX_POINT ( 'NONE', #27 ) ;
#1279 = CARTESIAN_POINT ( 'NONE',  ( 56.18036654069625513, 42.16167479413378771, -75.62802559764028842 ) ) ;
#1280 = CARTESIAN_POINT ( 'NONE',  ( -55.92894941447152490, 38.92312318625122458, -77.31302608517314923 ) ) ;
#1281 = VERTEX_POINT ( 'NONE', #354 ) ;
#1282 = PLANE ( 'NONE',  #1417 ) ;
#1283 = CARTESIAN_POINT ( 'NONE',  ( -32.30035185968761624, 37.72207079597018264, -72.60431307385442778 ) ) ;
#1284 = PLANE ( 'NONE',  #2398 ) ;
#1285 = CARTESIAN_POINT ( 'NONE',  ( -38.34774840621129499, 33.03492623947585827, -82.96815939034675580 ) ) ;
#1286 = VECTOR ( 'NONE', #3697, 1000.000000000000114 ) ;
#1287 = CARTESIAN_POINT ( 'NONE',  ( 35.39999999999999858, 57.80467725562549930, -77.74164817027970287 ) ) ;
#1288 = ORIENTED_EDGE ( 'NONE', *, *, #1977, .T. ) ;
#1289 = CARTESIAN_POINT ( 'NONE',  ( 41.26556445212986546, 31.27079021686218141, -76.47113092139505852 ) ) ;
#1290 = EDGE_LOOP ( 'NONE', ( #678, #360, #5119, #1612 ) ) ;
#1291 = CARTESIAN_POINT ( 'NONE',  ( 54.88953291012656166, 33.87807191984963140, -81.47571373197604316 ) ) ;
#1292 = CARTESIAN_POINT ( 'NONE',  ( -53.65861884890842504, 36.79793059719998638, -86.02339727869981800 ) ) ;
#1293 = CARTESIAN_POINT ( 'NONE',  ( 31.53319609152129033, 37.50590462888072096, -73.15292280515203061 ) ) ;
#1294 = DIRECTION ( 'NONE',  ( -1.519290839321570161E-64, -1.000000000000000000, 1.039540976564489922E-112 ) ) ;
#1295 = CARTESIAN_POINT ( 'NONE',  ( -39.59999999999999432, 16.80467725562549930, -77.74164817027980234 ) ) ;
#1296 = EDGE_CURVE ( 'NONE', #2018, #2087, #5498, .T. ) ;
#1297 = FACE_OUTER_BOUND ( 'NONE', #2803, .T. ) ;
#1298 = EDGE_CURVE ( 'NONE', #5259, #2429, #4531, .T. ) ;
#1299 = CARTESIAN_POINT ( 'NONE',  ( 41.10256861292793218, 39.41575068743419052, -79.61417706631539204 ) ) ;
#1300 = CARTESIAN_POINT ( 'NONE',  ( -29.83258394390510659, 27.75667860879959292, -79.98067431049670972 ) ) ;
#1301 = EDGE_LOOP ( 'NONE', ( #2864, #1549, #2836, #1146 ) ) ;
#1302 = CARTESIAN_POINT ( 'NONE',  ( 34.30346757011189851, 37.77641414409262666, -83.64066476785085058 ) ) ;
#1303 = ADVANCED_FACE ( 'NONE', ( #2757 ), #110, .F. ) ;
#1304 = CARTESIAN_POINT ( 'NONE',  ( -56.40635012772474255, 58.26642730621189514, -64.42461011479099398 ) ) ;
#1305 = LINE ( 'NONE', #4911, #3080 ) ;
#1306 = ORIENTED_EDGE ( 'NONE', *, *, #5228, .T. ) ;
#1307 = AXIS2_PLACEMENT_3D ( 'NONE', #821, #2628, #4425 ) ;
#1308 = ORIENTED_EDGE ( 'NONE', *, *, #318, .F. ) ;
#1309 = CARTESIAN_POINT ( 'NONE',  ( 56.24033597602524992, 41.74828114495688425, -75.52604098283340761 ) ) ;
#1310 = CARTESIAN_POINT ( 'NONE',  ( -55.58516719429991326, 43.74351216442990165, -77.30260317419769933 ) ) ;
#1311 = FACE_BOUND ( 'NONE', #2293, .T. ) ;
#1312 = CARTESIAN_POINT ( 'NONE',  ( -32.05987572846795075, 37.67781195486247725, -72.75574726556834548 ) ) ;
#1313 = CARTESIAN_POINT ( 'NONE',  ( -37.02771072712440059, 37.80467853473189876, -71.96665398942489844 ) ) ;
#1314 = CARTESIAN_POINT ( 'NONE',  ( -39.44001388352675974, 33.60994935808369632, -82.17795884804714035 ) ) ;
#1315 = PLANE ( 'NONE',  #4430 ) ;
#1316 = ORIENTED_EDGE ( 'NONE', *, *, #270, .F. ) ;
#1317 = CARTESIAN_POINT ( 'NONE',  ( 41.12979150553204022, 31.25896571851329142, -79.52734585871689887 ) ) ;
#1318 = ORIENTED_EDGE ( 'NONE', *, *, #1174, .T. ) ;
#1319 = CARTESIAN_POINT ( 'NONE',  ( 17.39999999999999858, 35.37470845847450818, -71.99186516830378935 ) ) ;
#1320 = CARTESIAN_POINT ( 'NONE',  ( 30.06732074893714923, 29.27967853473190019, -80.49165398941610761 ) ) ;
#1321 = CARTESIAN_POINT ( 'NONE',  ( -57.88492839980401783, 37.10405674445755153, -70.23105221183931235 ) ) ;
#1322 = CARTESIAN_POINT ( 'NONE',  ( 30.02594122691197853, 41.96627647449069798, -80.41072439462647026 ) ) ;
#1323 = CARTESIAN_POINT ( 'NONE',  ( -40.90960640673947779, 42.64803857711744683, -80.11789892027435656 ) ) ;
#1324 = AXIS2_PLACEMENT_3D ( 'NONE', #4619, #4176, #3736 ) ;
#1325 = CARTESIAN_POINT ( 'NONE',  ( -54.42768422077367063, 37.62400865313389176, -83.08353247664183527 ) ) ;
#1326 = EDGE_CURVE ( 'NONE', #3594, #4251, #542, .T. ) ;
#1327 = CARTESIAN_POINT ( 'NONE',  ( 41.40172897566640131, 38.84257689015932868, -77.68907099097475566 ) ) ;
#1328 = CARTESIAN_POINT ( 'NONE',  ( -29.80528246165141937, 28.62362555746733861, -75.57361489330138227 ) ) ;
#1329 = EDGE_LOOP ( 'NONE', ( #459, #404, #2735 ) ) ;
#1330 = CARTESIAN_POINT ( 'NONE',  ( 34.43955627883801185, 37.77984877300940525, -83.66464822958572256 ) ) ;
#1331 = VECTOR ( 'NONE', #2958, 1000.000000000000000 ) ;
#1332 = DIRECTION ( 'NONE',  ( 0.7071067811865471286, 0.7071067811865480168, 0.000000000000000000 ) ) ;
#1333 = ORIENTED_EDGE ( 'NONE', *, *, #1465, .T. ) ;
#1334 = ORIENTED_EDGE ( 'NONE', *, *, #1791, .F. ) ;
#1335 = CARTESIAN_POINT ( 'NONE',  ( 55.76965181757550738, 43.47984832499126640, -76.71482938509194582 ) ) ;
#1336 = CARTESIAN_POINT ( 'NONE',  ( -56.28356163048174921, 40.22085827743651976, -75.74485472718673407 ) ) ;
#1337 = ORIENTED_EDGE ( 'NONE', *, *, #2739, .F. ) ;
#1338 = CARTESIAN_POINT ( 'NONE',  ( -24.80000000000000071, -1.695322744374510249, -62.49164817027969576 ) ) ;
#1339 = CARTESIAN_POINT ( 'NONE',  ( -33.21039925048497565, 37.80467853473189876, -72.12502547661952690 ) ) ;
#1340 = ADVANCED_FACE ( 'NONE', ( #4557 ), #517, .F. ) ;
#1341 = CARTESIAN_POINT ( 'NONE',  ( 41.37249379384096670, 26.79833723429145920, -78.33799950849348193 ) ) ;
#1342 = EDGE_LOOP ( 'NONE', ( #427, #4927 ) ) ;
#1343 = LINE ( 'NONE', #2241, #3720 ) ;
#1344 = VERTEX_POINT ( 'NONE', #1503 ) ;
#1345 = DIRECTION ( 'NONE',  ( -2.220446049250309876E-16, 0.000000000000000000, -1.000000000000000000 ) ) ;
#1346 = DIRECTION ( 'NONE',  ( 0.000000000000000000, 0.000000000000000000, -1.000000000000000000 ) ) ;
#1347 = EDGE_CURVE ( 'NONE', #1731, #5759, #167, .T. ) ;
#1348 = FACE_BOUND ( 'NONE', #3973, .T. ) ;
#1349 = ADVANCED_FACE ( 'NONE', ( #3222 ), #5496, .F. ) ;
#1350 = DIRECTION ( 'NONE',  ( 1.519290839321570161E-64, 1.000000000000000000, -1.039540976564489922E-112 ) ) ;
#1351 = VECTOR ( 'NONE', #1054, 1000.000000000000000 ) ;
#1352 = CARTESIAN_POINT ( 'NONE',  ( -41.39545317694719984, 43.76949067550736316, -77.35199382076154961 ) ) ;
#1353 = DIRECTION ( 'NONE',  ( 0.000000000000000000, -1.000000000000000000, 2.775557561562890365E-16 ) ) ;
#1354 = CARTESIAN_POINT ( 'NONE',  ( 29.76886493349439178, 40.40146151235919803, -75.67031308516531851 ) ) ;
#1355 = CARTESIAN_POINT ( 'NONE',  ( -40.89217317712756739, 28.02386996914636441, -80.15941284932453925 ) ) ;
#1356 = AXIS2_PLACEMENT_3D ( 'NONE', #5636, #2561, #2502 ) ;
#1357 = AXIS2_PLACEMENT_3D ( 'NONE', #3211, #5019, #5516 ) ;
#1358 = EDGE_LOOP ( 'NONE', ( #31, #2935, #4832, #3778, #4054 ) ) ;
#1359 = DIRECTION ( 'NONE',  ( 1.387778780781443703E-16, -1.387778780781443703E-16, -1.000000000000000000 ) ) ;
#1360 = DIRECTION ( 'NONE',  ( 0.000000000000000000, -1.000000000000000000, 0.000000000000000000 ) ) ;
#1361 = ORIENTED_EDGE ( 'NONE', *, *, #1432, .F. ) ;
#1362 = AXIS2_PLACEMENT_3D ( 'NONE', #2788, #5121, #1481 ) ;
#1363 = EDGE_CURVE ( 'NONE', #2431, #4413, #3124, .T. ) ;
#1364 = CARTESIAN_POINT ( 'NONE',  ( -56.29732915957573169, 41.00743378892558155, -75.51118620611573817 ) ) ;
#1365 = EDGE_CURVE ( 'NONE', #1241, #5162, #5469, .T. ) ;
#1366 = DIRECTION ( 'NONE',  ( 0.000000000000000000, 1.000000000000000000, 0.000000000000000000 ) ) ;
#1367 = CARTESIAN_POINT ( 'NONE',  ( 44.00000000000000000, 12.80467725562550108, -67.49164817027978813 ) ) ;
#1368 = LINE ( 'NONE', #4506, #2309 ) ;
#1369 = CARTESIAN_POINT ( 'NONE',  ( -2.220446049250309925E-15, 35.01406193031649394, -72.92456773704030581 ) ) ;
#1370 = ORIENTED_EDGE ( 'NONE', *, *, #5667, .T. ) ;
#1371 = EDGE_LOOP ( 'NONE', ( #2495, #5800, #267, #228 ) ) ;
#1372 = EDGE_CURVE ( 'NONE', #1511, #2295, #2344, .T. ) ;
#1373 = CARTESIAN_POINT ( 'NONE',  ( -2.220446049250309925E-15, 34.35942670088475381, -71.64184573456086014 ) ) ;
#1374 = VERTEX_POINT ( 'NONE', #972 ) ;
#1375 = CYLINDRICAL_SURFACE ( 'NONE', #109, 1.000000000000000888 ) ;
#1376 = CARTESIAN_POINT ( 'NONE',  ( -53.83453038816666236, 37.44275529028965366, -85.31475189747764887 ) ) ;
#1377 = CIRCLE ( 'NONE', #4673, 1.000000000000000888 ) ;
#1378 = CARTESIAN_POINT ( 'NONE',  ( 17.89999999999999858, 51.05467867099489609, -76.49165298107079991 ) ) ;
#1379 = LINE ( 'NONE', #1708, #4045 ) ;
#1380 = CARTESIAN_POINT ( 'NONE',  ( -40.84223847185545964, 42.36414600589812807, -80.26798923401391050 ) ) ;
#1381 = AXIS2_PLACEMENT_3D ( 'NONE', #2163, #3968, #5773 ) ;
#1382 = DIRECTION ( 'NONE',  ( 0.000000000000000000, 0.000000000000000000, -1.000000000000000000 ) ) ;
#1383 = CARTESIAN_POINT ( 'NONE',  ( 57.23705562008474601, 37.73057372923120312, -72.59183361391785638 ) ) ;
#1384 = CARTESIAN_POINT ( 'NONE',  ( 41.04229330016667632, 40.32874913668984362, -75.70071669833741623 ) ) ;
#1385 = CARTESIAN_POINT ( 'NONE',  ( 60.64617071191170083, 35.30467853473189876, -59.99164897494249971 ) ) ;
#1386 = CARTESIAN_POINT ( 'NONE',  ( -57.11855910763411970, 37.56388316474806288, -73.05067816771101263 ) ) ;
#1387 = CARTESIAN_POINT ( 'NONE',  ( 55.52930846876827786, 38.95775195838837135, -78.79823004237418616 ) ) ;
#1388 = ORIENTED_EDGE ( 'NONE', *, *, #5591, .F. ) ;
#1389 = AXIS2_PLACEMENT_3D ( 'NONE', #1800, #5374, #3571 ) ;
#1390 = VERTEX_POINT ( 'NONE', #4142 ) ;
#1391 = DIRECTION ( 'NONE',  ( -1.000000000000000000, 4.622231866529390132E-32, 2.220446049250309876E-16 ) ) ;
#1392 = CARTESIAN_POINT ( 'NONE',  ( 14.44999999999999929, 41.03908083792619976, -78.94957348265620567 ) ) ;
#1393 = DIRECTION ( 'NONE',  ( 0.000000000000000000, -1.000000000000000000, 2.775557561562890365E-16 ) ) ;
#1394 = DIRECTION ( 'NONE',  ( 0.000000000000000000, 1.000000000000000000, 0.000000000000000000 ) ) ;
#1395 = CARTESIAN_POINT ( 'NONE',  ( 29.83784878072522062, 29.27967853473189663, -75.49165398941609340 ) ) ;
#1396 = EDGE_CURVE ( 'NONE', #2943, #1124, #491, .T. ) ;
#1397 = DIRECTION ( 'NONE',  ( 0.000000000000000000, 1.000000000000000000, -2.775557561562890365E-16 ) ) ;
#1398 = ORIENTED_EDGE ( 'NONE', *, *, #1985, .F. ) ;
#1399 = ORIENTED_EDGE ( 'NONE', *, *, #3618, .F. ) ;
#1400 = CARTESIAN_POINT ( 'NONE',  ( -29.48187044773769827, 39.15641393983543850, -76.74423811315134003 ) ) ;
#1401 = ORIENTED_EDGE ( 'NONE', *, *, #914, .F. ) ;
#1402 = CIRCLE ( 'NONE', #5368, 2.099999999999997868 ) ;
#1403 = CARTESIAN_POINT ( 'NONE',  ( -41.10087716040302297, 40.00351132381737074, -75.87021763037880362 ) ) ;
#1404 = CARTESIAN_POINT ( 'NONE',  ( -53.85229572376466933, 37.48400492019555230, -85.24440699255630705 ) ) ;
#1405 = FACE_OUTER_BOUND ( 'NONE', #5325, .T. ) ;
#1406 = DIRECTION ( 'NONE',  ( -1.000000000000000000, -4.622231866529390132E-32, -2.220446049250309876E-16 ) ) ;
#1407 = B_SPLINE_CURVE_WITH_KNOTS ( 'NONE', 3,
 ( #1480, #3284, #5090, #1036, #2846, #603, #1666, #288, #2903, #4764, #3435, #3848, #5181, #747, #5657, #4289, #3911, #2963, #5685, #5151, #320, #3347, #5598, #259, #4674, #2554, #2048, #717, #4351, #2109, #2523, #659, #4704, #2075, #3820, #3881, #1095, #2469, #1600, #1631, #2936, #2994, #1125, #229, #4793, #4320, #5240, #5718 ),
 .UNSPECIFIED., .F., .F.,
 ( 4, 2, 2, 2, 2, 2, 2, 2, 1, 2, 2, 2, 2, 2, 2, 2, 2, 2, 1, 2, 2, 2, 2, 2, 4 ),
 ( 0.000000000000000000, 0.1091615670922364278, 0.1228067629787672199, 0.1364519588652979842, 0.1637423506383598459, 0.2183231341844831808, 0.2456135259575455976, 0.2524361239008116597, 0.2592587218440777774, 0.2729039177306098463, 0.3274847012767290733, 0.3820654848228481892, 0.4366462683689674162, 0.4912270519150866432, 0.5458078354612057037, 0.6549694025534438246, 0.6822597943265037435, 0.6890823922697673076, 0.6959049902130309828, 0.7095501860995614418, 0.7641309696456786149, 0.8187117531917958990, 0.8460021449648544856, 0.8596473408513840564, 0.8732925367379135162 ),
 .UNSPECIFIED. ) ;
#1408 = CARTESIAN_POINT ( 'NONE',  ( -36.59255822555898874, 71.47921218846236968, -71.85676732980770964 ) ) ;
#1409 = LINE ( 'NONE', #963, #5629 ) ;
#1410 = B_SPLINE_CURVE_WITH_KNOTS ( 'NONE', 3,
 ( #2278, #3186, #4990, #2745, #4105, #2798, #2389, #1462, #4599, #1520, #4243, #2333, #1437, #4213, #557, #2884, #5609, #4683, #3742, #182, #127, #2854, #2360, #4625, #4183, #5545, #212, #1491, #1970, #2770 ),
 .UNSPECIFIED., .F., .F.,
 ( 4, 2, 2, 2, 2, 2, 2, 2, 2, 2, 2, 2, 2, 2, 4 ),
 ( 3.469446951953614189E-18, 0.0004944197553903664256, 0.0009888395107807293818, 0.001483259266171092338, 0.001977679021561455294, 0.002966518532342183809, 0.003460938287732552836, 0.003955358043122921864, 0.004449777798513291326, 0.004944197553903659920, 0.005438617309294029381, 0.005933037064684398842, 0.006427456820074775243, 0.006921876575465150776, 0.007910716086245913117 ),
 .UNSPECIFIED. ) ;
#1411 = DIRECTION ( 'NONE',  ( -1.000000000000000000, 2.220446049250309876E-16, -1.001483571081361987E-31 ) ) ;
#1412 = DIRECTION ( 'NONE',  ( 1.519290839321570161E-64, -1.000000000000000000, 0.000000000000000000 ) ) ;
#1413 = CIRCLE ( 'NONE', #5563, 1.000000000000000888 ) ;
#1414 = FACE_OUTER_BOUND ( 'NONE', #3811, .T. ) ;
#1415 = CARTESIAN_POINT ( 'NONE',  ( 56.06796084671798752, 39.14960484048593514, -76.75825518499588895 ) ) ;
#1416 = ORIENTED_EDGE ( 'NONE', *, *, #4632, .T. ) ;
#1417 = AXIS2_PLACEMENT_3D ( 'NONE', #382, #4920, #2673 ) ;
#1418 = EDGE_CURVE ( 'NONE', #4443, #5737, #3279, .T. ) ;
#1419 = ORIENTED_EDGE ( 'NONE', *, *, #4942, .T. ) ;
#1420 = DIRECTION ( 'NONE',  ( 0.000000000000000000, 1.000000000000000000, 0.000000000000000000 ) ) ;
#1421 = CARTESIAN_POINT ( 'NONE',  ( 55.15321092344949250, 29.27967853473190374, -80.49165398941610761 ) ) ;
#1422 = DIRECTION ( 'NONE',  ( 0.2588190451025210170, -3.330669073875470607E-16, -0.9659258262890680902 ) ) ;
#1423 = CARTESIAN_POINT ( 'NONE',  ( -38.83955968667688552, 37.65396126883861427, -72.82404311610466152 ) ) ;
#1424 = CARTESIAN_POINT ( 'NONE',  ( 29.39859512637109518, 26.77864926036111015, -77.84333049935055726 ) ) ;
#1425 = CARTESIAN_POINT ( 'NONE',  ( -44.00000000000000000, 12.80467725562550108, -92.99164817027970287 ) ) ;
#1426 = ORIENTED_EDGE ( 'NONE', *, *, #4327, .F. ) ;
#1427 = VERTEX_POINT ( 'NONE', #597 ) ;
#1428 = DIRECTION ( 'NONE',  ( 0.000000000000000000, -1.000000000000000000, 0.000000000000000000 ) ) ;
#1429 = EDGE_LOOP ( 'NONE', ( #579, #4598 ) ) ;
#1430 = CARTESIAN_POINT ( 'NONE',  ( -41.37711233529500277, 38.95400793542555107, -77.19576323397301110 ) ) ;
#1431 = CARTESIAN_POINT ( 'NONE',  ( 33.51829730559192200, 83.41670808584399310, -83.44366787887602754 ) ) ;
#1432 = EDGE_CURVE ( 'NONE', #3764, #5089, #571, .T. ) ;
#1433 = EDGE_CURVE ( 'NONE', #1508, #1762, #2683, .T. ) ;
#1434 = DIRECTION ( 'NONE',  ( 0.000000000000000000, 1.090102953460453640E-07, 0.9999999999999941158 ) ) ;
#1435 = CARTESIAN_POINT ( 'NONE',  ( 17.39999999999999858, 35.37471071591760108, -84.04186516830250753 ) ) ;
#1436 = PLANE ( 'NONE',  #5125 ) ;
#1437 = CARTESIAN_POINT ( 'NONE',  ( -29.46845615122372308, 31.69432481891051978, -78.65985544867736223 ) ) ;
#1438 = PLANE ( 'NONE',  #3152 ) ;
#1439 = CARTESIAN_POINT ( 'NONE',  ( 41.05127608678598961, 40.27491369538414290, -75.72489859398284295 ) ) ;
#1440 = FACE_OUTER_BOUND ( 'NONE', #539, .T. ) ;
#1441 = CARTESIAN_POINT ( 'NONE',  ( 56.16207623861511422, 39.43016317605825094, -76.35828302915443544 ) ) ;
#1442 = ORIENTED_EDGE ( 'NONE', *, *, #2911, .T. ) ;
#1443 = VECTOR ( 'NONE', #4177, 1000.000000000000000 ) ;
#1444 = CARTESIAN_POINT ( 'NONE',  ( -38.97342325530133422, 33.25930908143561027, -82.56702117305314914 ) ) ;
#1445 = ORIENTED_EDGE ( 'NONE', *, *, #2713, .F. ) ;
#1446 = DIRECTION ( 'NONE',  ( 0.000000000000000000, 1.000000000000000000, 0.000000000000000000 ) ) ;
#1447 = CARTESIAN_POINT ( 'NONE',  ( -0.8000000000000000444, 4.054677255625490417, -62.49164817027980234 ) ) ;
#1448 = CARTESIAN_POINT ( 'NONE',  ( -2.220446049250309925E-15, 41.39970958719539595, -78.01686403958160554 ) ) ;
#1449 = CARTESIAN_POINT ( 'NONE',  ( -2.220446049250309925E-15, 41.03908083792619976, -78.94957348265620567 ) ) ;
#1450 = CARTESIAN_POINT ( 'NONE',  ( -33.88185551671189444, 37.76245369157599896, -83.54646889195512927 ) ) ;
#1451 = VECTOR ( 'NONE', #2863, 1000.000000000000000 ) ;
#1452 = B_SPLINE_CURVE_WITH_KNOTS ( 'NONE', 3,
 ( #5076, #562, #1081, #2004 ),
 .UNSPECIFIED., .F., .F.,
 ( 4, 4 ),
 ( 0.000000000000000000, 0.5000000000000000000 ),
 .UNSPECIFIED. ) ;
#1453 = CARTESIAN_POINT ( 'NONE',  ( -52.92112923006810377, -12.54143574273190076, -59.99164897494249971 ) ) ;
#1454 = EDGE_LOOP ( 'NONE', ( #765, #1156 ) ) ;
#1455 = DIRECTION ( 'NONE',  ( -1.000000000000000000, 0.000000000000000000, 0.000000000000000000 ) ) ;
#1456 = ORIENTED_EDGE ( 'NONE', *, *, #5280, .F. ) ;
#1457 = CARTESIAN_POINT ( 'NONE',  ( -41.13022029635627774, 39.34870673998607771, -79.52594048520782621 ) ) ;
#1458 = DIRECTION ( 'NONE',  ( -1.000000000000000000, 0.000000000000000000, 0.000000000000000000 ) ) ;
#1459 = CARTESIAN_POINT ( 'NONE',  ( 29.58931440712817107, 43.11964763448861504, -76.24636022790420498 ) ) ;
#1460 = CARTESIAN_POINT ( 'NONE',  ( -41.32580568154203604, 77.32803079098827936, -76.74416523006961199 ) ) ;
#1461 = ORIENTED_EDGE ( 'NONE', *, *, #1363, .F. ) ;
#1462 = CARTESIAN_POINT ( 'NONE',  ( -29.83199429330623076, 30.80470092201629484, -79.97925061509016587 ) ) ;
#1463 = DIRECTION ( 'NONE',  ( 0.2588962926196889947, -2.220446049250309876E-16, -0.9659051245685469356 ) ) ;
#1464 = DIRECTION ( 'NONE',  ( 0.3054460197265261301, -0.9486832980505142121, 0.08187019624516574112 ) ) ;
#1465 = EDGE_CURVE ( 'NONE', #3459, #746, #2463, .T. ) ;
#1466 = AXIS2_PLACEMENT_3D ( 'NONE', #973, #3757, #2809 ) ;
#1467 = CARTESIAN_POINT ( 'NONE',  ( -30.00215337216026157, 28.46924347858473325, -80.36236437409804978 ) ) ;
#1468 = CARTESIAN_POINT ( 'NONE',  ( 55.95511767940061532, 38.95346735466802102, -77.21118101512062992 ) ) ;
#1469 = ADVANCED_FACE ( 'NONE', ( #4788 ), #3429, .F. ) ;
#1470 = EDGE_LOOP ( 'NONE', ( #5296, #5034, #4589, #1919, #690 ) ) ;
#1471 = EDGE_CURVE ( 'NONE', #3314, #5687, #2014, .T. ) ;
#1472 = VERTEX_POINT ( 'NONE', #3874 ) ;
#1473 = CARTESIAN_POINT ( 'NONE',  ( 39.46849607541234661, 33.63854734763727095, -82.15205716713369100 ) ) ;
#1474 = FACE_OUTER_BOUND ( 'NONE', #3987, .T. ) ;
#1475 = CARTESIAN_POINT ( 'NONE',  ( 38.75825312176210957, 72.68431203843084631, -72.76553795921425660 ) ) ;
#1476 = LINE ( 'NONE', #1449, #3555 ) ;
#1477 = CARTESIAN_POINT ( 'NONE',  ( -32.68952841670059684, 37.62917760524607047, -83.09589527535958098 ) ) ;
#1478 = CIRCLE ( 'NONE', #2339, 1.000000000000000888 ) ;
#1479 = DIRECTION ( 'NONE',  ( 0.000000000000000000, 1.000000000000000000, 0.000000000000000000 ) ) ;
#1480 = CARTESIAN_POINT ( 'NONE',  ( 37.02771072712440059, 37.80467853473189876, -71.96665398942489844 ) ) ;
#1481 = DIRECTION ( 'NONE',  ( 0.000000000000000000, 0.000000000000000000, -1.000000000000000000 ) ) ;
#1482 = EDGE_LOOP ( 'NONE', ( #3413, #4212, #2058, #1602 ) ) ;
#1483 = DIRECTION ( 'NONE',  ( 0.000000000000000000, 1.000000000000000000, 0.000000000000000000 ) ) ;
#1484 = CARTESIAN_POINT ( 'NONE',  ( -56.49295688560511053, 29.27967853473190374, -75.49165398941609340 ) ) ;
#1485 = DIRECTION ( 'NONE',  ( 0.000000000000000000, 1.000000000000000000, 0.000000000000000000 ) ) ;
#1486 = DIRECTION ( 'NONE',  ( 1.000000000000000000, -2.220446049250309876E-16, 1.001483571081361987E-31 ) ) ;
#1487 = AXIS2_PLACEMENT_3D ( 'NONE', #1378, #2741, #1826 ) ;
#1488 = ADVANCED_FACE ( 'NONE', ( #5652 ), #742, .F. ) ;
#1489 = DIRECTION ( 'NONE',  ( 1.000000000000000000, 0.000000000000000000, 0.000000000000000000 ) ) ;
#1490 = VERTEX_POINT ( 'NONE', #1594 ) ;
#1491 = CARTESIAN_POINT ( 'NONE',  ( -29.80946170598205924, 29.94210045824442190, -75.55903647031728099 ) ) ;
#1492 = CARTESIAN_POINT ( 'NONE',  ( 34.30108763974701702, 32.82486207304522452, -83.66376390370582783 ) ) ;
#1493 = CARTESIAN_POINT ( 'NONE',  ( 29.42638404571371424, 38.84636027581713336, -78.32347956154423230 ) ) ;
#1494 = CARTESIAN_POINT ( 'NONE',  ( 30.79876605141776125, 36.97514684846773747, -73.87482093965319052 ) ) ;
#1495 = DIRECTION ( 'NONE',  ( 0.000000000000000000, 1.000000000000000000, -2.775557561562890365E-16 ) ) ;
#1496 = CARTESIAN_POINT ( 'NONE',  ( 54.34331565126461783, 37.74494598697478409, -83.38581776942294255 ) ) ;
#1497 = ORIENTED_EDGE ( 'NONE', *, *, #551, .T. ) ;
#1498 = VECTOR ( 'NONE', #4895, 1000.000000000000000 ) ;
#1499 = CARTESIAN_POINT ( 'NONE',  ( -14.40000000000000036, 45.37470958719600134, -92.99165398941609340 ) ) ;
#1500 = VERTEX_POINT ( 'NONE', #4758 ) ;
#1501 = CARTESIAN_POINT ( 'NONE',  ( -2.220446049250309925E-15, 35.30467853473189876, -59.99164897494249971 ) ) ;
#1502 = CARTESIAN_POINT ( 'NONE',  ( -29.83331996539800812, 42.84651438570625004, -79.98109493770344613 ) ) ;
#1503 = CARTESIAN_POINT ( 'NONE',  ( -17.89999999999999858, 45.37470958719600134, -78.01686516830319817 ) ) ;
#1504 = CARTESIAN_POINT ( 'NONE',  ( -37.58938465599010925, 37.80467853473189876, -72.12496456958869828 ) ) ;
#1505 = CARTESIAN_POINT ( 'NONE',  ( 29.65488226620706769, 27.74841431885875309, -76.00881774568171068 ) ) ;
#1506 = CIRCLE ( 'NONE', #1233, 2.000000000000001776 ) ;
#1507 = CARTESIAN_POINT ( 'NONE',  ( 49.00000000000000000, -10.69532274437450070, -67.49164817027978813 ) ) ;
#1508 = VERTEX_POINT ( 'NONE', #2104 ) ;
#1509 = VERTEX_POINT ( 'NONE', #2931 ) ;
#1510 = DIRECTION ( 'NONE',  ( -1.000000000000000000, 0.000000000000000000, 0.000000000000000000 ) ) ;
#1511 = VERTEX_POINT ( 'NONE', #4285 ) ;
#1512 = CYLINDRICAL_SURFACE ( 'NONE', #2830, 5.000000000000004441 ) ;
#1513 = DIRECTION ( 'NONE',  ( -1.000000000000000000, 0.000000000000000000, 0.000000000000000000 ) ) ;
#1514 = CIRCLE ( 'NONE', #2285, 2.000000000000001776 ) ;
#1515 = EDGE_CURVE ( 'NONE', #4554, #378, #1149, .T. ) ;
#1516 = VECTOR ( 'NONE', #4246, 1000.000000000000000 ) ;
#1517 = CARTESIAN_POINT ( 'NONE',  ( 29.45445554858063275, 43.59492474971320775, -76.92663370611805362 ) ) ;
#1518 = CARTESIAN_POINT ( 'NONE',  ( -41.40046213642963124, 78.69440589054791246, -78.08073929482657149 ) ) ;
#1519 = ORIENTED_EDGE ( 'NONE', *, *, #1945, .T. ) ;
#1520 = CARTESIAN_POINT ( 'NONE',  ( -29.67011376837570324, 31.27017274145151760, -79.53772797599835087 ) ) ;
#1521 = CARTESIAN_POINT ( 'NONE',  ( -22.00000000000000000, -14.14532146526810052, -94.34164817027979666 ) ) ;
#1522 = CARTESIAN_POINT ( 'NONE',  ( 29.45651422303593137, 38.89493052961520192, -78.56501826971673097 ) ) ;
#1523 = B_SPLINE_CURVE_WITH_KNOTS ( 'NONE', 3,
 ( #5738, #3073, #3458, #2692, #5258, #798, #1206, #4429, #2660, #2131, #766, #2193, #4844, #3994, #5796, #1744, #1299, #3014, #3103, #858, #369, #4905, #4460, #423, #2223, #2605, #4022, #2574, #5830, #3933, #1775, #3577, #5377, #1327, #3130, #890, #4491, #71, #5020, #2362, #533, #15, #4107, #965, #3633, #43, #2721, #1833, #4550, #5460, #4160, #942, #507, #1862, #2748, #3688, #1805, #1017, #5433, #3605, #1439, #920, #1384, #3189, #101, #4993, #130, #3215, #5488, #2307, #3160 ),
 .UNSPECIFIED., .F., .F.,
 ( 4, 2, 2, 1, 1, 1, 2, 2, 2, 2, 2, 2, 2, 1, 1, 2, 2, 2, 2, 2, 2, 1, 1, 1, 2, 2, 2, 2, 2, 1, 1, 2, 2, 2, 2, 2, 1, 1, 1, 2, 2, 4 ),
 ( 0.000000000000000000, 0.06250000000024281965, 0.09375000000036423642, 0.1093750000004249379, 0.1171875000004559131, 0.1210937500004705125, 0.1230468750004755779, 0.1250000000004806433, 0.1875000000005934697, 0.2500000000007063239, 0.3125000000008191781, 0.3437500000008731349, 0.3593750000009005019, 0.3671875000009169332, 0.3710937500009207635, 0.3730468750009189316, 0.3750000000009170442, 0.4375000000008525958, 0.5000000000007880363, 0.5625000000007236434, 0.5937500000006888934, 0.6093750000006742384, 0.6171875000006651346, 0.6210937500006582512, 0.6230468750006552536, 0.6250000000006522560, 0.6875000000005910827, 0.7187500000005612177, 0.7343750000005440093, 0.7421875000005355716, 0.7460937500005291323, 0.7480468750005238032, 0.7500000000005184742, 0.8125000000003328449, 0.8437500000002385869, 0.8593750000001902922, 0.8671875000001663114, 0.8710937500001577627, 0.8730468750001534328, 0.8740234375001528777, 0.8750000000001522116, 1.000000000000000000 ),
 .UNSPECIFIED. ) ;
#1524 = CARTESIAN_POINT ( 'NONE',  ( -2.220446049250309925E-15, 35.30482198470239297, -71.96777173434509223 ) ) ;
#1525 = DIRECTION ( 'NONE',  ( 0.000000000000000000, 0.000000000000000000, -1.000000000000000000 ) ) ;
#1526 = CARTESIAN_POINT ( 'NONE',  ( 55.28958356661087237, 43.80521903222066982, -78.37658523828515911 ) ) ;
#1527 = EDGE_LOOP ( 'NONE', ( #456, #2996, #4885, #279 ) ) ;
#1528 = DIRECTION ( 'NONE',  ( -1.000000000000000000, -2.220446049250309876E-16, 1.001483571081361987E-31 ) ) ;
#1529 = ORIENTED_EDGE ( 'NONE', *, *, #889, .F. ) ;
#1530 = VECTOR ( 'NONE', #4276, 1000.000000000000000 ) ;
#1531 = CARTESIAN_POINT ( 'NONE',  ( -2.220446049250309925E-15, 85.30467853473189166, -85.99165398941610761 ) ) ;
#1532 = CARTESIAN_POINT ( 'NONE',  ( -41.24239530750448068, 31.51831047903554150, -79.11632553607486784 ) ) ;
#1533 = CARTESIAN_POINT ( 'NONE',  ( -35.39999999999999858, 57.80467725562549930, -83.74164817027970287 ) ) ;
#1534 = CARTESIAN_POINT ( 'NONE',  ( -40.40710710602707678, 34.83873049874969752, -74.43476100441523613 ) ) ;
#1535 = CARTESIAN_POINT ( 'NONE',  ( -32.23175208248781587, 33.10038615721463628, -82.83701517551308768 ) ) ;
#1536 = VECTOR ( 'NONE', #3123, 1000.000000000000000 ) ;
#1537 = VECTOR ( 'NONE', #3296, 1000.000000000000227 ) ;
#1538 = ADVANCED_FACE ( 'NONE', ( #4730, #3339 ), #3030, .T. ) ;
#1539 = CARTESIAN_POINT ( 'NONE',  ( 40.84080935402533896, 42.35608696284589314, -80.27128620969553197 ) ) ;
#1540 = ORIENTED_EDGE ( 'NONE', *, *, #735, .T. ) ;
#1541 = CARTESIAN_POINT ( 'NONE',  ( 30.00171059060195589, 30.09250439480416617, -80.36143584709550680 ) ) ;
#1542 = CARTESIAN_POINT ( 'NONE',  ( -55.68680792771210974, 38.84095628716558224, -78.22945044202469944 ) ) ;
#1543 = ORIENTED_EDGE ( 'NONE', *, *, #4908, .T. ) ;
#1544 = FACE_OUTER_BOUND ( 'NONE', #192, .T. ) ;
#1545 = DIRECTION ( 'NONE',  ( -1.000000000000000000, 0.000000000000000000, 0.000000000000000000 ) ) ;
#1546 = B_SPLINE_CURVE_WITH_KNOTS ( 'NONE', 3,
 ( #4284, #1057, #2866, #2041, #3843, #711, #1593, #5234, #1565, #222, #1179, #2517, #283, #625, #2070, #4225, #3400, #5203, #3369, #1532, #5680, #1118, #1088, #3338, #4696, #2896, #2929, #3428, #771, #2636, #3551, #2254 ),
 .UNSPECIFIED., .F., .F.,
 ( 4, 2, 2, 2, 2, 2, 2, 2, 2, 2, 2, 2, 2, 2, 2, 4 ),
 ( 0.007910716086245928730, 0.008404828575062490287, 0.008898941063879053578, 0.009393053552695616870, 0.009887166041512178427, 0.01038127853032873998, 0.01087539101914530328, 0.01136950350796186657, 0.01186361599677842812, 0.01285184097441155124, 0.01334595346322813361, 0.01384006595204471599, 0.01433417844086130009, 0.01482829092967788247, 0.01532240341849446658, 0.01581651590731104895 ),
 .UNSPECIFIED. ) ;
#1547 = DIRECTION ( 'NONE',  ( -1.000000000000000000, 0.000000000000000000, 0.000000000000000000 ) ) ;
#1548 = CARTESIAN_POINT ( 'NONE',  ( 46.39999999999999858, 35.30467853473189876, -71.96665398941610192 ) ) ;
#1549 = ORIENTED_EDGE ( 'NONE', *, *, #2881, .T. ) ;
#1550 = CARTESIAN_POINT ( 'NONE',  ( 58.35427822347624272, 52.25404434439183632, -62.38800175454764485 ) ) ;
#1551 = VERTEX_POINT ( 'NONE', #2042 ) ;
#1552 = EDGE_CURVE ( 'NONE', #4727, #4498, #3401, .T. ) ;
#1553 = CARTESIAN_POINT ( 'NONE',  ( -32.37101708628356533, 72.39880497150475946, -72.54527001061454428 ) ) ;
#1554 = FACE_OUTER_BOUND ( 'NONE', #4084, .T. ) ;
#1555 = CARTESIAN_POINT ( 'NONE',  ( 31.01608183164408672, 33.44625652117021986, -73.64172866240028270 ) ) ;
#1556 = CARTESIAN_POINT ( 'NONE',  ( 17.89999999999999858, 85.30467853473189166, -85.99165398941610761 ) ) ;
#1557 = DIRECTION ( 'NONE',  ( 0.000000000000000000, -1.000000000000000000, 2.775557561562890365E-16 ) ) ;
#1558 = CARTESIAN_POINT ( 'NONE',  ( 54.25800831113409117, 37.80440755426456434, -83.69717081717479346 ) ) ;
#1559 = ORIENTED_EDGE ( 'NONE', *, *, #611, .T. ) ;
#1560 = AXIS2_PLACEMENT_3D ( 'NONE', #5112, #3782, #5588 ) ;
#1561 = CIRCLE ( 'NONE', #3738, 4.999999999999997335 ) ;
#1562 = DIRECTION ( 'NONE',  ( -1.000000000000000000, 0.000000000000000000, 0.000000000000000000 ) ) ;
#1563 = ORIENTED_EDGE ( 'NONE', *, *, #3495, .F. ) ;
#1564 = CARTESIAN_POINT ( 'NONE',  ( 38.71292799514917249, 37.45775118778581003, -82.74492939281131498 ) ) ;
#1565 = CARTESIAN_POINT ( 'NONE',  ( -41.17597316574259025, 30.93721601928263354, -76.11298548017943233 ) ) ;
#1566 = CARTESIAN_POINT ( 'NONE',  ( 41.37201576535346703, 77.67226251434088624, -77.07304662265909201 ) ) ;
#1567 = EDGE_CURVE ( 'NONE', #5295, #3781, #1834, .T. ) ;
#1568 = CARTESIAN_POINT ( 'NONE',  ( -38.55994919983827884, 32.89719065001779796, -72.64101693789838521 ) ) ;
#1569 = CARTESIAN_POINT ( 'NONE',  ( -31.17452252535852253, 33.82519121999062151, -82.00139288755724465 ) ) ;
#1570 = CARTESIAN_POINT ( 'NONE',  ( 41.27566719974825560, 43.63587686874092952, -78.95678524860609571 ) ) ;
#1571 = ORIENTED_EDGE ( 'NONE', *, *, #5363, .F. ) ;
#1572 = CARTESIAN_POINT ( 'NONE',  ( 30.05865142022525660, 29.61112709801095377, -80.47501726713399250 ) ) ;
#1573 = CARTESIAN_POINT ( 'NONE',  ( -55.89451637931140482, 38.88959676056624915, -77.44709409705184555 ) ) ;
#1574 = VERTEX_POINT ( 'NONE', #3552 ) ;
#1575 = DIRECTION ( 'NONE',  ( -1.000000000000000000, 0.000000000000000000, 0.000000000000000000 ) ) ;
#1576 = CARTESIAN_POINT ( 'NONE',  ( -33.28469518879967382, 32.79420655962400133, -72.10345175715850985 ) ) ;
#1577 = ADVANCED_FACE ( 'NONE', ( #3524, #458 ), #375, .F. ) ;
#1578 = DIRECTION ( 'NONE',  ( 0.000000000000000000, -1.000000000000000000, 0.000000000000000000 ) ) ;
#1579 = ORIENTED_EDGE ( 'NONE', *, *, #5254, .F. ) ;
#1580 = AXIS2_PLACEMENT_3D ( 'NONE', #393, #1294, #3628 ) ;
#1581 = ORIENTED_EDGE ( 'NONE', *, *, #4751, .T. ) ;
#1582 = CARTESIAN_POINT ( 'NONE',  ( -2.220446049250309925E-15, 85.30467853473189166, -85.99165398941610761 ) ) ;
#1583 = CARTESIAN_POINT ( 'NONE',  ( -56.76786743737100238, 35.37467691289879923, -74.46567384268929857 ) ) ;
#1584 = CARTESIAN_POINT ( 'NONE',  ( 33.75065531332512592, 32.80467852916461879, -71.97473099720107825 ) ) ;
#1585 = CYLINDRICAL_SURFACE ( 'NONE', #5646, 10.00000000000000178 ) ;
#1586 = FACE_OUTER_BOUND ( 'NONE', #769, .T. ) ;
#1587 = CARTESIAN_POINT ( 'NONE',  ( 54.90508922277376769, 41.97781228678230292, -80.42881914404506460 ) ) ;
#1588 = AXIS2_PLACEMENT_3D ( 'NONE', #4131, #1464, #481 ) ;
#1589 = ORIENTED_EDGE ( 'NONE', *, *, #1326, .F. ) ;
#1590 = CARTESIAN_POINT ( 'NONE',  ( -39.59999999999999432, 12.80467725562550108, -77.74164817027980234 ) ) ;
#1591 = ORIENTED_EDGE ( 'NONE', *, *, #3830, .T. ) ;
#1592 = CARTESIAN_POINT ( 'NONE',  ( 38.54355910094250959, 37.51692030025104430, -82.85214222632349390 ) ) ;
#1593 = CARTESIAN_POINT ( 'NONE',  ( -41.08719749987854186, 30.54135565076641612, -75.82726480926500301 ) ) ;
#1594 = CARTESIAN_POINT ( 'NONE',  ( -37.02057990731944415, 32.80333201308123847, -71.96568901562552867 ) ) ;
#1595 = CARTESIAN_POINT ( 'NONE',  ( -39.66220920630193802, 37.26482728292317148, -73.51865262726538219 ) ) ;
#1596 = CARTESIAN_POINT ( 'NONE',  ( -33.38835757439300522, 32.88222076039996011, -83.39485935693977581 ) ) ;
#1597 = EDGE_CURVE ( 'NONE', #1574, #287, #5383, .T. ) ;
#1598 = CIRCLE ( 'NONE', #296, 2.099999999999997868 ) ;
#1599 = EDGE_LOOP ( 'NONE', ( #1900, #2962 ) ) ;
#1600 = CARTESIAN_POINT ( 'NONE',  ( 38.52952885636889846, 32.88742720153708632, -72.61462358178816601 ) ) ;
#1601 = CARTESIAN_POINT ( 'NONE',  ( -29.71038676122115518, 39.45477760545873736, -79.64757157692679357 ) ) ;
#1602 = ORIENTED_EDGE ( 'NONE', *, *, #4318, .F. ) ;
#1603 = B_SPLINE_CURVE_WITH_KNOTS ( 'NONE', 3,
 ( #4994, #3662, #3634, #1328, #2693, #943, #1807, #2749, #3606, #3161, #1745, #966, #3549, #482, #5348, #2283, #4551, #426, #4906, #5435, #509, #4108, #1863, #2774, #1300, #859, #4461, #1467, #1110, #2831, #187, #4217 ),
 .UNSPECIFIED., .F., .F.,
 ( 4, 2, 2, 2, 2, 2, 2, 2, 2, 2, 2, 2, 2, 2, 2, 4 ),
 ( 0.007910716086245913117, 0.008404828575062474674, 0.008898941063879034497, 0.009393053552695596053, 0.009887166041512155876, 0.01038127853032871743, 0.01087539101914527725, 0.01136950350796183881, 0.01186361599677840037, 0.01285184097441152001, 0.01334595346322810239, 0.01384006595204468129, 0.01433417844086126366, 0.01482829092967784430, 0.01532240341849442494, 0.01581651590731100732 ),
 .UNSPECIFIED. ) ;
#1604 = CARTESIAN_POINT ( 'NONE',  ( -17.39999999999999858, 41.39970958719539595, -78.01686403958160554 ) ) ;
#1605 = CARTESIAN_POINT ( 'NONE',  ( 35.39999999999999858, 71.32196075073871100, -71.74164817027970287 ) ) ;
#1606 = AXIS2_PLACEMENT_3D ( 'NONE', #4707, #322, #2022 ) ;
#1607 = EDGE_CURVE ( 'NONE', #1574, #86, #4628, .T. ) ;
#1608 = CARTESIAN_POINT ( 'NONE',  ( 17.39999999999999858, 35.37470845847450818, -71.99186516830378935 ) ) ;
#1609 = ORIENTED_EDGE ( 'NONE', *, *, #508, .F. ) ;
#1610 = EDGE_CURVE ( 'NONE', #3448, #2671, #1212, .T. ) ;
#1611 = CARTESIAN_POINT ( 'NONE',  ( -2.220446049250309925E-15, 81.80467853473190587, -92.99165398941609340 ) ) ;
#1612 = ORIENTED_EDGE ( 'NONE', *, *, #1767, .F. ) ;
#1613 = VECTOR ( 'NONE', #4610, 1000.000000000000000 ) ;
#1614 = FACE_BOUND ( 'NONE', #3975, .T. ) ;
#1615 = EDGE_CURVE ( 'NONE', #5787, #238, #429, .T. ) ;
#1616 = CARTESIAN_POINT ( 'NONE',  ( 46.39999999999999858, 29.27967853473190019, -80.49165398941610761 ) ) ;
#1617 = CARTESIAN_POINT ( 'NONE',  ( 30.47869006330579467, 36.22703198697336546, -74.30162190452620052 ) ) ;
#1618 = LINE ( 'NONE', #2509, #179 ) ;
#1619 = CARTESIAN_POINT ( 'NONE',  ( -14.44999999999999929, 40.38442037435972054, -77.66686408613556125 ) ) ;
#1620 = EDGE_CURVE ( 'NONE', #1777, #3448, #4583, .T. ) ;
#1621 = DIRECTION ( 'NONE',  ( -1.000000000000000000, 0.000000000000000000, 0.000000000000000000 ) ) ;
#1622 = ORIENTED_EDGE ( 'NONE', *, *, #508, .T. ) ;
#1623 = LINE ( 'NONE', #2926, #341 ) ;
#1624 = ORIENTED_EDGE ( 'NONE', *, *, #1868, .F. ) ;
#1625 = CARTESIAN_POINT ( 'NONE',  ( 39.61210990456028469, 36.80196227636432127, -82.01460837558987294 ) ) ;
#1626 = CARTESIAN_POINT ( 'NONE',  ( -29.62483423194337817, 42.98411802835658335, -76.10995078524047130 ) ) ;
#1627 = CARTESIAN_POINT ( 'NONE',  ( 41.40046213642963124, 78.69440589054791246, -78.08073929482657149 ) ) ;
#1628 = LINE ( 'NONE', #1181, #4302 ) ;
#1629 = CARTESIAN_POINT ( 'NONE',  ( -33.69362549115700745, 32.85788325625957640, -83.49395123270888064 ) ) ;
#1630 = ORIENTED_EDGE ( 'NONE', *, *, #5691, .F. ) ;
#1631 = CARTESIAN_POINT ( 'NONE',  ( 38.13312208017961069, 32.83852764531312829, -72.39217530626159203 ) ) ;
#1632 = ADVANCED_FACE ( 'NONE', ( #2750 ), #3163, .F. ) ;
#1633 = CARTESIAN_POINT ( 'NONE',  ( -55.72685290402462499, 38.83054184315779622, -78.08163814540434089 ) ) ;
#1634 = ORIENTED_EDGE ( 'NONE', *, *, #4685, .F. ) ;
#1635 = CIRCLE ( 'NONE', #4561, 2.099999999999997868 ) ;
#1636 = LINE ( 'NONE', #1158, #5379 ) ;
#1637 = CARTESIAN_POINT ( 'NONE',  ( -31.38058423978892719, 33.18124346116444201, -73.28693897112432865 ) ) ;
#1638 = CARTESIAN_POINT ( 'NONE',  ( 29.61286977554077993, 39.63106821106439526, -76.15694000098247329 ) ) ;
#1639 = VECTOR ( 'NONE', #1463, 1000.000000000000227 ) ;
#1640 = CARTESIAN_POINT ( 'NONE',  ( -49.00000000000000000, -13.69532146526809946, -87.99164817027970287 ) ) ;
#1641 = VERTEX_POINT ( 'NONE', #2776 ) ;
#1642 = CARTESIAN_POINT ( 'NONE',  ( 52.71136757794239713, 66.09691060787720573, -68.31281252537152682 ) ) ;
#1643 = ORIENTED_EDGE ( 'NONE', *, *, #3096, .F. ) ;
#1644 = LINE ( 'NONE', #2479, #2706 ) ;
#1645 = CARTESIAN_POINT ( 'NONE',  ( -57.40253323112970207, 37.80467853473189876, -71.96665396316980434 ) ) ;
#1646 = AXIS2_PLACEMENT_3D ( 'NONE', #4391, #5161, #2504 ) ;
#1647 = CARTESIAN_POINT ( 'NONE',  ( -57.47630321919051966, 37.80467853164901015, -71.69145443868907819 ) ) ;
#1648 = CARTESIAN_POINT ( 'NONE',  ( 14.44999999999999929, 51.05467853473179929, -76.49165298107079991 ) ) ;
#1649 = DIRECTION ( 'NONE',  ( 0.000000000000000000, -1.000000000000000000, 0.000000000000000000 ) ) ;
#1650 = CARTESIAN_POINT ( 'NONE',  ( -54.20278285613125036, 37.80248582747086061, -83.90320431875424845 ) ) ;
#1651 = ORIENTED_EDGE ( 'NONE', *, *, #3104, .F. ) ;
#1652 = MANIFOLD_SOLID_BREP ( 'newHead (1) (1)[1]', #257 ) ;
#1653 = ADVANCED_FACE ( 'NONE', ( #1918 ), #1020, .F. ) ;
#1654 = CARTESIAN_POINT ( 'NONE',  ( -0.8000000000000000444, -1.695322744374510249, -62.49164817027980234 ) ) ;
#1655 = EDGE_LOOP ( 'NONE', ( #5005, #290 ) ) ;
#1656 = EDGE_CURVE ( 'NONE', #5619, #4242, #923, .T. ) ;
#1657 = DIRECTION ( 'NONE',  ( 0.000000000000000000, -0.9309532560805583445, 0.3651383778692761095 ) ) ;
#1658 = CARTESIAN_POINT ( 'NONE',  ( 32.05257887824958374, 37.45316722366339945, -82.72851734369169208 ) ) ;
#1659 = CARTESIAN_POINT ( 'NONE',  ( 27.06962431292350146, 35.37467691289869975, -77.99164857261109773 ) ) ;
#1660 = CARTESIAN_POINT ( 'NONE',  ( -40.25687050878289597, 36.41978966690111719, -74.21600101256527182 ) ) ;
#1661 = CARTESIAN_POINT ( 'NONE',  ( -30.06732074893710305, 41.32967853473189734, -80.49165398941610761 ) ) ;
#1662 = VECTOR ( 'NONE', #2895, 1000.000000000000114 ) ;
#1663 = EDGE_LOOP ( 'NONE', ( #2130, #1685, #4663, #4040 ) ) ;
#1664 = VECTOR ( 'NONE', #4805, 1000.000000000000000 ) ;
#1665 = VECTOR ( 'NONE', #3553, 1000.000000000000000 ) ;
#1666 = CARTESIAN_POINT ( 'NONE',  ( 38.57599806119361574, 37.70943049353490295, -72.65094275270472224 ) ) ;
#1667 = CARTESIAN_POINT ( 'NONE',  ( -55.15700614605098906, 39.86822871055105821, -80.02006659103459185 ) ) ;
#1668 = ORIENTED_EDGE ( 'NONE', *, *, #649, .F. ) ;
#1669 = DIRECTION ( 'NONE',  ( -1.000000000000000000, 0.000000000000000000, 0.000000000000000000 ) ) ;
#1670 = CARTESIAN_POINT ( 'NONE',  ( 29.89069425315944883, 80.64930922052025153, -80.14840862074329664 ) ) ;
#1671 = CARTESIAN_POINT ( 'NONE',  ( 29.52499022486759017, 39.30271477514389744, -76.51914589874499484 ) ) ;
#1672 = CARTESIAN_POINT ( 'NONE',  ( -17.39999999999999858, 41.32967853473189734, -77.99165398941609340 ) ) ;
#1673 = ORIENTED_EDGE ( 'NONE', *, *, #4363, .F. ) ;
#1674 = CARTESIAN_POINT ( 'NONE',  ( 57.88009955348839952, 53.91062515026038682, -62.88348709796954950 ) ) ;
#1675 = ORIENTED_EDGE ( 'NONE', *, *, #2053, .T. ) ;
#1676 = CARTESIAN_POINT ( 'NONE',  ( 57.73952104287949538, 37.50657308237479981, -70.73975218404585519 ) ) ;
#1677 = CARTESIAN_POINT ( 'NONE',  ( 14.44999999999999929, 35.66546851286040010, -71.03506916560860418 ) ) ;
#1678 =( BOUNDED_CURVE ( )  B_SPLINE_CURVE ( 3, ( #5749, #2616, #4822, #776 ),
 .UNSPECIFIED., .F., .T. ) 
 B_SPLINE_CURVE_WITH_KNOTS ( ( 4, 4 ),
 ( 4.712388980384689674, 6.311188318149950405 ),
 .UNSPECIFIED. ) 
 CURVE ( )  GEOMETRIC_REPRESENTATION_ITEM ( )  RATIONAL_B_SPLINE_CURVE ( ( 1.000000000000000000, 0.7980914899728281942, 0.7980914899728281942, 1.000000000000000000 ) ) 
 REPRESENTATION_ITEM ( '' )  );
#1679 = CARTESIAN_POINT ( 'NONE',  ( 31.59365422377451793, 37.53212241632804336, -73.10238273687124888 ) ) ;
#1680 = AXIS2_PLACEMENT_3D ( 'NONE', #3099, #4074, #823 ) ;
#1681 = EDGE_CURVE ( 'NONE', #2813, #1241, #488, .T. ) ;
#1682 = DIRECTION ( 'NONE',  ( -1.000000000000000000, 0.000000000000000000, 0.000000000000000000 ) ) ;
#1683 = CARTESIAN_POINT ( 'NONE',  ( -35.39999999999999858, 57.80467725562549930, -83.74164817027970287 ) ) ;
#1684 = CARTESIAN_POINT ( 'NONE',  ( -54.38972251378078937, 37.67880033729968403, -83.21719341324389063 ) ) ;
#1685 = ORIENTED_EDGE ( 'NONE', *, *, #1597, .T. ) ;
#1686 = CARTESIAN_POINT ( 'NONE',  ( -2.220446049250309925E-15, -14.59532146526820107, -95.99165398941610761 ) ) ;
#1687 = LINE ( 'NONE', #1093, #2753 ) ;
#1688 = VERTEX_POINT ( 'NONE', #1082 ) ;
#1689 = AXIS2_PLACEMENT_3D ( 'NONE', #3518, #454, #4401 ) ;
#1690 = CARTESIAN_POINT ( 'NONE',  ( -26.80000000000000071, -1.695322744374510249, -62.49164817027980234 ) ) ;
#1691 = CARTESIAN_POINT ( 'NONE',  ( 32.73930248546761135, 37.63978006102465201, -83.12132160503934131 ) ) ;
#1692 = CARTESIAN_POINT ( 'NONE',  ( -48.14628300979931907, 73.18983936527391165, -73.16131926815774023 ) ) ;
#1693 = CARTESIAN_POINT ( 'NONE',  ( 14.44999999999999929, 41.39970958719539595, -78.01686403958160554 ) ) ;
#1694 = VERTEX_POINT ( 'NONE', #5584 ) ;
#1695 = VERTEX_POINT ( 'NONE', #1173 ) ;
#1696 = CARTESIAN_POINT ( 'NONE',  ( 55.96522684417761440, 43.02189789676477005, -76.14983403401690509 ) ) ;
#1697 = CARTESIAN_POINT ( 'NONE',  ( -55.89469730260997693, 43.21453905313894950, -76.34519646271962756 ) ) ;
#1698 = CARTESIAN_POINT ( 'NONE',  ( -35.39999999999999858, 37.79453242228328946, -71.74164817027970287 ) ) ;
#1699 = CARTESIAN_POINT ( 'NONE',  ( 29.92224727255554839, 40.14110855531296806, -80.19209263614398253 ) ) ;
#1700 = FACE_OUTER_BOUND ( 'NONE', #4381, .T. ) ;
#1701 = ORIENTED_EDGE ( 'NONE', *, *, #1079, .T. ) ;
#1702 = LINE ( 'NONE', #1373, #2024 ) ;
#1703 = ORIENTED_EDGE ( 'NONE', *, *, #5667, .F. ) ;
#1704 = DIRECTION ( 'NONE',  ( -1.000000000000000000, -2.220446049250309876E-16, 1.001483571081361987E-31 ) ) ;
#1705 = EDGE_CURVE ( 'NONE', #3202, #1390, #308, .T. ) ;
#1706 = CARTESIAN_POINT ( 'NONE',  ( -40.20799271637760341, 82.05010894872040694, -81.75884203854559473 ) ) ;
#1707 = CARTESIAN_POINT ( 'NONE',  ( -14.44999999999999929, 16.80467777166009569, -69.49165161844199190 ) ) ;
#1708 = CARTESIAN_POINT ( 'NONE',  ( -2.220446049250309925E-15, 30.34970958719670264, -78.01686629702470555 ) ) ;
#1709 = LINE ( 'NONE', #2510, #2010 ) ;
#1710 = DIRECTION ( 'NONE',  ( 0.2588962926196889947, -2.220446049250309876E-16, -0.9659051245685469356 ) ) ;
#1711 = ORIENTED_EDGE ( 'NONE', *, *, #914, .T. ) ;
#1712 = FACE_OUTER_BOUND ( 'NONE', #880, .T. ) ;
#1713 = CARTESIAN_POINT ( 'NONE',  ( 41.27771748179389277, 43.64002067978636745, -78.94682322888984061 ) ) ;
#1714 = VERTEX_POINT ( 'NONE', #2065 ) ;
#1715 = FACE_OUTER_BOUND ( 'NONE', #5111, .T. ) ;
#1716 = CARTESIAN_POINT ( 'NONE',  ( 31.20024518275038261, 36.81807232329205704, -82.02675846412613225 ) ) ;
#1717 = CARTESIAN_POINT ( 'NONE',  ( -53.74879020752817382, 64.13007612253157674, -67.21744427097483765 ) ) ;
#1718 = LINE ( 'NONE', #5324, #4973 ) ;
#1719 = VERTEX_POINT ( 'NONE', #2891 ) ;
#1720 = ORIENTED_EDGE ( 'NONE', *, *, #4008, .T. ) ;
#1721 = CARTESIAN_POINT ( 'NONE',  ( 29.65495569407400822, 30.81069643684835313, -76.00854640464356748 ) ) ;
#1722 = CARTESIAN_POINT ( 'NONE',  ( -56.29916064989252789, 40.52784754517078625, -75.61791087948982693 ) ) ;
#1723 = EDGE_LOOP ( 'NONE', ( #3434, #4471, #2709, #4011 ) ) ;
#1724 = DIRECTION ( 'NONE',  ( -1.387778780781443703E-16, -1.387778780781443703E-16, -1.000000000000000000 ) ) ;
#1725 = DIRECTION ( 'NONE',  ( 0.000000000000000000, 1.000000000000000000, -2.775557561562890365E-16 ) ) ;
#1726 = CARTESIAN_POINT ( 'NONE',  ( -54.93728143282280030, 41.32967853473189734, -80.49165398941610761 ) ) ;
#1727 = EDGE_CURVE ( 'NONE', #4633, #1374, #2005, .T. ) ;
#1728 = CARTESIAN_POINT ( 'NONE',  ( 41.31784716273691060, 27.10796614914049130, -76.74252815618382328 ) ) ;
#1729 = ORIENTED_EDGE ( 'NONE', *, *, #3344, .T. ) ;
#1730 = CARTESIAN_POINT ( 'NONE',  ( 41.34115313413762749, 31.52963396567808729, -76.88949898701828545 ) ) ;
#1731 = VERTEX_POINT ( 'NONE', #3777 ) ;
#1732 = AXIS2_PLACEMENT_3D ( 'NONE', #2096, #5256, #2157 ) ;
#1733 = CARTESIAN_POINT ( 'NONE',  ( -40.81989952876846672, 40.40712449453848620, -80.31555269800833230 ) ) ;
#1734 = EDGE_CURVE ( 'NONE', #1390, #4873, #4247, .T. ) ;
#1735 = CARTESIAN_POINT ( 'NONE',  ( -53.72490850809332130, 37.10315793919874494, -85.75319079370798647 ) ) ;
#1736 = AXIS2_PLACEMENT_3D ( 'NONE', #1608, #723, #3412 ) ;
#1737 = EDGE_CURVE ( 'NONE', #3594, #5832, #862, .T. ) ;
#1738 = CARTESIAN_POINT ( 'NONE',  ( -57.65778427246742410, 37.62382142309760980, -71.03306725469951743 ) ) ;
#1739 = ADVANCED_FACE ( 'NONE', ( #216 ), #2980, .F. ) ;
#1740 = DIRECTION ( 'NONE',  ( -1.000000000000000000, 0.000000000000000000, 0.000000000000000000 ) ) ;
#1741 = CARTESIAN_POINT ( 'NONE',  ( -40.85808017371171985, 42.43699307834702239, -80.23357906261767880 ) ) ;
#1742 = CARTESIAN_POINT ( 'NONE',  ( -54.80000075632510459, 36.43475511029782865, -81.78074917437406555 ) ) ;
#1743 = CIRCLE ( 'NONE', #5422, 1.000000000000000888 ) ;
#1744 = CARTESIAN_POINT ( 'NONE',  ( 40.99460983613237630, 39.71901056862297708, -79.91556917535410776 ) ) ;
#1745 = CARTESIAN_POINT ( 'NONE',  ( -29.53443554787012459, 27.28856685260162607, -76.47113092139505852 ) ) ;
#1746 = ORIENTED_EDGE ( 'NONE', *, *, #3746, .T. ) ;
#1747 = CARTESIAN_POINT ( 'NONE',  ( 32.22769948589439082, 33.10188362950132301, -82.83436980996576438 ) ) ;
#1748 = CARTESIAN_POINT ( 'NONE',  ( -60.64615862044229999, 35.37467691290309801, -59.99169410092059707 ) ) ;
#1749 = CARTESIAN_POINT ( 'NONE',  ( 35.94062975738199839, 32.81481693835737445, -71.74173347404349954 ) ) ;
#1750 = ORIENTED_EDGE ( 'NONE', *, *, #3137, .F. ) ;
#1751 = EDGE_CURVE ( 'NONE', #1823, #715, #2511, .T. ) ;
#1752 = EDGE_LOOP ( 'NONE', ( #783, #3054, #5523, #3789 ) ) ;
#1753 = CARTESIAN_POINT ( 'NONE',  ( 56.25045991169182003, 41.66165008205879872, -75.51285661286880213 ) ) ;
#1754 = CARTESIAN_POINT ( 'NONE',  ( -56.28327033379002131, 41.28949821129981501, -75.49189589780453957 ) ) ;
#1755 = ORIENTED_EDGE ( 'NONE', *, *, #3536, .T. ) ;
#1756 = CARTESIAN_POINT ( 'NONE',  ( -36.58016766192733371, 37.80298751599057994, -71.84739746517044523 ) ) ;
#1757 = CARTESIAN_POINT ( 'NONE',  ( -32.19152727211908882, 37.70335352435113663, -72.67147261826481497 ) ) ;
#1758 = LINE ( 'NONE', #1847, #4948 ) ;
#1759 = CARTESIAN_POINT ( 'NONE',  ( -38.51746096883508841, 37.52534812244675777, -82.86819167478958548 ) ) ;
#1760 = VECTOR ( 'NONE', #873, 1000.000000000000000 ) ;
#1761 = CARTESIAN_POINT ( 'NONE',  ( -14.44999999999999929, 35.37470845847450818, -71.99186516830378935 ) ) ;
#1762 = VERTEX_POINT ( 'NONE', #734 ) ;
#1763 = CARTESIAN_POINT ( 'NONE',  ( -49.00000000000000000, 12.80467725562550108, -67.49164817027978813 ) ) ;
#1764 = EDGE_LOOP ( 'NONE', ( #319, #831, #4042, #1991 ) ) ;
#1765 = CARTESIAN_POINT ( 'NONE',  ( -17.39999999999999858, 35.30467853473189876, -84.01665398941599960 ) ) ;
#1766 = CARTESIAN_POINT ( 'NONE',  ( -54.17235968341639563, 37.80467584223960387, -84.01664612674845500 ) ) ;
#1767 = EDGE_CURVE ( 'NONE', #4059, #1045, #1033, .T. ) ;
#1768 = B_SPLINE_CURVE_WITH_KNOTS ( 'NONE', 3,
 ( #3743, #3357, #4654, #1047, #670, #4684, #922, #2855, #1971, #4055, #1837, #5546, #1386, #2419, #3191, #3162, #2723, #5164, #5408, #4524, #615, #4214, #183, #944, #4082, #642, #3801 ),
 .UNSPECIFIED., .F., .F.,
 ( 4, 2, 2, 1, 1, 1, 2, 2, 2, 2, 1, 1, 2, 2, 2, 4 ),
 ( 0.000000000000000000, 0.1250000000000623945, 0.1875000000000878742, 0.2187500000001014744, 0.2343750000001139921, 0.2421875000001210143, 0.2460937500001256772, 0.2500000000001303402, 0.3750000000001779688, 0.4375000000002017830, 0.4687500000002083334, 0.4843750000002097766, 0.4921875000002105538, 0.5000000000002112754, 0.7500000000001056932, 1.000000000000000000 ),
 .UNSPECIFIED. ) ;
#1769 = CARTESIAN_POINT ( 'NONE',  ( -58.08504015693098665, 35.98698058377352282, -69.53976424568067216 ) ) ;
#1770 = CARTESIAN_POINT ( 'NONE',  ( 29.97952781214049267, 42.25458565106018227, -80.31431472220495493 ) ) ;
#1771 = CARTESIAN_POINT ( 'NONE',  ( -37.02057990731944415, 32.80333201308123847, -71.96568901562552867 ) ) ;
#1772 = B_SPLINE_CURVE_WITH_KNOTS ( 'NONE', 3,
 ( #933, #473, #64, #1824, #1852, #5790, #3624, #4984, #1733, #3542, #4454, #5123, #3652, #176, #2383, #957, #1457, #2326, #119, #3287, #4150, #4124, #636, #2790, #1430, #1936, #205, #3678, #5452, #1403, #5507, #580, #5038, #3231, #2876, #4566 ),
 .UNSPECIFIED., .F., .F.,
 ( 4, 2, 2, 2, 2, 2, 2, 2, 2, 2, 2, 2, 2, 2, 2, 2, 2, 4 ),
 ( 0.000000000000000000, 0.06250000000000704992, 0.09375000000000965894, 0.1093750000000097283, 0.1250000000000097977, 0.1875000000000093814, 0.2187500000000080491, 0.2500000000000067168, 0.3125000000000058287, 0.3750000000000049405, 0.5000000000000026645, 0.5625000000000041078, 0.6250000000000056621, 0.7500000000000077716, 0.8125000000000067724, 0.8437500000000052180, 0.8750000000000036637, 1.000000000000000000 ),
 .UNSPECIFIED. ) ;
#1773 = CARTESIAN_POINT ( 'NONE',  ( -24.80000000000000071, -1.695322744374510249, -59.99164897494249971 ) ) ;
#1774 = AXIS2_PLACEMENT_3D ( 'NONE', #4274, #3926, #4746 ) ;
#1775 = CARTESIAN_POINT ( 'NONE',  ( 41.37360381051897207, 38.84637295088684539, -78.32357440551251671 ) ) ;
#1776 = FACE_BOUND ( 'NONE', #4358, .T. ) ;
#1777 = VERTEX_POINT ( 'NONE', #4689 ) ;
#1778 = CARTESIAN_POINT ( 'NONE',  ( 31.25095303311558581, 36.88114035810499303, -82.07603574219986342 ) ) ;
#1779 = CARTESIAN_POINT ( 'NONE',  ( -54.47621212434900428, 62.64375662419466551, -66.45203102372366288 ) ) ;
#1780 = ADVANCED_FACE ( 'NONE', ( #4662 ), #674, .F. ) ;
#1781 = ORIENTED_EDGE ( 'NONE', *, *, #1656, .F. ) ;
#1782 = VECTOR ( 'NONE', #552, 1000.000000000000114 ) ;
#1783 = ORIENTED_EDGE ( 'NONE', *, *, #3290, .F. ) ;
#1784 = EDGE_CURVE ( 'NONE', #980, #2468, #3242, .T. ) ;
#1785 = CARTESIAN_POINT ( 'NONE',  ( 29.49544762294028288, 31.64455664351587671, -78.81840801899856785 ) ) ;
#1786 = CARTESIAN_POINT ( 'NONE',  ( -55.85676717404611225, 43.30648668303957294, -76.45235160295733579 ) ) ;
#1787 = EDGE_LOOP ( 'NONE', ( #2267, #3048, #4508, #3722 ) ) ;
#1788 = CARTESIAN_POINT ( 'NONE',  ( 46.39999999999999858, 41.32967853473189734, -80.49165398941610761 ) ) ;
#1789 = DIRECTION ( 'NONE',  ( -1.000000000000000000, 0.000000000000000000, 0.000000000000000000 ) ) ;
#1790 = PLANE ( 'NONE',  #5705 ) ;
#1791 = EDGE_CURVE ( 'NONE', #5490, #1777, #2200, .T. ) ;
#1792 = CARTESIAN_POINT ( 'NONE',  ( -40.06370749100069162, 35.59423756390141591, -81.51654319646284819 ) ) ;
#1793 = DIRECTION ( 'NONE',  ( -0.7936318296778841486, -0.5506007817051780107, 0.2588190451025210725 ) ) ;
#1794 = ORIENTED_EDGE ( 'NONE', *, *, #3573, .T. ) ;
#1795 = CARTESIAN_POINT ( 'NONE',  ( 41.31779466635374121, 31.45120870944226255, -76.74226500618385671 ) ) ;
#1796 = EDGE_LOOP ( 'NONE', ( #3405, #3111 ) ) ;
#1797 = CARTESIAN_POINT ( 'NONE',  ( -54.88953291012656166, 33.87807191984963140, -81.47571373197604316 ) ) ;
#1798 = CARTESIAN_POINT ( 'NONE',  ( 46.39999999999999858, 29.27967853473190019, -77.99165398941609340 ) ) ;
#1799 = CARTESIAN_POINT ( 'NONE',  ( -2.220446049250309925E-15, 30.34970958719670264, -78.01686629702470555 ) ) ;
#1800 = CARTESIAN_POINT ( 'NONE',  ( -24.80000000000000071, -6.695322744374519353, -59.99164897494249971 ) ) ;
#1801 = ADVANCED_FACE ( 'NONE', ( #3393 ), #2603, .F. ) ;
#1802 = CARTESIAN_POINT ( 'NONE',  ( -40.96215121927469482, 41.32967853473189734, -75.49165398941609340 ) ) ;
#1803 = CIRCLE ( 'NONE', #2081, 1.000000000000000888 ) ;
#1804 = DIRECTION ( 'NONE',  ( 0.000000000000000000, -0.9309532560805583445, 0.3651383778692761095 ) ) ;
#1805 = CARTESIAN_POINT ( 'NONE',  ( 41.12559513455498461, 39.89117133593804709, -75.94045941222091756 ) ) ;
#1806 = EDGE_CURVE ( 'NONE', #5835, #5180, #888, .T. ) ;
#1807 = CARTESIAN_POINT ( 'NONE',  ( -29.71280250012146240, 28.01800141869738781, -75.82726480926501722 ) ) ;
#1808 = ORIENTED_EDGE ( 'NONE', *, *, #448, .T. ) ;
#1809 = CARTESIAN_POINT ( 'NONE',  ( -24.80000000000000071, -6.695322744374519353, -55.19165030598870203 ) ) ;
#1810 = CARTESIAN_POINT ( 'NONE',  ( -59.04339278813505132, 49.51504193637523343, -61.66775637838436097 ) ) ;
#1811 = EDGE_LOOP ( 'NONE', ( #1643, #2667, #3394, #3305 ) ) ;
#1812 = VECTOR ( 'NONE', #2467, 1000.000000000000000 ) ;
#1813 = EDGE_CURVE ( 'NONE', #4149, #2149, #854, .T. ) ;
#1814 = CARTESIAN_POINT ( 'NONE',  ( -2.220446049250309925E-15, 8.374677255625490702, -95.99164817027978813 ) ) ;
#1815 = CARTESIAN_POINT ( 'NONE',  ( -56.28046941112685175, 41.32968056030117054, -75.49174518997607208 ) ) ;
#1816 = PLANE ( 'NONE',  #207 ) ;
#1817 = CARTESIAN_POINT ( 'NONE',  ( -30.58546151776929634, 36.51194049483405735, -74.16043826029496699 ) ) ;
#1818 = DIRECTION ( 'NONE',  ( -1.000000000000000000, 2.220446049250309876E-16, -6.317050217590119366E-32 ) ) ;
#1819 = CARTESIAN_POINT ( 'NONE',  ( 41.34083553524195054, 27.03082130846985365, -76.88699807389083674 ) ) ;
#1820 = ORIENTED_EDGE ( 'NONE', *, *, #3267, .F. ) ;
#1821 = ORIENTED_EDGE ( 'NONE', *, *, #2257, .F. ) ;
#1822 = LINE ( 'NONE', #3540, #1072 ) ;
#1823 = VERTEX_POINT ( 'NONE', #1236 ) ;
#1824 = CARTESIAN_POINT ( 'NONE',  ( -40.76500710849778386, 40.76208556573870112, -80.42809859830960306 ) ) ;
#1825 = CARTESIAN_POINT ( 'NONE',  ( -54.05505329654035052, 37.76639770223925296, -84.45957632504196511 ) ) ;
#1826 = DIRECTION ( 'NONE',  ( 0.000000000000000000, 1.000000000000000000, 0.000000000000000000 ) ) ;
#1827 = CARTESIAN_POINT ( 'NONE',  ( 29.54998128345152963, 43.58350488485721286, -79.07387522625580800 ) ) ;
#1828 = AXIS2_PLACEMENT_3D ( 'NONE', #4651, #2358, #4681 ) ;
#1829 = CARTESIAN_POINT ( 'NONE',  ( -41.24209582890552639, 43.56767822117160449, -79.11777324412557277 ) ) ;
#1830 = CARTESIAN_POINT ( 'NONE',  ( -56.50497724946350075, -10.69532274437450070, -59.99164897494249971 ) ) ;
#1831 = AXIS2_PLACEMENT_3D ( 'NONE', #3861, #5666, #3478 ) ;
#1832 = CARTESIAN_POINT ( 'NONE',  ( 29.68854257942338393, 39.96100806551822870, -75.89799291719677399 ) ) ;
#1833 = CARTESIAN_POINT ( 'NONE',  ( 41.24990227702202361, 39.39377194287087036, -76.40913448328869606 ) ) ;
#1834 = B_SPLINE_CURVE_WITH_KNOTS ( 'NONE', 3,
 ( #4226, #195, #712, #1982, #5145, #2518, #4314, #284, #4027, #2696, #5803, #5293, #1692, #5834, #2136, #3998, #4910, #3609, #4849, #1717, #802, #20, #863, #1779, #1245, #2255, #4497, #3582, #3491, #1304, #4879, #2165, #3051, #2197, #4434, #2611, #834, #4940, #2637, #1810, #402, #4406, #1748 ),
 .UNSPECIFIED., .F., .F.,
 ( 4, 2, 2, 1, 1, 1, 1, 1, 2, 2, 2, 2, 1, 1, 1, 1, 1, 1, 2, 2, 2, 2, 1, 1, 1, 1, 2, 2, 4 ),
 ( 0.000000000000000000, 0.1250000000000816847, 0.1875000000001229572, 0.2187500000001434408, 0.2343750000001539602, 0.2421875000001591227, 0.2460937500001620093, 0.2480468750001632305, 0.2490234375001637857, 0.2500000000001643685, 0.3750000000001932343, 0.4375000000002077782, 0.4687500000002146616, 0.4843750000002177702, 0.4921875000002192690, 0.4960937500002204348, 0.4980468750002208234, 0.4990234375002212119, 0.4995117187502212674, 0.5000000000002213785, 0.6250000000001609823, 0.6875000000001308953, 0.7187500000001159073, 0.7343750000001085798, 0.7421875000001049161, 0.7460937500001031397, 0.7480468750001023626, 0.7500000000001015854, 1.000000000000000000 ),
 .UNSPECIFIED. ) ;
#1835 = CIRCLE ( 'NONE', #336, 10.00000000000000178 ) ;
#1836 = DIRECTION ( 'NONE',  ( 1.000000000000000000, 0.000000000000000000, 0.000000000000000000 ) ) ;
#1837 = CARTESIAN_POINT ( 'NONE',  ( -57.16128390680301408, 37.62998788393093008, -72.88477840293185750 ) ) ;
#1838 = DIRECTION ( 'NONE',  ( 0.2588962926196889947, 2.220446049250309876E-16, 0.9659051245685469356 ) ) ;
#1839 = VERTEX_POINT ( 'NONE', #3516 ) ;
#1840 = EDGE_CURVE ( 'NONE', #238, #2914, #4542, .T. ) ;
#1841 = ADVANCED_FACE ( 'NONE', ( #1297 ), #395, .F. ) ;
#1842 = ORIENTED_EDGE ( 'NONE', *, *, #5049, .T. ) ;
#1843 = CARTESIAN_POINT ( 'NONE',  ( 38.74742112173495201, 33.15618984579231920, -82.72851734370730981 ) ) ;
#1844 = CARTESIAN_POINT ( 'NONE',  ( -36.08069980620422257, 32.82266092945353364, -83.70932475800384509 ) ) ;
#1845 = CARTESIAN_POINT ( 'NONE',  ( 40.34804042458954854, 74.56547987462430171, -74.27454490500805662 ) ) ;
#1846 = CARTESIAN_POINT ( 'NONE',  ( 17.89999999999999858, 39.02609336588880495, -68.70733260749760518 ) ) ;
#1847 = CARTESIAN_POINT ( 'NONE',  ( 46.39999999999999858, 41.32967853473189734, -75.49165398941609340 ) ) ;
#1848 = DIRECTION ( 'NONE',  ( -1.000000000000000000, 0.000000000000000000, 0.000000000000000000 ) ) ;
#1849 = VERTEX_POINT ( 'NONE', #5829 ) ;
#1850 = CARTESIAN_POINT ( 'NONE',  ( -35.12677975881584302, 32.81482464718049386, -71.74164817027970287 ) ) ;
#1851 = ORIENTED_EDGE ( 'NONE', *, *, #3641, .T. ) ;
#1852 = CARTESIAN_POINT ( 'NONE',  ( -40.77496485973568241, 40.68272440480878060, -80.40819383916044671 ) ) ;
#1853 = DIRECTION ( 'NONE',  ( -1.000000000000000000, -6.414635304220839591E-49, -3.081487911019354991E-33 ) ) ;
#1854 = CIRCLE ( 'NONE', #72, 10.00000000000000178 ) ;
#1855 = DIRECTION ( 'NONE',  ( 1.000000000000000000, 0.000000000000000000, 0.000000000000000000 ) ) ;
#1856 = CARTESIAN_POINT ( 'NONE',  ( 29.42074369848754500, 43.71535063921393061, -77.24308938793305401 ) ) ;
#1857 = CARTESIAN_POINT ( 'NONE',  ( -36.88490452481451598, 32.80179186765268184, -71.92819640111811452 ) ) ;
#1858 = AXIS2_PLACEMENT_3D ( 'NONE', #669, #5640, #2565 ) ;
#1859 = DIRECTION ( 'NONE',  ( 0.000000000000000000, 1.000000000000000000, -2.775557561562890365E-16 ) ) ;
#1860 = LINE ( 'NONE', #3659, #1986 ) ;
#1861 = EDGE_CURVE ( 'NONE', #1102, #538, #2918, .T. ) ;
#1862 = CARTESIAN_POINT ( 'NONE',  ( 41.20837399968601034, 39.54850098100792621, -76.23738883028902080 ) ) ;
#1863 = CARTESIAN_POINT ( 'NONE',  ( -29.71051773845203670, 27.40254174370137008, -79.65066978470386516 ) ) ;
#1864 = CARTESIAN_POINT ( 'NONE',  ( 55.34023220521179098, 39.29513732937334680, -79.44589955205796628 ) ) ;
#1865 = ORIENTED_EDGE ( 'NONE', *, *, #282, .T. ) ;
#1866 = EDGE_CURVE ( 'NONE', #1124, #154, #1506, .T. ) ;
#1867 = ORIENTED_EDGE ( 'NONE', *, *, #5512, .F. ) ;
#1868 = EDGE_CURVE ( 'NONE', #4642, #924, #4301, .T. ) ;
#1869 = CARTESIAN_POINT ( 'NONE',  ( 38.32054824687634920, 33.02765421899579223, -82.98353777150326493 ) ) ;
#1870 = CARTESIAN_POINT ( 'NONE',  ( -37.03373882963148134, 32.85328133399029582, -83.51494212202992173 ) ) ;
#1871 = CARTESIAN_POINT ( 'NONE',  ( -46.39999999999999858, 41.32967853473189734, -75.49165398941609340 ) ) ;
#1872 = CARTESIAN_POINT ( 'NONE',  ( 45.00014026170869386, 85.37477422276410266, -59.99164897494249971 ) ) ;
#1873 = CARTESIAN_POINT ( 'NONE',  ( 29.53443554787012459, 27.28856685260162607, -76.47113092139505852 ) ) ;
#1874 = CARTESIAN_POINT ( 'NONE',  ( 41.19646873261906705, 43.06504013931758124, -76.19196034572823351 ) ) ;
#1875 = ORIENTED_EDGE ( 'NONE', *, *, #3308, .F. ) ;
#1876 = CARTESIAN_POINT ( 'NONE',  ( -17.89999999999999858, 35.30467853473189876, -59.99164897494249971 ) ) ;
#1877 = EDGE_LOOP ( 'NONE', ( #1673, #2925 ) ) ;
#1878 = AXIS2_PLACEMENT_3D ( 'NONE', #3681, #984, #2793 ) ;
#1879 = DIRECTION ( 'NONE',  ( 1.000000000000000000, 0.000000000000000000, 0.000000000000000000 ) ) ;
#1880 = LINE ( 'NONE', #1966, #3330 ) ;
#1881 = CYLINDRICAL_SURFACE ( 'NONE', #1878, 1.000000000000001332 ) ;
#1882 = CARTESIAN_POINT ( 'NONE',  ( 29.72894350752365611, 42.49498096314462714, -75.77896143026188724 ) ) ;
#1883 = CARTESIAN_POINT ( 'NONE',  ( 30.06732074893710305, 41.32967853473189734, -80.49165398941610761 ) ) ;
#1884 = CARTESIAN_POINT ( 'NONE',  ( 56.49295688560511053, 29.27967853473190374, -75.49165398941609340 ) ) ;
#1885 = VECTOR ( 'NONE', #4201, 1000.000000000000000 ) ;
#1886 = CARTESIAN_POINT ( 'NONE',  ( -56.50497724946350075, -10.69532274437450070, -59.99164897494249971 ) ) ;
#1887 = CARTESIAN_POINT ( 'NONE',  ( -40.73267925106284082, 29.11228644470949689, -80.49165398941609340 ) ) ;
#1888 = CARTESIAN_POINT ( 'NONE',  ( -49.00000000000000000, 12.80467725562550108, -87.99164817027980234 ) ) ;
#1889 = CARTESIAN_POINT ( 'NONE',  ( 55.57259109256464313, 38.91104145559377514, -78.64428347855401569 ) ) ;
#1890 = VERTEX_POINT ( 'NONE', #4991 ) ;
#1891 = CARTESIAN_POINT ( 'NONE',  ( -39.67588887329925029, 36.71382036091299739, -81.95092543067640634 ) ) ;
#1892 =( GEOMETRIC_REPRESENTATION_CONTEXT ( 3 ) GLOBAL_UNCERTAINTY_ASSIGNED_CONTEXT ( ( #3034 ) ) GLOBAL_UNIT_ASSIGNED_CONTEXT ( ( #161, #510, #4162 ) ) REPRESENTATION_CONTEXT ( 'NONE', 'WORKASPACE' ) );
#1893 = EDGE_LOOP ( 'NONE', ( #785, #1333, #4714, #326, #995, #4295, #2778, #2077, #4121, #4222 ) ) ;
#1894 = CARTESIAN_POINT ( 'NONE',  ( 38.95499555692806837, 33.24921534853054794, -82.58133684279398778 ) ) ;
#1895 = CARTESIAN_POINT ( 'NONE',  ( 14.44999999999999929, 41.32982198470239865, -77.99277173434509791 ) ) ;
#1896 = DIRECTION ( 'NONE',  ( 0.000000000000000000, 0.000000000000000000, 1.000000000000000000 ) ) ;
#1897 = DIRECTION ( 'NONE',  ( 0.000000000000000000, 0.000000000000000000, 1.000000000000000000 ) ) ;
#1898 = DIRECTION ( 'NONE',  ( 1.387778780781443703E-16, 1.387778780781441731E-16, 1.000000000000000000 ) ) ;
#1899 = CARTESIAN_POINT ( 'NONE',  ( 40.96215121927471614, 41.48335627390112279, -75.49165398941610761 ) ) ;
#1900 = ORIENTED_EDGE ( 'NONE', *, *, #983, .F. ) ;
#1901 = CARTESIAN_POINT ( 'NONE',  ( -14.40000000000000036, 35.37470958719599423, -78.01686516830319817 ) ) ;
#1902 = ORIENTED_EDGE ( 'NONE', *, *, #5615, .T. ) ;
#1903 = DIRECTION ( 'NONE',  ( 0.000000000000000000, -3.469446951953611231E-16, -1.000000000000000000 ) ) ;
#1904 = DIRECTION ( 'NONE',  ( 0.000000000000000000, -0.9453952838176464812, 0.3259259997842329226 ) ) ;
#1905 = EDGE_CURVE ( 'NONE', #4642, #4606, #1860, .T. ) ;
#1906 = DIRECTION ( 'NONE',  ( -2.220446049250309876E-16, 0.000000000000000000, 1.000000000000000000 ) ) ;
#1907 = CARTESIAN_POINT ( 'NONE',  ( 29.49319543664751819, 43.69909310807899061, -78.80758789319392577 ) ) ;
#1908 = ADVANCED_FACE ( 'NONE', ( #919 ), #5074, .F. ) ;
#1909 = CARTESIAN_POINT ( 'NONE',  ( -40.34804042458954854, 74.56547987462430171, -74.27454490500805662 ) ) ;
#1910 = ORIENTED_EDGE ( 'NONE', *, *, #1032, .T. ) ;
#1911 = CARTESIAN_POINT ( 'NONE',  ( -29.75536090733232797, 80.33910984934998112, -79.80709741723755712 ) ) ;
#1912 = CARTESIAN_POINT ( 'NONE',  ( -44.00000000000000000, 12.80467725562550108, -87.99164817027970287 ) ) ;
#1913 = ADVANCED_FACE ( 'NONE', ( #964 ), #4050, .F. ) ;
#1914 = EDGE_CURVE ( 'NONE', #1551, #4918, #2305, .T. ) ;
#1915 = VECTOR ( 'NONE', #807, 1000.000000000000000 ) ;
#1916 = FACE_BOUND ( 'NONE', #797, .T. ) ;
#1917 = CARTESIAN_POINT ( 'NONE',  ( 46.39999999999999858, 29.27967853473190019, -77.99165398941609340 ) ) ;
#1918 = FACE_OUTER_BOUND ( 'NONE', #5674, .T. ) ;
#1919 = ORIENTED_EDGE ( 'NONE', *, *, #316, .T. ) ;
#1920 = AXIS2_PLACEMENT_3D ( 'NONE', #2117, #2880, #1194 ) ;
#1921 = VECTOR ( 'NONE', #2917, 1000.000000000000000 ) ;
#1922 = CARTESIAN_POINT ( 'NONE',  ( -38.52232577590673657, 37.52381374010138870, -82.86523110484992571 ) ) ;
#1923 = ORIENTED_EDGE ( 'NONE', *, *, #3268, .F. ) ;
#1924 = CARTESIAN_POINT ( 'NONE',  ( 37.94114094586589658, 32.94851310074201933, -83.17896316607891549 ) ) ;
#1925 = CARTESIAN_POINT ( 'NONE',  ( -35.39999999999999858, 32.81985021079449893, -83.74164817027968866 ) ) ;
#1926 = CARTESIAN_POINT ( 'NONE',  ( 36.59255822555898874, 71.47921218846236968, -71.85676732980770964 ) ) ;
#1927 = CARTESIAN_POINT ( 'NONE',  ( -24.80000000000000071, 0.3046772556254850328, -62.49164817027969576 ) ) ;
#1928 = CARTESIAN_POINT ( 'NONE',  ( -33.17191430183716250, 37.70809043932867866, -83.31911115137032198 ) ) ;
#1929 = VECTOR ( 'NONE', #5536, 1000.000000000000114 ) ;
#1930 = ADVANCED_FACE ( 'NONE', ( #532 ), #1438, .T. ) ;
#1931 =( BOUNDED_CURVE ( )  B_SPLINE_CURVE ( 3, ( #4523, #3190, #3995, #4081 ),
 .UNSPECIFIED., .F., .F. ) 
 B_SPLINE_CURVE_WITH_KNOTS ( ( 4, 4 ),
 ( 4.712388980384689674, 6.311188318149950405 ),
 .UNSPECIFIED. ) 
 CURVE ( )  GEOMETRIC_REPRESENTATION_ITEM ( )  RATIONAL_B_SPLINE_CURVE ( ( 1.000000000000000000, 0.7980914899728281942, 0.7980914899728281942, 1.000000000000000000 ) ) 
 REPRESENTATION_ITEM ( '' )  );
#1932 = CARTESIAN_POINT ( 'NONE',  ( -28.25248862473170064, -10.69532274437450070, -76.49164857261109773 ) ) ;
#1933 = EDGE_LOOP ( 'NONE', ( #3946, #5396, #2970, #2805, #486, #3610 ) ) ;
#1934 = CARTESIAN_POINT ( 'NONE',  ( -33.77945824983692802, 32.80313561835378522, -71.96567835473565822 ) ) ;
#1935 = ORIENTED_EDGE ( 'NONE', *, *, #448, .F. ) ;
#1936 = CARTESIAN_POINT ( 'NONE',  ( -41.32310000443386144, 39.14277836977368707, -76.73549944013868185 ) ) ;
#1937 = CARTESIAN_POINT ( 'NONE',  ( 37.50000000000000000, 12.80467725562550108, -77.74164817027980234 ) ) ;
#1938 = CARTESIAN_POINT ( 'NONE',  ( -17.39999999999999858, 29.27967853473190019, -77.99165398941609340 ) ) ;
#1939 = ADVANCED_FACE ( 'NONE', ( #453 ), #70, .F. ) ;
#1940 = CARTESIAN_POINT ( 'NONE',  ( -36.59854060750969040, 83.55831342233949499, -83.62552168877435577 ) ) ;
#1941 = VERTEX_POINT ( 'NONE', #5046 ) ;
#1942 = CARTESIAN_POINT ( 'NONE',  ( -31.43671288543380982, 73.26702909409392817, -73.22099029682188132 ) ) ;
#1943 = CARTESIAN_POINT ( 'NONE',  ( -0.8000000000000000444, -1.695322744374510249, -55.19165030598870203 ) ) ;
#1944 = CARTESIAN_POINT ( 'NONE',  ( 29.97023345800987570, 40.35688188086864159, -80.29462574764490057 ) ) ;
#1945 = EDGE_CURVE ( 'NONE', #1374, #1278, #4380, .T. ) ;
#1946 = CARTESIAN_POINT ( 'NONE',  ( 33.19474627047747362, 32.81165273438578822, -72.15870893870398106 ) ) ;
#1947 = AXIS2_PLACEMENT_3D ( 'NONE', #1099, #2558, #292 ) ;
#1948 = CARTESIAN_POINT ( 'NONE',  ( 56.50497724946350075, -10.69532274437450070, -59.99164897494249971 ) ) ;
#1949 = ORIENTED_EDGE ( 'NONE', *, *, #88, .F. ) ;
#1950 = B_SPLINE_CURVE_WITH_KNOTS ( 'NONE', 3,
 ( #604, #1850, #4617, #2815, #1068, #578, #979, #2381, #147, #955, #1934 ),
 .UNSPECIFIED., .F., .F.,
 ( 4, 2, 2, 1, 2, 4 ),
 ( 0.000000000000000000, 0.06329631140901231801, 0.09494446711351869905, 0.1107685449657729859, 0.1186805838919001432, 0.1265926228180272728 ),
 .UNSPECIFIED. ) ;
#1951 = CARTESIAN_POINT ( 'NONE',  ( -39.64261313612354343, 36.76085104471207643, -81.98435527465709072 ) ) ;
#1952 = EDGE_LOOP ( 'NONE', ( #4034, #4795, #3302, #209 ) ) ;
#1953 = EDGE_CURVE ( 'NONE', #4604, #1127, #2334, .T. ) ;
#1954 = CARTESIAN_POINT ( 'NONE',  ( 39.86434719290866013, 36.37282378023028429, -81.75262943804435167 ) ) ;
#1955 = CARTESIAN_POINT ( 'NONE',  ( -33.77228927287560367, 37.80467853473189876, -71.96665398942489844 ) ) ;
#1956 = DIRECTION ( 'NONE',  ( -1.000000000000000000, 0.000000000000000000, 0.000000000000000000 ) ) ;
#1957 = DIRECTION ( 'NONE',  ( 0.000000000000000000, 1.000000000000000000, -2.775557561562890365E-16 ) ) ;
#1958 = CARTESIAN_POINT ( 'NONE',  ( -32.32589504922209755, 37.53868590648581716, -82.89433702890714528 ) ) ;
#1959 = CIRCLE ( 'NONE', #3750, 6.000000000000005329 ) ;
#1960 = DIRECTION ( 'NONE',  ( 0.000000000000000000, -2.775557561562890365E-16, -1.000000000000000000 ) ) ;
#1961 = ORIENTED_EDGE ( 'NONE', *, *, #282, .F. ) ;
#1962 = ORIENTED_EDGE ( 'NONE', *, *, #822, .F. ) ;
#1963 = CARTESIAN_POINT ( 'NONE',  ( -56.50497624142299458, -13.69532146526809946, -59.99165273579760083 ) ) ;
#1964 = ORIENTED_EDGE ( 'NONE', *, *, #2777, .F. ) ;
#1965 = LINE ( 'NONE', #4207, #5468 ) ;
#1966 = CARTESIAN_POINT ( 'NONE',  ( -46.39999999999999858, 32.80467853473189166, -71.96665398941610192 ) ) ;
#1967 = CARTESIAN_POINT ( 'NONE',  ( 29.39887442788211303, 43.83065593805900306, -77.85044322710260190 ) ) ;
#1968 = FACE_BOUND ( 'NONE', #5746, .T. ) ;
#1969 = ORIENTED_EDGE ( 'NONE', *, *, #2900, .F. ) ;
#1970 = CARTESIAN_POINT ( 'NONE',  ( -29.83784878072522417, 29.60930437286760863, -75.49165398941610761 ) ) ;
#1971 = CARTESIAN_POINT ( 'NONE',  ( -57.16609792899510012, 37.63729471824985495, -72.86610673958637108 ) ) ;
#1972 = LINE ( 'NONE', #3774, #2591 ) ;
#1973 = CARTESIAN_POINT ( 'NONE',  ( 31.35899808726668425, 33.19398817007392211, -73.30647228722919806 ) ) ;
#1974 = CYLINDRICAL_SURFACE ( 'NONE', #1994, 2.500000000000002220 ) ;
#1975 = CARTESIAN_POINT ( 'NONE',  ( 17.39999999999999858, 29.34970958719670264, -78.01686629702470555 ) ) ;
#1976 = ORIENTED_EDGE ( 'NONE', *, *, #5540, .T. ) ;
#1977 = EDGE_CURVE ( 'NONE', #145, #4643, #4517, .T. ) ;
#1978 = CARTESIAN_POINT ( 'NONE',  ( -37.17322070181106142, 37.74690720074490002, -83.47387726500362248 ) ) ;
#1979 = ORIENTED_EDGE ( 'NONE', *, *, #4080, .T. ) ;
#1980 = CARTESIAN_POINT ( 'NONE',  ( 38.29660070770938063, 37.59442894043690586, -83.00215363290702442 ) ) ;
#1981 = CARTESIAN_POINT ( 'NONE',  ( -29.39852502117814126, 43.83077734639732626, -77.84170276329925287 ) ) ;
#1982 = CARTESIAN_POINT ( 'NONE',  ( -45.15628144263025945, 76.93954694139489447, -76.36963335275989095 ) ) ;
#1983 = CARTESIAN_POINT ( 'NONE',  ( -39.10295122669285206, 33.03079529794934643, -73.01513908537135933 ) ) ;
#1984 = CARTESIAN_POINT ( 'NONE',  ( 30.06732074893721673, 29.11239047371202560, -80.49165398941612182 ) ) ;
#1985 = EDGE_CURVE ( 'NONE', #5056, #3963, #1972, .T. ) ;
#1986 = VECTOR ( 'NONE', #3716, 1000.000000000000000 ) ;
#1987 = CARTESIAN_POINT ( 'NONE',  ( 41.38713595182736071, 43.82860743523714575, -78.16354203689840574 ) ) ;
#1988 = ORIENTED_EDGE ( 'NONE', *, *, #485, .F. ) ;
#1989 = DIRECTION ( 'NONE',  ( -4.332577657073780046E-16, 2.775557561562890365E-16, 1.000000000000000000 ) ) ;
#1990 = CARTESIAN_POINT ( 'NONE',  ( -55.56066056370112705, 38.92657112249903406, -78.68742165332399452 ) ) ;
#1991 = ORIENTED_EDGE ( 'NONE', *, *, #2881, .F. ) ;
#1992 = CARTESIAN_POINT ( 'NONE',  ( -14.44999999999999929, 34.35942670088475381, -71.64184573456086014 ) ) ;
#1993 = CARTESIAN_POINT ( 'NONE',  ( -35.39999999999999858, 8.374677255625490702, -77.74164817027980234 ) ) ;
#1994 = AXIS2_PLACEMENT_3D ( 'NONE', #1917, #131, #1525 ) ;
#1995 = DIRECTION ( 'NONE',  ( 0.000000000000000000, 0.000000000000000000, 1.000000000000000000 ) ) ;
#1996 = CARTESIAN_POINT ( 'NONE',  ( 40.96800570669377350, 27.75465614744751264, -79.97925061509016587 ) ) ;
#1997 = ORIENTED_EDGE ( 'NONE', *, *, #5371, .F. ) ;
#1998 = FACE_OUTER_BOUND ( 'NONE', #5210, .T. ) ;
#1999 = EDGE_LOOP ( 'NONE', ( #4733, #3675, #2701, #3294 ) ) ;
#2000 = CARTESIAN_POINT ( 'NONE',  ( -29.42783943487878773, 77.67301145358285908, -77.07374970497923528 ) ) ;
#2001 = CARTESIAN_POINT ( 'NONE',  ( -24.80000000000000071, -1.695322744374510249, -59.99164897494249971 ) ) ;
#2002 = CARTESIAN_POINT ( 'NONE',  ( -41.14504430592599249, 27.74866063261544014, -76.00854640464356748 ) ) ;
#2003 = FACE_BOUND ( 'NONE', #3847, .T. ) ;
#2004 = CARTESIAN_POINT ( 'NONE',  ( 35.39999999999998437, 37.79453242228328946, -71.74164817027970287 ) ) ;
#2005 = LINE ( 'NONE', #5672, #3600 ) ;
#2006 = ORIENTED_EDGE ( 'NONE', *, *, #4187, .T. ) ;
#2007 = B_SPLINE_CURVE_WITH_KNOTS ( 'NONE', 3,
 ( #3679, #2877, #4678, #4236, #1431, #3794, #3232, #5635, #3470, #4768, #1221, #5753, #4355, #1129, #2998, #1670, #2079, #3410, #4827, #3351, #4385, #4324, #2473, #4265, #355, #4708, #233, #5661, #5155, #5272, #323, #5212, #2112, #4797, #2907, #1605 ),
 .UNSPECIFIED., .F., .F.,
 ( 4, 2, 2, 2, 2, 2, 2, 2, 2, 2, 2, 2, 2, 2, 2, 2, 2, 4 ),
 ( 0.02349639468052627106, 0.02496625653833410563, 0.02570118746723801598, 0.02643611839614192979, 0.02790598025394975396, 0.02864091118285366777, 0.02937584211175758159, 0.03084570396956538146, 0.03231556582737318134, 0.03378542768518098122, 0.03525528954298878109, 0.03672515140079658097, 0.03819501325860438085, 0.04113473697422001529, 0.04260459883202780129, 0.04407446068983559423, 0.04554432254764338717, 0.04701418440545117317 ),
 .UNSPECIFIED. ) ;
#2008 = DIRECTION ( 'NONE',  ( 0.000000000000000000, -1.000000000000000000, 1.443289932012700150E-15 ) ) ;
#2009 = ORIENTED_EDGE ( 'NONE', *, *, #4763, .F. ) ;
#2010 = VECTOR ( 'NONE', #4305, 1000.000000000000000 ) ;
#2011 = CARTESIAN_POINT ( 'NONE',  ( 40.02558408100334475, 34.73778111741550134, -81.56699765813092995 ) ) ;
#2012 = ADVANCED_FACE ( 'NONE', ( #2886 ), #1193, .F. ) ;
#2013 = CARTESIAN_POINT ( 'NONE',  ( -29.42069591334157863, 43.82731127422165684, -78.34062564173127896 ) ) ;
#2014 = LINE ( 'NONE', #682, #5479 ) ;
#2015 = CARTESIAN_POINT ( 'NONE',  ( -39.42456185570263472, 33.18406506072844309, -73.29153906773544236 ) ) ;
#2016 = CARTESIAN_POINT ( 'NONE',  ( -30.88156741929934768, 34.36945051496784487, -81.68968083178127415 ) ) ;
#2017 = CARTESIAN_POINT ( 'NONE',  ( 40.82824624240662104, 42.29482502689984358, -80.29784606090714760 ) ) ;
#2018 = VERTEX_POINT ( 'NONE', #324 ) ;
#2019 = CARTESIAN_POINT ( 'NONE',  ( 30.06732074893720608, 29.44707062475431769, -80.49165398941612182 ) ) ;
#2020 = CARTESIAN_POINT ( 'NONE',  ( -55.74490104444803507, 38.82940620934783027, -78.01439896394578000 ) ) ;
#2021 = ORIENTED_EDGE ( 'NONE', *, *, #735, .F. ) ;
#2022 = DIRECTION ( 'NONE',  ( -1.000000000000000000, 0.000000000000000000, 0.000000000000000000 ) ) ;
#2023 = CARTESIAN_POINT ( 'NONE',  ( -32.84798765883238758, 32.81468088115467197, -72.29421923809705675 ) ) ;
#2024 = VECTOR ( 'NONE', #4928, 1000.000000000000000 ) ;
#2025 = CARTESIAN_POINT ( 'NONE',  ( -51.00000000000000000, 35.37467691289879923, -95.99164817027978813 ) ) ;
#2026 = ORIENTED_EDGE ( 'NONE', *, *, #2201, .T. ) ;
#2027 = CARTESIAN_POINT ( 'NONE',  ( 54.47697408614303782, 62.64253967283506341, -66.45188507779094778 ) ) ;
#2028 = ORIENTED_EDGE ( 'NONE', *, *, #5442, .T. ) ;
#2029 = DIRECTION ( 'NONE',  ( 0.000000000000000000, 1.000000000000000000, 0.000000000000000000 ) ) ;
#2030 = DIRECTION ( 'NONE',  ( 0.000000000000000000, -1.000000000000000000, 0.000000000000000000 ) ) ;
#2031 = CARTESIAN_POINT ( 'NONE',  ( 30.39448529290202572, 34.81709104521326026, -74.42938537278593003 ) ) ;
#2032 = CARTESIAN_POINT ( 'NONE',  ( -57.43747778892490174, 32.80467853473189166, -71.96665398941610192 ) ) ;
#2033 = CYLINDRICAL_SURFACE ( 'NONE', #5030, 2.500000000000002220 ) ;
#2034 = DIRECTION ( 'NONE',  ( -1.000000000000000000, 6.317050217590119366E-32, 2.220446049250309876E-16 ) ) ;
#2035 = ORIENTED_EDGE ( 'NONE', *, *, #3212, .T. ) ;
#2036 = AXIS2_PLACEMENT_3D ( 'NONE', #5593, #3340, #1091 ) ;
#2037 = FACE_OUTER_BOUND ( 'NONE', #1764, .T. ) ;
#2038 = ADVANCED_FACE ( 'NONE', ( #3917, #904 ), #1790, .F. ) ;
#2039 = ORIENTED_EDGE ( 'NONE', *, *, #2222, .T. ) ;
#2040 = CARTESIAN_POINT ( 'NONE',  ( 35.95291062842477459, 37.78949700951044832, -83.74155917773113345 ) ) ;
#2041 = CARTESIAN_POINT ( 'NONE',  ( -40.99471753834858845, 29.93573151199646531, -75.57361489330138227 ) ) ;
#2042 = CARTESIAN_POINT ( 'NONE',  ( -56.50497724946350075, -10.69532274437450070, -59.99164897494249971 ) ) ;
#2043 = CARTESIAN_POINT ( 'NONE',  ( -39.50143938766305496, 37.38114168035362184, -73.36127211107425694 ) ) ;
#2044 = ADVANCED_FACE ( 'NONE', ( #29, #4007 ), #2675, .F. ) ;
#2045 = CARTESIAN_POINT ( 'NONE',  ( -31.35998611647744383, 36.99940771138376050, -82.17795884805096307 ) ) ;
#2046 = ADVANCED_FACE ( 'NONE', ( #2733 ), #3562, .F. ) ;
#2047 = ORIENTED_EDGE ( 'NONE', *, *, #5756, .T. ) ;
#2048 = CARTESIAN_POINT ( 'NONE',  ( 40.31665535688848223, 34.38300164200679632, -74.30230905313727874 ) ) ;
#2049 = CARTESIAN_POINT ( 'NONE',  ( -55.21733976777072428, 39.64522877493329389, -79.84055069391199311 ) ) ;
#2050 = EDGE_LOOP ( 'NONE', ( #2981, #1255 ) ) ;
#2051 = FACE_OUTER_BOUND ( 'NONE', #248, .T. ) ;
#2052 = CARTESIAN_POINT ( 'NONE',  ( -30.39176102200504204, 35.76025551916139733, -74.43650152393254871 ) ) ;
#2053 = EDGE_CURVE ( 'NONE', #145, #3166, #1758, .T. ) ;
#2054 = DIRECTION ( 'NONE',  ( 1.000000000000000000, 0.000000000000000000, 0.000000000000000000 ) ) ;
#2055 = CARTESIAN_POINT ( 'NONE',  ( 40.89217317712756739, 28.02386996914636441, -80.15941284932453925 ) ) ;
#2056 = ORIENTED_EDGE ( 'NONE', *, *, #4979, .T. ) ;
#2057 = DIRECTION ( 'NONE',  ( 1.000000000000000000, 0.000000000000000000, 0.000000000000000000 ) ) ;
#2058 = ORIENTED_EDGE ( 'NONE', *, *, #5724, .T. ) ;
#2059 = CARTESIAN_POINT ( 'NONE',  ( 57.48840675815556267, 37.80467853114318189, -71.64630209506540837 ) ) ;
#2060 = FACE_OUTER_BOUND ( 'NONE', #5023, .T. ) ;
#2061 = CIRCLE ( 'NONE', #1209, 6.000000000000005329 ) ;
#2062 = CARTESIAN_POINT ( 'NONE',  ( -41.34083553524195054, 27.03082130846985365, -76.88699807389083674 ) ) ;
#2063 = PLANE ( 'NONE',  #93 ) ;
#2064 = FACE_OUTER_BOUND ( 'NONE', #1470, .T. ) ;
#2065 = CARTESIAN_POINT ( 'NONE',  ( -17.39999999999999858, 41.03908083792619976, -78.94957348265620567 ) ) ;
#2066 = VERTEX_POINT ( 'NONE', #842 ) ;
#2067 = CARTESIAN_POINT ( 'NONE',  ( 14.44999999999999929, 36.37471071591760108, -84.04186516830250753 ) ) ;
#2068 = ORIENTED_EDGE ( 'NONE', *, *, #1215, .T. ) ;
#2069 = DIRECTION ( 'NONE',  ( -1.000000000000000000, 1.001483571081361987E-31, 2.220446049250309876E-16 ) ) ;
#2070 = CARTESIAN_POINT ( 'NONE',  ( -41.38946285561641503, 31.70181156194393068, -77.35086255282811862 ) ) ;
#2071 = CARTESIAN_POINT ( 'NONE',  ( 41.32130682053276161, 79.36713611013327352, -78.77055738813332653 ) ) ;
#2072 = CARTESIAN_POINT ( 'NONE',  ( -39.55617472321493011, 33.26511202447989746, -73.41385709983741492 ) ) ;
#2073 = CARTESIAN_POINT ( 'NONE',  ( -33.04888125969019086, 32.92045138200865040, -83.26345543465541255 ) ) ;
#2074 = EDGE_LOOP ( 'NONE', ( #4665, #4841, #4154, #4001, #2486, #256, #5659, #5449 ) ) ;
#2075 = CARTESIAN_POINT ( 'NONE',  ( 39.11262470994824270, 33.04116048138378403, -73.02817240267691545 ) ) ;
#2076 = CARTESIAN_POINT ( 'NONE',  ( -55.68230830594190195, 38.84259585527560432, -78.24598989219181533 ) ) ;
#2077 = ORIENTED_EDGE ( 'NONE', *, *, #3098, .T. ) ;
#2078 = CARTESIAN_POINT ( 'NONE',  ( 54.87830037168379960, 35.37467691289869975, -81.51763413614280296 ) ) ;
#2079 = CARTESIAN_POINT ( 'NONE',  ( 29.75536090733232797, 80.33910984934998112, -79.80709741723755712 ) ) ;
#2080 = CARTESIAN_POINT ( 'NONE',  ( 29.52578206068031008, 39.02641763992760815, -78.96376556575629024 ) ) ;
#2081 = AXIS2_PLACEMENT_3D ( 'NONE', #2472, #3469, #3350 ) ;
#2082 = B_SPLINE_CURVE_WITH_KNOTS ( 'NONE', 3,
 ( #5560, #1504, #3310, #518, #1059, #3671, #5115, #2868, #83, #4118, #5470, #1423, #3223, #5028, #2043, #5175, #4255, #5205, #1595, #653, #3845, #3815, #5236, #2932, #5714, #1660, #4227, #743, #2959, #1534, #5653, #2898, #683, #3875, #4731, #224, #713, #2072, #2492, #3402, #1150, #2015, #773, #1983, #253, #4759, #5623, #1568, #3463, #5146, #3430, #3371, #4347, #4286, #2519, #4315 ),
 .UNSPECIFIED., .F., .F.,
 ( 4, 2, 1, 2, 2, 1, 1, 2, 2, 2, 2, 2, 1, 2, 2, 2, 1, 2, 2, 2, 2, 2, 2, 2, 2, 2, 1, 2, 2, 2, 4 ),
 ( 0.000000000000000000, 0.1091995126937323202, 0.1228494517804484959, 0.1245556941662872702, 0.1262619365521260306, 0.1296744213238051058, 0.1364993908671633949, 0.1637992690405952467, 0.2183990253874598941, 0.2456989035608935501, 0.2491113883325719314, 0.2525238731042502849, 0.2593488426476063258, 0.2729987817343157430, 0.3275985380811561876, 0.3821982944279966876, 0.4367980507748371322, 0.4913978071216775767, 0.5459975634685180212, 0.6005973198153584658, 0.6278971979887797428, 0.6415471370754914915, 0.6483721066188459226, 0.6551970761622003536, 0.7097968325090366903, 0.7370967106824565240, 0.7439216802258127315, 0.7473341649974905021, 0.7507466497691683838, 0.7643965888558824640, 0.8735961015495929960 ),
 .UNSPECIFIED. ) ;
#2083 = FACE_BOUND ( 'NONE', #5778, .T. ) ;
#2084 = ORIENTED_EDGE ( 'NONE', *, *, #3854, .F. ) ;
#2085 = UNCERTAINTY_MEASURE_WITH_UNIT (LENGTH_MEASURE( 1.000000000000000082E-05 ), #3291, 'distance_accuracy_value', 'NONE');
#2086 = DIRECTION ( 'NONE',  ( 0.000000000000000000, -2.775557561562890365E-16, -1.000000000000000000 ) ) ;
#2087 = VERTEX_POINT ( 'NONE', #1313 ) ;
#2088 = AXIS2_PLACEMENT_3D ( 'NONE', #2311, #5409, #3192 ) ;
#2089 = DIRECTION ( 'NONE',  ( 0.000000000000000000, 0.000000000000000000, 1.000000000000000000 ) ) ;
#2090 = LINE ( 'NONE', #3892, #3532 ) ;
#2091 = EDGE_CURVE ( 'NONE', #818, #3741, #1368, .T. ) ;
#2092 =( BOUNDED_CURVE ( )  B_SPLINE_CURVE ( 3, ( #40, #3904, #3210, #3937 ),
 .UNSPECIFIED., .F., .T. ) 
 B_SPLINE_CURVE_WITH_KNOTS ( ( 4, 4 ),
 ( 3.113589642619429831, 4.712388980384689674 ),
 .UNSPECIFIED. ) 
 CURVE ( )  GEOMETRIC_REPRESENTATION_ITEM ( )  RATIONAL_B_SPLINE_CURVE ( ( 1.000000000000000000, 0.7980914899728284162, 0.7980914899728284162, 1.000000000000000000 ) ) 
 REPRESENTATION_ITEM ( '' )  );
#2093 = ADVANCED_FACE ( 'NONE', ( #466, #5447 ), #4952, .T. ) ;
#2094 = CARTESIAN_POINT ( 'NONE',  ( -57.61893504562905832, 37.67971504938940086, -71.17020511845787212 ) ) ;
#2095 = FACE_OUTER_BOUND ( 'NONE', #5597, .T. ) ;
#2096 = CARTESIAN_POINT ( 'NONE',  ( -49.00000000000000000, 12.80467725562550108, -67.49164817027978813 ) ) ;
#2097 = CARTESIAN_POINT ( 'NONE',  ( -54.18935356890509780, 37.80393232314924745, -83.95327401769266373 ) ) ;
#2098 = ORIENTED_EDGE ( 'NONE', *, *, #745, .F. ) ;
#2099 = EDGE_CURVE ( 'NONE', #846, #602, #2332, .T. ) ;
#2100 = CARTESIAN_POINT ( 'NONE',  ( -37.04834621523687588, 37.75517970432714776, -83.51078851199643793 ) ) ;
#2101 = ORIENTED_EDGE ( 'NONE', *, *, #5806, .F. ) ;
#2102 = CARTESIAN_POINT ( 'NONE',  ( 17.89999999999999858, 45.37470958719600134, -92.99165398941609340 ) ) ;
#2103 = CARTESIAN_POINT ( 'NONE',  ( -29.73950558689877255, 42.44294171458470544, -75.75155982090818441 ) ) ;
#2104 = CARTESIAN_POINT ( 'NONE',  ( 35.39999999999999858, 71.32196075073871100, -71.74164817027970287 ) ) ;
#2105 = PLANE ( 'NONE',  #5060 ) ;
#2106 = CARTESIAN_POINT ( 'NONE',  ( -33.94519454855860374, 32.84233596006681211, -83.56574012986180833 ) ) ;
#2107 = CIRCLE ( 'NONE', #4842, 1.000000000000000888 ) ;
#2108 = ORIENTED_EDGE ( 'NONE', *, *, #753, .T. ) ;
#2109 = CARTESIAN_POINT ( 'NONE',  ( 39.75089234982663555, 33.36735971834561809, -73.58498252831157060 ) ) ;
#2110 = CARTESIAN_POINT ( 'NONE',  ( -29.79333153225986663, 39.68517379589721372, -79.88191076260618217 ) ) ;
#2111 = FACE_BOUND ( 'NONE', #2985, .T. ) ;
#2112 = CARTESIAN_POINT ( 'NONE',  ( 33.53593495221391407, 71.70005508768207392, -72.01961042020531067 ) ) ;
#2113 = CARTESIAN_POINT ( 'NONE',  ( 29.47546256710988999, 39.13382551227152817, -76.79438894967195495 ) ) ;
#2114 = EDGE_CURVE ( 'NONE', #17, #3079, #3172, .T. ) ;
#2115 = AXIS2_PLACEMENT_3D ( 'NONE', #4039, #815, #2677 ) ;
#2116 = AXIS2_PLACEMENT_3D ( 'NONE', #3060, #2621, #4476 ) ;
#2117 = CARTESIAN_POINT ( 'NONE',  ( -35.39999999999999858, 57.80467725562549930, -77.74164817027970287 ) ) ;
#2118 = ORIENTED_EDGE ( 'NONE', *, *, #1784, .T. ) ;
#2119 = DIRECTION ( 'NONE',  ( 0.000000000000000000, -2.731847993664265684E-16, -1.000000000000000000 ) ) ;
#2120 = ORIENTED_EDGE ( 'NONE', *, *, #2547, .F. ) ;
#2121 = CARTESIAN_POINT ( 'NONE',  ( 57.95057136695916711, 36.88574275728262108, -70.00276954560031584 ) ) ;
#2122 = CARTESIAN_POINT ( 'NONE',  ( -49.00000000000000000, 12.80467725562550108, -87.99164817027980234 ) ) ;
#2123 = B_SPLINE_CURVE_WITH_KNOTS ( 'NONE', 3,
 ( #1395, #3224, #5086, #84, #4639, #4144, #198, #1505, #3199, #3699, #1873, #4228, #544, #5029, #5531, #3787, #1424, #5003, #951, #3253, #4170, #2436, #5561, #5062, #1004, #3281, #4199, #3311, #599, #5499, #1984, #3672 ),
 .UNSPECIFIED., .F., .F.,
 ( 4, 2, 2, 2, 2, 2, 2, 2, 2, 2, 2, 2, 2, 2, 2, 4 ),
 ( 0.007910716086245913117, 0.008404828575062474674, 0.008898941063879034497, 0.009393053552695596053, 0.009887166041512155876, 0.01038127853032871743, 0.01087539101914527725, 0.01136950350796183881, 0.01186361599677840037, 0.01285184097441152001, 0.01334595346322810239, 0.01384006595204468129, 0.01433417844086126366, 0.01482829092967784430, 0.01532240341849442494, 0.01581651590731100732 ),
 .UNSPECIFIED. ) ;
#2124 = AXIS2_PLACEMENT_3D ( 'NONE', #547, #3316, #3256 ) ;
#2125 = CARTESIAN_POINT ( 'NONE',  ( 44.00000000000000000, 12.80467725562550108, -87.99164817027970287 ) ) ;
#2126 = EDGE_CURVE ( 'NONE', #2892, #1205, #2647, .T. ) ;
#2127 = FACE_OUTER_BOUND ( 'NONE', #3840, .T. ) ;
#2128 = FACE_OUTER_BOUND ( 'NONE', #1527, .T. ) ;
#2129 = CARTESIAN_POINT ( 'NONE',  ( -54.62474575870656679, 37.20598448378331824, -82.38743832418845159 ) ) ;
#2130 = ORIENTED_EDGE ( 'NONE', *, *, #4223, .T. ) ;
#2131 = CARTESIAN_POINT ( 'NONE',  ( 40.82332725848407051, 40.38984168865518853, -80.30827571749244953 ) ) ;
#2132 = CARTESIAN_POINT ( 'NONE',  ( 40.82851846083178060, 42.29619179427486841, -80.29726982314453210 ) ) ;
#2133 = EDGE_LOOP ( 'NONE', ( #1969, #4182, #1867, #2556 ) ) ;
#2134 = LINE ( 'NONE', #5458, #4115 ) ;
#2135 = CARTESIAN_POINT ( 'NONE',  ( 32.08707200484950306, 33.15160588167975675, -82.74492939280828807 ) ) ;
#2136 = CARTESIAN_POINT ( 'NONE',  ( -49.42340911154850147, 71.46167245951298241, -71.79606291242014038 ) ) ;
#2137 = CARTESIAN_POINT ( 'NONE',  ( 53.53907966857590139, 35.37467691289869975, -86.51567384268929572 ) ) ;
#2138 = CARTESIAN_POINT ( 'NONE',  ( -35.39999999999999858, 32.81985021079449893, -83.74164817027968866 ) ) ;
#2139 = VECTOR ( 'NONE', #5143, 1000.000000000000000 ) ;
#2140 = ADVANCED_FACE ( 'NONE', ( #5333 ), #1284, .T. ) ;
#2141 = ORIENTED_EDGE ( 'NONE', *, *, #2779, .T. ) ;
#2142 = CARTESIAN_POINT ( 'NONE',  ( 29.39860358459955592, 31.78080919676777683, -77.84454925007621284 ) ) ;
#2143 = CARTESIAN_POINT ( 'NONE',  ( -56.30215444161068206, 40.68639966837694288, -75.57031470052685052 ) ) ;
#2144 = ORIENTED_EDGE ( 'NONE', *, *, #1433, .F. ) ;
#2145 = DIRECTION ( 'NONE',  ( 0.7071067811865471286, -0.7071067811865480168, 0.000000000000000000 ) ) ;
#2146 = CARTESIAN_POINT ( 'NONE',  ( -31.36444194343736314, 33.19041628400823640, -73.30156602486701445 ) ) ;
#2147 = CARTESIAN_POINT ( 'NONE',  ( 29.48819175207999521, 38.95246430739462795, -78.76665646400896037 ) ) ;
#2148 = CARTESIAN_POINT ( 'NONE',  ( 41.40139641540044124, 26.77854787269602710, -77.84454925007617021 ) ) ;
#2149 = VERTEX_POINT ( 'NONE', #2207 ) ;
#2150 = CARTESIAN_POINT ( 'NONE',  ( 54.51966444292366276, 62.55261415765075839, -66.40696888247410357 ) ) ;
#2151 = ORIENTED_EDGE ( 'NONE', *, *, #3165, .F. ) ;
#2152 = DIRECTION ( 'NONE',  ( -1.000000000000000000, 0.000000000000000000, 0.000000000000000000 ) ) ;
#2153 = DIRECTION ( 'NONE',  ( -1.000000000000000000, 0.000000000000000000, 0.000000000000000000 ) ) ;
#2154 = CARTESIAN_POINT ( 'NONE',  ( -57.88763075499195310, 37.09496174227646748, -70.22165999315694762 ) ) ;
#2155 = VECTOR ( 'NONE', #1141, 1000.000000000000000 ) ;
#2156 = CARTESIAN_POINT ( 'NONE',  ( 29.97664140574923763, 42.26968408392325216, -80.30820726825581346 ) ) ;
#2157 = DIRECTION ( 'NONE',  ( 9.860761315262649757E-32, 1.000000000000000000, 0.000000000000000000 ) ) ;
#2158 = CARTESIAN_POINT ( 'NONE',  ( -54.72071148083701075, 36.85637901045302556, -82.05462396921046775 ) ) ;
#2159 = ORIENTED_EDGE ( 'NONE', *, *, #4513, .F. ) ;
#2160 = CARTESIAN_POINT ( 'NONE',  ( 37.75470765593048128, 84.28187957954598630, -84.53371688224315506 ) ) ;
#2161 = CARTESIAN_POINT ( 'NONE',  ( 53.66871859171350678, 36.88620544063743267, -85.98019513031799477 ) ) ;
#2162 = ORIENTED_EDGE ( 'NONE', *, *, #4878, .F. ) ;
#2163 = CARTESIAN_POINT ( 'NONE',  ( -37.50000000000000000, 12.80467725562550108, -77.74164817027980234 ) ) ;
#2164 = CARTESIAN_POINT ( 'NONE',  ( 31.04016858749315233, 36.60867413276120175, -81.86924008111456885 ) ) ;
#2165 = CARTESIAN_POINT ( 'NONE',  ( -57.88466815255110731, 53.89402861774265574, -62.87795872603807368 ) ) ;
#2166 = CARTESIAN_POINT ( 'NONE',  ( 17.39999999999999858, 41.32967853473189734, -75.49165398941609340 ) ) ;
#2167 = ORIENTED_EDGE ( 'NONE', *, *, #3419, .F. ) ;
#2168 = B_SPLINE_CURVE_WITH_KNOTS ( 'NONE', 3,
 ( #1955, #4582, #516, #5526, #80, #2288 ),
 .UNSPECIFIED., .F., .F.,
 ( 4, 2, 4 ),
 ( 0.000000000000000000, 0.2500000000000000000, 0.5000000000000000000 ),
 .UNSPECIFIED. ) ;
#2169 = EDGE_CURVE ( 'NONE', #4633, #2595, #2123, .T. ) ;
#2170 = ORIENTED_EDGE ( 'NONE', *, *, #5012, .T. ) ;
#2171 = CARTESIAN_POINT ( 'NONE',  ( 29.41043318503142601, 31.70224648608494533, -77.35260539442992922 ) ) ;
#2172 = AXIS2_PLACEMENT_3D ( 'NONE', #1761, #30, #5364 ) ;
#2173 = CARTESIAN_POINT ( 'NONE',  ( -55.76330729069015746, 43.49170704606788718, -76.73284671789146216 ) ) ;
#2174 = VERTEX_POINT ( 'NONE', #2759 ) ;
#2175 = DIRECTION ( 'NONE',  ( 0.000000000000000000, -2.775557561562890365E-16, -1.000000000000000000 ) ) ;
#2176 = CARTESIAN_POINT ( 'NONE',  ( -32.39744421810640773, 37.73651550129756771, -72.54675296198809065 ) ) ;
#2177 = CARTESIAN_POINT ( 'NONE',  ( -54.90571624784197979, 41.98068550427634449, -80.42709453652882701 ) ) ;
#2178 = EDGE_CURVE ( 'NONE', #2259, #3079, #425, .T. ) ;
#2179 = AXIS2_PLACEMENT_3D ( 'NONE', #149, #5538, #4646 ) ;
#2180 = B_SPLINE_CURVE_WITH_KNOTS ( 'NONE', 3,
 ( #3283, #1899, #1005, #2760, #495, #5503, #3201, #976, #5063, #2812, #4535, #2378, #3730, #2292, #5087, #4094, #3646, #5004, #4120, #953, #4562, #1874, #3674, #5473, #4230, #2606, #4671, #768, #4845, #397, #5179, #830, #199, #2438, #3074, #2871, #631, #4875, #5118, #2634, #3818, #1987, #5627, #1065, #4431, #3788, #5739, #5596, #3374, #1713, #1570, #3760, #3015, #5562, #5319, #1207, #4812, #5289, #2575, #3519, #4373, #4402, #1539, #3345, #342, #5148, #2132, #2017, #3934, #3487, #3313 ),
 .UNSPECIFIED., .F., .F.,
 ( 4, 2, 2, 1, 1, 1, 1, 2, 2, 2, 2, 2, 1, 1, 2, 2, 2, 2, 2, 1, 1, 2, 2, 2, 2, 2, 2, 1, 1, 1, 2, 2, 2, 2, 2, 2, 2, 1, 1, 2, 2, 4 ),
 ( 0.000000000000000000, 0.06249999999984284793, 0.09374999999976486864, 0.1093749999997239569, 0.1171874999997025019, 0.1210937499996908862, 0.1230468749996859873, 0.1240234374996844607, 0.1249999999996829342, 0.1874999999997416511, 0.2187499999997710165, 0.2343749999997867817, 0.2421874999997957745, 0.2460937499997983280, 0.2480468749997996047, 0.2499999999998008815, 0.3124999999998300249, 0.3437499999998443467, 0.3593749999998515632, 0.3671874999998551714, 0.3710937499998571698, 0.3730468749998548383, 0.3749999999998525624, 0.4374999999997957190, 0.4999999999997388755, 0.5624999999996819211, 0.5937499999996507238, 0.6093749999996370681, 0.6171874999996305178, 0.6210937499996296296, 0.6230468749996269651, 0.6249999999996243005, 0.6874999999996808109, 0.7499999999997374323, 0.8124999999997939426, 0.8437499999998220312, 0.8593749999998363531, 0.8671874999998433475, 0.8710937499998482325, 0.8730468749998511191, 0.8749999999998540057, 1.000000000000000000 ),
 .UNSPECIFIED. ) ;
#2181 = CARTESIAN_POINT ( 'NONE',  ( 41.17561820750115231, 27.62359625668033658, -76.11179153258621000 ) ) ;
#2182 = ORIENTED_EDGE ( 'NONE', *, *, #3268, .T. ) ;
#2183 = PLANE ( 'NONE',  #609 ) ;
#2184 = VERTEX_POINT ( 'NONE', #170 ) ;
#2185 = FACE_OUTER_BOUND ( 'NONE', #623, .T. ) ;
#2186 = CARTESIAN_POINT ( 'NONE',  ( -53.91178142935729056, 37.59869006864032315, -85.01078415006054456 ) ) ;
#2187 = AXIS2_PLACEMENT_3D ( 'NONE', #3980, #4474, #3533 ) ;
#2188 = CARTESIAN_POINT ( 'NONE',  ( 14.44999999999999929, 16.80467853473189876, -92.99165398941609340 ) ) ;
#2189 = VECTOR ( 'NONE', #1180, 1000.000000000000000 ) ;
#2190 = DIRECTION ( 'NONE',  ( -1.000000000000000000, 0.000000000000000000, 0.000000000000000000 ) ) ;
#2191 = CARTESIAN_POINT ( 'NONE',  ( -35.88870226045874290, 71.34279159772724199, -71.75684098682846468 ) ) ;
#2192 = CARTESIAN_POINT ( 'NONE',  ( -54.46625436900804118, 37.56436609604012489, -82.94557983227797138 ) ) ;
#2193 = CARTESIAN_POINT ( 'NONE',  ( 40.82660447887248978, 40.37290850450575164, -80.30132994058482154 ) ) ;
#2194 = DIRECTION ( 'NONE',  ( -0.9659258262890682012, -5.551115123125780853E-17, -0.2588190451025211281 ) ) ;
#2195 = EDGE_LOOP ( 'NONE', ( #2478, #2848, #1165, #3808 ) ) ;
#2196 = CARTESIAN_POINT ( 'NONE',  ( 31.12761056085690115, 33.89068557943370763, -81.95453148342927818 ) ) ;
#2197 = CARTESIAN_POINT ( 'NONE',  ( -58.58197385339153840, 51.41437754625623313, -62.14964766855714373 ) ) ;
#2198 = CARTESIAN_POINT ( 'NONE',  ( -17.39999999999999858, 37.80467853473189876, -84.01665398941599960 ) ) ;
#2199 = ORIENTED_EDGE ( 'NONE', *, *, #1132, .T. ) ;
#2200 = B_SPLINE_CURVE_WITH_KNOTS ( 'NONE', 3,
 ( #1111, #4306, #1526, #247, #5108, #306, #1051, #3837, #2861, #1587, #4218, #188 ),
 .UNSPECIFIED., .F., .F.,
 ( 4, 2, 2, 2, 2, 4 ),
 ( 0.000000000000000000, 0.1249999999999992506, 0.2499999999999985012, 0.4999999999999990008, 0.7499999999999994449, 1.000000000000000000 ),
 .UNSPECIFIED. ) ;
#2201 = EDGE_CURVE ( 'NONE', #2256, #746, #5570, .T. ) ;
#2202 = EDGE_LOOP ( 'NONE', ( #4291, #2872, #3952, #4784 ) ) ;
#2203 = CARTESIAN_POINT ( 'NONE',  ( 55.37245068552979887, 43.82874514655219400, -78.05996262492411120 ) ) ;
#2204 = CARTESIAN_POINT ( 'NONE',  ( -56.14390325360127321, 39.34842757317753126, -76.44072657582478314 ) ) ;
#2205 = DIRECTION ( 'NONE',  ( 0.000000000000000000, 1.000000000000000000, -2.775557561562890365E-16 ) ) ;
#2206 = CARTESIAN_POINT ( 'NONE',  ( -30.44253996554373387, 36.01988188915727562, -74.36175308026633957 ) ) ;
#2207 = CARTESIAN_POINT ( 'NONE',  ( -54.17235968341639563, 37.80467584223960387, -84.01664612674845500 ) ) ;
#2208 = DIRECTION ( 'NONE',  ( 0.000000000000000000, 0.000000000000000000, 1.000000000000000000 ) ) ;
#2209 = VERTEX_POINT ( 'NONE', #1122 ) ;
#2210 = CARTESIAN_POINT ( 'NONE',  ( 40.73267925106286214, 29.44696659575177833, -80.49165398941612182 ) ) ;
#2211 = ORIENTED_EDGE ( 'NONE', *, *, #753, .F. ) ;
#2212 = DIRECTION ( 'NONE',  ( -1.000000000000000000, 0.000000000000000000, 0.000000000000000000 ) ) ;
#2213 = CARTESIAN_POINT ( 'NONE',  ( -53.99431424189787521, 37.71708132236908284, -84.69139735579916817 ) ) ;
#2214 = VECTOR ( 'NONE', #5213, 1000.000000000000000 ) ;
#2215 = VECTOR ( 'NONE', #2818, 1000.000000000000000 ) ;
#2216 = CARTESIAN_POINT ( 'NONE',  ( -58.02904885861797624, 36.43476806620860486, -69.73075816683392247 ) ) ;
#2217 = CYLINDRICAL_SURFACE ( 'NONE', #4219, 61.07692307692300204 ) ;
#2218 = EDGE_CURVE ( 'NONE', #3888, #5567, #3174, .T. ) ;
#2219 = CARTESIAN_POINT ( 'NONE',  ( -41.12969614063116808, 43.30757096164944642, -79.52345297913647926 ) ) ;
#2220 = CARTESIAN_POINT ( 'NONE',  ( -54.32564793519951252, 37.74070063213923731, -83.44903243634266232 ) ) ;
#2221 = VECTOR ( 'NONE', #1562, 1000.000000000000000 ) ;
#2222 = EDGE_CURVE ( 'NONE', #4066, #3112, #2957, .T. ) ;
#2223 = CARTESIAN_POINT ( 'NONE',  ( 41.26885273780053609, 39.03731258393450076, -78.98922336382412368 ) ) ;
#2224 = LINE ( 'NONE', #3216, #2567 ) ;
#2225 = ORIENTED_EDGE ( 'NONE', *, *, #4549, .F. ) ;
#2226 = EDGE_CURVE ( 'NONE', #4263, #4592, #1160, .T. ) ;
#2227 = CARTESIAN_POINT ( 'NONE',  ( 32.85885905413490349, 37.66084396872519591, -83.17896316608857887 ) ) ;
#2228 = CARTESIAN_POINT ( 'NONE',  ( -2.799999999999999822, -1.695322744374510249, -59.99164897494249971 ) ) ;
#2229 = ORIENTED_EDGE ( 'NONE', *, *, #3392, .T. ) ;
#2230 = CARTESIAN_POINT ( 'NONE',  ( 29.45916446475806438, 31.52853576099395028, -76.88699807389083674 ) ) ;
#2231 = CARTESIAN_POINT ( 'NONE',  ( -55.93541254136562202, 43.10536330772384161, -76.23177194947649582 ) ) ;
#2232 = AXIS2_PLACEMENT_3D ( 'NONE', #5120, #4261, #201 ) ;
#2233 = DIRECTION ( 'NONE',  ( -1.000000000000000000, 0.000000000000000000, 0.000000000000000000 ) ) ;
#2234 = CARTESIAN_POINT ( 'NONE',  ( 36.49460197754358148, 37.80467853473295747, -71.81639464661148509 ) ) ;
#2235 = CARTESIAN_POINT ( 'NONE',  ( -55.27765322302708029, 43.81902408826503859, -78.41560685667212738 ) ) ;
#2236 = EDGE_CURVE ( 'NONE', #3036, #1688, #1546, .T. ) ;
#2237 = CARTESIAN_POINT ( 'NONE',  ( -38.66483910618756425, 37.47507776055710593, -82.77573273549479893 ) ) ;
#2238 = CIRCLE ( 'NONE', #5252, 2.500000000000002220 ) ;
#2239 = CARTESIAN_POINT ( 'NONE',  ( 41.37699695805253697, 26.90438106345294855, -77.19441786457488774 ) ) ;
#2240 = ORIENTED_EDGE ( 'NONE', *, *, #2573, .F. ) ;
#2241 = CARTESIAN_POINT ( 'NONE',  ( 17.89999999999999858, 45.37470958719600134, -84.74165348524340402 ) ) ;
#2242 = ORIENTED_EDGE ( 'NONE', *, *, #3573, .F. ) ;
#2243 = FACE_OUTER_BOUND ( 'NONE', #3383, .T. ) ;
#2244 = CARTESIAN_POINT ( 'NONE',  ( -44.00000000000000000, -14.59532146526809981, -95.69164817027969150 ) ) ;
#2245 = EDGE_CURVE ( 'NONE', #3004, #3016, #1835, .T. ) ;
#2246 = LINE ( 'NONE', #1799, #3194 ) ;
#2247 = CARTESIAN_POINT ( 'NONE',  ( 29.69740201026113269, 43.24369111975623525, -79.61408785401965815 ) ) ;
#2248 = CARTESIAN_POINT ( 'NONE',  ( -60.64616578567206062, 35.35134412911794755, -59.99166735991899202 ) ) ;
#2249 = DIRECTION ( 'NONE',  ( 0.000000000000000000, 1.000000000000000000, 0.000000000000000000 ) ) ;
#2250 = CIRCLE ( 'NONE', #1774, 1.000000000000000888 ) ;
#2251 = CARTESIAN_POINT ( 'NONE',  ( -41.37249379384096670, 26.79833723429145920, -78.33799950849348193 ) ) ;
#2252 = LINE ( 'NONE', #2310, #4256 ) ;
#2253 = ORIENTED_EDGE ( 'NONE', *, *, #3089, .F. ) ;
#2254 = CARTESIAN_POINT ( 'NONE',  ( -40.73267925106284792, 29.27967853473190019, -80.49165398941610761 ) ) ;
#2255 = CARTESIAN_POINT ( 'NONE',  ( -54.50989301670998088, 62.57284517343720864, -66.41660835968373533 ) ) ;
#2256 = VERTEX_POINT ( 'NONE', #5712 ) ;
#2257 = EDGE_CURVE ( 'NONE', #5587, #4000, #95, .T. ) ;
#2258 = AXIS2_PLACEMENT_3D ( 'NONE', #3040, #3925, #3513 ) ;
#2259 = VERTEX_POINT ( 'NONE', #3772 ) ;
#2260 = CARTESIAN_POINT ( 'NONE',  ( 29.41338261964840228, 31.77841681137051566, -78.17496088446743840 ) ) ;
#2261 = CARTESIAN_POINT ( 'NONE',  ( -56.28046941112685175, 41.32968056030117054, -75.49174518997607208 ) ) ;
#2262 = FACE_OUTER_BOUND ( 'NONE', #1933, .T. ) ;
#2263 = CYLINDRICAL_SURFACE ( 'NONE', #535, 0.9999999999999981126 ) ;
#2264 = CARTESIAN_POINT ( 'NONE',  ( -55.02382716951481001, 43.27850178800654390, -79.55925812029900612 ) ) ;
#2265 = CARTESIAN_POINT ( 'NONE',  ( -40.06352812636996674, 35.01511950556218977, -81.51676478236922208 ) ) ;
#2266 = DIRECTION ( 'NONE',  ( -1.000000000000000000, 0.000000000000000000, 0.000000000000000000 ) ) ;
#2267 = ORIENTED_EDGE ( 'NONE', *, *, #1215, .F. ) ;
#2268 = EDGE_LOOP ( 'NONE', ( #3735, #4013, #5504, #4861, #860, #2211, #2725, #909, #4762, #4025 ) ) ;
#2269 = CARTESIAN_POINT ( 'NONE',  ( -49.00000000000000000, -10.69532274437450070, -87.99164817027970287 ) ) ;
#2270 = ORIENTED_EDGE ( 'NONE', *, *, #1079, .F. ) ;
#2271 = CARTESIAN_POINT ( 'NONE',  ( 54.60986140213245221, 32.80467853473189876, -82.51946200923947572 ) ) ;
#2272 = CARTESIAN_POINT ( 'NONE',  ( -53.95918016024302233, 37.67321981572364109, -84.82631598282763719 ) ) ;
#2273 = DIRECTION ( 'NONE',  ( 1.387778780781443703E-16, -1.387778780781443703E-16, -1.000000000000000000 ) ) ;
#2274 = CARTESIAN_POINT ( 'NONE',  ( 29.97336320665884202, 42.28661536686818323, -80.30126083785359015 ) ) ;
#2275 = CARTESIAN_POINT ( 'NONE',  ( -36.35104244250277361, 32.80326160367436472, -71.81593091450500310 ) ) ;
#2276 = ADVANCED_FACE ( 'NONE', ( #1554 ), #2284, .T. ) ;
#2277 = AXIS2_PLACEMENT_3D ( 'NONE', #5154, #5660, #662 ) ;
#2278 = CARTESIAN_POINT ( 'NONE',  ( -30.06732074893714923, 29.27967853473190019, -80.49165398941610761 ) ) ;
#2279 = CARTESIAN_POINT ( 'NONE',  ( 56.85340465173707258, 36.62648535517999449, -74.11361783716913010 ) ) ;
#2280 = EDGE_CURVE ( 'NONE', #2902, #4955, #45, .T. ) ;
#2281 = AXIS2_PLACEMENT_3D ( 'NONE', #5198, #5138, #3331 ) ;
#2282 = CARTESIAN_POINT ( 'NONE',  ( -41.40139641540044124, 26.77854787269602710, -77.84454925007617021 ) ) ;
#2283 = CARTESIAN_POINT ( 'NONE',  ( -29.39816715734274055, 26.79424864360896308, -77.67545733695355636 ) ) ;
#2284 = PLANE ( 'NONE',  #3334 ) ;
#2285 = AXIS2_PLACEMENT_3D ( 'NONE', #4043, #4959, #35 ) ;
#2286 = VERTEX_POINT ( 'NONE', #4970 ) ;
#2287 = DIRECTION ( 'NONE',  ( 1.000000000000000000, 0.000000000000000000, 0.000000000000000000 ) ) ;
#2288 = CARTESIAN_POINT ( 'NONE',  ( -35.39999999999999858, 37.79453242228328946, -71.74164817027970287 ) ) ;
#2289 = CARTESIAN_POINT ( 'NONE',  ( 37.27004635775932684, 71.70273423148940140, -72.02159597371350230 ) ) ;
#2290 = CARTESIAN_POINT ( 'NONE',  ( 53.53907966857590139, 35.37467691289869975, -86.51567384268929572 ) ) ;
#2291 = CARTESIAN_POINT ( 'NONE',  ( -54.99238916451290038, 43.12856977099787770, -79.72789750716417245 ) ) ;
#2292 = CARTESIAN_POINT ( 'NONE',  ( 41.04876638429836788, 42.37413806923910187, -75.71860032922857897 ) ) ;
#2293 = EDGE_LOOP ( 'NONE', ( #2814, #5819 ) ) ;
#2294 = CARTESIAN_POINT ( 'NONE',  ( -29.56325413408017511, 39.44021555295649506, -76.34621880681233108 ) ) ;
#2295 = VERTEX_POINT ( 'NONE', #4244 ) ;
#2296 = DIRECTION ( 'NONE',  ( 1.387778780781443703E-16, -1.387778780781441731E-16, -1.000000000000000000 ) ) ;
#2297 = CARTESIAN_POINT ( 'NONE',  ( -53.92847421689661047, 37.62562988854151769, -84.94573955563998879 ) ) ;
#2298 = EDGE_CURVE ( 'NONE', #2737, #1124, #4852, .T. ) ;
#2299 = CARTESIAN_POINT ( 'NONE',  ( -2.220446049250309925E-15, 35.37470845847450818, -71.99186516830378935 ) ) ;
#2300 = CARTESIAN_POINT ( 'NONE',  ( 29.57790199345043902, 43.16280755710412365, -76.29144423144633436 ) ) ;
#2301 = VECTOR ( 'NONE', #5644, 1000.000000000000000 ) ;
#2302 = CARTESIAN_POINT ( 'NONE',  ( -60.64617071191170083, 35.30467853473189876, -59.99164897494249971 ) ) ;
#2303 = CARTESIAN_POINT ( 'NONE',  ( 14.44999999999999929, 40.38442037435972054, -77.66686408613556125 ) ) ;
#2304 = AXIS2_PLACEMENT_3D ( 'NONE', #4271, #242, #4333 ) ;
#2305 = LINE ( 'NONE', #1886, #1639 ) ;
#2306 = EDGE_CURVE ( 'NONE', #5388, #17, #3325, .T. ) ;
#2307 = CARTESIAN_POINT ( 'NONE',  ( 40.96215121927470904, 41.02221786333533515, -75.49165398941610761 ) ) ;
#2308 = CIRCLE ( 'NONE', #5797, 1.000000000000000888 ) ;
#2309 = VECTOR ( 'NONE', #4922, 1000.000000000000000 ) ;
#2310 = CARTESIAN_POINT ( 'NONE',  ( -2.220446049250309925E-15, 16.80467853473189876, -92.99165398941609340 ) ) ;
#2311 = CARTESIAN_POINT ( 'NONE',  ( -2.220446049250309925E-15, 41.39970958719539595, -78.01686403958160554 ) ) ;
#2312 = ORIENTED_EDGE ( 'NONE', *, *, #3522, .T. ) ;
#2313 = ORIENTED_EDGE ( 'NONE', *, *, #4520, .T. ) ;
#2314 = CARTESIAN_POINT ( 'NONE',  ( 37.31198136941659271, 32.87204173463690182, -83.43486786673140898 ) ) ;
#2315 = DIRECTION ( 'NONE',  ( 0.000000000000000000, -1.000000000000000000, 2.775557561562890365E-16 ) ) ;
#2316 = CARTESIAN_POINT ( 'NONE',  ( -46.39999999999999858, 41.32967853473189734, -77.99165398941609340 ) ) ;
#2317 = ADVANCED_FACE ( 'NONE', ( #2450 ), #2885, .F. ) ;
#2318 = DIRECTION ( 'NONE',  ( -1.000000000000000000, 0.000000000000000000, 0.000000000000000000 ) ) ;
#2319 = CARTESIAN_POINT ( 'NONE',  ( -32.29113377907503946, 37.52803912948264298, -82.87340831052310364 ) ) ;
#2320 = EDGE_CURVE ( 'NONE', #2442, #2380, #1768, .T. ) ;
#2321 = DIRECTION ( 'NONE',  ( -0.5700238742145427029, 0.8216281292807855463, 0.000000000000000000 ) ) ;
#2322 = VERTEX_POINT ( 'NONE', #1106 ) ;
#2323 = ORIENTED_EDGE ( 'NONE', *, *, #295, .F. ) ;
#2324 = CARTESIAN_POINT ( 'NONE',  ( -29.77509528379799519, 40.44174075632646037, -75.65320733670660047 ) ) ;
#2325 = VERTEX_POINT ( 'NONE', #3608 ) ;
#2326 = CARTESIAN_POINT ( 'NONE',  ( -41.20634094895944344, 39.16883019115978470, -79.26004485570868496 ) ) ;
#2327 = DIRECTION ( 'NONE',  ( -1.000000000000000000, 4.622231866529390132E-32, 2.220446049250309876E-16 ) ) ;
#2328 = VECTOR ( 'NONE', #4858, 1000.000000000000000 ) ;
#2329 = CARTESIAN_POINT ( 'NONE',  ( 17.39999999999999858, 35.30467853473189876, -84.01665398941599960 ) ) ;
#2330 = CARTESIAN_POINT ( 'NONE',  ( 29.51224961906045507, 43.40030807598568430, -76.58836950997768156 ) ) ;
#2331 = CARTESIAN_POINT ( 'NONE',  ( -39.57262924369138801, 82.31523814020279417, -82.07466480259971320 ) ) ;
#2332 = B_SPLINE_CURVE_WITH_KNOTS ( 'NONE', 3,
 ( #436, #2235, #4859, #4037, #493, #4416, #2264, #5841, #3591, #2291, #4533, #4091, #384, #5419, #3142, #2177, #3616, #1726 ),
 .UNSPECIFIED., .F., .F.,
 ( 4, 2, 2, 2, 1, 1, 2, 2, 2, 4 ),
 ( 0.000000000000000000, 0.2499999999999613642, 0.3749999999999426015, 0.4374999999999281686, 0.4687499999999205080, 0.4843749999999214517, 0.4921874999999266143, 0.4999999999999317213, 0.7499999999999659162, 1.000000000000000000 ),
 .UNSPECIFIED. ) ;
#2333 = CARTESIAN_POINT ( 'NONE',  ( -29.49544762294028288, 31.64455664351587671, -78.81840801899856785 ) ) ;
#2334 = LINE ( 'NONE', #4967, #3909 ) ;
#2335 = DIRECTION ( 'NONE',  ( 0.000000000000000000, 1.000000000000000000, 0.000000000000000000 ) ) ;
#2336 = CARTESIAN_POINT ( 'NONE',  ( -51.00000000000000000, 8.374677255625490702, -95.99164817027978813 ) ) ;
#2337 = CARTESIAN_POINT ( 'NONE',  ( 55.70588468635644119, 38.83426279536758585, -78.15935345380187016 ) ) ;
#2338 = EDGE_LOOP ( 'NONE', ( #4095, #2459 ) ) ;
#2339 = AXIS2_PLACEMENT_3D ( 'NONE', #1435, #1406, #5541 ) ;
#2340 = ORIENTED_EDGE ( 'NONE', *, *, #399, .F. ) ;
#2341 = PLANE ( 'NONE',  #3732 ) ;
#2342 = CARTESIAN_POINT ( 'NONE',  ( -55.37245068552979887, 43.82874514655219400, -78.05996262492411120 ) ) ;
#2343 = ADVANCED_FACE ( 'NONE', ( #18 ), #483, .F. ) ;
#2344 = LINE ( 'NONE', #5528, #3504 ) ;
#2345 = CARTESIAN_POINT ( 'NONE',  ( -0.8000000000000000444, -6.695322744374519353, -59.99164897494249971 ) ) ;
#2346 = CARTESIAN_POINT ( 'NONE',  ( -32.52940419091315505, 37.59328023658372331, -83.01074052735462772 ) ) ;
#2347 = ADVANCED_FACE ( 'NONE', ( #2060, #4300, #1199 ), #3924, .F. ) ;
#2348 = CARTESIAN_POINT ( 'NONE',  ( 14.44999999999999929, 36.37470845847450818, -71.99186516830378935 ) ) ;
#2349 = ORIENTED_EDGE ( 'NONE', *, *, #3343, .T. ) ;
#2350 = ORIENTED_EDGE ( 'NONE', *, *, #460, .F. ) ;
#2351 = DIRECTION ( 'NONE',  ( 0.000000000000000000, 1.000000000000000000, 0.000000000000000000 ) ) ;
#2352 = EDGE_LOOP ( 'NONE', ( #4390, #5190, #4981, #5628, #3985, #5006, #3367, #1153, #1426, #4539, #695, #3323 ) ) ;
#2353 = CARTESIAN_POINT ( 'NONE',  ( 44.44932966832170251, -10.69532274437450070, -59.99164897494249971 ) ) ;
#2354 = CARTESIAN_POINT ( 'NONE',  ( -55.15321092344949250, 24.27967853473189308, -80.49165398941610761 ) ) ;
#2355 = EDGE_CURVE ( 'NONE', #4918, #2902, #759, .T. ) ;
#2356 = DIRECTION ( 'NONE',  ( 1.519290839321570161E-64, 1.000000000000000000, -1.039540976564489922E-112 ) ) ;
#2357 = CARTESIAN_POINT ( 'NONE',  ( 29.42594813808853615, 43.69578772995910754, -77.18250751390195319 ) ) ;
#2358 = DIRECTION ( 'NONE',  ( -1.000000000000000000, 0.000000000000000000, 0.000000000000000000 ) ) ;
#2359 = EDGE_LOOP ( 'NONE', ( #2853, #3621, #5171, #3317 ) ) ;
#2360 = CARTESIAN_POINT ( 'NONE',  ( -29.56422514966106263, 31.16552360734999638, -76.34238756753126154 ) ) ;
#2361 = CARTESIAN_POINT ( 'NONE',  ( 29.76621891971538147, 40.38366980599916189, -75.67754070606137873 ) ) ;
#2362 = CARTESIAN_POINT ( 'NONE',  ( 41.36310968404458066, 39.00284501410364157, -77.07729727679713960 ) ) ;
#2363 = CARTESIAN_POINT ( 'NONE',  ( -2.799999999999999822, -1.695322744374510249, -59.99164897494249971 ) ) ;
#2364 = CARTESIAN_POINT ( 'NONE',  ( 56.21300142662646238, 39.65755339711682836, -76.12602262113371410 ) ) ;
#2365 = ADVANCED_BREP_SHAPE_REPRESENTATION ( 'head', ( #1652, #3666 ), #4701 ) ;
#2366 = EDGE_CURVE ( 'NONE', #1102, #5044, #2597, .T. ) ;
#2367 = ORIENTED_EDGE ( 'NONE', *, *, #2521, .T. ) ;
#2368 = AXIS2_PLACEMENT_3D ( 'NONE', #5839, #840, #2175 ) ;
#2369 = CARTESIAN_POINT ( 'NONE',  ( -38.56824791750941017, 37.50897091225017732, -82.83701517551477878 ) ) ;
#2370 = VECTOR ( 'NONE', #3077, 1000.000000000000000 ) ;
#2371 = ORIENTED_EDGE ( 'NONE', *, *, #5361, .T. ) ;
#2372 = CARTESIAN_POINT ( 'NONE',  ( 36.49653242990729751, 32.83294292537062375, -83.64066476785433224 ) ) ;
#2373 = LINE ( 'NONE', #2730, #4281 ) ;
#2374 = CARTESIAN_POINT ( 'NONE',  ( 35.64489001235131127, 71.32196075073872521, -71.74164817027971708 ) ) ;
#2375 = CARTESIAN_POINT ( 'NONE',  ( -56.50497724946350075, -1.160322744374510107, -59.99164897494249971 ) ) ;
#2376 = CARTESIAN_POINT ( 'NONE',  ( -33.44978290304477042, 37.73673818914481615, -83.42509602587522011 ) ) ;
#2377 = EDGE_CURVE ( 'NONE', #736, #3273, #2974, .T. ) ;
#2378 = CARTESIAN_POINT ( 'NONE',  ( 41.03567689364613358, 42.28825657759687573, -75.68272876541252003 ) ) ;
#2379 = ORIENTED_EDGE ( 'NONE', *, *, #4018, .T. ) ;
#2380 = VERTEX_POINT ( 'NONE', #1583 ) ;
#2381 = CARTESIAN_POINT ( 'NONE',  ( -33.91292491400518117, 32.80372065494179878, -71.92875095082717962 ) ) ;
#2382 = EDGE_LOOP ( 'NONE', ( #1288, #5779, #5633, #48 ) ) ;
#2383 = CARTESIAN_POINT ( 'NONE',  ( -41.02798587497650828, 39.62528284467605033, -79.82239523260594183 ) ) ;
#2384 = CARTESIAN_POINT ( 'NONE',  ( -35.39999999999999858, 16.80467725562549930, -71.74164817027970287 ) ) ;
#2385 = CARTESIAN_POINT ( 'NONE',  ( -2.220446049250309925E-15, 35.37470845847450818, -71.99186516830378935 ) ) ;
#2386 = CARTESIAN_POINT ( 'NONE',  ( 29.52772294362846495, 43.62899872792631584, -78.97305027480811646 ) ) ;
#2387 = CARTESIAN_POINT ( 'NONE',  ( -37.06011483790316419, 83.47024861452528910, -83.51230548937826370 ) ) ;
#2388 = ORIENTED_EDGE ( 'NONE', *, *, #530, .T. ) ;
#2389 = CARTESIAN_POINT ( 'NONE',  ( -29.90782682287244398, 30.53548710031742885, -80.15941284932453925 ) ) ;
#2390 = DIRECTION ( 'NONE',  ( 0.3054460197265261301, 0.9486832980505142121, -0.08187019624516569949 ) ) ;
#2391 = CARTESIAN_POINT ( 'NONE',  ( 29.63568293621138849, 39.72454620835428329, -76.07421185599217495 ) ) ;
#2392 = CIRCLE ( 'NONE', #4570, 2.000000000000000000 ) ;
#2393 = ADVANCED_FACE ( 'NONE', ( #4865 ), #2480, .T. ) ;
#2394 = DIRECTION ( 'NONE',  ( -0.2126530078498230503, 0.1475330348098480571, 0.9659258262890683122 ) ) ;
#2395 = FACE_OUTER_BOUND ( 'NONE', #5109, .T. ) ;
#2396 = ORIENTED_EDGE ( 'NONE', *, *, #1914, .F. ) ;
#2397 = EDGE_CURVE ( 'NONE', #2892, #2965, #236, .T. ) ;
#2398 = AXIS2_PLACEMENT_3D ( 'NONE', #3087, #4446, #411 ) ;
#2399 = CARTESIAN_POINT ( 'NONE',  ( -39.55242153053251286, 33.73224482374058653, -82.07273173191393312 ) ) ;
#2400 = ADVANCED_FACE ( 'NONE', ( #729 ), #5219, .T. ) ;
#2401 = ORIENTED_EDGE ( 'NONE', *, *, #1734, .T. ) ;
#2402 = CARTESIAN_POINT ( 'NONE',  ( 39.52259240445866340, 33.69789464371611842, -82.10121040159074823 ) ) ;
#2403 = CARTESIAN_POINT ( 'NONE',  ( -38.27059580907444314, 33.01607683287467410, -83.01074052736139208 ) ) ;
#2404 = CARTESIAN_POINT ( 'NONE',  ( 46.39999999999999858, 32.80467853473189166, -84.01665398941599960 ) ) ;
#2405 = CARTESIAN_POINT ( 'NONE',  ( 44.00000000000000000, -10.69532274437450070, -67.49164817027978813 ) ) ;
#2406 = CARTESIAN_POINT ( 'NONE',  ( -32.36719916162401489, 37.55086359164687337, -82.91885319754815953 ) ) ;
#2407 = CIRCLE ( 'NONE', #2775, 2.000000000000001776 ) ;
#2408 = CARTESIAN_POINT ( 'NONE',  ( -2.220446049250309925E-15, 85.30467853473189166, -85.99165398941610761 ) ) ;
#2409 = ORIENTED_EDGE ( 'NONE', *, *, #4459, .F. ) ;
#2410 = ORIENTED_EDGE ( 'NONE', *, *, #42, .T. ) ;
#2411 = DIRECTION ( 'NONE',  ( -0.2588190451025210170, -3.330669073875470607E-16, -0.9659258262890680902 ) ) ;
#2412 = EDGE_LOOP ( 'NONE', ( #1794, #3264, #5476, #3979 ) ) ;
#2413 = CARTESIAN_POINT ( 'NONE',  ( -24.80000000000000071, -8.695322744374500701, -59.99164897494249971 ) ) ;
#2414 = CARTESIAN_POINT ( 'NONE',  ( 17.39999999999999858, 30.34970958719670264, -78.01686629702470555 ) ) ;
#2415 = LINE ( 'NONE', #2851, #5704 ) ;
#2416 = CARTESIAN_POINT ( 'NONE',  ( -14.44999999999999929, 42.39970958719539595, -78.01686403958160554 ) ) ;
#2417 = ORIENTED_EDGE ( 'NONE', *, *, #5105, .T. ) ;
#2418 = CARTESIAN_POINT ( 'NONE',  ( -32.87042132345312950, 83.21506241962464401, -83.18713977746295996 ) ) ;
#2419 = CARTESIAN_POINT ( 'NONE',  ( -57.08120871674856289, 37.48639701604365371, -73.19784140346527579 ) ) ;
#2420 = EDGE_CURVE ( 'NONE', #5187, #3314, #301, .T. ) ;
#2421 = CARTESIAN_POINT ( 'NONE',  ( 29.52231729439995789, 39.01940677292363802, -78.94699345594492002 ) ) ;
#2422 = AXIS2_PLACEMENT_3D ( 'NONE', #1531, #4224, #193 ) ;
#2423 = CARTESIAN_POINT ( 'NONE',  ( -2.799999999999999822, -8.695322744374520241, -55.19165030598870203 ) ) ;
#2424 = AXIS2_PLACEMENT_3D ( 'NONE', #1138, #3860, #2946 ) ;
#2425 = VECTOR ( 'NONE', #4850, 1000.000000000000114 ) ;
#2426 = CARTESIAN_POINT ( 'NONE',  ( -35.39999999999999858, 16.80467725562549930, -77.74164817027980234 ) ) ;
#2427 = EDGE_CURVE ( 'NONE', #496, #726, #5502, .T. ) ;
#2428 = CARTESIAN_POINT ( 'NONE',  ( 54.87830037168379960, 35.37467691289869975, -81.51763413614280296 ) ) ;
#2429 = VERTEX_POINT ( 'NONE', #5763 ) ;
#2430 = DIRECTION ( 'NONE',  ( 0.7071067811865471286, -0.7071067811865480168, 0.000000000000000000 ) ) ;
#2431 = VERTEX_POINT ( 'NONE', #362 ) ;
#2432 = FACE_OUTER_BOUND ( 'NONE', #2074, .T. ) ;
#2433 = DIRECTION ( 'NONE',  ( 4.332577657073780046E-16, -2.775557561562890365E-16, -1.000000000000000000 ) ) ;
#2434 = CARTESIAN_POINT ( 'NONE',  ( -46.39999999999999858, 29.27967853473190019, -75.49165398941609340 ) ) ;
#2435 = CARTESIAN_POINT ( 'NONE',  ( -35.39999999999999858, 16.80467725562549930, -77.74164817027970287 ) ) ;
#2436 = CARTESIAN_POINT ( 'NONE',  ( 29.67020849446796760, 27.30039135095051250, -79.52734585871694151 ) ) ;
#2437 = AXIS2_PLACEMENT_3D ( 'NONE', #4807, #5643, #5222 ) ;
#2438 = CARTESIAN_POINT ( 'NONE',  ( 41.35604456107033400, 43.63176708891921152, -77.01671862335224716 ) ) ;
#2439 = ORIENTED_EDGE ( 'NONE', *, *, #2236, .T. ) ;
#2440 = LINE ( 'NONE', #4232, #4871 ) ;
#2441 = CARTESIAN_POINT ( 'NONE',  ( -29.83415690081438498, 39.81093210913087432, -79.98457340662230308 ) ) ;
#2442 = VERTEX_POINT ( 'NONE', #1645 ) ;
#2443 = DIRECTION ( 'NONE',  ( 1.000000000000000000, 0.000000000000000000, 0.000000000000000000 ) ) ;
#2444 = DIRECTION ( 'NONE',  ( 0.000000000000000000, -0.9453952838176464812, 0.3259259997842329226 ) ) ;
#2445 = CARTESIAN_POINT ( 'NONE',  ( -50.80843817245909833, -14.29949660936370037, -88.24559438703658998 ) ) ;
#2446 = VECTOR ( 'NONE', #214, 1000.000000000000000 ) ;
#2447 = CARTESIAN_POINT ( 'NONE',  ( -2.220446049250309925E-15, 12.80467725562550108, -92.99164817027970287 ) ) ;
#2448 = EDGE_LOOP ( 'NONE', ( #1949, #2409, #5306, #5696 ) ) ;
#2449 = CARTESIAN_POINT ( 'NONE',  ( -29.39992185343108133, 78.70113514587296777, -78.08753303875063523 ) ) ;
#2450 = FACE_OUTER_BOUND ( 'NONE', #3762, .T. ) ;
#2451 = B_SPLINE_CURVE_WITH_KNOTS ( 'NONE', 3,
 ( #1802, #915, #3602, #5375, #4989, #5403, #478, #421, #5794, #3155, #3101, #4935, #4488, #1352, #504, #4964, #39, #3070, #2717, #1829, #3629, #3572, #2219, #3128, #853, #3546, #4020, #1323, #5343, #5429, #1741, #1380, #3185, #4427, #450, #3657 ),
 .UNSPECIFIED., .F., .F.,
 ( 4, 2, 2, 2, 2, 2, 2, 2, 2, 2, 2, 2, 2, 2, 2, 2, 2, 4 ),
 ( 0.000000000000000000, 0.06249999999999759914, 0.09374999999999716893, 0.1249999999999967526, 0.2499999999999950595, 0.3124999999999962252, 0.3749999999999973355, 0.5000000000000006661, 0.5625000000000047740, 0.6250000000000091038, 0.6875000000000133227, 0.7187500000000149880, 0.7500000000000166533, 0.8125000000000143219, 0.8437500000000144329, 0.8593750000000131006, 0.8750000000000116573, 1.000000000000000000 ),
 .UNSPECIFIED. ) ;
#2452 = CARTESIAN_POINT ( 'NONE',  ( -41.17561820750115231, 27.62359625668033658, -76.11179153258621000 ) ) ;
#2453 = CIRCLE ( 'NONE', #5282, 1.000000000000000888 ) ;
#2454 = FACE_OUTER_BOUND ( 'NONE', #32, .T. ) ;
#2455 = CARTESIAN_POINT ( 'NONE',  ( 54.84981525879273079, 36.01995811449656770, -81.61503011299438981 ) ) ;
#2456 = VERTEX_POINT ( 'NONE', #1167 ) ;
#2457 = CIRCLE ( 'NONE', #2179, 1.000000000000000888 ) ;
#2458 = CARTESIAN_POINT ( 'NONE',  ( -17.39999999999999858, 41.69045073397160195, -77.06006229127051199 ) ) ;
#2459 = ORIENTED_EDGE ( 'NONE', *, *, #225, .T. ) ;
#2460 = CARTESIAN_POINT ( 'NONE',  ( 39.67238943914489369, 36.71867149002684272, -81.95453148342708971 ) ) ;
#2461 = CARTESIAN_POINT ( 'NONE',  ( -29.75173168525385137, 42.37085288178176512, -75.71723374629770831 ) ) ;
#2462 = CIRCLE ( 'NONE', #2187, 5.000000000000004441 ) ;
#2463 = LINE ( 'NONE', #1533, #2189 ) ;
#2464 = CARTESIAN_POINT ( 'NONE',  ( -2.220446049250309925E-15, -14.59532146526809981, -95.99164817027978813 ) ) ;
#2465 = CARTESIAN_POINT ( 'NONE',  ( -30.03498153475405275, 41.89741425660441365, -80.42807596048032792 ) ) ;
#2466 = AXIS2_PLACEMENT_3D ( 'NONE', #1975, #3865, #4781 ) ;
#2467 = DIRECTION ( 'NONE',  ( 0.000000000000000000, 1.443289932012700150E-15, 1.000000000000000000 ) ) ;
#2468 = VERTEX_POINT ( 'NONE', #3956 ) ;
#2469 = CARTESIAN_POINT ( 'NONE',  ( 38.71758115330871419, 32.92199337279934923, -72.73590357972047116 ) ) ;
#2470 = CARTESIAN_POINT ( 'NONE',  ( -55.17849003514531603, 39.78439373982282490, -79.95720278475924658 ) ) ;
#2471 = ORIENTED_EDGE ( 'NONE', *, *, #5747, .F. ) ;
#2472 = CARTESIAN_POINT ( 'NONE',  ( -17.39999999999999858, 35.30482198470239297, -71.96777173434509223 ) ) ;
#2473 = CARTESIAN_POINT ( 'NONE',  ( 29.47416746397487231, 77.32821890899600703, -76.74434447312599161 ) ) ;
#2474 = FACE_BOUND ( 'NONE', #2195, .T. ) ;
#2475 = VERTEX_POINT ( 'NONE', #2537 ) ;
#2476 = EDGE_CURVE ( 'NONE', #2752, #3237, #2090, .T. ) ;
#2477 = CARTESIAN_POINT ( 'NONE',  ( -17.89999999999999858, 83.77967875002720177, -89.04165355882540211 ) ) ;
#2478 = ORIENTED_EDGE ( 'NONE', *, *, #5595, .F. ) ;
#2479 = CARTESIAN_POINT ( 'NONE',  ( 35.39999999999999858, 57.80467725562549930, -71.74164817027970287 ) ) ;
#2480 = PLANE ( 'NONE',  #887 ) ;
#2481 = CARTESIAN_POINT ( 'NONE',  ( 30.71626845619902824, 33.81102551523390076, -73.98267115419429274 ) ) ;
#2482 = CARTESIAN_POINT ( 'NONE',  ( 14.40000000000000036, 35.37470958719599423, -78.01686516830319817 ) ) ;
#2483 = DIRECTION ( 'NONE',  ( -1.000000000000000000, -1.001483571081361987E-31, -2.220446049250309876E-16 ) ) ;
#2484 = DIRECTION ( 'NONE',  ( 0.000000000000000000, -1.000000000000000000, 2.775557561562890365E-16 ) ) ;
#2485 = EDGE_CURVE ( 'NONE', #2209, #5295, #3942, .T. ) ;
#2486 = ORIENTED_EDGE ( 'NONE', *, *, #2773, .F. ) ;
#2487 = LINE ( 'NONE', #5170, #2968 ) ;
#2488 = ORIENTED_EDGE ( 'NONE', *, *, #5591, .T. ) ;
#2489 = CARTESIAN_POINT ( 'NONE',  ( 38.06459835749396348, 37.64293040697911863, -83.12472122666997620 ) ) ;
#2490 = CARTESIAN_POINT ( 'NONE',  ( -29.98007209921822280, 42.25239079270922105, -80.31549302530974899 ) ) ;
#2491 = DIRECTION ( 'NONE',  ( 1.387778780781443703E-16, -1.387778780781441731E-16, -1.000000000000000000 ) ) ;
#2492 = CARTESIAN_POINT ( 'NONE',  ( -39.49097363451195264, 33.22332579462252511, -73.35247675741021567 ) ) ;
#2493 = CARTESIAN_POINT ( 'NONE',  ( -32.17907536033507654, 33.11823722301410555, -82.80404197470139138 ) ) ;
#2494 = VECTOR ( 'NONE', #2153, 1000.000000000000000 ) ;
#2495 = ORIENTED_EDGE ( 'NONE', *, *, #3698, .F. ) ;
#2496 = CARTESIAN_POINT ( 'NONE',  ( 29.83199429330623076, 30.80470092201629484, -79.97925061509016587 ) ) ;
#2497 = CARTESIAN_POINT ( 'NONE',  ( -30.03348499001246097, 40.67948461629513446, -80.42880112670223980 ) ) ;
#2498 = ORIENTED_EDGE ( 'NONE', *, *, #4685, .T. ) ;
#2499 = FACE_OUTER_BOUND ( 'NONE', #350, .T. ) ;
#2500 = CARTESIAN_POINT ( 'NONE',  ( -30.54483806354430442, 34.18536355255609749, -74.21380069140303704 ) ) ;
#2501 = AXIS2_PLACEMENT_3D ( 'NONE', #5065, #3676, #89 ) ;
#2502 = DIRECTION ( 'NONE',  ( -0.7071067811865477948, 0.7071067811865473507, 0.000000000000000000 ) ) ;
#2503 = ORIENTED_EDGE ( 'NONE', *, *, #4575, .F. ) ;
#2504 = DIRECTION ( 'NONE',  ( 0.000000000000000000, 0.000000000000000000, -1.000000000000000000 ) ) ;
#2505 = ORIENTED_EDGE ( 'NONE', *, *, #3332, .F. ) ;
#2506 = CARTESIAN_POINT ( 'NONE',  ( 58.06324546652585639, 36.17629139534564331, -69.61766297292638228 ) ) ;
#2507 = B_SPLINE_CURVE_WITH_KNOTS ( 'NONE', 3,
 ( #3915, #1576, #2023, #3885, #5185, #2967, #721, #2527, #751, #663, #5689, #5722, #3852, #3824, #1637, #3439, #2146, #5244, #1192, #3380, #4738, #780, #692, #3028, #2589, #2500, #3948, #4293, #263, #2052, #2206, #3534, #4036, #5390, #4006, #5360, #4475, #1817, #5840, #3086, #5784, #435, #4887, #5332, #927, #2620, #903, #841, #3615, #410, #5814, #1312, #1757, #3141, #1252, #492, #1283, #5300, #2703, #2176, #465, #1339, #28 ),
 .UNSPECIFIED., .F., .F.,
 ( 4, 2, 2, 2, 1, 1, 2, 2, 2, 2, 1, 1, 2, 2, 2, 2, 1, 2, 2, 2, 2, 2, 2, 1, 2, 2, 1, 2, 2, 2, 1, 2, 2, 1, 2, 4 ),
 ( 0.1265926228180272728, 0.2357685449658536991, 0.2494155352343302434, 0.2528272828014505591, 0.2562390303685708748, 0.2630625255028127274, 0.2903565060397815256, 0.3449444671137172347, 0.3483562146808385496, 0.3500620884643971253, 0.3517679622479557011, 0.3585914573821884499, 0.3722384476506522821, 0.3995324281875798356, 0.4541203892614350535, 0.5087083503352902714, 0.5632963114091454893, 0.6178842724830007072, 0.6247077676172309024, 0.6315312627514612087, 0.6451782530199203780, 0.6724722335568403819, 0.7270601946306802787, 0.7407071848991410024, 0.7475306800333714197, 0.7509424276004853516, 0.7543541751675993945, 0.7816481557045219519, 0.8362361167783683991, 0.8635300973152917337, 0.8703535924495223730, 0.8737653400166379702, 0.8754712138001957689, 0.8771770875837536785, 0.8908240778522275027, 1.000000000000000000 ),
 .UNSPECIFIED. ) ;
#2508 = CARTESIAN_POINT ( 'NONE',  ( 31.38006658451752884, 33.18200032033924884, -73.28739775137663059 ) ) ;
#2509 = CARTESIAN_POINT ( 'NONE',  ( 17.89999999999999858, 29.71467796331020139, -59.99164897494249971 ) ) ;
#2510 = CARTESIAN_POINT ( 'NONE',  ( -2.220446049250309925E-15, 81.80467853473190587, -92.99165398941609340 ) ) ;
#2511 = LINE ( 'NONE', #4723, #4349 ) ;
#2512 = VERTEX_POINT ( 'NONE', #1677 ) ;
#2513 = CIRCLE ( 'NONE', #2036, 2.500000000000002220 ) ;
#2514 = LINE ( 'NONE', #310, #2676 ) ;
#2515 = EDGE_LOOP ( 'NONE', ( #5710, #2379, #3437, #4163 ) ) ;
#2516 = CARTESIAN_POINT ( 'NONE',  ( 39.04643242281824911, 37.30076463016965960, -82.50854048078876701 ) ) ;
#2517 = CARTESIAN_POINT ( 'NONE',  ( -41.31779466635374121, 31.45120870944226255, -76.74226500618385671 ) ) ;
#2518 = CARTESIAN_POINT ( 'NONE',  ( -46.71127644617318708, 75.05879947661173901, -74.69778530590136256 ) ) ;
#2519 = CARTESIAN_POINT ( 'NONE',  ( -37.58230333812623769, 32.80358160869646156, -72.12225324957860551 ) ) ;
#2520 = CARTESIAN_POINT ( 'NONE',  ( -31.99365215598010082, 33.19071761797198405, -82.68138861953926266 ) ) ;
#2521 = EDGE_CURVE ( 'NONE', #1849, #2914, #3038, .T. ) ;
#2522 = EDGE_LOOP ( 'NONE', ( #1398, #5142, #2875, #2068 ) ) ;
#2523 = CARTESIAN_POINT ( 'NONE',  ( 39.33893371420865748, 33.13636986906893611, -73.21408114016232105 ) ) ;
#2524 = CARTESIAN_POINT ( 'NONE',  ( -55.53987026159390439, 38.95022857589570719, -78.76088921200216930 ) ) ;
#2525 = ORIENTED_EDGE ( 'NONE', *, *, #3749, .F. ) ;
#2526 = CYLINDRICAL_SURFACE ( 'NONE', #3873, 2.099999999999997868 ) ;
#2527 = CARTESIAN_POINT ( 'NONE',  ( -32.27876060268580005, 32.89076187665249762, -72.61738142357503989 ) ) ;
#2528 = CARTESIAN_POINT ( 'NONE',  ( 29.59671858996247096, 39.56796169221478010, -76.21784210851781438 ) ) ;
#2529 = EDGE_CURVE ( 'NONE', #1762, #5587, #3066, .T. ) ;
#2530 = CIRCLE ( 'NONE', #5261, 78.06962431292330962 ) ;
#2531 = CYLINDRICAL_SURFACE ( 'NONE', #4472, 2.500000000000002220 ) ;
#2532 = ORIENTED_EDGE ( 'NONE', *, *, #14, .T. ) ;
#2533 = CARTESIAN_POINT ( 'NONE',  ( 43.23581011102154292, 79.25067253988237326, -78.42987378792734887 ) ) ;
#2534 = ORIENTED_EDGE ( 'NONE', *, *, #1515, .T. ) ;
#2535 = EDGE_CURVE ( 'NONE', #5639, #4172, #474, .T. ) ;
#2536 = LINE ( 'NONE', #3891, #1186 ) ;
#2537 = CARTESIAN_POINT ( 'NONE',  ( -56.49295688560511053, 29.27967853473190374, -75.49165398941609340 ) ) ;
#2538 = CIRCLE ( 'NONE', #1689, 2.500000000000002220 ) ;
#2539 = CARTESIAN_POINT ( 'NONE',  ( -57.65649479366685881, 37.62567702277900850, -71.03769411624246288 ) ) ;
#2540 = DIRECTION ( 'NONE',  ( 0.000000000000000000, 1.000000000000000000, 0.000000000000000000 ) ) ;
#2541 = CARTESIAN_POINT ( 'NONE',  ( 14.44999999999999929, 34.35942670088475381, -71.64184573456086014 ) ) ;
#2542 = DIRECTION ( 'NONE',  ( 0.000000000000000000, 1.000000000000000000, 0.000000000000000000 ) ) ;
#2543 = ORIENTED_EDGE ( 'NONE', *, *, #5197, .F. ) ;
#2544 = CARTESIAN_POINT ( 'NONE',  ( -36.85480545142132058, 37.76702110939694279, -83.56574012986747846 ) ) ;
#2545 = ORIENTED_EDGE ( 'NONE', *, *, #875, .T. ) ;
#2546 = CARTESIAN_POINT ( 'NONE',  ( 37.10539179967751977, 37.74929597204130971, -83.49299292075455980 ) ) ;
#2547 = EDGE_CURVE ( 'NONE', #4413, #3045, #4277, .T. ) ;
#2548 = CARTESIAN_POINT ( 'NONE',  ( 49.00000000000000000, -10.69532274437450070, -71.99164837144540741 ) ) ;
#2549 = CARTESIAN_POINT ( 'NONE',  ( -14.40000000000000036, 39.02609336588880495, -68.70733260749760518 ) ) ;
#2550 = CARTESIAN_POINT ( 'NONE',  ( 49.00000000000000000, 12.80467725562550108, -87.99164817027980234 ) ) ;
#2551 = CARTESIAN_POINT ( 'NONE',  ( -30.77120229941697716, 34.74511762198780929, -81.56094278808001263 ) ) ;
#2552 = CIRCLE ( 'NONE', #1231, 2.000000000000001776 ) ;
#2553 = ORIENTED_EDGE ( 'NONE', *, *, #4933, .T. ) ;
#2554 = CARTESIAN_POINT ( 'NONE',  ( 40.40597213884908712, 34.83251873456027425, -74.43279226501456947 ) ) ;
#2555 = CARTESIAN_POINT ( 'NONE',  ( -54.93728143282280030, 41.32967853473189734, -80.49165398941610761 ) ) ;
#2556 = ORIENTED_EDGE ( 'NONE', *, *, #1372, .F. ) ;
#2557 = DIRECTION ( 'NONE',  ( 0.000000000000000000, 1.000000000000000000, -2.775557561562890365E-16 ) ) ;
#2558 = DIRECTION ( 'NONE',  ( -0.7936318296778840375, 0.5506007817051781217, -0.2588190451025211836 ) ) ;
#2559 = CARTESIAN_POINT ( 'NONE',  ( 29.39896893078043405, 38.82871383060048487, -77.85244354991944249 ) ) ;
#2560 = EDGE_CURVE ( 'NONE', #2595, #1278, #391, .T. ) ;
#2561 = DIRECTION ( 'NONE',  ( 1.387778780781443703E-16, 1.387778780781443703E-16, 1.000000000000000000 ) ) ;
#2562 = ORIENTED_EDGE ( 'NONE', *, *, #4060, .T. ) ;
#2563 = DIRECTION ( 'NONE',  ( 0.000000000000000000, -1.000000000000000000, 2.775557561562890365E-16 ) ) ;
#2564 = ORIENTED_EDGE ( 'NONE', *, *, #316, .F. ) ;
#2565 = DIRECTION ( 'NONE',  ( 0.000000000000000000, -1.443289932012700150E-15, -1.000000000000000000 ) ) ;
#2566 = CARTESIAN_POINT ( 'NONE',  ( -37.75470765593048128, 84.28187957954598630, -84.53371688224315506 ) ) ;
#2567 = VECTOR ( 'NONE', #5461, 1000.000000000000000 ) ;
#2568 = CARTESIAN_POINT ( 'NONE',  ( 27.06962431292330251, 35.37467691289879923, -95.99164817027939023 ) ) ;
#2569 = FACE_OUTER_BOUND ( 'NONE', #4821, .T. ) ;
#2570 = CARTESIAN_POINT ( 'NONE',  ( 14.44999999999999929, 45.37470958719600134, -92.99165398941609340 ) ) ;
#2571 = DIRECTION ( 'NONE',  ( -0.7071067811865477948, 0.7071067811865473507, 0.000000000000000000 ) ) ;
#2572 = VERTEX_POINT ( 'NONE', #2244 ) ;
#2573 = EDGE_CURVE ( 'NONE', #2149, #4945, #265, .T. ) ;
#2574 = CARTESIAN_POINT ( 'NONE',  ( 41.27252364640489901, 39.02985734336515833, -78.97188440489301797 ) ) ;
#2575 = CARTESIAN_POINT ( 'NONE',  ( 40.89413140571549832, 42.58364238951810421, -80.15593532200098537 ) ) ;
#2576 = ORIENTED_EDGE ( 'NONE', *, *, #2169, .F. ) ;
#2577 = DIRECTION ( 'NONE',  ( -1.000000000000000000, -1.001483571081361987E-31, -2.220446049250309876E-16 ) ) ;
#2578 = CARTESIAN_POINT ( 'NONE',  ( 31.18789009543973378, 33.80739479309932705, -82.01460837558998662 ) ) ;
#2579 = CARTESIAN_POINT ( 'NONE',  ( 55.10969233505879572, 40.06659681117773175, -80.15506122214026163 ) ) ;
#2580 = DIRECTION ( 'NONE',  ( 0.000000000000000000, 1.000000000000000000, 0.000000000000000000 ) ) ;
#2581 = CARTESIAN_POINT ( 'NONE',  ( -32.46843170177543669, 33.02567871296108137, -82.98109141215296347 ) ) ;
#2582 = AXIS2_PLACEMENT_3D ( 'NONE', #2601, #1264, #5735 ) ;
#2583 = ORIENTED_EDGE ( 'NONE', *, *, #1953, .F. ) ;
#2584 = CARTESIAN_POINT ( 'NONE',  ( 17.39999999999999858, 35.30467853473189876, -84.01665398941599960 ) ) ;
#2585 = DIRECTION ( 'NONE',  ( -1.387778780781443703E-16, -1.387778780781443703E-16, -1.000000000000000000 ) ) ;
#2586 = EDGE_LOOP ( 'NONE', ( #755, #4147, #2028, #3751 ) ) ;
#2587 = CIRCLE ( 'NONE', #4467, 1.000000000000000888 ) ;
#2588 = CARTESIAN_POINT ( 'NONE',  ( 17.39999999999999858, 35.30467853473189876, -84.01665398941599960 ) ) ;
#2589 = CARTESIAN_POINT ( 'NONE',  ( -30.70879452524981090, 33.82622842925631090, -73.99853496639471473 ) ) ;
#2590 = CARTESIAN_POINT ( 'NONE',  ( 29.90591531039748574, 40.07588066236986890, -80.15603191752856560 ) ) ;
#2591 = VECTOR ( 'NONE', #5579, 1000.000000000000000 ) ;
#2592 = CARTESIAN_POINT ( 'NONE',  ( -39.59999999999999432, 8.374677255625490702, -77.74164817027980234 ) ) ;
#2593 = EDGE_LOOP ( 'NONE', ( #4527, #2401, #3890, #2938, #3770 ) ) ;
#2594 = CARTESIAN_POINT ( 'NONE',  ( 58.82264899045129880, 50.45204387157166792, -61.89892174142795511 ) ) ;
#2595 = VERTEX_POINT ( 'NONE', #1320 ) ;
#2596 = LINE ( 'NONE', #1582, #1664 ) ;
#2597 = LINE ( 'NONE', #1616, #600 ) ;
#2598 = B_SPLINE_CURVE_WITH_KNOTS ( 'NONE', 3,
 ( #4294, #2445, #3855, #1640 ),
 .UNSPECIFIED., .F., .F.,
 ( 4, 4 ),
 ( 0.000000000000000000, 0.2820542050070710127 ),
 .UNSPECIFIED. ) ;
#2599 = CARTESIAN_POINT ( 'NONE',  ( -57.89208718865467063, 37.07972937838847116, -70.20616754736927589 ) ) ;
#2600 = FACE_BOUND ( 'NONE', #1599, .T. ) ;
#2601 = CARTESIAN_POINT ( 'NONE',  ( 17.39999999999999858, 41.32967853473189734, -77.99165398941609340 ) ) ;
#2602 = ADVANCED_FACE ( 'NONE', ( #445 ), #8, .F. ) ;
#2603 = CYLINDRICAL_SURFACE ( 'NONE', #3687, 1.000000000000001332 ) ;
#2604 = ORIENTED_EDGE ( 'NONE', *, *, #2672, .F. ) ;
#2605 = CARTESIAN_POINT ( 'NONE',  ( 41.27089499845651943, 39.03316445909602095, -78.97959889021831259 ) ) ;
#2606 = CARTESIAN_POINT ( 'NONE',  ( 41.24349425297475591, 43.24493228776461251, -76.37211162337473525 ) ) ;
#2607 = ORIENTED_EDGE ( 'NONE', *, *, #4275, .F. ) ;
#2608 = DIRECTION ( 'NONE',  ( -1.000000000000000000, 0.000000000000000000, 0.000000000000000000 ) ) ;
#2609 = CARTESIAN_POINT ( 'NONE',  ( 32.31459301884058277, 37.53525105802675910, -82.88752090355761482 ) ) ;
#2610 = ADVANCED_FACE ( 'NONE', ( #3151 ), #911, .F. ) ;
#2611 = CARTESIAN_POINT ( 'NONE',  ( -58.93936525462591902, 49.96300603333881440, -61.77642348838791264 ) ) ;
#2612 = DIRECTION ( 'NONE',  ( -1.000000000000000000, 1.001483571081361987E-31, 2.220446049250309876E-16 ) ) ;
#2613 = ORIENTED_EDGE ( 'NONE', *, *, #4307, .F. ) ;
#2614 = AXIS2_PLACEMENT_3D ( 'NONE', #1693, #864, #2580 ) ;
#2615 = ORIENTED_EDGE ( 'NONE', *, *, #5532, .T. ) ;
#2616 = CARTESIAN_POINT ( 'NONE',  ( 57.83864917092757452, 32.80467853473189876, -70.46946200923952119 ) ) ;
#2617 = CARTESIAN_POINT ( 'NONE',  ( -55.98339907270546689, 42.96546530162650157, -76.10054264899237353 ) ) ;
#2618 = ORIENTED_EDGE ( 'NONE', *, *, #4200, .T. ) ;
#2619 = LINE ( 'NONE', #4063, #1131 ) ;
#2620 = CARTESIAN_POINT ( 'NONE',  ( -31.15349871301856055, 37.27726496243803922, -73.50285763844665610 ) ) ;
#2621 = DIRECTION ( 'NONE',  ( 1.000000000000000000, 2.220446049250309876E-16, -8.628166150854819906E-32 ) ) ;
#2622 = CARTESIAN_POINT ( 'NONE',  ( 41.40183479580242931, 26.79414077786836401, -77.67650220870964972 ) ) ;
#2623 = EDGE_LOOP ( 'NONE', ( #2763, #5257, #5066, #4194, #5304, #668, #3228 ) ) ;
#2624 = CARTESIAN_POINT ( 'NONE',  ( 40.96215121927478719, 29.44438902767214472, -75.49165398941613603 ) ) ;
#2625 = VERTEX_POINT ( 'NONE', #2384 ) ;
#2626 = DIRECTION ( 'NONE',  ( 0.7071067811865471286, 0.7071067811865480168, 0.000000000000000000 ) ) ;
#2627 = CARTESIAN_POINT ( 'NONE',  ( 60.64617071191170083, 8.374677255625490702, -59.99164897494249971 ) ) ;
#2628 = DIRECTION ( 'NONE',  ( 1.000000000000000000, 2.220446049250309876E-16, -1.001483571081361987E-31 ) ) ;
#2629 = CARTESIAN_POINT ( 'NONE',  ( 29.55677829125794531, 43.56940296442815708, -79.10286103212624198 ) ) ;
#2630 = CARTESIAN_POINT ( 'NONE',  ( -36.95088915761026271, 32.80184893390413237, -71.94545064595486394 ) ) ;
#2631 = CARTESIAN_POINT ( 'NONE',  ( -54.68437746474874217, 37.00250083886017194, -82.18071544006717488 ) ) ;
#2632 = EDGE_LOOP ( 'NONE', ( #4846, #5035, #5064, #1701 ) ) ;
#2633 = CARTESIAN_POINT ( 'NONE',  ( 56.75663489892812663, 33.87807191984969535, -74.50759424685611521 ) ) ;
#2634 = CARTESIAN_POINT ( 'NONE',  ( 41.40172756708627588, 43.81675836495210774, -77.68887917257232800 ) ) ;
#2635 = ORIENTED_EDGE ( 'NONE', *, *, #2485, .F. ) ;
#2636 = CARTESIAN_POINT ( 'NONE',  ( -40.74150834188495907, 29.61319728953799313, -80.47470496488524816 ) ) ;
#2637 = CARTESIAN_POINT ( 'NONE',  ( -59.03585300863994689, 49.54792288341509021, -61.67563313369704048 ) ) ;
#2638 = CARTESIAN_POINT ( 'NONE',  ( 40.73267925106289056, 41.32967853473189734, -80.49165398941610761 ) ) ;
#2639 = ORIENTED_EDGE ( 'NONE', *, *, #3207, .T. ) ;
#2640 = ORIENTED_EDGE ( 'NONE', *, *, #3976, .T. ) ;
#2641 = CARTESIAN_POINT ( 'NONE',  ( 55.41592511786119957, 43.83320325628992720, -77.89686299462847785 ) ) ;
#2642 = VECTOR ( 'NONE', #3226, 1000.000000000000000 ) ;
#2643 = CARTESIAN_POINT ( 'NONE',  ( -55.66551912167098237, 43.64235437410934537, -77.04180981982065646 ) ) ;
#2644 = EDGE_LOOP ( 'NONE', ( #200, #2439 ) ) ;
#2645 = PLANE ( 'NONE',  #2368 ) ;
#2646 = CARTESIAN_POINT ( 'NONE',  ( -26.80000000000000071, 1.839677255625489893, -59.99164897494249971 ) ) ;
#2647 = LINE ( 'NONE', #4978, #4101 ) ;
#2648 = CARTESIAN_POINT ( 'NONE',  ( 40.99053829401794502, 28.61725661121938913, -75.55903647031729520 ) ) ;
#2649 = ORIENTED_EDGE ( 'NONE', *, *, #3067, .F. ) ;
#2650 = CARTESIAN_POINT ( 'NONE',  ( 40.99471753834858845, 29.93573151199646531, -75.57361489330138227 ) ) ;
#2651 = ORIENTED_EDGE ( 'NONE', *, *, #5052, .T. ) ;
#2652 = CARTESIAN_POINT ( 'NONE',  ( -54.87830037168379960, 35.37467691289869975, -81.51763413614280296 ) ) ;
#2653 = VECTOR ( 'NONE', #1393, 1000.000000000000000 ) ;
#2654 = CARTESIAN_POINT ( 'NONE',  ( -29.83784878072529878, 41.32967853473189734, -75.49165398941609340 ) ) ;
#2655 = VECTOR ( 'NONE', #1710, 1000.000000000000227 ) ;
#2656 = CARTESIAN_POINT ( 'NONE',  ( 30.06732074893709594, 41.48396673509432730, -80.49165398941609340 ) ) ;
#2657 = CARTESIAN_POINT ( 'NONE',  ( -36.78570693047464601, 32.80176977155134210, -71.90315883155221854 ) ) ;
#2658 = CARTESIAN_POINT ( 'NONE',  ( -54.65550854215689469, 37.10384572959417682, -82.28083348406714492 ) ) ;
#2659 = EDGE_CURVE ( 'NONE', #3091, #1472, #4647, .T. ) ;
#2660 = CARTESIAN_POINT ( 'NONE',  ( 40.82044184953890920, 40.40494103416901339, -80.31438226028750194 ) ) ;
#2661 = CARTESIAN_POINT ( 'NONE',  ( 53.53907966857590139, 35.37467691289869975, -86.51567384268929572 ) ) ;
#2662 = ORIENTED_EDGE ( 'NONE', *, *, #2091, .T. ) ;
#2663 = ADVANCED_FACE ( 'NONE', ( #4151 ), #2765, .F. ) ;
#2664 = DIRECTION ( 'NONE',  ( 0.000000000000000000, 1.000000000000000000, 0.000000000000000000 ) ) ;
#2665 = DIRECTION ( 'NONE',  ( -2.220446049250309876E-16, -1.000000000000000000, 0.000000000000000000 ) ) ;
#2666 = DIRECTION ( 'NONE',  ( 1.000000000000000000, 0.000000000000000000, 0.000000000000000000 ) ) ;
#2667 = ORIENTED_EDGE ( 'NONE', *, *, #413, .F. ) ;
#2668 = VERTEX_POINT ( 'NONE', #3288 ) ;
#2669 = CARTESIAN_POINT ( 'NONE',  ( 55.46087593094711821, 43.82161955362816030, -77.73440702173456884 ) ) ;
#2670 = CARTESIAN_POINT ( 'NONE',  ( -55.98286946943975551, 38.99254352039561411, -77.09986299143118060 ) ) ;
#2671 = VERTEX_POINT ( 'NONE', #5478 ) ;
#2672 = EDGE_CURVE ( 'NONE', #1849, #5787, #1157, .T. ) ;
#2673 = DIRECTION ( 'NONE',  ( 0.000000000000000000, 1.000000000000000000, 0.000000000000000000 ) ) ;
#2674 = CARTESIAN_POINT ( 'NONE',  ( 49.00000000000000000, 12.80467725562550108, -67.49164817027978813 ) ) ;
#2675 = CYLINDRICAL_SURFACE ( 'NONE', #4185, 2.500000000000002220 ) ;
#2676 = VECTOR ( 'NONE', #4309, 1000.000000000000227 ) ;
#2677 = DIRECTION ( 'NONE',  ( 0.000000000000000000, 1.000000000000000000, 0.000000000000000000 ) ) ;
#2678 = EDGE_LOOP ( 'NONE', ( #968, #3398, #4983, #2927 ) ) ;
#2679 = CARTESIAN_POINT ( 'NONE',  ( 40.96215121927478009, 29.27967853473189663, -75.49165398941609340 ) ) ;
#2680 = ORIENTED_EDGE ( 'NONE', *, *, #3959, .F. ) ;
#2681 = CARTESIAN_POINT ( 'NONE',  ( 54.87830037168379960, 35.37467691289869975, -81.51763413614280296 ) ) ;
#2682 = CARTESIAN_POINT ( 'NONE',  ( -53.72284352154458986, 37.09507375824656350, -85.76153080648933269 ) ) ;
#2683 = B_SPLINE_CURVE_WITH_KNOTS ( 'NONE', 3,
 ( #4197, #2374, #4584, #4168, #1926, #2289, #4089, #2840, #3727, #1475, #5084, #1028, #54, #1845, #3643, #5445, #3197, #949, #1566, #2897, #1627, #2071, #3844, #5713, #5204, #1119, #223, #5592, #5622, #627, #4346, #5235, #314, #4697, #652, #2989, #252, #3784, #4254, #4668 ),
 .UNSPECIFIED., .F., .F.,
 ( 4, 2, 2, 2, 2, 2, 2, 2, 2, 2, 2, 2, 2, 2, 2, 2, 2, 2, 2, 4 ),
 ( 0.000000000000000000, 0.0007342623337664515000, 0.001468524667532903000, 0.002937049335065808602, 0.003671311668832272137, 0.004405574002598735238, 0.005874098670131627613, 0.008811148005197425373, 0.01027967267273030907, 0.01174819734026319278, 0.01321672200779607995, 0.01468524667532896365, 0.01615377134286185082, 0.01762229601039473625, 0.01909082067792761822, 0.02055934534546050366, 0.02129360767922694811, 0.02202787001299338909, 0.02276213234675983008, 0.02349639468052627106 ),
 .UNSPECIFIED. ) ;
#2684 = VECTOR ( 'NONE', #1254, 1000.000000000000000 ) ;
#2685 = AXIS2_PLACEMENT_3D ( 'NONE', #4716, #2390, #213 ) ;
#2686 = DIRECTION ( 'NONE',  ( -1.000000000000000000, 0.000000000000000000, 0.000000000000000000 ) ) ;
#2687 = CARTESIAN_POINT ( 'NONE',  ( 29.95276386908903632, 42.39170163213348985, -80.25755060446572031 ) ) ;
#2688 = DIRECTION ( 'NONE',  ( -1.000000000000000000, 2.220446049250309876E-16, -1.001483571081361987E-31 ) ) ;
#2689 = EDGE_CURVE ( 'NONE', #848, #4251, #1635, .T. ) ;
#2690 = CARTESIAN_POINT ( 'NONE',  ( -54.66254749544368963, 37.07999356005191061, -82.25643391028356177 ) ) ;
#2691 = VECTOR ( 'NONE', #470, 1000.000000000000000 ) ;
#2692 = CARTESIAN_POINT ( 'NONE',  ( 40.76419561116790646, 40.77432173456922015, -80.43057179763059139 ) ) ;
#2693 = CARTESIAN_POINT ( 'NONE',  ( -29.78656774498091409, 28.46689755160672064, -75.62175788190263859 ) ) ;
#2694 = ORIENTED_EDGE ( 'NONE', *, *, #1002, .F. ) ;
#2695 = CARTESIAN_POINT ( 'NONE',  ( 31.32338045664162607, 33.62999842457685418, -82.14802477174080764 ) ) ;
#2696 = CARTESIAN_POINT ( 'NONE',  ( -48.04084183640152617, 73.33203790766212649, -73.27404930205207734 ) ) ;
#2697 = ORIENTED_EDGE ( 'NONE', *, *, #3388, .F. ) ;
#2698 =( BOUNDED_CURVE ( )  B_SPLINE_CURVE ( 3, ( #5279, #2271, #1291, #2681 ),
 .UNSPECIFIED., .F., .T. ) 
 B_SPLINE_CURVE_WITH_KNOTS ( ( 4, 4 ),
 ( 1.570796326794896336, 3.169595664560114656 ),
 .UNSPECIFIED. ) 
 CURVE ( )  GEOMETRIC_REPRESENTATION_ITEM ( )  RATIONAL_B_SPLINE_CURVE ( ( 1.000000000000000000, 0.7980914899728382972, 0.7980914899728382972, 1.000000000000000000 ) ) 
 REPRESENTATION_ITEM ( '' )  );
#2699 = CARTESIAN_POINT ( 'NONE',  ( -26.80000000000000071, -6.695322744374519353, -55.19165030598870203 ) ) ;
#2700 = CARTESIAN_POINT ( 'NONE',  ( -56.21937732629815798, 41.94161002633754975, -75.54453011228692105 ) ) ;
#2701 = ORIENTED_EDGE ( 'NONE', *, *, #1866, .T. ) ;
#2702 = LINE ( 'NONE', #3170, #4534 ) ;
#2703 = CARTESIAN_POINT ( 'NONE',  ( -32.35260992827892323, 37.73024810699743625, -72.57292850543909424 ) ) ;
#2704 = DIRECTION ( 'NONE',  ( 0.000000000000000000, 1.000000000000000000, 0.000000000000000000 ) ) ;
#2705 = EDGE_CURVE ( 'NONE', #2862, #3016, #5124, .T. ) ;
#2706 = VECTOR ( 'NONE', #5251, 1000.000000000000000 ) ;
#2707 = AXIS2_PLACEMENT_3D ( 'NONE', #1367, #4090, #2732 ) ;
#2708 = CARTESIAN_POINT ( 'NONE',  ( 44.00000000000000000, -13.69532146526820071, -92.99164817027970287 ) ) ;
#2709 = ORIENTED_EDGE ( 'NONE', *, *, #3692, .F. ) ;
#2710 = CARTESIAN_POINT ( 'NONE',  ( 41.05970434134855651, 30.39576957035592386, -75.74858437677873724 ) ) ;
#2711 = VERTEX_POINT ( 'NONE', #607 ) ;
#2712 = FACE_BOUND ( 'NONE', #1454, .T. ) ;
#2713 = EDGE_CURVE ( 'NONE', #3026, #2431, #1061, .T. ) ;
#2714 = CARTESIAN_POINT ( 'NONE',  ( -2.220446049250309925E-15, 35.37470845847450818, -71.99186516830378935 ) ) ;
#2715 = CARTESIAN_POINT ( 'NONE',  ( 17.39999999999999858, 32.80467853473189166, -84.01665398941599960 ) ) ;
#2716 = CARTESIAN_POINT ( 'NONE',  ( 30.06732074893710305, 41.32967853473189734, -80.49165398941610761 ) ) ;
#2717 = CARTESIAN_POINT ( 'NONE',  ( -41.30510022296407158, 43.69567959496728093, -78.81570368548017314 ) ) ;
#2718 = CARTESIAN_POINT ( 'NONE',  ( -49.00000000000000000, 12.80467725562550108, -87.99164817027980234 ) ) ;
#2719 = DIRECTION ( 'NONE',  ( -0.9659051245685470466, 5.551115123125778388E-17, 0.2588962926196890502 ) ) ;
#2720 = CIRCLE ( 'NONE', #3373, 10.00000000000000178 ) ;
#2721 = CARTESIAN_POINT ( 'NONE',  ( 41.27352697265926906, 39.30868187828062332, -76.51721111383508855 ) ) ;
#2722 = DIRECTION ( 'NONE',  ( -1.000000000000000000, 0.000000000000000000, 0.000000000000000000 ) ) ;
#2723 = CARTESIAN_POINT ( 'NONE',  ( -56.99150602345734740, 37.23614946248045499, -73.55439648692568255 ) ) ;
#2724 = CARTESIAN_POINT ( 'NONE',  ( 55.24447219766685180, 39.55297248748912153, -79.75576748121763160 ) ) ;
#2725 = ORIENTED_EDGE ( 'NONE', *, *, #3184, .F. ) ;
#2726 = VECTOR ( 'NONE', #1855, 1000.000000000000000 ) ;
#2727 = ADVANCED_FACE ( 'NONE', ( #5039 ), #1040, .F. ) ;
#2728 = VERTEX_POINT ( 'NONE', #982 ) ;
#2729 = CARTESIAN_POINT ( 'NONE',  ( -26.21421356237309297, -8.109536306747614276, -62.49164817027969576 ) ) ;
#2730 = CARTESIAN_POINT ( 'NONE',  ( -2.220446049250309925E-15, 35.66546851286040010, -71.03506916560860418 ) ) ;
#2731 = CARTESIAN_POINT ( 'NONE',  ( 14.44999999999999929, 35.37470845847450818, -71.99186516830378935 ) ) ;
#2732 = DIRECTION ( 'NONE',  ( 1.000000000000000000, 0.000000000000000000, 0.000000000000000000 ) ) ;
#2733 = FACE_OUTER_BOUND ( 'NONE', #3408, .T. ) ;
#2734 = DIRECTION ( 'NONE',  ( -0.9518787543039091137, -0.3064748555833549659, 8.326672684688669123E-17 ) ) ;
#2735 = ORIENTED_EDGE ( 'NONE', *, *, #81, .T. ) ;
#2736 = CARTESIAN_POINT ( 'NONE',  ( -44.00000000000000000, 12.80467725562550108, -92.99164817027970287 ) ) ;
#2737 = VERTEX_POINT ( 'NONE', #2791 ) ;
#2738 = CARTESIAN_POINT ( 'NONE',  ( -14.44999999999999929, 41.03908083792619976, -78.94957348265620567 ) ) ;
#2739 = EDGE_CURVE ( 'NONE', #5832, #3594, #5126, .T. ) ;
#2740 = AXIS2_PLACEMENT_3D ( 'NONE', #910, #2212, #5307 ) ;
#2741 = DIRECTION ( 'NONE',  ( 1.000000000000000000, 0.000000000000000000, 0.000000000000000000 ) ) ;
#2742 = CARTESIAN_POINT ( 'NONE',  ( 44.00000000000000000, -14.59532146526809981, -95.69164817027969150 ) ) ;
#2743 = CARTESIAN_POINT ( 'NONE',  ( -60.64615862044229999, 35.37467691290309801, -59.99169410092059707 ) ) ;
#2744 = VECTOR ( 'NONE', #1422, 1000.000000000000114 ) ;
#2745 = CARTESIAN_POINT ( 'NONE',  ( -30.02604861510765843, 29.93303257881686719, -80.41034781301077317 ) ) ;
#2746 = CARTESIAN_POINT ( 'NONE',  ( 57.01691327619684557, 37.32198598564304604, -73.45224390406073667 ) ) ;
#2747 = VECTOR ( 'NONE', #4056, 1000.000000000000000 ) ;
#2748 = CARTESIAN_POINT ( 'NONE',  ( 41.20741836238133970, 39.55214106290844001, -76.23369595471523041 ) ) ;
#2749 = CARTESIAN_POINT ( 'NONE',  ( -29.65488226620706769, 27.74841431885875309, -76.00881774568171068 ) ) ;
#2750 = FACE_OUTER_BOUND ( 'NONE', #2359, .T. ) ;
#2751 = EDGE_CURVE ( 'NONE', #4565, #4263, #581, .T. ) ;
#2752 = VERTEX_POINT ( 'NONE', #206 ) ;
#2753 = VECTOR ( 'NONE', #2901, 1000.000000000000000 ) ;
#2754 = ORIENTED_EDGE ( 'NONE', *, *, #989, .T. ) ;
#2755 = FACE_OUTER_BOUND ( 'NONE', #3702, .T. ) ;
#2756 = CARTESIAN_POINT ( 'NONE',  ( -38.11047158328211282, 32.98017946421030899, -83.09589527536836329 ) ) ;
#2757 = FACE_OUTER_BOUND ( 'NONE', #3712, .T. ) ;
#2758 = DIRECTION ( 'NONE',  ( -1.000000000000000000, 6.414635304220839591E-49, 3.081487911019354991E-33 ) ) ;
#2759 = CARTESIAN_POINT ( 'NONE',  ( -44.00000000000000000, 12.80467725562550108, -92.99164817027970287 ) ) ;
#2760 = CARTESIAN_POINT ( 'NONE',  ( 40.98691725305076261, 41.88554714449847438, -75.55284150528473219 ) ) ;
#2761 = ORIENTED_EDGE ( 'NONE', *, *, #3143, .F. ) ;
#2762 = CARTESIAN_POINT ( 'NONE',  ( -29.40453811599375200, 38.88984785336432282, -77.35212813751138583 ) ) ;
#2763 = ORIENTED_EDGE ( 'NONE', *, *, #4898, .T. ) ;
#2764 = DIRECTION ( 'NONE',  ( 0.000000000000000000, 1.000000000000000000, 0.000000000000000000 ) ) ;
#2765 = CYLINDRICAL_SURFACE ( 'NONE', #1261, 0.9999999999999981126 ) ;
#2766 = DIRECTION ( 'NONE',  ( 0.000000000000000000, 1.000000000000000000, 0.000000000000000000 ) ) ;
#2767 = CARTESIAN_POINT ( 'NONE',  ( 29.83784878072519930, 41.32967853473189734, -75.49165398941609340 ) ) ;
#2768 = AXIS2_PLACEMENT_3D ( 'NONE', #763, #3515, #3836 ) ;
#2769 = DIRECTION ( 'NONE',  ( -0.9659258262890682012, 5.551115123125782702E-17, 0.2588190451025211281 ) ) ;
#2770 = CARTESIAN_POINT ( 'NONE',  ( -29.83784878072522062, 29.27967853473189663, -75.49165398941609340 ) ) ;
#2771 = CARTESIAN_POINT ( 'NONE',  ( 56.78775627998957276, 36.02374440726627824, -74.38408889754471431 ) ) ;
#2772 = DIRECTION ( 'NONE',  ( 1.000000000000000000, 0.000000000000000000, 0.000000000000000000 ) ) ;
#2773 = EDGE_CURVE ( 'NONE', #249, #4322, #150, .T. ) ;
#2774 = CARTESIAN_POINT ( 'NONE',  ( -29.79190609114671418, 27.63110270656029499, -79.87796617991455150 ) ) ;
#2775 = AXIS2_PLACEMENT_3D ( 'NONE', #4033, #2585, #870 ) ;
#2776 = CARTESIAN_POINT ( 'NONE',  ( -55.15321092344949250, 29.27967853473190374, -80.49165398941610761 ) ) ;
#2777 = EDGE_CURVE ( 'NONE', #1641, #2475, #102, .T. ) ;
#2778 = ORIENTED_EDGE ( 'NONE', *, *, #1296, .T. ) ;
#2779 = EDGE_CURVE ( 'NONE', #4915, #3497, #2587, .T. ) ;
#2780 = VERTEX_POINT ( 'NONE', #177 ) ;
#2781 = CYLINDRICAL_SURFACE ( 'NONE', #2979, 1.000000000000000888 ) ;
#2782 = CARTESIAN_POINT ( 'NONE',  ( -55.39993948762170106, 43.83156400098485506, -77.95683503433724582 ) ) ;
#2783 = DIRECTION ( 'NONE',  ( -1.000000000000000000, -6.317050217590119366E-32, -2.220446049250309876E-16 ) ) ;
#2784 = LINE ( 'NONE', #4558, #258 ) ;
#2785 = DIRECTION ( 'NONE',  ( 0.7071067811865471286, -0.7071067811865480168, 0.000000000000000000 ) ) ;
#2786 = DIRECTION ( 'NONE',  ( 1.000000000000000000, 0.000000000000000000, 0.000000000000000000 ) ) ;
#2787 = ORIENTED_EDGE ( 'NONE', *, *, #4546, .F. ) ;
#2788 = CARTESIAN_POINT ( 'NONE',  ( -46.39999999999999858, 29.27967853473190019, -77.99165398941609340 ) ) ;
#2789 = ORIENTED_EDGE ( 'NONE', *, *, #3006, .T. ) ;
#2790 = CARTESIAN_POINT ( 'NONE',  ( -41.38973551113915050, 38.90600016902781988, -77.35556231367210955 ) ) ;
#2791 = CARTESIAN_POINT ( 'NONE',  ( -24.80000000000000071, 0.3046772556254859765, -59.99164897494249971 ) ) ;
#2792 = CIRCLE ( 'NONE', #2437, 1.000000000000000888 ) ;
#2793 = DIRECTION ( 'NONE',  ( 0.000000000000000000, -0.9454016103426764461, 0.3259076482095414340 ) ) ;
#2794 = CARTESIAN_POINT ( 'NONE',  ( 29.43690413382128668, 43.65645885227692702, -77.07716190255943900 ) ) ;
#2795 = EDGE_CURVE ( 'NONE', #1490, #3336, #1880, .T. ) ;
#2796 = CARTESIAN_POINT ( 'NONE',  ( -40.56564061767809193, 81.24399510139299707, -80.81721242473261668 ) ) ;
#2797 = VERTEX_POINT ( 'NONE', #120 ) ;
#2798 = CARTESIAN_POINT ( 'NONE',  ( -29.94256057417774741, 30.39324078225590497, -80.23587569251898799 ) ) ;
#2799 = CARTESIAN_POINT ( 'NONE',  ( 29.80533456340862841, 40.69217003530201993, -75.57280082689463541 ) ) ;
#2800 = CARTESIAN_POINT ( 'NONE',  ( -40.85743942582227817, 28.16611628720790605, -80.23587569251898799 ) ) ;
#2801 = PLANE ( 'NONE',  #2857 ) ;
#2802 = CARTESIAN_POINT ( 'NONE',  ( 56.26959786225310722, 40.05465516991416308, -75.83562560931866869 ) ) ;
#2803 = EDGE_LOOP ( 'NONE', ( #4068, #3638, #4297, #4339 ) ) ;
#2804 = CARTESIAN_POINT ( 'NONE',  ( -40.02879770058425635, 35.86423944749289205, -81.56094278807853470 ) ) ;
#2805 = ORIENTED_EDGE ( 'NONE', *, *, #4904, .T. ) ;
#2806 = CARTESIAN_POINT ( 'NONE',  ( 17.39999999999999858, 35.30482198470239297, -71.96777173434509223 ) ) ;
#2807 = CARTESIAN_POINT ( 'NONE',  ( 56.49295688560511763, 34.27967853473190729, -75.49165398941609340 ) ) ;
#2808 = DIRECTION ( 'NONE',  ( -1.000000000000000000, 0.000000000000000000, 0.000000000000000000 ) ) ;
#2809 = DIRECTION ( 'NONE',  ( -0.7071067811865477948, 0.7071067811865473507, 0.000000000000000000 ) ) ;
#2810 = CARTESIAN_POINT ( 'NONE',  ( -34.01331868334230535, 37.76842646872643883, -83.57950184521362758 ) ) ;
#2811 = CIRCLE ( 'NONE', #4899, 5.000000000000004441 ) ;
#2812 = CARTESIAN_POINT ( 'NONE',  ( 41.03376169804101892, 42.27555718547604613, -75.67748753727008193 ) ) ;
#2813 = VERTEX_POINT ( 'NONE', #2414 ) ;
#2814 = ORIENTED_EDGE ( 'NONE', *, *, #2689, .F. ) ;
#2815 = CARTESIAN_POINT ( 'NONE',  ( -34.44754899170796847, 32.81041748126867930, -71.81615246090942151 ) ) ;
#2816 = ORIENTED_EDGE ( 'NONE', *, *, #1567, .F. ) ;
#2817 = CARTESIAN_POINT ( 'NONE',  ( -17.39999999999999858, 29.34970958719670264, -78.01686629702470555 ) ) ;
#2818 = DIRECTION ( 'NONE',  ( 1.000000000000000000, 0.000000000000000000, 0.000000000000000000 ) ) ;
#2819 = EDGE_CURVE ( 'NONE', #1762, #1508, #2007, .T. ) ;
#2820 = CARTESIAN_POINT ( 'NONE',  ( 29.52650006741450639, 43.35057510375271761, -76.51707561293068238 ) ) ;
#2821 = CARTESIAN_POINT ( 'NONE',  ( -41.04576804712983318, 80.33631680881542536, -79.80404487848004180 ) ) ;
#2822 = ORIENTED_EDGE ( 'NONE', *, *, #399, .T. ) ;
#2823 = CARTESIAN_POINT ( 'NONE',  ( -30.45420787903754345, 74.56110429202713874, -74.27083479419312084 ) ) ;
#2824 = CARTESIAN_POINT ( 'NONE',  ( 33.49214333182265335, 32.87446782803539236, -83.42966544387341798 ) ) ;
#2826 = ADVANCED_FACE ( 'NONE', ( #1159 ), #2940, .T. ) ;
#2825 = PRODUCT_DEFINITION ( 'UNKNOWN', '', #1112, #3446 ) ;
#2827 = DIRECTION ( 'NONE',  ( 0.000000000000000000, 0.000000000000000000, -1.000000000000000000 ) ) ;
#2828 = EDGE_CURVE ( 'NONE', #1205, #116, #2507, .T. ) ;
#2829 = CARTESIAN_POINT ( 'NONE',  ( -40.96800570669377350, 27.75465614744751264, -79.97925061509016587 ) ) ;
#2830 = AXIS2_PLACEMENT_3D ( 'NONE', #3318, #5211, #5721 ) ;
#2831 = CARTESIAN_POINT ( 'NONE',  ( -30.05849165811505230, 28.94615977992581080, -80.47470496488524816 ) ) ;
#2832 = CARTESIAN_POINT ( 'NONE',  ( 46.39999999999999858, 35.30467853473189876, -71.96665398941610192 ) ) ;
#2833 = ORIENTED_EDGE ( 'NONE', *, *, #2659, .T. ) ;
#2834 = CARTESIAN_POINT ( 'NONE',  ( -39.61303454515796574, 36.80073811165372888, -82.01369126725936098 ) ) ;
#2835 = AXIS2_PLACEMENT_3D ( 'NONE', #1659, #3462, #5681 ) ;
#2836 = ORIENTED_EDGE ( 'NONE', *, *, #318, .T. ) ;
#2837 = EDGE_CURVE ( 'NONE', #4563, #154, #4921, .T. ) ;
#2838 = DIRECTION ( 'NONE',  ( -2.220446049250309876E-16, 0.000000000000000000, 1.000000000000000000 ) ) ;
#2839 = CARTESIAN_POINT ( 'NONE',  ( -37.02705449373919322, 32.85287958609123393, -83.51682805763040562 ) ) ;
#2840 = CARTESIAN_POINT ( 'NONE',  ( 38.24231810561365563, 72.27741496219952921, -72.45344702752008459 ) ) ;
#2841 = CARTESIAN_POINT ( 'NONE',  ( -6.899999999999999467, 0.3046772556254850328, -62.49164817027969576 ) ) ;
#2842 = CARTESIAN_POINT ( 'NONE',  ( -33.76715293304670951, 37.75612888838255543, -83.51519296639922629 ) ) ;
#2843 = EDGE_CURVE ( 'NONE', #1248, #4606, #2993, .T. ) ;
#2844 = CARTESIAN_POINT ( 'NONE',  ( -2.799999999999999822, -8.695322744374500701, -59.99164897494249971 ) ) ;
#2845 = ORIENTED_EDGE ( 'NONE', *, *, #3581, .F. ) ;
#2846 = CARTESIAN_POINT ( 'NONE',  ( 38.42599980393261916, 37.73332898282971115, -72.56043277438602956 ) ) ;
#2847 = CARTESIAN_POINT ( 'NONE',  ( -29.80444118588961899, 40.67951596930537761, -75.57591714352849976 ) ) ;
#2848 = ORIENTED_EDGE ( 'NONE', *, *, #2955, .F. ) ;
#2849 = CYLINDRICAL_SURFACE ( 'NONE', #1324, 2.500000000000002220 ) ;
#2850 = DIRECTION ( 'NONE',  ( 0.000000000000000000, -1.000000000000000000, 2.775557561562890365E-16 ) ) ;
#2851 = CARTESIAN_POINT ( 'NONE',  ( 14.40000000000000036, 45.37470958719600134, -78.01686516830319817 ) ) ;
#2852 = CARTESIAN_POINT ( 'NONE',  ( -36.35928477762370647, 83.59226993452944043, -83.66937403324074296 ) ) ;
#2853 = ORIENTED_EDGE ( 'NONE', *, *, #4908, .F. ) ;
#2854 = CARTESIAN_POINT ( 'NONE',  ( -29.53451710867872393, 31.27050760843886579, -76.47071689924356974 ) ) ;
#2855 = CARTESIAN_POINT ( 'NONE',  ( -57.17295525124449540, 37.64743844118484617, -72.83954731811708427 ) ) ;
#2856 = CARTESIAN_POINT ( 'NONE',  ( 30.06732074893710305, 41.32967853473189734, -80.49165398941610761 ) ) ;
#2857 = AXIS2_PLACEMENT_3D ( 'NONE', #215, #1019, #5167 ) ;
#2858 = DIRECTION ( 'NONE',  ( 0.000000000000000000, -0.9453952838176464812, 0.3259259997842329226 ) ) ;
#2859 = FACE_OUTER_BOUND ( 'NONE', #5565, .T. ) ;
#2860 = VECTOR ( 'NONE', #5641, 1000.000000000000000 ) ;
#2861 = CARTESIAN_POINT ( 'NONE',  ( 54.92142273138031783, 42.58611590225218180, -80.17747976256099207 ) ) ;
#2862 = VERTEX_POINT ( 'NONE', #4445 ) ;
#2863 = DIRECTION ( 'NONE',  ( -1.000000000000000000, 2.220446049250309876E-16, -1.001483571081361987E-31 ) ) ;
#2864 = ORIENTED_EDGE ( 'NONE', *, *, #3825, .F. ) ;
#2865 = LINE ( 'NONE', #5711, #5434 ) ;
#2866 = CARTESIAN_POINT ( 'NONE',  ( -40.96896298958018434, 29.61168349381433273, -75.50829109075196754 ) ) ;
#2867 = CARTESIAN_POINT ( 'NONE',  ( 14.40000000000000036, 45.37470958719600134, -92.99165398941609340 ) ) ;
#2868 = CARTESIAN_POINT ( 'NONE',  ( -38.50723192256405270, 37.72085977396192646, -72.60889314105111225 ) ) ;
#2869 = CARTESIAN_POINT ( 'NONE',  ( -35.39999999999999858, 37.78950685866919912, -83.74164817027978813 ) ) ;
#2870 = AXIS2_PLACEMENT_3D ( 'NONE', #5495, #52, #2315 ) ;
#2871 = CARTESIAN_POINT ( 'NONE',  ( 41.35823868763162636, 43.63938971312699522, -77.03496708828033945 ) ) ;
#2872 = ORIENTED_EDGE ( 'NONE', *, *, #3274, .T. ) ;
#2873 = CARTESIAN_POINT ( 'NONE',  ( 46.39999999999999858, 29.27967853473190019, -77.99165398941609340 ) ) ;
#2874 = CYLINDRICAL_SURFACE ( 'NONE', #1362, 2.500000000000002220 ) ;
#2875 = ORIENTED_EDGE ( 'NONE', *, *, #5156, .F. ) ;
#2876 = CARTESIAN_POINT ( 'NONE',  ( -40.96218368221104100, 40.99723221696726227, -75.49173424018383116 ) ) ;
#2877 = CARTESIAN_POINT ( 'NONE',  ( 34.91860041257743319, 83.64814667400489157, -83.74164817027973129 ) ) ;
#2878 = ADVANCED_FACE ( 'NONE', ( #3059 ), #2263, .F. ) ;
#2879 = APPLICATION_PROTOCOL_DEFINITION ( 'draft international standard', 'automotive_design', 1998, #3173 ) ;
#2880 = DIRECTION ( 'NONE',  ( -1.519290839321570161E-64, 1.000000000000000000, -1.039540976564489922E-112 ) ) ;
#2881 = EDGE_CURVE ( 'NONE', #4724, #1344, #3171, .T. ) ;
#2882 = CARTESIAN_POINT ( 'NONE',  ( -36.36164193774644104, 71.42145122622619624, -71.81442354942767281 ) ) ;
#2883 = ORIENTED_EDGE ( 'NONE', *, *, #1268, .F. ) ;
#2884 = CARTESIAN_POINT ( 'NONE',  ( -29.39860358459955592, 31.78080919676777683, -77.84454925007621284 ) ) ;
#2885 = PLANE ( 'NONE',  #2685 ) ;
#2886 = FACE_OUTER_BOUND ( 'NONE', #2202, .T. ) ;
#2887 = CIRCLE ( 'NONE', #5522, 2.500000000000002220 ) ;
#2888 = DIRECTION ( 'NONE',  ( -1.000000000000000000, 0.000000000000000000, 0.000000000000000000 ) ) ;
#2889 = CIRCLE ( 'NONE', #1381, 2.099999999999997868 ) ;
#2890 = DIRECTION ( 'NONE',  ( 0.000000000000000000, -1.000000000000000000, 2.775557561562890365E-16 ) ) ;
#2891 = CARTESIAN_POINT ( 'NONE',  ( 59.30028153510239974, -14.59532146526809981, -59.99165386405420008 ) ) ;
#2892 = VERTEX_POINT ( 'NONE', #4505 ) ;
#2893 = DIRECTION ( 'NONE',  ( -1.000000000000000000, 0.000000000000000000, 0.000000000000000000 ) ) ;
#2894 = VERTEX_POINT ( 'NONE', #2674 ) ;
#2895 = DIRECTION ( 'NONE',  ( 0.000000000000000000, -0.9309532560805583445, 0.3651383778692761095 ) ) ;
#2896 = CARTESIAN_POINT ( 'NONE',  ( -40.89233577034080724, 30.53599305686153542, -80.15900362285039193 ) ) ;
#2897 = CARTESIAN_POINT ( 'NONE',  ( 41.40932610473020503, 78.35545042366194934, -77.74133493096536540 ) ) ;
#2898 = CARTESIAN_POINT ( 'NONE',  ( -40.25446276852421335, 34.18315108430763871, -74.21278826724284272 ) ) ;
#2899 = CARTESIAN_POINT ( 'NONE',  ( -30.05905372199886116, 41.65738394285389745, -80.47579565589094841 ) ) ;
#2900 = EDGE_CURVE ( 'NONE', #930, #1511, #4064, .T. ) ;
#2901 = DIRECTION ( 'NONE',  ( -1.519290839321570161E-64, -1.000000000000000000, 1.039540976564489922E-112 ) ) ;
#2902 = VERTEX_POINT ( 'NONE', #3590 ) ;
#2903 = CARTESIAN_POINT ( 'NONE',  ( 38.81981806395006629, 37.65913642584997234, -72.81016747997256289 ) ) ;
#2904 = CARTESIAN_POINT ( 'NONE',  ( -55.87854562105016498, 38.87675760000660574, -77.50870633818992417 ) ) ;
#2905 = EDGE_LOOP ( 'NONE', ( #3218, #5242, #3423, #3556, #757 ) ) ;
#2906 = CARTESIAN_POINT ( 'NONE',  ( -2.220446049250309925E-15, 35.30467853473189876, -121.0685770663390031 ) ) ;
#2907 = CARTESIAN_POINT ( 'NONE',  ( 34.90977399771160350, 71.32196075073872521, -71.74164817027970287 ) ) ;
#2908 = CARTESIAN_POINT ( 'NONE',  ( 41.12988623162432589, 27.28918432801229699, -79.53772797599836508 ) ) ;
#2909 = AXIS2_PLACEMENT_3D ( 'NONE', #4079, #2772, #2335 ) ;
#2910 = EDGE_LOOP ( 'NONE', ( #593, #353, #3724, #3526, #5425, #4482, #2534, #1997 ) ) ;
#2911 = EDGE_CURVE ( 'NONE', #2894, #5808, #3262, .T. ) ;
#2912 = EDGE_CURVE ( 'NONE', #3247, #4443, #5140, .T. ) ;
#2913 = LINE ( 'NONE', #2477, #3810 ) ;
#2914 = VERTEX_POINT ( 'NONE', #4532 ) ;
#2915 = FACE_OUTER_BOUND ( 'NONE', #3106, .T. ) ;
#2916 = ADVANCED_FACE ( 'NONE', ( #55 ), #1003, .F. ) ;
#2917 = DIRECTION ( 'NONE',  ( 0.000000000000000000, 2.775557561562890365E-16, 1.000000000000000000 ) ) ;
#2918 =( BOUNDED_CURVE ( )  B_SPLINE_CURVE ( 3, ( #3071, #4872, #1204, #4809 ),
 .UNSPECIFIED., .F., .T. ) 
 B_SPLINE_CURVE_WITH_KNOTS ( ( 4, 4 ),
 ( -1.776356839400250465E-15, 3.141592653589794004 ),
 .UNSPECIFIED. ) 
 CURVE ( )  GEOMETRIC_REPRESENTATION_ITEM ( )  RATIONAL_B_SPLINE_CURVE ( ( 1.000000000000000000, 0.3333333333333324822, 0.3333333333333324822, 1.000000000000000000 ) ) 
 REPRESENTATION_ITEM ( '' )  );
#2919 = CARTESIAN_POINT ( 'NONE',  ( 31.25624368731511638, 33.25648071448645027, -73.40141984560976596 ) ) ;
#2920 = DIRECTION ( 'NONE',  ( 0.000000000000000000, 1.000000000000000000, 0.000000000000000000 ) ) ;
#2921 = AXIS2_PLACEMENT_3D ( 'NONE', #3118, #2, #2208 ) ;
#2922 = DIRECTION ( 'NONE',  ( -1.000000000000000000, -8.339025895487658924E-48, -4.005934284325434700E-32 ) ) ;
#2923 = PRODUCT ( 'head', 'head', '', ( #4238 ) ) ;
#2924 = CARTESIAN_POINT ( 'NONE',  ( 54.72118761717121060, 36.88595819549480126, -82.05304332607909146 ) ) ;
#2925 = ORIENTED_EDGE ( 'NONE', *, *, #866, .F. ) ;
#2926 = CARTESIAN_POINT ( 'NONE',  ( 46.39999999999999858, 41.32967853473189734, -80.49165398941610761 ) ) ;
#2927 = ORIENTED_EDGE ( 'NONE', *, *, #5512, .T. ) ;
#2928 = CARTESIAN_POINT ( 'NONE',  ( 37.56890601948875030, 37.71111914552344757, -83.33741561736478332 ) ) ;
#2929 = CARTESIAN_POINT ( 'NONE',  ( -40.85752886517607152, 30.39383426516804576, -80.23569715223790411 ) ) ;
#2930 = CIRCLE ( 'NONE', #114, 1.000000000000000888 ) ;
#2931 = CARTESIAN_POINT ( 'NONE',  ( 14.44999999999999929, 45.37470958719600134, -78.01686516830319817 ) ) ;
#2932 = CARTESIAN_POINT ( 'NONE',  ( -39.98133116101741535, 36.95024577291866308, -73.86198770832098148 ) ) ;
#2933 = CARTESIAN_POINT ( 'NONE',  ( -31.03092827721394897, 36.59643562334724720, -81.86017531902757582 ) ) ;
#2934 = B_SPLINE_CURVE_WITH_KNOTS ( 'NONE', 3,
 ( #1815, #1250, #2700, #407, #4503, #4383, #5838, #2617, #433, #3613, #2231, #380, #352, #3945, #5357, #1697, #1786, #5387, #2173, #3056, #3978, #5781, #839, #2643, #3558, #1310, #3114, #3586, #2782, #2342 ),
 .UNSPECIFIED., .F., .F.,
 ( 4, 2, 2, 2, 1, 1, 1, 1, 2, 2, 2, 2, 2, 2, 2, 2, 4 ),
 ( 0.6608584807156987484, 0.7456438605367500250, 0.7880365504472757188, 0.8092328954025371779, 0.8198310678801674634, 0.8251301541189842714, 0.8277796972383926200, 0.8291044687980962946, 0.8297668545779472993, 0.8304292403577981929, 0.8728219302683584147, 0.8940182752236404129, 0.9046164477012798022, 0.9099155339400981646, 0.9152146201789166380, 0.9576073100894584300, 1.000000000000000000 ),
 .UNSPECIFIED. ) ;
#2935 = ORIENTED_EDGE ( 'NONE', *, *, #3936, .F. ) ;
#2936 = CARTESIAN_POINT ( 'NONE',  ( 37.92476760093012444, 32.82416460681022841, -72.29096796596780905 ) ) ;
#2937 = CARTESIAN_POINT ( 'NONE',  ( -29.89044628080565502, 40.01151800919378587, -80.11802115667205726 ) ) ;
#2938 = ORIENTED_EDGE ( 'NONE', *, *, #1813, .T. ) ;
#2939 = CARTESIAN_POINT ( 'NONE',  ( -14.44999999999999929, 16.80467116413909778, -59.99164897494249971 ) ) ;
#2940 = PLANE ( 'NONE',  #1947 ) ;
#2941 = B_SPLINE_CURVE_WITH_KNOTS ( 'NONE', 3,
 ( #1164, #2533, #3035, #298, #4803, #5607, #1642, #5249, #1196, #3828, #696, #4833, #2027, #5727, #2971, #3475, #2150, #756, #3384, #3003, #1674, #1550, #4772, #2594, #239, #4268, #784, #4713, #667, #359, #1103, #3354 ),
 .UNSPECIFIED., .F., .F.,
 ( 4, 2, 2, 2, 1, 1, 1, 1, 1, 1, 2, 2, 2, 2, 1, 1, 1, 1, 2, 2, 4 ),
 ( 0.000000000000000000, 0.2499999999999236722, 0.3749999999998855360, 0.4374999999998666067, 0.4687499999998574474, 0.4843749999998524514, 0.4921874999998498978, 0.4960937499998488431, 0.4980468749998481770, 0.4990234374998475664, 0.4995117187498475664, 0.4999999999998474554, 0.6249999999998847589, 0.6874999999999032996, 0.7187499999999125144, 0.7343749999999170663, 0.7421874999999195088, 0.7460937499999207301, 0.7480468749999213962, 0.7499999999999219513, 1.000000000000000000 ),
 .UNSPECIFIED. ) ;
#2942 = FACE_BOUND ( 'NONE', #2644, .T. ) ;
#2943 = VERTEX_POINT ( 'NONE', #5446 ) ;
#2944 = DIRECTION ( 'NONE',  ( 0.9518787543039091137, -0.3064748555833549659, 8.326672684688669123E-17 ) ) ;
#2945 = ORIENTED_EDGE ( 'NONE', *, *, #1465, .F. ) ;
#2946 = DIRECTION ( 'NONE',  ( -0.7071067811865477948, -0.7071067811865473507, 0.000000000000000000 ) ) ;
#2947 = CARTESIAN_POINT ( 'NONE',  ( -41.31784716273691060, 27.10796614914049130, -76.74252815618382328 ) ) ;
#2948 = DIRECTION ( 'NONE',  ( 4.778234038617010480E-15, 1.776356839400250070E-15, 1.000000000000000000 ) ) ;
#2949 = CARTESIAN_POINT ( 'NONE',  ( -46.39999999999999858, 35.30467853473189876, -71.96665398941610192 ) ) ;
#2950 = DIRECTION ( 'NONE',  ( -1.000000000000000000, 0.000000000000000000, 0.000000000000000000 ) ) ;
#2951 = ORIENTED_EDGE ( 'NONE', *, *, #5540, .F. ) ;
#2952 = EDGE_CURVE ( 'NONE', #1086, #249, #2784, .T. ) ;
#2953 = LINE ( 'NONE', #737, #4010 ) ;
#2954 = ORIENTED_EDGE ( 'NONE', *, *, #4751, .F. ) ;
#2955 = EDGE_CURVE ( 'NONE', #5821, #5270, #5150, .T. ) ;
#2956 = CARTESIAN_POINT ( 'NONE',  ( 36.77732455756770236, 80.30467853473180639, -95.99165398941610761 ) ) ;
#2957 = LINE ( 'NONE', #2548, #53 ) ;
#2958 = DIRECTION ( 'NONE',  ( -1.000000000000000000, 2.220446049250309876E-16, -1.001483571081361987E-31 ) ) ;
#2959 = CARTESIAN_POINT ( 'NONE',  ( -40.45113309840965599, 35.29873692423061726, -74.50393409881786511 ) ) ;
#2960 = CARTESIAN_POINT ( 'NONE',  ( -31.15738686387660650, 33.84850602475407300, -81.98435527465723283 ) ) ;
#2961 = ADVANCED_FACE ( 'NONE', ( #4198 ), #111, .F. ) ;
#2962 = ORIENTED_EDGE ( 'NONE', *, *, #3700, .F. ) ;
#2963 = CARTESIAN_POINT ( 'NONE',  ( 39.80394185209969038, 37.13873986502425595, -73.66627344664478017 ) ) ;
#2964 = CARTESIAN_POINT ( 'NONE',  ( -29.55795093832400511, 39.09178661881568928, -79.11797536903127082 ) ) ;
#2965 = VERTEX_POINT ( 'NONE', #4143 ) ;
#2966 = DIRECTION ( 'NONE',  ( 0.000000000000000000, -2.775557561562890365E-16, -1.000000000000000000 ) ) ;
#2967 = CARTESIAN_POINT ( 'NONE',  ( -32.32011065885957635, 32.88417529222643054, -72.59242919422763407 ) ) ;
#2968 = VECTOR ( 'NONE', #677, 1000.000000000000000 ) ;
#2969 = DIRECTION ( 'NONE',  ( 0.000000000000000000, 1.000000000000000000, 0.000000000000000000 ) ) ;
#2970 = ORIENTED_EDGE ( 'NONE', *, *, #2420, .F. ) ;
#2971 = CARTESIAN_POINT ( 'NONE',  ( 54.51026768152848945, 62.57243228678617442, -66.41685532030172112 ) ) ;
#2972 = ORIENTED_EDGE ( 'NONE', *, *, #5716, .F. ) ;
#2973 = CARTESIAN_POINT ( 'NONE',  ( 57.40253323112970207, 37.80467853473189876, -71.96665396316980434 ) ) ;
#2974 = LINE ( 'NONE', #331, #5412 ) ;
#2975 = CARTESIAN_POINT ( 'NONE',  ( 31.05511343728593943, 37.24922458524883240, -73.57838767038094829 ) ) ;
#2976 = EDGE_CURVE ( 'NONE', #3459, #2625, #3833, .T. ) ;
#2977 = CARTESIAN_POINT ( 'NONE',  ( -46.39999999999999858, 41.32967853473189734, -80.49165398941610761 ) ) ;
#2978 = CARTESIAN_POINT ( 'NONE',  ( 14.12624431236589828, -10.69532274437450070, -62.49164817027969576 ) ) ;
#2979 = AXIS2_PLACEMENT_3D ( 'NONE', #3167, #3277, #4581 ) ;
#2980 = CYLINDRICAL_SURFACE ( 'NONE', #2281, 1.000000000000000888 ) ;
#2981 = ORIENTED_EDGE ( 'NONE', *, *, #309, .T. ) ;
#2982 = AXIS2_PLACEMENT_3D ( 'NONE', #330, #4298, #2029 ) ;
#2983 = VECTOR ( 'NONE', #4169, 1000.000000000000000 ) ;
#2984 = CARTESIAN_POINT ( 'NONE',  ( -37.30415061601948423, 37.73698740311348843, -83.43241413071162071 ) ) ;
#2985 = EDGE_LOOP ( 'NONE', ( #2144, #1083 ) ) ;
#2986 = CARTESIAN_POINT ( 'NONE',  ( -17.39999999999999858, 34.37471071591760108, -84.04186516830250753 ) ) ;
#2987 = EDGE_CURVE ( 'NONE', #1086, #2456, #141, .T. ) ;
#2988 = CARTESIAN_POINT ( 'NONE',  ( -29.90917916831170942, 42.58110426947017402, -80.16243484622572169 ) ) ;
#2989 = CARTESIAN_POINT ( 'NONE',  ( 36.59854060750969040, 83.55831342233949499, -83.62552168877435577 ) ) ;
#2990 = DIRECTION ( 'NONE',  ( -0.2588190451025210170, 3.330669073875470607E-16, 0.9659258262890680902 ) ) ;
#2991 = CARTESIAN_POINT ( 'NONE',  ( -31.24757846946914341, 36.87711224572466051, -82.07273173191552473 ) ) ;
#2992 = ORIENTED_EDGE ( 'NONE', *, *, #3576, .T. ) ;
#2993 = B_SPLINE_CURVE_WITH_KNOTS ( 'NONE', 3,
 ( #3561, #3117, #2234, #4977 ),
 .UNSPECIFIED., .F., .F.,
 ( 4, 4 ),
 ( 0.5000000000000000000, 1.000000000000000000 ),
 .UNSPECIFIED. ) ;
#2994 = CARTESIAN_POINT ( 'NONE',  ( 37.59700924532367594, 32.81147626336860412, -72.15632385937161075 ) ) ;
#2995 = CARTESIAN_POINT ( 'NONE',  ( -29.90839441223888073, 40.08037138091683005, -80.15908003465658282 ) ) ;
#2996 = ORIENTED_EDGE ( 'NONE', *, *, #934, .T. ) ;
#2997 = CARTESIAN_POINT ( 'NONE',  ( -37.07457506495759958, 79.87622662222530323, -95.99164817027978813 ) ) ;
#2998 = CARTESIAN_POINT ( 'NONE',  ( 30.23908721804114563, 81.25125220288992978, -80.82546478854672500 ) ) ;
#2999 = CARTESIAN_POINT ( 'NONE',  ( -2.220446049250309925E-15, 41.32982198470239865, -77.99277173434509791 ) ) ;
#3000 = AXIS2_PLACEMENT_3D ( 'NONE', #1938, #1486, #5097 ) ;
#3001 = CARTESIAN_POINT ( 'NONE',  ( -46.39999999999999858, 41.32967853473189734, -77.99165398941609340 ) ) ;
#3002 = EDGE_LOOP ( 'NONE', ( #2225, #5585, #1497, #2640 ) ) ;
#3003 = CARTESIAN_POINT ( 'NONE',  ( 57.53312836659161889, 55.00955257649118835, -63.24628437979977491 ) ) ;
#3004 = VERTEX_POINT ( 'NONE', #572 ) ;
#3005 = CARTESIAN_POINT ( 'NONE',  ( 58.07869056918536899, 36.02001877337687574, -69.56503965050318072 ) ) ;
#3006 = EDGE_CURVE ( 'NONE', #1714, #724, #1476, .T. ) ;
#3007 = CARTESIAN_POINT ( 'NONE',  ( -36.56965463892600354, 85.30467853473189166, -85.99165398941610761 ) ) ;
#3008 = AXIS2_PLACEMENT_3D ( 'NONE', #1524, #5669, #2858 ) ;
#3009 = CARTESIAN_POINT ( 'NONE',  ( 33.77228927287560367, 37.80467853473189876, -71.96665398942489844 ) ) ;
#3010 = CARTESIAN_POINT ( 'NONE',  ( 60.64615862044229999, 35.37467691290309801, -59.99169410092059707 ) ) ;
#3011 = DIRECTION ( 'NONE',  ( 1.000000000000000000, 0.000000000000000000, 0.000000000000000000 ) ) ;
#3012 = DIRECTION ( 'NONE',  ( 0.000000000000000000, 1.000000000000000000, 0.000000000000000000 ) ) ;
#3013 = ORIENTED_EDGE ( 'NONE', *, *, #4046, .T. ) ;
#3014 = CARTESIAN_POINT ( 'NONE',  ( 41.14830601099379237, 39.30218141362508533, -79.46316921936616495 ) ) ;
#3015 = CARTESIAN_POINT ( 'NONE',  ( 41.25260743756804516, 43.58906216693097235, -79.06735132172956071 ) ) ;
#3016 = VERTEX_POINT ( 'NONE', #1846 ) ;
#3017 = PLANE ( 'NONE',  #3358 ) ;
#3018 = CARTESIAN_POINT ( 'NONE',  ( 32.34024705934753285, 37.54290875953181938, -82.90280827979403000 ) ) ;
#3019 = CARTESIAN_POINT ( 'NONE',  ( 54.93728143282280030, 41.32967853473189734, -80.49165398941610761 ) ) ;
#3020 = DIRECTION ( 'NONE',  ( -1.000000000000000000, 0.000000000000000000, 0.000000000000000000 ) ) ;
#3021 = CARTESIAN_POINT ( 'NONE',  ( -30.73629250900013687, 35.01511950557362951, -81.51654319646385716 ) ) ;
#3022 = CIRCLE ( 'NONE', #3496, 1.000000000000000888 ) ;
#3023 = EDGE_LOOP ( 'NONE', ( #5320, #4882, #2639, #3664 ) ) ;
#3024 = CARTESIAN_POINT ( 'NONE',  ( 44.00000000000000000, 12.80467725562550108, -92.99164817027970287 ) ) ;
#3025 = CARTESIAN_POINT ( 'NONE',  ( -55.49279607825505423, 39.01069811358102157, -78.92564457174472636 ) ) ;
#3026 = VERTEX_POINT ( 'NONE', #3728 ) ;
#3027 = CARTESIAN_POINT ( 'NONE',  ( 37.07457506495759958, 79.87622662222530323, -95.99164817027978813 ) ) ;
#3028 = CARTESIAN_POINT ( 'NONE',  ( -30.81163828515901670, 33.66636356881430459, -73.87073279657546721 ) ) ;
#3029 = CARTESIAN_POINT ( 'NONE',  ( 29.59945069494967029, 39.57849941733044119, -76.20743804934562604 ) ) ;
#3030 = CONICAL_SURFACE ( 'NONE', #2835, 82.89270966887940517, 0.2617993877991502405 ) ;
#3031 = EDGE_CURVE ( 'NONE', #1551, #4955, #5530, .T. ) ;
#3032 = CARTESIAN_POINT ( 'NONE',  ( 41.38956681496856760, 26.85711058337885504, -77.35260539442995764 ) ) ;
#3033 = ORIENTED_EDGE ( 'NONE', *, *, #530, .F. ) ;
#3034 = UNCERTAINTY_MEASURE_WITH_UNIT (LENGTH_MEASURE( 1.000000000000000082E-05 ), #161, 'distance_accuracy_value', 'NONE');
#3035 = CARTESIAN_POINT ( 'NONE',  ( 45.96954290959132550, 76.17021622524752900, -75.48572499474272490 ) ) ;
#3036 = VERTEX_POINT ( 'NONE', #628 ) ;
#3037 = CARTESIAN_POINT ( 'NONE',  ( 46.39999999999999858, 41.32967853473189734, -77.99165398941609340 ) ) ;
#3038 = LINE ( 'NONE', #4836, #2494 ) ;
#3039 = VECTOR ( 'NONE', #893, 1000.000000000000000 ) ;
#3040 = CARTESIAN_POINT ( 'NONE',  ( -17.39999999999999858, 41.39970958719539595, -78.01686403958160554 ) ) ;
#3041 = EDGE_CURVE ( 'NONE', #1390, #3202, #993, .T. ) ;
#3042 = DIRECTION ( 'NONE',  ( -1.000000000000000000, 0.000000000000000000, 0.000000000000000000 ) ) ;
#3043 = CARTESIAN_POINT ( 'NONE',  ( -26.80000000000000071, 4.054677255625490417, -62.49164817027980234 ) ) ;
#3044 = CARTESIAN_POINT ( 'NONE',  ( -54.43641274090825277, 37.61123294507891046, -83.05227474474422422 ) ) ;
#3045 = VERTEX_POINT ( 'NONE', #543 ) ;
#3046 = DIRECTION ( 'NONE',  ( -1.000000000000000000, -2.220446049250309876E-16, 6.317050217590119366E-32 ) ) ;
#3047 = CARTESIAN_POINT ( 'NONE',  ( 53.78727163901801589, 37.32210871436049615, -85.50206614349160361 ) ) ;
#3048 = ORIENTED_EDGE ( 'NONE', *, *, #3692, .T. ) ;
#3049 = DIRECTION ( 'NONE',  ( -1.000000000000000000, 0.000000000000000000, 0.000000000000000000 ) ) ;
#3050 = CARTESIAN_POINT ( 'NONE',  ( 31.17319196997783237, 33.82702928541844756, -82.00006938065459394 ) ) ;
#3051 = CARTESIAN_POINT ( 'NONE',  ( -58.35732112343743694, 52.24189636860351271, -62.38423885510854205 ) ) ;
#3052 = CARTESIAN_POINT ( 'NONE',  ( 60.64617071191170083, 35.37467691289879923, -59.99164897494249971 ) ) ;
#3053 = VERTEX_POINT ( 'NONE', #1927 ) ;
#3054 = ORIENTED_EDGE ( 'NONE', *, *, #5055, .T. ) ;
#3055 = DIRECTION ( 'NONE',  ( 1.000000000000000000, 6.317050217590119366E-32, 2.220446049250309876E-16 ) ) ;
#3056 = CARTESIAN_POINT ( 'NONE',  ( -55.72312661011505952, 43.55846576058601016, -76.85818662793727185 ) ) ;
#3057 = ORIENTED_EDGE ( 'NONE', *, *, #1347, .F. ) ;
#3058 = CARTESIAN_POINT ( 'NONE',  ( -56.49295688560511053, 29.27967853473190374, -75.49165398941609340 ) ) ;
#3059 = FACE_OUTER_BOUND ( 'NONE', #1247, .T. ) ;
#3060 = CARTESIAN_POINT ( 'NONE',  ( 17.39999999999999858, 29.27967853473190019, -77.99165398941609340 ) ) ;
#3061 = CARTESIAN_POINT ( 'NONE',  ( 41.33154384877627763, 26.86503225055328770, -78.65985544867734802 ) ) ;
#3062 = ORIENTED_EDGE ( 'NONE', *, *, #1243, .T. ) ;
#3063 = CARTESIAN_POINT ( 'NONE',  ( 17.39999999999999858, 35.01406193031649394, -72.92456773704030581 ) ) ;
#3064 = ORIENTED_EDGE ( 'NONE', *, *, #2099, .T. ) ;
#3065 = CARTESIAN_POINT ( 'NONE',  ( -54.20869002012980076, 32.80467853473189166, -84.01665398941599960 ) ) ;
#3066 = LINE ( 'NONE', #3832, #2860 ) ;
#3067 = EDGE_CURVE ( 'NONE', #2259, #4907, #3198, .T. ) ;
#3068 = CARTESIAN_POINT ( 'NONE',  ( 32.84499243406564517, 37.79451401522187837, -72.28778794585704759 ) ) ;
#3069 = CARTESIAN_POINT ( 'NONE',  ( 29.98610112162885599, 42.21931280799528707, -80.32818338926860235 ) ) ;
#3070 = CARTESIAN_POINT ( 'NONE',  ( -41.33195080391915610, 43.74543571902216854, -78.65704500687365908 ) ) ;
#3071 = CARTESIAN_POINT ( 'NONE',  ( 55.15321092344949250, 29.27967853473190374, -80.49165398941610761 ) ) ;
#3072 = ORIENTED_EDGE ( 'NONE', *, *, #4763, .T. ) ;
#3073 = CARTESIAN_POINT ( 'NONE',  ( 40.73267925106289766, 41.17545788507643323, -80.49165398941612182 ) ) ;
#3074 = CARTESIAN_POINT ( 'NONE',  ( 41.35736804094560171, 43.63635975642238662, -77.02768443807730137 ) ) ;
#3075 = EDGE_LOOP ( 'NONE', ( #2543, #3227, #871, #1113 ) ) ;
#3076 = CARTESIAN_POINT ( 'NONE',  ( 32.56519708798544599, 37.60208037213417498, -83.03023389551448474 ) ) ;
#3077 = DIRECTION ( 'NONE',  ( -1.000000000000000000, 0.000000000000000000, 0.000000000000000000 ) ) ;
#3078 = LINE ( 'NONE', #3052, #2425 ) ;
#3079 = VERTEX_POINT ( 'NONE', #2345 ) ;
#3080 = VECTOR ( 'NONE', #403, 1000.000000000000000 ) ;
#3081 = ORIENTED_EDGE ( 'NONE', *, *, #2280, .F. ) ;
#3082 = CARTESIAN_POINT ( 'NONE',  ( 29.39816520419758206, 31.76521629159542570, -77.67650220870962130 ) ) ;
#3083 = CARTESIAN_POINT ( 'NONE',  ( -56.27095640278913180, 40.07243112131268248, -75.82420601767432800 ) ) ;
#3084 = ORIENTED_EDGE ( 'NONE', *, *, #4447, .F. ) ;
#3085 = CARTESIAN_POINT ( 'NONE',  ( -56.49295688560511763, 34.27967853473190729, -75.49165398941609340 ) ) ;
#3086 = CARTESIAN_POINT ( 'NONE',  ( -30.81887812985139874, 36.95047285022584305, -73.86173347951164203 ) ) ;
#3087 = CARTESIAN_POINT ( 'NONE',  ( -13.79999999999999893, -8.695322744374520241, -55.19165030598870203 ) ) ;
#3088 = CARTESIAN_POINT ( 'NONE',  ( -38.54154613368472582, 37.51768026987981841, -82.85348047301059182 ) ) ;
#3089 = EDGE_CURVE ( 'NONE', #2325, #3053, #1029, .T. ) ;
#3090 = LINE ( 'NONE', #468, #4655 ) ;
#3091 = VERTEX_POINT ( 'NONE', #598 ) ;
#3092 = CARTESIAN_POINT ( 'NONE',  ( 41.40140487362890553, 31.78070780910268667, -77.84333049935055726 ) ) ;
#3093 = ORIENTED_EDGE ( 'NONE', *, *, #3213, .F. ) ;
#3094 = FACE_OUTER_BOUND ( 'NONE', #1796, .T. ) ;
#3095 = CARTESIAN_POINT ( 'NONE',  ( -54.16123200531866644, 37.80438113902891928, -84.05827310663823937 ) ) ;
#3096 = EDGE_CURVE ( 'NONE', #4938, #4066, #1561, .T. ) ;
#3097 = CARTESIAN_POINT ( 'NONE',  ( -57.89872046504635961, 37.05675382960054520, -70.18310268404175645 ) ) ;
#3098 = EDGE_CURVE ( 'NONE', #2087, #1490, #2082, .T. ) ;
#3099 = CARTESIAN_POINT ( 'NONE',  ( 44.00000000000000000, -14.59532146526809981, -87.99164817027970287 ) ) ;
#3100 = EDGE_CURVE ( 'NONE', #4604, #2728, #285, .T. ) ;
#3101 = CARTESIAN_POINT ( 'NONE',  ( -41.26592459632394139, 43.32269538298714906, -76.47278734437074377 ) ) ;
#3102 = CARTESIAN_POINT ( 'NONE',  ( -54.87604497767341627, 35.67518191044704423, -81.52605138118055095 ) ) ;
#3103 = CARTESIAN_POINT ( 'NONE',  ( 41.20454912259467051, 39.17278003196103953, -79.25826926674490380 ) ) ;
#3104 = EDGE_CURVE ( 'NONE', #956, #3781, #1628, .T. ) ;
#3105 = DIRECTION ( 'NONE',  ( 1.519290839321570161E-64, -1.000000000000000000, 1.039540976564489922E-112 ) ) ;
#3106 = EDGE_LOOP ( 'NONE', ( #2562, #1851, #3365, #5720 ) ) ;
#3107 = VECTOR ( 'NONE', #2394, 1000.000000000000114 ) ;
#3108 = CARTESIAN_POINT ( 'NONE',  ( 30.77428414355029318, 34.73821769092121059, -81.56689666764022206 ) ) ;
#3109 = CARTESIAN_POINT ( 'NONE',  ( -2.220446049250309925E-15, 34.37471071591760108, -84.04186516830250753 ) ) ;
#3110 = LINE ( 'NONE', #803, #73 ) ;
#3111 = ORIENTED_EDGE ( 'NONE', *, *, #3041, .F. ) ;
#3112 = VERTEX_POINT ( 'NONE', #5265 ) ;
#3113 = CARTESIAN_POINT ( 'NONE',  ( 56.28046938734343740, 41.32967722536699995, -75.49174616341061039 ) ) ;
#3114 = CARTESIAN_POINT ( 'NONE',  ( -55.52945120534153745, 43.78546868379640955, -77.49537346807485960 ) ) ;
#3115 = EDGE_LOOP ( 'NONE', ( #4645, #307, #34, #1388, #2822 ) ) ;
#3116 = FACE_BOUND ( 'NONE', #1290, .T. ) ;
#3117 = CARTESIAN_POINT ( 'NONE',  ( 35.95203173516878792, 37.79452772363193702, -71.74159617626735042 ) ) ;
#3118 = CARTESIAN_POINT ( 'NONE',  ( 17.39999999999999858, 41.32967853473189734, -77.99165398941609340 ) ) ;
#3119 = VERTEX_POINT ( 'NONE', #4789 ) ;
#3120 = FACE_OUTER_BOUND ( 'NONE', #4590, .T. ) ;
#3121 = VERTEX_POINT ( 'NONE', #2550 ) ;
#3122 = CARTESIAN_POINT ( 'NONE',  ( -46.39999999999999858, 35.30467853473189876, -71.96665398941610192 ) ) ;
#3123 = DIRECTION ( 'NONE',  ( 0.000000000000000000, 1.000000000000000000, -2.775557561562890365E-16 ) ) ;
#3124 = CIRCLE ( 'NONE', #4159, 1.000000000000000888 ) ;
#3125 = DIRECTION ( 'NONE',  ( 0.01857135878213119970, 0.4471364679005699339, 0.8942729358011389795 ) ) ;
#3126 = VECTOR ( 'NONE', #3670, 1000.000000000000000 ) ;
#3127 = CARTESIAN_POINT ( 'NONE',  ( -2.220446049250309925E-15, 35.30467853473189876, -121.0685770663390031 ) ) ;
#3128 = CARTESIAN_POINT ( 'NONE',  ( -41.08964652340123536, 43.20465301827807991, -79.64747310441640593 ) ) ;
#3129 = CARTESIAN_POINT ( 'NONE',  ( -54.59131261878012964, 37.30112425771210383, -82.50345466112399606 ) ) ;
#3130 = CARTESIAN_POINT ( 'NONE',  ( 41.39298518466343779, 38.88858980482402927, -77.44585771051518464 ) ) ;
#3131 = CARTESIAN_POINT ( 'NONE',  ( 53.55889123424657328, 36.02381250399348289, -86.43408007733025045 ) ) ;
#3132 = ORIENTED_EDGE ( 'NONE', *, *, #1751, .F. ) ;
#3133 = CARTESIAN_POINT ( 'NONE',  ( 31.22112818064430684, 36.84462135225520285, -82.04716455369819528 ) ) ;
#3134 = CARTESIAN_POINT ( 'NONE',  ( 46.39999999999999858, 41.32967853473189734, -75.49165398941609340 ) ) ;
#3135 = ORIENTED_EDGE ( 'NONE', *, *, #3581, .T. ) ;
#3136 = ADVANCED_FACE ( 'NONE', ( #315 ), #2105, .F. ) ;
#3137 = EDGE_CURVE ( 'NONE', #2325, #287, #4585, .T. ) ;
#3138 = CARTESIAN_POINT ( 'NONE',  ( 55.55368959289936015, 43.76621187762137311, -77.41078239075021372 ) ) ;
#3139 = CARTESIAN_POINT ( 'NONE',  ( -56.28943377372605283, 41.18886129486761405, -75.49505303404870915 ) ) ;
#3140 = FACE_BOUND ( 'NONE', #4929, .T. ) ;
#3141 = CARTESIAN_POINT ( 'NONE',  ( -32.23158424368113373, 37.71069608354446245, -72.64626593335127325 ) ) ;
#3142 = CARTESIAN_POINT ( 'NONE',  ( -54.92150317631463707, 42.58056024095272818, -80.18036952368683501 ) ) ;
#3143 = EDGE_CURVE ( 'NONE', #1472, #415, #2513, .T. ) ;
#3144 = AXIS2_PLACEMENT_3D ( 'NONE', #3447, #2057, #3414 ) ;
#3145 = CARTESIAN_POINT ( 'NONE',  ( -39.60297368228923176, 33.79541912729366260, -82.02359423287897755 ) ) ;
#3146 = CARTESIAN_POINT ( 'NONE',  ( 41.05935994889621554, 28.16570024035746300, -75.74762634711605358 ) ) ;
#3147 = ORIENTED_EDGE ( 'NONE', *, *, #3031, .T. ) ;
#3148 = CARTESIAN_POINT ( 'NONE',  ( 40.74150834188495907, 29.61319728953799313, -80.47470496488524816 ) ) ;
#3149 = ORIENTED_EDGE ( 'NONE', *, *, #2306, .F. ) ;
#3150 = DIRECTION ( 'NONE',  ( -1.000000000000000000, 4.622231866529390132E-32, 2.220446049250309876E-16 ) ) ;
#3151 = FACE_OUTER_BOUND ( 'NONE', #5207, .T. ) ;
#3152 = AXIS2_PLACEMENT_3D ( 'NONE', #4574, #2719, #4106 ) ;
#3153 = DIRECTION ( 'NONE',  ( 0.000000000000000000, 1.000000000000000000, 0.000000000000000000 ) ) ;
#3154 = DIRECTION ( 'NONE',  ( 0.000000000000000000, 1.000000000000000000, 0.000000000000000000 ) ) ;
#3155 = CARTESIAN_POINT ( 'NONE',  ( -41.23672327822717421, 43.21907777237162662, -76.34613012795212228 ) ) ;
#3156 = DIRECTION ( 'NONE',  ( 1.387778780781443703E-16, -1.387778780781443703E-16, -1.000000000000000000 ) ) ;
#3157 = CARTESIAN_POINT ( 'NONE',  ( 29.73093444200397073, 40.17044244993002167, -75.77064659316773998 ) ) ;
#3158 = CIRCLE ( 'NONE', #3144, 1.000000000000000888 ) ;
#3159 = EDGE_CURVE ( 'NONE', #2429, #2752, #4698, .T. ) ;
#3160 = CARTESIAN_POINT ( 'NONE',  ( 40.96215121927469482, 41.32967853473189734, -75.49165398941609340 ) ) ;
#3161 = CARTESIAN_POINT ( 'NONE',  ( -29.56350947030222898, 27.39120124313083693, -76.34530062534284411 ) ) ;
#3162 = CARTESIAN_POINT ( 'NONE',  ( -57.01431446396391323, 37.30867912655407537, -73.46331906902463516 ) ) ;
#3163 = CYLINDRICAL_SURFACE ( 'NONE', #2088, 1.000000000000000888 ) ;
#3164 = VERTEX_POINT ( 'NONE', #3525 ) ;
#3165 = EDGE_CURVE ( 'NONE', #1127, #522, #3972, .T. ) ;
#3166 = VERTEX_POINT ( 'NONE', #2166 ) ;
#3167 = CARTESIAN_POINT ( 'NONE',  ( -2.220446049250309925E-15, 41.39970958719539595, -78.01686403958160554 ) ) ;
#3168 = CARTESIAN_POINT ( 'NONE',  ( -2.220446049250309925E-15, 35.01406193031649394, -72.92456773704030581 ) ) ;
#3169 = AXIS2_PLACEMENT_3D ( 'NONE', #4635, #5414, #138 ) ;
#3170 = CARTESIAN_POINT ( 'NONE',  ( 44.00000000000000000, 12.80467725562550108, -62.49164817027980234 ) ) ;
#3171 = LINE ( 'NONE', #3981, #1760 ) ;
#3172 = LINE ( 'NONE', #3982, #3714 ) ;
#3173 = APPLICATION_CONTEXT ( 'automotive_design' ) ;
#3174 = B_SPLINE_CURVE_WITH_KNOTS ( 'NONE', 3,
 ( #1661, #1092, #2899, #2465, #4257, #4732, #681, #4729, #2490, #741, #2988, #4787, #1502, #3871, #251, #4667, #5173, #194, #3813, #1148, #2013, #1981, #4344, #651, #4757, #4253, #313, #1626, #3307, #5621, #3783, #2103, #2461, #5144, #5651, #3905 ),
 .UNSPECIFIED., .F., .F.,
 ( 4, 2, 2, 2, 2, 2, 2, 2, 2, 2, 2, 2, 2, 2, 2, 2, 2, 4 ),
 ( 0.000000000000000000, 0.06250000000000645317, 0.09375000000000845157, 0.1093750000000087153, 0.1250000000000089651, 0.1875000000000106304, 0.2187500000000113520, 0.2500000000000120459, 0.3125000000000117129, 0.3750000000000113798, 0.5000000000000143219, 0.5625000000000132117, 0.6250000000000121014, 0.7500000000000088818, 0.8125000000000082157, 0.8437500000000065503, 0.8750000000000048850, 1.000000000000000000 ),
 .UNSPECIFIED. ) ;
#3175 = VECTOR ( 'NONE', #1657, 1000.000000000000114 ) ;
#3176 = AXIS2_PLACEMENT_3D ( 'NONE', #835, #2666, #5353 ) ;
#3177 = CARTESIAN_POINT ( 'NONE',  ( -44.00000000000000000, -13.69532146526820071, -92.99164817027970287 ) ) ;
#3178 = ORIENTED_EDGE ( 'NONE', *, *, #5532, .F. ) ;
#3179 = CARTESIAN_POINT ( 'NONE',  ( 41.08719749987854186, 30.54135565076641612, -75.82726480926500301 ) ) ;
#3180 = ORIENTED_EDGE ( 'NONE', *, *, #1868, .T. ) ;
#3181 = CARTESIAN_POINT ( 'NONE',  ( 35.39999999999999858, 16.80467725562549930, -77.74164817027970287 ) ) ;
#3182 = DIRECTION ( 'NONE',  ( -0.7071067811865477948, -0.7071067811865473507, 0.000000000000000000 ) ) ;
#3183 = CYLINDRICAL_SURFACE ( 'NONE', #4417, 2.500000000000002220 ) ;
#3184 = EDGE_CURVE ( 'NONE', #3741, #3164, #3918, .T. ) ;
#3185 = CARTESIAN_POINT ( 'NONE',  ( -40.83485269733335343, 42.32851921215843305, -80.28383092801436760 ) ) ;
#3186 = CARTESIAN_POINT ( 'NONE',  ( -30.06732074893720608, 29.44707062475431769, -80.49165398941612182 ) ) ;
#3187 = DIRECTION ( 'NONE',  ( -1.000000000000000000, -6.317050217590119366E-32, -2.220446049250309876E-16 ) ) ;
#3188 = VECTOR ( 'NONE', #1682, 1000.000000000000000 ) ;
#3189 = CARTESIAN_POINT ( 'NONE',  ( 41.03927235816922803, 40.34777054462492174, -75.69254232453137377 ) ) ;
#3190 = CARTESIAN_POINT ( 'NONE',  ( -57.83864917092757452, 32.80467853473189876, -70.46946200923952119 ) ) ;
#3191 = CARTESIAN_POINT ( 'NONE',  ( -57.03038748307785966, 37.35500538894403633, -73.39934002827774862 ) ) ;
#3192 = DIRECTION ( 'NONE',  ( 0.000000000000000000, 1.000000000000000000, 0.000000000000000000 ) ) ;
#3193 = ORIENTED_EDGE ( 'NONE', *, *, #58, .F. ) ;
#3194 = VECTOR ( 'NONE', #1100, 1000.000000000000000 ) ;
#3195 = FACE_OUTER_BOUND ( 'NONE', #4672, .T. ) ;
#3196 = CARTESIAN_POINT ( 'NONE',  ( -51.68996346256379582, -14.59532146526809981, -88.38466463868090273 ) ) ;
#3197 = CARTESIAN_POINT ( 'NONE',  ( 41.17964318102930577, 76.63439509989655107, -76.09669531643021401 ) ) ;
#3198 = LINE ( 'NONE', #5002, #4777 ) ;
#3199 = CARTESIAN_POINT ( 'NONE',  ( 29.62402683425740335, 27.62214105018115973, -76.11298548017943233 ) ) ;
#3200 = CIRCLE ( 'NONE', #2921, 2.500000000000002220 ) ;
#3201 = CARTESIAN_POINT ( 'NONE',  ( 41.01613343352097019, 42.15080962358214123, -75.62965565124190448 ) ) ;
#3202 = VERTEX_POINT ( 'NONE', #2198 ) ;
#3203 = CARTESIAN_POINT ( 'NONE',  ( -29.45906860449121112, 39.08047319363022609, -76.88744888528651700 ) ) ;
#3204 = VERTEX_POINT ( 'NONE', #2638 ) ;
#3205 = DIRECTION ( 'NONE',  ( -1.000000000000000000, -8.339025895487658924E-48, -4.005934284325434700E-32 ) ) ;
#3206 = CARTESIAN_POINT ( 'NONE',  ( -54.07663930344789094, 37.78005132397034060, -84.37742770140434345 ) ) ;
#3207 = EDGE_CURVE ( 'NONE', #1890, #5567, #5777, .T. ) ;
#3208 = DIRECTION ( 'NONE',  ( -1.000000000000000000, 8.339025895487658924E-48, 4.005934284325434700E-32 ) ) ;
#3209 = CARTESIAN_POINT ( 'NONE',  ( 29.43307611367885102, 43.67005619723020970, -77.11220072017052019 ) ) ;
#3210 = CARTESIAN_POINT ( 'NONE',  ( -57.03630640692223608, 32.80467853473189876, -73.46384596959266844 ) ) ;
#3211 = CARTESIAN_POINT ( 'NONE',  ( 17.39999999999999858, 29.27967853473190019, -77.99165398941609340 ) ) ;
#3212 = EDGE_CURVE ( 'NONE', #4374, #415, #1718, .T. ) ;
#3213 = EDGE_CURVE ( 'NONE', #980, #924, #3078, .T. ) ;
#3214 = AXIS2_PLACEMENT_3D ( 'NONE', #705, #3422, #1621 ) ;
#3215 = CARTESIAN_POINT ( 'NONE',  ( 41.03685650429979859, 40.36335240132493141, -75.68596073730958551 ) ) ;
#3216 = CARTESIAN_POINT ( 'NONE',  ( -0.8000000000000000444, -6.695322744374519353, -55.19165030598870203 ) ) ;
#3217 = CARTESIAN_POINT ( 'NONE',  ( 55.28147025741377263, 39.44651136472629815, -79.63758354753517210 ) ) ;
#3218 = ORIENTED_EDGE ( 'NONE', *, *, #1734, .F. ) ;
#3219 = ORIENTED_EDGE ( 'NONE', *, *, #1396, .F. ) ;
#3220 = CARTESIAN_POINT ( 'NONE',  ( 35.67629465961314139, 32.81985513251262176, -83.74160369985938246 ) ) ;
#3221 = CARTESIAN_POINT ( 'NONE',  ( -36.61558615137091977, 32.83460648375444890, -83.61838474121994125 ) ) ;
#3222 = FACE_OUTER_BOUND ( 'NONE', #3023, .T. ) ;
#3223 = CARTESIAN_POINT ( 'NONE',  ( -39.12034770924386606, 37.57218125189184832, -73.02861791888432208 ) ) ;
#3224 = CARTESIAN_POINT ( 'NONE',  ( 29.83784878072521707, 29.11496804179165920, -75.49165398941613603 ) ) ;
#3225 = EDGE_CURVE ( 'NONE', #3202, #2149, #3110, .T. ) ;
#3226 = DIRECTION ( 'NONE',  ( 0.000000000000000000, -1.000000000000000000, 2.775557561562890365E-16 ) ) ;
#3227 = ORIENTED_EDGE ( 'NONE', *, *, #5309, .T. ) ;
#3228 = ORIENTED_EDGE ( 'NONE', *, *, #5371, .T. ) ;
#3229 = FACE_OUTER_BOUND ( 'NONE', #3761, .T. ) ;
#3230 = VERTEX_POINT ( 'NONE', #4407 ) ;
#3231 = CARTESIAN_POINT ( 'NONE',  ( -40.98918147093974085, 40.67596968845325023, -75.55530862228727074 ) ) ;
#3232 = CARTESIAN_POINT ( 'NONE',  ( 32.87042132345312950, 83.21506241962464401, -83.18713977746295996 ) ) ;
#3233 = LINE ( 'NONE', #476, #3282 ) ;
#3234 = CARTESIAN_POINT ( 'NONE',  ( 29.74873799635381033, 42.38436301402770567, -75.72486105527393363 ) ) ;
#3235 = AXIS2_PLACEMENT_3D ( 'NONE', #4457, #4869, #4075 ) ;
#3236 = CARTESIAN_POINT ( 'NONE',  ( -40.69903354078587654, 75.24242914780731439, -74.84921501334630989 ) ) ;
#3237 = VERTEX_POINT ( 'NONE', #348 ) ;
#3238 = CARTESIAN_POINT ( 'NONE',  ( -33.51829730559192200, 83.41670808584399310, -83.44366787887602754 ) ) ;
#3239 = CIRCLE ( 'NONE', #5224, 10.00000000000000178 ) ;
#3240 = CARTESIAN_POINT ( 'NONE',  ( 57.08459240891109943, 37.49447527628047538, -73.18417830544649405 ) ) ;
#3241 = CARTESIAN_POINT ( 'NONE',  ( -40.74134857977474411, 28.94822997145285726, -80.47501726713396408 ) ) ;
#3242 = B_SPLINE_CURVE_WITH_KNOTS ( 'NONE', 3,
 ( #2428, #4750, #645, #2455, #5168, #5614, #2924, #5645, #5551, #1496, #1558, #3301 ),
 .UNSPECIFIED., .F., .F.,
 ( 4, 2, 2, 2, 2, 4 ),
 ( 0.000000000000000000, 0.06260038187042855917, 0.1252007637408571183, 0.2504015274817145142, 0.3756022912225718824, 0.5008030549634293616 ),
 .UNSPECIFIED. ) ;
#3243 = LINE ( 'NONE', #994, #1516 ) ;
#3244 = CARTESIAN_POINT ( 'NONE',  ( 55.63880797009568369, 38.86321301348884560, -78.40493884967864346 ) ) ;
#3245 = ORIENTED_EDGE ( 'NONE', *, *, #1607, .T. ) ;
#3246 = CARTESIAN_POINT ( 'NONE',  ( -39.60024451504538945, 33.79189909102184686, -82.02626904996451174 ) ) ;
#3247 = VERTEX_POINT ( 'NONE', #2137 ) ;
#3248 = EDGE_CURVE ( 'NONE', #3257, #4440, #5732, .T. ) ;
#3249 = CARTESIAN_POINT ( 'NONE',  ( 29.83784878072519930, 41.32967853473189734, -75.49165398941609340 ) ) ;
#3250 = CARTESIAN_POINT ( 'NONE',  ( -36.49034675454170440, 32.83109308543065197, -83.64336596896505682 ) ) ;
#3251 = DIRECTION ( 'NONE',  ( 0.000000000000000000, 1.000000000000000000, 0.000000000000000000 ) ) ;
#3252 = CARTESIAN_POINT ( 'NONE',  ( -2.220446049250309925E-15, 41.32982198470239865, -77.99277173434509791 ) ) ;
#3253 = CARTESIAN_POINT ( 'NONE',  ( 29.55760469249552003, 27.04104659042825176, -79.11632553607486784 ) ) ;
#3254 = CARTESIAN_POINT ( 'NONE',  ( -60.64617071191170083, 35.30467853473189876, -59.99164897494249971 ) ) ;
#3255 = FACE_OUTER_BOUND ( 'NONE', #5836, .T. ) ;
#3256 = DIRECTION ( 'NONE',  ( 0.000000000000000000, 0.8186397984886658596, 0.5743073047858928692 ) ) ;
#3257 = VERTEX_POINT ( 'NONE', #3999 ) ;
#3258 = FACE_BOUND ( 'NONE', #2338, .T. ) ;
#3259 = CARTESIAN_POINT ( 'NONE',  ( 46.39999999999999858, 32.80467853473189166, -71.96665398941610192 ) ) ;
#3260 = EDGE_CURVE ( 'NONE', #154, #417, #5804, .T. ) ;
#3261 = VECTOR ( 'NONE', #4382, 1000.000000000000000 ) ;
#3262 = CIRCLE ( 'NONE', #2707, 4.999999999999997335 ) ;
#3263 = CARTESIAN_POINT ( 'NONE',  ( 29.41154182430175723, 43.75120382872709257, -77.36448841213181993 ) ) ;
#3264 = ORIENTED_EDGE ( 'NONE', *, *, #4008, .F. ) ;
#3265 = CARTESIAN_POINT ( 'NONE',  ( -32.26053799239029019, 82.96723934754989216, -82.87510380968582524 ) ) ;
#3266 = CARTESIAN_POINT ( 'NONE',  ( 29.76430320573936683, 40.37096916572874505, -75.68278329101720203 ) ) ;
#3267 = EDGE_CURVE ( 'NONE', #3550, #2572, #1305, .T. ) ;
#3268 = EDGE_CURVE ( 'NONE', #297, #708, #3359, .T. ) ;
#3269 = CARTESIAN_POINT ( 'NONE',  ( -40.73267925106284792, 29.27967853473190019, -80.49165398941610761 ) ) ;
#3270 = DIRECTION ( 'NONE',  ( 0.000000000000000000, 1.000000000000000000, -2.775557561562890365E-16 ) ) ;
#3271 = CARTESIAN_POINT ( 'NONE',  ( 56.23478415585796597, 39.78336561176432440, -76.02049683164275962 ) ) ;
#3272 = AXIS2_PLACEMENT_3D ( 'NONE', #3894, #3452, #5255 ) ;
#3273 = VERTEX_POINT ( 'NONE', #5745 ) ;
#3274 = EDGE_CURVE ( 'NONE', #4440, #5821, #3480, .T. ) ;
#3275 = CARTESIAN_POINT ( 'NONE',  ( -38.76184776796847586, 33.16063776567669663, -82.71976621322289702 ) ) ;
#3276 = ORIENTED_EDGE ( 'NONE', *, *, #5103, .F. ) ;
#3277 = DIRECTION ( 'NONE',  ( -1.000000000000000000, 0.000000000000000000, 0.000000000000000000 ) ) ;
#3278 = PLANE ( 'NONE',  #2870 ) ;
#3279 = LINE ( 'NONE', #2404, #122 ) ;
#3280 = DIRECTION ( 'NONE',  ( 1.000000000000000000, -6.317050217590119366E-32, -2.220446049250309876E-16 ) ) ;
#3281 = CARTESIAN_POINT ( 'NONE',  ( 29.90766422965917926, 28.02336401260225784, -80.15900362285039193 ) ) ;
#3282 = VECTOR ( 'NONE', #1434, 999.9999999999998863 ) ;
#3283 = CARTESIAN_POINT ( 'NONE',  ( 40.96215121927469482, 41.32967853473189734, -75.49165398941609340 ) ) ;
#3284 = CARTESIAN_POINT ( 'NONE',  ( 37.49255230756439516, 37.80467853473097506, -72.09767189234447926 ) ) ;
#3285 = CARTESIAN_POINT ( 'NONE',  ( 14.44999999999999929, 45.56157357543259678, -71.27067789548389953 ) ) ;
#3286 = ORIENTED_EDGE ( 'NONE', *, *, #710, .T. ) ;
#3287 = CARTESIAN_POINT ( 'NONE',  ( -41.33737768574590632, 38.89804924430296040, -78.66099666524027612 ) ) ;
#3288 = CARTESIAN_POINT ( 'NONE',  ( -44.00000000000000000, -13.69532146526820071, -92.99164817027970287 ) ) ;
#3289 =( BOUNDED_CURVE ( )  B_SPLINE_CURVE ( 3, ( #3058, #3085, #5752, #3614 ),
 .UNSPECIFIED., .F., .F. ) 
 B_SPLINE_CURVE_WITH_KNOTS ( ( 4, 4 ),
 ( 3.141592653589794004, 6.283185307179584456 ),
 .UNSPECIFIED. ) 
 CURVE ( )  GEOMETRIC_REPRESENTATION_ITEM ( )  RATIONAL_B_SPLINE_CURVE ( ( 1.000000000000000000, 0.3333333333333337034, 0.3333333333333337034, 1.000000000000000000 ) ) 
 REPRESENTATION_ITEM ( '' )  );
#3290 = EDGE_CURVE ( 'NONE', #5835, #5259, #4721, .T. ) ;
#3291 =( LENGTH_UNIT ( ) NAMED_UNIT ( * ) SI_UNIT ( .MILLI., .METRE. ) );
#3292 = CARTESIAN_POINT ( 'NONE',  ( 29.76316371011933981, 42.29587260081527234, -75.68590539215927038 ) ) ;
#3293 = CARTESIAN_POINT ( 'NONE',  ( 57.40253323112970207, 37.80467853473189876, -71.96665396316980434 ) ) ;
#3294 = ORIENTED_EDGE ( 'NONE', *, *, #3260, .T. ) ;
#3295 = CARTESIAN_POINT ( 'NONE',  ( -34.91860041257743319, 83.64814667400489157, -83.74164817027973129 ) ) ;
#3296 = DIRECTION ( 'NONE',  ( -0.2588962926196889947, 2.220446049250309876E-16, 0.9659051245685469356 ) ) ;
#3297 = VECTOR ( 'NONE', #1098, 1000.000000000000000 ) ;
#3298 = CARTESIAN_POINT ( 'NONE',  ( 29.45010656691799156, 39.04864834631691650, -76.96833356797809245 ) ) ;
#3299 = CARTESIAN_POINT ( 'NONE',  ( -41.40183479580242931, 26.79414077786836401, -77.67650220870964972 ) ) ;
#3300 = CARTESIAN_POINT ( 'NONE',  ( -17.39999999999999858, 41.32967853473190445, -80.49165398941610761 ) ) ;
#3301 = CARTESIAN_POINT ( 'NONE',  ( 54.17235183356925177, 37.80467723962215132, -84.01667525921789093 ) ) ;
#3302 = ORIENTED_EDGE ( 'NONE', *, *, #2366, .T. ) ;
#3303 = AXIS2_PLACEMENT_3D ( 'NONE', #2832, #104, #1360 ) ;
#3304 = CARTESIAN_POINT ( 'NONE',  ( 46.39999999999999858, 29.27967853473190019, -75.49165398941609340 ) ) ;
#3305 = ORIENTED_EDGE ( 'NONE', *, *, #4744, .T. ) ;
#3306 = CARTESIAN_POINT ( 'NONE',  ( 38.79319174798687442, 37.42447642633665339, -82.69063245326323397 ) ) ;
#3307 = CARTESIAN_POINT ( 'NONE',  ( -29.65581062820308844, 42.85783602797329905, -76.00576217729042128 ) ) ;
#3308 = EDGE_CURVE ( 'NONE', #2797, #3930, #3390, .T. ) ;
#3309 = DIRECTION ( 'NONE',  ( -1.000000000000000000, -2.220446049250309876E-16, 6.317050217590119366E-32 ) ) ;
#3310 = CARTESIAN_POINT ( 'NONE',  ( -38.02884037692780339, 37.78369622897206881, -72.33469109802489072 ) ) ;
#3311 = CARTESIAN_POINT ( 'NONE',  ( 30.00215337216026157, 28.46924347858473325, -80.36236437409804978 ) ) ;
#3312 = EDGE_CURVE ( 'NONE', #3963, #5521, #2792, .T. ) ;
#3313 = CARTESIAN_POINT ( 'NONE',  ( 40.73267925106289056, 41.32967853473189734, -80.49165398941610761 ) ) ;
#3314 = VERTEX_POINT ( 'NONE', #762 ) ;
#3315 = ORIENTED_EDGE ( 'NONE', *, *, #5517, .T. ) ;
#3316 = DIRECTION ( 'NONE',  ( -1.000000000000000000, 0.000000000000000000, 0.000000000000000000 ) ) ;
#3317 = ORIENTED_EDGE ( 'NONE', *, *, #5595, .T. ) ;
#3318 = CARTESIAN_POINT ( 'NONE',  ( 44.00000000000000000, 12.80467725562550108, -87.99164817027970287 ) ) ;
#3319 = DIRECTION ( 'NONE',  ( -1.000000000000000000, 0.000000000000000000, 0.000000000000000000 ) ) ;
#3320 = APPLICATION_PROTOCOL_DEFINITION ( 'draft international standard', 'automotive_design', 1998, #57 ) ;
#3321 = CARTESIAN_POINT ( 'NONE',  ( 29.81308274694915994, 41.96843716478577591, -75.54912117313085673 ) ) ;
#3322 = CARTESIAN_POINT ( 'NONE',  ( -37.93477299682888315, 83.21313715889493778, -83.18470503692739726 ) ) ;
#3323 = ORIENTED_EDGE ( 'NONE', *, *, #3503, .F. ) ;
#3324 = CARTESIAN_POINT ( 'NONE',  ( -31.16681310340438316, 73.58506763296954034, -73.47468437885375181 ) ) ;
#3325 = LINE ( 'NONE', #1943, #1921 ) ;
#3326 = CARTESIAN_POINT ( 'NONE',  ( 29.44393764595749019, 39.02752933131004909, -77.01686188830412050 ) ) ;
#3327 = AXIS2_PLACEMENT_3D ( 'NONE', #5519, #589, #4161 ) ;
#3328 = CARTESIAN_POINT ( 'NONE',  ( -41.38956681496856760, 26.85711058337885504, -77.35260539442995764 ) ) ;
#3329 = DIRECTION ( 'NONE',  ( 4.332577657073780046E-16, 2.775557561562890365E-16, 1.000000000000000000 ) ) ;
#3330 = VECTOR ( 'NONE', #5602, 1000.000000000000000 ) ;
#3331 = DIRECTION ( 'NONE',  ( 0.000000000000000000, 1.000000000000000000, 0.000000000000000000 ) ) ;
#3332 = EDGE_CURVE ( 'NONE', #2468, #2286, #672, .T. ) ;
#3333 = VERTEX_POINT ( 'NONE', #1556 ) ;
#3334 = AXIS2_PLACEMENT_3D ( 'NONE', #1521, #586, #4626 ) ;
#3335 = CYLINDRICAL_SURFACE ( 'NONE', #5041, 2.000000000000000000 ) ;
#3336 = VERTEX_POINT ( 'NONE', #2032 ) ;
#3337 = CYLINDRICAL_SURFACE ( 'NONE', #3928, 2.500000000000002220 ) ;
#3338 = CARTESIAN_POINT ( 'NONE',  ( -41.00809390885329719, 30.92825436290350893, -79.87796617991455150 ) ) ;
#3339 = FACE_OUTER_BOUND ( 'NONE', #311, .T. ) ;
#3340 = DIRECTION ( 'NONE',  ( 1.000000000000000000, -1.001483571081361987E-31, -2.220446049250309876E-16 ) ) ;
#3341 = CARTESIAN_POINT ( 'NONE',  ( -33.75165378476276601, 32.85417736513668530, -83.51078851199633846 ) ) ;
#3342 = ADVANCED_FACE ( 'NONE', ( #2569 ), #1585, .T. ) ;
#3343 = EDGE_CURVE ( 'NONE', #4311, #3888, #334, .T. ) ;
#3344 = EDGE_CURVE ( 'NONE', #4554, #5608, #274, .T. ) ;
#3345 = CARTESIAN_POINT ( 'NONE',  ( 40.83646754234766263, 42.33553333424696774, -80.28045852728919840 ) ) ;
#3346 = ORIENTED_EDGE ( 'NONE', *, *, #5554, .T. ) ;
#3347 = CARTESIAN_POINT ( 'NONE',  ( 40.31848843982399444, 36.21974558729909432, -74.30493801757252470 ) ) ;
#3348 = CARTESIAN_POINT ( 'NONE',  ( -55.70623043845684208, 38.83506280311088688, -78.15791830161913367 ) ) ;
#3349 = EDGE_LOOP ( 'NONE', ( #4824, #5575 ) ) ;
#3350 = DIRECTION ( 'NONE',  ( 0.000000000000000000, 1.000000000000000000, 0.000000000000000000 ) ) ;
#3351 = CARTESIAN_POINT ( 'NONE',  ( 29.39992185343108133, 78.70113514587296777, -78.08753303875063523 ) ) ;
#3352 = FACE_OUTER_BOUND ( 'NONE', #899, .T. ) ;
#3353 = ORIENTED_EDGE ( 'NONE', *, *, #1268, .T. ) ;
#3354 = CARTESIAN_POINT ( 'NONE',  ( 60.64615862044229999, 35.37467691290309801, -59.99169410092059707 ) ) ;
#3355 = EDGE_LOOP ( 'NONE', ( #1703, #5248, #164, #4766 ) ) ;
#3356 = CARTESIAN_POINT ( 'NONE',  ( -33.53593495221391407, 71.70005508768207392, -72.01961042020531067 ) ) ;
#3357 = CARTESIAN_POINT ( 'NONE',  ( -57.35188015609467271, 37.80467853684871216, -72.15561561632321741 ) ) ;
#3358 = AXIS2_PLACEMENT_3D ( 'NONE', #1830, #1242, #5018 ) ;
#3359 = CIRCLE ( 'NONE', #2614, 1.000000000000000888 ) ;
#3360 = EDGE_CURVE ( 'NONE', #5759, #3230, #1618, .T. ) ;
#3361 = CARTESIAN_POINT ( 'NONE',  ( -41.08679232937185333, 28.01998350649618530, -75.82603630727052746 ) ) ;
#3362 = DIRECTION ( 'NONE',  ( 1.000000000000000000, -4.444042074606598172E-16, -4.799565440575126184E-15 ) ) ;
#3363 = CARTESIAN_POINT ( 'NONE',  ( -17.39999999999999858, 29.34970958719670264, -78.01686629702470555 ) ) ;
#3364 = DIRECTION ( 'NONE',  ( -1.000000000000000000, 0.000000000000000000, 0.000000000000000000 ) ) ;
#3365 = ORIENTED_EDGE ( 'NONE', *, *, #4898, .F. ) ;
#3366 = CARTESIAN_POINT ( 'NONE',  ( -44.00000000000000000, -10.69532274437450070, -67.49164817027978813 ) ) ;
#3367 = ORIENTED_EDGE ( 'NONE', *, *, #2114, .T. ) ;
#3368 = CARTESIAN_POINT ( 'NONE',  ( 39.62680803002267993, 36.78232778404438363, -82.00006938065389761 ) ) ;
#3369 = CARTESIAN_POINT ( 'NONE',  ( -41.33594509210906409, 31.70830018629778380, -78.66784416475694286 ) ) ;
#3370 = DIRECTION ( 'NONE',  ( 0.000000000000000000, -0.3651383778692761650, -0.9309532560805584556 ) ) ;
#3371 = CARTESIAN_POINT ( 'NONE',  ( -38.43026743843746829, 32.87663390594588009, -72.56290084218370851 ) ) ;
#3372 = CARTESIAN_POINT ( 'NONE',  ( -31.21942824378363213, 36.84251869755374287, -82.04548761755904707 ) ) ;
#3373 = AXIS2_PLACEMENT_3D ( 'NONE', #5734, #5670, #2540 ) ;
#3374 = CARTESIAN_POINT ( 'NONE',  ( 41.28077366542252946, 43.64618314275916333, -78.93187182500579979 ) ) ;
#3375 = ORIENTED_EDGE ( 'NONE', *, *, #3006, .F. ) ;
#3376 = CARTESIAN_POINT ( 'NONE',  ( 30.02604861510765843, 29.93303257881686719, -80.41034781301077317 ) ) ;
#3377 = CARTESIAN_POINT ( 'NONE',  ( -29.93376656510529799, 40.18663854605451036, -80.21565690568216667 ) ) ;
#3378 = EDGE_LOOP ( 'NONE', ( #1976, #1519 ) ) ;
#3379 = DIRECTION ( 'NONE',  ( -1.000000000000000000, 0.000000000000000000, 0.000000000000000000 ) ) ;
#3380 = CARTESIAN_POINT ( 'NONE',  ( -31.25409610524797088, 33.25729516360680549, -73.40372364038059061 ) ) ;
#3381 = CARTESIAN_POINT ( 'NONE',  ( 0.000000000000000000, 0.000000000000000000, 0.000000000000000000 ) ) ;
#3382 = LINE ( 'NONE', #5186, #2214 ) ;
#3383 = EDGE_LOOP ( 'NONE', ( #3531, #2056, #469, #1271, #2503, #1195, #2006, #1902, #2323, #343, #591 ) ) ;
#3384 = CARTESIAN_POINT ( 'NONE',  ( 56.40013199960238666, 58.28397627950344884, -64.43209738393693442 ) ) ;
#3385 = ORIENTED_EDGE ( 'NONE', *, *, #1914, .T. ) ;
#3386 = DIRECTION ( 'NONE',  ( -1.000000000000000000, 0.000000000000000000, 0.000000000000000000 ) ) ;
#3387 = ADVANCED_FACE ( 'NONE', ( #2600, #2003, #4779, #731, #2127 ), #2063, .F. ) ;
#3388 = EDGE_CURVE ( 'NONE', #3237, #1086, #2530, .T. ) ;
#3389 = LINE ( 'NONE', #5136, #3107 ) ;
#3390 = LINE ( 'NONE', #5612, #4117 ) ;
#3391 = DIRECTION ( 'NONE',  ( -1.000000000000000000, 2.220446049250309876E-16, -6.317050217590119366E-32 ) ) ;
#3392 = EDGE_CURVE ( 'NONE', #1823, #4813, #2250, .T. ) ;
#3393 = FACE_OUTER_BOUND ( 'NONE', #556, .T. ) ;
#3394 = ORIENTED_EDGE ( 'NONE', *, *, #2911, .F. ) ;
#3395 = EDGE_CURVE ( 'NONE', #1509, #2862, #2720, .T. ) ;
#3396 = AXIS2_PLACEMENT_3D ( 'NONE', #390, #2296, #2626 ) ;
#3397 = CARTESIAN_POINT ( 'NONE',  ( -38.11897785052254051, 37.63152250643494767, -83.09698369965244069 ) ) ;
#3398 = ORIENTED_EDGE ( 'NONE', *, *, #3067, .T. ) ;
#3399 = CARTESIAN_POINT ( 'NONE',  ( 35.39999999999999858, 37.78950685866919912, -83.74164817027978813 ) ) ;
#3400 = CARTESIAN_POINT ( 'NONE',  ( -41.40140487362890553, 31.78070780910268667, -77.84333049935055726 ) ) ;
#3401 = LINE ( 'NONE', #2434, #1331 ) ;
#3402 = CARTESIAN_POINT ( 'NONE',  ( -39.47630684440482440, 33.21438536272904685, -73.33889168074568943 ) ) ;
#3403 = CARTESIAN_POINT ( 'NONE',  ( -31.01430827672361801, 34.07595173802367583, -81.83646278645524319 ) ) ;
#3404 = STYLED_ITEM ( 'NONE', ( #537 ), #1652 ) ;
#3405 = ORIENTED_EDGE ( 'NONE', *, *, #1705, .F. ) ;
#3406 = CARTESIAN_POINT ( 'NONE',  ( -0.8000000000000000444, -1.695322744374510249, -59.99164897494249971 ) ) ;
#3407 = CARTESIAN_POINT ( 'NONE',  ( -55.49124079930767550, 39.01289589067257424, -78.93108295519539297 ) ) ;
#3408 = EDGE_LOOP ( 'NONE', ( #1267, #3903, #4031, #1563 ) ) ;
#3409 = DIRECTION ( 'NONE',  ( 0.000000000000000000, -1.000000000000000000, 2.775557561562890365E-16 ) ) ;
#3410 = CARTESIAN_POINT ( 'NONE',  ( 29.54989194572315725, 79.70130920584885814, -79.12159991998548492 ) ) ;
#3411 = ADVANCED_FACE ( 'NONE', ( #304, #2095 ), #1234, .T. ) ;
#3412 = DIRECTION ( 'NONE',  ( 0.000000000000000000, 1.000000000000000000, 0.000000000000000000 ) ) ;
#3413 = ORIENTED_EDGE ( 'NONE', *, *, #1737, .F. ) ;
#3414 = DIRECTION ( 'NONE',  ( 0.000000000000000000, 1.000000000000000000, 0.000000000000000000 ) ) ;
#3415 = ORIENTED_EDGE ( 'NONE', *, *, #1656, .T. ) ;
#3416 = DIRECTION ( 'NONE',  ( 0.000000000000000000, 0.000000000000000000, 1.000000000000000000 ) ) ;
#3417 = CARTESIAN_POINT ( 'NONE',  ( -17.39999999999999858, 35.30467853473189876, -71.96665398941610192 ) ) ;
#3418 = CARTESIAN_POINT ( 'NONE',  ( 30.54265749503175087, 36.43033433280990607, -74.20903896941990752 ) ) ;
#3419 = EDGE_CURVE ( 'NONE', #3827, #2668, #5166, .T. ) ;
#3420 = CARTESIAN_POINT ( 'NONE',  ( -30.32308535595590016, -14.59532146526809981, -59.99164897494249971 ) ) ;
#3421 = CARTESIAN_POINT ( 'NONE',  ( 30.32308535595590016, 16.80467880725820251, -59.99164897494249971 ) ) ;
#3422 = DIRECTION ( 'NONE',  ( 0.000000000000000000, -1.000000000000000000, 0.000000000000000000 ) ) ;
#3423 = ORIENTED_EDGE ( 'NONE', *, *, #3225, .T. ) ;
#3424 = CIRCLE ( 'NONE', #4386, 1.000000000000000888 ) ;
#3425 = CARTESIAN_POINT ( 'NONE',  ( -37.05806005558349625, 37.75457415092284919, -83.50800424494141794 ) ) ;
#3426 = VERTEX_POINT ( 'NONE', #3010 ) ;
#3427 = CARTESIAN_POINT ( 'NONE',  ( 39.47661954335664092, 36.97935864489061686, -82.14802477174356454 ) ) ;
#3428 = CARTESIAN_POINT ( 'NONE',  ( -40.79784662783973914, 30.09011359087907422, -80.36236437409804978 ) ) ;
#3429 = CYLINDRICAL_SURFACE ( 'NONE', #4725, 2.000000000000000000 ) ;
#3430 = CARTESIAN_POINT ( 'NONE',  ( -38.47763789088391917, 32.88382940260880360, -72.59108834125237308 ) ) ;
#3431 = CARTESIAN_POINT ( 'NONE',  ( -33.74193994441576194, 32.85478291854106203, -83.50800424494117635 ) ) ;
#3432 = CIRCLE ( 'NONE', #2115, 1.000000000000000888 ) ;
#3433 = EDGE_CURVE ( 'NONE', #4149, #2380, #1109, .T. ) ;
#3434 = ORIENTED_EDGE ( 'NONE', *, *, #135, .F. ) ;
#3435 = CARTESIAN_POINT ( 'NONE',  ( 39.26082094903425457, 37.51602336356138068, -73.14380778992882881 ) ) ;
#3436 = CARTESIAN_POINT ( 'NONE',  ( -29.42745978881346858, 38.84794775586482274, -78.33726904072439368 ) ) ;
#3437 = ORIENTED_EDGE ( 'NONE', *, *, #2713, .T. ) ;
#3438 = DIRECTION ( 'NONE',  ( 0.000000000000000000, 1.000000000000000000, 0.000000000000000000 ) ) ;
#3439 = CARTESIAN_POINT ( 'NONE',  ( -31.36756711797959696, 33.18863252853433465, -73.29873028586874284 ) ) ;
#3440 = VECTOR ( 'NONE', #2944, 1000.000000000000114 ) ;
#3441 = CARTESIAN_POINT ( 'NONE',  ( 29.39827459450064495, 38.84258882668981983, -77.68897289398326222 ) ) ;
#3442 = EDGE_CURVE ( 'NONE', #1694, #4329, #1959, .T. ) ;
#3443 = CARTESIAN_POINT ( 'NONE',  ( 40.79828940939803772, 28.46685267465963776, -80.36143584709550680 ) ) ;
#3444 = ORIENTED_EDGE ( 'NONE', *, *, #460, .T. ) ;
#3445 = ADVANCED_FACE ( 'NONE', ( #3960, #10 ), #2217, .T. ) ;
#3446 = PRODUCT_DEFINITION_CONTEXT ( 'detailed design', #57, 'design' ) ;
#3447 = CARTESIAN_POINT ( 'NONE',  ( 14.44999999999999929, 41.32982198470239865, -77.99277173434509791 ) ) ;
#3448 = VERTEX_POINT ( 'NONE', #4934 ) ;
#3449 = DIRECTION ( 'NONE',  ( -1.000000000000000000, -4.622231866529390132E-32, -2.220446049250309876E-16 ) ) ;
#3450 = DIRECTION ( 'NONE',  ( 0.000000000000000000, 1.000000000000000000, -2.775557561562890365E-16 ) ) ;
#3451 = FACE_OUTER_BOUND ( 'NONE', #2623, .T. ) ;
#3452 = DIRECTION ( 'NONE',  ( 1.000000000000000000, -8.628166150854819906E-32, -2.220446049250309876E-16 ) ) ;
#3453 = FACE_OUTER_BOUND ( 'NONE', #524, .T. ) ;
#3454 = AXIS2_PLACEMENT_3D ( 'NONE', #2873, #5631, #633 ) ;
#3455 = CARTESIAN_POINT ( 'NONE',  ( -54.18027611385997488, 37.80456140778096596, -83.98712195985616802 ) ) ;
#3456 = EDGE_LOOP ( 'NONE', ( #2525, #4943 ) ) ;
#3457 = VECTOR ( 'NONE', #1725, 1000.000000000000000 ) ;
#3458 = CARTESIAN_POINT ( 'NONE',  ( 40.74055834108914809, 41.01615508367923013, -80.47734665917451480 ) ) ;
#3459 = VERTEX_POINT ( 'NONE', #4988 ) ;
#3460 = DIRECTION ( 'NONE',  ( 0.000000000000000000, -1.000000000000000000, 2.775557561562890365E-16 ) ) ;
#3461 = CARTESIAN_POINT ( 'NONE',  ( 32.00680825201143875, 33.18488064312957420, -82.69063245325932598 ) ) ;
#3462 = DIRECTION ( 'NONE',  ( 4.535523422085099494E-32, 2.775557561562890365E-16, 1.000000000000000000 ) ) ;
#3463 = CARTESIAN_POINT ( 'NONE',  ( -38.51970507242133124, 32.89051647186831673, -72.61644675562135376 ) ) ;
#3464 = CARTESIAN_POINT ( 'NONE',  ( -31.18696545484202431, 33.80861895781038839, -82.01369126725933256 ) ) ;
#3465 = EDGE_CURVE ( 'NONE', #5162, #1695, #832, .T. ) ;
#3466 = EDGE_LOOP ( 'NONE', ( #4863, #987, #2951, #1190 ) ) ;
#3467 = CARTESIAN_POINT ( 'NONE',  ( -55.80286599777230094, 38.83119226075811525, -77.79766713952828638 ) ) ;
#3468 = ORIENTED_EDGE ( 'NONE', *, *, #4719, .T. ) ;
#3469 = DIRECTION ( 'NONE',  ( -1.000000000000000000, -4.622231866529390132E-32, -2.220446049250309876E-16 ) ) ;
#3470 = CARTESIAN_POINT ( 'NONE',  ( 31.89550030897822452, 82.77089187818633320, -82.63064537048090585 ) ) ;
#3471 = CARTESIAN_POINT ( 'NONE',  ( 29.44174521564964309, 39.01991079348019298, -77.03510366481285132 ) ) ;
#3472 = VECTOR ( 'NONE', #4397, 1000.000000000000114 ) ;
#3473 = DIRECTION ( 'NONE',  ( 1.000000000000000000, 2.220446049250309876E-16, -4.930380657631319405E-32 ) ) ;
#3474 = ORIENTED_EDGE ( 'NONE', *, *, #5262, .F. ) ;
#3475 = CARTESIAN_POINT ( 'NONE',  ( 54.51691796109776078, 62.55840811872710816, -66.40985847021622135 ) ) ;
#3476 = ORIENTED_EDGE ( 'NONE', *, *, #5517, .F. ) ;
#3477 = CARTESIAN_POINT ( 'NONE',  ( 57.57313011952307136, 37.74526356342497024, -71.33685136632357171 ) ) ;
#3478 = DIRECTION ( 'NONE',  ( 0.000000000000000000, 0.000000000000000000, 1.000000000000000000 ) ) ;
#3479 = CARTESIAN_POINT ( 'NONE',  ( 31.80153555841778257, 37.60994620360413165, -72.93642867582256883 ) ) ;
#3480 = LINE ( 'NONE', #703, #5344 ) ;
#3481 = LINE ( 'NONE', #246, #5603 ) ;
#3482 = CARTESIAN_POINT ( 'NONE',  ( -54.41649049702698449, 37.64009746964401160, -83.12359212603907110 ) ) ;
#3483 = ORIENTED_EDGE ( 'NONE', *, *, #438, .F. ) ;
#3484 =( BOUNDED_CURVE ( )  B_SPLINE_CURVE ( 3, ( #5223, #4336, #4748, #5285 ),
 .UNSPECIFIED., .F., .F. ) 
 B_SPLINE_CURVE_WITH_KNOTS ( ( 4, 4 ),
 ( 6.255182296209263804, 7.853981633974482790 ),
 .UNSPECIFIED. ) 
 CURVE ( )  GEOMETRIC_REPRESENTATION_ITEM ( )  RATIONAL_B_SPLINE_CURVE ( ( 1.000000000000000000, 0.7980914899728381862, 0.7980914899728381862, 1.000000000000000000 ) ) 
 REPRESENTATION_ITEM ( '' )  );
#3485 = DIRECTION ( 'NONE',  ( 0.000000000000000000, 0.000000000000000000, 1.000000000000000000 ) ) ;
#3486 = AXIS2_PLACEMENT_3D ( 'NONE', #1932, #1397, #1960 ) ;
#3487 = CARTESIAN_POINT ( 'NONE',  ( 40.73267925106289766, 41.63831359686042077, -80.49165398941607918 ) ) ;
#3488 = ORIENTED_EDGE ( 'NONE', *, *, #5378, .F. ) ;
#3489 = CARTESIAN_POINT ( 'NONE',  ( -2.799999999999999822, -6.695322744374519353, -62.49164817027969576 ) ) ;
#3490 = CARTESIAN_POINT ( 'NONE',  ( 32.27186040182008497, 33.08749508175529286, -82.86158510437846303 ) ) ;
#3491 = CARTESIAN_POINT ( 'NONE',  ( -55.52710604944265782, 60.42597317798946932, -65.34682619140642146 ) ) ;
#3492 = DIRECTION ( 'NONE',  ( 1.000000000000000000, 0.000000000000000000, 0.000000000000000000 ) ) ;
#3493 = EDGE_LOOP ( 'NONE', ( #1540, #865, #3819, #4526, #269, #2350 ) ) ;
#3494 = ADVANCED_FACE ( 'NONE', ( #4426, #5428, #4963 ), #4048, .F. ) ;
#3495 = EDGE_CURVE ( 'NONE', #4813, #218, #1379, .T. ) ;
#3496 = AXIS2_PLACEMENT_3D ( 'NONE', #1604, #691, #3438 ) ;
#3497 = VERTEX_POINT ( 'NONE', #4019 ) ;
#3498 = CARTESIAN_POINT ( 'NONE',  ( 29.42300304194747795, 31.65497600601084471, -77.19441786457487353 ) ) ;
#3499 = CARTESIAN_POINT ( 'NONE',  ( -26.21421356237309652, -8.109536306747616052, -55.19165030598870203 ) ) ;
#3500 = CARTESIAN_POINT ( 'NONE',  ( -35.57840423179678879, 37.79453242228329657, -71.74164817027968866 ) ) ;
#3501 = CARTESIAN_POINT ( 'NONE',  ( 53.52784713013302564, 33.87807191984964561, -86.55759424685598447 ) ) ;
#3502 = CARTESIAN_POINT ( 'NONE',  ( 29.45630794114493156, 39.06963038149606859, -76.92239444813289140 ) ) ;
#3503 = EDGE_CURVE ( 'NONE', #4563, #4752, #4889, .T. ) ;
#3504 = VECTOR ( 'NONE', #1001, 1000.000000000000000 ) ;
#3505 = B_SPLINE_CURVE_WITH_KNOTS ( 'NONE', 3,
 ( #1771, #4516, #2630, #1857, #2657, #825, #2275, #4049, #5457, #11 ),
 .UNSPECIFIED., .F., .F.,
 ( 4, 2, 1, 1, 2, 4 ),
 ( 0.8735961015495929960, 0.8814963452027433366, 0.8893965888558937882, 0.9051970761621952466, 0.9367980507747967200, 1.000000000000000000 ),
 .UNSPECIFIED. ) ;
#3506 = CARTESIAN_POINT ( 'NONE',  ( 41.08679232937185333, 28.01998350649618530, -75.82603630727052746 ) ) ;
#3507 = EDGE_LOOP ( 'NONE', ( #5327, #946, #4736, #1808 ) ) ;
#3508 = CARTESIAN_POINT ( 'NONE',  ( 41.14511773379292947, 30.81094275060504017, -76.00881774568172489 ) ) ;
#3509 = EDGE_LOOP ( 'NONE', ( #405, #2992, #1675, #4360 ) ) ;
#3510 = CYLINDRICAL_SURFACE ( 'NONE', #4972, 2.500000000000002220 ) ;
#3511 = DIRECTION ( 'NONE',  ( 0.000000000000000000, -1.000000000000000000, 2.775557561562890365E-16 ) ) ;
#3512 = AXIS2_PLACEMENT_3D ( 'NONE', #4937, #2194, #4024 ) ;
#3513 = DIRECTION ( 'NONE',  ( 0.000000000000000000, 1.000000000000000000, 0.000000000000000000 ) ) ;
#3514 = CARTESIAN_POINT ( 'NONE',  ( -44.00000000000000000, -14.59532146526809981, -87.99164817027970287 ) ) ;
#3515 = DIRECTION ( 'NONE',  ( -1.000000000000000000, 0.000000000000000000, 0.000000000000000000 ) ) ;
#3516 = CARTESIAN_POINT ( 'NONE',  ( -17.39999999999999858, 34.35942670088475381, -71.64184573456086014 ) ) ;
#3517 = ORIENTED_EDGE ( 'NONE', *, *, #1372, .T. ) ;
#3518 = CARTESIAN_POINT ( 'NONE',  ( 17.39999999999999858, 41.32967853473189734, -77.99165398941609340 ) ) ;
#3519 = CARTESIAN_POINT ( 'NONE',  ( 40.87779935248324392, 42.51842266139335891, -80.19199855643297781 ) ) ;
#3520 = ORIENTED_EDGE ( 'NONE', *, *, #2226, .F. ) ;
#3521 = DIRECTION ( 'NONE',  ( 0.000000000000000000, 1.000000000000000000, 0.000000000000000000 ) ) ;
#3522 = EDGE_CURVE ( 'NONE', #1890, #4311, #4690, .T. ) ;
#3523 = CARTESIAN_POINT ( 'NONE',  ( 31.19674046635062226, 36.81354616736838636, -82.02332039717201440 ) ) ;
#3524 = FACE_BOUND ( 'NONE', #1877, .T. ) ;
#3525 = CARTESIAN_POINT ( 'NONE',  ( 35.39999999999999858, 32.81482464718050096, -71.74164817027980234 ) ) ;
#3526 = ORIENTED_EDGE ( 'NONE', *, *, #2420, .T. ) ;
#3527 = VECTOR ( 'NONE', #5767, 1000.000000000000000 ) ;
#3528 = ORIENTED_EDGE ( 'NONE', *, *, #1840, .T. ) ;
#3529 = CARTESIAN_POINT ( 'NONE',  ( 56.20702189212111222, 41.99992881177622905, -75.57741108257793883 ) ) ;
#3530 = LINE ( 'NONE', #3499, #4954 ) ;
#3531 = ORIENTED_EDGE ( 'NONE', *, *, #934, .F. ) ;
#3532 = VECTOR ( 'NONE', #3450, 1000.000000000000000 ) ;
#3533 = DIRECTION ( 'NONE',  ( 0.000000000000000000, -3.469446951953611231E-16, -1.000000000000000000 ) ) ;
#3534 = CARTESIAN_POINT ( 'NONE',  ( -30.44855742421719569, 36.04873417837573868, -74.35293983717966171 ) ) ;
#3535 = DIRECTION ( 'NONE',  ( -1.000000000000000000, -1.001483571081361987E-31, -2.220446049250309876E-16 ) ) ;
#3536 = EDGE_CURVE ( 'NONE', #5250, #3550, #4512, .T. ) ;
#3537 = ADVANCED_FACE ( 'NONE', ( #3545 ), #3183, .F. ) ;
#3538 = CARTESIAN_POINT ( 'NONE',  ( -60.64615862044229999, 35.37467691290309801, -59.99169410092059707 ) ) ;
#3539 = ORIENTED_EDGE ( 'NONE', *, *, #3267, .T. ) ;
#3540 = CARTESIAN_POINT ( 'NONE',  ( -35.39999999999999858, 57.80467725562549930, -71.74164817027970287 ) ) ;
#3541 = ORIENTED_EDGE ( 'NONE', *, *, #3100, .T. ) ;
#3542 = CARTESIAN_POINT ( 'NONE',  ( -40.85654326892898780, 40.22012553713050664, -80.23781769000581221 ) ) ;
#3543 = CARTESIAN_POINT ( 'NONE',  ( -53.71914013444917657, 37.08035971153442745, -85.77650242649608003 ) ) ;
#3544 = CARTESIAN_POINT ( 'NONE',  ( -57.64549814579248732, 37.64145844881729630, -71.07715378880888579 ) ) ;
#3545 = FACE_OUTER_BOUND ( 'NONE', #2382, .T. ) ;
#3546 = CARTESIAN_POINT ( 'NONE',  ( -41.00669897514296736, 42.97429563190870994, -79.88182747145879148 ) ) ;
#3547 = CARTESIAN_POINT ( 'NONE',  ( -54.65807493039977771, 37.09523361188603019, -82.27193891761041300 ) ) ;
#3548 = CARTESIAN_POINT ( 'NONE',  ( 40.20799271637760341, 82.05010894872040694, -81.75884203854559473 ) ) ;
#3549 = CARTESIAN_POINT ( 'NONE',  ( -29.45884686586238388, 27.02972310378571663, -76.88949898701828545 ) ) ;
#3550 = VERTEX_POINT ( 'NONE', #2742 ) ;
#3551 = CARTESIAN_POINT ( 'NONE',  ( -40.73267925106286214, 29.44696659575177833, -80.49165398941612182 ) ) ;
#3552 = CARTESIAN_POINT ( 'NONE',  ( -1.385786437626904899, -0.2811091820014148812, -59.99164897494249971 ) ) ;
#3553 = DIRECTION ( 'NONE',  ( -1.000000000000000000, -2.220446049250309876E-16, 6.317050217590119366E-32 ) ) ;
#3554 = ORIENTED_EDGE ( 'NONE', *, *, #1347, .T. ) ;
#3555 = VECTOR ( 'NONE', #4669, 1000.000000000000000 ) ;
#3556 = ORIENTED_EDGE ( 'NONE', *, *, #2573, .T. ) ;
#3557 = CARTESIAN_POINT ( 'NONE',  ( 56.02682642963664250, 42.82543096542595151, -75.98725874584559392 ) ) ;
#3558 = CARTESIAN_POINT ( 'NONE',  ( -55.65843287695297903, 43.65165429366143002, -77.06470660844081522 ) ) ;
#3559 = ORIENTED_EDGE ( 'NONE', *, *, #4829, .T. ) ;
#3560 = FACE_BOUND ( 'NONE', #2050, .T. ) ;
#3561 = CARTESIAN_POINT ( 'NONE',  ( 35.39999999999998437, 37.79453242228328946, -71.74164817027970287 ) ) ;
#3562 = CYLINDRICAL_SURFACE ( 'NONE', #4656, 1.000000000000000888 ) ;
#3563 = CARTESIAN_POINT ( 'NONE',  ( -38.33156829821395206, 37.58367835650556543, -82.98109141215940099 ) ) ;
#3564 = CYLINDRICAL_SURFACE ( 'NONE', #5464, 6.000000000000005329 ) ;
#3565 = ORIENTED_EDGE ( 'NONE', *, *, #4546, .T. ) ;
#3566 = CARTESIAN_POINT ( 'NONE',  ( 40.96896298958018434, 29.61168349381433273, -75.50829109075196754 ) ) ;
#3567 = ORIENTED_EDGE ( 'NONE', *, *, #270, .T. ) ;
#3568 = CARTESIAN_POINT ( 'NONE',  ( 14.44999999999999929, 42.39970958719539595, -78.01686403958160554 ) ) ;
#3569 = CARTESIAN_POINT ( 'NONE',  ( -53.54142535972104611, 35.68721295253195791, -86.50691960415679205 ) ) ;
#3570 = CARTESIAN_POINT ( 'NONE',  ( -57.66141949420973134, 37.61853902595356658, -71.02002578815280742 ) ) ;
#3571 = DIRECTION ( 'NONE',  ( -0.7071067811865477948, -0.7071067811865473507, 0.000000000000000000 ) ) ;
#3572 = CARTESIAN_POINT ( 'NONE',  ( -41.14932548502485332, 43.35578682862899313, -79.45921594541069055 ) ) ;
#3573 = EDGE_CURVE ( 'NONE', #5180, #2572, #373, .T. ) ;
#3574 = CARTESIAN_POINT ( 'NONE',  ( -54.69676382585233654, 36.95436235080686060, -82.13772414809260169 ) ) ;
#3575 = AXIS2_PLACEMENT_3D ( 'NONE', #2568, #5253, #851 ) ;
#3576 = EDGE_CURVE ( 'NONE', #4643, #145, #4700, .T. ) ;
#3577 = CARTESIAN_POINT ( 'NONE',  ( 41.38704158525934673, 38.83076305152683716, -78.16553268760176820 ) ) ;
#3578 = DIRECTION ( 'NONE',  ( 0.000000000000000000, 0.000000000000000000, 1.000000000000000000 ) ) ;
#3579 = VERTEX_POINT ( 'NONE', #67 ) ;
#3580 = CARTESIAN_POINT ( 'NONE',  ( 31.48684137462705479, 37.11707270256587066, -82.29172991345961918 ) ) ;
#3581 = EDGE_CURVE ( 'NONE', #3164, #3091, #5345, .T. ) ;
#3582 = CARTESIAN_POINT ( 'NONE',  ( -54.51942095895089579, 62.55275294476818004, -66.40658790590107685 ) ) ;
#3583 = ORIENTED_EDGE ( 'NONE', *, *, #4145, .F. ) ;
#3584 = ORIENTED_EDGE ( 'NONE', *, *, #2280, .T. ) ;
#3585 = CARTESIAN_POINT ( 'NONE',  ( 56.08397522138697866, 42.61854490535823459, -75.84311777123166110 ) ) ;
#3586 = CARTESIAN_POINT ( 'NONE',  ( -55.43683735200243490, 43.82938116418543473, -77.82228345948831816 ) ) ;
#3587 = ORIENTED_EDGE ( 'NONE', *, *, #4933, .F. ) ;
#3588 = VECTOR ( 'NONE', #3884, 1000.000000000000000 ) ;
#3589 = DIRECTION ( 'NONE',  ( -0.7071067811865477948, 0.7071067811865473507, 0.000000000000000000 ) ) ;
#3590 = CARTESIAN_POINT ( 'NONE',  ( -49.00000000000000000, -13.69532146526809946, -87.99164817027970287 ) ) ;
#3591 = CARTESIAN_POINT ( 'NONE',  ( -55.00054849169453774, 43.17159207568143131, -79.68268715358603060 ) ) ;
#3592 = CARTESIAN_POINT ( 'NONE',  ( -38.43280083837098005, 33.05849347781472858, -82.91885319755112960 ) ) ;
#3593 = DIRECTION ( 'NONE',  ( 1.000000000000000000, 0.000000000000000000, 0.000000000000000000 ) ) ;
#3594 = VERTEX_POINT ( 'NONE', #1011 ) ;
#3595 = CARTESIAN_POINT ( 'NONE',  ( -14.44999999999999929, 45.37470958719600134, -84.74165348524340402 ) ) ;
#3596 = ORIENTED_EDGE ( 'NONE', *, *, #2114, .F. ) ;
#3597 = PLANE ( 'NONE',  #4530 ) ;
#3598 = DIRECTION ( 'NONE',  ( -1.000000000000000000, -2.220446049250309876E-16, 1.001483571081361987E-31 ) ) ;
#3599 = FACE_OUTER_BOUND ( 'NONE', #3002, .T. ) ;
#3600 = VECTOR ( 'NONE', #619, 1000.000000000000000 ) ;
#3601 = CARTESIAN_POINT ( 'NONE',  ( 29.65165305012012098, 43.35728049152666586, -79.46302741950178472 ) ) ;
#3602 = CARTESIAN_POINT ( 'NONE',  ( -40.96871251208834508, 41.65919987550891079, -75.50767611157795045 ) ) ;
#3603 = CARTESIAN_POINT ( 'NONE',  ( 29.83784878072519930, 41.32967853473189734, -75.49165398941609340 ) ) ;
#3604 = EDGE_CURVE ( 'NONE', #726, #496, #1478, .T. ) ;
#3605 = CARTESIAN_POINT ( 'NONE',  ( 41.05584980736080070, 40.24866819530868867, -75.73723598156925618 ) ) ;
#3606 = CARTESIAN_POINT ( 'NONE',  ( -29.62402683425740335, 27.62214105018115973, -76.11298548017943233 ) ) ;
#3607 = ORIENTED_EDGE ( 'NONE', *, *, #2427, .T. ) ;
#3608 = CARTESIAN_POINT ( 'NONE',  ( -2.799999999999999822, 0.3046772556254850328, -62.49164817027969576 ) ) ;
#3609 = CARTESIAN_POINT ( 'NONE',  ( -52.67805767553126373, 66.15599543145651751, -68.34616967205991500 ) ) ;
#3610 = ORIENTED_EDGE ( 'NONE', *, *, #1953, .T. ) ;
#3611 = ORIENTED_EDGE ( 'NONE', *, *, #4137, .F. ) ;
#3612 = CARTESIAN_POINT ( 'NONE',  ( -26.80000000000000071, -1.695322744374510249, -59.99164897494249971 ) ) ;
#3613 = CARTESIAN_POINT ( 'NONE',  ( -55.94588901705498074, 43.07635701063531997, -76.20277917580156668 ) ) ;
#3614 = CARTESIAN_POINT ( 'NONE',  ( -55.15321092344949250, 29.27967853473190374, -80.49165398941610761 ) ) ;
#3615 = CARTESIAN_POINT ( 'NONE',  ( -31.51527184373489021, 37.50402655679159380, -73.16487691561118822 ) ) ;
#3616 = CARTESIAN_POINT ( 'NONE',  ( -54.91360682142349248, 41.65570390783603472, -80.49165398941612182 ) ) ;
#3617 = AXIS2_PLACEMENT_3D ( 'NONE', #5703, #2483, #1649 ) ;
#3618 = EDGE_CURVE ( 'NONE', #567, #4727, #4786, .T. ) ;
#3619 = CARTESIAN_POINT ( 'NONE',  ( 40.96215121927478009, 29.27967853473189663, -75.49165398941609340 ) ) ;
#3620 = ORIENTED_EDGE ( 'NONE', *, *, #113, .F. ) ;
#3621 = ORIENTED_EDGE ( 'NONE', *, *, #4924, .F. ) ;
#3622 = CARTESIAN_POINT ( 'NONE',  ( -2.220446049250309925E-15, 42.39970958719539595, -78.01686403958160554 ) ) ;
#3623 = ORIENTED_EDGE ( 'NONE', *, *, #1767, .T. ) ;
#3624 = CARTESIAN_POINT ( 'NONE',  ( -40.79893624996483226, 40.52543081429574556, -80.35922910404413244 ) ) ;
#3625 = DIRECTION ( 'NONE',  ( -1.000000000000000000, -2.220446049250309876E-16, 1.001483571081361987E-31 ) ) ;
#3626 = CIRCLE ( 'NONE', #5031, 1.000000000000000888 ) ;
#3627 = CARTESIAN_POINT ( 'NONE',  ( -24.80000000000000071, -6.695322744374519353, -62.49164817027969576 ) ) ;
#3628 = DIRECTION ( 'NONE',  ( 0.000000000000000000, 0.000000000000000000, 1.000000000000000000 ) ) ;
#3629 = CARTESIAN_POINT ( 'NONE',  ( -41.20641683216967266, 43.49070511544926632, -79.25975684583467284 ) ) ;
#3630 = CARTESIAN_POINT ( 'NONE',  ( -2.220446049250309925E-15, 41.69045073397160195, -77.06006229127051199 ) ) ;
#3631 = CARTESIAN_POINT ( 'NONE',  ( 29.67241809558576904, 39.88509852769571040, -75.94878229630862165 ) ) ;
#3632 = CONICAL_SURFACE ( 'NONE', #1266, 6.349999999999994316, 1.249045772398260201 ) ;
#3633 = CARTESIAN_POINT ( 'NONE',  ( 41.32604738575626158, 39.12777880639082184, -76.79645536738432554 ) ) ;
#3634 = CARTESIAN_POINT ( 'NONE',  ( -29.83103701041981637, 28.94767357564945343, -75.50829109075196754 ) ) ;
#3635 = CARTESIAN_POINT ( 'NONE',  ( 33.23109398048866581, 32.89823792394328450, -83.33741561735425307 ) ) ;
#3636 = CARTESIAN_POINT ( 'NONE',  ( 55.89310004234539520, 38.88781231788961179, -77.45287580260315963 ) ) ;
#3637 = ORIENTED_EDGE ( 'NONE', *, *, #4187, .F. ) ;
#3638 = ORIENTED_EDGE ( 'NONE', *, *, #309, .F. ) ;
#3639 = CARTESIAN_POINT ( 'NONE',  ( 39.22836667507598207, 33.42677843822187356, -82.36369988151353994 ) ) ;
#3640 = CARTESIAN_POINT ( 'NONE',  ( -36.95572100304340779, 32.84881378822630182, -83.53654577784327273 ) ) ;
#3641 = EDGE_CURVE ( 'NONE', #1509, #3004, #2415, .T. ) ;
#3642 = CIRCLE ( 'NONE', #1084, 2.099999999999997868 ) ;
#3643 = CARTESIAN_POINT ( 'NONE',  ( 40.69903354078587654, 75.24242914780731439, -74.84921501334630989 ) ) ;
#3644 = DIRECTION ( 'NONE',  ( 1.519290839321570161E-64, -1.000000000000000000, 1.039540976564489922E-112 ) ) ;
#3645 = DIRECTION ( 'NONE',  ( 0.000000000000000000, 1.000000000000000000, 0.000000000000000000 ) ) ;
#3646 = CARTESIAN_POINT ( 'NONE',  ( 41.12757712468723525, 42.77424916301173852, -75.94877574289526478 ) ) ;
#3647 = ORIENTED_EDGE ( 'NONE', *, *, #4200, .F. ) ;
#3648 = ORIENTED_EDGE ( 'NONE', *, *, #3159, .F. ) ;
#3649 = ADVANCED_FACE ( 'NONE', ( #3352 ), #5247, .F. ) ;
#3650 = CARTESIAN_POINT ( 'NONE',  ( -29.83783296451666445, 41.16349271891227346, -75.49169308824781410 ) ) ;
#3651 = ORIENTED_EDGE ( 'NONE', *, *, #2912, .F. ) ;
#3652 = CARTESIAN_POINT ( 'NONE',  ( -40.96663710713370676, 39.81300052479798524, -79.98120204700215652 ) ) ;
#3653 = CARTESIAN_POINT ( 'NONE',  ( -54.16598584049511089, 37.80457205676812293, -84.04048143142790650 ) ) ;
#3654 = EDGE_CURVE ( 'NONE', #3822, #4918, #3382, .T. ) ;
#3655 = CARTESIAN_POINT ( 'NONE',  ( 17.89999999999999858, 16.80467116413909778, -59.99164897494249971 ) ) ;
#3656 = CARTESIAN_POINT ( 'NONE',  ( 34.85940075517105896, 32.81481692566602248, -71.74173361448261232 ) ) ;
#3657 = CARTESIAN_POINT ( 'NONE',  ( -40.73267925106289056, 41.32967853473189734, -80.49165398941610761 ) ) ;
#3658 = CARTESIAN_POINT ( 'NONE',  ( 14.44999999999999929, 41.69045073397160195, -77.06006229127051199 ) ) ;
#3659 = CARTESIAN_POINT ( 'NONE',  ( 46.39999999999999858, 37.80467853473189876, -71.96665398941610192 ) ) ;
#3660 = AXIS2_PLACEMENT_3D ( 'NONE', #3514, #936, #5312 ) ;
#3661 = CARTESIAN_POINT ( 'NONE',  ( -35.39999999999999858, 16.80467725562549930, -77.74164817027970287 ) ) ;
#3662 = CARTESIAN_POINT ( 'NONE',  ( -29.83784878072521707, 29.11496804179165920, -75.49165398941613603 ) ) ;
#3663 = CARTESIAN_POINT ( 'NONE',  ( 55.66105022739154151, 38.85104238165774149, -78.32390915331990300 ) ) ;
#3664 = ORIENTED_EDGE ( 'NONE', *, *, #2218, .F. ) ;
#3665 = ADVANCED_FACE ( 'NONE', ( #2942, #2083, #754 ), #4357, .F. ) ;
#3666 = AXIS2_PLACEMENT_3D ( 'NONE', #3381, #1995, #2054 ) ;
#3667 = ORIENTED_EDGE ( 'NONE', *, *, #1610, .T. ) ;
#3668 = CARTESIAN_POINT ( 'NONE',  ( 36.36044372118292500, 32.82950829645383806, -83.66464822958950265 ) ) ;
#3669 = CARTESIAN_POINT ( 'NONE',  ( -35.76195877943192869, 32.81985021079449893, -83.74164817027968866 ) ) ;
#3670 = DIRECTION ( 'NONE',  ( -1.000000000000000000, -2.220446049250309876E-16, 6.317050217590119366E-32 ) ) ;
#3671 = CARTESIAN_POINT ( 'NONE',  ( -38.49040294688803954, 37.72353090154302180, -72.59874624847894609 ) ) ;
#3672 = CARTESIAN_POINT ( 'NONE',  ( 30.06732074893714923, 29.27967853473190019, -80.49165398941610761 ) ) ;
#3673 = ADVANCED_FACE ( 'NONE', ( #1133 ), #4328, .F. ) ;
#3674 = CARTESIAN_POINT ( 'NONE',  ( 41.20054334777735505, 43.08083562371947295, -76.20741643209066751 ) ) ;
#3675 = ORIENTED_EDGE ( 'NONE', *, *, #1396, .T. ) ;
#3676 = DIRECTION ( 'NONE',  ( -1.000000000000000000, -4.622231866529390132E-32, -2.220446049250309876E-16 ) ) ;
#3677 = VERTEX_POINT ( 'NONE', #2025 ) ;
#3678 = CARTESIAN_POINT ( 'NONE',  ( -41.17518307689457657, 39.67515146670974957, -76.11001516935573363 ) ) ;
#3679 = CARTESIAN_POINT ( 'NONE',  ( 35.39999999999999858, 83.64814667400489157, -83.74164817027970287 ) ) ;
#3680 = CIRCLE ( 'NONE', #2740, 61.07692307692300204 ) ;
#3681 = CARTESIAN_POINT ( 'NONE',  ( -2.220446049250309925E-15, 41.32982198470239865, -77.99277173434509791 ) ) ;
#3682 = CARTESIAN_POINT ( 'NONE',  ( 29.47398433109510307, 43.53147484062356654, -76.79626738385948670 ) ) ;
#3683 = FACE_OUTER_BOUND ( 'NONE', #521, .T. ) ;
#3684 = VECTOR ( 'NONE', #2557, 1000.000000000000000 ) ;
#3685 = CARTESIAN_POINT ( 'NONE',  ( -29.47416746397487231, 77.32821890899600703, -76.74434447312599161 ) ) ;
#3686 = CARTESIAN_POINT ( 'NONE',  ( 57.12076623965354116, 37.56741999631527307, -73.04216270822190893 ) ) ;
#3687 = AXIS2_PLACEMENT_3D ( 'NONE', #3929, #4428, #5795 ) ;
#3688 = CARTESIAN_POINT ( 'NONE',  ( 41.16182946381228902, 39.72618390553107304, -76.05876432568875600 ) ) ;
#3689 = CARTESIAN_POINT ( 'NONE',  ( 35.39999999999999858, 16.80467725562549930, -83.74164817027970287 ) ) ;
#3690 = CARTESIAN_POINT ( 'NONE',  ( 55.78979773615081683, 38.82898478880371584, -77.84727786197392163 ) ) ;
#3691 = ORIENTED_EDGE ( 'NONE', *, *, #1552, .F. ) ;
#3692 = EDGE_CURVE ( 'NONE', #2512, #4510, #2308, .T. ) ;
#3693 = ORIENTED_EDGE ( 'NONE', *, *, #2169, .T. ) ;
#3694 = CARTESIAN_POINT ( 'NONE',  ( -46.39999999999999858, 29.27967853473190019, -77.99165398941609340 ) ) ;
#3695 = FACE_BOUND ( 'NONE', #2352, .T. ) ;
#3696 = DIRECTION ( 'NONE',  ( 1.000000000000000000, 0.000000000000000000, 0.000000000000000000 ) ) ;
#3697 = DIRECTION ( 'NONE',  ( 0.2126530078498230503, 0.1475330348098480571, 0.9659258262890683122 ) ) ;
#3698 = EDGE_CURVE ( 'NONE', #5056, #4915, #424, .T. ) ;
#3699 = CARTESIAN_POINT ( 'NONE',  ( 29.56350947030222898, 27.39120124313083693, -76.34530062534284411 ) ) ;
#3700 = EDGE_CURVE ( 'NONE', #2711, #5335, #3626, .T. ) ;
#3701 = DIRECTION ( 'NONE',  ( 0.000000000000000000, -0.3162277660168379967, -0.9486832980505137680 ) ) ;
#3702 = EDGE_LOOP ( 'NONE', ( #4240, #461 ) ) ;
#3703 = DIRECTION ( 'NONE',  ( 1.000000000000000000, 0.000000000000000000, 0.000000000000000000 ) ) ;
#3704 = ORIENTED_EDGE ( 'NONE', *, *, #2476, .T. ) ;
#3705 = DIRECTION ( 'NONE',  ( 0.000000000000000000, -1.000000000000000000, 2.775557561562890365E-16 ) ) ;
#3706 = DIRECTION ( 'NONE',  ( 0.000000000000000000, 1.000000000000000000, 0.000000000000000000 ) ) ;
#3707 = ADVANCED_FACE ( 'NONE', ( #665 ), #266, .F. ) ;
#3708 = AXIS2_PLACEMENT_3D ( 'NONE', #5508, #4594, #3766 ) ;
#3709 = CARTESIAN_POINT ( 'NONE',  ( -2.220446049250309925E-15, 35.37471071591760108, -84.04186516830250753 ) ) ;
#3710 = CARTESIAN_POINT ( 'NONE',  ( 29.52744003689624819, 43.62957310472332750, -78.97171222254216616 ) ) ;
#3711 = CARTESIAN_POINT ( 'NONE',  ( -37.27004635775932684, 71.70273423148940140, -72.02159597371350230 ) ) ;
#3712 = EDGE_LOOP ( 'NONE', ( #4282, #697, #5199, #146 ) ) ;
#3713 = CARTESIAN_POINT ( 'NONE',  ( -29.47988071111391051, 79.37369386398542304, -78.77739027743281497 ) ) ;
#3714 = VECTOR ( 'NONE', #56, 1000.000000000000000 ) ;
#3715 = ADVANCED_FACE ( 'NONE', ( #5693 ), #2531, .F. ) ;
#3716 = DIRECTION ( 'NONE',  ( -1.000000000000000000, 1.001483571081361987E-31, 2.220446049250309876E-16 ) ) ;
#3717 = PLANE ( 'NONE',  #554 ) ;
#3718 = ADVANCED_FACE ( 'NONE', ( #2474, #1161 ), #638, .F. ) ;
#3719 = FACE_BOUND ( 'NONE', #1329, .T. ) ;
#3720 = VECTOR ( 'NONE', #1256, 1000.000000000000000 ) ;
#3721 = CARTESIAN_POINT ( 'NONE',  ( 56.03198837088029904, 39.07212281479631599, -76.90526191368013542 ) ) ;
#3722 = ORIENTED_EDGE ( 'NONE', *, *, #3312, .F. ) ;
#3723 = CARTESIAN_POINT ( 'NONE',  ( -38.96597679894261290, 37.34458880987872220, -82.56873578409438608 ) ) ;
#3724 = ORIENTED_EDGE ( 'NONE', *, *, #1114, .F. ) ;
#3725 = CARTESIAN_POINT ( 'NONE',  ( 38.45975294065261352, 33.06644830993268158, -82.90280827979269418 ) ) ;
#3726 = CARTESIAN_POINT ( 'NONE',  ( -37.99595714455557527, 32.95864981115146009, -83.15266667880278817 ) ) ;
#3727 = CARTESIAN_POINT ( 'NONE',  ( 38.42143208707374669, 72.40949900553769680, -72.55411648308050587 ) ) ;
#3728 = CARTESIAN_POINT ( 'NONE',  ( 17.39999999999999858, 41.03908083792619976, -78.94957348265620567 ) ) ;
#3729 = CARTESIAN_POINT ( 'NONE',  ( -33.77294550625804703, 37.75647748337251386, -83.51682805762962403 ) ) ;
#3730 = CARTESIAN_POINT ( 'NONE',  ( 41.03625686648265258, 42.29207178337713202, -75.68431762312836497 ) ) ;
#3731 = EDGE_LOOP ( 'NONE', ( #5092, #4691 ) ) ;
#3732 = AXIS2_PLACEMENT_3D ( 'NONE', #5057, #1025, #2838 ) ;
#3733 = DIRECTION ( 'NONE',  ( -1.387778780781443703E-16, -1.387778780781441731E-16, -1.000000000000000000 ) ) ;
#3734 = LINE ( 'NONE', #3285, #1929 ) ;
#3735 = ORIENTED_EDGE ( 'NONE', *, *, #1433, .T. ) ;
#3736 = DIRECTION ( 'NONE',  ( 0.000000000000000000, 1.000000000000000000, 0.000000000000000000 ) ) ;
#3737 = CARTESIAN_POINT ( 'NONE',  ( -55.15321092344949250, 29.27967853473190374, -80.49165398941610761 ) ) ;
#3738 = AXIS2_PLACEMENT_3D ( 'NONE', #2405, #1957, #950 ) ;
#3739 = CARTESIAN_POINT ( 'NONE',  ( 29.71680445050447616, 42.55872394133056247, -75.81309381994839214 ) ) ;
#3740 = CARTESIAN_POINT ( 'NONE',  ( -41.07874774488136183, 76.28271490962541179, -75.77611883739503185 ) ) ;
#3741 = VERTEX_POINT ( 'NONE', #694 ) ;
#3742 = CARTESIAN_POINT ( 'NONE',  ( -29.42300304194747795, 31.65497600601084471, -77.19441786457487353 ) ) ;
#3743 = CARTESIAN_POINT ( 'NONE',  ( -57.40253323112970207, 37.80467853473189876, -71.96665396316980434 ) ) ;
#3744 = CARTESIAN_POINT ( 'NONE',  ( 29.97151495459879200, 40.36333373029829374, -80.29734043121845843 ) ) ;
#3745 = CARTESIAN_POINT ( 'NONE',  ( 32.65453162372140383, 32.83917555031560198, -72.39596836555338655 ) ) ;
#3746 = EDGE_CURVE ( 'NONE', #5180, #2902, #2598, .T. ) ;
#3747 = LINE ( 'NONE', #1888, #4825 ) ;
#3748 = DIRECTION ( 'NONE',  ( 1.000000000000000000, -6.317050217590119366E-32, -2.220446049250309876E-16 ) ) ;
#3749 = EDGE_CURVE ( 'NONE', #5044, #3967, #1031, .T. ) ;
#3750 = AXIS2_PLACEMENT_3D ( 'NONE', #3804, #1350, #420 ) ;
#3751 = ORIENTED_EDGE ( 'NONE', *, *, #1610, .F. ) ;
#3752 = CARTESIAN_POINT ( 'NONE',  ( -38.80634784400717052, 37.41863945149665227, -82.68138861954803076 ) ) ;
#3753 = ORIENTED_EDGE ( 'NONE', *, *, #4249, .T. ) ;
#3754 = CARTESIAN_POINT ( 'NONE',  ( 39.31980354096616281, 37.12317420799169554, -82.29092582207577777 ) ) ;
#3755 = CARTESIAN_POINT ( 'NONE',  ( -36.78668131661273577, 32.84093060073726633, -83.57950184522432835 ) ) ;
#3756 = CARTESIAN_POINT ( 'NONE',  ( -49.29182317085960108, -14.59532146526809981, -102.3666508849439936 ) ) ;
#3757 = DIRECTION ( 'NONE',  ( 1.387778780781443703E-16, 1.387778780781443703E-16, 1.000000000000000000 ) ) ;
#3758 = CARTESIAN_POINT ( 'NONE',  ( -34.71930019372688037, 37.78669614001017862, -83.70932475799597228 ) ) ;
#3759 = AXIS2_PLACEMENT_3D ( 'NONE', #3366, #4280, #2893 ) ;
#3760 = CARTESIAN_POINT ( 'NONE',  ( 41.27425362328450120, 43.63301157163419930, -78.96359461540046709 ) ) ;
#3761 = EDGE_LOOP ( 'NONE', ( #3691, #5053, #1069, #3647 ) ) ;
#3762 = EDGE_LOOP ( 'NONE', ( #1781, #3996, #1456, #2954 ) ) ;
#3763 = FACE_OUTER_BOUND ( 'NONE', #1301, .T. ) ;
#3764 = VERTEX_POINT ( 'NONE', #3984 ) ;
#3765 = DIRECTION ( 'NONE',  ( -1.000000000000000000, -1.001483571081361987E-31, -2.220446049250309876E-16 ) ) ;
#3766 = DIRECTION ( 'NONE',  ( -1.000000000000000000, 0.000000000000000000, 0.000000000000000000 ) ) ;
#3767 = CARTESIAN_POINT ( 'NONE',  ( -17.39999999999999858, 40.38442037435972054, -77.66686408613556125 ) ) ;
#3768 = CARTESIAN_POINT ( 'NONE',  ( 29.42638991944546234, 43.81299326568219499, -78.32349108728909926 ) ) ;
#3769 = CARTESIAN_POINT ( 'NONE',  ( -37.67897518729686368, 71.91007435376987189, -72.17553226645470943 ) ) ;
#3770 = ORIENTED_EDGE ( 'NONE', *, *, #3225, .F. ) ;
#3771 = CARTESIAN_POINT ( 'NONE',  ( -31.24445104652431127, 82.31422586027102284, -82.07459674310449316 ) ) ;
#3772 = CARTESIAN_POINT ( 'NONE',  ( -1.385786437626906897, -8.109536306747617829, -59.99164897494249971 ) ) ;
#3773 = VECTOR ( 'NONE', #4292, 1000.000000000000000 ) ;
#3774 = CARTESIAN_POINT ( 'NONE',  ( -2.220446049250309925E-15, 36.37470845847450818, -71.99186516830378935 ) ) ;
#3775 = CARTESIAN_POINT ( 'NONE',  ( 31.19804739485811851, 33.29743339505328947, -73.45768273112865643 ) ) ;
#3776 = DIRECTION ( 'NONE',  ( -1.387778780781443703E-16, 1.387778780781441731E-16, 1.000000000000000000 ) ) ;
#3777 = CARTESIAN_POINT ( 'NONE',  ( 14.44999999999999929, 16.80467880725779750, -59.99165197272559880 ) ) ;
#3778 = ORIENTED_EDGE ( 'NONE', *, *, #4110, .T. ) ;
#3779 = AXIS2_PLACEMENT_3D ( 'NONE', #1143, #3807, #2542 ) ;
#3780 = CARTESIAN_POINT ( 'NONE',  ( -37.62035240521515789, 37.70563624048926243, -83.31767211880944046 ) ) ;
#3781 = VERTEX_POINT ( 'NONE', #3538 ) ;
#3782 = DIRECTION ( 'NONE',  ( 1.000000000000000000, 0.000000000000000000, 0.000000000000000000 ) ) ;
#3783 = CARTESIAN_POINT ( 'NONE',  ( -29.71309043863894317, 42.58618762660974966, -75.82835042033210016 ) ) ;
#3784 = CARTESIAN_POINT ( 'NONE',  ( 35.88043618191711914, 83.63703437314272549, -83.72724273273570361 ) ) ;
#3785 = DIRECTION ( 'NONE',  ( 0.7071067811865471286, 0.7071067811865480168, 0.000000000000000000 ) ) ;
#3786 = VECTOR ( 'NONE', #4969, 999.9999999999998863 ) ;
#3787 = CARTESIAN_POINT ( 'NONE',  ( 29.39816715734274055, 26.79424864360896308, -77.67545733695355636 ) ) ;
#3788 = CARTESIAN_POINT ( 'NONE',  ( 41.31183283984154997, 43.70694233595395417, -78.76650405408030053 ) ) ;
#3789 = ORIENTED_EDGE ( 'NONE', *, *, #88, .T. ) ;
#3790 = CARTESIAN_POINT ( 'NONE',  ( 30.06732074893714923, 29.27967853473190019, -80.49165398941610761 ) ) ;
#3791 = CARTESIAN_POINT ( 'NONE',  ( -29.94196618981270674, 40.22255878569260545, -80.23368055305212465 ) ) ;
#3792 = ORIENTED_EDGE ( 'NONE', *, *, #1615, .F. ) ;
#3793 = DIRECTION ( 'NONE',  ( -1.000000000000000000, 0.000000000000000000, 0.000000000000000000 ) ) ;
#3794 = CARTESIAN_POINT ( 'NONE',  ( 33.08357882783646886, 83.28930951580598219, -83.28132566454922880 ) ) ;
#3795 = EDGE_CURVE ( 'NONE', #5250, #5619, #1, .T. ) ;
#3796 = DIRECTION ( 'NONE',  ( -1.000000000000000000, 0.000000000000000000, 0.000000000000000000 ) ) ;
#3797 = ORIENTED_EDGE ( 'NONE', *, *, #822, .T. ) ;
#3798 = CARTESIAN_POINT ( 'NONE',  ( -41.32130682053276161, 79.36713611013327352, -78.77055738813332653 ) ) ;
#3799 = ORIENTED_EDGE ( 'NONE', *, *, #3604, .T. ) ;
#3800 = CARTESIAN_POINT ( 'NONE',  ( -29.39060880025038713, 78.35855558366145601, -77.74440206052842939 ) ) ;
#3801 = CARTESIAN_POINT ( 'NONE',  ( -56.76786743737100238, 35.37467691289879923, -74.46567384268929857 ) ) ;
#3802 = CIRCLE ( 'NONE', #1258, 2.500000000000002220 ) ;
#3803 = CARTESIAN_POINT ( 'NONE',  ( 33.30782172388969542, 32.80884569231883319, -72.11627663804114263 ) ) ;
#3804 = CARTESIAN_POINT ( 'NONE',  ( 35.39999999999999858, 16.80467725562549930, -77.74164817027970287 ) ) ;
#3805 = LINE ( 'NONE', #5613, #234 ) ;
#3806 = AXIS2_PLACEMENT_3D ( 'NONE', #4775, #4394, #1260 ) ;
#3807 = DIRECTION ( 'NONE',  ( 1.000000000000000000, 0.000000000000000000, 0.000000000000000000 ) ) ;
#3808 = ORIENTED_EDGE ( 'NONE', *, *, #1032, .F. ) ;
#3809 = CARTESIAN_POINT ( 'NONE',  ( -40.20799271637760341, 82.05010894872040694, -81.75884203854559473 ) ) ;
#3810 = VECTOR ( 'NONE', #5277, 1000.000000000000000 ) ;
#3811 = EDGE_LOOP ( 'NONE', ( #4580, #1651, #3637, #2564, #1257, #2098, #2159, #442, #2613, #546, #2754 ) ) ;
#3812 = CARTESIAN_POINT ( 'NONE',  ( 39.75983141250234354, 34.00068293668950759, -81.86924008112443119 ) ) ;
#3813 = CARTESIAN_POINT ( 'NONE',  ( -29.55830422954171866, 43.56685131400169553, -79.11969129254741517 ) ) ;
#3814 = CARTESIAN_POINT ( 'NONE',  ( -2.799999999999999822, -1.695322744374510249, -55.19165030598870203 ) ) ;
#3815 = CARTESIAN_POINT ( 'NONE',  ( -39.75949507095990754, 37.18266871740837587, -73.61854633059051878 ) ) ;
#3816 = CARTESIAN_POINT ( 'NONE',  ( -31.55572496076882416, 37.17032335107092678, -82.34978705893097128 ) ) ;
#3817 = EDGE_CURVE ( 'NONE', #3898, #930, #3090, .T. ) ;
#3818 = CARTESIAN_POINT ( 'NONE',  ( 41.40102936305283521, 43.83064262126943333, -77.85247860187510582 ) ) ;
#3819 = ORIENTED_EDGE ( 'NONE', *, *, #2485, .T. ) ;
#3820 = CARTESIAN_POINT ( 'NONE',  ( 39.07005273809352985, 33.02585359073218285, -72.99490113584018047 ) ) ;
#3821 = CARTESIAN_POINT ( 'NONE',  ( -55.88247592884191306, 38.87978567989902956, -77.49357312682722920 ) ) ;
#3822 = VERTEX_POINT ( 'NONE', #4891 ) ;
#3823 = LINE ( 'NONE', #5634, #5571 ) ;
#3824 = CARTESIAN_POINT ( 'NONE',  ( -31.38933754982605606, 33.17636683005708420, -73.27905619554258010 ) ) ;
#3825 = EDGE_CURVE ( 'NONE', #4724, #4604, #3239, .T. ) ;
#3826 = CARTESIAN_POINT ( 'NONE',  ( 41.30455237705972849, 26.91480042594793076, -78.81840801899853943 ) ) ;
#3827 = VERTEX_POINT ( 'NONE', #2708 ) ;
#3828 = CARTESIAN_POINT ( 'NONE',  ( 54.14657720100251481, 63.32826084719321358, -66.79962200712780884 ) ) ;
#3829 = EDGE_LOOP ( 'NONE', ( #4058, #1445, #220, #5358 ) ) ;
#3830 = EDGE_CURVE ( 'NONE', #5381, #4592, #845, .T. ) ;
#3831 = CYLINDRICAL_SURFACE ( 'NONE', #2424, 2.000000000000001776 ) ;
#3832 = CARTESIAN_POINT ( 'NONE',  ( 35.39999999999999858, 57.80467725562549930, -83.74164817027970287 ) ) ;
#3833 = CIRCLE ( 'NONE', #5529, 6.000000000000005329 ) ;
#3834 = CARTESIAN_POINT ( 'NONE',  ( 55.37245068552979887, 43.82874514655219400, -78.05996262492411120 ) ) ;
#3835 = DIRECTION ( 'NONE',  ( -1.000000000000000000, 0.000000000000000000, 0.000000000000000000 ) ) ;
#3836 = DIRECTION ( 'NONE',  ( 0.000000000000000000, 1.000000000000000000, 0.000000000000000000 ) ) ;
#3837 = CARTESIAN_POINT ( 'NONE',  ( 54.94485868255074479, 42.85361742265238405, -80.00038853406714168 ) ) ;
#3838 = ORIENTED_EDGE ( 'NONE', *, *, #3442, .T. ) ;
#3839 = CARTESIAN_POINT ( 'NONE',  ( -36.08100781294724868, 37.78669614001016441, -83.70928961732910523 ) ) ;
#3840 = EDGE_LOOP ( 'NONE', ( #5367, #4165, #4703, #1729, #4453, #4392 ) ) ;
#3841 = CARTESIAN_POINT ( 'NONE',  ( 37.69546974045458398, 37.69648056374501266, -83.28691121155482335 ) ) ;
#3842 = EDGE_CURVE ( 'NONE', #1714, #5821, #3432, .T. ) ;
#3843 = CARTESIAN_POINT ( 'NONE',  ( -41.01343225501906176, 30.09245951785706907, -75.62175788190263859 ) ) ;
#3844 = CARTESIAN_POINT ( 'NONE',  ( 41.25095943908419116, 79.69794814031584451, -79.11803861858257392 ) ) ;
#3845 = CARTESIAN_POINT ( 'NONE',  ( -39.70208483425062695, 37.23213608635849425, -73.55920267610628116 ) ) ;
#3846 = CARTESIAN_POINT ( 'NONE',  ( -32.28253903116507928, 33.08400894701700423, -82.86819167478971337 ) ) ;
#3847 = EDGE_LOOP ( 'NONE', ( #1668, #4112 ) ) ;
#3848 = CARTESIAN_POINT ( 'NONE',  ( 39.48811298374180012, 37.38957604928091882, -73.34855000914423329 ) ) ;
#3849 = CARTESIAN_POINT ( 'NONE',  ( -29.67035050342784785, 39.35188777508367508, -79.52360200955932612 ) ) ;
#3850 = EDGE_LOOP ( 'NONE', ( #3415, #1529, #5451, #5169 ) ) ;
#3851 = FACE_OUTER_BOUND ( 'NONE', #4804, .T. ) ;
#3852 = CARTESIAN_POINT ( 'NONE',  ( -31.53943429127885878, 33.09430413593269549, -73.14469477723751822 ) ) ;
#3853 = CIRCLE ( 'NONE', #1307, 2.500000000000002220 ) ;
#3854 = EDGE_CURVE ( 'NONE', #726, #2711, #4418, .T. ) ;
#3855 = CARTESIAN_POINT ( 'NONE',  ( -49.88584279647219688, -13.99060239742549960, -88.10830762295830709 ) ) ;
#3856 = ORIENTED_EDGE ( 'NONE', *, *, #1200, .F. ) ;
#3857 = ADVANCED_FACE ( 'NONE', ( #3951, #386, #5786 ), #3564, .F. ) ;
#3858 = CARTESIAN_POINT ( 'NONE',  ( 49.00000000000000000, 12.80467725562550108, -67.49164817027978813 ) ) ;
#3859 = ORIENTED_EDGE ( 'NONE', *, *, #2912, .T. ) ;
#3860 = DIRECTION ( 'NONE',  ( 1.387778780781443703E-16, -1.387778780781443703E-16, -1.000000000000000000 ) ) ;
#3861 = CARTESIAN_POINT ( 'NONE',  ( -35.39999999999999858, 57.80467725562549930, -77.74164817027970287 ) ) ;
#3862 = CARTESIAN_POINT ( 'NONE',  ( -41.05935994889621554, 28.16570024035746300, -75.74762634711605358 ) ) ;
#3863 = DIRECTION ( 'NONE',  ( 1.000000000000000000, 0.000000000000000000, 0.000000000000000000 ) ) ;
#3864 = DIRECTION ( 'NONE',  ( 0.000000000000000000, -1.000000000000000000, 0.000000000000000000 ) ) ;
#3865 = DIRECTION ( 'NONE',  ( -1.000000000000000000, 8.339025895487658924E-48, 4.005934284325434700E-32 ) ) ;
#3866 = ORIENTED_EDGE ( 'NONE', *, *, #4924, .T. ) ;
#3867 = EDGE_CURVE ( 'NONE', #3166, #5812, #3200, .T. ) ;
#3868 = DIRECTION ( 'NONE',  ( 0.000000000000000000, 0.000000000000000000, 1.000000000000000000 ) ) ;
#3869 = EDGE_LOOP ( 'NONE', ( #2101, #440, #4694, #2417, #3064 ) ) ;
#3870 = CARTESIAN_POINT ( 'NONE',  ( 39.57887181935237209, 33.76473571720558908, -82.04716455370049744 ) ) ;
#3871 = CARTESIAN_POINT ( 'NONE',  ( -29.79305090334175432, 42.97224788442039767, -79.87827407559032622 ) ) ;
#3872 = B_SPLINE_CURVE_WITH_KNOTS ( 'NONE', 3,
 ( #5132, #3295, #99, #585, #3238, #5073, #2418, #3265, #4156, #5101, #3771, #1015, #155, #1046, #641, #4653, #1911, #988, #3713, #2449, #3800, #2000, #3685, #5577, #5515, #5045, #2823, #3324, #1942, #1076, #1553, #4129, #3356, #5163, #531, #4573 ),
 .UNSPECIFIED., .F., .F.,
 ( 4, 2, 2, 2, 2, 2, 2, 2, 2, 2, 2, 2, 2, 2, 2, 2, 2, 4 ),
 ( 0.02349639468052627106, 0.02496625653833410563, 0.02570118746723801598, 0.02643611839614192979, 0.02790598025394975396, 0.02864091118285366777, 0.02937584211175758159, 0.03084570396956538146, 0.03231556582737318134, 0.03378542768518098122, 0.03525528954298878109, 0.03672515140079658097, 0.03819501325860438085, 0.04113473697422001529, 0.04260459883202780129, 0.04407446068983559423, 0.04554432254764338717, 0.04701418440545117317 ),
 .UNSPECIFIED. ) ;
#3873 = AXIS2_PLACEMENT_3D ( 'NONE', #4264, #3409, #1669 ) ;
#3874 = CARTESIAN_POINT ( 'NONE',  ( 17.39999999999999858, 32.80467853473189166, -71.96665398941610192 ) ) ;
#3875 = CARTESIAN_POINT ( 'NONE',  ( -39.98470504634070721, 33.66207392485411987, -73.86627671228207248 ) ) ;
#3876 = ADVANCED_FACE ( 'NONE', ( #5395 ), #4831, .F. ) ;
#3877 = CARTESIAN_POINT ( 'NONE',  ( -31.19702631771076184, 36.81393794217001414, -82.02359423287896334 ) ) ;
#3878 = EDGE_CURVE ( 'NONE', #4059, #4436, #4709, .T. ) ;
#3879 = AXIS2_PLACEMENT_3D ( 'NONE', #2549, #3370, #3906 ) ;
#3880 = ORIENTED_EDGE ( 'NONE', *, *, #3290, .T. ) ;
#3881 = CARTESIAN_POINT ( 'NONE',  ( 39.00571894791356442, 33.00367393783295711, -72.94524688488220932 ) ) ;
#3882 = CARTESIAN_POINT ( 'NONE',  ( -55.10849847881506491, 40.07139528288695374, -80.15898049691037386 ) ) ;
#3883 = EDGE_LOOP ( 'NONE', ( #1021, #3880, #4971, #4537, #5231, #635, #5707, #1755, #3539, #2242 ) ) ;
#3884 = DIRECTION ( 'NONE',  ( 0.5700238742145431470, 0.8216281292807852132, -2.220446049250310369E-16 ) ) ;
#3885 = CARTESIAN_POINT ( 'NONE',  ( -32.42315063165073497, 32.86905751471824289, -72.53191750515232172 ) ) ;
#3886 = CARTESIAN_POINT ( 'NONE',  ( 29.94357304738570136, 40.23218632026093644, -80.23813302285331872 ) ) ;
#3887 = DIRECTION ( 'NONE',  ( -1.000000000000000000, 1.001483571081361987E-31, 2.220446049250309876E-16 ) ) ;
#3888 = VERTEX_POINT ( 'NONE', #5758 ) ;
#3889 = CARTESIAN_POINT ( 'NONE',  ( -44.00000000000000000, -14.14532146526810052, -87.99164817027970287 ) ) ;
#3890 = ORIENTED_EDGE ( 'NONE', *, *, #745, .T. ) ;
#3891 = CARTESIAN_POINT ( 'NONE',  ( -2.220446049250309925E-15, 42.39970958719539595, -78.01686403958160554 ) ) ;
#3892 = CARTESIAN_POINT ( 'NONE',  ( 51.00000000000000000, 8.374677255625490702, -95.99164817027978813 ) ) ;
#3893 = CARTESIAN_POINT ( 'NONE',  ( -57.53433758232808515, 37.76129231530588726, -71.47657442128354432 ) ) ;
#3894 = CARTESIAN_POINT ( 'NONE',  ( 17.39999999999999858, 35.30467853473189876, -71.96665398941610192 ) ) ;
#3895 = CARTESIAN_POINT ( 'NONE',  ( 17.39999999999999858, 35.30467853473189876, -71.96665398941610192 ) ) ;
#3896 = ADVANCED_FACE ( 'NONE', ( #1700 ), #1315, .F. ) ;
#3897 = CARTESIAN_POINT ( 'NONE',  ( -54.17235968341639563, 37.80467584223960387, -84.01664612674845500 ) ) ;
#3898 = VERTEX_POINT ( 'NONE', #2844 ) ;
#3899 = VECTOR ( 'NONE', #5366, 1000.000000000000000 ) ;
#3900 =( BOUNDED_CURVE ( )  B_SPLINE_CURVE ( 3, ( #5026, #2807, #4529, #1421 ),
 .UNSPECIFIED., .F., .F. ) 
 B_SPLINE_CURVE_WITH_KNOTS ( ( 4, 4 ),
 ( 3.141592653589794004, 6.283185307179584456 ),
 .UNSPECIFIED. ) 
 CURVE ( )  GEOMETRIC_REPRESENTATION_ITEM ( )  RATIONAL_B_SPLINE_CURVE ( ( 1.000000000000000000, 0.3333333333333337034, 0.3333333333333337034, 1.000000000000000000 ) ) 
 REPRESENTATION_ITEM ( '' )  );
#3901 = CARTESIAN_POINT ( 'NONE',  ( 57.43747778892490174, 32.80467853473189166, -71.96665398941610192 ) ) ;
#3902 = AXIS2_PLACEMENT_3D ( 'NONE', #5068, #4620, #3706 ) ;
#3903 = ORIENTED_EDGE ( 'NONE', *, *, #1751, .T. ) ;
#3904 = CARTESIAN_POINT ( 'NONE',  ( -56.75663489892812663, 33.87807191984969535, -74.50759424685611521 ) ) ;
#3905 = CARTESIAN_POINT ( 'NONE',  ( -29.83784878072529878, 41.32967853473189734, -75.49165398941609340 ) ) ;
#3906 = DIRECTION ( 'NONE',  ( 0.000000000000000000, -0.9309532560805584556, 0.3651383778692761650 ) ) ;
#3907 = CARTESIAN_POINT ( 'NONE',  ( -2.220446049250309925E-15, 16.80467853473189876, -62.49165398941600102 ) ) ;
#3908 = CARTESIAN_POINT ( 'NONE',  ( -34.71899218702159118, 32.82266092945354785, -83.70928961732555251 ) ) ;
#3909 = VECTOR ( 'NONE', #1804, 1000.000000000000114 ) ;
#3910 = VERTEX_POINT ( 'NONE', #85 ) ;
#3911 = CARTESIAN_POINT ( 'NONE',  ( 39.75282997904890436, 37.18844412336996896, -73.61151344881690761 ) ) ;
#3912 = CARTESIAN_POINT ( 'NONE',  ( -55.16747956846860745, 39.82631482510103638, -79.98965463802811371 ) ) ;
#3913 = VERTEX_POINT ( 'NONE', #3254 ) ;
#3914 = CARTESIAN_POINT ( 'NONE',  ( -58.10708814047880111, 35.37467691289879923, -69.46763413614279159 ) ) ;
#3915 = CARTESIAN_POINT ( 'NONE',  ( -33.77945824983692802, 32.80313561835378522, -71.96567835473565822 ) ) ;
#3916 = CIRCLE ( 'NONE', #2124, 61.07692307692300204 ) ;
#3917 = FACE_BOUND ( 'NONE', #21, .T. ) ;
#3918 = B_SPLINE_CURVE_WITH_KNOTS ( 'NONE', 3,
 ( #1246, #4435, #1749, #1275 ),
 .UNSPECIFIED., .F., .F.,
 ( 4, 4 ),
 ( 0.8732925367379135162, 1.000000000000000000 ),
 .UNSPECIFIED. ) ;
#3919 = CARTESIAN_POINT ( 'NONE',  ( 14.44999999999999929, 35.30482198470239297, -71.96777173434509223 ) ) ;
#3920 = VERTEX_POINT ( 'NONE', #5420 ) ;
#3921 = FACE_OUTER_BOUND ( 'NONE', #2412, .T. ) ;
#3922 = ORIENTED_EDGE ( 'NONE', *, *, #5548, .F. ) ;
#3923 = CARTESIAN_POINT ( 'NONE',  ( 57.81567494821486974, 37.33435968423240325, -70.47191095126527216 ) ) ;
#3924 = CYLINDRICAL_SURFACE ( 'NONE', #1831, 6.000000000000005329 ) ;
#3925 = DIRECTION ( 'NONE',  ( -1.000000000000000000, 6.414635304220839591E-49, 3.081487911019354991E-33 ) ) ;
#3926 = DIRECTION ( 'NONE',  ( -1.000000000000000000, 0.000000000000000000, 0.000000000000000000 ) ) ;
#3927 = CYLINDRICAL_SURFACE ( 'NONE', #3617, 2.500000000000002220 ) ;
#3928 = AXIS2_PLACEMENT_3D ( 'NONE', #4312, #2069, #5679 ) ;
#3929 = CARTESIAN_POINT ( 'NONE',  ( -2.220446049250309925E-15, 41.32982198470239865, -77.99277173434509791 ) ) ;
#3930 = VERTEX_POINT ( 'NONE', #4171 ) ;
#3931 = EDGE_CURVE ( 'NONE', #5365, #2209, #601, .T. ) ;
#3932 = CIRCLE ( 'NONE', #4499, 1.000000000000000888 ) ;
#3933 = CARTESIAN_POINT ( 'NONE',  ( 41.33343024075603012, 38.91114558920327227, -78.64562354281308387 ) ) ;
#3934 = CARTESIAN_POINT ( 'NONE',  ( 40.76420650593917117, 41.96818522309199295, -80.43371064817903004 ) ) ;
#3935 = ORIENTED_EDGE ( 'NONE', *, *, #4318, .T. ) ;
#3936 = EDGE_CURVE ( 'NONE', #2174, #2668, #5533, .T. ) ;
#3937 = CARTESIAN_POINT ( 'NONE',  ( -57.43747778892490174, 32.80467853473189166, -71.96665398941610192 ) ) ;
#3938 = CARTESIAN_POINT ( 'NONE',  ( 32.18488539048261288, 33.11629185116417773, -82.80765196214542812 ) ) ;
#3939 = CARTESIAN_POINT ( 'NONE',  ( -1.385786437626905787, -0.2811091820014140485, -55.19165030598870203 ) ) ;
#3940 = CARTESIAN_POINT ( 'NONE',  ( -26.80000000000000071, -1.695322744374510249, -55.19165030598870203 ) ) ;
#3941 = EDGE_LOOP ( 'NONE', ( #3866, #2199, #1961, #800 ) ) ;
#3942 =( BOUNDED_CURVE ( )  B_SPLINE_CURVE ( 3, ( #3007, #2566, #1230, #1706 ),
 .UNSPECIFIED., .F., .F. ) 
 B_SPLINE_CURVE_WITH_KNOTS ( ( 4, 4 ),
 ( 1.051173190055413986, 1.138621540928073994 ),
 .UNSPECIFIED. ) 
 CURVE ( )  GEOMETRIC_REPRESENTATION_ITEM ( )  RATIONAL_B_SPLINE_CURVE ( ( 1.000000000000000000, 0.9993628336819091462, 0.9993628336819091462, 1.000000000000000000 ) ) 
 REPRESENTATION_ITEM ( '' )  );
#3943 = ORIENTED_EDGE ( 'NONE', *, *, #3842, .T. ) ;
#3944 = FACE_OUTER_BOUND ( 'NONE', #1371, .T. ) ;
#3945 = CARTESIAN_POINT ( 'NONE',  ( -55.92632868124201906, 43.12997573596804557, -76.25702473754871846 ) ) ;
#3946 = ORIENTED_EDGE ( 'NONE', *, *, #5589, .F. ) ;
#3947 = DIRECTION ( 'NONE',  ( -1.000000000000000000, 0.000000000000000000, 0.000000000000000000 ) ) ;
#3948 = CARTESIAN_POINT ( 'NONE',  ( -30.48406374354092208, 34.38061427491457778, -74.30069388730605340 ) ) ;
#3949 = CARTESIAN_POINT ( 'NONE',  ( 29.51226168854054066, 38.99923136851818128, -78.89709542727057112 ) ) ;
#3950 = AXIS2_PLACEMENT_3D ( 'NONE', #5766, #4456, #3154 ) ;
#3951 = FACE_OUTER_BOUND ( 'NONE', #907, .T. ) ;
#3952 = ORIENTED_EDGE ( 'NONE', *, *, #2955, .T. ) ;
#3953 = DIRECTION ( 'NONE',  ( 1.387778780781443703E-16, -1.387778780781441731E-16, -1.000000000000000000 ) ) ;
#3954 = ORIENTED_EDGE ( 'NONE', *, *, #1597, .F. ) ;
#3955 = CYLINDRICAL_SURFACE ( 'NONE', #626, 4.999999999999997335 ) ;
#3956 = CARTESIAN_POINT ( 'NONE',  ( 54.17235183356925177, 37.80467723962215132, -84.01667525921789093 ) ) ;
#3957 = CIRCLE ( 'NONE', #3575, 78.06962431292330962 ) ;
#3958 = CARTESIAN_POINT ( 'NONE',  ( -57.85423570599161991, 37.20621633198565803, -70.33770499445246571 ) ) ;
#3959 = EDGE_CURVE ( 'NONE', #2914, #238, #2453, .T. ) ;
#3960 = FACE_BOUND ( 'NONE', #5556, .T. ) ;
#3961 = DIRECTION ( 'NONE',  ( 0.000000000000000000, 0.000000000000000000, 1.000000000000000000 ) ) ;
#3962 = CARTESIAN_POINT ( 'NONE',  ( -37.50000000000000000, 8.374677255625490702, -77.74164817027980234 ) ) ;
#3963 = VERTEX_POINT ( 'NONE', #2348 ) ;
#3964 = PLANE ( 'NONE',  #4326 ) ;
#3965 = VECTOR ( 'NONE', #2734, 1000.000000000000114 ) ;
#3966 = CARTESIAN_POINT ( 'NONE',  ( 53.62427354415043368, 36.62651260713524692, -86.16358364112923596 ) ) ;
#3967 = VERTEX_POINT ( 'NONE', #576 ) ;
#3968 = DIRECTION ( 'NONE',  ( 0.000000000000000000, 1.000000000000000000, -2.775557561562890365E-16 ) ) ;
#3969 = ADVANCED_FACE ( 'NONE', ( #171 ), #59, .F. ) ;
#3970 = DIRECTION ( 'NONE',  ( 1.000000000000000000, 0.000000000000000000, 0.000000000000000000 ) ) ;
#3971 = CARTESIAN_POINT ( 'NONE',  ( -17.39999999999999858, 29.27967853473190019, -77.99165398941609340 ) ) ;
#3972 = LINE ( 'NONE', #4378, #168 ) ;
#3973 = EDGE_LOOP ( 'NONE', ( #3607, #3799 ) ) ;
#3974 = VECTOR ( 'NONE', #5271, 1000.000000000000000 ) ;
#3975 = EDGE_LOOP ( 'NONE', ( #2680, #658 ) ) ;
#3976 = EDGE_CURVE ( 'NONE', #1281, #3920, #545, .T. ) ;
#3977 = CARTESIAN_POINT ( 'NONE',  ( 56.27451836624933890, 41.41286909524893645, -75.49178907122082194 ) ) ;
#3978 = CARTESIAN_POINT ( 'NONE',  ( -55.70924417141704055, 43.58024964830985226, -76.90194397902776302 ) ) ;
#3979 = ORIENTED_EDGE ( 'NONE', *, *, #3746, .F. ) ;
#3980 = CARTESIAN_POINT ( 'NONE',  ( 44.00000000000000000, -13.69532146526809946, -87.99164817027970287 ) ) ;
#3981 = CARTESIAN_POINT ( 'NONE',  ( -14.40000000000000036, 45.37470958719600134, -78.01686516830319817 ) ) ;
#3982 = CARTESIAN_POINT ( 'NONE',  ( -0.8000000000000000444, 1.839677255625489893, -59.99164897494249971 ) ) ;
#3983 = VECTOR ( 'NONE', #2808, 1000.000000000000000 ) ;
#3984 = CARTESIAN_POINT ( 'NONE',  ( -40.96215121927469482, 41.32967853473189734, -75.49165398941609340 ) ) ;
#3985 = ORIENTED_EDGE ( 'NONE', *, *, #1607, .F. ) ;
#3986 = CARTESIAN_POINT ( 'NONE',  ( 41.01343225501906176, 30.09245951785706907, -75.62175788190263859 ) ) ;
#3987 = EDGE_LOOP ( 'NONE', ( #172, #998, #1581, #1075, #4353, #1316, #4851, #3057, #5606, #648, #4894, #3444, #4410, #1783, #5398, #4403 ) ) ;
#3988 = DIRECTION ( 'NONE',  ( 0.000000000000000000, 1.000000000000000000, 0.000000000000000000 ) ) ;
#3989 = CARTESIAN_POINT ( 'NONE',  ( -53.78382640217205335, 37.31137816435494869, -85.51627999704329852 ) ) ;
#3990 = CARTESIAN_POINT ( 'NONE',  ( -57.76419297445466583, 37.43355998458227418, -70.65354896420561204 ) ) ;
#3991 = DIRECTION ( 'NONE',  ( 0.000000000000000000, 0.8186397984886658596, 0.5743073047858928692 ) ) ;
#3992 = PLANE ( 'NONE',  #3235 ) ;
#3993 = DIRECTION ( 'NONE',  ( 1.000000000000000000, 0.000000000000000000, 0.000000000000000000 ) ) ;
#3994 = CARTESIAN_POINT ( 'NONE',  ( 40.87561999273422941, 40.14457807716553361, -80.19884690967388963 ) ) ;
#3995 = CARTESIAN_POINT ( 'NONE',  ( -58.11832067892168396, 33.87807191984968824, -69.42571373197606022 ) ) ;
#3996 = ORIENTED_EDGE ( 'NONE', *, *, #3795, .F. ) ;
#3997 = CARTESIAN_POINT ( 'NONE',  ( 31.15928382119550122, 33.84594148956730209, -81.98625659558202017 ) ) ;
#3998 = CARTESIAN_POINT ( 'NONE',  ( -50.58317230595774561, 69.71367572914475375, -70.56290534547017046 ) ) ;
#3999 = CARTESIAN_POINT ( 'NONE',  ( -14.44999999999999929, 41.69045073397160195, -77.06006229127051199 ) ) ;
#4000 = VERTEX_POINT ( 'NONE', #4641 ) ;
#4001 = ORIENTED_EDGE ( 'NONE', *, *, #561, .T. ) ;
#4002 = CYLINDRICAL_SURFACE ( 'NONE', #716, 1.000000000000000888 ) ;
#4003 = CARTESIAN_POINT ( 'NONE',  ( -56.08200473365933192, 39.16072110839554909, -76.70111773191770510 ) ) ;
#4004 = AXIS2_PLACEMENT_3D ( 'NONE', #3417, #5699, #2030 ) ;
#4005 = CARTESIAN_POINT ( 'NONE',  ( 35.39999999999998437, 37.79453242228328946, -71.74164817027970287 ) ) ;
#4006 = CARTESIAN_POINT ( 'NONE',  ( -30.48723482708579624, 36.21151890444846799, -74.29704700786071214 ) ) ;
#4007 = FACE_OUTER_BOUND ( 'NONE', #2593, .T. ) ;
#4008 = EDGE_CURVE ( 'NONE', #2668, #2572, #4146, .T. ) ;
#4009 = CARTESIAN_POINT ( 'NONE',  ( -2.220446049250309925E-15, 16.80467853473189876, -92.99165398941609340 ) ) ;
#4010 = VECTOR ( 'NONE', #4726, 1000.000000000000114 ) ;
#4011 = ORIENTED_EDGE ( 'NONE', *, *, #5156, .T. ) ;
#4012 = LINE ( 'NONE', #1763, #3899 ) ;
#4013 = ORIENTED_EDGE ( 'NONE', *, *, #2529, .T. ) ;
#4014 = CARTESIAN_POINT ( 'NONE',  ( 35.39999999999999858, 57.80467725562549930, -71.74164817027970287 ) ) ;
#4015 = ADVANCED_FACE ( 'NONE', ( #115 ), #520, .F. ) ;
#4016 = CARTESIAN_POINT ( 'NONE',  ( -53.88023973756127560, 37.54129255950785904, -85.13436054166932365 ) ) ;
#4017 = CARTESIAN_POINT ( 'NONE',  ( -57.69622371607412958, 37.56425603550844983, -70.89535262647491720 ) ) ;
#4018 = EDGE_CURVE ( 'NONE', #3045, #3026, #4237, .T. ) ;
#4019 = CARTESIAN_POINT ( 'NONE',  ( 17.39999999999999858, 34.35942670088475381, -71.64184573456086014 ) ) ;
#4020 = CARTESIAN_POINT ( 'NONE',  ( -40.96588843058498952, 42.84859006988104824, -79.98446058205649933 ) ) ;
#4021 = CARTESIAN_POINT ( 'NONE',  ( -54.25630405057377459, 37.78567959824039235, -83.70418967811379218 ) ) ;
#4022 = CARTESIAN_POINT ( 'NONE',  ( 41.27224040792312820, 39.03043239480851412, -78.97322376007039679 ) ) ;
#4023 = AXIS2_PLACEMENT_3D ( 'NONE', #1814, #4166, #540 ) ;
#4024 = DIRECTION ( 'NONE',  ( -0.2588190451025211281, 0.000000000000000000, 0.9659258262890682012 ) ) ;
#4025 = ORIENTED_EDGE ( 'NONE', *, *, #611, .F. ) ;
#4026 = CARTESIAN_POINT ( 'NONE',  ( 31.57163332490079455, 37.18257863122451568, -82.36369988149375843 ) ) ;
#4027 = CARTESIAN_POINT ( 'NONE',  ( -47.91717775758828424, 73.49790298506276542, -73.40628703400879829 ) ) ;
#4028 = ORIENTED_EDGE ( 'NONE', *, *, #564, .F. ) ;
#4029 = AXIS2_PLACEMENT_3D ( 'NONE', #4611, #2758, #4586 ) ;
#4030 = EDGE_CURVE ( 'NONE', #4955, #5835, #4588, .T. ) ;
#4031 = ORIENTED_EDGE ( 'NONE', *, *, #866, .T. ) ;
#4032 = CARTESIAN_POINT ( 'NONE',  ( 55.60192659703491813, 43.72228254139061931, -77.24826310442766442 ) ) ;
#4033 = CARTESIAN_POINT ( 'NONE',  ( -24.80000000000000071, -1.695322744374510249, -62.49164817027969576 ) ) ;
#4034 = ORIENTED_EDGE ( 'NONE', *, *, #5309, .F. ) ;
#4035 = DIRECTION ( 'NONE',  ( 0.000000000000000000, -3.469446951953611231E-16, -1.000000000000000000 ) ) ;
#4036 = CARTESIAN_POINT ( 'NONE',  ( -30.46135955784535199, 36.10644858636162979, -74.33430927735892624 ) ) ;
#4037 = CARTESIAN_POINT ( 'NONE',  ( -55.10098500267937993, 43.53318131245224976, -79.18328451468408957 ) ) ;
#4038 = CARTESIAN_POINT ( 'NONE',  ( -39.48439790436469821, 36.96932785908958152, -82.14025740831166900 ) ) ;
#4039 = CARTESIAN_POINT ( 'NONE',  ( -17.39999999999999858, 41.32982198470239865, -77.99277173434509791 ) ) ;
#4040 = ORIENTED_EDGE ( 'NONE', *, *, #2306, .T. ) ;
#4041 = CARTESIAN_POINT ( 'NONE',  ( 41.33594509210906409, 31.70830018629778380, -78.66784416475694286 ) ) ;
#4042 = ORIENTED_EDGE ( 'NONE', *, *, #5328, .T. ) ;
#4043 = CARTESIAN_POINT ( 'NONE',  ( -24.80000000000000071, -6.695322744374519353, -59.99164897494249971 ) ) ;
#4044 = CARTESIAN_POINT ( 'NONE',  ( -54.12872441430992865, 37.80005209115639531, -84.18035436210735156 ) ) ;
#4045 = VECTOR ( 'NONE', #2190, 1000.000000000000000 ) ;
#4046 = EDGE_CURVE ( 'NONE', #2671, #3204, #2180, .T. ) ;
#4047 = CARTESIAN_POINT ( 'NONE',  ( 17.39999999999999858, 29.34970958719670264, -78.01686629702470555 ) ) ;
#4048 = CYLINDRICAL_SURFACE ( 'NONE', #1580, 6.000000000000005329 ) ;
#4049 = CARTESIAN_POINT ( 'NONE',  ( -35.94562427335554844, 32.80647538961166276, -71.76028369019361719 ) ) ;
#4050 = CYLINDRICAL_SURFACE ( 'NONE', #795, 2.500000000000002220 ) ;
#4051 = CIRCLE ( 'NONE', #3759, 4.999999999999997335 ) ;
#4052 = CARTESIAN_POINT ( 'NONE',  ( -41.38661738035160909, 26.78094025809328471, -78.17496088446743840 ) ) ;
#4053 = LINE ( 'NONE', #5831, #3786 ) ;
#4054 = ORIENTED_EDGE ( 'NONE', *, *, #2355, .T. ) ;
#4055 = CARTESIAN_POINT ( 'NONE',  ( -57.16320358167073579, 37.63291471254675713, -72.87733083027683278 ) ) ;
#4056 = DIRECTION ( 'NONE',  ( -1.000000000000000000, 2.220446049250309876E-16, -6.317050217590119366E-32 ) ) ;
#4057 = EDGE_CURVE ( 'NONE', #4000, #4329, #1687, .T. ) ;
#4058 = ORIENTED_EDGE ( 'NONE', *, *, #4985, .F. ) ;
#4059 = VERTEX_POINT ( 'NONE', #1270 ) ;
#4060 = EDGE_CURVE ( 'NONE', #4554, #1509, #4702, .T. ) ;
#4061 = CARTESIAN_POINT ( 'NONE',  ( -2.799999999999999822, 0.3046772556254859765, -59.99164897494249971 ) ) ;
#4062 = CARTESIAN_POINT ( 'NONE',  ( -56.21271641826553633, 39.66380863768654308, -76.12561047969799688 ) ) ;
#4063 = CARTESIAN_POINT ( 'NONE',  ( -46.39999999999999858, 29.27967853473190019, -75.49165398941609340 ) ) ;
#4064 = LINE ( 'NONE', #5418, #2328 ) ;
#4065 = DIRECTION ( 'NONE',  ( -1.519290839321570161E-64, -1.000000000000000000, 1.039540976564489922E-112 ) ) ;
#4066 = VERTEX_POINT ( 'NONE', #1507 ) ;
#4067 = CARTESIAN_POINT ( 'NONE',  ( -14.44999999999999929, 41.39970958719539595, -78.01686403958160554 ) ) ;
#4068 = ORIENTED_EDGE ( 'NONE', *, *, #3830, .F. ) ;
#4069 = DIRECTION ( 'NONE',  ( 0.000000000000000000, 1.000000000000000000, 0.000000000000000000 ) ) ;
#4070 = CARTESIAN_POINT ( 'NONE',  ( -53.55822400385194015, 36.00429011592683537, -86.43859736171089025 ) ) ;
#4071 = B_SPLINE_CURVE_WITH_KNOTS ( 'NONE', 3,
 ( #2555, #4233, #1155, #748, #3882, #1189, #660, #1667, #3912, #2470, #4765, #2049, #203, #5182, #4794, #4262, #3407, #3025, #5209, #4352, #4321, #718, #5241, #230, #2524, #1990, #5269, #5599, #2076, #1542, #5686, #321, #4705, #3348, #1633, #2020, #3467, #1218, #1096, #2904, #3821, #5632, #1573, #5415, #1280, #4470, #2670, #4003, #2204, #5811, #4062, #463, #4823, #3083, #1336, #1722, #2143, #4442, #1364, #5330, #3139, #777, #1754, #26, #2261 ),
 .UNSPECIFIED., .F., .F.,
 ( 4, 2, 2, 2, 1, 2, 2, 2, 1, 2, 2, 1, 2, 2, 2, 2, 2, 2, 1, 1, 2, 2, 2, 2, 1, 2, 2, 2, 2, 2, 2, 2, 2, 1, 2, 4 ),
 ( 0.000000000000000000, 0.08260731008978926260, 0.1239109651346853025, 0.1290739220152963551, 0.1342368788959074355, 0.1445627926571284028, 0.1652146201795688385, 0.2478219302693327464, 0.2491126694894824911, 0.2497580390995573218, 0.2504034087096322359, 0.2529848871499267848, 0.2581478440305160493, 0.2684737577916924689, 0.2891255853140496934, 0.3097774128364068624, 0.3123588912766996351, 0.3136496304968460769, 0.3149403697169925187, 0.3201033265975721798, 0.3304292403587315574, 0.3717328954033689015, 0.3743143738436569001, 0.3768958522839448988, 0.3820588091645234496, 0.3923847229256779978, 0.4130365504479870942, 0.4956438605372227024, 0.5162956880595318543, 0.5369475155818409506, 0.5782511706264595874, 0.6195548256710783352, 0.6402066531933876536, 0.6505325669545432010, 0.6556955238351210857, 0.6608584807156987484 ),
 .UNSPECIFIED. ) ;
#4072 = CARTESIAN_POINT ( 'NONE',  ( -36.66901337558149976, 82.91245106853530444, -90.77610892180919677 ) ) ;
#4073 = AXIS2_PLACEMENT_3D ( 'NONE', #1319, #3150, #4069 ) ;
#4074 = DIRECTION ( 'NONE',  ( 0.000000000000000000, 1.000000000000000000, -1.441848083928770031E-16 ) ) ;
#4075 = DIRECTION ( 'NONE',  ( 0.000000000000000000, 0.000000000000000000, 1.000000000000000000 ) ) ;
#4076 = LINE ( 'NONE', #5321, #4679 ) ;
#4077 = AXIS2_PLACEMENT_3D ( 'NONE', #2363, #3776, #5050 ) ;
#4078 = CARTESIAN_POINT ( 'NONE',  ( 29.83784878072519930, 41.17597451836885369, -75.49165398941612182 ) ) ;
#4079 = CARTESIAN_POINT ( 'NONE',  ( 14.44999999999999929, 35.30482198470239297, -71.96777173434509223 ) ) ;
#4080 = EDGE_CURVE ( 'NONE', #2468, #3247, #4919, .T. ) ;
#4081 = CARTESIAN_POINT ( 'NONE',  ( -58.10708814047880111, 35.37467691289879923, -69.46763413614279159 ) ) ;
#4082 = CARTESIAN_POINT ( 'NONE',  ( -56.78706839982449850, 36.00388638928865248, -74.38871413142885558 ) ) ;
#4083 = CARTESIAN_POINT ( 'NONE',  ( 55.31952984001721063, 39.34569745784084205, -79.51405908015540547 ) ) ;
#4084 = EDGE_LOOP ( 'NONE', ( #894, #1720, #1820, #3583 ) ) ;
#4085 = ADVANCED_FACE ( 'NONE', ( #1776, #1414 ), #5799, .T. ) ;
#4086 = ORIENTED_EDGE ( 'NONE', *, *, #5363, .T. ) ;
#4087 = CARTESIAN_POINT ( 'NONE',  ( 36.90101710822631986, 32.84820427475199267, -83.55051727826004537 ) ) ;
#4088 = CYLINDRICAL_SURFACE ( 'NONE', #5697, 1.000000000000000888 ) ;
#4089 = CARTESIAN_POINT ( 'NONE',  ( 37.67897518729686368, 71.91007435376987189, -72.17553226645470943 ) ) ;
#4090 = DIRECTION ( 'NONE',  ( 0.000000000000000000, -1.000000000000000000, 2.775557561562890365E-16 ) ) ;
#4091 = CARTESIAN_POINT ( 'NONE',  ( -54.98681144779249053, 43.09747841824114545, -79.75941012872301883 ) ) ;
#4092 = CIRCLE ( 'NONE', #3327, 2.000000000000000000 ) ;
#4093 =( BOUNDED_CURVE ( )  B_SPLINE_CURVE ( 3, ( #3065, #7, #1797, #2652 ),
 .UNSPECIFIED., .F., .F. ) 
 B_SPLINE_CURVE_WITH_KNOTS ( ( 4, 4 ),
 ( 1.570796326794896336, 3.169595664560114656 ),
 .UNSPECIFIED. ) 
 CURVE ( )  GEOMETRIC_REPRESENTATION_ITEM ( )  RATIONAL_B_SPLINE_CURVE ( ( 1.000000000000000000, 0.7980914899728382972, 0.7980914899728382972, 1.000000000000000000 ) ) 
 REPRESENTATION_ITEM ( '' )  );
#4094 = CARTESIAN_POINT ( 'NONE',  ( 41.11145203348178967, 42.69833644931774330, -75.89798435542081734 ) ) ;
#4095 = ORIENTED_EDGE ( 'NONE', *, *, #2257, .T. ) ;
#4096 = ORIENTED_EDGE ( 'NONE', *, *, #5440, .F. ) ;
#4097 = CARTESIAN_POINT ( 'NONE',  ( -29.81228945969294841, 40.75913728248854540, -75.55583284484745832 ) ) ;
#4098 = EDGE_LOOP ( 'NONE', ( #3584, #4421, #4451, #1746 ) ) ;
#4099 = CARTESIAN_POINT ( 'NONE',  ( 57.43747778892490174, 32.80467853473189166, -71.96665398941610192 ) ) ;
#4100 = DIRECTION ( 'NONE',  ( 0.000000000000000000, 1.000000000000000000, 0.000000000000000000 ) ) ;
#4101 = VECTOR ( 'NONE', #3535, 1000.000000000000000 ) ;
#4102 = CARTESIAN_POINT ( 'NONE',  ( 35.39999999999999858, 16.80467725562549930, -77.74164817027970287 ) ) ;
#4103 = CARTESIAN_POINT ( 'NONE',  ( 29.83784878072519930, 41.63708649528879846, -75.49165398941612182 ) ) ;
#4104 = CARTESIAN_POINT ( 'NONE',  ( -35.64489001235131127, 71.32196075073872521, -71.74164817027971708 ) ) ;
#4105 = CARTESIAN_POINT ( 'NONE',  ( -30.00171059060195589, 30.09250439480416617, -80.36143584709550680 ) ) ;
#4106 = DIRECTION ( 'NONE',  ( 5.747060432674859766E-17, 1.000000000000000000, 0.000000000000000000 ) ) ;
#4107 = CARTESIAN_POINT ( 'NONE',  ( 41.35953021556807840, 39.01544809558457416, -77.04595176117715027 ) ) ;
#4108 = CARTESIAN_POINT ( 'NONE',  ( -29.67020849446796760, 27.30039135095051250, -79.52734585871694151 ) ) ;
#4109 = CARTESIAN_POINT ( 'NONE',  ( 56.29201257271645176, 41.16746227366894573, -75.49193439847854847 ) ) ;
#4110 = EDGE_CURVE ( 'NONE', #367, #4918, #455, .T. ) ;
#4111 = ORIENTED_EDGE ( 'NONE', *, *, #368, .T. ) ;
#4112 = ORIENTED_EDGE ( 'NONE', *, *, #3465, .F. ) ;
#4113 = CARTESIAN_POINT ( 'NONE',  ( 38.06069751453313188, 32.96957700844253480, -83.12132160503060163 ) ) ;
#4114 = CARTESIAN_POINT ( 'NONE',  ( -37.03284706695190920, 32.85322818108119236, -83.51519296639963841 ) ) ;
#4115 = VECTOR ( 'NONE', #5741, 1000.000000000000000 ) ;
#4116 = DIRECTION ( 'NONE',  ( -1.000000000000000000, -6.414635304220839591E-49, -3.081487911019354991E-33 ) ) ;
#4117 = VECTOR ( 'NONE', #245, 1000.000000000000000 ) ;
#4118 = CARTESIAN_POINT ( 'NONE',  ( -38.56868816485624052, 37.71065785296817552, -72.64643558742481844 ) ) ;
#4119 = CARTESIAN_POINT ( 'NONE',  ( -32.03815223203638851, 37.44871930379080993, -82.71976621322585288 ) ) ;
#4120 = CARTESIAN_POINT ( 'NONE',  ( 41.16431225880914013, 42.93479857497121088, -76.07420167066992178 ) ) ;
#4121 = ORIENTED_EDGE ( 'NONE', *, *, #4575, .T. ) ;
#4122 = DIRECTION ( 'NONE',  ( -1.000000000000000000, 0.000000000000000000, 0.000000000000000000 ) ) ;
#4123 = ORIENTED_EDGE ( 'NONE', *, *, #4878, .T. ) ;
#4124 = CARTESIAN_POINT ( 'NONE',  ( -41.40147297188796927, 38.82857952037429783, -77.84175182831309314 ) ) ;
#4125 = CARTESIAN_POINT ( 'NONE',  ( -14.44999999999999929, 35.37471071591760108, -84.04186516830250753 ) ) ;
#4126 = CARTESIAN_POINT ( 'NONE',  ( 44.00000000000000000, 12.80467725562550108, -62.49164817027980234 ) ) ;
#4127 = CARTESIAN_POINT ( 'NONE',  ( 29.59258791060294769, 43.10719167932946760, -76.23367136013871459 ) ) ;
#4128 = DIRECTION ( 'NONE',  ( -1.000000000000000000, 0.000000000000000000, 0.000000000000000000 ) ) ;
#4129 = CARTESIAN_POINT ( 'NONE',  ( -33.12600329702667779, 71.90715972617987006, -72.17334300041898132 ) ) ;
#4130 = CARTESIAN_POINT ( 'NONE',  ( 56.77036243378108793, 35.70710614107255054, -74.45636238932218021 ) ) ;
#4131 = CARTESIAN_POINT ( 'NONE',  ( -51.41401417907370330, -14.14532146526820178, -84.19974888730880025 ) ) ;
#4132 = FACE_OUTER_BOUND ( 'NONE', #3075, .T. ) ;
#4133 = CARTESIAN_POINT ( 'NONE',  ( 55.20079580208331294, 39.70015900011901522, -79.89014606407748431 ) ) ;
#4134 = ORIENTED_EDGE ( 'NONE', *, *, #514, .F. ) ;
#4135 = EDGE_CURVE ( 'NONE', #2625, #3459, #952, .T. ) ;
#4136 = CARTESIAN_POINT ( 'NONE',  ( -38.51073785212013689, 33.08190021181830787, -82.87227488102296036 ) ) ;
#4137 = EDGE_CURVE ( 'NONE', #3079, #4408, #2224, .T. ) ;
#4138 = ORIENTED_EDGE ( 'NONE', *, *, #1552, .T. ) ;
#4139 = EDGE_CURVE ( 'NONE', #3314, #5608, #2252, .T. ) ;
#4140 = CARTESIAN_POINT ( 'NONE',  ( 36.76788639892319566, 32.84235259061691892, -83.58329990526158326 ) ) ;
#4141 = FACE_OUTER_BOUND ( 'NONE', #719, .T. ) ;
#4142 = CARTESIAN_POINT ( 'NONE',  ( -17.39999999999999858, 32.80467853473189166, -84.01665398941599960 ) ) ;
#4143 = CARTESIAN_POINT ( 'NONE',  ( -17.39999999999999858, 37.80467853473189876, -71.96665398941610192 ) ) ;
#4144 = CARTESIAN_POINT ( 'NONE',  ( 29.74029565865146196, 28.16358749910787651, -75.74858437677873724 ) ) ;
#4145 = EDGE_CURVE ( 'NONE', #3827, #3550, #4053, .T. ) ;
#4146 = LINE ( 'NONE', #3177, #4998 ) ;
#4147 = ORIENTED_EDGE ( 'NONE', *, *, #5262, .T. ) ;
#4148 = CARTESIAN_POINT ( 'NONE',  ( 49.29182317085960108, -14.59532146526809981, -102.3666508849439936 ) ) ;
#4149 = VERTEX_POINT ( 'NONE', #16 ) ;
#4150 = CARTESIAN_POINT ( 'NONE',  ( -41.37930726879614696, 38.83204634273628386, -78.34054622832897508 ) ) ;
#4151 = FACE_OUTER_BOUND ( 'NONE', #563, .T. ) ;
#4152 = CARTESIAN_POINT ( 'NONE',  ( -46.39999999999999858, 41.32967853473189734, -80.49165398941610761 ) ) ;
#4153 = CARTESIAN_POINT ( 'NONE',  ( 29.75485320564607505, 42.34795850394999661, -75.70839244207306251 ) ) ;
#4154 = ORIENTED_EDGE ( 'NONE', *, *, #4490, .F. ) ;
#4155 = AXIS2_PLACEMENT_3D ( 'NONE', #2316, #4637, #1896 ) ;
#4156 = CARTESIAN_POINT ( 'NONE',  ( -31.89550030897822452, 82.77089187818633320, -82.63064537048090585 ) ) ;
#4157 =( BOUNDED_CURVE ( )  B_SPLINE_CURVE ( 3, ( #4783, #2160, #5770, #3548 ),
 .UNSPECIFIED., .F., .F. ) 
 B_SPLINE_CURVE_WITH_KNOTS ( ( 4, 4 ),
 ( 1.051173190055413986, 1.138621540928073994 ),
 .UNSPECIFIED. ) 
 CURVE ( )  GEOMETRIC_REPRESENTATION_ITEM ( )  RATIONAL_B_SPLINE_CURVE ( ( 1.000000000000000000, 0.9993628336819091462, 0.9993628336819091462, 1.000000000000000000 ) ) 
 REPRESENTATION_ITEM ( '' )  );
#4158 = CARTESIAN_POINT ( 'NONE',  ( 57.35972397579821092, 37.80467853652026378, -72.12635418761819039 ) ) ;
#4159 = AXIS2_PLACEMENT_3D ( 'NONE', #5001, #4116, #140 ) ;
#4160 = CARTESIAN_POINT ( 'NONE',  ( 41.22211018515168490, 39.49650108051319819, -76.29149619208440924 ) ) ;
#4161 = DIRECTION ( 'NONE',  ( 0.7071067811865471286, -0.7071067811865480168, 0.000000000000000000 ) ) ;
#4162 =( NAMED_UNIT ( * ) SI_UNIT ( $, .STERADIAN. ) SOLID_ANGLE_UNIT ( ) );
#4163 = ORIENTED_EDGE ( 'NONE', *, *, #1363, .T. ) ;
#4164 = CARTESIAN_POINT ( 'NONE',  ( -39.62547747464156345, 36.78416584947434131, -82.00139288755711675 ) ) ;
#4165 = ORIENTED_EDGE ( 'NONE', *, *, #3395, .F. ) ;
#4166 = DIRECTION ( 'NONE',  ( 0.000000000000000000, -2.775557561562890365E-16, -1.000000000000000000 ) ) ;
#4167 = DIRECTION ( 'NONE',  ( 0.000000000000000000, 1.000000000000000000, 0.000000000000000000 ) ) ;
#4168 = CARTESIAN_POINT ( 'NONE',  ( 36.36164193774644104, 71.42145122622619624, -71.81442354942767281 ) ) ;
#4169 = DIRECTION ( 'NONE',  ( 0.000000000000000000, -1.000000000000000000, 2.775557561562890365E-16 ) ) ;
#4170 = CARTESIAN_POINT ( 'NONE',  ( 29.59383396730995130, 27.11974131291674084, -79.26074755221412715 ) ) ;
#4171 = CARTESIAN_POINT ( 'NONE',  ( -17.89999999999999858, 45.37470958719600134, -92.99165398941609340 ) ) ;
#4172 = VERTEX_POINT ( 'NONE', #1385 ) ;
#4173 = ORIENTED_EDGE ( 'NONE', *, *, #4409, .F. ) ;
#4174 = CARTESIAN_POINT ( 'NONE',  ( -2.220446049250309925E-15, 40.38442037435972054, -77.66686408613556125 ) ) ;
#4175 = EDGE_LOOP ( 'NONE', ( #3193, #2576 ) ) ;
#4176 = DIRECTION ( 'NONE',  ( -1.000000000000000000, -6.317050217590119366E-32, -2.220446049250309876E-16 ) ) ;
#4177 = DIRECTION ( 'NONE',  ( -1.000000000000000000, 1.001483571081361987E-31, 2.220446049250309876E-16 ) ) ;
#4178 = EDGE_CURVE ( 'NONE', #3026, #5149, #921, .T. ) ;
#4179 = CARTESIAN_POINT ( 'NONE',  ( 29.52906773339593016, 43.62626791974780360, -78.97942380898199133 ) ) ;
#4180 = EDGE_CURVE ( 'NONE', #3112, #5619, #4577, .T. ) ;
#4181 = CARTESIAN_POINT ( 'NONE',  ( -41.40932610473020503, 78.35545042366194934, -77.74133493096536540 ) ) ;
#4182 = ORIENTED_EDGE ( 'NONE', *, *, #3817, .F. ) ;
#4183 = CARTESIAN_POINT ( 'NONE',  ( -29.65495569407400822, 30.81069643684835313, -76.00854640464356748 ) ) ;
#4184 = DIRECTION ( 'NONE',  ( 1.387778780781443703E-16, 1.387778780781443703E-16, 1.000000000000000000 ) ) ;
#4185 = AXIS2_PLACEMENT_3D ( 'NONE', #928, #874, #3645 ) ;
#4186 = CARTESIAN_POINT ( 'NONE',  ( 29.42219598093346988, 38.95144585292812422, -77.20187628102446808 ) ) ;
#4187 = EDGE_CURVE ( 'NONE', #3336, #956, #1931, .T. ) ;
#4188 = CARTESIAN_POINT ( 'NONE',  ( -41.37699695805253697, 26.90438106345294855, -77.19441786457488774 ) ) ;
#4189 = CYLINDRICAL_SURFACE ( 'NONE', #4272, 2.099999999999997868 ) ;
#4190 = AXIS2_PLACEMENT_3D ( 'NONE', #1901, #1455, #2351 ) ;
#4191 = CARTESIAN_POINT ( 'NONE',  ( 56.29967043052194953, 40.51097176035864322, -75.62360699252791107 ) ) ;
#4192 = EDGE_LOOP ( 'NONE', ( #661, #5544 ) ) ;
#4193 = CARTESIAN_POINT ( 'NONE',  ( -39.76907172278511382, 34.01292144611735324, -81.86017531902852795 ) ) ;
#4194 = ORIENTED_EDGE ( 'NONE', *, *, #3360, .T. ) ;
#4195 = CARTESIAN_POINT ( 'NONE',  ( 39.54904696687803067, 33.72821671135312727, -82.07603574220439668 ) ) ;
#4196 = LINE ( 'NONE', #108, #4661 ) ;
#4197 = CARTESIAN_POINT ( 'NONE',  ( 35.39999999999999858, 71.32196075073871100, -71.74164817027970287 ) ) ;
#4198 = FACE_OUTER_BOUND ( 'NONE', #5769, .T. ) ;
#4199 = CARTESIAN_POINT ( 'NONE',  ( 29.94247113482392919, 28.16552280429575106, -80.23569715223790411 ) ) ;
#4200 = EDGE_CURVE ( 'NONE', #4498, #4400, #1603, .T. ) ;
#4201 = DIRECTION ( 'NONE',  ( -1.000000000000000000, 0.000000000000000000, 0.000000000000000000 ) ) ;
#4202 = ORIENTED_EDGE ( 'NONE', *, *, #1681, .F. ) ;
#4203 = AXIS2_PLACEMENT_3D ( 'NONE', #577, #3733, #5535 ) ;
#4204 = ORIENTED_EDGE ( 'NONE', *, *, #679, .F. ) ;
#4205 = DIRECTION ( 'NONE',  ( 0.000000000000000000, 1.000000000000000000, 0.000000000000000000 ) ) ;
#4206 = ORIENTED_EDGE ( 'NONE', *, *, #4258, .F. ) ;
#4207 = CARTESIAN_POINT ( 'NONE',  ( -46.39999999999999858, 37.80467853473189876, -71.96665398941610192 ) ) ;
#4208 = AXIS2_PLACEMENT_3D ( 'NONE', #4774, #1704, #300 ) ;
#4209 = VECTOR ( 'NONE', #1120, 1000.000000000000000 ) ;
#4210 = DIRECTION ( 'NONE',  ( 1.000000000000000000, 0.000000000000000000, 0.000000000000000000 ) ) ;
#4211 = ADVANCED_FACE ( 'NONE', ( #4132 ), #1974, .F. ) ;
#4212 = ORIENTED_EDGE ( 'NONE', *, *, #1326, .T. ) ;
#4213 = CARTESIAN_POINT ( 'NONE',  ( -29.42750620615904111, 31.76101983517234117, -78.33799950849348193 ) ) ;
#4214 = CARTESIAN_POINT ( 'NONE',  ( -56.95798158941911282, 37.11693957750539141, -73.68880976124694371 ) ) ;
#4215 = CARTESIAN_POINT ( 'NONE',  ( 30.03580438883208714, 40.69136195411765300, -80.43376236188007056 ) ) ;
#4216 = CARTESIAN_POINT ( 'NONE',  ( 14.44999999999999929, 35.01406193031649394, -72.92456773704030581 ) ) ;
#4217 = CARTESIAN_POINT ( 'NONE',  ( -30.06732074893714923, 29.27967853473190019, -80.49165398941610761 ) ) ;
#4218 = CARTESIAN_POINT ( 'NONE',  ( 54.91325309717522174, 41.66057507881556887, -80.49165398941610761 ) ) ;
#4219 = AXIS2_PLACEMENT_3D ( 'NONE', #3127, #1740, #3991 ) ;
#4220 = VERTEX_POINT ( 'NONE', #1948 ) ;
#4221 = CARTESIAN_POINT ( 'NONE',  ( -46.39999999999999858, 29.27967853473190019, -80.49165398941610761 ) ) ;
#4222 = ORIENTED_EDGE ( 'NONE', *, *, #4829, .F. ) ;
#4223 = EDGE_CURVE ( 'NONE', #17, #1574, #767, .T. ) ;
#4224 = DIRECTION ( 'NONE',  ( 0.000000000000000000, 0.8944271909999159664, -0.4472135954999579832 ) ) ;
#4225 = CARTESIAN_POINT ( 'NONE',  ( -41.40183284265724950, 31.76510842585483019, -77.67545733695355636 ) ) ;
#4226 = CARTESIAN_POINT ( 'NONE',  ( -40.20799271637760341, 82.05010894872040694, -81.75884203854559473 ) ) ;
#4227 = CARTESIAN_POINT ( 'NONE',  ( -40.31823239532466374, 36.22067162190607803, -74.30399991359075784 ) ) ;
#4228 = CARTESIAN_POINT ( 'NONE',  ( 29.48220533364627016, 27.10814836002155204, -76.74226500618385671 ) ) ;
#4229 = AXIS2_PLACEMENT_3D ( 'NONE', #4811, #5288, #5708 ) ;
#4230 = CARTESIAN_POINT ( 'NONE',  ( 41.20485993572349770, 43.09744892930005733, -76.22387912171286928 ) ) ;
#4231 = ORIENTED_EDGE ( 'NONE', *, *, #105, .F. ) ;
#4232 = CARTESIAN_POINT ( 'NONE',  ( 49.00000000000000000, 12.80467725562550108, -87.99164817027980234 ) ) ;
#4233 = CARTESIAN_POINT ( 'NONE',  ( -54.95995954787627369, 41.01737600957861929, -80.49165398941610761 ) ) ;
#4234 = ORIENTED_EDGE ( 'NONE', *, *, #3536, .F. ) ;
#4235 = LINE ( 'NONE', #2353, #855 ) ;
#4236 = CARTESIAN_POINT ( 'NONE',  ( 33.74140816615878435, 83.47053379213906510, -83.51267221088974679 ) ) ;
#4237 = CIRCLE ( 'NONE', #654, 1.000000000000000888 ) ;
#4238 = PRODUCT_CONTEXT ( 'NONE', #3173, 'mechanical' ) ;
#4239 = CARTESIAN_POINT ( 'NONE',  ( 40.73267925106284082, 29.11228644470949689, -80.49165398941609340 ) ) ;
#4240 = ORIENTED_EDGE ( 'NONE', *, *, #2397, .F. ) ;
#4241 = DIRECTION ( 'NONE',  ( 5.746937261686308917E-17, 1.000000000000000000, 0.000000000000000000 ) ) ;
#4242 = VERTEX_POINT ( 'NONE', #160 ) ;
#4243 = CARTESIAN_POINT ( 'NONE',  ( -29.58869493029668973, 31.45514596122591655, -79.26524115000201220 ) ) ;
#4244 = CARTESIAN_POINT ( 'NONE',  ( -2.799999999999999822, -8.695322744374520241, -62.49164817027969576 ) ) ;
#4245 = CARTESIAN_POINT ( 'NONE',  ( 31.08566216938054794, 33.38344048978758849, -73.56904077548367127 ) ) ;
#4246 = DIRECTION ( 'NONE',  ( -1.000000000000000000, 0.000000000000000000, 0.000000000000000000 ) ) ;
#4247 = LINE ( 'NONE', #4278, #401 ) ;
#4248 = ORIENTED_EDGE ( 'NONE', *, *, #5052, .F. ) ;
#4249 = EDGE_CURVE ( 'NONE', #3121, #3112, #103, .T. ) ;
#4250 = PLANE ( 'NONE',  #137 ) ;
#4251 = VERTEX_POINT ( 'NONE', #5137 ) ;
#4252 = CARTESIAN_POINT ( 'NONE',  ( 39.87371285678789690, 34.23020085168699467, -81.74339937723473781 ) ) ;
#4253 = CARTESIAN_POINT ( 'NONE',  ( -29.47692960381071714, 43.51646430426809786, -76.73530672074511472 ) ) ;
#4254 = CARTESIAN_POINT ( 'NONE',  ( 35.64048081978418026, 83.64814667400487735, -83.74164817027970287 ) ) ;
#4255 = CARTESIAN_POINT ( 'NONE',  ( -39.63909337676669509, 37.28301481624340852, -73.49544879206722214 ) ) ;
#4256 = VECTOR ( 'NONE', #1836, 1000.000000000000000 ) ;
#4257 = CARTESIAN_POINT ( 'NONE',  ( -30.02502028254037469, 41.97678561203892400, -80.40816398673439380 ) ) ;
#4258 = EDGE_CURVE ( 'NONE', #4374, #1248, #1452, .T. ) ;
#4259 = CARTESIAN_POINT ( 'NONE',  ( 54.17235183356925177, 37.80467723962215132, -84.01667525921789093 ) ) ;
#4260 = ORIENTED_EDGE ( 'NONE', *, *, #1243, .F. ) ;
#4261 = DIRECTION ( 'NONE',  ( 0.000000000000000000, -1.000000000000000000, 2.775557561562890365E-16 ) ) ;
#4262 = CARTESIAN_POINT ( 'NONE',  ( -55.48891067799208088, 39.01620453030666624, -78.93922883764072651 ) ) ;
#4263 = VERTEX_POINT ( 'NONE', #2426 ) ;
#4264 = CARTESIAN_POINT ( 'NONE',  ( 37.50000000000000000, 8.374677255625490702, -77.74164817027980234 ) ) ;
#4265 = CARTESIAN_POINT ( 'NONE',  ( 29.62027801039565844, 76.63470846536544911, -76.09698418263529618 ) ) ;
#4266 = CARTESIAN_POINT ( 'NONE',  ( 41.21130506970332164, 27.10421110823788027, -79.26524115000201220 ) ) ;
#4267 = ORIENTED_EDGE ( 'NONE', *, *, #81, .F. ) ;
#4268 = CARTESIAN_POINT ( 'NONE',  ( 58.99591989053612906, 49.72216470400199029, -61.71810901107190972 ) ) ;
#4269 = ORIENTED_EDGE ( 'NONE', *, *, #4830, .F. ) ;
#4270 = DIRECTION ( 'NONE',  ( -1.000000000000000000, 2.220446049250309876E-16, -6.317050217590119366E-32 ) ) ;
#4271 = CARTESIAN_POINT ( 'NONE',  ( -26.80000000000000071, -4.695322744374509583, -55.19165030598870203 ) ) ;
#4272 = AXIS2_PLACEMENT_3D ( 'NONE', #5550, #1495, #5107 ) ;
#4273 = CARTESIAN_POINT ( 'NONE',  ( 30.54481002355822028, 34.17342217295662721, -74.20620385384845008 ) ) ;
#4274 = CARTESIAN_POINT ( 'NONE',  ( -14.44999999999999929, 29.34970958719670264, -78.01686629702470555 ) ) ;
#4275 = EDGE_CURVE ( 'NONE', #2066, #5687, #3243, .T. ) ;
#4276 = DIRECTION ( 'NONE',  ( -1.519290839321570161E-64, 1.000000000000000000, -1.039540976564489922E-112 ) ) ;
#4277 = CIRCLE ( 'NONE', #5220, 1.000000000000000888 ) ;
#4278 = CARTESIAN_POINT ( 'NONE',  ( -46.39999999999999858, 32.80467853473189166, -84.01665398941599960 ) ) ;
#4279 = EDGE_LOOP ( 'NONE', ( #632, #3651, #675, #90, #5726 ) ) ;
#4280 = DIRECTION ( 'NONE',  ( 0.000000000000000000, -1.000000000000000000, 2.775557561562890365E-16 ) ) ;
#4281 = VECTOR ( 'NONE', #166, 1000.000000000000000 ) ;
#4282 = ORIENTED_EDGE ( 'NONE', *, *, #4018, .F. ) ;
#4283 = CARTESIAN_POINT ( 'NONE',  ( 37.37377916511093190, 37.72940662657164523, -83.40733143487150869 ) ) ;
#4284 = CARTESIAN_POINT ( 'NONE',  ( -40.96215121927478009, 29.27967853473189663, -75.49165398941609340 ) ) ;
#4285 = CARTESIAN_POINT ( 'NONE',  ( -24.80000000000000071, -8.695322744374520241, -62.49164817027969576 ) ) ;
#4286 = CARTESIAN_POINT ( 'NONE',  ( -38.02005827412181560, 32.82493553101868855, -72.33069028721460825 ) ) ;
#4287 = CARTESIAN_POINT ( 'NONE',  ( -31.30605257014170562, 36.94456478235327523, -82.12838029208924695 ) ) ;
#4288 = ORIENTED_EDGE ( 'NONE', *, *, #1861, .T. ) ;
#4289 = CARTESIAN_POINT ( 'NONE',  ( 39.69867963107059694, 37.23485017625809235, -73.55568381636125252 ) ) ;
#4290 = CARTESIAN_POINT ( 'NONE',  ( -29.95780219628407082, 40.29539496748646599, -80.26807678299832105 ) ) ;
#4291 = ORIENTED_EDGE ( 'NONE', *, *, #3248, .T. ) ;
#4292 = DIRECTION ( 'NONE',  ( 0.000000000000000000, 1.000000000000000000, -2.775557561562890365E-16 ) ) ;
#4293 = CARTESIAN_POINT ( 'NONE',  ( -30.39273099440502790, 34.83965590148610403, -74.43501048817851995 ) ) ;
#4294 = CARTESIAN_POINT ( 'NONE',  ( -51.68996346256379582, -14.59532146526809981, -88.38466463868090273 ) ) ;
#4295 = ORIENTED_EDGE ( 'NONE', *, *, #996, .F. ) ;
#4296 = CARTESIAN_POINT ( 'NONE',  ( 60.64616578567206062, 35.35134412911794755, -59.99166735991899202 ) ) ;
#4297 = ORIENTED_EDGE ( 'NONE', *, *, #2751, .T. ) ;
#4298 = DIRECTION ( 'NONE',  ( -1.000000000000000000, 0.000000000000000000, 0.000000000000000000 ) ) ;
#4299 = EDGE_CURVE ( 'NONE', #367, #3579, #3747, .T. ) ;
#4300 = FACE_BOUND ( 'NONE', #4468, .T. ) ;
#4301 = B_SPLINE_CURVE_WITH_KNOTS ( 'NONE', 3,
 ( #338, #4158, #506, #1383, #128, #3686, #3240, #2746, #100, #939, #2279, #2771, #4130, #4548 ),
 .UNSPECIFIED., .F., .F.,
 ( 4, 2, 2, 2, 2, 2, 4 ),
 ( 0.000000000000000000, 0.1250000000000000000, 0.2500000000000000000, 0.3750000000000000000, 0.5000000000000000000, 0.7500000000000000000, 1.000000000000000000 ),
 .UNSPECIFIED. ) ;
#4302 = VECTOR ( 'NONE', #2990, 1000.000000000000114 ) ;
#4303 = CARTESIAN_POINT ( 'NONE',  ( 30.37239606421189464, 35.54808930981663195, -74.46696796620571490 ) ) ;
#4304 = DIRECTION ( 'NONE',  ( 0.000000000000000000, 1.000000000000000000, -2.775557561562890365E-16 ) ) ;
#4305 = DIRECTION ( 'NONE',  ( 1.000000000000000000, 0.000000000000000000, 0.000000000000000000 ) ) ;
#4306 = CARTESIAN_POINT ( 'NONE',  ( 55.32982444962205193, 43.82437401558643586, -78.21988014298315761 ) ) ;
#4307 = EDGE_CURVE ( 'NONE', #2429, #3677, #536, .T. ) ;
#4308 = ORIENTED_EDGE ( 'NONE', *, *, #5131, .F. ) ;
#4309 = DIRECTION ( 'NONE',  ( -0.2588962926196889947, -2.220446049250309876E-16, -0.9659051245685469356 ) ) ;
#4310 = ADVANCED_FACE ( 'NONE', ( #3719, #2395 ), #4560, .T. ) ;
#4311 = VERTEX_POINT ( 'NONE', #3300 ) ;
#4312 = CARTESIAN_POINT ( 'NONE',  ( 46.39999999999999858, 35.30467853473189876, -71.96665398941610192 ) ) ;
#4313 = DIRECTION ( 'NONE',  ( 0.000000000000000000, 1.000000000000000000, 0.000000000000000000 ) ) ;
#4314 = CARTESIAN_POINT ( 'NONE',  ( -47.16048381217032670, 74.49215157781283381, -74.21610195869230608 ) ) ;
#4315 = CARTESIAN_POINT ( 'NONE',  ( -37.02057990731944415, 32.80333201308123847, -71.96568901562552867 ) ) ;
#4316 = CARTESIAN_POINT ( 'NONE',  ( -32.04895612803755967, 33.16735171050386555, -82.71912063773699231 ) ) ;
#4317 = ADVANCED_FACE ( 'NONE', ( #2454 ), #2801, .F. ) ;
#4318 = EDGE_CURVE ( 'NONE', #5832, #848, #3805, .T. ) ;
#4319 = EDGE_LOOP ( 'NONE', ( #211, #5463, #4260, #5616 ) ) ;
#4320 = CARTESIAN_POINT ( 'NONE',  ( 37.13906147900825516, 32.80484367792629996, -72.00061036687246485 ) ) ;
#4321 = CARTESIAN_POINT ( 'NONE',  ( -55.49725437542895179, 39.00446420006090165, -78.91006942306798067 ) ) ;
#4322 = VERTEX_POINT ( 'NONE', #4630 ) ;
#4323 = LINE ( 'NONE', #4826, #3773 ) ;
#4324 = CARTESIAN_POINT ( 'NONE',  ( 29.42783943487878773, 77.67301145358285908, -77.07374970497923528 ) ) ;
#4325 = CARTESIAN_POINT ( 'NONE',  ( 29.59513430758569186, 39.56188619028500852, -76.22390106179483382 ) ) ;
#4326 = AXIS2_PLACEMENT_3D ( 'NONE', #1686, #4371, #1238 ) ;
#4327 = EDGE_CURVE ( 'NONE', #3898, #2259, #4092, .T. ) ;
#4328 = CYLINDRICAL_SURFACE ( 'NONE', #794, 1.000000000000000888 ) ;
#4329 = VERTEX_POINT ( 'NONE', #3689 ) ;
#4330 = DIRECTION ( 'NONE',  ( 0.000000000000000000, -1.000000000000000000, 2.775557561562890365E-16 ) ) ;
#4331 = EDGE_LOOP ( 'NONE', ( #3554, #4616, #430, #371 ) ) ;
#4332 = DIRECTION ( 'NONE',  ( -1.000000000000000000, 2.220446049250309876E-16, -6.317050217590119366E-32 ) ) ;
#4333 = DIRECTION ( 'NONE',  ( 0.000000000000000000, 1.000000000000000000, 0.000000000000000000 ) ) ;
#4334 = CARTESIAN_POINT ( 'NONE',  ( -57.92618031018329106, 36.95416079456178693, -70.08754775210000787 ) ) ;
#4335 = CARTESIAN_POINT ( 'NONE',  ( 46.39999999999999858, 37.80467853473189876, -84.01665398941599960 ) ) ;
#4336 = CARTESIAN_POINT ( 'NONE',  ( -53.52784713013302564, 33.87807191984963140, -86.55759424685598447 ) ) ;
#4337 = AXIS2_PLACEMENT_3D ( 'NONE', #1039, #549, #5009 ) ;
#4338 = CARTESIAN_POINT ( 'NONE',  ( 37.50000000000000000, 8.374677255625490702, -77.74164817027980234 ) ) ;
#4339 = ORIENTED_EDGE ( 'NONE', *, *, #2226, .T. ) ;
#4340 = CIRCLE ( 'NONE', #487, 1.000000000000000888 ) ;
#4341 = CARTESIAN_POINT ( 'NONE',  ( -60.64616940187819694, -14.59532146526809981, -59.99165386405420008 ) ) ;
#4342 = ORIENTED_EDGE ( 'NONE', *, *, #3212, .F. ) ;
#4343 = DIRECTION ( 'NONE',  ( -1.387778780781443703E-16, -1.387778780781441731E-16, -1.000000000000000000 ) ) ;
#4344 = CARTESIAN_POINT ( 'NONE',  ( -29.39817427004437889, 43.81575079297522990, -77.67770601263175934 ) ) ;
#4345 = AXIS2_PLACEMENT_3D ( 'NONE', #366, #4936, #3012 ) ;
#4346 = CARTESIAN_POINT ( 'NONE',  ( 38.54318230657689526, 82.96535024737558217, -82.87274686195152640 ) ) ;
#4347 = CARTESIAN_POINT ( 'NONE',  ( -38.39074773359738657, 32.87118622431955828, -72.53994988662550725 ) ) ;
#4348 = CARTESIAN_POINT ( 'NONE',  ( -32.26997564212229719, 33.08799054101507409, -82.86053162835952435 ) ) ;
#4349 = VECTOR ( 'NONE', #3364, 1000.000000000000000 ) ;
#4350 = EDGE_LOOP ( 'NONE', ( #3792, #2604, #2367, #4462 ) ) ;
#4351 = CARTESIAN_POINT ( 'NONE',  ( 39.99993426958087639, 33.63729418603984556, -73.87716494922608490 ) ) ;
#4352 = CARTESIAN_POINT ( 'NONE',  ( -55.49424811383590139, 39.00865903000641310, -78.92056767335833456 ) ) ;
#4353 = ORIENTED_EDGE ( 'NONE', *, *, #2535, .T. ) ;
#4354 = LINE ( 'NONE', #262, #3974 ) ;
#4355 = CARTESIAN_POINT ( 'NONE',  ( 30.82126506678553923, 81.93710500417452636, -81.62431692771517078 ) ) ;
#4356 = CARTESIAN_POINT ( 'NONE',  ( 30.06732074893709949, 41.02117844304979855, -80.49165398941610761 ) ) ;
#4357 = CYLINDRICAL_SURFACE ( 'NONE', #1920, 6.000000000000005329 ) ;
#4358 = EDGE_LOOP ( 'NONE', ( #1964, #3856 ) ) ;
#4359 = CARTESIAN_POINT ( 'NONE',  ( -14.44999999999999929, 45.37470958719600134, -78.01686516830319817 ) ) ;
#4360 = ORIENTED_EDGE ( 'NONE', *, *, #5413, .F. ) ;
#4361 = DIRECTION ( 'NONE',  ( 0.000000000000000000, 1.000000000000000000, -2.775557561562890365E-16 ) ) ;
#4362 = DIRECTION ( 'NONE',  ( 0.000000000000000000, -1.000000000000000000, 2.775557561562890365E-16 ) ) ;
#4363 = EDGE_CURVE ( 'NONE', #218, #715, #2107, .T. ) ;
#4364 = ADVANCED_FACE ( 'NONE', ( #1440 ), #4189, .F. ) ;
#4365 = LINE ( 'NONE', #1707, #739 ) ;
#4366 = DIRECTION ( 'NONE',  ( -1.000000000000000000, 0.000000000000000000, 0.000000000000000000 ) ) ;
#4367 = CARTESIAN_POINT ( 'NONE',  ( -26.80000000000000071, -6.695322744374519353, -59.99164897494249971 ) ) ;
#4368 = CARTESIAN_POINT ( 'NONE',  ( -54.48257173908285012, 37.53553069692812016, -82.88744506456487215 ) ) ;
#4369 = ORIENTED_EDGE ( 'NONE', *, *, #2987, .T. ) ;
#4370 = VECTOR ( 'NONE', #4128, 1000.000000000000000 ) ;
#4371 = DIRECTION ( 'NONE',  ( 0.000000000000000000, -1.000000000000000000, 2.775557561562890365E-16 ) ) ;
#4372 = AXIS2_PLACEMENT_3D ( 'NONE', #1809, #1359, #699 ) ;
#4373 = CARTESIAN_POINT ( 'NONE',  ( 40.85647053180716881, 42.42734875716068643, -80.23804604911124727 ) ) ;
#4374 = VERTEX_POINT ( 'NONE', #1050 ) ;
#4375 = LINE ( 'NONE', #3630, #813 ) ;
#4376 = CARTESIAN_POINT ( 'NONE',  ( 31.48019645903124442, 33.48618286147686973, -82.29092582207071871 ) ) ;
#4377 = CARTESIAN_POINT ( 'NONE',  ( 55.15132328107484483, 39.89135492971725938, -80.03608417634812611 ) ) ;
#4378 = CARTESIAN_POINT ( 'NONE',  ( -37.52308535595589944, 16.80467116413909778, -59.99164897494249971 ) ) ;
#4379 = CARTESIAN_POINT ( 'NONE',  ( -34.17280079571074225, 32.83390380408969378, -83.62131637476446144 ) ) ;
#4380 = CIRCLE ( 'NONE', #1357, 2.500000000000002220 ) ;
#4381 = EDGE_LOOP ( 'NONE', ( #778, #87, #5665, #389 ) ) ;
#4382 = DIRECTION ( 'NONE',  ( 0.000000000000000000, 2.775557561562890365E-16, 1.000000000000000000 ) ) ;
#4383 = CARTESIAN_POINT ( 'NONE',  ( -56.03720555285059390, 42.78719207931745672, -75.95852980102914387 ) ) ;
#4384 = DIRECTION ( 'NONE',  ( 1.000000000000000000, 6.317050217590119366E-32, 2.220446049250309876E-16 ) ) ;
#4385 = CARTESIAN_POINT ( 'NONE',  ( 29.39060880025038713, 78.35855558366145601, -77.74440206052842939 ) ) ;
#4386 = AXIS2_PLACEMENT_3D ( 'NONE', #4067, #4122, #4205 ) ;
#4387 = CARTESIAN_POINT ( 'NONE',  ( 29.96356988855321646, 40.32399762276276078, -80.28053491312812184 ) ) ;
#4388 = ADVANCED_FACE ( 'NONE', ( #2859 ), #4660, .F. ) ;
#4389 = DIRECTION ( 'NONE',  ( 0.000000000000000000, -1.000000000000000000, 2.775557561562890365E-16 ) ) ;
#4390 = ORIENTED_EDGE ( 'NONE', *, *, #2837, .T. ) ;
#4391 = CARTESIAN_POINT ( 'NONE',  ( -46.39999999999999858, 29.27967853473190019, -77.99165398941609340 ) ) ;
#4392 = ORIENTED_EDGE ( 'NONE', *, *, #5675, .T. ) ;
#4393 = PLANE ( 'NONE',  #1858 ) ;
#4394 = DIRECTION ( 'NONE',  ( -1.000000000000000000, -4.622231866529390132E-32, -2.220446049250309876E-16 ) ) ;
#4395 = DIRECTION ( 'NONE',  ( -0.2588962926196889947, -2.220446049250309876E-16, -0.9659051245685469356 ) ) ;
#4396 = ADVANCED_FACE ( 'NONE', ( #335, #5313 ), #305, .T. ) ;
#4397 = DIRECTION ( 'NONE',  ( -0.2588190451025210170, 3.330669073875470607E-16, 0.9659258262890680902 ) ) ;
#4398 = DIRECTION ( 'NONE',  ( 1.000000000000000000, -1.001483571081361987E-31, -2.220446049250309876E-16 ) ) ;
#4399 = CARTESIAN_POINT ( 'NONE',  ( -54.30030264172040688, 37.76158024634683130, -83.54164359865077927 ) ) ;
#4400 = VERTEX_POINT ( 'NONE', #5196 ) ;
#4401 = DIRECTION ( 'NONE',  ( 0.000000000000000000, 0.000000000000000000, 1.000000000000000000 ) ) ;
#4402 = CARTESIAN_POINT ( 'NONE',  ( 40.84988913477721439, 42.39811034878599827, -80.25205279114884149 ) ) ;
#4403 = ORIENTED_EDGE ( 'NONE', *, *, #3031, .F. ) ;
#4404 = CARTESIAN_POINT ( 'NONE',  ( -2.220446049250309925E-15, 35.30467853473189876, -59.99164897494249971 ) ) ;
#4405 = CARTESIAN_POINT ( 'NONE',  ( 33.22798767117427587, 37.71438183022188895, -83.34115720997729682 ) ) ;
#4406 = CARTESIAN_POINT ( 'NONE',  ( -60.64471198113098183, 40.08549894843822869, -59.99709303233827740 ) ) ;
#4407 = CARTESIAN_POINT ( 'NONE',  ( 17.89999999999999858, 35.30467853473189876, -59.99164897494249971 ) ) ;
#4408 = VERTEX_POINT ( 'NONE', #704 ) ;
#4409 = EDGE_CURVE ( 'NONE', #1731, #1127, #4722, .T. ) ;
#4410 = ORIENTED_EDGE ( 'NONE', *, *, #989, .F. ) ;
#4411 = DIRECTION ( 'NONE',  ( 0.000000000000000000, 1.000000000000000000, 0.000000000000000000 ) ) ;
#4412 = CARTESIAN_POINT ( 'NONE',  ( 17.39999999999999858, 36.37470845847450818, -71.99186516830378935 ) ) ;
#4413 = VERTEX_POINT ( 'NONE', #673 ) ;
#4414 = CARTESIAN_POINT ( 'NONE',  ( -35.85218612032298324, 37.79622344102531883, -71.74744140061227426 ) ) ;
#4415 = CARTESIAN_POINT ( 'NONE',  ( -2.220446049250309925E-15, 35.30482198470239297, -71.96777173434509223 ) ) ;
#4416 = CARTESIAN_POINT ( 'NONE',  ( -55.03527293097145190, 43.32407515545693144, -79.50096462928215146 ) ) ;
#4417 = AXIS2_PLACEMENT_3D ( 'NONE', #5342, #852, #477 ) ;
#4418 = LINE ( 'NONE', #5334, #891 ) ;
#4419 = ORIENTED_EDGE ( 'NONE', *, *, #5816, .T. ) ;
#4420 = CARTESIAN_POINT ( 'NONE',  ( -14.44999999999999929, 30.34970958719670264, -78.01686629702470555 ) ) ;
#4421 = ORIENTED_EDGE ( 'NONE', *, *, #4030, .T. ) ;
#4422 = CYLINDRICAL_SURFACE ( 'NONE', #3396, 2.000000000000000000 ) ;
#4423 = CARTESIAN_POINT ( 'NONE',  ( -54.17109023348677255, 37.80467854929188576, -84.02139233921461425 ) ) ;
#4424 = AXIS2_PLACEMENT_3D ( 'NONE', #4047, #3208, #3153 ) ;
#4425 = DIRECTION ( 'NONE',  ( 0.000000000000000000, 0.000000000000000000, -1.000000000000000000 ) ) ;
#4426 = FACE_BOUND ( 'NONE', #3456, .T. ) ;
#4427 = CARTESIAN_POINT ( 'NONE',  ( -40.76652749728007308, 41.98004441033805278, -80.42877890933766594 ) ) ;
#4428 = DIRECTION ( 'NONE',  ( -1.000000000000000000, 0.000000000000000000, 0.000000000000000000 ) ) ;
#4429 = CARTESIAN_POINT ( 'NONE',  ( 40.81387081156779573, 40.44021563108447026, -80.32824863675668325 ) ) ;
#4430 = AXIS2_PLACEMENT_3D ( 'NONE', #439, #1793, #2321 ) ;
#4431 = CARTESIAN_POINT ( 'NONE',  ( 41.33181875883249745, 43.74408831597433078, -78.64566363879758626 ) ) ;
#4432 = ORIENTED_EDGE ( 'NONE', *, *, #5524, .T. ) ;
#4433 = CARTESIAN_POINT ( 'NONE',  ( 30.93565280709741927, 34.23653328922176087, -81.75262943805003601 ) ) ;
#4434 = CARTESIAN_POINT ( 'NONE',  ( -58.82363963289878228, 50.44705631011812130, -61.89728934124497783 ) ) ;
#4435 = CARTESIAN_POINT ( 'NONE',  ( 36.48072728389021790, 32.80467885938217876, -71.81653070170430908 ) ) ;
#4436 = VERTEX_POINT ( 'NONE', #1142 ) ;
#4437 = ADVANCED_FACE ( 'NONE', ( #2128 ), #3927, .F. ) ;
#4438 = EDGE_CURVE ( 'NONE', #2797, #1427, #1709, .T. ) ;
#4439 = CIRCLE ( 'NONE', #22, 5.000000000000004441 ) ;
#4440 = VERTEX_POINT ( 'NONE', #1619 ) ;
#4441 = CARTESIAN_POINT ( 'NONE',  ( 29.53451710867872393, 31.27050760843886579, -76.47071689924356974 ) ) ;
#4442 = CARTESIAN_POINT ( 'NONE',  ( -56.29943655220706233, 40.92684658754235016, -75.52297026417346615 ) ) ;
#4443 = VERTEX_POINT ( 'NONE', #4780 ) ;
#4444 = DIRECTION ( 'NONE',  ( -1.000000000000000000, 2.220446049250309876E-16, -6.317050217590119366E-32 ) ) ;
#4445 = CARTESIAN_POINT ( 'NONE',  ( 14.44999999999999929, 39.02609336588880495, -68.70733260749760518 ) ) ;
#4446 = DIRECTION ( 'NONE',  ( 0.000000000000000000, 1.000000000000000000, -2.775557561562890365E-16 ) ) ;
#4447 = EDGE_CURVE ( 'NONE', #2256, #3910, #1172, .T. ) ;
#4448 = PRESENTATION_LAYER_ASSIGNMENT (  '', '', ( #3404 ) ) ;
#4449 = CARTESIAN_POINT ( 'NONE',  ( -39.75424377534973530, 36.58990490796153239, -81.86996621413462094 ) ) ;
#4450 = CARTESIAN_POINT ( 'NONE',  ( 41.38661738035160909, 26.78094025809328471, -78.17496088446743840 ) ) ;
#4451 = ORIENTED_EDGE ( 'NONE', *, *, #1806, .T. ) ;
#4452 = CARTESIAN_POINT ( 'NONE',  ( 40.79784662783973914, 30.09011359087907422, -80.36236437409804978 ) ) ;
#4453 = ORIENTED_EDGE ( 'NONE', *, *, #1002, .T. ) ;
#4454 = CARTESIAN_POINT ( 'NONE',  ( -40.89076564185941010, 40.07846398747965111, -80.16256033034480311 ) ) ;
#4455 = CARTESIAN_POINT ( 'NONE',  ( -57.82089230764419341, 37.30130330156803353, -70.45370531895288480 ) ) ;
#4456 = DIRECTION ( 'NONE',  ( -1.000000000000000000, 0.000000000000000000, 0.000000000000000000 ) ) ;
#4457 = CARTESIAN_POINT ( 'NONE',  ( -0.8000000000000000444, -4.695322744374509583, -55.19165030598870203 ) ) ;
#4458 = CARTESIAN_POINT ( 'NONE',  ( -54.42914462508528572, 37.62189718854628495, -83.07830135519833448 ) ) ;
#4459 = EDGE_CURVE ( 'NONE', #417, #1185, #275, .T. ) ;
#4460 = CARTESIAN_POINT ( 'NONE',  ( 41.25939928022339132, 39.05658019790839575, -79.03245081333052724 ) ) ;
#4461 = CARTESIAN_POINT ( 'NONE',  ( -29.94247113482392919, 28.16552280429575106, -80.23569715223790411 ) ) ;
#4462 = ORIENTED_EDGE ( 'NONE', *, *, #3959, .T. ) ;
#4463 = CARTESIAN_POINT ( 'NONE',  ( 35.12370534040085346, 37.78950193695089865, -83.74160369985678187 ) ) ;
#4464 = CARTESIAN_POINT ( 'NONE',  ( 54.96480282617235957, 41.00353011483078802, -80.47553374155066308 ) ) ;
#4465 = DIRECTION ( 'NONE',  ( 0.000000000000000000, -2.775557561562890365E-16, -1.000000000000000000 ) ) ;
#4466 = ORIENTED_EDGE ( 'NONE', *, *, #828, .F. ) ;
#4467 = AXIS2_PLACEMENT_3D ( 'NONE', #526, #2327, #5094 ) ;
#4468 = EDGE_LOOP ( 'NONE', ( #1842, #4773 ) ) ;
#4469 = LINE ( 'NONE', #2699, #3261 ) ;
#4470 = CARTESIAN_POINT ( 'NONE',  ( -55.96195431088121097, 38.96229377102127245, -77.18315705595063037 ) ) ;
#4471 = ORIENTED_EDGE ( 'NONE', *, *, #217, .T. ) ;
#4472 = AXIS2_PLACEMENT_3D ( 'NONE', #1548, #3887, #1578 ) ;
#4473 = AXIS2_PLACEMENT_3D ( 'NONE', #2001, #4184, #4995 ) ;
#4474 = DIRECTION ( 'NONE',  ( 0.000000000000000000, -1.000000000000000000, 2.775557561562890365E-16 ) ) ;
#4475 = CARTESIAN_POINT ( 'NONE',  ( -30.54891019737335967, 36.41545704089674729, -74.21037924835532351 ) ) ;
#4476 = DIRECTION ( 'NONE',  ( -2.220446049250309876E-16, 1.000000000000000000, 0.000000000000000000 ) ) ;
#4477 = CARTESIAN_POINT ( 'NONE',  ( -39.24427503923772775, 33.43903371839839878, -82.34978705892548589 ) ) ;
#4478 = CARTESIAN_POINT ( 'NONE',  ( 49.88584279647219688, -13.99060239742549960, -88.10830762295830709 ) ) ;
#4479 = CIRCLE ( 'NONE', #5510, 2.500000000000002220 ) ;
#4480 = ORIENTED_EDGE ( 'NONE', *, *, #1727, .F. ) ;
#4481 = DIRECTION ( 'NONE',  ( 0.000000000000000000, -2.775557561562890365E-16, -1.000000000000000000 ) ) ;
#4482 = ORIENTED_EDGE ( 'NONE', *, *, #3344, .F. ) ;
#4483 = DIRECTION ( 'NONE',  ( 1.000000000000000000, -4.930380657631319405E-32, -2.220446049250309876E-16 ) ) ;
#4484 = CARTESIAN_POINT ( 'NONE',  ( -53.67711301953923453, 36.89665378432206921, -85.94740314643424028 ) ) ;
#4485 = DIRECTION ( 'NONE',  ( 0.2588190451025210170, 3.330669073875470607E-16, 0.9659258262890680902 ) ) ;
#4486 = CARTESIAN_POINT ( 'NONE',  ( 29.85055184807694317, 42.78944889518237460, -80.02763695533043631 ) ) ;
#4487 = ADVANCED_FACE ( 'NONE', ( #3453 ), #733, .F. ) ;
#4488 = CARTESIAN_POINT ( 'NONE',  ( -41.34091217706156840, 43.57881146763002533, -76.88731519555159366 ) ) ;
#4489 = CARTESIAN_POINT ( 'NONE',  ( -54.87830037168379960, 35.37467691289869975, -81.51763413614280296 ) ) ;
#4490 = EDGE_CURVE ( 'NONE', #3333, #1427, #3481, .T. ) ;
#4491 = CARTESIAN_POINT ( 'NONE',  ( 41.37926369767834700, 38.94396345411044535, -77.24322649479096015 ) ) ;
#4492 = AXIS2_PLACEMENT_3D ( 'NONE', #3694, #5494, #515 ) ;
#4493 = CARTESIAN_POINT ( 'NONE',  ( -49.00000000000000000, 12.80467725562550108, -87.99164817027980234 ) ) ;
#4494 = ORIENTED_EDGE ( 'NONE', *, *, #5483, .F. ) ;
#4495 = ADVANCED_FACE ( 'NONE', ( #2064 ), #2033, .F. ) ;
#4496 = CARTESIAN_POINT ( 'NONE',  ( 32.39566746408219444, 37.55878249637526523, -82.93529274813036523 ) ) ;
#4497 = CARTESIAN_POINT ( 'NONE',  ( -54.51661974982678061, 62.55866165193567241, -66.40953390240683518 ) ) ;
#4498 = VERTEX_POINT ( 'NONE', #5671 ) ;
#4499 = AXIS2_PLACEMENT_3D ( 'NONE', #5485, #3449, #5218 ) ;
#4500 = AXIS2_PLACEMENT_3D ( 'NONE', #196, #4818, #3785 ) ;
#4501 = ORIENTED_EDGE ( 'NONE', *, *, #4057, .F. ) ;
#4502 = CARTESIAN_POINT ( 'NONE',  ( 55.83878001871263308, 43.34652204213337257, -76.50622803667495475 ) ) ;
#4503 = CARTESIAN_POINT ( 'NONE',  ( -56.09602840910987709, 42.56452648225605628, -75.81061998264007684 ) ) ;
#4504 = DIRECTION ( 'NONE',  ( -1.000000000000000000, 0.000000000000000000, 0.000000000000000000 ) ) ;
#4505 = CARTESIAN_POINT ( 'NONE',  ( -17.39999999999999858, 32.80467853473189166, -71.96665398941610192 ) ) ;
#4506 = CARTESIAN_POINT ( 'NONE',  ( 46.39999999999999858, 32.80467853473189166, -71.96665398941610192 ) ) ;
#4507 = CARTESIAN_POINT ( 'NONE',  ( 41.14504430592599249, 27.74866063261544014, -76.00854640464356748 ) ) ;
#4508 = ORIENTED_EDGE ( 'NONE', *, *, #5483, .T. ) ;
#4509 = LINE ( 'NONE', #3622, #2691 ) ;
#4510 = VERTEX_POINT ( 'NONE', #2541 ) ;
#4511 = DIRECTION ( 'NONE',  ( -1.000000000000000000, 0.000000000000000000, 0.000000000000000000 ) ) ;
#4512 = CIRCLE ( 'NONE', #1680, 7.699999999999998401 ) ;
#4513 = EDGE_CURVE ( 'NONE', #4945, #4873, #3484, .T. ) ;
#4514 = CARTESIAN_POINT ( 'NONE',  ( 49.00000000000000000, -13.69532146526809946, -87.99164817027970287 ) ) ;
#4515 = CARTESIAN_POINT ( 'NONE',  ( 30.05943893521801868, 41.64331812712741510, -80.47733400330047004 ) ) ;
#4516 = CARTESIAN_POINT ( 'NONE',  ( -36.98022881109164928, 32.80187001733193597, -71.95332745220596848 ) ) ;
#4517 = B_SPLINE_CURVE_WITH_KNOTS ( 'NONE', 3,
 ( #3603, #4078, #990, #4519, #2799, #4600, #5404, #558, #1354, #2361, #480, #3266, #5431, #41, #3157, #1832, #3631, #1253, #2391, #722, #1638, #5754, #3029, #2528, #4325, #752, #1671, #4828, #2113, #1078, #3502, #3298, #293, #3326, #4657, #3471, #356, #4186, #5104, #3441, #2559, #5245, #1493, #1522, #158, #2147, #1222, #3949, #616, #2421, #781, #2080, #5547, #184, #587, #5723, #5301, #5135, #2590, #1699, #3886, #4627, #1048, #4387, #5690, #1944, #3744, #5273, #4215, #4356, #2856 ),
 .UNSPECIFIED., .F., .F.,
 ( 4, 2, 2, 1, 1, 1, 1, 2, 2, 2, 2, 2, 1, 1, 2, 2, 2, 2, 2, 1, 1, 2, 2, 2, 2, 2, 2, 1, 1, 1, 2, 2, 2, 2, 2, 2, 2, 1, 1, 2, 2, 4 ),
 ( 0.000000000000000000, 0.06250000000007532863, 0.09375000000011482482, 0.1093750000001365019, 0.1171875000001481038, 0.1210937500001542377, 0.1230468750001563888, 0.1240234375001562639, 0.1250000000001561529, 0.1875000000000604516, 0.2187500000000111577, 0.2343749999999864830, 0.2421874999999761580, 0.2460937499999722167, 0.2480468749999702460, 0.2499999999999682754, 0.3124999999998772093, 0.3437499999998316347, 0.3593749999998089861, 0.3671874999997969402, 0.3710937499997910560, 0.3730468749997905009, 0.3749999999997898903, 0.4374999999998004374, 0.4999999999998109845, 0.5624999999998214761, 0.5937499999998241407, 0.6093749999998258060, 0.6171874999998262501, 0.6210937499998271383, 0.6230468749998253619, 0.6249999999998235856, 0.6874999999998366862, 0.7499999999998498978, 0.8124999999998629985, 0.8437499999998682165, 0.8593749999998706590, 0.8671874999998705480, 0.8710937499998691047, 0.8730468749998681055, 0.8749999999998671063, 1.000000000000000000 ),
 .UNSPECIFIED. ) ;
#4518 = LINE ( 'NONE', #938, #5157 ) ;
#4519 = CARTESIAN_POINT ( 'NONE',  ( 29.81307604372209141, 40.77372494419348925, -75.55286047369823166 ) ) ;
#4520 = EDGE_CURVE ( 'NONE', #3273, #4938, #1203, .T. ) ;
#4521 = AXIS2_PLACEMENT_3D ( 'NONE', #2329, #447, #1906 ) ;
#4522 = FACE_OUTER_BOUND ( 'NONE', #4098, .T. ) ;
#4523 = CARTESIAN_POINT ( 'NONE',  ( -57.43747778892490174, 32.80467853473189166, -71.96665398941610192 ) ) ;
#4524 = CARTESIAN_POINT ( 'NONE',  ( -56.96289731867634742, 37.13550529459715221, -73.66905292814912798 ) ) ;
#4525 = CARTESIAN_POINT ( 'NONE',  ( 50.11004226090619795, -13.69532146526820071, -83.85023889227220195 ) ) ;
#4526 = ORIENTED_EDGE ( 'NONE', *, *, #1567, .T. ) ;
#4527 = ORIENTED_EDGE ( 'NONE', *, *, #1705, .T. ) ;
#4528 = CARTESIAN_POINT ( 'NONE',  ( 37.57201232882650999, 32.89497523924468680, -83.34115720996739185 ) ) ;
#4529 = CARTESIAN_POINT ( 'NONE',  ( 55.15321092344949250, 34.27967853473189308, -80.49165398941610761 ) ) ;
#4530 = AXIS2_PLACEMENT_3D ( 'NONE', #3181, #5369, #5822 ) ;
#4531 = LINE ( 'NONE', #3756, #2744 ) ;
#4532 = CARTESIAN_POINT ( 'NONE',  ( -17.39999999999999858, 36.37471071591760108, -84.04186516830250753 ) ) ;
#4533 = CARTESIAN_POINT ( 'NONE',  ( -54.98902486101311382, 43.10993964468653417, -79.74686012448280792 ) ) ;
#4534 = VECTOR ( 'NONE', #4504, 1000.000000000000000 ) ;
#4535 = CARTESIAN_POINT ( 'NONE',  ( 41.03490900148559462, 42.28317738470208553, -75.68062662103459104 ) ) ;
#4536 = ORIENTED_EDGE ( 'NONE', *, *, #1784, .F. ) ;
#4537 = ORIENTED_EDGE ( 'NONE', *, *, #3159, .T. ) ;
#4538 = DIRECTION ( 'NONE',  ( -1.519290839321570161E-64, 1.000000000000000000, -1.039540976564489922E-112 ) ) ;
#4539 = ORIENTED_EDGE ( 'NONE', *, *, #3817, .T. ) ;
#4540 = CARTESIAN_POINT ( 'NONE',  ( -44.00000000000000000, 12.80467725562550108, -62.49164817027980234 ) ) ;
#4541 = CARTESIAN_POINT ( 'NONE',  ( -54.15024961684407145, 37.80349980838077073, -84.09943885189960611 ) ) ;
#4542 = CIRCLE ( 'NONE', #4345, 1.000000000000000888 ) ;
#4543 = LINE ( 'NONE', #502, #1782 ) ;
#4544 = CARTESIAN_POINT ( 'NONE',  ( 29.39826887329061833, 43.81677027051975415, -77.68897698437812949 ) ) ;
#4545 = CARTESIAN_POINT ( 'NONE',  ( -60.64616936828753779, 35.32801133384037229, -59.99165398941602234 ) ) ;
#4546 = EDGE_CURVE ( 'NONE', #415, #1472, #3802, .T. ) ;
#4547 = CARTESIAN_POINT ( 'NONE',  ( -37.50000000000000000, 12.80467725562550108, -77.74164817027980234 ) ) ;
#4548 = CARTESIAN_POINT ( 'NONE',  ( 56.76786743737100238, 35.37467691289879923, -74.46567384268929857 ) ) ;
#4549 = EDGE_CURVE ( 'NONE', #4436, #3920, #5316, .T. ) ;
#4550 = CARTESIAN_POINT ( 'NONE',  ( 41.24165313650237863, 39.42388139041076300, -76.37292945461729232 ) ) ;
#4551 = CARTESIAN_POINT ( 'NONE',  ( -29.39859512637109518, 26.77864926036111015, -77.84333049935055726 ) ) ;
#4552 = FILL_AREA_STYLE_COLOUR ( '', #5576 ) ;
#4553 = EDGE_LOOP ( 'NONE', ( #3838, #5553 ) ) ;
#4554 = VERTEX_POINT ( 'NONE', #2570 ) ;
#4555 = CARTESIAN_POINT ( 'NONE',  ( -33.77228927287560367, 37.80467853473189876, -71.96665398942489844 ) ) ;
#4556 = CARTESIAN_POINT ( 'NONE',  ( -2.220446049250309925E-15, 29.34970958719670264, -78.01686629702470555 ) ) ;
#4557 = FACE_OUTER_BOUND ( 'NONE', #4706, .T. ) ;
#4558 = CARTESIAN_POINT ( 'NONE',  ( 37.07457506495759958, 79.87622662222530323, -95.99164817027978813 ) ) ;
#4559 = CARTESIAN_POINT ( 'NONE',  ( -35.03804122052191161, 37.78950685866920622, -83.74164817027973129 ) ) ;
#4560 = CONICAL_SURFACE ( 'NONE', #786, 82.89270966887940517, 0.2617993877991502405 ) ;
#4561 = AXIS2_PLACEMENT_3D ( 'NONE', #1937, #2850, #1545 ) ;
#4562 = CARTESIAN_POINT ( 'NONE',  ( 41.18712481111422363, 43.02827102391075442, -76.15692355683273718 ) ) ;
#4563 = VERTEX_POINT ( 'NONE', #4367 ) ;
#4564 = CARTESIAN_POINT ( 'NONE',  ( -29.39116062954642317, 38.82745343805716232, -77.67598589986053526 ) ) ;
#4565 = VERTEX_POINT ( 'NONE', #1235 ) ;
#4566 = CARTESIAN_POINT ( 'NONE',  ( -40.96215121927469482, 41.32967853473189734, -75.49165398941609340 ) ) ;
#4567 = DIRECTION ( 'NONE',  ( -1.000000000000000000, 0.000000000000000000, 0.000000000000000000 ) ) ;
#4568 = ADVANCED_FACE ( 'NONE', ( #1586 ), #3992, .T. ) ;
#4569 = FACE_OUTER_BOUND ( 'NONE', #3349, .T. ) ;
#4570 = AXIS2_PLACEMENT_3D ( 'NONE', #5424, #3953, #416 ) ;
#4571 = CARTESIAN_POINT ( 'NONE',  ( 29.55836550694524334, 43.23540277096972062, -76.37284415527516046 ) ) ;
#4572 = CARTESIAN_POINT ( 'NONE',  ( -38.42143208707374669, 72.40949900553769680, -72.55411648308050587 ) ) ;
#4573 = CARTESIAN_POINT ( 'NONE',  ( -35.39999999999999858, 71.32196075073871100, -71.74164817027970287 ) ) ;
#4574 = CARTESIAN_POINT ( 'NONE',  ( 56.50497724946350075, -10.69532274437450070, -59.99164897494249971 ) ) ;
#4575 = EDGE_CURVE ( 'NONE', #1490, #2322, #3505, .T. ) ;
#4576 = FACE_OUTER_BOUND ( 'NONE', #1655, .T. ) ;
#4577 = LINE ( 'NONE', #5380, #1042 ) ;
#4578 = SURFACE_SIDE_STYLE ('',( #4631 ) ) ;
#4579 = ORIENTED_EDGE ( 'NONE', *, *, #4966, .T. ) ;
#4580 = ORIENTED_EDGE ( 'NONE', *, *, #4621, .F. ) ;
#4581 = DIRECTION ( 'NONE',  ( 0.000000000000000000, 1.000000000000000000, 0.000000000000000000 ) ) ;
#4582 = CARTESIAN_POINT ( 'NONE',  ( -33.95102034159565108, 37.80467853473188455, -71.91627775203585315 ) ) ;
#4583 = B_SPLINE_CURVE_WITH_KNOTS ( 'NONE', 3,
 ( #3019, #4817, #4464, #5351, #896, #772, #2579, #4377, #347, #5744, #4133, #2724, #3217, #4083, #1864, #5051, #75, #1387, #1889, #3244, #3663, #2337, #5520, #3690, #945, #3636, #5437, #1468, #590, #3721, #1415, #5022, #1441, #2364, #3271, #2802, #5462, #4191, #46, #967, #4109, #4996 ),
 .UNSPECIFIED., .F., .F.,
 ( 4, 2, 2, 2, 2, 1, 1, 2, 2, 2, 2, 2, 2, 2, 2, 2, 2, 2, 2, 2, 2, 4 ),
 ( 0.000000000000000000, 0.04131239508527753679, 0.08262479017055507358, 0.1239371852558326242, 0.1342652840271528758, 0.1445933827984731135, 0.1652495803411140884, 0.1859057778837550634, 0.2065619754263960384, 0.2478743705116756568, 0.2891867655969552753, 0.3098429631395952510, 0.3304991606822352823, 0.3718115557675119032, 0.3924677533101517679, 0.4131239508527917437, 0.4544363459380718617, 0.4957487410233519798, 0.5370611361086320423, 0.5783735311939122159, 0.6196859262791922784, 0.6609983213644723410 ),
 .UNSPECIFIED. ) ;
#4584 = CARTESIAN_POINT ( 'NONE',  ( 35.88870226045874290, 71.34279159772724199, -71.75684098682846468 ) ) ;
#4585 = CIRCLE ( 'NONE', #4500, 2.000000000000000000 ) ;
#4586 = DIRECTION ( 'NONE',  ( 0.000000000000000000, 1.000000000000000000, 0.000000000000000000 ) ) ;
#4587 = CARTESIAN_POINT ( 'NONE',  ( -33.78166628968224217, 37.75699831722558741, -83.51928264751747122 ) ) ;
#4588 = LINE ( 'NONE', #1453, #3965 ) ;
#4589 = ORIENTED_EDGE ( 'NONE', *, *, #2320, .T. ) ;
#4590 = EDGE_LOOP ( 'NONE', ( #2167, #2340, #2498, #5024 ) ) ;
#4591 = LINE ( 'NONE', #4148, #594 ) ;
#4592 = VERTEX_POINT ( 'NONE', #1295 ) ;
#4593 = LINE ( 'NONE', #5093, #4717 ) ;
#4594 = DIRECTION ( 'NONE',  ( 0.000000000000000000, -1.000000000000000000, 0.000000000000000000 ) ) ;
#4595 = DIRECTION ( 'NONE',  ( 0.000000000000000000, 0.000000000000000000, 1.000000000000000000 ) ) ;
#4596 = CARTESIAN_POINT ( 'NONE',  ( 29.43974530415885482, 43.64644943330105775, -77.05218520976330865 ) ) ;
#4597 = CARTESIAN_POINT ( 'NONE',  ( -38.54318230657689526, 82.96535024737558217, -82.87274686195152640 ) ) ;
#4598 = ORIENTED_EDGE ( 'NONE', *, *, #5340, .F. ) ;
#4599 = CARTESIAN_POINT ( 'NONE',  ( -29.79131793903302849, 30.92995980377041221, -79.87637538071066956 ) ) ;
#4600 = CARTESIAN_POINT ( 'NONE',  ( 29.79139989884438933, 40.56969883955201084, -75.60958602437281684 ) ) ;
#4601 = CARTESIAN_POINT ( 'NONE',  ( -41.00868206096697577, 27.62939726569339882, -79.87637538071068377 ) ) ;
#4602 = DIRECTION ( 'NONE',  ( 1.000000000000000000, 5.022560318000302342E-16, 0.000000000000000000 ) ) ;
#4603 = VECTOR ( 'NONE', #3125, 999.9999999999998863 ) ;
#4604 = VERTEX_POINT ( 'NONE', #4902 ) ;
#4605 = CARTESIAN_POINT ( 'NONE',  ( -38.62092463965954892, 37.49111984645165307, -82.80404197470475935 ) ) ;
#4606 = VERTEX_POINT ( 'NONE', #68 ) ;
#4607 = FACE_BOUND ( 'NONE', #5438, .T. ) ;
#4608 = CARTESIAN_POINT ( 'NONE',  ( -36.91814448326297082, 32.84690337788774173, -83.54646889196172310 ) ) ;
#4609 = EDGE_CURVE ( 'NONE', #567, #4400, #5827, .T. ) ;
#4610 = DIRECTION ( 'NONE',  ( 1.387778780781443703E-16, 1.387778780781443703E-16, 1.000000000000000000 ) ) ;
#4611 = CARTESIAN_POINT ( 'NONE',  ( -17.39999999999999858, 41.32982198470239865, -77.99277173434509791 ) ) ;
#4612 = CARTESIAN_POINT ( 'NONE',  ( -33.80223844844145731, 37.75819918579328061, -83.52502272173309450 ) ) ;
#4613 = EDGE_CURVE ( 'NONE', #3764, #5216, #2451, .T. ) ;
#4614 = DIRECTION ( 'NONE',  ( -1.000000000000000000, -6.414635304220839591E-49, -3.081487911019354991E-33 ) ) ;
#4615 = ORIENTED_EDGE ( 'NONE', *, *, #2976, .T. ) ;
#4616 = ORIENTED_EDGE ( 'NONE', *, *, #235, .F. ) ;
#4617 = CARTESIAN_POINT ( 'NONE',  ( -34.85356110250487660, 32.81372285570253666, -71.76033946472439595 ) ) ;
#4618 = ORIENTED_EDGE ( 'NONE', *, *, #4299, .T. ) ;
#4619 = CARTESIAN_POINT ( 'NONE',  ( 46.39999999999999858, 35.30467853473189876, -84.01665398941599960 ) ) ;
#4620 = DIRECTION ( 'NONE',  ( -1.000000000000000000, -6.414635304220839591E-49, -3.081487911019354991E-33 ) ) ;
#4621 = EDGE_CURVE ( 'NONE', #3781, #3913, #686, .T. ) ;
#4622 = CARTESIAN_POINT ( 'NONE',  ( 34.31929881565558560, 32.80467863819546892, -71.81653207054520749 ) ) ;
#4623 = CARTESIAN_POINT ( 'NONE',  ( -37.72123728383883190, 83.28776009166517724, -83.27935630485323770 ) ) ;
#4624 = ORIENTED_EDGE ( 'NONE', *, *, #2476, .F. ) ;
#4625 = CARTESIAN_POINT ( 'NONE',  ( -29.62438179249883063, 30.93576081278345313, -76.11179153258623842 ) ) ;
#4626 = DIRECTION ( 'NONE',  ( -1.000000000000000000, 0.000000000000000000, 0.000000000000000000 ) ) ;
#4627 = CARTESIAN_POINT ( 'NONE',  ( 29.95015294426125152, 40.26142462638275532, -80.25213683591628921 ) ) ;
#4628 = CIRCLE ( 'NONE', #5775, 2.000000000000000000 ) ;
#4629 = CARTESIAN_POINT ( 'NONE',  ( -41.33154384877627763, 26.86503225055328770, -78.65985544867734802 ) ) ;
#4630 = CARTESIAN_POINT ( 'NONE',  ( 36.56965463892600354, 85.30467853473189166, -85.99165398941610761 ) ) ;
#4631 = SURFACE_STYLE_FILL_AREA ( #5077 ) ;
#4632 = EDGE_CURVE ( 'NONE', #1500, #3910, #5692, .T. ) ;
#4633 = VERTEX_POINT ( 'NONE', #5129 ) ;
#4634 = ORIENTED_EDGE ( 'NONE', *, *, #5615, .F. ) ;
#4635 = CARTESIAN_POINT ( 'NONE',  ( -14.44999999999999929, 29.34970958719670264, -78.01686629702470555 ) ) ;
#4636 = DIRECTION ( 'NONE',  ( 0.000000000000000000, 1.000000000000000000, -2.775557561562890365E-16 ) ) ;
#4637 = DIRECTION ( 'NONE',  ( -1.000000000000000000, -2.220446049250309876E-16, 6.317050217590119366E-32 ) ) ;
#4638 = DIRECTION ( 'NONE',  ( -1.000000000000000000, 0.000000000000000000, 0.000000000000000000 ) ) ;
#4639 = CARTESIAN_POINT ( 'NONE',  ( 29.78656774498091409, 28.46689755160672064, -75.62175788190263859 ) ) ;
#4640 = EDGE_CURVE ( 'NONE', #1719, #5639, #555, .T. ) ;
#4641 = CARTESIAN_POINT ( 'NONE',  ( 35.39999999999999858, 32.81985021079449893, -83.74164817027968866 ) ) ;
#4642 = VERTEX_POINT ( 'NONE', #3293 ) ;
#4643 = VERTEX_POINT ( 'NONE', #1883 ) ;
#4644 = CARTESIAN_POINT ( 'NONE',  ( -29.78597286330429483, 40.52166198082964854, -75.62425150672197560 ) ) ;
#4645 = ORIENTED_EDGE ( 'NONE', *, *, #1140, .T. ) ;
#4646 = DIRECTION ( 'NONE',  ( 0.000000000000000000, 1.000000000000000000, 0.000000000000000000 ) ) ;
#4647 = LINE ( 'NONE', #3259, #1443 ) ;
#4648 = VECTOR ( 'NONE', #1489, 1000.000000000000000 ) ;
#4649 = CYLINDRICAL_SURFACE ( 'NONE', #5177, 1.000000000000000888 ) ;
#4650 = CARTESIAN_POINT ( 'NONE',  ( 29.74416300958028359, 42.41061906068733833, -75.73720236937687389 ) ) ;
#4651 = CARTESIAN_POINT ( 'NONE',  ( -2.220446049250309925E-15, 35.37471071591760108, -84.04186516830250753 ) ) ;
#4652 = ORIENTED_EDGE ( 'NONE', *, *, #105, .T. ) ;
#4653 = CARTESIAN_POINT ( 'NONE',  ( -29.89069425315944883, 80.64930922052025153, -80.14840862074329664 ) ) ;
#4654 = CARTESIAN_POINT ( 'NONE',  ( -57.30629077539173011, 37.78335658030027133, -72.32876369974238173 ) ) ;
#4655 = VECTOR ( 'NONE', #782, 1000.000000000000000 ) ;
#4656 = AXIS2_PLACEMENT_3D ( 'NONE', #4888, #5391, #2704 ) ;
#4657 = CARTESIAN_POINT ( 'NONE',  ( 29.44261517626913971, 39.02293910890455919, -77.02782373290847318 ) ) ;
#4658 = ADVANCED_FACE ( 'NONE', ( #3683 ), #1074, .F. ) ;
#4659 = CYLINDRICAL_SURFACE ( 'NONE', #3008, 0.9999999999999981126 ) ;
#4660 = CYLINDRICAL_SURFACE ( 'NONE', #329, 2.500000000000002220 ) ;
#4661 = VECTOR ( 'NONE', #5058, 1000.000000000000000 ) ;
#4662 = FACE_OUTER_BOUND ( 'NONE', #605, .T. ) ;
#4663 = ORIENTED_EDGE ( 'NONE', *, *, #4830, .T. ) ;
#4664 = CARTESIAN_POINT ( 'NONE',  ( -2.220446049250309925E-15, 36.37471071591760108, -84.04186516830250753 ) ) ;
#4665 = ORIENTED_EDGE ( 'NONE', *, *, #4761, .T. ) ;
#4666 = CARTESIAN_POINT ( 'NONE',  ( 38.61511460951668084, 37.49306521830049377, -82.80765196214707657 ) ) ;
#4667 = CARTESIAN_POINT ( 'NONE',  ( -29.71016661447412588, 43.20785832624622458, -79.64972288025090563 ) ) ;
#4668 = CARTESIAN_POINT ( 'NONE',  ( 35.39999999999999858, 83.64814667400489157, -83.74164817027970287 ) ) ;
#4669 = DIRECTION ( 'NONE',  ( 1.000000000000000000, 0.000000000000000000, 0.000000000000000000 ) ) ;
#4670 = CARTESIAN_POINT ( 'NONE',  ( -32.28926214787973947, 37.52745685764542571, -82.87227488102293194 ) ) ;
#4671 = CARTESIAN_POINT ( 'NONE',  ( 41.27498113914563760, 43.35653693963330824, -76.51900293914562212 ) ) ;
#4672 = EDGE_LOOP ( 'NONE', ( #2883, #5290, #2371, #5153 ) ) ;
#4673 = AXIS2_PLACEMENT_3D ( 'NONE', #595, #2287, #1420 ) ;
#4674 = CARTESIAN_POINT ( 'NONE',  ( 40.42841590202269231, 35.06655358272540468, -74.46628253616918869 ) ) ;
#4675 = CARTESIAN_POINT ( 'NONE',  ( -29.83784878072529878, 41.32967853473189734, -75.49165398941609340 ) ) ;
#4676 = ORIENTED_EDGE ( 'NONE', *, *, #5105, .F. ) ;
#4677 = CARTESIAN_POINT ( 'NONE',  ( -44.00000000000000000, -13.69532146526809946, -87.99164817027970287 ) ) ;
#4678 = CARTESIAN_POINT ( 'NONE',  ( 34.42870799606795629, 83.60168149934368387, -83.68127553547978437 ) ) ;
#4679 = VECTOR ( 'NONE', #1353, 1000.000000000000000 ) ;
#4680 = DIRECTION ( 'NONE',  ( 0.000000000000000000, 1.000000000000000000, 0.000000000000000000 ) ) ;
#4681 = DIRECTION ( 'NONE',  ( 0.000000000000000000, 1.000000000000000000, 0.000000000000000000 ) ) ;
#4682 = VERTEX_POINT ( 'NONE', #2416 ) ;
#4683 = CARTESIAN_POINT ( 'NONE',  ( -29.41043318503142601, 31.70224648608494533, -77.35260539442992922 ) ) ;
#4684 = CARTESIAN_POINT ( 'NONE',  ( -57.19990880758975038, 37.68376004755472053, -72.73557596256659963 ) ) ;
#4685 = EDGE_CURVE ( 'NONE', #106, #2174, #180, .T. ) ;
#4686 = CARTESIAN_POINT ( 'NONE',  ( 32.05995430426498416, 32.91319975758651850, -72.73012792961206685 ) ) ;
#4687 = CARTESIAN_POINT ( 'NONE',  ( -27.06962431292350146, 35.37467691289869975, -77.99164857261109773 ) ) ;
#4688 = ADVANCED_FACE ( 'NONE', ( #1968, #5484 ), #1436, .F. ) ;
#4689 = CARTESIAN_POINT ( 'NONE',  ( 54.93728143282280030, 41.32967853473189734, -80.49165398941610761 ) ) ;
#4690 = CIRCLE ( 'NONE', #5542, 2.500000000000002220 ) ;
#4691 = ORIENTED_EDGE ( 'NONE', *, *, #5442, .F. ) ;
#4692 = ADVANCED_FACE ( 'NONE', ( #1998 ), #529, .F. ) ;
#4693 = CARTESIAN_POINT ( 'NONE',  ( -36.62719920425856657, 37.77545326537401849, -83.62131637477087054 ) ) ;
#4694 = ORIENTED_EDGE ( 'NONE', *, *, #1432, .T. ) ;
#4695 = CARTESIAN_POINT ( 'NONE',  ( 39.91181243829474568, 36.25184814980070769, -81.69913011120425494 ) ) ;
#4696 = CARTESIAN_POINT ( 'NONE',  ( -40.96741605609489056, 30.80267846066420745, -79.98067431049670972 ) ) ;
#4697 = CARTESIAN_POINT ( 'NONE',  ( 37.28453489860643089, 83.41601369919678177, -83.44277806947859233 ) ) ;
#4698 = LINE ( 'NONE', #2464, #5828 ) ;
#4699 = CARTESIAN_POINT ( 'NONE',  ( -30.91864044692276536, 36.36575758460833896, -81.73291314350871062 ) ) ;
#4700 = B_SPLINE_CURVE_WITH_KNOTS ( 'NONE', 3,
 ( #2716, #2656, #4515, #5826, #1322, #1263, #365, #3069, #1770, #2156, #885, #2274, #2687, #4868, #4486, #449, #2247, #3601, #5402, #38, #2629, #1827, #5482, #5128, #985, #4179, #2386, #3710, #1907, #5511, #3768, #178, #1967, #4544, #1043, #3263, #1856, #2357, #3209, #2794, #152, #4596, #5016, #1517, #3682, #2330, #2820, #1073, #4571, #503, #2300, #553, #1459, #97, #4127, #5573, #5455, #3739, #1882, #4650, #3234, #4153, #5069, #960, #124, #5042, #528, #3292, #3321, #4103, #2767 ),
 .UNSPECIFIED., .F., .F.,
 ( 4, 2, 2, 1, 1, 1, 2, 2, 2, 2, 2, 2, 2, 1, 1, 2, 2, 2, 2, 2, 2, 1, 1, 1, 2, 2, 2, 2, 2, 1, 1, 2, 2, 2, 2, 2, 1, 1, 1, 2, 2, 4 ),
 ( 0.000000000000000000, 0.06249999999973437914, 0.09374999999960162422, 0.1093749999995364541, 0.1171874999995050209, 0.1210937499994881733, 0.1230468749994794164, 0.1249999999994706734, 0.1874999999993145761, 0.2499999999991584509, 0.3124999999990023536, 0.3437499999989241384, 0.3593749999988877786, 0.3671874999988734012, 0.3710937499988621879, 0.3730468749988607446, 0.3749999999988592458, 0.4374999999988256061, 0.4999999999987919663, 0.5624999999987583266, 0.5937499999987415622, 0.6093749999987307930, 0.6171874999987276844, 0.6210937499987285726, 0.6230468749987309041, 0.6249999999987332355, 0.6874999999989114263, 0.7187499999990012434, 0.7343749999990472066, 0.7421874999990710764, 0.7460937499990838440, 0.7480468749990901722, 0.7499999999990965005, 0.8124999999992912336, 0.8437499999993874900, 0.8593749999994371169, 0.8671874999994637623, 0.8710937499994755306, 0.8730468749994835242, 0.8740234374994896305, 0.8749999999994958477, 1.000000000000000000 ),
 .UNSPECIFIED. ) ;
#4701 =( GEOMETRIC_REPRESENTATION_CONTEXT ( 3 ) GLOBAL_UNCERTAINTY_ASSIGNED_CONTEXT ( ( #2085 ) ) GLOBAL_UNIT_ASSIGNED_CONTEXT ( ( #3291, #5604, #5572 ) ) REPRESENTATION_CONTEXT ( 'NONE', 'WORKASPACE' ) );
#4702 = LINE ( 'NONE', #656, #1812 ) ;
#4703 = ORIENTED_EDGE ( 'NONE', *, *, #4060, .F. ) ;
#4704 = CARTESIAN_POINT ( 'NONE',  ( 39.13593748689364560, 33.04987987322608944, -73.04661255150084287 ) ) ;
#4705 = CARTESIAN_POINT ( 'NONE',  ( -55.69812719634062148, 38.83737697182453275, -78.18778940180423831 ) ) ;
#4706 = EDGE_LOOP ( 'NONE', ( #2312, #2349, #5276, #969 ) ) ;
#4707 = CARTESIAN_POINT ( 'NONE',  ( -13.79999999999999893, 0.3046772556254900288, -55.19165030598870203 ) ) ;
#4708 = CARTESIAN_POINT ( 'NONE',  ( 30.10173177300484326, 75.24024785034558249, -74.84726340584846582 ) ) ;
#4709 = CIRCLE ( 'NONE', #2172, 1.000000000000000888 ) ;
#4710 = SHAPE_DEFINITION_REPRESENTATION ( #1123, #2365 ) ;
#4711 = CARTESIAN_POINT ( 'NONE',  ( 14.44999999999999929, 35.37471071591760108, -84.04186516830250753 ) ) ;
#4712 = ORIENTED_EDGE ( 'NONE', *, *, #5095, .F. ) ;
#4713 = CARTESIAN_POINT ( 'NONE',  ( 59.03605923427304702, 49.54825119403660949, -61.67623172780677976 ) ) ;
#4714 = ORIENTED_EDGE ( 'NONE', *, *, #5254, .T. ) ;
#4715 = CARTESIAN_POINT ( 'NONE',  ( 44.00000000000000000, 12.80467725562550108, -67.49164817027978813 ) ) ;
#4716 = CARTESIAN_POINT ( 'NONE',  ( 51.41401417907370330, -14.14532146526820178, -84.19974888730880025 ) ) ;
#4717 = VECTOR ( 'NONE', #3705, 1000.000000000000000 ) ;
#4718 = CARTESIAN_POINT ( 'NONE',  ( 30.82337025618044990, 33.65153638742756925, -73.85227091845042935 ) ) ;
#4719 = EDGE_CURVE ( 'NONE', #512, #5149, #3158, .T. ) ;
#4720 = CONICAL_SURFACE ( 'NONE', #2277, 6.349999999999994316, 1.249045772398260201 ) ;
#4721 = LINE ( 'NONE', #3420, #814 ) ;
#4722 = LINE ( 'NONE', #3421, #3527 ) ;
#4723 = CARTESIAN_POINT ( 'NONE',  ( -2.220446049250309925E-15, 28.34970958719670264, -78.01686629702470555 ) ) ;
#4724 = VERTEX_POINT ( 'NONE', #4359 ) ;
#4725 = AXIS2_PLACEMENT_3D ( 'NONE', #3814, #2491, #5174 ) ;
#4726 = DIRECTION ( 'NONE',  ( -0.2588190451025210170, 3.330669073875470607E-16, 0.9659258262890680902 ) ) ;
#4727 = VERTEX_POINT ( 'NONE', #5215 ) ;
#4728 = CARTESIAN_POINT ( 'NONE',  ( 38.94895086434192422, 37.35366419707374774, -82.58167572550773627 ) ) ;
#4729 = CARTESIAN_POINT ( 'NONE',  ( -29.98751936260088158, 42.21218499445917161, -80.33110682049611739 ) ) ;
#4730 = FACE_BOUND ( 'NONE', #5663, .T. ) ;
#4731 = CARTESIAN_POINT ( 'NONE',  ( -39.78872566937871369, 33.45068990317856361, -73.64914367134662143 ) ) ;
#4732 = CARTESIAN_POINT ( 'NONE',  ( -30.00737305355377416, 42.09488452146717208, -80.37219051114563229 ) ) ;
#4733 = ORIENTED_EDGE ( 'NONE', *, *, #5095, .T. ) ;
#4734 = CARTESIAN_POINT ( 'NONE',  ( 29.94256057417774741, 30.39324078225590497, -80.23587569251898799 ) ) ;
#4735 = CARTESIAN_POINT ( 'NONE',  ( -29.41329307894075384, 38.83087597271386926, -78.17403199254721358 ) ) ;
#4736 = ORIENTED_EDGE ( 'NONE', *, *, #2900, .T. ) ;
#4737 = CARTESIAN_POINT ( 'NONE',  ( 14.44999999999999929, 35.37471071591760108, -84.04186516830250753 ) ) ;
#4738 = CARTESIAN_POINT ( 'NONE',  ( -31.19282028685791275, 33.30062033212839623, -73.46348344056289648 ) ) ;
#4739 = DIRECTION ( 'NONE',  ( 0.000000000000000000, 0.000000000000000000, 1.000000000000000000 ) ) ;
#4740 = ORIENTED_EDGE ( 'NONE', *, *, #1418, .T. ) ;
#4741 = CARTESIAN_POINT ( 'NONE',  ( 60.64615862044229999, 35.37467691290309801, -59.99169410092059707 ) ) ;
#4742 = ORIENTED_EDGE ( 'NONE', *, *, #4299, .F. ) ;
#4743 = CARTESIAN_POINT ( 'NONE',  ( 58.10708814047880111, 35.37467691289879923, -69.46763413614279159 ) ) ;
#4744 = EDGE_CURVE ( 'NONE', #2894, #4066, #1135, .T. ) ;
#4745 = CARTESIAN_POINT ( 'NONE',  ( 33.71913770810442657, 32.80472132300239707, -71.98372960072923377 ) ) ;
#4746 = DIRECTION ( 'NONE',  ( 0.000000000000000000, 1.000000000000000000, 0.000000000000000000 ) ) ;
#4747 = EDGE_CURVE ( 'NONE', #2456, #3426, #2941, .T. ) ;
#4748 = CARTESIAN_POINT ( 'NONE',  ( -53.80751863812714930, 32.80467853473189876, -85.51384596959256612 ) ) ;
#4749 = AXIS2_PLACEMENT_3D ( 'NONE', #4125, #1458, #958 ) ;
#4750 = CARTESIAN_POINT ( 'NONE',  ( 54.87705465144671280, 35.54065463344954878, -81.52228322735957988 ) ) ;
#4751 = EDGE_CURVE ( 'NONE', #4242, #1719, #1227, .T. ) ;
#4752 = VERTEX_POINT ( 'NONE', #725 ) ;
#4753 = DIRECTION ( 'NONE',  ( 1.000000000000000000, 2.220446049250309876E-16, -6.317050217590119366E-32 ) ) ;
#4754 = CIRCLE ( 'NONE', #5217, 1.000000000000000888 ) ;
#4755 = ORIENTED_EDGE ( 'NONE', *, *, #1223, .F. ) ;
#4756 = CARTESIAN_POINT ( 'NONE',  ( 39.77890316583126662, 36.54383746067118466, -81.84440388527545451 ) ) ;
#4757 = CARTESIAN_POINT ( 'NONE',  ( -29.42289643255944398, 43.70532465324970417, -77.19565874556012375 ) ) ;
#4758 = CARTESIAN_POINT ( 'NONE',  ( -35.39999999999999858, 71.32196075073871100, -71.74164817027970287 ) ) ;
#4759 = CARTESIAN_POINT ( 'NONE',  ( -38.72887513936628068, 32.92907464723477773, -72.74828365349404180 ) ) ;
#4760 = CARTESIAN_POINT ( 'NONE',  ( -31.46514600563646979, 33.49913054992155992, -82.27711974669428230 ) ) ;
#4761 = EDGE_CURVE ( 'NONE', #5365, #2797, #2913, .T. ) ;
#4762 = ORIENTED_EDGE ( 'NONE', *, *, #2843, .F. ) ;
#4763 = EDGE_CURVE ( 'NONE', #3426, #4172, #4961, .T. ) ;
#4764 = CARTESIAN_POINT ( 'NONE',  ( 39.09374721908632466, 37.58208076747975213, -73.00751274518989931 ) ) ;
#4765 = CARTESIAN_POINT ( 'NONE',  ( -55.20122702751086052, 39.70074394279448171, -79.88947398936286959 ) ) ;
#4766 = ORIENTED_EDGE ( 'NONE', *, *, #5816, .F. ) ;
#4767 = DIRECTION ( 'NONE',  ( 0.000000000000000000, 1.000000000000000000, 0.000000000000000000 ) ) ;
#4768 = CARTESIAN_POINT ( 'NONE',  ( 31.40084806692682662, 82.43412597750052839, -82.21967639073386636 ) ) ;
#4769 = DIRECTION ( 'NONE',  ( -1.000000000000000000, 0.000000000000000000, 0.000000000000000000 ) ) ;
#4770 = CARTESIAN_POINT ( 'NONE',  ( 40.74134857977474411, 28.94822997145285726, -80.47501726713396408 ) ) ;
#4771 = ORIENTED_EDGE ( 'NONE', *, *, #2689, .T. ) ;
#4772 = CARTESIAN_POINT ( 'NONE',  ( 58.57980102766342867, 51.42370615545219437, -62.15243672766752070 ) ) ;
#4773 = ORIENTED_EDGE ( 'NONE', *, *, #2218, .T. ) ;
#4774 = CARTESIAN_POINT ( 'NONE',  ( 46.39999999999999858, 29.27967853473190019, -77.99165398941609340 ) ) ;
#4775 = CARTESIAN_POINT ( 'NONE',  ( 17.39999999999999858, 35.37471071591760108, -84.04186516830250753 ) ) ;
#4776 = AXIS2_PLACEMENT_3D ( 'NONE', #4814, #3156, #770 ) ;
#4777 = VECTOR ( 'NONE', #5085, 1000.000000000000000 ) ;
#4778 = CARTESIAN_POINT ( 'NONE',  ( 31.43547727160017757, 37.45730817481580033, -73.23798571071407082 ) ) ;
#4779 = FACE_BOUND ( 'NONE', #1787, .T. ) ;
#4780 = CARTESIAN_POINT ( 'NONE',  ( 54.20869002012980076, 32.80467853473189166, -84.01665398941599960 ) ) ;
#4781 = DIRECTION ( 'NONE',  ( 0.000000000000000000, 1.000000000000000000, 0.000000000000000000 ) ) ;
#4782 = ORIENTED_EDGE ( 'NONE', *, *, #1174, .F. ) ;
#4783 = CARTESIAN_POINT ( 'NONE',  ( 36.56965463892600354, 85.30467853473189166, -85.99165398941610761 ) ) ;
#4784 = ORIENTED_EDGE ( 'NONE', *, *, #346, .F. ) ;
#4785 = PLANE ( 'NONE',  #2422 ) ;
#4786 = CIRCLE ( 'NONE', #3000, 2.500000000000002220 ) ;
#4787 = CARTESIAN_POINT ( 'NONE',  ( -29.85289577189407595, 42.78165576223379674, -80.02899708694378944 ) ) ;
#4788 = FACE_OUTER_BOUND ( 'NONE', #1663, .T. ) ;
#4789 = CARTESIAN_POINT ( 'NONE',  ( -37.07457506495759958, 79.87622662222530323, -95.99164817027978813 ) ) ;
#4790 = CARTESIAN_POINT ( 'NONE',  ( -32.13516089380516405, 33.13427930890940587, -82.77573273549005251 ) ) ;
#4791 = ADVANCED_FACE ( 'NONE', ( #5189 ), #5664, .F. ) ;
#4792 = EDGE_LOOP ( 'NONE', ( #3072, #584, #4579, #3704, #2047, #3859, #5410, #136, #5160, #4652, #1066 ) ) ;
#4793 = CARTESIAN_POINT ( 'NONE',  ( 37.25592758257653969, 32.80559698951728365, -72.03678798429682217 ) ) ;
#4794 = CARTESIAN_POINT ( 'NONE',  ( -55.48658894799306296, 39.01954884409118307, -78.94733956590874868 ) ) ;
#4795 = ORIENTED_EDGE ( 'NONE', *, *, #1861, .F. ) ;
#4796 = LINE ( 'NONE', #750, #3684 ) ;
#4797 = CARTESIAN_POINT ( 'NONE',  ( 34.44029963820889861, 71.40310192056243466, -71.80065248510769038 ) ) ;
#4798 = DIRECTION ( 'NONE',  ( 0.000000000000000000, -0.9454016103426764461, 0.3259076482095414340 ) ) ;
#4799 = CIRCLE ( 'NONE', #4424, 1.000000000000000888 ) ;
#4800 = ADVANCED_FACE ( 'NONE', ( #3921 ), #3632, .F. ) ;
#4801 = DIRECTION ( 'NONE',  ( -1.000000000000000000, 0.000000000000000000, 0.000000000000000000 ) ) ;
#4802 = ORIENTED_EDGE ( 'NONE', *, *, #1945, .F. ) ;
#4803 = CARTESIAN_POINT ( 'NONE',  ( 50.67890971983094772, 69.56265993763298638, -70.46327118759921859 ) ) ;
#4804 = EDGE_LOOP ( 'NONE', ( #1055, #3567, #2009, #808, #3488, #4856 ) ) ;
#4805 = DIRECTION ( 'NONE',  ( 1.000000000000000000, 0.000000000000000000, 0.000000000000000000 ) ) ;
#4806 = LINE ( 'NONE', #760, #5274 ) ;
#4807 = CARTESIAN_POINT ( 'NONE',  ( 14.44999999999999929, 35.37470845847450818, -71.99186516830378935 ) ) ;
#4808 = DIRECTION ( 'NONE',  ( 0.000000000000000000, -1.000000000000000000, 0.000000000000000000 ) ) ;
#4809 = CARTESIAN_POINT ( 'NONE',  ( 56.49295688560511053, 29.27967853473190374, -75.49165398941609340 ) ) ;
#4810 = ORIENTED_EDGE ( 'NONE', *, *, #2245, .F. ) ;
#4811 = CARTESIAN_POINT ( 'NONE',  ( -2.220446049250309925E-15, 35.37471071591760108, -84.04186516830250753 ) ) ;
#4812 = CARTESIAN_POINT ( 'NONE',  ( 40.99480722691089341, 42.94089860272756454, -79.91502545031265470 ) ) ;
#4813 = VERTEX_POINT ( 'NONE', #4420 ) ;
#4814 = CARTESIAN_POINT ( 'NONE',  ( -24.80000000000000071, -6.695322744374519353, -62.49164817027969576 ) ) ;
#4815 = CARTESIAN_POINT ( 'NONE',  ( 31.18253826791082872, 33.81448001182866392, -82.00932512980506317 ) ) ;
#4816 = AXIS2_PLACEMENT_3D ( 'NONE', #3962, #5706, #3993 ) ;
#4817 = CARTESIAN_POINT ( 'NONE',  ( 54.94917207540327553, 41.16593134081350058, -80.49165398941610761 ) ) ;
#4818 = DIRECTION ( 'NONE',  ( 1.387778780781443703E-16, -1.387778780781441731E-16, -1.000000000000000000 ) ) ;
#4819 = CARTESIAN_POINT ( 'NONE',  ( -31.73598365857229098, 33.31940591295875009, -82.49437147845857510 ) ) ;
#4820 = AXIS2_PLACEMENT_3D ( 'NONE', #3122, #418, #5338 ) ;
#4821 = EDGE_LOOP ( 'NONE', ( #61, #5656, #4810, #5354 ) ) ;
#4822 = CARTESIAN_POINT ( 'NONE',  ( 58.11832067892168396, 33.87807191984968824, -69.42571373197606022 ) ) ;
#4823 = CARTESIAN_POINT ( 'NONE',  ( -56.24483998426935472, 39.86243764556814995, -75.96573947607767252 ) ) ;
#4824 = ORIENTED_EDGE ( 'NONE', *, *, #113, .T. ) ;
#4825 = VECTOR ( 'NONE', #3329, 1000.000000000000000 ) ;
#4826 = CARTESIAN_POINT ( 'NONE',  ( -60.64617071191170083, 8.374677255625490702, -59.99164897494249971 ) ) ;
#4827 = CARTESIAN_POINT ( 'NONE',  ( 29.47988071111391051, 79.37369386398542304, -78.77739027743281497 ) ) ;
#4828 = CARTESIAN_POINT ( 'NONE',  ( 29.48672264096653706, 39.17154260087271922, -76.72707309800210851 ) ) ;
#4829 = EDGE_CURVE ( 'NONE', #2625, #2322, #1822, .T. ) ;
#4830 = EDGE_CURVE ( 'NONE', #287, #5388, #2392, .T. ) ;
#4831 = PLANE ( 'NONE',  #1121 ) ;
#4832 = ORIENTED_EDGE ( 'NONE', *, *, #1223, .T. ) ;
#4833 = CARTESIAN_POINT ( 'NONE',  ( 54.43023157680215007, 62.74064796324945092, -66.50106854415194846 ) ) ;
#4834 = ORIENTED_EDGE ( 'NONE', *, *, #3089, .T. ) ;
#4835 = CYLINDRICAL_SURFACE ( 'NONE', #4208, 2.500000000000002220 ) ;
#4836 = CARTESIAN_POINT ( 'NONE',  ( -2.220446049250309925E-15, 36.37471071591760108, -84.04186516830250753 ) ) ;
#4837 = CARTESIAN_POINT ( 'NONE',  ( -58.00600116910784720, 36.58060038603588993, -69.81019293690386007 ) ) ;
#4838 = CARTESIAN_POINT ( 'NONE',  ( -60.64617071191170083, 35.37467691289879923, -59.99164897494249971 ) ) ;
#4839 = DIRECTION ( 'NONE',  ( -1.000000000000000000, -1.001483571081361987E-31, -2.220446049250309876E-16 ) ) ;
#4840 = CARTESIAN_POINT ( 'NONE',  ( -54.17490921816563798, 37.80467850547869091, -84.00712238477569827 ) ) ;
#4841 = ORIENTED_EDGE ( 'NONE', *, *, #4438, .T. ) ;
#4842 = AXIS2_PLACEMENT_3D ( 'NONE', #3363, #2922, #5489 ) ;
#4843 = EDGE_CURVE ( 'NONE', #1045, #1839, #1702, .T. ) ;
#4844 = CARTESIAN_POINT ( 'NONE',  ( 40.84719161155145173, 40.26784072742552922, -80.25763633281955833 ) ) ;
#4845 = CARTESIAN_POINT ( 'NONE',  ( 41.32450734955094163, 43.52543350841323644, -76.79420862747758747 ) ) ;
#4846 = ORIENTED_EDGE ( 'NONE', *, *, #4843, .F. ) ;
#4847 = DIRECTION ( 'NONE',  ( 1.000000000000000000, -2.220446049250309876E-16, 1.001483571081361987E-31 ) ) ;
#4848 = CARTESIAN_POINT ( 'NONE',  ( 32.50339929227418878, 33.01492812903051544, -83.00215363289999004 ) ) ;
#4849 = CARTESIAN_POINT ( 'NONE',  ( -53.39811939184157552, 64.80663379921676892, -67.58688361981258197 ) ) ;
#4850 = DIRECTION ( 'NONE',  ( 0.2588190451025210170, 3.330669073875470607E-16, 0.9659258262890680902 ) ) ;
#4851 = ORIENTED_EDGE ( 'NONE', *, *, #3360, .F. ) ;
#4852 = CIRCLE ( 'NONE', #4473, 2.000000000000001776 ) ;
#4853 = ORIENTED_EDGE ( 'NONE', *, *, #2377, .T. ) ;
#4854 = CARTESIAN_POINT ( 'NONE',  ( 56.00688069223027554, 42.89231045344812543, -76.03899260009504246 ) ) ;
#4855 = DIRECTION ( 'NONE',  ( 0.000000000000000000, 1.000000000000000000, 0.000000000000000000 ) ) ;
#4856 = ORIENTED_EDGE ( 'NONE', *, *, #561, .F. ) ;
#4857 = LINE ( 'NONE', #1788, #5096 ) ;
#4858 = DIRECTION ( 'NONE',  ( 0.000000000000000000, -2.775557561562890365E-16, -1.000000000000000000 ) ) ;
#4859 = CARTESIAN_POINT ( 'NONE',  ( -55.19793711950164550, 43.73342648598018201, -78.74903565512839521 ) ) ;
#4860 = CARTESIAN_POINT ( 'NONE',  ( 49.00000000000000000, -13.69532146526809946, -87.99164817027970287 ) ) ;
#4861 = ORIENTED_EDGE ( 'NONE', *, *, #4057, .T. ) ;
#4862 = CARTESIAN_POINT ( 'NONE',  ( 41.37943351145135296, 31.77745787349173412, -78.33761284639778921 ) ) ;
#4863 = ORIENTED_EDGE ( 'NONE', *, *, #58, .T. ) ;
#4864 = CARTESIAN_POINT ( 'NONE',  ( -35.39999999999999858, 32.81985021079449893, -83.74164817027968866 ) ) ;
#4865 = FACE_OUTER_BOUND ( 'NONE', #5514, .T. ) ;
#4866 = B_SPLINE_CURVE_WITH_KNOTS ( 'NONE', 3,
 ( #4743, #1198, #698, #3005, #2506, #271, #2121, #3923, #1676, #3477, #2059, #2973 ),
 .UNSPECIFIED., .F., .F.,
 ( 4, 2, 2, 2, 2, 4 ),
 ( 0.000000000000000000, 0.1249999999999980016, 0.2499999999999960032, 0.4999999999999973355, 0.7499999999999986677, 1.000000000000000000 ),
 .UNSPECIFIED. ) ;
#4867 = CARTESIAN_POINT ( 'NONE',  ( -57.96485374973396887, 36.78865892653628578, -69.95298137274043881 ) ) ;
#4868 = CARTESIAN_POINT ( 'NONE',  ( 29.92433141879893554, 42.51495805354814195, -80.19874904967467444 ) ) ;
#4869 = DIRECTION ( 'NONE',  ( -1.000000000000000000, 0.000000000000000000, 0.000000000000000000 ) ) ;
#4870 = EDGE_CURVE ( 'NONE', #3967, #5044, #5048, .T. ) ;
#4871 = VECTOR ( 'NONE', #1989, 1000.000000000000000 ) ;
#4872 = CARTESIAN_POINT ( 'NONE',  ( 55.15321092344949250, 24.27967853473189308, -80.49165398941610761 ) ) ;
#4873 = VERTEX_POINT ( 'NONE', #5305 ) ;
#4874 = CARTESIAN_POINT ( 'NONE',  ( 56.76786743737100238, 35.37467691289879923, -74.46567384268929857 ) ) ;
#4875 = CARTESIAN_POINT ( 'NONE',  ( 41.37779597705662837, 43.70786376918572813, -77.20173443522610057 ) ) ;
#4876 = EDGE_LOOP ( 'NONE', ( #4173, #827, #5239, #613 ) ) ;
#4877 = CARTESIAN_POINT ( 'NONE',  ( 31.84500444304872602, 37.36014172091810082, -82.58133684277235886 ) ) ;
#4878 = EDGE_CURVE ( 'NONE', #3579, #3822, #4012, .T. ) ;
#4879 = CARTESIAN_POINT ( 'NONE',  ( -57.53843615732267125, 54.99158081957616417, -63.23982986826779040 ) ) ;
#4880 = DIRECTION ( 'NONE',  ( -1.000000000000000000, 6.317050217590119366E-32, 2.220446049250309876E-16 ) ) ;
#4881 = EDGE_LOOP ( 'NONE', ( #2141, #5355, #3286, #5331 ) ) ;
#4882 = ORIENTED_EDGE ( 'NONE', *, *, #5340, .T. ) ;
#4883 = CARTESIAN_POINT ( 'NONE',  ( 55.74528454638755903, 43.52280243784385760, -76.78966880352889746 ) ) ;
#4884 = CARTESIAN_POINT ( 'NONE',  ( -2.220446049250309925E-15, 36.37470845847450818, -71.99186516830378935 ) ) ;
#4885 = ORIENTED_EDGE ( 'NONE', *, *, #2828, .F. ) ;
#4886 = DIRECTION ( 'NONE',  ( -1.387778780781443703E-16, -1.387778780781441731E-16, -1.000000000000000000 ) ) ;
#4887 = CARTESIAN_POINT ( 'NONE',  ( -31.09835039706621629, 37.23248475087437726, -73.55875488584703703 ) ) ;
#4888 = CARTESIAN_POINT ( 'NONE',  ( -2.220446049250309925E-15, 29.34970958719670264, -78.01686629702470555 ) ) ;
#4889 = CIRCLE ( 'NONE', #1389, 2.000000000000001776 ) ;
#4890 = CARTESIAN_POINT ( 'NONE',  ( -39.59240592863977071, 33.78185002395295555, -82.03393923663419685 ) ) ;
#4891 = CARTESIAN_POINT ( 'NONE',  ( -49.00000000000000000, -10.69532274437450070, -67.49164817027978813 ) ) ;
#4892 = ORIENTED_EDGE ( 'NONE', *, *, #1052, .F. ) ;
#4893 = CARTESIAN_POINT ( 'NONE',  ( 41.00809390885329719, 30.92825436290350893, -79.87796617991455150 ) ) ;
#4894 = ORIENTED_EDGE ( 'NONE', *, *, #1052, .T. ) ;
#4895 = DIRECTION ( 'NONE',  ( -1.519290839321570161E-64, -1.000000000000000000, 1.039540976564489922E-112 ) ) ;
#4896 = CARTESIAN_POINT ( 'NONE',  ( -53.62434043633165004, 36.59439087118920497, -86.16465852707243300 ) ) ;
#4897 = ADVANCED_FACE ( 'NONE', ( #3120 ), #2183, .F. ) ;
#4898 = EDGE_CURVE ( 'NONE', #378, #3004, #1343, .T. ) ;
#4899 = AXIS2_PLACEMENT_3D ( 'NONE', #2125, #730, #5792 ) ;
#4900 = CARTESIAN_POINT ( 'NONE',  ( 32.25118743907732721, 37.71971462105039308, -72.62293337828261031 ) ) ;
#4901 = CARTESIAN_POINT ( 'NONE',  ( -17.39999999999999858, 41.32967853473189734, -77.99165398941609340 ) ) ;
#4902 = CARTESIAN_POINT ( 'NONE',  ( -14.44999999999999929, 39.02609336588880495, -68.70733260749760518 ) ) ;
#4903 = CARTESIAN_POINT ( 'NONE',  ( -54.51436649198750928, 37.47588967891410761, -82.77443869827882850 ) ) ;
#4904 = EDGE_CURVE ( 'NONE', #5187, #4724, #4, .T. ) ;
#4905 = CARTESIAN_POINT ( 'NONE',  ( 41.24997462188489550, 39.07594339284315055, -79.07406528849621452 ) ) ;
#4906 = CARTESIAN_POINT ( 'NONE',  ( -29.46405490789092951, 26.85105688316600592, -78.66784416475694286 ) ) ;
#4907 = VERTEX_POINT ( 'NONE', #4982 ) ;
#4908 = EDGE_CURVE ( 'NONE', #4682, #2184, #4509, .T. ) ;
#4909 = CARTESIAN_POINT ( 'NONE',  ( 32.73540164248139916, 32.96642666248894216, -83.12472122665882068 ) ) ;
#4910 = CARTESIAN_POINT ( 'NONE',  ( -52.17305641807497807, 67.05057096294819985, -68.87957722614549994 ) ) ;
#4911 = CARTESIAN_POINT ( 'NONE',  ( 22.00000000000000000, -14.59532146526809981, -95.69164817027969150 ) ) ;
#4912 = ORIENTED_EDGE ( 'NONE', *, *, #5188, .F. ) ;
#4913 = CIRCLE ( 'NONE', #1224, 5.000000000000004441 ) ;
#4914 = AXIS2_PLACEMENT_3D ( 'NONE', #2588, #4384, #232 ) ;
#4915 = VERTEX_POINT ( 'NONE', #3063 ) ;
#4916 = CARTESIAN_POINT ( 'NONE',  ( 55.67366014097579097, 43.63251744572443869, -77.01528120432341495 ) ) ;
#4917 = DIRECTION ( 'NONE',  ( -1.000000000000000000, 0.000000000000000000, 0.000000000000000000 ) ) ;
#4918 = VERTEX_POINT ( 'NONE', #2269 ) ;
#4919 = B_SPLINE_CURVE_WITH_KNOTS ( 'NONE', 3,
 ( #4259, #799, #227, #1240, #5771, #3047, #370, #2161, #3966, #3131, #74, #2661 ),
 .UNSPECIFIED., .F., .F.,
 ( 4, 2, 2, 2, 2, 4 ),
 ( 0.5008030549634293616, 0.6256022912225691623, 0.6880019093521413387, 0.7504015274817136261, 0.8752007637408567575, 1.000000000000000000 ),
 .UNSPECIFIED. ) ;
#4920 = DIRECTION ( 'NONE',  ( 1.000000000000000000, 0.000000000000000000, 0.000000000000000000 ) ) ;
#4921 = LINE ( 'NONE', #2646, #3457 ) ;
#4922 = DIRECTION ( 'NONE',  ( -1.000000000000000000, 1.001483571081361987E-31, 2.220446049250309876E-16 ) ) ;
#4923 = AXIS2_PLACEMENT_3D ( 'NONE', #3971, #5776, #2665 ) ;
#4924 = EDGE_CURVE ( 'NONE', #3257, #4682, #3424, .T. ) ;
#4925 = CARTESIAN_POINT ( 'NONE',  ( -38.75104387195160172, 37.44200535896400339, -82.71912063774425405 ) ) ;
#4926 = CARTESIAN_POINT ( 'NONE',  ( 41.26548289132127678, 27.28884946102493103, -76.47071689924358395 ) ) ;
#4927 = ORIENTED_EDGE ( 'NONE', *, *, #3576, .F. ) ;
#4928 = DIRECTION ( 'NONE',  ( -1.000000000000000000, 0.000000000000000000, 0.000000000000000000 ) ) ;
#4929 = EDGE_LOOP ( 'NONE', ( #666, #5315 ) ) ;
#4930 = PLANE ( 'NONE',  #5527 ) ;
#4931 = CARTESIAN_POINT ( 'NONE',  ( 46.39999999999999858, 29.27967853473190019, -80.49165398941610761 ) ) ;
#4932 = DIRECTION ( 'NONE',  ( -1.000000000000000000, -2.220446049250309876E-16, 6.317050217590119366E-32 ) ) ;
#4933 = EDGE_CURVE ( 'NONE', #297, #4413, #174, .T. ) ;
#4934 = CARTESIAN_POINT ( 'NONE',  ( 56.28046938734343740, 41.32967722536699995, -75.49174616341061039 ) ) ;
#4935 = CARTESIAN_POINT ( 'NONE',  ( -41.31810079794381352, 43.50284642654386857, -76.74407004769409468 ) ) ;
#4936 = DIRECTION ( 'NONE',  ( -1.000000000000000000, 4.622231866529390132E-32, 2.220446049250309876E-16 ) ) ;
#4937 = CARTESIAN_POINT ( 'NONE',  ( -51.00000000000000000, 8.374677255625490702, -95.99164817027978813 ) ) ;
#4938 = VERTEX_POINT ( 'NONE', #5036 ) ;
#4939 = CARTESIAN_POINT ( 'NONE',  ( 31.20856870180276132, 36.82872472299771260, -82.03490522207600577 ) ) ;
#4940 = CARTESIAN_POINT ( 'NONE',  ( -59.01992878506302276, 49.61711343483123215, -61.69226861092334957 ) ) ;
#4941 = VECTOR ( 'NONE', #908, 1000.000000000000000 ) ;
#4942 = EDGE_CURVE ( 'NONE', #2780, #1941, #5230, .T. ) ;
#4943 = ORIENTED_EDGE ( 'NONE', *, *, #4870, .F. ) ;
#4944 = VECTOR ( 'NONE', #550, 1000.000000000000000 ) ;
#4945 = VERTEX_POINT ( 'NONE', #62 ) ;
#4946 = CARTESIAN_POINT ( 'NONE',  ( 29.48215283726310787, 31.45139092032329842, -76.74252815618380907 ) ) ;
#4947 = DIRECTION ( 'NONE',  ( 1.387778780781443703E-16, -1.387778780781443703E-16, -1.000000000000000000 ) ) ;
#4948 = VECTOR ( 'NONE', #1818, 1000.000000000000000 ) ;
#4949 = ADVANCED_FACE ( 'NONE', ( #3763 ), #1007, .T. ) ;
#4950 = FACE_OUTER_BOUND ( 'NONE', #339, .T. ) ;
#4951 = DIRECTION ( 'NONE',  ( 0.000000000000000000, -0.9453952838176464812, 0.3259259997842329226 ) ) ;
#4952 = PLANE ( 'NONE',  #2116 ) ;
#4953 = CARTESIAN_POINT ( 'NONE',  ( 40.96215121927480141, 28.95005269659620595, -75.49165398941613603 ) ) ;
#4954 = VECTOR ( 'NONE', #4947, 1000.000000000000000 ) ;
#4955 = VERTEX_POINT ( 'NONE', #1963 ) ;
#4956 = EDGE_CURVE ( 'NONE', #3230, #3333, #3916, .T. ) ;
#4957 = CARTESIAN_POINT ( 'NONE',  ( 40.89233577034080724, 30.53599305686153542, -80.15900362285039193 ) ) ;
#4958 = VERTEX_POINT ( 'NONE', #1876 ) ;
#4959 = DIRECTION ( 'NONE',  ( -1.387778780781443703E-16, 1.387778780781443703E-16, 1.000000000000000000 ) ) ;
#4960 = CARTESIAN_POINT ( 'NONE',  ( -54.16916553000356060, 37.80465712684930679, -84.02858744936001756 ) ) ;
#4961 =( BOUNDED_CURVE ( )  B_SPLINE_CURVE ( 3, ( #4741, #4296, #327, #268 ),
 .UNSPECIFIED., .F., .F. ) 
 B_SPLINE_CURVE_WITH_KNOTS ( ( 4, 4 ),
 ( 6.282039237764689865, 6.283185307179586232 ),
 .UNSPECIFIED. ) 
 CURVE ( )  GEOMETRIC_REPRESENTATION_ITEM ( )  RATIONAL_B_SPLINE_CURVE ( ( 1.000000000000000000, 0.9999998905437443852, 0.9999998905437443852, 1.000000000000000000 ) ) 
 REPRESENTATION_ITEM ( '' )  );
#4962 = CYLINDRICAL_SURFACE ( 'NONE', #843, 1.000000000000000888 ) ;
#4963 = FACE_OUTER_BOUND ( 'NONE', #2268, .T. ) ;
#4964 = CARTESIAN_POINT ( 'NONE',  ( -41.38670964566587429, 43.82848199816546497, -78.17397457558745089 ) ) ;
#4965 = DIRECTION ( 'NONE',  ( 1.000000000000000000, 0.000000000000000000, 0.000000000000000000 ) ) ;
#4966 = EDGE_CURVE ( 'NONE', #5639, #2752, #4591, .T. ) ;
#4967 = CARTESIAN_POINT ( 'NONE',  ( -14.44999999999999929, 45.56157357543259678, -71.27067789548389953 ) ) ;
#4968 = CARTESIAN_POINT ( 'NONE',  ( -41.12988623162432589, 27.28918432801229699, -79.53772797599836508 ) ) ;
#4969 = DIRECTION ( 'NONE',  ( 0.000000000000000000, -0.3162277660168379967, -0.9486832980505137680 ) ) ;
#4970 = CARTESIAN_POINT ( 'NONE',  ( 17.39999999999999858, 37.80467853473189876, -84.01665398941599960 ) ) ;
#4971 = ORIENTED_EDGE ( 'NONE', *, *, #1298, .T. ) ;
#4972 = AXIS2_PLACEMENT_3D ( 'NONE', #758, #4332, #2089 ) ;
#4973 = VECTOR ( 'NONE', #2612, 1000.000000000000000 ) ;
#4974 = CYLINDRICAL_SURFACE ( 'NONE', #4492, 2.500000000000002220 ) ;
#4975 = DIRECTION ( 'NONE',  ( -1.000000000000000000, 0.000000000000000000, 0.000000000000000000 ) ) ;
#4976 = DIRECTION ( 'NONE',  ( -4.332577657073780046E-16, 0.000000000000000000, 1.000000000000000000 ) ) ;
#4977 = CARTESIAN_POINT ( 'NONE',  ( 37.02771072712440059, 37.80467853473189876, -71.96665398942489844 ) ) ;
#4978 = CARTESIAN_POINT ( 'NONE',  ( -46.39999999999999858, 32.80467853473189166, -71.96665398941610192 ) ) ;
#4979 = EDGE_CURVE ( 'NONE', #2965, #2892, #4479, .T. ) ;
#4980 = CARTESIAN_POINT ( 'NONE',  ( -2.220446049250309925E-15, 35.37471071591760108, -84.04186516830250753 ) ) ;
#4981 = ORIENTED_EDGE ( 'NONE', *, *, #2298, .F. ) ;
#4982 = CARTESIAN_POINT ( 'NONE',  ( -1.385786437626906897, -8.109536306747617829, -62.49164817027969576 ) ) ;
#4983 = ORIENTED_EDGE ( 'NONE', *, *, #1152, .T. ) ;
#4984 = CARTESIAN_POINT ( 'NONE',  ( -40.81245287832045676, 40.44733963678520183, -80.33116480779183632 ) ) ;
#4985 = EDGE_CURVE ( 'NONE', #2431, #512, #5505, .T. ) ;
#4986 = VECTOR ( 'NONE', #5284, 1000.000000000000000 ) ;
#4987 = CARTESIAN_POINT ( 'NONE',  ( 37.50000000000000000, 12.80467725562550108, -77.74164817027980234 ) ) ;
#4988 = CARTESIAN_POINT ( 'NONE',  ( -35.39999999999999858, 16.80467725562549930, -83.74164817027970287 ) ) ;
#4989 = CARTESIAN_POINT ( 'NONE',  ( -40.99554945834461961, 41.97972658079158492, -75.57589305869267093 ) ) ;
#4990 = CARTESIAN_POINT ( 'NONE',  ( -30.05865142022525660, 29.61112709801095377, -80.47501726713399250 ) ) ;
#4991 = CARTESIAN_POINT ( 'NONE',  ( -17.39999999999999858, 41.32967853473189734, -75.49165398941609340 ) ) ;
#4992 = CIRCLE ( 'NONE', #2909, 1.000000000000000888 ) ;
#4993 = CARTESIAN_POINT ( 'NONE',  ( 41.03724885472239237, 40.36080259188426567, -75.68703225713730376 ) ) ;
#4994 = CARTESIAN_POINT ( 'NONE',  ( -29.83784878072522062, 29.27967853473189663, -75.49165398941609340 ) ) ;
#4995 = DIRECTION ( 'NONE',  ( -0.7071067811865477948, 0.7071067811865473507, 0.000000000000000000 ) ) ;
#4996 = CARTESIAN_POINT ( 'NONE',  ( 56.28046938734343740, 41.32967722536699995, -75.49174616341061039 ) ) ;
#4997 = ORIENTED_EDGE ( 'NONE', *, *, #514, .T. ) ;
#4998 = VECTOR ( 'NONE', #3701, 999.9999999999998863 ) ;
#4999 = FACE_OUTER_BOUND ( 'NONE', #5637, .T. ) ;
#5000 = CARTESIAN_POINT ( 'NONE',  ( -37.01833371031296593, 32.85235875223817459, -83.51928264751882125 ) ) ;
#5001 = CARTESIAN_POINT ( 'NONE',  ( 17.39999999999999858, 41.32982198470239865, -77.99277173434509791 ) ) ;
#5002 = CARTESIAN_POINT ( 'NONE',  ( -1.385786437626905787, -8.109536306747616052, -55.19165030598870203 ) ) ;
#5003 = CARTESIAN_POINT ( 'NONE',  ( 29.42056648854862644, 26.78189919597206625, -78.33761284639778921 ) ) ;
#5004 = CARTESIAN_POINT ( 'NONE',  ( 41.15475472930275203, 42.89394333031084017, -76.04085681726786561 ) ) ;
#5005 = ORIENTED_EDGE ( 'NONE', *, *, #4135, .F. ) ;
#5006 = ORIENTED_EDGE ( 'NONE', *, *, #4223, .F. ) ;
#5007 = CARTESIAN_POINT ( 'NONE',  ( -29.71727161748195556, 40.06249172064362796, -75.81167173583364161 ) ) ;
#5008 = ORIENTED_EDGE ( 'NONE', *, *, #4985, .T. ) ;
#5009 = DIRECTION ( 'NONE',  ( 0.000000000000000000, 1.000000000000000000, 0.000000000000000000 ) ) ;
#5010 = CARTESIAN_POINT ( 'NONE',  ( -2.220446049250309925E-15, 35.30482198470239297, -71.96777173434509223 ) ) ;
#5011 = ADVANCED_FACE ( 'NONE', ( #3229 ), #2874, .F. ) ;
#5012 = EDGE_CURVE ( 'NONE', #2322, #1205, #1950, .T. ) ;
#5013 = AXIS2_PLACEMENT_3D ( 'NONE', #5226, #3748, #276 ) ;
#5014 = EDGE_CURVE ( 'NONE', #2862, #1731, #3734, .T. ) ;
#5015 = LINE ( 'NONE', #5401, #5655 ) ;
#5016 = CARTESIAN_POINT ( 'NONE',  ( 29.44048482012072299, 43.64385490115221700, -77.04581944368779034 ) ) ;
#5017 = CARTESIAN_POINT ( 'NONE',  ( -41.25095943908419116, 79.69794814031584451, -79.11803861858257392 ) ) ;
#5018 = DIRECTION ( 'NONE',  ( -0.2588962926196890502, 0.000000000000000000, 0.9659051245685470466 ) ) ;
#5019 = DIRECTION ( 'NONE',  ( 1.000000000000000000, 2.220446049250309876E-16, -1.001483571081361987E-31 ) ) ;
#5020 = CARTESIAN_POINT ( 'NONE',  ( 41.36693619499806118, 38.98924953466239884, -77.11233734189589484 ) ) ;
#5021 = DIRECTION ( 'NONE',  ( 0.000000000000000000, -1.000000000000000000, 2.775557561562890365E-16 ) ) ;
#5022 = CARTESIAN_POINT ( 'NONE',  ( 56.13301516031555138, 39.32857647341863583, -76.48472954192686757 ) ) ;
#5023 = EDGE_LOOP ( 'NONE', ( #2945, #4615, #3559, #2170, #1144, #5649, #3, #3033, #3084, #2026 ) ) ;
#5024 = ORIENTED_EDGE ( 'NONE', *, *, #3936, .T. ) ;
#5025 = CARTESIAN_POINT ( 'NONE',  ( 38.23480291201508408, 33.00727669733230130, -83.03023389550826039 ) ) ;
#5026 = CARTESIAN_POINT ( 'NONE',  ( 56.49295688560511053, 29.27967853473190374, -75.49165398941609340 ) ) ;
#5027 = CARTESIAN_POINT ( 'NONE',  ( 37.52308535595580707, 16.80467116413909778, -59.99164897494249971 ) ) ;
#5028 = CARTESIAN_POINT ( 'NONE',  ( -39.28478258944544166, 37.50397635477059310, -73.16491766524895013 ) ) ;
#5029 = CARTESIAN_POINT ( 'NONE',  ( 29.42310725403164184, 26.90473307679491555, -77.19373221231057869 ) ) ;
#5030 = AXIS2_PLACEMENT_3D ( 'NONE', #2949, #4839, #3864 ) ;
#5031 = AXIS2_PLACEMENT_3D ( 'NONE', #4711, #4801, #5605 ) ;
#5032 = AXIS2_PLACEMENT_3D ( 'NONE', #1798, #3598, #1346 ) ;
#5033 = CARTESIAN_POINT ( 'NONE',  ( 17.39999999999999858, 41.39970958719539595, -78.01686403958160554 ) ) ;
#5034 = ORIENTED_EDGE ( 'NONE', *, *, #295, .T. ) ;
#5035 = ORIENTED_EDGE ( 'NONE', *, *, #133, .T. ) ;
#5036 = CARTESIAN_POINT ( 'NONE',  ( 44.00000000000000000, -10.69532274437450070, -62.49164817027969576 ) ) ;
#5037 = ORIENTED_EDGE ( 'NONE', *, *, #4145, .T. ) ;
#5038 = CARTESIAN_POINT ( 'NONE',  ( -41.04829144409657715, 40.28837126437400684, -75.71729811509320029 ) ) ;
#5039 = FACE_OUTER_BOUND ( 'NONE', #1723, .T. ) ;
#5040 = CARTESIAN_POINT ( 'NONE',  ( -14.44999999999999929, 16.80467853473189876, -62.49165398941600102 ) ) ;
#5041 = AXIS2_PLACEMENT_3D ( 'NONE', #191, #278, #2430 ) ;
#5042 = CARTESIAN_POINT ( 'NONE',  ( 29.76277083804830426, 42.29842625973395087, -75.68697835726487710 ) ) ;
#5043 = CARTESIAN_POINT ( 'NONE',  ( -40.35395893163661185, 81.53325978718588374, -81.15017985909135234 ) ) ;
#5044 = VERTEX_POINT ( 'NONE', #5091 ) ;
#5045 = CARTESIAN_POINT ( 'NONE',  ( -30.10173177300484326, 75.24024785034558249, -74.84726340584846582 ) ) ;
#5046 = CARTESIAN_POINT ( 'NONE',  ( -17.39999999999999858, 36.37470845847450818, -71.99186516830378935 ) ) ;
#5047 = CARTESIAN_POINT ( 'NONE',  ( -40.77395138489234228, 28.62632449064692963, -80.41034781301083001 ) ) ;
#5048 = B_SPLINE_CURVE_WITH_KNOTS ( 'NONE', 3,
 ( #2679, #2624, #3566, #2650, #3986, #2710, #3179, #3508, #388, #5336, #1289, #1795, #1730, #33, #879, #5397, #3092, #4862, #4041, #5788, #5820, #1317, #817, #4893, #5760, #4957, #498, #4452, #931, #3148, #2210, #847 ),
 .UNSPECIFIED., .F., .F.,
 ( 4, 2, 2, 2, 2, 2, 2, 2, 2, 2, 2, 2, 2, 2, 2, 4 ),
 ( 0.007910716086245928730, 0.008404828575062490287, 0.008898941063879053578, 0.009393053552695616870, 0.009887166041512178427, 0.01038127853032873998, 0.01087539101914530328, 0.01136950350796186657, 0.01186361599677842812, 0.01285184097441155124, 0.01334595346322813361, 0.01384006595204471599, 0.01433417844086130009, 0.01482829092967788247, 0.01532240341849446658, 0.01581651590731104895 ),
 .UNSPECIFIED. ) ;
#5049 = EDGE_CURVE ( 'NONE', #5567, #3888, #1018, .T. ) ;
#5050 = DIRECTION ( 'NONE',  ( 0.7071067811865471286, 0.7071067811865480168, 0.000000000000000000 ) ) ;
#5051 = CARTESIAN_POINT ( 'NONE',  ( 55.40132137936094381, 39.15896038185356076, -79.24202833377077582 ) ) ;
#5052 = EDGE_CURVE ( 'NONE', #602, #5089, #4071, .T. ) ;
#5053 = ORIENTED_EDGE ( 'NONE', *, *, #475, .T. ) ;
#5054 = CARTESIAN_POINT ( 'NONE',  ( -38.49445369433435360, 33.07685852205607091, -82.88211858546631561 ) ) ;
#5055 = EDGE_CURVE ( 'NONE', #4752, #190, #3530, .T. ) ;
#5056 = VERTEX_POINT ( 'NONE', #4412 ) ;
#5057 = CARTESIAN_POINT ( 'NONE',  ( -17.39999999999999858, 35.30467853473189876, -71.96665398941610192 ) ) ;
#5058 = DIRECTION ( 'NONE',  ( 1.000000000000000000, 0.000000000000000000, 0.000000000000000000 ) ) ;
#5059 = CARTESIAN_POINT ( 'NONE',  ( 39.59999999999999432, 8.374677255625490702, -77.74164817027980234 ) ) ;
#5060 = AXIS2_PLACEMENT_3D ( 'NONE', #3907, #1213, #3020 ) ;
#5061 = CARTESIAN_POINT ( 'NONE',  ( -17.39999999999999858, 35.30467853473189876, -84.01665398941599960 ) ) ;
#5062 = CARTESIAN_POINT ( 'NONE',  ( 29.79190609114671418, 27.63110270656029499, -79.87796617991455150 ) ) ;
#5063 = CARTESIAN_POINT ( 'NONE',  ( 41.03111640024390283, 42.25776724943709439, -75.67026179496326677 ) ) ;
#5064 = ORIENTED_EDGE ( 'NONE', *, *, #3976, .F. ) ;
#5065 = CARTESIAN_POINT ( 'NONE',  ( -17.39999999999999858, 35.37470845847450818, -71.99186516830378935 ) ) ;
#5066 = ORIENTED_EDGE ( 'NONE', *, *, #235, .T. ) ;
#5067 = FACE_OUTER_BOUND ( 'NONE', #1136, .T. ) ;
#5068 = CARTESIAN_POINT ( 'NONE',  ( 17.39999999999999858, 41.32982198470239865, -77.99277173434509791 ) ) ;
#5069 = CARTESIAN_POINT ( 'NONE',  ( 29.75772399257518686, 42.33050036196460297, -75.70066963837663820 ) ) ;
#5070 = EDGE_CURVE ( 'NONE', #708, #5149, #4754, .T. ) ;
#5071 = CARTESIAN_POINT ( 'NONE',  ( -38.75825312176210957, 72.68431203843084631, -72.76553795921425660 ) ) ;
#5072 = ORIENTED_EDGE ( 'NONE', *, *, #4613, .T. ) ;
#5073 = CARTESIAN_POINT ( 'NONE',  ( -33.08357882783646886, 83.28930951580598219, -83.28132566454922880 ) ) ;
#5074 = CYLINDRICAL_SURFACE ( 'NONE', #1064, 2.500000000000002220 ) ;
#5075 = CARTESIAN_POINT ( 'NONE',  ( -41.30455237705972849, 26.91480042594793076, -78.81840801899853943 ) ) ;
#5076 = CARTESIAN_POINT ( 'NONE',  ( 33.77228927287560367, 37.80467853473189876, -71.96665398942489844 ) ) ;
#5077 = FILL_AREA_STYLE ('',( #4552 ) ) ;
#5078 = AXIS2_PLACEMENT_3D ( 'NONE', #829, #3046, #3485 ) ;
#5079 = ORIENTED_EDGE ( 'NONE', *, *, #1681, .T. ) ;
#5080 = CARTESIAN_POINT ( 'NONE',  ( -39.49394742986143569, 33.66479228711327210, -82.12838029208624846 ) ) ;
#5081 = ORIENTED_EDGE ( 'NONE', *, *, #961, .T. ) ;
#5082 = PLANE ( 'NONE',  #4023 ) ;
#5083 = CARTESIAN_POINT ( 'NONE',  ( 51.68996346256379582, -14.59532146526809981, -88.38466463868090273 ) ) ;
#5084 = CARTESIAN_POINT ( 'NONE',  ( 38.91707504838935705, 72.82776745947033703, -72.87683607514165374 ) ) ;
#5085 = DIRECTION ( 'NONE',  ( -1.387778780781443703E-16, -1.387778780781441731E-16, -1.000000000000000000 ) ) ;
#5086 = CARTESIAN_POINT ( 'NONE',  ( 29.83103701041981637, 28.94767357564945343, -75.50829109075196754 ) ) ;
#5087 = CARTESIAN_POINT ( 'NONE',  ( 41.06905669548001470, 42.48887753784536869, -75.77062590200466730 ) ) ;
#5088 = AXIS2_PLACEMENT_3D ( 'NONE', #2906, #3379, #5601 ) ;
#5089 = VERTEX_POINT ( 'NONE', #901 ) ;
#5090 = CARTESIAN_POINT ( 'NONE',  ( 37.92540923104531458, 37.79568376712693123, -72.27923108394652729 ) ) ;
#5091 = CARTESIAN_POINT ( 'NONE',  ( 40.73267925106284792, 29.27967853473190019, -80.49165398941610761 ) ) ;
#5092 = ORIENTED_EDGE ( 'NONE', *, *, #4046, .F. ) ;
#5093 = CARTESIAN_POINT ( 'NONE',  ( 56.50497724946350075, -1.160322744374510107, -59.99164897494249971 ) ) ;
#5094 = DIRECTION ( 'NONE',  ( 0.000000000000000000, 1.000000000000000000, 0.000000000000000000 ) ) ;
#5095 = EDGE_CURVE ( 'NONE', #417, #2943, #2407, .T. ) ;
#5096 = VECTOR ( 'NONE', #4444, 1000.000000000000000 ) ;
#5097 = DIRECTION ( 'NONE',  ( 0.000000000000000000, 0.000000000000000000, -1.000000000000000000 ) ) ;
#5098 = CARTESIAN_POINT ( 'NONE',  ( -41.17964318102930577, 76.63439509989655107, -76.09669531643021401 ) ) ;
#5099 = ORIENTED_EDGE ( 'NONE', *, *, #2952, .F. ) ;
#5100 = VECTOR ( 'NONE', #1090, 1000.000000000000000 ) ;
#5101 = CARTESIAN_POINT ( 'NONE',  ( -31.40084806692682662, 82.43412597750052839, -82.21967639073386636 ) ) ;
#5102 = CARTESIAN_POINT ( 'NONE',  ( 34.84708937151027897, 32.81986005995470634, -83.74155917771882685 ) ) ;
#5103 = EDGE_CURVE ( 'NONE', #4436, #1941, #5298, .T. ) ;
#5104 = CARTESIAN_POINT ( 'NONE',  ( 29.40993298250459276, 38.90395217007829132, -77.36469094010166714 ) ) ;
#5105 = EDGE_CURVE ( 'NONE', #5089, #846, #2934, .T. ) ;
#5106 = CARTESIAN_POINT ( 'NONE',  ( 31.32764580135519239, 33.21221587987262325, -73.33504619172224182 ) ) ;
#5107 = DIRECTION ( 'NONE',  ( 1.000000000000000000, 0.000000000000000000, 0.000000000000000000 ) ) ;
#5108 = CARTESIAN_POINT ( 'NONE',  ( 55.17867148377798969, 43.68962171010011275, -78.83211377117254415 ) ) ;
#5109 = EDGE_LOOP ( 'NONE', ( #5678, #3180, #3093, #2118, #1979, #5278, #932, #4369, #204, #148 ) ) ;
#5110 = FACE_OUTER_BOUND ( 'NONE', #2678, .T. ) ;
#5111 = EDGE_LOOP ( 'NONE', ( #3081, #978, #2396, #3147 ) ) ;
#5112 = CARTESIAN_POINT ( 'NONE',  ( -14.44999999999999929, 41.32982198470239865, -77.99277173434509791 ) ) ;
#5113 = CARTESIAN_POINT ( 'NONE',  ( -37.50000000000000000, 16.80467725562549930, -77.74164817027980234 ) ) ;
#5114 = DIRECTION ( 'NONE',  ( 0.000000000000000000, 0.000000000000000000, 1.000000000000000000 ) ) ;
#5115 = CARTESIAN_POINT ( 'NONE',  ( -38.49987320184551010, 37.72203509263631815, -72.60444886678016019 ) ) ;
#5116 = CARTESIAN_POINT ( 'NONE',  ( -32.80404285542533671, 37.65070725830425147, -83.15266667879362217 ) ) ;
#5117 = ADVANCED_FACE ( 'NONE', ( #4141 ), #4088, .F. ) ;
#5118 = CARTESIAN_POINT ( 'NONE',  ( 41.39006395609666811, 43.75537127165910078, -77.36455478066073965 ) ) ;
#5119 = ORIENTED_EDGE ( 'NONE', *, *, #133, .F. ) ;
#5120 = CARTESIAN_POINT ( 'NONE',  ( -44.00000000000000000, 12.80467725562550108, -67.49164817027978813 ) ) ;
#5121 = DIRECTION ( 'NONE',  ( -1.000000000000000000, 2.220446049250309876E-16, -1.001483571081361987E-31 ) ) ;
#5122 = ORIENTED_EDGE ( 'NONE', *, *, #3495, .T. ) ;
#5123 = CARTESIAN_POINT ( 'NONE',  ( -40.94705639721764356, 39.87787808741673246, -80.02911316044469459 ) ) ;
#5124 = LINE ( 'NONE', #1010, #2215 ) ;
#5125 = AXIS2_PLACEMENT_3D ( 'NONE', #5574, #2769, #4241 ) ;
#5126 = CIRCLE ( 'NONE', #3708, 2.099999999999997868 ) ;
#5127 = FACE_OUTER_BOUND ( 'NONE', #2522, .T. ) ;
#5128 = CARTESIAN_POINT ( 'NONE',  ( 29.53604141695383944, 43.61209080913953784, -79.01192748364836405 ) ) ;
#5129 = CARTESIAN_POINT ( 'NONE',  ( 29.83784878072522062, 29.27967853473189663, -75.49165398941609340 ) ) ;
#5130 = ORIENTED_EDGE ( 'NONE', *, *, #2320, .F. ) ;
#5131 = EDGE_CURVE ( 'NONE', #4408, #5388, #1026, .T. ) ;
#5132 = CARTESIAN_POINT ( 'NONE',  ( -35.39999999999999858, 83.64814667400489157, -83.74164817027970287 ) ) ;
#5133 = CARTESIAN_POINT ( 'NONE',  ( 33.42622083487263041, 32.87995044289407787, -83.40733143486377799 ) ) ;
#5134 = AXIS2_PLACEMENT_3D ( 'NONE', #2999, #4769, #4798 ) ;
#5135 = CARTESIAN_POINT ( 'NONE',  ( 29.85057508710943708, 39.86997726242780260, -80.02768834015628840 ) ) ;
#5136 = CARTESIAN_POINT ( 'NONE',  ( -45.00014026170869386, 85.37477422276410266, -59.99164897494249971 ) ) ;
#5137 = CARTESIAN_POINT ( 'NONE',  ( 39.59999999999999432, 12.80467725562550108, -77.74164817027980234 ) ) ;
#5138 = DIRECTION ( 'NONE',  ( -1.000000000000000000, 0.000000000000000000, 0.000000000000000000 ) ) ;
#5139 = EDGE_LOOP ( 'NONE', ( #548, #2229 ) ) ;
#5140 =( BOUNDED_CURVE ( )  B_SPLINE_CURVE ( 3, ( #2290, #3501, #810, #383 ),
 .UNSPECIFIED., .F., .F. ) 
 B_SPLINE_CURVE_WITH_KNOTS ( ( 4, 4 ),
 ( 6.255182296209259363, 7.853981633974482790 ),
 .UNSPECIFIED. ) 
 CURVE ( )  GEOMETRIC_REPRESENTATION_ITEM ( )  RATIONAL_B_SPLINE_CURVE ( ( 1.000000000000000000, 0.7980914899728370759, 0.7980914899728370759, 1.000000000000000000 ) ) 
 REPRESENTATION_ITEM ( '' )  );
#5141 = LINE ( 'NONE', #1176, #1351 ) ;
#5142 = ORIENTED_EDGE ( 'NONE', *, *, #710, .F. ) ;
#5143 = DIRECTION ( 'NONE',  ( 1.000000000000000000, 0.000000000000000000, 0.000000000000000000 ) ) ;
#5144 = CARTESIAN_POINT ( 'NONE',  ( -29.81082664168997809, 41.98326015134299638, -75.55529032742202844 ) ) ;
#5145 = CARTESIAN_POINT ( 'NONE',  ( -45.79364934188361502, 76.18939824399936356, -75.68322768939300715 ) ) ;
#5146 = CARTESIAN_POINT ( 'NONE',  ( -38.49268881328978154, 32.88616744548286164, -72.60009926125823654 ) ) ;
#5147 = CARTESIAN_POINT ( 'NONE',  ( -33.62677929818405431, 32.86244986872002727, -83.47387726500210192 ) ) ;
#5148 = CARTESIAN_POINT ( 'NONE',  ( 40.82980066580909551, 42.30264466766296039, -80.29455415177240241 ) ) ;
#5149 = VERTEX_POINT ( 'NONE', #1392 ) ;
#5150 = CIRCLE ( 'NONE', #4029, 1.000000000000000888 ) ;
#5151 = CARTESIAN_POINT ( 'NONE',  ( 40.07685225787641770, 36.80311438618680597, -73.97971031024134447 ) ) ;
#5152 = CARTESIAN_POINT ( 'NONE',  ( -29.96518256484777254, 40.33100471390211794, -80.28390626762094939 ) ) ;
#5153 = ORIENTED_EDGE ( 'NONE', *, *, #2777, .T. ) ;
#5154 = CARTESIAN_POINT ( 'NONE',  ( 44.00000000000000000, -14.14532146526810052, -87.99164817027970287 ) ) ;
#5155 = CARTESIAN_POINT ( 'NONE',  ( 31.43671288543380982, 73.26702909409392817, -73.22099029682188132 ) ) ;
#5156 = EDGE_CURVE ( 'NONE', #2512, #132, #4196, .T. ) ;
#5157 = VECTOR ( 'NONE', #479, 1000.000000000000000 ) ;
#5158 = CARTESIAN_POINT ( 'NONE',  ( -59.30028153510239974, -14.59532146526809981, -59.99165386405420008 ) ) ;
#5159 = CARTESIAN_POINT ( 'NONE',  ( 40.85743942582227817, 28.16611628720790605, -80.23587569251898799 ) ) ;
#5160 = ORIENTED_EDGE ( 'NONE', *, *, #5440, .T. ) ;
#5161 = DIRECTION ( 'NONE',  ( -1.000000000000000000, 2.220446049250309876E-16, -1.001483571081361987E-31 ) ) ;
#5162 = VERTEX_POINT ( 'NONE', #5558 ) ;
#5163 = CARTESIAN_POINT ( 'NONE',  ( -34.44029963820889861, 71.40310192056243466, -71.80065248510769038 ) ) ;
#5164 = CARTESIAN_POINT ( 'NONE',  ( -56.98042707524516004, 37.19912404255225624, -73.59871403757111352 ) ) ;
#5165 = CARTESIAN_POINT ( 'NONE',  ( -40.99053829401794502, 28.61725661121938913, -75.55903647031729520 ) ) ;
#5166 = LINE ( 'NONE', #1202, #3188 ) ;
#5167 = DIRECTION ( 'NONE',  ( 0.000000000000000000, -0.9309532560805584556, 0.3651383778692761650 ) ) ;
#5168 = CARTESIAN_POINT ( 'NONE',  ( 54.83431267995991476, 36.17627169523193231, -81.66766879314558025 ) ) ;
#5169 = ORIENTED_EDGE ( 'NONE', *, *, #4180, .T. ) ;
#5170 = CARTESIAN_POINT ( 'NONE',  ( 17.89999999999999858, 66.42967860286330506, -92.99165398941609340 ) ) ;
#5171 = ORIENTED_EDGE ( 'NONE', *, *, #346, .T. ) ;
#5172 = CARTESIAN_POINT ( 'NONE',  ( 39.64071617880541254, 36.76341557989483988, -81.98625659558078382 ) ) ;
#5173 = CARTESIAN_POINT ( 'NONE',  ( -29.66973058744557434, 43.31075737124859870, -79.52578461103809104 ) ) ;
#5174 = DIRECTION ( 'NONE',  ( 0.7071067811865471286, 0.7071067811865480168, 0.000000000000000000 ) ) ;
#5175 = CARTESIAN_POINT ( 'NONE',  ( -39.56866624303346214, 37.33677556742542691, -73.42539771312699770 ) ) ;
#5176 = CARTESIAN_POINT ( 'NONE',  ( -31.19975548495484219, 36.81745797844209278, -82.02626904996476753 ) ) ;
#5177 = AXIS2_PLACEMENT_3D ( 'NONE', #2385, #1547, #1485 ) ;
#5178 = EDGE_CURVE ( 'NONE', #4915, #5521, #541, .T. ) ;
#5179 = CARTESIAN_POINT ( 'NONE',  ( 41.34366730394676637, 43.58964725226251602, -76.92222629102208487 ) ) ;
#5180 = VERTEX_POINT ( 'NONE', #3196 ) ;
#5181 = CARTESIAN_POINT ( 'NONE',  ( 39.55999056860859042, 37.34287546127389845, -73.41681957988596707 ) ) ;
#5182 = CARTESIAN_POINT ( 'NONE',  ( -55.38622306384669258, 39.16548540498552455, -79.29778465504125506 ) ) ;
#5183 = ORIENTED_EDGE ( 'NONE', *, *, #4137, .T. ) ;
#5184 = PLANE ( 'NONE',  #1606 ) ;
#5185 = CARTESIAN_POINT ( 'NONE',  ( -32.37685516456301826, 32.87553468263976697, -72.55865810892963452 ) ) ;
#5186 = CARTESIAN_POINT ( 'NONE',  ( -49.00000000000000000, -10.69532274437450070, -71.99164837144540741 ) ) ;
#5187 = VERTEX_POINT ( 'NONE', #5467 ) ;
#5188 = EDGE_CURVE ( 'NONE', #4059, #2780, #2373, .T. ) ;
#5189 = FACE_OUTER_BOUND ( 'NONE', #2910, .T. ) ;
#5190 = ORIENTED_EDGE ( 'NONE', *, *, #1866, .F. ) ;
#5191 = CARTESIAN_POINT ( 'NONE',  ( -14.44999999999999929, 35.37471071591760108, -84.04186516830250753 ) ) ;
#5192 = CARTESIAN_POINT ( 'NONE',  ( -14.44999999999999929, 66.42967853473180639, -92.99165398941609340 ) ) ;
#5193 = CARTESIAN_POINT ( 'NONE',  ( -44.00000000000000000, 12.80467725562550108, -67.49164817027978813 ) ) ;
#5194 = AXIS2_PLACEMENT_3D ( 'NONE', #1448, #1956, #3251 ) ;
#5195 = DIRECTION ( 'NONE',  ( 0.000000000000000000, 1.000000000000000000, 0.000000000000000000 ) ) ;
#5196 = CARTESIAN_POINT ( 'NONE',  ( -30.06732074893714923, 29.27967853473190019, -80.49165398941610761 ) ) ;
#5197 = EDGE_CURVE ( 'NONE', #538, #1102, #3900, .T. ) ;
#5198 = CARTESIAN_POINT ( 'NONE',  ( -2.220446049250309925E-15, 29.34970958719670264, -78.01686629702470555 ) ) ;
#5199 = ORIENTED_EDGE ( 'NONE', *, *, #5070, .T. ) ;
#5200 = CARTESIAN_POINT ( 'NONE',  ( -37.75111874029263248, 37.68890568745937486, -83.26345543466274535 ) ) ;
#5201 = EDGE_LOOP ( 'NONE', ( #878, #2162, #4432, #4853 ) ) ;
#5202 = LINE ( 'NONE', #1147, #1662 ) ;
#5203 = CARTESIAN_POINT ( 'NONE',  ( -41.37943351145135296, 31.77745787349173412, -78.33761284639778921 ) ) ;
#5204 = CARTESIAN_POINT ( 'NONE',  ( 40.91084445294074357, 80.64572249866908749, -80.14446566017916496 ) ) ;
#5205 = CARTESIAN_POINT ( 'NONE',  ( -39.64684635085155406, 37.27698794286015271, -73.50320332023595427 ) ) ;
#5206 = CARTESIAN_POINT ( 'NONE',  ( -31.18197389165117883, 33.81524213305000615, -82.00876289224743232 ) ) ;
#5207 = EDGE_LOOP ( 'NONE', ( #3276, #499, #1162, #1419 ) ) ;
#5208 = CYLINDRICAL_SURFACE ( 'NONE', #2232, 4.999999999999997335 ) ;
#5209 = CARTESIAN_POINT ( 'NONE',  ( -55.49309054653915041, 39.01028519507244852, -78.92461449061055134 ) ) ;
#5210 = EDGE_LOOP ( 'NONE', ( #5337, #3353, #277, #1197 ) ) ;
#5211 = DIRECTION ( 'NONE',  ( 0.000000000000000000, 1.000000000000000000, -2.775557561562890365E-16 ) ) ;
#5212 = CARTESIAN_POINT ( 'NONE',  ( 33.12600329702667779, 71.90715972617987006, -72.17334300041898132 ) ) ;
#5213 = DIRECTION ( 'NONE',  ( -4.332577657073780046E-16, -2.775557561562890365E-16, -1.000000000000000000 ) ) ;
#5214 = EDGE_LOOP ( 'NONE', ( #2615, #2035, #2761, #78 ) ) ;
#5215 = CARTESIAN_POINT ( 'NONE',  ( -17.39999999999999858, 29.27967853473189308, -75.49165398941609340 ) ) ;
#5216 = VERTEX_POINT ( 'NONE', #971 ) ;
#5217 = AXIS2_PLACEMENT_3D ( 'NONE', #5750, #4917, #4855 ) ;
#5218 = DIRECTION ( 'NONE',  ( 0.000000000000000000, 1.000000000000000000, 0.000000000000000000 ) ) ;
#5219 = PLANE ( 'NONE',  #2304 ) ;
#5220 = AXIS2_PLACEMENT_3D ( 'NONE', #850, #1853, #4100 ) ;
#5221 = CARTESIAN_POINT ( 'NONE',  ( 32.86390745034247374, 32.82458403015868242, -72.29434626478301595 ) ) ;
#5222 = DIRECTION ( 'NONE',  ( 0.000000000000000000, 1.000000000000000000, 0.000000000000000000 ) ) ;
#5223 = CARTESIAN_POINT ( 'NONE',  ( -53.53907966857590139, 35.37467691289869975, -86.51567384268929572 ) ) ;
#5224 = AXIS2_PLACEMENT_3D ( 'NONE', #1225, #3593, #5818 ) ;
#5225 = AXIS2_PLACEMENT_3D ( 'NONE', #5113, #4313, #5590 ) ;
#5226 = CARTESIAN_POINT ( 'NONE',  ( -17.39999999999999858, 35.30467853473189876, -84.01665398941599960 ) ) ;
#5227 = ORIENTED_EDGE ( 'NONE', *, *, #4363, .T. ) ;
#5228 = EDGE_CURVE ( 'NONE', #297, #512, #1743, .T. ) ;
#5229 = LINE ( 'NONE', #4664, #2221 ) ;
#5230 = CIRCLE ( 'NONE', #2501, 1.000000000000000888 ) ;
#5231 = ORIENTED_EDGE ( 'NONE', *, *, #4966, .F. ) ;
#5232 = EDGE_CURVE ( 'NONE', #116, #2018, #2168, .T. ) ;
#5233 = CARTESIAN_POINT ( 'NONE',  ( 39.61746173208941713, 36.79487705763462913, -82.00932512980470790 ) ) ;
#5234 = CARTESIAN_POINT ( 'NONE',  ( -41.14511773379292947, 30.81094275060504017, -76.00881774568172489 ) ) ;
#5235 = CARTESIAN_POINT ( 'NONE',  ( 37.93477299682888315, 83.21313715889493778, -83.18470503692739726 ) ) ;
#5236 = CARTESIAN_POINT ( 'NONE',  ( -39.81272054133836491, 37.13044577029973681, -73.67588625450822803 ) ) ;
#5237 = CARTESIAN_POINT ( 'NONE',  ( -33.49584938397143219, 32.87236966635245494, -83.43241413070859380 ) ) ;
#5238 = ADVANCED_FACE ( 'NONE', ( #3695, #1474 ), #3278, .T. ) ;
#5239 = ORIENTED_EDGE ( 'NONE', *, *, #4275, .T. ) ;
#5240 = CARTESIAN_POINT ( 'NONE',  ( 37.07839866075269697, 32.80467849977662098, -71.98281485950019487 ) ) ;
#5241 = CARTESIAN_POINT ( 'NONE',  ( -55.50923846125869687, 38.98831689548472212, -78.86826824952959214 ) ) ;
#5242 = ORIENTED_EDGE ( 'NONE', *, *, #3041, .T. ) ;
#5243 = FACE_OUTER_BOUND ( 'NONE', #1482, .T. ) ;
#5244 = CARTESIAN_POINT ( 'NONE',  ( -31.35315573017064850, 33.19694447233916179, -73.31185023564999881 ) ) ;
#5245 = CARTESIAN_POINT ( 'NONE',  ( 29.41286630877446484, 38.83075033347460447, -78.16358956670319458 ) ) ;
#5246 = AXIS2_PLACEMENT_3D ( 'NONE', #2806, #1391, #1446 ) ;
#5247 = CYLINDRICAL_SURFACE ( 'NONE', #143, 2.500000000000002220 ) ;
#5248 = ORIENTED_EDGE ( 'NONE', *, *, #1365, .T. ) ;
#5249 = CARTESIAN_POINT ( 'NONE',  ( 53.41587775521273329, 64.77368150760466392, -67.56952496927138441 ) ) ;
#5250 = VERTEX_POINT ( 'NONE', #5083 ) ;
#5251 = DIRECTION ( 'NONE',  ( -1.519290839321570161E-64, -1.000000000000000000, 1.039540976564489922E-112 ) ) ;
#5252 = AXIS2_PLACEMENT_3D ( 'NONE', #5291, #4847, #1382 ) ;
#5253 = DIRECTION ( 'NONE',  ( 4.778234038617010480E-15, -1.776356839400250070E-15, -1.000000000000000000 ) ) ;
#5254 = EDGE_CURVE ( 'NONE', #746, #2256, #202, .T. ) ;
#5255 = DIRECTION ( 'NONE',  ( -2.220446049250309876E-16, 0.000000000000000000, -1.000000000000000000 ) ) ;
#5256 = DIRECTION ( 'NONE',  ( -1.000000000000000000, 9.860761315262649757E-32, 4.332577657073780046E-16 ) ) ;
#5257 = ORIENTED_EDGE ( 'NONE', *, *, #2245, .T. ) ;
#5258 = CARTESIAN_POINT ( 'NONE',  ( 40.77404447370072660, 40.69324726206848197, -80.41076804648965037 ) ) ;
#5259 = VERTEX_POINT ( 'NONE', #4341 ) ;
#5260 = DIRECTION ( 'NONE',  ( 0.7071067811865471286, -0.7071067811865480168, 0.000000000000000000 ) ) ;
#5261 = AXIS2_PLACEMENT_3D ( 'NONE', #792, #2948, #3362 ) ;
#5262 = EDGE_CURVE ( 'NONE', #1777, #3204, #1623, .T. ) ;
#5263 = CARTESIAN_POINT ( 'NONE',  ( 17.89999999999999858, 35.37470958719599423, -78.01686516830319817 ) ) ;
#5264 = DIRECTION ( 'NONE',  ( 0.000000000000000000, 2.775557561562890365E-16, 1.000000000000000000 ) ) ;
#5265 = CARTESIAN_POINT ( 'NONE',  ( 49.00000000000000000, -10.69532274437450070, -87.99164817027970287 ) ) ;
#5266 = CARTESIAN_POINT ( 'NONE',  ( -32.27767422409287690, 33.08554332936255804, -82.86523110484968413 ) ) ;
#5267 = ORIENTED_EDGE ( 'NONE', *, *, #3274, .F. ) ;
#5268 = CARTESIAN_POINT ( 'NONE',  ( -2.220446049250309925E-15, 35.37470845847450818, -71.99186516830378935 ) ) ;
#5269 = CARTESIAN_POINT ( 'NONE',  ( -55.61197343803037541, 38.88071451295738257, -78.50311571518092535 ) ) ;
#5270 = VERTEX_POINT ( 'NONE', #2458 ) ;
#5271 = DIRECTION ( 'NONE',  ( 0.000000000000000000, 2.775557561562890365E-16, 1.000000000000000000 ) ) ;
#5272 = CARTESIAN_POINT ( 'NONE',  ( 32.03782104473040704, 72.67566623612907506, -72.75769943116885941 ) ) ;
#5273 = CARTESIAN_POINT ( 'NONE',  ( 29.97178678236875626, 40.36469904932228303, -80.29791594702066959 ) ) ;
#5274 = VECTOR ( 'NONE', #4395, 1000.000000000000227 ) ;
#5275 = DIRECTION ( 'NONE',  ( -2.220446049250309876E-16, 1.000000000000000000, 0.000000000000000000 ) ) ;
#5276 = ORIENTED_EDGE ( 'NONE', *, *, #5049, .F. ) ;
#5277 = DIRECTION ( 'NONE',  ( 0.000000000000000000, -0.4472135954999579277, -0.8944271909999158554 ) ) ;
#5278 = ORIENTED_EDGE ( 'NONE', *, *, #5756, .F. ) ;
#5279 = CARTESIAN_POINT ( 'NONE',  ( 54.20869002012980076, 32.80467853473189166, -84.01665398941599960 ) ) ;
#5280 = EDGE_CURVE ( 'NONE', #1719, #5250, #2514, .T. ) ;
#5281 = CARTESIAN_POINT ( 'NONE',  ( -17.89999999999999858, 51.05467867099489609, -76.49165298107079991 ) ) ;
#5282 = AXIS2_PLACEMENT_3D ( 'NONE', #5448, #144, #1034 ) ;
#5283 = CARTESIAN_POINT ( 'NONE',  ( 32.06454884453889775, 37.68463229838364725, -72.74428369116948545 ) ) ;
#5284 = DIRECTION ( 'NONE',  ( -1.000000000000000000, -2.220446049250309876E-16, 6.317050217590119366E-32 ) ) ;
#5285 = CARTESIAN_POINT ( 'NONE',  ( -54.20869002012980076, 32.80467853473189166, -84.01665398941599960 ) ) ;
#5286 = CARTESIAN_POINT ( 'NONE',  ( -54.24064107837023130, 37.79248237422883960, -83.76229890104013975 ) ) ;
#5287 = EDGE_LOOP ( 'NONE', ( #5740, #1035, #2607, #2694 ) ) ;
#5288 = DIRECTION ( 'NONE',  ( -1.000000000000000000, 0.000000000000000000, 0.000000000000000000 ) ) ;
#5289 = CARTESIAN_POINT ( 'NONE',  ( 40.94946608375698816, 42.78950686651711521, -80.02759538947165652 ) ) ;
#5290 = ORIENTED_EDGE ( 'NONE', *, *, #5487, .F. ) ;
#5291 = CARTESIAN_POINT ( 'NONE',  ( -17.39999999999999858, 29.27967853473190019, -77.99165398941609340 ) ) ;
#5292 = CARTESIAN_POINT ( 'NONE',  ( 33.89898289177337887, 37.76115279471112274, -83.55051727825670582 ) ) ;
#5293 = CARTESIAN_POINT ( 'NONE',  ( -48.12874179337475766, 73.21354068730379083, -73.18007185689718597 ) ) ;
#5294 = CARTESIAN_POINT ( 'NONE',  ( -46.39999999999999858, 41.32967853473189734, -75.49165398941609340 ) ) ;
#5295 = VERTEX_POINT ( 'NONE', #3809 ) ;
#5296 = ORIENTED_EDGE ( 'NONE', *, *, #3098, .F. ) ;
#5297 = CARTESIAN_POINT ( 'NONE',  ( 56.26733389965900756, 41.49590682152126675, -75.49598287307674127 ) ) ;
#5298 = LINE ( 'NONE', #4884, #1915 ) ;
#5299 = CARTESIAN_POINT ( 'NONE',  ( -36.84897861488722981, 37.80467853473190587, -71.91627745791535631 ) ) ;
#5300 = CARTESIAN_POINT ( 'NONE',  ( -32.30981232690501770, 37.72356595866270368, -72.59861690148923685 ) ) ;
#5301 = CARTESIAN_POINT ( 'NONE',  ( 29.80522248916556194, 39.71853947572530075, -79.91510098390911310 ) ) ;
#5302 = ADVANCED_FACE ( 'NONE', ( #2037 ), #4250, .F. ) ;
#5303 = CARTESIAN_POINT ( 'NONE',  ( 41.23577485033894163, 27.39383346211379333, -76.34238756753126154 ) ) ;
#5304 = ORIENTED_EDGE ( 'NONE', *, *, #4956, .T. ) ;
#5305 = CARTESIAN_POINT ( 'NONE',  ( -54.20869002012980076, 32.80467853473189166, -84.01665398941599960 ) ) ;
#5306 = ORIENTED_EDGE ( 'NONE', *, *, #3260, .F. ) ;
#5307 = DIRECTION ( 'NONE',  ( 0.000000000000000000, 0.8186397984886658596, 0.5743073047858928692 ) ) ;
#5308 = DIRECTION ( 'NONE',  ( 0.000000000000000000, -1.000000000000000000, 2.775557561562890365E-16 ) ) ;
#5309 = EDGE_CURVE ( 'NONE', #538, #3967, #1085, .T. ) ;
#5310 = CARTESIAN_POINT ( 'NONE',  ( -57.71248737301785070, 37.53545826977968147, -70.83730413453844221 ) ) ;
#5311 = ADVANCED_FACE ( 'NONE', ( #5110 ), #3335, .F. ) ;
#5312 = DIRECTION ( 'NONE',  ( 0.000000000000000000, -2.252887631138710800E-16, -1.000000000000000000 ) ) ;
#5313 = FACE_OUTER_BOUND ( 'NONE', #4192, .T. ) ;
#5314 = CARTESIAN_POINT ( 'NONE',  ( -54.21565145733289626, 37.79965772693832804, -83.85526952871262552 ) ) ;
#5315 = ORIENTED_EDGE ( 'NONE', *, *, #564, .T. ) ;
#5316 = CIRCLE ( 'NONE', #2768, 1.000000000000000888 ) ;
#5317 = CYLINDRICAL_SURFACE ( 'NONE', #5078, 2.500000000000002220 ) ;
#5318 = VECTOR ( 'NONE', #4362, 1000.000000000000000 ) ;
#5319 = CARTESIAN_POINT ( 'NONE',  ( 41.14836317121856979, 43.35731820409754533, -79.46297544891260145 ) ) ;
#5320 = ORIENTED_EDGE ( 'NONE', *, *, #3343, .F. ) ;
#5321 = CARTESIAN_POINT ( 'NONE',  ( 44.00000000000000000, 12.80467725562550108, -62.49164817027980234 ) ) ;
#5322 = CARTESIAN_POINT ( 'NONE',  ( 30.73642609386006086, 35.59316308442256371, -81.51665398941599960 ) ) ;
#5323 = DIRECTION ( 'NONE',  ( 1.387778780781443703E-16, -1.387778780781441731E-16, -1.000000000000000000 ) ) ;
#5324 = CARTESIAN_POINT ( 'NONE',  ( 46.39999999999999858, 37.80467853473189876, -71.96665398941610192 ) ) ;
#5325 = EDGE_LOOP ( 'NONE', ( #4028, #173, #3528, #76 ) ) ;
#5326 = VECTOR ( 'NONE', #1510, 1000.000000000000000 ) ;
#5327 = ORIENTED_EDGE ( 'NONE', *, *, #5055, .F. ) ;
#5328 = EDGE_CURVE ( 'NONE', #3930, #1344, #5141, .T. ) ;
#5329 = CARTESIAN_POINT ( 'NONE',  ( 29.79131793903302849, 30.92995980377041221, -79.87637538071066956 ) ) ;
#5330 = CARTESIAN_POINT ( 'NONE',  ( -56.29236592638349634, 41.12837515398969401, -75.49944262720191546 ) ) ;
#5331 = ORIENTED_EDGE ( 'NONE', *, *, #3698, .T. ) ;
#5332 = CARTESIAN_POINT ( 'NONE',  ( -31.12779946016498300, 37.25678054847939791, -73.52875143154088278 ) ) ;
#5333 = FACE_OUTER_BOUND ( 'NONE', #2133, .T. ) ;
#5334 = CARTESIAN_POINT ( 'NONE',  ( -2.220446049250309925E-15, 34.37471071591760108, -84.04186516830250753 ) ) ;
#5335 = VERTEX_POINT ( 'NONE', #2067 ) ;
#5336 = CARTESIAN_POINT ( 'NONE',  ( 41.23649052969778950, 31.16815582633298476, -76.34530062534284411 ) ) ;
#5337 = ORIENTED_EDGE ( 'NONE', *, *, #2236, .F. ) ;
#5338 = DIRECTION ( 'NONE',  ( 0.000000000000000000, -1.000000000000000000, 0.000000000000000000 ) ) ;
#5339 = CARTESIAN_POINT ( 'NONE',  ( -53.71362739644178674, 37.05815932044368566, -85.79880855008883600 ) ) ;
#5340 = EDGE_CURVE ( 'NONE', #4311, #1890, #5807, .T. ) ;
#5341 = CARTESIAN_POINT ( 'NONE',  ( -58.10708814047880111, 35.37467691289879923, -69.46763413614279159 ) ) ;
#5342 = CARTESIAN_POINT ( 'NONE',  ( 46.39999999999999858, 41.32967853473189734, -77.99165398941609340 ) ) ;
#5343 = CARTESIAN_POINT ( 'NONE',  ( -40.89165828146928305, 42.57918922124256511, -80.15896047807351010 ) ) ;
#5344 = VECTOR ( 'NONE', #3042, 1000.000000000000000 ) ;
#5345 = B_SPLINE_CURVE_WITH_KNOTS ( 'NONE', 3,
 ( #610, #3656, #4622, #582 ),
 .UNSPECIFIED., .F., .F.,
 ( 4, 4 ),
 ( 0.000000000000000000, 0.1267695345337164214 ),
 .UNSPECIFIED. ) ;
#5346 = CARTESIAN_POINT ( 'NONE',  ( -54.42747913374807212, 37.62430250692080591, -83.08426723880327813 ) ) ;
#5347 = FACE_OUTER_BOUND ( 'NONE', #3869, .T. ) ;
#5348 = CARTESIAN_POINT ( 'NONE',  ( -29.41053714438359279, 26.85754550751985548, -77.35086255282811862 ) ) ;
#5349 = EDGE_LOOP ( 'NONE', ( #1008, #1543, #1910, #2789 ) ) ;
#5350 = CARTESIAN_POINT ( 'NONE',  ( 30.73633828876914720, 35.01619398504121250, -81.51665398941602803 ) ) ;
#5351 = CARTESIAN_POINT ( 'NONE',  ( 55.00359250492299878, 40.68127513925870176, -80.41105275008888498 ) ) ;
#5352 = EDGE_CURVE ( 'NONE', #3677, #4945, #2953, .T. ) ;
#5353 = DIRECTION ( 'NONE',  ( 0.000000000000000000, 1.000000000000000000, 0.000000000000000000 ) ) ;
#5354 = ORIENTED_EDGE ( 'NONE', *, *, #3641, .F. ) ;
#5355 = ORIENTED_EDGE ( 'NONE', *, *, #135, .T. ) ;
#5356 = CARTESIAN_POINT ( 'NONE',  ( 29.67011376837570324, 31.27017274145151760, -79.53772797599835087 ) ) ;
#5357 = CARTESIAN_POINT ( 'NONE',  ( -55.92527581370460155, 43.13279628408757560, -76.25995838015883521 ) ) ;
#5358 = ORIENTED_EDGE ( 'NONE', *, *, #4719, .F. ) ;
#5359 = DIRECTION ( 'NONE',  ( -1.000000000000000000, -9.860761315262649757E-32, -4.332577657073780046E-16 ) ) ;
#5360 = CARTESIAN_POINT ( 'NONE',  ( -30.50170019227949680, 36.26341770760835459, -74.27647975998426944 ) ) ;
#5361 = EDGE_CURVE ( 'NONE', #1688, #1641, #219, .T. ) ;
#5362 = CARTESIAN_POINT ( 'NONE',  ( -39.32682677745353317, 33.50422820794008061, -82.27930063547833583 ) ) ;
#5363 = EDGE_CURVE ( 'NONE', #496, #5335, #5229, .T. ) ;
#5364 = DIRECTION ( 'NONE',  ( 0.000000000000000000, 1.000000000000000000, 0.000000000000000000 ) ) ;
#5365 = VERTEX_POINT ( 'NONE', #5648 ) ;
#5366 = DIRECTION ( 'NONE',  ( 0.000000000000000000, -1.000000000000000000, 2.775557561562890365E-16 ) ) ;
#5367 = ORIENTED_EDGE ( 'NONE', *, *, #5014, .F. ) ;
#5368 = AXIS2_PLACEMENT_3D ( 'NONE', #4987, #912, #5454 ) ;
#5369 = DIRECTION ( 'NONE',  ( 1.519290839321570161E-64, 1.000000000000000000, 0.000000000000000000 ) ) ;
#5370 = CARTESIAN_POINT ( 'NONE',  ( -53.53907966857590139, 35.37467691289869975, -86.51567384268929572 ) ) ;
#5371 = EDGE_CURVE ( 'NONE', #1427, #378, #2487, .T. ) ;
#5372 = CARTESIAN_POINT ( 'NONE',  ( -57.74417915744677998, 37.47589235391505724, -70.72445117367452383 ) ) ;
#5373 = EDGE_CURVE ( 'NONE', #3273, #3822, #4051, .T. ) ;
#5374 = DIRECTION ( 'NONE',  ( -1.387778780781443703E-16, 1.387778780781443703E-16, 1.000000000000000000 ) ) ;
#5375 = CARTESIAN_POINT ( 'NONE',  ( -40.98770333740238669, 41.90011382574942189, -75.55581447040228227 ) ) ;
#5376 = CARTESIAN_POINT ( 'NONE',  ( -54.53444301093063729, 37.43350755199760727, -82.70345981175800887 ) ) ;
#5377 = CARTESIAN_POINT ( 'NONE',  ( 41.40112317518578067, 38.82870111254823087, -77.85050042902092571 ) ) ;
#5378 = EDGE_CURVE ( 'NONE', #4322, #2456, #4157, .T. ) ;
#5379 = VECTOR ( 'NONE', #2966, 1000.000000000000000 ) ;
#5380 = CARTESIAN_POINT ( 'NONE',  ( 49.00000000000000000, 12.80467725562550108, -87.99164817027980234 ) ) ;
#5381 = VERTEX_POINT ( 'NONE', #1590 ) ;
#5382 = CARTESIAN_POINT ( 'NONE',  ( 31.33150392457456590, 36.97080972181542080, -82.15205716712384287 ) ) ;
#5383 = LINE ( 'NONE', #3939, #1137 ) ;
#5384 = ORIENTED_EDGE ( 'NONE', *, *, #5228, .F. ) ;
#5385 = AXIS2_PLACEMENT_3D ( 'NONE', #809, #4886, #2145 ) ;
#5386 = CARTESIAN_POINT ( 'NONE',  ( 55.88277570480109091, 43.24627014974895189, -76.37845818407966192 ) ) ;
#5387 = CARTESIAN_POINT ( 'NONE',  ( -55.78813889704816376, 43.44535003228766357, -76.65721040219575855 ) ) ;
#5388 = VERTEX_POINT ( 'NONE', #1654 ) ;
#5389 = DIRECTION ( 'NONE',  ( 0.000000000000000000, 1.000000000000000000, 0.000000000000000000 ) ) ;
#5390 = CARTESIAN_POINT ( 'NONE',  ( -30.46735611263554944, 36.13184216161305073, -74.32563309661124151 ) ) ;
#5391 = DIRECTION ( 'NONE',  ( -1.000000000000000000, 0.000000000000000000, 0.000000000000000000 ) ) ;
#5392 = B_SPLINE_CURVE_WITH_KNOTS ( 'NONE', 3,
 ( #5341, #5733, #1769, #2216, #4837, #4867, #364, #4334, #791, #3097, #2599, #2154, #1321, #3958, #4455, #3990, #5372, #5310, #4017, #419, #1262, #3570, #303, #1738, #2539, #3544, #2094, #3893, #1647, #5700 ),
 .UNSPECIFIED., .F., .F.,
 ( 4, 2, 2, 2, 1, 1, 2, 2, 2, 2, 1, 1, 1, 1, 2, 2, 2, 4 ),
 ( 0.000000000000000000, 0.2500000000002621237, 0.3750000000003949618, 0.4375000000004646283, 0.4687500000004998779, 0.4843750000005213052, 0.4921875000005370704, 0.5000000000005528911, 0.6250000000008039125, 0.6875000000009264811, 0.7187500000009829915, 0.7343750000010064172, 0.7421875000010227375, 0.7460937500010260681, 0.7480468750010236256, 0.7500000000010210721, 0.8750000000005104805, 1.000000000000000000 ),
 .UNSPECIFIED. ) ;
#5393 = CARTESIAN_POINT ( 'NONE',  ( -38.50310982838794160, 33.07953135805391298, -82.87689117422415563 ) ) ;
#5394 = ADVANCED_FACE ( 'NONE', ( #1712 ), #1269, .F. ) ;
#5395 = FACE_OUTER_BOUND ( 'NONE', #5287, .T. ) ;
#5396 = ORIENTED_EDGE ( 'NONE', *, *, #1471, .F. ) ;
#5397 = CARTESIAN_POINT ( 'NONE',  ( 41.40183284265724950, 31.76510842585483019, -77.67545733695355636 ) ) ;
#5398 = ORIENTED_EDGE ( 'NONE', *, *, #4030, .F. ) ;
#5399 = CYLINDRICAL_SURFACE ( 'NONE', #4820, 2.500000000000002220 ) ;
#5400 = CARTESIAN_POINT ( 'NONE',  ( -53.92686382016573532, 37.62311478156503597, -84.95200506802943607 ) ) ;
#5401 = CARTESIAN_POINT ( 'NONE',  ( 60.64617071191170083, 35.37467691289879923, -59.99164897494249971 ) ) ;
#5402 = CARTESIAN_POINT ( 'NONE',  ( 29.59540356251885740, 43.48668485058929178, -79.25808642734615717 ) ) ;
#5403 = CARTESIAN_POINT ( 'NONE',  ( -41.01401282864323150, 42.13756830079979210, -75.62421366031837522 ) ) ;
#5404 = CARTESIAN_POINT ( 'NONE',  ( 29.78385195553875420, 40.50843031335946165, -75.62969619855655878 ) ) ;
#5405 = PLANE ( 'NONE',  #1588 ) ;
#5406 = CARTESIAN_POINT ( 'NONE',  ( -35.39999999999999858, 16.80467725562549930, -77.74164817027970287 ) ) ;
#5407 = ORIENTED_EDGE ( 'NONE', *, *, #2099, .F. ) ;
#5408 = CARTESIAN_POINT ( 'NONE',  ( -56.96807086173619439, 37.15475522138710573, -73.64827291731512560 ) ) ;
#5409 = DIRECTION ( 'NONE',  ( -1.000000000000000000, 0.000000000000000000, 0.000000000000000000 ) ) ;
#5410 = ORIENTED_EDGE ( 'NONE', *, *, #685, .T. ) ;
#5411 = ADVANCED_FACE ( 'NONE', ( #396 ), #3964, .T. ) ;
#5412 = VECTOR ( 'NONE', #5308, 1000.000000000000000 ) ;
#5413 = EDGE_CURVE ( 'NONE', #5812, #3166, #2538, .T. ) ;
#5414 = DIRECTION ( 'NONE',  ( -1.000000000000000000, 0.000000000000000000, 0.000000000000000000 ) ) ;
#5415 = CARTESIAN_POINT ( 'NONE',  ( -55.91203892662370123, 38.90508942799622361, -77.37918951914534205 ) ) ;
#5416 = AXIS2_PLACEMENT_3D ( 'NONE', #974, #1898, #2785 ) ;
#5417 = CARTESIAN_POINT ( 'NONE',  ( -33.77945824983692802, 32.80313561835378522, -71.96567835473565822 ) ) ;
#5418 = CARTESIAN_POINT ( 'NONE',  ( -24.80000000000000071, -8.695322744374520241, -55.19165030598870203 ) ) ;
#5419 = CARTESIAN_POINT ( 'NONE',  ( -54.94518067836878572, 42.85523886040528652, -79.99832796891330133 ) ) ;
#5420 = CARTESIAN_POINT ( 'NONE',  ( -14.44999999999999929, 35.01406193031649394, -72.92456773704030581 ) ) ;
#5421 = EDGE_LOOP ( 'NONE', ( #5423, #1579 ) ) ;
#5422 = AXIS2_PLACEMENT_3D ( 'NONE', #1895, #139, #490 ) ;
#5423 = ORIENTED_EDGE ( 'NONE', *, *, #2201, .F. ) ;
#5424 = CARTESIAN_POINT ( 'NONE',  ( -2.799999999999999822, -1.695322744374510249, -62.49164817027969576 ) ) ;
#5425 = ORIENTED_EDGE ( 'NONE', *, *, #4139, .T. ) ;
#5426 = CARTESIAN_POINT ( 'NONE',  ( -53.70106073954104886, 37.00546870393108634, -85.84978787403490230 ) ) ;
#5427 = DIRECTION ( 'NONE',  ( -1.000000000000000000, 0.000000000000000000, 0.000000000000000000 ) ) ;
#5428 = FACE_BOUND ( 'NONE', #3731, .T. ) ;
#5429 = CARTESIAN_POINT ( 'NONE',  ( -40.86628190817788919, 42.47291689999973130, -80.21554983946296602 ) ) ;
#5430 = LINE ( 'NONE', #4404, #820 ) ;
#5431 = CARTESIAN_POINT ( 'NONE',  ( 29.76372291874561427, 40.36715255667807867, -75.68437298979763739 ) ) ;
#5432 = ADVANCED_FACE ( 'NONE', ( #5347 ), #5317, .F. ) ;
#5433 = CARTESIAN_POINT ( 'NONE',  ( 41.07106592299842163, 40.16433397650604320, -75.77898417835315570 ) ) ;
#5434 = VECTOR ( 'NONE', #2577, 1000.000000000000000 ) ;
#5435 = CARTESIAN_POINT ( 'NONE',  ( -29.55760469249552003, 27.04104659042825176, -79.11632553607486784 ) ) ;
#5436 = CARTESIAN_POINT ( 'NONE',  ( 33.10453025952077155, 32.91287650572225232, -83.28691121154342625 ) ) ;
#5437 = CARTESIAN_POINT ( 'NONE',  ( 55.91453920384051912, 38.90740473990748427, -77.36984066095068613 ) ) ;
#5438 = EDGE_LOOP ( 'NONE', ( #2270, #5751, #804, #1401 ) ) ;
#5439 = CIRCLE ( 'NONE', #4776, 2.000000000000001776 ) ;
#5440 = EDGE_CURVE ( 'NONE', #924, #818, #5757, .T. ) ;
#5441 = ORIENTED_EDGE ( 'NONE', *, *, #2427, .F. ) ;
#5442 = EDGE_CURVE ( 'NONE', #3204, #2671, #1523, .T. ) ;
#5443 = CARTESIAN_POINT ( 'NONE',  ( 17.39999999999999858, 35.66546851286040010, -71.03506916560860418 ) ) ;
#5444 = CARTESIAN_POINT ( 'NONE',  ( -36.99776155154908963, 32.85115788367046008, -83.52502272173565245 ) ) ;
#5445 = CARTESIAN_POINT ( 'NONE',  ( 41.07874774488136183, 76.28271490962541179, -75.77611883739503185 ) ) ;
#5446 = CARTESIAN_POINT ( 'NONE',  ( -26.21421356237309652, -0.2811091820014157694, -62.49164817027969576 ) ) ;
#5447 = FACE_OUTER_BOUND ( 'NONE', #3378, .T. ) ;
#5448 = CARTESIAN_POINT ( 'NONE',  ( -17.39999999999999858, 35.37471071591760108, -84.04186516830250753 ) ) ;
#5449 = ORIENTED_EDGE ( 'NONE', *, *, #3931, .F. ) ;
#5450 = CARTESIAN_POINT ( 'NONE',  ( -29.53404667827853558, 39.33657527904581030, -76.47291815691755801 ) ) ;
#5451 = ORIENTED_EDGE ( 'NONE', *, *, #5548, .T. ) ;
#5452 = CARTESIAN_POINT ( 'NONE',  ( -41.14421540596619309, 39.80139244431306622, -76.00584863560560223 ) ) ;
#5453 = CARTESIAN_POINT ( 'NONE',  ( -53.89453574705952121, 37.56878933732465953, -85.07820680201649566 ) ) ;
#5454 = DIRECTION ( 'NONE',  ( -1.000000000000000000, 0.000000000000000000, 0.000000000000000000 ) ) ;
#5455 = CARTESIAN_POINT ( 'NONE',  ( 29.67440911250269764, 42.76818128803515862, -75.94045484680984259 ) ) ;
#5456 = ADVANCED_FACE ( 'NONE', ( #1916, #4576 ), #3717, .F. ) ;
#5457 = CARTESIAN_POINT ( 'NONE',  ( -35.67281292287295003, 32.80997265012066322, -71.74164817027970287 ) ) ;
#5458 = CARTESIAN_POINT ( 'NONE',  ( -2.220446049250309925E-15, 80.30468144429998745, -95.99164817027978813 ) ) ;
#5459 = DIRECTION ( 'NONE',  ( 0.000000000000000000, -1.000000000000000000, 2.775557561562890365E-16 ) ) ;
#5460 = CARTESIAN_POINT ( 'NONE',  ( 41.22871806276206996, 39.47183050942537363, -76.31863764652514703 ) ) ;
#5461 = DIRECTION ( 'NONE',  ( 0.000000000000000000, -2.775557561562890365E-16, -1.000000000000000000 ) ) ;
#5462 = CARTESIAN_POINT ( 'NONE',  ( 56.28304683992305968, 40.20219432932837833, -75.75428324468595065 ) ) ;
#5463 = ORIENTED_EDGE ( 'NONE', *, *, #2377, .F. ) ;
#5464 = AXIS2_PLACEMENT_3D ( 'NONE', #1287, #4065, #414 ) ;
#5465 = ORIENTED_EDGE ( 'NONE', *, *, #3700, .T. ) ;
#5466 = LINE ( 'NONE', #569, #621 ) ;
#5467 = CARTESIAN_POINT ( 'NONE',  ( -14.44999999999999929, 45.37470958719600134, -92.99165398941609340 ) ) ;
#5468 = VECTOR ( 'NONE', #3765, 1000.000000000000000 ) ;
#5469 = LINE ( 'NONE', #1058, #3983 ) ;
#5470 = CARTESIAN_POINT ( 'NONE',  ( -38.71545990349157762, 37.68375974907996095, -72.73880610986823569 ) ) ;
#5471 = CARTESIAN_POINT ( 'NONE',  ( -33.95907776656141408, 37.76614275981599178, -83.56629994089260549 ) ) ;
#5472 = CIRCLE ( 'NONE', #5385, 2.000000000000000000 ) ;
#5473 = CARTESIAN_POINT ( 'NONE',  ( 41.20327533063188952, 43.09137244779409315, -76.21781933873364778 ) ) ;
#5474 = ORIENTED_EDGE ( 'NONE', *, *, #3795, .T. ) ;
#5475 = CARTESIAN_POINT ( 'NONE',  ( -17.39999999999999858, 35.30467853473189876, -71.96665398941610192 ) ) ;
#5476 = ORIENTED_EDGE ( 'NONE', *, *, #824, .T. ) ;
#5477 = CARTESIAN_POINT ( 'NONE',  ( -55.37245068552979887, 43.82874514655219400, -78.05996262492411120 ) ) ;
#5478 = CARTESIAN_POINT ( 'NONE',  ( 40.96215121927469482, 41.32967853473189734, -75.49165398941609340 ) ) ;
#5479 = VECTOR ( 'NONE', #5264, 1000.000000000000000 ) ;
#5480 = ADVANCED_FACE ( 'NONE', ( #4522 ), #5405, .T. ) ;
#5481 = DIRECTION ( 'NONE',  ( 0.000000000000000000, 1.000000000000000000, 0.000000000000000000 ) ) ;
#5482 = CARTESIAN_POINT ( 'NONE',  ( 29.54055914378005454, 43.60286166972578314, -79.03226555973232337 ) ) ;
#5483 = EDGE_CURVE ( 'NONE', #4510, #5521, #4992, .T. ) ;
#5484 = FACE_OUTER_BOUND ( 'NONE', #4792, .T. ) ;
#5485 = CARTESIAN_POINT ( 'NONE',  ( -17.39999999999999858, 35.37470845847450818, -71.99186516830378935 ) ) ;
#5486 = CARTESIAN_POINT ( 'NONE',  ( -46.39999999999999858, 29.27967853473190019, -77.99165398941609340 ) ) ;
#5487 = EDGE_CURVE ( 'NONE', #1688, #3036, #883, .T. ) ;
#5488 = CARTESIAN_POINT ( 'NONE',  ( 40.98692395627785601, 40.69081957032221197, -75.54914128270644369 ) ) ;
#5489 = DIRECTION ( 'NONE',  ( 0.000000000000000000, 1.000000000000000000, 0.000000000000000000 ) ) ;
#5490 = VERTEX_POINT ( 'NONE', #3834 ) ;
#5491 = CARTESIAN_POINT ( 'NONE',  ( -38.47410495077530612, 33.07067116297684350, -82.89433702890869426 ) ) ;
#5492 = ORIENTED_EDGE ( 'NONE', *, *, #4110, .F. ) ;
#5493 = B_SPLINE_CURVE_WITH_KNOTS ( 'NONE', 3,
 ( #3790, #2019, #1572, #3376, #1541, #4734, #688, #2496, #5329, #5356, #432, #1785, #869, #5780, #2260, #2142, #3082, #2171, #3498, #2230, #4946, #4441, #462, #5810, #1721, #806, #351, #379, #1217, #900 ),
 .UNSPECIFIED., .F., .F.,
 ( 4, 2, 2, 2, 2, 2, 2, 2, 2, 2, 2, 2, 2, 2, 4 ),
 ( 3.469446951953614189E-18, 0.0004944197553903664256, 0.0009888395107807293818, 0.001483259266171092338, 0.001977679021561455294, 0.002966518532342183809, 0.003460938287732552836, 0.003955358043122921864, 0.004449777798513291326, 0.004944197553903659920, 0.005438617309294029381, 0.005933037064684398842, 0.006427456820074775243, 0.006921876575465150776, 0.007910716086245913117 ),
 .UNSPECIFIED. ) ;
#5494 = DIRECTION ( 'NONE',  ( -1.000000000000000000, 2.220446049250309876E-16, -1.001483571081361987E-31 ) ) ;
#5495 = CARTESIAN_POINT ( 'NONE',  ( -60.64617071191170083, 8.374677255625490702, -59.99164897494249971 ) ) ;
#5496 = CYLINDRICAL_SURFACE ( 'NONE', #574, 2.500000000000002220 ) ;
#5497 = DIRECTION ( 'NONE',  ( 0.000000000000000000, -0.9454016103426764461, 0.3259076482095414340 ) ) ;
#5498 = B_SPLINE_CURVE_WITH_KNOTS ( 'NONE', 3,
 ( #1698, #3500, #4414, #1756, #5299, #1251 ),
 .UNSPECIFIED., .F., .F.,
 ( 4, 2, 4 ),
 ( 0.5000000000000000000, 0.7500000000000000000, 1.000000000000000000 ),
 .UNSPECIFIED. ) ;
#5499 = CARTESIAN_POINT ( 'NONE',  ( 30.05849165811505230, 28.94615977992581080, -80.47470496488524816 ) ) ;
#5500 = VECTOR ( 'NONE', #92, 999.9999999999998863 ) ;
#5501 = ADVANCED_FACE ( 'NONE', ( #1108 ), #4659, .F. ) ;
#5502 = CIRCLE ( 'NONE', #3806, 1.000000000000000888 ) ;
#5503 = CARTESIAN_POINT ( 'NONE',  ( 41.00858753260482104, 42.08954808655256841, -75.60955098781447248 ) ) ;
#5504 = ORIENTED_EDGE ( 'NONE', *, *, #225, .F. ) ;
#5505 = LINE ( 'NONE', #4174, #5326 ) ;
#5506 = ORIENTED_EDGE ( 'NONE', *, *, #961, .F. ) ;
#5507 = CARTESIAN_POINT ( 'NONE',  ( -41.08694053153585202, 40.07301051916867607, -75.82844234417038365 ) ) ;
#5508 = CARTESIAN_POINT ( 'NONE',  ( 37.50000000000000000, 16.80467725562549930, -77.74164817027980234 ) ) ;
#5509 = CARTESIAN_POINT ( 'NONE',  ( 60.64616940187819694, -14.59532146526809981, -59.99165386405420008 ) ) ;
#5510 = AXIS2_PLACEMENT_3D ( 'NONE', #5475, #117, #1428 ) ;
#5511 = CARTESIAN_POINT ( 'NONE',  ( 29.46655157917122736, 43.74824710472265110, -78.64548423094090879 ) ) ;
#5512 = EDGE_CURVE ( 'NONE', #2295, #3898, #1139, .T. ) ;
#5513 = CARTESIAN_POINT ( 'NONE',  ( -39.36889056576028878, 73.27312322478901763, -73.22581356911939565 ) ) ;
#5514 = EDGE_LOOP ( 'NONE', ( #1237, #1875, #1208, #2021, #4892, #3483, #1308 ) ) ;
#5515 = CARTESIAN_POINT ( 'NONE',  ( -29.72070855555240243, 76.28424678647029111, -75.77748778185282674 ) ) ;
#5516 = DIRECTION ( 'NONE',  ( 0.000000000000000000, 0.000000000000000000, -1.000000000000000000 ) ) ;
#5517 = EDGE_CURVE ( 'NONE', #3119, #5295, #3389, .T. ) ;
#5518 = DIRECTION ( 'NONE',  ( 0.000000000000000000, 0.000000000000000000, -1.000000000000000000 ) ) ;
#5519 = CARTESIAN_POINT ( 'NONE',  ( -2.799999999999999822, -6.695322744374519353, -59.99164897494249971 ) ) ;
#5520 = CARTESIAN_POINT ( 'NONE',  ( 55.72649631016891902, 38.83025977014269614, -78.08311832192164559 ) ) ;
#5521 = VERTEX_POINT ( 'NONE', #4216 ) ;
#5522 = AXIS2_PLACEMENT_3D ( 'NONE', #2584, #3055, #4411 ) ;
#5523 = ORIENTED_EDGE ( 'NONE', *, *, #5691, .T. ) ;
#5524 = EDGE_CURVE ( 'NONE', #3579, #736, #280, .T. ) ;
#5525 = CARTESIAN_POINT ( 'NONE',  ( 39.43084891710474693, 33.60071252464693004, -82.18661744378954381 ) ) ;
#5526 = CARTESIAN_POINT ( 'NONE',  ( -34.94781495382736125, 37.79622344102484277, -71.74744125312523124 ) ) ;
#5527 = AXIS2_PLACEMENT_3D ( 'NONE', #1765, #4483, #1345 ) ;
#5528 = CARTESIAN_POINT ( 'NONE',  ( -6.899999999999999467, -8.695322744374520241, -62.49164817027969576 ) ) ;
#5529 = AXIS2_PLACEMENT_3D ( 'NONE', #2435, #3644, #1897 ) ;
#5530 = LINE ( 'NONE', #2375, #2983 ) ;
#5531 = CARTESIAN_POINT ( 'NONE',  ( 29.41053714438359279, 26.85754550751985548, -77.35086255282811862 ) ) ;
#5532 = EDGE_CURVE ( 'NONE', #3091, #4374, #5673, .T. ) ;
#5533 = LINE ( 'NONE', #1425, #2642 ) ;
#5534 = ORIENTED_EDGE ( 'NONE', *, *, #3104, .T. ) ;
#5535 = DIRECTION ( 'NONE',  ( 0.7071067811865471286, -0.7071067811865480168, 0.000000000000000000 ) ) ;
#5536 = DIRECTION ( 'NONE',  ( 0.000000000000000000, -0.9309532560805583445, 0.3651383778692761095 ) ) ;
#5537 = ORIENTED_EDGE ( 'NONE', *, *, #649, .T. ) ;
#5538 = DIRECTION ( 'NONE',  ( -1.000000000000000000, -4.622231866529390132E-32, -2.220446049250309876E-16 ) ) ;
#5539 = CARTESIAN_POINT ( 'NONE',  ( -56.49295688560510342, 24.27967853473189308, -75.49165398941609340 ) ) ;
#5540 = EDGE_CURVE ( 'NONE', #1278, #1374, #3853, .T. ) ;
#5541 = DIRECTION ( 'NONE',  ( 0.000000000000000000, 1.000000000000000000, 0.000000000000000000 ) ) ;
#5542 = AXIS2_PLACEMENT_3D ( 'NONE', #4901, #5793, #913 ) ;
#5543 = CARTESIAN_POINT ( 'NONE',  ( 30.32308535595590016, -14.59532146526809981, -59.99164897494249971 ) ) ;
#5544 = ORIENTED_EDGE ( 'NONE', *, *, #5413, .T. ) ;
#5545 = CARTESIAN_POINT ( 'NONE',  ( -29.71320767062817580, 30.53937356296763284, -75.82603630727051325 ) ) ;
#5546 = CARTESIAN_POINT ( 'NONE',  ( -57.16065469068690419, 37.62902503356146156, -72.88722000280094448 ) ) ;
#5547 = CARTESIAN_POINT ( 'NONE',  ( 29.54743891741799899, 39.07038810401106588, -79.06755042138173906 ) ) ;
#5548 = EDGE_CURVE ( 'NONE', #4220, #3112, #4806, .T. ) ;
#5549 = CARTESIAN_POINT ( 'NONE',  ( 31.70830297183641733, 33.00303394291220371, -72.99407287572485359 ) ) ;
#5550 = CARTESIAN_POINT ( 'NONE',  ( -37.50000000000000000, 8.374677255625490702, -77.74164817027980234 ) ) ;
#5551 = CARTESIAN_POINT ( 'NONE',  ( 54.50954790521715410, 37.50666684284319530, -82.79022163835900017 ) ) ;
#5552 = AXIS2_PLACEMENT_3D ( 'NONE', #3627, #2273, #3182 ) ;
#5553 = ORIENTED_EDGE ( 'NONE', *, *, #5716, .T. ) ;
#5554 = EDGE_CURVE ( 'NONE', #3677, #3119, #3957, .T. ) ;
#5555 = CARTESIAN_POINT ( 'NONE',  ( -35.76216523006327463, 37.78950685866918491, -83.74164817027968866 ) ) ;
#5556 = EDGE_LOOP ( 'NONE', ( #1416, #2388 ) ) ;
#5557 = CARTESIAN_POINT ( 'NONE',  ( 36.49891236018802942, 37.78449499642105280, -83.66376390371786442 ) ) ;
#5558 = CARTESIAN_POINT ( 'NONE',  ( 14.44999999999999929, 28.34970958719670264, -78.01686629702470555 ) ) ;
#5559 = CARTESIAN_POINT ( 'NONE',  ( -46.39999999999999858, 41.32967853473189734, -77.99165398941609340 ) ) ;
#5560 = CARTESIAN_POINT ( 'NONE',  ( -37.02771072712440059, 37.80467853473189876, -71.96665398942489844 ) ) ;
#5561 = CARTESIAN_POINT ( 'NONE',  ( 29.71051773845203670, 27.40254174370137008, -79.65066978470386516 ) ) ;
#5562 = CARTESIAN_POINT ( 'NONE',  ( 41.22336248802026404, 43.52985034558131616, -79.18971637038949041 ) ) ;
#5563 = AXIS2_PLACEMENT_3D ( 'NONE', #2817, #3205, #1483 ) ;
#5564 = ORIENTED_EDGE ( 'NONE', *, *, #5373, .F. ) ;
#5565 = EDGE_LOOP ( 'NONE', ( #3474, #1334, #4267, #3667, #3013 ) ) ;
#5566 = CARTESIAN_POINT ( 'NONE',  ( -29.65538070189607822, 39.79181518760510272, -75.99274829696281586 ) ) ;
#5567 = VERTEX_POINT ( 'NONE', #2654 ) ;
#5568 = FACE_OUTER_BOUND ( 'NONE', #3115, .T. ) ;
#5569 = DIRECTION ( 'NONE',  ( 0.000000000000000000, 1.000000000000000000, 0.000000000000000000 ) ) ;
#5570 = B_SPLINE_CURVE_WITH_KNOTS ( 'NONE', 3,
 ( #2869, #4559, #3758, #142, #519, #2810, #5471, #1450, #1030, #4612, #4587, #3729, #2842, #573, #2376, #1928, #5116, #1477, #2346, #112, #2406, #1958, #1060, #629, #2319, #4670, #4119, #226, #3816, #1182, #2045, #4287, #2991, #3372, #254, #5176, #3877, #2933, #4699, #655, #774, #3021, #2551, #2016, #5683, #3403, #684, #5624, #714, #2960, #1569, #5206, #3464, #1151, #349, #4760, #4819, #1214, #2520, #4316, #4790, #2493, #1535, #286, #4348, #5266, #3846, #2581, #5594, #2073, #5654, #1596, #5237, #5147, #1629, #317, #3431, #3341, #744, #2106, #4379, #3908, #5715, #2138 ),
 .UNSPECIFIED., .F., .F.,
 ( 4, 2, 2, 2, 1, 1, 1, 2, 2, 2, 2, 1, 1, 1, 1, 2, 2, 2, 2, 1, 1, 1, 2, 2, 2, 2, 2, 2, 2, 1, 1, 1, 2, 2, 2, 2, 2, 1, 1, 1, 2, 2, 2, 2, 1, 1, 1, 1, 2, 2, 2, 4 ),
 ( 0.000000000000000000, 0.06249999999988536947, 0.09374999999982727705, 0.1093749999997982308, 0.1171874999997826877, 0.1210937499997738614, 0.1230468749997705724, 0.1240234374997677969, 0.1249999999997650213, 0.1874999999995853595, 0.2187499999994953481, 0.2343749999994503008, 0.2421874999994268474, 0.2460937499994163002, 0.2480468749994118316, 0.2490234374994104161, 0.2499999999994089728, 0.3124999999993904320, 0.3437499999993805511, 0.3593749999993761102, 0.3671874999993742783, 0.3710937499993718358, 0.3730468749993694488, 0.3749999999993670063, 0.4374999999993197664, 0.4999999999992725819, 0.5624999999992252864, 0.5937499999992019717, 0.6093749999991903143, 0.6171874999991844302, 0.6210937499991823207, 0.6230468749991822097, 0.6240234374991832089, 0.6249999999991842081, 0.6874999999992802424, 0.7187499999993292032, 0.7343749999993542943, 0.7421874999993673949, 0.7460937499993746114, 0.7480468749993767208, 0.7490234374993786082, 0.7499999999993804956, 0.8124999999996171951, 0.8437499999997363220, 0.8593749999997953859, 0.8671874999998253619, 0.8710937499998393507, 0.8730468749998459010, 0.8740234374998485656, 0.8749999999998512301, 0.9374999999999255040, 1.000000000000000000 ),
 .UNSPECIFIED. ) ;
#5571 = VECTOR ( 'NONE', #1575, 1000.000000000000000 ) ;
#5572 =( NAMED_UNIT ( * ) SI_UNIT ( $, .STERADIAN. ) SOLID_ANGLE_UNIT ( ) );
#5573 = CARTESIAN_POINT ( 'NONE',  ( 29.63817466457584615, 42.93316428682482666, -76.05875999374981689 ) ) ;
#5574 = CARTESIAN_POINT ( 'NONE',  ( 51.00000000000000000, 8.374677255625490702, -95.99164817027978813 ) ) ;
#5575 = ORIENTED_EDGE ( 'NONE', *, *, #1107, .T. ) ;
#5576 = COLOUR_RGB ( '',0.1019607843137254888, 0.1019607843137254888, 0.1019607843137254888 ) ;
#5577 = CARTESIAN_POINT ( 'NONE',  ( -29.62027801039565844, 76.63470846536544911, -76.09698418263529618 ) ) ;
#5578 = CARTESIAN_POINT ( 'NONE',  ( 35.39999999999999858, 32.81985021079449893, -83.74164817027968866 ) ) ;
#5579 = DIRECTION ( 'NONE',  ( -1.000000000000000000, 0.000000000000000000, 0.000000000000000000 ) ) ;
#5580 = CIRCLE ( 'NONE', #4073, 1.000000000000000888 ) ;
#5581 = CARTESIAN_POINT ( 'NONE',  ( 31.41620709239526832, 37.44713534699778279, -73.25505513832960958 ) ) ;
#5582 = CARTESIAN_POINT ( 'NONE',  ( 49.00000000000000000, 12.80467725562550108, -87.99164817027980234 ) ) ;
#5583 = AXIS2_PLACEMENT_3D ( 'NONE', #5406, #3105, #3578 ) ;
#5584 = CARTESIAN_POINT ( 'NONE',  ( 35.39999999999999858, 16.80467725562549930, -71.74164817027970287 ) ) ;
#5585 = ORIENTED_EDGE ( 'NONE', *, *, #5103, .T. ) ;
#5586 = CARTESIAN_POINT ( 'NONE',  ( -35.39999999999999858, 37.78950685866919912, -83.74164817027978813 ) ) ;
#5587 = VERTEX_POINT ( 'NONE', #392 ) ;
#5588 = DIRECTION ( 'NONE',  ( 0.000000000000000000, 1.000000000000000000, 0.000000000000000000 ) ) ;
#5589 = EDGE_CURVE ( 'NONE', #5687, #1127, #4365, .T. ) ;
#5590 = DIRECTION ( 'NONE',  ( 1.000000000000000000, 0.000000000000000000, 0.000000000000000000 ) ) ;
#5591 = EDGE_CURVE ( 'NONE', #106, #3121, #2811, .T. ) ;
#5592 = CARTESIAN_POINT ( 'NONE',  ( 39.85799796719292232, 82.06739316211870516, -81.77724620458378979 ) ) ;
#5593 = CARTESIAN_POINT ( 'NONE',  ( 17.39999999999999858, 35.30467853473189876, -71.96665398941610192 ) ) ;
#5594 = CARTESIAN_POINT ( 'NONE',  ( -32.68102214946080153, 32.97783456303309890, -83.09698369964399944 ) ) ;
#5595 = EDGE_CURVE ( 'NONE', #5270, #2184, #1012, .T. ) ;
#5596 = CARTESIAN_POINT ( 'NONE',  ( 41.28777008447728036, 43.66019014255218877, -78.89692944389122431 ) ) ;
#5597 = EDGE_LOOP ( 'NONE', ( #60, #3565 ) ) ;
#5598 = CARTESIAN_POINT ( 'NONE',  ( 40.40688868031685388, 35.76924109861870704, -74.43426447959890879 ) ) ;
#5599 = CARTESIAN_POINT ( 'NONE',  ( -55.64249601025245795, 38.85851277344661980, -78.39218882854741821 ) ) ;
#5600 = ORIENTED_EDGE ( 'NONE', *, *, #1365, .F. ) ;
#5601 = DIRECTION ( 'NONE',  ( 0.000000000000000000, 0.8186397984886658596, 0.5743073047858928692 ) ) ;
#5602 = DIRECTION ( 'NONE',  ( -1.000000000000000000, -1.001483571081361987E-31, -2.220446049250309876E-16 ) ) ;
#5603 = VECTOR ( 'NONE', #793, 1000.000000000000000 ) ;
#5604 =( NAMED_UNIT ( * ) PLANE_ANGLE_UNIT ( ) SI_UNIT ( $, .RADIAN. ) );
#5605 = DIRECTION ( 'NONE',  ( 0.000000000000000000, 1.000000000000000000, 0.000000000000000000 ) ) ;
#5606 = ORIENTED_EDGE ( 'NONE', *, *, #4409, .T. ) ;
#5607 = CARTESIAN_POINT ( 'NONE',  ( 52.21960081294846390, 66.97065096001956874, -68.83238877886124385 ) ) ;
#5608 = VERTEX_POINT ( 'NONE', #2188 ) ;
#5609 = CARTESIAN_POINT ( 'NONE',  ( -29.39816520419758206, 31.76521629159542570, -77.67650220870962130 ) ) ;
#5610 = CARTESIAN_POINT ( 'NONE',  ( 33.69460820033059889, 32.86006109742217518, -83.49299292075606616 ) ) ;
#5611 = CARTESIAN_POINT ( 'NONE',  ( 31.39179400582878898, 33.17548376954496092, -73.27685641329726707 ) ) ;
#5612 = CARTESIAN_POINT ( 'NONE',  ( -17.89999999999999858, 66.42967860286330506, -92.99165398941609340 ) ) ;
#5613 = CARTESIAN_POINT ( 'NONE',  ( 35.39999999999999858, 8.374677255625490702, -77.74164817027980234 ) ) ;
#5614 = CARTESIAN_POINT ( 'NONE',  ( 54.77527190267131374, 36.62420311572511622, -81.86858528107075017 ) ) ;
#5615 = EDGE_CURVE ( 'NONE', #956, #2442, #5392, .T. ) ;
#5616 = ORIENTED_EDGE ( 'NONE', *, *, #413, .T. ) ;
#5617 = CARTESIAN_POINT ( 'NONE',  ( -17.39999999999999858, 41.32967853473189734, -77.99165398941609340 ) ) ;
#5618 = ADVANCED_FACE ( 'NONE', ( #3451 ), #1201, .F. ) ;
#5619 = VERTEX_POINT ( 'NONE', #4514 ) ;
#5620 = CARTESIAN_POINT ( 'NONE',  ( 39.69820237060120860, 36.67927279395895113, -81.92823417866674163 ) ) ;
#5621 = CARTESIAN_POINT ( 'NONE',  ( -29.69915360258211834, 42.65569009366704023, -75.87012384957803590 ) ) ;
#5622 = CARTESIAN_POINT ( 'NONE',  ( 39.57262924369138801, 82.31523814020279417, -82.07466480259971320 ) ) ;
#5623 = CARTESIAN_POINT ( 'NONE',  ( -38.59935666424678402, 32.90431674388122474, -72.66571863810274579 ) ) ;
#5624 = CARTESIAN_POINT ( 'NONE',  ( -31.09726903501396222, 33.93653627914127924, -81.92340837676545107 ) ) ;
#5625 = EDGE_CURVE ( 'NONE', #1024, #3426, #4543, .T. ) ;
#5626 = EDGE_CURVE ( 'NONE', #358, #2209, #96, .T. ) ;
#5627 = CARTESIAN_POINT ( 'NONE',  ( 41.37362218408952685, 43.81300590080433466, -78.32339651818679727 ) ) ;
#5628 = ORIENTED_EDGE ( 'NONE', *, *, #5747, .T. ) ;
#5629 = VECTOR ( 'NONE', #3460, 1000.000000000000000 ) ;
#5630 = VECTOR ( 'NONE', #4465, 1000.000000000000000 ) ;
#5631 = DIRECTION ( 'NONE',  ( -1.000000000000000000, -2.220446049250309876E-16, 1.001483571081361987E-31 ) ) ;
#5632 = CARTESIAN_POINT ( 'NONE',  ( -55.88565309574452300, 38.88229177650763546, -77.48132645643821093 ) ) ;
#5633 = ORIENTED_EDGE ( 'NONE', *, *, #3867, .F. ) ;
#5634 = CARTESIAN_POINT ( 'NONE',  ( -14.40000000000000036, 45.37470958719600134, -92.99165398941609340 ) ) ;
#5635 = CARTESIAN_POINT ( 'NONE',  ( 32.26053799239029019, 82.96723934754989216, -82.87510380968582524 ) ) ;
#5636 = CARTESIAN_POINT ( 'NONE',  ( -24.80000000000000071, -1.695322744374510249, -55.19165030598870203 ) ) ;
#5637 = EDGE_LOOP ( 'NONE', ( #3648, #63, #3346, #5081, #4111, #5099, #2697, #4624 ) ) ;
#5638 = CARTESIAN_POINT ( 'NONE',  ( 52.92112923006810377, -12.54143574273190076, -59.99164897494249971 ) ) ;
#5639 = VERTEX_POINT ( 'NONE', #5509 ) ;
#5640 = DIRECTION ( 'NONE',  ( 0.000000000000000000, 1.000000000000000000, -1.443289932012700150E-15 ) ) ;
#5641 = DIRECTION ( 'NONE',  ( -1.519290839321570161E-64, -1.000000000000000000, 1.039540976564489922E-112 ) ) ;
#5642 = CARTESIAN_POINT ( 'NONE',  ( -40.96215121927480141, 28.95005269659620595, -75.49165398941613603 ) ) ;
#5643 = DIRECTION ( 'NONE',  ( -1.000000000000000000, 0.000000000000000000, 0.000000000000000000 ) ) ;
#5644 = DIRECTION ( 'NONE',  ( 0.000000000000000000, -1.000000000000000000, 2.775557561562890365E-16 ) ) ;
#5645 = CARTESIAN_POINT ( 'NONE',  ( 54.58607296683506149, 37.33417830218213851, -82.52167097277057906 ) ) ;
#5646 = AXIS2_PLACEMENT_3D ( 'NONE', #2482, #4366, #2920 ) ;
#5647 = ORIENTED_EDGE ( 'NONE', *, *, #3096, .T. ) ;
#5648 = CARTESIAN_POINT ( 'NONE',  ( -17.89999999999999858, 85.30467853473189166, -85.99165398941610761 ) ) ;
#5649 = ORIENTED_EDGE ( 'NONE', *, *, #5232, .T. ) ;
#5650 = CARTESIAN_POINT ( 'NONE',  ( 40.06357390613541725, 35.01619398505056324, -81.51665398941601381 ) ) ;
#5651 = CARTESIAN_POINT ( 'NONE',  ( -29.83781646662938414, 41.66204155102226991, -75.49173387223936516 ) ) ;
#5652 = FACE_OUTER_BOUND ( 'NONE', #4331, .T. ) ;
#5653 = CARTESIAN_POINT ( 'NONE',  ( -40.31556562726240855, 34.37910844261147503, -74.30016028521275473 ) ) ;
#5654 = CARTESIAN_POINT ( 'NONE',  ( -33.17964759476893022, 32.90372082897842176, -83.31767211880320190 ) ) ;
#5655 = VECTOR ( 'NONE', #4485, 1000.000000000000114 ) ;
#5656 = ORIENTED_EDGE ( 'NONE', *, *, #2705, .T. ) ;
#5657 = CARTESIAN_POINT ( 'NONE',  ( 39.66190418243451887, 37.26506187840904971, -73.51825816010729397 ) ) ;
#5658 = CARTESIAN_POINT ( 'NONE',  ( -29.65072481416498107, 39.30368074888662733, -79.45938382078385587 ) ) ;
#5659 = ORIENTED_EDGE ( 'NONE', *, *, #5626, .T. ) ;
#5660 = DIRECTION ( 'NONE',  ( 0.000000000000000000, -1.000000000000000000, 1.748382715945129988E-16 ) ) ;
#5661 = CARTESIAN_POINT ( 'NONE',  ( 31.16681310340438316, 73.58506763296954034, -73.47468437885375181 ) ) ;
#5662 = CARTESIAN_POINT ( 'NONE',  ( 40.73267925106284792, 29.27967853473190019, -80.49165398941610761 ) ) ;
#5663 = EDGE_LOOP ( 'NONE', ( #5407, #4676, #4248 ) ) ;
#5664 = PLANE ( 'NONE',  #1169 ) ;
#5665 = ORIENTED_EDGE ( 'NONE', *, *, #2952, .T. ) ;
#5666 = DIRECTION ( 'NONE',  ( -1.519290839321570161E-64, 1.000000000000000000, -1.039540976564489922E-112 ) ) ;
#5667 = EDGE_CURVE ( 'NONE', #1241, #2813, #4799, .T. ) ;
#5668 = ADVANCED_FACE ( 'NONE', ( #3599 ), #4962, .F. ) ;
#5669 = DIRECTION ( 'NONE',  ( -1.000000000000000000, 0.000000000000000000, 0.000000000000000000 ) ) ;
#5670 = DIRECTION ( 'NONE',  ( 1.000000000000000000, 0.000000000000000000, 0.000000000000000000 ) ) ;
#5671 = CARTESIAN_POINT ( 'NONE',  ( -29.83784878072522062, 29.27967853473189663, -75.49165398941609340 ) ) ;
#5672 = CARTESIAN_POINT ( 'NONE',  ( 46.39999999999999858, 29.27967853473190019, -75.49165398941609340 ) ) ;
#5673 = B_SPLINE_CURVE_WITH_KNOTS ( 'NONE', 3,
 ( #643, #1584, #4745, #1080, #701, #185, #3803, #1946, #5221, #3745, #4686, #5549, #5611, #2508, #1973, #5106, #2919, #3775, #4245, #1555, #4718, #2481, #4273, #244, #2031, #1170, #4303, #273, #1617, #3418, #1494, #2975, #1049, #5581, #4778, #1232, #1293, #1679, #5765, #3479, #5283, #4900, #3068, #333, #3009 ),
 .UNSPECIFIED., .F., .F.,
 ( 4, 2, 1, 2, 2, 2, 2, 2, 1, 1, 2, 2, 2, 2, 2, 2, 2, 2, 2, 1, 1, 2, 2, 2, 4 ),
 ( 0.1267695345337164214, 0.1335916475451708052, 0.1404137605566251890, 0.1540579865795362879, 0.1813464386253595129, 0.2359233427170060460, 0.3450771509002990567, 0.3484882074060261514, 0.3518992639117533017, 0.3587213769232076022, 0.3723656029461164252, 0.3996540549919333496, 0.4542309590835657551, 0.5088078631751981051, 0.5633847672668305107, 0.6179616713584628052, 0.6725385754500950997, 0.7816923836333595776, 0.7851034401390875050, 0.7885144966448153214, 0.7953366096562728416, 0.8089808356791865496, 0.8362692877250180734, 0.8908461918166786786, 1.000000000000000000 ),
 .UNSPECIFIED. ) ;
#5674 = EDGE_LOOP ( 'NONE', ( #1624, #387, #2532, #50, #4096 ) ) ;
#5675 = EDGE_CURVE ( 'NONE', #2066, #1731, #3233, .T. ) ;
#5676 = MECHANICAL_DESIGN_GEOMETRIC_PRESENTATION_REPRESENTATION (  '', ( #3404 ), #1892 ) ;
#5677 = CARTESIAN_POINT ( 'NONE',  ( -37.10637450884046729, 37.75147381320477535, -83.49395123270961960 ) ) ;
#5678 = ORIENTED_EDGE ( 'NONE', *, *, #679, .T. ) ;
#5679 = DIRECTION ( 'NONE',  ( 0.000000000000000000, -1.000000000000000000, 0.000000000000000000 ) ) ;
#5680 = CARTESIAN_POINT ( 'NONE',  ( -41.20616603269004941, 31.43961575654705243, -79.26074755221411294 ) ) ;
#5681 = DIRECTION ( 'NONE',  ( -1.000000000000000000, 5.022560318000302342E-16, 0.000000000000000000 ) ) ;
#5682 = CARTESIAN_POINT ( 'NONE',  ( -14.40000000000000036, 39.02609336588880495, -68.70733260749760518 ) ) ;
#5683 = CARTESIAN_POINT ( 'NONE',  ( -30.92813880394356829, 34.24911743235430350, -81.74285448501083806 ) ) ;
#5684 = EDGE_LOOP ( 'NONE', ( #4480, #3693, #5761, #4802 ) ) ;
#5685 = CARTESIAN_POINT ( 'NONE',  ( 39.96756259576336845, 36.96563090165842169, -73.84575841371687943 ) ) ;
#5686 = CARTESIAN_POINT ( 'NONE',  ( -55.69367141040782343, 38.83871584096139884, -78.20420104972231456 ) ) ;
#5687 = VERTEX_POINT ( 'NONE', #5040 ) ;
#5688 = CARTESIAN_POINT ( 'NONE',  ( 58.10708814047880111, 35.37467691289879923, -69.46763413614279159 ) ) ;
#5689 = CARTESIAN_POINT ( 'NONE',  ( -31.97441870287640597, 32.95181518112980967, -72.81436444805251540 ) ) ;
#5690 = CARTESIAN_POINT ( 'NONE',  ( 29.96828643056079855, 40.34714331055065628, -80.29050422013608568 ) ) ;
#5691 = EDGE_CURVE ( 'NONE', #190, #1185, #385, .T. ) ;
#5692 = B_SPLINE_CURVE_WITH_KNOTS ( 'NONE', 3,
 ( #937, #4104, #2191, #2882, #1408, #3711, #3769, #125, #4572, #5071, #98, #5513, #1044, #1909, #3236, #3740, #5098, #1460, #1013, #4181, #1518, #3798, #5017, #2821, #153, #2796, #5043, #639, #2331, #612, #4597, #3322, #4623, #583, #2387, #1940, #2852, #962, #210, #986 ),
 .UNSPECIFIED., .F., .F.,
 ( 4, 2, 2, 2, 2, 2, 2, 2, 2, 2, 2, 2, 2, 2, 2, 2, 2, 2, 2, 4 ),
 ( 0.000000000000000000, 0.0007342623337664515000, 0.001468524667532903000, 0.002937049335065808602, 0.003671311668832272137, 0.004405574002598735238, 0.005874098670131627613, 0.008811148005197425373, 0.01027967267273030907, 0.01174819734026319278, 0.01321672200779607995, 0.01468524667532896365, 0.01615377134286185082, 0.01762229601039473625, 0.01909082067792761822, 0.02055934534546050366, 0.02129360767922694811, 0.02202787001299338909, 0.02276213234675983008, 0.02349639468052627106 ),
 .UNSPECIFIED. ) ;
#5693 = FACE_OUTER_BOUND ( 'NONE', #497, .T. ) ;
#5694 = ORIENTED_EDGE ( 'NONE', *, *, #941, .F. ) ;
#5695 = DIRECTION ( 'NONE',  ( 0.000000000000000000, -1.000000000000000000, 1.748382715945129988E-16 ) ) ;
#5696 = ORIENTED_EDGE ( 'NONE', *, *, #2837, .F. ) ;
#5697 = AXIS2_PLACEMENT_3D ( 'NONE', #4556, #4975, #4167 ) ;
#5698 = DIRECTION ( 'NONE',  ( 1.000000000000000000, 0.000000000000000000, 0.000000000000000000 ) ) ;
#5699 = DIRECTION ( 'NONE',  ( 1.000000000000000000, 1.001483571081361987E-31, 2.220446049250309876E-16 ) ) ;
#5700 = CARTESIAN_POINT ( 'NONE',  ( -57.40253323112970207, 37.80467853473189876, -71.96665396316980434 ) ) ;
#5701 = ADVANCED_FACE ( 'NONE', ( #1405 ), #37, .F. ) ;
#5702 = CARTESIAN_POINT ( 'NONE',  ( 14.44999999999999929, 66.42967853473180639, -92.99165398941609340 ) ) ;
#5703 = CARTESIAN_POINT ( 'NONE',  ( -46.39999999999999858, 35.30467853473189876, -71.96665398941610192 ) ) ;
#5704 = VECTOR ( 'NONE', #4210, 1000.000000000000000 ) ;
#5705 = AXIS2_PLACEMENT_3D ( 'NONE', #5785, #5815, #811 ) ;
#5706 = DIRECTION ( 'NONE',  ( 0.000000000000000000, 1.000000000000000000, -2.775557561562890365E-16 ) ) ;
#5707 = ORIENTED_EDGE ( 'NONE', *, *, #5280, .T. ) ;
#5708 = DIRECTION ( 'NONE',  ( 0.000000000000000000, 1.000000000000000000, 0.000000000000000000 ) ) ;
#5709 = VECTOR ( 'NONE', #4636, 1000.000000000000000 ) ;
#5710 = ORIENTED_EDGE ( 'NONE', *, *, #2547, .T. ) ;
#5711 = CARTESIAN_POINT ( 'NONE',  ( -46.39999999999999858, 37.80467853473189876, -71.96665398941610192 ) ) ;
#5712 = CARTESIAN_POINT ( 'NONE',  ( -35.39999999999999858, 37.78950685866919912, -83.74164817027978813 ) ) ;
#5713 = CARTESIAN_POINT ( 'NONE',  ( 41.04576804712983318, 80.33631680881542536, -79.80404487848004180 ) ) ;
#5714 = CARTESIAN_POINT ( 'NONE',  ( -40.08813230185056398, 36.78649055255321798, -73.99454334920378074 ) ) ;
#5715 = CARTESIAN_POINT ( 'NONE',  ( -35.03783476991585388, 32.81985021079448472, -83.74164817027967445 ) ) ;
#5716 = EDGE_CURVE ( 'NONE', #4329, #1694, #2061, .T. ) ;
#5717 = ORIENTED_EDGE ( 'NONE', *, *, #5806, .T. ) ;
#5718 = CARTESIAN_POINT ( 'NONE',  ( 37.02054174908829509, 32.80313576227116101, -71.96567833183716800 ) ) ;
#5719 = CARTESIAN_POINT ( 'NONE',  ( -29.73045010228451090, 39.50848475625920031, -79.70635368895935358 ) ) ;
#5720 = ORIENTED_EDGE ( 'NONE', *, *, #1515, .F. ) ;
#5721 = DIRECTION ( 'NONE',  ( 0.000000000000000000, -3.469446951953611231E-16, -1.000000000000000000 ) ) ;
#5722 = CARTESIAN_POINT ( 'NONE',  ( -31.70016125301665255, 33.02971859342335392, -73.01278766732224312 ) ) ;
#5723 = CARTESIAN_POINT ( 'NONE',  ( 29.69759906177412745, 39.41622178033184554, -79.61464525776037249 ) ) ;
#5724 = EDGE_CURVE ( 'NONE', #4251, #848, #1402, .T. ) ;
#5725 = DIRECTION ( 'NONE',  ( 1.000000000000000000, 0.000000000000000000, 0.000000000000000000 ) ) ;
#5726 = ORIENTED_EDGE ( 'NONE', *, *, #1107, .F. ) ;
#5727 = CARTESIAN_POINT ( 'NONE',  ( 54.50028817836730610, 62.59346723812517155, -66.42735499933918675 ) ) ;
#5728 = ORIENTED_EDGE ( 'NONE', *, *, #3433, .T. ) ;
#5729 = DIRECTION ( 'NONE',  ( 0.000000000000000000, 1.000000000000000000, 0.000000000000000000 ) ) ;
#5730 = DIRECTION ( 'NONE',  ( 0.000000000000000000, 1.000000000000000000, 0.000000000000000000 ) ) ;
#5731 = AXIS2_PLACEMENT_3D ( 'NONE', #3037, #4270, #3416 ) ;
#5732 = CIRCLE ( 'NONE', #3176, 1.000000000000000888 ) ;
#5733 = CARTESIAN_POINT ( 'NONE',  ( -58.10483199551649136, 35.67528196604855850, -69.47605418377136743 ) ) ;
#5734 = CARTESIAN_POINT ( 'NONE',  ( 14.44999999999999929, 35.37470958719599423, -78.01686516830319817 ) ) ;
#5735 = DIRECTION ( 'NONE',  ( -2.220446049250309876E-16, -1.000000000000000000, 0.000000000000000000 ) ) ;
#5736 = CARTESIAN_POINT ( 'NONE',  ( -54.85618814958244371, 35.98687095131484881, -81.58972441873649473 ) ) ;
#5737 = VERTEX_POINT ( 'NONE', #2715 ) ;
#5738 = CARTESIAN_POINT ( 'NONE',  ( 40.73267925106289056, 41.32967853473189734, -80.49165398941610761 ) ) ;
#5739 = CARTESIAN_POINT ( 'NONE',  ( 41.30122421827181967, 43.68672163224660210, -78.82684416675404293 ) ) ;
#5740 = ORIENTED_EDGE ( 'NONE', *, *, #4139, .F. ) ;
#5741 = DIRECTION ( 'NONE',  ( 1.000000000000000000, 0.000000000000000000, 0.000000000000000000 ) ) ;
#5742 = VECTOR ( 'NONE', #1171, 1000.000000000000000 ) ;
#5743 = CARTESIAN_POINT ( 'NONE',  ( 32.25644089905728151, 33.09243676921299482, -82.85214222632299652 ) ) ;
#5744 = CARTESIAN_POINT ( 'NONE',  ( 55.17570582603170237, 39.79481852466639680, -79.96476511338397586 ) ) ;
#5745 = CARTESIAN_POINT ( 'NONE',  ( -44.00000000000000000, -10.69532274437450070, -62.49164817027969576 ) ) ;
#5746 = EDGE_LOOP ( 'NONE', ( #4288, #805 ) ) ;
#5747 = EDGE_CURVE ( 'NONE', #2737, #86, #935, .T. ) ;
#5748 = ORIENTED_EDGE ( 'NONE', *, *, #3854, .T. ) ;
#5749 = CARTESIAN_POINT ( 'NONE',  ( 57.43747778892490174, 32.80467853473189166, -71.96665398941610192 ) ) ;
#5750 = CARTESIAN_POINT ( 'NONE',  ( 14.44999999999999929, 41.39970958719539595, -78.01686403958160554 ) ) ;
#5751 = ORIENTED_EDGE ( 'NONE', *, *, #551, .F. ) ;
#5752 = CARTESIAN_POINT ( 'NONE',  ( -55.15321092344949250, 34.27967853473189308, -80.49165398941610761 ) ) ;
#5753 = CARTESIAN_POINT ( 'NONE',  ( 30.95512527850490869, 82.06598753069484076, -81.77725458687820037 ) ) ;
#5754 = CARTESIAN_POINT ( 'NONE',  ( 29.60352548684870300, 39.59429622422329942, -76.19198029204096656 ) ) ;
#5755 = VECTOR ( 'NONE', #4932, 1000.000000000000000 ) ;
#5756 = EDGE_CURVE ( 'NONE', #3237, #3247, #5015, .T. ) ;
#5757 =( BOUNDED_CURVE ( )  B_SPLINE_CURVE ( 3, ( #4874, #2633, #340, #3901 ),
 .UNSPECIFIED., .F., .F. ) 
 B_SPLINE_CURVE_WITH_KNOTS ( ( 4, 4 ),
 ( 3.113589642619429831, 4.712388980384689674 ),
 .UNSPECIFIED. ) 
 CURVE ( )  GEOMETRIC_REPRESENTATION_ITEM ( )  RATIONAL_B_SPLINE_CURVE ( ( 1.000000000000000000, 0.7980914899728284162, 0.7980914899728284162, 1.000000000000000000 ) ) 
 REPRESENTATION_ITEM ( '' )  );
#5758 = CARTESIAN_POINT ( 'NONE',  ( -30.06732074893710305, 41.32967853473189734, -80.49165398941610761 ) ) ;
#5759 = VERTEX_POINT ( 'NONE', #3655 ) ;
#5760 = CARTESIAN_POINT ( 'NONE',  ( 40.96741605609489056, 30.80267846066420745, -79.98067431049670972 ) ) ;
#5761 = ORIENTED_EDGE ( 'NONE', *, *, #2560, .T. ) ;
#5762 = CYLINDRICAL_SURFACE ( 'NONE', #5731, 2.500000000000002220 ) ;
#5763 = CARTESIAN_POINT ( 'NONE',  ( -50.99999844076710076, -14.59532146526820107, -95.99165398941610761 ) ) ;
#5764 = AXIS2_PLACEMENT_3D ( 'NONE', #4980, #1848, #1479 ) ;
#5765 = CARTESIAN_POINT ( 'NONE',  ( 31.71668856399182701, 37.58136868113430751, -73.00213750502547327 ) ) ;
#5766 = CARTESIAN_POINT ( 'NONE',  ( 14.44999999999999929, 29.34970958719670264, -78.01686629702470555 ) ) ;
#5767 = DIRECTION ( 'NONE',  ( -1.000000000000000000, 0.000000000000000000, 0.000000000000000000 ) ) ;
#5768 = CARTESIAN_POINT ( 'NONE',  ( -54.44648244841474849, 37.59597580261650052, -83.01624044855874729 ) ) ;
#5769 = EDGE_LOOP ( 'NONE', ( #3219, #1318, #1622, #181 ) ) ;
#5770 = CARTESIAN_POINT ( 'NONE',  ( 38.96826024991914750, 83.19633137612359519, -83.12187999037216457 ) ) ;
#5771 = CARTESIAN_POINT ( 'NONE',  ( 53.85480937527381684, 37.49463906446092665, -85.23390832949714024 ) ) ;
#5772 = ORIENTED_EDGE ( 'NONE', *, *, #4744, .F. ) ;
#5773 = DIRECTION ( 'NONE',  ( 1.000000000000000000, 0.000000000000000000, 0.000000000000000000 ) ) ;
#5774 = CARTESIAN_POINT ( 'NONE',  ( 35.39999999999999858, 37.78950685866919912, -83.74164817027978813 ) ) ;
#5775 = AXIS2_PLACEMENT_3D ( 'NONE', #2228, #1273, #1332 ) ;
#5776 = DIRECTION ( 'NONE',  ( 1.000000000000000000, -2.220446049250309876E-16, 8.628166150854819906E-32 ) ) ;
#5777 = LINE ( 'NONE', #5294, #1665 ) ;
#5778 = EDGE_LOOP ( 'NONE', ( #5072, #3797 ) ) ;
#5779 = ORIENTED_EDGE ( 'NONE', *, *, #1168, .T. ) ;
#5780 = CARTESIAN_POINT ( 'NONE',  ( 29.42750620615904111, 31.76101983517234117, -78.33799950849348193 ) ) ;
#5781 = CARTESIAN_POINT ( 'NONE',  ( -55.68768719561045799, 43.61180623346783136, -76.97061151837721127 ) ) ;
#5782 = ORIENTED_EDGE ( 'NONE', *, *, #2178, .T. ) ;
#5783 = CARTESIAN_POINT ( 'NONE',  ( -14.44999999999999929, 41.39970958719539595, -78.01686403958160554 ) ) ;
#5784 = CARTESIAN_POINT ( 'NONE',  ( -30.98761824503535678, 37.13073021521532979, -73.67551816457962843 ) ) ;
#5785 = CARTESIAN_POINT ( 'NONE',  ( -2.220446049250309925E-15, 12.80467725562550108, -62.49164817027980234 ) ) ;
#5786 = FACE_BOUND ( 'NONE', #4175, .T. ) ;
#5787 = VERTEX_POINT ( 'NONE', #959 ) ;
#5788 = CARTESIAN_POINT ( 'NONE',  ( 41.24239530750448068, 31.51831047903554150, -79.11632553607486784 ) ) ;
#5789 = ORIENTED_EDGE ( 'NONE', *, *, #2529, .F. ) ;
#5790 = CARTESIAN_POINT ( 'NONE',  ( -40.79260597834266378, 40.56463515097845374, -80.37223347097764758 ) ) ;
#5791 = CARTESIAN_POINT ( 'NONE',  ( -53.75347977257475662, 37.21364934874828378, -85.63789429084309290 ) ) ;
#5792 = DIRECTION ( 'NONE',  ( 0.000000000000000000, -3.469446951953611231E-16, -1.000000000000000000 ) ) ;
#5793 = DIRECTION ( 'NONE',  ( 1.000000000000000000, 2.220446049250309876E-16, -6.317050217590119366E-32 ) ) ;
#5794 = CARTESIAN_POINT ( 'NONE',  ( -41.14464551698888783, 42.86759867401365653, -75.99285292315020968 ) ) ;
#5795 = DIRECTION ( 'NONE',  ( 0.000000000000000000, -0.9454016103426764461, 0.3259076482095414340 ) ) ;
#5796 = CARTESIAN_POINT ( 'NONE',  ( 40.94940695711832745, 39.87003533024899582, -80.02772996967004815 ) ) ;
#5797 = AXIS2_PLACEMENT_3D ( 'NONE', #3919, #5725, #4680 ) ;
#5798 = AXIS2_PLACEMENT_3D ( 'NONE', #2714, #1513, #5569 ) ;
#5799 = PLANE ( 'NONE',  #3512 ) ;
#5800 = ORIENTED_EDGE ( 'NONE', *, *, #1985, .T. ) ;
#5801 = ADVANCED_FACE ( 'NONE', ( #1348, #4569 ), #527, .T. ) ;
#5802 = CARTESIAN_POINT ( 'NONE',  ( 31.85104913565573526, 33.25569287239365934, -82.58167572550250668 ) ) ;
#5803 = CARTESIAN_POINT ( 'NONE',  ( -48.10241120665569525, 73.24909177970107521, -73.20822148906445648 ) ) ;
#5804 = LINE ( 'NONE', #3940, #5630 ) ;
#5805 = EDGE_LOOP ( 'NONE', ( #5267, #1865, #3375, #3943 ) ) ;
#5806 = EDGE_CURVE ( 'NONE', #5216, #602, #9, .T. ) ;
#5807 = CIRCLE ( 'NONE', #700, 2.500000000000002220 ) ;
#5808 = VERTEX_POINT ( 'NONE', #4126 ) ;
#5809 = ADVANCED_FACE ( 'NONE', ( #884 ), #1881, .F. ) ;
#5810 = CARTESIAN_POINT ( 'NONE',  ( 29.62438179249883063, 30.93576081278345313, -76.11179153258623842 ) ) ;
#5811 = CARTESIAN_POINT ( 'NONE',  ( -56.19951428923656778, 39.59753398266556701, -76.18756947042106731 ) ) ;
#5812 = VERTEX_POINT ( 'NONE', #123 ) ;
#5813 = DIRECTION ( 'NONE',  ( -1.000000000000000000, 2.220446049250309876E-16, -1.001483571081361987E-31 ) ) ;
#5814 = CARTESIAN_POINT ( 'NONE',  ( -31.96054826344224509, 37.65396630830318259, -72.82396685688109983 ) ) ;
#5815 = DIRECTION ( 'NONE',  ( 0.000000000000000000, 2.775557561562890365E-16, 1.000000000000000000 ) ) ;
#5816 = EDGE_CURVE ( 'NONE', #2813, #1695, #2246, .T. ) ;
#5817 = CARTESIAN_POINT ( 'NONE',  ( -39.60993834767931077, 36.80481601130742320, -82.01674190608466120 ) ) ;
#5818 = DIRECTION ( 'NONE',  ( 0.000000000000000000, 1.000000000000000000, 0.000000000000000000 ) ) ;
#5819 = ORIENTED_EDGE ( 'NONE', *, *, #5724, .F. ) ;
#5820 = CARTESIAN_POINT ( 'NONE',  ( 41.20616603269004941, 31.43961575654705243, -79.26074755221411294 ) ) ;
#5821 = VERTEX_POINT ( 'NONE', #3767 ) ;
#5822 = DIRECTION ( 'NONE',  ( 1.000000000000000000, -1.519290839321570161E-64, 0.000000000000000000 ) ) ;
#5823 = CARTESIAN_POINT ( 'NONE',  ( -53.60510139952692299, 36.45057447576380838, -86.24448679465812972 ) ) ;
#5824 = ADVANCED_FACE ( 'NONE', ( #5127 ), #4649, .F. ) ;
#5825 = DIRECTION ( 'NONE',  ( 0.000000000000000000, 1.090102953460453640E-07, 0.9999999999999941158 ) ) ;
#5826 = CARTESIAN_POINT ( 'NONE',  ( 30.03579349406080823, 41.88519322209146623, -80.43053634891262504 ) ) ;
#5827 = LINE ( 'NONE', #394, #693 ) ;
#5828 = VECTOR ( 'NONE', #3492, 1000.000000000000000 ) ;
#5829 = CARTESIAN_POINT ( 'NONE',  ( -14.44999999999999929, 36.37471071591760108, -84.04186516830250753 ) ) ;
#5830 = CARTESIAN_POINT ( 'NONE',  ( 41.30677845585475438, 38.96031759400939620, -78.80774756900659384 ) ) ;
#5831 = CARTESIAN_POINT ( 'NONE',  ( 44.00000000000000000, -13.69532146526820071, -92.99164817027970287 ) ) ;
#5832 = VERTEX_POINT ( 'NONE', #664 ) ;
#5833 = CARTESIAN_POINT ( 'NONE',  ( 31.27740759553259409, 36.91146242574006919, -82.10121040158439598 ) ) ;
#5834 = CARTESIAN_POINT ( 'NONE',  ( -48.15396481064614420, 73.17945329195245563, -73.15310714671826986 ) ) ;
#5835 = VERTEX_POINT ( 'NONE', #5158 ) ;
#5836 = EDGE_LOOP ( 'NONE', ( #2649, #5782, #5183, #620 ) ) ;
#5837 = DIRECTION ( 'NONE',  ( -1.000000000000000000, 0.000000000000000000, 0.000000000000000000 ) ) ;
#5838 = CARTESIAN_POINT ( 'NONE',  ( -56.01640107578189287, 42.85984653380728560, -76.01251587167071477 ) ) ;
#5839 = CARTESIAN_POINT ( 'NONE',  ( -24.50000000000000000, 12.80467725562550108, -77.74164817027980234 ) ) ;
#5840 = CARTESIAN_POINT ( 'NONE',  ( -30.71202813121441721, 36.78676255188103994, -73.99434238845613265 ) ) ;
#5841 = CARTESIAN_POINT ( 'NONE',  ( -55.00807240473395154, 43.20764507476550165, -79.64227974058758264 ) ) ;
ENDSEC;
END-ISO-10303-21;
