ISO-10303-21;
HEADER;
FILE_DESCRIPTION (( 'STEP AP203' ),
    '1' );
FILE_NAME ('link1.STEP',
    '2026-01-08T00:15:49',
    ( '' ),
    ( '' ),
    'SwSTEP 2.0',
    'SolidWorks 2026',
    '' );
FILE_SCHEMA (( 'CONFIG_CONTROL_DESIGN' ));
ENDSEC;

DATA;
#1 = EDGE_CURVE ( 'NONE', #120, #292, #1535, .T. ) ;
#2 = ADVANCED_FACE ( 'NONE', ( #614 ), #2011, .F. ) ;
#3 = ORIENTED_EDGE ( 'NONE', *, *, #4332, .F. ) ;
#4 = CARTESIAN_POINT ( 'NONE',  ( 10.47530033528199844, 29.97530033528174798, -15.59898187506106737 ) ) ;
#5 = CARTESIAN_POINT ( 'NONE',  ( 20.00000000000000711, 30.00000000000000000, -14.25000000000000178 ) ) ;
#6 = CARTESIAN_POINT ( 'NONE',  ( -11.17834649819577209, 25.01354724588419742, -14.74322637705803274 ) ) ;
#7 = AXIS2_PLACEMENT_3D ( 'NONE', #2279, #1522, #5440 ) ;
#8 = CARTESIAN_POINT ( 'NONE',  ( -10.50000000000000178, -17.48518977103684691, -20.88650325794539953 ) ) ;
#9 = ORIENTED_EDGE ( 'NONE', *, *, #4993, .F. ) ;
#10 = AXIS2_PLACEMENT_3D ( 'NONE', #5598, #4750, #899 ) ;
#11 = ORIENTED_EDGE ( 'NONE', *, *, #4716, .T. ) ;
#12 = ORIENTED_EDGE ( 'NONE', *, *, #1720, .F. ) ;
#13 = VECTOR ( 'NONE', #3827, 1000.000000000000000 ) ;
#14 = EDGE_CURVE ( 'NONE', #3824, #5361, #3163, .T. ) ;
#15 = DIRECTION ( 'NONE',  ( -0.000000000000000000, -1.000000000000000000, 0.000000000000000000 ) ) ;
#16 = CARTESIAN_POINT ( 'NONE',  ( 12.39100762600995864, 24.07504392506589852, -14.17495607493385101 ) ) ;
#17 = FACE_OUTER_BOUND ( 'NONE', #4169, .T. ) ;
#18 = ORIENTED_EDGE ( 'NONE', *, *, #1594, .F. ) ;
#19 = ORIENTED_EDGE ( 'NONE', *, *, #1938, .F. ) ;
#20 = CIRCLE ( 'NONE', #557, 2.100000000000000089 ) ;
#21 = EDGE_CURVE ( 'NONE', #2383, #1982, #3926, .T. ) ;
#22 = CARTESIAN_POINT ( 'NONE',  ( -18.99999999999998934, 33.24999999999998579, 32.00000000000000000 ) ) ;
#23 = CIRCLE ( 'NONE', #3901, 2.000000000000001332 ) ;
#24 = DIRECTION ( 'NONE',  ( 0.000000000000000000, 1.000000000000000000, 0.000000000000000000 ) ) ;
#25 = EDGE_LOOP ( 'NONE', ( #912, #4108, #2139, #1085, #4353 ) ) ;
#26 = DIRECTION ( 'NONE',  ( -0.000000000000000000, 1.000000000000000000, -0.000000000000000000 ) ) ;
#27 = CARTESIAN_POINT ( 'NONE',  ( 5.000000000000000000, 29.94660307113847963, -27.00000000000000000 ) ) ;
#28 = ORIENTED_EDGE ( 'NONE', *, *, #1019, .T. ) ;
#29 = CARTESIAN_POINT ( 'NONE',  ( 19.75723075156712127, 33.73576415855151112, -5.799772815924636227 ) ) ;
#31 = CARTESIAN_POINT ( 'NONE',  ( 0.000000000000000000, -23.00000000000000000, 0.000000000000000000 ) ) ;
#30 = CIRCLE ( 'NONE', #2120, 1.000000000000002665 ) ;
#32 = DIRECTION ( 'NONE',  ( 0.000000000000000000, 0.000000000000000000, 1.000000000000000000 ) ) ;
#33 = AXIS2_PLACEMENT_3D ( 'NONE', #4022, #205, #2726 ) ;
#34 = ORIENTED_EDGE ( 'NONE', *, *, #1562, .F. ) ;
#35 = VECTOR ( 'NONE', #2307, 1000.000000000000000 ) ;
#36 = VERTEX_POINT ( 'NONE', #4449 ) ;
#37 = AXIS2_PLACEMENT_3D ( 'NONE', #1101, #2374, #4093 ) ;
#38 = CARTESIAN_POINT ( 'NONE',  ( 19.46972994058766560, 35.36597552778952291, -8.811497759828133880 ) ) ;
#39 = CARTESIAN_POINT ( 'NONE',  ( -17.99999999999999645, 44.00000000000000000, 3.469446951953614189E-15 ) ) ;
#40 = CARTESIAN_POINT ( 'NONE',  ( -10.76433680240096002, 23.00230134897252654, -14.24539730205511923 ) ) ;
#41 = CARTESIAN_POINT ( 'NONE',  ( -7.760869565217389798, -16.99999999999997513, -19.51330068419186148 ) ) ;
#42 = EDGE_LOOP ( 'NONE', ( #892, #694, #3312, #5438 ) ) ;
#43 = ORIENTED_EDGE ( 'NONE', *, *, #3620, .F. ) ;
#44 = EDGE_CURVE ( 'NONE', #2383, #1193, #844, .T. ) ;
#45 = ORIENTED_EDGE ( 'NONE', *, *, #5238, .T. ) ;
#46 = CIRCLE ( 'NONE', #680, 2.100000000000000977 ) ;
#47 = CARTESIAN_POINT ( 'NONE',  ( -2.793185071074506684E-14, -20.99999999999999645, 5.899999999999999467 ) ) ;
#48 = CARTESIAN_POINT ( 'NONE',  ( 11.84898187506157541, 24.02469966471825558, -14.22530033528174975 ) ) ;
#49 = CARTESIAN_POINT ( 'NONE',  ( 8.000000000000000000, -20.99999999999999645, 0.000000000000000000 ) ) ;
#50 = ORIENTED_EDGE ( 'NONE', *, *, #673, .T. ) ;
#51 = EDGE_LOOP ( 'NONE', ( #2829, #4838, #3663 ) ) ;
#52 = CIRCLE ( 'NONE', #2673, 2.000000000000000000 ) ;
#53 = EDGE_CURVE ( 'NONE', #590, #5246, #1762, .T. ) ;
#54 = CARTESIAN_POINT ( 'NONE',  ( 10.50000000000000000, 17.94529881718182907, -20.37831841818118050 ) ) ;
#55 = FACE_BOUND ( 'NONE', #3974, .T. ) ;
#56 = ORIENTED_EDGE ( 'NONE', *, *, #219, .F. ) ;
#57 = EDGE_CURVE ( 'NONE', #5054, #1413, #221, .T. ) ;
#58 = PLANE ( 'NONE',  #4676 ) ;
#59 = CARTESIAN_POINT ( 'NONE',  ( -19.40987863616337350, 35.41853524146920051, -7.400037579088317941 ) ) ;
#60 = EDGE_LOOP ( 'NONE', ( #272, #1310, #3855, #2975 ) ) ;
#61 = DIRECTION ( 'NONE',  ( 0.000000000000000000, 1.000000000000000000, -0.000000000000000000 ) ) ;
#62 = FACE_BOUND ( 'NONE', #886, .T. ) ;
#63 = AXIS2_PLACEMENT_3D ( 'NONE', #1719, #3859, #4248 ) ;
#64 = ORIENTED_EDGE ( 'NONE', *, *, #1783, .F. ) ;
#65 = VECTOR ( 'NONE', #1356, 1000.000000000000000 ) ;
#66 = ORIENTED_EDGE ( 'NONE', *, *, #1938, .T. ) ;
#67 = CARTESIAN_POINT ( 'NONE',  ( -17.99999999999999645, 30.00000000000000000, 8.750000000000003553 ) ) ;
#68 = CARTESIAN_POINT ( 'NONE',  ( 0.000000000000000000, 27.99999999999999645, 0.000000000000000000 ) ) ;
#69 = CARTESIAN_POINT ( 'NONE',  ( 12.50000000000000000, 26.00000000000000355, -12.25000000000000000 ) ) ;
#70 = DIRECTION ( 'NONE',  ( 0.000000000000000000, 0.000000000000000000, 1.000000000000000000 ) ) ;
#71 = B_SPLINE_CURVE_WITH_KNOTS ( 'NONE', 3,
 ( #96, #4024, #1772, #1742, #940, #1311, #38, #4871, #2702, #4381, #4409, #538, #3995, #1829 ),
 .UNSPECIFIED., .F., .F.,
 ( 4, 2, 2, 2, 2, 2, 4 ),
 ( 0.0002887918457229921194, 0.0007231806148828507155, 0.001157569384042709312, 0.002026346922362428672, 0.002895124460682148033, 0.003329513229842013568, 0.003763901999001879103 ),
 .UNSPECIFIED. ) ;
#72 = EDGE_LOOP ( 'NONE', ( #3095, #3972, #2938 ) ) ;
#73 = ORIENTED_EDGE ( 'NONE', *, *, #1238, .T. ) ;
#74 = AXIS2_PLACEMENT_3D ( 'NONE', #5595, #5567, #5207 ) ;
#75 = ORIENTED_EDGE ( 'NONE', *, *, #5385, .F. ) ;
#76 = DIRECTION ( 'NONE',  ( 0.000000000000000000, 0.000000000000000000, 1.000000000000000000 ) ) ;
#77 = CARTESIAN_POINT ( 'NONE',  ( 11.98143486427004056, 25.87206659525602959, -14.31396670237196567 ) ) ;
#78 = CARTESIAN_POINT ( 'NONE',  ( 19.00000000000000355, 33.24999999999998579, 30.75000000000000355 ) ) ;
#79 = AXIS2_PLACEMENT_3D ( 'NONE', #4361, #4417, #547 ) ;
#80 = ORIENTED_EDGE ( 'NONE', *, *, #1103, .T. ) ;
#81 = AXIS2_PLACEMENT_3D ( 'NONE', #2780, #3231, #3287 ) ;
#82 = ORIENTED_EDGE ( 'NONE', *, *, #4685, .T. ) ;
#83 = CIRCLE ( 'NONE', #620, 1.000000000000001554 ) ;
#84 = CARTESIAN_POINT ( 'NONE',  ( -10.50000000000000000, 19.00000000000000355, -17.90760865802475621 ) ) ;
#85 = EDGE_CURVE ( 'NONE', #1093, #254, #2856, .T. ) ;
#86 = ADVANCED_FACE ( 'NONE', ( #1471 ), #1503, .F. ) ;
#87 = LINE ( 'NONE', #3112, #4308 ) ;
#88 = EDGE_CURVE ( 'NONE', #4841, #920, #2990, .T. ) ;
#89 = CARTESIAN_POINT ( 'NONE',  ( -19.99999999999999645, 34.13660610440753373, -10.07302279217061525 ) ) ;
#90 = ORIENTED_EDGE ( 'NONE', *, *, #4421, .T. ) ;
#91 = CARTESIAN_POINT ( 'NONE',  ( 0.000000000000000000, 36.00000000000000000, 0.000000000000000000 ) ) ;
#92 = CARTESIAN_POINT ( 'NONE',  ( 19.83595289035174858, 34.79799986747047313, 33.63674326205338616 ) ) ;
#93 = ORIENTED_EDGE ( 'NONE', *, *, #4206, .T. ) ;
#94 = EDGE_CURVE ( 'NONE', #3025, #4021, #1495, .T. ) ;
#95 = ORIENTED_EDGE ( 'NONE', *, *, #2276, .F. ) ;
#96 = CARTESIAN_POINT ( 'NONE',  ( 19.40987863616340903, 35.41853524146917920, -7.400037579088317052 ) ) ;
#97 = DIRECTION ( 'NONE',  ( 0.000000000000000000, -0.000000000000000000, 1.000000000000000000 ) ) ;
#98 = CARTESIAN_POINT ( 'NONE',  ( 9.940233818901722529, -21.89585214763720700, -27.02977358252217144 ) ) ;
#99 = LINE ( 'NONE', #183, #4860 ) ;
#100 = ORIENTED_EDGE ( 'NONE', *, *, #701, .T. ) ;
#101 = ORIENTED_EDGE ( 'NONE', *, *, #2140, .F. ) ;
#102 = EDGE_LOOP ( 'NONE', ( #1147, #1778, #1895 ) ) ;
#103 = ORIENTED_EDGE ( 'NONE', *, *, #715, .F. ) ;
#104 = CIRCLE ( 'NONE', #2725, 10.50000000000000000 ) ;
#105 = CARTESIAN_POINT ( 'NONE',  ( 5.000000000000000000, -23.00000000000000000, -26.69070068187556544 ) ) ;
#106 = LINE ( 'NONE', #4827, #796 ) ;
#107 = ORIENTED_EDGE ( 'NONE', *, *, #5471, .T. ) ;
#108 = TOROIDAL_SURFACE ( 'NONE', #5162, 26.99999999999999645, 2.000000000000000000 ) ;
#109 = CARTESIAN_POINT ( 'NONE',  ( 0.000000000000000000, -23.00000000000000000, 0.000000000000000000 ) ) ;
#110 = DIRECTION ( 'NONE',  ( 0.000000000000000000, 0.000000000000000000, 1.000000000000000000 ) ) ;
#111 = PERSON_AND_ORGANIZATION_ROLE ( 'creator' ) ;
#112 = ORIENTED_EDGE ( 'NONE', *, *, #1133, .T. ) ;
#113 = ADVANCED_FACE ( 'NONE', ( #2093 ), #3357, .T. ) ;
#114 = AXIS2_PLACEMENT_3D ( 'NONE', #1319, #3049, #4279 ) ;
#115 = SPHERICAL_SURFACE ( 'NONE', #3513, 2.000000000000000000 ) ;
#116 = FACE_OUTER_BOUND ( 'NONE', #3150, .T. ) ;
#117 = ORIENTED_EDGE ( 'NONE', *, *, #5309, .F. ) ;
#118 = FACE_OUTER_BOUND ( 'NONE', #244, .T. ) ;
#119 = DIRECTION ( 'NONE',  ( 0.000000000000000000, 0.000000000000000000, 1.000000000000000000 ) ) ;
#120 = VERTEX_POINT ( 'NONE', #4179 ) ;
#121 = EDGE_CURVE ( 'NONE', #4739, #2419, #4916, .T. ) ;
#122 = CIRCLE ( 'NONE', #1756, 1.249999999999997558 ) ;
#123 = ORIENTED_EDGE ( 'NONE', *, *, #2692, .T. ) ;
#124 = CARTESIAN_POINT ( 'NONE',  ( 8.500000000000000000, 30.00000000000000000, -24.87468592766547815 ) ) ;
#125 = CARTESIAN_POINT ( 'NONE',  ( 0.000000000000000000, 19.00000000000000000, -5.000000000000000000 ) ) ;
#126 = DIRECTION ( 'NONE',  ( 0.000000000000000000, 1.000000000000000000, -0.000000000000000000 ) ) ;
#127 = DIRECTION ( 'NONE',  ( 1.000000000000000000, -0.000000000000000000, 0.000000000000000000 ) ) ;
#128 = ORIENTED_EDGE ( 'NONE', *, *, #1269, .T. ) ;
#129 = ORIENTED_EDGE ( 'NONE', *, *, #5200, .T. ) ;
#130 = EDGE_CURVE ( 'NONE', #1413, #4065, #3400, .T. ) ;
#131 = AXIS2_PLACEMENT_3D ( 'NONE', #2964, #4682, #2910 ) ;
#132 = EDGE_LOOP ( 'NONE', ( #1070, #4794, #3082, #1916 ) ) ;
#133 = AXIS2_PLACEMENT_3D ( 'NONE', #639, #1978, #5394 ) ;
#134 = LINE ( 'NONE', #1896, #3646 ) ;
#135 = DIRECTION ( 'NONE',  ( 0.000000000000000000, 0.000000000000000000, 1.000000000000000000 ) ) ;
#136 = ORIENTED_EDGE ( 'NONE', *, *, #4366, .F. ) ;
#137 = ORIENTED_EDGE ( 'NONE', *, *, #2748, .F. ) ;
#138 = CARTESIAN_POINT ( 'NONE',  ( -16.99999999999998934, 30.00000000000000000, 19.75000000000000711 ) ) ;
#139 = DIRECTION ( 'NONE',  ( 0.000000000000000000, 0.000000000000000000, -1.000000000000000000 ) ) ;
#140 = APPLICATION_PROTOCOL_DEFINITION ( 'international standard', 'config_control_design', 1994, #3356 ) ;
#141 = CIRCLE ( 'NONE', #1408, 2.249999999999998668 ) ;
#142 = CYLINDRICAL_SURFACE ( 'NONE', #5232, 1.250000000000001110 ) ;
#143 = CARTESIAN_POINT ( 'NONE',  ( 8.405272796005614181E-14, 25.00000000000000000, -10.09999999999999964 ) ) ;
#144 = ORIENTED_EDGE ( 'NONE', *, *, #2580, .F. ) ;
#145 = FACE_OUTER_BOUND ( 'NONE', #2202, .T. ) ;
#146 = DIRECTION ( 'NONE',  ( 0.000000000000000000, 0.000000000000000000, -1.000000000000000000 ) ) ;
#147 = EDGE_CURVE ( 'NONE', #1453, #2805, #4363, .T. ) ;
#148 = VERTEX_POINT ( 'NONE', #3839 ) ;
#149 = CARTESIAN_POINT ( 'NONE',  ( 8.379555213223520053E-14, 19.00000000000000000, -9.000000000000001776 ) ) ;
#150 = EDGE_LOOP ( 'NONE', ( #904, #5222, #948, #2655, #220, #2708, #472, #391 ) ) ;
#151 = CARTESIAN_POINT ( 'NONE',  ( 8.000000000000000000, -13.06030303803299475, 0.000000000000000000 ) ) ;
#152 = EDGE_CURVE ( 'NONE', #905, #1258, #4204, .T. ) ;
#153 = DIRECTION ( 'NONE',  ( -0.000000000000000000, -0.000000000000000000, -1.000000000000000000 ) ) ;
#154 = EDGE_CURVE ( 'NONE', #1759, #1042, #808, .T. ) ;
#155 = CARTESIAN_POINT ( 'NONE',  ( 10.50000000000000000, -22.87544709486370564, -25.62713405747899031 ) ) ;
#156 = LINE ( 'NONE', #3128, #3788 ) ;
#157 = ORIENTED_EDGE ( 'NONE', *, *, #2471, .F. ) ;
#158 = VERTEX_POINT ( 'NONE', #5115 ) ;
#159 = VERTEX_POINT ( 'NONE', #5055 ) ;
#160 = EDGE_CURVE ( 'NONE', #4292, #3089, #3558, .T. ) ;
#161 = CARTESIAN_POINT ( 'NONE',  ( -50.40559159102153330, 36.00000000000000000, -7.180703308172531329 ) ) ;
#162 = CARTESIAN_POINT ( 'NONE',  ( 10.49999999999999822, -17.24236662162718758, -21.12934304590524448 ) ) ;
#163 = ORIENTED_EDGE ( 'NONE', *, *, #4498, .F. ) ;
#164 = CC_DESIGN_PERSON_AND_ORGANIZATION_ASSIGNMENT ( #3618, #554, ( #1438 ) ) ;
#165 = ORIENTED_EDGE ( 'NONE', *, *, #3847, .F. ) ;
#166 = DIRECTION ( 'NONE',  ( 0.9292047944853264463, -6.410934585131670933E-16, 0.3695652173913048788 ) ) ;
#167 = CIRCLE ( 'NONE', #1622, 1.000000000000002665 ) ;
#168 = CARTESIAN_POINT ( 'NONE',  ( 8.000000000000000000, -20.99999999999999645, -2.100000000000000533 ) ) ;
#169 = VECTOR ( 'NONE', #1512, 1000.000000000000000 ) ;
#170 = AXIS2_PLACEMENT_3D ( 'NONE', #5138, #3861, #3461 ) ;
#171 = VECTOR ( 'NONE', #4540, 1000.000000000000000 ) ;
#172 = CARTESIAN_POINT ( 'NONE',  ( -16.99999999999999289, 36.00000000000000000, -11.24999999999999645 ) ) ;
#173 = LINE ( 'NONE', #3170, #169 ) ;
#174 = ORIENTED_EDGE ( 'NONE', *, *, #5233, .F. ) ;
#175 = DIRECTION ( 'NONE',  ( 0.000000000000000000, 1.000000000000000000, -0.000000000000000000 ) ) ;
#176 = CARTESIAN_POINT ( 'NONE',  ( 19.00000000000000711, 33.24999999999999289, -10.24999999999999822 ) ) ;
#177 = FACE_OUTER_BOUND ( 'NONE', #5293, .T. ) ;
#178 = LINE ( 'NONE', #4106, #4649 ) ;
#179 = ORIENTED_EDGE ( 'NONE', *, *, #5410, .F. ) ;
#180 = DIRECTION ( 'NONE',  ( 1.000000000000000000, -0.000000000000000000, -0.000000000000000000 ) ) ;
#181 = DIRECTION ( 'NONE',  ( -0.000000000000000000, -0.000000000000000000, 1.000000000000000000 ) ) ;
#182 = CARTESIAN_POINT ( 'NONE',  ( 10.29930867739359535, -22.38713537350055205, -26.52843998161693406 ) ) ;
#183 = CARTESIAN_POINT ( 'NONE',  ( -19.99999999999999289, 33.99999999999999289, 19.75000000000000355 ) ) ;
#184 = ORIENTED_EDGE ( 'NONE', *, *, #737, .F. ) ;
#185 = EDGE_CURVE ( 'NONE', #753, #868, #382, .T. ) ;
#186 = EDGE_LOOP ( 'NONE', ( #3776, #4030, #704, #4328 ) ) ;
#187 = CARTESIAN_POINT ( 'NONE',  ( -5.000000000000000000, -16.80502757993630780, -27.00000000000000000 ) ) ;
#188 = PLANE ( 'NONE',  #4848 ) ;
#189 = CARTESIAN_POINT ( 'NONE',  ( 0.000000000000000000, -16.80502757993630780, -23.00000000000000000 ) ) ;
#190 = CARTESIAN_POINT ( 'NONE',  ( 10.49999999999999822, -17.48521270711600550, -20.88647939199306336 ) ) ;
#191 = ORIENTED_EDGE ( 'NONE', *, *, #4850, .T. ) ;
#192 = ADVANCED_FACE ( 'NONE', ( #4230 ), #2572, .F. ) ;
#193 = CARTESIAN_POINT ( 'NONE',  ( -2.767467488292412556E-14, -20.99999999999999645, 10.10000000000000142 ) ) ;
#194 = DIRECTION ( 'NONE',  ( 0.000000000000000000, 1.000000000000000000, 0.000000000000000000 ) ) ;
#195 = PERSON_AND_ORGANIZATION_ROLE ( 'creator' ) ;
#196 = VECTOR ( 'NONE', #3853, 1000.000000000000000 ) ;
#197 = AXIS2_PLACEMENT_3D ( 'NONE', #5294, #4781, #449 ) ;
#198 = EDGE_CURVE ( 'NONE', #868, #3613, #3026, .T. ) ;
#199 = DIRECTION ( 'NONE',  ( 0.000000000000000000, 1.000000000000000000, 0.000000000000000000 ) ) ;
#200 = CARTESIAN_POINT ( 'NONE',  ( -19.99999999999998579, 35.17157287525380838, 20.57842712474619873 ) ) ;
#201 = ORIENTED_EDGE ( 'NONE', *, *, #1548, .T. ) ;
#202 = DIRECTION ( 'NONE',  ( -1.000000000000000000, -0.000000000000000000, 1.321694076934710402E-16 ) ) ;
#203 = CARTESIAN_POINT ( 'NONE',  ( -10.50000000000000000, -16.80502757993630780, 0.000000000000000000 ) ) ;
#204 = LOCAL_TIME ( 16, 15, 49.00000000000000000, #1045 ) ;
#205 = DIRECTION ( 'NONE',  ( -1.000000000000000000, 0.000000000000000000, 0.000000000000000000 ) ) ;
#206 = CARTESIAN_POINT ( 'NONE',  ( 20.00000000000000711, 26.00000000000000355, 36.24999999999999289 ) ) ;
#207 = ORIENTED_EDGE ( 'NONE', *, *, #3985, .T. ) ;
#208 = DIRECTION ( 'NONE',  ( 0.000000000000000000, 0.000000000000000000, -1.000000000000000000 ) ) ;
#209 = FACE_OUTER_BOUND ( 'NONE', #2734, .T. ) ;
#210 = CARTESIAN_POINT ( 'NONE',  ( 8.379555213223520053E-14, -23.00000000000000000, -7.999999999999998224 ) ) ;
#211 = CARTESIAN_POINT ( 'NONE',  ( 20.00000000000000711, 33.99999999999999289, 29.87867965644036161 ) ) ;
#212 = VERTEX_POINT ( 'NONE', #412 ) ;
#213 = ORIENTED_EDGE ( 'NONE', *, *, #5482, .F. ) ;
#214 = FACE_OUTER_BOUND ( 'NONE', #2640, .T. ) ;
#215 = DIRECTION ( 'NONE',  ( 0.000000000000000000, 1.000000000000000000, -0.000000000000000000 ) ) ;
#216 = CARTESIAN_POINT ( 'NONE',  ( 8.000000000000000000, 25.00000000000000000, 0.000000000000000000 ) ) ;
#217 = CARTESIAN_POINT ( 'NONE',  ( -18.99999999999999289, 33.24999999999999289, -10.24999999999999822 ) ) ;
#218 = VECTOR ( 'NONE', #662, 1000.000000000000000 ) ;
#219 = EDGE_CURVE ( 'NONE', #2770, #2624, #5558, .T. ) ;
#220 = ORIENTED_EDGE ( 'NONE', *, *, #2004, .F. ) ;
#221 = LINE ( 'NONE', #5341, #1217 ) ;
#222 = VECTOR ( 'NONE', #615, 1000.000000000000000 ) ;
#223 = CARTESIAN_POINT ( 'NONE',  ( 20.00000000000000711, 32.00000000000000000, -16.25000000000000000 ) ) ;
#224 = AXIS2_PLACEMENT_3D ( 'NONE', #1603, #3318, #5039 ) ;
#225 = DIRECTION ( 'NONE',  ( 0.000000000000000000, 0.000000000000000000, 1.000000000000000000 ) ) ;
#226 = ADVANCED_FACE ( 'NONE', ( #4705 ), #3413, .T. ) ;
#227 = ORIENTED_EDGE ( 'NONE', *, *, #2380, .T. ) ;
#228 = AXIS2_PLACEMENT_3D ( 'NONE', #2017, #679, #2412 ) ;
#229 = CARTESIAN_POINT ( 'NONE',  ( -50.40559159102153330, 33.24999999999999289, -7.999999999999996447 ) ) ;
#230 = AXIS2_PLACEMENT_3D ( 'NONE', #5494, #2110, #4753 ) ;
#231 = CARTESIAN_POINT ( 'NONE',  ( -8.525784352030189694, 30.01289217601511439, -15.98820384766544400 ) ) ;
#232 = EDGE_LOOP ( 'NONE', ( #1233, #3863, #5509, #722, #561, #3966, #4431, #4164, #5139, #1167 ) ) ;
#233 = CARTESIAN_POINT ( 'NONE',  ( -16.99999999999998579, 33.24999999999998579, 32.00000000000000000 ) ) ;
#234 = DIRECTION ( 'NONE',  ( -0.000000000000000000, -1.000000000000000000, -0.000000000000000000 ) ) ;
#235 = EDGE_CURVE ( 'NONE', #3069, #1716, #1156, .T. ) ;
#236 = AXIS2_PLACEMENT_3D ( 'NONE', #2870, #1518, #2388 ) ;
#237 = CARTESIAN_POINT ( 'NONE',  ( 0.000000000000000000, -23.00000000000000000, 10.50000000000000000 ) ) ;
#238 = DIRECTION ( 'NONE',  ( 1.000000000000000000, -0.000000000000000000, -0.000000000000000000 ) ) ;
#239 = ORIENTED_EDGE ( 'NONE', *, *, #2487, .T. ) ;
#240 = DIRECTION ( 'NONE',  ( 0.000000000000000000, 0.000000000000000000, -1.000000000000000000 ) ) ;
#241 = DIRECTION ( 'NONE',  ( 1.000000000000000000, -0.000000000000000000, -0.000000000000000000 ) ) ;
#242 = EDGE_CURVE ( 'NONE', #509, #898, #4600, .T. ) ;
#243 = DIRECTION ( 'NONE',  ( -1.000000000000000000, 0.000000000000000000, 0.000000000000000000 ) ) ;
#244 = EDGE_LOOP ( 'NONE', ( #4114, #1589, #945, #2647 ) ) ;
#245 = EDGE_LOOP ( 'NONE', ( #2661, #411, #5300, #3916 ) ) ;
#246 = CARTESIAN_POINT ( 'NONE',  ( 10.51289217601510551, 28.02578435203018969, -15.98820384766549552 ) ) ;
#247 = FACE_BOUND ( 'NONE', #4594, .T. ) ;
#248 = CARTESIAN_POINT ( 'NONE',  ( -10.50000000000128608, 22.39274138384242718, -15.85725861615755683 ) ) ;
#249 = FACE_OUTER_BOUND ( 'NONE', #5082, .T. ) ;
#250 = VERTEX_POINT ( 'NONE', #2459 ) ;
#251 = AXIS2_PLACEMENT_3D ( 'NONE', #5077, #4699, #1206 ) ;
#252 = CARTESIAN_POINT ( 'NONE',  ( -17.99999999999999645, 33.99999999999999289, -12.24999999999999467 ) ) ;
#253 = DIRECTION ( 'NONE',  ( -1.000000000000000000, 0.000000000000000000, 0.000000000000000000 ) ) ;
#254 = VERTEX_POINT ( 'NONE', #754 ) ;
#255 = ADVANCED_FACE ( 'NONE', ( #2489 ), #2632, .F. ) ;
#256 = LINE ( 'NONE', #4544, #489 ) ;
#257 = AXIS2_PLACEMENT_3D ( 'NONE', #1298, #2999, #3029 ) ;
#258 = DIRECTION ( 'NONE',  ( -0.000000000000000000, 1.000000000000000000, -0.000000000000000000 ) ) ;
#259 = ORIENTED_EDGE ( 'NONE', *, *, #5507, .F. ) ;
#260 = LINE ( 'NONE', #1480, #375 ) ;
#261 = CARTESIAN_POINT ( 'NONE',  ( 17.00000000000000355, 36.00000000000000000, 8.750000000000003553 ) ) ;
#262 = VERTEX_POINT ( 'NONE', #2158 ) ;
#263 = VECTOR ( 'NONE', #2009, 1000.000000000000000 ) ;
#264 = VECTOR ( 'NONE', #1417, 1000.000000000000000 ) ;
#265 = EDGE_CURVE ( 'NONE', #4338, #1502, #4806, .T. ) ;
#266 = CARTESIAN_POINT ( 'NONE',  ( -12.50000000000000000, 24.00000000000000000, -2.296212748401287183E-15 ) ) ;
#267 = CARTESIAN_POINT ( 'NONE',  ( 8.500000000000000000, 27.99999999999999645, 0.000000000000000000 ) ) ;
#268 = ORIENTED_EDGE ( 'NONE', *, *, #628, .T. ) ;
#269 = CARTESIAN_POINT ( 'NONE',  ( -7.021739130434780485, 17.00000000000000000, -17.65489109522120970 ) ) ;
#270 = DIRECTION ( 'NONE',  ( -0.000000000000000000, -1.000000000000000000, 0.000000000000000000 ) ) ;
#271 = DIRECTION ( 'NONE',  ( 1.000000000000000000, 0.000000000000000000, -2.168404344971009361E-16 ) ) ;
#272 = ORIENTED_EDGE ( 'NONE', *, *, #287, .F. ) ;
#273 = EDGE_CURVE ( 'NONE', #2373, #2283, #4813, .T. ) ;
#274 = ORIENTED_EDGE ( 'NONE', *, *, #4968, .T. ) ;
#275 = CARTESIAN_POINT ( 'NONE',  ( 10.44761648746025706, 29.94761648745980054, -16.19416389567716763 ) ) ;
#276 = DIRECTION ( 'NONE',  ( 0.000000000000000000, 0.000000000000000000, 1.000000000000000000 ) ) ;
#277 = CARTESIAN_POINT ( 'NONE',  ( 7.760869565217389798, 53.62056430719963629, -19.51330068419186148 ) ) ;
#278 = LINE ( 'NONE', #2062, #263 ) ;
#279 = DIRECTION ( 'NONE',  ( -0.000000000000000000, -0.000000000000000000, 1.000000000000000000 ) ) ;
#280 = DIRECTION ( 'NONE',  ( -0.000000000000000000, 1.000000000000000000, -0.000000000000000000 ) ) ;
#281 = CARTESIAN_POINT ( 'NONE',  ( -2.793185071074506684E-14, 19.00000000000000000, 8.000000000000000000 ) ) ;
#282 = DIRECTION ( 'NONE',  ( 0.000000000000000000, 0.000000000000000000, -1.000000000000000000 ) ) ;
#283 = CIRCLE ( 'NONE', #3983, 2.100000000000000533 ) ;
#284 = DIRECTION ( 'NONE',  ( 0.000000000000000000, 1.000000000000000000, -0.000000000000000000 ) ) ;
#285 = CIRCLE ( 'NONE', #913, 2.000000000000001776 ) ;
#286 = EDGE_LOOP ( 'NONE', ( #864, #1221, #1398, #4877 ) ) ;
#287 = EDGE_CURVE ( 'NONE', #4186, #914, #3933, .T. ) ;
#288 = VECTOR ( 'NONE', #234, 1000.000000000000000 ) ;
#289 = DIRECTION ( 'NONE',  ( -0.000000000000000000, -1.000000000000000000, -0.000000000000000000 ) ) ;
#290 = MANIFOLD_SOLID_BREP ( 'Fillet6', #4272 ) ;
#291 = CYLINDRICAL_SURFACE ( 'NONE', #771, 1.000000000000002665 ) ;
#292 = VERTEX_POINT ( 'NONE', #4778 ) ;
#293 = DIRECTION ( 'NONE',  ( -1.321694076934710402E-16, 0.000000000000000000, -1.000000000000000000 ) ) ;
#294 = FACE_OUTER_BOUND ( 'NONE', #5236, .T. ) ;
#295 = DIRECTION ( 'NONE',  ( 0.000000000000000000, 0.000000000000000000, 1.000000000000000000 ) ) ;
#296 = EDGE_CURVE ( 'NONE', #1662, #3280, #2516, .T. ) ;
#297 = ORIENTED_EDGE ( 'NONE', *, *, #1410, .T. ) ;
#298 =( BOUNDED_SURFACE ( )  B_SPLINE_SURFACE ( 3, 2, ( 
 ( #1079, #2810, #3260 ),
 ( #1452, #4890, #1020 ),
 ( #5349, #2382, #231 ),
 ( #3793, #1219, #5010 ),
 ( #5511, #2917, #1649 ),
 ( #4576, #1624, #5537 ),
 ( #5484, #733, #2077 ),
 ( #2974, #2524, #4258 ),
 ( #390, #3339, #4236 ),
 ( #1702, #3364, #1136 ),
 ( #2098, #2893, #3819 ),
 ( #4660, #2128, #1245 ),
 ( #2864, #1600, #1677 ),
 ( #312, #3845, #1164 ),
 ( #3392, #708, #4606 ),
 ( #2468, #364, #2494 ) ),
 .UNSPECIFIED., .F., .F., .F. ) 
 B_SPLINE_SURFACE_WITH_KNOTS ( ( 4, 2, 2, 2, 2, 2, 2, 4 ),
 ( 3, 3 ),
 ( 3.141592653589793116, 3.337942194439155408, 3.534291735288517255, 3.730641276137879103, 3.926990816987241395, 4.123340357836603687, 4.319689898685965090, 4.712388980384689674 ),
 ( 0.000000000000000000, 1.000000000000000000 ),
 .UNSPECIFIED. ) 
 GEOMETRIC_REPRESENTATION_ITEM ( )  RATIONAL_B_SPLINE_SURFACE ( (
 ( 1.000000000000000000, 0.7071067811865475727, 1.000000000000000000),
 ( 1.000000000000000000, 0.7070717279753926388, 1.000000000000000000),
 ( 1.000000000000000000, 0.7117460030643452118, 1.000000000000000000),
 ( 1.000000000000000000, 0.7291288934789712517, 1.000000000000000000),
 ( 1.000000000000000000, 0.7418334186077172321, 1.000000000000000000),
 ( 1.000000000000000000, 0.7723968210894861519, 1.000000000000000000),
 ( 1.000000000000000000, 0.7902180092785293652, 1.000000000000000000),
 ( 1.000000000000000000, 0.8275942689648124739, 1.000000000000000000),
 ( 1.000000000000000000, 0.8471316608880303800, 1.000000000000000000),
 ( 1.000000000000000000, 0.8849191466808479234, 1.000000000000000000),
 ( 1.000000000000000000, 0.9031650997099274214, 1.000000000000000000),
 ( 1.000000000000000000, 0.9360421839764671015, 1.000000000000000000),
 ( 1.000000000000000000, 0.9506740355727920644, 1.000000000000000000),
 ( 1.000000000000000000, 0.9867291884978844907, 1.000000000000000000),
 ( 1.000000000000000000, 1.000158581338177033, 1.000000000000000000),
 ( 1.000000000000000000, 1.000000000000000000, 1.000000000000000000) ) ) 
 REPRESENTATION_ITEM ( '' )  SURFACE ( )  );
#299 = ORIENTED_EDGE ( 'NONE', *, *, #4673, .F. ) ;
#300 = DIRECTION ( 'NONE',  ( -0.000000000000000000, -1.000000000000000000, 0.000000000000000000 ) ) ;
#301 = CARTESIAN_POINT ( 'NONE',  ( 0.000000000000000000, 19.00000000000000000, 0.000000000000000000 ) ) ;
#302 = CARTESIAN_POINT ( 'NONE',  ( -5.000000000000000000, -22.98222718265600406, -26.84637089860565951 ) ) ;
#303 = CARTESIAN_POINT ( 'NONE',  ( -8.500000000000000000, 27.99999999999999645, 0.000000000000000000 ) ) ;
#304 = EDGE_CURVE ( 'NONE', #4472, #1976, #1705, .T. ) ;
#305 = CARTESIAN_POINT ( 'NONE',  ( 8.500000000000000000, 30.00000000000000000, -16.24999999999999645 ) ) ;
#306 = AXIS2_PLACEMENT_3D ( 'NONE', #1980, #2008, #697 ) ;
#307 = DIRECTION ( 'NONE',  ( -0.000000000000000000, 0.000000000000000000, 1.000000000000000000 ) ) ;
#308 = AXIS2_PLACEMENT_3D ( 'NONE', #1505, #2350, #4913 ) ;
#309 = CIRCLE ( 'NONE', #4191, 1.000000000000001332 ) ;
#310 = AXIS2_PLACEMENT_3D ( 'NONE', #252, #5002, #1071 ) ;
#311 = DIRECTION ( 'NONE',  ( 0.000000000000000000, 1.000000000000000000, 0.000000000000000000 ) ) ;
#312 = CARTESIAN_POINT ( 'NONE',  ( -11.97650422992211361, 30.95300845984452209, -14.30205464722641473 ) ) ;
#313 = LINE ( 'NONE', #5064, #616 ) ;
#314 = ORIENTED_EDGE ( 'NONE', *, *, #2445, .F. ) ;
#315 = CARTESIAN_POINT ( 'NONE',  ( 8.405272796005614181E-14, 13.06030303803299475, -10.09999999999999964 ) ) ;
#316 = DIRECTION ( 'NONE',  ( -1.000000000000000000, 0.000000000000000000, 0.000000000000000000 ) ) ;
#317 = ORIENTED_EDGE ( 'NONE', *, *, #3984, .F. ) ;
#318 = CARTESIAN_POINT ( 'NONE',  ( -19.59268878238432166, 35.21141487785089907, 30.89189202840186965 ) ) ;
#319 = CARTESIAN_POINT ( 'NONE',  ( 8.499999999999996447, 53.62056430719963629, -21.37171027316250971 ) ) ;
#320 = CARTESIAN_POINT ( 'NONE',  ( -10.50000000000000000, -22.87544709486370920, -25.62713405747899031 ) ) ;
#321 = VECTOR ( 'NONE', #2085, 1000.000000000000000 ) ;
#322 = ORIENTED_EDGE ( 'NONE', *, *, #2784, .T. ) ;
#323 = ADVANCED_FACE ( 'NONE', ( #2184 ), #58, .T. ) ;
#324 = EDGE_CURVE ( 'NONE', #1891, #3437, #3003, .T. ) ;
#325 = ORIENTED_EDGE ( 'NONE', *, *, #265, .F. ) ;
#326 = CYLINDRICAL_SURFACE ( 'NONE', #1323, 28.99999999999999645 ) ;
#327 = CARTESIAN_POINT ( 'NONE',  ( 20.00000000000000711, 32.66027970501550470, -5.828657103614578006 ) ) ;
#328 = CARTESIAN_POINT ( 'NONE',  ( 12.50000000000000000, 26.00000000000000355, -14.25000000000000000 ) ) ;
#329 = CARTESIAN_POINT ( 'NONE',  ( 20.00000000000000711, 33.99999999999999289, 38.24999999999999289 ) ) ;
#330 = EDGE_LOOP ( 'NONE', ( #1272, #2984, #3935, #1668 ) ) ;
#331 = CARTESIAN_POINT ( 'NONE',  ( -10.50000000000000000, -16.80502757993630780, -21.37171027316250971 ) ) ;
#332 = EDGE_CURVE ( 'NONE', #4725, #4197, #896, .T. ) ;
#333 = DIRECTION ( 'NONE',  ( -0.000000000000000000, 1.000000000000000000, -0.000000000000000000 ) ) ;
#334 = VECTOR ( 'NONE', #3220, 1000.000000000000000 ) ;
#335 = CIRCLE ( 'NONE', #3235, 2.000000000000000000 ) ;
#336 = EDGE_CURVE ( 'NONE', #1748, #3679, #518, .T. ) ;
#337 = DIRECTION ( 'NONE',  ( 0.000000000000000000, 0.000000000000000000, 1.000000000000000000 ) ) ;
#338 = DIRECTION ( 'NONE',  ( 0.000000000000000000, 0.000000000000000000, 1.000000000000000000 ) ) ;
#339 = DIRECTION ( 'NONE',  ( 0.000000000000000000, 1.000000000000000000, -0.000000000000000000 ) ) ;
#340 = B_SPLINE_CURVE_WITH_KNOTS ( 'NONE', 3,
 ( #1224, #4664, #3821, #1574, #5541, #1682, #3395, #2552, #393, #5123 ),
 .UNSPECIFIED., .F., .F.,
 ( 4, 2, 2, 2, 4 ),
 ( -9.269630503825951516E-06, 0.0007820674133334817044, 0.001573404457170789325, 0.002364741501008097053, 0.003156078544845404565 ),
 .UNSPECIFIED. ) ;
#341 = ORIENTED_EDGE ( 'NONE', *, *, #4223, .T. ) ;
#342 = AXIS2_PLACEMENT_3D ( 'NONE', #3709, #311, #4155 ) ;
#343 = CARTESIAN_POINT ( 'NONE',  ( 10.50000000000000000, 24.00000000000000000, -16.25000000000000000 ) ) ;
#344 = DIRECTION ( 'NONE',  ( 0.000000000000000000, -1.000000000000000000, 0.000000000000000000 ) ) ;
#345 = ORIENTED_EDGE ( 'NONE', *, *, #5482, .T. ) ;
#346 = DIRECTION ( 'NONE',  ( -1.000000000000000000, -0.000000000000000000, 0.000000000000000000 ) ) ;
#347 = LINE ( 'NONE', #5571, #2633 ) ;
#348 = VECTOR ( 'NONE', #3794, 1000.000000000000000 ) ;
#349 = DIRECTION ( 'NONE',  ( 0.000000000000000000, 0.000000000000000000, 1.000000000000000000 ) ) ;
#350 = AXIS2_PLACEMENT_3D ( 'NONE', #447, #5263, #1304 ) ;
#351 = ORIENTED_EDGE ( 'NONE', *, *, #3502, .F. ) ;
#352 = ORIENTED_EDGE ( 'NONE', *, *, #1618, .T. ) ;
#353 = CARTESIAN_POINT ( 'NONE',  ( 10.40780797712690564, 29.90780797712737282, -15.97134626878358254 ) ) ;
#354 = DIRECTION ( 'NONE',  ( 0.000000000000000000, 0.000000000000000000, -1.000000000000000000 ) ) ;
#355 = CARTESIAN_POINT ( 'NONE',  ( -12.50000000000000000, 24.00000000000000000, 0.000000000000000000 ) ) ;
#356 = LINE ( 'NONE', #3382, #621 ) ;
#357 = ORIENTED_EDGE ( 'NONE', *, *, #1047, .T. ) ;
#358 = CARTESIAN_POINT ( 'NONE',  ( 0.000000000000000000, -19.00000000000000000, 0.000000000000000000 ) ) ;
#359 = EDGE_CURVE ( 'NONE', #921, #4726, #5179, .T. ) ;
#360 = DIRECTION ( 'NONE',  ( 0.000000000000000000, 1.000000000000000000, 0.000000000000000000 ) ) ;
#361 =( BOUNDED_CURVE ( )  B_SPLINE_CURVE ( 3, ( #2226, #5581, #858, #1261 ),
 .UNSPECIFIED., .F., .F. ) 
 B_SPLINE_CURVE_WITH_KNOTS ( ( 4, 4 ),
 ( 4.712388980384689674, 6.283185307179586232 ),
 .UNSPECIFIED. ) 
 CURVE ( )  GEOMETRIC_REPRESENTATION_ITEM ( )  RATIONAL_B_SPLINE_CURVE ( ( 1.000000000000000000, 0.8047378541243649375, 0.8047378541243649375, 1.000000000000000000 ) ) 
 REPRESENTATION_ITEM ( '' )  );
#362 = EDGE_CURVE ( 'NONE', #3708, #159, #1329, .T. ) ;
#363 = DIRECTION ( 'NONE',  ( 0.000000000000000000, 0.000000000000000000, -1.000000000000000000 ) ) ;
#364 = CARTESIAN_POINT ( 'NONE',  ( -12.50000000000000355, 32.00000000000000711, -14.24999999999999289 ) ) ;
#365 = VERTEX_POINT ( 'NONE', #3033 ) ;
#366 = ADVANCED_FACE ( 'NONE', ( #4374 ), #870, .F. ) ;
#367 = LINE ( 'NONE', #343, #5371 ) ;
#368 = CARTESIAN_POINT ( 'NONE',  ( 20.00000000000001066, 35.17157287525380838, 20.57842712474619162 ) ) ;
#369 = ORIENTED_EDGE ( 'NONE', *, *, #1326, .T. ) ;
#370 = DIRECTION ( 'NONE',  ( -0.000000000000000000, -1.000000000000000000, -0.000000000000000000 ) ) ;
#371 = DIRECTION ( 'NONE',  ( 0.000000000000000000, 0.000000000000000000, 1.000000000000000000 ) ) ;
#372 = CARTESIAN_POINT ( 'NONE',  ( -50.40559159102153330, 33.24999999999998579, 30.75000000000000355 ) ) ;
#373 = VECTOR ( 'NONE', #2027, 1000.000000000000000 ) ;
#374 = VERTEX_POINT ( 'NONE', #3479 ) ;
#375 = VECTOR ( 'NONE', #1110, 1000.000000000000000 ) ;
#376 = EDGE_LOOP ( 'NONE', ( #3466, #5158, #4408, #664 ) ) ;
#377 = CARTESIAN_POINT ( 'NONE',  ( 10.80247350295502784, 30.30247350295562825, -15.02265179790658856 ) ) ;
#378 = CARTESIAN_POINT ( 'NONE',  ( -2.793185071074506684E-14, 19.00000000000000000, 6.999999999999997335 ) ) ;
#379 = CARTESIAN_POINT ( 'NONE',  ( -11.41628278553865883, 23.80509912507650583, -14.44490087492348529 ) ) ;
#380 = DIRECTION ( 'NONE',  ( 0.000000000000000000, 0.000000000000000000, 1.000000000000000000 ) ) ;
#381 = ORIENTED_EDGE ( 'NONE', *, *, #3620, .T. ) ;
#382 = LINE ( 'NONE', #5478, #5008 ) ;
#383 = CARTESIAN_POINT ( 'NONE',  ( 8.405272796005614181E-14, -23.00000000000000000, -5.899999999999997691 ) ) ;
#384 = EDGE_CURVE ( 'NONE', #3047, #2005, #2802, .T. ) ;
#385 = CARTESIAN_POINT ( 'NONE',  ( 11.27265179790629368, 23.69752649704437175, -14.55247350295502784 ) ) ;
#386 = AXIS2_PLACEMENT_3D ( 'NONE', #210, #1403, #601 ) ;
#387 = CARTESIAN_POINT ( 'NONE',  ( -10.50000000000000000, 18.16423126968662771, -20.11072522888431990 ) ) ;
#388 = ADVANCED_FACE ( 'NONE', ( #3959 ), #115, .T. ) ;
#389 = EDGE_CURVE ( 'NONE', #5196, #3622, #4771, .T. ) ;
#390 = CARTESIAN_POINT ( 'NONE',  ( -10.99322637705789774, 28.98645275411579192, -14.92834649819590886 ) ) ;
#391 = ORIENTED_EDGE ( 'NONE', *, *, #4987, .T. ) ;
#392 = AXIS2_PLACEMENT_3D ( 'NONE', #5531, #2566, #1643 ) ;
#393 = CARTESIAN_POINT ( 'NONE',  ( -10.50000000000000178, -22.78912761953493060, -25.87894431290004604 ) ) ;
#394 = AXIS2_PLACEMENT_3D ( 'NONE', #4906, #2879, #1951 ) ;
#395 = EDGE_CURVE ( 'NONE', #4849, #4726, #83, .T. ) ;
#396 = DIRECTION ( 'NONE',  ( 0.000000000000000000, 1.000000000000000000, 0.000000000000000000 ) ) ;
#397 = ORIENTED_EDGE ( 'NONE', *, *, #3228, .T. ) ;
#398 = LINE ( 'NONE', #2555, #3538 ) ;
#399 = CIRCLE ( 'NONE', #2849, 10.50000000000000000 ) ;
#400 = DIRECTION ( 'NONE',  ( 0.000000000000000000, 0.000000000000000000, -1.000000000000000000 ) ) ;
#401 = PRODUCT_DEFINITION ( 'UNKNOWN', '', #2642, #2395 ) ;
#402 = DIRECTION ( 'NONE',  ( 0.000000000000000000, 1.000000000000000000, 0.000000000000000000 ) ) ;
#403 = ORIENTED_EDGE ( 'NONE', *, *, #4993, .T. ) ;
#404 = EDGE_CURVE ( 'NONE', #2526, #1093, #800, .T. ) ;
#405 = ORIENTED_EDGE ( 'NONE', *, *, #3782, .F. ) ;
#406 = CARTESIAN_POINT ( 'NONE',  ( 11.97650422992180275, 30.95300845984452209, -14.30205464722654973 ) ) ;
#407 = AXIS2_PLACEMENT_3D ( 'NONE', #634, #3298, #5468 ) ;
#408 = CARTESIAN_POINT ( 'NONE',  ( 8.000000000000000000, 20.99999999999999645, -2.100000000000000533 ) ) ;
#409 = CARTESIAN_POINT ( 'NONE',  ( -2.793185071074506684E-14, 25.00000000000000000, 8.000000000000000000 ) ) ;
#410 = DIRECTION ( 'NONE',  ( 0.000000000000000000, 0.000000000000000000, 1.000000000000000000 ) ) ;
#411 = ORIENTED_EDGE ( 'NONE', *, *, #2861, .F. ) ;
#412 = CARTESIAN_POINT ( 'NONE',  ( 8.000000000000000000, -23.00000000000000000, 2.100000000000000533 ) ) ;
#413 = CIRCLE ( 'NONE', #3391, 2.000000000000001776 ) ;
#414 = CYLINDRICAL_SURFACE ( 'NONE', #2741, 2.100000000000000089 ) ;
#415 = CARTESIAN_POINT ( 'NONE',  ( 10.50000000000385292, 22.39274138384227797, -15.85725861615772381 ) ) ;
#416 = ORIENTED_EDGE ( 'NONE', *, *, #121, .F. ) ;
#417 = CARTESIAN_POINT ( 'NONE',  ( 10.49999999999999822, 17.24129772364293345, -21.13041194656048560 ) ) ;
#418 = CARTESIAN_POINT ( 'NONE',  ( -2.793185071074506684E-14, -20.99999999999999645, 8.000000000000000000 ) ) ;
#419 = ORIENTED_EDGE ( 'NONE', *, *, #3749, .T. ) ;
#420 = AXIS2_PLACEMENT_3D ( 'NONE', #4146, #3703, #3304 ) ;
#421 = ADVANCED_FACE ( 'NONE', ( #2835 ), #3230, .F. ) ;
#422 = ADVANCED_FACE ( 'NONE', ( #1477 ), #559, .F. ) ;
#423 = CIRCLE ( 'NONE', #2152, 2.250000000000001776 ) ;
#424 = DIRECTION ( 'NONE',  ( 0.000000000000000000, 0.000000000000000000, 1.000000000000000000 ) ) ;
#425 = CARTESIAN_POINT ( 'NONE',  ( 0.000000000000000000, 27.99999999999999645, 0.000000000000000000 ) ) ;
#426 = ORIENTED_EDGE ( 'NONE', *, *, #1359, .T. ) ;
#427 = DIRECTION ( 'NONE',  ( -1.000000000000000000, 0.000000000000000000, 0.000000000000000000 ) ) ;
#428 = DIRECTION ( 'NONE',  ( -1.000000000000000000, -0.000000000000000000, -0.000000000000000000 ) ) ;
#429 = EDGE_LOOP ( 'NONE', ( #3227, #2249, #100, #5557 ) ) ;
#430 = ADVANCED_FACE ( 'NONE', ( #4486, #4427 ), #1932, .F. ) ;
#431 = ORIENTED_EDGE ( 'NONE', *, *, #1436, .F. ) ;
#432 = CARTESIAN_POINT ( 'NONE',  ( -19.99999999999998579, 36.00000000000000000, 35.24999999999999289 ) ) ;
#433 = FACE_OUTER_BOUND ( 'NONE', #587, .T. ) ;
#434 = DIRECTION ( 'NONE',  ( 8.673617379884043361E-16, 0.000000000000000000, -1.000000000000000000 ) ) ;
#435 = DIRECTION ( 'NONE',  ( 0.000000000000000000, -0.000000000000000000, 1.000000000000000000 ) ) ;
#436 = EDGE_LOOP ( 'NONE', ( #483, #3560, #3522, #3109 ) ) ;
#437 = VERTEX_POINT ( 'NONE', #2322 ) ;
#438 = CIRCLE ( 'NONE', #5498, 1.000000000000001776 ) ;
#439 = EDGE_CURVE ( 'NONE', #3430, #5041, #1077, .T. ) ;
#440 = CIRCLE ( 'NONE', #2613, 2.250000000000001776 ) ;
#441 = DIRECTION ( 'NONE',  ( 0.000000000000000000, 0.000000000000000000, -1.000000000000000000 ) ) ;
#442 = ORIENTED_EDGE ( 'NONE', *, *, #1096, .F. ) ;
#443 = DIRECTION ( 'NONE',  ( 0.000000000000000000, 0.000000000000000000, 1.000000000000000000 ) ) ;
#444 = FACE_OUTER_BOUND ( 'NONE', #880, .T. ) ;
#445 = VERTEX_POINT ( 'NONE', #2296 ) ;
#446 = CARTESIAN_POINT ( 'NONE',  ( -19.60212429313411775, 34.07264006799794487, -5.902525712633007515 ) ) ;
#447 = CARTESIAN_POINT ( 'NONE',  ( -50.40559159102153330, 33.24999999999999289, -7.999999999999996447 ) ) ;
#448 = ORIENTED_EDGE ( 'NONE', *, *, #611, .F. ) ;
#449 = DIRECTION ( 'NONE',  ( 0.000000000000000000, 0.000000000000000000, 1.000000000000000000 ) ) ;
#450 = CARTESIAN_POINT ( 'NONE',  ( 19.84096882630586123, 34.80492019415532923, 30.35743610158792194 ) ) ;
#451 = ADVANCED_FACE ( 'NONE', ( #1107, #2809 ), #5377, .F. ) ;
#452 = CARTESIAN_POINT ( 'NONE',  ( 8.000000000000000000, -20.99999999999999645, 0.000000000000000000 ) ) ;
#453 = EDGE_LOOP ( 'NONE', ( #117, #884, #4178, #4483 ) ) ;
#454 = VERTEX_POINT ( 'NONE', #2267 ) ;
#455 = CARTESIAN_POINT ( 'NONE',  ( -12.50000000000000000, 32.00000000000000000, -14.24999999999999645 ) ) ;
#456 = CARTESIAN_POINT ( 'NONE',  ( -17.99999999999999645, 33.99999999999999289, -12.24999999999999467 ) ) ;
#457 = EDGE_CURVE ( 'NONE', #481, #5337, #4515, .T. ) ;
#458 = CARTESIAN_POINT ( 'NONE',  ( -10.76433680240082325, 24.00460269794458057, -15.24769865102767064 ) ) ;
#459 = VECTOR ( 'NONE', #4193, 1000.000000000000000 ) ;
#460 = FACE_OUTER_BOUND ( 'NONE', #4100, .T. ) ;
#461 = VERTEX_POINT ( 'NONE', #2381 ) ;
#462 = ORIENTED_EDGE ( 'NONE', *, *, #3411, .F. ) ;
#463 = ORIENTED_EDGE ( 'NONE', *, *, #2415, .T. ) ;
#464 = AXIS2_PLACEMENT_3D ( 'NONE', #4433, #563, #3092 ) ;
#465 = DIRECTION ( 'NONE',  ( -0.000000000000000000, -1.000000000000000000, -0.000000000000000000 ) ) ;
#466 = ADVANCED_FACE ( 'NONE', ( #4098 ), #142, .F. ) ;
#467 = DIRECTION ( 'NONE',  ( -1.000000000000000000, 0.000000000000000000, 0.000000000000000000 ) ) ;
#468 = CARTESIAN_POINT ( 'NONE',  ( 0.000000000000000000, 24.00000000000000000, 0.000000000000000000 ) ) ;
#469 = ORIENTED_EDGE ( 'NONE', *, *, #1, .F. ) ;
#470 = DIRECTION ( 'NONE',  ( 0.000000000000000000, 1.000000000000000000, 0.000000000000000000 ) ) ;
#471 = CARTESIAN_POINT ( 'NONE',  ( 0.000000000000000000, 25.00000000000000000, -5.000000000000000000 ) ) ;
#472 = ORIENTED_EDGE ( 'NONE', *, *, #154, .F. ) ;
#473 = AXIS2_PLACEMENT_3D ( 'NONE', #1352, #3021, #1320 ) ;
#474 = CARTESIAN_POINT ( 'NONE',  ( -19.38777305268396489, 34.48851717524497928, -6.117716447224067267 ) ) ;
#475 = CARTESIAN_POINT ( 'NONE',  ( 8.391801681214993567E-14, 25.00000000000000000, -6.999999999999996447 ) ) ;
#476 = VERTEX_POINT ( 'NONE', #172 ) ;
#477 = CARTESIAN_POINT ( 'NONE',  ( 18.00000000000001421, 36.00000000000000000, 19.75000000000000355 ) ) ;
#479 = FACE_BOUND ( 'NONE', #2598, .T. ) ;
#478 = VECTOR ( 'NONE', #2336, 1000.000000000000000 ) ;
#480 = AXIS2_PLACEMENT_3D ( 'NONE', #3980, #2376, #4095 ) ;
#481 = VERTEX_POINT ( 'NONE', #1543 ) ;
#482 = CIRCLE ( 'NONE', #4550, 2.100000000000000089 ) ;
#483 = ORIENTED_EDGE ( 'NONE', *, *, #5583, .F. ) ;
#484 = CARTESIAN_POINT ( 'NONE',  ( 17.00000000000000000, 33.24999999999998579, 32.00000000000000000 ) ) ;
#485 = FACE_OUTER_BOUND ( 'NONE', #4842, .T. ) ;
#486 = DIRECTION ( 'NONE',  ( 0.000000000000000000, 1.000000000000000000, 0.000000000000000000 ) ) ;
#487 = ORIENTED_EDGE ( 'NONE', *, *, #3759, .T. ) ;
#488 = ORIENTED_EDGE ( 'NONE', *, *, #2868, .T. ) ;
#489 = VECTOR ( 'NONE', #5119, 1000.000000000000000 ) ;
#490 = EDGE_LOOP ( 'NONE', ( #2677, #838, #5253 ) ) ;
#491 = EDGE_CURVE ( 'NONE', #5538, #636, #4551, .T. ) ;
#492 = ADVANCED_FACE ( 'NONE', ( #3590 ), #2750, .T. ) ;
#493 = AXIS2_PLACEMENT_3D ( 'NONE', #2928, #1687, #3008 ) ;
#494 = CARTESIAN_POINT ( 'NONE',  ( 19.00000000000000711, 33.24999999999998579, 32.00000000000000000 ) ) ;
#495 = CARTESIAN_POINT ( 'NONE',  ( 10.55205464722642716, 22.52349577007790060, -15.20300845984449190 ) ) ;
#496 = FACE_OUTER_BOUND ( 'NONE', #2924, .T. ) ;
#497 = ORIENTED_EDGE ( 'NONE', *, *, #2814, .F. ) ;
#498 = ORIENTED_EDGE ( 'NONE', *, *, #4268, .F. ) ;
#499 = EDGE_CURVE ( 'NONE', #3629, #816, #4367, .T. ) ;
#500 = CARTESIAN_POINT ( 'NONE',  ( -10.50000000000000000, 18.93421439331397238, -18.58941614814137111 ) ) ;
#501 = DIRECTION ( 'NONE',  ( -2.168404344971008868E-16, 0.000000000000000000, -1.000000000000000000 ) ) ;
#502 = EDGE_CURVE ( 'NONE', #1584, #2142, #256, .T. ) ;
#503 = DIRECTION ( 'NONE',  ( -0.000000000000000000, -0.000000000000000000, -1.000000000000000000 ) ) ;
#504 = CARTESIAN_POINT ( 'NONE',  ( 19.00000000000000711, 33.24999999999998579, 32.00000000000000000 ) ) ;
#505 = ORIENTED_EDGE ( 'NONE', *, *, #3336, .F. ) ;
#506 = CARTESIAN_POINT ( 'NONE',  ( 18.00000000000001066, 26.00000000000000355, -12.25000000000000178 ) ) ;
#507 = CARTESIAN_POINT ( 'NONE',  ( 20.00000000000000711, 33.99999999999999289, 34.12132034355964549 ) ) ;
#508 = AXIS2_PLACEMENT_3D ( 'NONE', #4972, #1095, #1559 ) ;
#509 = VERTEX_POINT ( 'NONE', #5088 ) ;
#510 = ORIENTED_EDGE ( 'NONE', *, *, #242, .T. ) ;
#511 = CARTESIAN_POINT ( 'NONE',  ( 8.405272796005614181E-14, -20.99999999999999645, -5.899999999999997691 ) ) ;
#512 = CARTESIAN_POINT ( 'NONE',  ( -50.40559159102153330, 33.24999999999999289, -7.999999999999996447 ) ) ;
#513 = CARTESIAN_POINT ( 'NONE',  ( 5.000000000000000000, 30.00000000000000000, -26.53299832284319493 ) ) ;
#514 = DIRECTION ( 'NONE',  ( 0.000000000000000000, 1.000000000000000000, 0.000000000000000000 ) ) ;
#515 = VERTEX_POINT ( 'NONE', #3792 ) ;
#516 = ORIENTED_EDGE ( 'NONE', *, *, #3608, .F. ) ;
#517 = ORIENTED_EDGE ( 'NONE', *, *, #4928, .F. ) ;
#518 = CIRCLE ( 'NONE', #1596, 1.250000000000001110 ) ;
#519 = VECTOR ( 'NONE', #5292, 1000.000000000000000 ) ;
#520 = CARTESIAN_POINT ( 'NONE',  ( 8.499999999999998224, 27.99999999999999645, -25.62713405747899742 ) ) ;
#521 = CARTESIAN_POINT ( 'NONE',  ( 10.50000000000000000, -19.00000000000000000, -17.90760865802475621 ) ) ;
#522 = AXIS2_PLACEMENT_3D ( 'NONE', #2803, #2908, #1127 ) ;
#523 = EDGE_CURVE ( 'NONE', #976, #1453, #1679, .T. ) ;
#524 = AXIS2_PLACEMENT_3D ( 'NONE', #2320, #3258, #4949 ) ;
#525 = ORIENTED_EDGE ( 'NONE', *, *, #3822, .T. ) ;
#526 = CYLINDRICAL_SURFACE ( 'NONE', #3651, 2.000000000000001776 ) ;
#527 = CARTESIAN_POINT ( 'NONE',  ( 0.000000000000000000, 30.00000000000000000, 0.000000000000000000 ) ) ;
#528 = EDGE_CURVE ( 'NONE', #5046, #2292, #1955, .T. ) ;
#529 = ORIENTED_EDGE ( 'NONE', *, *, #3549, .F. ) ;
#530 = DIRECTION ( 'NONE',  ( 0.000000000000000000, 0.000000000000000000, -1.000000000000000000 ) ) ;
#531 = CARTESIAN_POINT ( 'NONE',  ( 20.00000000000000711, 33.24999999999999289, -10.24999999999999822 ) ) ;
#532 = ORIENTED_EDGE ( 'NONE', *, *, #160, .T. ) ;
#533 = DIRECTION ( 'NONE',  ( 0.000000000000000000, 0.000000000000000000, 1.000000000000000000 ) ) ;
#534 = CARTESIAN_POINT ( 'NONE',  ( 19.75995426939661215, 34.95398520623039929, 33.47365752891018076 ) ) ;
#535 = ADVANCED_FACE ( 'NONE', ( #1189 ), #1568, .T. ) ;
#536 = ORIENTED_EDGE ( 'NONE', *, *, #1959, .T. ) ;
#537 = VERTEX_POINT ( 'NONE', #5009 ) ;
#538 = CARTESIAN_POINT ( 'NONE',  ( 19.98561696148782829, 34.27081577125617429, -10.01027462362211473 ) ) ;
#539 = CARTESIAN_POINT ( 'NONE',  ( -17.99999999999999645, 33.99999999999999289, -12.24999999999999467 ) ) ;
#540 = CARTESIAN_POINT ( 'NONE',  ( 10.45378653768860566, -22.66857297251161896, -26.10940187786183841 ) ) ;
#541 = CARTESIAN_POINT ( 'NONE',  ( -2.767467488292412556E-14, 13.06030303803299475, 5.899999999999999467 ) ) ;
#542 = EDGE_LOOP ( 'NONE', ( #2298, #1678, #4216, #3938 ) ) ;
#543 = ORIENTED_EDGE ( 'NONE', *, *, #4268, .T. ) ;
#544 = ORIENTED_EDGE ( 'NONE', *, *, #594, .F. ) ;
#545 = CIRCLE ( 'NONE', #4075, 1.999999999999998224 ) ;
#546 = CARTESIAN_POINT ( 'NONE',  ( 5.000000000000000000, -22.94660307113852227, -27.00000000000000000 ) ) ;
#547 = DIRECTION ( 'NONE',  ( 0.000000000000000000, 0.000000000000000000, 1.000000000000000000 ) ) ;
#548 = CIRCLE ( 'NONE', #649, 2.000000000000001776 ) ;
#549 = VERTEX_POINT ( 'NONE', #2915 ) ;
#550 = AXIS2_PLACEMENT_3D ( 'NONE', #3290, #4984, #2813 ) ;
#551 = EDGE_CURVE ( 'NONE', #1502, #3803, #3314, .T. ) ;
#552 = FACE_OUTER_BOUND ( 'NONE', #1948, .T. ) ;
#553 = FACE_BOUND ( 'NONE', #5551, .T. ) ;
#554 = PERSON_AND_ORGANIZATION_ROLE ( 'design_owner' ) ;
#555 = ORIENTED_EDGE ( 'NONE', *, *, #1047, .F. ) ;
#556 = ADVANCED_FACE ( 'NONE', ( #1646 ), #3388, .T. ) ;
#557 = AXIS2_PLACEMENT_3D ( 'NONE', #1725, #15, #5226 ) ;
#558 = ADVANCED_FACE ( 'NONE', ( #2522 ), #1989, .F. ) ;
#559 = CYLINDRICAL_SURFACE ( 'NONE', #4049, 2.100000000000000089 ) ;
#560 = DIRECTION ( 'NONE',  ( -0.000000000000000000, -1.000000000000000000, -0.000000000000000000 ) ) ;
#561 = ORIENTED_EDGE ( 'NONE', *, *, #878, .F. ) ;
#562 = CARTESIAN_POINT ( 'NONE',  ( 5.000000000000006217, -16.80502757993630780, -1.084202172485505815E-15 ) ) ;
#563 = DIRECTION ( 'NONE',  ( -0.000000000000000000, -1.000000000000000000, -0.000000000000000000 ) ) ;
#564 = ORIENTED_EDGE ( 'NONE', *, *, #4975, .F. ) ;
#565 = EDGE_CURVE ( 'NONE', #2005, #3185, #1336, .T. ) ;
#566 = DIRECTION ( 'NONE',  ( 0.000000000000000000, 1.000000000000000000, 0.000000000000000000 ) ) ;
#567 = AXIS2_PLACEMENT_3D ( 'NONE', #69, #882, #5220 ) ;
#568 = ORIENTED_EDGE ( 'NONE', *, *, #1883, .T. ) ;
#569 = DIRECTION ( 'NONE',  ( 0.000000000000000000, 1.000000000000000000, -0.000000000000000000 ) ) ;
#570 = DIRECTION ( 'NONE',  ( 0.000000000000000000, 0.000000000000000000, 1.000000000000000000 ) ) ;
#571 = CIRCLE ( 'NONE', #1297, 1.000000000000001776 ) ;
#572 = CARTESIAN_POINT ( 'NONE',  ( -5.000000000000000888, 27.99999999999998224, -23.00000000000000000 ) ) ;
#573 = CYLINDRICAL_SURFACE ( 'NONE', #1349, 2.000000000000000000 ) ;
#574 = EDGE_LOOP ( 'NONE', ( #5023, #3366, #5470, #297 ) ) ;
#575 = ORIENTED_EDGE ( 'NONE', *, *, #3501, .F. ) ;
#576 = AXIS2_PLACEMENT_3D ( 'NONE', #1802, #5247, #999 ) ;
#577 = VECTOR ( 'NONE', #833, 1000.000000000000000 ) ;
#578 = ORIENTED_EDGE ( 'NONE', *, *, #4855, .T. ) ;
#579 = CARTESIAN_POINT ( 'NONE',  ( -8.499999999999996447, 19.00000000000000355, -17.37171027316250971 ) ) ;
#580 = CARTESIAN_POINT ( 'NONE',  ( -18.64879968859054671, 35.89634079621120577, -7.220317835581615107 ) ) ;
#581 = ORIENTED_EDGE ( 'NONE', *, *, #950, .T. ) ;
#582 = VERTEX_POINT ( 'NONE', #1218 ) ;
#583 = DIRECTION ( 'NONE',  ( 0.000000000000000000, 0.000000000000000000, -1.000000000000000000 ) ) ;
#584 = CARTESIAN_POINT ( 'NONE',  ( -1.666965226741279116, -23.00110697964871420, -27.00000000000000000 ) ) ;
#585 = MECHANICAL_CONTEXT ( 'NONE', #5590, 'mechanical' ) ;
#586 = CIRCLE ( 'NONE', #2670, 4.000000000000000000 ) ;
#587 = EDGE_LOOP ( 'NONE', ( #4691, #595, #2774, #5278 ) ) ;
#588 = DIRECTION ( 'NONE',  ( -1.000000000000000000, 0.000000000000000000, 0.000000000000000000 ) ) ;
#589 = CARTESIAN_POINT ( 'NONE',  ( -17.99999999999999645, 36.00000000000000000, 19.75000000000000355 ) ) ;
#590 = VERTEX_POINT ( 'NONE', #4659 ) ;
#591 = PLANE ( 'NONE',  #4077 ) ;
#592 = CARTESIAN_POINT ( 'NONE',  ( 20.00000000000000711, 30.00000000000000000, 36.24999999999999289 ) ) ;
#593 = EDGE_CURVE ( 'NONE', #3517, #3358, #3055, .T. ) ;
#594 = EDGE_CURVE ( 'NONE', #2315, #3824, #5488, .T. ) ;
#595 = ORIENTED_EDGE ( 'NONE', *, *, #2471, .T. ) ;
#596 = CARTESIAN_POINT ( 'NONE',  ( -8.000000000000000000, -23.00000000000000000, -5.586370142149013368E-14 ) ) ;
#597 = FACE_OUTER_BOUND ( 'NONE', #60, .T. ) ;
#598 = VERTEX_POINT ( 'NONE', #1163 ) ;
#599 = FACE_BOUND ( 'NONE', #1109, .T. ) ;
#600 = CARTESIAN_POINT ( 'NONE',  ( -18.00000000000000000, 26.00000000000000355, 38.25000000000000000 ) ) ;
#601 = DIRECTION ( 'NONE',  ( 0.000000000000000000, 0.000000000000000000, 1.000000000000000000 ) ) ;
#602 = DIRECTION ( 'NONE',  ( 0.000000000000000000, 1.000000000000000000, 0.000000000000000000 ) ) ;
#603 = ADVANCED_FACE ( 'NONE', ( #2891 ), #3390, .F. ) ;
#604 = ORIENTED_EDGE ( 'NONE', *, *, #439, .T. ) ;
#605 = ORIENTED_EDGE ( 'NONE', *, *, #5145, .F. ) ;
#606 = EDGE_LOOP ( 'NONE', ( #3637, #4327 ) ) ;
#607 = DIRECTION ( 'NONE',  ( 0.000000000000000000, 0.000000000000000000, 1.000000000000000000 ) ) ;
#608 = CARTESIAN_POINT ( 'NONE',  ( 12.36909882216843037, 25.99999999999863576, -14.25000000000000000 ) ) ;
#609 = CARTESIAN_POINT ( 'NONE',  ( -19.00386452658521108, 35.73465557036325180, -7.281663811494359706 ) ) ;
#610 = AXIS2_PLACEMENT_3D ( 'NONE', #22, #1757, #3056 ) ;
#611 = EDGE_CURVE ( 'NONE', #4021, #3239, #3499, .T. ) ;
#612 = AXIS2_PLACEMENT_3D ( 'NONE', #5428, #1134, #3816 ) ;
#613 = VERTEX_POINT ( 'NONE', #1244 ) ;
#614 = FACE_OUTER_BOUND ( 'NONE', #4415, .T. ) ;
#615 = DIRECTION ( 'NONE',  ( 0.000000000000000000, 0.000000000000000000, -1.000000000000000000 ) ) ;
#616 = VECTOR ( 'NONE', #2178, 1000.000000000000000 ) ;
#617 = CARTESIAN_POINT ( 'NONE',  ( -16.99999999999998579, 36.00000000000000000, 8.750000000000003553 ) ) ;
#618 = DATE_AND_TIME ( #957, #204 ) ;
#619 = VECTOR ( 'NONE', #3529, 1000.000000000000000 ) ;
#620 = AXIS2_PLACEMENT_3D ( 'NONE', #3683, #1511, #990 ) ;
#621 = VECTOR ( 'NONE', #4731, 1000.000000000000000 ) ;
#622 = DIRECTION ( 'NONE',  ( 0.000000000000000000, 0.000000000000000000, 1.000000000000000000 ) ) ;
#623 = CARTESIAN_POINT ( 'NONE',  ( -8.000000000000000000, 20.99999999999999645, 0.9999999999999453770 ) ) ;
#624 = VERTEX_POINT ( 'NONE', #5536 ) ;
#625 = CARTESIAN_POINT ( 'NONE',  ( 0.000000000000000000, -23.00000000000000000, 0.000000000000000000 ) ) ;
#626 = CARTESIAN_POINT ( 'NONE',  ( -8.000000000000000000, -20.99999999999999645, 2.099999999999944134 ) ) ;
#627 = DIRECTION ( 'NONE',  ( 0.000000000000000000, 1.000000000000000000, -0.000000000000000000 ) ) ;
#628 = EDGE_CURVE ( 'NONE', #2180, #672, #1064, .T. ) ;
#629 = DIRECTION ( 'NONE',  ( 0.000000000000000000, 0.000000000000000000, 1.000000000000000000 ) ) ;
#630 = EDGE_LOOP ( 'NONE', ( #28, #1246, #4970, #5277, #90, #3977 ) ) ;
#631 = CARTESIAN_POINT ( 'NONE',  ( 0.000000000000000000, 24.00000000000000000, 12.50000000000000000 ) ) ;
#632 = CARTESIAN_POINT ( 'NONE',  ( -8.000000000000000000, 19.00000000000000000, 0.9999999999999453770 ) ) ;
#633 = CARTESIAN_POINT ( 'NONE',  ( 8.391801681214993567E-14, 19.00000000000000000, -6.999999999999996447 ) ) ;
#634 = CARTESIAN_POINT ( 'NONE',  ( 0.000000000000000000, -23.00000000000000000, 0.000000000000000000 ) ) ;
#635 = UNCERTAINTY_MEASURE_WITH_UNIT (LENGTH_MEASURE( 1.000000000000000082E-05 ), #4513, 'distance_accuracy_value', 'NONE');
#636 = VERTEX_POINT ( 'NONE', #2466 ) ;
#637 = EDGE_CURVE ( 'NONE', #4983, #2092, #335, .T. ) ;
#638 = ORIENTED_EDGE ( 'NONE', *, *, #685, .F. ) ;
#639 = CARTESIAN_POINT ( 'NONE',  ( -8.000000000000000000, -19.00000000000000000, -5.586370142149013368E-14 ) ) ;
#640 = DIRECTION ( 'NONE',  ( 0.000000000000000000, 0.000000000000000000, 1.000000000000000000 ) ) ;
#641 = CARTESIAN_POINT ( 'NONE',  ( 12.23820384766544933, 23.98710782398488561, -12.27578435203042417 ) ) ;
#642 = DIRECTION ( 'NONE',  ( -0.9292047944853265573, -0.000000000000000000, -0.3695652173913044902 ) ) ;
#643 = ORIENTED_EDGE ( 'NONE', *, *, #4281, .T. ) ;
#644 = CARTESIAN_POINT ( 'NONE',  ( -19.99999999999999289, 30.00000000000000000, 36.25000000000000000 ) ) ;
#645 = ADVANCED_FACE ( 'NONE', ( #5483 ), #4218, .F. ) ;
#646 = CARTESIAN_POINT ( 'NONE',  ( 17.00000000000000000, 36.00000000000000000, -11.24999999999999645 ) ) ;
#647 = CARTESIAN_POINT ( 'NONE',  ( -12.50000000000000000, 32.00000000000000000, -14.24999999999999645 ) ) ;
#648 = AXIS2_PLACEMENT_3D ( 'NONE', #3212, #3241, #5389 ) ;
#649 = AXIS2_PLACEMENT_3D ( 'NONE', #4217, #346, #2083 ) ;
#650 = B_SPLINE_CURVE_WITH_KNOTS ( 'NONE', 3,
 ( #2936, #4227, #302, #2037 ),
 .UNSPECIFIED., .F., .F.,
 ( 4, 4 ),
 ( 0.000000000000000000, 0.0004700444643638577785 ),
 .UNSPECIFIED. ) ;
#651 = CARTESIAN_POINT ( 'NONE',  ( 18.00000000000001066, 33.99999999999999289, -12.25000000000000178 ) ) ;
#652 = FACE_OUTER_BOUND ( 'NONE', #1332, .T. ) ;
#653 = VERTEX_POINT ( 'NONE', #3338 ) ;
#654 = LINE ( 'NONE', #3712, #2828 ) ;
#655 = CARTESIAN_POINT ( 'NONE',  ( 20.00000000000000711, 33.99999999999999289, 29.87867965644036161 ) ) ;
#656 = SECURITY_CLASSIFICATION ( '', '', #1929 ) ;
#657 = CARTESIAN_POINT ( 'NONE',  ( -19.99681967148553596, 33.41839691429255055, 6.879320032156545750 ) ) ;
#658 = CARTESIAN_POINT ( 'NONE',  ( -11.32842712474619340, 24.00000000000000000, -12.24999999999999112 ) ) ;
#659 = ORIENTED_EDGE ( 'NONE', *, *, #5385, .T. ) ;
#660 = CARTESIAN_POINT ( 'NONE',  ( 12.50000000000000000, 32.00000000000000000, -14.25000000000000000 ) ) ;
#661 = CARTESIAN_POINT ( 'NONE',  ( -8.499999999999994671, 30.00000000000000000, -15.07842712474618807 ) ) ;
#662 = DIRECTION ( 'NONE',  ( 1.000000000000000000, -0.000000000000000000, -0.000000000000000000 ) ) ;
#663 = DIRECTION ( 'NONE',  ( -1.000000000000000000, 0.000000000000000000, 0.000000000000000000 ) ) ;
#664 = ORIENTED_EDGE ( 'NONE', *, *, #1616, .T. ) ;
#665 = AXIS2_PLACEMENT_3D ( 'NONE', #1182, #1097, #777 ) ;
#666 = ORIENTED_EDGE ( 'NONE', *, *, #2404, .F. ) ;
#667 = CARTESIAN_POINT ( 'NONE',  ( 10.50000000000000000, 28.00000000000136424, -16.11909882216840373 ) ) ;
#668 = LINE ( 'NONE', #3672, #4213 ) ;
#669 = CARTESIAN_POINT ( 'NONE',  ( 19.08527345341109438, 36.00000000000000000, 7.644882555346196540 ) ) ;
#670 = DIRECTION ( 'NONE',  ( 0.000000000000000000, 0.000000000000000000, -1.000000000000000000 ) ) ;
#671 = ORIENTED_EDGE ( 'NONE', *, *, #4170, .T. ) ;
#672 = VERTEX_POINT ( 'NONE', #1701 ) ;
#673 = EDGE_CURVE ( 'NONE', #2594, #4386, #1790, .T. ) ;
#674 = CIRCLE ( 'NONE', #2213, 1.999999999999999334 ) ;
#675 = AXIS2_PLACEMENT_3D ( 'NONE', #1992, #993, #4018 ) ;
#676 = AXIS2_PLACEMENT_3D ( 'NONE', #2844, #2420, #240 ) ;
#677 = CARTESIAN_POINT ( 'NONE',  ( 8.000000000000000000, -13.06030303803299475, 2.100000000000000533 ) ) ;
#678 = ADVANCED_FACE ( 'NONE', ( #3446, #4773 ), #2127, .T. ) ;
#679 = DIRECTION ( 'NONE',  ( 1.000000000000000000, 0.000000000000000000, -1.734723475976806848E-16 ) ) ;
#680 = AXIS2_PLACEMENT_3D ( 'NONE', #1768, #1337, #3484 ) ;
#681 = CYLINDRICAL_SURFACE ( 'NONE', #3786, 10.50000000000000000 ) ;
#682 = EDGE_LOOP ( 'NONE', ( #3584, #4084 ) ) ;
#683 = FACE_OUTER_BOUND ( 'NONE', #2955, .T. ) ;
#684 = DIRECTION ( 'NONE',  ( 0.000000000000000000, 0.000000000000000000, 1.000000000000000000 ) ) ;
#685 = EDGE_CURVE ( 'NONE', #920, #1528, #5533, .T. ) ;
#686 = AXIS2_PLACEMENT_3D ( 'NONE', #5040, #1171, #4864 ) ;
#687 = PLANE ( 'NONE',  #3198 ) ;
#688 = DIRECTION ( 'NONE',  ( 0.000000000000000000, 0.000000000000000000, -1.000000000000000000 ) ) ;
#689 = ORIENTED_EDGE ( 'NONE', *, *, #5574, .T. ) ;
#690 = FACE_OUTER_BOUND ( 'NONE', #2235, .T. ) ;
#691 = CARTESIAN_POINT ( 'NONE',  ( -2.793185071074506684E-14, -23.00000000000000000, 5.899999999999999467 ) ) ;
#692 = CARTESIAN_POINT ( 'NONE',  ( 20.00000000000000711, 33.24999999999999289, -7.999999999999996447 ) ) ;
#693 = ORIENTED_EDGE ( 'NONE', *, *, #3681, .T. ) ;
#694 = ORIENTED_EDGE ( 'NONE', *, *, #4285, .T. ) ;
#695 = CARTESIAN_POINT ( 'NONE',  ( 8.379555213223520053E-14, -20.99999999999999645, -10.09999999999999964 ) ) ;
#696 = CYLINDRICAL_SURFACE ( 'NONE', #508, 2.000000000000001776 ) ;
#697 = DIRECTION ( 'NONE',  ( 0.000000000000000000, 0.000000000000000000, 1.000000000000000000 ) ) ;
#698 = DIRECTION ( 'NONE',  ( 1.000000000000000000, -0.000000000000000000, 0.000000000000000000 ) ) ;
#699 = VECTOR ( 'NONE', #354, 1000.000000000000000 ) ;
#700 = ORIENTED_EDGE ( 'NONE', *, *, #4464, .T. ) ;
#701 = EDGE_CURVE ( 'NONE', #2454, #1258, #1816, .T. ) ;
#702 = CARTESIAN_POINT ( 'NONE',  ( 0.000000000000000000, 22.00000000000000000, 0.000000000000000000 ) ) ;
#703 = SHAPE_DEFINITION_REPRESENTATION ( #1387, #1384 ) ;
#704 = ORIENTED_EDGE ( 'NONE', *, *, #4636, .F. ) ;
#705 = VECTOR ( 'NONE', #4120, 1000.000000000000000 ) ;
#706 = AXIS2_PLACEMENT_3D ( 'NONE', #1964, #4071, #2355 ) ;
#707 = EDGE_CURVE ( 'NONE', #2266, #158, #4335, .T. ) ;
#708 = CARTESIAN_POINT ( 'NONE',  ( -12.10725861616181120, 31.60725861615282639, -14.25000000000127542 ) ) ;
#709 = LINE ( 'NONE', #2442, #5542 ) ;
#710 = LINE ( 'NONE', #261, #1926 ) ;
#711 = ORIENTED_EDGE ( 'NONE', *, *, #5157, .T. ) ;
#712 = AXIS2_PLACEMENT_3D ( 'NONE', #2091, #2564, #435 ) ;
#713 = AXIS2_PLACEMENT_3D ( 'NONE', #3084, #5260, #4803 ) ;
#714 = LINE ( 'NONE', #4187, #2295 ) ;
#715 = EDGE_CURVE ( 'NONE', #4356, #3748, #4257, .T. ) ;
#716 = CARTESIAN_POINT ( 'NONE',  ( -18.72230631131188261, 36.00000000000000000, 7.374061803906943879 ) ) ;
#717 = ORIENTED_EDGE ( 'NONE', *, *, #5340, .F. ) ;
#718 = CARTESIAN_POINT ( 'NONE',  ( -5.000000000000000000, -16.80502757993630780, 0.000000000000000000 ) ) ;
#719 = CARTESIAN_POINT ( 'NONE',  ( -12.50000000000000000, 32.00000000000000000, -14.24999999999999645 ) ) ;
#720 = CARTESIAN_POINT ( 'NONE',  ( 20.00000000000001066, 29.17157287525380482, 20.57842712474619162 ) ) ;
#721 = ORIENTED_EDGE ( 'NONE', *, *, #1883, .F. ) ;
#722 = ORIENTED_EDGE ( 'NONE', *, *, #1476, .F. ) ;
#723 = CARTESIAN_POINT ( 'NONE',  ( -8.000000000000000000, -20.99999999999999645, 0.9999999999999453770 ) ) ;
#724 = FACE_BOUND ( 'NONE', #3967, .T. ) ;
#725 = DIRECTION ( 'NONE',  ( 0.000000000000000000, -0.000000000000000000, 1.000000000000000000 ) ) ;
#726 = DIRECTION ( 'NONE',  ( -1.734723475976805517E-15, 0.000000000000000000, 1.000000000000000000 ) ) ;
#727 = VERTEX_POINT ( 'NONE', #1728 ) ;
#728 = CARTESIAN_POINT ( 'NONE',  ( -2.125036258071587902E-15, 24.00000000000000000, -12.24999999999999822 ) ) ;
#729 = DIRECTION ( 'NONE',  ( -1.000000000000000000, 0.000000000000000000, 1.734723475976806848E-16 ) ) ;
#730 = DATE_TIME_ROLE ( 'classification_date' ) ;
#731 = EDGE_CURVE ( 'NONE', #4354, #5538, #4802, .T. ) ;
#732 = DIRECTION ( 'NONE',  ( 0.000000000000000000, -1.000000000000000000, 0.000000000000000000 ) ) ;
#733 = CARTESIAN_POINT ( 'NONE',  ( -10.41294362414062924, 29.91294362414009811, -15.85873105339884681 ) ) ;
#734 = VECTOR ( 'NONE', #181, 1000.000000000000000 ) ;
#735 = CARTESIAN_POINT ( 'NONE',  ( 8.000000000000000000, -20.99999999999999645, 0.000000000000000000 ) ) ;
#736 = EDGE_LOOP ( 'NONE', ( #442, #2628, #4821, #2709 ) ) ;
#737 = EDGE_CURVE ( 'NONE', #4479, #1528, #3843, .T. ) ;
#738 = EDGE_CURVE ( 'NONE', #860, #365, #874, .T. ) ;
#739 = CIRCLE ( 'NONE', #3899, 2.000000000000001776 ) ;
#740 = DIRECTION ( 'NONE',  ( 0.000000000000000000, 0.000000000000000000, 1.000000000000000000 ) ) ;
#741 = CARTESIAN_POINT ( 'NONE',  ( 10.50000000000000000, -58.80502757993631491, 6.429395695523604153E-16 ) ) ;
#742 = ORIENTED_EDGE ( 'NONE', *, *, #5067, .F. ) ;
#743 = CARTESIAN_POINT ( 'NONE',  ( 5.000000000000006217, -23.00000000000000000, -1.084202172485505815E-15 ) ) ;
#744 = CARTESIAN_POINT ( 'NONE',  ( -8.000000000000000000, 25.00000000000000000, -5.586370142149013368E-14 ) ) ;
#745 = DIRECTION ( 'NONE',  ( 0.000000000000000000, 0.000000000000000000, -1.000000000000000000 ) ) ;
#746 = ORIENTED_EDGE ( 'NONE', *, *, #5336, .F. ) ;
#747 = EDGE_CURVE ( 'NONE', #2142, #1709, #944, .T. ) ;
#748 = ORIENTED_EDGE ( 'NONE', *, *, #4706, .T. ) ;
#749 = CARTESIAN_POINT ( 'NONE',  ( 10.41294362414036634, 29.91294362414063457, -15.85873105339938682 ) ) ;
#750 = DIRECTION ( 'NONE',  ( 0.000000000000000000, 0.000000000000000000, 1.000000000000000000 ) ) ;
#751 = CARTESIAN_POINT ( 'NONE',  ( 19.29166306575269729, 35.99999999999999289, 7.863972407045965340 ) ) ;
#752 = DIRECTION ( 'NONE',  ( 0.000000000000000000, 0.000000000000000000, 1.000000000000000000 ) ) ;
#753 = VERTEX_POINT ( 'NONE', #2153 ) ;
#754 = CARTESIAN_POINT ( 'NONE',  ( -19.99999999999999289, 33.99999999999999289, 36.25000000000000000 ) ) ;
#755 = VECTOR ( 'NONE', #725, 1000.000000000000000 ) ;
#756 = CARTESIAN_POINT ( 'NONE',  ( 20.00000000000000711, 32.00000000000000000, -14.25000000000000178 ) ) ;
#757 = CIRCLE ( 'NONE', #1583, 1.000000000000001776 ) ;
#758 = AXIS2_PLACEMENT_3D ( 'NONE', #1057, #3240, #1116 ) ;
#759 = DIRECTION ( 'NONE',  ( 0.000000000000000000, 0.000000000000000000, 1.000000000000000000 ) ) ;
#760 = CARTESIAN_POINT ( 'NONE',  ( -50.40559159102153330, 33.24999999999998579, 33.25000000000000000 ) ) ;
#761 = CARTESIAN_POINT ( 'NONE',  ( 18.52122339509214299, 35.93533182547044902, -7.205433485581065334 ) ) ;
#762 = EDGE_LOOP ( 'NONE', ( #1777, #1003, #4403, #4414 ) ) ;
#763 = VECTOR ( 'NONE', #2360, 1000.000000000000000 ) ;
#764 = CARTESIAN_POINT ( 'NONE',  ( -5.000000000000000000, 30.00000000000000000, -26.53299832284319493 ) ) ;
#765 = DIRECTION ( 'NONE',  ( 0.000000000000000000, 0.000000000000000000, 1.000000000000000000 ) ) ;
#766 = ORIENTED_EDGE ( 'NONE', *, *, #4498, .T. ) ;
#767 = CARTESIAN_POINT ( 'NONE',  ( -17.99999999999999645, 36.00000000000000000, 36.25000000000000711 ) ) ;
#768 = CARTESIAN_POINT ( 'NONE',  ( 18.00000000000001421, 30.00000000000000000, 19.75000000000000355 ) ) ;
#769 = ADVANCED_FACE ( 'NONE', ( #1296 ), #1786, .T. ) ;
#770 = CARTESIAN_POINT ( 'NONE',  ( -18.00000000000000000, 30.00000000000000000, 38.25000000000000000 ) ) ;
#771 = AXIS2_PLACEMENT_3D ( 'NONE', #5068, #2023, #3004 ) ;
#772 = VERTEX_POINT ( 'NONE', #923 ) ;
#773 = ORIENTED_EDGE ( 'NONE', *, *, #4285, .F. ) ;
#774 = DIRECTION ( 'NONE',  ( 0.000000000000000000, 0.000000000000000000, 1.000000000000000000 ) ) ;
#775 = DIRECTION ( 'NONE',  ( 0.000000000000000000, 0.000000000000000000, 1.000000000000000000 ) ) ;
#776 = EDGE_CURVE ( 'NONE', #2113, #3711, #3775, .T. ) ;
#777 = DIRECTION ( 'NONE',  ( 0.000000000000000000, 0.000000000000000000, 1.000000000000000000 ) ) ;
#778 = CARTESIAN_POINT ( 'NONE',  ( 8.379555213223520053E-14, -19.00000000000000000, -7.999999999999998224 ) ) ;
#779 = ORIENTED_EDGE ( 'NONE', *, *, #5238, .F. ) ;
#780 = DIRECTION ( 'NONE',  ( -1.000000000000000000, 0.000000000000000000, 0.000000000000000000 ) ) ;
#781 = EDGE_CURVE ( 'NONE', #4443, #2092, #4039, .T. ) ;
#782 = DIRECTION ( 'NONE',  ( -0.000000000000000000, 0.000000000000000000, 1.000000000000000000 ) ) ;
#783 = VECTOR ( 'NONE', #1918, 1000.000000000000000 ) ;
#784 = APPROVAL_DATE_TIME ( #5058, #1100 ) ;
#785 = CARTESIAN_POINT ( 'NONE',  ( 17.00000000000000000, 44.00000000000000000, 3.469446951953614189E-15 ) ) ;
#786 = CARTESIAN_POINT ( 'NONE',  ( 0.000000000000000000, -20.99999999999999645, 0.000000000000000000 ) ) ;
#787 = CARTESIAN_POINT ( 'NONE',  ( 8.499999999999996447, 17.00000000000000000, -21.37171027316250971 ) ) ;
#788 = ORIENTED_EDGE ( 'NONE', *, *, #3208, .F. ) ;
#789 = VECTOR ( 'NONE', #5262, 1000.000000000000000 ) ;
#790 = CIRCLE ( 'NONE', #2157, 26.99999999999999645 ) ;
#791 = CARTESIAN_POINT ( 'NONE',  ( -19.92034532728713003, 33.24999999999999289, -5.749999999999993783 ) ) ;
#792 = DIRECTION ( 'NONE',  ( 1.000000000000000000, 0.000000000000000000, -0.000000000000000000 ) ) ;
#793 = VERTEX_POINT ( 'NONE', #646 ) ;
#794 = CARTESIAN_POINT ( 'NONE',  ( 0.000000000000000000, -23.00000000000000000, 0.000000000000000000 ) ) ;
#795 = DIRECTION ( 'NONE',  ( -0.000000000000000000, -1.000000000000000000, 0.000000000000000000 ) ) ;
#796 = VECTOR ( 'NONE', #1041, 1000.000000000000000 ) ;
#797 = DIRECTION ( 'NONE',  ( 0.000000000000000000, 1.000000000000000000, 0.000000000000000000 ) ) ;
#798 = CIRCLE ( 'NONE', #4140, 1.249999999999997558 ) ;
#799 = ORIENTED_EDGE ( 'NONE', *, *, #5508, .T. ) ;
#800 = CIRCLE ( 'NONE', #885, 2.000000000000001776 ) ;
#801 = ADVANCED_FACE ( 'NONE', ( #3615 ), #1902, .F. ) ;
#802 = ORIENTED_EDGE ( 'NONE', *, *, #1923, .F. ) ;
#803 = CARTESIAN_POINT ( 'NONE',  ( 19.00000000000000711, 33.24999999999999289, -7.999999999999996447 ) ) ;
#804 = CARTESIAN_POINT ( 'NONE',  ( 19.46737476182817161, 36.00000000000000000, 8.108974358974355923 ) ) ;
#805 = DIRECTION ( 'NONE',  ( -0.000000000000000000, -1.000000000000000000, -0.000000000000000000 ) ) ;
#806 = CARTESIAN_POINT ( 'NONE',  ( 20.00000000000000711, 33.24999999999998579, 32.00000000000000000 ) ) ;
#807 = EDGE_LOOP ( 'NONE', ( #2720, #3281, #3732, #1703 ) ) ;
#808 = LINE ( 'NONE', #5083, #5457 ) ;
#809 = EDGE_CURVE ( 'NONE', #976, #4131, #1619, .T. ) ;
#810 = DIRECTION ( 'NONE',  ( 0.000000000000000000, 0.000000000000000000, -1.000000000000000000 ) ) ;
#811 = DIRECTION ( 'NONE',  ( 0.000000000000000000, 0.000000000000000000, 1.000000000000000000 ) ) ;
#812 = EDGE_LOOP ( 'NONE', ( #1429, #1010 ) ) ;
#813 = EDGE_CURVE ( 'NONE', #3239, #1184, #3192, .T. ) ;
#814 = CARTESIAN_POINT ( 'NONE',  ( 8.000000000000000000, 13.06030303803299475, -2.100000000000000533 ) ) ;
#815 = DIRECTION ( 'NONE',  ( 0.000000000000000000, 0.000000000000000000, 1.000000000000000000 ) ) ;
#816 = VERTEX_POINT ( 'NONE', #1415 ) ;
#817 = ADVANCED_FACE ( 'NONE', ( #4830 ), #3225, .T. ) ;
#818 = DIRECTION ( 'NONE',  ( 0.000000000000000000, 0.000000000000000000, -1.000000000000000000 ) ) ;
#819 = CIRCLE ( 'NONE', #3625, 2.250000000000001776 ) ;
#820 = DIRECTION ( 'NONE',  ( 0.000000000000000000, 1.000000000000000000, 0.000000000000000000 ) ) ;
#821 = ORIENTED_EDGE ( 'NONE', *, *, #2623, .F. ) ;
#822 = CARTESIAN_POINT ( 'NONE',  ( -19.99999999999999289, 33.99999999999999289, 34.12132034355964549 ) ) ;
#823 = CARTESIAN_POINT ( 'NONE',  ( -2.793185071074506684E-14, 25.00000000000000000, 6.999999999999997335 ) ) ;
#824 = DIRECTION ( 'NONE',  ( 1.734723475976807094E-16, 0.000000000000000000, 1.000000000000000000 ) ) ;
#825 = VECTOR ( 'NONE', #3906, 1000.000000000000000 ) ;
#826 = ORIENTED_EDGE ( 'NONE', *, *, #1340, .F. ) ;
#827 = ORIENTED_EDGE ( 'NONE', *, *, #4530, .T. ) ;
#828 = CARTESIAN_POINT ( 'NONE',  ( 11.49769865102767596, 29.99539730205482613, -14.51433680240082502 ) ) ;
#829 = LINE ( 'NONE', #2485, #1242 ) ;
#830 = CARTESIAN_POINT ( 'NONE',  ( -8.000000000000000000, 25.00000000000000000, -1.000000000000057288 ) ) ;
#831 = CARTESIAN_POINT ( 'NONE',  ( 0.000000000000000000, -19.00000000000000000, 5.000000000000000000 ) ) ;
#832 = ORIENTED_EDGE ( 'NONE', *, *, #3750, .T. ) ;
#833 = DIRECTION ( 'NONE',  ( -0.000000000000000000, 1.000000000000000000, -0.000000000000000000 ) ) ;
#834 = CYLINDRICAL_SURFACE ( 'NONE', #1383, 10.50000000000000000 ) ;
#835 = DIRECTION ( 'NONE',  ( 0.000000000000000000, 1.000000000000000000, -0.000000000000000000 ) ) ;
#836 = EDGE_CURVE ( 'NONE', #1368, #3601, #1043, .T. ) ;
#837 = EDGE_CURVE ( 'NONE', #461, #5223, #5186, .T. ) ;
#838 = ORIENTED_EDGE ( 'NONE', *, *, #5480, .F. ) ;
#839 = AXIS2_PLACEMENT_3D ( 'NONE', #1531, #3252, #3328 ) ;
#840 = CARTESIAN_POINT ( 'NONE',  ( 10.50000000000000178, 18.93421303928054300, -18.58942292787422446 ) ) ;
#841 = CARTESIAN_POINT ( 'NONE',  ( -50.40559159102153330, 36.00000000000000000, 7.180703308172537547 ) ) ;
#842 = ADVANCED_FACE ( 'NONE', ( #1072 ), #526, .T. ) ;
#843 = EDGE_LOOP ( 'NONE', ( #416, #5164, #2244, #4031, #3412, #2904, #525 ) ) ;
#844 = CIRCLE ( 'NONE', #310, 2.000000000000000000 ) ;
#845 = CARTESIAN_POINT ( 'NONE',  ( -19.29576490432811653, 34.68180265517108296, -6.260213425999425318 ) ) ;
#846 = CIRCLE ( 'NONE', #4014, 1.000000000000001554 ) ;
#847 = CYLINDRICAL_SURFACE ( 'NONE', #2945, 1.000000000000001554 ) ;
#848 = ORIENTED_EDGE ( 'NONE', *, *, #707, .T. ) ;
#849 = CARTESIAN_POINT ( 'NONE',  ( -19.96162113053362930, 34.43545972823040557, 30.07356155314538881 ) ) ;
#850 = CARTESIAN_POINT ( 'NONE',  ( 12.50000000000000000, 32.00000000000000000, -14.25000000000000000 ) ) ;
#851 = EDGE_CURVE ( 'NONE', #3280, #1662, #2032, .T. ) ;
#852 = FACE_OUTER_BOUND ( 'NONE', #3349, .T. ) ;
#853 = VERTEX_POINT ( 'NONE', #193 ) ;
#854 = ORIENTED_EDGE ( 'NONE', *, *, #4160, .T. ) ;
#855 = CARTESIAN_POINT ( 'NONE',  ( 10.50000000000000000, -16.80502757993630780, 0.000000000000000000 ) ) ;
#856 = VECTOR ( 'NONE', #3999, 1000.000000000000000 ) ;
#857 = CARTESIAN_POINT ( 'NONE',  ( 20.00000000000001776, 32.85359236167954577, -5.776154849317511442 ) ) ;
#858 = CARTESIAN_POINT ( 'NONE',  ( -11.32842712474619340, 26.00000000000000355, -14.24999999999999112 ) ) ;
#859 = DIRECTION ( 'NONE',  ( 0.000000000000000000, 1.000000000000000000, -0.000000000000000000 ) ) ;
#860 = VERTEX_POINT ( 'NONE', #3165 ) ;
#861 = ORIENTED_EDGE ( 'NONE', *, *, #1159, .F. ) ;
#862 = FACE_OUTER_BOUND ( 'NONE', #4270, .T. ) ;
#863 = DIRECTION ( 'NONE',  ( -0.000000000000000000, -1.000000000000000000, -0.000000000000000000 ) ) ;
#864 = ORIENTED_EDGE ( 'NONE', *, *, #3762, .F. ) ;
#865 = EDGE_CURVE ( 'NONE', #4996, #672, #2807, .T. ) ;
#866 = DIRECTION ( 'NONE',  ( 0.000000000000000000, 1.000000000000000000, -0.000000000000000000 ) ) ;
#867 = FACE_OUTER_BOUND ( 'NONE', #4517, .T. ) ;
#868 = VERTEX_POINT ( 'NONE', #4946 ) ;
#869 = EDGE_CURVE ( 'NONE', #3280, #3274, #2262, .T. ) ;
#870 = CYLINDRICAL_SURFACE ( 'NONE', #4232, 2.100000000000000977 ) ;
#871 = CARTESIAN_POINT ( 'NONE',  ( -19.39077662746655406, 35.43842233237887029, -8.540680240262803480 ) ) ;
#872 = ORIENTED_EDGE ( 'NONE', *, *, #903, .F. ) ;
#873 = DIRECTION ( 'NONE',  ( 0.000000000000000000, -1.000000000000000000, 0.000000000000000000 ) ) ;
#874 = CIRCLE ( 'NONE', #2328, 2.000000000000000000 ) ;
#875 = PLANE ( 'NONE',  #2914 ) ;
#876 = CARTESIAN_POINT ( 'NONE',  ( 6.288372600415924140E-15, 33.99999999999999289, 36.25000000000000000 ) ) ;
#877 = ORIENTED_EDGE ( 'NONE', *, *, #611, .T. ) ;
#878 = EDGE_CURVE ( 'NONE', #5350, #1381, #4637, .T. ) ;
#879 = CIRCLE ( 'NONE', #4957, 1.000000000000001554 ) ;
#880 = EDGE_LOOP ( 'NONE', ( #4903, #3619, #2024, #2228 ) ) ;
#881 = AXIS2_PLACEMENT_3D ( 'NONE', #5089, #3315, #5563 ) ;
#882 = DIRECTION ( 'NONE',  ( 1.000000000000000000, 0.000000000000000000, 0.000000000000000000 ) ) ;
#883 = CARTESIAN_POINT ( 'NONE',  ( -10.50000000000000000, -19.00000000000000355, -18.25426232461452969 ) ) ;
#884 = ORIENTED_EDGE ( 'NONE', *, *, #3101, .T. ) ;
#885 = AXIS2_PLACEMENT_3D ( 'NONE', #1048, #2354, #530 ) ;
#886 = EDGE_LOOP ( 'NONE', ( #3723, #191 ) ) ;
#887 = CIRCLE ( 'NONE', #3067, 19.00000000000000355 ) ;
#888 = ORIENTED_EDGE ( 'NONE', *, *, #4317, .F. ) ;
#889 = DIRECTION ( 'NONE',  ( 0.000000000000000000, -1.000000000000000000, 0.000000000000000000 ) ) ;
#890 = DIRECTION ( 'NONE',  ( -1.734723475976806897E-15, 0.000000000000000000, -1.000000000000000000 ) ) ;
#891 = DIRECTION ( 'NONE',  ( -0.000000000000000000, -1.000000000000000000, 0.000000000000000000 ) ) ;
#892 = ORIENTED_EDGE ( 'NONE', *, *, #2920, .F. ) ;
#893 = CARTESIAN_POINT ( 'NONE',  ( 0.000000000000000000, 20.99999999999999645, 0.000000000000000000 ) ) ;
#894 = DIRECTION ( 'NONE',  ( -0.000000000000000000, -1.000000000000000000, 0.000000000000000000 ) ) ;
#895 = ORIENTED_EDGE ( 'NONE', *, *, #85, .T. ) ;
#896 = LINE ( 'NONE', #4746, #2969 ) ;
#897 = LINE ( 'NONE', #929, #3248 ) ;
#898 = VERTEX_POINT ( 'NONE', #5315 ) ;
#899 = DIRECTION ( 'NONE',  ( 0.000000000000000000, 0.000000000000000000, 1.000000000000000000 ) ) ;
#900 = CYLINDRICAL_SURFACE ( 'NONE', #464, 1.000000000000002665 ) ;
#901 = CARTESIAN_POINT ( 'NONE',  ( 8.000000000000000000, 19.00000000000000000, 0.000000000000000000 ) ) ;
#902 = ADVANCED_FACE ( 'NONE', ( #552 ), #4510, .F. ) ;
#903 = EDGE_CURVE ( 'NONE', #3299, #1906, #3677, .T. ) ;
#904 = ORIENTED_EDGE ( 'NONE', *, *, #5401, .T. ) ;
#905 = VERTEX_POINT ( 'NONE', #1872 ) ;
#906 = DIRECTION ( 'NONE',  ( -0.000000000000000000, -1.000000000000000000, 0.000000000000000000 ) ) ;
#907 = CARTESIAN_POINT ( 'NONE',  ( -8.500000000000000000, 28.00000000000000000, -16.24999999999999289 ) ) ;
#908 = CARTESIAN_POINT ( 'NONE',  ( -12.23820384766545644, 23.98710782398488561, -12.27578435203032292 ) ) ;
#909 = CIRCLE ( 'NONE', #1832, 10.75000000000000000 ) ;
#910 = CARTESIAN_POINT ( 'NONE',  ( 8.379555213223520053E-14, -23.00000000000000000, -6.999999999999996447 ) ) ;
#911 = EDGE_CURVE ( 'NONE', #2005, #4583, #674, .T. ) ;
#912 = ORIENTED_EDGE ( 'NONE', *, *, #4050, .T. ) ;
#913 = AXIS2_PLACEMENT_3D ( 'NONE', #506, #4314, #427 ) ;
#914 = VERTEX_POINT ( 'NONE', #138 ) ;
#915 = ORIENTED_EDGE ( 'NONE', *, *, #2996, .F. ) ;
#916 = CARTESIAN_POINT ( 'NONE',  ( -50.40559159102153330, 33.24999999999998579, 32.00000000000000000 ) ) ;
#917 = CARTESIAN_POINT ( 'NONE',  ( 10.76433680240096002, 23.00230134897252654, -14.24539730205542298 ) ) ;
#918 = CARTESIAN_POINT ( 'NONE',  ( 6.123233995736766282E-16, -23.00000000000000000, -5.000000000000000000 ) ) ;
#919 = ADVANCED_FACE ( 'NONE', ( #1447 ), #4882, .F. ) ;
#920 = VERTEX_POINT ( 'NONE', #2832 ) ;
#921 = VERTEX_POINT ( 'NONE', #1102 ) ;
#922 = APPROVAL_PERSON_ORGANIZATION ( #4980, #1100, #1105 ) ;
#923 = CARTESIAN_POINT ( 'NONE',  ( 8.391801681214993567E-14, -19.00000000000000000, -9.000000000000001776 ) ) ;
#924 = CARTESIAN_POINT ( 'NONE',  ( 20.00000000000000711, 33.24999999999999289, -7.999999999999996447 ) ) ;
#925 = ORIENTED_EDGE ( 'NONE', *, *, #3403, .T. ) ;
#926 = ORIENTED_EDGE ( 'NONE', *, *, #4685, .F. ) ;
#927 = AXIS2_PLACEMENT_3D ( 'NONE', #1775, #434, #2171 ) ;
#928 = CARTESIAN_POINT ( 'NONE',  ( -19.40987863616337350, 35.41853524146920051, -7.400037579088317941 ) ) ;
#929 = CARTESIAN_POINT ( 'NONE',  ( -12.50000000000000000, 30.00000000000000000, -14.24999999999999645 ) ) ;
#930 = ORIENTED_EDGE ( 'NONE', *, *, #1294, .T. ) ;
#931 = FACE_OUTER_BOUND ( 'NONE', #330, .T. ) ;
#932 = CARTESIAN_POINT ( 'NONE',  ( 19.96127300780422686, 34.43666753957441529, 33.92558128825633190 ) ) ;
#933 = VECTOR ( 'NONE', #5286, 1000.000000000000000 ) ;
#934 =( BOUNDED_CURVE ( )  B_SPLINE_CURVE ( 3, ( #3487, #2641, #4349, #67 ),
 .UNSPECIFIED., .F., .T. ) 
 B_SPLINE_CURVE_WITH_KNOTS ( ( 4, 4 ),
 ( 1.570796326794896558, 3.141592653589793116 ),
 .UNSPECIFIED. ) 
 CURVE ( )  GEOMETRIC_REPRESENTATION_ITEM ( )  RATIONAL_B_SPLINE_CURVE ( ( 1.000000000000000000, 0.8047378541243649375, 0.8047378541243649375, 1.000000000000000000 ) ) 
 REPRESENTATION_ITEM ( '' )  );
#935 = EDGE_LOOP ( 'NONE', ( #4891, #4413, #462, #1765, #3218, #4868, #2033, #779, #5206 ) ) ;
#936 = AXIS2_PLACEMENT_3D ( 'NONE', #1552, #2762, #1086 ) ;
#937 = EDGE_CURVE ( 'NONE', #1203, #3744, #3740, .T. ) ;
#938 = ORIENTED_EDGE ( 'NONE', *, *, #4511, .F. ) ;
#939 = VECTOR ( 'NONE', #279, 1000.000000000000000 ) ;
#940 = CARTESIAN_POINT ( 'NONE',  ( 19.32078852727165952, 35.50203678659037365, -8.109153516946721041 ) ) ;
#941 = CARTESIAN_POINT ( 'NONE',  ( 20.00000000000000711, 33.99999999999999289, -10.12132034355964194 ) ) ;
#942 = LINE ( 'NONE', #4844, #1483 ) ;
#943 = CARTESIAN_POINT ( 'NONE',  ( 6.123233995736766282E-16, -19.00000000000000000, -5.000000000000000000 ) ) ;
#944 = B_SPLINE_CURVE_WITH_KNOTS ( 'NONE', 3,
 ( #5147, #1270, #840, #2212, #3929, #2573, #54, #1324, #417, #5203 ),
 .UNSPECIFIED., .F., .F.,
 ( 4, 2, 2, 2, 4 ),
 ( 0.000000000000000000, 0.001023740819106957155, 0.002047481638213914309, 0.003071222457320871464, 0.004094963276427828619 ),
 .UNSPECIFIED. ) ;
#945 = ORIENTED_EDGE ( 'NONE', *, *, #3541, .F. ) ;
#946 = EDGE_LOOP ( 'NONE', ( #2106, #3547, #128, #4784 ) ) ;
#947 = AXIS2_PLACEMENT_3D ( 'NONE', #4457, #588, #1904 ) ;
#948 = ORIENTED_EDGE ( 'NONE', *, *, #3587, .F. ) ;
#949 = AXIS2_PLACEMENT_3D ( 'NONE', #1201, #2502, #4669 ) ;
#950 = EDGE_CURVE ( 'NONE', #3601, #4186, #1496, .T. ) ;
#951 = CARTESIAN_POINT ( 'NONE',  ( 10.50000000000000000, 22.26184658849299680, -15.72630682300887095 ) ) ;
#952 = DIRECTION ( 'NONE',  ( 0.000000000000000000, 0.000000000000000000, 1.000000000000000000 ) ) ;
#953 = ORIENTED_EDGE ( 'NONE', *, *, #1257, .T. ) ;
#954 = ADVANCED_FACE ( 'NONE', ( #1457 ), #5298, .F. ) ;
#955 = DIRECTION ( 'NONE',  ( 1.000000000000000000, 0.000000000000000000, 0.000000000000000000 ) ) ;
#956 = LINE ( 'NONE', #5400, #4684 ) ;
#957 = CALENDAR_DATE ( 2026, 7, 1 ) ;
#958 = DIRECTION ( 'NONE',  ( 0.000000000000000000, 0.000000000000000000, 1.000000000000000000 ) ) ;
#959 = CARTESIAN_POINT ( 'NONE',  ( -8.000000000000000000, 20.99999999999999645, -1.000000000000057288 ) ) ;
#960 = ORIENTED_EDGE ( 'NONE', *, *, #869, .T. ) ;
#961 = DIRECTION ( 'NONE',  ( 0.000000000000000000, 1.000000000000000000, -0.000000000000000000 ) ) ;
#962 = DIRECTION ( 'NONE',  ( 0.000000000000000000, 1.000000000000000000, 0.000000000000000000 ) ) ;
#963 = ORIENTED_EDGE ( 'NONE', *, *, #5346, .T. ) ;
#964 = B_SPLINE_CURVE_WITH_KNOTS ( 'NONE', 3,
 ( #4237, #1321, #3316, #761, #4767, #3895, #4633, #5485, #1220, #2495 ),
 .UNSPECIFIED., .F., .F.,
 ( 4, 2, 2, 2, 4 ),
 ( 0.000000000000000000, 0.0003940464304454797170, 0.0007880928608909594339, 0.001182139291336439151, 0.001576185721781918868 ),
 .UNSPECIFIED. ) ;
#965 = EDGE_LOOP ( 'NONE', ( #2048, #2529, #3457, #4444, #2222 ) ) ;
#966 = CARTESIAN_POINT ( 'NONE',  ( -17.99999999999999645, 33.99999999999999289, 36.25000000000000000 ) ) ;
#967 = CYLINDRICAL_SURFACE ( 'NONE', #4886, 1.250000000000001110 ) ;
#968 = CARTESIAN_POINT ( 'NONE',  ( 5.000000000000000000, 30.00000000000000000, -26.69070068187556899 ) ) ;
#969 = CARTESIAN_POINT ( 'NONE',  ( -8.000000000000000000, 20.99999999999999645, 2.099999999999944134 ) ) ;
#970 = ORIENTED_EDGE ( 'NONE', *, *, #2211, .T. ) ;
#971 = ORIENTED_EDGE ( 'NONE', *, *, #1618, .F. ) ;
#972 = EDGE_CURVE ( 'NONE', #3613, #868, #3467, .T. ) ;
#973 = EDGE_LOOP ( 'NONE', ( #497, #3216, #4320, #5276 ) ) ;
#974 = AXIS2_PLACEMENT_3D ( 'NONE', #468, #2894, #3924 ) ;
#975 = CIRCLE ( 'NONE', #81, 1.000000000000001554 ) ;
#976 = VERTEX_POINT ( 'NONE', #266 ) ;
#977 = CARTESIAN_POINT ( 'NONE',  ( -16.99999999999998579, 36.00000000000000000, 35.24999999999999289 ) ) ;
#978 = CARTESIAN_POINT ( 'NONE',  ( -18.52122339509211457, 35.93533182547046323, -7.205433485581068886 ) ) ;
#979 = CIRCLE ( 'NONE', #4138, 5.000000000000000000 ) ;
#980 = EDGE_CURVE ( 'NONE', #3155, #1440, #1945, .T. ) ;
#981 = AXIS2_PLACEMENT_3D ( 'NONE', #3140, #4979, #4858 ) ;
#982 = ORIENTED_EDGE ( 'NONE', *, *, #1175, .F. ) ;
#983 = ADVANCED_FACE ( 'NONE', ( #5327 ), #1909, .T. ) ;
#984 = DIRECTION ( 'NONE',  ( -1.000000000000000000, 0.000000000000000000, 0.000000000000000000 ) ) ;
#985 = FACE_BOUND ( 'NONE', #1579, .T. ) ;
#986 = LINE ( 'NONE', #2321, #4531 ) ;
#987 = ORIENTED_EDGE ( 'NONE', *, *, #1697, .T. ) ;
#988 = ADVANCED_FACE ( 'NONE', ( #177 ), #2787, .T. ) ;
#989 = APPROVAL ( #1874, 'UNSPECIFIED' ) ;
#990 = DIRECTION ( 'NONE',  ( 0.000000000000000000, 0.000000000000000000, 1.000000000000000000 ) ) ;
#991 = DIRECTION ( 'NONE',  ( 0.000000000000000000, 0.000000000000000000, 1.000000000000000000 ) ) ;
#992 = VERTEX_POINT ( 'NONE', #149 ) ;
#993 = DIRECTION ( 'NONE',  ( -1.000000000000000000, 0.000000000000000000, 1.321694076934710402E-16 ) ) ;
#994 = CARTESIAN_POINT ( 'NONE',  ( 8.379555213223520053E-14, -20.99999999999999645, -7.999999999999998224 ) ) ;
#995 = EDGE_CURVE ( 'NONE', #1203, #860, #4445, .T. ) ;
#996 = ORIENTED_EDGE ( 'NONE', *, *, #2263, .F. ) ;
#997 = CARTESIAN_POINT ( 'NONE',  ( -16.99999999999998579, 36.00000000000000000, 19.75000000000000355 ) ) ;
#998 = EDGE_LOOP ( 'NONE', ( #5392, #5417 ) ) ;
#999 = DIRECTION ( 'NONE',  ( 0.000000000000000000, 0.000000000000000000, 1.000000000000000000 ) ) ;
#1000 = LINE ( 'NONE', #5272, #1919 ) ;
#1001 = CARTESIAN_POINT ( 'NONE',  ( 5.000000000000000000, 29.98222718265600406, -26.84637089860565951 ) ) ;
#1002 = CARTESIAN_POINT ( 'NONE',  ( -9.129629629629629761, -20.99999999999999645, -27.52544028395892184 ) ) ;
#1003 = ORIENTED_EDGE ( 'NONE', *, *, #2603, .T. ) ;
#1004 = VERTEX_POINT ( 'NONE', #3264 ) ;
#1005 = VERTEX_POINT ( 'NONE', #4929 ) ;
#1006 = AXIS2_PLACEMENT_3D ( 'NONE', #1461, #153, #3603 ) ;
#1007 = DIRECTION ( 'NONE',  ( -0.3148148148148144365, 0.000000000000000000, 0.9491531132399630977 ) ) ;
#1008 = CARTESIAN_POINT ( 'NONE',  ( -17.99999999999999645, 36.00000000000000000, -7.180703308172531329 ) ) ;
#1009 = AXIS2_PLACEMENT_3D ( 'NONE', #3990, #5210, #1333 ) ;
#1010 = ORIENTED_EDGE ( 'NONE', *, *, #5299, .T. ) ;
#1011 = CIRCLE ( 'NONE', #2016, 21.00000000000000000 ) ;
#1012 = CARTESIAN_POINT ( 'NONE',  ( -12.50000000000000000, 30.00000000000000000, -16.24999999999999289 ) ) ;
#1013 = EDGE_CURVE ( 'NONE', #4580, #4021, #1882, .T. ) ;
#1014 = EDGE_CURVE ( 'NONE', #5425, #3035, #1490, .T. ) ;
#1015 = CARTESIAN_POINT ( 'NONE',  ( -19.99999999999998579, 30.00000000000000000, 35.24999999999999289 ) ) ;
#1016 = CARTESIAN_POINT ( 'NONE',  ( 0.000000000000000000, 0.000000000000000000, 0.000000000000000000 ) ) ;
#1017 = LOCAL_TIME ( 16, 15, 49.00000000000000000, #1449 ) ;
#1018 = CARTESIAN_POINT ( 'NONE',  ( 20.00000000000000711, 27.99999999999999645, 6.750000000000006217 ) ) ;
#1019 = EDGE_CURVE ( 'NONE', #4694, #4698, #1113, .T. ) ;
#1020 = CARTESIAN_POINT ( 'NONE',  ( -8.500000000001362466, 30.00000000000000000, -16.11909882216842149 ) ) ;
#1021 = ORIENTED_EDGE ( 'NONE', *, *, #1159, .T. ) ;
#1022 = CARTESIAN_POINT ( 'NONE',  ( 8.000000000000000000, 19.00000000000000000, 1.000000000000001554 ) ) ;
#1023 = CARTESIAN_POINT ( 'NONE',  ( 20.00000000000000711, 26.00000000000000355, 38.24999999999999289 ) ) ;
#1024 = EDGE_LOOP ( 'NONE', ( #5434, #259 ) ) ;
#1025 = CARTESIAN_POINT ( 'NONE',  ( 8.379555213223520053E-14, 19.00000000000000000, -7.999999999999998224 ) ) ;
#1026 = ADVANCED_FACE ( 'NONE', ( #2359, #4552 ), #687, .F. ) ;
#1027 = CARTESIAN_POINT ( 'NONE',  ( -19.46737476182815030, 36.00000000000000000, 8.108974358974363028 ) ) ;
#1028 = ORIENTED_EDGE ( 'NONE', *, *, #3431, .T. ) ;
#1029 = CARTESIAN_POINT ( 'NONE',  ( 8.000000000000000000, 19.00000000000000000, -1.000000000000001554 ) ) ;
#1030 = CYLINDRICAL_SURFACE ( 'NONE', #4702, 1.249999999999997558 ) ;
#1031 = AXIS2_PLACEMENT_3D ( 'NONE', #3556, #4481, #2743 ) ;
#1032 = DIRECTION ( 'NONE',  ( 0.000000000000000000, 0.000000000000000000, 1.000000000000000000 ) ) ;
#1033 = DIRECTION ( 'NONE',  ( 0.000000000000000000, 0.000000000000000000, 1.000000000000000000 ) ) ;
#1034 = ORIENTED_EDGE ( 'NONE', *, *, #2411, .F. ) ;
#1035 = EDGE_LOOP ( 'NONE', ( #872, #693, #1435, #2112, #1983, #2684 ) ) ;
#1036 = AXIS2_PLACEMENT_3D ( 'NONE', #4438, #569, #4468 ) ;
#1037 = VECTOR ( 'NONE', #1924, 1000.000000000000000 ) ;
#1038 = EDGE_LOOP ( 'NONE', ( #3714, #987, #4640, #2209 ) ) ;
#1039 = DIRECTION ( 'NONE',  ( 0.000000000000000000, 0.000000000000000000, -1.000000000000000000 ) ) ;
#1040 = DIRECTION ( 'NONE',  ( 0.000000000000000000, 0.000000000000000000, -1.000000000000000000 ) ) ;
#1041 = DIRECTION ( 'NONE',  ( 1.000000000000000000, -0.000000000000000000, -0.000000000000000000 ) ) ;
#1042 = VERTEX_POINT ( 'NONE', #997 ) ;
#1043 = LINE ( 'NONE', #4395, #5455 ) ;
#1044 = FACE_BOUND ( 'NONE', #4029, .T. ) ;
#1045 = COORDINATED_UNIVERSAL_TIME_OFFSET ( 8, 0, .BEHIND. ) ;
#1046 = CIRCLE ( 'NONE', #3122, 2.100000000000000533 ) ;
#1047 = EDGE_CURVE ( 'NONE', #4554, #2348, #4960, .T. ) ;
#1048 = CARTESIAN_POINT ( 'NONE',  ( -18.00000000000000000, 26.00000000000000355, 36.25000000000000000 ) ) ;
#1049 = DIRECTION ( 'NONE',  ( 0.000000000000000000, 0.000000000000000000, -1.000000000000000000 ) ) ;
#1050 = ORIENTED_EDGE ( 'NONE', *, *, #5275, .T. ) ;
#1051 = DIRECTION ( 'NONE',  ( 0.000000000000000000, -1.000000000000000000, 0.000000000000000000 ) ) ;
#1052 = PLANE ( 'NONE',  #550 ) ;
#1053 = EDGE_CURVE ( 'NONE', #5252, #992, #757, .T. ) ;
#1054 = DIRECTION ( 'NONE',  ( 0.000000000000000000, 0.000000000000000000, 1.000000000000000000 ) ) ;
#1055 = CARTESIAN_POINT ( 'NONE',  ( -17.99999999999999645, 36.00000000000000000, 7.180703308172537547 ) ) ;
#1056 = ORIENTED_EDGE ( 'NONE', *, *, #4776, .T. ) ;
#1057 = CARTESIAN_POINT ( 'NONE',  ( -2.793185071074506684E-14, -20.99999999999999645, 8.000000000000000000 ) ) ;
#1058 = CIRCLE ( 'NONE', #1521, 1.999999999999998224 ) ;
#1059 = DIRECTION ( 'NONE',  ( -1.000000000000000000, 0.000000000000000000, 0.000000000000000000 ) ) ;
#1060 = DIRECTION ( 'NONE',  ( 0.000000000000000000, 0.000000000000000000, 1.000000000000000000 ) ) ;
#1061 = CARTESIAN_POINT ( 'NONE',  ( -2.793185071074506684E-14, -23.00000000000000000, 8.000000000000000000 ) ) ;
#1062 = ORIENTED_EDGE ( 'NONE', *, *, #3572, .T. ) ;
#1063 = EDGE_CURVE ( 'NONE', #4725, #3442, #4824, .T. ) ;
#1064 = CIRCLE ( 'NONE', #3497, 1.000000000000002665 ) ;
#1065 = ORIENTED_EDGE ( 'NONE', *, *, #1300, .T. ) ;
#1066 = CYLINDRICAL_SURFACE ( 'NONE', #394, 2.100000000000000089 ) ;
#1067 = DIRECTION ( 'NONE',  ( 1.000000000000000000, -0.000000000000000000, -0.000000000000000000 ) ) ;
#1068 = CARTESIAN_POINT ( 'NONE',  ( 8.000000000000000000, -23.00000000000000000, 0.000000000000000000 ) ) ;
#1069 = DIRECTION ( 'NONE',  ( -1.000000000000000000, 0.000000000000000000, 0.000000000000000000 ) ) ;
#1070 = ORIENTED_EDGE ( 'NONE', *, *, #865, .F. ) ;
#1071 = DIRECTION ( 'NONE',  ( 0.000000000000000000, 0.000000000000000000, -1.000000000000000000 ) ) ;
#1072 = FACE_OUTER_BOUND ( 'NONE', #3761, .T. ) ;
#1073 = CIRCLE ( 'NONE', #5141, 2.100000000000000533 ) ;
#1074 = FACE_BOUND ( 'NONE', #4635, .T. ) ;
#1075 = DIRECTION ( 'NONE',  ( 1.000000000000000000, -0.000000000000000000, 0.000000000000000000 ) ) ;
#1076 = CIRCLE ( 'NONE', #3060, 2.250000000000002665 ) ;
#1077 = CIRCLE ( 'NONE', #2345, 1.000000000000001776 ) ;
#1078 = DIRECTION ( 'NONE',  ( -0.000000000000000000, -1.000000000000000000, 0.000000000000000000 ) ) ;
#1079 = CARTESIAN_POINT ( 'NONE',  ( -10.50000000000000000, 28.00000000000000000, -16.24999999999999289 ) ) ;
#1080 = ORIENTED_EDGE ( 'NONE', *, *, #4831, .F. ) ;
#1081 = PLANE ( 'NONE',  #3360 ) ;
#1082 = DIRECTION ( 'NONE',  ( 0.000000000000000000, 1.000000000000000000, -0.000000000000000000 ) ) ;
#1083 = CARTESIAN_POINT ( 'NONE',  ( -17.99999999999999645, 30.00000000000000000, 19.75000000000000355 ) ) ;
#1084 = DIRECTION ( 'NONE',  ( 0.000000000000000000, 1.000000000000000000, -0.000000000000000000 ) ) ;
#1085 = ORIENTED_EDGE ( 'NONE', *, *, #1019, .F. ) ;
#1086 = DIRECTION ( 'NONE',  ( 0.000000000000000000, 0.000000000000000000, 1.000000000000000000 ) ) ;
#1087 = EDGE_CURVE ( 'NONE', #1391, #2288, #367, .T. ) ;
#1088 = FACE_BOUND ( 'NONE', #1350, .T. ) ;
#1089 = EDGE_CURVE ( 'NONE', #4591, #4326, #2527, .T. ) ;
#1090 = DIRECTION ( 'NONE',  ( 1.000000000000000000, 0.000000000000000000, -1.734723475976806848E-16 ) ) ;
#1091 = CARTESIAN_POINT ( 'NONE',  ( -10.50000000000000000, -16.80502757993630780, -1.928818708657081344E-15 ) ) ;
#1092 = ORIENTED_EDGE ( 'NONE', *, *, #2423, .F. ) ;
#1093 = VERTEX_POINT ( 'NONE', #5016 ) ;
#1094 = FACE_OUTER_BOUND ( 'NONE', #2201, .T. ) ;
#1095 = DIRECTION ( 'NONE',  ( 0.000000000000000000, -1.000000000000000000, 0.000000000000000000 ) ) ;
#1096 = EDGE_CURVE ( 'NONE', #3477, #5196, #5489, .T. ) ;
#1097 = DIRECTION ( 'NONE',  ( -1.000000000000000000, 0.000000000000000000, 0.000000000000000000 ) ) ;
#1098 = DIRECTION ( 'NONE',  ( 0.000000000000000000, 0.000000000000000000, 1.000000000000000000 ) ) ;
#1099 = EDGE_LOOP ( 'NONE', ( #4898, #3952, #2533, #3344 ) ) ;
#1100 = APPROVAL ( #2070, 'UNSPECIFIED' ) ;
#1101 = CARTESIAN_POINT ( 'NONE',  ( -50.40559159102153330, 33.24999999999998579, 32.00000000000000000 ) ) ;
#1102 = CARTESIAN_POINT ( 'NONE',  ( 8.000000000000000000, -20.99999999999999645, -1.000000000000001554 ) ) ;
#1103 = EDGE_CURVE ( 'NONE', #1502, #3069, #3830, .T. ) ;
#1104 = CYLINDRICAL_SURFACE ( 'NONE', #3871, 2.000000000000000000 ) ;
#1105 = APPROVAL_ROLE ( '' ) ;
#1106 = AXIS2_PLACEMENT_3D ( 'NONE', #5127, #3322, #2477 ) ;
#1107 = FACE_BOUND ( 'NONE', #3261, .T. ) ;
#1108 = CARTESIAN_POINT ( 'NONE',  ( -18.99999999999998934, 33.24999999999998579, 32.00000000000000000 ) ) ;
#1109 = EDGE_LOOP ( 'NONE', ( #4128, #397 ) ) ;
#1110 = DIRECTION ( 'NONE',  ( -0.000000000000000000, 1.000000000000000000, -0.000000000000000000 ) ) ;
#1111 = DIRECTION ( 'NONE',  ( 0.000000000000000000, -1.000000000000000000, 0.000000000000000000 ) ) ;
#1112 = LOCAL_TIME ( 16, 15, 49.00000000000000000, #1987 ) ;
#1113 = LINE ( 'NONE', #1968, #1673 ) ;
#1114 = LINE ( 'NONE', #1998, #3669 ) ;
#1115 = ORIENTED_EDGE ( 'NONE', *, *, #980, .T. ) ;
#1116 = DIRECTION ( 'NONE',  ( 0.000000000000000000, 0.000000000000000000, 1.000000000000000000 ) ) ;
#1117 = CARTESIAN_POINT ( 'NONE',  ( 8.000000000000000000, 20.99999999999999645, 0.000000000000000000 ) ) ;
#1118 = B_SPLINE_CURVE_WITH_KNOTS ( 'NONE', 3,
 ( #2583, #3878, #1735, #29, #3962, #3036, #2666, #3565, #1423, #1824, #1794, #5242, #1766, #4377, #4866, #3512 ),
 .UNSPECIFIED., .F., .F.,
 ( 4, 2, 2, 2, 2, 2, 2, 4 ),
 ( 0.002737791926874925171, 0.003121466685043740308, 0.003505141443212555878, 0.003888816201381371015, 0.004272490959550186151, 0.004656165717719001722, 0.005039840475887817292, 0.005807189992225457106 ),
 .UNSPECIFIED. ) ;
#1119 = CARTESIAN_POINT ( 'NONE',  ( 19.17157287525382614, 29.99999999999998579, 19.75000000000001066 ) ) ;
#1120 = ORIENTED_EDGE ( 'NONE', *, *, #2438, .T. ) ;
#1121 = CIRCLE ( 'NONE', #2840, 1.000000000000001554 ) ;
#1122 = EDGE_CURVE ( 'NONE', #1950, #1391, #714, .T. ) ;
#1123 = ORIENTED_EDGE ( 'NONE', *, *, #528, .F. ) ;
#1124 = DIRECTION ( 'NONE',  ( 0.000000000000000000, 0.000000000000000000, 1.000000000000000000 ) ) ;
#1125 = CARTESIAN_POINT ( 'NONE',  ( -10.50000000000000000, -19.00000000000000000, -0.000000000000000000 ) ) ;
#1126 = CARTESIAN_POINT ( 'NONE',  ( 18.00000000000001066, 26.00000000000000355, -14.25000000000000178 ) ) ;
#1127 = DIRECTION ( 'NONE',  ( 0.000000000000000000, 0.000000000000000000, 1.000000000000000000 ) ) ;
#1128 = ORIENTED_EDGE ( 'NONE', *, *, #5038, .F. ) ;
#1129 = ORIENTED_EDGE ( 'NONE', *, *, #2834, .F. ) ;
#1130 =( BOUNDED_SURFACE ( )  B_SPLINE_SURFACE ( 3, 2, ( 
 ( #4280, #4796, #5561 ),
 ( #5254, #415, #951 ),
 ( #1699, #2150, #495 ),
 ( #1752, #4303, #5146 ),
 ( #1267, #3866, #917 ),
 ( #2652, #385, #2994 ),
 ( #3050, #4709, #5589 ),
 ( #4766, #1727, #4330 ),
 ( #4826, #48, #3441 ),
 ( #4738, #3949, #2177 ),
 ( #2233, #3894, #1781 ),
 ( #4360, #16, #3469 ),
 ( #77, #1811, #3525 ),
 ( #1921, #2286, #641 ),
 ( #608, #1441, #3189 ),
 ( #4907, #2711, #5281 ) ),
 .UNSPECIFIED., .F., .F., .F. ) 
 B_SPLINE_SURFACE_WITH_KNOTS ( ( 4, 2, 2, 2, 2, 2, 2, 4 ),
 ( 3, 3 ),
 ( 1.570796326794896558, 1.963495408493620697, 2.159844949342982545, 2.356194490192344837, 2.552544031041707129, 2.748893571891068976, 2.945243112740430824, 3.141592653589793116 ),
 ( 0.000000000000000000, 1.000000000000000000 ),
 .UNSPECIFIED. ) 
 GEOMETRIC_REPRESENTATION_ITEM ( )  RATIONAL_B_SPLINE_SURFACE ( (
 ( 1.000000000000000000, 1.000000000000000000, 1.000000000000000000),
 ( 1.000000000000000000, 1.000158581338184360, 1.000000000000000000),
 ( 1.000000000000000000, 0.9867291884978742766, 1.000000000000000000),
 ( 1.000000000000000000, 0.9506740355727976155, 1.000000000000000000),
 ( 1.000000000000000000, 0.9360421839764490048, 1.000000000000000000),
 ( 1.000000000000000000, 0.9031650997099470723, 1.000000000000000000),
 ( 1.000000000000000000, 0.8849191466807935225, 1.000000000000000000),
 ( 1.000000000000000000, 0.8471316608880827825, 1.000000000000000000),
 ( 1.000000000000000000, 0.8275942689648122519, 1.000000000000000000),
 ( 1.000000000000000000, 0.7902180092785292542, 1.000000000000000000),
 ( 1.000000000000000000, 0.7723968210893623620, 1.000000000000000000),
 ( 1.000000000000000000, 0.7418334186078425763, 1.000000000000000000),
 ( 1.000000000000000000, 0.7291288934789116327, 1.000000000000000000),
 ( 1.000000000000000000, 0.7117460030644041646, 1.000000000000000000),
 ( 1.000000000000000000, 0.7070717279753493401, 1.000000000000000000),
 ( 1.000000000000000000, 0.7071067811865472397, 1.000000000000000000) ) ) 
 REPRESENTATION_ITEM ( '' )  SURFACE ( )  );
#1131 = EDGE_CURVE ( 'NONE', #2963, #1289, #571, .T. ) ;
#1132 = CARTESIAN_POINT ( 'NONE',  ( -10.50000000000000000, -22.87544709486370920, -25.62713405747899031 ) ) ;
#1133 = EDGE_CURVE ( 'NONE', #3527, #1999, #4262, .T. ) ;
#1134 = DIRECTION ( 'NONE',  ( 0.000000000000000000, 1.000000000000000000, -0.000000000000000000 ) ) ;
#1135 = VECTOR ( 'NONE', #4845, 1000.000000000000000 ) ;
#1136 = CARTESIAN_POINT ( 'NONE',  ( -9.856692996391553052, 30.67834649819577919, -14.74322637705802919 ) ) ;
#1137 = ORIENTED_EDGE ( 'NONE', *, *, #1204, .F. ) ;
#1138 = DIRECTION ( 'NONE',  ( 1.000000000000000000, 0.000000000000000000, -2.168404344971009361E-16 ) ) ;
#1139 = CARTESIAN_POINT ( 'NONE',  ( -19.99999999999999289, 33.24999999999998579, 34.25000000000000000 ) ) ;
#1140 = ORIENTED_EDGE ( 'NONE', *, *, #5056, .T. ) ;
#1141 = AXIS2_PLACEMENT_3D ( 'NONE', #2949, #2050, #3425 ) ;
#1142 = CARTESIAN_POINT ( 'NONE',  ( 8.379555213223520053E-14, 19.00000000000000000, -7.999999999999998224 ) ) ;
#1143 = CYLINDRICAL_SURFACE ( 'NONE', #236, 1.250000000000001110 ) ;
#1144 = EDGE_LOOP ( 'NONE', ( #1161, #960, #3124, #1653, #5166 ) ) ;
#1145 = CARTESIAN_POINT ( 'NONE',  ( 10.50000000000000000, -22.87544709486370564, -25.62713405747899031 ) ) ;
#1146 = CARTESIAN_POINT ( 'NONE',  ( -8.499999999999996447, -19.00000000000000000, -21.37171027316250971 ) ) ;
#1147 = ORIENTED_EDGE ( 'NONE', *, *, #3418, .F. ) ;
#1148 = ORIENTED_EDGE ( 'NONE', *, *, #2028, .T. ) ;
#1149 = FACE_OUTER_BOUND ( 'NONE', #2847, .T. ) ;
#1150 = CARTESIAN_POINT ( 'NONE',  ( 19.00000000000000711, 33.24999999999999289, -10.24999999999999822 ) ) ;
#1151 = DIRECTION ( 'NONE',  ( 0.000000000000000000, 1.000000000000000000, -0.000000000000000000 ) ) ;
#1152 = CARTESIAN_POINT ( 'NONE',  ( -17.99999999999999645, 26.00000000000000355, 36.25000000000000000 ) ) ;
#1153 = EDGE_CURVE ( 'NONE', #914, #1405, #5096, .T. ) ;
#1154 = VERTEX_POINT ( 'NONE', #4638 ) ;
#1155 = VECTOR ( 'NONE', #4620, 1000.000000000000000 ) ;
#1156 = LINE ( 'NONE', #2884, #1796 ) ;
#1157 = VERTEX_POINT ( 'NONE', #2080 ) ;
#1158 = CARTESIAN_POINT ( 'NONE',  ( -8.499999999999996447, -17.00000000000000000, -21.37171027316250971 ) ) ;
#1159 = EDGE_CURVE ( 'NONE', #1709, #3047, #5283, .T. ) ;
#1160 = EDGE_CURVE ( 'NONE', #2283, #3744, #5131, .T. ) ;
#1161 = ORIENTED_EDGE ( 'NONE', *, *, #296, .T. ) ;
#1162 = AXIS2_PLACEMENT_3D ( 'NONE', #3135, #3641, #3160 ) ;
#1163 = CARTESIAN_POINT ( 'NONE',  ( -16.99999999999999289, 36.00000000000000000, -7.180703308172531329 ) ) ;
#1164 = CARTESIAN_POINT ( 'NONE',  ( -11.45300845984452032, 31.47650422992263941, -14.30205464722619801 ) ) ;
#1165 = PLANE ( 'NONE',  #974 ) ;
#1166 = ADVANCED_FACE ( 'NONE', ( #5463 ), #3741, .T. ) ;
#1167 = ORIENTED_EDGE ( 'NONE', *, *, #4776, .F. ) ;
#1168 = AXIS2_PLACEMENT_3D ( 'NONE', #778, #3045, #4324 ) ;
#1169 = AXIS2_PLACEMENT_3D ( 'NONE', #1213, #307, #1620 ) ;
#1170 = DIRECTION ( 'NONE',  ( 0.000000000000000000, 1.000000000000000000, -0.000000000000000000 ) ) ;
#1171 = DIRECTION ( 'NONE',  ( 0.000000000000000000, 1.000000000000000000, 0.000000000000000000 ) ) ;
#1172 = VERTEX_POINT ( 'NONE', #764 ) ;
#1173 = DIRECTION ( 'NONE',  ( 0.000000000000000000, 1.000000000000000000, 0.000000000000000000 ) ) ;
#1174 = PLANE ( 'NONE',  #3183 ) ;
#1175 = EDGE_CURVE ( 'NONE', #4443, #3370, #3368, .T. ) ;
#1176 = DIRECTION ( 'NONE',  ( 1.000000000000000000, -0.000000000000000000, -0.000000000000000000 ) ) ;
#1177 = B_SPLINE_CURVE_WITH_KNOTS ( 'NONE', 3,
 ( #5339, #162, #190, #4942, #4063, #4391, #4447, #1839, #3553, #521 ),
 .UNSPECIFIED., .F., .F.,
 ( 4, 2, 2, 2, 4 ),
 ( -8.944271910599960239E-06, 0.001019331502940760059, 0.002047607277792120369, 0.003075883052643480463, 0.004104158827494840123 ),
 .UNSPECIFIED. ) ;
#1178 = EDGE_LOOP ( 'NONE', ( #3486, #2822, #1813, #2274 ) ) ;
#1179 = EDGE_LOOP ( 'NONE', ( #4734, #351, #5104, #746, #4969 ) ) ;
#1180 = CARTESIAN_POINT ( 'NONE',  ( 12.50000000000000355, 32.00000000000000711, -14.25000000000000000 ) ) ;
#1181 = FACE_BOUND ( 'NONE', #4865, .T. ) ;
#1182 = CARTESIAN_POINT ( 'NONE',  ( 19.00000000000000711, 33.24999999999999289, -7.999999999999996447 ) ) ;
#1183 = LINE ( 'NONE', #4624, #4857 ) ;
#1184 = VERTEX_POINT ( 'NONE', #3768 ) ;
#1185 = DIRECTION ( 'NONE',  ( 0.000000000000000000, 0.000000000000000000, -1.000000000000000000 ) ) ;
#1186 = CARTESIAN_POINT ( 'NONE',  ( -10.50000000000000000, -23.00000000000000000, -24.87468592766549236 ) ) ;
#1187 = ORIENTED_EDGE ( 'NONE', *, *, #1013, .F. ) ;
#1188 = EDGE_CURVE ( 'NONE', #3622, #3873, #340, .T. ) ;
#1189 = FACE_OUTER_BOUND ( 'NONE', #4057, .T. ) ;
#1190 = DIRECTION ( 'NONE',  ( 0.3695652173913052119, 0.000000000000000000, 0.9292047944853262242 ) ) ;
#1191 = DIRECTION ( 'NONE',  ( 0.000000000000000000, 0.000000000000000000, 1.000000000000000000 ) ) ;
#1192 = AXIS2_PLACEMENT_3D ( 'NONE', #4892, #4129, #1966 ) ;
#1193 = VERTEX_POINT ( 'NONE', #3293 ) ;
#1194 = VECTOR ( 'NONE', #1111, 1000.000000000000000 ) ;
#1195 = EDGE_CURVE ( 'NONE', #992, #5252, #2939, .T. ) ;
#1196 = CARTESIAN_POINT ( 'NONE',  ( 18.00000000000001066, 33.99999999999999289, 36.25000000000000000 ) ) ;
#1197 = CARTESIAN_POINT ( 'NONE',  ( 19.17157287525382614, 36.00000000000000000, 19.75000000000001066 ) ) ;
#1198 = ORIENTED_EDGE ( 'NONE', *, *, #2857, .T. ) ;
#1199 = DIRECTION ( 'NONE',  ( 0.000000000000000000, 0.000000000000000000, 1.000000000000000000 ) ) ;
#1200 = DIRECTION ( 'NONE',  ( -1.321694076934710402E-16, 0.000000000000000000, -1.000000000000000000 ) ) ;
#1201 = CARTESIAN_POINT ( 'NONE',  ( 18.00000000000001066, 33.99999999999999289, 0.000000000000000000 ) ) ;
#1202 = ORGANIZATION ( 'UNSPECIFIED', 'UNSPECIFIED', '' ) ;
#1203 = VERTEX_POINT ( 'NONE', #2022 ) ;
#1204 = EDGE_CURVE ( 'NONE', #1999, #4345, #4914, .T. ) ;
#1205 = ORIENTED_EDGE ( 'NONE', *, *, #160, .F. ) ;
#1206 = DIRECTION ( 'NONE',  ( 0.000000000000000000, 0.000000000000000000, -1.000000000000000000 ) ) ;
#1207 = DIRECTION ( 'NONE',  ( 0.000000000000000000, 0.000000000000000000, 1.000000000000000000 ) ) ;
#1208 = CARTESIAN_POINT ( 'NONE',  ( -8.499999999999996447, -19.00000000000000355, -17.37171027316250971 ) ) ;
#1209 = ORIENTED_EDGE ( 'NONE', *, *, #5507, .T. ) ;
#1210 = DIRECTION ( 'NONE',  ( 0.000000000000000000, 0.000000000000000000, 1.000000000000000000 ) ) ;
#1211 = AXIS2_PLACEMENT_3D ( 'NONE', #2122, #835, #5198 ) ;
#1212 = AXIS2_PLACEMENT_3D ( 'NONE', #4411, #1860, #1032 ) ;
#1213 = CARTESIAN_POINT ( 'NONE',  ( -17.99999999999999645, 26.00000000000000355, 38.25000000000000000 ) ) ;
#1214 = VECTOR ( 'NONE', #2688, 1000.000000000000000 ) ;
#1215 = ORIENTED_EDGE ( 'NONE', *, *, #2237, .T. ) ;
#1216 = AXIS2_PLACEMENT_3D ( 'NONE', #3072, #4787, #2252 ) ;
#1217 = VECTOR ( 'NONE', #3644, 1000.000000000000000 ) ;
#1218 = CARTESIAN_POINT ( 'NONE',  ( 6.123233995736766282E-16, 19.00000000000000000, 5.000000000000000000 ) ) ;
#1219 = CARTESIAN_POINT ( 'NONE',  ( -10.44761648746002969, 29.94761648745980409, -16.19416389567762593 ) ) ;
#1220 = CARTESIAN_POINT ( 'NONE',  ( 19.31964575346847113, 35.50821747837947839, -7.366709890023570573 ) ) ;
#1221 = ORIENTED_EDGE ( 'NONE', *, *, #3367, .F. ) ;
#1222 = EDGE_CURVE ( 'NONE', #4380, #2594, #2729, .T. ) ;
#1223 = AXIS2_PLACEMENT_3D ( 'NONE', #4112, #243, #1975 ) ;
#1224 = CARTESIAN_POINT ( 'NONE',  ( -9.129629629629629761, -20.99999999999999645, -27.52544028395892184 ) ) ;
#1225 = DIRECTION ( 'NONE',  ( -1.000000000000000000, 0.000000000000000000, 0.000000000000000000 ) ) ;
#1226 = ORIENTED_EDGE ( 'NONE', *, *, #2294, .T. ) ;
#1227 = DIRECTION ( 'NONE',  ( -2.168404344971008868E-16, 0.000000000000000000, -1.000000000000000000 ) ) ;
#1228 = CARTESIAN_POINT ( 'NONE',  ( 8.391801681214993567E-14, -23.00000000000000000, -9.000000000000001776 ) ) ;
#1229 = CARTESIAN_POINT ( 'NONE',  ( 8.499999999999996447, 17.00000000000000000, -17.37171027316250971 ) ) ;
#1230 = CIRCLE ( 'NONE', #5559, 2.100000000000000089 ) ;
#1231 = EDGE_CURVE ( 'NONE', #5477, #3273, #2040, .T. ) ;
#1232 = EDGE_LOOP ( 'NONE', ( #3071, #352, #112, #3232 ) ) ;
#1233 = ORIENTED_EDGE ( 'NONE', *, *, #1188, .F. ) ;
#1234 = CARTESIAN_POINT ( 'NONE',  ( 9.486452754116072583, 30.49322637705817485, -14.92834649819563353 ) ) ;
#1235 = CARTESIAN_POINT ( 'NONE',  ( -18.99999999999998934, 33.24999999999999289, -6.749999999999995559 ) ) ;
#1236 = CARTESIAN_POINT ( 'NONE',  ( -12.10873105339858924, 24.08705637585942938, -14.16294362414055641 ) ) ;
#1237 = CARTESIAN_POINT ( 'NONE',  ( -10.50000000000000000, -17.94529881718182907, -20.37831841818118050 ) ) ;
#1238 = EDGE_CURVE ( 'NONE', #254, #1551, #5100, .T. ) ;
#1239 = ORIENTED_EDGE ( 'NONE', *, *, #738, .F. ) ;
#1240 = DIRECTION ( 'NONE',  ( 0.3148148148148144365, -1.734723475976805911E-15, 0.9491531132399630977 ) ) ;
#1241 = CARTESIAN_POINT ( 'NONE',  ( 8.000000000000000000, -19.00000000000000000, 1.000000000000001554 ) ) ;
#1242 = VECTOR ( 'NONE', #3806, 1000.000000000000000 ) ;
#1243 = EDGE_CURVE ( 'NONE', #445, #1724, #3925, .T. ) ;
#1244 = CARTESIAN_POINT ( 'NONE',  ( -12.50000000000000000, 26.00000000000000355, -14.24999999999999645 ) ) ;
#1245 = CARTESIAN_POINT ( 'NONE',  ( -10.49539730205541765, 30.99769865102747346, -14.51433680240095647 ) ) ;
#1246 = ORIENTED_EDGE ( 'NONE', *, *, #3516, .T. ) ;
#1247 = AXIS2_PLACEMENT_3D ( 'NONE', #4183, #2046, #338 ) ;
#1248 = DIRECTION ( 'NONE',  ( 1.321694076934710402E-16, 0.000000000000000000, 1.000000000000000000 ) ) ;
#1249 = FACE_OUTER_BOUND ( 'NONE', #2079, .T. ) ;
#1250 = EDGE_LOOP ( 'NONE', ( #2147, #3635, #1592, #2405 ) ) ;
#1251 = B_SPLINE_CURVE_WITH_KNOTS ( 'NONE', 3,
 ( #155, #3970, #540, #182, #3182, #98, #4026, #4383, #4819, #5273, #4901, #2705 ),
 .UNSPECIFIED., .F., .F.,
 ( 4, 2, 2, 2, 2, 4 ),
 ( 0.000000000000000000, 0.0007842786554262168959, 0.001568557310852433792, 0.002352835966278650579, 0.002744975293991756913, 0.003137114621704863247 ),
 .UNSPECIFIED. ) ;
#1252 = CARTESIAN_POINT ( 'NONE',  ( -19.47157111231729587, 35.35532051220919669, 31.19795331797153182 ) ) ;
#1253 = CARTESIAN_POINT ( 'NONE',  ( 0.000000000000000000, -17.00000000000000000, -21.00000000000000000 ) ) ;
#1254 = AXIS2_PLACEMENT_3D ( 'NONE', #2882, #2371, #5028 ) ;
#1255 = LINE ( 'NONE', #3854, #2769 ) ;
#1256 = ORIENTED_EDGE ( 'NONE', *, *, #3782, .T. ) ;
#1257 = EDGE_CURVE ( 'NONE', #4719, #3708, #5142, .T. ) ;
#1258 = VERTEX_POINT ( 'NONE', #2278 ) ;
#1259 = CARTESIAN_POINT ( 'NONE',  ( 12.23815341150703340, 31.47630682300892602, -14.25000000000000000 ) ) ;
#1260 = FACE_OUTER_BOUND ( 'NONE', #3383, .T. ) ;
#1261 = CARTESIAN_POINT ( 'NONE',  ( -12.50000000000000000, 26.00000000000000355, -14.24999999999999645 ) ) ;
#1262 = CARTESIAN_POINT ( 'NONE',  ( 0.000000000000000000, 19.00000000000000000, 0.000000000000000000 ) ) ;
#1263 = ORIENTED_EDGE ( 'NONE', *, *, #2758, .F. ) ;
#1264 = CARTESIAN_POINT ( 'NONE',  ( 18.00000000000001066, 26.00000000000000355, 38.24999999999999289 ) ) ;
#1265 = EDGE_CURVE ( 'NONE', #4479, #1584, #399, .T. ) ;
#1266 = CARTESIAN_POINT ( 'NONE',  ( -8.499999999999998224, 27.99999999999999645, -25.62713405747899742 ) ) ;
#1267 = CARTESIAN_POINT ( 'NONE',  ( 10.76433680240082325, 24.00460269794457702, -15.24769865102767774 ) ) ;
#1268 = PRODUCT_RELATED_PRODUCT_CATEGORY ( 'detail', '', ( #1438 ) ) ;
#1269 = EDGE_CURVE ( 'NONE', #2616, #2413, #2301, .T. ) ;
#1270 = CARTESIAN_POINT ( 'NONE',  ( 10.50000000000000000, 19.00000000000000355, -18.25426232461452969 ) ) ;
#1271 = CARTESIAN_POINT ( 'NONE',  ( 5.000000000000006217, 30.00000000000000000, -1.084202172485505815E-15 ) ) ;
#1272 = ORIENTED_EDGE ( 'NONE', *, *, #5378, .T. ) ;
#1273 = DIRECTION ( 'NONE',  ( 1.000000000000000000, -0.000000000000000000, -1.321694076934710402E-16 ) ) ;
#1274 = AXIS2_PLACEMENT_3D ( 'NONE', #3380, #2170, #5111 ) ;
#1275 = FACE_OUTER_BOUND ( 'NONE', #1341, .T. ) ;
#1276 = VERTEX_POINT ( 'NONE', #511 ) ;
#1277 = LINE ( 'NONE', #5492, #3444 ) ;
#1278 = CIRCLE ( 'NONE', #4522, 1.249999999999997558 ) ;
#1279 = DIRECTION ( 'NONE',  ( 0.000000000000000000, 0.000000000000000000, 1.000000000000000000 ) ) ;
#1280 = CARTESIAN_POINT ( 'NONE',  ( 20.00000000000001776, 33.41708056569982688, 6.879601615310318330 ) ) ;
#1281 = AXIS2_PLACEMENT_3D ( 'NONE', #2783, #5014, #4519 ) ;
#1282 = ORIENTED_EDGE ( 'NONE', *, *, #4995, .T. ) ;
#1283 = ORIENTED_EDGE ( 'NONE', *, *, #5374, .F. ) ;
#1284 = DIRECTION ( 'NONE',  ( -1.000000000000000000, 0.000000000000000000, -0.000000000000000000 ) ) ;
#1285 = FACE_BOUND ( 'NONE', #3330, .T. ) ;
#1286 = CYLINDRICAL_SURFACE ( 'NONE', #1580, 1.000000000000002665 ) ;
#1287 = CARTESIAN_POINT ( 'NONE',  ( -8.499999999999996447, -16.99999999999998579, -21.37171027316250971 ) ) ;
#1288 = ORIENTED_EDGE ( 'NONE', *, *, #3337, .F. ) ;
#1289 = VERTEX_POINT ( 'NONE', #3543 ) ;
#1290 = EDGE_CURVE ( 'NONE', #4467, #3025, #4321, .T. ) ;
#1291 = CC_DESIGN_SECURITY_CLASSIFICATION ( #656, ( #2642 ) ) ;
#1292 = DIRECTION ( 'NONE',  ( 0.000000000000000000, 0.000000000000000000, -1.000000000000000000 ) ) ;
#1293 = CARTESIAN_POINT ( 'NONE',  ( -8.499999999999996447, 27.99999999999998934, -25.62713405747899031 ) ) ;
#1294 = EDGE_CURVE ( 'NONE', #3568, #2470, #71, .T. ) ;
#1295 = CIRCLE ( 'NONE', #5087, 2.000000000000001776 ) ;
#1296 = FACE_OUTER_BOUND ( 'NONE', #807, .T. ) ;
#1297 = AXIS2_PLACEMENT_3D ( 'NONE', #2922, #2869, #740 ) ;
#1298 = CARTESIAN_POINT ( 'NONE',  ( 0.000000000000000000, -23.00000000000000000, 0.000000000000000000 ) ) ;
#1299 = ORIENTED_EDGE ( 'NONE', *, *, #4785, .T. ) ;
#1300 = EDGE_CURVE ( 'NONE', #4065, #2796, #3571, .T. ) ;
#1301 = AXIS2_PLACEMENT_3D ( 'NONE', #966, #4757, #5271 ) ;
#1302 = VECTOR ( 'NONE', #2041, 1000.000000000000000 ) ;
#1303 = CARTESIAN_POINT ( 'NONE',  ( -19.75903418983250504, 33.74032735221983614, -5.791693101439395086 ) ) ;
#1304 = DIRECTION ( 'NONE',  ( 0.000000000000000000, 0.000000000000000000, -1.000000000000000000 ) ) ;
#1305 = EDGE_LOOP ( 'NONE', ( #12, #4764 ) ) ;
#1306 = DIRECTION ( 'NONE',  ( 0.000000000000000000, -0.000000000000000000, 1.000000000000000000 ) ) ;
#1307 = FACE_OUTER_BOUND ( 'NONE', #3196, .T. ) ;
#1308 = CARTESIAN_POINT ( 'NONE',  ( -18.00000000000000000, 33.99999999999999289, 38.25000000000000000 ) ) ;
#1309 = ORIENTED_EDGE ( 'NONE', *, *, #3614, .T. ) ;
#1310 = ORIENTED_EDGE ( 'NONE', *, *, #1621, .T. ) ;
#1311 = CARTESIAN_POINT ( 'NONE',  ( 19.37523210567613319, 35.45297075802994868, -8.541993129972512477 ) ) ;
#1312 = AXIS2_PLACEMENT_3D ( 'NONE', #1061, #2794, #295 ) ;
#1313 = DIRECTION ( 'NONE',  ( 0.000000000000000000, 0.000000000000000000, 1.000000000000000000 ) ) ;
#1314 = CARTESIAN_POINT ( 'NONE',  ( -12.50047543923192528, 24.00000031011711954, -14.24999967998552108 ) ) ;
#1315 = CARTESIAN_POINT ( 'NONE',  ( -5.000000000000000000, 30.00000000000000000, -26.69070068187556899 ) ) ;
#1316 = EDGE_LOOP ( 'NONE', ( #2877, #2488, #2593, #1426 ) ) ;
#1317 = ORIENTED_EDGE ( 'NONE', *, *, #2742, .T. ) ;
#1318 = ORIENTED_EDGE ( 'NONE', *, *, #2804, .T. ) ;
#1319 = CARTESIAN_POINT ( 'NONE',  ( -18.99999999999999289, 33.24999999999998579, 32.00000000000000000 ) ) ;
#1320 = DIRECTION ( 'NONE',  ( 0.000000000000000000, 0.000000000000000000, 1.000000000000000000 ) ) ;
#1321 = CARTESIAN_POINT ( 'NONE',  ( 18.13330162899539744, 36.00000000000000711, -7.180703308172530441 ) ) ;
#1322 = ORIENTED_EDGE ( 'NONE', *, *, #1416, .F. ) ;
#1323 = AXIS2_PLACEMENT_3D ( 'NONE', #5526, #4273, #2985 ) ;
#1324 = CARTESIAN_POINT ( 'NONE',  ( 10.50000000000000178, 17.48518977103684691, -20.88650325794539953 ) ) ;
#1325 = ADVANCED_FACE ( 'NONE', ( #5301 ), #5190, .T. ) ;
#1326 = EDGE_CURVE ( 'NONE', #3288, #2454, #934, .T. ) ;
#1327 = DIRECTION ( 'NONE',  ( 0.000000000000000000, 0.000000000000000000, 1.000000000000000000 ) ) ;
#1328 = ORIENTED_EDGE ( 'NONE', *, *, #2686, .T. ) ;
#1329 = LINE ( 'NONE', #1791, #4961 ) ;
#1330 = EDGE_CURVE ( 'NONE', #3679, #1748, #1494, .T. ) ;
#1331 = DIRECTION ( 'NONE',  ( 1.000000000000000000, -0.000000000000000000, -0.000000000000000000 ) ) ;
#1332 = EDGE_LOOP ( 'NONE', ( #2356, #3210, #689, #982, #2724, #4086 ) ) ;
#1333 = DIRECTION ( 'NONE',  ( 0.000000000000000000, 0.000000000000000000, 1.000000000000000000 ) ) ;
#1334 = AXIS2_PLACEMENT_3D ( 'NONE', #3500, #2657, #3110 ) ;
#1335 = DIRECTION ( 'NONE',  ( 1.000000000000000000, -0.000000000000000000, -0.000000000000000000 ) ) ;
#1336 = CIRCLE ( 'NONE', #5224, 21.00000000000000000 ) ;
#1337 = DIRECTION ( 'NONE',  ( 0.000000000000000000, 1.000000000000000000, -0.000000000000000000 ) ) ;
#1338 = ORIENTED_EDGE ( 'NONE', *, *, #3979, .T. ) ;
#1339 = VECTOR ( 'NONE', #2047, 1000.000000000000000 ) ;
#1340 = EDGE_CURVE ( 'NONE', #4386, #2594, #309, .T. ) ;
#1341 = EDGE_LOOP ( 'NONE', ( #581, #5523, #3851, #3292 ) ) ;
#1342 = DIRECTION ( 'NONE',  ( 0.000000000000000000, 0.000000000000000000, 1.000000000000000000 ) ) ;
#1343 = DIRECTION ( 'NONE',  ( -1.000000000000000000, 0.000000000000000000, -0.000000000000000000 ) ) ;
#1344 = CARTESIAN_POINT ( 'NONE',  ( -12.50000000000000355, 24.00000000000000000, -12.24999999999999289 ) ) ;
#1345 = DIRECTION ( 'NONE',  ( -0.000000000000000000, 1.000000000000000000, -0.000000000000000000 ) ) ;
#1346 = ORIENTED_EDGE ( 'NONE', *, *, #3431, .F. ) ;
#1347 = VECTOR ( 'NONE', #3424, 1000.000000000000000 ) ;
#1348 = ORIENTED_EDGE ( 'NONE', *, *, #2545, .T. ) ;
#1349 = AXIS2_PLACEMENT_3D ( 'NONE', #3605, #486, #1889 ) ;
#1350 = EDGE_LOOP ( 'NONE', ( #5244, #2767 ) ) ;
#1351 = CARTESIAN_POINT ( 'NONE',  ( 8.499999999999996447, 27.99999999999998934, -25.62713405747899031 ) ) ;
#1352 = CARTESIAN_POINT ( 'NONE',  ( 0.000000000000000000, 22.00000000000000000, 0.000000000000000000 ) ) ;
#1353 = CARTESIAN_POINT ( 'NONE',  ( -16.99999999999999289, 44.00000000000000000, 3.469446951953614189E-15 ) ) ;
#1354 = ORIENTED_EDGE ( 'NONE', *, *, #1269, .F. ) ;
#1355 = ORIENTED_EDGE ( 'NONE', *, *, #1402, .F. ) ;
#1356 = DIRECTION ( 'NONE',  ( -0.000000000000000000, 1.000000000000000000, -0.000000000000000000 ) ) ;
#1357 = PLANE ( 'NONE',  #3507 ) ;
#1358 = ORIENTED_EDGE ( 'NONE', *, *, #4743, .T. ) ;
#1359 = EDGE_CURVE ( 'NONE', #2175, #3129, #3746, .T. ) ;
#1360 = CARTESIAN_POINT ( 'NONE',  ( 8.499999999999996447, 17.00000000000000711, -21.37171027316250971 ) ) ;
#1361 = CARTESIAN_POINT ( 'NONE',  ( -19.67014911926717602, 35.11222111725478356, -9.292022345110989789 ) ) ;
#1362 = VERTEX_POINT ( 'NONE', #4932 ) ;
#1363 = CARTESIAN_POINT ( 'NONE',  ( 10.50000000000000000, 17.00000000000000711, -21.37171027316250971 ) ) ;
#1364 = CARTESIAN_POINT ( 'NONE',  ( -17.99999999999999645, 30.00000000000000000, 19.75000000000000355 ) ) ;
#1365 = EDGE_LOOP ( 'NONE', ( #1120, #3, #4246, #5405 ) ) ;
#1366 = ADVANCED_FACE ( 'NONE', ( #690 ), #1912, .T. ) ;
#1367 = B_SPLINE_CURVE_WITH_KNOTS ( 'NONE', 3,
 ( #1055, #4582, #3628, #3178, #716, #4897, #1486, #1941, #4930, #1027 ),
 .UNSPECIFIED., .F., .F.,
 ( 4, 2, 2, 2, 4 ),
 ( 0.000000000000000000, 0.0004496090513470386114, 0.0008992181026940772228, 0.001348827154041115726, 0.001798436205388156397 ),
 .UNSPECIFIED. ) ;
#1368 = VERTEX_POINT ( 'NONE', #3602 ) ;
#1369 = CARTESIAN_POINT ( 'NONE',  ( -8.000000000000000000, 19.00000000000000000, -5.586370142149013368E-14 ) ) ;
#1370 = DIRECTION ( 'NONE',  ( 0.000000000000000000, 1.000000000000000000, -0.000000000000000000 ) ) ;
#1371 = DIRECTION ( 'NONE',  ( 0.000000000000000000, -1.000000000000000000, 0.000000000000000000 ) ) ;
#1372 = CIRCLE ( 'NONE', #1650, 10.75000000000000000 ) ;
#1373 = LINE ( 'NONE', #910, #4592 ) ;
#1374 = ORIENTED_EDGE ( 'NONE', *, *, #3394, .T. ) ;
#1375 = CIRCLE ( 'NONE', #2189, 2.100000000000000533 ) ;
#1376 = EDGE_LOOP ( 'NONE', ( #3706, #325, #4009, #2752 ) ) ;
#1377 = ADVANCED_FACE ( 'NONE', ( #5330 ), #1972, .F. ) ;
#1378 = ORIENTED_EDGE ( 'NONE', *, *, #44, .T. ) ;
#1379 = FACE_OUTER_BOUND ( 'NONE', #51, .T. ) ;
#1380 = PLANE ( 'NONE',  #2074 ) ;
#1381 = VERTEX_POINT ( 'NONE', #2816 ) ;
#1382 = ORIENTED_EDGE ( 'NONE', *, *, #2638, .T. ) ;
#1383 = AXIS2_PLACEMENT_3D ( 'NONE', #3414, #2205, #3020 ) ;
#1384 = ADVANCED_BREP_SHAPE_REPRESENTATION ( 'link1', ( #290, #4713 ), #3636 ) ;
#1385 = CARTESIAN_POINT ( 'NONE',  ( -19.99999999999999289, 30.00000000000000000, 38.25000000000000000 ) ) ;
#1386 = CARTESIAN_POINT ( 'NONE',  ( 0.000000000000000000, 36.00000000000000000, 0.000000000000000000 ) ) ;
#1387 = PRODUCT_DEFINITION_SHAPE ( 'NONE', 'NONE',  #401 ) ;
#1388 = AXIS2_PLACEMENT_3D ( 'NONE', #3044, #5555, #3860 ) ;
#1389 = CARTESIAN_POINT ( 'NONE',  ( -19.21916165899008533, 35.25252424772658344, -6.942089695677132077 ) ) ;
#1390 = DIRECTION ( 'NONE',  ( -0.000000000000000000, -1.000000000000000000, -0.000000000000000000 ) ) ;
#1391 = VERTEX_POINT ( 'NONE', #4964 ) ;
#1392 = DIRECTION ( 'NONE',  ( 0.000000000000000000, 0.000000000000000000, 1.000000000000000000 ) ) ;
#1393 = CARTESIAN_POINT ( 'NONE',  ( 19.59434449556715663, 35.21715111245162433, 33.11462042928566518 ) ) ;
#1394 = EDGE_CURVE ( 'NONE', #853, #5496, #2216, .T. ) ;
#1395 = ORIENTED_EDGE ( 'NONE', *, *, #1222, .T. ) ;
#1396 = AXIS2_PLACEMENT_3D ( 'NONE', #1558, #5473, #4939 ) ;
#1397 = AXIS2_PLACEMENT_3D ( 'NONE', #3203, #1051, #2325 ) ;
#1398 = ORIENTED_EDGE ( 'NONE', *, *, #3394, .F. ) ;
#1399 = DIRECTION ( 'NONE',  ( 0.000000000000000000, 1.000000000000000000, -0.000000000000000000 ) ) ;
#1400 = EDGE_CURVE ( 'NONE', #5443, #816, #2449, .T. ) ;
#1401 = LINE ( 'NONE', #1804, #2013 ) ;
#1402 = EDGE_CURVE ( 'NONE', #4385, #3517, #5414, .T. ) ;
#1403 = DIRECTION ( 'NONE',  ( 0.000000000000000000, 1.000000000000000000, -0.000000000000000000 ) ) ;
#1404 = DIRECTION ( 'NONE',  ( 0.000000000000000000, -1.000000000000000000, 0.000000000000000000 ) ) ;
#1405 = VERTEX_POINT ( 'NONE', #4136 ) ;
#1406 = EDGE_LOOP ( 'NONE', ( #3426, #1632, #5393, #505 ) ) ;
#1407 = ORIENTED_EDGE ( 'NONE', *, *, #242, .F. ) ;
#1408 = AXIS2_PLACEMENT_3D ( 'NONE', #5021, #2875, #3634 ) ;
#1409 = VERTEX_POINT ( 'NONE', #3630 ) ;
#1410 = EDGE_CURVE ( 'NONE', #4443, #727, #4452, .T. ) ;
#1411 = FACE_BOUND ( 'NONE', #3610, .T. ) ;
#1412 = CARTESIAN_POINT ( 'NONE',  ( -19.40987863616337350, 35.41853524146920051, -7.400037579088317941 ) ) ;
#1413 = VERTEX_POINT ( 'NONE', #660 ) ;
#1414 = CIRCLE ( 'NONE', #4656, 1.250000000000001110 ) ;
#1415 = CARTESIAN_POINT ( 'NONE',  ( 20.00000000000000711, 33.24999999999998579, 29.75000000000000355 ) ) ;
#1416 = EDGE_CURVE ( 'NONE', #4380, #4203, #5373, .T. ) ;
#1417 = DIRECTION ( 'NONE',  ( 0.000000000000000000, -1.000000000000000000, 0.000000000000000000 ) ) ;
#1418 =( NAMED_UNIT ( * ) SI_UNIT ( $, .STERADIAN. ) SOLID_ANGLE_UNIT ( ) );
#1419 = VERTEX_POINT ( 'NONE', #1029 ) ;
#1420 = CARTESIAN_POINT ( 'NONE',  ( 0.000000000000000000, -20.99999999999999645, 0.000000000000000000 ) ) ;
#1421 = CARTESIAN_POINT ( 'NONE',  ( -19.35774755362899668, 35.46871780009161057, -8.400947953907287769 ) ) ;
#1422 = ORIENTED_EDGE ( 'NONE', *, *, #2276, .T. ) ;
#1423 = CARTESIAN_POINT ( 'NONE',  ( 19.38830838404053836, 34.48750246830217492, -6.117098529327263279 ) ) ;
#1424 = FACE_BOUND ( 'NONE', #1754, .T. ) ;
#1425 = AXIS2_PLACEMENT_3D ( 'NONE', #1530, #3251, #276 ) ;
#1426 = ORIENTED_EDGE ( 'NONE', *, *, #185, .F. ) ;
#1427 = B_SPLINE_CURVE_WITH_KNOTS ( 'NONE', 3,
 ( #5070, #2530, #849, #3371, #2025, #5570, #318, #5545, #1252, #1606, #1685, #4242, #2052, #2979, #3745, #3771, #5466, #1658, #3321, #2476, #1710, #822 ),
 .UNSPECIFIED., .F., .F.,
 ( 4, 2, 2, 2, 2, 2, 2, 2, 2, 2, 4 ),
 ( 0.000000000000000000, 0.0007122924836301180529, 0.001424584967260236106, 0.001780731209075304402, 0.002136877450890372915, 0.002493023692705441212, 0.002849169934520509942, 0.003561462418150646535, 0.004273754901780783995, 0.004986047385410920588, 0.005698339869041058048 ),
 .UNSPECIFIED. ) ;
#1428 = CARTESIAN_POINT ( 'NONE',  ( 8.379555213223520053E-14, -23.00000000000000000, -7.999999999999998224 ) ) ;
#1429 = ORIENTED_EDGE ( 'NONE', *, *, #1894, .T. ) ;
#1430 = DIRECTION ( 'NONE',  ( 0.000000000000000000, 1.000000000000000000, 0.000000000000000000 ) ) ;
#1431 = DIRECTION ( 'NONE',  ( 0.000000000000000000, 1.000000000000000000, 0.000000000000000000 ) ) ;
#1432 = DIRECTION ( 'NONE',  ( 1.000000000000000000, -0.000000000000000000, -0.000000000000000000 ) ) ;
#1433 = CYLINDRICAL_SURFACE ( 'NONE', #1898, 2.100000000000000089 ) ;
#1434 = ORIENTED_EDGE ( 'NONE', *, *, #3572, .F. ) ;
#1435 = ORIENTED_EDGE ( 'NONE', *, *, #1597, .T. ) ;
#1436 = EDGE_CURVE ( 'NONE', #753, #2933, #482, .T. ) ;
#1437 = EDGE_CURVE ( 'NONE', #3725, #1769, #2662, .T. ) ;
#1438 = PRODUCT ( 'link1', 'link1', '', ( #585 ) ) ;
#1439 = AXIS2_PLACEMENT_3D ( 'NONE', #786, #4156, #815 ) ;
#1440 = VERTEX_POINT ( 'NONE', #2390 ) ;
#1441 = CARTESIAN_POINT ( 'NONE',  ( 12.50047543928613081, 24.00000031009347978, -14.24999968000991757 ) ) ;
#1442 = FACE_OUTER_BOUND ( 'NONE', #1376, .T. ) ;
#1443 = CIRCLE ( 'NONE', #4772, 5.000000000000000000 ) ;
#1444 = VECTOR ( 'NONE', #1960, 1000.000000000000000 ) ;
#1445 = EDGE_LOOP ( 'NONE', ( #3606, #4023, #4616, #3889, #2223, #510, #3498, #1576, #3931 ) ) ;
#1446 = EDGE_CURVE ( 'NONE', #437, #3708, #3267, .T. ) ;
#1447 = FACE_OUTER_BOUND ( 'NONE', #3096, .T. ) ;
#1448 = LINE ( 'NONE', #2290, #3700 ) ;
#1449 = COORDINATED_UNIVERSAL_TIME_OFFSET ( 8, 0, .BEHIND. ) ;
#1450 = ADVANCED_FACE ( 'NONE', ( #599, #3296 ), #3718, .F. ) ;
#1451 = CARTESIAN_POINT ( 'NONE',  ( -18.99999999999999289, 33.24999999999998579, 32.00000000000000000 ) ) ;
#1452 = CARTESIAN_POINT ( 'NONE',  ( -10.50000000000000000, 28.00000000000136424, -16.11909882216839662 ) ) ;
#1453 = VERTEX_POINT ( 'NONE', #631 ) ;
#1454 = DIRECTION ( 'NONE',  ( -0.000000000000000000, 0.000000000000000000, 1.000000000000000000 ) ) ;
#1455 = EDGE_LOOP ( 'NONE', ( #4911, #4224 ) ) ;
#1456 = B_SPLINE_CURVE_WITH_KNOTS ( 'NONE', 3,
 ( #513, #968, #1001, #3998 ),
 .UNSPECIFIED., .F., .F.,
 ( 4, 4 ),
 ( 0.000000000000000000, 0.0004700444643638612479 ),
 .UNSPECIFIED. ) ;
#1457 = FACE_OUTER_BOUND ( 'NONE', #4808, .T. ) ;
#1458 = CARTESIAN_POINT ( 'NONE',  ( -10.50000000000000000, 22.00000000000000000, 0.000000000000000000 ) ) ;
#1459 = ORIENTED_EDGE ( 'NONE', *, *, #235, .F. ) ;
#1460 = DIRECTION ( 'NONE',  ( -0.000000000000000000, -1.000000000000000000, 0.000000000000000000 ) ) ;
#1461 = CARTESIAN_POINT ( 'NONE',  ( -17.99999999999999645, 26.00000000000000355, 36.25000000000000000 ) ) ;
#1462 = CARTESIAN_POINT ( 'NONE',  ( 8.499999999999996447, -19.00000000000000355, -17.37171027316250971 ) ) ;
#1463 = FACE_OUTER_BOUND ( 'NONE', #102, .T. ) ;
#1464 = ORIENTED_EDGE ( 'NONE', *, *, #2615, .F. ) ;
#1465 = ORIENTED_EDGE ( 'NONE', *, *, #4542, .T. ) ;
#1466 = EDGE_LOOP ( 'NONE', ( #575, #1836 ) ) ;
#1467 = AXIS2_PLACEMENT_3D ( 'NONE', #3719, #5358, #2792 ) ;
#1468 = CARTESIAN_POINT ( 'NONE',  ( -4.167217391828299533, 29.98236397098213502, -27.00000000000000355 ) ) ;
#1469 = DIRECTION ( 'NONE',  ( 0.000000000000000000, 1.000000000000000000, 0.000000000000000000 ) ) ;
#1470 = ADVANCED_FACE ( 'NONE', ( #4109 ), #4990, .T. ) ;
#1471 = FACE_OUTER_BOUND ( 'NONE', #2544, .T. ) ;
#1472 = VECTOR ( 'NONE', #1659, 1000.000000000000000 ) ;
#1473 = CARTESIAN_POINT ( 'NONE',  ( 10.50000000000000000, -19.00000000000000000, 0.000000000000000000 ) ) ;
#1474 = CARTESIAN_POINT ( 'NONE',  ( 0.8333630840082189017, -22.99999999999999289, -26.99999999999999289 ) ) ;
#1475 = PERSON_AND_ORGANIZATION ( #5297, #1202 ) ;
#1476 = EDGE_CURVE ( 'NONE', #1381, #1004, #5060, .T. ) ;
#1477 = FACE_OUTER_BOUND ( 'NONE', #1835, .T. ) ;
#1478 = DIRECTION ( 'NONE',  ( -0.000000000000000000, 1.000000000000000000, -0.000000000000000000 ) ) ;
#1479 = ORIENTED_EDGE ( 'NONE', *, *, #594, .T. ) ;
#1480 = CARTESIAN_POINT ( 'NONE',  ( 8.379555213223520053E-14, 13.06030303803299475, -5.899999999999997691 ) ) ;
#1481 = FACE_OUTER_BOUND ( 'NONE', #5479, .T. ) ;
#1482 = ADVANCED_FACE ( 'NONE', ( #3664 ), #2872, .F. ) ;
#1483 = VECTOR ( 'NONE', #3545, 1000.000000000000000 ) ;
#1484 = CARTESIAN_POINT ( 'NONE',  ( -19.77282490702719286, 35.06196704629683580, 7.707229626163266900 ) ) ;
#1485 = AXIS2_PLACEMENT_3D ( 'NONE', #3381, #5502, #3305 ) ;
#1486 = CARTESIAN_POINT ( 'NONE',  ( -19.08612318661448271, 36.00000000000000711, 7.645723285588370111 ) ) ;
#1487 = ORIENTED_EDGE ( 'NONE', *, *, #5093, .T. ) ;
#1488 = CARTESIAN_POINT ( 'NONE',  ( -18.99999999999999289, 33.24999999999999289, -7.999999999999996447 ) ) ;
#1489 = FACE_OUTER_BOUND ( 'NONE', #3423, .T. ) ;
#1490 = CIRCLE ( 'NONE', #2123, 1.000000000000002665 ) ;
#1491 = DIRECTION ( 'NONE',  ( 0.000000000000000000, -1.000000000000000000, 0.000000000000000000 ) ) ;
#1492 = CARTESIAN_POINT ( 'NONE',  ( 10.50000000000000000, 22.00000000000000000, -16.25000000000000000 ) ) ;
#1493 = ORIENTED_EDGE ( 'NONE', *, *, #3193, .F. ) ;
#1494 = CIRCLE ( 'NONE', #576, 1.250000000000001110 ) ;
#1495 = CIRCLE ( 'NONE', #3659, 10.50000000000000000 ) ;
#1496 =( BOUNDED_CURVE ( )  B_SPLINE_CURVE ( 3, ( #2417, #2841, #4521, #1083 ),
 .UNSPECIFIED., .F., .F. ) 
 B_SPLINE_CURVE_WITH_KNOTS ( ( 4, 4 ),
 ( 4.712388980384689674, 6.283185307179586232 ),
 .UNSPECIFIED. ) 
 CURVE ( )  GEOMETRIC_REPRESENTATION_ITEM ( )  RATIONAL_B_SPLINE_CURVE ( ( 1.000000000000000000, 0.8047378541243649375, 0.8047378541243649375, 1.000000000000000000 ) ) 
 REPRESENTATION_ITEM ( '' )  );
#1497 = EDGE_LOOP ( 'NONE', ( #5251, #4950, #3485 ) ) ;
#1498 = CARTESIAN_POINT ( 'NONE',  ( 10.42495607493459531, 29.92495607493409793, -16.14100762600973127 ) ) ;
#1499 = DIRECTION ( 'NONE',  ( -0.000000000000000000, -0.000000000000000000, -1.000000000000000000 ) ) ;
#1500 = DIRECTION ( 'NONE',  ( 0.000000000000000000, 1.000000000000000000, -0.000000000000000000 ) ) ;
#1501 = CARTESIAN_POINT ( 'NONE',  ( 17.00000000000000000, 36.00000000000000000, -14.24999999999999467 ) ) ;
#1502 = VERTEX_POINT ( 'NONE', #5126 ) ;
#1503 = CYLINDRICAL_SURFACE ( 'NONE', #37, 1.249999999999997558 ) ;
#1504 = AXIS2_PLACEMENT_3D ( 'NONE', #3429, #402, #349 ) ;
#1505 = CARTESIAN_POINT ( 'NONE',  ( 0.000000000000000000, 36.00000000000000000, 0.000000000000000000 ) ) ;
#1506 = LINE ( 'NONE', #3166, #1444 ) ;
#1507 = DIRECTION ( 'NONE',  ( 0.000000000000000000, 0.000000000000000000, -1.000000000000000000 ) ) ;
#1508 = VECTOR ( 'NONE', #1733, 1000.000000000000000 ) ;
#1509 = EDGE_CURVE ( 'NONE', #4354, #3393, #398, .T. ) ;
#1510 = EDGE_CURVE ( 'NONE', #365, #4698, #4720, .T. ) ;
#1511 = DIRECTION ( 'NONE',  ( 0.000000000000000000, 1.000000000000000000, -0.000000000000000000 ) ) ;
#1512 = DIRECTION ( 'NONE',  ( -0.000000000000000000, 0.000000000000000000, 1.000000000000000000 ) ) ;
#1513 = ORIENTED_EDGE ( 'NONE', *, *, #5056, .F. ) ;
#1514 = FACE_OUTER_BOUND ( 'NONE', #3001, .T. ) ;
#1515 = CARTESIAN_POINT ( 'NONE',  ( 8.391801681214993567E-14, -20.99999999999999645, -9.000000000000001776 ) ) ;
#1516 = EDGE_CURVE ( 'NONE', #5462, #2142, #4171, .T. ) ;
#1517 = DIRECTION ( 'NONE',  ( 0.000000000000000000, 1.000000000000000000, -0.000000000000000000 ) ) ;
#1518 = DIRECTION ( 'NONE',  ( 1.000000000000000000, -0.000000000000000000, -0.000000000000000000 ) ) ;
#1519 = ORIENTED_EDGE ( 'NONE', *, *, #1783, .T. ) ;
#1520 = DIRECTION ( 'NONE',  ( 0.000000000000000000, 0.000000000000000000, -1.000000000000000000 ) ) ;
#1521 = AXIS2_PLACEMENT_3D ( 'NONE', #3433, #1284, #2934 ) ;
#1522 = DIRECTION ( 'NONE',  ( 1.000000000000000000, -0.000000000000000000, 0.000000000000000000 ) ) ;
#1523 = CARTESIAN_POINT ( 'NONE',  ( -8.000000000000000000, -20.99999999999999645, -5.586370142149013368E-14 ) ) ;
#1524 = CARTESIAN_POINT ( 'NONE',  ( 18.00000000000001421, 30.00000000000000000, 19.75000000000000355 ) ) ;
#1525 = B_SPLINE_CURVE_WITH_KNOTS ( 'NONE', 3,
 ( #5081, #883, #5113, #3015, #2117, #3836, #1237, #8, #2962, #1722 ),
 .UNSPECIFIED., .F., .F.,
 ( 4, 2, 2, 2, 4 ),
 ( 0.000000000000000000, 0.001023740819106957155, 0.002047481638213914309, 0.003071222457320871464, 0.004094963276427828619 ),
 .UNSPECIFIED. ) ;
#1526 = ORIENTED_EDGE ( 'NONE', *, *, #499, .T. ) ;
#1527 = ADVANCED_FACE ( 'NONE', ( #2107 ), #3398, .T. ) ;
#1528 = VERTEX_POINT ( 'NONE', #2500 ) ;
#1529 = DIRECTION ( 'NONE',  ( 0.000000000000000000, 0.000000000000000000, 1.000000000000000000 ) ) ;
#1530 = CARTESIAN_POINT ( 'NONE',  ( -2.793185071074506684E-14, -23.00000000000000000, 8.000000000000000000 ) ) ;
#1531 = CARTESIAN_POINT ( 'NONE',  ( -2.793185071074506684E-14, 20.99999999999999645, 8.000000000000000000 ) ) ;
#1532 = CARTESIAN_POINT ( 'NONE',  ( -18.99999999999999289, 33.24999999999998579, 29.75000000000000355 ) ) ;
#1533 = AXIS2_PLACEMENT_3D ( 'NONE', #1264, #1590, #3308 ) ;
#1534 = ORIENTED_EDGE ( 'NONE', *, *, #5168, .T. ) ;
#1535 = LINE ( 'NONE', #2775, #939 ) ;
#1536 =( BOUNDED_CURVE ( )  B_SPLINE_CURVE ( 3, ( #4290, #2108, #5547, #850 ),
 .UNSPECIFIED., .F., .T. ) 
 B_SPLINE_CURVE_WITH_KNOTS ( ( 4, 4 ),
 ( 3.141592653589793116, 4.712388980384689674 ),
 .UNSPECIFIED. ) 
 CURVE ( )  GEOMETRIC_REPRESENTATION_ITEM ( )  RATIONAL_B_SPLINE_CURVE ( ( 1.000000000000000000, 0.8047378541243649375, 0.8047378541243649375, 1.000000000000000000 ) ) 
 REPRESENTATION_ITEM ( '' )  );
#1537 = VECTOR ( 'NONE', #2217, 1000.000000000000000 ) ;
#1538 = CIRCLE ( 'NONE', #881, 5.000000000000000000 ) ;
#1539 = DIRECTION ( 'NONE',  ( 0.000000000000000000, 0.000000000000000000, -1.000000000000000000 ) ) ;
#1540 = CIRCLE ( 'NONE', #522, 1.250000000000001110 ) ;
#1541 = DIRECTION ( 'NONE',  ( -0.000000000000000000, -1.000000000000000000, -0.000000000000000000 ) ) ;
#1542 = AXIS2_PLACEMENT_3D ( 'NONE', #4068, #2408, #5317 ) ;
#1543 = CARTESIAN_POINT ( 'NONE',  ( -5.000000000000000888, -20.99999999999999645, -23.00000000000000000 ) ) ;
#1544 = CARTESIAN_POINT ( 'NONE',  ( -8.000000000000000000, 19.00000000000000000, -1.000000000000057288 ) ) ;
#1545 = ORIENTED_EDGE ( 'NONE', *, *, #980, .F. ) ;
#1546 = DIRECTION ( 'NONE',  ( 1.000000000000000000, -0.000000000000000000, 0.000000000000000000 ) ) ;
#1547 = LINE ( 'NONE', #5432, #288 ) ;
#1548 = EDGE_CURVE ( 'NONE', #613, #445, #4265, .T. ) ;
#1549 = CARTESIAN_POINT ( 'NONE',  ( -19.99999999999999289, 33.18334617360803662, 6.750000000000007994 ) ) ;
#1550 = CARTESIAN_POINT ( 'NONE',  ( 18.00000000000001066, 26.00000000000000355, -12.25000000000000178 ) ) ;
#1551 = VERTEX_POINT ( 'NONE', #767 ) ;
#1552 = CARTESIAN_POINT ( 'NONE',  ( 0.000000000000000000, -23.00000000000000000, 0.000000000000000000 ) ) ;
#1553 = DIRECTION ( 'NONE',  ( 0.000000000000000000, 0.000000000000000000, 1.000000000000000000 ) ) ;
#1554 = DIRECTION ( 'NONE',  ( 0.000000000000000000, 1.000000000000000000, 0.000000000000000000 ) ) ;
#1555 = EDGE_CURVE ( 'NONE', #1005, #374, #1427, .T. ) ;
#1556 = VERTEX_POINT ( 'NONE', #2135 ) ;
#1557 = ORIENTED_EDGE ( 'NONE', *, *, #2681, .T. ) ;
#1558 = CARTESIAN_POINT ( 'NONE',  ( 8.379555213223520053E-14, -23.00000000000000000, -7.999999999999998224 ) ) ;
#1559 = DIRECTION ( 'NONE',  ( 0.000000000000000000, 0.000000000000000000, -1.000000000000000000 ) ) ;
#1560 = CARTESIAN_POINT ( 'NONE',  ( -10.55205464722611097, 22.52349577007713677, -15.20300845984452565 ) ) ;
#1561 = LINE ( 'NONE', #2403, #705 ) ;
#1562 = EDGE_CURVE ( 'NONE', #2903, #1193, #1277, .T. ) ;
#1563 = ORIENTED_EDGE ( 'NONE', *, *, #5314, .T. ) ;
#1564 = DIRECTION ( 'NONE',  ( 0.000000000000000000, 1.000000000000000000, -0.000000000000000000 ) ) ;
#1565 = TOROIDAL_SURFACE ( 'NONE', #648, 4.000000000000000000, 2.000000000000000000 ) ;
#1566 = DIRECTION ( 'NONE',  ( 0.000000000000000000, 1.000000000000000000, -0.000000000000000000 ) ) ;
#1567 = AXIS2_PLACEMENT_3D ( 'NONE', #5211, #2300, #119 ) ;
#1568 = CYLINDRICAL_SURFACE ( 'NONE', #228, 2.000000000000000000 ) ;
#1569 = DIRECTION ( 'NONE',  ( -0.000000000000000000, -1.000000000000000000, 0.000000000000000000 ) ) ;
#1570 = ORIENTED_EDGE ( 'NONE', *, *, #2230, .T. ) ;
#1571 = DIRECTION ( 'NONE',  ( 0.000000000000000000, 0.000000000000000000, 1.000000000000000000 ) ) ;
#1572 = DIRECTION ( 'NONE',  ( 0.000000000000000000, 0.000000000000000000, 1.000000000000000000 ) ) ;
#1573 = ORIENTED_EDGE ( 'NONE', *, *, #4160, .F. ) ;
#1574 = CARTESIAN_POINT ( 'NONE',  ( -9.796059707763241420, -21.72211281384925741, -27.16231205432159257 ) ) ;
#1575 = EDGE_CURVE ( 'NONE', #4992, #1405, #3427, .T. ) ;
#1576 = ORIENTED_EDGE ( 'NONE', *, *, #523, .T. ) ;
#1577 = DIRECTION ( 'NONE',  ( 1.000000000000000000, -0.000000000000000000, 0.000000000000000000 ) ) ;
#1578 = CARTESIAN_POINT ( 'NONE',  ( -8.500000000000000000, 30.00000000000000000, -16.24999999999999645 ) ) ;
#1579 = EDGE_LOOP ( 'NONE', ( #3883, #5029 ) ) ;
#1580 = AXIS2_PLACEMENT_3D ( 'NONE', #409, #805, #3014 ) ;
#1581 = EDGE_CURVE ( 'NONE', #4292, #3493, #5042, .T. ) ;
#1582 = EDGE_CURVE ( 'NONE', #3748, #5350, #4612, .T. ) ;
#1583 = AXIS2_PLACEMENT_3D ( 'NONE', #1025, #4465, #2759 ) ;
#1584 = VERTEX_POINT ( 'NONE', #4641 ) ;
#1585 = CARTESIAN_POINT ( 'NONE',  ( 8.379555213223520053E-14, -20.99999999999999645, -7.999999999999998224 ) ) ;
#1586 = DIRECTION ( 'NONE',  ( -0.000000000000000000, 1.000000000000000000, -0.000000000000000000 ) ) ;
#1587 = DIRECTION ( 'NONE',  ( -1.000000000000000000, 0.000000000000000000, 1.734723475976806848E-16 ) ) ;
#1588 = CARTESIAN_POINT ( 'NONE',  ( -18.99999999999999289, 33.24999999999999289, -7.999999999999996447 ) ) ;
#1589 = ORIENTED_EDGE ( 'NONE', *, *, #903, .T. ) ;
#1590 = DIRECTION ( 'NONE',  ( 0.000000000000000000, 0.000000000000000000, -1.000000000000000000 ) ) ;
#1591 = AXIS2_PLACEMENT_3D ( 'NONE', #1669, #780, #4278 ) ;
#1592 = ORIENTED_EDGE ( 'NONE', *, *, #332, .F. ) ;
#1593 = AXIS2_PLACEMENT_3D ( 'NONE', #2799, #2034, #1529 ) ;
#1594 = EDGE_CURVE ( 'NONE', #3011, #4338, #548, .T. ) ;
#1595 = LINE ( 'NONE', #3310, #3291 ) ;
#1596 = AXIS2_PLACEMENT_3D ( 'NONE', #2663, #5239, #424 ) ;
#1597 = EDGE_CURVE ( 'NONE', #3511, #2843, #3800, .T. ) ;
#1598 = DIRECTION ( 'NONE',  ( 0.000000000000000000, -1.000000000000000000, 0.000000000000000000 ) ) ;
#1599 = AXIS2_PLACEMENT_3D ( 'NONE', #3546, #3184, #4790 ) ;
#1600 = CARTESIAN_POINT ( 'NONE',  ( -11.21376643520291871, 30.71376643520230232, -14.64535810642924218 ) ) ;
#1601 = CARTESIAN_POINT ( 'NONE',  ( -2.793185071074506684E-14, -23.00000000000000000, 9.000000000000003553 ) ) ;
#1602 = ORIENTED_EDGE ( 'NONE', *, *, #2892, .F. ) ;
#1603 = CARTESIAN_POINT ( 'NONE',  ( -8.000000000000000000, 25.00000000000000000, -5.586370142149013368E-14 ) ) ;
#1604 = CYLINDRICAL_SURFACE ( 'NONE', #686, 5.000000000000000000 ) ;
#1605 = ORIENTED_EDGE ( 'NONE', *, *, #4206, .F. ) ;
#1606 = CARTESIAN_POINT ( 'NONE',  ( -19.40322808295236001, 35.42596149198902111, 31.41618074315546849 ) ) ;
#1607 = DIRECTION ( 'NONE',  ( -1.000000000000000000, 0.000000000000000000, 0.000000000000000000 ) ) ;
#1608 = CARTESIAN_POINT ( 'NONE',  ( 11.32842712474619340, 25.99999999999999645, -14.24999999999999822 ) ) ;
#1609 = ORIENTED_EDGE ( 'NONE', *, *, #3541, .T. ) ;
#1610 = ORIENTED_EDGE ( 'NONE', *, *, #404, .T. ) ;
#1611 = CARTESIAN_POINT ( 'NONE',  ( 18.00000000000001066, 30.00000000000000000, -12.25000000000000178 ) ) ;
#1612 = LINE ( 'NONE', #4061, #334 ) ;
#1613 = CARTESIAN_POINT ( 'NONE',  ( 19.46737476182817161, 36.00000000000000000, 8.108974358974355923 ) ) ;
#1614 = DIRECTION ( 'NONE',  ( -0.000000000000000000, -1.000000000000000000, 0.000000000000000000 ) ) ;
#1615 = ORIENTED_EDGE ( 'NONE', *, *, #1581, .F. ) ;
#1616 = EDGE_CURVE ( 'NONE', #2020, #158, #1375, .T. ) ;
#1617 = DIRECTION ( 'NONE',  ( 0.000000000000000000, 0.000000000000000000, 1.000000000000000000 ) ) ;
#1618 = EDGE_CURVE ( 'NONE', #2790, #3527, #3724, .T. ) ;
#1619 = CIRCLE ( 'NONE', #3377, 2.000000000000000000 ) ;
#1620 = DIRECTION ( 'NONE',  ( 1.000000000000000000, 0.000000000000000000, 0.000000000000000000 ) ) ;
#1621 = EDGE_CURVE ( 'NONE', #4186, #1759, #3090, .T. ) ;
#1622 = AXIS2_PLACEMENT_3D ( 'NONE', #4478, #2346, #3222 ) ;
#1623 = CIRCLE ( 'NONE', #5134, 2.100000000000000977 ) ;
#1624 = CARTESIAN_POINT ( 'NONE',  ( -10.40780797712714367, 29.90780797712737993, -15.97134626878310293 ) ) ;
#1625 = DIRECTION ( 'NONE',  ( 0.000000000000000000, 0.000000000000000000, -1.000000000000000000 ) ) ;
#1626 = AXIS2_PLACEMENT_3D ( 'NONE', #1451, #3562, #4040 ) ;
#1627 = EDGE_LOOP ( 'NONE', ( #1198, #403, #4674, #4541 ) ) ;
#1628 = AXIS2_PLACEMENT_3D ( 'NONE', #3436, #1667, #4652 ) ;
#1629 = EDGE_CURVE ( 'NONE', #1934, #2292, #285, .T. ) ;
#1630 = DIRECTION ( 'NONE',  ( -0.000000000000000000, 1.000000000000000000, -0.000000000000000000 ) ) ;
#1631 = LINE ( 'NONE', #741, #4835 ) ;
#1632 = ORIENTED_EDGE ( 'NONE', *, *, #2268, .T. ) ;
#1633 = CARTESIAN_POINT ( 'NONE',  ( 8.499999999999996447, 19.00000000000000000, -21.37171027316250971 ) ) ;
#1634 = DIRECTION ( 'NONE',  ( 0.000000000000000000, 1.000000000000000000, -0.000000000000000000 ) ) ;
#1635 = FACE_OUTER_BOUND ( 'NONE', #5217, .T. ) ;
#1636 = ORIENTED_EDGE ( 'NONE', *, *, #2615, .T. ) ;
#1637 = ORIENTED_EDGE ( 'NONE', *, *, #628, .F. ) ;
#1638 = DIRECTION ( 'NONE',  ( 0.000000000000000000, 0.000000000000000000, -1.000000000000000000 ) ) ;
#1639 = DIRECTION ( 'NONE',  ( 0.000000000000000000, 1.000000000000000000, 0.000000000000000000 ) ) ;
#1640 = DIRECTION ( 'NONE',  ( 0.000000000000000000, 0.000000000000000000, 1.000000000000000000 ) ) ;
#1641 = CARTESIAN_POINT ( 'NONE',  ( -8.000000000000000000, -13.06030303803299475, 2.099999999999944134 ) ) ;
#1642 = ORIENTED_EDGE ( 'NONE', *, *, #4002, .F. ) ;
#1643 = DIRECTION ( 'NONE',  ( 0.000000000000000000, 0.000000000000000000, 1.000000000000000000 ) ) ;
#1644 = ADVANCED_FACE ( 'NONE', ( #118 ), #4809, .F. ) ;
#1645 = DIRECTION ( 'NONE',  ( 0.000000000000000000, 0.000000000000000000, -1.000000000000000000 ) ) ;
#1646 = FACE_OUTER_BOUND ( 'NONE', #843, .T. ) ;
#1647 = ADVANCED_FACE ( 'NONE', ( #4289 ), #2161, .F. ) ;
#1648 = B_SPLINE_CURVE_WITH_KNOTS ( 'NONE', 3,
 ( #5193, #2200, #1315, #4760 ),
 .UNSPECIFIED., .F., .F.,
 ( 4, 4 ),
 ( 3.469446951953614189E-18, 0.0004700444643638593506 ),
 .UNSPECIFIED. ) ;
#1649 = CARTESIAN_POINT ( 'NONE',  ( -8.704295582551223376, 30.10214779127562323, -15.60556868217660664 ) ) ;
#1650 = AXIS2_PLACEMENT_3D ( 'NONE', #39, #1343, #3941 ) ;
#1651 = CARTESIAN_POINT ( 'NONE',  ( 8.499999999999996447, 17.00000000000000711, -19.37171027316250616 ) ) ;
#1652 = VECTOR ( 'NONE', #1227, 1000.000000000000000 ) ;
#1653 = ORIENTED_EDGE ( 'NONE', *, *, #1160, .F. ) ;
#1654 = DIRECTION ( 'NONE',  ( -1.000000000000000000, 0.000000000000000000, 1.734723475976806848E-16 ) ) ;
#1655 = ADVANCED_FACE ( 'NONE', ( #931 ), #4404, .F. ) ;
#1656 = DIRECTION ( 'NONE',  ( 0.000000000000000000, 1.000000000000000000, -0.000000000000000000 ) ) ;
#1657 = ORIENTED_EDGE ( 'NONE', *, *, #2004, .T. ) ;
#1658 = CARTESIAN_POINT ( 'NONE',  ( -19.75992041539007715, 34.96226048798362740, 33.47649867052084005 ) ) ;
#1659 = DIRECTION ( 'NONE',  ( 0.000000000000000000, -0.000000000000000000, -1.000000000000000000 ) ) ;
#1660 = DIRECTION ( 'NONE',  ( 0.000000000000000000, 0.000000000000000000, 1.000000000000000000 ) ) ;
#1661 = CC_DESIGN_APPROVAL ( #4261, ( #2642 ) ) ;
#1662 = VERTEX_POINT ( 'NONE', #1850 ) ;
#1663 = EDGE_LOOP ( 'NONE', ( #5024, #4079, #3570, #3536 ) ) ;
#1664 = CARTESIAN_POINT ( 'NONE',  ( -8.000000000000000000, 25.00000000000000000, 2.099999999999944134 ) ) ;
#1665 = DIRECTION ( 'NONE',  ( 0.000000000000000000, 1.000000000000000000, -0.000000000000000000 ) ) ;
#1666 = CARTESIAN_POINT ( 'NONE',  ( -10.50000000000000000, 22.26184658849311759, -15.72630682300861515 ) ) ;
#1667 = DIRECTION ( 'NONE',  ( 1.000000000000000000, -0.000000000000000000, -1.734723475976806848E-16 ) ) ;
#1668 = ORIENTED_EDGE ( 'NONE', *, *, #1820, .F. ) ;
#1669 = CARTESIAN_POINT ( 'NONE',  ( 0.000000000000000000, 22.00000000000000000, 12.50000000000000000 ) ) ;
#1670 = VECTOR ( 'NONE', #4535, 1000.000000000000000 ) ;
#1671 = CARTESIAN_POINT ( 'NONE',  ( 19.00000000000000711, 33.24999999999998579, 34.25000000000000000 ) ) ;
#1672 = LINE ( 'NONE', #3387, #2165 ) ;
#1673 = VECTOR ( 'NONE', #3176, 1000.000000000000000 ) ;
#1674 = ORIENTED_EDGE ( 'NONE', *, *, #747, .F. ) ;
#1675 = VECTOR ( 'NONE', #1248, 1000.000000000000000 ) ;
#1676 = CARTESIAN_POINT ( 'NONE',  ( 8.379555213223520053E-14, -13.06030303803299475, -7.999999999999998224 ) ) ;
#1677 = CARTESIAN_POINT ( 'NONE',  ( -10.72739517588719416, 31.11369758794341323, -14.45233407885303656 ) ) ;
#1678 = ORIENTED_EDGE ( 'NONE', *, *, #5535, .T. ) ;
#1679 = CIRCLE ( 'NONE', #3662, 12.50000000000000000 ) ;
#1680 = EDGE_CURVE ( 'NONE', #537, #5046, #2188, .T. ) ;
#1681 = AXIS2_PLACEMENT_3D ( 'NONE', #2163, #3401, #5129 ) ;
#1682 = CARTESIAN_POINT ( 'NONE',  ( -10.19392522031894543, -22.23121302140680910, -26.70985581002704023 ) ) ;
#1683 = DIRECTION ( 'NONE',  ( 0.000000000000000000, 0.000000000000000000, -1.000000000000000000 ) ) ;
#1684 = ORIENTED_EDGE ( 'NONE', *, *, #5033, .F. ) ;
#1685 = CARTESIAN_POINT ( 'NONE',  ( -19.37438029908781445, 35.45321535171019178, 31.52854220157067644 ) ) ;
#1686 = FACE_OUTER_BOUND ( 'NONE', #4393, .T. ) ;
#1687 = DIRECTION ( 'NONE',  ( 0.000000000000000000, 0.000000000000000000, -1.000000000000000000 ) ) ;
#1688 = AXIS2_PLACEMENT_3D ( 'NONE', #4215, #344, #3769 ) ;
#1689 = VERTEX_POINT ( 'NONE', #3905 ) ;
#1690 = EDGE_CURVE ( 'NONE', #5419, #3568, #1118, .T. ) ;
#1691 = ORIENTED_EDGE ( 'NONE', *, *, #44, .F. ) ;
#1692 = CARTESIAN_POINT ( 'NONE',  ( 11.17834649819577919, 29.35669299639183549, -14.74322637705803452 ) ) ;
#1693 = CARTESIAN_POINT ( 'NONE',  ( 5.000000000000000888, 27.99999999999998224, -23.00000000000000000 ) ) ;
#1694 = DIRECTION ( 'NONE',  ( 0.000000000000000000, 1.000000000000000000, -0.000000000000000000 ) ) ;
#1695 = CARTESIAN_POINT ( 'NONE',  ( 8.379555213223520053E-14, 20.99999999999999645, -9.000000000000001776 ) ) ;
#1696 = CARTESIAN_POINT ( 'NONE',  ( 20.00000000000000711, 30.00000000000000000, 21.75000000000000711 ) ) ;
#1697 = EDGE_CURVE ( 'NONE', #5538, #2256, #3453, .T. ) ;
#1698 = CYLINDRICAL_SURFACE ( 'NONE', #2467, 5.000000000000000000 ) ;
#1699 = CARTESIAN_POINT ( 'NONE',  ( 10.55205464722642716, 23.04699154015612805, -15.72650422992209762 ) ) ;
#1700 = AXIS2_PLACEMENT_3D ( 'NONE', #5421, #215, #640 ) ;
#1701 = CARTESIAN_POINT ( 'NONE',  ( -2.780938603083033169E-14, 19.00000000000000000, 9.000000000000003553 ) ) ;
#1702 = CARTESIAN_POINT ( 'NONE',  ( -11.17834649819591775, 29.35669299639183549, -14.74322637705788885 ) ) ;
#1703 = ORIENTED_EDGE ( 'NONE', *, *, #836, .F. ) ;
#1704 = AXIS2_PLACEMENT_3D ( 'NONE', #3306, #4536, #670 ) ;
#1705 = CIRCLE ( 'NONE', #2519, 1.250000000000001110 ) ;
#1706 = AXIS2_PLACEMENT_3D ( 'NONE', #425, #2186, #3903 ) ;
#1707 = CARTESIAN_POINT ( 'NONE',  ( 8.000000000000000000, -23.00000000000000000, -1.000000000000001554 ) ) ;
#1708 = CARTESIAN_POINT ( 'NONE',  ( -17.99999999999999645, 27.99999999999999645, 0.000000000000000000 ) ) ;
#1709 = VERTEX_POINT ( 'NONE', #1363 ) ;
#1710 = CARTESIAN_POINT ( 'NONE',  ( -20.00000000000000355, 34.22768763001457870, 34.04082060997185977 ) ) ;
#1711 = LINE ( 'NONE', #823, #459 ) ;
#1712 = AXIS2_PLACEMENT_3D ( 'NONE', #3521, #127, #4056 ) ;
#1713 = ADVANCED_FACE ( 'NONE', ( #4343 ), #5182, .T. ) ;
#1714 = FACE_OUTER_BOUND ( 'NONE', #5504, .T. ) ;
#1715 = AXIS2_PLACEMENT_3D ( 'NONE', #4207, #1645, #253 ) ;
#1716 = VERTEX_POINT ( 'NONE', #477 ) ;
#1717 = VERTEX_POINT ( 'NONE', #2220 ) ;
#1718 = CARTESIAN_POINT ( 'NONE',  ( 11.97630682300839489, 31.73815341150901403, -14.25000000000000000 ) ) ;
#1719 = CARTESIAN_POINT ( 'NONE',  ( 20.00000000000000711, 33.24999999999998579, 32.00000000000000000 ) ) ;
#1720 = EDGE_CURVE ( 'NONE', #3493, #3578, #2727, .T. ) ;
#1721 = CARTESIAN_POINT ( 'NONE',  ( -11.85556868217683757, 25.79570441744920117, -14.35214779127552731 ) ) ;
#1722 = CARTESIAN_POINT ( 'NONE',  ( -10.50000000000000000, -16.99999999999998579, -21.37171027316250971 ) ) ;
#1723 = ORIENTED_EDGE ( 'NONE', *, *, #1509, .T. ) ;
#1724 = VERTEX_POINT ( 'NONE', #3119 ) ;
#1725 = CARTESIAN_POINT ( 'NONE',  ( -8.000000000000000000, 20.99999999999999645, -5.586370142149013368E-14 ) ) ;
#1726 = ADVANCED_FACE ( 'NONE', ( #4839 ), #3289, .F. ) ;
#1727 = CARTESIAN_POINT ( 'NONE',  ( 11.70438453630135101, 23.96972870135046563, -14.28027129864924838 ) ) ;
#1728 = CARTESIAN_POINT ( 'NONE',  ( -7.021739130434780485, 19.00000000000000000, -17.65489109522120970 ) ) ;
#1729 = CYLINDRICAL_SURFACE ( 'NONE', #5403, 2.000000000000001776 ) ;
#1730 = VERTEX_POINT ( 'NONE', #1022 ) ;
#1731 = CARTESIAN_POINT ( 'NONE',  ( 17.00000000000000000, 33.24999999999999289, -7.999999999999996447 ) ) ;
#1732 = VECTOR ( 'NONE', #4817, 1000.000000000000000 ) ;
#1733 = DIRECTION ( 'NONE',  ( 0.000000000000000000, -1.000000000000000000, 0.000000000000000000 ) ) ;
#1734 = VERTEX_POINT ( 'NONE', #2782 ) ;
#1735 = CARTESIAN_POINT ( 'NONE',  ( 19.84775035543079724, 33.49843411630732959, -5.760525291696270145 ) ) ;
#1736 = VECTOR ( 'NONE', #3345, 1000.000000000000000 ) ;
#1737 = CARTESIAN_POINT ( 'NONE',  ( 19.40285562879040882, 35.42634154935569057, 31.41740863892880498 ) ) ;
#1738 = CARTESIAN_POINT ( 'NONE',  ( 5.000000000000000000, 30.00000000000000000, -26.53299832284319493 ) ) ;
#1739 = ORIENTED_EDGE ( 'NONE', *, *, #5471, .F. ) ;
#1740 = EDGE_CURVE ( 'NONE', #1906, #1005, #3091, .T. ) ;
#1741 = ORIENTED_EDGE ( 'NONE', *, *, #1300, .F. ) ;
#1742 = CARTESIAN_POINT ( 'NONE',  ( 19.31804475167276891, 35.50434492552184906, -7.965156164517579462 ) ) ;
#1743 = DIRECTION ( 'NONE',  ( 1.734723475976806848E-16, -0.000000000000000000, 1.000000000000000000 ) ) ;
#1744 = CARTESIAN_POINT ( 'NONE',  ( -11.28002041708994518, 23.59021525174198786, -13.06956949651592659 ) ) ;
#1745 = CARTESIAN_POINT ( 'NONE',  ( -5.000000000000000000, -23.00000000000000000, 0.000000000000000000 ) ) ;
#1746 = EDGE_LOOP ( 'NONE', ( #5564, #1338, #3751, #3077, #2129 ) ) ;
#1747 = ORIENTED_EDGE ( 'NONE', *, *, #4831, .T. ) ;
#1748 = VERTEX_POINT ( 'NONE', #2812 ) ;
#1749 = EDGE_CURVE ( 'NONE', #262, #2685, #1278, .T. ) ;
#1750 = ADVANCED_FACE ( 'NONE', ( #5381, #1514 ), #1081, .F. ) ;
#1751 = DIRECTION ( 'NONE',  ( 1.000000000000000000, -0.000000000000000000, 0.000000000000000000 ) ) ;
#1752 = CARTESIAN_POINT ( 'NONE',  ( 10.70233407885292642, 23.77260482411247722, -15.36369758794368323 ) ) ;
#1753 = DIRECTION ( 'NONE',  ( 0.000000000000000000, 1.000000000000000000, -0.000000000000000000 ) ) ;
#1754 = EDGE_LOOP ( 'NONE', ( #1215, #3130 ) ) ;
#1755 = EDGE_CURVE ( 'NONE', #3089, #4292, #4426, .T. ) ;
#1756 = AXIS2_PLACEMENT_3D ( 'NONE', #2206, #4255, #3415 ) ;
#1757 = DIRECTION ( 'NONE',  ( 1.000000000000000000, -0.000000000000000000, 0.000000000000000000 ) ) ;
#1758 = CARTESIAN_POINT ( 'NONE',  ( 17.00000000000000000, 33.24999999999999289, -7.999999999999996447 ) ) ;
#1759 = VERTEX_POINT ( 'NONE', #1935 ) ;
#1760 = VECTOR ( 'NONE', #289, 1000.000000000000000 ) ;
#1761 = ADVANCED_FACE ( 'NONE', ( #3262 ), #3627, .F. ) ;
#1762 = CIRCLE ( 'NONE', #3206, 19.00000000000000355 ) ;
#1763 = DIRECTION ( 'NONE',  ( 0.000000000000000000, 0.000000000000000000, 1.000000000000000000 ) ) ;
#1764 = LINE ( 'NONE', #4402, #519 ) ;
#1765 = ORIENTED_EDGE ( 'NONE', *, *, #715, .T. ) ;
#1766 = CARTESIAN_POINT ( 'NONE',  ( 19.19474281409515726, 35.03312744358643016, -6.621647707856833875 ) ) ;
#1767 = FACE_BOUND ( 'NONE', #4704, .T. ) ;
#1768 = CARTESIAN_POINT ( 'NONE',  ( 8.379555213223520053E-14, 25.00000000000000000, -7.999999999999998224 ) ) ;
#1769 = VERTEX_POINT ( 'NONE', #4432 ) ;
#1770 = CIRCLE ( 'NONE', #3215, 1.250000000000001110 ) ;
#1771 = ORIENTED_EDGE ( 'NONE', *, *, #3132, .T. ) ;
#1772 = CARTESIAN_POINT ( 'NONE',  ( 19.34371324604327924, 35.48146222859823951, -7.677724561226601629 ) ) ;
#1773 = AXIS2_PLACEMENT_3D ( 'NONE', #3265, #1084, #629 ) ;
#1774 = DIRECTION ( 'NONE',  ( 0.000000000000000000, 1.000000000000000000, 0.000000000000000000 ) ) ;
#1775 = CARTESIAN_POINT ( 'NONE',  ( -17.99999999999999645, 26.00000000000000355, -12.24999999999999467 ) ) ;
#1776 = FACE_OUTER_BOUND ( 'NONE', #4135, .T. ) ;
#1777 = ORIENTED_EDGE ( 'NONE', *, *, #1087, .F. ) ;
#1778 = ORIENTED_EDGE ( 'NONE', *, *, #1238, .F. ) ;
#1779 = ORIENTED_EDGE ( 'NONE', *, *, #2173, .T. ) ;
#1780 = DIRECTION ( 'NONE',  ( -1.000000000000000000, 0.000000000000000000, 0.000000000000000000 ) ) ;
#1781 = CARTESIAN_POINT ( 'NONE',  ( 11.61369758836264943, 23.79766592132061120, -12.65466815735848272 ) ) ;
#1782 = FACE_OUTER_BOUND ( 'NONE', #2698, .T. ) ;
#1783 = EDGE_CURVE ( 'NONE', #5477, #1440, #654, .T. ) ;
#1784 = EDGE_LOOP ( 'NONE', ( #136, #3158, #1299, #5215 ) ) ;
#1785 = VERTEX_POINT ( 'NONE', #3172 ) ;
#1786 = CYLINDRICAL_SURFACE ( 'NONE', #4762, 2.000000000000001776 ) ;
#1787 = PLANE ( 'NONE',  #713 ) ;
#1788 = ADVANCED_FACE ( 'NONE', ( #2384 ), #591, .F. ) ;
#1789 = VERTEX_POINT ( 'NONE', #1907 ) ;
#1790 = CIRCLE ( 'NONE', #4947, 1.000000000000001332 ) ;
#1791 = CARTESIAN_POINT ( 'NONE',  ( -10.50000000000000000, 27.99999999999999645, 0.000000000000000000 ) ) ;
#1792 = DIRECTION ( 'NONE',  ( 0.000000000000000000, 0.000000000000000000, -1.000000000000000000 ) ) ;
#1793 = ORIENTED_EDGE ( 'NONE', *, *, #1476, .T. ) ;
#1794 = CARTESIAN_POINT ( 'NONE',  ( 19.25657665495731408, 34.77376675153131202, -6.339652952025329746 ) ) ;
#1795 = CARTESIAN_POINT ( 'NONE',  ( 5.000000000000000888, -16.80502757993630780, -23.00000000000000000 ) ) ;
#1796 = VECTOR ( 'NONE', #1185, 1000.000000000000000 ) ;
#1797 = ADVANCED_FACE ( 'NONE', ( #145 ), #2299, .F. ) ;
#1798 = ORIENTED_EDGE ( 'NONE', *, *, #2551, .T. ) ;
#1799 = B_SPLINE_CURVE_WITH_KNOTS ( 'NONE', 3,
 ( #2377, #4883, #4453, #584, #3616, #1474, #3195, #4096, #3678, #3283 ),
 .UNSPECIFIED., .F., .F.,
 ( 4, 2, 2, 2, 4 ),
 ( -0.005000617754244708092, -0.002500345570543037032, -7.338684136597162233E-08, 0.002500198796860303788, 0.005000470980561974414 ),
 .UNSPECIFIED. ) ;
#1800 = AXIS2_PLACEMENT_3D ( 'NONE', #1353, #3081, #4797 ) ;
#1801 = ORIENTED_EDGE ( 'NONE', *, *, #1862, .F. ) ;
#1802 = CARTESIAN_POINT ( 'NONE',  ( 19.00000000000000355, 33.24999999999999289, -7.999999999999996447 ) ) ;
#1803 = VECTOR ( 'NONE', #282, 1000.000000000000000 ) ;
#1804 = CARTESIAN_POINT ( 'NONE',  ( -18.00000000000000000, 30.00000000000000000, -14.24999999999999467 ) ) ;
#1805 = CARTESIAN_POINT ( 'NONE',  ( -12.44416389567780712, 24.05238351253978024, -14.19761648746044180 ) ) ;
#1806 = CARTESIAN_POINT ( 'NONE',  ( -8.000000000000000000, 13.06030303803299475, -5.586370142149013368E-14 ) ) ;
#1807 = ORIENTED_EDGE ( 'NONE', *, *, #5378, .F. ) ;
#1808 = AXIS2_PLACEMENT_3D ( 'NONE', #1420, #3652, #622 ) ;
#1809 = ORIENTED_EDGE ( 'NONE', *, *, #2921, .F. ) ;
#1810 = ORIENTED_EDGE ( 'NONE', *, *, #1, .T. ) ;
#1811 = CARTESIAN_POINT ( 'NONE',  ( 12.44416389567762771, 24.05238351254019946, -14.19761648746026061 ) ) ;
#1812 = CARTESIAN_POINT ( 'NONE',  ( -18.88985333605076278, 35.79588710436081556, -7.258476765272119380 ) ) ;
#1813 = ORIENTED_EDGE ( 'NONE', *, *, #551, .T. ) ;
#1814 = ORIENTED_EDGE ( 'NONE', *, *, #2343, .F. ) ;
#1815 = ADVANCED_FACE ( 'NONE', ( #4101 ), #5431, .F. ) ;
#1816 = LINE ( 'NONE', #4689, #5216 ) ;
#1817 = LINE ( 'NONE', #2576, #3244 ) ;
#1818 = PERSON_AND_ORGANIZATION ( #5297, #1202 ) ;
#1819 = ORIENTED_EDGE ( 'NONE', *, *, #4456, .T. ) ;
#1820 = EDGE_CURVE ( 'NONE', #1362, #454, #260, .T. ) ;
#1821 = CARTESIAN_POINT ( 'NONE',  ( -19.19479388993525149, 35.03353871015194443, -6.622253991814578633 ) ) ;
#1822 = CARTESIAN_POINT ( 'NONE',  ( -19.34375471558449178, 35.48142661460736491, -7.676474231621945421 ) ) ;
#1823 = EDGE_LOOP ( 'NONE', ( #5356, #4437, #1050, #4905 ) ) ;
#1824 = CARTESIAN_POINT ( 'NONE',  ( 19.29673282874021822, 34.67966120062288127, -6.258506629714279512 ) ) ;
#1825 = CARTESIAN_POINT ( 'NONE',  ( -8.000000000000000000, 20.99999999999999645, -2.100000000000055600 ) ) ;
#1826 = ORIENTED_EDGE ( 'NONE', *, *, #3609, .F. ) ;
#1827 = EDGE_CURVE ( 'NONE', #5246, #3397, #2124, .T. ) ;
#1828 = ORIENTED_EDGE ( 'NONE', *, *, #2313, .T. ) ;
#1829 = CARTESIAN_POINT ( 'NONE',  ( 20.00000000000000711, 33.99999999999999289, -10.12132034355964194 ) ) ;
#1830 = CARTESIAN_POINT ( 'NONE',  ( -8.000000000000000000, -20.99999999999999645, -1.000000000000057288 ) ) ;
#1831 = DIRECTION ( 'NONE',  ( 0.000000000000000000, 1.000000000000000000, -0.000000000000000000 ) ) ;
#1832 = AXIS2_PLACEMENT_3D ( 'NONE', #2643, #4322, #4439 ) ;
#1833 = SPHERICAL_SURFACE ( 'NONE', #2610, 2.000000000000000000 ) ;
#1834 = ORIENTED_EDGE ( 'NONE', *, *, #3208, .T. ) ;
#1835 = EDGE_LOOP ( 'NONE', ( #4567, #3156, #2855, #1034 ) ) ;
#1836 = ORIENTED_EDGE ( 'NONE', *, *, #4456, .F. ) ;
#1837 = ORIENTED_EDGE ( 'NONE', *, *, #4566, .T. ) ;
#1838 = FACE_OUTER_BOUND ( 'NONE', #4792, .T. ) ;
#1839 = CARTESIAN_POINT ( 'NONE',  ( 10.50000000000000000, -18.93421439331397238, -18.58941614814137111 ) ) ;
#1840 = ORIENTED_EDGE ( 'NONE', *, *, #2438, .F. ) ;
#1841 = EDGE_LOOP ( 'NONE', ( #773, #5575, #11, #4608 ) ) ;
#1842 = AXIS2_PLACEMENT_3D ( 'NONE', #1523, #2393, #3242 ) ;
#1843 = DIRECTION ( 'NONE',  ( -1.000000000000000000, 0.000000000000000000, 1.734723475976806848E-16 ) ) ;
#1844 = FACE_OUTER_BOUND ( 'NONE', #3317, .T. ) ;
#1845 = PERSON_AND_ORGANIZATION ( #5297, #1202 ) ;
#1846 = CIRCLE ( 'NONE', #5269, 1.999999999999998224 ) ;
#1847 = DIRECTION ( 'NONE',  ( 0.000000000000000000, -1.000000000000000000, 0.000000000000000000 ) ) ;
#1848 = CYLINDRICAL_SURFACE ( 'NONE', #350, 1.250000000000001110 ) ;
#1849 = ORIENTED_EDGE ( 'NONE', *, *, #3993, .F. ) ;
#1850 = CARTESIAN_POINT ( 'NONE',  ( -18.99999999999999289, 33.24999999999999289, -5.749999999999993783 ) ) ;
#1851 = CARTESIAN_POINT ( 'NONE',  ( 19.87147249259545845, 34.71197492741909940, 33.71420975915684437 ) ) ;
#1852 = ADVANCED_FACE ( 'NONE', ( #3686, #683 ), #2414, .T. ) ;
#1853 = EDGE_CURVE ( 'NONE', #1193, #1717, #1878, .T. ) ;
#1854 = AXIS2_PLACEMENT_3D ( 'NONE', #3757, #5505, #1210 ) ;
#1855 = EDGE_LOOP ( 'NONE', ( #926, #3046, #1657, #3829 ) ) ;
#1856 = AXIS2_PLACEMENT_3D ( 'NONE', #3623, #4925, #2838 ) ;
#1857 = ORIENTED_EDGE ( 'NONE', *, *, #5374, .T. ) ;
#1858 = DIRECTION ( 'NONE',  ( 0.000000000000000000, 0.000000000000000000, 1.000000000000000000 ) ) ;
#1859 = DIRECTION ( 'NONE',  ( 0.000000000000000000, 0.000000000000000000, 1.000000000000000000 ) ) ;
#1860 = DIRECTION ( 'NONE',  ( 0.000000000000000000, 1.000000000000000000, -0.000000000000000000 ) ) ;
#1861 = DIRECTION ( 'NONE',  ( 1.000000000000000000, -0.000000000000000000, -0.000000000000000000 ) ) ;
#1862 = EDGE_CURVE ( 'NONE', #2203, #4524, #3300, .T. ) ;
#1863 = B_SPLINE_CURVE_WITH_KNOTS ( 'NONE', 3,
 ( #507, #4810, #932, #1851, #92, #534, #3539, #1393, #3066, #4315, #3120, #2637, #3146, #2697, #2272, #3991, #1737, #3566, #5295, #3454, #450, #4782, #4344, #3687, #4490, #655 ),
 .UNSPECIFIED., .F., .F.,
 ( 4, 2, 2, 2, 2, 2, 2, 2, 2, 2, 2, 2, 4 ),
 ( 0.002123084039314065800, 0.002835326353744984686, 0.003191447510960430251, 0.003547568668175875815, 0.004259810982606750465, 0.004615932139822196897, 0.004972053297037644197, 0.005328174454253091497, 0.005684295611468537929, 0.006396537925899438599, 0.007108780240330338403, 0.007464901397545780498, 0.007821022554761221726 ),
 .UNSPECIFIED. ) ;
#1864 = ORIENTED_EDGE ( 'NONE', *, *, #809, .F. ) ;
#1865 = EDGE_LOOP ( 'NONE', ( #3992, #2071 ) ) ;
#1866 = VECTOR ( 'NONE', #1176, 1000.000000000000000 ) ;
#1867 = ORIENTED_EDGE ( 'NONE', *, *, #2887, .T. ) ;
#1868 = FACE_BOUND ( 'NONE', #4931, .T. ) ;
#1869 = CARTESIAN_POINT ( 'NONE',  ( 0.000000000000000000, 20.99999999999999645, 0.000000000000000000 ) ) ;
#1870 = EDGE_CURVE ( 'NONE', #2890, #1157, #709, .T. ) ;
#1871 = ORIENTED_EDGE ( 'NONE', *, *, #1555, .T. ) ;
#1872 = CARTESIAN_POINT ( 'NONE',  ( -16.99999999999999289, 30.00000000000000000, -11.24999999999999645 ) ) ;
#1873 = CARTESIAN_POINT ( 'NONE',  ( -17.99999999999999645, 30.00000000000000000, -12.24999999999999645 ) ) ;
#1874 = APPROVAL_STATUS ( 'not_yet_approved' ) ;
#1875 = DIRECTION ( 'NONE',  ( 0.000000000000000000, 0.000000000000000000, -1.000000000000000000 ) ) ;
#1876 = LINE ( 'NONE', #1905, #4859 ) ;
#1877 = ORIENTED_EDGE ( 'NONE', *, *, #4474, .T. ) ;
#1878 = LINE ( 'NONE', #5325, #5013 ) ;
#1879 = DIRECTION ( 'NONE',  ( -1.000000000000000000, 0.000000000000000000, 0.000000000000000000 ) ) ;
#1880 = CIRCLE ( 'NONE', #420, 2.000000000000000000 ) ;
#1881 = EDGE_LOOP ( 'NONE', ( #4241, #3766, #3654, #5305 ) ) ;
#1882 = LINE ( 'NONE', #237, #2749 ) ;
#1883 = EDGE_CURVE ( 'NONE', #1289, #2963, #3837, .T. ) ;
#1884 = CYLINDRICAL_SURFACE ( 'NONE', #3844, 2.000000000000000000 ) ;
#1885 = ORIENTED_EDGE ( 'NONE', *, *, #4711, .T. ) ;
#1886 = CARTESIAN_POINT ( 'NONE',  ( -50.40559159102153330, 36.00000000000000000, 7.180703308172537547 ) ) ;
#1887 = CARTESIAN_POINT ( 'NONE',  ( -19.40987863616337350, 35.41853524146920051, -7.400037579088317941 ) ) ;
#1888 = CARTESIAN_POINT ( 'NONE',  ( -16.99999999999998934, 36.00000000000000000, 19.75000000000000711 ) ) ;
#1889 = DIRECTION ( 'NONE',  ( 0.000000000000000000, 0.000000000000000000, 1.000000000000000000 ) ) ;
#1890 = ORIENTED_EDGE ( 'NONE', *, *, #1394, .T. ) ;
#1891 = VERTEX_POINT ( 'NONE', #723 ) ;
#1892 = CIRCLE ( 'NONE', #79, 1.000000000000001554 ) ;
#1893 = CIRCLE ( 'NONE', #5230, 2.000000000000000000 ) ;
#1894 = EDGE_CURVE ( 'NONE', #4365, #5514, #2848, .T. ) ;
#1895 = ORIENTED_EDGE ( 'NONE', *, *, #2028, .F. ) ;
#1896 = CARTESIAN_POINT ( 'NONE',  ( -19.99999999999999289, 30.00000000000000000, -12.24999999999999645 ) ) ;
#1897 = DIRECTION ( 'NONE',  ( 1.321694076934710402E-16, 0.000000000000000000, 1.000000000000000000 ) ) ;
#1898 = AXIS2_PLACEMENT_3D ( 'NONE', #1806, #1345, #70 ) ;
#1899 = TOROIDAL_SURFACE ( 'NONE', #3958, 4.000000000000000000, 2.000000000000000000 ) ;
#1900 = ORIENTED_EDGE ( 'NONE', *, *, #3847, .T. ) ;
#1901 = ADVANCED_FACE ( 'NONE', ( #2771 ), #1066, .F. ) ;
#1902 = PLANE ( 'NONE',  #2067 ) ;
#1903 = FACE_OUTER_BOUND ( 'NONE', #4798, .T. ) ;
#1904 = DIRECTION ( 'NONE',  ( 0.000000000000000000, 0.000000000000000000, 1.000000000000000000 ) ) ;
#1905 = CARTESIAN_POINT ( 'NONE',  ( 8.405272796005614181E-14, -13.06030303803299475, -5.899999999999997691 ) ) ;
#1906 = VERTEX_POINT ( 'NONE', #2367 ) ;
#1907 = CARTESIAN_POINT ( 'NONE',  ( -8.500000000000000000, 30.00000000000000000, -16.24999999999999645 ) ) ;
#1908 = CARTESIAN_POINT ( 'NONE',  ( -2.780938603083033169E-14, -19.00000000000000000, 6.999999999999997335 ) ) ;
#1909 = SPHERICAL_SURFACE ( 'NONE', #2658, 2.000000000000000000 ) ;
#1910 = CARTESIAN_POINT ( 'NONE',  ( -12.50000000000000000, 24.00000000000000000, -12.24999999999999645 ) ) ;
#1911 = ORIENTED_EDGE ( 'NONE', *, *, #3362, .F. ) ;
#1912 = PLANE ( 'NONE',  #4642 ) ;
#1913 = LINE ( 'NONE', #4137, #373 ) ;
#1914 = CARTESIAN_POINT ( 'NONE',  ( 0.000000000000000000, 17.00000000000000000, 0.000000000000000000 ) ) ;
#1915 = DIRECTION ( 'NONE',  ( -4.336808689942021680E-16, 0.000000000000000000, -1.000000000000000000 ) ) ;
#1916 = ORIENTED_EDGE ( 'NONE', *, *, #2211, .F. ) ;
#1917 = EDGE_LOOP ( 'NONE', ( #1479, #2448, #4876, #3846 ) ) ;
#1918 = DIRECTION ( 'NONE',  ( 0.000000000000000000, 1.000000000000000000, 0.000000000000000000 ) ) ;
#1919 = VECTOR ( 'NONE', #5248, 1000.000000000000000 ) ;
#1920 = DIRECTION ( 'NONE',  ( 0.000000000000000000, 1.000000000000000000, -0.000000000000000000 ) ) ;
#1921 = CARTESIAN_POINT ( 'NONE',  ( 12.23820384766544933, 25.97421564796980320, -14.26289217601511616 ) ) ;
#1922 = DIRECTION ( 'NONE',  ( -1.000000000000000000, 0.000000000000000000, 1.321694076934710402E-16 ) ) ;
#1923 = EDGE_CURVE ( 'NONE', #4745, #3437, #3561, .T. ) ;
#1924 = DIRECTION ( 'NONE',  ( -0.000000000000000000, -1.000000000000000000, -0.000000000000000000 ) ) ;
#1925 = ADVANCED_FACE ( 'NONE', ( #1094 ), #4060, .T. ) ;
#1926 = VECTOR ( 'NONE', #1082, 1000.000000000000000 ) ;
#1927 = CARTESIAN_POINT ( 'NONE',  ( -2.780938603083033169E-14, 25.00000000000000000, 9.000000000000003553 ) ) ;
#1928 = LINE ( 'NONE', #5375, #2703 ) ;
#1929 = SECURITY_CLASSIFICATION_LEVEL ( 'unclassified' ) ;
#1930 = VECTOR ( 'NONE', #3892, 1000.000000000000000 ) ;
#1931 = ADVANCED_FACE ( 'NONE', ( #214 ), #2823, .T. ) ;
#1932 = PLANE ( 'NONE',  #1626 ) ;
#1933 = FACE_OUTER_BOUND ( 'NONE', #1881, .T. ) ;
#1934 = VERTEX_POINT ( 'NONE', #5420 ) ;
#1935 = CARTESIAN_POINT ( 'NONE',  ( -17.99999999999999645, 36.00000000000000000, 19.75000000000000355 ) ) ;
#1936 = DIRECTION ( 'NONE',  ( 0.000000000000000000, 0.000000000000000000, 1.000000000000000000 ) ) ;
#1937 = AXIS2_PLACEMENT_3D ( 'NONE', #5080, #1587, #1640 ) ;
#1938 = EDGE_CURVE ( 'NONE', #921, #2550, #846, .T. ) ;
#1939 = CARTESIAN_POINT ( 'NONE',  ( -19.94045010519311134, 34.12306026952811067, 7.250030854239018829 ) ) ;
#1940 = VECTOR ( 'NONE', #2731, 1000.000000000000000 ) ;
#1941 = CARTESIAN_POINT ( 'NONE',  ( -19.29172824406312969, 35.99999999999999289, 7.864103160959647454 ) ) ;
#1942 = ORIENTED_EDGE ( 'NONE', *, *, #3681, .F. ) ;
#1943 = CARTESIAN_POINT ( 'NONE',  ( -10.50000000000000000, -16.80502757993630780, -16.24999999999999289 ) ) ;
#1944 = CARTESIAN_POINT ( 'NONE',  ( 5.000000000000000888, -20.99999999999999645, -23.00000000000000000 ) ) ;
#1945 = CIRCLE ( 'NONE', #33, 1.250000000000001110 ) ;
#1946 = CARTESIAN_POINT ( 'NONE',  ( -2.780938603083033169E-14, -20.99999999999999645, 6.999999999999997335 ) ) ;
#1947 = CARTESIAN_POINT ( 'NONE',  ( -8.499999999999996447, 19.00000000000000000, -21.37171027316250971 ) ) ;
#1948 = EDGE_LOOP ( 'NONE', ( #4936, #4116, #742, #1348 ) ) ;
#1949 = AXIS2_PLACEMENT_3D ( 'NONE', #484, #2224, #1342 ) ;
#1950 = VERTEX_POINT ( 'NONE', #2851 ) ;
#1951 = DIRECTION ( 'NONE',  ( 0.000000000000000000, 0.000000000000000000, -1.000000000000000000 ) ) ;
#1952 = DIRECTION ( 'NONE',  ( 0.000000000000000000, 1.000000000000000000, 0.000000000000000000 ) ) ;
#1953 = DIRECTION ( 'NONE',  ( 0.000000000000000000, 1.000000000000000000, -0.000000000000000000 ) ) ;
#1954 = CARTESIAN_POINT ( 'NONE',  ( -19.99999999999999289, 27.99999999999999645, 6.750000000000006217 ) ) ;
#1955 = CIRCLE ( 'NONE', #4107, 2.000000000000000000 ) ;
#1956 = ORIENTED_EDGE ( 'NONE', *, *, #5342, .T. ) ;
#1957 = CIRCLE ( 'NONE', #493, 2.000000000000000000 ) ;
#1958 = CARTESIAN_POINT ( 'NONE',  ( -18.99999999999999289, 33.24999999999999289, -10.24999999999999822 ) ) ;
#1959 = EDGE_CURVE ( 'NONE', #4203, #4380, #2304, .T. ) ;
#1960 = DIRECTION ( 'NONE',  ( -0.000000000000000000, -1.000000000000000000, -0.000000000000000000 ) ) ;
#1961 = VECTOR ( 'NONE', #238, 1000.000000000000000 ) ;
#1962 = DIRECTION ( 'NONE',  ( 1.000000000000000000, -0.000000000000000000, -0.000000000000000000 ) ) ;
#1963 = EDGE_CURVE ( 'NONE', #3069, #292, #5460, .T. ) ;
#1964 = CARTESIAN_POINT ( 'NONE',  ( -8.499999999999996447, 53.62056430719963629, -21.37171027316250971 ) ) ;
#1965 = ORIENTED_EDGE ( 'NONE', *, *, #273, .F. ) ;
#1966 = DIRECTION ( 'NONE',  ( 0.000000000000000000, 0.000000000000000000, 1.000000000000000000 ) ) ;
#1967 = FACE_OUTER_BOUND ( 'NONE', #72, .T. ) ;
#1968 = CARTESIAN_POINT ( 'NONE',  ( -16.99999999999999289, 36.00000000000000000, -14.24999999999999467 ) ) ;
#1969 = ADVANCED_FACE ( 'NONE', ( #3303 ), #2342, .T. ) ;
#1970 = DIRECTION ( 'NONE',  ( 1.000000000000000000, -0.000000000000000000, 0.000000000000000000 ) ) ;
#1971 = VERTEX_POINT ( 'NONE', #695 ) ;
#1972 = CYLINDRICAL_SURFACE ( 'NONE', #3205, 2.100000000000000533 ) ;
#1973 = CIRCLE ( 'NONE', #5213, 2.100000000000000977 ) ;
#1974 = FACE_OUTER_BOUND ( 'NONE', #2815, .T. ) ;
#1975 = DIRECTION ( 'NONE',  ( 0.000000000000000000, 0.000000000000000000, 1.000000000000000000 ) ) ;
#1976 = VERTEX_POINT ( 'NONE', #3275 ) ;
#1977 = ORIENTED_EDGE ( 'NONE', *, *, #2204, .T. ) ;
#1978 = DIRECTION ( 'NONE',  ( 0.000000000000000000, 1.000000000000000000, -0.000000000000000000 ) ) ;
#1979 = CYLINDRICAL_SURFACE ( 'NONE', #4944, 2.100000000000000977 ) ;
#1980 = CARTESIAN_POINT ( 'NONE',  ( 8.379555213223520053E-14, 20.99999999999999645, -7.999999999999998224 ) ) ;
#1981 = DIRECTION ( 'NONE',  ( 0.000000000000000000, -0.000000000000000000, 1.000000000000000000 ) ) ;
#1982 = VERTEX_POINT ( 'NONE', #4562 ) ;
#1983 = ORIENTED_EDGE ( 'NONE', *, *, #1555, .F. ) ;
#1984 = CIRCLE ( 'NONE', #1247, 5.000000000000000000 ) ;
#1985 = VECTOR ( 'NONE', #1897, 1000.000000000000000 ) ;
#1986 = LINE ( 'NONE', #4628, #2973 ) ;
#1987 = COORDINATED_UNIVERSAL_TIME_OFFSET ( 8, 0, .BEHIND. ) ;
#1988 = EDGE_CURVE ( 'NONE', #4763, #3102, #4476, .T. ) ;
#1989 = CYLINDRICAL_SURFACE ( 'NONE', #2068, 2.100000000000000977 ) ;
#1990 = CARTESIAN_POINT ( 'NONE',  ( 17.00000000000000355, 30.00000000000000000, 8.750000000000003553 ) ) ;
#1991 = ORIENTED_EDGE ( 'NONE', *, *, #457, .F. ) ;
#1992 = CARTESIAN_POINT ( 'NONE',  ( 17.00000000000000000, 36.00000000000000000, -14.24999999999999467 ) ) ;
#1993 = DIRECTION ( 'NONE',  ( -1.000000000000000000, 0.000000000000000000, 0.000000000000000000 ) ) ;
#1994 = ORIENTED_EDGE ( 'NONE', *, *, #3478, .T. ) ;
#1995 = ADVANCED_FACE ( 'NONE', ( #1149 ), #4159, .T. ) ;
#1996 = ADVANCED_FACE ( 'NONE', ( #4675 ), #326, .T. ) ;
#1997 = DIRECTION ( 'NONE',  ( 1.000000000000000000, 0.000000000000000000, 0.000000000000000000 ) ) ;
#1998 = CARTESIAN_POINT ( 'NONE',  ( 20.00000000000000711, 27.99999999999999645, 19.75000000000000355 ) ) ;
#1999 = VERTEX_POINT ( 'NONE', #1664 ) ;
#2000 = DIRECTION ( 'NONE',  ( -1.000000000000000000, 0.000000000000000000, 0.000000000000000000 ) ) ;
#2001 = SPHERICAL_SURFACE ( 'NONE', #1467, 2.000000000000000000 ) ;
#2002 = PLANE ( 'NONE',  #3842 ) ;
#2003 = ORIENTED_EDGE ( 'NONE', *, *, #4505, .F. ) ;
#2004 = EDGE_CURVE ( 'NONE', #4992, #2890, #2905, .T. ) ;
#2005 = VERTEX_POINT ( 'NONE', #2484 ) ;
#2006 = CARTESIAN_POINT ( 'NONE',  ( 10.56396670237197277, 28.12793340474396331, -15.73143486426999793 ) ) ;
#2007 = CYLINDRICAL_SURFACE ( 'NONE', #1425, 1.000000000000002665 ) ;
#2008 = DIRECTION ( 'NONE',  ( -0.000000000000000000, -1.000000000000000000, 0.000000000000000000 ) ) ;
#2009 = DIRECTION ( 'NONE',  ( 0.000000000000000000, 1.000000000000000000, 0.000000000000000000 ) ) ;
#2010 = EDGE_LOOP ( 'NONE', ( #766, #2167 ) ) ;
#2011 = CYLINDRICAL_SURFACE ( 'NONE', #4013, 2.000000000000000000 ) ;
#2012 = ADVANCED_FACE ( 'NONE', ( #4198 ), #2059, .F. ) ;
#2013 = VECTOR ( 'NONE', #3126, 1000.000000000000000 ) ;
#2014 = VECTOR ( 'NONE', #3006, 1000.000000000000000 ) ;
#2015 = CYLINDRICAL_SURFACE ( 'NONE', #3151, 21.00000000000000000 ) ;
#2016 = AXIS2_PLACEMENT_3D ( 'NONE', #2531, #4243, #371 ) ;
#2017 = CARTESIAN_POINT ( 'NONE',  ( -2.125036258071587902E-15, 33.99999999999999289, -12.24999999999999822 ) ) ;
#2018 = LINE ( 'NONE', #760, #2797 ) ;
#2019 = DIRECTION ( 'NONE',  ( 0.000000000000000000, 0.000000000000000000, -1.000000000000000000 ) ) ;
#2020 = VERTEX_POINT ( 'NONE', #4225 ) ;
#2021 = CIRCLE ( 'NONE', #5175, 2.250000000000002665 ) ;
#2022 = CARTESIAN_POINT ( 'NONE',  ( -19.99999999999999289, 33.18334617360803662, 6.750000000000007994 ) ) ;
#2023 = DIRECTION ( 'NONE',  ( -0.000000000000000000, -1.000000000000000000, -0.000000000000000000 ) ) ;
#2024 = ORIENTED_EDGE ( 'NONE', *, *, #491, .F. ) ;
#2025 = CARTESIAN_POINT ( 'NONE',  ( -19.76070888926601299, 34.96100125573117623, 30.52179467162503101 ) ) ;
#2026 = EDGE_CURVE ( 'NONE', #653, #582, #2535, .T. ) ;
#2027 = DIRECTION ( 'NONE',  ( -0.000000000000000000, -1.000000000000000000, -0.000000000000000000 ) ) ;
#2028 = EDGE_CURVE ( 'NONE', #3803, #254, #2238, .T. ) ;
#2029 = DIRECTION ( 'NONE',  ( -0.000000000000000000, -1.000000000000000000, 0.000000000000000000 ) ) ;
#2030 = EDGE_LOOP ( 'NONE', ( #2364, #1065, #1837, #938, #4546, #4910, #1256, #5268 ) ) ;
#2031 = CIRCLE ( 'NONE', #2481, 2.100000000000000977 ) ;
#2032 = CIRCLE ( 'NONE', #480, 2.250000000000001776 ) ;
#2033 = ORIENTED_EDGE ( 'NONE', *, *, #4609, .T. ) ;
#2034 = DIRECTION ( 'NONE',  ( 0.000000000000000000, 1.000000000000000000, 0.000000000000000000 ) ) ;
#2035 = CARTESIAN_POINT ( 'NONE',  ( 17.00000000000000000, 36.00000000000000000, -11.24999999999999645 ) ) ;
#2036 = EDGE_CURVE ( 'NONE', #481, #4356, #1058, .T. ) ;
#2037 = CARTESIAN_POINT ( 'NONE',  ( -5.000000000000000000, -22.94660307113852227, -27.00000000000000000 ) ) ;
#2038 = DIRECTION ( 'NONE',  ( 0.000000000000000000, 1.000000000000000000, -0.000000000000000000 ) ) ;
#2039 = EDGE_LOOP ( 'NONE', ( #5264, #1282, #498, #345, #405, #3874, #9, #3882 ) ) ;
#2040 = CIRCLE ( 'NONE', #1949, 1.250000000000001110 ) ;
#2041 = DIRECTION ( 'NONE',  ( 1.321694076934710402E-16, 0.000000000000000000, 1.000000000000000000 ) ) ;
#2042 = ADVANCED_FACE ( 'NONE', ( #3012 ), #4728, .F. ) ;
#2043 = CYLINDRICAL_SURFACE ( 'NONE', #5321, 2.000000000000000000 ) ;
#2044 = DIRECTION ( 'NONE',  ( 0.000000000000000000, 1.000000000000000000, -0.000000000000000000 ) ) ;
#2045 = AXIS2_PLACEMENT_3D ( 'NONE', #4195, #271, #1915 ) ;
#2046 = DIRECTION ( 'NONE',  ( 0.000000000000000000, 1.000000000000000000, -0.000000000000000000 ) ) ;
#2047 = DIRECTION ( 'NONE',  ( -1.000000000000000000, -0.000000000000000000, 1.734723475976806848E-16 ) ) ;
#2048 = ORIENTED_EDGE ( 'NONE', *, *, #491, .T. ) ;
#2049 = DIRECTION ( 'NONE',  ( -0.000000000000000000, -1.000000000000000000, 0.000000000000000000 ) ) ;
#2050 = DIRECTION ( 'NONE',  ( -1.000000000000000000, -0.000000000000000000, -0.000000000000000000 ) ) ;
#2051 = ORIENTED_EDGE ( 'NONE', *, *, #3123, .F. ) ;
#2052 = CARTESIAN_POINT ( 'NONE',  ( -19.32282392008157856, 35.50004562639053063, 31.88227190726437144 ) ) ;
#2053 = CARTESIAN_POINT ( 'NONE',  ( -16.99999999999998579, 33.24999999999998579, 30.75000000000000355 ) ) ;
#2054 = FACE_OUTER_BOUND ( 'NONE', #2183, .T. ) ;
#2055 = ORIENTED_EDGE ( 'NONE', *, *, #5418, .T. ) ;
#2056 = EDGE_CURVE ( 'NONE', #2871, #4208, #3639, .T. ) ;
#2057 = CIRCLE ( 'NONE', #1700, 2.100000000000000977 ) ;
#2058 = EDGE_LOOP ( 'NONE', ( #671, #1407, #1464, #5049 ) ) ;
#2059 = CYLINDRICAL_SURFACE ( 'NONE', #4663, 2.250000000000001776 ) ;
#2060 = DIRECTION ( 'NONE',  ( -0.000000000000000000, -1.000000000000000000, 0.000000000000000000 ) ) ;
#2061 = CARTESIAN_POINT ( 'NONE',  ( -2.793185071074506684E-14, -23.00000000000000000, 8.000000000000000000 ) ) ;
#2062 = CARTESIAN_POINT ( 'NONE',  ( 10.50000000000000000, -16.80502757993630780, 0.000000000000000000 ) ) ;
#2063 = EDGE_LOOP ( 'NONE', ( #2678, #3118, #1637, #3832 ) ) ;
#2064 = AXIS2_PLACEMENT_3D ( 'NONE', #5259, #4368, #2998 ) ;
#2065 = DIRECTION ( 'NONE',  ( 0.000000000000000000, 0.000000000000000000, 1.000000000000000000 ) ) ;
#2066 = ADVANCED_FACE ( 'NONE', ( #2800 ), #696, .T. ) ;
#2067 = AXIS2_PLACEMENT_3D ( 'NONE', #1385, #3645, #5343 ) ;
#2068 = AXIS2_PLACEMENT_3D ( 'NONE', #1676, #1598, #4574 ) ;
#2069 = DIRECTION ( 'NONE',  ( 1.000000000000000000, 0.000000000000000000, 0.000000000000000000 ) ) ;
#2070 = APPROVAL_STATUS ( 'not_yet_approved' ) ;
#2071 = ORIENTED_EDGE ( 'NONE', *, *, #4406, .T. ) ;
#2072 = EDGE_CURVE ( 'NONE', #2796, #1950, #1880, .T. ) ;
#2073 = B_SPLINE_CURVE_WITH_KNOTS ( 'NONE', 3,
 ( #1613, #2826, #751, #669, #2510, #3779, #4564, #3353, #5449, #2486 ),
 .UNSPECIFIED., .F., .F.,
 ( 4, 2, 2, 2, 4 ),
 ( 0.0007162777047055809716, 0.001163737435530117804, 0.001611197166354652686, 0.002058656897179187567, 0.002506116628003722448 ),
 .UNSPECIFIED. ) ;
#2074 = AXIS2_PLACEMENT_3D ( 'NONE', #1869, #4565, #1098 ) ;
#2075 = DIRECTION ( 'NONE',  ( 0.000000000000000000, 0.000000000000000000, 1.000000000000000000 ) ) ;
#2076 = AXIS2_PLACEMENT_3D ( 'NONE', #4287, #5596, #2269 ) ;
#2077 = CARTESIAN_POINT ( 'NONE',  ( -9.028673605063742613, 30.26433680253183667, -15.24769865083159992 ) ) ;
#2078 = LINE ( 'NONE', #3470, #1339 ) ;
#2079 = EDGE_LOOP ( 'NONE', ( #3302, #996, #5194, #3179 ) ) ;
#2080 = CARTESIAN_POINT ( 'NONE',  ( 17.00000000000000000, 36.00000000000000000, 19.75000000000000355 ) ) ;
#2081 = FACE_OUTER_BOUND ( 'NONE', #2480, .T. ) ;
#2082 = ORIENTED_EDGE ( 'NONE', *, *, #4223, .F. ) ;
#2083 = DIRECTION ( 'NONE',  ( 0.000000000000000000, 0.000000000000000000, -1.000000000000000000 ) ) ;
#2084 = DIRECTION ( 'NONE',  ( 1.000000000000000000, -0.000000000000000000, -0.000000000000000000 ) ) ;
#2085 = DIRECTION ( 'NONE',  ( 1.000000000000000000, -0.000000000000000000, -0.000000000000000000 ) ) ;
#2086 = ORIENTED_EDGE ( 'NONE', *, *, #2026, .F. ) ;
#2087 = ORIENTED_EDGE ( 'NONE', *, *, #1853, .T. ) ;
#2088 = CARTESIAN_POINT ( 'NONE',  ( 12.10725861615872390, 31.60725861615678767, -14.25000000000128608 ) ) ;
#2089 = CARTESIAN_POINT ( 'NONE',  ( 10.50000000000000000, 22.00000000000000000, -16.25000000000000000 ) ) ;
#2090 = DIRECTION ( 'NONE',  ( 0.000000000000000000, 1.000000000000000000, 0.000000000000000000 ) ) ;
#2091 = CARTESIAN_POINT ( 'NONE',  ( 0.000000000000000000, 30.00000000000000000, 0.000000000000000000 ) ) ;
#2092 = VERTEX_POINT ( 'NONE', #5474 ) ;
#2093 = FACE_OUTER_BOUND ( 'NONE', #4313, .T. ) ;
#2094 = CARTESIAN_POINT ( 'NONE',  ( 0.000000000000000000, 53.62056430719963629, 0.000000000000000000 ) ) ;
#2095 = ADVANCED_FACE ( 'NONE', ( #2880 ), #1979, .F. ) ;
#2096 = EDGE_CURVE ( 'NONE', #1689, #509, #3753, .T. ) ;
#2097 = CARTESIAN_POINT ( 'NONE',  ( 20.00000000000000711, 30.00000000000000000, 38.24999999999999289 ) ) ;
#2098 = CARTESIAN_POINT ( 'NONE',  ( -11.28002041689391710, 29.56004083378835290, -14.65978474838899359 ) ) ;
#2099 = CIRCLE ( 'NONE', #2460, 2.000000000000001776 ) ;
#2100 = ADVANCED_FACE ( 'NONE', ( #2369 ), #2007, .F. ) ;
#2101 = VECTOR ( 'NONE', #2636, 1000.000000000000000 ) ;
#2102 = VERTEX_POINT ( 'NONE', #5026 ) ;
#2103 =( BOUNDED_CURVE ( )  B_SPLINE_CURVE ( 3, ( #1910, #658, #5386, #4962 ),
 .UNSPECIFIED., .F., .F. ) 
 B_SPLINE_CURVE_WITH_KNOTS ( ( 4, 4 ),
 ( 0.000000000000000000, 1.570796326794896558 ),
 .UNSPECIFIED. ) 
 CURVE ( )  GEOMETRIC_REPRESENTATION_ITEM ( )  RATIONAL_B_SPLINE_CURVE ( ( 1.000000000000000000, 0.8047378541243649375, 0.8047378541243649375, 1.000000000000000000 ) ) 
 REPRESENTATION_ITEM ( '' )  );
#2104 = CARTESIAN_POINT ( 'NONE',  ( -20.00000000000012790, 32.85431182530799532, -5.775959448441894573 ) ) ;
#2105 = CARTESIAN_POINT ( 'NONE',  ( -10.50000000000000000, 21.99999999999998579, -1.928818708657081344E-15 ) ) ;
#2106 = ORIENTED_EDGE ( 'NONE', *, *, #565, .T. ) ;
#2107 = FACE_OUTER_BOUND ( 'NONE', #2695, .T. ) ;
#2108 = CARTESIAN_POINT ( 'NONE',  ( 10.50000000000000000, 27.99999999999999289, -15.07842712474619162 ) ) ;
#2109 = EDGE_CURVE ( 'NONE', #3504, #1157, #4622, .T. ) ;
#2110 = DIRECTION ( 'NONE',  ( 0.000000000000000000, 1.000000000000000000, 0.000000000000000000 ) ) ;
#2111 = CC_DESIGN_APPROVAL ( #1100, ( #656 ) ) ;
#2112 = ORIENTED_EDGE ( 'NONE', *, *, #5591, .F. ) ;
#2113 = VERTEX_POINT ( 'NONE', #3728 ) ;
#2114 = CARTESIAN_POINT ( 'NONE',  ( 10.49539730205512278, 30.99769865102747346, -14.51433680240096002 ) ) ;
#2115 = DIRECTION ( 'NONE',  ( 1.000000000000000000, 0.000000000000000000, -1.321694076934710402E-16 ) ) ;
#2116 = CARTESIAN_POINT ( 'NONE',  ( 9.129629629629629761, -20.99999999999999645, -27.52544028395892184 ) ) ;
#2117 = CARTESIAN_POINT ( 'NONE',  ( -10.50000000000000000, -18.54277412696120209, -19.54165004684788443 ) ) ;
#2118 = EDGE_LOOP ( 'NONE', ( #3378, #2055 ) ) ;
#2119 = DIRECTION ( 'NONE',  ( -0.000000000000000000, 1.000000000000000000, -0.000000000000000000 ) ) ;
#2120 = AXIS2_PLACEMENT_3D ( 'NONE', #5332, #2254, #3520 ) ;
#2121 = DIRECTION ( 'NONE',  ( 0.000000000000000000, 0.000000000000000000, -1.000000000000000000 ) ) ;
#2122 = CARTESIAN_POINT ( 'NONE',  ( -8.499999999999996447, 19.00000000000000000, -21.37171027316250971 ) ) ;
#2123 = AXIS2_PLACEMENT_3D ( 'NONE', #5411, #4986, #1054 ) ;
#2124 = CIRCLE ( 'NONE', #1856, 4.000000000000000000 ) ;
#2125 = AXIS2_PLACEMENT_3D ( 'NONE', #1142, #1170, #4581 ) ;
#2126 = ADVANCED_FACE ( 'NONE', ( #1181, #247, #2852, #724, #2906, #5447 ), #3327, .F. ) ;
#2127 = PLANE ( 'NONE',  #2513 ) ;
#2128 = CARTESIAN_POINT ( 'NONE',  ( -11.06223717406766838, 30.56223717406679796, -14.76306017721839581 ) ) ;
#2129 = ORIENTED_EDGE ( 'NONE', *, *, #1265, .T. ) ;
#2130 = VECTOR ( 'NONE', #2137, 1000.000000000000000 ) ;
#2131 = EDGE_CURVE ( 'NONE', #793, #3393, #4175, .T. ) ;
#2132 = CARTESIAN_POINT ( 'NONE',  ( -19.85642090009761773, 33.49912416550291994, -5.749999999999992006 ) ) ;
#2133 = CARTESIAN_POINT ( 'NONE',  ( -17.99999999999999645, 33.99999999999999289, 0.000000000000000000 ) ) ;
#2134 = ORIENTED_EDGE ( 'NONE', *, *, #1680, .F. ) ;
#2135 = CARTESIAN_POINT ( 'NONE',  ( 18.00000000000001421, 36.00000000000000000, -7.180703308172531329 ) ) ;
#2136 = FACE_OUTER_BOUND ( 'NONE', #4786, .T. ) ;
#2137 = DIRECTION ( 'NONE',  ( 0.000000000000000000, -1.000000000000000000, 0.000000000000000000 ) ) ;
#2138 = AXIS2_PLACEMENT_3D ( 'NONE', #1550, #5017, #5328 ) ;
#2139 = ORIENTED_EDGE ( 'NONE', *, *, #1510, .T. ) ;
#2140 = EDGE_CURVE ( 'NONE', #2550, #4849, #1612, .T. ) ;
#2141 = B_SPLINE_CURVE_WITH_KNOTS ( 'NONE', 3,
 ( #4390, #4852, #5366, #3975, #3582, #3673, #3611, #3552, #1468, #4477 ),
 .UNSPECIFIED., .F., .F.,
 ( 4, 2, 2, 2, 4 ),
 ( -0.005000617754244708960, -0.002500345570543037466, -7.338684136597162233E-08, 0.002500198796860305522, 0.005000470980561977016 ),
 .UNSPECIFIED. ) ;
#2142 = VERTEX_POINT ( 'NONE', #2825 ) ;
#2143 = CARTESIAN_POINT ( 'NONE',  ( 10.99322637705803629, 28.98645275411579192, -14.92834649819577741 ) ) ;
#2144 = DIRECTION ( 'NONE',  ( 1.000000000000000000, -0.000000000000000000, -0.000000000000000000 ) ) ;
#2145 = CARTESIAN_POINT ( 'NONE',  ( -12.36909882216841616, 24.00000000000000000, -12.25000000000135536 ) ) ;
#2146 = CYLINDRICAL_SURFACE ( 'NONE', #170, 1.999999999999998224 ) ;
#2147 = ORIENTED_EDGE ( 'NONE', *, *, #4604, .F. ) ;
#2148 = CARTESIAN_POINT ( 'NONE',  ( 18.00000000000001421, 30.00000000000000000, 21.75000000000000711 ) ) ;
#2149 = CARTESIAN_POINT ( 'NONE',  ( -9.129629629629629761, -16.80502757993630780, -27.52544028395892539 ) ) ;
#2150 = CARTESIAN_POINT ( 'NONE',  ( 10.61107117036074321, 22.79328599557514323, -15.45671400442425103 ) ) ;
#2151 = AXIS2_PLACEMENT_3D ( 'NONE', #2986, #4274, #5191 ) ;
#2152 = AXIS2_PLACEMENT_3D ( 'NONE', #806, #5582, #2538 ) ;
#2153 = CARTESIAN_POINT ( 'NONE',  ( -8.000000000000000000, -20.99999999999999645, -2.100000000000055600 ) ) ;
#2154 = LINE ( 'NONE', #1271, #2699 ) ;
#2155 = ORIENTED_EDGE ( 'NONE', *, *, #4920, .T. ) ;
#2156 = EDGE_CURVE ( 'NONE', #2315, #1409, #5051, .T. ) ;
#2157 = AXIS2_PLACEMENT_3D ( 'NONE', #527, #24, #2659 ) ;
#2158 = CARTESIAN_POINT ( 'NONE',  ( -16.99999999999998579, 33.24999999999998579, 33.25000000000000000 ) ) ;
#2159 = CARTESIAN_POINT ( 'NONE',  ( -19.51896959706283141, 35.30358729541325857, -8.929489928708845170 ) ) ;
#2160 = ORIENTED_EDGE ( 'NONE', *, *, #2294, .F. ) ;
#2161 = CYLINDRICAL_SURFACE ( 'NONE', #197, 2.250000000000002665 ) ;
#2162 = CARTESIAN_POINT ( 'NONE',  ( -2.793185071074506684E-14, 20.99999999999999645, 8.000000000000000000 ) ) ;
#2163 = CARTESIAN_POINT ( 'NONE',  ( 8.499999999999996447, 17.00000000000000000, -21.37171027316250971 ) ) ;
#2164 = EDGE_CURVE ( 'NONE', #1971, #1276, #2057, .T. ) ;
#2165 = VECTOR ( 'NONE', #5454, 1000.000000000000000 ) ;
#2166 = ADVANCED_FACE ( 'NONE', ( #4088 ), #188, .T. ) ;
#2167 = ORIENTED_EDGE ( 'NONE', *, *, #304, .T. ) ;
#2168 = ORIENTED_EDGE ( 'NONE', *, *, #3268, .F. ) ;
#2169 = DIRECTION ( 'NONE',  ( -1.000000000000000000, 0.000000000000000000, 0.000000000000000000 ) ) ;
#2170 = DIRECTION ( 'NONE',  ( -0.000000000000000000, -1.000000000000000000, 0.000000000000000000 ) ) ;
#2171 = DIRECTION ( 'NONE',  ( -1.000000000000000000, 0.000000000000000000, -8.673617379884027583E-16 ) ) ;
#2172 = FACE_BOUND ( 'NONE', #4310, .T. ) ;
#2173 = EDGE_CURVE ( 'NONE', #5337, #2203, #668, .T. ) ;
#2174 = EDGE_LOOP ( 'NONE', ( #299, #174, #3472, #5285 ) ) ;
#2175 = VERTEX_POINT ( 'NONE', #5395 ) ;
#2176 = LINE ( 'NONE', #2149, #1930 ) ;
#2177 = CARTESIAN_POINT ( 'NONE',  ( 11.49769865083160347, 23.73566319746816333, -12.77867360506374617 ) ) ;
#2178 = DIRECTION ( 'NONE',  ( -0.000000000000000000, 1.000000000000000000, -0.000000000000000000 ) ) ;
#2179 = EDGE_CURVE ( 'NONE', #3025, #2512, #3276, .T. ) ;
#2180 = VERTEX_POINT ( 'NONE', #378 ) ;
#2181 = CARTESIAN_POINT ( 'NONE',  ( 5.000000000000000888, -23.00000000000000000, -21.00000000000000000 ) ) ;
#2182 = DIRECTION ( 'NONE',  ( 0.000000000000000000, 1.000000000000000000, -0.000000000000000000 ) ) ;
#2183 = EDGE_LOOP ( 'NONE', ( #2989, #227, #3555, #4791, #930 ) ) ;
#2184 = FACE_OUTER_BOUND ( 'NONE', #429, .T. ) ;
#2185 = CIRCLE ( 'NONE', #4985, 1.250000000000001110 ) ;
#2186 = DIRECTION ( 'NONE',  ( -0.000000000000000000, -1.000000000000000000, -0.000000000000000000 ) ) ;
#2187 = EDGE_LOOP ( 'NONE', ( #3670, #1942 ) ) ;
#2188 = LINE ( 'NONE', #3482, #4801 ) ;
#2189 = AXIS2_PLACEMENT_3D ( 'NONE', #2271, #3065, #533 ) ;
#2190 = DIRECTION ( 'NONE',  ( 0.000000000000000000, 0.000000000000000000, 1.000000000000000000 ) ) ;
#2191 = DIRECTION ( 'NONE',  ( 0.000000000000000000, 1.000000000000000000, -0.000000000000000000 ) ) ;
#2192 = CIRCLE ( 'NONE', #1567, 12.50000000000000000 ) ;
#2193 = ORIENTED_EDGE ( 'NONE', *, *, #3509, .T. ) ;
#2194 = EDGE_CURVE ( 'NONE', #1184, #5223, #2504, .T. ) ;
#2195 = ORIENTED_EDGE ( 'NONE', *, *, #4347, .F. ) ;
#2196 = CARTESIAN_POINT ( 'NONE',  ( 0.000000000000000000, 30.00000000000000000, 0.000000000000000000 ) ) ;
#2198 = CARTESIAN_POINT ( 'NONE',  ( 7.760869565217389798, -16.99999999999997513, -19.51330068419186148 ) ) ;
#2197 = AXIS2_PLACEMENT_3D ( 'NONE', #3079, #1751, #4302 ) ;
#2199 = CARTESIAN_POINT ( 'NONE',  ( -10.90978474838886214, 23.21997958310587862, -13.81004083378805269 ) ) ;
#2200 = CARTESIAN_POINT ( 'NONE',  ( -5.000000000000000000, 29.98222718265598985, -26.84637089860565951 ) ) ;
#2201 = EDGE_LOOP ( 'NONE', ( #2082, #2155, #1739, #5279 ) ) ;
#2202 = EDGE_LOOP ( 'NONE', ( #1513, #821, #2270, #3978 ) ) ;
#2203 = VERTEX_POINT ( 'NONE', #1693 ) ;
#2204 = EDGE_CURVE ( 'NONE', #2496, #481, #829, .T. ) ;
#2205 = DIRECTION ( 'NONE',  ( -0.000000000000000000, -1.000000000000000000, -0.000000000000000000 ) ) ;
#2206 = CARTESIAN_POINT ( 'NONE',  ( -16.99999999999998579, 33.24999999999998579, 32.00000000000000000 ) ) ;
#2207 = FACE_OUTER_BOUND ( 'NONE', #2426, .T. ) ;
#2208 = AXIS2_PLACEMENT_3D ( 'NONE', #3841, #890, #2570 ) ;
#2209 = ORIENTED_EDGE ( 'NONE', *, *, #2897, .F. ) ;
#2210 = AXIS2_PLACEMENT_3D ( 'NONE', #1914, #126, #5249 ) ;
#2211 = EDGE_CURVE ( 'NONE', #672, #2180, #4573, .T. ) ;
#2212 = CARTESIAN_POINT ( 'NONE',  ( 10.50000000000000000, 18.70302300827162867, -19.24087879842972981 ) ) ;
#2213 = AXIS2_PLACEMENT_3D ( 'NONE', #2715, #166, #2289 ) ;
#2214 = CARTESIAN_POINT ( 'NONE',  ( 0.000000000000000000, -23.00000000000000000, 10.50000000000000000 ) ) ;
#2215 = EDGE_LOOP ( 'NONE', ( #4989, #5324, #3171, #4333, #381, #2798, #3896, #4715 ) ) ;
#2216 = CIRCLE ( 'NONE', #758, 2.100000000000000977 ) ;
#2217 = DIRECTION ( 'NONE',  ( 0.000000000000000000, 1.000000000000000000, 0.000000000000000000 ) ) ;
#2218 = CARTESIAN_POINT ( 'NONE',  ( -19.77663333005655488, 34.94596627825615798, -9.504925498318121058 ) ) ;
#2219 = ORIENTED_EDGE ( 'NONE', *, *, #2375, .F. ) ;
#2220 = CARTESIAN_POINT ( 'NONE',  ( -17.99999999999999645, 36.00000000000000000, -7.180703308172531329 ) ) ;
#2221 = FACE_OUTER_BOUND ( 'NONE', #2679, .T. ) ;
#2222 = ORIENTED_EDGE ( 'NONE', *, *, #1697, .F. ) ;
#2223 = ORIENTED_EDGE ( 'NONE', *, *, #2096, .T. ) ;
#2224 = DIRECTION ( 'NONE',  ( 1.000000000000000000, -0.000000000000000000, -1.321694076934710402E-16 ) ) ;
#2225 = CARTESIAN_POINT ( 'NONE',  ( -17.99999999999999645, 30.00000000000000000, 8.750000000000003553 ) ) ;
#2226 = CARTESIAN_POINT ( 'NONE',  ( -10.50000000000000000, 22.00000000000000000, -16.24999999999999289 ) ) ;
#2227 = CARTESIAN_POINT ( 'NONE',  ( 0.000000000000000000, 25.00000000000000000, 0.000000000000000000 ) ) ;
#2228 = ORIENTED_EDGE ( 'NONE', *, *, #4711, .F. ) ;
#2229 = ORIENTED_EDGE ( 'NONE', *, *, #5201, .T. ) ;
#2230 = EDGE_CURVE ( 'NONE', #4870, #4996, #4388, .T. ) ;
#2231 = ORIENTED_EDGE ( 'NONE', *, *, #4436, .F. ) ;
#2232 = DIRECTION ( 'NONE',  ( 1.000000000000000000, -0.000000000000000000, -0.000000000000000000 ) ) ;
#2233 = CARTESIAN_POINT ( 'NONE',  ( 11.61369758836281996, 25.59533184264127215, -14.45233407867931597 ) ) ;
#2234 = FACE_BOUND ( 'NONE', #5092, .T. ) ;
#2235 = EDGE_LOOP ( 'NONE', ( #5577, #1994, #2560, #3973, #1991, #3320, #4918, #711 ) ) ;
#2236 = ORIENTED_EDGE ( 'NONE', *, *, #3301, .T. ) ;
#2237 = EDGE_CURVE ( 'NONE', #2601, #4654, #1973, .T. ) ;
#2238 = CIRCLE ( 'NONE', #251, 2.000000000000001776 ) ;
#2239 = CARTESIAN_POINT ( 'NONE',  ( -10.50000000000000000, 17.00000000000000711, -21.37171027316250971 ) ) ;
#2240 = CARTESIAN_POINT ( 'NONE',  ( 8.405272796005614181E-14, 20.99999999999999645, -10.09999999999999964 ) ) ;
#2241 = EDGE_CURVE ( 'NONE', #2256, #2284, #3767, .T. ) ;
#2242 = DIRECTION ( 'NONE',  ( 0.000000000000000000, 0.000000000000000000, 1.000000000000000000 ) ) ;
#2243 = DIRECTION ( 'NONE',  ( 1.000000000000000000, -0.000000000000000000, -0.000000000000000000 ) ) ;
#2244 = ORIENTED_EDGE ( 'NONE', *, *, #1690, .T. ) ;
#2245 = DIRECTION ( 'NONE',  ( 0.000000000000000000, 0.000000000000000000, 1.000000000000000000 ) ) ;
#2246 = PLANE ( 'NONE',  #5169 ) ;
#2247 = B_SPLINE_CURVE_WITH_KNOTS ( 'NONE', 3,
 ( #5572, #2532, #3374, #2981, #4244, #3881, #1280, #5185 ),
 .UNSPECIFIED., .F., .F.,
 ( 4, 2, 2, 4 ),
 ( 0.008165604678487163939, 0.009769169324055819795, 0.01057095164684013731, 0.01137273396962445483 ),
 .UNSPECIFIED. ) ;
#2248 = EDGE_CURVE ( 'NONE', #4739, #5419, #4007, .T. ) ;
#2249 = ORIENTED_EDGE ( 'NONE', *, *, #2748, .T. ) ;
#2250 = AXIS2_PLACEMENT_3D ( 'NONE', #2754, #4578, #684 ) ;
#2251 = EDGE_LOOP ( 'NONE', ( #3490, #2588 ) ) ;
#2252 = DIRECTION ( 'NONE',  ( 0.000000000000000000, 0.000000000000000000, -1.000000000000000000 ) ) ;
#2253 = DIRECTION ( 'NONE',  ( 0.000000000000000000, 1.000000000000000000, -1.734723475976808672E-15 ) ) ;
#2254 = DIRECTION ( 'NONE',  ( 0.000000000000000000, 1.000000000000000000, -0.000000000000000000 ) ) ;
#2255 = DIRECTION ( 'NONE',  ( 0.000000000000000000, 1.000000000000000000, -0.000000000000000000 ) ) ;
#2256 = VERTEX_POINT ( 'NONE', #4226 ) ;
#2257 = ORIENTED_EDGE ( 'NONE', *, *, #53, .T. ) ;
#2258 = VERTEX_POINT ( 'NONE', #1235 ) ;
#2259 = CARTESIAN_POINT ( 'NONE',  ( -8.499999999999996447, -16.99999999999998579, -19.37171027316250616 ) ) ;
#2260 = CARTESIAN_POINT ( 'NONE',  ( -19.21920470048926077, 35.59069602181980230, -7.335830244806353484 ) ) ;
#2261 = ORIENTED_EDGE ( 'NONE', *, *, #4604, .T. ) ;
#2262 = LINE ( 'NONE', #1958, #933 ) ;
#2263 = EDGE_CURVE ( 'NONE', #2413, #461, #5122, .T. ) ;
#2264 = DIRECTION ( 'NONE',  ( 0.000000000000000000, 0.000000000000000000, 1.000000000000000000 ) ) ;
#2265 = APPROVAL_ROLE ( '' ) ;
#2266 = VERTEX_POINT ( 'NONE', #408 ) ;
#2267 = CARTESIAN_POINT ( 'NONE',  ( 8.379555213223520053E-14, 25.00000000000000000, -5.899999999999997691 ) ) ;
#2268 = EDGE_CURVE ( 'NONE', #2258, #1734, #4678, .T. ) ;
#2269 = DIRECTION ( 'NONE',  ( 0.000000000000000000, 0.000000000000000000, 1.000000000000000000 ) ) ;
#2270 = ORIENTED_EDGE ( 'NONE', *, *, #324, .T. ) ;
#2271 = CARTESIAN_POINT ( 'NONE',  ( 8.000000000000000000, 25.00000000000000000, 0.000000000000000000 ) ) ;
#2272 = CARTESIAN_POINT ( 'NONE',  ( 19.33366175445829072, 35.49066897846896751, 31.76371180951741735 ) ) ;
#2273 = CC_DESIGN_PERSON_AND_ORGANIZATION_ASSIGNMENT ( #2778, #111, ( #2642 ) ) ;
#2274 = ORIENTED_EDGE ( 'NONE', *, *, #3785, .T. ) ;
#2275 = CIRCLE ( 'NONE', #4253, 1.000000000000002665 ) ;
#2276 = EDGE_CURVE ( 'NONE', #4561, #120, #2779, .T. ) ;
#2277 = ORIENTED_EDGE ( 'NONE', *, *, #5267, .F. ) ;
#2278 = CARTESIAN_POINT ( 'NONE',  ( -16.99999999999998579, 30.00000000000000000, 8.750000000000003553 ) ) ;
#2279 = CARTESIAN_POINT ( 'NONE',  ( -19.99999999999999289, 33.24999999999999289, -7.999999999999996447 ) ) ;
#2280 = CARTESIAN_POINT ( 'NONE',  ( 0.000000000000000000, -23.00000000000000000, 0.000000000000000000 ) ) ;
#2281 = AXIS2_PLACEMENT_3D ( 'NONE', #2866, #5382, #1572 ) ;
#2282 = CARTESIAN_POINT ( 'NONE',  ( 17.00000000000000000, 36.00000000000000000, 7.180703308172537547 ) ) ;
#2283 = VERTEX_POINT ( 'NONE', #5554 ) ;
#2284 = VERTEX_POINT ( 'NONE', #804 ) ;
#2285 = ORIENTED_EDGE ( 'NONE', *, *, #4002, .T. ) ;
#2286 = CARTESIAN_POINT ( 'NONE',  ( 12.49927747596544236, 24.01413724577916398, -14.23586275422037062 ) ) ;
#2287 = FACE_BOUND ( 'NONE', #5472, .T. ) ;
#2288 = VERTEX_POINT ( 'NONE', #2089 ) ;
#2289 = DIRECTION ( 'NONE',  ( 0.3695652173913052119, 0.000000000000000000, -0.9292047944853262242 ) ) ;
#2290 = CARTESIAN_POINT ( 'NONE',  ( 18.00000000000001066, 30.00000000000000000, 8.750000000000003553 ) ) ;
#2291 = DIRECTION ( 'NONE',  ( 0.000000000000000000, 0.000000000000000000, 1.000000000000000000 ) ) ;
#2292 = VERTEX_POINT ( 'NONE', #4729 ) ;
#2293 = AXIS2_PLACEMENT_3D ( 'NONE', #520, #4446, #1007 ) ;
#2294 = EDGE_CURVE ( 'NONE', #4345, #1999, #3229, .T. ) ;
#2295 = VECTOR ( 'NONE', #5436, 1000.000000000000000 ) ;
#2296 = CARTESIAN_POINT ( 'NONE',  ( -17.99999999999999645, 26.00000000000000355, -14.24999999999999467 ) ) ;
#2297 = DIRECTION ( 'NONE',  ( 1.000000000000000000, -0.000000000000000000, 0.000000000000000000 ) ) ;
#2298 = ORIENTED_EDGE ( 'NONE', *, *, #2404, .T. ) ;
#2299 = CYLINDRICAL_SURFACE ( 'NONE', #1192, 1.000000000000001332 ) ;
#2300 = DIRECTION ( 'NONE',  ( 0.000000000000000000, 1.000000000000000000, 0.000000000000000000 ) ) ;
#2301 = CIRCLE ( 'NONE', #5456, 21.00000000000000000 ) ;
#2302 = EDGE_LOOP ( 'NONE', ( #2565, #1890, #4229, #4144 ) ) ;
#2303 = ADVANCED_FACE ( 'NONE', ( #1285, #3013 ), #2536, .T. ) ;
#2304 = CIRCLE ( 'NONE', #4732, 1.000000000000001332 ) ;
#2305 = CARTESIAN_POINT ( 'NONE',  ( 0.000000000000000000, 25.00000000000000000, -5.000000000000000000 ) ) ;
#2306 = ORIENTED_EDGE ( 'NONE', *, *, #1402, .T. ) ;
#2307 = DIRECTION ( 'NONE',  ( 0.000000000000000000, 1.000000000000000000, 0.000000000000000000 ) ) ;
#2308 = CARTESIAN_POINT ( 'NONE',  ( -17.99999999999999289, 33.99999999999999289, -14.24999999999999467 ) ) ;
#2309 = CARTESIAN_POINT ( 'NONE',  ( 1.285879139104720831E-15, 25.00000000000000000, 10.50000000000000000 ) ) ;
#2310 = FACE_OUTER_BOUND ( 'NONE', #762, .T. ) ;
#2311 = ORIENTED_EDGE ( 'NONE', *, *, #1755, .F. ) ;
#2312 = ORIENTED_EDGE ( 'NONE', *, *, #5418, .F. ) ;
#2313 = EDGE_CURVE ( 'NONE', #4851, #2266, #5522, .T. ) ;
#2314 = AXIS2_PLACEMENT_3D ( 'NONE', #1229, #4291, #2612 ) ;
#2315 = VERTEX_POINT ( 'NONE', #4297 ) ;
#2316 = LINE ( 'NONE', #161, #3018 ) ;
#2317 = DIRECTION ( 'NONE',  ( -0.000000000000000000, -0.000000000000000000, 1.000000000000000000 ) ) ;
#2318 = ORIENTED_EDGE ( 'NONE', *, *, #4609, .F. ) ;
#2319 = DIRECTION ( 'NONE',  ( -0.000000000000000000, -1.000000000000000000, -0.000000000000000000 ) ) ;
#2320 = CARTESIAN_POINT ( 'NONE',  ( -16.99999999999999289, 36.00000000000000000, -14.24999999999999467 ) ) ;
#2321 = CARTESIAN_POINT ( 'NONE',  ( 0.000000000000000000, 53.62056430719963629, -21.00000000000000000 ) ) ;
#2322 = CARTESIAN_POINT ( 'NONE',  ( -10.50000000000000000, 22.00000000000000000, -16.24999999999999289 ) ) ;
#2323 = CYLINDRICAL_SURFACE ( 'NONE', #706, 2.000000000000001776 ) ;
#2324 = ORIENTED_EDGE ( 'NONE', *, *, #457, .T. ) ;
#2325 = DIRECTION ( 'NONE',  ( 0.000000000000000000, 0.000000000000000000, -1.000000000000000000 ) ) ;
#2326 = CARTESIAN_POINT ( 'NONE',  ( 17.00000000000000711, 36.00000000000000000, 35.24999999999999289 ) ) ;
#2327 = ORIENTED_EDGE ( 'NONE', *, *, #4618, .T. ) ;
#2328 = AXIS2_PLACEMENT_3D ( 'NONE', #3420, #470, #443 ) ;
#2329 = AXIS2_PLACEMENT_3D ( 'NONE', #2492, #5458, #337 ) ;
#2330 = DIRECTION ( 'NONE',  ( 1.000000000000000000, 0.000000000000000000, 0.000000000000000000 ) ) ;
#2331 = ORIENTED_EDGE ( 'NONE', *, *, #3587, .T. ) ;
#2332 = CARTESIAN_POINT ( 'NONE',  ( -8.000000000000000000, -20.99999999999999645, -5.586370142149013368E-14 ) ) ;
#2333 = ADVANCED_FACE ( 'NONE', ( #433 ), #2959, .F. ) ;
#2334 = CARTESIAN_POINT ( 'NONE',  ( 8.000000000000000000, -20.99999999999999645, 1.000000000000001554 ) ) ;
#2335 = ADVANCED_FACE ( 'NONE', ( #1260 ), #3885, .F. ) ;
#2336 = DIRECTION ( 'NONE',  ( -1.321694076934710402E-16, 0.000000000000000000, -1.000000000000000000 ) ) ;
#2337 = CARTESIAN_POINT ( 'NONE',  ( -50.40559159102153330, 36.00000000000000000, 19.75000000000000355 ) ) ;
#2338 = EDGE_LOOP ( 'NONE', ( #568, #4514 ) ) ;
#2339 = TOROIDAL_SURFACE ( 'NONE', #2885, 4.000000000000000000, 2.000000000000000000 ) ;
#2340 = VECTOR ( 'NONE', #2441, 1000.000000000000000 ) ;
#2341 = EDGE_LOOP ( 'NONE', ( #2311, #4442, #2236, #1615 ) ) ;
#2342 = PLANE ( 'NONE',  #3680 ) ;
#2343 = EDGE_CURVE ( 'NONE', #3089, #3578, #3912, .T. ) ;
#2344 = DIRECTION ( 'NONE',  ( 1.000000000000000000, -0.000000000000000000, -0.000000000000000000 ) ) ;
#2345 = AXIS2_PLACEMENT_3D ( 'NONE', #4952, #1078, #3169 ) ;
#2346 = DIRECTION ( 'NONE',  ( 0.000000000000000000, 1.000000000000000000, -0.000000000000000000 ) ) ;
#2347 = CIRCLE ( 'NONE', #3334, 5.000000000000000000 ) ;
#2348 = VERTEX_POINT ( 'NONE', #125 ) ;
#2349 = ORIENTED_EDGE ( 'NONE', *, *, #5033, .T. ) ;
#2350 = DIRECTION ( 'NONE',  ( 0.000000000000000000, 1.000000000000000000, 0.000000000000000000 ) ) ;
#2351 = ADVANCED_FACE ( 'NONE', ( #2730 ), #108, .T. ) ;
#2352 = CARTESIAN_POINT ( 'NONE',  ( -16.99999999999999289, 36.00000000000000000, 7.180703308172537547 ) ) ;
#2353 = DATE_AND_TIME ( #3530, #3285 ) ;
#2354 = DIRECTION ( 'NONE',  ( 0.000000000000000000, -1.000000000000000000, 0.000000000000000000 ) ) ;
#2355 = DIRECTION ( 'NONE',  ( 0.000000000000000000, 0.000000000000000000, -1.000000000000000000 ) ) ;
#2356 = ORIENTED_EDGE ( 'NONE', *, *, #88, .F. ) ;
#2357 = DIRECTION ( 'NONE',  ( 0.000000000000000000, 0.000000000000000000, 1.000000000000000000 ) ) ;
#2358 = DIRECTION ( 'NONE',  ( 0.000000000000000000, 1.000000000000000000, 0.000000000000000000 ) ) ;
#2359 = FACE_BOUND ( 'NONE', #1455, .T. ) ;
#2360 = DIRECTION ( 'NONE',  ( -0.000000000000000000, -0.000000000000000000, -1.000000000000000000 ) ) ;
#2361 = ORIENTED_EDGE ( 'NONE', *, *, #3919, .T. ) ;
#2362 = CARTESIAN_POINT ( 'NONE',  ( -8.499999999999996447, -17.00000000000000000, -21.37171027316250971 ) ) ;
#2363 = LINE ( 'NONE', #2764, #478 ) ;
#2364 = ORIENTED_EDGE ( 'NONE', *, *, #5067, .T. ) ;
#2365 = EDGE_CURVE ( 'NONE', #4385, #1556, #909, .T. ) ;
#2366 = EDGE_LOOP ( 'NONE', ( #3592, #4480, #4733, #3795 ) ) ;
#2367 = CARTESIAN_POINT ( 'NONE',  ( -19.99999999999999289, 33.24999999999998579, 29.75000000000000355 ) ) ;
#2368 = CIRCLE ( 'NONE', #7, 2.250000000000001776 ) ;
#2369 = FACE_OUTER_BOUND ( 'NONE', #2174, .T. ) ;
#2370 = DIRECTION ( 'NONE',  ( -0.000000000000000000, 0.000000000000000000, 1.000000000000000000 ) ) ;
#2371 = DIRECTION ( 'NONE',  ( 0.000000000000000000, 1.000000000000000000, 0.000000000000000000 ) ) ;
#2372 = AXIS2_PLACEMENT_3D ( 'NONE', #91, #5265, #1306 ) ;
#2373 = VERTEX_POINT ( 'NONE', #1887 ) ;
#2374 = DIRECTION ( 'NONE',  ( 1.000000000000000000, -0.000000000000000000, -0.000000000000000000 ) ) ;
#2375 = EDGE_CURVE ( 'NONE', #445, #2383, #1401, .T. ) ;
#2376 = DIRECTION ( 'NONE',  ( 1.000000000000000000, -0.000000000000000000, 0.000000000000000000 ) ) ;
#2377 = CARTESIAN_POINT ( 'NONE',  ( -5.000000000000000000, -22.94660307113852227, -27.00000000000000000 ) ) ;
#2378 = DATE_TIME_ROLE ( 'creation_date' ) ;
#2379 = CIRCLE ( 'NONE', #3996, 2.000000000000001776 ) ;
#2380 = EDGE_CURVE ( 'NONE', #4042, #2903, #2546, .T. ) ;
#2381 = CARTESIAN_POINT ( 'NONE',  ( 8.499999999999996447, -16.99999999999998579, -19.37171027316250616 ) ) ;
#2382 = CARTESIAN_POINT ( 'NONE',  ( -10.48586275422060332, 29.98586275422083602, -16.24927747596543526 ) ) ;
#2383 = VERTEX_POINT ( 'NONE', #2308 ) ;
#2384 = FACE_OUTER_BOUND ( 'NONE', #3505, .T. ) ;
#2385 = FACE_OUTER_BOUND ( 'NONE', #5499, .T. ) ;
#2386 = CIRCLE ( 'NONE', #2293, 2.000000000000001332 ) ;
#2387 = CARTESIAN_POINT ( 'NONE',  ( -19.46737476182815030, 36.00000000000000000, 8.108974358974363028 ) ) ;
#2388 = DIRECTION ( 'NONE',  ( 0.000000000000000000, 0.000000000000000000, -1.000000000000000000 ) ) ;
#2389 = ORIENTED_EDGE ( 'NONE', *, *, #3791, .F. ) ;
#2390 = CARTESIAN_POINT ( 'NONE',  ( 19.00000000000000355, 33.24999999999998579, 33.25000000000000000 ) ) ;
#2391 = CYLINDRICAL_SURFACE ( 'NONE', #2824, 2.250000000000001776 ) ;
#2392 = AXIS2_PLACEMENT_3D ( 'NONE', #109, #4011, #4419 ) ;
#2393 = DIRECTION ( 'NONE',  ( 0.000000000000000000, 1.000000000000000000, -0.000000000000000000 ) ) ;
#2394 = DIRECTION ( 'NONE',  ( 0.000000000000000000, 0.000000000000000000, 1.000000000000000000 ) ) ;
#2395 = DESIGN_CONTEXT ( 'detailed design', #3356, 'design' ) ;
#2396 = EDGE_LOOP ( 'NONE', ( #2714, #4372, #4189 ) ) ;
#2397 = AXIS2_PLACEMENT_3D ( 'NONE', #4577, #1138, #2865 ) ;
#2398 = AXIS2_PLACEMENT_3D ( 'NONE', #2196, #1430, #3042 ) ;
#2399 = ORIENTED_EDGE ( 'NONE', *, *, #701, .F. ) ;
#2400 = DIRECTION ( 'NONE',  ( 0.000000000000000000, -0.000000000000000000, 1.000000000000000000 ) ) ;
#2401 = DIRECTION ( 'NONE',  ( 1.000000000000000000, -0.000000000000000000, -0.000000000000000000 ) ) ;
#2402 = CARTESIAN_POINT ( 'NONE',  ( -10.50000000000000000, 22.00000000000000000, -16.24999999999999289 ) ) ;
#2403 = CARTESIAN_POINT ( 'NONE',  ( -50.40559159102153330, 33.24999999999999289, -9.249999999999998224 ) ) ;
#2404 = EDGE_CURVE ( 'NONE', #5443, #250, #819, .T. ) ;
#2405 = ORIENTED_EDGE ( 'NONE', *, *, #1063, .T. ) ;
#2406 = ORIENTED_EDGE ( 'NONE', *, *, #4406, .F. ) ;
#2407 = CIRCLE ( 'NONE', #5553, 1.000000000000001554 ) ;
#2408 = DIRECTION ( 'NONE',  ( 0.000000000000000000, 1.000000000000000000, -0.000000000000000000 ) ) ;
#2409 = EDGE_CURVE ( 'NONE', #3824, #2315, #104, .T. ) ;
#2410 = CIRCLE ( 'NONE', #1141, 2.000000000000000000 ) ;
#2411 = EDGE_CURVE ( 'NONE', #5496, #2601, #1000, .T. ) ;
#2412 = DIRECTION ( 'NONE',  ( -1.734723475976806601E-16, 0.000000000000000000, -1.000000000000000000 ) ) ;
#2413 = VERTEX_POINT ( 'NONE', #2198 ) ;
#2414 = PLANE ( 'NONE',  #675 ) ;
#2415 = EDGE_CURVE ( 'NONE', #3708, #1789, #545, .T. ) ;
#2416 = EDGE_LOOP ( 'NONE', ( #1288, #854, #4799, #3452 ) ) ;
#2417 = CARTESIAN_POINT ( 'NONE',  ( -19.99999999999999289, 27.99999999999999645, 21.75000000000000711 ) ) ;
#2418 = CARTESIAN_POINT ( 'NONE',  ( 0.000000000000000000, -19.00000000000000000, 10.50000000000000000 ) ) ;
#2419 = VERTEX_POINT ( 'NONE', #4350 ) ;
#2420 = DIRECTION ( 'NONE',  ( -0.000000000000000000, 1.000000000000000000, 0.000000000000000000 ) ) ;
#2421 = AXIS2_PLACEMENT_3D ( 'NONE', #855, #2169, #774 ) ;
#2422 = DIRECTION ( 'NONE',  ( 0.000000000000000000, 0.000000000000000000, 1.000000000000000000 ) ) ;
#2423 = EDGE_CURVE ( 'NONE', #3994, #212, #283, .T. ) ;
#2424 = CARTESIAN_POINT ( 'NONE',  ( -18.99999999999998934, 33.24999999999998579, 33.25000000000000000 ) ) ;
#2425 = EDGE_LOOP ( 'NONE', ( #1434, #3406, #2648 ) ) ;
#2426 = EDGE_LOOP ( 'NONE', ( #4647, #3005, #3939, #4371 ) ) ;
#2427 = CARTESIAN_POINT ( 'NONE',  ( 8.500000000001362466, 30.00000000000000000, -16.11909882216843570 ) ) ;
#2428 = CARTESIAN_POINT ( 'NONE',  ( -2.793185071074506684E-14, 13.06030303803299475, 8.000000000000000000 ) ) ;
#2429 = CARTESIAN_POINT ( 'NONE',  ( -10.89535810642923863, 23.28623356479706530, -14.96376643520261318 ) ) ;
#2430 = CARTESIAN_POINT ( 'NONE',  ( -19.99999999999999289, 33.24999999999999289, -10.24999999999999822 ) ) ;
#2431 = ORIENTED_EDGE ( 'NONE', *, *, #5535, .F. ) ;
#2432 = ORIENTED_EDGE ( 'NONE', *, *, #1894, .F. ) ;
#2433 = AXIS2_PLACEMENT_3D ( 'NONE', #203, #1879, #1936 ) ;
#2434 = AXIS2_PLACEMENT_3D ( 'NONE', #3653, #1569, #991 ) ;
#2435 = AXIS2_PLACEMENT_3D ( 'NONE', #3888, #2937, #5529 ) ;
#2436 = CARTESIAN_POINT ( 'NONE',  ( -5.000000000000000000, -22.94660307113852227, -27.00000000000000000 ) ) ;
#2437 = CALENDAR_DATE ( 2026, 7, 1 ) ;
#2438 = EDGE_CURVE ( 'NONE', #1689, #1093, #3443, .T. ) ;
#2439 = ADVANCED_FACE ( 'NONE', ( #3098 ), #967, .F. ) ;
#2440 = DIRECTION ( 'NONE',  ( 0.000000000000000000, 0.000000000000000000, 1.000000000000000000 ) ) ;
#2441 = DIRECTION ( 'NONE',  ( 1.321694076934710402E-16, 0.000000000000000000, 1.000000000000000000 ) ) ;
#2442 = CARTESIAN_POINT ( 'NONE',  ( 17.00000000000000000, 36.00000000000000000, -14.24999999999999467 ) ) ;
#2443 = CARTESIAN_POINT ( 'NONE',  ( -19.99999999999999289, 30.00000000000000000, -11.24999999999999645 ) ) ;
#2444 = ORIENTED_EDGE ( 'NONE', *, *, #972, .T. ) ;
#2445 = EDGE_CURVE ( 'NONE', #1193, #1982, #2099, .T. ) ;
#2446 = CARTESIAN_POINT ( 'NONE',  ( 8.499999999999996447, 17.00000000000000711, -21.37171027316250971 ) ) ;
#2447 = DIRECTION ( 'NONE',  ( -1.000000000000000000, -0.000000000000000000, 1.321694076934710402E-16 ) ) ;
#2448 = ORIENTED_EDGE ( 'NONE', *, *, #14, .T. ) ;
#2449 = LINE ( 'NONE', #4525, #5546 ) ;
#2450 = PLANE ( 'NONE',  #5257 ) ;
#2451 = LINE ( 'NONE', #1091, #3032 ) ;
#2452 = ORIENTED_EDGE ( 'NONE', *, *, #4126, .F. ) ;
#2453 = ADVANCED_FACE ( 'NONE', ( #485 ), #4410, .T. ) ;
#2454 = VERTEX_POINT ( 'NONE', #2225 ) ;
#2455 = CARTESIAN_POINT ( 'NONE',  ( 17.00000000000000355, 36.00000000000000000, 19.75000000000000711 ) ) ;
#2456 = LINE ( 'NONE', #4201, #3738 ) ;
#2457 = CYLINDRICAL_SURFACE ( 'NONE', #1704, 1.000000000000001554 ) ;
#2458 = ORIENTED_EDGE ( 'NONE', *, *, #3893, .F. ) ;
#2459 = CARTESIAN_POINT ( 'NONE',  ( 19.00000000000000711, 33.24999999999998579, 34.25000000000000000 ) ) ;
#2460 = AXIS2_PLACEMENT_3D ( 'NONE', #456, #3181, #3073 ) ;
#2461 = AXIS2_PLACEMENT_3D ( 'NONE', #4584, #370, #2900 ) ;
#2462 = CARTESIAN_POINT ( 'NONE',  ( -2.767467488292412556E-14, 20.99999999999999645, 5.899999999999999467 ) ) ;
#2463 = PERSON_AND_ORGANIZATION_ROLE ( 'classification_officer' ) ;
#2464 = ORIENTED_EDGE ( 'NONE', *, *, #1446, .F. ) ;
#2465 = AXIS2_PLACEMENT_3D ( 'NONE', #4019, #1335, #4405 ) ;
#2466 = CARTESIAN_POINT ( 'NONE',  ( 20.00000000000000711, 27.99999999999999645, 6.750000000000006217 ) ) ;
#2467 = AXIS2_PLACEMENT_3D ( 'NONE', #3468, #5588, #1292 ) ;
#2468 = CARTESIAN_POINT ( 'NONE',  ( -12.50000000000000355, 32.00000000000000711, -14.24999999999999289 ) ) ;
#2469 = CARTESIAN_POINT ( 'NONE',  ( -10.50000000000000000, -19.00000000000000000, -1.928818708657081344E-15 ) ) ;
#2470 = VERTEX_POINT ( 'NONE', #941 ) ;
#2471 = EDGE_CURVE ( 'NONE', #1717, #549, #1372, .T. ) ;
#2472 = AXIS2_PLACEMENT_3D ( 'NONE', #1351, #465, #5144 ) ;
#2473 = CARTESIAN_POINT ( 'NONE',  ( -7.760869565217389798, 53.62056430719963629, -19.51330068419186148 ) ) ;
#2474 = CYLINDRICAL_SURFACE ( 'NONE', #4373, 2.000000000000001776 ) ;
#2475 = ORIENTED_EDGE ( 'NONE', *, *, #4133, .T. ) ;
#2476 = CARTESIAN_POINT ( 'NONE',  ( -19.96067176528663367, 34.43895903936704883, 33.92404585351596324 ) ) ;
#2477 = DIRECTION ( 'NONE',  ( 0.000000000000000000, 0.000000000000000000, 1.000000000000000000 ) ) ;
#2478 = CARTESIAN_POINT ( 'NONE',  ( 12.50000000000000000, 26.00000000000000355, -14.25000000000000000 ) ) ;
#2479 = EDGE_CURVE ( 'NONE', #5152, #1789, #2674, .T. ) ;
#2480 = EDGE_LOOP ( 'NONE', ( #529, #73, #4823, #888, #3064, #1871 ) ) ;
#2481 = AXIS2_PLACEMENT_3D ( 'NONE', #2061, #1151, #4176 ) ;
#2482 = AXIS2_PLACEMENT_3D ( 'NONE', #596, #1517, #4132 ) ;
#2483 = VERTEX_POINT ( 'NONE', #1830 ) ;
#2484 = CARTESIAN_POINT ( 'NONE',  ( 7.760869565217389798, 17.00000000000002132, -19.51330068419186148 ) ) ;
#2485 = CARTESIAN_POINT ( 'NONE',  ( -5.000000000000000000, -20.99999999999999645, -23.00000000000000000 ) ) ;
#2486 = CARTESIAN_POINT ( 'NONE',  ( 18.00000000000001421, 36.00000000000000000, 7.180703308172537547 ) ) ;
#2487 = EDGE_CURVE ( 'NONE', #3274, #1785, #2368, .T. ) ;
#2488 = ORIENTED_EDGE ( 'NONE', *, *, #3337, .T. ) ;
#2489 = FACE_OUTER_BOUND ( 'NONE', #3017, .T. ) ;
#2490 = FACE_OUTER_BOUND ( 'NONE', #4221, .T. ) ;
#2491 = VECTOR ( 'NONE', #4557, 1000.000000000000000 ) ;
#2492 = CARTESIAN_POINT ( 'NONE',  ( 18.00000000000001421, 44.00000000000000000, 3.469446951953614189E-15 ) ) ;
#2493 = AXIS2_PLACEMENT_3D ( 'NONE', #2133, #1683, #316 ) ;
#2494 = CARTESIAN_POINT ( 'NONE',  ( -12.50000000000000533, 32.00000000000000711, -14.24999999999999289 ) ) ;
#2495 = CARTESIAN_POINT ( 'NONE',  ( 19.40987863616340903, 35.41853524146917920, -7.400037579088317052 ) ) ;
#2496 = VERTEX_POINT ( 'NONE', #1944 ) ;
#2497 = CARTESIAN_POINT ( 'NONE',  ( -19.97018051673946815, 33.05578394628254557, -5.749999999999981348 ) ) ;
#2498 = DIRECTION ( 'NONE',  ( 0.000000000000000000, 0.000000000000000000, 1.000000000000000000 ) ) ;
#2499 = ORIENTED_EDGE ( 'NONE', *, *, #1053, .T. ) ;
#2500 = CARTESIAN_POINT ( 'NONE',  ( -10.50000000000000000, 19.00000000000000355, -17.90760865802475621 ) ) ;
#2501 = CARTESIAN_POINT ( 'NONE',  ( -17.99999999999999645, 26.00000000000000355, -12.24999999999999467 ) ) ;
#2502 = DIRECTION ( 'NONE',  ( 0.000000000000000000, -0.000000000000000000, 1.000000000000000000 ) ) ;
#2503 = ORIENTED_EDGE ( 'NONE', *, *, #2692, .F. ) ;
#2504 = CIRCLE ( 'NONE', #3138, 4.000000000000000000 ) ;
#2505 = ADVANCED_FACE ( 'NONE', ( #1489 ), #3087, .F. ) ;
#2506 = ADVANCED_FACE ( 'NONE', ( #209 ), #1565, .F. ) ;
#2507 = ORIENTED_EDGE ( 'NONE', *, *, #4975, .T. ) ;
#2508 = CARTESIAN_POINT ( 'NONE',  ( 9.319569496516153961, 30.40978474825798727, -15.03002041708999137 ) ) ;
#2509 = DIRECTION ( 'NONE',  ( -1.321694076934710402E-16, 0.000000000000000000, -1.000000000000000000 ) ) ;
#2510 = CARTESIAN_POINT ( 'NONE',  ( 18.97266510870489853, 36.00000000000000711, 7.545767261196549391 ) ) ;
#2511 = LINE ( 'NONE', #1745, #3599 ) ;
#2512 = VERTEX_POINT ( 'NONE', #4497 ) ;
#2513 = AXIS2_PLACEMENT_3D ( 'NONE', #893, #3897, #2547 ) ;
#2514 = CARTESIAN_POINT ( 'NONE',  ( 10.15685424949238502, 30.82842712474619518, -14.24999999999999645 ) ) ;
#2515 = EDGE_CURVE ( 'NONE', #1734, #4895, #2185, .T. ) ;
#2516 = CIRCLE ( 'NONE', #74, 2.250000000000001776 ) ;
#2517 = LINE ( 'NONE', #5481, #4862 ) ;
#2518 = VERTEX_POINT ( 'NONE', #3631 ) ;
#2519 = AXIS2_PLACEMENT_3D ( 'NONE', #1731, #1273, #958 ) ;
#2520 = AXIS2_PLACEMENT_3D ( 'NONE', #2712, #1469, #952 ) ;
#2521 = ADVANCED_FACE ( 'NONE', ( #1088, #4933 ), #2450, .F. ) ;
#2522 = FACE_OUTER_BOUND ( 'NONE', #2571, .T. ) ;
#2523 = AXIS2_PLACEMENT_3D ( 'NONE', #3898, #4744, #3930 ) ;
#2524 = CARTESIAN_POINT ( 'NONE',  ( -10.47530033528174620, 29.97530033528225957, -15.59898187506157008 ) ) ;
#2525 = DIRECTION ( 'NONE',  ( 0.000000000000000000, 0.000000000000000000, -1.000000000000000000 ) ) ;
#2526 = VERTEX_POINT ( 'NONE', #600 ) ;
#2527 = LINE ( 'NONE', #315, #4724 ) ;
#2528 = CARTESIAN_POINT ( 'NONE',  ( 8.499999999999996447, -17.00000000000000000, -21.37171027316250971 ) ) ;
#2529 = ORIENTED_EDGE ( 'NONE', *, *, #4194, .F. ) ;
#2530 = CARTESIAN_POINT ( 'NONE',  ( -19.99999999999999645, 34.22791642919994359, 29.95926028275592401 ) ) ;
#2531 = CARTESIAN_POINT ( 'NONE',  ( 0.000000000000000000, -17.00000000000000000, 0.000000000000000000 ) ) ;
#2532 = CARTESIAN_POINT ( 'NONE',  ( 19.64526628615372772, 35.53180188218973967, 7.916893079872465933 ) ) ;
#2533 = ORIENTED_EDGE ( 'NONE', *, *, #3336, .T. ) ;
#2534 = ORIENTED_EDGE ( 'NONE', *, *, #4161, .F. ) ;
#2535 = LINE ( 'NONE', #3379, #3946 ) ;
#2536 = PLANE ( 'NONE',  #5073 ) ;
#2537 = CARTESIAN_POINT ( 'NONE',  ( -2.793185071074506684E-14, -19.00000000000000000, 8.000000000000000000 ) ) ;
#2538 = DIRECTION ( 'NONE',  ( 0.000000000000000000, 0.000000000000000000, 1.000000000000000000 ) ) ;
#2539 = ORIENTED_EDGE ( 'NONE', *, *, #1231, .T. ) ;
#2540 = CARTESIAN_POINT ( 'NONE',  ( -8.000000000000000000, -23.00000000000000000, -5.586370142149013368E-14 ) ) ;
#2541 = ADVANCED_FACE ( 'NONE', ( #4526 ), #1030, .F. ) ;
#2542 = LINE ( 'NONE', #2625, #4994 ) ;
#2543 = DIRECTION ( 'NONE',  ( -1.000000000000000000, 0.000000000000000000, 1.734723475976806848E-16 ) ) ;
#2544 = EDGE_LOOP ( 'NONE', ( #3404, #1519, #1545, #165 ) ) ;
#2545 = EDGE_CURVE ( 'NONE', #1789, #4719, #4735, .T. ) ;
#2546 = CIRCLE ( 'NONE', #3722, 2.000000000000001776 ) ;
#2547 = DIRECTION ( 'NONE',  ( 0.000000000000000000, 0.000000000000000000, 1.000000000000000000 ) ) ;
#2548 = CARTESIAN_POINT ( 'NONE',  ( 18.00000000000001066, 36.00000000000000000, -14.24999999999999467 ) ) ;
#2549 = AXIS2_PLACEMENT_3D ( 'NONE', #3269, #1059, #5467 ) ;
#2550 = VERTEX_POINT ( 'NONE', #2334 ) ;
#2551 = EDGE_CURVE ( 'NONE', #4042, #2470, #2845, .T. ) ;
#2552 = CARTESIAN_POINT ( 'NONE',  ( -10.45378908070391333, -22.66857957693273562, -26.10938926361830426 ) ) ;
#2553 = FACE_OUTER_BOUND ( 'NONE', #4963, .T. ) ;
#2554 = ORIENTED_EDGE ( 'NONE', *, *, #5136, .T. ) ;
#2555 = CARTESIAN_POINT ( 'NONE',  ( 17.00000000000000000, 30.00000000000000000, -14.24999999999999467 ) ) ;
#2556 = CARTESIAN_POINT ( 'NONE',  ( -50.40559159102153330, 30.00000000000000000, 19.75000000000000355 ) ) ;
#2557 = CYLINDRICAL_SURFACE ( 'NONE', #1504, 5.000000000000000000 ) ;
#2558 = AXIS2_PLACEMENT_3D ( 'NONE', #494, #2232, #810 ) ;
#2559 = ORIENTED_EDGE ( 'NONE', *, *, #1416, .T. ) ;
#2560 = ORIENTED_EDGE ( 'NONE', *, *, #3246, .F. ) ;
#2561 = CARTESIAN_POINT ( 'NONE',  ( 11.06223717406738416, 30.56223717406680151, -14.76306017721810626 ) ) ;
#2562 = DIRECTION ( 'NONE',  ( -3.469446951953614189E-15, 0.000000000000000000, 1.000000000000000000 ) ) ;
#2563 = DIRECTION ( 'NONE',  ( -0.000000000000000000, -1.000000000000000000, -0.000000000000000000 ) ) ;
#2564 = DIRECTION ( 'NONE',  ( 0.000000000000000000, 1.000000000000000000, 0.000000000000000000 ) ) ;
#2565 = ORIENTED_EDGE ( 'NONE', *, *, #3164, .F. ) ;
#2566 = DIRECTION ( 'NONE',  ( -1.000000000000000000, 0.000000000000000000, 0.000000000000000000 ) ) ;
#2567 = CIRCLE ( 'NONE', #2208, 2.000000000000000000 ) ;
#2568 = FACE_OUTER_BOUND ( 'NONE', #1035, .T. ) ;
#2569 = ADVANCED_FACE ( 'NONE', ( #294 ), #2391, .F. ) ;
#2570 = DIRECTION ( 'NONE',  ( -1.000000000000000000, 0.000000000000000000, 1.734723475976807094E-15 ) ) ;
#2571 = EDGE_LOOP ( 'NONE', ( #2820, #2811, #2432, #2947 ) ) ;
#2572 = TOROIDAL_SURFACE ( 'NONE', #131, 19.00000000000000355, 2.000000000000000000 ) ;
#2573 = CARTESIAN_POINT ( 'NONE',  ( 10.49999999999999645, 18.16421733798901883, -20.11074382028988694 ) ) ;
#2574 = ADVANCED_FACE ( 'NONE', ( #5415, #1974 ), #3694, .F. ) ;
#2575 = EDGE_CURVE ( 'NONE', #3053, #1419, #1913, .T. ) ;
#2576 = CARTESIAN_POINT ( 'NONE',  ( 20.00000000000000711, 26.00000000000000355, 38.24999999999999289 ) ) ;
#2577 = ORIENTED_EDGE ( 'NONE', *, *, #1096, .T. ) ;
#2578 = CIRCLE ( 'NONE', #3667, 4.000000000000000000 ) ;
#2579 = DIRECTION ( 'NONE',  ( 0.000000000000000000, -0.000000000000000000, -1.000000000000000000 ) ) ;
#2580 = EDGE_CURVE ( 'NONE', #624, #3053, #3811, .T. ) ;
#2581 = CARTESIAN_POINT ( 'NONE',  ( 20.00000000000000711, 30.00000000000000000, 6.750000000000006217 ) ) ;
#2582 = ORIENTED_EDGE ( 'NONE', *, *, #2204, .F. ) ;
#2583 = CARTESIAN_POINT ( 'NONE',  ( 19.92034532728714780, 33.24999999999999289, -5.749999999999993783 ) ) ;
#2584 = DIRECTION ( 'NONE',  ( 0.000000000000000000, 0.000000000000000000, 1.000000000000000000 ) ) ;
#2585 = PLANE ( 'NONE',  #4113 ) ;
#2586 = ORIENTED_EDGE ( 'NONE', *, *, #1014, .F. ) ;
#2587 = ADVANCED_FACE ( 'NONE', ( #4556 ), #2001, .T. ) ;
#2588 = ORIENTED_EDGE ( 'NONE', *, *, #851, .F. ) ;
#2589 = CARTESIAN_POINT ( 'NONE',  ( 11.61369758794382889, 30.22739517588719949, -14.45233407885286780 ) ) ;
#2590 = CARTESIAN_POINT ( 'NONE',  ( -8.000000000000000000, 25.00000000000000000, -5.586370142149013368E-14 ) ) ;
#2591 = CARTESIAN_POINT ( 'NONE',  ( -11.49769865083152531, 25.47132639493655049, -14.51433680253188285 ) ) ;
#2592 = DIRECTION ( 'NONE',  ( -1.000000000000000000, 0.000000000000000000, 0.000000000000000000 ) ) ;
#2593 = ORIENTED_EDGE ( 'NONE', *, *, #198, .F. ) ;
#2594 = VERTEX_POINT ( 'NONE', #632 ) ;
#2595 = ORIENTED_EDGE ( 'NONE', *, *, #130, .F. ) ;
#2596 = CYLINDRICAL_SURFACE ( 'NONE', #5444, 1.249999999999997558 ) ;
#2597 = CARTESIAN_POINT ( 'NONE',  ( 10.50000000000000000, -18.99999999999997513, -21.37171027316250971 ) ) ;
#2598 = EDGE_LOOP ( 'NONE', ( #5544, #2444 ) ) ;
#2599 = DIRECTION ( 'NONE',  ( 0.000000000000000000, 0.000000000000000000, 1.000000000000000000 ) ) ;
#2600 = CARTESIAN_POINT ( 'NONE',  ( 17.00000000000000000, 33.24999999999999289, -6.749999999999995559 ) ) ;
#2601 = VERTEX_POINT ( 'NONE', #691 ) ;
#2602 = TOROIDAL_SURFACE ( 'NONE', #4045, 12.75000000000000000, 2.000000000000000000 ) ;
#2603 = EDGE_CURVE ( 'NONE', #1391, #1413, #1536, .T. ) ;
#2604 = CIRCLE ( 'NONE', #1706, 28.99999999999999645 ) ;
#2605 = DIRECTION ( 'NONE',  ( 1.000000000000000000, 0.000000000000000000, -0.000000000000000000 ) ) ;
#2606 = CYLINDRICAL_SURFACE ( 'NONE', #4677, 1.249999999999997558 ) ;
#2607 = ORIENTED_EDGE ( 'NONE', *, *, #851, .T. ) ;
#2608 = CARTESIAN_POINT ( 'NONE',  ( -17.99999999999999645, 30.00000000000000000, 19.75000000000000355 ) ) ;
#2609 = FACE_OUTER_BOUND ( 'NONE', #1841, .T. ) ;
#2610 = AXIS2_PLACEMENT_3D ( 'NONE', #4820, #602, #2765 ) ;
#2611 =( BOUNDED_CURVE ( )  B_SPLINE_CURVE ( 3, ( #1492, #5442, #3271, #3214 ),
 .UNSPECIFIED., .F., .F. ) 
 B_SPLINE_CURVE_WITH_KNOTS ( ( 4, 4 ),
 ( 1.570796326794896558, 3.141592653589793116 ),
 .UNSPECIFIED. ) 
 CURVE ( )  GEOMETRIC_REPRESENTATION_ITEM ( )  RATIONAL_B_SPLINE_CURVE ( ( 1.000000000000000000, 0.8047378541243649375, 0.8047378541243649375, 1.000000000000000000 ) ) 
 REPRESENTATION_ITEM ( '' )  );
#2612 = DIRECTION ( 'NONE',  ( 0.000000000000000000, 0.000000000000000000, 1.000000000000000000 ) ) ;
#2613 = AXIS2_PLACEMENT_3D ( 'NONE', #4124, #3557, #4915 ) ;
#2614 = VERTEX_POINT ( 'NONE', #768 ) ;
#2615 = EDGE_CURVE ( 'NONE', #445, #509, #4615, .T. ) ;
#2616 = VERTEX_POINT ( 'NONE', #1253 ) ;
#2617 = CARTESIAN_POINT ( 'NONE',  ( -10.50000000000000000, 28.00000000000000355, -15.07842712474618274 ) ) ;
#2618 = DIRECTION ( 'NONE',  ( 0.000000000000000000, -0.000000000000000000, 1.000000000000000000 ) ) ;
#2619 = CARTESIAN_POINT ( 'NONE',  ( -11.84898187506182587, 24.02469966471819518, -14.22530033528180304 ) ) ;
#2620 = CARTESIAN_POINT ( 'NONE',  ( 19.00000000000000355, 33.24999999999998579, 32.00000000000000000 ) ) ;
#2621 = ORIENTED_EDGE ( 'NONE', *, *, #395, .T. ) ;
#2622 = ORIENTED_EDGE ( 'NONE', *, *, #3094, .T. ) ;
#2623 = EDGE_CURVE ( 'NONE', #1891, #2483, #4334, .T. ) ;
#2624 = VERTEX_POINT ( 'NONE', #4219 ) ;
#2625 = CARTESIAN_POINT ( 'NONE',  ( -8.000000000000000000, 13.06030303803299475, -2.100000000000055600 ) ) ;
#2626 = DIRECTION ( 'NONE',  ( -0.000000000000000000, -1.000000000000000000, -0.000000000000000000 ) ) ;
#2627 = DIRECTION ( 'NONE',  ( 0.000000000000000000, 0.000000000000000000, 1.000000000000000000 ) ) ;
#2628 = ORIENTED_EDGE ( 'NONE', *, *, #5480, .T. ) ;
#2629 = DIRECTION ( 'NONE',  ( 1.000000000000000000, -0.000000000000000000, -0.000000000000000000 ) ) ;
#2630 = DIRECTION ( 'NONE',  ( 0.000000000000000000, 0.000000000000000000, 1.000000000000000000 ) ) ;
#2631 = ORIENTED_EDGE ( 'NONE', *, *, #362, .F. ) ;
#2632 = CYLINDRICAL_SURFACE ( 'NONE', #4222, 1.000000000000001554 ) ;
#2633 = VECTOR ( 'NONE', #2084, 1000.000000000000000 ) ;
#2634 = DIRECTION ( 'NONE',  ( 0.000000000000000000, -1.000000000000000000, 0.000000000000000000 ) ) ;
#2635 = ORIENTED_EDGE ( 'NONE', *, *, #4170, .F. ) ;
#2636 = DIRECTION ( 'NONE',  ( 0.000000000000000000, 1.000000000000000000, -0.000000000000000000 ) ) ;
#2637 = CARTESIAN_POINT ( 'NONE',  ( 19.33443949608637524, 35.48998630991812320, 32.24304130553236547 ) ) ;
#2638 = EDGE_CURVE ( 'NONE', #515, #2256, #347, .T. ) ;
#2639 = ORIENTED_EDGE ( 'NONE', *, *, #3137, .T. ) ;
#2640 = EDGE_LOOP ( 'NONE', ( #2701, #5069, #1123, #2134 ) ) ;
#2641 = CARTESIAN_POINT ( 'NONE',  ( -19.99999999999998579, 29.17157287525380838, 7.921572875253815482 ) ) ;
#2643 = CARTESIAN_POINT ( 'NONE',  ( 18.00000000000001421, 44.00000000000000000, 3.469446951953614189E-15 ) ) ;
#2642 = PRODUCT_DEFINITION_FORMATION_WITH_SPECIFIED_SOURCE ( 'ANY', '', #1438, .NOT_KNOWN. ) ;
#2644 = ADVANCED_FACE ( 'NONE', ( #1686 ), #3346, .T. ) ;
#2645 = CARTESIAN_POINT ( 'NONE',  ( -12.22134626878340313, 24.09219202287215822, -14.15780797712735684 ) ) ;
#2646 = DIRECTION ( 'NONE',  ( 0.000000000000000000, -0.000000000000000000, -1.000000000000000000 ) ) ;
#2647 = ORIENTED_EDGE ( 'NONE', *, *, #1597, .F. ) ;
#2648 = ORIENTED_EDGE ( 'NONE', *, *, #4394, .F. ) ;
#2649 = ORIENTED_EDGE ( 'NONE', *, *, #5508, .F. ) ;
#2650 = DIRECTION ( 'NONE',  ( -0.000000000000000000, 1.000000000000000000, -0.000000000000000000 ) ) ;
#2651 = EDGE_CURVE ( 'NONE', #2963, #772, #3801, .T. ) ;
#2652 = CARTESIAN_POINT ( 'NONE',  ( 10.90978474838899714, 24.43995916621223685, -15.03002041689391888 ) ) ;
#2653 = CARTESIAN_POINT ( 'NONE',  ( 18.00000000000001066, 24.00000000000000000, 0.000000000000000000 ) ) ;
#2654 = CIRCLE ( 'NONE', #1211, 4.000000000000000000 ) ;
#2655 = ORIENTED_EDGE ( 'NONE', *, *, #1870, .F. ) ;
#2656 = CIRCLE ( 'NONE', #1212, 1.000000000000001332 ) ;
#2657 = DIRECTION ( 'NONE',  ( -0.000000000000000000, -1.000000000000000000, 0.000000000000000000 ) ) ;
#2658 = AXIS2_PLACEMENT_3D ( 'NONE', #4869, #3626, #1997 ) ;
#2659 = DIRECTION ( 'NONE',  ( 0.000000000000000000, 0.000000000000000000, 1.000000000000000000 ) ) ;
#2660 = ORIENTED_EDGE ( 'NONE', *, *, #1923, .T. ) ;
#2661 = ORIENTED_EDGE ( 'NONE', *, *, #1594, .T. ) ;
#2662 = CIRCLE ( 'NONE', #936, 26.99999999999999645 ) ;
#2663 = CARTESIAN_POINT ( 'NONE',  ( 19.00000000000000355, 33.24999999999999289, -7.999999999999996447 ) ) ;
#2664 = CARTESIAN_POINT ( 'NONE',  ( -19.32105235456972281, 35.50180926624432942, -8.113238538678508860 ) ) ;
#2665 = ORIENTED_EDGE ( 'NONE', *, *, #2164, .F. ) ;
#2666 = CARTESIAN_POINT ( 'NONE',  ( 19.54720086659466460, 34.18046904762734073, -5.948074576060149887 ) ) ;
#2667 = DIRECTION ( 'NONE',  ( 0.000000000000000000, 1.000000000000000000, -0.000000000000000000 ) ) ;
#2668 = AXIS2_PLACEMENT_3D ( 'NONE', #3621, #5348, #3735 ) ;
#2669 = ORIENTED_EDGE ( 'NONE', *, *, #384, .T. ) ;
#2670 = AXIS2_PLACEMENT_3D ( 'NONE', #3577, #5304, #3154 ) ;
#2671 = ORIENTED_EDGE ( 'NONE', *, *, #2241, .T. ) ;
#2672 = CARTESIAN_POINT ( 'NONE',  ( 0.000000000000000000, 19.00000000000000000, 0.000000000000000000 ) ) ;
#2673 = AXIS2_PLACEMENT_3D ( 'NONE', #3600, #2330, #2842 ) ;
#2674 = LINE ( 'NONE', #3969, #4800 ) ;
#2675 = DIRECTION ( 'NONE',  ( 0.000000000000000000, 1.000000000000000000, -0.000000000000000000 ) ) ;
#2676 = CARTESIAN_POINT ( 'NONE',  ( -19.99999999999999289, 27.99999999999999645, 21.75000000000000711 ) ) ;
#2677 = ORIENTED_EDGE ( 'NONE', *, *, #2072, .T. ) ;
#2678 = ORIENTED_EDGE ( 'NONE', *, *, #2681, .F. ) ;
#2679 = EDGE_LOOP ( 'NONE', ( #2331, #659, #2503, #5187 ) ) ;
#2680 = EDGE_CURVE ( 'NONE', #4870, #2180, #1711, .T. ) ;
#2681 = EDGE_CURVE ( 'NONE', #4996, #4870, #2275, .T. ) ;
#2682 = DIRECTION ( 'NONE',  ( -0.000000000000000000, -1.000000000000000000, 0.000000000000000000 ) ) ;
#2683 = LINE ( 'NONE', #2738, #3332 ) ;
#2684 = ORIENTED_EDGE ( 'NONE', *, *, #1740, .F. ) ;
#2685 = VERTEX_POINT ( 'NONE', #2053 ) ;
#2686 = EDGE_CURVE ( 'NONE', #461, #4569, #739, .T. ) ;
#2687 = VECTOR ( 'NONE', #4534, 1000.000000000000000 ) ;
#2688 = DIRECTION ( 'NONE',  ( -0.000000000000000000, -1.000000000000000000, -0.000000000000000000 ) ) ;
#2689 = DIRECTION ( 'NONE',  ( -1.000000000000000000, 0.000000000000000000, 0.000000000000000000 ) ) ;
#2690 = CARTESIAN_POINT ( 'NONE',  ( 18.00000000000001066, 26.00000000000000355, 36.24999999999999289 ) ) ;
#2691 = ORIENTED_EDGE ( 'NONE', *, *, #1330, .F. ) ;
#2692 = EDGE_CURVE ( 'NONE', #3504, #2614, #2901, .T. ) ;
#2693 = CARTESIAN_POINT ( 'NONE',  ( -50.40559159102153330, 30.00000000000000000, 8.750000000000003553 ) ) ;
#2694 = CARTESIAN_POINT ( 'NONE',  ( -19.93633331668271325, 34.51622569416869624, -9.865406458816451618 ) ) ;
#2695 = EDGE_LOOP ( 'NONE', ( #1465, #5189, #5594, #3550 ) ) ;
#2696 = CARTESIAN_POINT ( 'NONE',  ( 8.379555213223520053E-14, 13.06030303803299475, -7.999999999999998224 ) ) ;
#2697 = CARTESIAN_POINT ( 'NONE',  ( 19.32261823644864762, 35.50022702376676165, 31.88498764061357349 ) ) ;
#2698 = EDGE_LOOP ( 'NONE', ( #137, #1239, #4271, #1080, #369 ) ) ;
#2699 = VECTOR ( 'NONE', #501, 1000.000000000000000 ) ;
#2700 = AXIS2_PLACEMENT_3D ( 'NONE', #3340, #5228, #2627 ) ;
#2701 = ORIENTED_EDGE ( 'NONE', *, *, #4394, .T. ) ;
#2702 = CARTESIAN_POINT ( 'NONE',  ( 19.77812018762712754, 34.94225071313948661, -9.508221142115850455 ) ) ;
#2703 = VECTOR ( 'NONE', #1541, 1000.000000000000000 ) ;
#2704 = DIRECTION ( 'NONE',  ( 1.000000000000000000, -0.000000000000000000, -0.000000000000000000 ) ) ;
#2705 = CARTESIAN_POINT ( 'NONE',  ( 9.129629629629629761, -20.99999999999999645, -27.52544028395892184 ) ) ;
#2706 = LINE ( 'NONE', #541, #856 ) ;
#2707 = ORIENTED_EDGE ( 'NONE', *, *, #2248, .F. ) ;
#2708 = ORIENTED_EDGE ( 'NONE', *, *, #3101, .F. ) ;
#2709 = ORIENTED_EDGE ( 'NONE', *, *, #5284, .T. ) ;
#2710 = ORIENTED_EDGE ( 'NONE', *, *, #2409, .T. ) ;
#2711 = CARTESIAN_POINT ( 'NONE',  ( 12.50000000000000000, 23.99999999999999645, -14.25000000000000000 ) ) ;
#2712 = CARTESIAN_POINT ( 'NONE',  ( 8.499999999999996447, -16.80502757993630780, -25.62713405747899031 ) ) ;
#2713 = ADVANCED_FACE ( 'NONE', ( #3772 ), #3879, .F. ) ;
#2714 = ORIENTED_EDGE ( 'NONE', *, *, #3993, .T. ) ;
#2715 = CARTESIAN_POINT ( 'NONE',  ( 7.021739130434778708, 16.99999999999999289, -17.65489109522120614 ) ) ;
#2716 = DIRECTION ( 'NONE',  ( 0.000000000000000000, 0.000000000000000000, -1.000000000000000000 ) ) ;
#2717 = ADVANCED_FACE ( 'NONE', ( #5154, #2136 ), #1174, .F. ) ;
#2718 = DIRECTION ( 'NONE',  ( 0.000000000000000000, 0.000000000000000000, -1.000000000000000000 ) ) ;
#2719 = CARTESIAN_POINT ( 'NONE',  ( 18.00000000000001066, 26.00000000000000355, 38.24999999999999289 ) ) ;
#2720 = ORIENTED_EDGE ( 'NONE', *, *, #4317, .T. ) ;
#2721 = DIRECTION ( 'NONE',  ( -0.000000000000000000, 1.000000000000000000, -0.000000000000000000 ) ) ;
#2722 = CARTESIAN_POINT ( 'NONE',  ( 8.499999999999998224, 30.00000000000000000, -25.62713405747899387 ) ) ;
#2723 = EDGE_CURVE ( 'NONE', #5046, #5054, #5071, .T. ) ;
#2724 = ORIENTED_EDGE ( 'NONE', *, *, #781, .T. ) ;
#2725 = AXIS2_PLACEMENT_3D ( 'NONE', #3519, #3152, #4872 ) ;
#2726 = DIRECTION ( 'NONE',  ( 0.000000000000000000, 0.000000000000000000, 1.000000000000000000 ) ) ;
#2727 = CIRCLE ( 'NONE', #5524, 5.000000000000000000 ) ;
#2728 = ORIENTED_EDGE ( 'NONE', *, *, #1755, .T. ) ;
#2729 = LINE ( 'NONE', #4816, #4828 ) ;
#2730 = FACE_OUTER_BOUND ( 'NONE', #2039, .T. ) ;
#2731 = DIRECTION ( 'NONE',  ( 1.000000000000000000, -0.000000000000000000, -1.734723475976806848E-16 ) ) ;
#2732 = AXIS2_PLACEMENT_3D ( 'NONE', #744, #3007, #5599 ) ;
#2733 = CARTESIAN_POINT ( 'NONE',  ( 17.00000000000000000, 30.00000000000000000, 19.75000000000000355 ) ) ;
#2734 = EDGE_LOOP ( 'NONE', ( #3041, #3809, #638, #2837 ) ) ;
#2735 = ORIENTED_EDGE ( 'NONE', *, *, #3157, .F. ) ;
#2736 = EDGE_LOOP ( 'NONE', ( #1187, #45, #2475, #448 ) ) ;
#2737 = PLANE ( 'NONE',  #4448 ) ;
#2738 = CARTESIAN_POINT ( 'NONE',  ( -10.50000000000000000, -23.00000000000000000, -0.000000000000000000 ) ) ;
#2739 = ORIENTED_EDGE ( 'NONE', *, *, #3347, .T. ) ;
#2740 = EDGE_LOOP ( 'NONE', ( #4300, #3596, #5413, #3462 ) ) ;
#2741 = AXIS2_PLACEMENT_3D ( 'NONE', #3922, #889, #2121 ) ;
#2742 = EDGE_CURVE ( 'NONE', #3358, #793, #3399, .T. ) ;
#2743 = DIRECTION ( 'NONE',  ( 0.000000000000000000, 0.000000000000000000, 1.000000000000000000 ) ) ;
#2744 = CARTESIAN_POINT ( 'NONE',  ( 8.000000000000000000, -19.00000000000000000, -1.000000000000001554 ) ) ;
#2745 = DIRECTION ( 'NONE',  ( 1.000000000000000000, 0.000000000000000000, 0.000000000000000000 ) ) ;
#2746 = CIRCLE ( 'NONE', #3464, 10.50000000000000000 ) ;
#2747 = EDGE_CURVE ( 'NONE', #1005, #1368, #2927, .T. ) ;
#2748 = EDGE_CURVE ( 'NONE', #365, #2454, #5101, .T. ) ;
#2749 = VECTOR ( 'NONE', #566, 1000.000000000000000 ) ;
#2750 = CYLINDRICAL_SURFACE ( 'NONE', #947, 1.999999999999998224 ) ;
#2751 = CARTESIAN_POINT ( 'NONE',  ( -19.99999999999999289, 33.99999999999999289, 21.75000000000000711 ) ) ;
#2752 = ORIENTED_EDGE ( 'NONE', *, *, #2868, .F. ) ;
#2753 = CARTESIAN_POINT ( 'NONE',  ( 0.000000000000000000, -20.99999999999999645, 0.000000000000000000 ) ) ;
#2754 = CARTESIAN_POINT ( 'NONE',  ( -2.793185071074506684E-14, 20.99999999999999645, 8.000000000000000000 ) ) ;
#2755 = AXIS2_PLACEMENT_3D ( 'NONE', #3692, #1460, #4053 ) ;
#2756 = AXIS2_PLACEMENT_3D ( 'NONE', #3224, #4977, #4881 ) ;
#2757 = ORIENTED_EDGE ( 'NONE', *, *, #3682, .F. ) ;
#2758 = EDGE_CURVE ( 'NONE', #3370, #2616, #1011, .T. ) ;
#2759 = DIRECTION ( 'NONE',  ( 0.000000000000000000, 0.000000000000000000, 1.000000000000000000 ) ) ;
#2760 = LINE ( 'NONE', #1458, #763 ) ;
#2761 = EDGE_LOOP ( 'NONE', ( #3675, #5018, #5076, #555 ) ) ;
#2762 = DIRECTION ( 'NONE',  ( -0.000000000000000000, -1.000000000000000000, 0.000000000000000000 ) ) ;
#2763 = DIRECTION ( 'NONE',  ( 1.000000000000000000, -0.000000000000000000, -0.000000000000000000 ) ) ;
#2764 = CARTESIAN_POINT ( 'NONE',  ( 17.00000000000000000, 36.00000000000000000, -14.24999999999999467 ) ) ;
#2765 = DIRECTION ( 'NONE',  ( 1.000000000000000000, 0.000000000000000000, 0.000000000000000000 ) ) ;
#2766 = ORIENTED_EDGE ( 'NONE', *, *, #3002, .F. ) ;
#2767 = ORIENTED_EDGE ( 'NONE', *, *, #336, .T. ) ;
#2768 = ADVANCED_FACE ( 'NONE', ( #2221 ), #2246, .F. ) ;
#2769 = VECTOR ( 'NONE', #5155, 1000.000000000000000 ) ;
#2770 = VERTEX_POINT ( 'NONE', #4378 ) ;
#2771 = FACE_OUTER_BOUND ( 'NONE', #2302, .T. ) ;
#2772 = CARTESIAN_POINT ( 'NONE',  ( 5.000000000000000000, -22.98222718265600406, -26.84637089860565951 ) ) ;
#2773 = DIRECTION ( 'NONE',  ( 0.000000000000000000, -1.000000000000000000, 0.000000000000000000 ) ) ;
#2774 = ORIENTED_EDGE ( 'NONE', *, *, #4579, .F. ) ;
#2775 = CARTESIAN_POINT ( 'NONE',  ( 20.00000000000000711, 33.99999999999999289, 38.24999999999999289 ) ) ;
#2776 = DIRECTION ( 'NONE',  ( 1.836970198721029441E-16, 0.000000000000000000, -1.000000000000000000 ) ) ;
#2777 = LINE ( 'NONE', #677, #264 ) ;
#2778 = PERSON_AND_ORGANIZATION ( #5297, #1202 ) ;
#2779 = CIRCLE ( 'NONE', #63, 2.250000000000001776 ) ;
#2780 = CARTESIAN_POINT ( 'NONE',  ( 8.000000000000000000, -19.00000000000000000, 0.000000000000000000 ) ) ;
#2781 = ORIENTED_EDGE ( 'NONE', *, *, #2515, .T. ) ;
#2782 = CARTESIAN_POINT ( 'NONE',  ( -16.99999999999999289, 33.24999999999999289, -6.749999999999995559 ) ) ;
#2783 = CARTESIAN_POINT ( 'NONE',  ( 0.000000000000000000, 17.00000000000000000, 0.000000000000000000 ) ) ;
#2784 = EDGE_CURVE ( 'NONE', #2454, #4186, #5184, .T. ) ;
#2785 = VECTOR ( 'NONE', #5592, 1000.000000000000000 ) ;
#2786 = EDGE_CURVE ( 'NONE', #1276, #1971, #4707, .T. ) ;
#2787 = SPHERICAL_SURFACE ( 'NONE', #5539, 2.000000000000000000 ) ;
#2788 = AXIS2_PLACEMENT_3D ( 'NONE', #2097, #4235, #2075 ) ;
#2789 = FACE_OUTER_BOUND ( 'NONE', #5225, .T. ) ;
#2790 = VERTEX_POINT ( 'NONE', #1825 ) ;
#2791 = DIRECTION ( 'NONE',  ( 0.000000000000000000, 0.000000000000000000, 1.000000000000000000 ) ) ;
#2792 = DIRECTION ( 'NONE',  ( 0.000000000000000000, 0.000000000000000000, -1.000000000000000000 ) ) ;
#2793 = LINE ( 'NONE', #4082, #5091 ) ;
#2794 = DIRECTION ( 'NONE',  ( 0.000000000000000000, 1.000000000000000000, 0.000000000000000000 ) ) ;
#2795 = ADVANCED_FACE ( 'NONE', ( #4751, #1424, #1767, #4867, #62, #479 ), #875, .F. ) ;
#2796 = VERTEX_POINT ( 'NONE', #2722 ) ;
#2797 = VECTOR ( 'NONE', #3736, 1000.000000000000000 ) ;
#2798 = ORIENTED_EDGE ( 'NONE', *, *, #1516, .T. ) ;
#2799 = CARTESIAN_POINT ( 'NONE',  ( -8.499999999999996447, -16.80502757993630780, -25.62713405747899031 ) ) ;
#2800 = FACE_OUTER_BOUND ( 'NONE', #3891, .T. ) ;
#2801 = DIRECTION ( 'NONE',  ( 0.000000000000000000, 0.000000000000000000, 1.000000000000000000 ) ) ;
#2802 = CIRCLE ( 'NONE', #3253, 2.000000000000001776 ) ;
#2803 = CARTESIAN_POINT ( 'NONE',  ( 17.00000000000000000, 33.24999999999998579, 32.00000000000000000 ) ) ;
#2804 = EDGE_CURVE ( 'NONE', #2496, #2203, #3483, .T. ) ;
#2805 = VERTEX_POINT ( 'NONE', #3514 ) ;
#2806 = ORIENTED_EDGE ( 'NONE', *, *, #2156, .T. ) ;
#2807 = LINE ( 'NONE', #1927, #1214 ) ;
#2808 = FACE_OUTER_BOUND ( 'NONE', #453, .T. ) ;
#2809 = FACE_OUTER_BOUND ( 'NONE', #606, .T. ) ;
#2810 = CARTESIAN_POINT ( 'NONE',  ( -10.50000000000000000, 30.00000000000000000, -16.24999999999999289 ) ) ;
#2811 = ORIENTED_EDGE ( 'NONE', *, *, #4366, .T. ) ;
#2812 = CARTESIAN_POINT ( 'NONE',  ( 19.00000000000000355, 33.24999999999999289, -6.749999999999995559 ) ) ;
#2813 = DIRECTION ( 'NONE',  ( 1.000000000000000000, 0.000000000000000000, -0.000000000000000000 ) ) ;
#2814 = EDGE_CURVE ( 'NONE', #1453, #4725, #2192, .T. ) ;
#2815 = EDGE_LOOP ( 'NONE', ( #666, #5445 ) ) ;
#2816 = CARTESIAN_POINT ( 'NONE',  ( 10.50000000000000000, -23.00000000000000000, -24.87468592766548525 ) ) ;
#2817 = DIRECTION ( 'NONE',  ( 0.000000000000000000, 0.000000000000000000, 1.000000000000000000 ) ) ;
#2818 = LINE ( 'NONE', #4527, #218 ) ;
#2819 = CARTESIAN_POINT ( 'NONE',  ( 10.50000000000000178, 24.34314575050762031, -15.07842712474619162 ) ) ;
#2820 = ORIENTED_EDGE ( 'NONE', *, *, #2164, .T. ) ;
#2821 = ADVANCED_FACE ( 'NONE', ( #1307 ), #3037, .F. ) ;
#2822 = ORIENTED_EDGE ( 'NONE', *, *, #265, .T. ) ;
#2823 = CYLINDRICAL_SURFACE ( 'NONE', #4548, 2.000000000000000000 ) ;
#2824 = AXIS2_PLACEMENT_3D ( 'NONE', #4110, #241, #4469 ) ;
#2825 = CARTESIAN_POINT ( 'NONE',  ( 10.50000000000000000, 19.00000000000000355, -17.90760865802475621 ) ) ;
#2826 = CARTESIAN_POINT ( 'NONE',  ( 19.38509112313085936, 36.00000000000000711, 7.984167005703809217 ) ) ;
#2827 = FACE_OUTER_BOUND ( 'NONE', #3085, .T. ) ;
#2828 = VECTOR ( 'NONE', #4043, 1000.000000000000000 ) ;
#2829 = ORIENTED_EDGE ( 'NONE', *, *, #3715, .F. ) ;
#2830 = EDGE_LOOP ( 'NONE', ( #4418, #2195 ) ) ;
#2831 = ADVANCED_FACE ( 'NONE', ( #2609 ), #900, .F. ) ;
#2832 = CARTESIAN_POINT ( 'NONE',  ( -10.50000000000000000, 17.00000000000000711, -21.37171027316250971 ) ) ;
#2833 = FACE_BOUND ( 'NONE', #1466, .T. ) ;
#2834 = EDGE_CURVE ( 'NONE', #120, #3629, #1863, .T. ) ;
#2835 = FACE_OUTER_BOUND ( 'NONE', #2867, .T. ) ;
#2836 = CARTESIAN_POINT ( 'NONE',  ( 18.00000000000001421, 36.00000000000000000, 7.180703308172537547 ) ) ;
#2837 = ORIENTED_EDGE ( 'NONE', *, *, #3581, .F. ) ;
#2838 = DIRECTION ( 'NONE',  ( 4.336808689942017736E-15, 0.000000000000000000, 1.000000000000000000 ) ) ;
#2839 = CARTESIAN_POINT ( 'NONE',  ( -2.125036258071587902E-15, 24.00000000000000000, -12.24999999999999822 ) ) ;
#2840 = AXIS2_PLACEMENT_3D ( 'NONE', #3099, #1831, #1060 ) ;
#2841 = CARTESIAN_POINT ( 'NONE',  ( -19.99999999999998579, 29.17157287525380838, 20.57842712474619873 ) ) ;
#2842 = DIRECTION ( 'NONE',  ( 0.000000000000000000, 0.000000000000000000, -1.000000000000000000 ) ) ;
#2843 = VERTEX_POINT ( 'NONE', #1139 ) ;
#2844 = CARTESIAN_POINT ( 'NONE',  ( 18.00000000000001066, 26.00000000000000355, 36.24999999999999289 ) ) ;
#2845 = LINE ( 'NONE', #4166, #734 ) ;
#2846 = CARTESIAN_POINT ( 'NONE',  ( -50.40559159102153330, 36.00000000000000000, -7.180703308172531329 ) ) ;
#2847 = EDGE_LOOP ( 'NONE', ( #2595, #5001, #4046 ) ) ;
#2848 = CIRCLE ( 'NONE', #1396, 2.100000000000000977 ) ;
#2849 = AXIS2_PLACEMENT_3D ( 'NONE', #2672, #1399, #3125 ) ;
#2850 = ORIENTED_EDGE ( 'NONE', *, *, #869, .F. ) ;
#2851 = CARTESIAN_POINT ( 'NONE',  ( 10.50000000000000000, 27.99999999999999645, -25.62713405747899031 ) ) ;
#2852 = FACE_BOUND ( 'NONE', #3136, .T. ) ;
#2853 = CARTESIAN_POINT ( 'NONE',  ( -10.70233407885308452, 22.88630241205669336, -14.47739517588719949 ) ) ;
#2854 = FACE_OUTER_BOUND ( 'NONE', #4473, .T. ) ;
#2855 = ORIENTED_EDGE ( 'NONE', *, *, #2237, .F. ) ;
#2856 = LINE ( 'NONE', #644, #4104 ) ;
#2857 = EDGE_CURVE ( 'NONE', #36, #4277, #4130, .T. ) ;
#2858 = VECTOR ( 'NONE', #1404, 1000.000000000000000 ) ;
#2859 = CYLINDRICAL_SURFACE ( 'NONE', #1715, 2.000000000000001776 ) ;
#2860 = AXIS2_PLACEMENT_3D ( 'NONE', #4665, #5543, #792 ) ;
#2861 = EDGE_CURVE ( 'NONE', #2526, #4338, #4044, .T. ) ;
#2862 = CC_DESIGN_PERSON_AND_ORGANIZATION_ASSIGNMENT ( #1845, #4069, ( #2642 ) ) ;
#2863 = DIRECTION ( 'NONE',  ( 1.000000000000000000, -0.000000000000000000, -1.321694076934710402E-16 ) ) ;
#2864 = CARTESIAN_POINT ( 'NONE',  ( -11.61369758794367257, 30.22739517588719949, -14.45233407885292465 ) ) ;
#2865 = DIRECTION ( 'NONE',  ( -4.336808689942021680E-16, 0.000000000000000000, -1.000000000000000000 ) ) ;
#2866 = CARTESIAN_POINT ( 'NONE',  ( 8.379555213223520053E-14, 20.99999999999999645, -7.999999999999998224 ) ) ;
#2867 = EDGE_LOOP ( 'NONE', ( #2895, #2710, #2806, #1834 ) ) ;
#2868 = EDGE_CURVE ( 'NONE', #292, #4035, #3204, .T. ) ;
#2869 = DIRECTION ( 'NONE',  ( 0.000000000000000000, 1.000000000000000000, -0.000000000000000000 ) ) ;
#2870 = CARTESIAN_POINT ( 'NONE',  ( -50.40559159102153330, 33.24999999999999289, -7.999999999999996447 ) ) ;
#2871 = VERTEX_POINT ( 'NONE', #176 ) ;
#2872 = CYLINDRICAL_SURFACE ( 'NONE', #2461, 1.000000000000002665 ) ;
#2873 = VECTOR ( 'NONE', #2144, 1000.000000000000000 ) ;
#2874 = CARTESIAN_POINT ( 'NONE',  ( -10.15685424949237792, 30.82842712474619162, -14.24999999999999467 ) ) ;
#2875 = DIRECTION ( 'NONE',  ( 1.000000000000000000, -0.000000000000000000, 0.000000000000000000 ) ) ;
#2876 = CIRCLE ( 'NONE', #1168, 1.000000000000001776 ) ;
#2877 = ORIENTED_EDGE ( 'NONE', *, *, #1436, .T. ) ;
#2878 = ORIENTED_EDGE ( 'NONE', *, *, #2445, .T. ) ;
#2879 = DIRECTION ( 'NONE',  ( 0.000000000000000000, -1.000000000000000000, 0.000000000000000000 ) ) ;
#2880 = FACE_OUTER_BOUND ( 'NONE', #3456, .T. ) ;
#2881 = LINE ( 'NONE', #3729, #1670 ) ;
#2882 = CARTESIAN_POINT ( 'NONE',  ( 8.499999999999996447, 27.99999999999999645, -25.62713405747899031 ) ) ;
#2883 = EDGE_LOOP ( 'NONE', ( #1115, #925 ) ) ;
#2884 = CARTESIAN_POINT ( 'NONE',  ( 18.00000000000001066, 36.00000000000000000, 19.75000000000000355 ) ) ;
#2885 = AXIS2_PLACEMENT_3D ( 'NONE', #787, #1753, #3737 ) ;
#2886 = CIRCLE ( 'NONE', #5308, 1.250000000000001110 ) ;
#2887 = EDGE_CURVE ( 'NONE', #3393, #905, #5407, .T. ) ;
#2888 = FACE_OUTER_BOUND ( 'NONE', #2058, .T. ) ;
#2889 = CIRCLE ( 'NONE', #2926, 2.100000000000000533 ) ;
#2890 = VERTEX_POINT ( 'NONE', #2326 ) ;
#2891 = FACE_OUTER_BOUND ( 'NONE', #3908, .T. ) ;
#2892 = EDGE_CURVE ( 'NONE', #624, #1730, #1547, .T. ) ;
#2893 = CARTESIAN_POINT ( 'NONE',  ( -10.80247350295472231, 30.30247350295562825, -15.02265179790629723 ) ) ;
#2894 = DIRECTION ( 'NONE',  ( 0.000000000000000000, 1.000000000000000000, 0.000000000000000000 ) ) ;
#2895 = ORIENTED_EDGE ( 'NONE', *, *, #14, .F. ) ;
#2896 = CARTESIAN_POINT ( 'NONE',  ( 9.129629629629629761, -16.80502757993630780, -27.52544028395892539 ) ) ;
#2897 = EDGE_CURVE ( 'NONE', #4354, #515, #710, .T. ) ;
#2898 = CYLINDRICAL_SURFACE ( 'NONE', #1688, 2.100000000000000533 ) ;
#2899 = VERTEX_POINT ( 'NONE', #1908 ) ;
#2900 = DIRECTION ( 'NONE',  ( 0.000000000000000000, 0.000000000000000000, -1.000000000000000000 ) ) ;
#2901 = LINE ( 'NONE', #2556, #3448 ) ;
#2902 = CARTESIAN_POINT ( 'NONE',  ( -10.50000000000000000, -23.00000000000000000, -24.87468592766549236 ) ) ;
#2903 = VERTEX_POINT ( 'NONE', #5352 ) ;
#2904 = ORIENTED_EDGE ( 'NONE', *, *, #5136, .F. ) ;
#2905 = LINE ( 'NONE', #432, #1155 ) ;
#2906 = FACE_BOUND ( 'NONE', #1865, .T. ) ;
#2907 = LINE ( 'NONE', #277, #3826 ) ;
#2908 = DIRECTION ( 'NONE',  ( 1.000000000000000000, -0.000000000000000000, -1.321694076934710402E-16 ) ) ;
#2909 = ORIENTED_EDGE ( 'NONE', *, *, #5094, .F. ) ;
#2910 = DIRECTION ( 'NONE',  ( 0.000000000000000000, 0.000000000000000000, 1.000000000000000000 ) ) ;
#2911 = AXIS2_PLACEMENT_3D ( 'NONE', #319, #4668, #400 ) ;
#2912 = AXIS2_PLACEMENT_3D ( 'NONE', #625, #5351, #2357 ) ;
#2913 = DIRECTION ( 'NONE',  ( 0.000000000000000000, -1.000000000000000000, 0.000000000000000000 ) ) ;
#2914 = AXIS2_PLACEMENT_3D ( 'NONE', #31, #5266, #2190 ) ;
#2915 = CARTESIAN_POINT ( 'NONE',  ( -17.99999999999999645, 36.00000000000000000, 7.180703308172537547 ) ) ;
#2916 = CIRCLE ( 'NONE', #2197, 2.249999999999998668 ) ;
#2917 = CARTESIAN_POINT ( 'NONE',  ( -10.42495607493434839, 29.92495607493409437, -16.14100762601021799 ) ) ;
#2918 = CARTESIAN_POINT ( 'NONE',  ( -19.99999999999999289, 33.24999999999999289, -7.999999999999996447 ) ) ;
#2919 = ORIENTED_EDGE ( 'NONE', *, *, #1133, .F. ) ;
#2920 = EDGE_CURVE ( 'NONE', #5041, #3430, #5078, .T. ) ;
#2921 = EDGE_CURVE ( 'NONE', #4197, #1934, #4549, .T. ) ;
#2922 = CARTESIAN_POINT ( 'NONE',  ( 8.379555213223520053E-14, -20.99999999999999645, -7.999999999999998224 ) ) ;
#2923 = PLANE ( 'NONE',  #2860 ) ;
#2924 = EDGE_LOOP ( 'NONE', ( #4475, #1128 ) ) ;
#2925 = CARTESIAN_POINT ( 'NONE',  ( 0.000000000000000000, -23.00000000000000000, 5.000000000000000000 ) ) ;
#2927 = LINE ( 'NONE', #4643, #1472 ) ;
#2926 = AXIS2_PLACEMENT_3D ( 'NONE', #4151, #1566, #2967 ) ;
#2928 = CARTESIAN_POINT ( 'NONE',  ( -8.500000000000000000, 27.99999999999999645, -25.62713405747899387 ) ) ;
#2929 = ORIENTED_EDGE ( 'NONE', *, *, #3193, .T. ) ;
#2930 = ADVANCED_FACE ( 'NONE', ( #4926 ), #1052, .T. ) ;
#2931 = VECTOR ( 'NONE', #1090, 1000.000000000000000 ) ;
#2932 = AXIS2_PLACEMENT_3D ( 'NONE', #1012, #4451, #583 ) ;
#2933 = VERTEX_POINT ( 'NONE', #626 ) ;
#2934 = DIRECTION ( 'NONE',  ( 0.000000000000000000, 0.000000000000000000, -1.000000000000000000 ) ) ;
#2935 = CARTESIAN_POINT ( 'NONE',  ( -16.99999999999999289, 36.00000000000000000, -14.24999999999999467 ) ) ;
#2936 = CARTESIAN_POINT ( 'NONE',  ( -5.000000000000000000, -23.00000000000000000, -26.53299832284319493 ) ) ;
#2937 = DIRECTION ( 'NONE',  ( -0.000000000000000000, -1.000000000000000000, -0.000000000000000000 ) ) ;
#2938 = ORIENTED_EDGE ( 'NONE', *, *, #4092, .F. ) ;
#2939 = CIRCLE ( 'NONE', #2125, 1.000000000000001776 ) ;
#2940 = DIRECTION ( 'NONE',  ( 0.000000000000000000, -1.000000000000000000, 0.000000000000000000 ) ) ;
#2941 = ADVANCED_FACE ( 'NONE', ( #3624 ), #3727, .F. ) ;
#2942 = FACE_OUTER_BOUND ( 'NONE', #1663, .T. ) ;
#2943 = CIRCLE ( 'NONE', #5290, 10.50000000000000000 ) ;
#2944 = CARTESIAN_POINT ( 'NONE',  ( -19.99999999999998579, 33.99999999999999289, 38.25000000000000000 ) ) ;
#2945 = AXIS2_PLACEMENT_3D ( 'NONE', #4693, #820, #765 ) ;
#2946 = CARTESIAN_POINT ( 'NONE',  ( -16.99999999999999289, 36.00000000000000000, -14.24999999999999467 ) ) ;
#2947 = ORIENTED_EDGE ( 'NONE', *, *, #4785, .F. ) ;
#2948 = DIRECTION ( 'NONE',  ( 0.000000000000000000, 0.000000000000000000, 1.000000000000000000 ) ) ;
#2949 = CARTESIAN_POINT ( 'NONE',  ( -12.50000000000000000, 26.00000000000000000, -12.24999999999999289 ) ) ;
#2950 = ORIENTED_EDGE ( 'NONE', *, *, #1680, .T. ) ;
#2951 = CARTESIAN_POINT ( 'NONE',  ( 20.00000000000000711, 26.00000000000000355, -14.25000000000000178 ) ) ;
#2952 = CARTESIAN_POINT ( 'NONE',  ( -17.99999999999999645, 30.00000000000000000, 8.750000000000003553 ) ) ;
#2953 = EDGE_CURVE ( 'NONE', #2102, #4815, #4174, .T. ) ;
#2954 = CYLINDRICAL_SURFACE ( 'NONE', #4834, 2.000000000000000000 ) ;
#2955 = EDGE_LOOP ( 'NONE', ( #4775, #4000, #1857, #4059, #1317, #3324 ) ) ;
#2956 = AXIS2_PLACEMENT_3D ( 'NONE', #301, #1920, #750 ) ;
#2957 = ORIENTED_EDGE ( 'NONE', *, *, #2651, .T. ) ;
#2958 = CARTESIAN_POINT ( 'NONE',  ( 9.856692996391554829, 30.67834649819564063, -14.74322637705817307 ) ) ;
#2959 = CYLINDRICAL_SURFACE ( 'NONE', #2995, 10.75000000000000000 ) ;
#2960 = ADVANCED_FACE ( 'NONE', ( #2385 ), #2602, .T. ) ;
#2961 = CARTESIAN_POINT ( 'NONE',  ( -12.50000000000000355, 24.00000000000000000, -14.24999999999999467 ) ) ;
#2962 = CARTESIAN_POINT ( 'NONE',  ( -10.49999999999999822, -17.24129772364293345, -21.13041194656048560 ) ) ;
#2963 = VERTEX_POINT ( 'NONE', #1515 ) ;
#2964 = CARTESIAN_POINT ( 'NONE',  ( 0.000000000000000000, -17.00000000000000000, 0.000000000000000000 ) ) ;
#2965 = FACE_OUTER_BOUND ( 'NONE', #3249, .T. ) ;
#2966 = ADVANCED_FACE ( 'NONE', ( #1967 ), #3594, .T. ) ;
#2967 = DIRECTION ( 'NONE',  ( 0.000000000000000000, 0.000000000000000000, 1.000000000000000000 ) ) ;
#2968 = ORIENTED_EDGE ( 'NONE', *, *, #1153, .T. ) ;
#2969 = VECTOR ( 'NONE', #2579, 1000.000000000000000 ) ;
#2970 = CIRCLE ( 'NONE', #4959, 2.100000000000000977 ) ;
#2971 = AXIS2_PLACEMENT_3D ( 'NONE', #5423, #698, #3354 ) ;
#2972 = DIRECTION ( 'NONE',  ( 0.000000000000000000, 1.000000000000000000, -0.000000000000000000 ) ) ;
#2973 = VECTOR ( 'NONE', #2913, 1000.000000000000000 ) ;
#2974 = CARTESIAN_POINT ( 'NONE',  ( -10.90978474825798550, 28.81956949651589639, -15.03002041708998426 ) ) ;
#2975 = ORIENTED_EDGE ( 'NONE', *, *, #5309, .T. ) ;
#2976 = DIRECTION ( 'NONE',  ( 1.000000000000000000, 0.000000000000000000, -1.734723475976806848E-16 ) ) ;
#2977 = FACE_OUTER_BOUND ( 'NONE', #4459, .T. ) ;
#2978 = ORIENTED_EDGE ( 'NONE', *, *, #4571, .T. ) ;
#2979 = CARTESIAN_POINT ( 'NONE',  ( -19.32297969701678042, 35.49990824401190537, 32.23806258034563399 ) ) ;
#2980 = CARTESIAN_POINT ( 'NONE',  ( 17.00000000000000000, 36.00000000000000000, -14.24999999999999467 ) ) ;
#2981 = CARTESIAN_POINT ( 'NONE',  ( 19.90616116512495637, 34.35783834357800259, 7.367533642419713757 ) ) ;
#2982 = ORIENTED_EDGE ( 'NONE', *, *, #2834, .T. ) ;
#2983 = ADVANCED_FACE ( 'NONE', ( #1481 ), #4074, .T. ) ;
#2984 = ORIENTED_EDGE ( 'NONE', *, *, #1089, .T. ) ;
#2985 = DIRECTION ( 'NONE',  ( 0.000000000000000000, 0.000000000000000000, 1.000000000000000000 ) ) ;
#2986 = CARTESIAN_POINT ( 'NONE',  ( -2.793185071074506684E-14, 19.00000000000000000, 8.000000000000000000 ) ) ;
#2987 = CARTESIAN_POINT ( 'NONE',  ( -12.23820384766550085, 25.97421564796989912, -14.26289217601510018 ) ) ;
#2988 = DIRECTION ( 'NONE',  ( 0.000000000000000000, 0.000000000000000000, 1.000000000000000000 ) ) ;
#2989 = ORIENTED_EDGE ( 'NONE', *, *, #2551, .F. ) ;
#2990 = LINE ( 'NONE', #331, #4727 ) ;
#2991 = ADVANCED_FACE ( 'NONE', ( #4956 ), #2339, .F. ) ;
#2992 = ADVANCED_FACE ( 'NONE', ( #2207 ), #5199, .F. ) ;
#2993 = CYLINDRICAL_SURFACE ( 'NONE', #2558, 2.249999999999998668 ) ;
#2994 = CARTESIAN_POINT ( 'NONE',  ( 10.90978474838886214, 23.21997958310587862, -13.81004083378776670 ) ) ;
#2995 = AXIS2_PLACEMENT_3D ( 'NONE', #3834, #3408, #5135 ) ;
#2996 = EDGE_CURVE ( 'NONE', #3035, #1154, #5461, .T. ) ;
#2997 = VECTOR ( 'NONE', #1173, 1000.000000000000000 ) ;
#2998 = DIRECTION ( 'NONE',  ( 0.000000000000000000, 0.000000000000000000, 1.000000000000000000 ) ) ;
#2999 = DIRECTION ( 'NONE',  ( 0.000000000000000000, 1.000000000000000000, -0.000000000000000000 ) ) ;
#3000 = VECTOR ( 'NONE', #1200, 1000.000000000000000 ) ;
#3001 = EDGE_LOOP ( 'NONE', ( #431, #1573 ) ) ;
#3002 = EDGE_CURVE ( 'NONE', #2102, #3129, #313, .T. ) ;
#3003 = LINE ( 'NONE', #3450, #1537 ) ;
#3004 = DIRECTION ( 'NONE',  ( 0.000000000000000000, 0.000000000000000000, -1.000000000000000000 ) ) ;
#3005 = ORIENTED_EDGE ( 'NONE', *, *, #1959, .F. ) ;
#3006 = DIRECTION ( 'NONE',  ( -0.000000000000000000, -1.000000000000000000, -0.000000000000000000 ) ) ;
#3007 = DIRECTION ( 'NONE',  ( -0.000000000000000000, -1.000000000000000000, -0.000000000000000000 ) ) ;
#3008 = DIRECTION ( 'NONE',  ( -1.000000000000000000, 0.000000000000000000, 0.000000000000000000 ) ) ;
#3009 = CIRCLE ( 'NONE', #5532, 2.249999999999998668 ) ;
#3010 = ORIENTED_EDGE ( 'NONE', *, *, #3168, .F. ) ;
#3011 = VERTEX_POINT ( 'NONE', #3496 ) ;
#3012 = FACE_OUTER_BOUND ( 'NONE', #5399, .T. ) ;
#3013 = FACE_OUTER_BOUND ( 'NONE', #630, .T. ) ;
#3014 = DIRECTION ( 'NONE',  ( 0.000000000000000000, 0.000000000000000000, -1.000000000000000000 ) ) ;
#3015 = CARTESIAN_POINT ( 'NONE',  ( -10.50000000000000000, -18.70302300827162867, -19.24087879842972981 ) ) ;
#3016 = EDGE_LOOP ( 'NONE', ( #799, #4407, #1226, #2919 ) ) ;
#3017 = EDGE_LOOP ( 'NONE', ( #1602, #3010, #4770, #2458 ) ) ;
#3018 = VECTOR ( 'NONE', #2344, 1000.000000000000000 ) ;
#3019 = VECTOR ( 'NONE', #4076, 1000.000000000000000 ) ;
#3020 = DIRECTION ( 'NONE',  ( 0.000000000000000000, 0.000000000000000000, -1.000000000000000000 ) ) ;
#3021 = DIRECTION ( 'NONE',  ( -0.000000000000000000, -1.000000000000000000, -0.000000000000000000 ) ) ;
#3022 = VECTOR ( 'NONE', #5218, 1000.000000000000000 ) ;
#3023 = EDGE_CURVE ( 'NONE', #3011, #1689, #2078, .T. ) ;
#3024 = EDGE_CURVE ( 'NONE', #4829, #4619, #1073, .T. ) ;
#3025 = VERTEX_POINT ( 'NONE', #2469 ) ;
#3026 = CIRCLE ( 'NONE', #4454, 2.100000000000000089 ) ;
#3027 = EDGE_LOOP ( 'NONE', ( #700, #4212, #4646, #1354, #1263 ) ) ;
#3028 = CARTESIAN_POINT ( 'NONE',  ( -10.50000000000000000, 19.00000000000000355, -18.25425897804644393 ) ) ;
#3029 = DIRECTION ( 'NONE',  ( 0.000000000000000000, 0.000000000000000000, 1.000000000000000000 ) ) ;
#3030 = ADVANCED_FACE ( 'NONE', ( #1782 ), #4661, .T. ) ;
#3031 = ORIENTED_EDGE ( 'NONE', *, *, #911, .F. ) ;
#3032 = VECTOR ( 'NONE', #1554, 1000.000000000000000 ) ;
#3033 = CARTESIAN_POINT ( 'NONE',  ( -17.99999999999999645, 36.00000000000000000, 8.750000000000003553 ) ) ;
#3034 = CARTESIAN_POINT ( 'NONE',  ( -19.98581042453986001, 34.26913312394472655, -10.01107842732345610 ) ) ;
#3035 = VERTEX_POINT ( 'NONE', #4607 ) ;
#3036 = CARTESIAN_POINT ( 'NONE',  ( 19.60244712704513859, 34.07199916381127025, -5.902262300120930227 ) ) ;
#3037 = CYLINDRICAL_SURFACE ( 'NONE', #2465, 10.75000000000000000 ) ;
#3038 = EDGE_CURVE ( 'NONE', #1556, #3568, #964, .T. ) ;
#3039 = CYLINDRICAL_SURFACE ( 'NONE', #230, 1.000000000000001332 ) ;
#3040 = ORIENTED_EDGE ( 'NONE', *, *, #2194, .T. ) ;
#3041 = ORIENTED_EDGE ( 'NONE', *, *, #637, .F. ) ;
#3042 = DIRECTION ( 'NONE',  ( 0.000000000000000000, -0.000000000000000000, 1.000000000000000000 ) ) ;
#3043 = CARTESIAN_POINT ( 'NONE',  ( -2.793185071074506684E-14, -23.00000000000000000, 8.000000000000000000 ) ) ;
#3044 = CARTESIAN_POINT ( 'NONE',  ( 20.00000000000000711, 30.00000000000000000, 38.24999999999999289 ) ) ;
#3045 = DIRECTION ( 'NONE',  ( 0.000000000000000000, 1.000000000000000000, -0.000000000000000000 ) ) ;
#3046 = ORIENTED_EDGE ( 'NONE', *, *, #1575, .F. ) ;
#3047 = VERTEX_POINT ( 'NONE', #1651 ) ;
#3048 = ORIENTED_EDGE ( 'NONE', *, *, #359, .T. ) ;
#3049 = DIRECTION ( 'NONE',  ( -1.000000000000000000, 0.000000000000000000, 0.000000000000000000 ) ) ;
#3050 = CARTESIAN_POINT ( 'NONE',  ( 10.99322637705803629, 24.64330700360872939, -14.92834649819577741 ) ) ;
#3051 = CARTESIAN_POINT ( 'NONE',  ( 8.000000000000000000, 20.99999999999999645, -1.000000000000001554 ) ) ;
#3052 = ORIENTED_EDGE ( 'NONE', *, *, #2036, .F. ) ;
#3053 = VERTEX_POINT ( 'NONE', #3051 ) ;
#3054 = ADVANCED_FACE ( 'NONE', ( #17 ), #5512, .F. ) ;
#3055 = CIRCLE ( 'NONE', #4485, 10.75000000000000000 ) ;
#3056 = DIRECTION ( 'NONE',  ( 0.000000000000000000, 0.000000000000000000, -1.000000000000000000 ) ) ;
#3057 = CARTESIAN_POINT ( 'NONE',  ( -10.50000000000000000, 18.99999999999998934, -1.928818708657081344E-15 ) ) ;
#3058 = ORIENTED_EDGE ( 'NONE', *, *, #3699, .T. ) ;
#3059 = AXIS2_PLACEMENT_3D ( 'NONE', #4211, #3765, #1625 ) ;
#3060 = AXIS2_PLACEMENT_3D ( 'NONE', #924, #2689, #2264 ) ;
#3061 = ADVANCED_FACE ( 'NONE', ( #5036 ), #1165, .F. ) ;
#3062 = CARTESIAN_POINT ( 'NONE',  ( -19.20485749105612072, 34.95249986633501038, -6.523435584989679015 ) ) ;
#3063 = LINE ( 'NONE', #2581, #1508 ) ;
#3064 = ORIENTED_EDGE ( 'NONE', *, *, #2747, .F. ) ;
#3065 = DIRECTION ( 'NONE',  ( 0.000000000000000000, 1.000000000000000000, -0.000000000000000000 ) ) ;
#3066 = CARTESIAN_POINT ( 'NONE',  ( 19.50642962169175831, 35.31916087764447809, 32.91235261586444238 ) ) ;
#3067 = AXIS2_PLACEMENT_3D ( 'NONE', #4441, #4874, #1033 ) ;
#3068 = DIRECTION ( 'NONE',  ( 0.000000000000000000, 1.000000000000000000, -0.000000000000000000 ) ) ;
#3069 = VERTEX_POINT ( 'NONE', #4184 ) ;
#3070 = EDGE_CURVE ( 'NONE', #598, #4694, #4491, .T. ) ;
#3071 = ORIENTED_EDGE ( 'NONE', *, *, #5453, .F. ) ;
#3072 = CARTESIAN_POINT ( 'NONE',  ( -17.99999999999999645, 26.00000000000000355, -12.24999999999999645 ) ) ;
#3073 = DIRECTION ( 'NONE',  ( -1.000000000000000000, 0.000000000000000000, 0.000000000000000000 ) ) ;
#3074 = CARTESIAN_POINT ( 'NONE',  ( -11.27265179790659744, 23.69752649704377845, -14.55247350295441322 ) ) ;
#3075 = DIRECTION ( 'NONE',  ( 0.000000000000000000, -1.000000000000000000, 0.000000000000000000 ) ) ;
#3076 = ORIENTED_EDGE ( 'NONE', *, *, #1827, .T. ) ;
#3077 = ORIENTED_EDGE ( 'NONE', *, *, #3649, .F. ) ;
#3078 = ORIENTED_EDGE ( 'NONE', *, *, #1400, .T. ) ;
#3079 = CARTESIAN_POINT ( 'NONE',  ( -18.99999999999999289, 33.24999999999998579, 32.00000000000000000 ) ) ;
#3080 = LINE ( 'NONE', #5171, #4266 ) ;
#3081 = DIRECTION ( 'NONE',  ( -1.000000000000000000, -0.000000000000000000, 1.321694076934710402E-16 ) ) ;
#3082 = ORIENTED_EDGE ( 'NONE', *, *, #2680, .T. ) ;
#3083 = CARTESIAN_POINT ( 'NONE',  ( -10.50000000000000000, 17.94531585775864002, -20.37829813027625647 ) ) ;
#3084 = CARTESIAN_POINT ( 'NONE',  ( 0.000000000000000000, 20.99999999999999645, 0.000000000000000000 ) ) ;
#3085 = EDGE_LOOP ( 'NONE', ( #144, #5430, #2277, #5108 ) ) ;
#3086 = CARTESIAN_POINT ( 'NONE',  ( 8.000000000000000000, 25.00000000000000000, 0.000000000000000000 ) ) ;
#3087 = TOROIDAL_SURFACE ( 'NONE', #4520, 4.000000000000000000, 2.000000000000000000 ) ;
#3088 = DIRECTION ( 'NONE',  ( 0.000000000000000000, 0.000000000000000000, -1.000000000000000000 ) ) ;
#3089 = VERTEX_POINT ( 'NONE', #918 ) ;
#3090 = LINE ( 'NONE', #2608, #3812 ) ;
#3091 = CIRCLE ( 'NONE', #5347, 2.249999999999998668 ) ;
#3092 = DIRECTION ( 'NONE',  ( 0.000000000000000000, 0.000000000000000000, -1.000000000000000000 ) ) ;
#3093 = EDGE_CURVE ( 'NONE', #2550, #921, #879, .T. ) ;
#3094 = EDGE_CURVE ( 'NONE', #3744, #3274, #3417, .T. ) ;
#3095 = ORIENTED_EDGE ( 'NONE', *, *, #1963, .F. ) ;
#3096 = EDGE_LOOP ( 'NONE', ( #4152, #953, #2464, #2229 ) ) ;
#3097 = DIRECTION ( 'NONE',  ( 0.000000000000000000, 1.000000000000000000, -0.000000000000000000 ) ) ;
#3098 = FACE_OUTER_BOUND ( 'NONE', #4537, .T. ) ;
#3099 = CARTESIAN_POINT ( 'NONE',  ( 8.000000000000000000, 19.00000000000000000, 0.000000000000000000 ) ) ;
#3100 = DIRECTION ( 'NONE',  ( 0.000000000000000000, 0.000000000000000000, -1.000000000000000000 ) ) ;
#3101 = EDGE_CURVE ( 'NONE', #1042, #4992, #5090, .T. ) ;
#3102 = VERTEX_POINT ( 'NONE', #5367 ) ;
#3103 = ORIENTED_EDGE ( 'NONE', *, *, #4530, .F. ) ;
#3104 = ORIENTED_EDGE ( 'NONE', *, *, #3002, .T. ) ;
#3105 = LINE ( 'NONE', #2597, #5452 ) ;
#3106 = LINE ( 'NONE', #5312, #3247 ) ;
#3107 = VECTOR ( 'NONE', #2370, 1000.000000000000000 ) ;
#3108 = ADVANCED_FACE ( 'NONE', ( #1442 ), #3583, .T. ) ;
#3109 = ORIENTED_EDGE ( 'NONE', *, *, #2758, .T. ) ;
#3110 = DIRECTION ( 'NONE',  ( 2.602085213965208275E-15, 0.000000000000000000, 1.000000000000000000 ) ) ;
#3111 = VECTOR ( 'NONE', #4692, 1000.000000000000000 ) ;
#3112 = CARTESIAN_POINT ( 'NONE',  ( 10.50000000000000000, 22.00000000000000000, 0.000000000000000000 ) ) ;
#3113 = CARTESIAN_POINT ( 'NONE',  ( -19.99999999999999289, 33.24999999999998579, 32.00000000000000000 ) ) ;
#3114 = AXIS2_PLACEMENT_3D ( 'NONE', #3671, #3702, #5446 ) ;
#3115 = AXIS2_PLACEMENT_3D ( 'NONE', #1488, #3211, #4495 ) ;
#3116 = CARTESIAN_POINT ( 'NONE',  ( -50.40559159102153330, 30.00000000000000000, 19.75000000000000355 ) ) ;
#3117 = CARTESIAN_POINT ( 'NONE',  ( 12.50000000000000000, 24.00000000000000000, -12.25000000000000000 ) ) ;
#3118 = ORIENTED_EDGE ( 'NONE', *, *, #865, .T. ) ;
#3119 = CARTESIAN_POINT ( 'NONE',  ( -19.99999999999999289, 26.00000000000000355, -12.24999999999999645 ) ) ;
#3120 = CARTESIAN_POINT ( 'NONE',  ( 19.37573078913247926, 35.45194792203150769, 32.47752810752519537 ) ) ;
#3121 = ORIENTED_EDGE ( 'NONE', *, *, #1827, .F. ) ;
#3122 = AXIS2_PLACEMENT_3D ( 'NONE', #452, #2191, #32 ) ;
#3123 = EDGE_CURVE ( 'NONE', #2373, #1717, #3531, .T. ) ;
#3124 = ORIENTED_EDGE ( 'NONE', *, *, #3094, .F. ) ;
#3125 = DIRECTION ( 'NONE',  ( 0.000000000000000000, 0.000000000000000000, 1.000000000000000000 ) ) ;
#3126 = DIRECTION ( 'NONE',  ( -0.000000000000000000, 1.000000000000000000, -0.000000000000000000 ) ) ;
#3127 = DIRECTION ( 'NONE',  ( -1.000000000000000000, 0.000000000000000000, -0.000000000000000000 ) ) ;
#3128 = CARTESIAN_POINT ( 'NONE',  ( -16.99999999999998934, 36.00000000000000000, 8.750000000000003553 ) ) ;
#3129 = VERTEX_POINT ( 'NONE', #3612 ) ;
#3130 = ORIENTED_EDGE ( 'NONE', *, *, #5116, .T. ) ;
#3131 = ORIENTED_EDGE ( 'NONE', *, *, #4818, .F. ) ;
#3132 = EDGE_CURVE ( 'NONE', #3725, #4467, #2683, .T. ) ;
#3133 = ORIENTED_EDGE ( 'NONE', *, *, #1516, .F. ) ;
#3134 = CARTESIAN_POINT ( 'NONE',  ( -17.99999999999999645, 36.00000000000000000, 38.24999999999999289 ) ) ;
#3135 = CARTESIAN_POINT ( 'NONE',  ( 18.00000000000001066, 30.00000000000000000, 36.24999999999999289 ) ) ;
#3136 = EDGE_LOOP ( 'NONE', ( #268, #970 ) ) ;
#3137 = EDGE_CURVE ( 'NONE', #4569, #1184, #1177, .T. ) ;
#3138 = AXIS2_PLACEMENT_3D ( 'NONE', #4758, #2060, #2562 ) ;
#3139 = CARTESIAN_POINT ( 'NONE',  ( -18.99999999999999289, 33.24999999999998579, 29.75000000000000355 ) ) ;
#3140 = CARTESIAN_POINT ( 'NONE',  ( 8.499999999999996447, -19.00000000000000000, -21.37171027316250971 ) ) ;
#3141 = DIRECTION ( 'NONE',  ( 0.000000000000000000, 0.000000000000000000, 1.000000000000000000 ) ) ;
#3142 = CARTESIAN_POINT ( 'NONE',  ( -5.000000000000000888, -16.80502757993630780, -23.00000000000000000 ) ) ;
#3143 = CARTESIAN_POINT ( 'NONE',  ( -50.40559159102153330, 33.24999999999998579, 32.00000000000000000 ) ) ;
#3144 = ORIENTED_EDGE ( 'NONE', *, *, #3742, .F. ) ;
#3145 = CARTESIAN_POINT ( 'NONE',  ( 18.00000000000001066, 36.00000000000000000, 8.750000000000003553 ) ) ;
#3146 = CARTESIAN_POINT ( 'NONE',  ( 19.32314264878349519, 35.49976453258398834, 32.12372974270194703 ) ) ;
#3147 = ORIENTED_EDGE ( 'NONE', *, *, #1160, .T. ) ;
#3148 = CARTESIAN_POINT ( 'NONE',  ( 0.000000000000000000, -20.99999999999999645, 0.000000000000000000 ) ) ;
#3149 = AXIS2_PLACEMENT_3D ( 'NONE', #5250, #5333, #3100 ) ;
#3150 = EDGE_LOOP ( 'NONE', ( #3307, #963, #2691, #1642 ) ) ;
#3151 = AXIS2_PLACEMENT_3D ( 'NONE', #2094, #4570, #3335 ) ;
#3152 = DIRECTION ( 'NONE',  ( 0.000000000000000000, 1.000000000000000000, 0.000000000000000000 ) ) ;
#3153 = CARTESIAN_POINT ( 'NONE',  ( 5.000000000000000000, -23.00000000000000000, -26.53299832284319493 ) ) ;
#3154 = DIRECTION ( 'NONE',  ( 0.000000000000000000, 0.000000000000000000, 1.000000000000000000 ) ) ;
#3155 = VERTEX_POINT ( 'NONE', #78 ) ;
#3156 = ORIENTED_EDGE ( 'NONE', *, *, #3164, .T. ) ;
#3157 = EDGE_CURVE ( 'NONE', #1934, #3011, #3976, .T. ) ;
#3158 = ORIENTED_EDGE ( 'NONE', *, *, #2786, .T. ) ;
#3159 = FACE_OUTER_BOUND ( 'NONE', #4666, .T. ) ;
#3160 = DIRECTION ( 'NONE',  ( 0.000000000000000000, 0.000000000000000000, -1.000000000000000000 ) ) ;
#3161 = ORIENTED_EDGE ( 'NONE', *, *, #152, .T. ) ;
#3162 = ADVANCED_FACE ( 'NONE', ( #3950 ), #3526, .T. ) ;
#3163 = LINE ( 'NONE', #4122, #1037 ) ;
#3164 = EDGE_CURVE ( 'NONE', #853, #4654, #3106, .T. ) ;
#3165 = CARTESIAN_POINT ( 'NONE',  ( -19.46737476182815030, 36.00000000000000000, 8.108974358974363028 ) ) ;
#3166 = CARTESIAN_POINT ( 'NONE',  ( 8.379555213223520053E-14, 25.00000000000000000, -9.000000000000001776 ) ) ;
#3167 = DATE_AND_TIME ( #4917, #1017 ) ;
#3168 = EDGE_CURVE ( 'NONE', #3053, #624, #1892, .T. ) ;
#3169 = DIRECTION ( 'NONE',  ( 0.000000000000000000, 0.000000000000000000, 1.000000000000000000 ) ) ;
#3170 = CARTESIAN_POINT ( 'NONE',  ( -19.99999999999999289, 26.00000000000000355, 38.25000000000000000 ) ) ;
#3171 = ORIENTED_EDGE ( 'NONE', *, *, #4861, .T. ) ;
#3172 = CARTESIAN_POINT ( 'NONE',  ( -19.99999999999999289, 33.99999999999999289, -10.12132034355964194 ) ) ;
#3173 = DIRECTION ( 'NONE',  ( 1.000000000000000000, 0.000000000000000000, -1.734723475976806848E-16 ) ) ;
#3174 = ADVANCED_FACE ( 'NONE', ( #2287, #3190 ), #5282, .T. ) ;
#3175 = VERTEX_POINT ( 'NONE', #4908 ) ;
#3176 = DIRECTION ( 'NONE',  ( 1.321694076934710402E-16, 0.000000000000000000, 1.000000000000000000 ) ) ;
#3177 = AXIS2_PLACEMENT_3D ( 'NONE', #2696, #3537, #2245 ) ;
#3178 = CARTESIAN_POINT ( 'NONE',  ( -18.58681167232492371, 35.99999999999999289, 7.303558040990051126 ) ) ;
#3179 = ORIENTED_EDGE ( 'NONE', *, *, #4706, .F. ) ;
#3180 = DIRECTION ( 'NONE',  ( 0.9292047944853265573, 0.000000000000000000, -0.3695652173913044902 ) ) ;
#3181 = DIRECTION ( 'NONE',  ( -0.000000000000000000, -0.000000000000000000, 1.000000000000000000 ) ) ;
#3182 = CARTESIAN_POINT ( 'NONE',  ( 10.19391080526511928, -22.23119214873016958, -26.70987930643079622 ) ) ;
#3183 = AXIS2_PLACEMENT_3D ( 'NONE', #5493, #1634, #3373 ) ;
#3184 = DIRECTION ( 'NONE',  ( -0.000000000000000000, -1.000000000000000000, 0.000000000000000000 ) ) ;
#3185 = VERTEX_POINT ( 'NONE', #5255 ) ;
#3186 = ORIENTED_EDGE ( 'NONE', *, *, #4133, .F. ) ;
#3187 = AXIS2_PLACEMENT_3D ( 'NONE', #5560, #2650, #4686 ) ;
#3188 = ORIENTED_EDGE ( 'NONE', *, *, #995, .T. ) ;
#3189 = CARTESIAN_POINT ( 'NONE',  ( 12.36909882216843037, 24.00000000000000000, -12.25000000000136247 ) ) ;
#3190 = FACE_OUTER_BOUND ( 'NONE', #186, .T. ) ;
#3191 = DIRECTION ( 'NONE',  ( 1.000000000000000000, 0.000000000000000000, 0.000000000000000000 ) ) ;
#3192 = LINE ( 'NONE', #1473, #222 ) ;
#3193 = EDGE_CURVE ( 'NONE', #4379, #5419, #106, .T. ) ;
#3194 = EDGE_CURVE ( 'NONE', #1154, #2899, #167, .T. ) ;
#3195 = CARTESIAN_POINT ( 'NONE',  ( 1.666805598043555658, -23.00110714758041297, -27.00000000000000000 ) ) ;
#3196 = EDGE_LOOP ( 'NONE', ( #1355, #4749, #5319, #5125 ) ) ;
#3197 = AXIS2_PLACEMENT_3D ( 'NONE', #189, #1040, #4973 ) ;
#3198 = AXIS2_PLACEMENT_3D ( 'NONE', #3148, #627, #4896 ) ;
#3199 = DIRECTION ( 'NONE',  ( 0.000000000000000000, 1.000000000000000000, 0.000000000000000000 ) ) ;
#3200 = ADVANCED_FACE ( 'NONE', ( #496, #2234 ), #1380, .T. ) ;
#3201 = CARTESIAN_POINT ( 'NONE',  ( 0.000000000000000000, 25.00000000000000000, 0.000000000000000000 ) ) ;
#3202 = ORIENTED_EDGE ( 'NONE', *, *, #1740, .T. ) ;
#3203 = CARTESIAN_POINT ( 'NONE',  ( 8.379555213223520053E-14, -13.06030303803299475, -7.999999999999998224 ) ) ;
#3204 = LINE ( 'NONE', #592, #1194 ) ;
#3205 = AXIS2_PLACEMENT_3D ( 'NONE', #151, #4899, #1520 ) ;
#3206 = AXIS2_PLACEMENT_3D ( 'NONE', #4036, #1564, #3707 ) ;
#3207 = DIRECTION ( 'NONE',  ( 1.000000000000000000, 0.000000000000000000, 0.000000000000000000 ) ) ;
#3208 = EDGE_CURVE ( 'NONE', #1409, #5361, #5408, .T. ) ;
#3209 = DIRECTION ( 'NONE',  ( -1.000000000000000000, 0.000000000000000000, 0.000000000000000000 ) ) ;
#3210 = ORIENTED_EDGE ( 'NONE', *, *, #3367, .T. ) ;
#3211 = DIRECTION ( 'NONE',  ( 1.000000000000000000, -0.000000000000000000, 0.000000000000000000 ) ) ;
#3212 = CARTESIAN_POINT ( 'NONE',  ( -8.499999999999996447, 17.00000000000000000, -21.37171027316250971 ) ) ;
#3213 = CARTESIAN_POINT ( 'NONE',  ( -5.000000000000000000, 27.99999999999999645, -21.00000000000000000 ) ) ;
#3214 = CARTESIAN_POINT ( 'NONE',  ( 12.50000000000000000, 24.00000000000000000, -12.25000000000000000 ) ) ;
#3215 = AXIS2_PLACEMENT_3D ( 'NONE', #4134, #2447, #688 ) ;
#3216 = ORIENTED_EDGE ( 'NONE', *, *, #147, .T. ) ;
#3217 = AXIS2_PLACEMENT_3D ( 'NONE', #2528, #4718, #4188 ) ;
#3218 = ORIENTED_EDGE ( 'NONE', *, *, #1582, .T. ) ;
#3219 = DIRECTION ( 'NONE',  ( 0.000000000000000000, 1.000000000000000000, -0.000000000000000000 ) ) ;
#3220 = DIRECTION ( 'NONE',  ( 0.000000000000000000, 1.000000000000000000, 0.000000000000000000 ) ) ;
#3221 = CYLINDRICAL_SURFACE ( 'NONE', #4909, 1.000000000000001554 ) ;
#3222 = DIRECTION ( 'NONE',  ( 0.000000000000000000, 0.000000000000000000, 1.000000000000000000 ) ) ;
#3223 = ORIENTED_EDGE ( 'NONE', *, *, #4436, .T. ) ;
#3224 = CARTESIAN_POINT ( 'NONE',  ( -17.99999999999999645, 33.99999999999999289, -12.24999999999999467 ) ) ;
#3225 = PLANE ( 'NONE',  #308 ) ;
#3226 = CARTESIAN_POINT ( 'NONE',  ( 12.50000000000000000, 24.00000000000000000, 0.000000000000000000 ) ) ;
#3227 = ORIENTED_EDGE ( 'NONE', *, *, #1510, .F. ) ;
#3228 = EDGE_CURVE ( 'NONE', #2258, #4697, #5229, .T. ) ;
#3229 = CIRCLE ( 'NONE', #3359, 2.100000000000000089 ) ;
#3230 = CYLINDRICAL_SURFACE ( 'NONE', #5497, 10.50000000000000000 ) ;
#3231 = DIRECTION ( 'NONE',  ( 0.000000000000000000, 1.000000000000000000, -0.000000000000000000 ) ) ;
#3232 = ORIENTED_EDGE ( 'NONE', *, *, #1204, .T. ) ;
#3233 = DIRECTION ( 'NONE',  ( 0.000000000000000000, 1.000000000000000000, -0.000000000000000000 ) ) ;
#3234 = DIRECTION ( 'NONE',  ( 1.000000000000000000, 0.000000000000000000, 0.000000000000000000 ) ) ;
#3235 = AXIS2_PLACEMENT_3D ( 'NONE', #4209, #4182, #3763 ) ;
#3236 = EDGE_CURVE ( 'NONE', #2413, #590, #3698, .T. ) ;
#3237 = CARTESIAN_POINT ( 'NONE',  ( -19.98463414722865394, 33.65338727629602289, 7.005420775980661041 ) ) ;
#3238 = DIRECTION ( 'NONE',  ( -1.321694076934710402E-16, 0.000000000000000000, -1.000000000000000000 ) ) ;
#3239 = VERTEX_POINT ( 'NONE', #5397 ) ;
#3240 = DIRECTION ( 'NONE',  ( 0.000000000000000000, 1.000000000000000000, -0.000000000000000000 ) ) ;
#3241 = DIRECTION ( 'NONE',  ( 0.000000000000000000, 1.000000000000000000, -0.000000000000000000 ) ) ;
#3242 = DIRECTION ( 'NONE',  ( 0.000000000000000000, 0.000000000000000000, 1.000000000000000000 ) ) ;
#3243 = FACE_OUTER_BOUND ( 'NONE', #1627, .T. ) ;
#3244 = VECTOR ( 'NONE', #5176, 1000.000000000000000 ) ;
#3245 = ORIENTED_EDGE ( 'NONE', *, *, #3403, .F. ) ;
#3246 = EDGE_CURVE ( 'NONE', #4251, #1172, #1183, .T. ) ;
#3247 = VECTOR ( 'NONE', #2773, 1000.000000000000000 ) ;
#3248 = VECTOR ( 'NONE', #2634, 1000.000000000000000 ) ;
#3249 = EDGE_LOOP ( 'NONE', ( #1828, #848, #2349, #3131 ) ) ;
#3250 = DIRECTION ( 'NONE',  ( 0.000000000000000000, 1.000000000000000000, -0.000000000000000000 ) ) ;
#3251 = DIRECTION ( 'NONE',  ( 0.000000000000000000, 1.000000000000000000, 0.000000000000000000 ) ) ;
#3252 = DIRECTION ( 'NONE',  ( -0.000000000000000000, -1.000000000000000000, 0.000000000000000000 ) ) ;
#3253 = AXIS2_PLACEMENT_3D ( 'NONE', #1360, #3508, #2242 ) ;
#3254 = CARTESIAN_POINT ( 'NONE',  ( 0.000000000000000000, -19.00000000000000000, 0.000000000000000000 ) ) ;
#3255 = ORIENTED_EDGE ( 'NONE', *, *, #2056, .T. ) ;
#3256 = ORIENTED_EDGE ( 'NONE', *, *, #5342, .F. ) ;
#3257 = CARTESIAN_POINT ( 'NONE',  ( -19.99999999999999289, 44.00000000000000000, 3.469446951953614189E-15 ) ) ;
#3258 = DIRECTION ( 'NONE',  ( 1.000000000000000000, 0.000000000000000000, -1.321694076934710402E-16 ) ) ;
#3259 = DIRECTION ( 'NONE',  ( 0.000000000000000000, 1.000000000000000000, -0.000000000000000000 ) ) ;
#3260 = CARTESIAN_POINT ( 'NONE',  ( -8.500000000000000000, 30.00000000000000000, -16.24999999999999289 ) ) ;
#3261 = EDGE_LOOP ( 'NONE', ( #5086, #66 ) ) ;
#3262 = FACE_OUTER_BOUND ( 'NONE', #574, .T. ) ;
#3263 = CARTESIAN_POINT ( 'NONE',  ( 5.000000000000000000, -16.80502757993630780, -27.00000000000000000 ) ) ;
#3264 = CARTESIAN_POINT ( 'NONE',  ( 10.50000000000000000, -22.87544709486370564, -25.62713405747899031 ) ) ;
#3265 = CARTESIAN_POINT ( 'NONE',  ( 8.499999999999996447, -17.00000000000000000, -21.37171027316250971 ) ) ;
#3266 = ORIENTED_EDGE ( 'NONE', *, *, #2857, .F. ) ;
#3267 = LINE ( 'NONE', #1943, #5188 ) ;
#3268 = EDGE_CURVE ( 'NONE', #3273, #5477, #1540, .T. ) ;
#3269 = CARTESIAN_POINT ( 'NONE',  ( 19.00000000000000711, 33.24999999999998579, 32.00000000000000000 ) ) ;
#3270 = ADVANCED_FACE ( 'NONE', ( #4507 ), #3329, .T. ) ;
#3271 = CARTESIAN_POINT ( 'NONE',  ( 11.32842712474619340, 24.00000000000000000, -12.25000000000000000 ) ) ;
#3272 = AXIS2_PLACEMENT_3D ( 'NONE', #2501, #428, #2584 ) ;
#3273 = VERTEX_POINT ( 'NONE', #4090 ) ;
#3274 = VERTEX_POINT ( 'NONE', #2430 ) ;
#3275 = CARTESIAN_POINT ( 'NONE',  ( 17.00000000000000000, 33.24999999999999289, -9.249999999999998224 ) ) ;
#3276 = LINE ( 'NONE', #1125, #699 ) ;
#3277 = ADVANCED_FACE ( 'NONE', ( #249 ), #4148, .F. ) ;
#3278 = CARTESIAN_POINT ( 'NONE',  ( -10.61107117036156566, 22.79328599557552693, -15.45671400442507526 ) ) ;
#3279 = CARTESIAN_POINT ( 'NONE',  ( 7.021739130434780485, -17.00000000000000000, -17.65489109522120970 ) ) ;
#3280 = VERTEX_POINT ( 'NONE', #217 ) ;
#3281 = ORIENTED_EDGE ( 'NONE', *, *, #1621, .F. ) ;
#3282 = EDGE_CURVE ( 'NONE', #1584, #3442, #278, .T. ) ;
#3283 = CARTESIAN_POINT ( 'NONE',  ( 5.000000000000000000, -22.94660307113852227, -27.00000000000000000 ) ) ;
#3284 = CALENDAR_DATE ( 2026, 7, 1 ) ;
#3285 = LOCAL_TIME ( 16, 15, 49.00000000000000000, #3589 ) ;
#3286 = DIRECTION ( 'NONE',  ( 0.000000000000000000, 1.000000000000000000, 0.000000000000000000 ) ) ;
#3287 = DIRECTION ( 'NONE',  ( 0.000000000000000000, 0.000000000000000000, 1.000000000000000000 ) ) ;
#3288 = VERTEX_POINT ( 'NONE', #1954 ) ;
#3289 = CYLINDRICAL_SURFACE ( 'NONE', #4887, 2.100000000000000533 ) ;
#3290 = CARTESIAN_POINT ( 'NONE',  ( -50.40559159102153330, 30.00000000000000000, 8.750000000000003553 ) ) ;
#3291 = VECTOR ( 'NONE', #280, 1000.000000000000000 ) ;
#3292 = ORIENTED_EDGE ( 'NONE', *, *, #3750, .F. ) ;
#3293 = CARTESIAN_POINT ( 'NONE',  ( -17.99999999999999645, 36.00000000000000000, -12.24999999999999467 ) ) ;
#3294 = DIRECTION ( 'NONE',  ( -0.000000000000000000, -0.000000000000000000, 1.000000000000000000 ) ) ;
#3295 = ORIENTED_EDGE ( 'NONE', *, *, #1562, .T. ) ;
#3296 = FACE_OUTER_BOUND ( 'NONE', #2251, .T. ) ;
#3297 = CARTESIAN_POINT ( 'NONE',  ( -16.99999999999999289, 33.24999999999999289, -7.999999999999996447 ) ) ;
#3298 = DIRECTION ( 'NONE',  ( 0.000000000000000000, 1.000000000000000000, 0.000000000000000000 ) ) ;
#3299 = VERTEX_POINT ( 'NONE', #1532 ) ;
#3300 = CIRCLE ( 'NONE', #2397, 1.999999999999998224 ) ;
#3301 = EDGE_CURVE ( 'NONE', #3578, #3493, #979, .T. ) ;
#3302 = ORIENTED_EDGE ( 'NONE', *, *, #837, .F. ) ;
#3303 = FACE_OUTER_BOUND ( 'NONE', #1823, .T. ) ;
#3304 = DIRECTION ( 'NONE',  ( -1.000000000000000000, 0.000000000000000000, -1.734723475976807094E-15 ) ) ;
#3305 = DIRECTION ( 'NONE',  ( 0.000000000000000000, 0.000000000000000000, -1.000000000000000000 ) ) ;
#3306 = CARTESIAN_POINT ( 'NONE',  ( 8.000000000000000000, 25.00000000000000000, 0.000000000000000000 ) ) ;
#3307 = ORIENTED_EDGE ( 'NONE', *, *, #304, .F. ) ;
#3308 = DIRECTION ( 'NONE',  ( -1.000000000000000000, 0.000000000000000000, 0.000000000000000000 ) ) ;
#3309 = ADVANCED_FACE ( 'NONE', ( #2827 ), #2457, .F. ) ;
#3310 = CARTESIAN_POINT ( 'NONE',  ( 10.50000000000000000, 29.99999999999998579, -25.62713405747899031 ) ) ;
#3311 = COORDINATED_UNIVERSAL_TIME_OFFSET ( 8, 0, .BEHIND. ) ;
#3312 = ORIENTED_EDGE ( 'NONE', *, *, #1195, .F. ) ;
#3313 = EDGE_CURVE ( 'NONE', #2624, #3629, #3755, .T. ) ;
#3314 = LINE ( 'NONE', #2944, #5106 ) ;
#3315 = DIRECTION ( 'NONE',  ( 0.000000000000000000, 1.000000000000000000, -0.000000000000000000 ) ) ;
#3316 = CARTESIAN_POINT ( 'NONE',  ( 18.26415789251869981, 35.98680741645743097, -7.185760639257655846 ) ) ;
#3317 = EDGE_LOOP ( 'NONE', ( #4150, #564, #5114, #2219 ) ) ;
#3318 = DIRECTION ( 'NONE',  ( 0.000000000000000000, 1.000000000000000000, -0.000000000000000000 ) ) ;
#3319 = CARTESIAN_POINT ( 'NONE',  ( 8.500000000000000000, 30.00000000000000000, -16.24999999999999645 ) ) ;
#3320 = ORIENTED_EDGE ( 'NONE', *, *, #2036, .T. ) ;
#3321 = CARTESIAN_POINT ( 'NONE',  ( -19.84123849896893788, 34.80421365279930512, 33.64316644475741214 ) ) ;
#3322 = DIRECTION ( 'NONE',  ( 0.000000000000000000, 1.000000000000000000, -0.000000000000000000 ) ) ;
#3323 = CARTESIAN_POINT ( 'NONE',  ( -10.50000000000000000, 27.99999999999999645, -16.24999999999999289 ) ) ;
#3324 = ORIENTED_EDGE ( 'NONE', *, *, #2131, .T. ) ;
#3325 = ORIENTED_EDGE ( 'NONE', *, *, #5245, .F. ) ;
#3326 = CARTESIAN_POINT ( 'NONE',  ( 10.53027129864953082, 30.03027129864953793, -15.45438453630163522 ) ) ;
#3327 = PLANE ( 'NONE',  #2956 ) ;
#3328 = DIRECTION ( 'NONE',  ( 0.000000000000000000, 0.000000000000000000, 1.000000000000000000 ) ) ;
#3329 = SPHERICAL_SURFACE ( 'NONE', #1254, 2.000000000000000000 ) ;
#3330 = EDGE_LOOP ( 'NONE', ( #5195, #2781 ) ) ;
#3331 = DIRECTION ( 'NONE',  ( 1.000000000000000000, -0.000000000000000000, -1.734723475976806848E-16 ) ) ;
#3332 = VECTOR ( 'NONE', #135, 1000.000000000000000 ) ;
#3333 = AXIS2_PLACEMENT_3D ( 'NONE', #504, #1331, #3088 ) ;
#3334 = AXIS2_PLACEMENT_3D ( 'NONE', #2227, #2255, #3971 ) ;
#3335 = DIRECTION ( 'NONE',  ( 0.000000000000000000, 0.000000000000000000, -1.000000000000000000 ) ) ;
#3336 = EDGE_CURVE ( 'NONE', #4697, #4895, #1561, .T. ) ;
#3337 = EDGE_CURVE ( 'NONE', #2933, #3613, #5503, .T. ) ;
#3338 = CARTESIAN_POINT ( 'NONE',  ( 6.123233995736766282E-16, 25.00000000000000000, 5.000000000000000000 ) ) ;
#3339 = CARTESIAN_POINT ( 'NONE',  ( -10.53027129864924483, 30.03027129864952727, -15.45438453630162989 ) ) ;
#3340 = CARTESIAN_POINT ( 'NONE',  ( 8.379555213223520053E-14, -23.00000000000000000, -7.999999999999998224 ) ) ;
#3341 = ADVANCED_FACE ( 'NONE', ( #2854 ), #5450, .T. ) ;
#3342 = ORIENTED_EDGE ( 'NONE', *, *, #4880, .T. ) ;
#3343 = CARTESIAN_POINT ( 'NONE',  ( -16.99999999999999289, 30.00000000000000000, -14.24999999999999467 ) ) ;
#3344 = ORIENTED_EDGE ( 'NONE', *, *, #2515, .F. ) ;
#3345 = DIRECTION ( 'NONE',  ( -1.000000000000000000, 0.000000000000000000, 1.734723475976806848E-16 ) ) ;
#3346 = CYLINDRICAL_SURFACE ( 'NONE', #2911, 2.000000000000001776 ) ;
#3347 = EDGE_CURVE ( 'NONE', #1689, #2526, #4586, .T. ) ;
#3348 = DIRECTION ( 'NONE',  ( 0.000000000000000000, 0.000000000000000000, -1.000000000000000000 ) ) ;
#3349 = EDGE_LOOP ( 'NONE', ( #3133, #3564, #861, #1674 ) ) ;
#3350 = EDGE_LOOP ( 'NONE', ( #5241, #5363, #18 ) ) ;
#3351 = DIRECTION ( 'NONE',  ( -0.000000000000000000, -1.000000000000000000, -0.000000000000000000 ) ) ;
#3352 = CARTESIAN_POINT ( 'NONE',  ( 19.92034532728714780, 33.24999999999999289, -5.749999999999993783 ) ) ;
#3353 = CARTESIAN_POINT ( 'NONE',  ( 18.30351817412852711, 36.00000000000000000, 7.207349676576322750 ) ) ;
#3354 = DIRECTION ( 'NONE',  ( 0.000000000000000000, 0.000000000000000000, -1.000000000000000000 ) ) ;
#3355 = ORIENTED_EDGE ( 'NONE', *, *, #3920, .F. ) ;
#3356 = APPLICATION_CONTEXT ( 'configuration controlled 3d designs of mechanical parts and assemblies' ) ;
#3357 = CYLINDRICAL_SURFACE ( 'NONE', #5102, 2.000000000000001776 ) ;
#3358 = VERTEX_POINT ( 'NONE', #4177 ) ;
#3359 = AXIS2_PLACEMENT_3D ( 'NONE', #2590, #5580, #1207 ) ;
#3360 = AXIS2_PLACEMENT_3D ( 'NONE', #2753, #3233, #1571 ) ;
#3361 = FACE_OUTER_BOUND ( 'NONE', #1365, .T. ) ;
#3362 = EDGE_CURVE ( 'NONE', #772, #3175, #438, .T. ) ;
#3363 = DIRECTION ( 'NONE',  ( 0.000000000000000000, 1.000000000000000000, -0.000000000000000000 ) ) ;
#3364 = CARTESIAN_POINT ( 'NONE',  ( -10.69490087492375352, 30.19490087492348707, -15.16628278553867304 ) ) ;
#3365 = DIRECTION ( 'NONE',  ( 1.000000000000000000, -0.000000000000000000, 0.000000000000000000 ) ) ;
#3366 = ORIENTED_EDGE ( 'NONE', *, *, #637, .T. ) ;
#3367 = EDGE_CURVE ( 'NONE', #4841, #4938, #3869, .T. ) ;
#3368 = LINE ( 'NONE', #2473, #1760 ) ;
#3369 = CARTESIAN_POINT ( 'NONE',  ( 0.000000000000000000, 30.00000000000000000, -21.00000000000000000 ) ) ;
#3370 = VERTEX_POINT ( 'NONE', #41 ) ;
#3371 = CARTESIAN_POINT ( 'NONE',  ( -19.84146931769480204, 34.80409787131613797, 30.35644906889188022 ) ) ;
#3373 = DIRECTION ( 'NONE',  ( 0.000000000000000000, 0.000000000000000000, 1.000000000000000000 ) ) ;
#3372 = CIRCLE ( 'NONE', #927, 2.000000000000001776 ) ;
#3374 = CARTESIAN_POINT ( 'NONE',  ( 19.77281627141500309, 35.06199824515788066, 7.707243550830874312 ) ) ;
#3375 = ORIENTED_EDGE ( 'NONE', *, *, #731, .F. ) ;
#3376 = ADVANCED_FACE ( 'NONE', ( #1776, #2172 ), #4299, .T. ) ;
#3377 = AXIS2_PLACEMENT_3D ( 'NONE', #3586, #2776, #5372 ) ;
#3378 = ORIENTED_EDGE ( 'NONE', *, *, #2623, .T. ) ;
#3379 = CARTESIAN_POINT ( 'NONE',  ( 6.123233995736766282E-16, 25.00000000000000000, 5.000000000000000000 ) ) ;
#3380 = CARTESIAN_POINT ( 'NONE',  ( 8.000000000000000000, 20.99999999999999645, 0.000000000000000000 ) ) ;
#3381 = CARTESIAN_POINT ( 'NONE',  ( -8.000000000000000000, -13.06030303803299475, -5.586370142149013368E-14 ) ) ;
#3382 = CARTESIAN_POINT ( 'NONE',  ( -16.99999999999999289, 36.00000000000000000, -11.24999999999999645 ) ) ;
#3383 = EDGE_LOOP ( 'NONE', ( #1956, #2950, #4064, #4559, #1358, #643, #201, #3918 ) ) ;
#3384 = AXIS2_PLACEMENT_3D ( 'NONE', #269, #3180, #5357 ) ;
#3385 = DIRECTION ( 'NONE',  ( 1.000000000000000000, -0.000000000000000000, -0.000000000000000000 ) ) ;
#3386 = CYLINDRICAL_SURFACE ( 'NONE', #3187, 2.100000000000000533 ) ;
#3387 = CARTESIAN_POINT ( 'NONE',  ( -19.99999999999999289, 36.00000000000000000, 6.750000000000006217 ) ) ;
#3388 = TOROIDAL_SURFACE ( 'NONE', #2329, 12.75000000000000000, 2.000000000000000000 ) ;
#3389 = VECTOR ( 'NONE', #1861, 1000.000000000000000 ) ;
#3390 = PLANE ( 'NONE',  #2788 ) ;
#3391 = AXIS2_PLACEMENT_3D ( 'NONE', #4240, #4639, #5124 ) ;
#3392 = CARTESIAN_POINT ( 'NONE',  ( -12.23815341150750591, 31.47630682300858851, -14.24999999999999289 ) ) ;
#3393 = VERTEX_POINT ( 'NONE', #3914 ) ;
#3394 = EDGE_CURVE ( 'NONE', #2512, #4841, #1525, .T. ) ;
#3395 = CARTESIAN_POINT ( 'NONE',  ( -10.29931838428968227, -22.38715108690410105, -26.52841936618176888 ) ) ;
#3396 = DIRECTION ( 'NONE',  ( 0.000000000000000000, 0.000000000000000000, -1.000000000000000000 ) ) ;
#3397 = VERTEX_POINT ( 'NONE', #1208 ) ;
#3398 = CYLINDRICAL_SURFACE ( 'NONE', #5165, 10.50000000000000000 ) ;
#3399 = LINE ( 'NONE', #2980, #3000 ) ;
#3400 =( BOUNDED_CURVE ( )  B_SPLINE_CURVE ( 3, ( #5140, #2514, #3810, #305 ),
 .UNSPECIFIED., .F., .T. ) 
 B_SPLINE_CURVE_WITH_KNOTS ( ( 4, 4 ),
 ( 1.570796326794896558, 3.141592653589791340 ),
 .UNSPECIFIED. ) 
 CURVE ( )  GEOMETRIC_REPRESENTATION_ITEM ( )  RATIONAL_B_SPLINE_CURVE ( ( 1.000000000000000000, 0.8047378541243654926, 0.8047378541243654926, 1.000000000000000000 ) ) 
 REPRESENTATION_ITEM ( '' )  );
#3401 = DIRECTION ( 'NONE',  ( 0.000000000000000000, 1.000000000000000000, -0.000000000000000000 ) ) ;
#3402 = ADVANCED_FACE ( 'NONE', ( #3808 ), #4276, .F. ) ;
#3403 = EDGE_CURVE ( 'NONE', #1440, #3155, #2886, .T. ) ;
#3404 = ORIENTED_EDGE ( 'NONE', *, *, #1231, .F. ) ;
#3405 = VECTOR ( 'NONE', #1499, 1000.000000000000000 ) ;
#3406 = ORIENTED_EDGE ( 'NONE', *, *, #2380, .F. ) ;
#3407 = CARTESIAN_POINT ( 'NONE',  ( 10.72739517588750502, 31.11369758794382889, -14.45233407885286780 ) ) ;
#3408 = DIRECTION ( 'NONE',  ( 1.000000000000000000, -0.000000000000000000, -0.000000000000000000 ) ) ;
#3409 = CARTESIAN_POINT ( 'NONE',  ( -11.61369758836262633, 23.79766592132060055, -12.65466815735866746 ) ) ;
#3410 = DIRECTION ( 'NONE',  ( 0.000000000000000000, 0.000000000000000000, -1.000000000000000000 ) ) ;
#3411 = EDGE_CURVE ( 'NONE', #4356, #1769, #2511, .T. ) ;
#3412 = ORIENTED_EDGE ( 'NONE', *, *, #2365, .F. ) ;
#3413 = CYLINDRICAL_SURFACE ( 'NONE', #1533, 2.000000000000001776 ) ;
#3414 = CARTESIAN_POINT ( 'NONE',  ( 0.000000000000000000, 30.00000000000000000, 0.000000000000000000 ) ) ;
#3415 = DIRECTION ( 'NONE',  ( 0.000000000000000000, 0.000000000000000000, -1.000000000000000000 ) ) ;
#3416 = B_SPLINE_CURVE_WITH_KNOTS ( 'NONE', 3,
 ( #1132, #5085, #5057, #1186 ),
 .UNSPECIFIED., .F., .F.,
 ( 4, 4 ),
 ( 0.000000000000000000, 0.0007626871011350049500 ),
 .UNSPECIFIED. ) ;
#3417 = CIRCLE ( 'NONE', #4768, 2.250000000000001776 ) ;
#3418 = EDGE_CURVE ( 'NONE', #1551, #3803, #5586, .T. ) ;
#3419 = AXIS2_PLACEMENT_3D ( 'NONE', #1588, #1069, #4202 ) ;
#3420 = CARTESIAN_POINT ( 'NONE',  ( -17.99999999999999645, 36.00000000000000000, 6.750000000000006217 ) ) ;
#3421 = VECTOR ( 'NONE', #194, 1000.000000000000000 ) ;
#3422 = DIRECTION ( 'NONE',  ( 0.000000000000000000, 0.000000000000000000, 1.000000000000000000 ) ) ;
#3423 = EDGE_LOOP ( 'NONE', ( #3491, #3643, #3121, #4904 ) ) ;
#3424 = DIRECTION ( 'NONE',  ( 0.000000000000000000, 1.000000000000000000, 0.000000000000000000 ) ) ;
#3425 = DIRECTION ( 'NONE',  ( 0.000000000000000000, 0.000000000000000000, 1.000000000000000000 ) ) ;
#3426 = ORIENTED_EDGE ( 'NONE', *, *, #3228, .F. ) ;
#3427 = LINE ( 'NONE', #5153, #2014 ) ;
#3428 = DIRECTION ( 'NONE',  ( 0.000000000000000000, 0.000000000000000000, 1.000000000000000000 ) ) ;
#3429 = CARTESIAN_POINT ( 'NONE',  ( 0.000000000000000000, -23.00000000000000000, 0.000000000000000000 ) ) ;
#3430 = VERTEX_POINT ( 'NONE', #1695 ) ;
#3431 = EDGE_CURVE ( 'NONE', #3175, #772, #2876, .T. ) ;
#3432 = ORIENTED_EDGE ( 'NONE', *, *, #1122, .T. ) ;
#3433 = CARTESIAN_POINT ( 'NONE',  ( -5.000000000000000000, -20.99999999999999645, -21.00000000000000000 ) ) ;
#3434 = CARTESIAN_POINT ( 'NONE',  ( 19.97025529227434149, 33.05549253353792949, -5.749999999999993783 ) ) ;
#3435 = CARTESIAN_POINT ( 'NONE',  ( -11.01306017721810804, 23.43776282593378113, -14.81223717406795082 ) ) ;
#3436 = CARTESIAN_POINT ( 'NONE',  ( -17.99999999999999645, 33.99999999999999289, 36.25000000000000000 ) ) ;
#3437 = VERTEX_POINT ( 'NONE', #4228 ) ;
#3438 = EDGE_LOOP ( 'NONE', ( #1322, #1395, #826, #3579 ) ) ;
#3439 = EDGE_CURVE ( 'NONE', #476, #905, #356, .T. ) ;
#3440 = DIRECTION ( 'NONE',  ( 0.9491531132399629866, -0.000000000000000000, -0.3148148148148148251 ) ) ;
#3441 = CARTESIAN_POINT ( 'NONE',  ( 11.28002041708998782, 23.59021525174201273, -13.06956949651589994 ) ) ;
#3442 = VERTEX_POINT ( 'NONE', #4680 ) ;
#3443 = CIRCLE ( 'NONE', #1006, 2.000000000000001776 ) ;
#3444 = VECTOR ( 'NONE', #3852, 1000.000000000000000 ) ;
#3445 = EDGE_CURVE ( 'NONE', #816, #4561, #423, .T. ) ;
#3446 = FACE_OUTER_BOUND ( 'NONE', #5326, .T. ) ;
#3447 = DIRECTION ( 'NONE',  ( 1.000000000000000000, 0.000000000000000000, 0.000000000000000000 ) ) ;
#3448 = VECTOR ( 'NONE', #4722, 1000.000000000000000 ) ;
#3449 = ORIENTED_EDGE ( 'NONE', *, *, #5410, .T. ) ;
#3450 = CARTESIAN_POINT ( 'NONE',  ( -8.000000000000000000, -23.00000000000000000, 0.9999999999999453770 ) ) ;
#3451 = CYLINDRICAL_SURFACE ( 'NONE', #3333, 2.249999999999998668 ) ;
#3452 = ORIENTED_EDGE ( 'NONE', *, *, #972, .F. ) ;
#3453 = LINE ( 'NONE', #3145, #2101 ) ;
#3454 = CARTESIAN_POINT ( 'NONE',  ( 19.76084720761417302, 34.96084476629567206, 30.52147173361537114 ) ) ;
#3455 = CARTESIAN_POINT ( 'NONE',  ( -19.99999999999998579, 36.00000000000000000, 35.24999999999999289 ) ) ;
#3456 = EDGE_LOOP ( 'NONE', ( #5334, #4846, #3104, #2978 ) ) ;
#3457 = ORIENTED_EDGE ( 'NONE', *, *, #3822, .F. ) ;
#3458 = DIRECTION ( 'NONE',  ( 0.000000000000000000, 0.000000000000000000, 1.000000000000000000 ) ) ;
#3459 = DIRECTION ( 'NONE',  ( 1.000000000000000000, 0.000000000000000000, -1.734723475976806848E-16 ) ) ;
#3460 = CARTESIAN_POINT ( 'NONE',  ( -11.98143486427002813, 23.93603329762803256, -12.37793340474382298 ) ) ;
#3461 = DIRECTION ( 'NONE',  ( 0.000000000000000000, 0.000000000000000000, -1.000000000000000000 ) ) ;
#3462 = ORIENTED_EDGE ( 'NONE', *, *, #4850, .F. ) ;
#3463 = EDGE_LOOP ( 'NONE', ( #4141, #1309, #426, #2766 ) ) ;
#3464 = AXIS2_PLACEMENT_3D ( 'NONE', #2280, #2675, #4470 ) ;
#3465 = ADVANCED_FACE ( 'NONE', ( #460 ), #2146, .T. ) ;
#3466 = ORIENTED_EDGE ( 'NONE', *, *, #707, .F. ) ;
#3467 = CIRCLE ( 'NONE', #2482, 2.100000000000000089 ) ;
#3468 = CARTESIAN_POINT ( 'NONE',  ( 0.000000000000000000, 25.00000000000000000, 0.000000000000000000 ) ) ;
#3469 = CARTESIAN_POINT ( 'NONE',  ( 11.85556868217698856, 23.89785220872452953, -12.45429558255122870 ) ) ;
#3470 = CARTESIAN_POINT ( 'NONE',  ( 6.288372600415924140E-15, 24.00000000000000000, 36.25000000000000000 ) ) ;
#3471 = AXIS2_PLACEMENT_3D ( 'NONE', #2446, #2049, #2948 ) ;
#3472 = ORIENTED_EDGE ( 'NONE', *, *, #2996, .T. ) ;
#3473 = ORIENTED_EDGE ( 'NONE', *, *, #1394, .F. ) ;
#3474 = EDGE_CURVE ( 'NONE', #2348, #582, #1443, .T. ) ;
#3475 = CARTESIAN_POINT ( 'NONE',  ( -8.000000000000000000, 19.00000000000000000, -5.586370142149013368E-14 ) ) ;
#3476 = CARTESIAN_POINT ( 'NONE',  ( 7.021739130434778708, 19.00000000000000000, -17.65489109522120259 ) ) ;
#3477 = VERTEX_POINT ( 'NONE', #4703 ) ;
#3478 = EDGE_CURVE ( 'NONE', #3102, #1172, #1648, .T. ) ;
#3479 = CARTESIAN_POINT ( 'NONE',  ( -19.99999999999999289, 33.99999999999999289, 34.12132034355964549 ) ) ;
#3480 = FACE_OUTER_BOUND ( 'NONE', #4172, .T. ) ;
#3481 = ORIENTED_EDGE ( 'NONE', *, *, #1629, .T. ) ;
#3482 = CARTESIAN_POINT ( 'NONE',  ( 18.00000000000001066, 30.00000000000000000, -14.25000000000000178 ) ) ;
#3483 = LINE ( 'NONE', #1795, #4337 ) ;
#3484 = DIRECTION ( 'NONE',  ( 0.000000000000000000, 0.000000000000000000, 1.000000000000000000 ) ) ;
#3485 = ORIENTED_EDGE ( 'NONE', *, *, #2415, .F. ) ;
#3486 = ORIENTED_EDGE ( 'NONE', *, *, #2861, .T. ) ;
#3487 = CARTESIAN_POINT ( 'NONE',  ( -19.99999999999999289, 27.99999999999999645, 6.750000000000006217 ) ) ;
#3488 = DIRECTION ( 'NONE',  ( -0.000000000000000000, -1.734723475976808672E-15, -1.000000000000000000 ) ) ;
#3489 = FACE_OUTER_BOUND ( 'NONE', #1178, .T. ) ;
#3490 = ORIENTED_EDGE ( 'NONE', *, *, #296, .F. ) ;
#3491 = ORIENTED_EDGE ( 'NONE', *, *, #5574, .F. ) ;
#3492 = AXIS2_PLACEMENT_3D ( 'NONE', #3778, #1665, #5079 ) ;
#3493 = VERTEX_POINT ( 'NONE', #831 ) ;
#3494 = LINE ( 'NONE', #1671, #3817 ) ;
#3495 = CARTESIAN_POINT ( 'NONE',  ( -16.99999999999999289, 33.24999999999999289, -9.249999999999998224 ) ) ;
#3496 = CARTESIAN_POINT ( 'NONE',  ( 18.00000000000001066, 24.00000000000000000, 36.24999999999999289 ) ) ;
#3497 = AXIS2_PLACEMENT_3D ( 'NONE', #281, #2044, #4605 ) ;
#3498 = ORIENTED_EDGE ( 'NONE', *, *, #5128, .T. ) ;
#3499 = CIRCLE ( 'NONE', #612, 10.50000000000000000 ) ;
#3500 = CARTESIAN_POINT ( 'NONE',  ( -8.499999999999996447, 17.00000000000000711, -21.37171027316250971 ) ) ;
#3501 = EDGE_CURVE ( 'NONE', #4554, #653, #2347, .T. ) ;
#3502 = EDGE_CURVE ( 'NONE', #727, #4583, #887, .T. ) ;
#3503 = DIRECTION ( 'NONE',  ( 0.000000000000000000, -0.000000000000000000, 1.000000000000000000 ) ) ;
#3504 = VERTEX_POINT ( 'NONE', #2733 ) ;
#3505 = EDGE_LOOP ( 'NONE', ( #4319, #1563, #3266, #274, #3607, #3989, #1318, #4875 ) ) ;
#3506 = AXIS2_PLACEMENT_3D ( 'NONE', #4461, #2358, #3234 ) ;
#3507 = AXIS2_PLACEMENT_3D ( 'NONE', #1386, #4714, #4396 ) ;
#3508 = DIRECTION ( 'NONE',  ( -0.000000000000000000, -1.000000000000000000, 0.000000000000000000 ) ) ;
#3509 = EDGE_CURVE ( 'NONE', #1289, #3175, #1373, .T. ) ;
#3510 = CARTESIAN_POINT ( 'NONE',  ( 0.000000000000000000, -23.00000000000000000, 5.000000000000000000 ) ) ;
#3511 = VERTEX_POINT ( 'NONE', #4027 ) ;
#3512 = CARTESIAN_POINT ( 'NONE',  ( 19.40987863616340903, 35.41853524146917920, -7.400037579088317052 ) ) ;
#3513 = AXIS2_PLACEMENT_3D ( 'NONE', #651, #199, #4863 ) ;
#3514 = CARTESIAN_POINT ( 'NONE',  ( 0.000000000000000000, 22.00000000000000000, 10.50000000000000000 ) ) ;
#3515 = ORIENTED_EDGE ( 'NONE', *, *, #2651, .F. ) ;
#3516 = EDGE_CURVE ( 'NONE', #4698, #1258, #156, .T. ) ;
#3517 = VERTEX_POINT ( 'NONE', #2282 ) ;
#3518 = CARTESIAN_POINT ( 'NONE',  ( 0.000000000000000000, -17.00000000000000000, 0.000000000000000000 ) ) ;
#3519 = CARTESIAN_POINT ( 'NONE',  ( 0.000000000000000000, 30.00000000000000000, 0.000000000000000000 ) ) ;
#3520 = DIRECTION ( 'NONE',  ( 0.000000000000000000, 0.000000000000000000, 1.000000000000000000 ) ) ;
#3521 = CARTESIAN_POINT ( 'NONE',  ( -19.99999999999999289, 33.24999999999998579, 32.00000000000000000 ) ) ;
#3522 = ORIENTED_EDGE ( 'NONE', *, *, #1175, .T. ) ;
#3523 = ORIENTED_EDGE ( 'NONE', *, *, #5591, .T. ) ;
#3524 = EDGE_LOOP ( 'NONE', ( #3481, #3580, #4462, #2735 ) ) ;
#3525 = CARTESIAN_POINT ( 'NONE',  ( 11.98143486427004056, 23.93603329762803256, -12.37793340474373593 ) ) ;
#3526 = CYLINDRICAL_SURFACE ( 'NONE', #2520, 2.000000000000001776 ) ;
#3527 = VERTEX_POINT ( 'NONE', #969 ) ;
#3528 = CARTESIAN_POINT ( 'NONE',  ( -10.50000000000000000, 18.70302834988561713, -19.24086671083234279 ) ) ;
#3529 = DIRECTION ( 'NONE',  ( -1.000000000000000000, 0.000000000000000000, 0.000000000000000000 ) ) ;
#3530 = CALENDAR_DATE ( 2026, 7, 1 ) ;
#3531 = B_SPLINE_CURVE_WITH_KNOTS ( 'NONE', 3,
 ( #1412, #4853, #2260, #609, #1812, #580, #978, #4879, #4033, #1008 ),
 .UNSPECIFIED., .F., .F.,
 ( 4, 2, 2, 2, 4 ),
 ( 0.001644489156295310091, 0.002040371410961997964, 0.002436253665628686053, 0.002832135920295374143, 0.003228018174962062233 ),
 .UNSPECIFIED. ) ;
#3532 = ADVANCED_FACE ( 'NONE', ( #2310 ), #573, .F. ) ;
#3533 = DIRECTION ( 'NONE',  ( 0.000000000000000000, 0.000000000000000000, 1.000000000000000000 ) ) ;
#3534 = AXIS2_PLACEMENT_3D ( 'NONE', #1117, #270, #2422 ) ;
#3535 = CYLINDRICAL_SURFACE ( 'NONE', #3696, 5.000000000000000000 ) ;
#3536 = ORIENTED_EDGE ( 'NONE', *, *, #4885, .F. ) ;
#3537 = DIRECTION ( 'NONE',  ( -0.000000000000000000, 1.000000000000000000, -0.000000000000000000 ) ) ;
#3538 = VECTOR ( 'NONE', #293, 1000.000000000000000 ) ;
#3539 = CARTESIAN_POINT ( 'NONE',  ( 19.71924397817737784, 35.02471847049456244, 33.38753915282976692 ) ) ;
#3540 = EDGE_LOOP ( 'NONE', ( #129, #5074, #1849, #1809 ) ) ;
#3541 = EDGE_CURVE ( 'NONE', #2843, #1906, #4575, .T. ) ;
#3542 = ORIENTED_EDGE ( 'NONE', *, *, #1131, .F. ) ;
#3543 = CARTESIAN_POINT ( 'NONE',  ( 8.379555213223520053E-14, -20.99999999999999645, -6.999999999999996447 ) ) ;
#3544 = CARTESIAN_POINT ( 'NONE',  ( 8.000000000000000000, -23.00000000000000000, 0.000000000000000000 ) ) ;
#3545 = DIRECTION ( 'NONE',  ( -1.000000000000000000, 0.000000000000000000, 0.000000000000000000 ) ) ;
#3546 = CARTESIAN_POINT ( 'NONE',  ( -8.499999999999996447, 17.00000000000000711, -21.37171027316250971 ) ) ;
#3547 = ORIENTED_EDGE ( 'NONE', *, *, #5583, .T. ) ;
#3548 = EDGE_LOOP ( 'NONE', ( #3697, #317, #2635 ) ) ;
#3549 = EDGE_CURVE ( 'NONE', #254, #374, #99, .T. ) ;
#3550 = ORIENTED_EDGE ( 'NONE', *, *, #1290, .F. ) ;
#3551 = EDGE_LOOP ( 'NONE', ( #2431, #2327, #3078, #5011, #1129, #95 ) ) ;
#3552 = CARTESIAN_POINT ( 'NONE',  ( -3.333630017409791257, 29.99221555918932225, -27.00000000000000711 ) ) ;
#3553 = CARTESIAN_POINT ( 'NONE',  ( 10.50000000000000000, -19.00000000000000355, -18.25425897804644393 ) ) ;
#3554 = CIRCLE ( 'NONE', #839, 2.100000000000000977 ) ;
#3555 = ORIENTED_EDGE ( 'NONE', *, *, #4429, .F. ) ;
#3556 = CARTESIAN_POINT ( 'NONE',  ( 8.499999999999996447, -17.00000000000000000, -17.37171027316250971 ) ) ;
#3557 = DIRECTION ( 'NONE',  ( -1.000000000000000000, 0.000000000000000000, 0.000000000000000000 ) ) ;
#3558 = CIRCLE ( 'NONE', #1854, 5.000000000000000000 ) ;
#3559 = DIRECTION ( 'NONE',  ( -0.000000000000000000, -1.000000000000000000, -0.000000000000000000 ) ) ;
#3560 = ORIENTED_EDGE ( 'NONE', *, *, #5336, .T. ) ;
#3561 = CIRCLE ( 'NONE', #133, 1.000000000000001332 ) ;
#3562 = DIRECTION ( 'NONE',  ( 1.000000000000000000, -0.000000000000000000, 0.000000000000000000 ) ) ;
#3563 = CARTESIAN_POINT ( 'NONE',  ( -19.37204985977747640, 35.45613316790732483, -7.535933471306757170 ) ) ;
#3564 = ORIENTED_EDGE ( 'NONE', *, *, #3831, .T. ) ;
#3565 = CARTESIAN_POINT ( 'NONE',  ( 19.44018900334921440, 34.38813977896784735, -6.055569893893261835 ) ) ;
#3566 = CARTESIAN_POINT ( 'NONE',  ( 19.50619982294987764, 35.31953727341632288, 31.08730267463542063 ) ) ;
#3567 = ADVANCED_FACE ( 'NONE', ( #4412 ), #1433, .F. ) ;
#3568 = VERTEX_POINT ( 'NONE', #4902 ) ;
#3569 = CIRCLE ( 'NONE', #1223, 2.000000000000000000 ) ;
#3570 = ORIENTED_EDGE ( 'NONE', *, *, #809, .T. ) ;
#3571 = LINE ( 'NONE', #124, #3022 ) ;
#3572 = EDGE_CURVE ( 'NONE', #2903, #537, #5047, .T. ) ;
#3573 = CIRCLE ( 'NONE', #4560, 2.100000000000000977 ) ;
#3574 = CARTESIAN_POINT ( 'NONE',  ( 6.123233995736766282E-16, -23.00000000000000000, -5.000000000000000000 ) ) ;
#3575 = ADVANCED_FACE ( 'NONE', ( #1463 ), #1833, .T. ) ;
#3576 = LINE ( 'NONE', #3604, #1940 ) ;
#3577 = CARTESIAN_POINT ( 'NONE',  ( 8.499999999999996447, 19.00000000000000000, -21.37171027316250971 ) ) ;
#3578 = VERTEX_POINT ( 'NONE', #943 ) ;
#3579 = ORIENTED_EDGE ( 'NONE', *, *, #5212, .F. ) ;
#3580 = ORIENTED_EDGE ( 'NONE', *, *, #4474, .F. ) ;
#3581 = EDGE_CURVE ( 'NONE', #2092, #920, #5469, .T. ) ;
#3582 = CARTESIAN_POINT ( 'NONE',  ( 0.8335098598765935396, 30.00000000000000000, -27.00000000000000355 ) ) ;
#3583 = CYLINDRICAL_SURFACE ( 'NONE', #1162, 2.000000000000001776 ) ;
#3584 = ORIENTED_EDGE ( 'NONE', *, *, #776, .T. ) ;
#3585 = AXIS2_PLACEMENT_3D ( 'NONE', #4199, #1639, #775 ) ;
#3586 = CARTESIAN_POINT ( 'NONE',  ( -12.50000000000000000, 22.00000000000000000, -2.296212748401287183E-15 ) ) ;
#3587 = EDGE_CURVE ( 'NONE', #1157, #1716, #4471, .T. ) ;
#3588 = PLANE ( 'NONE',  #1542 ) ;
#3589 = COORDINATED_UNIVERSAL_TIME_OFFSET ( 8, 0, .BEHIND. ) ;
#3590 = FACE_OUTER_BOUND ( 'NONE', #5465, .T. ) ;
#3591 = CARTESIAN_POINT ( 'NONE',  ( -8.000000000000000000, 13.06030303803299475, -5.586370142149013368E-14 ) ) ;
#3592 = ORIENTED_EDGE ( 'NONE', *, *, #2686, .F. ) ;
#3593 = DIRECTION ( 'NONE',  ( -2.168404344971009361E-16, 0.000000000000000000, -1.000000000000000000 ) ) ;
#3594 = SPHERICAL_SURFACE ( 'NONE', #3506, 2.000000000000000000 ) ;
#3595 = AXIS2_PLACEMENT_3D ( 'NONE', #4157, #891, #2525 ) ;
#3596 = ORIENTED_EDGE ( 'NONE', *, *, #3024, .T. ) ;
#3597 = CIRCLE ( 'NONE', #4400, 10.50000000000000000 ) ;
#3598 = DIRECTION ( 'NONE',  ( 0.000000000000000000, 0.000000000000000000, 1.000000000000000000 ) ) ;
#3599 = VECTOR ( 'NONE', #3410, 1000.000000000000000 ) ;
#3600 = CARTESIAN_POINT ( 'NONE',  ( 18.00000000000001066, 26.00000000000000355, -12.25000000000000178 ) ) ;
#3601 = VERTEX_POINT ( 'NONE', #2676 ) ;
#3602 = CARTESIAN_POINT ( 'NONE',  ( -19.99999999999999289, 33.99999999999999289, 21.75000000000000711 ) ) ;
#3603 = DIRECTION ( 'NONE',  ( 1.000000000000000000, 0.000000000000000000, 0.000000000000000000 ) ) ;
#3604 = CARTESIAN_POINT ( 'NONE',  ( 20.00000000000000000, 33.99999999999999289, -14.25000000000000178 ) ) ;
#3605 = CARTESIAN_POINT ( 'NONE',  ( 12.50000000000000000, -16.80502757993630780, -16.25000000000000000 ) ) ;
#3606 = ORIENTED_EDGE ( 'NONE', *, *, #332, .T. ) ;
#3607 = ORIENTED_EDGE ( 'NONE', *, *, #1582, .F. ) ;
#3608 = EDGE_CURVE ( 'NONE', #1785, #1982, #4352, .T. ) ;
#3609 = EDGE_CURVE ( 'NONE', #4619, #3994, #4384, .T. ) ;
#3610 = EDGE_LOOP ( 'NONE', ( #717, #802 ) ) ;
#3611 = CARTESIAN_POINT ( 'NONE',  ( -1.666805598043555436, 30.00110714758040942, -27.00000000000000355 ) ) ;
#3612 = CARTESIAN_POINT ( 'NONE',  ( -2.793185071074506684E-14, 25.00000000000000000, 10.10000000000000142 ) ) ;
#3613 = VERTEX_POINT ( 'NONE', #5221 ) ;
#3614 = EDGE_CURVE ( 'NONE', #4815, #2175, #2706, .T. ) ;
#3615 = FACE_OUTER_BOUND ( 'NONE', #4008, .T. ) ;
#3616 = CARTESIAN_POINT ( 'NONE',  ( -0.8335098598765935396, -22.99999999999999645, -26.99999999999999645 ) ) ;
#3617 =( BOUNDED_CURVE ( )  B_SPLINE_CURVE ( 3, ( #2751, #200, #4127, #589 ),
 .UNSPECIFIED., .F., .F. ) 
 B_SPLINE_CURVE_WITH_KNOTS ( ( 4, 4 ),
 ( 4.712388980384689674, 6.283185307179586232 ),
 .UNSPECIFIED. ) 
 CURVE ( )  GEOMETRIC_REPRESENTATION_ITEM ( )  RATIONAL_B_SPLINE_CURVE ( ( 1.000000000000000000, 0.8047378541243649375, 0.8047378541243649375, 1.000000000000000000 ) ) 
 REPRESENTATION_ITEM ( '' )  );
#3618 = PERSON_AND_ORGANIZATION ( #5297, #1202 ) ;
#3619 = ORIENTED_EDGE ( 'NONE', *, *, #3985, .F. ) ;
#3620 = EDGE_CURVE ( 'NONE', #4583, #5462, #586, .T. ) ;
#3621 = CARTESIAN_POINT ( 'NONE',  ( 20.00000000000000711, 33.24999999999998579, 32.00000000000000000 ) ) ;
#3622 = VERTEX_POINT ( 'NONE', #1002 ) ;
#3623 = CARTESIAN_POINT ( 'NONE',  ( -8.499999999999996447, -19.00000000000000000, -21.37171027316250971 ) ) ;
#3624 = FACE_OUTER_BOUND ( 'NONE', #1179, .T. ) ;
#3625 = AXIS2_PLACEMENT_3D ( 'NONE', #4788, #4025, #1859 ) ;
#3626 = DIRECTION ( 'NONE',  ( 0.000000000000000000, 1.000000000000000000, -0.000000000000000000 ) ) ;
#3627 = TOROIDAL_SURFACE ( 'NONE', #5258, 4.000000000000000000, 2.000000000000000000 ) ;
#3628 = CARTESIAN_POINT ( 'NONE',  ( -18.30034834168900559, 36.00000000000000000, 7.206565269324594070 ) ) ;
#3629 = VERTEX_POINT ( 'NONE', #211 ) ;
#3630 = CARTESIAN_POINT ( 'NONE',  ( 0.000000000000000000, 25.00000000000000000, -10.50000000000000000 ) ) ;
#3631 = CARTESIAN_POINT ( 'NONE',  ( 17.00000000000000711, 30.00000000000000000, 35.24999999999999289 ) ) ;
#3632 = DIRECTION ( 'NONE',  ( -0.000000000000000000, -1.000000000000000000, 0.000000000000000000 ) ) ;
#3633 = VECTOR ( 'NONE', #3173, 1000.000000000000000 ) ;
#3634 = DIRECTION ( 'NONE',  ( 0.000000000000000000, 0.000000000000000000, -1.000000000000000000 ) ) ;
#3635 = ORIENTED_EDGE ( 'NONE', *, *, #3715, .T. ) ;
#3636 =( GEOMETRIC_REPRESENTATION_CONTEXT ( 3 ) GLOBAL_UNCERTAINTY_ASSIGNED_CONTEXT ( ( #635 ) ) GLOBAL_UNIT_ASSIGNED_CONTEXT ( ( #4513, #5288, #1418 ) ) REPRESENTATION_CONTEXT ( 'NONE', 'WORKASPACE' ) );
#3637 = ORIENTED_EDGE ( 'NONE', *, *, #3919, .F. ) ;
#3638 = CARTESIAN_POINT ( 'NONE',  ( 10.49999964704403510, 29.99999968992652910, -16.25047540199848584 ) ) ;
#3639 = LINE ( 'NONE', #1150, #4294 ) ;
#3640 = CARTESIAN_POINT ( 'NONE',  ( -2.780938603083033169E-14, 20.99999999999999645, 9.000000000000003553 ) ) ;
#3641 = DIRECTION ( 'NONE',  ( 0.000000000000000000, -1.000000000000000000, 0.000000000000000000 ) ) ;
#3642 = EDGE_CURVE ( 'NONE', #5054, #2288, #5320, .T. ) ;
#3643 = ORIENTED_EDGE ( 'NONE', *, *, #3762, .T. ) ;
#3644 = DIRECTION ( 'NONE',  ( -0.000000000000000000, 1.000000000000000000, -0.000000000000000000 ) ) ;
#3645 = DIRECTION ( 'NONE',  ( 1.000000000000000000, -0.000000000000000000, 0.000000000000000000 ) ) ;
#3646 = VECTOR ( 'NONE', #2682, 1000.000000000000000 ) ;
#3647 = LINE ( 'NONE', #1015, #171 ) ;
#3648 = PERSON_AND_ORGANIZATION ( #5297, #1202 ) ;
#3649 = EDGE_CURVE ( 'NONE', #4479, #4131, #2451, .T. ) ;
#3650 = CIRCLE ( 'NONE', #1842, 1.000000000000001332 ) ;
#3651 = AXIS2_PLACEMENT_3D ( 'NONE', #4067, #4037, #955 ) ;
#3652 = DIRECTION ( 'NONE',  ( 0.000000000000000000, 1.000000000000000000, -0.000000000000000000 ) ) ;
#3653 = CARTESIAN_POINT ( 'NONE',  ( 8.000000000000000000, 20.99999999999999645, 0.000000000000000000 ) ) ;
#3654 = ORIENTED_EDGE ( 'NONE', *, *, #1820, .T. ) ;
#3655 = DIRECTION ( 'NONE',  ( 0.000000000000000000, 0.000000000000000000, -1.000000000000000000 ) ) ;
#3656 = DIRECTION ( 'NONE',  ( 1.000000000000000000, -0.000000000000000000, -1.734723475976806848E-16 ) ) ;
#3657 = EDGE_CURVE ( 'NONE', #1528, #4983, #2578, .T. ) ;
#3658 = VECTOR ( 'NONE', #2000, 1000.000000000000000 ) ;
#3659 = AXIS2_PLACEMENT_3D ( 'NONE', #358, #5030, #2065 ) ;
#3660 = DIRECTION ( 'NONE',  ( 0.000000000000000000, 1.000000000000000000, 0.000000000000000000 ) ) ;
#3661 = DIRECTION ( 'NONE',  ( -0.000000000000000000, -1.000000000000000000, -0.000000000000000000 ) ) ;
#3662 = AXIS2_PLACEMENT_3D ( 'NONE', #5510, #3286, #5061 ) ;
#3663 = ORIENTED_EDGE ( 'NONE', *, *, #5200, .F. ) ;
#3664 = FACE_OUTER_BOUND ( 'NONE', #42, .T. ) ;
#3665 = FACE_OUTER_BOUND ( 'NONE', #1917, .T. ) ;
#3666 = CARTESIAN_POINT ( 'NONE',  ( 0.000000000000000000, -16.80502757993630780, -27.00000000000000000 ) ) ;
#3667 = AXIS2_PLACEMENT_3D ( 'NONE', #1947, #5360, #4083 ) ;
#3668 = ORIENTED_EDGE ( 'NONE', *, *, #2580, .T. ) ;
#3669 = VECTOR ( 'NONE', #3294, 1000.000000000000000 ) ;
#3670 = ORIENTED_EDGE ( 'NONE', *, *, #5513, .F. ) ;
#3671 = CARTESIAN_POINT ( 'NONE',  ( 18.00000000000001066, 33.99999999999999289, 36.25000000000000000 ) ) ;
#3672 = CARTESIAN_POINT ( 'NONE',  ( 0.000000000000000000, 27.99999999999999645, -23.00000000000000000 ) ) ;
#3673 = CARTESIAN_POINT ( 'NONE',  ( -0.8333630840082210112, 29.99999999999999645, -27.00000000000000000 ) ) ;
#3674 = CARTESIAN_POINT ( 'NONE',  ( 0.000000000000000000, 25.00000000000000000, 0.000000000000000000 ) ) ;
#3675 = ORIENTED_EDGE ( 'NONE', *, *, #3501, .T. ) ;
#3676 = ORIENTED_EDGE ( 'NONE', *, *, #1243, .F. ) ;
#3677 = LINE ( 'NONE', #3139, #4543 ) ;
#3678 = CARTESIAN_POINT ( 'NONE',  ( 4.167217391828299533, -22.98236397098213857, -27.00000000000000355 ) ) ;
#3679 = VERTEX_POINT ( 'NONE', #4139 ) ;
#3680 = AXIS2_PLACEMENT_3D ( 'NONE', #4971, #2400, #5025 ) ;
#3681 = EDGE_CURVE ( 'NONE', #3299, #3511, #141, .T. ) ;
#3682 = EDGE_CURVE ( 'NONE', #3748, #2496, #3758, .T. ) ;
#3683 = CARTESIAN_POINT ( 'NONE',  ( 8.000000000000000000, -19.00000000000000000, 0.000000000000000000 ) ) ;
#3684 = CARTESIAN_POINT ( 'NONE',  ( 8.379555213223520053E-14, -23.00000000000000000, -10.09999999999999964 ) ) ;
#3685 = ORIENTED_EDGE ( 'NONE', *, *, #1087, .T. ) ;
#3686 = FACE_BOUND ( 'NONE', #2010, .T. ) ;
#3687 = CARTESIAN_POINT ( 'NONE',  ( 19.99037413323342349, 34.22255471979338637, 29.96759395403749693 ) ) ;
#3688 = ADVANCED_FACE ( 'NONE', ( #3243 ), #2002, .F. ) ;
#3689 = CARTESIAN_POINT ( 'NONE',  ( -20.00000000000000000, 33.29894845114296231, 6.814099432581937066 ) ) ;
#3690 = DIRECTION ( 'NONE',  ( 0.000000000000000000, 0.000000000000000000, -1.000000000000000000 ) ) ;
#3691 = ORIENTED_EDGE ( 'NONE', *, *, #4347, .T. ) ;
#3692 = CARTESIAN_POINT ( 'NONE',  ( -8.000000000000000000, 20.99999999999999645, -5.586370142149013368E-14 ) ) ;
#3693 = CC_DESIGN_DATE_AND_TIME_ASSIGNMENT ( #4629, #730, ( #656 ) ) ;
#3694 = PLANE ( 'NONE',  #2549 ) ;
#3695 = LINE ( 'NONE', #4614, #2491 ) ;
#3696 = AXIS2_PLACEMENT_3D ( 'NONE', #5180, #4779, #5240 ) ;
#3697 = ORIENTED_EDGE ( 'NONE', *, *, #5201, .F. ) ;
#3698 = CIRCLE ( 'NONE', #3957, 1.999999999999998668 ) ;
#3699 = EDGE_CURVE ( 'NONE', #3397, #2512, #5289, .T. ) ;
#3700 = VECTOR ( 'NONE', #139, 1000.000000000000000 ) ;
#3701 = ORIENTED_EDGE ( 'NONE', *, *, #3313, .T. ) ;
#3702 = DIRECTION ( 'NONE',  ( -0.000000000000000000, 0.000000000000000000, -1.000000000000000000 ) ) ;
#3703 = DIRECTION ( 'NONE',  ( 1.734723475976806897E-15, 0.000000000000000000, -1.000000000000000000 ) ) ;
#3704 = CYLINDRICAL_SURFACE ( 'NONE', #1937, 2.000000000000000000 ) ;
#3705 = DIRECTION ( 'NONE',  ( 1.000000000000000000, 0.000000000000000000, 0.000000000000000000 ) ) ;
#3706 = ORIENTED_EDGE ( 'NONE', *, *, #4092, .T. ) ;
#3707 = DIRECTION ( 'NONE',  ( 0.000000000000000000, 0.000000000000000000, 1.000000000000000000 ) ) ;
#3708 = VERTEX_POINT ( 'NONE', #3323 ) ;
#3709 = CARTESIAN_POINT ( 'NONE',  ( 0.000000000000000000, 30.00000000000000000, 0.000000000000000000 ) ) ;
#3710 = CARTESIAN_POINT ( 'NONE',  ( -5.000000000000000000, -23.00000000000000000, -21.00000000000000000 ) ) ;
#3711 = VERTEX_POINT ( 'NONE', #2424 ) ;
#3712 = CARTESIAN_POINT ( 'NONE',  ( -50.40559159102153330, 33.24999999999998579, 33.25000000000000000 ) ) ;
#3713 = DIRECTION ( 'NONE',  ( 1.000000000000000000, -0.000000000000000000, 0.000000000000000000 ) ) ;
#3714 = ORIENTED_EDGE ( 'NONE', *, *, #731, .T. ) ;
#3715 = EDGE_CURVE ( 'NONE', #2288, #4197, #2611, .T. ) ;
#3716 = DIRECTION ( 'NONE',  ( -0.000000000000000000, 1.000000000000000000, -0.000000000000000000 ) ) ;
#3717 = ORIENTED_EDGE ( 'NONE', *, *, #4928, .T. ) ;
#3718 = PLANE ( 'NONE',  #3115 ) ;
#3719 = CARTESIAN_POINT ( 'NONE',  ( -17.99999999999999645, 26.00000000000000355, -12.24999999999999467 ) ) ;
#3720 = DIRECTION ( 'NONE',  ( -1.000000000000000000, 0.000000000000000000, -0.000000000000000000 ) ) ;
#3721 = ADVANCED_FACE ( 'NONE', ( #4935 ), #5416, .F. ) ;
#3722 = AXIS2_PLACEMENT_3D ( 'NONE', #5302, #2618, #4382 ) ;
#3723 = ORIENTED_EDGE ( 'NONE', *, *, #2423, .T. ) ;
#3724 = CIRCLE ( 'NONE', #1009, 2.100000000000000089 ) ;
#3725 = VERTEX_POINT ( 'NONE', #2902 ) ;
#3726 = DIRECTION ( 'NONE',  ( 0.000000000000000000, -1.000000000000000000, 0.000000000000000000 ) ) ;
#3727 = TOROIDAL_SURFACE ( 'NONE', #1281, 19.00000000000000355, 2.000000000000000000 ) ;
#3728 = CARTESIAN_POINT ( 'NONE',  ( -18.99999999999998934, 33.24999999999998579, 30.75000000000000355 ) ) ;
#3729 = CARTESIAN_POINT ( 'NONE',  ( -2.818925648462310740E-15, 30.00000000000000000, -16.24999999999999645 ) ) ;
#3730 = DIRECTION ( 'NONE',  ( 0.000000000000000000, -1.000000000000000000, 0.000000000000000000 ) ) ;
#3731 = ADVANCED_FACE ( 'NONE', ( #4991 ), #4589, .T. ) ;
#3732 = ORIENTED_EDGE ( 'NONE', *, *, #950, .F. ) ;
#3733 = DIRECTION ( 'NONE',  ( 0.000000000000000000, 1.000000000000000000, -0.000000000000000000 ) ) ;
#3734 = APPROVAL_PERSON_ORGANIZATION ( #1818, #4261, #2265 ) ;
#3735 = DIRECTION ( 'NONE',  ( 0.000000000000000000, 0.000000000000000000, 1.000000000000000000 ) ) ;
#3736 = DIRECTION ( 'NONE',  ( 1.000000000000000000, -0.000000000000000000, -0.000000000000000000 ) ) ;
#3737 = DIRECTION ( 'NONE',  ( 0.000000000000000000, 0.000000000000000000, 1.000000000000000000 ) ) ;
#3738 = VECTOR ( 'NONE', #5027, 1000.000000000000000 ) ;
#3739 = EDGE_LOOP ( 'NONE', ( #2586, #5132, #4804, #915 ) ) ;
#3740 = CIRCLE ( 'NONE', #4357, 12.75000000000000000 ) ;
#3741 = CYLINDRICAL_SURFACE ( 'NONE', #4362, 2.000000000000001776 ) ;
#3742 = EDGE_CURVE ( 'NONE', #2614, #2770, #5353, .T. ) ;
#3743 = CARTESIAN_POINT ( 'NONE',  ( -17.99999999999999645, 30.00000000000000000, 19.75000000000000355 ) ) ;
#3744 = VERTEX_POINT ( 'NONE', #4167 ) ;
#3745 = CARTESIAN_POINT ( 'NONE',  ( -19.36957030307458183, 35.46076841644965327, 32.47648252625667453 ) ) ;
#3746 = CIRCLE ( 'NONE', #1036, 2.100000000000000977 ) ;
#3747 = CARTESIAN_POINT ( 'NONE',  ( 5.000000000000001776, -23.00000000000000000, -21.00000000000000000 ) ) ;
#3748 = VERTEX_POINT ( 'NONE', #3747 ) ;
#3749 = EDGE_CURVE ( 'NONE', #1717, #598, #4528, .T. ) ;
#3750 = EDGE_CURVE ( 'NONE', #3601, #3288, #3695, .T. ) ;
#3751 = ORIENTED_EDGE ( 'NONE', *, *, #4885, .T. ) ;
#3752 = CARTESIAN_POINT ( 'NONE',  ( 8.704295582550980015, 30.10214779127562323, -15.60556868217661375 ) ) ;
#3753 = LINE ( 'NONE', #4596, #3405 ) ;
#3754 = LINE ( 'NONE', #355, #755 ) ;
#3755 = LINE ( 'NONE', #329, #5044 ) ;
#3756 = ORIENTED_EDGE ( 'NONE', *, *, #2804, .F. ) ;
#3757 = CARTESIAN_POINT ( 'NONE',  ( 0.000000000000000000, -23.00000000000000000, 0.000000000000000000 ) ) ;
#3758 = CIRCLE ( 'NONE', #2045, 1.999999999999998224 ) ;
#3759 = EDGE_CURVE ( 'NONE', #2470, #4208, #4558, .T. ) ;
#3760 = DIRECTION ( 'NONE',  ( 0.000000000000000000, 0.000000000000000000, 1.000000000000000000 ) ) ;
#3761 = EDGE_LOOP ( 'NONE', ( #1459, #4494, #469, #2982, #3799, #2452 ) ) ;
#3762 = EDGE_CURVE ( 'NONE', #4938, #3397, #3569, .T. ) ;
#3763 = DIRECTION ( 'NONE',  ( 0.000000000000000000, 0.000000000000000000, 1.000000000000000000 ) ) ;
#3764 = DIRECTION ( 'NONE',  ( -0.9292047944853264463, 2.381151157671956331E-16, 0.3695652173913048788 ) ) ;
#3765 = DIRECTION ( 'NONE',  ( -0.000000000000000000, -1.000000000000000000, -0.000000000000000000 ) ) ;
#3766 = ORIENTED_EDGE ( 'NONE', *, *, #5145, .T. ) ;
#3767 = CIRCLE ( 'NONE', #3585, 2.000000000000000000 ) ;
#3768 = CARTESIAN_POINT ( 'NONE',  ( 10.50000000000000000, -19.00000000000000000, -17.90760865802475621 ) ) ;
#3769 = DIRECTION ( 'NONE',  ( 0.000000000000000000, 0.000000000000000000, -1.000000000000000000 ) ) ;
#3770 = ORIENTED_EDGE ( 'NONE', *, *, #1616, .F. ) ;
#3771 = CARTESIAN_POINT ( 'NONE',  ( -19.50557418291133871, 35.32015664271764877, 32.91048561966201191 ) ) ;
#3772 = FACE_OUTER_BOUND ( 'NONE', #3438, .T. ) ;
#3773 = CARTESIAN_POINT ( 'NONE',  ( 1.285879139104720831E-15, 30.00000000000000000, 10.50000000000000000 ) ) ;
#3774 = ORIENTED_EDGE ( 'NONE', *, *, #2140, .T. ) ;
#3775 = CIRCLE ( 'NONE', #610, 1.249999999999997558 ) ;
#3776 = ORIENTED_EDGE ( 'NONE', *, *, #2109, .F. ) ;
#3777 = DIRECTION ( 'NONE',  ( 1.000000000000000000, -0.000000000000000000, -0.000000000000000000 ) ) ;
#3778 = CARTESIAN_POINT ( 'NONE',  ( 8.499999999999996447, -16.99999999999998579, -21.37171027316250971 ) ) ;
#3779 = CARTESIAN_POINT ( 'NONE',  ( 18.72312024962250021, 36.00000000000001421, 7.374490814386572168 ) ) ;
#3780 = DIRECTION ( 'NONE',  ( -0.000000000000000000, -0.000000000000000000, 1.000000000000000000 ) ) ;
#3781 = ORIENTED_EDGE ( 'NONE', *, *, #3282, .F. ) ;
#3782 = EDGE_CURVE ( 'NONE', #1172, #5152, #4463, .T. ) ;
#3783 = CARTESIAN_POINT ( 'NONE',  ( -16.99999999999999289, 30.00000000000000000, -14.24999999999999467 ) ) ;
#3784 = AXIS2_PLACEMENT_3D ( 'NONE', #1501, #1922, #4005 ) ;
#3785 = EDGE_CURVE ( 'NONE', #3803, #2526, #5103, .T. ) ;
#3786 = AXIS2_PLACEMENT_3D ( 'NONE', #3201, #560, #1049 ) ;
#3787 = VECTOR ( 'NONE', #3199, 1000.000000000000000 ) ;
#3788 = VECTOR ( 'NONE', #3075, 1000.000000000000000 ) ;
#3789 = CARTESIAN_POINT ( 'NONE',  ( -8.000000000000000000, -19.00000000000000000, -1.000000000000057288 ) ) ;
#3790 = ORIENTED_EDGE ( 'NONE', *, *, #2056, .F. ) ;
#3791 = EDGE_CURVE ( 'NONE', #159, #5152, #1957, .T. ) ;
#3792 = CARTESIAN_POINT ( 'NONE',  ( 17.00000000000000000, 36.00000000000000000, 8.750000000000003553 ) ) ;
#3793 = CARTESIAN_POINT ( 'NONE',  ( -10.56396670237197277, 28.12793340474396331, -15.73143486426999083 ) ) ;
#3794 = DIRECTION ( 'NONE',  ( 0.000000000000000000, 1.000000000000000000, 0.000000000000000000 ) ) ;
#3795 = ORIENTED_EDGE ( 'NONE', *, *, #3137, .F. ) ;
#3796 = ADVANCED_FACE ( 'NONE', ( #1714 ), #3802, .T. ) ;
#3797 = CARTESIAN_POINT ( 'NONE',  ( -19.99999999999999289, 32.66027970501550470, -5.828657103614578006 ) ) ;
#3798 = CARTESIAN_POINT ( 'NONE',  ( 8.379555213223520053E-14, 25.00000000000000000, -7.999999999999998224 ) ) ;
#3799 = ORIENTED_EDGE ( 'NONE', *, *, #3313, .F. ) ;
#3800 = LINE ( 'NONE', #5518, #4617 ) ;
#3801 = LINE ( 'NONE', #1228, #196 ) ;
#3802 = CYLINDRICAL_SURFACE ( 'NONE', #4927, 2.000000000000001776 ) ;
#3803 = VERTEX_POINT ( 'NONE', #1308 ) ;
#3804 = ORIENTED_EDGE ( 'NONE', *, *, #3893, .T. ) ;
#3805 = CARTESIAN_POINT ( 'NONE',  ( 11.28002041689391532, 29.56004083378835290, -14.65978474838899892 ) ) ;
#3806 = DIRECTION ( 'NONE',  ( -1.000000000000000000, 0.000000000000000000, 0.000000000000000000 ) ) ;
#3807 = CARTESIAN_POINT ( 'NONE',  ( -10.50000000000000000, 22.00000000000000000, -16.24999999999999289 ) ) ;
#3808 = FACE_OUTER_BOUND ( 'NONE', #436, .T. ) ;
#3809 = ORIENTED_EDGE ( 'NONE', *, *, #3657, .F. ) ;
#3810 = CARTESIAN_POINT ( 'NONE',  ( 8.500000000000005329, 30.00000000000000355, -15.07842712474618985 ) ) ;
#3811 = CIRCLE ( 'NONE', #3534, 1.000000000000001554 ) ;
#3812 = VECTOR ( 'NONE', #961, 1000.000000000000000 ) ;
#3813 = ADVANCED_FACE ( 'NONE', ( #5521 ), #2557, .F. ) ;
#3814 = LINE ( 'NONE', #756, #4593 ) ;
#3815 = ORIENTED_EDGE ( 'NONE', *, *, #4050, .F. ) ;
#3816 = DIRECTION ( 'NONE',  ( 0.000000000000000000, 0.000000000000000000, 1.000000000000000000 ) ) ;
#3817 = VECTOR ( 'NONE', #4795, 1000.000000000000000 ) ;
#3818 = EDGE_CURVE ( 'NONE', #2292, #4042, #1255, .T. ) ;
#3819 = CARTESIAN_POINT ( 'NONE',  ( -10.06004083378776137, 30.78002041689412138, -14.65978474838885859 ) ) ;
#3820 = ORIENTED_EDGE ( 'NONE', *, *, #5128, .F. ) ;
#3821 = CARTESIAN_POINT ( 'NONE',  ( -9.481785276276168517, -21.36669466072643786, -27.38002878317256972 ) ) ;
#3822 = EDGE_CURVE ( 'NONE', #2284, #2419, #2247, .T. ) ;
#3823 = CARTESIAN_POINT ( 'NONE',  ( 20.00000000000000711, 33.99999999999999289, 21.75000000000000711 ) ) ;
#3824 = VERTEX_POINT ( 'NONE', #3773 ) ;
#3825 = DIRECTION ( 'NONE',  ( 0.000000000000000000, 0.000000000000000000, 1.000000000000000000 ) ) ;
#3827 = DIRECTION ( 'NONE',  ( -1.000000000000000000, 0.000000000000000000, 1.734723475976806848E-16 ) ) ;
#3826 = VECTOR ( 'NONE', #2090, 1000.000000000000000 ) ;
#3828 = CARTESIAN_POINT ( 'NONE',  ( 18.00000000000001066, 30.00000000000000000, 6.750000000000006217 ) ) ;
#3829 = ORIENTED_EDGE ( 'NONE', *, *, #4636, .T. ) ;
#3830 = CIRCLE ( 'NONE', #4010, 2.000000000000001776 ) ;
#3831 = EDGE_CURVE ( 'NONE', #5462, #3047, #4740, .T. ) ;
#3832 = ORIENTED_EDGE ( 'NONE', *, *, #2680, .F. ) ;
#3833 = CARTESIAN_POINT ( 'NONE',  ( 9.028673605063483265, 30.26433680253183667, -15.24769865083160525 ) ) ;
#3834 = CARTESIAN_POINT ( 'NONE',  ( -50.40559159102153330, 44.00000000000000000, 3.469446951953614189E-15 ) ) ;
#3835 = CARTESIAN_POINT ( 'NONE',  ( -11.49769865083164433, 23.73566319746819175, -12.77867360506370353 ) ) ;
#3836 = CARTESIAN_POINT ( 'NONE',  ( -10.49999999999999645, -18.16421733798901883, -20.11074382028988694 ) ) ;
#3837 = CIRCLE ( 'NONE', #5280, 1.000000000000001776 ) ;
#3838 = ORIENTED_EDGE ( 'NONE', *, *, #3956, .T. ) ;
#3839 = CARTESIAN_POINT ( 'NONE',  ( -9.129629629629629761, 27.99999999999999645, -27.52544028395892184 ) ) ;
#3840 = DIRECTION ( 'NONE',  ( 1.000000000000000000, -0.000000000000000000, -0.000000000000000000 ) ) ;
#3841 = CARTESIAN_POINT ( 'NONE',  ( 8.500000000000000000, 27.99999999999999645, -16.24999999999999645 ) ) ;
#3842 = AXIS2_PLACEMENT_3D ( 'NONE', #3666, #745, #3720 ) ;
#3843 = LINE ( 'NONE', #5562, #4484 ) ;
#3844 = AXIS2_PLACEMENT_3D ( 'NONE', #267, #3690, #3209 ) ;
#3845 = CARTESIAN_POINT ( 'NONE',  ( -11.70671400442445886, 31.20671400442567034, -14.36107117036157454 ) ) ;
#3846 = ORIENTED_EDGE ( 'NONE', *, *, #2156, .F. ) ;
#3847 = EDGE_CURVE ( 'NONE', #3273, #3155, #4723, .T. ) ;
#3848 = ADVANCED_FACE ( 'NONE', ( #852 ), #5110, .F. ) ;
#3849 = DIRECTION ( 'NONE',  ( -0.000000000000000000, -1.000000000000000000, -0.000000000000000000 ) ) ;
#3850 = DIRECTION ( 'NONE',  ( 0.000000000000000000, 1.000000000000000000, -0.000000000000000000 ) ) ;
#3851 = ORIENTED_EDGE ( 'NONE', *, *, #1326, .F. ) ;
#3852 = DIRECTION ( 'NONE',  ( -1.000000000000000000, 0.000000000000000000, 1.734723475976806848E-16 ) ) ;
#3853 = DIRECTION ( 'NONE',  ( 0.000000000000000000, 1.000000000000000000, 0.000000000000000000 ) ) ;
#3854 = CARTESIAN_POINT ( 'NONE',  ( 20.00000000000000711, 30.00000000000000000, -12.25000000000000355 ) ) ;
#3855 = ORIENTED_EDGE ( 'NONE', *, *, #154, .T. ) ;
#3856 = ADVANCED_FACE ( 'NONE', ( #4696 ), #2585, .T. ) ;
#3857 = EDGE_LOOP ( 'NONE', ( #5584, #3945, #3774, #2621 ) ) ;
#3858 = CARTESIAN_POINT ( 'NONE',  ( 10.69490087492348884, 30.19490087492349417, -15.16628278553867126 ) ) ;
#3859 = DIRECTION ( 'NONE',  ( -1.000000000000000000, 0.000000000000000000, 0.000000000000000000 ) ) ;
#3860 = DIRECTION ( 'NONE',  ( -1.000000000000000000, 0.000000000000000000, 1.734723475976806848E-16 ) ) ;
#3861 = DIRECTION ( 'NONE',  ( 1.000000000000000000, 0.000000000000000000, 0.000000000000000000 ) ) ;
#3862 = VERTEX_POINT ( 'NONE', #1738 ) ;
#3863 = ORIENTED_EDGE ( 'NONE', *, *, #389, .F. ) ;
#3864 = ADVANCED_FACE ( 'NONE', ( #1635 ), #3039, .F. ) ;
#3865 = DIRECTION ( 'NONE',  ( 0.000000000000000000, 0.000000000000000000, 1.000000000000000000 ) ) ;
#3866 = CARTESIAN_POINT ( 'NONE',  ( 11.01306017721839581, 23.43776282593319493, -14.81223717406738238 ) ) ;
#3867 = VECTOR ( 'NONE', #3730, 1000.000000000000000 ) ;
#3868 = TOROIDAL_SURFACE ( 'NONE', #1439, 26.99999999999999645, 2.000000000000000000 ) ;
#3869 = CIRCLE ( 'NONE', #4142, 2.000000000000001776 ) ;
#3870 = CARTESIAN_POINT ( 'NONE',  ( -50.40559159102153330, 30.00000000000000000, 8.750000000000003553 ) ) ;
#3871 = AXIS2_PLACEMENT_3D ( 'NONE', #1873, #5287, #2716 ) ;
#3872 = DIRECTION ( 'NONE',  ( 0.000000000000000000, 1.000000000000000000, -0.000000000000000000 ) ) ;
#3873 = VERTEX_POINT ( 'NONE', #320 ) ;
#3874 = ORIENTED_EDGE ( 'NONE', *, *, #3478, .F. ) ;
#3875 = CARTESIAN_POINT ( 'NONE',  ( -19.30829447597465531, 35.35555511052344713, -7.172398932553353035 ) ) ;
#3876 = PLANE ( 'NONE',  #2076 ) ;
#3877 = EDGE_LOOP ( 'NONE', ( #2003, #3473 ) ) ;
#3878 = CARTESIAN_POINT ( 'NONE',  ( 19.88836960743519455, 33.37461471889034215, -5.749999999999994671 ) ) ;
#3879 = CYLINDRICAL_SURFACE ( 'NONE', #2732, 1.000000000000001332 ) ;
#3880 = ADVANCED_FACE ( 'NONE', ( #2054 ), #5072, .T. ) ;
#3881 = CARTESIAN_POINT ( 'NONE',  ( 19.98735133926730256, 33.65349269625436079, 7.006536530584617672 ) ) ;
#3882 = ORIENTED_EDGE ( 'NONE', *, *, #5314, .F. ) ;
#3883 = ORIENTED_EDGE ( 'NONE', *, *, #4571, .F. ) ;
#3884 = CARTESIAN_POINT ( 'NONE',  ( 10.60214779127550599, 28.20429558255098001, -15.60556868217690862 ) ) ;
#3885 = PLANE ( 'NONE',  #4425 ) ;
#3886 = ADVANCED_FACE ( 'NONE', ( #4220 ), #2954, .T. ) ;
#3887 = CARTESIAN_POINT ( 'NONE',  ( -10.99322637705803274, 24.64330700360815740, -14.92834649819577564 ) ) ;
#3888 = CARTESIAN_POINT ( 'NONE',  ( 0.000000000000000000, 53.62056430719963629, 0.000000000000000000 ) ) ;
#3889 = ORIENTED_EDGE ( 'NONE', *, *, #3023, .T. ) ;
#3890 = ORIENTED_EDGE ( 'NONE', *, *, #3951, .F. ) ;
#3891 = EDGE_LOOP ( 'NONE', ( #1148, #5181, #4780, #4854 ) ) ;
#3892 = DIRECTION ( 'NONE',  ( 0.000000000000000000, 1.000000000000000000, 0.000000000000000000 ) ) ;
#3893 = EDGE_CURVE ( 'NONE', #1730, #1419, #2407, .T. ) ;
#3894 = CARTESIAN_POINT ( 'NONE',  ( 12.22134626878332853, 24.09219202287262007, -14.15780797712762151 ) ) ;
#3895 = CARTESIAN_POINT ( 'NONE',  ( 18.88985333605079475, 35.79588710436080135, -7.258476765272112274 ) ) ;
#3896 = ORIENTED_EDGE ( 'NONE', *, *, #502, .F. ) ;
#3897 = DIRECTION ( 'NONE',  ( 0.000000000000000000, 1.000000000000000000, -0.000000000000000000 ) ) ;
#3898 = CARTESIAN_POINT ( 'NONE',  ( 12.50000000000000000, 22.00000000000000000, 0.000000000000000000 ) ) ;
#3899 = AXIS2_PLACEMENT_3D ( 'NONE', #4267, #5043, #3428 ) ;
#3900 = ORIENTED_EDGE ( 'NONE', *, *, #3818, .T. ) ;
#3901 = AXIS2_PLACEMENT_3D ( 'NONE', #1266, #3440, #1240 ) ;
#3902 = CARTESIAN_POINT ( 'NONE',  ( -19.92034532728713003, 33.24999999999999289, -5.749999999999993783 ) ) ;
#3903 = DIRECTION ( 'NONE',  ( 0.000000000000000000, 0.000000000000000000, 1.000000000000000000 ) ) ;
#3904 = EDGE_LOOP ( 'NONE', ( #2671, #2554, #2306, #1283, #1382 ) ) ;
#3905 = CARTESIAN_POINT ( 'NONE',  ( -17.99999999999999645, 24.00000000000000000, 36.25000000000000000 ) ) ;
#3906 = DIRECTION ( 'NONE',  ( -0.000000000000000000, 0.000000000000000000, 1.000000000000000000 ) ) ;
#3907 = DIRECTION ( 'NONE',  ( 0.000000000000000000, 0.000000000000000000, 1.000000000000000000 ) ) ;
#3908 = EDGE_LOOP ( 'NONE', ( #1877, #3900, #1798, #487, #827, #5202, #5149, #207, #4670, #3701, #1526, #5156, #1422, #1810, #488 ) ) ;
#3909 = CIRCLE ( 'NONE', #665, 2.250000000000002665 ) ;
#3910 = EDGE_LOOP ( 'NONE', ( #2086, #1819, #357, #2406 ) ) ;
#3911 = CARTESIAN_POINT ( 'NONE',  ( -10.50000000000000000, 27.99999999999999645, -16.24999999999999289 ) ) ;
#3912 = LINE ( 'NONE', #3574, #1732 ) ;
#3913 = CARTESIAN_POINT ( 'NONE',  ( -12.49927747596525229, 24.01413724577959385, -14.23586275422016278 ) ) ;
#3914 = CARTESIAN_POINT ( 'NONE',  ( 17.00000000000000000, 30.00000000000000000, -11.24999999999999645 ) ) ;
#3915 = ORIENTED_EDGE ( 'NONE', *, *, #3362, .T. ) ;
#3916 = ORIENTED_EDGE ( 'NONE', *, *, #3023, .F. ) ;
#3917 = AXIS2_PLACEMENT_3D ( 'NONE', #2537, #1694, #5137 ) ;
#3918 = ORIENTED_EDGE ( 'NONE', *, *, #2375, .T. ) ;
#3919 = EDGE_CURVE ( 'NONE', #4619, #4829, #1046, .T. ) ;
#3920 = EDGE_CURVE ( 'NONE', #4326, #454, #46, .T. ) ;
#3921 = AXIS2_PLACEMENT_3D ( 'NONE', #5384, #4214, #5066 ) ;
#3922 = CARTESIAN_POINT ( 'NONE',  ( -8.000000000000000000, -13.06030303803299475, -5.586370142149013368E-14 ) ) ;
#3923 = DIRECTION ( 'NONE',  ( 0.000000000000000000, 0.000000000000000000, 1.000000000000000000 ) ) ;
#3924 = DIRECTION ( 'NONE',  ( 0.000000000000000000, -0.000000000000000000, 1.000000000000000000 ) ) ;
#3925 = CIRCLE ( 'NONE', #1216, 2.000000000000000000 ) ;
#3926 = CIRCLE ( 'NONE', #2756, 2.000000000000000000 ) ;
#3927 = VERTEX_POINT ( 'NONE', #4783 ) ;
#3928 = ADVANCED_FACE ( 'NONE', ( #5214 ), #4205, .F. ) ;
#3929 = CARTESIAN_POINT ( 'NONE',  ( 10.50000000000000000, 18.54277412696120209, -19.54165004684788443 ) ) ;
#3930 = DIRECTION ( 'NONE',  ( -1.000000000000000000, 0.000000000000000000, 0.000000000000000000 ) ) ;
#3931 = ORIENTED_EDGE ( 'NONE', *, *, #2814, .T. ) ;
#3932 = EDGE_CURVE ( 'NONE', #4895, #1734, #1770, .T. ) ;
#3933 = LINE ( 'NONE', #3116, #4951 ) ;
#3934 = CARTESIAN_POINT ( 'NONE',  ( -19.31782879800016062, 35.50453607776089626, -7.968365631707117203 ) ) ;
#3935 = ORIENTED_EDGE ( 'NONE', *, *, #3920, .T. ) ;
#3936 = CARTESIAN_POINT ( 'NONE',  ( 0.000000000000000000, -19.00000000000000000, 0.000000000000000000 ) ) ;
#3937 = DIRECTION ( 'NONE',  ( 0.000000000000000000, 0.000000000000000000, 1.000000000000000000 ) ) ;
#3938 = ORIENTED_EDGE ( 'NONE', *, *, #1400, .F. ) ;
#3939 = ORIENTED_EDGE ( 'NONE', *, *, #5212, .T. ) ;
#3940 = DIRECTION ( 'NONE',  ( -0.000000000000000000, -1.000000000000000000, -0.000000000000000000 ) ) ;
#3941 = DIRECTION ( 'NONE',  ( 0.000000000000000000, 0.000000000000000000, -1.000000000000000000 ) ) ;
#3942 = CARTESIAN_POINT ( 'NONE',  ( -11.85556868217701165, 23.89785220872453664, -12.45429558255102975 ) ) ;
#3943 = CARTESIAN_POINT ( 'NONE',  ( -19.99999999999999289, 33.99999999999999289, -14.24999999999999467 ) ) ;
#3944 = ORIENTED_EDGE ( 'NONE', *, *, #4421, .F. ) ;
#3945 = ORIENTED_EDGE ( 'NONE', *, *, #3093, .F. ) ;
#3946 = VECTOR ( 'NONE', #3351, 1000.000000000000000 ) ;
#3947 = ORIENTED_EDGE ( 'NONE', *, *, #1290, .T. ) ;
#3948 = CARTESIAN_POINT ( 'NONE',  ( 17.00000000000000000, 33.24999999999998579, 33.25000000000000000 ) ) ;
#3949 = CARTESIAN_POINT ( 'NONE',  ( 12.10873105339885036, 24.08705637585936898, -14.16294362414063102 ) ) ;
#3950 = FACE_OUTER_BOUND ( 'NONE', #736, .T. ) ;
#3951 = EDGE_CURVE ( 'NONE', #4131, #437, #2760, .T. ) ;
#3952 = ORIENTED_EDGE ( 'NONE', *, *, #4028, .F. ) ;
#3953 = CARTESIAN_POINT ( 'NONE',  ( -10.49999999999999822, 17.48521270711600550, -20.88647939199306336 ) ) ;
#3954 = CARTESIAN_POINT ( 'NONE',  ( 5.000000000000001776, 30.00000000000000000, -21.00000000000000000 ) ) ;
#3955 = VECTOR ( 'NONE', #1390, 1000.000000000000000 ) ;
#3956 = EDGE_CURVE ( 'NONE', #2518, #3504, #178, .T. ) ;
#3957 = AXIS2_PLACEMENT_3D ( 'NONE', #3279, #642, #5000 ) ;
#3958 = AXIS2_PLACEMENT_3D ( 'NONE', #1158, #3733, #811 ) ;
#3959 = FACE_OUTER_BOUND ( 'NONE', #2425, .T. ) ;
#3960 = FACE_OUTER_BOUND ( 'NONE', #4756, .T. ) ;
#3961 = ORIENTED_EDGE ( 'NONE', *, *, #336, .F. ) ;
#3962 = CARTESIAN_POINT ( 'NONE',  ( 19.70722276730748135, 33.85001338777811952, -5.828325526860124839 ) ) ;
#3963 = AXIS2_PLACEMENT_3D ( 'NONE', #5402, #3259, #4921 ) ;
#3964 = DIRECTION ( 'NONE',  ( 0.000000000000000000, 0.000000000000000000, 1.000000000000000000 ) ) ;
#3965 = ADVANCED_FACE ( 'NONE', ( #2789 ), #1884, .T. ) ;
#3966 = ORIENTED_EDGE ( 'NONE', *, *, #4968, .F. ) ;
#3967 = EDGE_LOOP ( 'NONE', ( #4017, #3804 ) ) ;
#3968 = CARTESIAN_POINT ( 'NONE',  ( -11.32842712474619340, 29.65685424949238325, -14.24999999999999289 ) ) ;
#3969 = CARTESIAN_POINT ( 'NONE',  ( -8.500000000000000000, 30.00000000000000000, 0.000000000000000000 ) ) ;
#3970 = CARTESIAN_POINT ( 'NONE',  ( 10.49999999999999822, -22.78912533777446825, -25.87895096922737892 ) ) ;
#3971 = DIRECTION ( 'NONE',  ( 0.000000000000000000, 0.000000000000000000, 1.000000000000000000 ) ) ;
#3972 = ORIENTED_EDGE ( 'NONE', *, *, #1103, .F. ) ;
#3973 = ORIENTED_EDGE ( 'NONE', *, *, #5245, .T. ) ;
#3974 = EDGE_LOOP ( 'NONE', ( #5369, #3668 ) ) ;
#3975 = CARTESIAN_POINT ( 'NONE',  ( 1.666965226741278672, 30.00110697964869999, -26.99999999999999645 ) ) ;
#3976 = LINE ( 'NONE', #2653, #4683 ) ;
#3977 = ORIENTED_EDGE ( 'NONE', *, *, #3070, .T. ) ;
#3978 = ORIENTED_EDGE ( 'NONE', *, *, #5340, .T. ) ;
#3979 = EDGE_CURVE ( 'NONE', #3442, #2805, #2943, .T. ) ;
#3980 = CARTESIAN_POINT ( 'NONE',  ( -18.99999999999999289, 33.24999999999999289, -7.999999999999996447 ) ) ;
#3981 = CARTESIAN_POINT ( 'NONE',  ( 18.00000000000001066, 27.99999999999999645, 0.000000000000000000 ) ) ;
#3982 = APPROVAL_DATE_TIME ( #618, #4261 ) ;
#3983 = AXIS2_PLACEMENT_3D ( 'NONE', #3544, #1370, #570 ) ;
#3984 = EDGE_CURVE ( 'NONE', #898, #437, #2103, .T. ) ;
#3985 = EDGE_CURVE ( 'NONE', #636, #2770, #1114, .T. ) ;
#3986 = CARTESIAN_POINT ( 'NONE',  ( 19.17157287525382259, 29.99999999999999289, 8.750000000000001776 ) ) ;
#3987 = AXIS2_PLACEMENT_3D ( 'NONE', #994, #2667, #3937 ) ;
#3988 = FACE_BOUND ( 'NONE', #4568, .T. ) ;
#3989 = ORIENTED_EDGE ( 'NONE', *, *, #3682, .T. ) ;
#3990 = CARTESIAN_POINT ( 'NONE',  ( -8.000000000000000000, 20.99999999999999645, -5.586370142149013368E-14 ) ) ;
#3991 = CARTESIAN_POINT ( 'NONE',  ( 19.37391608055397541, 35.45365136200867084, 31.53058519968792694 ) ) ;
#3992 = ORIENTED_EDGE ( 'NONE', *, *, #3474, .T. ) ;
#3993 = EDGE_CURVE ( 'NONE', #1934, #5046, #52, .T. ) ;
#3994 = VERTEX_POINT ( 'NONE', #5355 ) ;
#3995 = CARTESIAN_POINT ( 'NONE',  ( 20.00000000000001066, 34.13856711134285860, -10.07232947151965696 ) ) ;
#3997 = DIRECTION ( 'NONE',  ( 0.000000000000000000, 0.000000000000000000, 1.000000000000000000 ) ) ;
#3996 = AXIS2_PLACEMENT_3D ( 'NONE', #2690, #5261, #4423 ) ;
#3998 = CARTESIAN_POINT ( 'NONE',  ( 5.000000000000000000, 29.94660307113847963, -27.00000000000000000 ) ) ;
#3999 = DIRECTION ( 'NONE',  ( -0.000000000000000000, 1.000000000000000000, -0.000000000000000000 ) ) ;
#4000 = ORIENTED_EDGE ( 'NONE', *, *, #2897, .T. ) ;
#4001 = ORIENTED_EDGE ( 'NONE', *, *, #2742, .F. ) ;
#4002 = EDGE_CURVE ( 'NONE', #1976, #3679, #4523, .T. ) ;
#4003 = ORIENTED_EDGE ( 'NONE', *, *, #4358, .F. ) ;
#4004 = LINE ( 'NONE', #3134, #3107 ) ;
#4005 = DIRECTION ( 'NONE',  ( 1.321694076934710402E-16, 0.000000000000000000, 1.000000000000000000 ) ) ;
#4006 = CIRCLE ( 'NONE', #306, 2.100000000000000977 ) ;
#4008 = EDGE_LOOP ( 'NONE', ( #5270, #2507, #4681, #895, #5237, #3523, #1609, #3202, #4532, #5517, #832, #1747, #4710, #2622, #239 ) ) ;
#4007 = B_SPLINE_CURVE_WITH_KNOTS ( 'NONE', 3,
 ( #327, #857, #3434, #3352 ),
 .UNSPECIFIED., .F., .F.,
 ( 4, 4 ),
 ( 0.002138925229414129475, 0.002737791926874925171 ),
 .UNSPECIFIED. ) ;
#4009 = ORIENTED_EDGE ( 'NONE', *, *, #5573, .F. ) ;
#4010 = AXIS2_PLACEMENT_3D ( 'NONE', #1196, #1654, #4610 ) ;
#4011 = DIRECTION ( 'NONE',  ( -0.000000000000000000, -1.000000000000000000, 0.000000000000000000 ) ) ;
#4012 = CARTESIAN_POINT ( 'NONE',  ( -2.780938603083033169E-14, -23.00000000000000000, 6.999999999999997335 ) ) ;
#4013 = AXIS2_PLACEMENT_3D ( 'NONE', #4945, #4509, #3191 ) ;
#4014 = AXIS2_PLACEMENT_3D ( 'NONE', #4595, #3250, #1124 ) ;
#4015 = DIRECTION ( 'NONE',  ( -0.000000000000000000, -1.000000000000000000, -0.000000000000000000 ) ) ;
#4016 = FACE_OUTER_BOUND ( 'NONE', #3016, .T. ) ;
#4017 = ORIENTED_EDGE ( 'NONE', *, *, #5267, .T. ) ;
#4018 = DIRECTION ( 'NONE',  ( 1.321694076934710402E-16, 0.000000000000000000, 1.000000000000000000 ) ) ;
#4019 = CARTESIAN_POINT ( 'NONE',  ( -50.40559159102153330, 44.00000000000000000, 3.469446951953614189E-15 ) ) ;
#4020 = ADVANCED_FACE ( 'NONE', ( #5412 ), #4553, .T. ) ;
#4021 = VERTEX_POINT ( 'NONE', #2418 ) ;
#4022 = CARTESIAN_POINT ( 'NONE',  ( 19.00000000000000355, 33.24999999999998579, 32.00000000000000000 ) ) ;
#4023 = ORIENTED_EDGE ( 'NONE', *, *, #2921, .T. ) ;
#4024 = CARTESIAN_POINT ( 'NONE',  ( 19.37235729805296103, 35.45582760577265446, -7.534829031704481039 ) ) ;
#4025 = DIRECTION ( 'NONE',  ( -1.000000000000000000, 0.000000000000000000, 0.000000000000000000 ) ) ;
#4026 = CARTESIAN_POINT ( 'NONE',  ( 9.796028645917738586, -21.72207595522110424, -27.16233886017165489 ) ) ;
#4027 = CARTESIAN_POINT ( 'NONE',  ( -18.99999999999999289, 33.24999999999998579, 34.25000000000000000 ) ) ;
#4028 = EDGE_CURVE ( 'NONE', #4697, #2258, #1414, .T. ) ;
#4029 = EDGE_LOOP ( 'NONE', ( #3717, #4847 ) ) ;
#4030 = ORIENTED_EDGE ( 'NONE', *, *, #3956, .F. ) ;
#4031 = ORIENTED_EDGE ( 'NONE', *, *, #3038, .F. ) ;
#4032 = FACE_BOUND ( 'NONE', #2830, .T. ) ;
#4033 = CARTESIAN_POINT ( 'NONE',  ( -18.13330162899537612, 36.00000000000000711, -7.180703308172533106 ) ) ;
#4034 = ADVANCED_FACE ( 'NONE', ( #4466 ), #1143, .F. ) ;
#4035 = VERTEX_POINT ( 'NONE', #206 ) ;
#4036 = CARTESIAN_POINT ( 'NONE',  ( 0.000000000000000000, -19.00000000000000000, 0.000000000000000000 ) ) ;
#4037 = DIRECTION ( 'NONE',  ( 0.000000000000000000, -0.000000000000000000, 1.000000000000000000 ) ) ;
#4038 = CARTESIAN_POINT ( 'NONE',  ( -18.99999999999998934, 33.24999999999999289, -9.249999999999998224 ) ) ;
#4039 = CIRCLE ( 'NONE', #1334, 2.000000000000001776 ) ;
#4040 = DIRECTION ( 'NONE',  ( 0.000000000000000000, 0.000000000000000000, -1.000000000000000000 ) ) ;
#4041 = CARTESIAN_POINT ( 'NONE',  ( 18.00000000000001066, 33.99999999999999289, -12.25000000000000178 ) ) ;
#4042 = VERTEX_POINT ( 'NONE', #4051 ) ;
#4043 = DIRECTION ( 'NONE',  ( 1.000000000000000000, -0.000000000000000000, -0.000000000000000000 ) ) ;
#4044 = LINE ( 'NONE', #1023, #3633 ) ;
#4045 = AXIS2_PLACEMENT_3D ( 'NONE', #4102, #3713, #146 ) ;
#4046 = ORIENTED_EDGE ( 'NONE', *, *, #4894, .F. ) ;
#4047 = CIRCLE ( 'NONE', #5579, 1.999999999999999334 ) ;
#4048 = CARTESIAN_POINT ( 'NONE',  ( -19.97563024398867881, 33.77082604622667361, 7.067379119541524091 ) ) ;
#4049 = AXIS2_PLACEMENT_3D ( 'NONE', #4070, #1847, #1875 ) ;
#4050 = EDGE_CURVE ( 'NONE', #549, #860, #1367, .T. ) ;
#4051 = CARTESIAN_POINT ( 'NONE',  ( 20.00000000000000711, 33.99999999999999289, -12.25000000000000178 ) ) ;
#4052 = ORIENTED_EDGE ( 'NONE', *, *, #3418, .T. ) ;
#4053 = DIRECTION ( 'NONE',  ( 0.000000000000000000, 0.000000000000000000, 1.000000000000000000 ) ) ;
#4054 = DIRECTION ( 'NONE',  ( 0.000000000000000000, 0.000000000000000000, -1.000000000000000000 ) ) ;
#4055 = CARTESIAN_POINT ( 'NONE',  ( 8.379555213223520053E-14, 20.99999999999999645, -7.999999999999998224 ) ) ;
#4056 = DIRECTION ( 'NONE',  ( 0.000000000000000000, 0.000000000000000000, -1.000000000000000000 ) ) ;
#4057 = EDGE_LOOP ( 'NONE', ( #3256, #1378, #34, #1062 ) ) ;
#4058 = ADVANCED_FACE ( 'NONE', ( #597 ), #2923, .F. ) ;
#4059 = ORIENTED_EDGE ( 'NONE', *, *, #593, .T. ) ;
#4060 = CYLINDRICAL_SURFACE ( 'NONE', #1593, 2.000000000000001776 ) ;
#4061 = CARTESIAN_POINT ( 'NONE',  ( 8.000000000000000000, -23.00000000000000000, 1.000000000000001554 ) ) ;
#4062 = FACE_OUTER_BOUND ( 'NONE', #3857, .T. ) ;
#4063 = CARTESIAN_POINT ( 'NONE',  ( 10.50000000000000000, -18.16423126968662771, -20.11072522888431990 ) ) ;
#4064 = ORIENTED_EDGE ( 'NONE', *, *, #2723, .T. ) ;
#4065 = VERTEX_POINT ( 'NONE', #3319 ) ;
#4066 = ADVANCED_FACE ( 'NONE', ( #1275 ), #2474, .T. ) ;
#4067 = CARTESIAN_POINT ( 'NONE',  ( 18.00000000000001066, 33.99999999999999289, 0.000000000000000000 ) ) ;
#4068 = CARTESIAN_POINT ( 'NONE',  ( 0.000000000000000000, 25.00000000000000000, 0.000000000000000000 ) ) ;
#4069 = PERSON_AND_ORGANIZATION_ROLE ( 'design_supplier' ) ;
#4070 = CARTESIAN_POINT ( 'NONE',  ( -2.793185071074506684E-14, -13.06030303803299475, 8.000000000000000000 ) ) ;
#4071 = DIRECTION ( 'NONE',  ( -0.000000000000000000, -1.000000000000000000, -0.000000000000000000 ) ) ;
#4072 = EDGE_LOOP ( 'NONE', ( #3770, #1684 ) ) ;
#4073 = CARTESIAN_POINT ( 'NONE',  ( -19.99999999999999289, 33.24999999999998579, 32.00000000000000000 ) ) ;
#4074 = PLANE ( 'NONE',  #2433 ) ;
#4075 = AXIS2_PLACEMENT_3D ( 'NONE', #907, #3488, #2253 ) ;
#4076 = DIRECTION ( 'NONE',  ( -0.000000000000000000, -1.000000000000000000, -0.000000000000000000 ) ) ;
#4077 = AXIS2_PLACEMENT_3D ( 'NONE', #562, #4547, #3593 ) ;
#4078 = CARTESIAN_POINT ( 'NONE',  ( -18.99999999999998934, 33.24999999999999289, -7.999999999999996447 ) ) ;
#4079 = ORIENTED_EDGE ( 'NONE', *, *, #523, .F. ) ;
#4080 = DIRECTION ( 'NONE',  ( 0.000000000000000000, 1.000000000000000000, -0.000000000000000000 ) ) ;
#4081 = DIRECTION ( 'NONE',  ( 0.000000000000000000, 1.000000000000000000, -0.000000000000000000 ) ) ;
#4082 = CARTESIAN_POINT ( 'NONE',  ( 18.00000000000001421, 30.00000000000000000, 19.75000000000000355 ) ) ;
#4083 = DIRECTION ( 'NONE',  ( 0.000000000000000000, 0.000000000000000000, 1.000000000000000000 ) ) ;
#4084 = ORIENTED_EDGE ( 'NONE', *, *, #4358, .T. ) ;
#4085 = LOCAL_TIME ( 16, 15, 49.00000000000000000, #3311 ) ;
#4086 = ORIENTED_EDGE ( 'NONE', *, *, #3581, .T. ) ;
#4087 = CARTESIAN_POINT ( 'NONE',  ( -8.000000000000000000, 20.99999999999999645, -5.586370142149013368E-14 ) ) ;
#4088 = FACE_OUTER_BOUND ( 'NONE', #3904, .T. ) ;
#4089 = DIRECTION ( 'NONE',  ( 0.000000000000000000, 0.000000000000000000, 1.000000000000000000 ) ) ;
#4090 = CARTESIAN_POINT ( 'NONE',  ( 17.00000000000000000, 33.24999999999998579, 30.75000000000000355 ) ) ;
#4091 = EDGE_LOOP ( 'NONE', ( #604, #4611 ) ) ;
#4092 = EDGE_CURVE ( 'NONE', #292, #1502, #413, .T. ) ;
#4093 = DIRECTION ( 'NONE',  ( 0.000000000000000000, 0.000000000000000000, -1.000000000000000000 ) ) ;
#4094 = ADVANCED_FACE ( 'NONE', ( #1249 ), #5383, .F. ) ;
#4095 = DIRECTION ( 'NONE',  ( 0.000000000000000000, 0.000000000000000000, -1.000000000000000000 ) ) ;
#4096 = CARTESIAN_POINT ( 'NONE',  ( 3.333630017409789925, -22.99221555918932580, -27.00000000000000000 ) ) ;
#4097 = ADVANCED_FACE ( 'NONE', ( #2977 ), #847, .F. ) ;
#4098 = FACE_OUTER_BOUND ( 'NONE', #1406, .T. ) ;
#4099 = CARTESIAN_POINT ( 'NONE',  ( 8.379555213223520053E-14, 13.06030303803299475, -7.999999999999998224 ) ) ;
#4100 = EDGE_LOOP ( 'NONE', ( #2757, #103, #3052, #2582 ) ) ;
#4101 = FACE_OUTER_BOUND ( 'NONE', #1784, .T. ) ;
#4102 = CARTESIAN_POINT ( 'NONE',  ( -17.99999999999999645, 44.00000000000000000, 3.469446951953614189E-15 ) ) ;
#4103 = EDGE_CURVE ( 'NONE', #454, #4326, #3573, .T. ) ;
#4104 = VECTOR ( 'NONE', #5370, 1000.000000000000000 ) ;
#4105 = CARTESIAN_POINT ( 'NONE',  ( -8.499999999999996447, 27.99999999999999645, -25.62713405747899031 ) ) ;
#4106 = CARTESIAN_POINT ( 'NONE',  ( 17.00000000000000000, 30.00000000000000000, -14.24999999999999467 ) ) ;
#4107 = AXIS2_PLACEMENT_3D ( 'NONE', #4125, #732, #363 ) ;
#4108 = ORIENTED_EDGE ( 'NONE', *, *, #738, .T. ) ;
#4109 = FACE_OUTER_BOUND ( 'NONE', #3350, .T. ) ;
#4110 = CARTESIAN_POINT ( 'NONE',  ( 19.00000000000000711, 33.24999999999999289, -7.999999999999996447 ) ) ;
#4111 = CARTESIAN_POINT ( 'NONE',  ( 19.92034532728714780, 33.24999999999999289, -5.749999999999993783 ) ) ;
#4112 = CARTESIAN_POINT ( 'NONE',  ( -8.499999999999996447, -17.00000000000000000, -17.37171027316250971 ) ) ;
#4113 = AXIS2_PLACEMENT_3D ( 'NONE', #3455, #3348, #5600 ) ;
#4114 = ORIENTED_EDGE ( 'NONE', *, *, #5513, .T. ) ;
#4115 = VECTOR ( 'NONE', #5097, 1000.000000000000000 ) ;
#4116 = ORIENTED_EDGE ( 'NONE', *, *, #130, .T. ) ;
#4117 = CARTESIAN_POINT ( 'NONE',  ( 8.525784352030189694, 30.01289217601511439, -15.98820384766545111 ) ) ;
#4118 = CARTESIAN_POINT ( 'NONE',  ( 0.000000000000000000, 36.00000000000000000, 0.000000000000000000 ) ) ;
#4119 = CARTESIAN_POINT ( 'NONE',  ( -8.500000000000000000, 30.00000000000000000, -25.62713405747899387 ) ) ;
#4120 = DIRECTION ( 'NONE',  ( 1.000000000000000000, -0.000000000000000000, -0.000000000000000000 ) ) ;
#4121 = ORIENTED_EDGE ( 'NONE', *, *, #3649, .T. ) ;
#4122 = CARTESIAN_POINT ( 'NONE',  ( 1.285879139104720831E-15, 30.00000000000000000, 10.50000000000000000 ) ) ;
#4123 = ADVANCED_FACE ( 'NONE', ( #2553 ), #2898, .F. ) ;
#4124 = CARTESIAN_POINT ( 'NONE',  ( 19.00000000000000711, 33.24999999999998579, 32.00000000000000000 ) ) ;
#4125 = CARTESIAN_POINT ( 'NONE',  ( 18.00000000000001066, 26.00000000000000355, -12.25000000000000178 ) ) ;
#4126 = EDGE_CURVE ( 'NONE', #1716, #2624, #4364, .T. ) ;
#4127 = CARTESIAN_POINT ( 'NONE',  ( -19.17157287525380482, 36.00000000000000000, 19.75000000000000711 ) ) ;
#4128 = ORIENTED_EDGE ( 'NONE', *, *, #4028, .T. ) ;
#4129 = DIRECTION ( 'NONE',  ( 0.000000000000000000, 1.000000000000000000, 0.000000000000000000 ) ) ;
#4130 = LINE ( 'NONE', #3263, #4428 ) ;
#4131 = VERTEX_POINT ( 'NONE', #2105 ) ;
#4132 = DIRECTION ( 'NONE',  ( 0.000000000000000000, 0.000000000000000000, 1.000000000000000000 ) ) ;
#4133 = EDGE_CURVE ( 'NONE', #3927, #3239, #1631, .T. ) ;
#4134 = CARTESIAN_POINT ( 'NONE',  ( -16.99999999999999289, 33.24999999999999289, -7.999999999999996447 ) ) ;
#4135 = EDGE_LOOP ( 'NONE', ( #123, #1885, #3375, #1723, #1867, #3161, #2399, #322, #4196, #2968, #82, #3838 ) ) ;
#4136 = CARTESIAN_POINT ( 'NONE',  ( -16.99999999999998579, 30.00000000000000000, 35.24999999999999289 ) ) ;
#4137 = CARTESIAN_POINT ( 'NONE',  ( 8.000000000000000000, 25.00000000000000000, -1.000000000000001554 ) ) ;
#4138 = AXIS2_PLACEMENT_3D ( 'NONE', #3254, #2038, #4974 ) ;
#4139 = CARTESIAN_POINT ( 'NONE',  ( 19.00000000000000355, 33.24999999999999289, -9.249999999999998224 ) ) ;
#4140 = AXIS2_PLACEMENT_3D ( 'NONE', #1108, #2297, #4458 ) ;
#4141 = ORIENTED_EDGE ( 'NONE', *, *, #2953, .T. ) ;
#4142 = AXIS2_PLACEMENT_3D ( 'NONE', #1287, #4250, #380 ) ;
#4143 = CIRCLE ( 'NONE', #5409, 2.000000000000001776 ) ;
#4144 = ORIENTED_EDGE ( 'NONE', *, *, #5116, .F. ) ;
#4145 = CARTESIAN_POINT ( 'NONE',  ( 8.627933404743966861, 30.06396670237196389, -15.73143486427004056 ) ) ;
#4146 = CARTESIAN_POINT ( 'NONE',  ( 8.500000000000000000, 27.99999999999999645, -25.62713405747899742 ) ) ;
#4147 = CARTESIAN_POINT ( 'NONE',  ( -10.70233407885292998, 23.77260482411278986, -15.36369758794367080 ) ) ;
#4148 = CYLINDRICAL_SURFACE ( 'NONE', #3419, 2.250000000000002665 ) ;
#4149 = ORIENTED_EDGE ( 'NONE', *, *, #2786, .F. ) ;
#4150 = ORIENTED_EDGE ( 'NONE', *, *, #1243, .T. ) ;
#4151 = CARTESIAN_POINT ( 'NONE',  ( 8.000000000000000000, -23.00000000000000000, 0.000000000000000000 ) ) ;
#4152 = ORIENTED_EDGE ( 'NONE', *, *, #4281, .F. ) ;
#4153 = ADVANCED_FACE ( 'NONE', ( #2081 ), #4163, .T. ) ;
#4154 = B_SPLINE_CURVE_WITH_KNOTS ( 'NONE', 3,
 ( #546, #2772, #105, #4941 ),
 .UNSPECIFIED., .F., .F.,
 ( 4, 4 ),
 ( 0.000000000000000000, 0.0004700444643638577785 ),
 .UNSPECIFIED. ) ;
#4155 = DIRECTION ( 'NONE',  ( 0.000000000000000000, 0.000000000000000000, 1.000000000000000000 ) ) ;
#4156 = DIRECTION ( 'NONE',  ( 0.000000000000000000, 1.000000000000000000, -0.000000000000000000 ) ) ;
#4157 = CARTESIAN_POINT ( 'NONE',  ( -17.99999999999999645, 30.00000000000000000, 6.750000000000006217 ) ) ;
#4158 = ORIENTED_EDGE ( 'NONE', *, *, #5007, .T. ) ;
#4159 =( BOUNDED_SURFACE ( )  B_SPLINE_SURFACE ( 3, 2, ( 
 ( #4533, #4503, #4173 ),
 ( #2427, #3638, #667 ),
 ( #4117, #5364, #246 ),
 ( #4145, #275, #2006 ),
 ( #3752, #1498, #3884 ),
 ( #4247, #353, #5133 ),
 ( #3833, #749, #5500 ),
 ( #2508, #4, #5109 ),
 ( #1234, #3326, #2143 ),
 ( #2958, #3858, #1692 ),
 ( #4648, #377, #3805 ),
 ( #2114, #2561, #828 ),
 ( #3407, #5050, #2589 ),
 ( #5552, #5578, #406 ),
 ( #1718, #2088, #1259 ),
 ( #4296, #5159, #1180 ) ),
 .UNSPECIFIED., .F., .F., .F. ) 
 B_SPLINE_SURFACE_WITH_KNOTS ( ( 4, 2, 2, 2, 2, 2, 2, 4 ),
 ( 3, 3 ),
 ( 3.141592653589793116, 3.337942194439155408, 3.534291735288517255, 3.730641276137879103, 3.926990816987241395, 4.123340357836603687, 4.319689898685965090, 4.712388980384689674 ),
 ( 0.000000000000000000, 1.000000000000000000 ),
 .UNSPECIFIED. ) 
 GEOMETRIC_REPRESENTATION_ITEM ( )  RATIONAL_B_SPLINE_SURFACE ( (
 ( 1.000000000000000000, 0.7071067811865475727, 1.000000000000000000),
 ( 1.000000000000000000, 0.7070717279753704343, 1.000000000000000000),
 ( 1.000000000000000000, 0.7117460030643748548, 1.000000000000000000),
 ( 1.000000000000000000, 0.7291288934789416087, 1.000000000000000000),
 ( 1.000000000000000000, 0.7418334186077328862, 1.000000000000000000),
 ( 1.000000000000000000, 0.7723968210894707198, 1.000000000000000000),
 ( 1.000000000000000000, 0.7902180092785293652, 1.000000000000000000),
 ( 1.000000000000000000, 0.8275942689648123629, 1.000000000000000000),
 ( 1.000000000000000000, 0.8471316608880660182, 1.000000000000000000),
 ( 1.000000000000000000, 0.8849191466808122852, 1.000000000000000000),
 ( 1.000000000000000000, 0.9031650997099844869, 1.000000000000000000),
 ( 1.000000000000000000, 0.9360421839764107022, 1.000000000000000000),
 ( 1.000000000000000000, 0.9506740355727724134, 1.000000000000000000),
 ( 1.000000000000000000, 0.9867291884979241257, 1.000000000000000000),
 ( 1.000000000000000000, 1.000158581338146835, 1.000000000000000000),
 ( 1.000000000000000000, 1.000000000000000000, 1.000000000000000000) ) ) 
 REPRESENTATION_ITEM ( '' )  SURFACE ( )  );
#4160 = EDGE_CURVE ( 'NONE', #2933, #753, #1230, .T. ) ;
#4161 = EDGE_CURVE ( 'NONE', #4524, #4251, #5568, .T. ) ;
#4162 = CARTESIAN_POINT ( 'NONE',  ( 20.00000000000000711, 26.00000000000000355, 36.24999999999999289 ) ) ;
#4163 = CYLINDRICAL_SURFACE ( 'NONE', #2493, 2.000000000000001776 ) ;
#4164 = ORIENTED_EDGE ( 'NONE', *, *, #5157, .F. ) ;
#4165 = DIRECTION ( 'NONE',  ( 1.000000000000000000, -0.000000000000000000, -0.000000000000000000 ) ) ;
#4166 = CARTESIAN_POINT ( 'NONE',  ( 20.00000000000000711, 33.99999999999999289, -7.180703308172531329 ) ) ;
#4167 = CARTESIAN_POINT ( 'NONE',  ( -19.99999999999999289, 32.66027970501550470, -5.828657103614578006 ) ) ;
#4168 = AXIS2_PLACEMENT_3D ( 'NONE', #539, #1774, #5219 ) ;
#4169 = EDGE_LOOP ( 'NONE', ( #3542, #2957, #3915, #5006 ) ) ;
#4170 = EDGE_CURVE ( 'NONE', #613, #898, #2410, .T. ) ;
#4171 = CIRCLE ( 'NONE', #5433, 4.000000000000000000 ) ;
#4172 = EDGE_LOOP ( 'NONE', ( #4003, #3223, #517, #179 ) ) ;
#4173 = CARTESIAN_POINT ( 'NONE',  ( 10.50000000000000000, 28.00000000000000000, -16.25000000000000000 ) ) ;
#4174 = CIRCLE ( 'NONE', #2250, 2.100000000000000977 ) ;
#4175 = LINE ( 'NONE', #2035, #5566 ) ;
#4176 = DIRECTION ( 'NONE',  ( 0.000000000000000000, 0.000000000000000000, 1.000000000000000000 ) ) ;
#4177 = CARTESIAN_POINT ( 'NONE',  ( 17.00000000000000000, 36.00000000000000000, -7.180703308172531329 ) ) ;
#4178 = ORIENTED_EDGE ( 'NONE', *, *, #1575, .T. ) ;
#4179 = CARTESIAN_POINT ( 'NONE',  ( 20.00000000000000711, 33.99999999999999289, 34.12132034355964549 ) ) ;
#4180 = ADVANCED_FACE ( 'NONE', ( #5151 ), #291, .F. ) ;
#4181 = CIRCLE ( 'NONE', #2472, 2.000000000000001776 ) ;
#4182 = DIRECTION ( 'NONE',  ( -1.000000000000000000, 0.000000000000000000, 0.000000000000000000 ) ) ;
#4183 = CARTESIAN_POINT ( 'NONE',  ( 0.000000000000000000, 25.00000000000000000, 0.000000000000000000 ) ) ;
#4184 = CARTESIAN_POINT ( 'NONE',  ( 18.00000000000001066, 36.00000000000000000, 36.25000000000000000 ) ) ;
#4185 = CIRCLE ( 'NONE', #4346, 2.100000000000000533 ) ;
#4186 = VERTEX_POINT ( 'NONE', #3743 ) ;
#4187 = CARTESIAN_POINT ( 'NONE',  ( 10.50000000000000000, 27.99999999999999645, -16.25000000000000000 ) ) ;
#4188 = DIRECTION ( 'NONE',  ( 0.000000000000000000, 0.000000000000000000, 1.000000000000000000 ) ) ;
#4189 = ORIENTED_EDGE ( 'NONE', *, *, #1629, .F. ) ;
#4190 = DIRECTION ( 'NONE',  ( 0.000000000000000000, 1.000000000000000000, 0.000000000000000000 ) ) ;
#4191 = AXIS2_PLACEMENT_3D ( 'NONE', #1369, #3097, #1858 ) ;
#4192 = ADVANCED_FACE ( 'NONE', ( #5464 ), #1604, .F. ) ;
#4193 = DIRECTION ( 'NONE',  ( -0.000000000000000000, -1.000000000000000000, -0.000000000000000000 ) ) ;
#4194 = EDGE_CURVE ( 'NONE', #2419, #636, #3063, .T. ) ;
#4195 = CARTESIAN_POINT ( 'NONE',  ( 5.000000000000001776, -20.99999999999999645, -21.00000000000000000 ) ) ;
#4196 = ORIENTED_EDGE ( 'NONE', *, *, #287, .T. ) ;
#4197 = VERTEX_POINT ( 'NONE', #3117 ) ;
#4198 = FACE_OUTER_BOUND ( 'NONE', #5585, .T. ) ;
#4199 = CARTESIAN_POINT ( 'NONE',  ( 18.00000000000001066, 36.00000000000000000, 6.750000000000006217 ) ) ;
#4200 = ADVANCED_FACE ( 'NONE', ( #4375 ), #3451, .F. ) ;
#4201 = CARTESIAN_POINT ( 'NONE',  ( -8.000000000000000000, -23.00000000000000000, -1.000000000000057288 ) ) ;
#4202 = DIRECTION ( 'NONE',  ( 0.000000000000000000, 0.000000000000000000, 1.000000000000000000 ) ) ;
#4203 = VERTEX_POINT ( 'NONE', #959 ) ;
#4204 = LINE ( 'NONE', #3783, #1302 ) ;
#4205 = TOROIDAL_SURFACE ( 'NONE', #1773, 4.000000000000000000, 2.000000000000000000 ) ;
#4206 = EDGE_CURVE ( 'NONE', #1785, #2373, #4948, .T. ) ;
#4207 = CARTESIAN_POINT ( 'NONE',  ( -17.99999999999999645, 33.99999999999999289, 0.000000000000000000 ) ) ;
#4208 = VERTEX_POINT ( 'NONE', #531 ) ;
#4209 = CARTESIAN_POINT ( 'NONE',  ( -8.499999999999996447, 17.00000000000000000, -17.37171027316250971 ) ) ;
#4210 = CARTESIAN_POINT ( 'NONE',  ( -10.50000000000000000, -23.00000000000000000, -1.928818708657081344E-15 ) ) ;
#4211 = CARTESIAN_POINT ( 'NONE',  ( -8.000000000000000000, 25.00000000000000000, -5.586370142149013368E-14 ) ) ;
#4212 = ORIENTED_EDGE ( 'NONE', *, *, #53, .F. ) ;
#4213 = VECTOR ( 'NONE', #2401, 1000.000000000000000 ) ;
#4214 = DIRECTION ( 'NONE',  ( 0.000000000000000000, -0.000000000000000000, 1.000000000000000000 ) ) ;
#4215 = CARTESIAN_POINT ( 'NONE',  ( 8.000000000000000000, -13.06030303803299475, 0.000000000000000000 ) ) ;
#4216 = ORIENTED_EDGE ( 'NONE', *, *, #3445, .F. ) ;
#4217 = CARTESIAN_POINT ( 'NONE',  ( 18.00000000000001066, 26.00000000000000355, 36.24999999999999289 ) ) ;
#4218 = TOROIDAL_SURFACE ( 'NONE', #2064, 12.50000000000000000, 2.000000000000000000 ) ;
#4219 = CARTESIAN_POINT ( 'NONE',  ( 20.00000000000000711, 33.99999999999999289, 21.75000000000000711 ) ) ;
#4220 = FACE_OUTER_BOUND ( 'NONE', #965, .T. ) ;
#4221 = EDGE_LOOP ( 'NONE', ( #5601, #2878, #516, #93, #5037 ) ) ;
#4222 = AXIS2_PLACEMENT_3D ( 'NONE', #3086, #3849, #4836 ) ;
#4223 = EDGE_CURVE ( 'NONE', #159, #3873, #1764, .T. ) ;
#4224 = ORIENTED_EDGE ( 'NONE', *, *, #1014, .T. ) ;
#4225 = CARTESIAN_POINT ( 'NONE',  ( 8.000000000000000000, 25.00000000000000000, 2.100000000000000533 ) ) ;
#4226 = CARTESIAN_POINT ( 'NONE',  ( 18.00000000000001421, 36.00000000000000000, 8.750000000000003553 ) ) ;
#4227 = CARTESIAN_POINT ( 'NONE',  ( -5.000000000000000000, -23.00000000000000000, -26.69070068187556899 ) ) ;
#4228 = CARTESIAN_POINT ( 'NONE',  ( -8.000000000000000000, -19.00000000000000000, 0.9999999999999453770 ) ) ;
#4229 = ORIENTED_EDGE ( 'NONE', *, *, #2411, .T. ) ;
#4230 = FACE_OUTER_BOUND ( 'NONE', #3027, .T. ) ;
#4231 = ADVANCED_FACE ( 'NONE', ( #3480 ), #2606, .F. ) ;
#4232 = AXIS2_PLACEMENT_3D ( 'NONE', #4311, #26, #1763 ) ;
#4233 = CARTESIAN_POINT ( 'NONE',  ( 8.000000000000000000, -20.99999999999999645, 2.100000000000000533 ) ) ;
#4234 = ADVANCED_FACE ( 'NONE', ( #3960, #3988 ), #3876, .T. ) ;
#4235 = DIRECTION ( 'NONE',  ( -1.000000000000000000, 0.000000000000000000, 0.000000000000000000 ) ) ;
#4236 = CARTESIAN_POINT ( 'NONE',  ( -9.486452754116070807, 30.49322637705803629, -14.92834649819577209 ) ) ;
#4237 = CARTESIAN_POINT ( 'NONE',  ( 18.00000000000001421, 36.00000000000000000, -7.180703308172531329 ) ) ;
#4238 = ORIENTED_EDGE ( 'NONE', *, *, #1690, .F. ) ;
#4239 = CARTESIAN_POINT ( 'NONE',  ( -8.000000000000000000, 13.06030303803299475, 2.099999999999944134 ) ) ;
#4240 = CARTESIAN_POINT ( 'NONE',  ( 18.00000000000001066, 33.99999999999999289, 36.25000000000000000 ) ) ;
#4241 = ORIENTED_EDGE ( 'NONE', *, *, #1089, .F. ) ;
#4242 = CARTESIAN_POINT ( 'NONE',  ( -19.33390985534933293, 35.49044978538993433, 31.76164081545361384 ) ) ;
#4243 = DIRECTION ( 'NONE',  ( -0.000000000000000000, -1.000000000000000000, 0.000000000000000000 ) ) ;
#4244 = CARTESIAN_POINT ( 'NONE',  ( 19.94044169311640502, 34.12312267512163544, 7.250062368937588708 ) ) ;
#4245 = ORIENTED_EDGE ( 'NONE', *, *, #502, .T. ) ;
#4246 = ORIENTED_EDGE ( 'NONE', *, *, #5168, .F. ) ;
#4247 = CARTESIAN_POINT ( 'NONE',  ( 8.904668157358724301, 30.20233407867922892, -15.36369758836303134 ) ) ;
#4248 = DIRECTION ( 'NONE',  ( 0.000000000000000000, 0.000000000000000000, 1.000000000000000000 ) ) ;
#4249 = CARTESIAN_POINT ( 'NONE',  ( -11.70438453630162456, 23.96972870135046207, -14.28027129864952727 ) ) ;
#4250 = DIRECTION ( 'NONE',  ( 0.000000000000000000, 1.000000000000000000, -0.000000000000000000 ) ) ;
#4251 = VERTEX_POINT ( 'NONE', #5208 ) ;
#4252 = DIRECTION ( 'NONE',  ( 0.000000000000000000, 1.000000000000000000, -0.000000000000000000 ) ) ;
#4253 = AXIS2_PLACEMENT_3D ( 'NONE', #2162, #4613, #1279 ) ;
#4254 = CARTESIAN_POINT ( 'NONE',  ( 19.00000000000000711, 33.24999999999999289, -7.999999999999996447 ) ) ;
#4255 = DIRECTION ( 'NONE',  ( -1.000000000000000000, -0.000000000000000000, 1.321694076934710402E-16 ) ) ;
#4256 = ADVANCED_FACE ( 'NONE', ( #4312 ), #3535, .F. ) ;
#4257 = LINE ( 'NONE', #2181, #2785 ) ;
#4258 = CARTESIAN_POINT ( 'NONE',  ( -9.319569496515896390, 30.40978474825798727, -15.03002041708998426 ) ) ;
#4259 = ADVANCED_FACE ( 'NONE', ( #116 ), #1848, .F. ) ;
#4260 = ORIENTED_EDGE ( 'NONE', *, *, #4920, .F. ) ;
#4261 = APPROVAL ( #4833, 'UNSPECIFIED' ) ;
#4262 = LINE ( 'NONE', #4239, #4450 ) ;
#4263 = CARTESIAN_POINT ( 'NONE',  ( 18.00000000000001421, 36.00000000000000000, 19.75000000000000355 ) ) ;
#4264 = ORIENTED_EDGE ( 'NONE', *, *, #2263, .T. ) ;
#4265 = LINE ( 'NONE', #2951, #1736 ) ;
#4267 = CARTESIAN_POINT ( 'NONE',  ( 8.499999999999996447, -16.99999999999998579, -21.37171027316250971 ) ) ;
#4266 = VECTOR ( 'NONE', #467, 1000.000000000000000 ) ;
#4268 = EDGE_CURVE ( 'NONE', #148, #3477, #2604, .T. ) ;
#4269 = CARTESIAN_POINT ( 'NONE',  ( 0.000000000000000000, 30.00000000000000000, 0.000000000000000000 ) ) ;
#4270 = EDGE_LOOP ( 'NONE', ( #2231, #5306, #3449, #5525 ) ) ;
#4271 = ORIENTED_EDGE ( 'NONE', *, *, #995, .F. ) ;
#4272 = CLOSED_SHELL ( 'NONE', ( #1644, #1647, #4200, #2012, #1761, #3848, #3928, #2505, #645, #466, #4231, #4259, #86, #366, #5550, #1655, #4392, #5062, #558, #4123, #422, #3054, #4192, #4097, #3721, #3864, #1527, #4811, #5426, #4256, #1482, #3309, #4180, #2713, #4153, #2960, #4793, #842, #556, #3880, #801, #603, #817, #2166, #1713, #4496, #4645, #3174, #2992, #5172, #255, #2831, #2795, #3376, #2126, #4293, #3061, #5520, #4672, #1325, #5178, #2335, #421, #2042, #2983, #1996, #1366, #3688, #1788, #4958, #3402, #5003, #3731, #1797, #2100, #5031, #3813, #954, #2303, #3856, #1852, #1969, #1901, #1026, #1377, #451, #1815, #2717, #5448, #1750, #3567, #4234, #4318, #678, #1726, #4603, #2095, #3200, #2821, #2930, #2768, #2541, #2439, #2333, #4058, #323, #5540, #4034, #919, #902, #2, #3532, #4825, #4572, #4420, #3162, #1925, #2351, #3465, #492, #4325, #2644, #4755, #192, #4094, #2991, #2941, #2506, #3796, #769, #4066, #113, #3030, #4538, #3886, #535, #2569, #2521, #5565, #2574, #3277, #1450, #5441, #430, #1995, #3965, #3270, #4399, #3341, #988, #388, #4937, #1931, #5105, #2966, #4020, #3108, #226, #3575, #1470, #2066, #1166, #983, #5167, #4747, #4777, #2587, #4653, #2453 ) ) ;
#4273 = DIRECTION ( 'NONE',  ( 0.000000000000000000, 1.000000000000000000, 0.000000000000000000 ) ) ;
#4274 = DIRECTION ( 'NONE',  ( 0.000000000000000000, 1.000000000000000000, -0.000000000000000000 ) ) ;
#4275 = FACE_OUTER_BOUND ( 'NONE', #132, .T. ) ;
#4276 = CYLINDRICAL_SURFACE ( 'NONE', #2435, 21.00000000000000000 ) ;
#4277 = VERTEX_POINT ( 'NONE', #27 ) ;
#4278 = DIRECTION ( 'NONE',  ( 0.000000000000000000, 0.000000000000000000, 1.000000000000000000 ) ) ;
#4279 = DIRECTION ( 'NONE',  ( 0.000000000000000000, 0.000000000000000000, 1.000000000000000000 ) ) ;
#4280 = CARTESIAN_POINT ( 'NONE',  ( 10.50000000000000000, 22.00000000000000000, -16.25000000000000000 ) ) ;
#4281 = EDGE_CURVE ( 'NONE', #4719, #613, #897, .T. ) ;
#4282 = DIRECTION ( 'NONE',  ( 0.000000000000000000, 0.000000000000000000, -1.000000000000000000 ) ) ;
#4283 = CARTESIAN_POINT ( 'NONE',  ( 0.000000000000000000, 25.00000000000000000, 0.000000000000000000 ) ) ;
#4284 = ORIENTED_EDGE ( 'NONE', *, *, #389, .T. ) ;
#4285 = EDGE_CURVE ( 'NONE', #5041, #5252, #4341, .T. ) ;
#4286 = CARTESIAN_POINT ( 'NONE',  ( -19.54776270713109909, 34.17937165398491572, -5.947577100551418638 ) ) ;
#4287 = CARTESIAN_POINT ( 'NONE',  ( 0.000000000000000000, 20.99999999999999645, 0.000000000000000000 ) ) ;
#4288 = ORIENTED_EDGE ( 'NONE', *, *, #273, .T. ) ;
#4289 = FACE_OUTER_BOUND ( 'NONE', #1144, .T. ) ;
#4290 = CARTESIAN_POINT ( 'NONE',  ( 10.50000000000000000, 27.99999999999999645, -16.25000000000000000 ) ) ;
#4291 = DIRECTION ( 'NONE',  ( -1.000000000000000000, 0.000000000000000000, 0.000000000000000000 ) ) ;
#4292 = VERTEX_POINT ( 'NONE', #3510 ) ;
#4293 = ADVANCED_FACE ( 'NONE', ( #4923 ), #681, .T. ) ;
#4294 = VECTOR ( 'NONE', #1067, 1000.000000000000000 ) ;
#4295 = ORIENTED_EDGE ( 'NONE', *, *, #813, .F. ) ;
#4296 = CARTESIAN_POINT ( 'NONE',  ( 12.50000000000000711, 32.00000000000000000, -14.25000000000000000 ) ) ;
#4297 = CARTESIAN_POINT ( 'NONE',  ( 0.000000000000000000, 30.00000000000000000, -10.50000000000000000 ) ) ;
#4298 = CARTESIAN_POINT ( 'NONE',  ( -10.99322637705817129, 23.32165350180435581, -13.60669299639155305 ) ) ;
#4299 = PLANE ( 'NONE',  #712 ) ;
#4300 = ORIENTED_EDGE ( 'NONE', *, *, #4688, .F. ) ;
#4301 = ORIENTED_EDGE ( 'NONE', *, *, #551, .F. ) ;
#4302 = DIRECTION ( 'NONE',  ( 0.000000000000000000, 0.000000000000000000, -1.000000000000000000 ) ) ;
#4303 = CARTESIAN_POINT ( 'NONE',  ( 10.89535810642967384, 23.28623356479727491, -14.96376643520303240 ) ) ;
#4304 = AXIS2_PLACEMENT_3D ( 'NONE', #1152, #4598, #726 ) ;
#4305 = CIRCLE ( 'NONE', #2434, 2.100000000000000533 ) ;
#4306 = ORIENTED_EDGE ( 'NONE', *, *, #94, .T. ) ;
#4307 = CARTESIAN_POINT ( 'NONE',  ( -10.49999999999999822, 17.24236662162718758, -21.12934304590524448 ) ) ;
#4308 = VECTOR ( 'NONE', #4832, 1000.000000000000000 ) ;
#4309 = DIRECTION ( 'NONE',  ( 1.000000000000000000, -0.000000000000000000, -1.321694076934710402E-16 ) ) ;
#4310 = EDGE_LOOP ( 'NONE', ( #544, #4812 ) ) ;
#4311 = CARTESIAN_POINT ( 'NONE',  ( -2.793185071074506684E-14, 13.06030303803299475, 8.000000000000000000 ) ) ;
#4312 = FACE_OUTER_BOUND ( 'NONE', #2761, .T. ) ;
#4313 = EDGE_LOOP ( 'NONE', ( #4625, #56, #3144, #75 ) ) ;
#4314 = DIRECTION ( 'NONE',  ( -0.000000000000000000, -0.000000000000000000, 1.000000000000000000 ) ) ;
#4315 = CARTESIAN_POINT ( 'NONE',  ( 19.40478474287835553, 35.42441522483115079, 32.58927662293253746 ) ) ;
#4316 = DIRECTION ( 'NONE',  ( 0.000000000000000000, 0.000000000000000000, 1.000000000000000000 ) ) ;
#4317 = EDGE_CURVE ( 'NONE', #1368, #1759, #3617, .T. ) ;
#4318 = ADVANCED_FACE ( 'NONE', ( #1933 ), #4545, .F. ) ;
#4319 = ORIENTED_EDGE ( 'NONE', *, *, #4511, .T. ) ;
#4320 = ORIENTED_EDGE ( 'NONE', *, *, #3979, .F. ) ;
#4321 = LINE ( 'NONE', #4843, #35 ) ;
#4322 = DIRECTION ( 'NONE',  ( 1.000000000000000000, -0.000000000000000000, -0.000000000000000000 ) ) ;
#4323 = CARTESIAN_POINT ( 'NONE',  ( -11.61369758836279686, 25.59533184264108030, -14.45233407867931774 ) ) ;
#4324 = DIRECTION ( 'NONE',  ( 0.000000000000000000, 0.000000000000000000, 1.000000000000000000 ) ) ;
#4325 = ADVANCED_FACE ( 'NONE', ( #652 ), #2323, .T. ) ;
#4326 = VERTEX_POINT ( 'NONE', #143 ) ;
#4327 = ORIENTED_EDGE ( 'NONE', *, *, #3024, .F. ) ;
#4328 = ORIENTED_EDGE ( 'NONE', *, *, #1870, .T. ) ;
#4329 = CARTESIAN_POINT ( 'NONE',  ( 8.499999999999996447, 19.00000000000000355, -17.37171027316250971 ) ) ;
#4330 = CARTESIAN_POINT ( 'NONE',  ( 11.17834649819563886, 23.50677362294182871, -13.23645275411606725 ) ) ;
#4331 = DIRECTION ( 'NONE',  ( 0.000000000000000000, 0.000000000000000000, 1.000000000000000000 ) ) ;
#4332 = EDGE_CURVE ( 'NONE', #1724, #1093, #173, .T. ) ;
#4333 = ORIENTED_EDGE ( 'NONE', *, *, #3502, .T. ) ;
#4334 = CIRCLE ( 'NONE', #1106, 1.000000000000001332 ) ;
#4335 = LINE ( 'NONE', #814, #65 ) ;
#4336 = LINE ( 'NONE', #841, #619 ) ;
#4337 = VECTOR ( 'NONE', #962, 1000.000000000000000 ) ;
#4338 = VERTEX_POINT ( 'NONE', #2719 ) ;
#4339 = APPROVAL_PERSON_ORGANIZATION ( #5345, #989, #4884 ) ;
#4340 = CARTESIAN_POINT ( 'NONE',  ( -19.25613606167004122, 34.77483874228893512, -6.340597976209459752 ) ) ;
#4341 = LINE ( 'NONE', #475, #3955 ) ;
#4342 = EDGE_LOOP ( 'NONE', ( #1814, #1205, #4662, #5121 ) ) ;
#4343 = FACE_OUTER_BOUND ( 'NONE', #150, .T. ) ;
#4344 = CARTESIAN_POINT ( 'NONE',  ( 19.95593510594995479, 34.43062472625192072, 30.08097361289118510 ) ) ;
#4345 = VERTEX_POINT ( 'NONE', #4982 ) ;
#4346 = AXIS2_PLACEMENT_3D ( 'NONE', #216, #1953, #5396 ) ;
#4347 = EDGE_CURVE ( 'NONE', #4726, #4849, #975, .T. ) ;
#4348 = ORIENTED_EDGE ( 'NONE', *, *, #4688, .T. ) ;
#4349 = CARTESIAN_POINT ( 'NONE',  ( -19.17157287525380482, 29.99999999999999645, 8.750000000000005329 ) ) ;
#4350 = CARTESIAN_POINT ( 'NONE',  ( 20.00000000000000711, 33.18334617360803662, 6.750000000000006217 ) ) ;
#4351 = CARTESIAN_POINT ( 'NONE',  ( -12.39100762600987338, 24.07504392506637814, -14.17495607493410503 ) ) ;
#4352 = LINE ( 'NONE', #3943, #1135 ) ;
#4353 = ORIENTED_EDGE ( 'NONE', *, *, #4579, .T. ) ;
#4354 = VERTEX_POINT ( 'NONE', #1990 ) ;
#4355 = CIRCLE ( 'NONE', #5368, 2.100000000000000977 ) ;
#4356 = VERTEX_POINT ( 'NONE', #3710 ) ;
#4357 = AXIS2_PLACEMENT_3D ( 'NONE', #3257, #4978, #1539 ) ;
#4358 = EDGE_CURVE ( 'NONE', #3711, #2113, #798, .T. ) ;
#4359 = FACE_OUTER_BOUND ( 'NONE', #3551, .T. ) ;
#4360 = CARTESIAN_POINT ( 'NONE',  ( 11.85556868217681625, 25.79570441744901288, -14.35214779127554330 ) ) ;
#4361 = CARTESIAN_POINT ( 'NONE',  ( 8.000000000000000000, 20.99999999999999645, 0.000000000000000000 ) ) ;
#4362 = AXIS2_PLACEMENT_3D ( 'NONE', #4162, #2976, #818 ) ;
#4363 = CIRCLE ( 'NONE', #1591, 2.000000000000000000 ) ;
#4364 =( BOUNDED_CURVE ( )  B_SPLINE_CURVE ( 3, ( #4263, #1197, #368, #3823 ),
 .UNSPECIFIED., .F., .F. ) 
 B_SPLINE_CURVE_WITH_KNOTS ( ( 4, 4 ),
 ( 3.141592653589794892, 4.712388980384689674 ),
 .UNSPECIFIED. ) 
 CURVE ( )  GEOMETRIC_REPRESENTATION_ITEM ( )  RATIONAL_B_SPLINE_CURVE ( ( 1.000000000000000000, 0.8047378541243654926, 0.8047378541243654926, 1.000000000000000000 ) ) 
 REPRESENTATION_ITEM ( '' )  );
#4365 = VERTEX_POINT ( 'NONE', #3684 ) ;
#4366 = EDGE_CURVE ( 'NONE', #1276, #5514, #1876, .T. ) ;
#4367 = CIRCLE ( 'NONE', #2668, 2.250000000000001776 ) ;
#4368 = DIRECTION ( 'NONE',  ( 0.000000000000000000, 1.000000000000000000, 0.000000000000000000 ) ) ;
#4369 = CARTESIAN_POINT ( 'NONE',  ( 10.50000000000000000, -16.99999999999998579, -21.37171027316250971 ) ) ;
#4370 = AXIS2_PLACEMENT_3D ( 'NONE', #4269, #797, #1660 ) ;
#4371 = ORIENTED_EDGE ( 'NONE', *, *, #673, .F. ) ;
#4372 = ORIENTED_EDGE ( 'NONE', *, *, #528, .T. ) ;
#4373 = AXIS2_PLACEMENT_3D ( 'NONE', #1708, #3396, #1225 ) ;
#4374 = FACE_OUTER_BOUND ( 'NONE', #3463, .T. ) ;
#4375 = FACE_OUTER_BOUND ( 'NONE', #542, .T. ) ;
#4376 = EDGE_LOOP ( 'NONE', ( #1636, #1534, #3676 ) ) ;
#4377 = CARTESIAN_POINT ( 'NONE',  ( 19.21927417167044538, 35.25343986169198729, -6.943438214824610100 ) ) ;
#4378 = CARTESIAN_POINT ( 'NONE',  ( 20.00000000000000711, 27.99999999999999645, 21.75000000000000711 ) ) ;
#4379 = VERTEX_POINT ( 'NONE', #5404 ) ;
#4380 = VERTEX_POINT ( 'NONE', #623 ) ;
#4381 = CARTESIAN_POINT ( 'NONE',  ( 19.90086558287183394, 34.63174123489613265, -9.781088721035342104 ) ) ;
#4382 = DIRECTION ( 'NONE',  ( 1.000000000000000000, 0.000000000000000000, 0.000000000000000000 ) ) ;
#4383 = CARTESIAN_POINT ( 'NONE',  ( 9.560313339064315130, -21.45550421134680619, -27.32562504430075023 ) ) ;
#4384 = LINE ( 'NONE', #5274, #2858 ) ;
#4385 = VERTEX_POINT ( 'NONE', #2836 ) ;
#4386 = VERTEX_POINT ( 'NONE', #1544 ) ;
#4387 = EDGE_CURVE ( 'NONE', #2266, #4851, #4305, .T. ) ;
#4388 = CIRCLE ( 'NONE', #5307, 1.000000000000002665 ) ;
#4389 = ORIENTED_EDGE ( 'NONE', *, *, #2487, .F. ) ;
#4390 = CARTESIAN_POINT ( 'NONE',  ( 5.000000000000000000, 29.94660307113847963, -27.00000000000000000 ) ) ;
#4391 = CARTESIAN_POINT ( 'NONE',  ( 10.49999999999999645, -18.54278212254793701, -19.54163567428890502 ) ) ;
#4392 = ADVANCED_FACE ( 'NONE', ( #4016 ), #4430, .F. ) ;
#4393 = EDGE_LOOP ( 'NONE', ( #2909, #4264, #1328, #5065, #1021, #2669 ) ) ;
#4394 = EDGE_CURVE ( 'NONE', #537, #4042, #1893, .T. ) ;
#4395 = CARTESIAN_POINT ( 'NONE',  ( -19.99999999999999289, 30.00000000000000000, 21.75000000000000711 ) ) ;
#4396 = DIRECTION ( 'NONE',  ( 0.000000000000000000, -0.000000000000000000, 1.000000000000000000 ) ) ;
#4397 = DIRECTION ( 'NONE',  ( 0.000000000000000000, 1.000000000000000000, -0.000000000000000000 ) ) ;
#4398 = CIRCLE ( 'NONE', #4590, 1.250000000000001110 ) ;
#4399 = ADVANCED_FACE ( 'NONE', ( #5323 ), #298, .T. ) ;
#4400 = AXIS2_PLACEMENT_3D ( 'NONE', #4283, #894, #2630 ) ;
#4401 = CARTESIAN_POINT ( 'NONE',  ( 18.00000000000001066, 30.00000000000000000, 38.24999999999999289 ) ) ;
#4402 = CARTESIAN_POINT ( 'NONE',  ( -10.50000000000000000, -16.80502757993630780, -25.62713405747899031 ) ) ;
#4403 = ORIENTED_EDGE ( 'NONE', *, *, #57, .F. ) ;
#4404 = CYLINDRICAL_SURFACE ( 'NONE', #3177, 2.100000000000000977 ) ;
#4405 = DIRECTION ( 'NONE',  ( 0.000000000000000000, 0.000000000000000000, -1.000000000000000000 ) ) ;
#4406 = EDGE_CURVE ( 'NONE', #582, #2348, #1538, .T. ) ;
#4407 = ORIENTED_EDGE ( 'NONE', *, *, #5453, .T. ) ;
#4408 = ORIENTED_EDGE ( 'NONE', *, *, #4818, .T. ) ;
#4409 = CARTESIAN_POINT ( 'NONE',  ( 19.93564352995315048, 34.51894125357280529, -9.863613961153282261 ) ) ;
#4410 = SPHERICAL_SURFACE ( 'NONE', #4168, 2.000000000000000000 ) ;
#4411 = CARTESIAN_POINT ( 'NONE',  ( -8.000000000000000000, -19.00000000000000000, -5.586370142149013368E-14 ) ) ;
#4412 = FACE_OUTER_BOUND ( 'NONE', #1232, .T. ) ;
#4413 = ORIENTED_EDGE ( 'NONE', *, *, #1437, .T. ) ;
#4414 = ORIENTED_EDGE ( 'NONE', *, *, #3642, .T. ) ;
#4415 = EDGE_LOOP ( 'NONE', ( #3820, #4599, #3890, #1864 ) ) ;
#4416 = FACE_BOUND ( 'NONE', #1305, .T. ) ;
#4417 = DIRECTION ( 'NONE',  ( -0.000000000000000000, -1.000000000000000000, 0.000000000000000000 ) ) ;
#4418 = ORIENTED_EDGE ( 'NONE', *, *, #395, .F. ) ;
#4419 = DIRECTION ( 'NONE',  ( 0.000000000000000000, 0.000000000000000000, 1.000000000000000000 ) ) ;
#4420 = ADVANCED_FACE ( 'NONE', ( #5035 ), #3868, .T. ) ;
#4421 = EDGE_CURVE ( 'NONE', #476, #598, #5120, .T. ) ;
#4422 = FACE_BOUND ( 'NONE', #4072, .T. ) ;
#4423 = DIRECTION ( 'NONE',  ( 0.000000000000000000, 0.000000000000000000, -1.000000000000000000 ) ) ;
#4424 = ORIENTED_EDGE ( 'NONE', *, *, #4387, .F. ) ;
#4425 = AXIS2_PLACEMENT_3D ( 'NONE', #5, #1743, #3459 ) ;
#4426 = CIRCLE ( 'NONE', #2912, 5.000000000000000000 ) ;
#4427 = FACE_OUTER_BOUND ( 'NONE', #2187, .T. ) ;
#4428 = VECTOR ( 'NONE', #4893, 1000.000000000000000 ) ;
#4429 = EDGE_CURVE ( 'NONE', #1556, #2903, #4690, .T. ) ;
#4430 = CYLINDRICAL_SURFACE ( 'NONE', #5045, 2.100000000000000089 ) ;
#4431 = ORIENTED_EDGE ( 'NONE', *, *, #4737, .F. ) ;
#4432 = CARTESIAN_POINT ( 'NONE',  ( -5.000000000000000000, -23.00000000000000000, -26.53299832284319493 ) ) ;
#4433 = CARTESIAN_POINT ( 'NONE',  ( 8.379555213223520053E-14, 25.00000000000000000, -7.999999999999998224 ) ) ;
#4434 = ORIENTED_EDGE ( 'NONE', *, *, #2179, .T. ) ;
#4435 = DIRECTION ( 'NONE',  ( 0.000000000000000000, 1.000000000000000000, 0.000000000000000000 ) ) ;
#4436 = EDGE_CURVE ( 'NONE', #3711, #262, #2018, .T. ) ;
#4437 = ORIENTED_EDGE ( 'NONE', *, *, #2131, .F. ) ;
#4438 = CARTESIAN_POINT ( 'NONE',  ( -2.793185071074506684E-14, 25.00000000000000000, 8.000000000000000000 ) ) ;
#4439 = DIRECTION ( 'NONE',  ( 0.000000000000000000, 0.000000000000000000, 1.000000000000000000 ) ) ;
#4440 = DIRECTION ( 'NONE',  ( 0.000000000000000000, 2.081668171172170407E-14, -1.000000000000000000 ) ) ;
#4441 = CARTESIAN_POINT ( 'NONE',  ( 0.000000000000000000, 19.00000000000000000, 0.000000000000000000 ) ) ;
#4442 = ORIENTED_EDGE ( 'NONE', *, *, #2343, .T. ) ;
#4443 = VERTEX_POINT ( 'NONE', #5459 ) ;
#4444 = ORIENTED_EDGE ( 'NONE', *, *, #2241, .F. ) ;
#4445 = B_SPLINE_CURVE_WITH_KNOTS ( 'NONE', 3,
 ( #1549, #3689, #657, #3237, #4048, #1939, #5354, #1484, #4492, #2387 ),
 .UNSPECIFIED., .F., .F.,
 ( 4, 2, 2, 2, 4 ),
 ( -9.710770654587371514E-06, 0.0003868413232849197947, 0.0007833934172244269491, 0.001576497605103441150, 0.003162705980861471068 ),
 .UNSPECIFIED. ) ;
#4446 = DIRECTION ( 'NONE',  ( -0.9491531132399629866, 0.000000000000000000, -0.3148148148148148251 ) ) ;
#4447 = CARTESIAN_POINT ( 'NONE',  ( 10.50000000000000000, -18.70302834988561713, -19.24086671083234279 ) ) ;
#4448 = AXIS2_PLACEMENT_3D ( 'NONE', #5338, #1500, #2801 ) ;
#4449 = CARTESIAN_POINT ( 'NONE',  ( 5.000000000000000000, -22.94660307113852227, -27.00000000000000000 ) ) ;
#4450 = VECTOR ( 'NONE', #3716, 1000.000000000000000 ) ;
#4451 = DIRECTION ( 'NONE',  ( 0.000000000000000000, -1.000000000000000000, 0.000000000000000000 ) ) ;
#4452 = CIRCLE ( 'NONE', #3384, 1.999999999999998668 ) ;
#4453 = CARTESIAN_POINT ( 'NONE',  ( -3.333727219874082603, -22.99221435696317073, -26.99999999999999645 ) ) ;
#4454 = AXIS2_PLACEMENT_3D ( 'NONE', #2540, #4252, #1617 ) ;
#4455 = APPLICATION_PROTOCOL_DEFINITION ( 'international standard', 'config_control_design', 1994, #5590 ) ;
#4456 = EDGE_CURVE ( 'NONE', #653, #4554, #1984, .T. ) ;
#4457 = CARTESIAN_POINT ( 'NONE',  ( 0.000000000000000000, 27.99999999999999645, -21.00000000000000000 ) ) ;
#4458 = DIRECTION ( 'NONE',  ( 0.000000000000000000, 0.000000000000000000, -1.000000000000000000 ) ) ;
#4459 = EDGE_LOOP ( 'NONE', ( #19, #3048, #3691, #101 ) ) ;
#4460 = DIRECTION ( 'NONE',  ( 0.000000000000000000, 0.000000000000000000, 1.000000000000000000 ) ) ;
#4461 = CARTESIAN_POINT ( 'NONE',  ( 18.00000000000001066, 33.99999999999999289, 36.25000000000000000 ) ) ;
#4462 = ORIENTED_EDGE ( 'NONE', *, *, #4742, .F. ) ;
#4463 = CIRCLE ( 'NONE', #4370, 26.99999999999999645 ) ;
#4464 = EDGE_CURVE ( 'NONE', #3370, #5246, #4047, .T. ) ;
#4465 = DIRECTION ( 'NONE',  ( 0.000000000000000000, 1.000000000000000000, -0.000000000000000000 ) ) ;
#4466 = FACE_OUTER_BOUND ( 'NONE', #1099, .T. ) ;
#4467 = VERTEX_POINT ( 'NONE', #4210 ) ;
#4468 = DIRECTION ( 'NONE',  ( 0.000000000000000000, 0.000000000000000000, 1.000000000000000000 ) ) ;
#4469 = DIRECTION ( 'NONE',  ( 0.000000000000000000, 0.000000000000000000, -1.000000000000000000 ) ) ;
#4470 = DIRECTION ( 'NONE',  ( 0.000000000000000000, 0.000000000000000000, 1.000000000000000000 ) ) ;
#4471 = LINE ( 'NONE', #2337, #3389 ) ;
#4472 = VERTEX_POINT ( 'NONE', #2600 ) ;
#4473 = EDGE_LOOP ( 'NONE', ( #2389, #2631, #463, #4602 ) ) ;
#4474 = EDGE_CURVE ( 'NONE', #4035, #2292, #1817, .T. ) ;
#4475 = ORIENTED_EDGE ( 'NONE', *, *, #2953, .F. ) ;
#4476 = LINE ( 'NONE', #187, #783 ) ;
#4477 = CARTESIAN_POINT ( 'NONE',  ( -5.000000000000000000, 29.94660307113847963, -27.00000000000000000 ) ) ;
#4478 = CARTESIAN_POINT ( 'NONE',  ( -2.793185071074506684E-14, -19.00000000000000000, 8.000000000000000000 ) ) ;
#4479 = VERTEX_POINT ( 'NONE', #3057 ) ;
#4480 = ORIENTED_EDGE ( 'NONE', *, *, #837, .T. ) ;
#4481 = DIRECTION ( 'NONE',  ( -1.000000000000000000, 0.000000000000000000, 0.000000000000000000 ) ) ;
#4482 = PLANE ( 'NONE',  #524 ) ;
#4483 = ORIENTED_EDGE ( 'NONE', *, *, #1153, .F. ) ;
#4484 = VECTOR ( 'NONE', #4282, 1000.000000000000000 ) ;
#4485 = AXIS2_PLACEMENT_3D ( 'NONE', #785, #2863, #759 ) ;
#4486 = FACE_BOUND ( 'NONE', #682, .T. ) ;
#4487 = DIRECTION ( 'NONE',  ( 0.000000000000000000, -1.000000000000000000, 0.000000000000000000 ) ) ;
#4488 = ORIENTED_EDGE ( 'NONE', *, *, #4429, .T. ) ;
#4489 = DIRECTION ( 'NONE',  ( 0.000000000000000000, 0.000000000000000000, 1.000000000000000000 ) ) ;
#4490 = CARTESIAN_POINT ( 'NONE',  ( 20.00000000000002132, 34.11383057272314545, 29.91892484137979835 ) ) ;
#4491 = CIRCLE ( 'NONE', #1800, 10.75000000000000000 ) ;
#4492 = CARTESIAN_POINT ( 'NONE',  ( -19.64527219795808222, 35.53178632273186821, 7.916886696505143206 ) ) ;
#4493 = CARTESIAN_POINT ( 'NONE',  ( 0.000000000000000000, 22.00000000000000000, 0.000000000000000000 ) ) ;
#4494 = ORIENTED_EDGE ( 'NONE', *, *, #1963, .T. ) ;
#4495 = DIRECTION ( 'NONE',  ( 0.000000000000000000, 0.000000000000000000, -1.000000000000000000 ) ) ;
#4496 = ADVANCED_FACE ( 'NONE', ( #5593 ), #1357, .T. ) ;
#4497 = CARTESIAN_POINT ( 'NONE',  ( -10.50000000000000000, -19.00000000000000000, -17.90760865802475621 ) ) ;
#4498 = EDGE_CURVE ( 'NONE', #1976, #4472, #4398, .T. ) ;
#4499 = CARTESIAN_POINT ( 'NONE',  ( -7.021739130434780485, -19.00000000000000000, -17.65489109522120970 ) ) ;
#4500 = DIRECTION ( 'NONE',  ( 0.000000000000000000, 0.000000000000000000, 1.000000000000000000 ) ) ;
#4501 = ORIENTED_EDGE ( 'NONE', *, *, #5346, .F. ) ;
#4502 = ORIENTED_EDGE ( 'NONE', *, *, #937, .F. ) ;
#4503 = CARTESIAN_POINT ( 'NONE',  ( 10.50000000000000000, 30.00000000000000000, -16.25000000000000000 ) ) ;
#4504 = DIRECTION ( 'NONE',  ( -0.000000000000000000, -1.000000000000000000, -0.000000000000000000 ) ) ;
#4505 = EDGE_CURVE ( 'NONE', #5496, #853, #1623, .T. ) ;
#4506 = DIRECTION ( 'NONE',  ( 0.000000000000000000, 1.000000000000000000, 0.000000000000000000 ) ) ;
#4507 = FACE_OUTER_BOUND ( 'NONE', #490, .T. ) ;
#4508 = EDGE_LOOP ( 'NONE', ( #2739, #1610, #1840 ) ) ;
#4509 = DIRECTION ( 'NONE',  ( 0.000000000000000000, -0.000000000000000000, 1.000000000000000000 ) ) ;
#4510 = CYLINDRICAL_SURFACE ( 'NONE', #5095, 2.000000000000000000 ) ;
#4511 = EDGE_CURVE ( 'NONE', #4524, #3862, #2154, .T. ) ;
#4512 = LINE ( 'NONE', #4012, #3421 ) ;
#4513 =( LENGTH_UNIT ( ) NAMED_UNIT ( * ) SI_UNIT ( .MILLI., .METRE. ) );
#4514 = ORIENTED_EDGE ( 'NONE', *, *, #1131, .T. ) ;
#4515 = LINE ( 'NONE', #3142, #3787 ) ;
#4516 = DIRECTION ( 'NONE',  ( 0.000000000000000000, 0.000000000000000000, 1.000000000000000000 ) ) ;
#4517 = EDGE_LOOP ( 'NONE', ( #5530, #4424 ) ) ;
#4518 = CARTESIAN_POINT ( 'NONE',  ( -8.499999999999996447, 17.00000000000000000, -21.37171027316250971 ) ) ;
#4519 = DIRECTION ( 'NONE',  ( 0.000000000000000000, 0.000000000000000000, 1.000000000000000000 ) ) ;
#4520 = AXIS2_PLACEMENT_3D ( 'NONE', #2362, #4081, #1553 ) ;
#4521 = CARTESIAN_POINT ( 'NONE',  ( -19.17157287525380482, 29.99999999999999645, 19.75000000000000711 ) ) ;
#4522 = AXIS2_PLACEMENT_3D ( 'NONE', #233, #202, #3655 ) ;
#4523 = LINE ( 'NONE', #5437, #1961 ) ;
#4524 = VERTEX_POINT ( 'NONE', #3954 ) ;
#4525 = CARTESIAN_POINT ( 'NONE',  ( 19.00000000000000711, 33.24999999999998579, 29.75000000000000355 ) ) ;
#4526 = FACE_OUTER_BOUND ( 'NONE', #5130, .T. ) ;
#4527 = CARTESIAN_POINT ( 'NONE',  ( -50.40559159102153330, 33.24999999999998579, 30.75000000000000355 ) ) ;
#4528 = LINE ( 'NONE', #2846, #1866 ) ;
#4529 = ORIENTED_EDGE ( 'NONE', *, *, #4103, .F. ) ;
#4530 = EDGE_CURVE ( 'NONE', #4208, #4739, #1076, .T. ) ;
#4531 = VECTOR ( 'NONE', #3559, 1000.000000000000000 ) ;
#4532 = ORIENTED_EDGE ( 'NONE', *, *, #2747, .T. ) ;
#4533 = CARTESIAN_POINT ( 'NONE',  ( 8.500000000000000000, 30.00000000000000000, -16.25000000000000000 ) ) ;
#4534 = DIRECTION ( 'NONE',  ( -0.000000000000000000, -1.000000000000000000, -0.000000000000000000 ) ) ;
#4535 = DIRECTION ( 'NONE',  ( 1.000000000000000000, -0.000000000000000000, -1.734723475976806848E-16 ) ) ;
#4536 = DIRECTION ( 'NONE',  ( -0.000000000000000000, -1.000000000000000000, -0.000000000000000000 ) ) ;
#4537 = EDGE_LOOP ( 'NONE', ( #4501, #163, #2285, #3961 ) ) ;
#4538 = ADVANCED_FACE ( 'NONE', ( #444 ), #1729, .T. ) ;
#4539 = CIRCLE ( 'NONE', #567, 2.000000000000000000 ) ;
#4540 = DIRECTION ( 'NONE',  ( 1.000000000000000000, 0.000000000000000000, 0.000000000000000000 ) ) ;
#4541 = ORIENTED_EDGE ( 'NONE', *, *, #4737, .T. ) ;
#4542 = EDGE_CURVE ( 'NONE', #4467, #4580, #4769, .T. ) ;
#4543 = VECTOR ( 'NONE', #984, 1000.000000000000000 ) ;
#4544 = CARTESIAN_POINT ( 'NONE',  ( 10.50000000000000000, 19.00000000000000355, 0.000000000000000000 ) ) ;
#4545 = CYLINDRICAL_SURFACE ( 'NONE', #5495, 2.100000000000000977 ) ;
#4546 = ORIENTED_EDGE ( 'NONE', *, *, #4161, .T. ) ;
#4547 = DIRECTION ( 'NONE',  ( 1.000000000000000000, 0.000000000000000000, -2.168404344971009361E-16 ) ) ;
#4548 = AXIS2_PLACEMENT_3D ( 'NONE', #1611, #3726, #1039 ) ;
#4549 = LINE ( 'NONE', #2839, #5435 ) ;
#4550 = AXIS2_PLACEMENT_3D ( 'NONE', #2332, #4080, #2791 ) ;
#4551 =( BOUNDED_CURVE ( )  B_SPLINE_CURVE ( 3, ( #5322, #3986, #4888, #1018 ),
 .UNSPECIFIED., .F., .F. ) 
 B_SPLINE_CURVE_WITH_KNOTS ( ( 4, 4 ),
 ( 3.469446951953614189E-15, 1.570796326794896558 ),
 .UNSPECIFIED. ) 
 CURVE ( )  GEOMETRIC_REPRESENTATION_ITEM ( )  RATIONAL_B_SPLINE_CURVE ( ( 1.000000000000000000, 0.8047378541243658256, 0.8047378541243658256, 1.000000000000000000 ) ) 
 REPRESENTATION_ITEM ( '' )  );
#4552 = FACE_OUTER_BOUND ( 'NONE', #3877, .T. ) ;
#4553 = SPHERICAL_SURFACE ( 'NONE', #2138, 2.000000000000000000 ) ;
#4554 = VERTEX_POINT ( 'NONE', #471 ) ;
#4555 = DIRECTION ( 'NONE',  ( -0.000000000000000000, 1.000000000000000000, -0.000000000000000000 ) ) ;
#4556 = FACE_OUTER_BOUND ( 'NONE', #4376, .T. ) ;
#4557 = DIRECTION ( 'NONE',  ( 0.000000000000000000, -0.000000000000000000, -1.000000000000000000 ) ) ;
#4558 = CIRCLE ( 'NONE', #5022, 2.250000000000002665 ) ;
#4559 = ORIENTED_EDGE ( 'NONE', *, *, #57, .T. ) ;
#4560 = AXIS2_PLACEMENT_3D ( 'NONE', #3798, #3850, #2498 ) ;
#4561 = VERTEX_POINT ( 'NONE', #5148 ) ;
#4562 = CARTESIAN_POINT ( 'NONE',  ( -19.99999999999999289, 33.99999999999999289, -12.24999999999999645 ) ) ;
#4563 = DIRECTION ( 'NONE',  ( 0.000000000000000000, -0.000000000000000000, 1.000000000000000000 ) ) ;
#4564 = CARTESIAN_POINT ( 'NONE',  ( 18.58878675422923621, 36.00000000000000000, 7.304520891469527655 ) ) ;
#4565 = DIRECTION ( 'NONE',  ( 0.000000000000000000, 1.000000000000000000, -0.000000000000000000 ) ) ;
#4566 = EDGE_CURVE ( 'NONE', #2796, #3862, #790, .T. ) ;
#4567 = ORIENTED_EDGE ( 'NONE', *, *, #4505, .T. ) ;
#4568 = EDGE_LOOP ( 'NONE', ( #536, #2559 ) ) ;
#4569 = VERTEX_POINT ( 'NONE', #4369 ) ;
#4570 = DIRECTION ( 'NONE',  ( -0.000000000000000000, -1.000000000000000000, -0.000000000000000000 ) ) ;
#4571 = EDGE_CURVE ( 'NONE', #3129, #2175, #2970, .T. ) ;
#4572 = ADVANCED_FACE ( 'NONE', ( #4774 ), #5235, .F. ) ;
#4573 = CIRCLE ( 'NONE', #2151, 1.000000000000002665 ) ;
#4574 = DIRECTION ( 'NONE',  ( 0.000000000000000000, 0.000000000000000000, -1.000000000000000000 ) ) ;
#4575 = CIRCLE ( 'NONE', #1712, 2.249999999999998668 ) ;
#4576 = CARTESIAN_POINT ( 'NONE',  ( -10.70233407867934616, 28.40466815735872075, -15.36369758836273292 ) ) ;
#4577 = CARTESIAN_POINT ( 'NONE',  ( 5.000000000000001776, 27.99999999999999645, -21.00000000000000000 ) ) ;
#4578 = DIRECTION ( 'NONE',  ( -0.000000000000000000, -1.000000000000000000, 0.000000000000000000 ) ) ;
#4579 = EDGE_CURVE ( 'NONE', #4694, #549, #4336, .T. ) ;
#4580 = VERTEX_POINT ( 'NONE', #2214 ) ;
#4581 = DIRECTION ( 'NONE',  ( 0.000000000000000000, 0.000000000000000000, 1.000000000000000000 ) ) ;
#4582 = CARTESIAN_POINT ( 'NONE',  ( -18.15269834858028020, 36.00000000000000000, 7.180703308172538435 ) ) ;
#4583 = VERTEX_POINT ( 'NONE', #3476 ) ;
#4584 = CARTESIAN_POINT ( 'NONE',  ( 8.379555213223520053E-14, 25.00000000000000000, -7.999999999999998224 ) ) ;
#4585 = DIRECTION ( 'NONE',  ( -1.000000000000000000, -0.000000000000000000, 1.321694076934710402E-16 ) ) ;
#4586 = CIRCLE ( 'NONE', #4304, 2.000000000000001776 ) ;
#4587 = EDGE_CURVE ( 'NONE', #5361, #1409, #3597, .T. ) ;
#4588 =( BOUNDED_SURFACE ( )  B_SPLINE_SURFACE ( 3, 2, ( 
 ( #3807, #5528, #2402 ),
 ( #1666, #248, #5422 ),
 ( #1560, #3278, #4999 ),
 ( #2853, #2429, #4147 ),
 ( #40, #3435, #458 ),
 ( #2199, #3074, #4789 ),
 ( #4298, #379, #3887 ),
 ( #5112, #4249, #6 ),
 ( #1744, #2619, #5161 ),
 ( #3835, #1236, #2591 ),
 ( #3409, #2645, #4323 ),
 ( #3942, #4351, #1721 ),
 ( #3460, #1805, #5192 ),
 ( #908, #3913, #2987 ),
 ( #2145, #1314, #4759 ),
 ( #1344, #2961, #4679 ) ),
 .UNSPECIFIED., .F., .F., .F. ) 
 B_SPLINE_SURFACE_WITH_KNOTS ( ( 4, 2, 2, 2, 2, 2, 2, 4 ),
 ( 3, 3 ),
 ( 4.712388980384689674, 5.105088062083414258, 5.301437602932775661, 5.497787143782137953, 5.694136684631500245, 5.890486225480861648, 6.086835766330223940, 6.283185307179586232 ),
 ( 0.000000000000000000, 1.000000000000000000 ),
 .UNSPECIFIED. ) 
 GEOMETRIC_REPRESENTATION_ITEM ( )  RATIONAL_B_SPLINE_SURFACE ( (
 ( 1.000000000000000000, 1.000000000000000000, 1.000000000000000000),
 ( 1.000000000000000000, 1.000158581338205677, 1.000000000000000000),
 ( 1.000000000000000000, 0.9867291884978455219, 1.000000000000000000),
 ( 1.000000000000000000, 0.9506740355728124925, 1.000000000000000000),
 ( 1.000000000000000000, 0.9360421839764677676, 1.000000000000000000),
 ( 1.000000000000000000, 0.9031650997099280875, 1.000000000000000000),
 ( 1.000000000000000000, 0.8849191466807949658, 1.000000000000000000),
 ( 1.000000000000000000, 0.8471316608880842258, 1.000000000000000000),
 ( 1.000000000000000000, 0.8275942689648170258, 1.000000000000000000),
 ( 1.000000000000000000, 0.7902180092785245913, 1.000000000000000000),
 ( 1.000000000000000000, 0.7723968210893291664, 1.000000000000000000),
 ( 1.000000000000000000, 0.7418334186078756609, 1.000000000000000000),
 ( 1.000000000000000000, 0.7291288934788534570, 1.000000000000000000),
 ( 1.000000000000000000, 0.7117460030644625624, 1.000000000000000000),
 ( 1.000000000000000000, 0.7070717279753039319, 1.000000000000000000),
 ( 1.000000000000000000, 0.7071067811865477948, 1.000000000000000000) ) ) 
 REPRESENTATION_ITEM ( '' )  SURFACE ( )  );
#4589 = CYLINDRICAL_SURFACE ( 'NONE', #407, 10.50000000000000000 ) ;
#4590 = AXIS2_PLACEMENT_3D ( 'NONE', #1758, #4309, #110 ) ;
#4591 = VERTEX_POINT ( 'NONE', #2240 ) ;
#4592 = VECTOR ( 'NONE', #514, 1000.000000000000000 ) ;
#4593 = VECTOR ( 'NONE', #729, 1000.000000000000000 ) ;
#4594 = EDGE_LOOP ( 'NONE', ( #4822, #50 ) ) ;
#4595 = CARTESIAN_POINT ( 'NONE',  ( 8.000000000000000000, -20.99999999999999645, 0.000000000000000000 ) ) ;
#4596 = CARTESIAN_POINT ( 'NONE',  ( -17.99999999999999645, 24.00000000000000000, 0.000000000000000000 ) ) ;
#4597 = CYLINDRICAL_SURFACE ( 'NONE', #1485, 2.100000000000000089 ) ;
#4598 = DIRECTION ( 'NONE',  ( -1.000000000000000000, -0.000000000000000000, -1.734723475976805319E-15 ) ) ;
#4599 = ORIENTED_EDGE ( 'NONE', *, *, #3984, .T. ) ;
#4600 = LINE ( 'NONE', #728, #4671 ) ;
#4601 = CARTESIAN_POINT ( 'NONE',  ( 20.00000000000000711, 26.00000000000000355, -12.25000000000000178 ) ) ;
#4602 = ORIENTED_EDGE ( 'NONE', *, *, #2479, .F. ) ;
#4603 = ADVANCED_FACE ( 'NONE', ( #867, #55 ), #1787, .T. ) ;
#4604 = EDGE_CURVE ( 'NONE', #2288, #3442, #87, .T. ) ;
#4605 = DIRECTION ( 'NONE',  ( 0.000000000000000000, 0.000000000000000000, 1.000000000000000000 ) ) ;
#4606 = CARTESIAN_POINT ( 'NONE',  ( -11.97630682301033644, 31.73815341150356417, -14.24999999999999289 ) ) ;
#4607 = CARTESIAN_POINT ( 'NONE',  ( -2.793185071074506684E-14, -20.99999999999999645, 9.000000000000003553 ) ) ;
#4608 = ORIENTED_EDGE ( 'NONE', *, *, #1053, .F. ) ;
#4609 = EDGE_CURVE ( 'NONE', #1381, #3927, #956, .T. ) ;
#4610 = DIRECTION ( 'NONE',  ( 0.000000000000000000, 0.000000000000000000, 1.000000000000000000 ) ) ;
#4611 = ORIENTED_EDGE ( 'NONE', *, *, #2920, .T. ) ;
#4612 = LINE ( 'NONE', #743, #1652 ) ;
#4613 = DIRECTION ( 'NONE',  ( -0.000000000000000000, -1.000000000000000000, 0.000000000000000000 ) ) ;
#4614 = CARTESIAN_POINT ( 'NONE',  ( -19.99999999999999289, 27.99999999999999645, 8.750000000000003553 ) ) ;
#4615 = CIRCLE ( 'NONE', #3272, 2.000000000000000000 ) ;
#4616 = ORIENTED_EDGE ( 'NONE', *, *, #3157, .T. ) ;
#4617 = VECTOR ( 'NONE', #5099, 1000.000000000000000 ) ;
#4618 = EDGE_CURVE ( 'NONE', #250, #5443, #440, .T. ) ;
#4619 = VERTEX_POINT ( 'NONE', #168 ) ;
#4620 = DIRECTION ( 'NONE',  ( 1.000000000000000000, 0.000000000000000000, 0.000000000000000000 ) ) ;
#4621 = VECTOR ( 'NONE', #795, 1000.000000000000000 ) ;
#4622 = LINE ( 'NONE', #2455, #5398 ) ;
#4623 = FACE_OUTER_BOUND ( 'NONE', #3540, .T. ) ;
#4624 = CARTESIAN_POINT ( 'NONE',  ( -5.000000000000000000, 30.00000000000000000, 0.000000000000000000 ) ) ;
#4625 = ORIENTED_EDGE ( 'NONE', *, *, #4126, .T. ) ;
#4626 = DIRECTION ( 'NONE',  ( 0.000000000000000000, -1.000000000000000000, 0.000000000000000000 ) ) ;
#4627 = CIRCLE ( 'NONE', #4805, 2.000000000000001776 ) ;
#4628 = CARTESIAN_POINT ( 'NONE',  ( 8.379555213223520053E-14, -13.06030303803299475, -10.09999999999999964 ) ) ;
#4629 = DATE_AND_TIME ( #3284, #1112 ) ;
#4630 = CIRCLE ( 'NONE', #386, 2.100000000000000977 ) ;
#4631 = DIRECTION ( 'NONE',  ( -1.000000000000000000, -0.000000000000000000, 1.734723475976806848E-16 ) ) ;
#4632 = CARTESIAN_POINT ( 'NONE',  ( -7.021739130434778708, -17.00000000000001421, -17.65489109522120614 ) ) ;
#4633 = CARTESIAN_POINT ( 'NONE',  ( 19.00386452658525016, 35.73465557036324469, -7.281663811494361482 ) ) ;
#4634 = VECTOR ( 'NONE', #1432, 1000.000000000000000 ) ;
#4635 = EDGE_LOOP ( 'NONE', ( #1137, #2160 ) ) ;
#4636 = EDGE_CURVE ( 'NONE', #2890, #2518, #1928, .T. ) ;
#4637 = CIRCLE ( 'NONE', #2392, 26.99999999999999645 ) ;
#4638 = CARTESIAN_POINT ( 'NONE',  ( -2.793185071074506684E-14, -19.00000000000000000, 9.000000000000003553 ) ) ;
#4639 = DIRECTION ( 'NONE',  ( 0.000000000000000000, -1.000000000000000000, 0.000000000000000000 ) ) ;
#4640 = ORIENTED_EDGE ( 'NONE', *, *, #2638, .F. ) ;
#4641 = CARTESIAN_POINT ( 'NONE',  ( 10.50000000000000000, 19.00000000000000355, 0.000000000000000000 ) ) ;
#4642 = AXIS2_PLACEMENT_3D ( 'NONE', #718, #1577, #208 ) ;
#4643 = CARTESIAN_POINT ( 'NONE',  ( -19.99999999999999289, 33.99999999999999289, 19.75000000000000355 ) ) ;
#4644 = DIRECTION ( 'NONE',  ( -1.000000000000000000, 0.000000000000000000, 1.734723475976806848E-16 ) ) ;
#4645 = ADVANCED_FACE ( 'NONE', ( #1044, #2808 ), #4482, .T. ) ;
#4646 = ORIENTED_EDGE ( 'NONE', *, *, #3236, .F. ) ;
#4647 = ORIENTED_EDGE ( 'NONE', *, *, #1222, .F. ) ;
#4648 = CARTESIAN_POINT ( 'NONE',  ( 10.06004083378805625, 30.78002041689412138, -14.65978474838886392 ) ) ;
#4649 = VECTOR ( 'NONE', #3238, 1000.000000000000000 ) ;
#4650 = DIRECTION ( 'NONE',  ( -0.000000000000000000, -1.000000000000000000, 0.000000000000000000 ) ) ;
#4651 = CARTESIAN_POINT ( 'NONE',  ( 8.391801681214993567E-14, 20.99999999999999645, -6.999999999999996447 ) ) ;
#4652 = DIRECTION ( 'NONE',  ( 0.000000000000000000, 0.000000000000000000, 1.000000000000000000 ) ) ;
#4653 = ADVANCED_FACE ( 'NONE', ( #1844 ), #1104, .T. ) ;
#4654 = VERTEX_POINT ( 'NONE', #5344 ) ;
#4655 = DIRECTION ( 'NONE',  ( 0.000000000000000000, 0.000000000000000000, -1.000000000000000000 ) ) ;
#4656 = AXIS2_PLACEMENT_3D ( 'NONE', #4078, #1970, #4988 ) ;
#4657 = CYLINDRICAL_SURFACE ( 'NONE', #1169, 2.000000000000001776 ) ;
#4658 = ORIENTED_EDGE ( 'NONE', *, *, #2173, .F. ) ;
#4659 = CARTESIAN_POINT ( 'NONE',  ( 7.021739130434780485, -19.00000000000000000, -17.65489109522120970 ) ) ;
#4660 = CARTESIAN_POINT ( 'NONE',  ( -11.49769865102767596, 29.99539730205482613, -14.51433680240081969 ) ) ;
#4661 = CYLINDRICAL_SURFACE ( 'NONE', #3595, 2.000000000000000000 ) ;
#4662 = ORIENTED_EDGE ( 'NONE', *, *, #1581, .T. ) ;
#4663 = AXIS2_PLACEMENT_3D ( 'NONE', #803, #3777, #1638 ) ;
#4664 = CARTESIAN_POINT ( 'NONE',  ( -9.309799338775933464, -21.18315908471306130, -27.46568164983663607 ) ) ;
#4665 = CARTESIAN_POINT ( 'NONE',  ( -50.40559159102153330, 30.00000000000000000, 19.75000000000000355 ) ) ;
#4666 = EDGE_LOOP ( 'NONE', ( #3756, #1977, #2324, #1779 ) ) ;
#4667 = DIRECTION ( 'NONE',  ( 0.000000000000000000, 1.000000000000000000, -0.000000000000000000 ) ) ;
#4668 = DIRECTION ( 'NONE',  ( -0.000000000000000000, -1.000000000000000000, -0.000000000000000000 ) ) ;
#4669 = DIRECTION ( 'NONE',  ( 1.000000000000000000, 0.000000000000000000, 0.000000000000000000 ) ) ;
#4670 = ORIENTED_EDGE ( 'NONE', *, *, #219, .T. ) ;
#4671 = VECTOR ( 'NONE', #3331, 1000.000000000000000 ) ;
#4672 = ADVANCED_FACE ( 'NONE', ( #985, #4422, #553, #1074, #2833, #1903 ), #3588, .T. ) ;
#4673 = EDGE_CURVE ( 'NONE', #5425, #2899, #4512, .T. ) ;
#4674 = ORIENTED_EDGE ( 'NONE', *, *, #1988, .F. ) ;
#4675 = FACE_OUTER_BOUND ( 'NONE', #5387, .T. ) ;
#4676 = AXIS2_PLACEMENT_3D ( 'NONE', #2693, #3533, #2605 ) ;
#4677 = AXIS2_PLACEMENT_3D ( 'NONE', #3143, #2243, #1792 ) ;
#4678 = LINE ( 'NONE', #5501, #2873 ) ;
#4679 = CARTESIAN_POINT ( 'NONE',  ( -12.50000000000000355, 26.00000000000000000, -14.24999999999999289 ) ) ;
#4680 = CARTESIAN_POINT ( 'NONE',  ( 10.50000000000000000, 21.99999999999998579, 0.000000000000000000 ) ) ;
#4681 = ORIENTED_EDGE ( 'NONE', *, *, #4332, .T. ) ;
#4682 = DIRECTION ( 'NONE',  ( 0.000000000000000000, 1.000000000000000000, -0.000000000000000000 ) ) ;
#4683 = VECTOR ( 'NONE', #2317, 1000.000000000000000 ) ;
#4684 = VECTOR ( 'NONE', #225, 1000.000000000000000 ) ;
#4685 = EDGE_CURVE ( 'NONE', #1405, #2518, #3647, .T. ) ;
#4686 = DIRECTION ( 'NONE',  ( 0.000000000000000000, 0.000000000000000000, 1.000000000000000000 ) ) ;
#4687 = FACE_OUTER_BOUND ( 'NONE', #946, .T. ) ;
#4688 = EDGE_CURVE ( 'NONE', #4829, #212, #2777, .T. ) ;
#4689 = CARTESIAN_POINT ( 'NONE',  ( -50.40559159102153330, 30.00000000000000000, 8.750000000000003553 ) ) ;
#4690 = LINE ( 'NONE', #2548, #1803 ) ;
#4691 = ORIENTED_EDGE ( 'NONE', *, *, #3749, .F. ) ;
#4692 = DIRECTION ( 'NONE',  ( -0.000000000000000000, -1.000000000000000000, -0.000000000000000000 ) ) ;
#4693 = CARTESIAN_POINT ( 'NONE',  ( 8.000000000000000000, -23.00000000000000000, 0.000000000000000000 ) ) ;
#4694 = VERTEX_POINT ( 'NONE', #2352 ) ;
#4695 = CARTESIAN_POINT ( 'NONE',  ( -50.40559159102153330, 36.00000000000000000, 8.750000000000003553 ) ) ;
#4696 = FACE_OUTER_BOUND ( 'NONE', #1855, .T. ) ;
#4697 = VERTEX_POINT ( 'NONE', #4038 ) ;
#4698 = VERTEX_POINT ( 'NONE', #617 ) ;
#4699 = DIRECTION ( 'NONE',  ( 0.000000000000000000, -1.000000000000000000, 0.000000000000000000 ) ) ;
#4700 = CARTESIAN_POINT ( 'NONE',  ( -2.793185071074506684E-14, 20.99999999999999645, 8.000000000000000000 ) ) ;
#4701 = LINE ( 'NONE', #830, #4814 ) ;
#4702 = AXIS2_PLACEMENT_3D ( 'NONE', #4900, #2763, #4054 ) ;
#4703 = CARTESIAN_POINT ( 'NONE',  ( 9.129629629629629761, 27.99999999999999645, -27.52544028395892184 ) ) ;
#4704 = EDGE_LOOP ( 'NONE', ( #532, #2728 ) ) ;
#4705 = FACE_OUTER_BOUND ( 'NONE', #3524, .T. ) ;
#4706 = EDGE_CURVE ( 'NONE', #5223, #590, #5048, .T. ) ;
#4707 = CIRCLE ( 'NONE', #3987, 2.100000000000000977 ) ;
#4708 = FACE_OUTER_BOUND ( 'NONE', #2416, .T. ) ;
#4709 = CARTESIAN_POINT ( 'NONE',  ( 11.41628278553894305, 23.80509912507651293, -14.44490087492376418 ) ) ;
#4710 = ORIENTED_EDGE ( 'NONE', *, *, #937, .T. ) ;
#4711 = EDGE_CURVE ( 'NONE', #2614, #5538, #1448, .T. ) ;
#4712 = CARTESIAN_POINT ( 'NONE',  ( -10.49999999999999645, 18.54278212254793701, -19.54163567428890502 ) ) ;
#4713 = AXIS2_PLACEMENT_3D ( 'NONE', #1016, #3141, #2745 ) ;
#4714 = DIRECTION ( 'NONE',  ( 0.000000000000000000, 1.000000000000000000, 0.000000000000000000 ) ) ;
#4715 = ORIENTED_EDGE ( 'NONE', *, *, #1265, .F. ) ;
#4716 = EDGE_CURVE ( 'NONE', #3430, #992, #1506, .T. ) ;
#4717 = DIRECTION ( 'NONE',  ( 1.000000000000000000, -0.000000000000000000, -0.000000000000000000 ) ) ;
#4718 = DIRECTION ( 'NONE',  ( 0.000000000000000000, 1.000000000000000000, -0.000000000000000000 ) ) ;
#4719 = VERTEX_POINT ( 'NONE', #647 ) ;
#4720 = LINE ( 'NONE', #4695, #5075 ) ;
#4722 = DIRECTION ( 'NONE',  ( 1.000000000000000000, -0.000000000000000000, -0.000000000000000000 ) ) ;
#4721 = CIRCLE ( 'NONE', #2210, 21.00000000000000000 ) ;
#4723 = LINE ( 'NONE', #372, #321 ) ;
#4724 = VECTOR ( 'NONE', #1630, 1000.000000000000000 ) ;
#4725 = VERTEX_POINT ( 'NONE', #3226 ) ;
#4726 = VERTEX_POINT ( 'NONE', #2744 ) ;
#4727 = VECTOR ( 'NONE', #2119, 1000.000000000000000 ) ;
#4728 = PLANE ( 'NONE',  #2421 ) ;
#4729 = CARTESIAN_POINT ( 'NONE',  ( 20.00000000000000711, 26.00000000000000355, -12.25000000000000178 ) ) ;
#4730 = PLANE ( 'NONE',  #1388 ) ;
#4731 = DIRECTION ( 'NONE',  ( -0.000000000000000000, -1.000000000000000000, -0.000000000000000000 ) ) ;
#4732 = AXIS2_PLACEMENT_3D ( 'NONE', #4087, #300, #607 ) ;
#4733 = ORIENTED_EDGE ( 'NONE', *, *, #2194, .F. ) ;
#4734 = ORIENTED_EDGE ( 'NONE', *, *, #911, .T. ) ;
#4735 =( BOUNDED_CURVE ( )  B_SPLINE_CURVE ( 3, ( #1578, #661, #2874, #719 ),
 .UNSPECIFIED., .F., .T. ) 
 B_SPLINE_CURVE_WITH_KNOTS ( ( 4, 4 ),
 ( 3.141592653589791340, 4.712388980384689674 ),
 .UNSPECIFIED. ) 
 CURVE ( )  GEOMETRIC_REPRESENTATION_ITEM ( )  RATIONAL_B_SPLINE_CURVE ( ( 1.000000000000000000, 0.8047378541243646044, 0.8047378541243646044, 1.000000000000000000 ) ) 
 REPRESENTATION_ITEM ( '' )  );
#4736 = CARTESIAN_POINT ( 'NONE',  ( 18.00000000000001421, 30.00000000000000000, 8.750000000000003553 ) ) ;
#4737 = EDGE_CURVE ( 'NONE', #4763, #36, #1799, .T. ) ;
#4738 = CARTESIAN_POINT ( 'NONE',  ( 11.49769865083160347, 25.47132639493625561, -14.51433680253183667 ) ) ;
#4739 = VERTEX_POINT ( 'NONE', #5005 ) ;
#4740 = CIRCLE ( 'NONE', #2314, 2.000000000000000000 ) ;
#4741 = CARTESIAN_POINT ( 'NONE',  ( -17.99999999999999645, 30.00000000000000000, 21.75000000000000711 ) ) ;
#4742 = EDGE_CURVE ( 'NONE', #3011, #4035, #4143, .T. ) ;
#4743 = EDGE_CURVE ( 'NONE', #1413, #4719, #3814, .T. ) ;
#4744 = DIRECTION ( 'NONE',  ( 0.000000000000000000, 0.000000000000000000, -1.000000000000000000 ) ) ;
#4745 = VERTEX_POINT ( 'NONE', #3789 ) ;
#4746 = CARTESIAN_POINT ( 'NONE',  ( 12.50000000000000000, 24.00000000000000000, -14.25000000000000000 ) ) ;
#4747 = ADVANCED_FACE ( 'NONE', ( #3361 ), #4657, .T. ) ;
#4748 = CARTESIAN_POINT ( 'NONE',  ( -19.90152712927136491, 34.63009056802286523, -9.782554520112023866 ) ) ;
#4749 = ORIENTED_EDGE ( 'NONE', *, *, #2365, .T. ) ;
#4750 = DIRECTION ( 'NONE',  ( -1.000000000000000000, 0.000000000000000000, 0.000000000000000000 ) ) ;
#4751 = FACE_BOUND ( 'NONE', #812, .T. ) ;
#4752 = CC_DESIGN_PERSON_AND_ORGANIZATION_ASSIGNMENT ( #3648, #2463, ( #656 ) ) ;
#4753 = DIRECTION ( 'NONE',  ( 0.000000000000000000, 0.000000000000000000, 1.000000000000000000 ) ) ;
#4754 = ORIENTED_EDGE ( 'NONE', *, *, #3791, .T. ) ;
#4755 = ADVANCED_FACE ( 'NONE', ( #5506 ), #1899, .F. ) ;
#4756 = EDGE_LOOP ( 'NONE', ( #2649, #971 ) ) ;
#4757 = DIRECTION ( 'NONE',  ( 0.000000000000000000, 0.000000000000000000, -1.000000000000000000 ) ) ;
#4758 = CARTESIAN_POINT ( 'NONE',  ( 8.499999999999996447, -19.00000000000000000, -21.37171027316250971 ) ) ;
#4759 = CARTESIAN_POINT ( 'NONE',  ( -12.36909882216838774, 25.99999999999863576, -14.24999999999999289 ) ) ;
#4760 = CARTESIAN_POINT ( 'NONE',  ( -5.000000000000000000, 30.00000000000000000, -26.53299832284319493 ) ) ;
#4761 = ORIENTED_EDGE ( 'NONE', *, *, #3759, .F. ) ;
#4762 = AXIS2_PLACEMENT_3D ( 'NONE', #4741, #866, #2599 ) ;
#4763 = VERTEX_POINT ( 'NONE', #2436 ) ;
#4764 = ORIENTED_EDGE ( 'NONE', *, *, #3301, .F. ) ;
#4765 = CARTESIAN_POINT ( 'NONE',  ( 19.00000000000000711, 33.24999999999998579, 29.75000000000000355 ) ) ;
#4766 = CARTESIAN_POINT ( 'NONE',  ( 11.17834649819577919, 25.01354724588365386, -14.74322637705803452 ) ) ;
#4767 = CARTESIAN_POINT ( 'NONE',  ( 18.64879968859058224, 35.89634079621119866, -7.220317835581608890 ) ) ;
#4768 = AXIS2_PLACEMENT_3D ( 'NONE', #2918, #3365, #2019 ) ;
#4769 = CIRCLE ( 'NONE', #257, 10.50000000000000000 ) ;
#4770 = ORIENTED_EDGE ( 'NONE', *, *, #2575, .T. ) ;
#4771 = CIRCLE ( 'NONE', #3963, 28.99999999999999645 ) ;
#4772 = AXIS2_PLACEMENT_3D ( 'NONE', #1262, #859, #2988 ) ;
#4773 = FACE_BOUND ( 'NONE', #4091, .T. ) ;
#4774 = FACE_OUTER_BOUND ( 'NONE', #1250, .T. ) ;
#4775 = ORIENTED_EDGE ( 'NONE', *, *, #1509, .F. ) ;
#4776 = EDGE_CURVE ( 'NONE', #3873, #3725, #3416, .T. ) ;
#4777 = ADVANCED_FACE ( 'NONE', ( #2888 ), #2043, .T. ) ;
#4778 = CARTESIAN_POINT ( 'NONE',  ( 20.00000000000000711, 33.99999999999999289, 36.24999999999999289 ) ) ;
#4779 = DIRECTION ( 'NONE',  ( -0.000000000000000000, -1.000000000000000000, -0.000000000000000000 ) ) ;
#4780 = ORIENTED_EDGE ( 'NONE', *, *, #404, .F. ) ;
#4781 = DIRECTION ( 'NONE',  ( -1.000000000000000000, 0.000000000000000000, 0.000000000000000000 ) ) ;
#4782 = CARTESIAN_POINT ( 'NONE',  ( 19.93077052390354709, 34.53046288147477583, 30.14629073158574002 ) ) ;
#4783 = CARTESIAN_POINT ( 'NONE',  ( 10.50000000000000000, -23.00000000000000000, 6.429395695523604153E-16 ) ) ;
#4784 = ORIENTED_EDGE ( 'NONE', *, *, #5094, .T. ) ;
#4785 = EDGE_CURVE ( 'NONE', #1971, #4365, #1986, .T. ) ;
#4786 = EDGE_LOOP ( 'NONE', ( #2665, #4149 ) ) ;
#4787 = DIRECTION ( 'NONE',  ( 0.000000000000000000, 1.000000000000000000, 0.000000000000000000 ) ) ;
#4788 = CARTESIAN_POINT ( 'NONE',  ( 19.00000000000000711, 33.24999999999998579, 32.00000000000000000 ) ) ;
#4789 = CARTESIAN_POINT ( 'NONE',  ( -10.90978474838899714, 24.43995916621223685, -15.03002041689391000 ) ) ;
#4790 = DIRECTION ( 'NONE',  ( 0.000000000000000000, 0.000000000000000000, 1.000000000000000000 ) ) ;
#4791 = ORIENTED_EDGE ( 'NONE', *, *, #3038, .T. ) ;
#4792 = EDGE_LOOP ( 'NONE', ( #4943, #3040, #748, #2257, #3076, #3058, #5059, #4306, #877 ) ) ;
#4793 = ADVANCED_FACE ( 'NONE', ( #2490 ), #2859, .T. ) ;
#4794 = ORIENTED_EDGE ( 'NONE', *, *, #2230, .F. ) ;
#4795 = DIRECTION ( 'NONE',  ( 1.000000000000000000, -0.000000000000000000, -0.000000000000000000 ) ) ;
#4796 = CARTESIAN_POINT ( 'NONE',  ( 10.50000000000000000, 22.00000000000000000, -16.25000000000000000 ) ) ;
#4797 = DIRECTION ( 'NONE',  ( 0.000000000000000000, 0.000000000000000000, -1.000000000000000000 ) ) ;
#4798 = EDGE_LOOP ( 'NONE', ( #788, #5015 ) ) ;
#4799 = ORIENTED_EDGE ( 'NONE', *, *, #185, .T. ) ;
#4800 = VECTOR ( 'NONE', #97, 1000.000000000000000 ) ;
#4801 = VECTOR ( 'NONE', #873, 1000.000000000000000 ) ;
#4802 = LINE ( 'NONE', #3870, #5486 ) ;
#4803 = DIRECTION ( 'NONE',  ( 0.000000000000000000, 0.000000000000000000, 1.000000000000000000 ) ) ;
#4804 = ORIENTED_EDGE ( 'NONE', *, *, #5205, .T. ) ;
#4805 = AXIS2_PLACEMENT_3D ( 'NONE', #5376, #4397, #2291 ) ;
#4806 = LINE ( 'NONE', #4401, #789 ) ;
#4807 = CARTESIAN_POINT ( 'NONE',  ( -19.47126379366333992, 35.35598719877766882, -8.803956059526786504 ) ) ;
#4808 = EDGE_LOOP ( 'NONE', ( #3515, #721, #2193, #1028 ) ) ;
#4809 = CYLINDRICAL_SURFACE ( 'NONE', #10, 2.250000000000001776 ) ;
#4810 = CARTESIAN_POINT ( 'NONE',  ( 20.00000000000000711, 34.22482617395789362, 34.04183228746271084 ) ) ;
#4811 = ADVANCED_FACE ( 'NONE', ( #4687 ), #2015, .F. ) ;
#4812 = ORIENTED_EDGE ( 'NONE', *, *, #2409, .F. ) ;
#4813 = B_SPLINE_CURVE_WITH_KNOTS ( 'NONE', 3,
 ( #928, #3875, #1389, #1821, #3062, #4340, #845, #474, #5150, #4286, #446, #1303, #2132, #3902 ),
 .UNSPECIFIED., .F., .F.,
 ( 4, 2, 2, 2, 2, 2, 4 ),
 ( 0.0005069416476842870728, 0.001277432618946451387, 0.001662678104577539236, 0.002047923590208627301, 0.002433169075839715367, 0.002818414561470803433, 0.003588905532732979999 ),
 .UNSPECIFIED. ) ;
#4814 = VECTOR ( 'NONE', #2563, 1000.000000000000000 ) ;
#4815 = VERTEX_POINT ( 'NONE', #2462 ) ;
#4816 = CARTESIAN_POINT ( 'NONE',  ( -8.000000000000000000, 25.00000000000000000, 0.9999999999999453770 ) ) ;
#4817 = DIRECTION ( 'NONE',  ( 0.000000000000000000, 1.000000000000000000, 0.000000000000000000 ) ) ;
#4818 = EDGE_CURVE ( 'NONE', #4851, #2020, #2517, .T. ) ;
#4819 = CARTESIAN_POINT ( 'NONE',  ( 9.478339635108923744, -21.36551508556296852, -27.37411502875920633 ) ) ;
#4820 = CARTESIAN_POINT ( 'NONE',  ( -17.99999999999999645, 33.99999999999999289, 36.25000000000000000 ) ) ;
#4821 = ORIENTED_EDGE ( 'NONE', *, *, #4855, .F. ) ;
#4822 = ORIENTED_EDGE ( 'NONE', *, *, #1340, .T. ) ;
#4823 = ORIENTED_EDGE ( 'NONE', *, *, #4987, .F. ) ;
#4824 = CIRCLE ( 'NONE', #3921, 2.000000000000000000 ) ;
#4825 = ADVANCED_FACE ( 'NONE', ( #2942 ), #5143, .F. ) ;
#4826 = CARTESIAN_POINT ( 'NONE',  ( 11.28002041708998782, 25.18043050348410006, -14.65978474825798905 ) ) ;
#4827 = CARTESIAN_POINT ( 'NONE',  ( 19.00000000000000711, 33.24999999999999289, -5.749999999999993783 ) ) ;
#4828 = VECTOR ( 'NONE', #3940, 1000.000000000000000 ) ;
#4829 = VERTEX_POINT ( 'NONE', #4233 ) ;
#4830 = FACE_OUTER_BOUND ( 'NONE', #25, .T. ) ;
#4831 = EDGE_CURVE ( 'NONE', #3288, #1203, #1672, .T. ) ;
#4832 = DIRECTION ( 'NONE',  ( 0.000000000000000000, -0.000000000000000000, 1.000000000000000000 ) ) ;
#4833 = APPROVAL_STATUS ( 'not_yet_approved' ) ;
#4834 = AXIS2_PLACEMENT_3D ( 'NONE', #3828, #5548, #3907 ) ;
#4835 = VECTOR ( 'NONE', #396, 1000.000000000000000 ) ;
#4836 = DIRECTION ( 'NONE',  ( 0.000000000000000000, 0.000000000000000000, -1.000000000000000000 ) ) ;
#4837 = CARTESIAN_POINT ( 'NONE',  ( -19.99999999999999289, 33.99999999999999289, -10.12132034355964194 ) ) ;
#4838 = ORIENTED_EDGE ( 'NONE', *, *, #3642, .F. ) ;
#4839 = FACE_OUTER_BOUND ( 'NONE', #376, .T. ) ;
#4840 = DIRECTION ( 'NONE',  ( 1.000000000000000000, 0.000000000000000000, -0.000000000000000000 ) ) ;
#4841 = VERTEX_POINT ( 'NONE', #5118 ) ;
#4842 = EDGE_LOOP ( 'NONE', ( #5313, #314, #1691 ) ) ;
#4843 = CARTESIAN_POINT ( 'NONE',  ( -10.50000000000000000, -58.80502757993631491, -1.928818708657081344E-15 ) ) ;
#4844 = CARTESIAN_POINT ( 'NONE',  ( -19.99999999999999289, 36.00000000000000000, -11.24999999999999645 ) ) ;
#4845 = DIRECTION ( 'NONE',  ( 0.000000000000000000, -0.000000000000000000, -1.000000000000000000 ) ) ;
#4846 = ORIENTED_EDGE ( 'NONE', *, *, #5038, .T. ) ;
#4847 = ORIENTED_EDGE ( 'NONE', *, *, #1749, .T. ) ;
#4848 = AXIS2_PLACEMENT_3D ( 'NONE', #4118, #1952, #4563 ) ;
#4849 = VERTEX_POINT ( 'NONE', #1241 ) ;
#4850 = EDGE_CURVE ( 'NONE', #212, #3994, #2889, .T. ) ;
#4851 = VERTEX_POINT ( 'NONE', #5427 ) ;
#4852 = CARTESIAN_POINT ( 'NONE',  ( 4.167036320039355424, 29.98237174646881797, -26.99999999999999645 ) ) ;
#4853 = CARTESIAN_POINT ( 'NONE',  ( -19.31964575346843560, 35.50821747837948550, -7.366709890023568796 ) ) ;
#4854 = ORIENTED_EDGE ( 'NONE', *, *, #3785, .F. ) ;
#4855 = EDGE_CURVE ( 'NONE', #1004, #1950, #1595, .T. ) ;
#4856 = DIRECTION ( 'NONE',  ( 0.000000000000000000, 0.000000000000000000, 1.000000000000000000 ) ) ;
#4857 = VECTOR ( 'NONE', #5053, 1000.000000000000000 ) ;
#4858 = DIRECTION ( 'NONE',  ( 0.000000000000000000, 0.000000000000000000, 1.000000000000000000 ) ) ;
#4859 = VECTOR ( 'NONE', #4487, 1000.000000000000000 ) ;
#4860 = VECTOR ( 'NONE', #2646, 1000.000000000000000 ) ;
#4861 = EDGE_CURVE ( 'NONE', #4983, #727, #2654, .T. ) ;
#4862 = VECTOR ( 'NONE', #333, 1000.000000000000000 ) ;
#4863 = DIRECTION ( 'NONE',  ( 1.000000000000000000, 0.000000000000000000, 0.000000000000000000 ) ) ;
#4864 = DIRECTION ( 'NONE',  ( 0.000000000000000000, 0.000000000000000000, 1.000000000000000000 ) ) ;
#4865 = EDGE_LOOP ( 'NONE', ( #5177, #2499 ) ) ;
#4866 = CARTESIAN_POINT ( 'NONE',  ( 19.30824422140453223, 35.35552395370329748, -7.172286317729251515 ) ) ;
#4867 = FACE_OUTER_BOUND ( 'NONE', #935, .T. ) ;
#4868 = ORIENTED_EDGE ( 'NONE', *, *, #878, .T. ) ;
#4869 = CARTESIAN_POINT ( 'NONE',  ( -17.99999999999999645, 26.00000000000000355, 36.25000000000000000 ) ) ;
#4870 = VERTEX_POINT ( 'NONE', #5227 ) ;
#4871 = CARTESIAN_POINT ( 'NONE',  ( 19.66956503445584659, 35.11290064089391194, -9.290535644826290351 ) ) ;
#4872 = DIRECTION ( 'NONE',  ( 0.000000000000000000, 0.000000000000000000, 1.000000000000000000 ) ) ;
#4873 = LINE ( 'NONE', #1888, #5004 ) ;
#4874 = DIRECTION ( 'NONE',  ( -0.000000000000000000, -1.000000000000000000, 0.000000000000000000 ) ) ;
#4875 = ORIENTED_EDGE ( 'NONE', *, *, #1862, .T. ) ;
#4876 = ORIENTED_EDGE ( 'NONE', *, *, #4587, .T. ) ;
#4877 = ORIENTED_EDGE ( 'NONE', *, *, #3699, .F. ) ;
#4878 = PLANE ( 'NONE',  #3197 ) ;
#4879 = CARTESIAN_POINT ( 'NONE',  ( -18.26415789251867139, 35.98680741645743097, -7.185760639257657623 ) ) ;
#4880 = EDGE_CURVE ( 'NONE', #1709, #4569, #3105, .T. ) ;
#4881 = DIRECTION ( 'NONE',  ( 0.000000000000000000, 0.000000000000000000, 1.000000000000000000 ) ) ;
#4882 = CYLINDRICAL_SURFACE ( 'NONE', #2932, 2.000000000000001776 ) ;
#4883 = CARTESIAN_POINT ( 'NONE',  ( -4.167036320039355424, -22.98237174646884284, -27.00000000000000355 ) ) ;
#4884 = APPROVAL_ROLE ( '' ) ;
#4885 = EDGE_CURVE ( 'NONE', #2805, #4131, #5362, .T. ) ;
#4886 = AXIS2_PLACEMENT_3D ( 'NONE', #512, #2704, #5331 ) ;
#4887 = AXIS2_PLACEMENT_3D ( 'NONE', #5406, #2721, #4489 ) ;
#4888 = CARTESIAN_POINT ( 'NONE',  ( 20.00000000000000711, 29.17157287525380482, 7.921572875253811929 ) ) ;
#4889 = VECTOR ( 'NONE', #1993, 1000.000000000000000 ) ;
#4890 = CARTESIAN_POINT ( 'NONE',  ( -10.49999964706359457, 29.99999968994371713, -16.25047540204042207 ) ) ;
#4891 = ORIENTED_EDGE ( 'NONE', *, *, #3132, .F. ) ;
#4892 = CARTESIAN_POINT ( 'NONE',  ( -8.000000000000000000, -23.00000000000000000, -5.586370142149013368E-14 ) ) ;
#4893 = DIRECTION ( 'NONE',  ( 0.000000000000000000, 1.000000000000000000, 0.000000000000000000 ) ) ;
#4894 = EDGE_CURVE ( 'NONE', #4065, #1391, #2567, .T. ) ;
#4895 = VERTEX_POINT ( 'NONE', #3495 ) ;
#4896 = DIRECTION ( 'NONE',  ( 0.000000000000000000, 0.000000000000000000, 1.000000000000000000 ) ) ;
#4897 = CARTESIAN_POINT ( 'NONE',  ( -18.97130263045299969, 36.00000000000000711, 7.544703604904061223 ) ) ;
#4898 = ORIENTED_EDGE ( 'NONE', *, *, #2268, .F. ) ;
#4899 = DIRECTION ( 'NONE',  ( 0.000000000000000000, -1.000000000000000000, 0.000000000000000000 ) ) ;
#4900 = CARTESIAN_POINT ( 'NONE',  ( -50.40559159102153330, 33.24999999999998579, 32.00000000000000000 ) ) ;
#4901 = CARTESIAN_POINT ( 'NONE',  ( 9.218910965779770095, -21.09076269195695374, -27.49582747764300450 ) ) ;
#4902 = CARTESIAN_POINT ( 'NONE',  ( 19.40987863616340903, 35.41853524146917920, -7.400037579088317052 ) ) ;
#4903 = ORIENTED_EDGE ( 'NONE', *, *, #3742, .T. ) ;
#4904 = ORIENTED_EDGE ( 'NONE', *, *, #4464, .F. ) ;
#4905 = ORIENTED_EDGE ( 'NONE', *, *, #3439, .T. ) ;
#4906 = CARTESIAN_POINT ( 'NONE',  ( -2.793185071074506684E-14, -13.06030303803299475, 8.000000000000000000 ) ) ;
#4907 = CARTESIAN_POINT ( 'NONE',  ( 12.50000000000000178, 26.00000000000000000, -14.25000000000000000 ) ) ;
#4908 = CARTESIAN_POINT ( 'NONE',  ( 8.379555213223520053E-14, -19.00000000000000000, -6.999999999999996447 ) ) ;
#4909 = AXIS2_PLACEMENT_3D ( 'NONE', #1068, #4506, #4089 ) ;
#4910 = ORIENTED_EDGE ( 'NONE', *, *, #3246, .T. ) ;
#4911 = ORIENTED_EDGE ( 'NONE', *, *, #5233, .T. ) ;
#4912 = AXIS2_PLACEMENT_3D ( 'NONE', #1428, #4435, #3598 ) ;
#4913 = DIRECTION ( 'NONE',  ( 0.000000000000000000, -0.000000000000000000, 1.000000000000000000 ) ) ;
#4914 = CIRCLE ( 'NONE', #224, 2.100000000000000089 ) ;
#4915 = DIRECTION ( 'NONE',  ( 0.000000000000000000, 0.000000000000000000, 1.000000000000000000 ) ) ;
#4916 = CIRCLE ( 'NONE', #392, 12.75000000000000000 ) ;
#4917 = CALENDAR_DATE ( 2026, 7, 1 ) ;
#4918 = ORIENTED_EDGE ( 'NONE', *, *, #3411, .T. ) ;
#4919 = EDGE_CURVE ( 'NONE', #1662, #2283, #3080, .T. ) ;
#4920 = EDGE_CURVE ( 'NONE', #159, #148, #1295, .T. ) ;
#4921 = DIRECTION ( 'NONE',  ( 0.000000000000000000, 0.000000000000000000, 1.000000000000000000 ) ) ;
#4922 = AXIS2_PLACEMENT_3D ( 'NONE', #1146, #2029, #4500 ) ;
#4923 = FACE_OUTER_BOUND ( 'NONE', #1746, .T. ) ;
#4924 = ORIENTED_EDGE ( 'NONE', *, *, #4894, .T. ) ;
#4925 = DIRECTION ( 'NONE',  ( -0.000000000000000000, -1.000000000000000000, 0.000000000000000000 ) ) ;
#4926 = FACE_OUTER_BOUND ( 'NONE', #1038, .T. ) ;
#4927 = AXIS2_PLACEMENT_3D ( 'NONE', #876, #4644, #824 ) ;
#4928 = EDGE_CURVE ( 'NONE', #2685, #262, #122, .T. ) ;
#4929 = CARTESIAN_POINT ( 'NONE',  ( -19.99999999999999289, 33.99999999999999289, 29.87867965644036161 ) ) ;
#4930 = CARTESIAN_POINT ( 'NONE',  ( -19.38403877795690988, 36.00000000000000711, 7.982570814554154737 ) ) ;
#4931 = EDGE_LOOP ( 'NONE', ( #1346, #1911 ) ) ;
#4932 = CARTESIAN_POINT ( 'NONE',  ( 8.379555213223520053E-14, 20.99999999999999645, -5.899999999999997691 ) ) ;
#4933 = FACE_OUTER_BOUND ( 'NONE', #1024, .T. ) ;
#4934 = DIRECTION ( 'NONE',  ( 0.000000000000000000, 0.000000000000000000, 1.000000000000000000 ) ) ;
#4935 = FACE_OUTER_BOUND ( 'NONE', #3739, .T. ) ;
#4936 = ORIENTED_EDGE ( 'NONE', *, *, #4743, .F. ) ;
#4937 = ADVANCED_FACE ( 'NONE', ( #1379 ), #1130, .T. ) ;
#4938 = VERTEX_POINT ( 'NONE', #2259 ) ;
#4939 = DIRECTION ( 'NONE',  ( 0.000000000000000000, 0.000000000000000000, 1.000000000000000000 ) ) ;
#4940 = CARTESIAN_POINT ( 'NONE',  ( 0.000000000000000000, 30.00000000000000000, -10.50000000000000000 ) ) ;
#4941 = CARTESIAN_POINT ( 'NONE',  ( 5.000000000000000000, -23.00000000000000000, -26.53299832284319493 ) ) ;
#4942 = CARTESIAN_POINT ( 'NONE',  ( 10.50000000000000000, -17.94531585775864002, -20.37829813027625647 ) ) ;
#4943 = ORIENTED_EDGE ( 'NONE', *, *, #813, .T. ) ;
#4944 = AXIS2_PLACEMENT_3D ( 'NONE', #2428, #1586, #5365 ) ;
#4945 = CARTESIAN_POINT ( 'NONE',  ( -12.50000000000000000, 22.00000000000000000, 0.000000000000000000 ) ) ;
#4946 = CARTESIAN_POINT ( 'NONE',  ( -8.000000000000000000, -23.00000000000000000, -2.100000000000055600 ) ) ;
#4947 = AXIS2_PLACEMENT_3D ( 'NONE', #3475, #2972, #5234 ) ;
#4948 = B_SPLINE_CURVE_WITH_KNOTS ( 'NONE', 3,
 ( #4837, #89, #3034, #2694, #4748, #2218, #1361, #2159, #4807, #871, #1421, #2664, #3934, #1822, #3563, #59 ),
 .UNSPECIFIED., .F., .F.,
 ( 4, 2, 2, 2, 2, 2, 2, 4 ),
 ( 0.002123084039314069270, 0.002555847921987416949, 0.002988611804660764194, 0.003854139570007453046, 0.004286903452680802459, 0.004719667335354151873, 0.005152431218027501286, 0.005585195100700850700 ),
 .UNSPECIFIED. ) ;
#4949 = DIRECTION ( 'NONE',  ( -1.321694076934710402E-16, 0.000000000000000000, -1.000000000000000000 ) ) ;
#4950 = ORIENTED_EDGE ( 'NONE', *, *, #2545, .F. ) ;
#4951 = VECTOR ( 'NONE', #4717, 1000.000000000000000 ) ;
#4952 = CARTESIAN_POINT ( 'NONE',  ( 8.379555213223520053E-14, 20.99999999999999645, -7.999999999999998224 ) ) ;
#4953 = DIRECTION ( 'NONE',  ( 0.000000000000000000, 0.000000000000000000, -1.000000000000000000 ) ) ;
#4954 = EDGE_LOOP ( 'NONE', ( #5569, #43, #3031, #5329 ) ) ;
#4955 = DIRECTION ( 'NONE',  ( 0.000000000000000000, 0.000000000000000000, -1.000000000000000000 ) ) ;
#4956 = FACE_OUTER_BOUND ( 'NONE', #4954, .T. ) ;
#4957 = AXIS2_PLACEMENT_3D ( 'NONE', #735, #339, #1191 ) ;
#4958 = ADVANCED_FACE ( 'NONE', ( #3159 ), #4878, .T. ) ;
#4959 = AXIS2_PLACEMENT_3D ( 'NONE', #5204, #2182, #1327 ) ;
#4960 = LINE ( 'NONE', #2305, #3019 ) ;
#4961 = VECTOR ( 'NONE', #503, 1000.000000000000000 ) ;
#4962 = CARTESIAN_POINT ( 'NONE',  ( -10.50000000000000000, 22.00000000000000000, -16.24999999999999289 ) ) ;
#4963 = EDGE_LOOP ( 'NONE', ( #2361, #4348, #1092, #1826 ) ) ;
#4964 = CARTESIAN_POINT ( 'NONE',  ( 10.50000000000000000, 27.99999999999999645, -16.25000000000000000 ) ) ;
#4965 = DIRECTION ( 'NONE',  ( 0.000000000000000000, 0.000000000000000000, -1.000000000000000000 ) ) ;
#4966 = LINE ( 'NONE', #5390, #2931 ) ;
#4967 = CARTESIAN_POINT ( 'NONE',  ( 20.00000000000000711, 27.99999999999999645, 21.75000000000000711 ) ) ;
#4968 = EDGE_CURVE ( 'NONE', #36, #5350, #4154, .T. ) ;
#4969 = ORIENTED_EDGE ( 'NONE', *, *, #565, .F. ) ;
#4970 = ORIENTED_EDGE ( 'NONE', *, *, #152, .F. ) ;
#4971 = CARTESIAN_POINT ( 'NONE',  ( -19.99999999999999289, 36.00000000000000000, -11.24999999999999645 ) ) ;
#4972 = CARTESIAN_POINT ( 'NONE',  ( -18.00000000000000000, 30.00000000000000000, 36.25000000000000000 ) ) ;
#4973 = DIRECTION ( 'NONE',  ( -1.000000000000000000, 0.000000000000000000, -0.000000000000000000 ) ) ;
#4974 = DIRECTION ( 'NONE',  ( 0.000000000000000000, 0.000000000000000000, 1.000000000000000000 ) ) ;
#4975 = EDGE_CURVE ( 'NONE', #1982, #1724, #134, .T. ) ;
#4976 = ORIENTED_EDGE ( 'NONE', *, *, #1122, .F. ) ;
#4977 = DIRECTION ( 'NONE',  ( 0.000000000000000000, 1.000000000000000000, 0.000000000000000000 ) ) ;
#4978 = DIRECTION ( 'NONE',  ( 1.000000000000000000, -0.000000000000000000, 0.000000000000000000 ) ) ;
#4979 = DIRECTION ( 'NONE',  ( -0.000000000000000000, -1.000000000000000000, 0.000000000000000000 ) ) ;
#4980 = PERSON_AND_ORGANIZATION ( #5297, #1202 ) ;
#4981 = DIRECTION ( 'NONE',  ( 0.000000000000000000, 0.000000000000000000, -1.000000000000000000 ) ) ;
#4982 = CARTESIAN_POINT ( 'NONE',  ( -8.000000000000000000, 25.00000000000000000, -2.100000000000055600 ) ) ;
#4983 = VERTEX_POINT ( 'NONE', #579 ) ;
#4984 = DIRECTION ( 'NONE',  ( 0.000000000000000000, 0.000000000000000000, 1.000000000000000000 ) ) ;
#4985 = AXIS2_PLACEMENT_3D ( 'NONE', #3297, #4585, #4965 ) ;
#4986 = DIRECTION ( 'NONE',  ( 0.000000000000000000, 1.000000000000000000, -0.000000000000000000 ) ) ;
#4987 = EDGE_CURVE ( 'NONE', #1759, #1551, #4004, .T. ) ;
#4988 = DIRECTION ( 'NONE',  ( 0.000000000000000000, 0.000000000000000000, -1.000000000000000000 ) ) ;
#4989 = ORIENTED_EDGE ( 'NONE', *, *, #737, .T. ) ;
#4990 = SPHERICAL_SURFACE ( 'NONE', #676, 2.000000000000000000 ) ;
#4991 = FACE_OUTER_BOUND ( 'NONE', #2736, .T. ) ;
#4992 = VERTEX_POINT ( 'NONE', #977 ) ;
#4993 = EDGE_CURVE ( 'NONE', #4277, #3102, #2141, .T. ) ;
#4994 = VECTOR ( 'NONE', #5197, 1000.000000000000000 ) ;
#4995 = EDGE_CURVE ( 'NONE', #2796, #3477, #2386, .T. ) ;
#4996 = VERTEX_POINT ( 'NONE', #3640 ) ;
#4997 = DIRECTION ( 'NONE',  ( 0.000000000000000000, 0.000000000000000000, 1.000000000000000000 ) ) ;
#4998 = DIRECTION ( 'NONE',  ( 0.000000000000000000, 1.000000000000000000, -0.000000000000000000 ) ) ;
#4999 = CARTESIAN_POINT ( 'NONE',  ( -10.55205464722642184, 23.04699154015546725, -15.72650422992211183 ) ) ;
#5000 = DIRECTION ( 'NONE',  ( -0.3695652173913044902, 0.000000000000000000, 0.9292047944853265573 ) ) ;
#5001 = ORIENTED_EDGE ( 'NONE', *, *, #2603, .F. ) ;
#5002 = DIRECTION ( 'NONE',  ( 1.000000000000000000, 0.000000000000000000, -1.734723475976806848E-16 ) ) ;
#5003 = ADVANCED_FACE ( 'NONE', ( #1838, #1868, #1411, #5311, #4032, #4416 ), #2737, .T. ) ;
#5004 = VECTOR ( 'NONE', #1491, 1000.000000000000000 ) ;
#5005 = CARTESIAN_POINT ( 'NONE',  ( 20.00000000000000711, 32.66027970501550470, -5.828657103614578006 ) ) ;
#5006 = ORIENTED_EDGE ( 'NONE', *, *, #3509, .F. ) ;
#5007 = EDGE_CURVE ( 'NONE', #3358, #1556, #2316, .T. ) ;
#5008 = VECTOR ( 'NONE', #2940, 1000.000000000000000 ) ;
#5009 = CARTESIAN_POINT ( 'NONE',  ( 18.00000000000001066, 33.99999999999999289, -14.25000000000000178 ) ) ;
#5010 = CARTESIAN_POINT ( 'NONE',  ( -8.627933404743966861, 30.06396670237196744, -15.73143486427003346 ) ) ;
#5011 = ORIENTED_EDGE ( 'NONE', *, *, #499, .F. ) ;
#5012 = DIRECTION ( 'NONE',  ( -1.321694076934710402E-16, 0.000000000000000000, -1.000000000000000000 ) ) ;
#5013 = VECTOR ( 'NONE', #1454, 1000.000000000000000 ) ;
#5014 = DIRECTION ( 'NONE',  ( 0.000000000000000000, 1.000000000000000000, -0.000000000000000000 ) ) ;
#5015 = ORIENTED_EDGE ( 'NONE', *, *, #4587, .F. ) ;
#5016 = CARTESIAN_POINT ( 'NONE',  ( -19.99999999999999289, 26.00000000000000355, 36.25000000000000000 ) ) ;
#5017 = DIRECTION ( 'NONE',  ( 0.000000000000000000, 1.000000000000000000, 0.000000000000000000 ) ) ;
#5018 = ORIENTED_EDGE ( 'NONE', *, *, #2026, .T. ) ;
#5019 = CARTESIAN_POINT ( 'NONE',  ( 10.50000000000000000, -22.95903837178392592, -25.38328247344100319 ) ) ;
#5020 = CARTESIAN_POINT ( 'NONE',  ( 19.00000000000000711, 33.24999999999999289, -7.999999999999996447 ) ) ;
#5021 = CARTESIAN_POINT ( 'NONE',  ( -18.99999999999999289, 33.24999999999998579, 32.00000000000000000 ) ) ;
#5022 = AXIS2_PLACEMENT_3D ( 'NONE', #692, #663, #2394 ) ;
#5023 = ORIENTED_EDGE ( 'NONE', *, *, #4861, .F. ) ;
#5024 = ORIENTED_EDGE ( 'NONE', *, *, #147, .F. ) ;
#5025 = DIRECTION ( 'NONE',  ( 1.000000000000000000, 0.000000000000000000, -0.000000000000000000 ) ) ;
#5026 = CARTESIAN_POINT ( 'NONE',  ( -2.793185071074506684E-14, 20.99999999999999645, 10.10000000000000142 ) ) ;
#5027 = DIRECTION ( 'NONE',  ( 0.000000000000000000, 1.000000000000000000, 0.000000000000000000 ) ) ;
#5028 = DIRECTION ( 'NONE',  ( 1.000000000000000000, 0.000000000000000000, 0.000000000000000000 ) ) ;
#5029 = ORIENTED_EDGE ( 'NONE', *, *, #1359, .F. ) ;
#5030 = DIRECTION ( 'NONE',  ( 0.000000000000000000, 1.000000000000000000, -0.000000000000000000 ) ) ;
#5031 = ADVANCED_FACE ( 'NONE', ( #4062 ), #3221, .F. ) ;
#5032 = CARTESIAN_POINT ( 'NONE',  ( 18.00000000000001066, 26.00000000000000355, 36.24999999999999289 ) ) ;
#5033 = EDGE_CURVE ( 'NONE', #158, #2020, #4185, .T. ) ;
#5034 = CARTESIAN_POINT ( 'NONE',  ( 0.000000000000000000, 17.00000000000000000, 0.000000000000000000 ) ) ;
#5035 = FACE_OUTER_BOUND ( 'NONE', #232, .T. ) ;
#5036 = FACE_OUTER_BOUND ( 'NONE', #1445, .T. ) ;
#5037 = ORIENTED_EDGE ( 'NONE', *, *, #3123, .T. ) ;
#5038 = EDGE_CURVE ( 'NONE', #4815, #2102, #3554, .T. ) ;
#5039 = DIRECTION ( 'NONE',  ( 0.000000000000000000, 0.000000000000000000, 1.000000000000000000 ) ) ;
#5040 = CARTESIAN_POINT ( 'NONE',  ( 0.000000000000000000, -23.00000000000000000, 0.000000000000000000 ) ) ;
#5041 = VERTEX_POINT ( 'NONE', #4651 ) ;
#5042 = LINE ( 'NONE', #2925, #2997 ) ;
#5043 = DIRECTION ( 'NONE',  ( 0.000000000000000000, 1.000000000000000000, -0.000000000000000000 ) ) ;
#5044 = VECTOR ( 'NONE', #3780, 1000.000000000000000 ) ;
#5045 = AXIS2_PLACEMENT_3D ( 'NONE', #3591, #1478, #4516 ) ;
#5046 = VERTEX_POINT ( 'NONE', #1126 ) ;
#5047 = CIRCLE ( 'NONE', #3149, 2.000000000000000000 ) ;
#5048 = CIRCLE ( 'NONE', #981, 4.000000000000000000 ) ;
#5049 = ORIENTED_EDGE ( 'NONE', *, *, #1548, .F. ) ;
#5050 = CARTESIAN_POINT ( 'NONE',  ( 11.21376643520291694, 30.71376643520291694, -14.64535810642956193 ) ) ;
#5051 = LINE ( 'NONE', #4940, #2687 ) ;
#5052 = FACE_OUTER_BOUND ( 'NONE', #1316, .T. ) ;
#5053 = DIRECTION ( 'NONE',  ( 0.000000000000000000, 0.000000000000000000, -1.000000000000000000 ) ) ;
#5054 = VERTEX_POINT ( 'NONE', #328 ) ;
#5055 = CARTESIAN_POINT ( 'NONE',  ( -10.50000000000000000, 27.99999999999999645, -25.62713405747899031 ) ) ;
#5056 = EDGE_CURVE ( 'NONE', #2483, #4745, #2456, .T. ) ;
#5057 = CARTESIAN_POINT ( 'NONE',  ( -10.50000000000000000, -23.00000000000000000, -25.13237439423655672 ) ) ;
#5058 = DATE_AND_TIME ( #2437, #4085 ) ;
#5059 = ORIENTED_EDGE ( 'NONE', *, *, #2179, .F. ) ;
#5060 = B_SPLINE_CURVE_WITH_KNOTS ( 'NONE', 3,
 ( #5388, #5439, #5019, #1145 ),
 .UNSPECIFIED., .F., .F.,
 ( 4, 4 ),
 ( 0.000000000000000000, 0.0007626871011350117805 ),
 .UNSPECIFIED. ) ;
#5061 = DIRECTION ( 'NONE',  ( 0.000000000000000000, 0.000000000000000000, 1.000000000000000000 ) ) ;
#5062 = ADVANCED_FACE ( 'NONE', ( #5052 ), #4597, .F. ) ;
#5063 = CARTESIAN_POINT ( 'NONE',  ( -16.99999999999999289, 36.00000000000000000, -14.24999999999999467 ) ) ;
#5064 = CARTESIAN_POINT ( 'NONE',  ( -2.793185071074506684E-14, 13.06030303803299475, 10.10000000000000142 ) ) ;
#5065 = ORIENTED_EDGE ( 'NONE', *, *, #4880, .F. ) ;
#5066 = DIRECTION ( 'NONE',  ( 1.000000000000000000, 0.000000000000000000, 0.000000000000000000 ) ) ;
#5067 = EDGE_CURVE ( 'NONE', #1789, #4065, #2881, .T. ) ;
#5068 = CARTESIAN_POINT ( 'NONE',  ( -2.793185071074506684E-14, 25.00000000000000000, 8.000000000000000000 ) ) ;
#5069 = ORIENTED_EDGE ( 'NONE', *, *, #3818, .F. ) ;
#5070 = CARTESIAN_POINT ( 'NONE',  ( -19.99999999999999289, 33.99999999999999289, 29.87867965644036161 ) ) ;
#5071 = LINE ( 'NONE', #5519, #13 ) ;
#5072 = CYLINDRICAL_SURFACE ( 'NONE', #949, 2.000000000000001776 ) ;
#5073 = AXIS2_PLACEMENT_3D ( 'NONE', #2935, #2115, #2509 ) ;
#5074 = ORIENTED_EDGE ( 'NONE', *, *, #2723, .F. ) ;
#5075 = VECTOR ( 'NONE', #4165, 1000.000000000000000 ) ;
#5076 = ORIENTED_EDGE ( 'NONE', *, *, #3474, .F. ) ;
#5077 = CARTESIAN_POINT ( 'NONE',  ( -17.99999999999999645, 33.99999999999999289, 36.25000000000000000 ) ) ;
#5078 = CIRCLE ( 'NONE', #2281, 1.000000000000001776 ) ;
#5079 = DIRECTION ( 'NONE',  ( 0.000000000000000000, 0.000000000000000000, 1.000000000000000000 ) ) ;
#5080 = CARTESIAN_POINT ( 'NONE',  ( 20.00000000000000711, 26.00000000000000355, -12.25000000000000178 ) ) ;
#5081 = CARTESIAN_POINT ( 'NONE',  ( -10.50000000000000000, -19.00000000000000000, -17.90760865802475621 ) ) ;
#5082 = EDGE_LOOP ( 'NONE', ( #2850, #2607, #5256, #1965, #1605, #4389 ) ) ;
#5083 = CARTESIAN_POINT ( 'NONE',  ( -50.40559159102153330, 36.00000000000000000, 19.75000000000000355 ) ) ;
#5084 = CC_DESIGN_APPROVAL ( #989, ( #401 ) ) ;
#5085 = CARTESIAN_POINT ( 'NONE',  ( -10.50000000000000000, -22.95903837178392592, -25.38328247344100674 ) ) ;
#5086 = ORIENTED_EDGE ( 'NONE', *, *, #3093, .T. ) ;
#5087 = AXIS2_PLACEMENT_3D ( 'NONE', #1293, #2626, #3923 ) ;
#5088 = CARTESIAN_POINT ( 'NONE',  ( -17.99999999999999645, 24.00000000000000000, -12.24999999999999467 ) ) ;
#5089 = CARTESIAN_POINT ( 'NONE',  ( 0.000000000000000000, 19.00000000000000000, 0.000000000000000000 ) ) ;
#5090 = LINE ( 'NONE', #2946, #1985 ) ;
#5091 = VECTOR ( 'NONE', #1371, 1000.000000000000000 ) ;
#5092 = EDGE_LOOP ( 'NONE', ( #1570, #1557 ) ) ;
#5093 = EDGE_CURVE ( 'NONE', #2871, #4379, #3909, .T. ) ;
#5094 = EDGE_CURVE ( 'NONE', #2413, #2005, #2907, .T. ) ;
#5095 = AXIS2_PLACEMENT_3D ( 'NONE', #223, #1843, #4856 ) ;
#5096 = LINE ( 'NONE', #3343, #1675 ) ;
#5097 = DIRECTION ( 'NONE',  ( -1.000000000000000000, 0.000000000000000000, 0.000000000000000000 ) ) ;
#5098 = ORIENTED_EDGE ( 'NONE', *, *, #747, .T. ) ;
#5099 = DIRECTION ( 'NONE',  ( -1.000000000000000000, 0.000000000000000000, 0.000000000000000000 ) ) ;
#5100 = CIRCLE ( 'NONE', #1301, 2.000000000000001776 ) ;
#5101 = LINE ( 'NONE', #2952, #4621 ) ;
#5102 = AXIS2_PLACEMENT_3D ( 'NONE', #2148, #4626, #4655 ) ;
#5103 = LINE ( 'NONE', #770, #2130 ) ;
#5104 = ORIENTED_EDGE ( 'NONE', *, *, #1410, .F. ) ;
#5105 = ADVANCED_FACE ( 'NONE', ( #4623 ), #3704, .T. ) ;
#5106 = VECTOR ( 'NONE', #4631, 1000.000000000000000 ) ;
#5107 = CC_DESIGN_DATE_AND_TIME_ASSIGNMENT ( #3167, #2378, ( #401 ) ) ;
#5108 = ORIENTED_EDGE ( 'NONE', *, *, #2575, .F. ) ;
#5109 = CARTESIAN_POINT ( 'NONE',  ( 10.90978474825806721, 28.81956949651589639, -15.03002041708986880 ) ) ;
#5110 = TOROIDAL_SURFACE ( 'NONE', #1681, 4.000000000000000000, 2.000000000000000000 ) ;
#5111 = DIRECTION ( 'NONE',  ( 0.000000000000000000, 0.000000000000000000, 1.000000000000000000 ) ) ;
#5112 = CARTESIAN_POINT ( 'NONE',  ( -11.17834649819563353, 23.50677362294182160, -13.23645275411607081 ) ) ;
#5113 = CARTESIAN_POINT ( 'NONE',  ( -10.50000000000000178, -18.93421303928054300, -18.58942292787422446 ) ) ;
#5114 = ORIENTED_EDGE ( 'NONE', *, *, #21, .F. ) ;
#5115 = CARTESIAN_POINT ( 'NONE',  ( 8.000000000000000000, 25.00000000000000000, -2.100000000000000533 ) ) ;
#5116 = EDGE_CURVE ( 'NONE', #4654, #2601, #2031, .T. ) ;
#5117 = FACE_OUTER_BOUND ( 'NONE', #3910, .T. ) ;
#5118 = CARTESIAN_POINT ( 'NONE',  ( -10.50000000000000000, -16.99999999999998579, -21.37171027316250971 ) ) ;
#5119 = DIRECTION ( 'NONE',  ( 0.000000000000000000, 0.000000000000000000, -1.000000000000000000 ) ) ;
#5120 = LINE ( 'NONE', #5063, #2340 ) ;
#5121 = ORIENTED_EDGE ( 'NONE', *, *, #1720, .T. ) ;
#5122 = CIRCLE ( 'NONE', #3492, 2.000000000000001776 ) ;
#5123 = CARTESIAN_POINT ( 'NONE',  ( -10.50000000000000000, -22.87544709486370920, -25.62713405747899031 ) ) ;
#5124 = DIRECTION ( 'NONE',  ( 0.000000000000000000, 0.000000000000000000, -1.000000000000000000 ) ) ;
#5125 = ORIENTED_EDGE ( 'NONE', *, *, #593, .F. ) ;
#5126 = CARTESIAN_POINT ( 'NONE',  ( 18.00000000000000711, 33.99999999999999289, 38.24999999999999289 ) ) ;
#5127 = CARTESIAN_POINT ( 'NONE',  ( -8.000000000000000000, -20.99999999999999645, -5.586370142149013368E-14 ) ) ;
#5128 = EDGE_CURVE ( 'NONE', #898, #976, #3754, .T. ) ;
#5129 = DIRECTION ( 'NONE',  ( 0.000000000000000000, 0.000000000000000000, 1.000000000000000000 ) ) ;
#5130 = EDGE_LOOP ( 'NONE', ( #64, #2168, #1900, #3245 ) ) ;
#5131 = B_SPLINE_CURVE_WITH_KNOTS ( 'NONE', 3,
 ( #791, #2497, #2104, #3797 ),
 .UNSPECIFIED., .F., .F.,
 ( 4, 4 ),
 ( 0.003588905532732979999, 0.004189576750482764886 ),
 .UNSPECIFIED. ) ;
#5132 = ORIENTED_EDGE ( 'NONE', *, *, #4673, .T. ) ;
#5133 = CARTESIAN_POINT ( 'NONE',  ( 10.70233407867934794, 28.40466815735872075, -15.36369758836274002 ) ) ;
#5134 = AXIS2_PLACEMENT_3D ( 'NONE', #418, #3872, #3422 ) ;
#5135 = DIRECTION ( 'NONE',  ( 0.000000000000000000, 0.000000000000000000, -1.000000000000000000 ) ) ;
#5136 = EDGE_CURVE ( 'NONE', #2284, #4385, #2073, .T. ) ;
#5137 = DIRECTION ( 'NONE',  ( 0.000000000000000000, 0.000000000000000000, 1.000000000000000000 ) ) ;
#5138 = CARTESIAN_POINT ( 'NONE',  ( 0.000000000000000000, -20.99999999999999645, -21.00000000000000000 ) ) ;
#5139 = ORIENTED_EDGE ( 'NONE', *, *, #1437, .F. ) ;
#5140 = CARTESIAN_POINT ( 'NONE',  ( 12.50000000000000000, 32.00000000000000000, -14.25000000000000000 ) ) ;
#5141 = AXIS2_PLACEMENT_3D ( 'NONE', #49, #284, #4331 ) ;
#5142 =( BOUNDED_CURVE ( )  B_SPLINE_CURVE ( 3, ( #455, #3968, #2617, #3911 ),
 .UNSPECIFIED., .F., .T. ) 
 B_SPLINE_CURVE_WITH_KNOTS ( ( 4, 4 ),
 ( 1.570796326794896558, 3.141592653589793116 ),
 .UNSPECIFIED. ) 
 CURVE ( )  GEOMETRIC_REPRESENTATION_ITEM ( )  RATIONAL_B_SPLINE_CURVE ( ( 1.000000000000000000, 0.8047378541243649375, 0.8047378541243649375, 1.000000000000000000 ) ) 
 REPRESENTATION_ITEM ( '' )  );
#5143 = TOROIDAL_SURFACE ( 'NONE', #5587, 12.50000000000000000, 2.000000000000000000 ) ;
#5144 = DIRECTION ( 'NONE',  ( 0.000000000000000000, 0.000000000000000000, 1.000000000000000000 ) ) ;
#5145 = EDGE_CURVE ( 'NONE', #4591, #1362, #4006, .T. ) ;
#5146 = CARTESIAN_POINT ( 'NONE',  ( 10.70233407885292642, 22.88630241205631677, -14.47739517588721547 ) ) ;
#5147 = CARTESIAN_POINT ( 'NONE',  ( 10.50000000000000000, 19.00000000000000355, -17.90760865802475621 ) ) ;
#5148 = CARTESIAN_POINT ( 'NONE',  ( 20.00000000000000711, 33.24999999999998579, 34.25000000000000000 ) ) ;
#5149 = ORIENTED_EDGE ( 'NONE', *, *, #4194, .T. ) ;
#5150 = CARTESIAN_POINT ( 'NONE',  ( -19.44072530017926681, 34.38710601939500577, -6.054964954025970236 ) ) ;
#5151 = FACE_OUTER_BOUND ( 'NONE', #2063, .T. ) ;
#5152 = VERTEX_POINT ( 'NONE', #4119 ) ;
#5153 = CARTESIAN_POINT ( 'NONE',  ( -16.99999999999998579, 36.00000000000000000, 35.24999999999999289 ) ) ;
#5154 = FACE_BOUND ( 'NONE', #2338, .T. ) ;
#5155 = DIRECTION ( 'NONE',  ( -0.000000000000000000, 1.000000000000000000, -0.000000000000000000 ) ) ;
#5156 = ORIENTED_EDGE ( 'NONE', *, *, #3445, .T. ) ;
#5157 = EDGE_CURVE ( 'NONE', #1769, #4763, #650, .T. ) ;
#5158 = ORIENTED_EDGE ( 'NONE', *, *, #4387, .T. ) ;
#5159 = CARTESIAN_POINT ( 'NONE',  ( 12.50000000000000533, 32.00000000000000000, -14.25000000000000000 ) ) ;
#5160 = DIRECTION ( 'NONE',  ( 0.000000000000000000, 1.000000000000000000, -0.000000000000000000 ) ) ;
#5161 = CARTESIAN_POINT ( 'NONE',  ( -11.28002041709006598, 25.18043050348380518, -14.65978474825792865 ) ) ;
#5162 = AXIS2_PLACEMENT_3D ( 'NONE', #68, #1431, #3997 ) ;
#5163 = DIRECTION ( 'NONE',  ( 0.000000000000000000, 1.000000000000000000, -0.000000000000000000 ) ) ;
#5164 = ORIENTED_EDGE ( 'NONE', *, *, #2248, .T. ) ;
#5165 = AXIS2_PLACEMENT_3D ( 'NONE', #794, #4190, #3825 ) ;
#5166 = ORIENTED_EDGE ( 'NONE', *, *, #4919, .F. ) ;
#5167 = ADVANCED_FACE ( 'NONE', ( #5475 ), #4588, .T. ) ;
#5168 = EDGE_CURVE ( 'NONE', #509, #1724, #3372, .T. ) ;
#5169 = AXIS2_PLACEMENT_3D ( 'NONE', #5243, #3964, #4840 ) ;
#5170 = CYLINDRICAL_SURFACE ( 'NONE', #114, 2.250000000000001776 ) ;
#5171 = CARTESIAN_POINT ( 'NONE',  ( -18.99999999999999289, 33.24999999999999289, -5.749999999999993783 ) ) ;
#5172 = ADVANCED_FACE ( 'NONE', ( #4275 ), #1286, .F. ) ;
#5173 = CC_DESIGN_PERSON_AND_ORGANIZATION_ASSIGNMENT ( #1475, #195, ( #401 ) ) ;
#5174 = DIRECTION ( 'NONE',  ( 1.000000000000000000, -0.000000000000000000, -0.000000000000000000 ) ) ;
#5175 = AXIS2_PLACEMENT_3D ( 'NONE', #4254, #1780, #3865 ) ;
#5176 = DIRECTION ( 'NONE',  ( 0.000000000000000000, 0.000000000000000000, -1.000000000000000000 ) ) ;
#5177 = ORIENTED_EDGE ( 'NONE', *, *, #1195, .T. ) ;
#5178 = ADVANCED_FACE ( 'NONE', ( #3489 ), #4730, .F. ) ;
#5179 = LINE ( 'NONE', #1707, #1347 ) ;
#5180 = CARTESIAN_POINT ( 'NONE',  ( 0.000000000000000000, 25.00000000000000000, 0.000000000000000000 ) ) ;
#5181 = ORIENTED_EDGE ( 'NONE', *, *, #85, .F. ) ;
#5182 = PLANE ( 'NONE',  #2372 ) ;
#5184 = LINE ( 'NONE', #1364, #825 ) ;
#5183 = CIRCLE ( 'NONE', #3917, 1.000000000000002665 ) ;
#5185 = CARTESIAN_POINT ( 'NONE',  ( 20.00000000000000711, 33.18334617360803662, 6.750000000000006217 ) ) ;
#5186 = CIRCLE ( 'NONE', #1031, 2.000000000000000000 ) ;
#5187 = ORIENTED_EDGE ( 'NONE', *, *, #2109, .T. ) ;
#5188 = VECTOR ( 'NONE', #4555, 1000.000000000000000 ) ;
#5189 = ORIENTED_EDGE ( 'NONE', *, *, #1013, .T. ) ;
#5190 = PLANE ( 'NONE',  #2398 ) ;
#5191 = DIRECTION ( 'NONE',  ( 0.000000000000000000, 0.000000000000000000, 1.000000000000000000 ) ) ;
#5192 = CARTESIAN_POINT ( 'NONE',  ( -11.98143486426998372, 25.87206659525593722, -14.31396670237196922 ) ) ;
#5193 = CARTESIAN_POINT ( 'NONE',  ( -5.000000000000000000, 29.94660307113847963, -27.00000000000000000 ) ) ;
#5194 = ORIENTED_EDGE ( 'NONE', *, *, #3236, .T. ) ;
#5195 = ORIENTED_EDGE ( 'NONE', *, *, #3932, .T. ) ;
#5196 = VERTEX_POINT ( 'NONE', #2116 ) ;
#5197 = DIRECTION ( 'NONE',  ( -0.000000000000000000, 1.000000000000000000, -0.000000000000000000 ) ) ;
#5198 = DIRECTION ( 'NONE',  ( 0.000000000000000000, 0.000000000000000000, 1.000000000000000000 ) ) ;
#5199 = CYLINDRICAL_SURFACE ( 'NONE', #3059, 1.000000000000001332 ) ;
#5200 = EDGE_CURVE ( 'NONE', #4197, #5054, #4539, .T. ) ;
#5201 = EDGE_CURVE ( 'NONE', #437, #613, #361, .T. ) ;
#5202 = ORIENTED_EDGE ( 'NONE', *, *, #121, .T. ) ;
#5203 = CARTESIAN_POINT ( 'NONE',  ( 10.50000000000000000, 17.00000000000000711, -21.37171027316250971 ) ) ;
#5204 = CARTESIAN_POINT ( 'NONE',  ( -2.793185071074506684E-14, 25.00000000000000000, 8.000000000000000000 ) ) ;
#5205 = EDGE_CURVE ( 'NONE', #2899, #1154, #5183, .T. ) ;
#5206 = ORIENTED_EDGE ( 'NONE', *, *, #4542, .F. ) ;
#5207 = DIRECTION ( 'NONE',  ( 0.000000000000000000, 0.000000000000000000, -1.000000000000000000 ) ) ;
#5208 = CARTESIAN_POINT ( 'NONE',  ( -5.000000000000000000, 30.00000000000000000, -21.00000000000000000 ) ) ;
#5209 = ORIENTED_EDGE ( 'NONE', *, *, #1446, .T. ) ;
#5210 = DIRECTION ( 'NONE',  ( -0.000000000000000000, -1.000000000000000000, 0.000000000000000000 ) ) ;
#5211 = CARTESIAN_POINT ( 'NONE',  ( 0.000000000000000000, 24.00000000000000000, 0.000000000000000000 ) ) ;
#5212 = EDGE_CURVE ( 'NONE', #4203, #4386, #4701, .T. ) ;
#5213 = AXIS2_PLACEMENT_3D ( 'NONE', #3043, #5160, #5527 ) ;
#5214 = FACE_OUTER_BOUND ( 'NONE', #2366, .T. ) ;
#5215 = ORIENTED_EDGE ( 'NONE', *, *, #5299, .F. ) ;
#5216 = VECTOR ( 'NONE', #2629, 1000.000000000000000 ) ;
#5217 = EDGE_LOOP ( 'NONE', ( #2312, #1140, #2660, #5380 ) ) ;
#5218 = DIRECTION ( 'NONE',  ( 0.000000000000000000, -0.000000000000000000, -1.000000000000000000 ) ) ;
#5219 = DIRECTION ( 'NONE',  ( 1.000000000000000000, 0.000000000000000000, 0.000000000000000000 ) ) ;
#5220 = DIRECTION ( 'NONE',  ( 0.000000000000000000, 0.000000000000000000, -1.000000000000000000 ) ) ;
#5221 = CARTESIAN_POINT ( 'NONE',  ( -8.000000000000000000, -23.00000000000000000, 2.099999999999944134 ) ) ;
#5222 = ORIENTED_EDGE ( 'NONE', *, *, #235, .T. ) ;
#5223 = VERTEX_POINT ( 'NONE', #1462 ) ;
#5224 = AXIS2_PLACEMENT_3D ( 'NONE', #5034, #3363, #2440 ) ;
#5225 = EDGE_LOOP ( 'NONE', ( #5487, #1741, #4924, #4976 ) ) ;
#5226 = DIRECTION ( 'NONE',  ( 0.000000000000000000, 0.000000000000000000, 1.000000000000000000 ) ) ;
#5227 = CARTESIAN_POINT ( 'NONE',  ( -2.793185071074506684E-14, 20.99999999999999645, 6.999999999999997335 ) ) ;
#5228 = DIRECTION ( 'NONE',  ( 0.000000000000000000, 1.000000000000000000, 0.000000000000000000 ) ) ;
#5229 = CIRCLE ( 'NONE', #2971, 1.250000000000001110 ) ;
#5230 = AXIS2_PLACEMENT_3D ( 'NONE', #4041, #5379, #4953 ) ;
#5231 = ORIENTED_EDGE ( 'NONE', *, *, #88, .T. ) ;
#5232 = AXIS2_PLACEMENT_3D ( 'NONE', #229, #1962, #2718 ) ;
#5233 = EDGE_CURVE ( 'NONE', #3035, #5425, #30, .T. ) ;
#5234 = DIRECTION ( 'NONE',  ( 0.000000000000000000, 0.000000000000000000, 1.000000000000000000 ) ) ;
#5235 = CYLINDRICAL_SURFACE ( 'NONE', #2523, 2.000000000000000000 ) ;
#5236 = EDGE_LOOP ( 'NONE', ( #1493, #1209, #3255, #4761, #5424, #4238 ) ) ;
#5237 = ORIENTED_EDGE ( 'NONE', *, *, #3549, .T. ) ;
#5238 = EDGE_CURVE ( 'NONE', #4580, #3927, #2746, .T. ) ;
#5239 = DIRECTION ( 'NONE',  ( -1.000000000000000000, 0.000000000000000000, 0.000000000000000000 ) ) ;
#5240 = DIRECTION ( 'NONE',  ( 0.000000000000000000, 0.000000000000000000, -1.000000000000000000 ) ) ;
#5241 = ORIENTED_EDGE ( 'NONE', *, *, #4742, .T. ) ;
#5242 = CARTESIAN_POINT ( 'NONE',  ( 19.20519929823584349, 34.95086802289193884, -6.521600391810736141 ) ) ;
#5243 = CARTESIAN_POINT ( 'NONE',  ( -50.40559159102153330, 30.00000000000000000, 19.75000000000000355 ) ) ;
#5244 = ORIENTED_EDGE ( 'NONE', *, *, #1330, .T. ) ;
#5245 = EDGE_CURVE ( 'NONE', #4251, #5337, #1846, .T. ) ;
#5246 = VERTEX_POINT ( 'NONE', #4499 ) ;
#5247 = DIRECTION ( 'NONE',  ( -1.000000000000000000, 0.000000000000000000, 0.000000000000000000 ) ) ;
#5248 = DIRECTION ( 'NONE',  ( 0.000000000000000000, -1.000000000000000000, 0.000000000000000000 ) ) ;
#5249 = DIRECTION ( 'NONE',  ( 0.000000000000000000, 0.000000000000000000, 1.000000000000000000 ) ) ;
#5250 = CARTESIAN_POINT ( 'NONE',  ( 18.00000000000001066, 33.99999999999999289, -12.25000000000000178 ) ) ;
#5251 = ORIENTED_EDGE ( 'NONE', *, *, #1257, .F. ) ;
#5252 = VERTEX_POINT ( 'NONE', #633 ) ;
#5253 = ORIENTED_EDGE ( 'NONE', *, *, #4995, .F. ) ;
#5254 = CARTESIAN_POINT ( 'NONE',  ( 10.50000000000000000, 22.52369317699075424, -15.98815341150719149 ) ) ;
#5255 = CARTESIAN_POINT ( 'NONE',  ( 0.000000000000000000, 17.00000000000000000, -21.00000000000000000 ) ) ;
#5256 = ORIENTED_EDGE ( 'NONE', *, *, #4919, .T. ) ;
#5257 = AXIS2_PLACEMENT_3D ( 'NONE', #5020, #1607, #2817 ) ;
#5258 = AXIS2_PLACEMENT_3D ( 'NONE', #4518, #175, #4460 ) ;
#5259 = CARTESIAN_POINT ( 'NONE',  ( 0.000000000000000000, 22.00000000000000000, 0.000000000000000000 ) ) ;
#5260 = DIRECTION ( 'NONE',  ( 0.000000000000000000, 1.000000000000000000, -0.000000000000000000 ) ) ;
#5261 = DIRECTION ( 'NONE',  ( 0.000000000000000000, -1.000000000000000000, 0.000000000000000000 ) ) ;
#5262 = DIRECTION ( 'NONE',  ( -0.000000000000000000, 1.000000000000000000, -0.000000000000000000 ) ) ;
#5263 = DIRECTION ( 'NONE',  ( 1.000000000000000000, -0.000000000000000000, -0.000000000000000000 ) ) ;
#5264 = ORIENTED_EDGE ( 'NONE', *, *, #4566, .F. ) ;
#5265 = DIRECTION ( 'NONE',  ( 0.000000000000000000, 1.000000000000000000, 0.000000000000000000 ) ) ;
#5266 = DIRECTION ( 'NONE',  ( 0.000000000000000000, 1.000000000000000000, -0.000000000000000000 ) ) ;
#5267 = EDGE_CURVE ( 'NONE', #1419, #1730, #1121, .T. ) ;
#5268 = ORIENTED_EDGE ( 'NONE', *, *, #2479, .T. ) ;
#5269 = AXIS2_PLACEMENT_3D ( 'NONE', #3213, #3127, #4440 ) ;
#5270 = ORIENTED_EDGE ( 'NONE', *, *, #3608, .T. ) ;
#5271 = DIRECTION ( 'NONE',  ( -1.000000000000000000, 0.000000000000000000, 0.000000000000000000 ) ) ;
#5272 = CARTESIAN_POINT ( 'NONE',  ( -2.793185071074506684E-14, -13.06030303803299475, 5.899999999999999467 ) ) ;
#5273 = CARTESIAN_POINT ( 'NONE',  ( 9.307711879862303306, -21.18319737068793174, -27.45926191185202114 ) ) ;
#5274 = CARTESIAN_POINT ( 'NONE',  ( 8.000000000000000000, -13.06030303803299475, -2.100000000000000533 ) ) ;
#5275 = EDGE_CURVE ( 'NONE', #793, #476, #942, .T. ) ;
#5276 = ORIENTED_EDGE ( 'NONE', *, *, #1063, .F. ) ;
#5277 = ORIENTED_EDGE ( 'NONE', *, *, #3439, .F. ) ;
#5278 = ORIENTED_EDGE ( 'NONE', *, *, #3070, .F. ) ;
#5279 = ORIENTED_EDGE ( 'NONE', *, *, #1188, .T. ) ;
#5280 = AXIS2_PLACEMENT_3D ( 'NONE', #1585, #3219, #4997 ) ;
#5281 = CARTESIAN_POINT ( 'NONE',  ( 12.50000000000000178, 24.00000000000000000, -12.25000000000000000 ) ) ;
#5282 = PLANE ( 'NONE',  #3784 ) ;
#5283 = CIRCLE ( 'NONE', #3471, 2.000000000000001776 ) ;
#5284 = EDGE_CURVE ( 'NONE', #1004, #5196, #1251, .T. ) ;
#5285 = ORIENTED_EDGE ( 'NONE', *, *, #3194, .T. ) ;
#5286 = DIRECTION ( 'NONE',  ( -1.000000000000000000, 0.000000000000000000, 0.000000000000000000 ) ) ;
#5287 = DIRECTION ( 'NONE',  ( 0.000000000000000000, -1.000000000000000000, 0.000000000000000000 ) ) ;
#5288 =( NAMED_UNIT ( * ) PLANE_ANGLE_UNIT ( ) SI_UNIT ( $, .RADIAN. ) );
#5289 = CIRCLE ( 'NONE', #4922, 4.000000000000000000 ) ;
#5290 = AXIS2_PLACEMENT_3D ( 'NONE', #4493, #3661, #76 ) ;
#5291 = CARTESIAN_POINT ( 'NONE',  ( 0.000000000000000000, 30.00000000000000000, 0.000000000000000000 ) ) ;
#5292 = DIRECTION ( 'NONE',  ( -0.000000000000000000, -1.000000000000000000, -0.000000000000000000 ) ) ;
#5293 = EDGE_LOOP ( 'NONE', ( #213, #4260, #4754 ) ) ;
#5294 = CARTESIAN_POINT ( 'NONE',  ( -18.99999999999999289, 33.24999999999999289, -7.999999999999996447 ) ) ;
#5295 = CARTESIAN_POINT ( 'NONE',  ( 19.59264009813743357, 35.21955035619083674, 30.88918631477271504 ) ) ;
#5296 = ORIENTED_EDGE ( 'NONE', *, *, #362, .T. ) ;
#5297 = PERSON ( 'UNSPECIFIED', 'UNSPECIFIED', 'UNSPECIFIED', ('UNSPECIFIED'), ('UNSPECIFIED'), ('UNSPECIFIED') ) ;
#5298 = CYLINDRICAL_SURFACE ( 'NONE', #4912, 1.000000000000001776 ) ;
#5299 = EDGE_CURVE ( 'NONE', #5514, #4365, #4630, .T. ) ;
#5300 = ORIENTED_EDGE ( 'NONE', *, *, #3347, .F. ) ;
#5301 = FACE_OUTER_BOUND ( 'NONE', #2030, .T. ) ;
#5302 = CARTESIAN_POINT ( 'NONE',  ( 18.00000000000001066, 33.99999999999999289, -12.25000000000000178 ) ) ;
#5303 = LINE ( 'NONE', #5359, #4634 ) ;
#5304 = DIRECTION ( 'NONE',  ( 0.000000000000000000, 1.000000000000000000, -0.000000000000000000 ) ) ;
#5305 = ORIENTED_EDGE ( 'NONE', *, *, #4103, .T. ) ;
#5306 = ORIENTED_EDGE ( 'NONE', *, *, #776, .F. ) ;
#5307 = AXIS2_PLACEMENT_3D ( 'NONE', #4700, #4650, #1313 ) ;
#5308 = AXIS2_PLACEMENT_3D ( 'NONE', #2620, #2592, #410 ) ;
#5309 = EDGE_CURVE ( 'NONE', #1042, #914, #4873, .T. ) ;
#5310 = ORIENTED_EDGE ( 'NONE', *, *, #5401, .F. ) ;
#5311 = FACE_BOUND ( 'NONE', #998, .T. ) ;
#5312 = CARTESIAN_POINT ( 'NONE',  ( -2.767467488292412556E-14, -13.06030303803299475, 10.10000000000000142 ) ) ;
#5313 = ORIENTED_EDGE ( 'NONE', *, *, #21, .T. ) ;
#5314 = EDGE_CURVE ( 'NONE', #3862, #4277, #1456, .T. ) ;
#5315 = CARTESIAN_POINT ( 'NONE',  ( -12.50000000000000000, 24.00000000000000000, -12.24999999999999645 ) ) ;
#5316 = AXIS2_PLACEMENT_3D ( 'NONE', #303, #1981, #3705 ) ;
#5317 = DIRECTION ( 'NONE',  ( 0.000000000000000000, 0.000000000000000000, 1.000000000000000000 ) ) ;
#5318 = APPROVAL_DATE_TIME ( #2353, #989 ) ;
#5319 = ORIENTED_EDGE ( 'NONE', *, *, #5007, .F. ) ;
#5320 =( BOUNDED_CURVE ( )  B_SPLINE_CURVE ( 3, ( #2478, #1608, #2819, #5391 ),
 .UNSPECIFIED., .F., .T. ) 
 B_SPLINE_CURVE_WITH_KNOTS ( ( 4, 4 ),
 ( 3.141592653589793116, 4.712388980384689674 ),
 .UNSPECIFIED. ) 
 CURVE ( )  GEOMETRIC_REPRESENTATION_ITEM ( )  RATIONAL_B_SPLINE_CURVE ( ( 1.000000000000000000, 0.8047378541243649375, 0.8047378541243649375, 1.000000000000000000 ) ) 
 REPRESENTATION_ITEM ( '' )  );
#5321 = AXIS2_PLACEMENT_3D ( 'NONE', #4601, #2543, #3760 ) ;
#5322 = CARTESIAN_POINT ( 'NONE',  ( 18.00000000000001421, 30.00000000000000000, 8.750000000000003553 ) ) ;
#5323 = FACE_OUTER_BOUND ( 'NONE', #1497, .T. ) ;
#5324 = ORIENTED_EDGE ( 'NONE', *, *, #3657, .T. ) ;
#5325 = CARTESIAN_POINT ( 'NONE',  ( -17.99999999999999645, 36.00000000000000000, -7.180703308172531329 ) ) ;
#5326 = EDGE_LOOP ( 'NONE', ( #1807, #605 ) ) ;
#5327 = FACE_OUTER_BOUND ( 'NONE', #4508, .T. ) ;
#5328 = DIRECTION ( 'NONE',  ( -1.000000000000000000, 0.000000000000000000, 0.000000000000000000 ) ) ;
#5329 = ORIENTED_EDGE ( 'NONE', *, *, #384, .F. ) ;
#5330 = FACE_OUTER_BOUND ( 'NONE', #2740, .T. ) ;
#5331 = DIRECTION ( 'NONE',  ( 0.000000000000000000, 0.000000000000000000, -1.000000000000000000 ) ) ;
#5332 = CARTESIAN_POINT ( 'NONE',  ( -2.793185071074506684E-14, -20.99999999999999645, 8.000000000000000000 ) ) ;
#5333 = DIRECTION ( 'NONE',  ( -1.000000000000000000, -0.000000000000000000, 1.734723475976806848E-16 ) ) ;
#5334 = ORIENTED_EDGE ( 'NONE', *, *, #3614, .F. ) ;
#5335 = ORIENTED_EDGE ( 'NONE', *, *, #685, .T. ) ;
#5336 = EDGE_CURVE ( 'NONE', #3185, #4443, #4721, .T. ) ;
#5337 = VERTEX_POINT ( 'NONE', #572 ) ;
#5338 = CARTESIAN_POINT ( 'NONE',  ( 0.000000000000000000, -19.00000000000000000, 0.000000000000000000 ) ) ;
#5339 = CARTESIAN_POINT ( 'NONE',  ( 10.50000000000000000, -16.99999999999998579, -21.37171027316250971 ) ) ;
#5340 = EDGE_CURVE ( 'NONE', #3437, #4745, #2656, .T. ) ;
#5341 = CARTESIAN_POINT ( 'NONE',  ( 12.50000000000000000, 30.00000000000000000, -14.25000000000000000 ) ) ;
#5342 = EDGE_CURVE ( 'NONE', #2383, #537, #3576, .T. ) ;
#5343 = DIRECTION ( 'NONE',  ( 0.000000000000000000, 0.000000000000000000, -1.000000000000000000 ) ) ;
#5344 = CARTESIAN_POINT ( 'NONE',  ( -2.767467488292412556E-14, -23.00000000000000000, 10.10000000000000142 ) ) ;
#5345 = PERSON_AND_ORGANIZATION ( #5297, #1202 ) ;
#5346 = EDGE_CURVE ( 'NONE', #4472, #1748, #5303, .T. ) ;
#5347 = AXIS2_PLACEMENT_3D ( 'NONE', #4073, #1546, #4955 ) ;
#5348 = DIRECTION ( 'NONE',  ( -1.000000000000000000, 0.000000000000000000, 0.000000000000000000 ) ) ;
#5349 = CARTESIAN_POINT ( 'NONE',  ( -10.51289217601510551, 28.02578435203018969, -15.98820384766549019 ) ) ;
#5350 = VERTEX_POINT ( 'NONE', #3153 ) ;
#5351 = DIRECTION ( 'NONE',  ( 0.000000000000000000, 1.000000000000000000, -0.000000000000000000 ) ) ;
#5352 = CARTESIAN_POINT ( 'NONE',  ( 18.00000000000001066, 36.00000000000000000, -12.25000000000000178 ) ) ;
#5353 =( BOUNDED_CURVE ( )  B_SPLINE_CURVE ( 3, ( #1524, #1119, #720, #4967 ),
 .UNSPECIFIED., .F., .F. ) 
 B_SPLINE_CURVE_WITH_KNOTS ( ( 4, 4 ),
 ( 3.141592653589794892, 4.712388980384689674 ),
 .UNSPECIFIED. ) 
 CURVE ( )  GEOMETRIC_REPRESENTATION_ITEM ( )  RATIONAL_B_SPLINE_CURVE ( ( 1.000000000000000000, 0.8047378541243654926, 0.8047378541243654926, 1.000000000000000000 ) ) 
 REPRESENTATION_ITEM ( '' )  );
#5354 = CARTESIAN_POINT ( 'NONE',  ( -19.90617014132209306, 34.35778373973808897, 7.367506736301444370 ) ) ;
#5355 = CARTESIAN_POINT ( 'NONE',  ( 8.000000000000000000, -23.00000000000000000, -2.100000000000000533 ) ) ;
#5356 = ORIENTED_EDGE ( 'NONE', *, *, #2887, .F. ) ;
#5357 = DIRECTION ( 'NONE',  ( -0.3695652173913044902, 0.000000000000000000, -0.9292047944853265573 ) ) ;
#5358 = DIRECTION ( 'NONE',  ( 1.000000000000000000, 0.000000000000000000, 0.000000000000000000 ) ) ;
#5359 = CARTESIAN_POINT ( 'NONE',  ( -50.40559159102153330, 33.24999999999999289, -6.749999999999995559 ) ) ;
#5360 = DIRECTION ( 'NONE',  ( 0.000000000000000000, 1.000000000000000000, -0.000000000000000000 ) ) ;
#5361 = VERTEX_POINT ( 'NONE', #2309 ) ;
#5362 = CIRCLE ( 'NONE', #473, 10.50000000000000000 ) ;
#5363 = ORIENTED_EDGE ( 'NONE', *, *, #5573, .T. ) ;
#5364 = CARTESIAN_POINT ( 'NONE',  ( 10.48586275422036707, 29.98586275422083602, -16.24927747596590422 ) ) ;
#5365 = DIRECTION ( 'NONE',  ( 0.000000000000000000, 0.000000000000000000, 1.000000000000000000 ) ) ;
#5366 = CARTESIAN_POINT ( 'NONE',  ( 3.333727219874081715, 29.99221435696317428, -27.00000000000000355 ) ) ;
#5367 = CARTESIAN_POINT ( 'NONE',  ( -5.000000000000000000, 29.94660307113847963, -27.00000000000000000 ) ) ;
#5368 = AXIS2_PLACEMENT_3D ( 'NONE', #4055, #3632, #4934 ) ;
#5369 = ORIENTED_EDGE ( 'NONE', *, *, #3168, .T. ) ;
#5370 = DIRECTION ( 'NONE',  ( 0.000000000000000000, 1.000000000000000000, -0.000000000000000000 ) ) ;
#5371 = VECTOR ( 'NONE', #5515, 1000.000000000000000 ) ;
#5372 = DIRECTION ( 'NONE',  ( -1.000000000000000000, 0.000000000000000000, -1.836970198721029688E-16 ) ) ;
#5373 = CIRCLE ( 'NONE', #2755, 1.000000000000001332 ) ;
#5374 = EDGE_CURVE ( 'NONE', #515, #3517, #2363, .T. ) ;
#5375 = CARTESIAN_POINT ( 'NONE',  ( 17.00000000000000711, 36.00000000000000000, 35.24999999999999289 ) ) ;
#5376 = CARTESIAN_POINT ( 'NONE',  ( -8.499999999999996447, -16.99999999999998579, -21.37171027316250971 ) ) ;
#5377 = PLANE ( 'NONE',  #1808 ) ;
#5378 = EDGE_CURVE ( 'NONE', #1362, #4591, #4355, .T. ) ;
#5379 = DIRECTION ( 'NONE',  ( 0.000000000000000000, -1.000000000000000000, 0.000000000000000000 ) ) ;
#5380 = ORIENTED_EDGE ( 'NONE', *, *, #324, .F. ) ;
#5381 = FACE_BOUND ( 'NONE', #2118, .T. ) ;
#5382 = DIRECTION ( 'NONE',  ( -0.000000000000000000, -1.000000000000000000, 0.000000000000000000 ) ) ;
#5383 = TOROIDAL_SURFACE ( 'NONE', #3217, 4.000000000000000000, 2.000000000000000000 ) ;
#5384 = CARTESIAN_POINT ( 'NONE',  ( 12.50000000000000000, 22.00000000000000000, 0.000000000000000000 ) ) ;
#5385 = EDGE_CURVE ( 'NONE', #1716, #2614, #2793, .T. ) ;
#5386 = CARTESIAN_POINT ( 'NONE',  ( -10.50000000000000000, 23.17157287525380482, -13.90685424949237436 ) ) ;
#5387 = EDGE_LOOP ( 'NONE', ( #107, #543, #2577, #4284 ) ) ;
#5388 = CARTESIAN_POINT ( 'NONE',  ( 10.50000000000000000, -23.00000000000000000, -24.87468592766548525 ) ) ;
#5389 = DIRECTION ( 'NONE',  ( 0.000000000000000000, 0.000000000000000000, 1.000000000000000000 ) ) ;
#5390 = CARTESIAN_POINT ( 'NONE',  ( 20.00000000000000711, 36.00000000000000000, 36.25000000000000000 ) ) ;
#5391 = CARTESIAN_POINT ( 'NONE',  ( 10.50000000000000000, 22.00000000000000000, -16.25000000000000000 ) ) ;
#5392 = ORIENTED_EDGE ( 'NONE', *, *, #3194, .F. ) ;
#5393 = ORIENTED_EDGE ( 'NONE', *, *, #3932, .F. ) ;
#5394 = DIRECTION ( 'NONE',  ( 0.000000000000000000, 0.000000000000000000, 1.000000000000000000 ) ) ;
#5395 = CARTESIAN_POINT ( 'NONE',  ( -2.767467488292412556E-14, 25.00000000000000000, 5.899999999999999467 ) ) ;
#5396 = DIRECTION ( 'NONE',  ( 0.000000000000000000, 0.000000000000000000, 1.000000000000000000 ) ) ;
#5397 = CARTESIAN_POINT ( 'NONE',  ( 10.50000000000000000, -19.00000000000000000, 6.429395695523604153E-16 ) ) ;
#5398 = VECTOR ( 'NONE', #4998, 1000.000000000000000 ) ;
#5399 = EDGE_LOOP ( 'NONE', ( #578, #3432, #3685, #2261, #3781, #4245, #5098, #3342, #2639, #4295, #3186, #2318, #1793 ) ) ;
#5400 = CARTESIAN_POINT ( 'NONE',  ( 10.50000000000000000, -23.00000000000000000, 0.000000000000000000 ) ) ;
#5401 = EDGE_CURVE ( 'NONE', #1551, #3069, #4966, .T. ) ;
#5402 = CARTESIAN_POINT ( 'NONE',  ( 0.000000000000000000, -20.99999999999999645, 0.000000000000000000 ) ) ;
#5403 = AXIS2_PLACEMENT_3D ( 'NONE', #3981, #3503, #3447 ) ;
#5404 = CARTESIAN_POINT ( 'NONE',  ( 19.00000000000000711, 33.24999999999999289, -5.749999999999993783 ) ) ;
#5405 = ORIENTED_EDGE ( 'NONE', *, *, #2096, .F. ) ;
#5406 = CARTESIAN_POINT ( 'NONE',  ( 8.000000000000000000, 13.06030303803299475, 0.000000000000000000 ) ) ;
#5407 = LINE ( 'NONE', #2443, #4889 ) ;
#5408 = CIRCLE ( 'NONE', #5576, 10.50000000000000000 ) ;
#5409 = AXIS2_PLACEMENT_3D ( 'NONE', #5032, #782, #2069 ) ;
#5410 = EDGE_CURVE ( 'NONE', #2113, #2685, #2818, .T. ) ;
#5411 = CARTESIAN_POINT ( 'NONE',  ( -2.793185071074506684E-14, -20.99999999999999645, 8.000000000000000000 ) ) ;
#5412 = FACE_OUTER_BOUND ( 'NONE', #2396, .T. ) ;
#5413 = ORIENTED_EDGE ( 'NONE', *, *, #3609, .T. ) ;
#5414 = LINE ( 'NONE', #1886, #3658 ) ;
#5415 = FACE_BOUND ( 'NONE', #2883, .T. ) ;
#5416 = CYLINDRICAL_SURFACE ( 'NONE', #1312, 1.000000000000002665 ) ;
#5417 = ORIENTED_EDGE ( 'NONE', *, *, #5205, .F. ) ;
#5418 = EDGE_CURVE ( 'NONE', #2483, #1891, #3650, .T. ) ;
#5419 = VERTEX_POINT ( 'NONE', #4111 ) ;
#5420 = CARTESIAN_POINT ( 'NONE',  ( 18.00000000000001066, 24.00000000000000000, -12.25000000000000178 ) ) ;
#5421 = CARTESIAN_POINT ( 'NONE',  ( 8.379555213223520053E-14, -20.99999999999999645, -7.999999999999998224 ) ) ;
#5422 = CARTESIAN_POINT ( 'NONE',  ( -10.50000000000000000, 22.52369317699116280, -15.98815341150698188 ) ) ;
#5423 = CARTESIAN_POINT ( 'NONE',  ( -18.99999999999998934, 33.24999999999999289, -7.999999999999996447 ) ) ;
#5424 = ORIENTED_EDGE ( 'NONE', *, *, #1294, .F. ) ;
#5425 = VERTEX_POINT ( 'NONE', #1946 ) ;
#5426 = ADVANCED_FACE ( 'NONE', ( #3665 ), #834, .F. ) ;
#5427 = CARTESIAN_POINT ( 'NONE',  ( 8.000000000000000000, 20.99999999999999645, 2.100000000000000533 ) ) ;
#5428 = CARTESIAN_POINT ( 'NONE',  ( 0.000000000000000000, -19.00000000000000000, 0.000000000000000000 ) ) ;
#5429 = DIRECTION ( 'NONE',  ( 0.000000000000000000, 0.000000000000000000, 1.000000000000000000 ) ) ;
#5430 = ORIENTED_EDGE ( 'NONE', *, *, #2892, .T. ) ;
#5431 = CYLINDRICAL_SURFACE ( 'NONE', #1397, 2.100000000000000977 ) ;
#5432 = CARTESIAN_POINT ( 'NONE',  ( 8.000000000000000000, 25.00000000000000000, 1.000000000000001554 ) ) ;
#5433 = AXIS2_PLACEMENT_3D ( 'NONE', #1633, #4667, #1199 ) ;
#5434 = ORIENTED_EDGE ( 'NONE', *, *, #5093, .F. ) ;
#5435 = VECTOR ( 'NONE', #3656, 1000.000000000000000 ) ;
#5436 = DIRECTION ( 'NONE',  ( 0.000000000000000000, -0.000000000000000000, 1.000000000000000000 ) ) ;
#5437 = CARTESIAN_POINT ( 'NONE',  ( -50.40559159102153330, 33.24999999999999289, -9.249999999999998224 ) ) ;
#5438 = ORIENTED_EDGE ( 'NONE', *, *, #4716, .F. ) ;
#5439 = CARTESIAN_POINT ( 'NONE',  ( 10.50000000000001599, -23.00000000000000000, -25.13237439423655672 ) ) ;
#5440 = DIRECTION ( 'NONE',  ( 0.000000000000000000, 0.000000000000000000, -1.000000000000000000 ) ) ;
#5441 = ADVANCED_FACE ( 'NONE', ( #2568 ), #5170, .F. ) ;
#5442 = CARTESIAN_POINT ( 'NONE',  ( 10.50000000000000000, 23.17157287525380482, -13.90685424949238325 ) ) ;
#5443 = VERTEX_POINT ( 'NONE', #4765 ) ;
#5444 = AXIS2_PLACEMENT_3D ( 'NONE', #916, #3840, #441 ) ;
#5445 = ORIENTED_EDGE ( 'NONE', *, *, #4618, .F. ) ;
#5446 = DIRECTION ( 'NONE',  ( 1.000000000000000000, 0.000000000000000000, 0.000000000000000000 ) ) ;
#5447 = FACE_OUTER_BOUND ( 'NONE', #2215, .T. ) ;
#5448 = ADVANCED_FACE ( 'NONE', ( #4708 ), #414, .F. ) ;
#5449 = CARTESIAN_POINT ( 'NONE',  ( 18.15233649130294324, 36.00000000000000711, 7.180703308172536659 ) ) ;
#5450 = CYLINDRICAL_SURFACE ( 'NONE', #5316, 2.000000000000000000 ) ;
#5451 = ORIENTED_EDGE ( 'NONE', *, *, #3951, .T. ) ;
#5452 = VECTOR ( 'NONE', #863, 1000.000000000000000 ) ;
#5453 = EDGE_CURVE ( 'NONE', #2790, #4345, #2542, .T. ) ;
#5454 = DIRECTION ( 'NONE',  ( 0.000000000000000000, 1.000000000000000000, -0.000000000000000000 ) ) ;
#5455 = VECTOR ( 'NONE', #2319, 1000.000000000000000 ) ;
#5456 = AXIS2_PLACEMENT_3D ( 'NONE', #3518, #906, #3458 ) ;
#5457 = VECTOR ( 'NONE', #3385, 1000.000000000000000 ) ;
#5458 = DIRECTION ( 'NONE',  ( -1.000000000000000000, 0.000000000000000000, 0.000000000000000000 ) ) ;
#5459 = CARTESIAN_POINT ( 'NONE',  ( -7.760869565217389798, 17.00000000000001421, -19.51330068419186148 ) ) ;
#5460 = CIRCLE ( 'NONE', #3114, 2.000000000000001776 ) ;
#5461 = LINE ( 'NONE', #1601, #348 ) ;
#5462 = VERTEX_POINT ( 'NONE', #4329 ) ;
#5463 = FACE_OUTER_BOUND ( 'NONE', #245, .T. ) ;
#5464 = FACE_OUTER_BOUND ( 'NONE', #2341, .T. ) ;
#5465 = EDGE_LOOP ( 'NONE', ( #1801, #4658, #3325, #2534 ) ) ;
#5466 = CARTESIAN_POINT ( 'NONE',  ( -19.59364246748816640, 35.21801839110070631, 33.11300849729423135 ) ) ;
#5467 = DIRECTION ( 'NONE',  ( 0.000000000000000000, 0.000000000000000000, 1.000000000000000000 ) ) ;
#5468 = DIRECTION ( 'NONE',  ( 0.000000000000000000, 0.000000000000000000, 1.000000000000000000 ) ) ;
#5469 = CIRCLE ( 'NONE', #1599, 2.000000000000001776 ) ;
#5470 = ORIENTED_EDGE ( 'NONE', *, *, #781, .F. ) ;
#5471 = EDGE_CURVE ( 'NONE', #3622, #148, #2176, .T. ) ;
#5472 = EDGE_LOOP ( 'NONE', ( #5549, #2539 ) ) ;
#5473 = DIRECTION ( 'NONE',  ( 0.000000000000000000, 1.000000000000000000, -0.000000000000000000 ) ) ;
#5474 = CARTESIAN_POINT ( 'NONE',  ( -8.499999999999996447, 17.00000000000000711, -19.37171027316250616 ) ) ;
#5475 = FACE_OUTER_BOUND ( 'NONE', #3548, .T. ) ;
#5476 = CARTESIAN_POINT ( 'NONE',  ( 8.379555213223520053E-14, -19.00000000000000000, -7.999999999999998224 ) ) ;
#5477 = VERTEX_POINT ( 'NONE', #3948 ) ;
#5478 = CARTESIAN_POINT ( 'NONE',  ( -8.000000000000000000, -13.06030303803299475, -2.100000000000055600 ) ) ;
#5479 = EDGE_LOOP ( 'NONE', ( #5209, #5296, #341, #1056, #1771, #3947, #4434, #1374, #5231, #5335, #184, #4121, #5451 ) ) ;
#5480 = EDGE_CURVE ( 'NONE', #3477, #1950, #4181, .T. ) ;
#5481 = CARTESIAN_POINT ( 'NONE',  ( 8.000000000000000000, 13.06030303803299475, 2.100000000000000533 ) ) ;
#5482 = EDGE_CURVE ( 'NONE', #148, #5152, #23, .T. ) ;
#5483 = FACE_OUTER_BOUND ( 'NONE', #973, .T. ) ;
#5484 = CARTESIAN_POINT ( 'NONE',  ( -10.76433680253183489, 28.52867360506374439, -15.24769865083159992 ) ) ;
#5485 = CARTESIAN_POINT ( 'NONE',  ( 19.21920470048929985, 35.59069602181979519, -7.335830244806352596 ) ) ;
#5486 = VECTOR ( 'NONE', #5174, 1000.000000000000000 ) ;
#5487 = ORIENTED_EDGE ( 'NONE', *, *, #2072, .F. ) ;
#5488 = CIRCLE ( 'NONE', #342, 10.50000000000000000 ) ;
#5489 = LINE ( 'NONE', #2896, #3111 ) ;
#5490 = DIRECTION ( 'NONE',  ( 0.000000000000000000, 0.000000000000000000, 1.000000000000000000 ) ) ;
#5491 = ORIENTED_EDGE ( 'NONE', *, *, #5275, .F. ) ;
#5492 = CARTESIAN_POINT ( 'NONE',  ( -19.99999999999999289, 36.00000000000000000, -12.24999999999999467 ) ) ;
#5493 = CARTESIAN_POINT ( 'NONE',  ( 0.000000000000000000, -20.99999999999999645, 0.000000000000000000 ) ) ;
#5494 = CARTESIAN_POINT ( 'NONE',  ( -8.000000000000000000, -23.00000000000000000, -5.586370142149013368E-14 ) ) ;
#5495 = AXIS2_PLACEMENT_3D ( 'NONE', #4099, #258, #5429 ) ;
#5496 = VERTEX_POINT ( 'NONE', #47 ) ;
#5497 = AXIS2_PLACEMENT_3D ( 'NONE', #5291, #4015, #4981 ) ;
#5498 = AXIS2_PLACEMENT_3D ( 'NONE', #5476, #5163, #5556 ) ;
#5499 = EDGE_LOOP ( 'NONE', ( #2051, #4288, #3147, #4502, #3188, #3815, #157 ) ) ;
#5500 = CARTESIAN_POINT ( 'NONE',  ( 10.76433680253175318, 28.52867360506374439, -15.24769865083172604 ) ) ;
#5501 = CARTESIAN_POINT ( 'NONE',  ( -50.40559159102153330, 33.24999999999999289, -6.749999999999995559 ) ) ;
#5502 = DIRECTION ( 'NONE',  ( 0.000000000000000000, -1.000000000000000000, 0.000000000000000000 ) ) ;
#5503 = LINE ( 'NONE', #1641, #3867 ) ;
#5504 = EDGE_LOOP ( 'NONE', ( #4301, #80, #5310, #4052 ) ) ;
#5505 = DIRECTION ( 'NONE',  ( 0.000000000000000000, 1.000000000000000000, -0.000000000000000000 ) ) ;
#5506 = FACE_OUTER_BOUND ( 'NONE', #286, .T. ) ;
#5507 = EDGE_CURVE ( 'NONE', #4379, #2871, #2021, .T. ) ;
#5508 = EDGE_CURVE ( 'NONE', #3527, #2790, #20, .T. ) ;
#5509 = ORIENTED_EDGE ( 'NONE', *, *, #5284, .F. ) ;
#5510 = CARTESIAN_POINT ( 'NONE',  ( 0.000000000000000000, 24.00000000000000000, 0.000000000000000000 ) ) ;
#5511 = CARTESIAN_POINT ( 'NONE',  ( -10.60214779127550422, 28.20429558255098001, -15.60556868217690152 ) ) ;
#5512 = CYLINDRICAL_SURFACE ( 'NONE', #2700, 1.000000000000001776 ) ;
#5513 = EDGE_CURVE ( 'NONE', #3511, #3299, #2916, .T. ) ;
#5514 = VERTEX_POINT ( 'NONE', #383 ) ;
#5515 = DIRECTION ( 'NONE',  ( 0.000000000000000000, -1.000000000000000000, 0.000000000000000000 ) ) ;
#5516 = CARTESIAN_POINT ( 'NONE',  ( -8.000000000000000000, -20.99999999999999645, -5.586370142149013368E-14 ) ) ;
#5517 = ORIENTED_EDGE ( 'NONE', *, *, #836, .T. ) ;
#5518 = CARTESIAN_POINT ( 'NONE',  ( -18.99999999999999289, 33.24999999999998579, 34.25000000000000000 ) ) ;
#5519 = CARTESIAN_POINT ( 'NONE',  ( 20.00000000000000711, 26.00000000000000355, -14.25000000000000178 ) ) ;
#5520 = ADVANCED_FACE ( 'NONE', ( #5117 ), #1698, .F. ) ;
#5521 = FACE_OUTER_BOUND ( 'NONE', #4342, .T. ) ;
#5522 = CIRCLE ( 'NONE', #1274, 2.100000000000000533 ) ;
#5523 = ORIENTED_EDGE ( 'NONE', *, *, #2784, .F. ) ;
#5524 = AXIS2_PLACEMENT_3D ( 'NONE', #3936, #61, #1392 ) ;
#5525 = ORIENTED_EDGE ( 'NONE', *, *, #1749, .F. ) ;
#5526 = CARTESIAN_POINT ( 'NONE',  ( 0.000000000000000000, -16.80502757993630780, 0.000000000000000000 ) ) ;
#5527 = DIRECTION ( 'NONE',  ( 0.000000000000000000, 0.000000000000000000, 1.000000000000000000 ) ) ;
#5528 = CARTESIAN_POINT ( 'NONE',  ( -10.50000000000000000, 22.00000000000000000, -16.24999999999999289 ) ) ;
#5529 = DIRECTION ( 'NONE',  ( 0.000000000000000000, 0.000000000000000000, -1.000000000000000000 ) ) ;
#5530 = ORIENTED_EDGE ( 'NONE', *, *, #2313, .F. ) ;
#5531 = CARTESIAN_POINT ( 'NONE',  ( 20.00000000000000711, 44.00000000000000000, 3.469446951953614189E-15 ) ) ;
#5532 = AXIS2_PLACEMENT_3D ( 'NONE', #3113, #1075, #1507 ) ;
#5533 = B_SPLINE_CURVE_WITH_KNOTS ( 'NONE', 3,
 ( #2239, #4307, #3953, #3083, #387, #4712, #3528, #500, #3028, #84 ),
 .UNSPECIFIED., .F., .F.,
 ( 4, 2, 2, 2, 4 ),
 ( -8.944271910599960239E-06, 0.001019331502940760059, 0.002047607277792120369, 0.003075883052643480463, 0.004104158827494840123 ),
 .UNSPECIFIED. ) ;
#5534 = DIRECTION ( 'NONE',  ( 0.000000000000000000, 0.000000000000000000, 1.000000000000000000 ) ) ;
#5535 = EDGE_CURVE ( 'NONE', #250, #4561, #3494, .T. ) ;
#5536 = CARTESIAN_POINT ( 'NONE',  ( 8.000000000000000000, 20.99999999999999645, 1.000000000000001554 ) ) ;
#5537 = CARTESIAN_POINT ( 'NONE',  ( -8.904668157358477387, 30.20233407867922892, -15.36369758836302779 ) ) ;
#5538 = VERTEX_POINT ( 'NONE', #4736 ) ;
#5539 = AXIS2_PLACEMENT_3D ( 'NONE', #4105, #3660, #3207 ) ;
#5540 = ADVANCED_FACE ( 'NONE', ( #862 ), #2596, .F. ) ;
#5541 = CARTESIAN_POINT ( 'NONE',  ( -9.940259636445826885, -21.89588445941666350, -27.02974634357170203 ) ) ;
#5542 = VECTOR ( 'NONE', #5012, 1000.000000000000000 ) ;
#5543 = DIRECTION ( 'NONE',  ( 0.000000000000000000, 0.000000000000000000, 1.000000000000000000 ) ) ;
#5544 = ORIENTED_EDGE ( 'NONE', *, *, #198, .T. ) ;
#5545 = CARTESIAN_POINT ( 'NONE',  ( -19.51108768126587734, 35.31179174541460242, 31.09221897006250401 ) ) ;
#5546 = VECTOR ( 'NONE', #180, 1000.000000000000000 ) ;
#5547 = CARTESIAN_POINT ( 'NONE',  ( 11.32842712474619340, 29.65685424949238325, -14.25000000000000000 ) ) ;
#5548 = DIRECTION ( 'NONE',  ( 0.000000000000000000, 1.000000000000000000, -0.000000000000000000 ) ) ;
#5549 = ORIENTED_EDGE ( 'NONE', *, *, #3268, .T. ) ;
#5550 = ADVANCED_FACE ( 'NONE', ( #2965 ), #3386, .F. ) ;
#5551 = EDGE_LOOP ( 'NONE', ( #4529, #3355 ) ) ;
#5552 = CARTESIAN_POINT ( 'NONE',  ( 11.45300845984390392, 31.47650422992180452, -14.30205464722654973 ) ) ;
#5553 = AXIS2_PLACEMENT_3D ( 'NONE', #901, #3068, #4316 ) ;
#5554 = CARTESIAN_POINT ( 'NONE',  ( -19.92034532728713003, 33.24999999999999289, -5.749999999999993783 ) ) ;
#5555 = DIRECTION ( 'NONE',  ( -1.734723475976806848E-16, 0.000000000000000000, -1.000000000000000000 ) ) ;
#5556 = DIRECTION ( 'NONE',  ( 0.000000000000000000, 0.000000000000000000, 1.000000000000000000 ) ) ;
#5557 = ORIENTED_EDGE ( 'NONE', *, *, #3516, .F. ) ;
#5558 = LINE ( 'NONE', #1696, #577 ) ;
#5559 = AXIS2_PLACEMENT_3D ( 'NONE', #5516, #1656, #5490 ) ;
#5560 = CARTESIAN_POINT ( 'NONE',  ( 8.000000000000000000, 13.06030303803299475, 0.000000000000000000 ) ) ;
#5561 = CARTESIAN_POINT ( 'NONE',  ( 10.50000000000000000, 22.00000000000000000, -16.25000000000000000 ) ) ;
#5562 = CARTESIAN_POINT ( 'NONE',  ( -10.50000000000000000, 19.00000000000000355, 0.000000000000000000 ) ) ;
#5563 = DIRECTION ( 'NONE',  ( 0.000000000000000000, 0.000000000000000000, 1.000000000000000000 ) ) ;
#5564 = ORIENTED_EDGE ( 'NONE', *, *, #3282, .T. ) ;
#5565 = ADVANCED_FACE ( 'NONE', ( #4359 ), #2993, .F. ) ;
#5566 = VECTOR ( 'NONE', #4504, 1000.000000000000000 ) ;
#5567 = DIRECTION ( 'NONE',  ( 1.000000000000000000, -0.000000000000000000, 0.000000000000000000 ) ) ;
#5568 = LINE ( 'NONE', #3369, #4115 ) ;
#5569 = ORIENTED_EDGE ( 'NONE', *, *, #3831, .F. ) ;
#5570 = CARTESIAN_POINT ( 'NONE',  ( -19.63508680149358909, 35.15429456948636755, 30.79638408737996969 ) ) ;
#5571 = CARTESIAN_POINT ( 'NONE',  ( -50.40559159102153330, 36.00000000000000000, 8.750000000000003553 ) ) ;
#5572 = CARTESIAN_POINT ( 'NONE',  ( 19.46737476182817161, 36.00000000000000000, 8.108974358974355923 ) ) ;
#5573 = EDGE_CURVE ( 'NONE', #4035, #4338, #2379, .T. ) ;
#5574 = EDGE_CURVE ( 'NONE', #4938, #3370, #4627, .T. ) ;
#5575 = ORIENTED_EDGE ( 'NONE', *, *, #439, .F. ) ;
#5576 = AXIS2_PLACEMENT_3D ( 'NONE', #3674, #1614, #752 ) ;
#5577 = ORIENTED_EDGE ( 'NONE', *, *, #1988, .T. ) ;
#5578 = CARTESIAN_POINT ( 'NONE',  ( 11.70671400442444110, 31.20671400442443755, -14.36107117036098302 ) ) ;
#5579 = AXIS2_PLACEMENT_3D ( 'NONE', #4632, #3764, #1190 ) ;
#5580 = DIRECTION ( 'NONE',  ( 0.000000000000000000, 1.000000000000000000, -0.000000000000000000 ) ) ;
#5581 = CARTESIAN_POINT ( 'NONE',  ( -10.50000000000000000, 24.34314575050762031, -15.07842712474618274 ) ) ;
#5582 = DIRECTION ( 'NONE',  ( -1.000000000000000000, 0.000000000000000000, 0.000000000000000000 ) ) ;
#5583 = EDGE_CURVE ( 'NONE', #3185, #2616, #986, .T. ) ;
#5584 = ORIENTED_EDGE ( 'NONE', *, *, #359, .F. ) ;
#5585 = EDGE_LOOP ( 'NONE', ( #1487, #2929, #2707, #3103, #3790 ) ) ;
#5586 = CIRCLE ( 'NONE', #1628, 2.000000000000001776 ) ;
#5587 = AXIS2_PLACEMENT_3D ( 'NONE', #702, #360, #5534 ) ;
#5588 = DIRECTION ( 'NONE',  ( -0.000000000000000000, -1.000000000000000000, -0.000000000000000000 ) ) ;
#5589 = CARTESIAN_POINT ( 'NONE',  ( 10.99322637705817662, 23.32165350180436292, -13.60669299639154950 ) ) ;
#5590 = APPLICATION_CONTEXT ( 'configuration controlled 3d designs of mechanical parts and assemblies' ) ;
#5591 = EDGE_CURVE ( 'NONE', #374, #2843, #3009, .T. ) ;
#5592 = DIRECTION ( 'NONE',  ( 1.000000000000000000, -0.000000000000000000, -0.000000000000000000 ) ) ;
#5593 = FACE_OUTER_BOUND ( 'NONE', #5597, .T. ) ;
#5594 = ORIENTED_EDGE ( 'NONE', *, *, #94, .F. ) ;
#5595 = CARTESIAN_POINT ( 'NONE',  ( -18.99999999999999289, 33.24999999999999289, -7.999999999999996447 ) ) ;
#5596 = DIRECTION ( 'NONE',  ( 0.000000000000000000, 1.000000000000000000, -0.000000000000000000 ) ) ;
#5597 = EDGE_LOOP ( 'NONE', ( #4158, #4488, #3295, #2087, #419, #3944, #5491, #4001 ) ) ;
#5598 = CARTESIAN_POINT ( 'NONE',  ( -18.99999999999999289, 33.24999999999998579, 32.00000000000000000 ) ) ;
#5599 = DIRECTION ( 'NONE',  ( 0.000000000000000000, 0.000000000000000000, -1.000000000000000000 ) ) ;
#5600 = DIRECTION ( 'NONE',  ( -1.000000000000000000, 0.000000000000000000, -0.000000000000000000 ) ) ;
#5601 = ORIENTED_EDGE ( 'NONE', *, *, #1853, .F. ) ;
ENDSEC;
END-ISO-10303-21;
