ISO-10303-21;
HEADER;
FILE_DESCRIPTION (( 'STEP AP214' ),
    '1' );
FILE_NAME ('link4.STEP',
    '2025-09-19T07:13:31',
    ( '' ),
    ( '' ),
    'SwSTEP 2.0',
    'SolidWorks 2025',
    '' );
FILE_SCHEMA (( 'AUTOMOTIVE_DESIGN' ));
ENDSEC;

DATA;
#1 = LINE ( 'NONE', #1392, #2004 ) ;
#2 = EDGE_CURVE ( 'NONE', #1269, #1454, #1540, .T. ) ;
#3 = VERTEX_POINT ( 'NONE', #2061 ) ;
#4 = CARTESIAN_POINT ( 'NONE',  ( 6.000000000000000000, 17.50000000000000000, 2.000000000000020872 ) ) ;
#5 = ORIENTED_EDGE ( 'NONE', *, *, #2002, .F. ) ;
#6 = CIRCLE ( 'NONE', #1577, 2.000000000000000000 ) ;
#7 = FACE_OUTER_BOUND ( 'NONE', #1551, .T. ) ;
#8 = VECTOR ( 'NONE', #1894, 1000.000000000000000 ) ;
#9 = AXIS2_PLACEMENT_3D ( 'NONE', #234, #1969, #1090 ) ;
#10 = AXIS2_PLACEMENT_3D ( 'NONE', #361, #218, #1062 ) ;
#11 = DIRECTION ( 'NONE',  ( -0.000000000000000000, 1.000000000000000000, -0.000000000000000000 ) ) ;
#12 = DIRECTION ( 'NONE',  ( -0.000000000000000000, 1.000000000000000000, -0.000000000000000000 ) ) ;
#13 = ADVANCED_FACE ( 'NONE', ( #1207, #1892, #1619, #573, #1963 ), #261, .T. ) ;
#14 = VECTOR ( 'NONE', #259, 1000.000000000000000 ) ;
#15 = VERTEX_POINT ( 'NONE', #1095 ) ;
#16 = DIRECTION ( 'NONE',  ( 0.000000000000000000, 0.000000000000000000, 1.000000000000000000 ) ) ;
#17 = ORIENTED_EDGE ( 'NONE', *, *, #1201, .T. ) ;
#18 = DIRECTION ( 'NONE',  ( 0.000000000000000000, 0.000000000000000000, 1.000000000000000000 ) ) ;
#19 = CARTESIAN_POINT ( 'NONE',  ( -4.189777606611760026E-14, -19.50000000000000000, 6.000000000000000000 ) ) ;
#20 = VERTEX_POINT ( 'NONE', #1599 ) ;
#21 = ORIENTED_EDGE ( 'NONE', *, *, #149, .F. ) ;
#22 = DIRECTION ( 'NONE',  ( 0.000000000000000000, 0.000000000000000000, 1.000000000000000000 ) ) ;
#23 = CYLINDRICAL_SURFACE ( 'NONE', #346, 10.00000000000000000 ) ;
#24 = ORIENTED_EDGE ( 'NONE', *, *, #1924, .F. ) ;
#25 = DIRECTION ( 'NONE',  ( 1.000000000000000000, 0.000000000000000000, -2.026987197596717295E-16 ) ) ;
#26 = EDGE_CURVE ( 'NONE', #1164, #87, #1585, .T. ) ;
#27 = CARTESIAN_POINT ( 'NONE',  ( -4.189777606611760026E-14, 17.50000000000000000, 6.000000000000000000 ) ) ;
#28 = FACE_OUTER_BOUND ( 'NONE', #1305, .T. ) ;
#29 = CYLINDRICAL_SURFACE ( 'NONE', #1696, 0.9999999999999995559 ) ;
#30 = UNCERTAINTY_MEASURE_WITH_UNIT (LENGTH_MEASURE( 1.000000000000000082E-05 ), #1175, 'distance_accuracy_value', 'NONE');
#31 = ORIENTED_EDGE ( 'NONE', *, *, #1653, .F. ) ;
#32 = EDGE_CURVE ( 'NONE', #818, #248, #2085, .T. ) ;
#33 = ORIENTED_EDGE ( 'NONE', *, *, #2131, .F. ) ;
#34 = EDGE_CURVE ( 'NONE', #1004, #316, #1131, .T. ) ;
#35 = DIRECTION ( 'NONE',  ( -1.000000000000000000, 0.000000000000000000, 1.734723475976807094E-16 ) ) ;
#36 = CIRCLE ( 'NONE', #435, 0.9999999999999995559 ) ;
#37 = DIRECTION ( 'NONE',  ( 0.000000000000000000, 0.000000000000000000, -1.000000000000000000 ) ) ;
#38 = VERTEX_POINT ( 'NONE', #759 ) ;
#39 = PRODUCT_DEFINITION_FORMATION_WITH_SPECIFIED_SOURCE ( 'ANY', '', #1580, .NOT_KNOWN. ) ;
#40 = LINE ( 'NONE', #4, #54 ) ;
#41 = DIRECTION ( 'NONE',  ( 0.000000000000000000, 0.000000000000000000, 1.000000000000000000 ) ) ;
#42 = AXIS2_PLACEMENT_3D ( 'NONE', #789, #1488, #2174 ) ;
#43 = ORIENTED_EDGE ( 'NONE', *, *, #2159, .T. ) ;
#44 = EDGE_CURVE ( 'NONE', #118, #1148, #734, .T. ) ;
#45 = VECTOR ( 'NONE', #1046, 1000.000000000000000 ) ;
#46 = EDGE_LOOP ( 'NONE', ( #603, #837, #1157, #1048 ) ) ;
#47 = CIRCLE ( 'NONE', #1509, 2.000000000000000000 ) ;
#48 = CYLINDRICAL_SURFACE ( 'NONE', #9, 2.000000000000000000 ) ;
#49 = AXIS2_PLACEMENT_3D ( 'NONE', #1987, #548, #1085 ) ;
#50 = AXIS2_PLACEMENT_3D ( 'NONE', #729, #1561, #1937 ) ;
#51 = ORIENTED_EDGE ( 'NONE', *, *, #60, .T. ) ;
#52 = DIRECTION ( 'NONE',  ( -0.000000000000000000, 1.000000000000000000, -0.000000000000000000 ) ) ;
#53 = DIRECTION ( 'NONE',  ( 0.000000000000000000, -1.000000000000000000, 0.000000000000000000 ) ) ;
#54 = VECTOR ( 'NONE', #1586, 1000.000000000000000 ) ;
#55 = DIRECTION ( 'NONE',  ( 0.000000000000000000, 0.000000000000000000, 1.000000000000000000 ) ) ;
#56 = AXIS2_PLACEMENT_3D ( 'NONE', #1036, #1515, #140 ) ;
#57 = DIRECTION ( 'NONE',  ( 0.000000000000000000, 1.000000000000000000, -0.000000000000000000 ) ) ;
#58 = DIRECTION ( 'NONE',  ( 0.000000000000000000, 0.000000000000000000, 1.000000000000000000 ) ) ;
#59 = ORIENTED_EDGE ( 'NONE', *, *, #2002, .T. ) ;
#60 = EDGE_CURVE ( 'NONE', #2062, #1364, #667, .T. ) ;
#61 = ORIENTED_EDGE ( 'NONE', *, *, #2231, .F. ) ;
#62 = CARTESIAN_POINT ( 'NONE',  ( -5.999999999999999112, -19.50000000000000000, -1.000000000000062617 ) ) ;
#63 = DIRECTION ( 'NONE',  ( -0.000000000000000000, -1.000000000000000000, -0.000000000000000000 ) ) ;
#64 = ORIENTED_EDGE ( 'NONE', *, *, #376, .T. ) ;
#65 = DIRECTION ( 'NONE',  ( -1.000000000000000000, 0.000000000000000000, 1.734723475976807094E-16 ) ) ;
#66 = DIRECTION ( 'NONE',  ( -0.000000000000000000, 1.000000000000000000, -0.000000000000000000 ) ) ;
#67 = CARTESIAN_POINT ( 'NONE',  ( 11.17157287525381015, 1.224646799147352961E-16, 6.999999999999998224 ) ) ;
#68 = ORIENTED_EDGE ( 'NONE', *, *, #1498, .T. ) ;
#69 = ORIENTED_EDGE ( 'NONE', *, *, #1408, .F. ) ;
#70 = DIRECTION ( 'NONE',  ( -1.000000000000000000, 0.000000000000000000, 0.000000000000000000 ) ) ;
#71 = CARTESIAN_POINT ( 'NONE',  ( 0.000000000000000000, -14.50000000000000000, 10.00000000000000000 ) ) ;
#72 = ORIENTED_EDGE ( 'NONE', *, *, #353, .F. ) ;
#73 = EDGE_CURVE ( 'NONE', #1934, #1291, #2230, .T. ) ;
#74 = DIRECTION ( 'NONE',  ( -0.000000000000000000, 1.000000000000000000, -0.000000000000000000 ) ) ;
#75 = LINE ( 'NONE', #1293, #1759 ) ;
#76 = CARTESIAN_POINT ( 'NONE',  ( 19.00000000000000355, 19.50000000000000000, -3.295974604355934268E-15 ) ) ;
#77 = CARTESIAN_POINT ( 'NONE',  ( -5.999999999999999112, 14.50000000000000000, -1.000000000000062617 ) ) ;
#78 = EDGE_LOOP ( 'NONE', ( #1967, #1424 ) ) ;
#79 = DIRECTION ( 'NONE',  ( 0.000000000000000000, 1.000000000000000000, -0.000000000000000000 ) ) ;
#80 = VERTEX_POINT ( 'NONE', #563 ) ;
#81 = CIRCLE ( 'NONE', #852, 0.9999999999999997780 ) ;
#82 = CARTESIAN_POINT ( 'NONE',  ( 14.00000000000000000, -6.000000000000000000, -2.337750089942632691E-14 ) ) ;
#83 = CYLINDRICAL_SURFACE ( 'NONE', #1868, 0.9999999999999995559 ) ;
#84 = AXIS2_PLACEMENT_3D ( 'NONE', #27, #2110, #1120 ) ;
#85 = PLANE ( 'NONE',  #1579 ) ;
#86 = ADVANCED_FACE ( 'NONE', ( #1805, #1418 ), #2156, .T. ) ;
#87 = VERTEX_POINT ( 'NONE', #1294 ) ;
#88 = CARTESIAN_POINT ( 'NONE',  ( 11.17157287525381015, 0.000000000000000000, 4.999999999999998224 ) ) ;
#89 = CIRCLE ( 'NONE', #1979, 2.000000000000000000 ) ;
#90 = CARTESIAN_POINT ( 'NONE',  ( 16.00000000000000000, 0.000000000000000000, 5.999999999999997335 ) ) ;
#91 = DIRECTION ( 'NONE',  ( 0.000000000000000000, -1.000000000000000000, 0.000000000000000000 ) ) ;
#92 = VECTOR ( 'NONE', #1791, 1000.000000000000000 ) ;
#93 = ORIENTED_EDGE ( 'NONE', *, *, #1400, .T. ) ;
#94 = VECTOR ( 'NONE', #2167, 1000.000000000000000 ) ;
#95 = VERTEX_POINT ( 'NONE', #2126 ) ;
#96 = LINE ( 'NONE', #600, #1393 ) ;
#97 = CYLINDRICAL_SURFACE ( 'NONE', #42, 0.9999999999999995559 ) ;
#98 = FACE_BOUND ( 'NONE', #1423, .T. ) ;
#99 = ORIENTED_EDGE ( 'NONE', *, *, #1242, .T. ) ;
#100 = CARTESIAN_POINT ( 'NONE',  ( 0.000000000000000000, 19.50000000000000000, 10.00000000000000000 ) ) ;
#101 = DIRECTION ( 'NONE',  ( -1.000000000000000000, 0.000000000000000000, 0.000000000000000000 ) ) ;
#102 = EDGE_CURVE ( 'NONE', #838, #1508, #1360, .T. ) ;
#103 = CARTESIAN_POINT ( 'NONE',  ( 11.17157287525381015, -6.000000000000000000, -2.288684700608764955E-14 ) ) ;
#104 = ORIENTED_EDGE ( 'NONE', *, *, #610, .F. ) ;
#105 = CARTESIAN_POINT ( 'NONE',  ( -5.999999999999999112, 17.50000000000000000, -6.284666409917640040E-14 ) ) ;
#106 = EDGE_CURVE ( 'NONE', #1667, #1088, #412, .T. ) ;
#107 = EDGE_LOOP ( 'NONE', ( #61, #2139, #645, #2100 ) ) ;
#108 = EDGE_CURVE ( 'NONE', #95, #2104, #1516, .T. ) ;
#109 = FACE_OUTER_BOUND ( 'NONE', #850, .T. ) ;
#110 =( LENGTH_UNIT ( ) NAMED_UNIT ( * ) SI_UNIT ( .MILLI., .METRE. ) );
#111 = CARTESIAN_POINT ( 'NONE',  ( 6.000000000000000000, -17.50000000000000000, -1.999999999999979128 ) ) ;
#112 = CARTESIAN_POINT ( 'NONE',  ( 0.000000000000000000, 19.50000000000000000, 0.000000000000000000 ) ) ;
#113 = ORIENTED_EDGE ( 'NONE', *, *, #1385, .T. ) ;
#114 = CARTESIAN_POINT ( 'NONE',  ( 22.09999999999999787, 19.50000000000000000, -10.00000000000000000 ) ) ;
#115 = CARTESIAN_POINT ( 'NONE',  ( -4.165284670628812997E-14, 19.50000000000000000, 4.000000000000000000 ) ) ;
#116 = DIRECTION ( 'NONE',  ( 0.000000000000000000, 0.000000000000000000, 1.000000000000000000 ) ) ;
#117 = CIRCLE ( 'NONE', #1240, 2.000000000000000000 ) ;
#118 = VERTEX_POINT ( 'NONE', #1855 ) ;
#119 = AXIS2_PLACEMENT_3D ( 'NONE', #2181, #430, #598 ) ;
#120 = DIRECTION ( 'NONE',  ( 0.000000000000000000, 0.000000000000000000, 1.000000000000000000 ) ) ;
#121 = VERTEX_POINT ( 'NONE', #2033 ) ;
#122 = ADVANCED_FACE ( 'NONE', ( #633 ), #2205, .F. ) ;
#123 = CYLINDRICAL_SURFACE ( 'NONE', #365, 2.000000000000000000 ) ;
#124 = LINE ( 'NONE', #1695, #1901 ) ;
#125 = LINE ( 'NONE', #111, #1758 ) ;
#126 = ADVANCED_FACE ( 'NONE', ( #1303 ), #619, .F. ) ;
#127 = DIRECTION ( 'NONE',  ( 0.000000000000000000, 1.000000000000000000, -0.000000000000000000 ) ) ;
#128 = VERTEX_POINT ( 'NONE', #115 ) ;
#129 = CARTESIAN_POINT ( 'NONE',  ( 0.000000000000000000, -14.50000000000000000, 10.00000000000000000 ) ) ;
#130 = VECTOR ( 'NONE', #157, 1000.000000000000000 ) ;
#131 = CARTESIAN_POINT ( 'NONE',  ( 6.000000000000000000, -17.50000000000000000, -0.9999999999999790168 ) ) ;
#132 = LINE ( 'NONE', #2227, #2199 ) ;
#133 = AXIS2_PLACEMENT_3D ( 'NONE', #1863, #482, #1713 ) ;
#134 = ORIENTED_EDGE ( 'NONE', *, *, #1172, .T. ) ;
#135 = CARTESIAN_POINT ( 'NONE',  ( 0.000000000000000000, -19.50000000000000000, -6.000000000000000000 ) ) ;
#136 = ORIENTED_EDGE ( 'NONE', *, *, #2214, .F. ) ;
#137 = DIRECTION ( 'NONE',  ( -1.000000000000000000, -0.000000000000000000, 2.026987197596717295E-16 ) ) ;
#138 = DIRECTION ( 'NONE',  ( -0.000000000000000000, 1.000000000000000000, -0.000000000000000000 ) ) ;
#139 = DIRECTION ( 'NONE',  ( -0.000000000000000000, -1.000000000000000000, -0.000000000000000000 ) ) ;
#140 = DIRECTION ( 'NONE',  ( 0.000000000000000000, 0.000000000000000000, 1.000000000000000000 ) ) ;
#141 = CARTESIAN_POINT ( 'NONE',  ( 2.449293598294706414E-16, 19.50000000000000000, -8.000000000000000000 ) ) ;
#142 = CARTESIAN_POINT ( 'NONE',  ( 19.00000000000000355, -6.000000000000000000, -2.424486263741473361E-14 ) ) ;
#143 = EDGE_LOOP ( 'NONE', ( #2134, #730, #99, #1981 ) ) ;
#144 = ORIENTED_EDGE ( 'NONE', *, *, #2131, .T. ) ;
#145 = PLANE ( 'NONE',  #235 ) ;
#146 = CARTESIAN_POINT ( 'NONE',  ( 11.17157287525381015, 0.000000000000000000, 5.999999999999998224 ) ) ;
#147 = EDGE_LOOP ( 'NONE', ( #1134, #431, #93, #470 ) ) ;
#148 = CARTESIAN_POINT ( 'NONE',  ( 19.00000000000000355, 0.000000000000000000, 5.999999999999996447 ) ) ;
#149 = EDGE_CURVE ( 'NONE', #1364, #2062, #1693, .T. ) ;
#150 = EDGE_CURVE ( 'NONE', #692, #1844, #164, .T. ) ;
#151 = ORIENTED_EDGE ( 'NONE', *, *, #26, .F. ) ;
#152 = ADVANCED_FACE ( 'NONE', ( #440 ), #299, .F. ) ;
#153 = DIRECTION ( 'NONE',  ( 0.000000000000000000, -1.000000000000000000, 0.000000000000000000 ) ) ;
#154 = VECTOR ( 'NONE', #1165, 1000.000000000000000 ) ;
#155 = CARTESIAN_POINT ( 'NONE',  ( 1.224646799147353207E-16, 14.50000000000000000, -5.000000000000000000 ) ) ;
#156 = CARTESIAN_POINT ( 'NONE',  ( -5.999999999999999112, -19.50000000000000000, 1.999999999999937161 ) ) ;
#157 = DIRECTION ( 'NONE',  ( 1.000000000000000000, -0.000000000000000000, 0.000000000000000000 ) ) ;
#158 = ORIENTED_EDGE ( 'NONE', *, *, #1284, .F. ) ;
#159 = CARTESIAN_POINT ( 'NONE',  ( 16.00000000000000000, 1.224646799147352714E-16, 6.999999999999997335 ) ) ;
#160 = ORIENTED_EDGE ( 'NONE', *, *, #612, .T. ) ;
#161 = ADVANCED_FACE ( 'NONE', ( #834 ), #456, .F. ) ;
#162 = DIRECTION ( 'NONE',  ( -0.000000000000000000, 1.000000000000000000, -0.000000000000000000 ) ) ;
#163 = ORIENTED_EDGE ( 'NONE', *, *, #1455, .F. ) ;
#164 = CIRCLE ( 'NONE', #1976, 2.000000000000000888 ) ;
#165 = CIRCLE ( 'NONE', #452, 2.000000000000000000 ) ;
#166 = LINE ( 'NONE', #685, #8 ) ;
#167 = AXIS2_PLACEMENT_3D ( 'NONE', #415, #793, #758 ) ;
#168 = VERTEX_POINT ( 'NONE', #131 ) ;
#169 = AXIS2_PLACEMENT_3D ( 'NONE', #2078, #12, #1594 ) ;
#170 = DIRECTION ( 'NONE',  ( 0.000000000000000000, 0.000000000000000000, -1.000000000000000000 ) ) ;
#171 = VERTEX_POINT ( 'NONE', #141 ) ;
#172 = DIRECTION ( 'NONE',  ( -1.000000000000000000, 0.000000000000000000, 0.000000000000000000 ) ) ;
#173 = ORIENTED_EDGE ( 'NONE', *, *, #2050, .T. ) ;
#174 = CARTESIAN_POINT ( 'NONE',  ( -4.189777606611760026E-14, -19.50000000000000000, 8.000000000000000000 ) ) ;
#175 = ORIENTED_EDGE ( 'NONE', *, *, #1234, .F. ) ;
#176 = EDGE_CURVE ( 'NONE', #2037, #1565, #589, .T. ) ;
#177 = CARTESIAN_POINT ( 'NONE',  ( 6.000000000000000000, -19.50000000000000000, 1.000000000000021094 ) ) ;
#178 = EDGE_CURVE ( 'NONE', #1939, #213, #1111, .T. ) ;
#179 = ADVANCED_FACE ( 'NONE', ( #286 ), #969, .F. ) ;
#180 = ADVANCED_BREP_SHAPE_REPRESENTATION ( 'link4', ( #1422, #225 ), #2000 ) ;
#181 = DIRECTION ( 'NONE',  ( 0.000000000000000000, 0.000000000000000000, 1.000000000000000000 ) ) ;
#182 = CARTESIAN_POINT ( 'NONE',  ( 0.000000000000000000, -19.50000000000000000, -4.000000000000000000 ) ) ;
#183 = ORIENTED_EDGE ( 'NONE', *, *, #914, .F. ) ;
#184 = CARTESIAN_POINT ( 'NONE',  ( 0.000000000000000000, -19.50000000000000000, -10.00000000000000000 ) ) ;
#185 = DIRECTION ( 'NONE',  ( -0.000000000000000000, 1.000000000000000000, -0.000000000000000000 ) ) ;
#186 = AXIS2_PLACEMENT_3D ( 'NONE', #281, #2028, #1851 ) ;
#187 = EDGE_CURVE ( 'NONE', #1243, #609, #1194, .T. ) ;
#188 = EDGE_LOOP ( 'NONE', ( #333, #197, #1880, #881 ) ) ;
#189 = FACE_BOUND ( 'NONE', #565, .T. ) ;
#190 = CARTESIAN_POINT ( 'NONE',  ( 14.00000000000000000, -6.000000000000000000, 1.999999999999976685 ) ) ;
#191 = ORIENTED_EDGE ( 'NONE', *, *, #2202, .F. ) ;
#192 = FACE_OUTER_BOUND ( 'NONE', #143, .T. ) ;
#193 = EDGE_LOOP ( 'NONE', ( #1214, #386, #1730, #1436 ) ) ;
#194 = ORIENTED_EDGE ( 'NONE', *, *, #1268, .T. ) ;
#195 = VECTOR ( 'NONE', #1814, 1000.000000000000000 ) ;
#196 = CARTESIAN_POINT ( 'NONE',  ( 14.00000000000000000, 6.000000000000000000, -2.337750089942632691E-14 ) ) ;
#197 = ORIENTED_EDGE ( 'NONE', *, *, #246, .T. ) ;
#198 = AXIS2_PLACEMENT_3D ( 'NONE', #1480, #477, #642 ) ;
#199 = ORIENTED_EDGE ( 'NONE', *, *, #2064, .F. ) ;
#200 = EDGE_CURVE ( 'NONE', #38, #1113, #1832, .T. ) ;
#201 = AXIS2_PLACEMENT_3D ( 'NONE', #275, #1317, #1831 ) ;
#202 = CARTESIAN_POINT ( 'NONE',  ( -4.189777606611760026E-14, 17.50000000000000000, 6.000000000000000000 ) ) ;
#203 = FACE_BOUND ( 'NONE', #498, .T. ) ;
#204 = AXIS2_PLACEMENT_3D ( 'NONE', #1271, #967, #1119 ) ;
#205 = ORIENTED_EDGE ( 'NONE', *, *, #1800, .F. ) ;
#206 = CARTESIAN_POINT ( 'NONE',  ( -4.214270542594707056E-14, -17.50000000000000000, 4.000000000000000000 ) ) ;
#207 = DIRECTION ( 'NONE',  ( 0.000000000000000000, 0.000000000000000000, 1.000000000000000000 ) ) ;
#208 = FACE_OUTER_BOUND ( 'NONE', #1349, .T. ) ;
#209 = ORIENTED_EDGE ( 'NONE', *, *, #2118, .F. ) ;
#210 = ORIENTED_EDGE ( 'NONE', *, *, #44, .F. ) ;
#211 = CARTESIAN_POINT ( 'NONE',  ( 0.000000000000000000, -19.50000000000000000, -10.00000000000000000 ) ) ;
#212 = CARTESIAN_POINT ( 'NONE',  ( 19.00000000000000355, 0.000000000000000000, 5.999999999999996447 ) ) ;
#213 = VERTEX_POINT ( 'NONE', #1528 ) ;
#214 = EDGE_CURVE ( 'NONE', #1734, #1463, #858, .T. ) ;
#215 = LINE ( 'NONE', #184, #1910 ) ;
#216 = EDGE_CURVE ( 'NONE', #1256, #2170, #345, .T. ) ;
#217 = DIRECTION ( 'NONE',  ( 0.000000000000000000, 0.000000000000000000, -1.000000000000000000 ) ) ;
#218 = DIRECTION ( 'NONE',  ( 1.000000000000000000, 0.000000000000000000, -2.026987197596717295E-16 ) ) ;
#219 = UNCERTAINTY_MEASURE_WITH_UNIT (LENGTH_MEASURE( 1.000000000000000082E-05 ), #110, 'distance_accuracy_value', 'NONE');
#220 = ORIENTED_EDGE ( 'NONE', *, *, #1226, .F. ) ;
#221 = VERTEX_POINT ( 'NONE', #652 ) ;
#222 = DIRECTION ( 'NONE',  ( -0.000000000000000000, -1.000000000000000000, -0.000000000000000000 ) ) ;
#223 = DIRECTION ( 'NONE',  ( 0.000000000000000000, 0.000000000000000000, -1.000000000000000000 ) ) ;
#224 = EDGE_LOOP ( 'NONE', ( #463, #508 ) ) ;
#225 = AXIS2_PLACEMENT_3D ( 'NONE', #1484, #608, #1306 ) ;
#226 = FACE_OUTER_BOUND ( 'NONE', #1568, .T. ) ;
#227 = CARTESIAN_POINT ( 'NONE',  ( -5.999999999999999112, -14.50000000000000000, -6.284666409917640040E-14 ) ) ;
#228 = EDGE_CURVE ( 'NONE', #1238, #128, #1316, .T. ) ;
#229 = DIRECTION ( 'NONE',  ( 0.000000000000000000, 0.000000000000000000, 1.000000000000000000 ) ) ;
#230 = CARTESIAN_POINT ( 'NONE',  ( 1.224646799147353207E-16, 17.50000000000000000, -5.000000000000000000 ) ) ;
#231 = ORIENTED_EDGE ( 'NONE', *, *, #1860, .T. ) ;
#232 = CIRCLE ( 'NONE', #812, 1.000000000000000000 ) ;
#233 = ORIENTED_EDGE ( 'NONE', *, *, #830, .T. ) ;
#234 = CARTESIAN_POINT ( 'NONE',  ( -5.999999999999999112, -17.50000000000000000, -6.284666409917640040E-14 ) ) ;
#235 = AXIS2_PLACEMENT_3D ( 'NONE', #304, #1188, #1372 ) ;
#236 = ORIENTED_EDGE ( 'NONE', *, *, #965, .T. ) ;
#237 = AXIS2_PLACEMENT_3D ( 'NONE', #251, #1631, #2011 ) ;
#238 = FACE_BOUND ( 'NONE', #1081, .T. ) ;
#239 = CARTESIAN_POINT ( 'NONE',  ( 0.000000000000000000, -17.50000000000000000, -6.000000000000000000 ) ) ;
#240 = CIRCLE ( 'NONE', #1876, 0.9999999999999997780 ) ;
#241 = DIRECTION ( 'NONE',  ( 0.000000000000000000, 0.000000000000000000, 1.000000000000000000 ) ) ;
#242 = CARTESIAN_POINT ( 'NONE',  ( 19.00000000000000355, 0.000000000000000000, 1.734723475976800438E-16 ) ) ;
#243 = CARTESIAN_POINT ( 'NONE',  ( -5.999999999999999112, 17.50000000000000000, -6.284666409917640040E-14 ) ) ;
#244 = VERTEX_POINT ( 'NONE', #1663 ) ;
#245 = ORIENTED_EDGE ( 'NONE', *, *, #2116, .F. ) ;
#246 = EDGE_CURVE ( 'NONE', #971, #520, #1726, .T. ) ;
#247 = DIRECTION ( 'NONE',  ( 0.000000000000000000, 0.000000000000000000, 1.000000000000000000 ) ) ;
#248 = VERTEX_POINT ( 'NONE', #156 ) ;
#249 = DIRECTION ( 'NONE',  ( 0.000000000000000000, 0.000000000000000000, 1.000000000000000000 ) ) ;
#250 = LINE ( 'NONE', #100, #14 ) ;
#251 = CARTESIAN_POINT ( 'NONE',  ( 14.00000000000000000, -4.189777606611760026E-14, -6.000000000000002665 ) ) ;
#252 = EDGE_LOOP ( 'NONE', ( #990, #691 ) ) ;
#253 = FACE_OUTER_BOUND ( 'NONE', #1275, .T. ) ;
#254 = EDGE_LOOP ( 'NONE', ( #1203, #408 ) ) ;
#255 = DIRECTION ( 'NONE',  ( 0.000000000000000000, 0.000000000000000000, -1.000000000000000000 ) ) ;
#256 = CARTESIAN_POINT ( 'NONE',  ( 6.000000000000000000, 19.50000000000000000, -1.999999999999979128 ) ) ;
#257 = DIRECTION ( 'NONE',  ( 0.000000000000000000, 1.000000000000000000, -0.000000000000000000 ) ) ;
#258 = EDGE_LOOP ( 'NONE', ( #1537, #1622, #1887, #679 ) ) ;
#259 = DIRECTION ( 'NONE',  ( -0.000000000000000000, -1.000000000000000000, -0.000000000000000000 ) ) ;
#260 = CIRCLE ( 'NONE', #2039, 1.000000000000000000 ) ;
#261 = PLANE ( 'NONE',  #313 ) ;
#262 = DIRECTION ( 'NONE',  ( -0.000000000000000000, -1.000000000000000000, -0.000000000000000000 ) ) ;
#263 = ORIENTED_EDGE ( 'NONE', *, *, #1510, .T. ) ;
#264 = ORIENTED_EDGE ( 'NONE', *, *, #653, .T. ) ;
#265 = CIRCLE ( 'NONE', #1828, 2.000000000000000888 ) ;
#266 = CARTESIAN_POINT ( 'NONE',  ( -4.189777606611760026E-14, 17.50000000000000000, 6.000000000000000000 ) ) ;
#267 = DIRECTION ( 'NONE',  ( 0.000000000000000000, 1.000000000000000000, -0.000000000000000000 ) ) ;
#268 = EDGE_CURVE ( 'NONE', #877, #1950, #455, .T. ) ;
#269 = DIRECTION ( 'NONE',  ( 0.000000000000000000, 0.000000000000000000, 1.000000000000000000 ) ) ;
#270 = VERTEX_POINT ( 'NONE', #1841 ) ;
#271 = CARTESIAN_POINT ( 'NONE',  ( 16.00000000000000000, -4.165284670628812997E-14, -8.000000000000003553 ) ) ;
#272 = AXIS2_PLACEMENT_3D ( 'NONE', #760, #288, #1665 ) ;
#273 = DIRECTION ( 'NONE',  ( -0.000000000000000000, 1.000000000000000000, -0.000000000000000000 ) ) ;
#274 = EDGE_CURVE ( 'NONE', #971, #2071, #125, .T. ) ;
#275 = CARTESIAN_POINT ( 'NONE',  ( 16.00000000000000000, 6.000000000000000000, -2.372444559462168833E-14 ) ) ;
#276 = AXIS2_PLACEMENT_3D ( 'NONE', #1930, #2136, #359 ) ;
#277 = EDGE_LOOP ( 'NONE', ( #69, #191 ) ) ;
#278 = VECTOR ( 'NONE', #2068, 1000.000000000000000 ) ;
#279 = DIRECTION ( 'NONE',  ( 0.000000000000000000, 1.000000000000000000, -0.000000000000000000 ) ) ;
#280 = ORIENTED_EDGE ( 'NONE', *, *, #624, .T. ) ;
#281 = CARTESIAN_POINT ( 'NONE',  ( 22.10000000000000142, 0.000000000000000000, -3.642919299551299336E-16 ) ) ;
#282 = SURFACE_SIDE_STYLE ('',( #647 ) ) ;
#283 = DIRECTION ( 'NONE',  ( -0.000000000000000000, 1.000000000000000000, -0.000000000000000000 ) ) ;
#284 = ORIENTED_EDGE ( 'NONE', *, *, #965, .F. ) ;
#285 = FACE_BOUND ( 'NONE', #584, .T. ) ;
#286 = FACE_OUTER_BOUND ( 'NONE', #2049, .T. ) ;
#287 = EDGE_CURVE ( 'NONE', #15, #128, #2123, .T. ) ;
#288 = DIRECTION ( 'NONE',  ( 0.000000000000000000, 1.000000000000000000, -0.000000000000000000 ) ) ;
#289 = ORIENTED_EDGE ( 'NONE', *, *, #214, .F. ) ;
#290 = DIRECTION ( 'NONE',  ( 1.000000000000000000, -0.000000000000000000, -0.000000000000000000 ) ) ;
#291 = EDGE_LOOP ( 'NONE', ( #1355, #2103 ) ) ;
#292 = DIRECTION ( 'NONE',  ( -1.000000000000000000, -0.000000000000000000, 1.734723475976807587E-16 ) ) ;
#293 = DIRECTION ( 'NONE',  ( -0.000000000000000000, 1.000000000000000000, -0.000000000000000000 ) ) ;
#294 = DIRECTION ( 'NONE',  ( 0.000000000000000000, 0.000000000000000000, 1.000000000000000000 ) ) ;
#295 = VERTEX_POINT ( 'NONE', #1402 ) ;
#296 = DIRECTION ( 'NONE',  ( 0.000000000000000000, 1.000000000000000000, -0.000000000000000000 ) ) ;
#297 = EDGE_LOOP ( 'NONE', ( #1809, #1169 ) ) ;
#298 = VECTOR ( 'NONE', #754, 1000.000000000000000 ) ;
#299 = CYLINDRICAL_SURFACE ( 'NONE', #374, 2.000000000000000000 ) ;
#300 = PLANE ( 'NONE',  #593 ) ;
#301 = VERTEX_POINT ( 'NONE', #1235 ) ;
#302 = ORIENTED_EDGE ( 'NONE', *, *, #1666, .F. ) ;
#303 = DIRECTION ( 'NONE',  ( -0.000000000000000000, 1.000000000000000000, -0.000000000000000000 ) ) ;
#304 = CARTESIAN_POINT ( 'NONE',  ( 16.00000000000000000, 0.000000000000000000, 5.999999999999997335 ) ) ;
#305 = CYLINDRICAL_SURFACE ( 'NONE', #371, 10.00000000000000000 ) ;
#306 = EDGE_LOOP ( 'NONE', ( #1092, #799 ) ) ;
#307 = CARTESIAN_POINT ( 'NONE',  ( 6.000000000000000000, -17.50000000000000000, 2.000000000000020872 ) ) ;
#308 = CIRCLE ( 'NONE', #1650, 0.9999999999999997780 ) ;
#309 = ORIENTED_EDGE ( 'NONE', *, *, #911, .F. ) ;
#310 = AXIS2_PLACEMENT_3D ( 'NONE', #1441, #1613, #744 ) ;
#311 = CARTESIAN_POINT ( 'NONE',  ( -5.999999999999999112, 17.50000000000000000, 1.999999999999937161 ) ) ;
#312 = DIRECTION ( 'NONE',  ( 0.000000000000000000, 0.000000000000000000, 1.000000000000000000 ) ) ;
#313 = AXIS2_PLACEMENT_3D ( 'NONE', #76, #401, #1446 ) ;
#314 = EDGE_LOOP ( 'NONE', ( #1632, #1771 ) ) ;
#315 = CIRCLE ( 'NONE', #2054, 0.9999999999999995559 ) ;
#316 = VERTEX_POINT ( 'NONE', #750 ) ;
#317 = CIRCLE ( 'NONE', #1196, 2.000000000000000000 ) ;
#318 = ADVANCED_FACE ( 'NONE', ( #208 ), #1931, .F. ) ;
#319 = DIRECTION ( 'NONE',  ( 0.000000000000000000, 0.000000000000000000, -1.000000000000000000 ) ) ;
#320 = CARTESIAN_POINT ( 'NONE',  ( 16.00000000000000000, 6.000000000000000000, -2.372444559462168833E-14 ) ) ;
#321 = ORIENTED_EDGE ( 'NONE', *, *, #1469, .F. ) ;
#322 = LINE ( 'NONE', #2031, #1369 ) ;
#323 = ORIENTED_EDGE ( 'NONE', *, *, #1875, .T. ) ;
#324 = DIRECTION ( 'NONE',  ( -0.000000000000000000, 1.000000000000000000, -0.000000000000000000 ) ) ;
#325 = CARTESIAN_POINT ( 'NONE',  ( 19.00000000000000355, 0.000000000000000000, 8.250000000000000000 ) ) ;
#326 = EDGE_CURVE ( 'NONE', #2166, #1307, #904, .T. ) ;
#327 = FACE_BOUND ( 'NONE', #2081, .T. ) ;
#328 = ORIENTED_EDGE ( 'NONE', *, *, #684, .F. ) ;
#329 = DIRECTION ( 'NONE',  ( 1.000000000000000000, -0.000000000000000000, 0.000000000000000000 ) ) ;
#330 = ORIENTED_EDGE ( 'NONE', *, *, #610, .T. ) ;
#331 = DIRECTION ( 'NONE',  ( -1.000000000000000000, 0.000000000000000000, 0.000000000000000000 ) ) ;
#332 = CIRCLE ( 'NONE', #1346, 1.000000000000000000 ) ;
#333 = ORIENTED_EDGE ( 'NONE', *, *, #274, .F. ) ;
#334 = CARTESIAN_POINT ( 'NONE',  ( 0.000000000000000000, -19.50000000000000000, -6.000000000000000000 ) ) ;
#335 = ORIENTED_EDGE ( 'NONE', *, *, #353, .T. ) ;
#336 = LINE ( 'NONE', #870, #1159 ) ;
#337 = ADVANCED_FACE ( 'NONE', ( #392 ), #1601, .F. ) ;
#338 = EDGE_LOOP ( 'NONE', ( #1959, #24, #1174, #68 ) ) ;
#339 = VECTOR ( 'NONE', #695, 1000.000000000000000 ) ;
#340 = LINE ( 'NONE', #1563, #348 ) ;
#341 = ADVANCED_FACE ( 'NONE', ( #1610 ), #29, .F. ) ;
#342 = EDGE_LOOP ( 'NONE', ( #1264, #1656, #231, #824 ) ) ;
#343 = EDGE_CURVE ( 'NONE', #1562, #1575, #1874, .T. ) ;
#344 = CARTESIAN_POINT ( 'NONE',  ( -2.449293598294706414E-16, -19.50000000000000000, -8.000000000000000000 ) ) ;
#345 = CIRCLE ( 'NONE', #1149, 2.000000000000000000 ) ;
#346 = AXIS2_PLACEMENT_3D ( 'NONE', #1606, #1091, #688 ) ;
#347 = AXIS2_PLACEMENT_3D ( 'NONE', #2025, #428, #2157 ) ;
#348 = VECTOR ( 'NONE', #1882, 1000.000000000000000 ) ;
#349 = DIRECTION ( 'NONE',  ( 1.000000000000000000, 0.000000000000000000, -1.734723475976807341E-16 ) ) ;
#350 = PLANE ( 'NONE',  #866 ) ;
#351 = VERTEX_POINT ( 'NONE', #574 ) ;
#352 = CARTESIAN_POINT ( 'NONE',  ( -5.999999999999999112, -19.50000000000000000, -6.284666409917640040E-14 ) ) ;
#353 = EDGE_CURVE ( 'NONE', #630, #792, #1779, .T. ) ;
#354 = SHAPE_DEFINITION_REPRESENTATION ( #661, #180 ) ;
#355 = CARTESIAN_POINT ( 'NONE',  ( 0.000000000000000000, -17.50000000000000000, -6.000000000000000000 ) ) ;
#356 = DIRECTION ( 'NONE',  ( -0.000000000000000000, 1.000000000000000000, -0.000000000000000000 ) ) ;
#357 = FACE_BOUND ( 'NONE', #78, .T. ) ;
#358 = VERTEX_POINT ( 'NONE', #2111 ) ;
#359 = DIRECTION ( 'NONE',  ( 0.000000000000000000, 0.000000000000000000, 1.000000000000000000 ) ) ;
#360 = VERTEX_POINT ( 'NONE', #230 ) ;
#361 = CARTESIAN_POINT ( 'NONE',  ( 22.10000000000000142, 0.000000000000000000, -4.389039952986573775E-15 ) ) ;
#362 = EDGE_CURVE ( 'NONE', #555, #1244, #1225, .T. ) ;
#363 = ORIENTED_EDGE ( 'NONE', *, *, #741, .F. ) ;
#364 = VECTOR ( 'NONE', #292, 1000.000000000000000 ) ;
#365 = AXIS2_PLACEMENT_3D ( 'NONE', #626, #1323, #1433 ) ;
#366 = ORIENTED_EDGE ( 'NONE', *, *, #1666, .T. ) ;
#367 = CARTESIAN_POINT ( 'NONE',  ( 16.00000000000000000, 6.000000000000000000, -2.000000000000023981 ) ) ;
#368 = CARTESIAN_POINT ( 'NONE',  ( -4.177531138620286512E-14, 19.50000000000000000, 7.000000000000000000 ) ) ;
#369 = ORIENTED_EDGE ( 'NONE', *, *, #1154, .T. ) ;
#370 = DIRECTION ( 'NONE',  ( -0.000000000000000000, 1.000000000000000000, -0.000000000000000000 ) ) ;
#371 = AXIS2_PLACEMENT_3D ( 'NONE', #112, #139, #831 ) ;
#372 = DIRECTION ( 'NONE',  ( 0.000000000000000000, 1.000000000000000000, -0.000000000000000000 ) ) ;
#373 = VERTEX_POINT ( 'NONE', #735 ) ;
#374 = AXIS2_PLACEMENT_3D ( 'NONE', #2216, #2022, #1005 ) ;
#375 = ORIENTED_EDGE ( 'NONE', *, *, #1451, .T. ) ;
#376 = EDGE_CURVE ( 'NONE', #897, #1244, #532, .T. ) ;
#377 = CIRCLE ( 'NONE', #781, 1.000000000000000000 ) ;
#378 = CARTESIAN_POINT ( 'NONE',  ( 14.00000000000000000, 14.50000000000000000, 10.00000000000000000 ) ) ;
#379 = CARTESIAN_POINT ( 'NONE',  ( -4.189777606611760026E-14, -17.50000000000000000, 6.000000000000000000 ) ) ;
#380 = ADVANCED_FACE ( 'NONE', ( #701 ), #2102, .F. ) ;
#381 = VECTOR ( 'NONE', #329, 1000.000000000000000 ) ;
#382 = VERTEX_POINT ( 'NONE', #2128 ) ;
#383 = DIRECTION ( 'NONE',  ( 0.000000000000000000, 1.000000000000000000, -0.000000000000000000 ) ) ;
#384 = DIRECTION ( 'NONE',  ( -1.000000000000000000, 0.000000000000000000, 0.000000000000000000 ) ) ;
#385 = EDGE_LOOP ( 'NONE', ( #33, #1050 ) ) ;
#386 = ORIENTED_EDGE ( 'NONE', *, *, #915, .F. ) ;
#387 = CARTESIAN_POINT ( 'NONE',  ( -5.999999999999999112, 17.50000000000000000, -6.284666409917640040E-14 ) ) ;
#388 = CARTESIAN_POINT ( 'NONE',  ( 14.00000000000000000, -14.50000000000000000, -10.00000000000000000 ) ) ;
#389 = EDGE_CURVE ( 'NONE', #1238, #121, #89, .T. ) ;
#390 = ORIENTED_EDGE ( 'NONE', *, *, #1023, .T. ) ;
#391 = CYLINDRICAL_SURFACE ( 'NONE', #276, 2.000000000000000000 ) ;
#392 = FACE_OUTER_BOUND ( 'NONE', #927, .T. ) ;
#393 = ORIENTED_EDGE ( 'NONE', *, *, #362, .F. ) ;
#394 = VERTEX_POINT ( 'NONE', #1576 ) ;
#395 = CARTESIAN_POINT ( 'NONE',  ( 0.000000000000000000, -19.50000000000000000, -10.00000000000000000 ) ) ;
#396 = DIRECTION ( 'NONE',  ( -0.000000000000000000, 1.000000000000000000, -0.000000000000000000 ) ) ;
#397 = ORIENTED_EDGE ( 'NONE', *, *, #710, .T. ) ;
#398 = LINE ( 'NONE', #2175, #1218 ) ;
#399 = CARTESIAN_POINT ( 'NONE',  ( 0.000000000000000000, -17.50000000000000000, -6.000000000000000000 ) ) ;
#400 = ADVANCED_FACE ( 'NONE', ( #7, #1411 ), #1944, .T. ) ;
#401 = DIRECTION ( 'NONE',  ( 1.000000000000000000, 0.000000000000000000, -1.734723475976807094E-16 ) ) ;
#402 = DIRECTION ( 'NONE',  ( 0.000000000000000000, 1.000000000000000000, -0.000000000000000000 ) ) ;
#403 = CARTESIAN_POINT ( 'NONE',  ( 11.17157287525381015, -4.189777606611760026E-14, -6.000000000000001776 ) ) ;
#404 = EDGE_CURVE ( 'NONE', #848, #1641, #2086, .T. ) ;
#405 = CIRCLE ( 'NONE', #697, 2.000000000000000000 ) ;
#406 = VERTEX_POINT ( 'NONE', #1173 ) ;
#407 = CIRCLE ( 'NONE', #1068, 2.000000000000000000 ) ;
#408 = ORIENTED_EDGE ( 'NONE', *, *, #2201, .T. ) ;
#409 = AXIS2_PLACEMENT_3D ( 'NONE', #387, #1276, #1822 ) ;
#410 = PRODUCT_DEFINITION ( 'UNKNOWN', '', #39, #1591 ) ;
#411 = CYLINDRICAL_SURFACE ( 'NONE', #1000, 1.000000000000000000 ) ;
#412 = CIRCLE ( 'NONE', #522, 0.9999999999999995559 ) ;
#413 = ORIENTED_EDGE ( 'NONE', *, *, #326, .F. ) ;
#414 = CARTESIAN_POINT ( 'NONE',  ( 0.000000000000000000, 14.50000000000000000, 0.000000000000000000 ) ) ;
#415 = CARTESIAN_POINT ( 'NONE',  ( -4.189777606611760026E-14, -19.50000000000000000, 6.000000000000000000 ) ) ;
#416 = CIRCLE ( 'NONE', #930, 2.000000000000000000 ) ;
#417 = DIRECTION ( 'NONE',  ( 0.000000000000000000, 1.000000000000000000, -0.000000000000000000 ) ) ;
#418 = DIRECTION ( 'NONE',  ( 0.000000000000000000, 1.000000000000000000, -0.000000000000000000 ) ) ;
#419 = ADVANCED_FACE ( 'NONE', ( #606, #1482 ), #596, .T. ) ;
#420 = ORIENTED_EDGE ( 'NONE', *, *, #2241, .T. ) ;
#421 = DIRECTION ( 'NONE',  ( 0.000000000000000000, 1.000000000000000000, -0.000000000000000000 ) ) ;
#422 = EDGE_LOOP ( 'NONE', ( #1496, #1623 ) ) ;
#423 = DIRECTION ( 'NONE',  ( -0.000000000000000000, 1.000000000000000000, -0.000000000000000000 ) ) ;
#424 = EDGE_LOOP ( 'NONE', ( #1689, #803 ) ) ;
#425 = CARTESIAN_POINT ( 'NONE',  ( -4.202024074603233541E-14, -14.50000000000000000, 7.000000000000000000 ) ) ;
#426 = DIRECTION ( 'NONE',  ( 0.000000000000000000, 1.000000000000000000, -0.000000000000000000 ) ) ;
#427 = DIRECTION ( 'NONE',  ( 0.000000000000000000, 0.000000000000000000, 1.000000000000000000 ) ) ;
#428 = DIRECTION ( 'NONE',  ( -1.000000000000000000, 0.000000000000000000, 1.734723475976807094E-16 ) ) ;
#429 = ORIENTED_EDGE ( 'NONE', *, *, #1172, .F. ) ;
#430 = DIRECTION ( 'NONE',  ( 1.000000000000000000, -0.000000000000000000, -0.000000000000000000 ) ) ;
#431 = ORIENTED_EDGE ( 'NONE', *, *, #480, .F. ) ;
#432 = EDGE_CURVE ( 'NONE', #213, #630, #1458, .T. ) ;
#433 = CARTESIAN_POINT ( 'NONE',  ( -4.177531138620286512E-14, 17.50000000000000000, 7.000000000000000000 ) ) ;
#434 = FACE_OUTER_BOUND ( 'NONE', #873, .T. ) ;
#435 = AXIS2_PLACEMENT_3D ( 'NONE', #1166, #137, #1176 ) ;
#436 = CARTESIAN_POINT ( 'NONE',  ( 16.00000000000000000, -4.165284670628812997E-14, -8.000000000000003553 ) ) ;
#437 = EDGE_LOOP ( 'NONE', ( #1416, #491 ) ) ;
#438 = LINE ( 'NONE', #1465, #1589 ) ;
#439 = AXIS2_PLACEMENT_3D ( 'NONE', #1495, #809, #622 ) ;
#440 = FACE_OUTER_BOUND ( 'NONE', #188, .T. ) ;
#441 = CARTESIAN_POINT ( 'NONE',  ( 6.000000000000000000, -17.50000000000000000, 2.094888803305880013E-14 ) ) ;
#442 = ORIENTED_EDGE ( 'NONE', *, *, #1947, .T. ) ;
#443 = APPLICATION_PROTOCOL_DEFINITION ( 'draft international standard', 'automotive_design', 1998, #1523 ) ;
#444 = VERTEX_POINT ( 'NONE', #807 ) ;
#445 = VECTOR ( 'NONE', #396, 1000.000000000000000 ) ;
#446 = AXIS2_PLACEMENT_3D ( 'NONE', #639, #1671, #2030 ) ;
#447 = CYLINDRICAL_SURFACE ( 'NONE', #186, 8.250000000000000000 ) ;
#448 = CIRCLE ( 'NONE', #1273, 1.000000000000000000 ) ;
#449 = EDGE_CURVE ( 'NONE', #716, #394, #632, .T. ) ;
#450 = ADVANCED_FACE ( 'NONE', ( #1998 ), #1847, .F. ) ;
#451 = PLANE ( 'NONE',  #518 ) ;
#452 = AXIS2_PLACEMENT_3D ( 'NONE', #2063, #293, #1522 ) ;
#453 = ORIENTED_EDGE ( 'NONE', *, *, #595, .T. ) ;
#454 = CARTESIAN_POINT ( 'NONE',  ( -5.999999999999999112, 17.50000000000000000, 0.9999999999999369393 ) ) ;
#455 = CIRCLE ( 'NONE', #1796, 0.9999999999999991118 ) ;
#456 = CYLINDRICAL_SURFACE ( 'NONE', #1938, 0.9999999999999997780 ) ;
#457 = CARTESIAN_POINT ( 'NONE',  ( 14.00000000000000000, 19.50000000000000000, 10.00000000000000000 ) ) ;
#458 = AXIS2_PLACEMENT_3D ( 'NONE', #1845, #296, #1350 ) ;
#459 = ORIENTED_EDGE ( 'NONE', *, *, #376, .F. ) ;
#460 = AXIS2_PLACEMENT_3D ( 'NONE', #819, #172, #1191 ) ;
#461 = CARTESIAN_POINT ( 'NONE',  ( 11.17157287525381015, 0.000000000000000000, 5.999999999999998224 ) ) ;
#462 = EDGE_CURVE ( 'NONE', #121, #1238, #1114, .T. ) ;
#463 = ORIENTED_EDGE ( 'NONE', *, *, #1226, .T. ) ;
#464 = DIRECTION ( 'NONE',  ( -0.000000000000000000, 1.000000000000000000, -0.000000000000000000 ) ) ;
#465 = CYLINDRICAL_SURFACE ( 'NONE', #2083, 1.000000000000000000 ) ;
#466 = ADVANCED_FACE ( 'NONE', ( #981 ), #582, .F. ) ;
#467 = DIRECTION ( 'NONE',  ( -0.000000000000000000, -1.000000000000000000, -0.000000000000000000 ) ) ;
#468 = DIRECTION ( 'NONE',  ( -0.000000000000000000, 1.000000000000000000, -0.000000000000000000 ) ) ;
#469 = CARTESIAN_POINT ( 'NONE',  ( 6.000000000000000000, 17.50000000000000000, 2.094888803305880013E-14 ) ) ;
#470 = ORIENTED_EDGE ( 'NONE', *, *, #102, .T. ) ;
#471 = CARTESIAN_POINT ( 'NONE',  ( -5.999999999999999112, -17.50000000000000000, 1.999999999999937161 ) ) ;
#472 = CARTESIAN_POINT ( 'NONE',  ( -4.189777606611760026E-14, -17.50000000000000000, 6.000000000000000000 ) ) ;
#473 = DIRECTION ( 'NONE',  ( -0.000000000000000000, -1.000000000000000000, -0.000000000000000000 ) ) ;
#474 = LINE ( 'NONE', #1524, #1688 ) ;
#475 = ORIENTED_EDGE ( 'NONE', *, *, #1720, .T. ) ;
#476 = CARTESIAN_POINT ( 'NONE',  ( 0.000000000000000000, 14.50000000000000000, -10.00000000000000000 ) ) ;
#477 = DIRECTION ( 'NONE',  ( -1.000000000000000000, -0.000000000000000000, 1.734723475976807587E-16 ) ) ;
#478 = CARTESIAN_POINT ( 'NONE',  ( 0.000000000000000000, 19.50000000000000000, 0.000000000000000000 ) ) ;
#479 = ORIENTED_EDGE ( 'NONE', *, *, #1609, .T. ) ;
#480 = EDGE_CURVE ( 'NONE', #168, #351, #962, .T. ) ;
#481 = EDGE_LOOP ( 'NONE', ( #1058, #1928, #375, #31 ) ) ;
#482 = DIRECTION ( 'NONE',  ( -1.000000000000000000, 0.000000000000000000, 1.734723475976807094E-16 ) ) ;
#483 = CIRCLE ( 'NONE', #1358, 10.00000000000000000 ) ;
#484 = DIRECTION ( 'NONE',  ( -0.000000000000000000, 1.000000000000000000, -0.000000000000000000 ) ) ;
#485 = VERTEX_POINT ( 'NONE', #1806 ) ;
#486 = FACE_BOUND ( 'NONE', #385, .T. ) ;
#487 = ORIENTED_EDGE ( 'NONE', *, *, #753, .F. ) ;
#488 = AXIS2_PLACEMENT_3D ( 'NONE', #1674, #2168, #2193 ) ;
#489 = DIRECTION ( 'NONE',  ( -0.000000000000000000, 1.000000000000000000, -0.000000000000000000 ) ) ;
#490 = DIRECTION ( 'NONE',  ( -1.000000000000000000, 0.000000000000000000, 0.000000000000000000 ) ) ;
#491 = ORIENTED_EDGE ( 'NONE', *, *, #1961, .T. ) ;
#492 = AXIS2_PLACEMENT_3D ( 'NONE', #509, #1183, #1341 ) ;
#493 = ORIENTED_EDGE ( 'NONE', *, *, #951, .F. ) ;
#494 = FACE_OUTER_BOUND ( 'NONE', #666, .T. ) ;
#495 = DIRECTION ( 'NONE',  ( 1.000000000000000000, -0.000000000000000000, -1.734723475976807341E-16 ) ) ;
#496 = ORIENTED_EDGE ( 'NONE', *, *, #1083, .F. ) ;
#497 = CARTESIAN_POINT ( 'NONE',  ( 0.000000000000000000, 17.50000000000000000, -7.000000000000000000 ) ) ;
#498 = EDGE_LOOP ( 'NONE', ( #537, #1412 ) ) ;
#499 = CARTESIAN_POINT ( 'NONE',  ( 16.00000000000000000, -4.189777606611760026E-14, -7.000000000000001776 ) ) ;
#500 = ORIENTED_EDGE ( 'NONE', *, *, #1260, .T. ) ;
#501 = ORIENTED_EDGE ( 'NONE', *, *, #1129, .F. ) ;
#502 = ADVANCED_FACE ( 'NONE', ( #770 ), #945, .F. ) ;
#503 = FILL_AREA_STYLE_COLOUR ( '', #1618 ) ;
#504 = ORIENTED_EDGE ( 'NONE', *, *, #1624, .T. ) ;
#505 = CARTESIAN_POINT ( 'NONE',  ( -4.177531138620286512E-14, 14.50000000000000000, 7.000000000000000000 ) ) ;
#506 = LINE ( 'NONE', #1897, #1942 ) ;
#507 = EDGE_CURVE ( 'NONE', #1717, #406, #970, .T. ) ;
#508 = ORIENTED_EDGE ( 'NONE', *, *, #343, .T. ) ;
#509 = CARTESIAN_POINT ( 'NONE',  ( 0.000000000000000000, -14.50000000000000000, -6.000000000000000000 ) ) ;
#510 = LINE ( 'NONE', #1742, #364 ) ;
#511 = CIRCLE ( 'NONE', #1819, 2.000000000000000000 ) ;
#512 = DIRECTION ( 'NONE',  ( 0.000000000000000000, 1.000000000000000000, -0.000000000000000000 ) ) ;
#513 = CARTESIAN_POINT ( 'NONE',  ( 16.00000000000000000, -6.000000000000000000, -2.000000000000023981 ) ) ;
#514 = DIRECTION ( 'NONE',  ( 0.000000000000000000, 1.000000000000000000, -0.000000000000000000 ) ) ;
#515 = ADVANCED_FACE ( 'NONE', ( #1675 ), #1988, .F. ) ;
#516 = CIRCLE ( 'NONE', #1784, 0.9999999999999991118 ) ;
#517 = ORIENTED_EDGE ( 'NONE', *, *, #612, .F. ) ;
#518 = AXIS2_PLACEMENT_3D ( 'NONE', #1826, #602, #1300 ) ;
#519 = DIRECTION ( 'NONE',  ( 0.000000000000000000, 0.000000000000000000, 1.000000000000000000 ) ) ;
#520 = VERTEX_POINT ( 'NONE', #1978 ) ;
#521 = CARTESIAN_POINT ( 'NONE',  ( 0.000000000000000000, 14.50000000000000000, -7.000000000000000000 ) ) ;
#522 = AXIS2_PLACEMENT_3D ( 'NONE', #1954, #1767, #55 ) ;
#523 = CIRCLE ( 'NONE', #1112, 8.250000000000000000 ) ;
#524 = VECTOR ( 'NONE', #1006, 1000.000000000000000 ) ;
#525 = CIRCLE ( 'NONE', #1798, 1.000000000000000000 ) ;
#526 = DIRECTION ( 'NONE',  ( 1.000000000000000000, -0.000000000000000000, 0.000000000000000000 ) ) ;
#527 = CARTESIAN_POINT ( 'NONE',  ( 0.000000000000000000, 19.50000000000000000, -6.000000000000000000 ) ) ;
#528 = ORIENTED_EDGE ( 'NONE', *, *, #2019, .T. ) ;
#529 = FACE_OUTER_BOUND ( 'NONE', #708, .T. ) ;
#530 = EDGE_LOOP ( 'NONE', ( #746, #1261, #973, #607 ) ) ;
#531 = DIRECTION ( 'NONE',  ( 0.000000000000000000, 0.000000000000000000, -1.000000000000000000 ) ) ;
#532 = LINE ( 'NONE', #1965, #2197 ) ;
#533 = LINE ( 'NONE', #513, #665 ) ;
#534 = CYLINDRICAL_SURFACE ( 'NONE', #583, 2.000000000000000000 ) ;
#535 = ORIENTED_EDGE ( 'NONE', *, *, #2038, .F. ) ;
#536 = DIRECTION ( 'NONE',  ( 0.000000000000000000, 0.000000000000000000, 1.000000000000000000 ) ) ;
#537 = ORIENTED_EDGE ( 'NONE', *, *, #1624, .F. ) ;
#538 = EDGE_CURVE ( 'NONE', #295, #1748, #1512, .T. ) ;
#539 = VECTOR ( 'NONE', #303, 1000.000000000000000 ) ;
#540 = EDGE_CURVE ( 'NONE', #1088, #1667, #315, .T. ) ;
#541 = AXIS2_PLACEMENT_3D ( 'NONE', #772, #279, #972 ) ;
#542 = ORIENTED_EDGE ( 'NONE', *, *, #2023, .F. ) ;
#543 = LINE ( 'NONE', #211, #339 ) ;
#544 = FACE_OUTER_BOUND ( 'NONE', #1799, .T. ) ;
#545 = EDGE_LOOP ( 'NONE', ( #1935, #906 ) ) ;
#546 = LINE ( 'NONE', #1445, #2016 ) ;
#547 = VECTOR ( 'NONE', #1327, 1000.000000000000000 ) ;
#548 = DIRECTION ( 'NONE',  ( -0.000000000000000000, 1.000000000000000000, -0.000000000000000000 ) ) ;
#549 = CARTESIAN_POINT ( 'NONE',  ( -5.999999999999999112, 19.50000000000000000, -6.284666409917640040E-14 ) ) ;
#550 = DIRECTION ( 'NONE',  ( 0.000000000000000000, 1.000000000000000000, -0.000000000000000000 ) ) ;
#551 = CIRCLE ( 'NONE', #856, 2.000000000000000000 ) ;
#552 = EDGE_LOOP ( 'NONE', ( #1518, #64, #393, #752 ) ) ;
#553 = AXIS2_PLACEMENT_3D ( 'NONE', #806, #489, #1492 ) ;
#554 = EDGE_CURVE ( 'NONE', #897, #1818, #1620, .T. ) ;
#555 = VERTEX_POINT ( 'NONE', #77 ) ;
#556 = AXIS2_PLACEMENT_3D ( 'NONE', #196, #1241, #116 ) ;
#557 = CIRCLE ( 'NONE', #458, 0.9999999999999997780 ) ;
#558 = LINE ( 'NONE', #62, #298 ) ;
#559 = CARTESIAN_POINT ( 'NONE',  ( 0.000000000000000000, -19.50000000000000000, -6.000000000000000000 ) ) ;
#560 = CIRCLE ( 'NONE', #1839, 2.000000000000000000 ) ;
#561 = ORIENTED_EDGE ( 'NONE', *, *, #572, .F. ) ;
#562 = DIRECTION ( 'NONE',  ( 0.000000000000000000, 0.000000000000000000, -1.000000000000000000 ) ) ;
#563 = CARTESIAN_POINT ( 'NONE',  ( 14.00000000000000000, 0.000000000000000000, 7.999999999999998224 ) ) ;
#564 = ORIENTED_EDGE ( 'NONE', *, *, #274, .T. ) ;
#565 = EDGE_LOOP ( 'NONE', ( #1704, #420 ) ) ;
#566 = EDGE_CURVE ( 'NONE', #1844, #80, #1468, .T. ) ;
#567 = DIRECTION ( 'NONE',  ( 0.000000000000000000, 0.000000000000000000, 1.000000000000000000 ) ) ;
#568 = ORIENTED_EDGE ( 'NONE', *, *, #540, .T. ) ;
#569 = ADVANCED_FACE ( 'NONE', ( #1353 ), #1552, .F. ) ;
#570 = DIRECTION ( 'NONE',  ( 0.000000000000000000, 1.000000000000000000, -0.000000000000000000 ) ) ;
#571 = FACE_OUTER_BOUND ( 'NONE', #1654, .T. ) ;
#572 = EDGE_CURVE ( 'NONE', #1945, #80, #1587, .T. ) ;
#573 = FACE_BOUND ( 'NONE', #1357, .T. ) ;
#574 = CARTESIAN_POINT ( 'NONE',  ( 6.000000000000000000, -17.50000000000000000, 1.000000000000021094 ) ) ;
#575 = ORIENTED_EDGE ( 'NONE', *, *, #1107, .F. ) ;
#576 = ORIENTED_EDGE ( 'NONE', *, *, #2118, .T. ) ;
#577 = DIRECTION ( 'NONE',  ( 0.000000000000000000, 0.000000000000000000, 1.000000000000000000 ) ) ;
#578 = ORIENTED_EDGE ( 'NONE', *, *, #863, .T. ) ;
#579 = CARTESIAN_POINT ( 'NONE',  ( 0.000000000000000000, -14.50000000000000000, 0.000000000000000000 ) ) ;
#580 = EDGE_CURVE ( 'NONE', #2229, #221, #2158, .T. ) ;
#581 = CARTESIAN_POINT ( 'NONE',  ( 6.000000000000000000, -17.50000000000000000, 2.094888803305880013E-14 ) ) ;
#582 = CYLINDRICAL_SURFACE ( 'NONE', #347, 2.000000000000000888 ) ;
#583 = AXIS2_PLACEMENT_3D ( 'NONE', #1744, #707, #1415 ) ;
#584 = EDGE_LOOP ( 'NONE', ( #1413, #1701 ) ) ;
#585 = ORIENTED_EDGE ( 'NONE', *, *, #2064, .T. ) ;
#586 = AXIS2_PLACEMENT_3D ( 'NONE', #949, #1290, #567 ) ;
#587 = DIRECTION ( 'NONE',  ( 0.000000000000000000, -1.000000000000000000, 0.000000000000000000 ) ) ;
#588 = DIRECTION ( 'NONE',  ( 0.000000000000000000, 0.000000000000000000, 1.000000000000000000 ) ) ;
#589 = CIRCLE ( 'NONE', #553, 0.9999999999999997780 ) ;
#590 = ORIENTED_EDGE ( 'NONE', *, *, #404, .T. ) ;
#591 = FACE_OUTER_BOUND ( 'NONE', #1387, .T. ) ;
#592 = CARTESIAN_POINT ( 'NONE',  ( 11.17157287525381015, 6.000000000000000000, -1.000000000000022649 ) ) ;
#593 = AXIS2_PLACEMENT_3D ( 'NONE', #994, #153, #1539 ) ;
#594 = CARTESIAN_POINT ( 'NONE',  ( -4.189777606611760026E-14, -17.50000000000000000, 6.000000000000000000 ) ) ;
#595 = EDGE_CURVE ( 'NONE', #1328, #1915, #776, .T. ) ;
#596 = PLANE ( 'NONE',  #201 ) ;
#597 = ORIENTED_EDGE ( 'NONE', *, *, #1438, .T. ) ;
#598 = DIRECTION ( 'NONE',  ( 0.000000000000000000, 0.000000000000000000, 1.000000000000000000 ) ) ;
#599 = ORIENTED_EDGE ( 'NONE', *, *, #1754, .T. ) ;
#600 = CARTESIAN_POINT ( 'NONE',  ( 2.449293598294706414E-16, 17.50000000000000000, -8.000000000000000000 ) ) ;
#601 = LINE ( 'NONE', #1299, #1322 ) ;
#602 = DIRECTION ( 'NONE',  ( 0.000000000000000000, 1.000000000000000000, -0.000000000000000000 ) ) ;
#603 = ORIENTED_EDGE ( 'NONE', *, *, #2241, .F. ) ;
#604 = DIRECTION ( 'NONE',  ( 0.000000000000000000, -1.000000000000000000, 0.000000000000000000 ) ) ;
#605 = CARTESIAN_POINT ( 'NONE',  ( -4.189777606611760026E-14, -14.50000000000000000, 6.000000000000000000 ) ) ;
#606 = FACE_BOUND ( 'NONE', #1995, .T. ) ;
#607 = ORIENTED_EDGE ( 'NONE', *, *, #1664, .T. ) ;
#608 = DIRECTION ( 'NONE',  ( 0.000000000000000000, 0.000000000000000000, 1.000000000000000000 ) ) ;
#609 = VERTEX_POINT ( 'NONE', #174 ) ;
#610 = EDGE_CURVE ( 'NONE', #87, #1848, #2206, .T. ) ;
#611 = EDGE_CURVE ( 'NONE', #2147, #1454, #1655, .T. ) ;
#612 = EDGE_CURVE ( 'NONE', #878, #1148, #1215, .T. ) ;
#613 = DIRECTION ( 'NONE',  ( -1.000000000000000000, 0.000000000000000000, 0.000000000000000000 ) ) ;
#614 = AXIS2_PLACEMENT_3D ( 'NONE', #2200, #1051, #827 ) ;
#615 = CARTESIAN_POINT ( 'NONE',  ( -5.999999999999999112, -14.50000000000000000, -6.284666409917640040E-14 ) ) ;
#616 = ORIENTED_EDGE ( 'NONE', *, *, #1242, .F. ) ;
#617 = CARTESIAN_POINT ( 'NONE',  ( 6.000000000000000000, -17.50000000000000000, -1.999999999999979128 ) ) ;
#618 = AXIS2_PLACEMENT_3D ( 'NONE', #549, #1768, #217 ) ;
#619 = CYLINDRICAL_SURFACE ( 'NONE', #488, 0.9999999999999991118 ) ;
#620 = EDGE_CURVE ( 'NONE', #1229, #1004, #1546, .T. ) ;
#621 = ORIENTED_EDGE ( 'NONE', *, *, #1951, .T. ) ;
#622 = DIRECTION ( 'NONE',  ( 0.000000000000000000, 0.000000000000000000, -1.000000000000000000 ) ) ;
#623 = AXIS2_PLACEMENT_3D ( 'NONE', #659, #638, #1533 ) ;
#624 = EDGE_CURVE ( 'NONE', #857, #118, #1227, .T. ) ;
#625 = PRESENTATION_LAYER_ASSIGNMENT (  '', '', ( #1281 ) ) ;
#626 = CARTESIAN_POINT ( 'NONE',  ( 16.00000000000000000, -6.000000000000000000, -2.372444559462168833E-14 ) ) ;
#627 = AXIS2_PLACEMENT_3D ( 'NONE', #919, #1993, #247 ) ;
#628 = VECTOR ( 'NONE', #1883, 1000.000000000000000 ) ;
#629 = LINE ( 'NONE', #1714, #130 ) ;
#630 = VERTEX_POINT ( 'NONE', #2245 ) ;
#631 = CARTESIAN_POINT ( 'NONE',  ( 6.000000000000000000, 17.50000000000000000, -0.9999999999999790168 ) ) ;
#632 = CIRCLE ( 'NONE', #237, 2.000000000000000888 ) ;
#633 = FACE_OUTER_BOUND ( 'NONE', #1595, .T. ) ;
#634 = CIRCLE ( 'NONE', #1513, 0.9999999999999995559 ) ;
#635 = VERTEX_POINT ( 'NONE', #499 ) ;
#636 = DIRECTION ( 'NONE',  ( -1.000000000000000000, 0.000000000000000000, 0.000000000000000000 ) ) ;
#637 = CARTESIAN_POINT ( 'NONE',  ( 0.000000000000000000, -14.50000000000000000, -10.00000000000000000 ) ) ;
#638 = DIRECTION ( 'NONE',  ( -1.000000000000000000, 0.000000000000000000, 1.734723475976807094E-16 ) ) ;
#639 = CARTESIAN_POINT ( 'NONE',  ( 14.00000000000000000, -4.189777606611760026E-14, -6.000000000000002665 ) ) ;
#640 = ORIENTED_EDGE ( 'NONE', *, *, #876, .F. ) ;
#641 = LINE ( 'NONE', #1700, #673 ) ;
#642 = DIRECTION ( 'NONE',  ( 0.000000000000000000, 0.000000000000000000, 1.000000000000000000 ) ) ;
#643 = EDGE_CURVE ( 'NONE', #1955, #649, #2089, .T. ) ;
#644 = CARTESIAN_POINT ( 'NONE',  ( 0.000000000000000000, 17.50000000000000000, -4.000000000000000000 ) ) ;
#645 = ORIENTED_EDGE ( 'NONE', *, *, #1899, .T. ) ;
#646 = ORIENTED_EDGE ( 'NONE', *, *, #952, .T. ) ;
#647 = SURFACE_STYLE_FILL_AREA ( #1208 ) ;
#648 = LINE ( 'NONE', #1337, #547 ) ;
#649 = VERTEX_POINT ( 'NONE', #1900 ) ;
#650 = CARTESIAN_POINT ( 'NONE',  ( -4.189777606611760026E-14, 14.50000000000000000, 5.000000000000000000 ) ) ;
#651 = ORIENTED_EDGE ( 'NONE', *, *, #106, .T. ) ;
#652 = CARTESIAN_POINT ( 'NONE',  ( 22.10000000000000142, 0.000000000000000000, 8.250000000000000000 ) ) ;
#653 = EDGE_CURVE ( 'NONE', #2170, #1256, #2235, .T. ) ;
#654 = CARTESIAN_POINT ( 'NONE',  ( 14.00000000000000000, 0.000000000000000000, 5.999999999999997335 ) ) ;
#655 = CIRCLE ( 'NONE', #1311, 2.000000000000000000 ) ;
#656 = ORIENTED_EDGE ( 'NONE', *, *, #149, .T. ) ;
#657 = ORIENTED_EDGE ( 'NONE', *, *, #1498, .F. ) ;
#658 = EDGE_CURVE ( 'NONE', #692, #1945, #340, .T. ) ;
#659 = CARTESIAN_POINT ( 'NONE',  ( 16.00000000000000000, 0.000000000000000000, 5.999999999999997335 ) ) ;
#660 = CIRCLE ( 'NONE', #1318, 2.000000000000000000 ) ;
#661 = PRODUCT_DEFINITION_SHAPE ( 'NONE', 'NONE',  #410 ) ;
#662 = CARTESIAN_POINT ( 'NONE',  ( 16.00000000000000000, 6.000000000000000000, -1.000000000000023315 ) ) ;
#663 = ORIENTED_EDGE ( 'NONE', *, *, #1733, .F. ) ;
#664 = CARTESIAN_POINT ( 'NONE',  ( 6.000000000000000000, 14.50000000000000000, 2.094888803305880013E-14 ) ) ;
#665 = VECTOR ( 'NONE', #35, 1000.000000000000000 ) ;
#666 = EDGE_LOOP ( 'NONE', ( #1956, #236, #2130, #1782 ) ) ;
#667 = CIRCLE ( 'NONE', #1756, 1.000000000000000000 ) ;
#668 = CARTESIAN_POINT ( 'NONE',  ( -5.999999999999999112, -17.50000000000000000, -6.284666409917640040E-14 ) ) ;
#669 = AXIS2_PLACEMENT_3D ( 'NONE', #1419, #384, #894 ) ;
#670 = ORIENTED_EDGE ( 'NONE', *, *, #1026, .T. ) ;
#671 = EDGE_CURVE ( 'NONE', #351, #168, #377, .T. ) ;
#672 = VECTOR ( 'NONE', #53, 1000.000000000000000 ) ;
#673 = VECTOR ( 'NONE', #467, 1000.000000000000000 ) ;
#674 = ADVANCED_FACE ( 'NONE', ( #1530 ), #1016, .F. ) ;
#675 = DIRECTION ( 'NONE',  ( 0.000000000000000000, 1.000000000000000000, -0.000000000000000000 ) ) ;
#676 = ADVANCED_FACE ( 'NONE', ( #1027, #1517 ), #300, .T. ) ;
#677 = CARTESIAN_POINT ( 'NONE',  ( 19.00000000000000355, -4.189777606611760026E-14, -6.000000000000003553 ) ) ;
#678 = FACE_OUTER_BOUND ( 'NONE', #258, .T. ) ;
#679 = ORIENTED_EDGE ( 'NONE', *, *, #1716, .F. ) ;
#680 = CYLINDRICAL_SURFACE ( 'NONE', #1044, 2.000000000000000000 ) ;
#681 = ORIENTED_EDGE ( 'NONE', *, *, #1481, .F. ) ;
#682 = DIRECTION ( 'NONE',  ( 0.000000000000000000, 0.000000000000000000, 1.000000000000000000 ) ) ;
#683 = DIRECTION ( 'NONE',  ( 0.000000000000000000, 0.000000000000000000, 1.000000000000000000 ) ) ;
#684 = EDGE_CURVE ( 'NONE', #3, #1179, #132, .T. ) ;
#685 = CARTESIAN_POINT ( 'NONE',  ( 11.17157287525381015, -4.177531138620286512E-14, -5.000000000000002665 ) ) ;
#686 = ORIENTED_EDGE ( 'NONE', *, *, #1260, .F. ) ;
#687 = CARTESIAN_POINT ( 'NONE',  ( 16.00000000000000000, 6.000000000000000000, -2.372444559462168833E-14 ) ) ;
#688 = DIRECTION ( 'NONE',  ( 0.000000000000000000, 0.000000000000000000, -1.000000000000000000 ) ) ;
#689 = ORIENTED_EDGE ( 'NONE', *, *, #1199, .T. ) ;
#690 = DIRECTION ( 'NONE',  ( 0.000000000000000000, 0.000000000000000000, 1.000000000000000000 ) ) ;
#691 = ORIENTED_EDGE ( 'NONE', *, *, #73, .F. ) ;
#692 = VERTEX_POINT ( 'NONE', #2060 ) ;
#693 = DIRECTION ( 'NONE',  ( 1.000000000000000000, -0.000000000000000000, -1.734723475976807341E-16 ) ) ;
#694 = ORIENTED_EDGE ( 'NONE', *, *, #1764, .F. ) ;
#695 = DIRECTION ( 'NONE',  ( 1.000000000000000000, 0.000000000000000000, 0.000000000000000000 ) ) ;
#696 = CYLINDRICAL_SURFACE ( 'NONE', #1390, 1.000000000000000000 ) ;
#697 = AXIS2_PLACEMENT_3D ( 'NONE', #1636, #764, #1126 ) ;
#698 = VERTEX_POINT ( 'NONE', #1206 ) ;
#699 = CIRCLE ( 'NONE', #1108, 2.000000000000000000 ) ;
#700 = CARTESIAN_POINT ( 'NONE',  ( 22.09999999999999787, 0.000000000000000000, -10.00000000000000000 ) ) ;
#701 = FACE_OUTER_BOUND ( 'NONE', #1761, .T. ) ;
#702 = AXIS2_PLACEMENT_3D ( 'NONE', #1331, #1997, #1830 ) ;
#703 = VECTOR ( 'NONE', #1921, 1000.000000000000000 ) ;
#704 = AXIS2_PLACEMENT_3D ( 'NONE', #1857, #822, #1711 ) ;
#705 = VERTEX_POINT ( 'NONE', #1718 ) ;
#706 = CYLINDRICAL_SURFACE ( 'NONE', #2084, 1.000000000000000000 ) ;
#707 = DIRECTION ( 'NONE',  ( -0.000000000000000000, 1.000000000000000000, -0.000000000000000000 ) ) ;
#708 = EDGE_LOOP ( 'NONE', ( #528, #479, #501, #616 ) ) ;
#709 = CYLINDRICAL_SURFACE ( 'NONE', #2125, 2.000000000000000000 ) ;
#710 = EDGE_CURVE ( 'NONE', #1573, #2141, #1474, .T. ) ;
#711 = ORIENTED_EDGE ( 'NONE', *, *, #1400, .F. ) ;
#712 = DIRECTION ( 'NONE',  ( -1.000000000000000000, 0.000000000000000000, 0.000000000000000000 ) ) ;
#713 = DIRECTION ( 'NONE',  ( -0.000000000000000000, -1.000000000000000000, -0.000000000000000000 ) ) ;
#714 = ORIENTED_EDGE ( 'NONE', *, *, #1451, .F. ) ;
#715 = ADVANCED_FACE ( 'NONE', ( #1608 ), #1239, .F. ) ;
#716 = VERTEX_POINT ( 'NONE', #1398 ) ;
#717 = CARTESIAN_POINT ( 'NONE',  ( 0.000000000000000000, -17.50000000000000000, -6.000000000000000000 ) ) ;
#718 = PLANE ( 'NONE',  #1038 ) ;
#719 = ORIENTED_EDGE ( 'NONE', *, *, #863, .F. ) ;
#720 = DIRECTION ( 'NONE',  ( 0.000000000000000000, 1.000000000000000000, 0.000000000000000000 ) ) ;
#721 = EDGE_CURVE ( 'NONE', #1972, #1307, #1042, .T. ) ;
#722 = CARTESIAN_POINT ( 'NONE',  ( 0.000000000000000000, -14.50000000000000000, -6.000000000000000000 ) ) ;
#723 = DIRECTION ( 'NONE',  ( 0.000000000000000000, 0.000000000000000000, -1.000000000000000000 ) ) ;
#724 = ORIENTED_EDGE ( 'NONE', *, *, #1325, .F. ) ;
#725 = CIRCLE ( 'NONE', #1570, 2.000000000000000000 ) ;
#726 = VERTEX_POINT ( 'NONE', #1233 ) ;
#727 = EDGE_LOOP ( 'NONE', ( #905, #1747, #1918, #2075 ) ) ;
#728 = CARTESIAN_POINT ( 'NONE',  ( 0.000000000000000000, 14.50000000000000000, 10.00000000000000000 ) ) ;
#729 = CARTESIAN_POINT ( 'NONE',  ( -5.999999999999999112, -17.50000000000000000, -6.284666409917640040E-14 ) ) ;
#730 = ORIENTED_EDGE ( 'NONE', *, *, #865, .T. ) ;
#731 = CARTESIAN_POINT ( 'NONE',  ( -4.189777606611760026E-14, -19.50000000000000000, 6.000000000000000000 ) ) ;
#732 = CIRCLE ( 'NONE', #1727, 1.000000000000000000 ) ;
#733 = CIRCLE ( 'NONE', #2008, 2.000000000000000000 ) ;
#734 = LINE ( 'NONE', #2145, #1223 ) ;
#735 = CARTESIAN_POINT ( 'NONE',  ( -5.999999999999999112, -14.50000000000000000, -1.000000000000062617 ) ) ;
#736 = EDGE_CURVE ( 'NONE', #698, #1972, #40, .T. ) ;
#737 = ORIENTED_EDGE ( 'NONE', *, *, #73, .T. ) ;
#738 = AXIS2_PLACEMENT_3D ( 'NONE', #1171, #1361, #1019 ) ;
#739 = VECTOR ( 'NONE', #1277, 1000.000000000000000 ) ;
#740 = ORIENTED_EDGE ( 'NONE', *, *, #34, .F. ) ;
#741 = EDGE_CURVE ( 'NONE', #301, #373, #240, .T. ) ;
#742 = EDGE_CURVE ( 'NONE', #726, #885, #634, .T. ) ;
#743 = AXIS2_PLACEMENT_3D ( 'NONE', #731, #2098, #562 ) ;
#744 = DIRECTION ( 'NONE',  ( 0.000000000000000000, 0.000000000000000000, 1.000000000000000000 ) ) ;
#745 = CIRCLE ( 'NONE', #1440, 1.000000000000000000 ) ;
#746 = ORIENTED_EDGE ( 'NONE', *, *, #1268, .F. ) ;
#747 = CARTESIAN_POINT ( 'NONE',  ( 6.000000000000000000, -19.50000000000000000, 2.094888803305880013E-14 ) ) ;
#748 = DIRECTION ( 'NONE',  ( 0.000000000000000000, 1.000000000000000000, -0.000000000000000000 ) ) ;
#749 = CARTESIAN_POINT ( 'NONE',  ( -5.999999999999999112, 17.50000000000000000, -6.284666409917640040E-14 ) ) ;
#750 = CARTESIAN_POINT ( 'NONE',  ( 19.00000000000000355, 1.224646799147352714E-16, 6.999999999999996447 ) ) ;
#751 = ORIENTED_EDGE ( 'NONE', *, *, #830, .F. ) ;
#752 = ORIENTED_EDGE ( 'NONE', *, *, #1098, .F. ) ;
#753 = EDGE_CURVE ( 'NONE', #1459, #270, #922, .T. ) ;
#754 = DIRECTION ( 'NONE',  ( -0.000000000000000000, 1.000000000000000000, -0.000000000000000000 ) ) ;
#755 = LINE ( 'NONE', #71, #859 ) ;
#756 = ORIENTED_EDGE ( 'NONE', *, *, #1084, .F. ) ;
#757 = FACE_BOUND ( 'NONE', #1626, .T. ) ;
#758 = DIRECTION ( 'NONE',  ( 0.000000000000000000, 0.000000000000000000, 1.000000000000000000 ) ) ;
#759 = CARTESIAN_POINT ( 'NONE',  ( 6.000000000000000000, 17.50000000000000000, 1.000000000000021094 ) ) ;
#760 = CARTESIAN_POINT ( 'NONE',  ( -4.189777606611760026E-14, 17.50000000000000000, 6.000000000000000000 ) ) ;
#761 = EDGE_LOOP ( 'NONE', ( #920, #2215 ) ) ;
#762 = ORIENTED_EDGE ( 'NONE', *, *, #1497, .F. ) ;
#763 = LINE ( 'NONE', #1461, #2048 ) ;
#764 = DIRECTION ( 'NONE',  ( 0.000000000000000000, 1.000000000000000000, -0.000000000000000000 ) ) ;
#765 = EDGE_CURVE ( 'NONE', #726, #1955, #546, .T. ) ;
#766 = ORIENTED_EDGE ( 'NONE', *, *, #1527, .T. ) ;
#767 = CARTESIAN_POINT ( 'NONE',  ( 14.00000000000000000, 0.000000000000000000, 5.999999999999997335 ) ) ;
#768 = CARTESIAN_POINT ( 'NONE',  ( -5.999999999999999112, -19.50000000000000000, 0.9999999999999369393 ) ) ;
#769 = CARTESIAN_POINT ( 'NONE',  ( 0.000000000000000000, 17.50000000000000000, -6.000000000000000000 ) ) ;
#770 = FACE_OUTER_BOUND ( 'NONE', #1802, .T. ) ;
#771 = ORIENTED_EDGE ( 'NONE', *, *, #2188, .T. ) ;
#772 = CARTESIAN_POINT ( 'NONE',  ( 0.000000000000000000, 17.50000000000000000, -6.000000000000000000 ) ) ;
#773 = EDGE_LOOP ( 'NONE', ( #442, #17, #844, #1588 ) ) ;
#774 = DIRECTION ( 'NONE',  ( 0.000000000000000000, 0.000000000000000000, 1.000000000000000000 ) ) ;
#775 = DIRECTION ( 'NONE',  ( 1.000000000000000000, -0.000000000000000000, -1.734723475976807341E-16 ) ) ;
#776 = CIRCLE ( 'NONE', #862, 8.250000000000000000 ) ;
#777 = AXIS2_PLACEMENT_3D ( 'NONE', #1590, #550, #41 ) ;
#778 = FACE_BOUND ( 'NONE', #966, .T. ) ;
#779 = ORIENTED_EDGE ( 'NONE', *, *, #580, .F. ) ;
#780 = DIRECTION ( 'NONE',  ( 1.000000000000000000, -0.000000000000000000, -1.734723475976807341E-16 ) ) ;
#781 = AXIS2_PLACEMENT_3D ( 'NONE', #1388, #324, #519 ) ;
#782 = DIRECTION ( 'NONE',  ( 0.000000000000000000, 0.000000000000000000, 1.000000000000000000 ) ) ;
#783 = ADVANCED_FACE ( 'NONE', ( #1952 ), #391, .F. ) ;
#784 = DIRECTION ( 'NONE',  ( 0.000000000000000000, 0.000000000000000000, 1.000000000000000000 ) ) ;
#785 = EDGE_CURVE ( 'NONE', #792, #878, #1766, .T. ) ;
#786 = ORIENTED_EDGE ( 'NONE', *, *, #624, .F. ) ;
#787 = EDGE_LOOP ( 'NONE', ( #1612, #2026, #982, #328 ) ) ;
#788 = FACE_OUTER_BOUND ( 'NONE', #727, .T. ) ;
#789 = CARTESIAN_POINT ( 'NONE',  ( 11.17157287525381015, 6.000000000000000000, -2.288684700608764955E-14 ) ) ;
#790 = ADVANCED_FACE ( 'NONE', ( #1250 ), #910, .F. ) ;
#791 = CARTESIAN_POINT ( 'NONE',  ( -5.999999999999999112, -17.50000000000000000, 0.9999999999999369393 ) ) ;
#792 = VERTEX_POINT ( 'NONE', #1049 ) ;
#793 = DIRECTION ( 'NONE',  ( -0.000000000000000000, 1.000000000000000000, -0.000000000000000000 ) ) ;
#794 = DIRECTION ( 'NONE',  ( 0.000000000000000000, 0.000000000000000000, 1.000000000000000000 ) ) ;
#795 = DIRECTION ( 'NONE',  ( 0.000000000000000000, 0.000000000000000000, -1.000000000000000000 ) ) ;
#796 = ADVANCED_FACE ( 'NONE', ( #1776, #1741 ), #2091, .T. ) ;
#797 = ORIENTED_EDGE ( 'NONE', *, *, #580, .T. ) ;
#798 = CARTESIAN_POINT ( 'NONE',  ( 16.00000000000000000, -6.000000000000000000, -2.372444559462168833E-14 ) ) ;
#799 = ORIENTED_EDGE ( 'NONE', *, *, #1676, .T. ) ;
#800 = CARTESIAN_POINT ( 'NONE',  ( -4.189777606611760026E-14, -19.50000000000000000, 6.000000000000000000 ) ) ;
#801 = VECTOR ( 'NONE', #1335, 1000.000000000000000 ) ;
#802 = CYLINDRICAL_SURFACE ( 'NONE', #1933, 1.000000000000000000 ) ;
#803 = ORIENTED_EDGE ( 'NONE', *, *, #2050, .F. ) ;
#804 = CARTESIAN_POINT ( 'NONE',  ( 14.00000000000000000, 6.000000000000000000, -2.000000000000023537 ) ) ;
#805 = CIRCLE ( 'NONE', #1061, 1.000000000000000000 ) ;
#806 = CARTESIAN_POINT ( 'NONE',  ( -5.999999999999999112, -17.50000000000000000, -6.284666409917640040E-14 ) ) ;
#807 = CARTESIAN_POINT ( 'NONE',  ( 6.000000000000000000, 14.50000000000000000, -0.9999999999999790168 ) ) ;
#808 = ORIENTED_EDGE ( 'NONE', *, *, #1953, .F. ) ;
#809 = DIRECTION ( 'NONE',  ( -0.000000000000000000, -1.000000000000000000, -0.000000000000000000 ) ) ;
#810 = EDGE_LOOP ( 'NONE', ( #487, #2032, #1344, #199 ) ) ;
#811 = EDGE_CURVE ( 'NONE', #1939, #1146, #215, .T. ) ;
#812 = AXIS2_PLACEMENT_3D ( 'NONE', #1707, #484, #1190 ) ;
#813 = DIRECTION ( 'NONE',  ( 0.000000000000000000, 0.000000000000000000, 1.000000000000000000 ) ) ;
#814 = CARTESIAN_POINT ( 'NONE',  ( 0.000000000000000000, 17.50000000000000000, -6.000000000000000000 ) ) ;
#815 = ADVANCED_FACE ( 'NONE', ( #529 ), #1072, .F. ) ;
#816 = DIRECTION ( 'NONE',  ( 0.000000000000000000, -1.000000000000000000, 0.000000000000000000 ) ) ;
#817 = PLANE ( 'NONE',  #1971 ) ;
#818 = VERTEX_POINT ( 'NONE', #1746 ) ;
#819 = CARTESIAN_POINT ( 'NONE',  ( 16.00000000000000000, -4.189777606611760026E-14, -6.000000000000002665 ) ) ;
#820 = AXIS2_PLACEMENT_3D ( 'NONE', #913, #1096, #723 ) ;
#821 = DIRECTION ( 'NONE',  ( -0.000000000000000000, 1.000000000000000000, -0.000000000000000000 ) ) ;
#822 = DIRECTION ( 'NONE',  ( -1.000000000000000000, 0.000000000000000000, 1.734723475976807094E-16 ) ) ;
#823 = AXIS2_PLACEMENT_3D ( 'NONE', #2109, #1056, #16 ) ;
#824 = ORIENTED_EDGE ( 'NONE', *, *, #736, .F. ) ;
#825 = PRODUCT_CONTEXT ( 'NONE', #1403, 'mechanical' ) ;
#826 = ORIENTED_EDGE ( 'NONE', *, *, #1371, .T. ) ;
#827 = DIRECTION ( 'NONE',  ( 0.000000000000000000, 0.000000000000000000, -1.000000000000000000 ) ) ;
#828 = DIRECTION ( 'NONE',  ( 0.000000000000000000, 0.000000000000000000, 1.000000000000000000 ) ) ;
#829 = ADVANCED_FACE ( 'NONE', ( #192 ), #709, .F. ) ;
#830 = EDGE_CURVE ( 'NONE', #2104, #705, #1155, .T. ) ;
#831 = DIRECTION ( 'NONE',  ( 0.000000000000000000, 0.000000000000000000, -1.000000000000000000 ) ) ;
#832 = ORIENTED_EDGE ( 'NONE', *, *, #876, .T. ) ;
#833 = DIRECTION ( 'NONE',  ( 0.000000000000000000, 0.000000000000000000, -1.000000000000000000 ) ) ;
#834 = FACE_OUTER_BOUND ( 'NONE', #552, .T. ) ;
#835 = EDGE_CURVE ( 'NONE', #118, #1740, #250, .T. ) ;
#836 = DIRECTION ( 'NONE',  ( 0.000000000000000000, 0.000000000000000000, -1.000000000000000000 ) ) ;
#837 = ORIENTED_EDGE ( 'NONE', *, *, #1733, .T. ) ;
#838 = VERTEX_POINT ( 'NONE', #978 ) ;
#839 = CYLINDRICAL_SURFACE ( 'NONE', #623, 2.000000000000000888 ) ;
#840 = CARTESIAN_POINT ( 'NONE',  ( 16.00000000000000000, -4.189777606611760026E-14, -4.000000000000001776 ) ) ;
#841 = EDGE_LOOP ( 'NONE', ( #1265, #1797 ) ) ;
#842 = DIRECTION ( 'NONE',  ( 1.000000000000000000, 0.000000000000000000, -2.026987197596717295E-16 ) ) ;
#843 = EDGE_CURVE ( 'NONE', #1555, #1463, #1975, .T. ) ;
#844 = ORIENTED_EDGE ( 'NONE', *, *, #2099, .F. ) ;
#845 = CIRCLE ( 'NONE', #2106, 1.000000000000000000 ) ;
#846 = CARTESIAN_POINT ( 'NONE',  ( 16.00000000000000000, 0.000000000000000000, 7.999999999999998224 ) ) ;
#847 = AXIS2_PLACEMENT_3D ( 'NONE', #1519, #421, #2161 ) ;
#848 = VERTEX_POINT ( 'NONE', #804 ) ;
#849 = EDGE_CURVE ( 'NONE', #1667, #2141, #1504, .T. ) ;
#850 = EDGE_LOOP ( 'NONE', ( #1351, #1063, #621, #955 ) ) ;
#851 = CARTESIAN_POINT ( 'NONE',  ( 19.00000000000000355, -4.189777606611760026E-14, -6.000000000000003553 ) ) ;
#852 = AXIS2_PLACEMENT_3D ( 'NONE', #615, #52, #249 ) ;
#853 = DIRECTION ( 'NONE',  ( 1.000000000000000000, -0.000000000000000000, -1.734723475976807341E-16 ) ) ;
#854 = EDGE_LOOP ( 'NONE', ( #1123, #1584, #2090, #2101 ) ) ;
#855 = DIRECTION ( 'NONE',  ( 1.000000000000000000, -0.000000000000000000, -0.000000000000000000 ) ) ;
#856 = AXIS2_PLACEMENT_3D ( 'NONE', #82, #2117, #774 ) ;
#857 = VERTEX_POINT ( 'NONE', #1628 ) ;
#858 = CIRCLE ( 'NONE', #2120, 1.000000000000000000 ) ;
#859 = VECTOR ( 'NONE', #1983, 1000.000000000000000 ) ;
#860 = CARTESIAN_POINT ( 'NONE',  ( 22.10000000000000142, 19.50000000000000000, -4.389039952986573775E-15 ) ) ;
#861 = EDGE_LOOP ( 'NONE', ( #1692, #2196, #1542, #1100 ) ) ;
#862 = AXIS2_PLACEMENT_3D ( 'NONE', #1703, #2070, #2035 ) ;
#863 = EDGE_CURVE ( 'NONE', #609, #270, #1076, .T. ) ;
#864 = AXIS2_PLACEMENT_3D ( 'NONE', #892, #748, #1429 ) ;
#865 = EDGE_CURVE ( 'NONE', #20, #1045, #416, .T. ) ;
#866 = AXIS2_PLACEMENT_3D ( 'NONE', #1054, #1247, #1583 ) ;
#867 = CARTESIAN_POINT ( 'NONE',  ( 16.00000000000000000, -6.000000000000000000, -2.000000000000023981 ) ) ;
#868 = EDGE_LOOP ( 'NONE', ( #694, #2067, #1683, #946 ) ) ;
#869 = FACE_OUTER_BOUND ( 'NONE', #1525, .T. ) ;
#870 = CARTESIAN_POINT ( 'NONE',  ( -5.999999999999999112, 19.50000000000000000, -1.000000000000062617 ) ) ;
#871 = ORIENTED_EDGE ( 'NONE', *, *, #835, .F. ) ;
#872 = DIRECTION ( 'NONE',  ( -1.000000000000000000, -0.000000000000000000, 2.026987197596717295E-16 ) ) ;
#873 = EDGE_LOOP ( 'NONE', ( #2122, #568, #1788, #909 ) ) ;
#874 = ORIENTED_EDGE ( 'NONE', *, *, #176, .T. ) ;
#875 = DIRECTION ( 'NONE',  ( 0.000000000000000000, 0.000000000000000000, -1.000000000000000000 ) ) ;
#876 = EDGE_CURVE ( 'NONE', #520, #971, #317, .T. ) ;
#877 = VERTEX_POINT ( 'NONE', #1280 ) ;
#878 = VERTEX_POINT ( 'NONE', #114 ) ;
#879 = PLANE ( 'NONE',  #891 ) ;
#880 = DIRECTION ( 'NONE',  ( 1.000000000000000000, 0.000000000000000000, -2.026987197596717295E-16 ) ) ;
#881 = ORIENTED_EDGE ( 'NONE', *, *, #1527, .F. ) ;
#882 = DIRECTION ( 'NONE',  ( -0.000000000000000000, 1.000000000000000000, -0.000000000000000000 ) ) ;
#883 = EDGE_LOOP ( 'NONE', ( #1127, #1968, #1644, #21 ) ) ;
#884 = DIRECTION ( 'NONE',  ( 0.000000000000000000, 0.000000000000000000, 1.000000000000000000 ) ) ;
#885 = VERTEX_POINT ( 'NONE', #2154 ) ;
#886 = CARTESIAN_POINT ( 'NONE',  ( 6.000000000000000000, 19.50000000000000000, 1.000000000000021094 ) ) ;
#887 = FACE_OUTER_BOUND ( 'NONE', #1055, .T. ) ;
#888 = ADVANCED_FACE ( 'NONE', ( #1996, #285, #1106, #944, #571 ), #1479, .T. ) ;
#889 = AXIS2_PLACEMENT_3D ( 'NONE', #1706, #473, #319 ) ;
#890 = ORIENTED_EDGE ( 'NONE', *, *, #200, .F. ) ;
#891 = AXIS2_PLACEMENT_3D ( 'NONE', #717, #1569, #1916 ) ;
#892 = CARTESIAN_POINT ( 'NONE',  ( 6.000000000000000000, 19.50000000000000000, 2.094888803305880013E-14 ) ) ;
#893 = AXIS2_PLACEMENT_3D ( 'NONE', #1982, #1125, #1635 ) ;
#894 = DIRECTION ( 'NONE',  ( 0.000000000000000000, 0.000000000000000000, 1.000000000000000000 ) ) ;
#895 = VECTOR ( 'NONE', #2178, 1000.000000000000000 ) ;
#896 = AXIS2_PLACEMENT_3D ( 'NONE', #654, #331, #682 ) ;
#897 = VERTEX_POINT ( 'NONE', #454 ) ;
#898 = CIRCLE ( 'NONE', #204, 1.000000000000000000 ) ;
#899 = ORIENTED_EDGE ( 'NONE', *, *, #671, .F. ) ;
#900 = DIRECTION ( 'NONE',  ( -0.000000000000000000, -1.000000000000000000, -0.000000000000000000 ) ) ;
#901 = LINE ( 'NONE', #368, #2187 ) ;
#902 = ORIENTED_EDGE ( 'NONE', *, *, #611, .T. ) ;
#903 = DIRECTION ( 'NONE',  ( 0.000000000000000000, -1.000000000000000000, 0.000000000000000000 ) ) ;
#904 = LINE ( 'NONE', #1073, #1074 ) ;
#905 = ORIENTED_EDGE ( 'NONE', *, *, #1810, .F. ) ;
#906 = ORIENTED_EDGE ( 'NONE', *, *, #2238, .T. ) ;
#907 = CARTESIAN_POINT ( 'NONE',  ( 22.10000000000000142, 1.010333609296566353E-15, -8.250000000000000000 ) ) ;
#908 = FACE_OUTER_BOUND ( 'NONE', #1661, .T. ) ;
#909 = ORIENTED_EDGE ( 'NONE', *, *, #1052, .T. ) ;
#910 = CYLINDRICAL_SURFACE ( 'NONE', #1007, 0.9999999999999997780 ) ;
#911 = EDGE_CURVE ( 'NONE', #1463, #1734, #898, .T. ) ;
#912 = CARTESIAN_POINT ( 'NONE',  ( -5.999999999999999112, -17.50000000000000000, -2.000000000000063061 ) ) ;
#913 = CARTESIAN_POINT ( 'NONE',  ( 6.000000000000000000, -19.50000000000000000, 2.094888803305880013E-14 ) ) ;
#914 = EDGE_CURVE ( 'NONE', #382, #1734, #75, .T. ) ;
#915 = EDGE_CURVE ( 'NONE', #1269, #358, #525, .T. ) ;
#916 = ORIENTED_EDGE ( 'NONE', *, *, #1646, .T. ) ;
#917 = VECTOR ( 'NONE', #693, 1000.000000000000000 ) ;
#918 = CIRCLE ( 'NONE', #1138, 0.9999999999999991118 ) ;
#919 = CARTESIAN_POINT ( 'NONE',  ( 6.000000000000000000, 19.50000000000000000, 2.094888803305880013E-14 ) ) ;
#920 = ORIENTED_EDGE ( 'NONE', *, *, #1371, .F. ) ;
#921 = DIRECTION ( 'NONE',  ( -1.000000000000000000, 0.000000000000000000, 1.734723475976807094E-16 ) ) ;
#922 = LINE ( 'NONE', #206, #672 ) ;
#923 = AXIS2_PLACEMENT_3D ( 'NONE', #1681, #2053, #1500 ) ;
#924 = DIRECTION ( 'NONE',  ( 0.000000000000000000, -1.000000000000000000, 0.000000000000000000 ) ) ;
#925 = CARTESIAN_POINT ( 'NONE',  ( -4.189777606611760026E-14, 17.50000000000000000, 6.000000000000000000 ) ) ;
#926 = EDGE_CURVE ( 'NONE', #1565, #301, #1639, .T. ) ;
#927 = EDGE_LOOP ( 'NONE', ( #1865, #1602, #1117, #183 ) ) ;
#928 = EDGE_LOOP ( 'NONE', ( #2176, #686, #1906, #1301, #1520, #210, #1198, #1037 ) ) ;
#929 = AXIS2_PLACEMENT_3D ( 'NONE', #19, #1434, #2094 ) ;
#930 = AXIS2_PLACEMENT_3D ( 'NONE', #399, #1673, #2143 ) ;
#931 = CARTESIAN_POINT ( 'NONE',  ( 14.00000000000000000, 2.449293598294706414E-16, 3.999999999999996447 ) ) ;
#932 = EDGE_LOOP ( 'NONE', ( #1564, #43 ) ) ;
#933 = FACE_BOUND ( 'NONE', #1110, .T. ) ;
#934 = DIRECTION ( 'NONE',  ( 0.000000000000000000, 0.000000000000000000, 1.000000000000000000 ) ) ;
#935 = CARTESIAN_POINT ( 'NONE',  ( -5.999999999999999112, -19.50000000000000000, -6.284666409917640040E-14 ) ) ;
#936 = DIRECTION ( 'NONE',  ( 0.000000000000000000, 0.000000000000000000, 1.000000000000000000 ) ) ;
#937 = DIRECTION ( 'NONE',  ( -1.000000000000000000, 0.000000000000000000, 0.000000000000000000 ) ) ;
#938 = ORIENTED_EDGE ( 'NONE', *, *, #2231, .T. ) ;
#939 = ORIENTED_EDGE ( 'NONE', *, *, #1924, .T. ) ;
#940 = CYLINDRICAL_SURFACE ( 'NONE', #893, 2.000000000000000000 ) ;
#941 = CARTESIAN_POINT ( 'NONE',  ( -4.189777606611760026E-14, -17.50000000000000000, 8.000000000000000000 ) ) ;
#942 = ORIENTED_EDGE ( 'NONE', *, *, #44, .T. ) ;
#943 = CARTESIAN_POINT ( 'NONE',  ( 16.00000000000000000, 6.000000000000000000, 1.999999999999976241 ) ) ;
#944 = FACE_BOUND ( 'NONE', #1503, .T. ) ;
#945 = CYLINDRICAL_SURFACE ( 'NONE', #1362, 2.000000000000000000 ) ;
#946 = ORIENTED_EDGE ( 'NONE', *, *, #1438, .F. ) ;
#947 = DIRECTION ( 'NONE',  ( -0.000000000000000000, 1.000000000000000000, -0.000000000000000000 ) ) ;
#948 = EDGE_LOOP ( 'NONE', ( #1604, #1669, #1443, #2036 ) ) ;
#949 = CARTESIAN_POINT ( 'NONE',  ( 16.00000000000000000, -6.000000000000000000, -2.372444559462168833E-14 ) ) ;
#950 = CIRCLE ( 'NONE', #2076, 2.000000000000000000 ) ;
#951 = EDGE_CURVE ( 'NONE', #2170, #818, #438, .T. ) ;
#952 = EDGE_CURVE ( 'NONE', #1113, #38, #1550, .T. ) ;
#953 = EDGE_CURVE ( 'NONE', #1229, #485, #1815, .T. ) ;
#954 = CARTESIAN_POINT ( 'NONE',  ( -4.202024074603233541E-14, -17.50000000000000000, 7.000000000000000000 ) ) ;
#955 = ORIENTED_EDGE ( 'NONE', *, *, #1481, .T. ) ;
#956 = CARTESIAN_POINT ( 'NONE',  ( 0.000000000000000000, -19.50000000000000000, 0.000000000000000000 ) ) ;
#957 = DIRECTION ( 'NONE',  ( 0.000000000000000000, 0.000000000000000000, 1.000000000000000000 ) ) ;
#958 = CARTESIAN_POINT ( 'NONE',  ( 16.00000000000000000, 6.000000000000000000, -2.372444559462168833E-14 ) ) ;
#959 = ORIENTED_EDGE ( 'NONE', *, *, #1052, .F. ) ;
#960 = ORIENTED_EDGE ( 'NONE', *, *, #150, .T. ) ;
#961 = CARTESIAN_POINT ( 'NONE',  ( 16.00000000000000000, -6.000000000000000000, -2.372444559462168833E-14 ) ) ;
#962 = CIRCLE ( 'NONE', #1288, 1.000000000000000000 ) ;
#963 = AXIS2_PLACEMENT_3D ( 'NONE', #478, #1869, #2080 ) ;
#964 = DIRECTION ( 'NONE',  ( 0.000000000000000000, 0.000000000000000000, 1.000000000000000000 ) ) ;
#965 = EDGE_CURVE ( 'NONE', #1562, #716, #1142, .T. ) ;
#966 = EDGE_LOOP ( 'NONE', ( #1898, #158 ) ) ;
#967 = DIRECTION ( 'NONE',  ( -0.000000000000000000, 1.000000000000000000, -0.000000000000000000 ) ) ;
#968 = CIRCLE ( 'NONE', #1553, 1.000000000000000000 ) ;
#969 = CYLINDRICAL_SURFACE ( 'NONE', #198, 8.250000000000000000 ) ;
#970 = LINE ( 'NONE', #457, #1435 ) ;
#971 = VERTEX_POINT ( 'NONE', #617 ) ;
#972 = DIRECTION ( 'NONE',  ( 0.000000000000000000, 0.000000000000000000, 1.000000000000000000 ) ) ;
#973 = ORIENTED_EDGE ( 'NONE', *, *, #1497, .T. ) ;
#974 = CARTESIAN_POINT ( 'NONE',  ( -5.999999999999999112, -19.50000000000000000, -6.284666409917640040E-14 ) ) ;
#975 = SURFACE_STYLE_USAGE ( .BOTH. , #282 ) ;
#976 = PLANE ( 'NONE',  #1145 ) ;
#977 = ORIENTED_EDGE ( 'NONE', *, *, #1764, .T. ) ;
#978 = CARTESIAN_POINT ( 'NONE',  ( 6.000000000000000000, -14.50000000000000000, -0.9999999999999790168 ) ) ;
#979 = DIRECTION ( 'NONE',  ( -0.000000000000000000, 1.000000000000000000, -0.000000000000000000 ) ) ;
#980 = EDGE_CURVE ( 'NONE', #2190, #1193, #1315, .T. ) ;
#981 = FACE_OUTER_BOUND ( 'NONE', #338, .T. ) ;
#982 = ORIENTED_EDGE ( 'NONE', *, *, #1932, .F. ) ;
#983 = DIRECTION ( 'NONE',  ( 1.000000000000000000, -0.000000000000000000, -1.734723475976807341E-16 ) ) ;
#984 = EDGE_CURVE ( 'NONE', #1244, #555, #557, .T. ) ;
#985 = ADVANCED_FACE ( 'NONE', ( #1729 ), #680, .F. ) ;
#986 = DIRECTION ( 'NONE',  ( -0.000000000000000000, 1.000000000000000000, -0.000000000000000000 ) ) ;
#987 = FACE_OUTER_BOUND ( 'NONE', #948, .T. ) ;
#988 = CIRCLE ( 'NONE', #2249, 2.000000000000000000 ) ;
#989 = FACE_BOUND ( 'NONE', #1409, .T. ) ;
#990 = ORIENTED_EDGE ( 'NONE', *, *, #1947, .F. ) ;
#991 = DIRECTION ( 'NONE',  ( 0.000000000000000000, -1.000000000000000000, 0.000000000000000000 ) ) ;
#992 = EDGE_LOOP ( 'NONE', ( #575, #1490 ) ) ;
#993 = DIRECTION ( 'NONE',  ( 0.000000000000000000, -1.000000000000000000, 0.000000000000000000 ) ) ;
#994 = CARTESIAN_POINT ( 'NONE',  ( -5.999999999999999112, -17.50000000000000000, -6.284666409917640040E-14 ) ) ;
#995 = ORIENTED_EDGE ( 'NONE', *, *, #1064, .T. ) ;
#996 = ADVANCED_FACE ( 'NONE', ( #1180 ), #1204, .F. ) ;
#997 = VECTOR ( 'NONE', #65, 1000.000000000000000 ) ;
#998 = CARTESIAN_POINT ( 'NONE',  ( 16.00000000000000000, 0.000000000000000000, 5.999999999999997335 ) ) ;
#999 = DIRECTION ( 'NONE',  ( 1.000000000000000000, 0.000000000000000000, -2.026987197596717295E-16 ) ) ;
#1000 = AXIS2_PLACEMENT_3D ( 'NONE', #2132, #222, #255 ) ;
#1001 = CARTESIAN_POINT ( 'NONE',  ( 14.00000000000000000, 6.000000000000000000, 1.999999999999976685 ) ) ;
#1002 = DIRECTION ( 'NONE',  ( -0.000000000000000000, -1.000000000000000000, -0.000000000000000000 ) ) ;
#1003 = AXIS2_PLACEMENT_3D ( 'NONE', #441, #91, #784 ) ;
#1004 = VERTEX_POINT ( 'NONE', #159 ) ;
#1005 = DIRECTION ( 'NONE',  ( 0.000000000000000000, 0.000000000000000000, 1.000000000000000000 ) ) ;
#1006 = DIRECTION ( 'NONE',  ( -1.000000000000000000, 0.000000000000000000, 1.734723475976807094E-16 ) ) ;
#1007 = AXIS2_PLACEMENT_3D ( 'NONE', #352, #370, #1617 ) ;
#1008 = EDGE_LOOP ( 'NONE', ( #1065, #302 ) ) ;
#1009 = VERTEX_POINT ( 'NONE', #129 ) ;
#1010 = ADVANCED_FACE ( 'NONE', ( #2043 ), #1329, .F. ) ;
#1011 = CARTESIAN_POINT ( 'NONE',  ( 0.000000000000000000, -19.50000000000000000, 10.00000000000000000 ) ) ;
#1012 = DIRECTION ( 'NONE',  ( -1.000000000000000000, 0.000000000000000000, 0.000000000000000000 ) ) ;
#1013 = ORIENTED_EDGE ( 'NONE', *, *, #268, .T. ) ;
#1014 = LINE ( 'NONE', #1866, #1732 ) ;
#1015 = ORIENTED_EDGE ( 'NONE', *, *, #2038, .T. ) ;
#1016 = CYLINDRICAL_SURFACE ( 'NONE', #704, 2.000000000000000888 ) ;
#1017 = VERTEX_POINT ( 'NONE', #650 ) ;
#1018 = CYLINDRICAL_SURFACE ( 'NONE', #133, 2.000000000000000888 ) ;
#1019 = DIRECTION ( 'NONE',  ( 0.000000000000000000, 0.000000000000000000, 1.000000000000000000 ) ) ;
#1020 = DIRECTION ( 'NONE',  ( -1.000000000000000000, 0.000000000000000000, 0.000000000000000000 ) ) ;
#1021 = EDGE_LOOP ( 'NONE', ( #1813, #1559, #2250, #2148 ) ) ;
#1022 = CARTESIAN_POINT ( 'NONE',  ( 16.00000000000000000, -6.000000000000000000, -2.372444559462168833E-14 ) ) ;
#1023 = EDGE_CURVE ( 'NONE', #360, #1364, #1014, .T. ) ;
#1024 = ORIENTED_EDGE ( 'NONE', *, *, #785, .T. ) ;
#1025 = CIRCLE ( 'NONE', #1135, 2.000000000000000000 ) ;
#1026 = EDGE_CURVE ( 'NONE', #444, #2138, #745, .T. ) ;
#1027 = FACE_BOUND ( 'NONE', #1181, .T. ) ;
#1028 = VECTOR ( 'NONE', #875, 1000.000000000000000 ) ;
#1029 = ORIENTED_EDGE ( 'NONE', *, *, #554, .T. ) ;
#1030 = AXIS2_PLACEMENT_3D ( 'NONE', #1885, #1200, #1336 ) ;
#1031 = DIRECTION ( 'NONE',  ( 0.000000000000000000, 1.000000000000000000, -0.000000000000000000 ) ) ;
#1032 = EDGE_LOOP ( 'NONE', ( #1222, #1483 ) ) ;
#1033 = VECTOR ( 'NONE', #349, 1000.000000000000000 ) ;
#1034 = DIRECTION ( 'NONE',  ( -1.000000000000000000, 0.000000000000000000, 0.000000000000000000 ) ) ;
#1035 = EDGE_LOOP ( 'NONE', ( #1470, #209, #1770, #233 ) ) ;
#1036 = CARTESIAN_POINT ( 'NONE',  ( 16.00000000000000000, 6.000000000000000000, -2.372444559462168833E-14 ) ) ;
#1037 = ORIENTED_EDGE ( 'NONE', *, *, #1716, .T. ) ;
#1038 = AXIS2_PLACEMENT_3D ( 'NONE', #1927, #1773, #1047 ) ;
#1039 = ADVANCED_FACE ( 'NONE', ( #1549, #486 ), #1888, .T. ) ;
#1040 = CARTESIAN_POINT ( 'NONE',  ( 22.10000000000000142, 0.000000000000000000, -3.642919299551299336E-16 ) ) ;
#1041 = AXIS2_PLACEMENT_3D ( 'NONE', #403, #1109, #1252 ) ;
#1042 = CIRCLE ( 'NONE', #864, 2.000000000000000000 ) ;
#1043 = CARTESIAN_POINT ( 'NONE',  ( -4.189777606611760026E-14, 14.50000000000000000, 6.000000000000000000 ) ) ;
#1044 = AXIS2_PLACEMENT_3D ( 'NONE', #1526, #991, #1684 ) ;
#1045 = VERTEX_POINT ( 'NONE', #1365 ) ;
#1046 = DIRECTION ( 'NONE',  ( -0.000000000000000000, -1.000000000000000000, -0.000000000000000000 ) ) ;
#1047 = DIRECTION ( 'NONE',  ( 0.000000000000000000, 0.000000000000000000, 1.000000000000000000 ) ) ;
#1048 = ORIENTED_EDGE ( 'NONE', *, *, #765, .F. ) ;
#1049 = CARTESIAN_POINT ( 'NONE',  ( 22.09999999999999787, -19.50000000000000000, -10.00000000000000000 ) ) ;
#1050 = ORIENTED_EDGE ( 'NONE', *, *, #2188, .F. ) ;
#1051 = DIRECTION ( 'NONE',  ( -0.000000000000000000, 1.000000000000000000, -0.000000000000000000 ) ) ;
#1052 = EDGE_CURVE ( 'NONE', #2141, #1573, #1657, .T. ) ;
#1053 = DIRECTION ( 'NONE',  ( 0.000000000000000000, 0.000000000000000000, 1.000000000000000000 ) ) ;
#1054 = CARTESIAN_POINT ( 'NONE',  ( 14.00000000000000000, 19.50000000000000000, 0.000000000000000000 ) ) ;
#1055 = EDGE_LOOP ( 'NONE', ( #640, #1212 ) ) ;
#1056 = DIRECTION ( 'NONE',  ( 0.000000000000000000, -1.000000000000000000, 0.000000000000000000 ) ) ;
#1057 = CIRCLE ( 'NONE', #1309, 2.000000000000000000 ) ;
#1058 = ORIENTED_EDGE ( 'NONE', *, *, #389, .F. ) ;
#1059 = ORIENTED_EDGE ( 'NONE', *, *, #554, .F. ) ;
#1060 = DIRECTION ( 'NONE',  ( 0.000000000000000000, 0.000000000000000000, 1.000000000000000000 ) ) ;
#1061 = AXIS2_PLACEMENT_3D ( 'NONE', #1043, #1566, #1310 ) ;
#1062 = DIRECTION ( 'NONE',  ( -2.026987197596717295E-16, 0.000000000000000000, -1.000000000000000000 ) ) ;
#1063 = ORIENTED_EDGE ( 'NONE', *, *, #176, .F. ) ;
#1064 = EDGE_CURVE ( 'NONE', #406, #1193, #322, .T. ) ;
#1065 = ORIENTED_EDGE ( 'NONE', *, *, #102, .F. ) ;
#1066 = CARTESIAN_POINT ( 'NONE',  ( 6.000000000000000000, 19.50000000000000000, 2.094888803305880013E-14 ) ) ;
#1067 = CARTESIAN_POINT ( 'NONE',  ( 22.10000000000000497, 19.50000000000000000, 10.00000000000000000 ) ) ;
#1068 = AXIS2_PLACEMENT_3D ( 'NONE', #1558, #512, #1725 ) ;
#1069 = EDGE_CURVE ( 'NONE', #1104, #2062, #641, .T. ) ;
#1070 = ORIENTED_EDGE ( 'NONE', *, *, #178, .T. ) ;
#1071 = CIRCLE ( 'NONE', #1544, 2.000000000000000888 ) ;
#1072 = CYLINDRICAL_SURFACE ( 'NONE', #823, 2.000000000000000000 ) ;
#1073 = CARTESIAN_POINT ( 'NONE',  ( 6.000000000000000000, 17.50000000000000000, -1.999999999999979128 ) ) ;
#1074 = VECTOR ( 'NONE', #1760, 1000.000000000000000 ) ;
#1075 = AXIS2_PLACEMENT_3D ( 'NONE', #1986, #426, #1130 ) ;
#1076 = CIRCLE ( 'NONE', #167, 2.000000000000000000 ) ;
#1077 = EDGE_LOOP ( 'NONE', ( #1710, #1297, #902, #2232 ) ) ;
#1078 = EDGE_CURVE ( 'NONE', #2162, #2190, #1709, .T. ) ;
#1079 = PLANE ( 'NONE',  #1870 ) ;
#1080 = CARTESIAN_POINT ( 'NONE',  ( 0.000000000000000000, -14.50000000000000000, -10.00000000000000000 ) ) ;
#1081 = EDGE_LOOP ( 'NONE', ( #289, #309 ) ) ;
#1082 = CARTESIAN_POINT ( 'NONE',  ( 19.00000000000000355, 6.000000000000000000, -2.424486263741473361E-14 ) ) ;
#1083 = EDGE_CURVE ( 'NONE', #520, #244, #1375, .T. ) ;
#1084 = EDGE_CURVE ( 'NONE', #1113, #444, #506, .T. ) ;
#1085 = DIRECTION ( 'NONE',  ( 0.000000000000000000, 0.000000000000000000, 1.000000000000000000 ) ) ;
#1086 = CARTESIAN_POINT ( 'NONE',  ( 6.000000000000000000, 17.50000000000000000, -1.999999999999979128 ) ) ;
#1087 = CARTESIAN_POINT ( 'NONE',  ( 11.17157287525381015, -6.000000000000000000, -2.288684700608764955E-14 ) ) ;
#1088 = VERTEX_POINT ( 'NONE', #1170 ) ;
#1089 = ORIENTED_EDGE ( 'NONE', *, *, #811, .T. ) ;
#1090 = DIRECTION ( 'NONE',  ( 0.000000000000000000, 0.000000000000000000, 1.000000000000000000 ) ) ;
#1091 = DIRECTION ( 'NONE',  ( -0.000000000000000000, 1.000000000000000000, -0.000000000000000000 ) ) ;
#1092 = ORIENTED_EDGE ( 'NONE', *, *, #538, .T. ) ;
#1093 = DIRECTION ( 'NONE',  ( 1.000000000000000000, 0.000000000000000000, -1.734723475976807341E-16 ) ) ;
#1094 = EDGE_CURVE ( 'NONE', #316, #485, #968, .T. ) ;
#1095 = CARTESIAN_POINT ( 'NONE',  ( -4.189777606611760026E-14, 19.50000000000000000, 8.000000000000000000 ) ) ;
#1096 = DIRECTION ( 'NONE',  ( -0.000000000000000000, 1.000000000000000000, -0.000000000000000000 ) ) ;
#1097 = ORIENTED_EDGE ( 'NONE', *, *, #216, .T. ) ;
#1098 = EDGE_CURVE ( 'NONE', #1818, #555, #336, .T. ) ;
#1099 = AXIS2_PLACEMENT_3D ( 'NONE', #798, #290, #120 ) ;
#1100 = ORIENTED_EDGE ( 'NONE', *, *, #287, .T. ) ;
#1101 = AXIS2_PLACEMENT_3D ( 'NONE', #2027, #636, #1808 ) ;
#1102 = DIRECTION ( 'NONE',  ( 0.000000000000000000, 0.000000000000000000, 1.000000000000000000 ) ) ;
#1103 = CARTESIAN_POINT ( 'NONE',  ( -5.999999999999999112, -17.50000000000000000, 1.999999999999937161 ) ) ;
#1104 = VERTEX_POINT ( 'NONE', #497 ) ;
#1105 = FACE_BOUND ( 'NONE', #1008, .T. ) ;
#1106 = FACE_BOUND ( 'NONE', #2225, .T. ) ;
#1107 = EDGE_CURVE ( 'NONE', #3, #1450, #560, .T. ) ;
#1108 = AXIS2_PLACEMENT_3D ( 'NONE', #1743, #356, #1053 ) ;
#1109 = DIRECTION ( 'NONE',  ( 1.000000000000000000, -0.000000000000000000, -1.734723475976807341E-16 ) ) ;
#1110 = EDGE_LOOP ( 'NONE', ( #1485, #1648 ) ) ;
#1111 = CIRCLE ( 'NONE', #1321, 10.00000000000000000 ) ;
#1112 = AXIS2_PLACEMENT_3D ( 'NONE', #1426, #2088, #223 ) ;
#1113 = VERTEX_POINT ( 'NONE', #631 ) ;
#1114 = CIRCLE ( 'NONE', #272, 2.000000000000000000 ) ;
#1115 = AXIS2_PLACEMENT_3D ( 'NONE', #142, #872, #836 ) ;
#1116 = DIRECTION ( 'NONE',  ( -0.000000000000000000, 1.000000000000000000, -0.000000000000000000 ) ) ;
#1117 = ORIENTED_EDGE ( 'NONE', *, *, #911, .T. ) ;
#1118 = DIRECTION ( 'NONE',  ( 0.000000000000000000, 1.000000000000000000, -0.000000000000000000 ) ) ;
#1119 = DIRECTION ( 'NONE',  ( 0.000000000000000000, 0.000000000000000000, 1.000000000000000000 ) ) ;
#1120 = DIRECTION ( 'NONE',  ( 0.000000000000000000, 0.000000000000000000, 1.000000000000000000 ) ) ;
#1121 = ORIENTED_EDGE ( 'NONE', *, *, #1284, .T. ) ;
#1122 = CARTESIAN_POINT ( 'NONE',  ( 14.00000000000000000, -6.000000000000000000, -2.000000000000023537 ) ) ;
#1123 = ORIENTED_EDGE ( 'NONE', *, *, #1581, .F. ) ;
#1124 = ADVANCED_FACE ( 'NONE', ( #2021, #203, #544, #2119, #1909 ), #350, .T. ) ;
#1125 = DIRECTION ( 'NONE',  ( -0.000000000000000000, 1.000000000000000000, -0.000000000000000000 ) ) ;
#1126 = DIRECTION ( 'NONE',  ( 0.000000000000000000, 0.000000000000000000, 1.000000000000000000 ) ) ;
#1127 = ORIENTED_EDGE ( 'NONE', *, *, #1023, .F. ) ;
#1128 = CARTESIAN_POINT ( 'NONE',  ( 6.000000000000000000, -14.50000000000000000, 1.000000000000021094 ) ) ;
#1129 = EDGE_CURVE ( 'NONE', #1186, #2044, #2127, .T. ) ;
#1130 = DIRECTION ( 'NONE',  ( 0.000000000000000000, 0.000000000000000000, 1.000000000000000000 ) ) ;
#1131 = LINE ( 'NONE', #67, #1251 ) ;
#1132 = DIRECTION ( 'NONE',  ( -0.000000000000000000, 1.000000000000000000, -0.000000000000000000 ) ) ;
#1133 = ORIENTED_EDGE ( 'NONE', *, *, #1754, .F. ) ;
#1134 = ORIENTED_EDGE ( 'NONE', *, *, #2034, .F. ) ;
#1135 = AXIS2_PLACEMENT_3D ( 'NONE', #800, #986, #1228 ) ;
#1136 = ADVANCED_FACE ( 'NONE', ( #357, #887 ), #718, .T. ) ;
#1137 = CARTESIAN_POINT ( 'NONE',  ( 16.00000000000000000, 0.000000000000000000, 5.999999999999997335 ) ) ;
#1138 = AXIS2_PLACEMENT_3D ( 'NONE', #1778, #712, #936 ) ;
#1139 = CARTESIAN_POINT ( 'NONE',  ( 11.17157287525381015, 6.000000000000000000, -2.288684700608764955E-14 ) ) ;
#1140 = DIRECTION ( 'NONE',  ( 0.000000000000000000, 0.000000000000000000, 1.000000000000000000 ) ) ;
#1141 = ORIENTED_EDGE ( 'NONE', *, *, #951, .T. ) ;
#1142 = LINE ( 'NONE', #271, #1941 ) ;
#1143 = CARTESIAN_POINT ( 'NONE',  ( -4.165284670628812997E-14, 17.50000000000000000, 4.000000000000000000 ) ) ;
#1144 = DIRECTION ( 'NONE',  ( 0.000000000000000000, 0.000000000000000000, 1.000000000000000000 ) ) ;
#1145 = AXIS2_PLACEMENT_3D ( 'NONE', #1682, #127, #1535 ) ;
#1146 = VERTEX_POINT ( 'NONE', #1080 ) ;
#1147 = CYLINDRICAL_SURFACE ( 'NONE', #1895, 1.000000000000000000 ) ;
#1148 = VERTEX_POINT ( 'NONE', #1067 ) ;
#1149 = AXIS2_PLACEMENT_3D ( 'NONE', #1651, #468, #1352 ) ;
#1150 = AXIS2_PLACEMENT_3D ( 'NONE', #814, #675, #828 ) ;
#1151 = DIRECTION ( 'NONE',  ( 0.000000000000000000, 0.000000000000000000, 1.000000000000000000 ) ) ;
#1152 = AXIS2_PLACEMENT_3D ( 'NONE', #1195, #490, #690 ) ;
#1153 = DIRECTION ( 'NONE',  ( 0.000000000000000000, 0.000000000000000000, -1.000000000000000000 ) ) ;
#1154 = EDGE_CURVE ( 'NONE', #1848, #171, #6, .T. ) ;
#1155 = CIRCLE ( 'NONE', #1326, 2.000000000000000000 ) ;
#1156 = DIRECTION ( 'NONE',  ( 0.000000000000000000, 0.000000000000000000, -1.000000000000000000 ) ) ;
#1157 = ORIENTED_EDGE ( 'NONE', *, *, #643, .F. ) ;
#1158 = CARTESIAN_POINT ( 'NONE',  ( 14.00000000000000000, 19.50000000000000000, -10.00000000000000000 ) ) ;
#1159 = VECTOR ( 'NONE', #1854, 1000.000000000000000 ) ;
#1160 = DIRECTION ( 'NONE',  ( -0.000000000000000000, -1.000000000000000000, -0.000000000000000000 ) ) ;
#1161 = ADVANCED_FACE ( 'NONE', ( #1259 ), #534, .F. ) ;
#1162 = EDGE_CURVE ( 'NONE', #382, #1555, #732, .T. ) ;
#1163 = DIRECTION ( 'NONE',  ( 1.000000000000000000, 0.000000000000000000, -1.734723475976807341E-16 ) ) ;
#1164 = VERTEX_POINT ( 'NONE', #1763 ) ;
#1165 = DIRECTION ( 'NONE',  ( 0.000000000000000000, -1.000000000000000000, 0.000000000000000000 ) ) ;
#1166 = CARTESIAN_POINT ( 'NONE',  ( 19.00000000000000355, -6.000000000000000000, -2.424486263741473361E-14 ) ) ;
#1167 =( NAMED_UNIT ( * ) SI_UNIT ( $, .STERADIAN. ) SOLID_ANGLE_UNIT ( ) );
#1168 = FACE_OUTER_BOUND ( 'NONE', #883, .T. ) ;
#1169 = ORIENTED_EDGE ( 'NONE', *, *, #865, .F. ) ;
#1170 = CARTESIAN_POINT ( 'NONE',  ( 16.00000000000000000, 6.000000000000000000, 0.9999999999999759082 ) ) ;
#1171 = CARTESIAN_POINT ( 'NONE',  ( 6.000000000000000000, -17.50000000000000000, 2.094888803305880013E-14 ) ) ;
#1172 = EDGE_CURVE ( 'NONE', #221, #2229, #523, .T. ) ;
#1173 = CARTESIAN_POINT ( 'NONE',  ( 14.00000000000000000, -14.50000000000000000, 10.00000000000000000 ) ) ;
#1174 = ORIENTED_EDGE ( 'NONE', *, *, #566, .T. ) ;
#1175 =( LENGTH_UNIT ( ) NAMED_UNIT ( * ) SI_UNIT ( .MILLI., .METRE. ) );
#1176 = DIRECTION ( 'NONE',  ( 0.000000000000000000, 0.000000000000000000, -1.000000000000000000 ) ) ;
#1177 = CYLINDRICAL_SURFACE ( 'NONE', #923, 1.000000000000000000 ) ;
#1178 = FACE_OUTER_BOUND ( 'NONE', #932, .T. ) ;
#1179 = VERTEX_POINT ( 'NONE', #190 ) ;
#1180 = FACE_OUTER_BOUND ( 'NONE', #1677, .T. ) ;
#1181 = EDGE_LOOP ( 'NONE', ( #874, #2207 ) ) ;
#1182 = DIRECTION ( 'NONE',  ( 0.000000000000000000, 0.000000000000000000, 1.000000000000000000 ) ) ;
#1183 = DIRECTION ( 'NONE',  ( -0.000000000000000000, 1.000000000000000000, -0.000000000000000000 ) ) ;
#1184 = ORIENTED_EDGE ( 'NONE', *, *, #507, .F. ) ;
#1185 = ADVANCED_FACE ( 'NONE', ( #1739 ), #696, .F. ) ;
#1186 = VERTEX_POINT ( 'NONE', #182 ) ;
#1187 = CIRCLE ( 'NONE', #1427, 0.9999999999999997780 ) ;
#1188 = DIRECTION ( 'NONE',  ( -1.000000000000000000, 0.000000000000000000, 0.000000000000000000 ) ) ;
#1189 = CLOSED_SHELL ( 'NONE', ( #1991, #122, #450, #815, #1884, #2112, #515, #790, #1824, #318, #337, #1843, #783, #1161, #569, #1356, #1386, #1825, #1312, #1697, #126, #161, #996, #1781, #1889, #13, #2248, #1380, #1621, #2169, #380, #2183, #1308, #1124, #1777, #2228, #1557, #1634, #1598, #1010, #419, #466, #1354, #674, #1039, #1872, #796, #1922, #1556, #502, #1596, #1780, #1538, #715, #1394, #1185, #1992, #341, #888, #1221, #1572, #1912, #1722, #1209, #676, #829, #1736, #152, #1136, #985, #86, #179, #400 ) ) ;
#1190 = DIRECTION ( 'NONE',  ( 0.000000000000000000, 0.000000000000000000, 1.000000000000000000 ) ) ;
#1191 = DIRECTION ( 'NONE',  ( 0.000000000000000000, 0.000000000000000000, 1.000000000000000000 ) ) ;
#1192 = AXIS2_PLACEMENT_3D ( 'NONE', #1040, #1377, #1731 ) ;
#1193 = VERTEX_POINT ( 'NONE', #388 ) ;
#1194 = LINE ( 'NONE', #1867, #895 ) ;
#1195 = CARTESIAN_POINT ( 'NONE',  ( 16.00000000000000000, 0.000000000000000000, 5.999999999999997335 ) ) ;
#1196 = AXIS2_PLACEMENT_3D ( 'NONE', #581, #66, #1457 ) ;
#1197 = CARTESIAN_POINT ( 'NONE',  ( 0.000000000000000000, -19.50000000000000000, -7.000000000000000000 ) ) ;
#1198 = ORIENTED_EDGE ( 'NONE', *, *, #835, .T. ) ;
#1199 = EDGE_CURVE ( 'NONE', #485, #316, #1905, .T. ) ;
#1200 = DIRECTION ( 'NONE',  ( -0.000000000000000000, 1.000000000000000000, -0.000000000000000000 ) ) ;
#1201 = EDGE_CURVE ( 'NONE', #1934, #1821, #901, .T. ) ;
#1202 = DIRECTION ( 'NONE',  ( -0.000000000000000000, 1.000000000000000000, -0.000000000000000000 ) ) ;
#1203 = ORIENTED_EDGE ( 'NONE', *, *, #1932, .T. ) ;
#1204 = CYLINDRICAL_SURFACE ( 'NONE', #1330, 1.000000000000000000 ) ;
#1205 = ORIENTED_EDGE ( 'NONE', *, *, #214, .T. ) ;
#1206 = CARTESIAN_POINT ( 'NONE',  ( 6.000000000000000000, 17.50000000000000000, 2.000000000000020872 ) ) ;
#1207 = FACE_BOUND ( 'NONE', #841, .T. ) ;
#1208 = FILL_AREA_STYLE ('',( #503 ) ) ;
#1209 = ADVANCED_FACE ( 'NONE', ( #908 ), #1752, .F. ) ;
#1210 = ORIENTED_EDGE ( 'NONE', *, *, #984, .F. ) ;
#1211 = FACE_OUTER_BOUND ( 'NONE', #1077, .T. ) ;
#1212 = ORIENTED_EDGE ( 'NONE', *, *, #246, .F. ) ;
#1213 = DIRECTION ( 'NONE',  ( 0.000000000000000000, 0.000000000000000000, -1.000000000000000000 ) ) ;
#1214 = ORIENTED_EDGE ( 'NONE', *, *, #1567, .F. ) ;
#1215 = LINE ( 'NONE', #860, #2233 ) ;
#1216 = CARTESIAN_POINT ( 'NONE',  ( -5.999999999999999112, -17.50000000000000000, -1.000000000000062617 ) ) ;
#1217 = ORIENTED_EDGE ( 'NONE', *, *, #2023, .T. ) ;
#1218 = VECTOR ( 'NONE', #1775, 1000.000000000000000 ) ;
#1219 = FACE_OUTER_BOUND ( 'NONE', #992, .T. ) ;
#1220 = FACE_OUTER_BOUND ( 'NONE', #1395, .T. ) ;
#1221 = ADVANCED_FACE ( 'NONE', ( #1220 ), #23, .T. ) ;
#1222 = ORIENTED_EDGE ( 'NONE', *, *, #1750, .F. ) ;
#1223 = VECTOR ( 'NONE', #1977, 1000.000000000000000 ) ;
#1224 = DIRECTION ( 'NONE',  ( -0.000000000000000000, 1.000000000000000000, -0.000000000000000000 ) ) ;
#1225 = CIRCLE ( 'NONE', #777, 0.9999999999999997780 ) ;
#1226 = EDGE_CURVE ( 'NONE', #1575, #1562, #1431, .T. ) ;
#1227 = CIRCLE ( 'NONE', #963, 10.00000000000000000 ) ;
#1228 = DIRECTION ( 'NONE',  ( 0.000000000000000000, 0.000000000000000000, 1.000000000000000000 ) ) ;
#1229 = VERTEX_POINT ( 'NONE', #2107 ) ;
#1230 = FACE_OUTER_BOUND ( 'NONE', #297, .T. ) ;
#1231 = DIRECTION ( 'NONE',  ( 0.000000000000000000, 0.000000000000000000, 1.000000000000000000 ) ) ;
#1232 = ORIENTED_EDGE ( 'NONE', *, *, #1676, .F. ) ;
#1233 = CARTESIAN_POINT ( 'NONE',  ( 16.00000000000000000, -6.000000000000000000, -1.000000000000023315 ) ) ;
#1234 = EDGE_CURVE ( 'NONE', #857, #2162, #1, .T. ) ;
#1235 = CARTESIAN_POINT ( 'NONE',  ( -5.999999999999999112, -14.50000000000000000, 0.9999999999999369393 ) ) ;
#1236 = FACE_BOUND ( 'NONE', #422, .T. ) ;
#1237 = DIRECTION ( 'NONE',  ( -0.000000000000000000, 1.000000000000000000, -0.000000000000000000 ) ) ;
#1238 = VERTEX_POINT ( 'NONE', #1970 ) ;
#1239 = CYLINDRICAL_SURFACE ( 'NONE', #743, 1.000000000000000000 ) ;
#1240 = AXIS2_PLACEMENT_3D ( 'NONE', #749, #57, #207 ) ;
#1241 = DIRECTION ( 'NONE',  ( -1.000000000000000000, 0.000000000000000000, 0.000000000000000000 ) ) ;
#1242 = EDGE_CURVE ( 'NONE', #1045, #1186, #1958, .T. ) ;
#1243 = VERTEX_POINT ( 'NONE', #941 ) ;
#1244 = VERTEX_POINT ( 'NONE', #1267 ) ;
#1245 = DIRECTION ( 'NONE',  ( 0.000000000000000000, 0.000000000000000000, -1.000000000000000000 ) ) ;
#1246 = EDGE_CURVE ( 'NONE', #1989, #705, #2164, .T. ) ;
#1247 = DIRECTION ( 'NONE',  ( -1.000000000000000000, 0.000000000000000000, 0.000000000000000000 ) ) ;
#1248 = CIRCLE ( 'NONE', #1787, 1.000000000000000000 ) ;
#1249 = ORIENTED_EDGE ( 'NONE', *, *, #2024, .T. ) ;
#1250 = FACE_OUTER_BOUND ( 'NONE', #854, .T. ) ;
#1251 = VECTOR ( 'NONE', #1263, 1000.000000000000000 ) ;
#1252 = DIRECTION ( 'NONE',  ( 0.000000000000000000, 0.000000000000000000, -1.000000000000000000 ) ) ;
#1253 = VECTOR ( 'NONE', #1687, 1000.000000000000000 ) ;
#1254 = EDGE_LOOP ( 'NONE', ( #151, #1406, #1121, #104 ) ) ;
#1255 = AXIS2_PLACEMENT_3D ( 'NONE', #668, #162, #312 ) ;
#1256 = VERTEX_POINT ( 'NONE', #1103 ) ;
#1257 = EDGE_CURVE ( 'NONE', #87, #1164, #2195, .T. ) ;
#1258 = CARTESIAN_POINT ( 'NONE',  ( 16.00000000000000000, 0.000000000000000000, 7.999999999999998224 ) ) ;
#1259 = FACE_OUTER_BOUND ( 'NONE', #1254, .T. ) ;
#1260 = EDGE_CURVE ( 'NONE', #1009, #406, #755, .T. ) ;
#1261 = ORIENTED_EDGE ( 'NONE', *, *, #538, .F. ) ;
#1262 = DIRECTION ( 'NONE',  ( 1.000000000000000000, -0.000000000000000000, -0.000000000000000000 ) ) ;
#1263 = DIRECTION ( 'NONE',  ( 1.000000000000000000, -0.000000000000000000, -1.734723475976807341E-16 ) ) ;
#1264 = ORIENTED_EDGE ( 'NONE', *, *, #2159, .F. ) ;
#1265 = ORIENTED_EDGE ( 'NONE', *, *, #643, .T. ) ;
#1266 = FACE_OUTER_BOUND ( 'NONE', #481, .T. ) ;
#1267 = CARTESIAN_POINT ( 'NONE',  ( -5.999999999999999112, 14.50000000000000000, 0.9999999999999369393 ) ) ;
#1268 = EDGE_CURVE ( 'NONE', #1748, #848, #601, .T. ) ;
#1269 = VERTEX_POINT ( 'NONE', #1462 ) ;
#1270 = DIRECTION ( 'NONE',  ( 0.000000000000000000, 1.000000000000000000, -0.000000000000000000 ) ) ;
#1271 = CARTESIAN_POINT ( 'NONE',  ( -4.189777606611760026E-14, -14.50000000000000000, 6.000000000000000000 ) ) ;
#1272 = CARTESIAN_POINT ( 'NONE',  ( 22.10000000000000142, -19.50000000000000000, -4.389039952986573775E-15 ) ) ;
#1273 = AXIS2_PLACEMENT_3D ( 'NONE', #266, #1625, #1102 ) ;
#1274 = ORIENTED_EDGE ( 'NONE', *, *, #710, .F. ) ;
#1275 = EDGE_LOOP ( 'NONE', ( #740, #173, #2172, #689 ) ) ;
#1276 = DIRECTION ( 'NONE',  ( -0.000000000000000000, 1.000000000000000000, -0.000000000000000000 ) ) ;
#1277 = DIRECTION ( 'NONE',  ( 0.000000000000000000, -1.000000000000000000, 0.000000000000000000 ) ) ;
#1278 = EDGE_LOOP ( 'NONE', ( #2013, #2069 ) ) ;
#1279 = LINE ( 'NONE', #943, #997 ) ;
#1280 = CARTESIAN_POINT ( 'NONE',  ( 19.00000000000000355, -4.177531138620286512E-14, -5.000000000000004441 ) ) ;
#1281 = STYLED_ITEM ( 'NONE', ( #2040 ), #1422 ) ;
#1282 = CARTESIAN_POINT ( 'NONE',  ( 6.000000000000000000, -17.50000000000000000, 2.094888803305880013E-14 ) ) ;
#1283 = CIRCLE ( 'NONE', #310, 2.000000000000000000 ) ;
#1284 = EDGE_CURVE ( 'NONE', #171, #1848, #405, .T. ) ;
#1285 = ORIENTED_EDGE ( 'NONE', *, *, #1646, .F. ) ;
#1286 = AXIS2_PLACEMENT_3D ( 'NONE', #594, #924, #1432 ) ;
#1287 = ORIENTED_EDGE ( 'NONE', *, *, #462, .T. ) ;
#1288 = AXIS2_PLACEMENT_3D ( 'NONE', #1282, #1132, #1506 ) ;
#1289 = VECTOR ( 'NONE', #1962, 1000.000000000000000 ) ;
#1290 = DIRECTION ( 'NONE',  ( -1.000000000000000000, 0.000000000000000000, 1.734723475976807094E-16 ) ) ;
#1291 = VERTEX_POINT ( 'NONE', #1812 ) ;
#1292 = PLANE ( 'NONE',  #2114 ) ;
#1293 = CARTESIAN_POINT ( 'NONE',  ( -4.189777606611760026E-14, -19.50000000000000000, 5.000000000000000000 ) ) ;
#1294 = CARTESIAN_POINT ( 'NONE',  ( 0.000000000000000000, 17.50000000000000000, -4.000000000000000000 ) ) ;
#1295 = ORIENTED_EDGE ( 'NONE', *, *, #287, .F. ) ;
#1296 = FACE_OUTER_BOUND ( 'NONE', #1531, .T. ) ;
#1297 = ORIENTED_EDGE ( 'NONE', *, *, #1567, .T. ) ;
#1298 = DIRECTION ( 'NONE',  ( 0.000000000000000000, 0.000000000000000000, 1.000000000000000000 ) ) ;
#1299 = CARTESIAN_POINT ( 'NONE',  ( 16.00000000000000000, 6.000000000000000000, -2.000000000000023981 ) ) ;
#1300 = DIRECTION ( 'NONE',  ( 0.000000000000000000, 0.000000000000000000, 1.000000000000000000 ) ) ;
#1301 = ORIENTED_EDGE ( 'NONE', *, *, #432, .T. ) ;
#1302 = DIRECTION ( 'NONE',  ( 0.000000000000000000, -1.000000000000000000, 0.000000000000000000 ) ) ;
#1303 = FACE_OUTER_BOUND ( 'NONE', #1611, .T. ) ;
#1304 = DIRECTION ( 'NONE',  ( 1.000000000000000000, 0.000000000000000000, 0.000000000000000000 ) ) ;
#1305 = EDGE_LOOP ( 'NONE', ( #459, #1029, #1878, #1210 ) ) ;
#1306 = DIRECTION ( 'NONE',  ( 1.000000000000000000, 0.000000000000000000, 0.000000000000000000 ) ) ;
#1307 = VERTEX_POINT ( 'NONE', #256 ) ;
#1308 = ADVANCED_FACE ( 'NONE', ( #434 ), #83, .F. ) ;
#1309 = AXIS2_PLACEMENT_3D ( 'NONE', #1389, #464, #683 ) ;
#1310 = DIRECTION ( 'NONE',  ( 0.000000000000000000, 0.000000000000000000, 1.000000000000000000 ) ) ;
#1311 = AXIS2_PLACEMENT_3D ( 'NONE', #1487, #1735, #1499 ) ;
#1312 = ADVANCED_FACE ( 'NONE', ( #1659 ), #97, .F. ) ;
#1313 = DIRECTION ( 'NONE',  ( 0.000000000000000000, 0.000000000000000000, 1.000000000000000000 ) ) ;
#1314 = ORIENTED_EDGE ( 'NONE', *, *, #1720, .F. ) ;
#1315 = LINE ( 'NONE', #1158, #1437 ) ;
#1316 = LINE ( 'NONE', #1143, #1430 ) ;
#1317 = DIRECTION ( 'NONE',  ( -1.000000000000000000, 0.000000000000000000, 0.000000000000000000 ) ) ;
#1318 = AXIS2_PLACEMENT_3D ( 'NONE', #1348, #1020, #2041 ) ;
#1319 = EDGE_LOOP ( 'NONE', ( #1449, #2059, #1333, #1205 ) ) ;
#1320 = CYLINDRICAL_SURFACE ( 'NONE', #439, 1.000000000000000000 ) ;
#1321 = AXIS2_PLACEMENT_3D ( 'NONE', #1340, #821, #782 ) ;
#1322 = VECTOR ( 'NONE', #1453, 1000.000000000000000 ) ;
#1323 = DIRECTION ( 'NONE',  ( -1.000000000000000000, 0.000000000000000000, 1.734723475976807094E-16 ) ) ;
#1324 =( NAMED_UNIT ( * ) PLANE_ANGLE_UNIT ( ) SI_UNIT ( $, .RADIAN. ) );
#1325 = EDGE_CURVE ( 'NONE', #1146, #1009, #2121, .T. ) ;
#1326 = AXIS2_PLACEMENT_3D ( 'NONE', #1940, #383, #934 ) ;
#1327 = DIRECTION ( 'NONE',  ( 0.000000000000000000, -1.000000000000000000, 0.000000000000000000 ) ) ;
#1328 = VERTEX_POINT ( 'NONE', #325 ) ;
#1329 = CYLINDRICAL_SURFACE ( 'NONE', #56, 2.000000000000000000 ) ;
#1330 = AXIS2_PLACEMENT_3D ( 'NONE', #2213, #1715, #833 ) ;
#1331 = CARTESIAN_POINT ( 'NONE',  ( 0.000000000000000000, 14.50000000000000000, -6.000000000000000000 ) ) ;
#1332 = DIRECTION ( 'NONE',  ( -1.000000000000000000, 0.000000000000000000, 0.000000000000000000 ) ) ;
#1333 = ORIENTED_EDGE ( 'NONE', *, *, #914, .T. ) ;
#1334 = EDGE_LOOP ( 'NONE', ( #429, #779 ) ) ;
#1335 = DIRECTION ( 'NONE',  ( 1.000000000000000000, 0.000000000000000000, 0.000000000000000000 ) ) ;
#1336 = DIRECTION ( 'NONE',  ( 0.000000000000000000, 0.000000000000000000, 1.000000000000000000 ) ) ;
#1337 = CARTESIAN_POINT ( 'NONE',  ( -2.449293598294706414E-16, -17.50000000000000000, -8.000000000000000000 ) ) ;
#1338 = ORIENTED_EDGE ( 'NONE', *, *, #1836, .F. ) ;
#1339 = DIRECTION ( 'NONE',  ( 0.000000000000000000, 0.000000000000000000, 1.000000000000000000 ) ) ;
#1340 = CARTESIAN_POINT ( 'NONE',  ( 0.000000000000000000, -19.50000000000000000, 0.000000000000000000 ) ) ;
#1341 = DIRECTION ( 'NONE',  ( 0.000000000000000000, 0.000000000000000000, 1.000000000000000000 ) ) ;
#1342 = EDGE_LOOP ( 'NONE', ( #284, #220, #1439, #504 ) ) ;
#1343 = FACE_OUTER_BOUND ( 'NONE', #928, .T. ) ;
#1344 = ORIENTED_EDGE ( 'NONE', *, *, #187, .T. ) ;
#1345 = CARTESIAN_POINT ( 'NONE',  ( 6.000000000000000000, 14.50000000000000000, 2.094888803305880013E-14 ) ) ;
#1346 = AXIS2_PLACEMENT_3D ( 'NONE', #472, #1680, #813 ) ;
#1347 = CIRCLE ( 'NONE', #541, 1.000000000000000000 ) ;
#1348 = CARTESIAN_POINT ( 'NONE',  ( 14.00000000000000000, 6.000000000000000000, -2.337750089942632691E-14 ) ) ;
#1349 = EDGE_LOOP ( 'NONE', ( #899, #2239, #366, #711 ) ) ;
#1350 = DIRECTION ( 'NONE',  ( 0.000000000000000000, 0.000000000000000000, 1.000000000000000000 ) ) ;
#1351 = ORIENTED_EDGE ( 'NONE', *, *, #926, .F. ) ;
#1352 = DIRECTION ( 'NONE',  ( 0.000000000000000000, 0.000000000000000000, 1.000000000000000000 ) ) ;
#1353 = FACE_OUTER_BOUND ( 'NONE', #107, .T. ) ;
#1354 = ADVANCED_FACE ( 'NONE', ( #1852, #2211 ), #145, .T. ) ;
#1355 = ORIENTED_EDGE ( 'NONE', *, *, #595, .F. ) ;
#1356 = ADVANCED_FACE ( 'NONE', ( #494 ), #1018, .F. ) ;
#1357 = EDGE_LOOP ( 'NONE', ( #1980, #1541 ) ) ;
#1358 = AXIS2_PLACEMENT_3D ( 'NONE', #414, #570, #2005 ) ;
#1359 = FACE_OUTER_BOUND ( 'NONE', #147, .T. ) ;
#1360 = CIRCLE ( 'NONE', #49, 1.000000000000000000 ) ;
#1361 = DIRECTION ( 'NONE',  ( -0.000000000000000000, 1.000000000000000000, -0.000000000000000000 ) ) ;
#1362 = AXIS2_PLACEMENT_3D ( 'NONE', #469, #2146, #1144 ) ;
#1363 = DIRECTION ( 'NONE',  ( 0.000000000000000000, 0.000000000000000000, 1.000000000000000000 ) ) ;
#1364 = VERTEX_POINT ( 'NONE', #155 ) ;
#1365 = CARTESIAN_POINT ( 'NONE',  ( 0.000000000000000000, -17.50000000000000000, -4.000000000000000000 ) ) ;
#1366 = VECTOR ( 'NONE', #780, 1000.000000000000000 ) ;
#1367 = VERTEX_POINT ( 'NONE', #2185 ) ;
#1368 = DIRECTION ( 'NONE',  ( -1.000000000000000000, 0.000000000000000000, 1.734723475976807094E-16 ) ) ;
#1369 = VECTOR ( 'NONE', #2237, 1000.000000000000000 ) ;
#1370 = ORIENTED_EDGE ( 'NONE', *, *, #216, .F. ) ;
#1371 = EDGE_CURVE ( 'NONE', #1950, #877, #516, .T. ) ;
#1372 = DIRECTION ( 'NONE',  ( 0.000000000000000000, 0.000000000000000000, 1.000000000000000000 ) ) ;
#1373 = DIRECTION ( 'NONE',  ( 0.000000000000000000, -1.000000000000000000, 0.000000000000000000 ) ) ;
#1374 = ORIENTED_EDGE ( 'NONE', *, *, #653, .F. ) ;
#1375 = LINE ( 'NONE', #307, #278 ) ;
#1376 = ORIENTED_EDGE ( 'NONE', *, *, #1201, .F. ) ;
#1377 = DIRECTION ( 'NONE',  ( 1.000000000000000000, 0.000000000000000000, -2.026987197596717295E-16 ) ) ;
#1378 = ORIENTED_EDGE ( 'NONE', *, *, #1899, .F. ) ;
#1379 = CARTESIAN_POINT ( 'NONE',  ( -5.999999999999999112, 17.50000000000000000, -2.000000000000063061 ) ) ;
#1380 = ADVANCED_FACE ( 'NONE', ( #1873 ), #1545, .F. ) ;
#1381 = DIRECTION ( 'NONE',  ( 0.000000000000000000, 0.000000000000000000, 1.000000000000000000 ) ) ;
#1382 = ORIENTED_EDGE ( 'NONE', *, *, #2074, .F. ) ;
#1383 = DIRECTION ( 'NONE',  ( -1.000000000000000000, 0.000000000000000000, 1.734723475976807094E-16 ) ) ;
#1384 = DIRECTION ( 'NONE',  ( -1.000000000000000000, 0.000000000000000000, 0.000000000000000000 ) ) ;
#1385 = EDGE_CURVE ( 'NONE', #213, #1009, #2221, .T. ) ;
#1386 = ADVANCED_FACE ( 'NONE', ( #987 ), #839, .F. ) ;
#1387 = EDGE_LOOP ( 'NONE', ( #1287, #2179 ) ) ;
#1388 = CARTESIAN_POINT ( 'NONE',  ( 6.000000000000000000, -17.50000000000000000, 2.094888803305880013E-14 ) ) ;
#1389 = CARTESIAN_POINT ( 'NONE',  ( 0.000000000000000000, -17.50000000000000000, -6.000000000000000000 ) ) ;
#1390 = AXIS2_PLACEMENT_3D ( 'NONE', #559, #1405, #37 ) ;
#1391 = FACE_OUTER_BOUND ( 'NONE', #2115, .T. ) ;
#1392 = CARTESIAN_POINT ( 'NONE',  ( 0.000000000000000000, 19.50000000000000000, -10.00000000000000000 ) ) ;
#1393 = VECTOR ( 'NONE', #1116, 1000.000000000000000 ) ;
#1394 = ADVANCED_FACE ( 'NONE', ( #1359 ), #1177, .F. ) ;
#1395 = EDGE_LOOP ( 'NONE', ( #724, #1719, #1070, #113 ) ) ;
#1396 = AXIS2_PLACEMENT_3D ( 'NONE', #769, #1794, #241 ) ;
#1397 = AXIS2_PLACEMENT_3D ( 'NONE', #2243, #1384, #1571 ) ;
#1398 = CARTESIAN_POINT ( 'NONE',  ( 14.00000000000000000, -4.165284670628812997E-14, -8.000000000000003553 ) ) ;
#1399 = AXIS2_PLACEMENT_3D ( 'NONE', #1501, #372, #58 ) ;
#1400 = EDGE_CURVE ( 'NONE', #168, #838, #124, .T. ) ;
#1401 = AXIS2_PLACEMENT_3D ( 'NONE', #1919, #1597, #536 ) ;
#1402 = CARTESIAN_POINT ( 'NONE',  ( 16.00000000000000000, 6.000000000000000000, 1.999999999999976241 ) ) ;
#1403 = APPLICATION_CONTEXT ( 'automotive_design' ) ;
#1404 = DIRECTION ( 'NONE',  ( 0.000000000000000000, 0.000000000000000000, -1.000000000000000000 ) ) ;
#1405 = DIRECTION ( 'NONE',  ( -0.000000000000000000, 1.000000000000000000, -0.000000000000000000 ) ) ;
#1406 = ORIENTED_EDGE ( 'NONE', *, *, #1836, .T. ) ;
#1407 = CARTESIAN_POINT ( 'NONE',  ( 0.000000000000000000, -17.50000000000000000, -6.000000000000000000 ) ) ;
#1408 = EDGE_CURVE ( 'NONE', #1104, #360, #1833, .T. ) ;
#1409 = EDGE_LOOP ( 'NONE', ( #2223, #1607 ) ) ;
#1410 = CARTESIAN_POINT ( 'NONE',  ( 19.00000000000000355, 6.000000000000000000, -1.000000000000023981 ) ) ;
#1411 = FACE_BOUND ( 'NONE', #1334, .T. ) ;
#1412 = ORIENTED_EDGE ( 'NONE', *, *, #449, .F. ) ;
#1413 = ORIENTED_EDGE ( 'NONE', *, *, #1129, .T. ) ;
#1414 = LINE ( 'NONE', #1908, #1033 ) ;
#1415 = DIRECTION ( 'NONE',  ( 0.000000000000000000, 0.000000000000000000, 1.000000000000000000 ) ) ;
#1416 = ORIENTED_EDGE ( 'NONE', *, *, #1162, .T. ) ;
#1417 = DIRECTION ( 'NONE',  ( 0.000000000000000000, 0.000000000000000000, 1.000000000000000000 ) ) ;
#1418 = FACE_OUTER_BOUND ( 'NONE', #1032, .T. ) ;
#1419 = CARTESIAN_POINT ( 'NONE',  ( 16.00000000000000000, -4.189777606611760026E-14, -6.000000000000002665 ) ) ;
#1420 = EDGE_CURVE ( 'NONE', #1459, #1243, #165, .T. ) ;
#1421 = ORIENTED_EDGE ( 'NONE', *, *, #2092, .T. ) ;
#1422 = MANIFOLD_SOLID_BREP ( 'Boss-Extrude3', #1189 ) ;
#1423 = EDGE_LOOP ( 'NONE', ( #1295, #714 ) ) ;
#1424 = ORIENTED_EDGE ( 'NONE', *, *, #671, .T. ) ;
#1425 = CARTESIAN_POINT ( 'NONE',  ( -5.999999999999999112, 17.50000000000000000, -1.000000000000062617 ) ) ;
#1426 = CARTESIAN_POINT ( 'NONE',  ( 22.10000000000000142, 0.000000000000000000, -3.642919299551299336E-16 ) ) ;
#1427 = AXIS2_PLACEMENT_3D ( 'NONE', #2203, #283, #294 ) ;
#1428 = ORIENTED_EDGE ( 'NONE', *, *, #2238, .F. ) ;
#1429 = DIRECTION ( 'NONE',  ( 0.000000000000000000, 0.000000000000000000, 1.000000000000000000 ) ) ;
#1430 = VECTOR ( 'NONE', #273, 1000.000000000000000 ) ;
#1431 = CIRCLE ( 'NONE', #1397, 2.000000000000000888 ) ;
#1432 = DIRECTION ( 'NONE',  ( 0.000000000000000000, 0.000000000000000000, 1.000000000000000000 ) ) ;
#1433 = DIRECTION ( 'NONE',  ( 0.000000000000000000, 0.000000000000000000, 1.000000000000000000 ) ) ;
#1434 = DIRECTION ( 'NONE',  ( -0.000000000000000000, 1.000000000000000000, -0.000000000000000000 ) ) ;
#1435 = VECTOR ( 'NONE', #262, 1000.000000000000000 ) ;
#1436 = ORIENTED_EDGE ( 'NONE', *, *, #2116, .T. ) ;
#1437 = VECTOR ( 'NONE', #2007, 1000.000000000000000 ) ;
#1438 = EDGE_CURVE ( 'NONE', #2138, #444, #1248, .T. ) ;
#1439 = ORIENTED_EDGE ( 'NONE', *, *, #1486, .T. ) ;
#1440 = AXIS2_PLACEMENT_3D ( 'NONE', #664, #1536, #1339 ) ;
#1441 = CARTESIAN_POINT ( 'NONE',  ( -5.999999999999999112, 19.50000000000000000, -6.284666409917640040E-14 ) ) ;
#1442 = CARTESIAN_POINT ( 'NONE',  ( 0.000000000000000000, -17.50000000000000000, -4.000000000000000000 ) ) ;
#1443 = ORIENTED_EDGE ( 'NONE', *, *, #572, .T. ) ;
#1444 = DIRECTION ( 'NONE',  ( -1.000000000000000000, 0.000000000000000000, 0.000000000000000000 ) ) ;
#1445 = CARTESIAN_POINT ( 'NONE',  ( 11.17157287525381015, -6.000000000000000000, -1.000000000000022649 ) ) ;
#1446 = DIRECTION ( 'NONE',  ( -1.734723475976807094E-16, 0.000000000000000000, -1.000000000000000000 ) ) ;
#1447 = CARTESIAN_POINT ( 'NONE',  ( -1.224646799147353207E-16, -14.50000000000000000, -5.000000000000000000 ) ) ;
#1448 = DIRECTION ( 'NONE',  ( 1.000000000000000000, 0.000000000000000000, -1.734723475976807341E-16 ) ) ;
#1449 = ORIENTED_EDGE ( 'NONE', *, *, #843, .F. ) ;
#1450 = VERTEX_POINT ( 'NONE', #867 ) ;
#1451 = EDGE_CURVE ( 'NONE', #128, #15, #407, .T. ) ;
#1452 = DIRECTION ( 'NONE',  ( 1.000000000000000000, -0.000000000000000000, -0.000000000000000000 ) ) ;
#1453 = DIRECTION ( 'NONE',  ( -1.000000000000000000, 0.000000000000000000, 1.734723475976807094E-16 ) ) ;
#1454 = VERTEX_POINT ( 'NONE', #2073 ) ;
#1455 = EDGE_CURVE ( 'NONE', #1367, #877, #166, .T. ) ;
#1456 = DIRECTION ( 'NONE',  ( -0.000000000000000000, 1.000000000000000000, -0.000000000000000000 ) ) ;
#1457 = DIRECTION ( 'NONE',  ( 0.000000000000000000, 0.000000000000000000, 1.000000000000000000 ) ) ;
#1458 = LINE ( 'NONE', #1652, #2052 ) ;
#1459 = VERTEX_POINT ( 'NONE', #1464 ) ;
#1460 = EDGE_LOOP ( 'NONE', ( #942, #517, #1314, #280 ) ) ;
#1461 = CARTESIAN_POINT ( 'NONE',  ( 22.10000000000000497, 0.000000000000000000, 10.00000000000000000 ) ) ;
#1462 = CARTESIAN_POINT ( 'NONE',  ( 0.000000000000000000, -17.50000000000000000, -7.000000000000000000 ) ) ;
#1463 = VERTEX_POINT ( 'NONE', #425 ) ;
#1464 = CARTESIAN_POINT ( 'NONE',  ( -4.214270542594707056E-14, -17.50000000000000000, 4.000000000000000000 ) ) ;
#1465 = CARTESIAN_POINT ( 'NONE',  ( -5.999999999999999112, -17.50000000000000000, -2.000000000000063061 ) ) ;
#1466 = VECTOR ( 'NONE', #526, 1000.000000000000000 ) ;
#1467 = CARTESIAN_POINT ( 'NONE',  ( 0.000000000000000000, 14.50000000000000000, -6.000000000000000000 ) ) ;
#1468 = LINE ( 'NONE', #846, #524 ) ;
#1469 = EDGE_CURVE ( 'NONE', #1818, #897, #308, .T. ) ;
#1470 = ORIENTED_EDGE ( 'NONE', *, *, #1246, .F. ) ;
#1471 = DIRECTION ( 'NONE',  ( 0.000000000000000000, 0.000000000000000000, 1.000000000000000000 ) ) ;
#1472 = ORIENTED_EDGE ( 'NONE', *, *, #1750, .T. ) ;
#1473 = AXIS2_PLACEMENT_3D ( 'NONE', #103, #1163, #795 ) ;
#1474 = CIRCLE ( 'NONE', #1838, 0.9999999999999995559 ) ;
#1475 = CARTESIAN_POINT ( 'NONE',  ( 19.00000000000000355, 1.010333609296566353E-15, -8.250000000000000000 ) ) ;
#1476 = CARTESIAN_POINT ( 'NONE',  ( -5.999999999999999112, 17.50000000000000000, -2.000000000000063061 ) ) ;
#1477 = CARTESIAN_POINT ( 'NONE',  ( -4.189777606611760026E-14, 19.50000000000000000, 5.000000000000000000 ) ) ;
#1478 = ORIENTED_EDGE ( 'NONE', *, *, #1800, .T. ) ;
#1479 = PLANE ( 'NONE',  #1698 ) ;
#1480 = CARTESIAN_POINT ( 'NONE',  ( 22.10000000000000142, 0.000000000000000000, -3.642919299551299336E-16 ) ) ;
#1481 = EDGE_CURVE ( 'NONE', #373, #301, #81, .T. ) ;
#1482 = FACE_OUTER_BOUND ( 'NONE', #306, .T. ) ;
#1483 = ORIENTED_EDGE ( 'NONE', *, *, #1420, .F. ) ;
#1484 = CARTESIAN_POINT ( 'NONE',  ( 0.000000000000000000, 0.000000000000000000, 0.000000000000000000 ) ) ;
#1485 = ORIENTED_EDGE ( 'NONE', *, *, #721, .F. ) ;
#1486 = EDGE_CURVE ( 'NONE', #1575, #394, #1489, .T. ) ;
#1487 = CARTESIAN_POINT ( 'NONE',  ( 6.000000000000000000, 17.50000000000000000, 2.094888803305880013E-14 ) ) ;
#1488 = DIRECTION ( 'NONE',  ( 1.000000000000000000, -0.000000000000000000, -1.734723475976807341E-16 ) ) ;
#1489 = LINE ( 'NONE', #1803, #2046 ) ;
#1490 = ORIENTED_EDGE ( 'NONE', *, *, #1856, .F. ) ;
#1491 = DIRECTION ( 'NONE',  ( 0.000000000000000000, 0.000000000000000000, 1.000000000000000000 ) ) ;
#1492 = DIRECTION ( 'NONE',  ( 0.000000000000000000, 0.000000000000000000, 1.000000000000000000 ) ) ;
#1493 = CARTESIAN_POINT ( 'NONE',  ( 16.00000000000000000, 6.000000000000000000, -2.372444559462168833E-14 ) ) ;
#1494 = ORIENTED_EDGE ( 'NONE', *, *, #785, .F. ) ;
#1495 = CARTESIAN_POINT ( 'NONE',  ( -4.189777606611760026E-14, 19.50000000000000000, 6.000000000000000000 ) ) ;
#1496 = ORIENTED_EDGE ( 'NONE', *, *, #915, .T. ) ;
#1497 = EDGE_CURVE ( 'NONE', #295, #1641, #1279, .T. ) ;
#1498 = EDGE_CURVE ( 'NONE', #80, #1945, #265, .T. ) ;
#1499 = DIRECTION ( 'NONE',  ( 0.000000000000000000, 0.000000000000000000, 1.000000000000000000 ) ) ;
#1500 = DIRECTION ( 'NONE',  ( 0.000000000000000000, 0.000000000000000000, -1.000000000000000000 ) ) ;
#1501 = CARTESIAN_POINT ( 'NONE',  ( -4.189777606611760026E-14, 19.50000000000000000, 6.000000000000000000 ) ) ;
#1502 = DIRECTION ( 'NONE',  ( -0.000000000000000000, -1.000000000000000000, -0.000000000000000000 ) ) ;
#1503 = EDGE_LOOP ( 'NONE', ( #578, #585 ) ) ;
#1504 = LINE ( 'NONE', #592, #1289 ) ;
#1505 = DIRECTION ( 'NONE',  ( 0.000000000000000000, 1.000000000000000000, -0.000000000000000000 ) ) ;
#1506 = DIRECTION ( 'NONE',  ( 0.000000000000000000, 0.000000000000000000, 1.000000000000000000 ) ) ;
#1507 = AXIS2_PLACEMENT_3D ( 'NONE', #1605, #1404, #1751 ) ;
#1508 = VERTEX_POINT ( 'NONE', #1128 ) ;
#1509 = AXIS2_PLACEMENT_3D ( 'NONE', #961, #1452, #1298 ) ;
#1510 = EDGE_CURVE ( 'NONE', #244, #2071, #2151, .T. ) ;
#1511 = DIRECTION ( 'NONE',  ( -0.000000000000000000, 1.000000000000000000, -0.000000000000000000 ) ) ;
#1512 = CIRCLE ( 'NONE', #1834, 2.000000000000000000 ) ;
#1513 = AXIS2_PLACEMENT_3D ( 'NONE', #1913, #1262, #2124 ) ;
#1514 = DIRECTION ( 'NONE',  ( 0.000000000000000000, 1.000000000000000000, -0.000000000000000000 ) ) ;
#1515 = DIRECTION ( 'NONE',  ( -1.000000000000000000, 0.000000000000000000, 1.734723475976807094E-16 ) ) ;
#1516 = LINE ( 'NONE', #311, #1904 ) ;
#1517 = FACE_OUTER_BOUND ( 'NONE', #2057, .T. ) ;
#1518 = ORIENTED_EDGE ( 'NONE', *, *, #1469, .T. ) ;
#1519 = CARTESIAN_POINT ( 'NONE',  ( -4.189777606611760026E-14, 14.50000000000000000, 6.000000000000000000 ) ) ;
#1520 = ORIENTED_EDGE ( 'NONE', *, *, #1875, .F. ) ;
#1521 = CARTESIAN_POINT ( 'NONE',  ( 6.000000000000000000, 19.50000000000000000, 2.000000000000020872 ) ) ;
#1522 = DIRECTION ( 'NONE',  ( 0.000000000000000000, 0.000000000000000000, 1.000000000000000000 ) ) ;
#1523 = APPLICATION_CONTEXT ( 'automotive_design' ) ;
#1524 = CARTESIAN_POINT ( 'NONE',  ( -4.189777606611760026E-14, 17.50000000000000000, 8.000000000000000000 ) ) ;
#1525 = EDGE_LOOP ( 'NONE', ( #1232, #194, #590, #762 ) ) ;
#1526 = CARTESIAN_POINT ( 'NONE',  ( -4.189777606611760026E-14, -17.50000000000000000, 6.000000000000000000 ) ) ;
#1527 = EDGE_CURVE ( 'NONE', #2071, #244, #1543, .T. ) ;
#1528 = CARTESIAN_POINT ( 'NONE',  ( 0.000000000000000000, -19.50000000000000000, 10.00000000000000000 ) ) ;
#1529 = EDGE_CURVE ( 'NONE', #1291, #1017, #1616, .T. ) ;
#1530 = FACE_OUTER_BOUND ( 'NONE', #1342, .T. ) ;
#1531 = EDGE_LOOP ( 'NONE', ( #1376, #737, #2182, #1428 ) ) ;
#1532 = ORIENTED_EDGE ( 'NONE', *, *, #1325, .T. ) ;
#1533 = DIRECTION ( 'NONE',  ( 0.000000000000000000, 0.000000000000000000, 1.000000000000000000 ) ) ;
#1534 = CIRCLE ( 'NONE', #119, 2.000000000000000000 ) ;
#1535 = DIRECTION ( 'NONE',  ( 0.000000000000000000, 0.000000000000000000, 1.000000000000000000 ) ) ;
#1536 = DIRECTION ( 'NONE',  ( 0.000000000000000000, 1.000000000000000000, -0.000000000000000000 ) ) ;
#1537 = ORIENTED_EDGE ( 'NONE', *, *, #1554, .F. ) ;
#1538 = ADVANCED_FACE ( 'NONE', ( #1638, #591 ), #1292, .T. ) ;
#1539 = DIRECTION ( 'NONE',  ( 0.000000000000000000, 0.000000000000000000, 1.000000000000000000 ) ) ;
#1540 = LINE ( 'NONE', #1197, #628 ) ;
#1541 = ORIENTED_EDGE ( 'NONE', *, *, #1094, .F. ) ;
#1542 = ORIENTED_EDGE ( 'NONE', *, *, #1653, .T. ) ;
#1543 = CIRCLE ( 'NONE', #1614, 2.000000000000000000 ) ;
#1544 = AXIS2_PLACEMENT_3D ( 'NONE', #1137, #70, #2163 ) ;
#1545 = CYLINDRICAL_SURFACE ( 'NONE', #889, 1.000000000000000000 ) ;
#1546 = CIRCLE ( 'NONE', #1152, 1.000000000000000000 ) ;
#1547 = DIRECTION ( 'NONE',  ( 0.000000000000000000, 0.000000000000000000, 1.000000000000000000 ) ) ;
#1548 = ORIENTED_EDGE ( 'NONE', *, *, #1408, .T. ) ;
#1549 = FACE_OUTER_BOUND ( 'NONE', #224, .T. ) ;
#1550 = CIRCLE ( 'NONE', #1075, 1.000000000000000000 ) ;
#1551 = EDGE_LOOP ( 'NONE', ( #335, #1024, #160, #323 ) ) ;
#1552 = CYLINDRICAL_SURFACE ( 'NONE', #2014, 2.000000000000000000 ) ;
#1553 = AXIS2_PLACEMENT_3D ( 'NONE', #148, #842, #2224 ) ;
#1554 = EDGE_CURVE ( 'NONE', #2162, #1740, #483, .T. ) ;
#1555 = VERTEX_POINT ( 'NONE', #954 ) ;
#1556 = ADVANCED_FACE ( 'NONE', ( #1994, #1647 ), #85, .T. ) ;
#1557 = ADVANCED_FACE ( 'NONE', ( #1960, #778, #933, #98, #2165 ), #451, .T. ) ;
#1558 = CARTESIAN_POINT ( 'NONE',  ( -4.189777606611760026E-14, 19.50000000000000000, 6.000000000000000000 ) ) ;
#1559 = ORIENTED_EDGE ( 'NONE', *, *, #34, .T. ) ;
#1560 = FACE_OUTER_BOUND ( 'NONE', #1774, .T. ) ;
#1561 = DIRECTION ( 'NONE',  ( 0.000000000000000000, -1.000000000000000000, 0.000000000000000000 ) ) ;
#1562 = VERTEX_POINT ( 'NONE', #436 ) ;
#1563 = CARTESIAN_POINT ( 'NONE',  ( 16.00000000000000000, 2.449293598294706907E-16, 3.999999999999996447 ) ) ;
#1564 = ORIENTED_EDGE ( 'NONE', *, *, #2074, .T. ) ;
#1565 = VERTEX_POINT ( 'NONE', #791 ) ;
#1566 = DIRECTION ( 'NONE',  ( 0.000000000000000000, 1.000000000000000000, -0.000000000000000000 ) ) ;
#1567 = EDGE_CURVE ( 'NONE', #358, #2147, #398, .T. ) ;
#1568 = EDGE_LOOP ( 'NONE', ( #1532, #500, #995, #5 ) ) ;
#1569 = DIRECTION ( 'NONE',  ( 0.000000000000000000, -1.000000000000000000, 0.000000000000000000 ) ) ;
#1570 = AXIS2_PLACEMENT_3D ( 'NONE', #974, #185, #2003 ) ;
#1571 = DIRECTION ( 'NONE',  ( 0.000000000000000000, 0.000000000000000000, 1.000000000000000000 ) ) ;
#1572 = ADVANCED_FACE ( 'NONE', ( #226, #757, #1105, #238, #1627 ), #2142, .F. ) ;
#1573 = VERTEX_POINT ( 'NONE', #1886 ) ;
#1574 = DIRECTION ( 'NONE',  ( 0.000000000000000000, 0.000000000000000000, 1.000000000000000000 ) ) ;
#1575 = VERTEX_POINT ( 'NONE', #840 ) ;
#1576 = CARTESIAN_POINT ( 'NONE',  ( 14.00000000000000000, -4.189777606611760026E-14, -4.000000000000001776 ) ) ;
#1577 = AXIS2_PLACEMENT_3D ( 'NONE', #527, #514, #1231 ) ;
#1578 = ORIENTED_EDGE ( 'NONE', *, *, #1078, .F. ) ;
#1579 = AXIS2_PLACEMENT_3D ( 'NONE', #1660, #1270, #269 ) ;
#1580 = PRODUCT ( 'link4', 'link4', '', ( #825 ) ) ;
#1581 = EDGE_CURVE ( 'NONE', #1565, #2037, #1187, .T. ) ;
#1582 = PLANE ( 'NONE',  #1507 ) ;
#1583 = DIRECTION ( 'NONE',  ( 0.000000000000000000, 0.000000000000000000, 1.000000000000000000 ) ) ;
#1584 = ORIENTED_EDGE ( 'NONE', *, *, #926, .T. ) ;
#1585 = CIRCLE ( 'NONE', #1396, 2.000000000000000000 ) ;
#1586 = DIRECTION ( 'NONE',  ( -0.000000000000000000, 1.000000000000000000, -0.000000000000000000 ) ) ;
#1587 = CIRCLE ( 'NONE', #896, 2.000000000000000888 ) ;
#1588 = ORIENTED_EDGE ( 'NONE', *, *, #1529, .F. ) ;
#1589 = VECTOR ( 'NONE', #1302, 1000.000000000000000 ) ;
#1590 = CARTESIAN_POINT ( 'NONE',  ( -5.999999999999999112, 14.50000000000000000, -6.284666409917640040E-14 ) ) ;
#1591 = PRODUCT_DEFINITION_CONTEXT ( 'detailed design', #1523, 'design' ) ;
#1592 = ORIENTED_EDGE ( 'NONE', *, *, #432, .F. ) ;
#1593 = LINE ( 'NONE', #886, #45 ) ;
#1594 = DIRECTION ( 'NONE',  ( 0.000000000000000000, 0.000000000000000000, 1.000000000000000000 ) ) ;
#1595 = EDGE_LOOP ( 'NONE', ( #1472, #1633, #719, #1946 ) ) ;
#1596 = ADVANCED_FACE ( 'NONE', ( #1877, #1178 ), #817, .T. ) ;
#1597 = DIRECTION ( 'NONE',  ( 0.000000000000000000, 1.000000000000000000, -0.000000000000000000 ) ) ;
#1598 = ADVANCED_FACE ( 'NONE', ( #678, #1842, #327, #2066, #989 ), #976, .F. ) ;
#1599 = CARTESIAN_POINT ( 'NONE',  ( -2.449293598294706414E-16, -17.50000000000000000, -8.000000000000000000 ) ) ;
#1600 = CARTESIAN_POINT ( 'NONE',  ( 6.000000000000000000, 14.50000000000000000, 1.000000000000021094 ) ) ;
#1601 = CYLINDRICAL_SURFACE ( 'NONE', #929, 1.000000000000000000 ) ;
#1602 = ORIENTED_EDGE ( 'NONE', *, *, #843, .T. ) ;
#1603 = EDGE_LOOP ( 'NONE', ( #1708, #871, #786, #2218 ) ) ;
#1604 = ORIENTED_EDGE ( 'NONE', *, *, #150, .F. ) ;
#1605 = CARTESIAN_POINT ( 'NONE',  ( 0.000000000000000000, 19.50000000000000000, -10.00000000000000000 ) ) ;
#1606 = CARTESIAN_POINT ( 'NONE',  ( 0.000000000000000000, -19.50000000000000000, 0.000000000000000000 ) ) ;
#1607 = ORIENTED_EDGE ( 'NONE', *, *, #984, .T. ) ;
#1608 = FACE_OUTER_BOUND ( 'NONE', #1319, .T. ) ;
#1609 = EDGE_CURVE ( 'NONE', #20, #2044, #648, .T. ) ;
#1610 = FACE_OUTER_BOUND ( 'NONE', #2006, .T. ) ;
#1611 = EDGE_LOOP ( 'NONE', ( #144, #2079, #1013, #1285 ) ) ;
#1612 = ORIENTED_EDGE ( 'NONE', *, *, #1107, .T. ) ;
#1613 = DIRECTION ( 'NONE',  ( 0.000000000000000000, 1.000000000000000000, -0.000000000000000000 ) ) ;
#1614 = AXIS2_PLACEMENT_3D ( 'NONE', #1974, #1456, #1313 ) ;
#1615 = ORIENTED_EDGE ( 'NONE', *, *, #742, .F. ) ;
#1616 = LINE ( 'NONE', #1477, #195 ) ;
#1617 = DIRECTION ( 'NONE',  ( 0.000000000000000000, 0.000000000000000000, -1.000000000000000000 ) ) ;
#1618 = COLOUR_RGB ( '',0.7921568627450980005, 0.8196078431372548767, 0.9333333333333333481 ) ;
#1619 = FACE_BOUND ( 'NONE', #761, .T. ) ;
#1620 = CIRCLE ( 'NONE', #1907, 0.9999999999999997780 ) ;
#1621 = ADVANCED_FACE ( 'NONE', ( #1168 ), #465, .F. ) ;
#1622 = ORIENTED_EDGE ( 'NONE', *, *, #1078, .T. ) ;
#1623 = ORIENTED_EDGE ( 'NONE', *, *, #1966, .T. ) ;
#1624 = EDGE_CURVE ( 'NONE', #394, #716, #2149, .T. ) ;
#1625 = DIRECTION ( 'NONE',  ( 0.000000000000000000, 1.000000000000000000, -0.000000000000000000 ) ) ;
#1626 = EDGE_LOOP ( 'NONE', ( #245, #2042 ) ) ;
#1627 = FACE_BOUND ( 'NONE', #1984, .T. ) ;
#1628 = CARTESIAN_POINT ( 'NONE',  ( 0.000000000000000000, 19.50000000000000000, -10.00000000000000000 ) ) ;
#1629 = DIRECTION ( 'NONE',  ( -0.000000000000000000, 1.000000000000000000, -0.000000000000000000 ) ) ;
#1630 = CARTESIAN_POINT ( 'NONE',  ( 0.000000000000000000, 14.50000000000000000, -10.00000000000000000 ) ) ;
#1631 = DIRECTION ( 'NONE',  ( -1.000000000000000000, 0.000000000000000000, 0.000000000000000000 ) ) ;
#1632 = ORIENTED_EDGE ( 'NONE', *, *, #1257, .T. ) ;
#1633 = ORIENTED_EDGE ( 'NONE', *, *, #753, .T. ) ;
#1634 = ADVANCED_FACE ( 'NONE', ( #2212 ), #305, .T. ) ;
#1635 = DIRECTION ( 'NONE',  ( 0.000000000000000000, 0.000000000000000000, 1.000000000000000000 ) ) ;
#1636 = CARTESIAN_POINT ( 'NONE',  ( 0.000000000000000000, 19.50000000000000000, -6.000000000000000000 ) ) ;
#1637 = EDGE_LOOP ( 'NONE', ( #51, #656 ) ) ;
#1638 = FACE_BOUND ( 'NONE', #252, .T. ) ;
#1639 = LINE ( 'NONE', #768, #94 ) ;
#1640 = DIRECTION ( 'NONE',  ( 0.000000000000000000, 0.000000000000000000, 1.000000000000000000 ) ) ;
#1641 = VERTEX_POINT ( 'NONE', #1001 ) ;
#1642 = AXIS2_PLACEMENT_3D ( 'NONE', #2198, #1643, #1678 ) ;
#1643 = DIRECTION ( 'NONE',  ( 0.000000000000000000, 0.000000000000000000, -1.000000000000000000 ) ) ;
#1644 = ORIENTED_EDGE ( 'NONE', *, *, #1069, .T. ) ;
#1645 = CYLINDRICAL_SURFACE ( 'NONE', #1724, 2.000000000000000000 ) ;
#1646 = EDGE_CURVE ( 'NONE', #635, #1950, #1699, .T. ) ;
#1647 = FACE_OUTER_BOUND ( 'NONE', #314, .T. ) ;
#1648 = ORIENTED_EDGE ( 'NONE', *, *, #1860, .F. ) ;
#1649 = DIRECTION ( 'NONE',  ( 0.000000000000000000, 0.000000000000000000, 1.000000000000000000 ) ) ;
#1650 = AXIS2_PLACEMENT_3D ( 'NONE', #2153, #1118, #964 ) ;
#1651 = CARTESIAN_POINT ( 'NONE',  ( -5.999999999999999112, -17.50000000000000000, -6.284666409917640040E-14 ) ) ;
#1652 = CARTESIAN_POINT ( 'NONE',  ( 0.000000000000000000, -19.50000000000000000, 10.00000000000000000 ) ) ;
#1653 = EDGE_CURVE ( 'NONE', #121, #15, #474, .T. ) ;
#1654 = EDGE_LOOP ( 'NONE', ( #599, #72, #1592, #2244 ) ) ;
#1655 = CIRCLE ( 'NONE', #492, 1.000000000000000000 ) ;
#1656 = ORIENTED_EDGE ( 'NONE', *, *, #326, .T. ) ;
#1657 = CIRCLE ( 'NONE', #2017, 0.9999999999999995559 ) ;
#1658 = CARTESIAN_POINT ( 'NONE',  ( 19.00000000000000355, -4.189777606611760026E-14, -7.000000000000002665 ) ) ;
#1659 = FACE_OUTER_BOUND ( 'NONE', #2097, .T. ) ;
#1660 = CARTESIAN_POINT ( 'NONE',  ( 0.000000000000000000, 17.50000000000000000, -6.000000000000000000 ) ) ;
#1661 = EDGE_LOOP ( 'NONE', ( #493, #264, #1871, #2219 ) ) ;
#1662 = DIRECTION ( 'NONE',  ( -1.000000000000000000, 0.000000000000000000, 1.734723475976807094E-16 ) ) ;
#1663 = CARTESIAN_POINT ( 'NONE',  ( 6.000000000000000000, -19.50000000000000000, 2.000000000000020872 ) ) ;
#1664 = EDGE_CURVE ( 'NONE', #1641, #848, #660, .T. ) ;
#1665 = DIRECTION ( 'NONE',  ( 0.000000000000000000, 0.000000000000000000, 1.000000000000000000 ) ) ;
#1666 = EDGE_CURVE ( 'NONE', #1508, #838, #232, .T. ) ;
#1667 = VERTEX_POINT ( 'NONE', #662 ) ;
#1668 = LINE ( 'NONE', #471, #154 ) ;
#1669 = ORIENTED_EDGE ( 'NONE', *, *, #658, .T. ) ;
#1670 = CARTESIAN_POINT ( 'NONE',  ( 6.000000000000000000, -19.50000000000000000, -1.999999999999979128 ) ) ;
#1671 = DIRECTION ( 'NONE',  ( -1.000000000000000000, 0.000000000000000000, 0.000000000000000000 ) ) ;
#1672 = ORIENTED_EDGE ( 'NONE', *, *, #721, .T. ) ;
#1673 = DIRECTION ( 'NONE',  ( -0.000000000000000000, 1.000000000000000000, -0.000000000000000000 ) ) ;
#1674 = CARTESIAN_POINT ( 'NONE',  ( 11.17157287525381015, -4.189777606611760026E-14, -6.000000000000001776 ) ) ;
#1675 = FACE_OUTER_BOUND ( 'NONE', #46, .T. ) ;
#1676 = EDGE_CURVE ( 'NONE', #1748, #295, #733, .T. ) ;
#1677 = EDGE_LOOP ( 'NONE', ( #1548, #390, #2236, #2001 ) ) ;
#1678 = DIRECTION ( 'NONE',  ( -1.000000000000000000, 0.000000000000000000, -0.000000000000000000 ) ) ;
#1679 = CIRCLE ( 'NONE', #1099, 0.9999999999999995559 ) ;
#1680 = DIRECTION ( 'NONE',  ( -0.000000000000000000, 1.000000000000000000, -0.000000000000000000 ) ) ;
#1681 = CARTESIAN_POINT ( 'NONE',  ( 6.000000000000000000, -19.50000000000000000, 2.094888803305880013E-14 ) ) ;
#1682 = CARTESIAN_POINT ( 'NONE',  ( 0.000000000000000000, 14.50000000000000000, 0.000000000000000000 ) ) ;
#1683 = ORIENTED_EDGE ( 'NONE', *, *, #1084, .T. ) ;
#1684 = DIRECTION ( 'NONE',  ( 0.000000000000000000, 0.000000000000000000, 1.000000000000000000 ) ) ;
#1685 = CARTESIAN_POINT ( 'NONE',  ( -5.999999999999999112, 19.50000000000000000, -6.284666409917640040E-14 ) ) ;
#1686 = VECTOR ( 'NONE', #2234, 1000.000000000000000 ) ;
#1687 = DIRECTION ( 'NONE',  ( -0.000000000000000000, 1.000000000000000000, -0.000000000000000000 ) ) ;
#1688 = VECTOR ( 'NONE', #1202, 1000.000000000000000 ) ;
#1689 = ORIENTED_EDGE ( 'NONE', *, *, #620, .F. ) ;
#1690 = APPLICATION_PROTOCOL_DEFINITION ( 'draft international standard', 'automotive_design', 1998, #1403 ) ;
#1691 = AXIS2_PLACEMENT_3D ( 'NONE', #334, #1728, #170 ) ;
#1692 = ORIENTED_EDGE ( 'NONE', *, *, #228, .F. ) ;
#1693 = CIRCLE ( 'NONE', #702, 1.000000000000000000 ) ;
#1694 = FACE_OUTER_BOUND ( 'NONE', #787, .T. ) ;
#1695 = CARTESIAN_POINT ( 'NONE',  ( 6.000000000000000000, -19.50000000000000000, -0.9999999999999790168 ) ) ;
#1696 = AXIS2_PLACEMENT_3D ( 'NONE', #1087, #1448, #1795 ) ;
#1697 = ADVANCED_FACE ( 'NONE', ( #1853 ), #802, .F. ) ;
#1698 = AXIS2_PLACEMENT_3D ( 'NONE', #956, #604, #1649 ) ;
#1699 = LINE ( 'NONE', #2222, #1723 ) ;
#1700 = CARTESIAN_POINT ( 'NONE',  ( 0.000000000000000000, 19.50000000000000000, -7.000000000000000000 ) ) ;
#1701 = ORIENTED_EDGE ( 'NONE', *, *, #2186, .T. ) ;
#1702 = CARTESIAN_POINT ( 'NONE',  ( 6.000000000000000000, 17.50000000000000000, 2.094888803305880013E-14 ) ) ;
#1703 = CARTESIAN_POINT ( 'NONE',  ( 19.00000000000000355, 0.000000000000000000, 1.734723475976800438E-16 ) ) ;
#1704 = ORIENTED_EDGE ( 'NONE', *, *, #742, .T. ) ;
#1705 = EDGE_LOOP ( 'NONE', ( #939, #960 ) ) ;
#1706 = CARTESIAN_POINT ( 'NONE',  ( 6.000000000000000000, 19.50000000000000000, 2.094888803305880013E-14 ) ) ;
#1707 = CARTESIAN_POINT ( 'NONE',  ( 6.000000000000000000, -14.50000000000000000, 2.094888803305880013E-14 ) ) ;
#1708 = ORIENTED_EDGE ( 'NONE', *, *, #1554, .T. ) ;
#1709 = LINE ( 'NONE', #476, #381 ) ;
#1710 = ORIENTED_EDGE ( 'NONE', *, *, #1966, .F. ) ;
#1711 = DIRECTION ( 'NONE',  ( 0.000000000000000000, 0.000000000000000000, 1.000000000000000000 ) ) ;
#1712 = ORIENTED_EDGE ( 'NONE', *, *, #1257, .F. ) ;
#1713 = DIRECTION ( 'NONE',  ( 0.000000000000000000, 0.000000000000000000, 1.000000000000000000 ) ) ;
#1714 = CARTESIAN_POINT ( 'NONE',  ( 0.000000000000000000, 14.50000000000000000, 10.00000000000000000 ) ) ;
#1715 = DIRECTION ( 'NONE',  ( -0.000000000000000000, -1.000000000000000000, -0.000000000000000000 ) ) ;
#1716 = EDGE_CURVE ( 'NONE', #1740, #1717, #629, .T. ) ;
#1717 = VERTEX_POINT ( 'NONE', #378 ) ;
#1718 = CARTESIAN_POINT ( 'NONE',  ( -5.999999999999999112, 19.50000000000000000, -2.000000000000063061 ) ) ;
#1719 = ORIENTED_EDGE ( 'NONE', *, *, #811, .F. ) ;
#1720 = EDGE_CURVE ( 'NONE', #857, #878, #2251, .T. ) ;
#1721 = ORIENTED_EDGE ( 'NONE', *, *, #2133, .T. ) ;
#1722 = ADVANCED_FACE ( 'NONE', ( #189, #1219 ), #1079, .T. ) ;
#1723 = VECTOR ( 'NONE', #853, 1000.000000000000000 ) ;
#1724 = AXIS2_PLACEMENT_3D ( 'NONE', #1948, #423, #577 ) ;
#1725 = DIRECTION ( 'NONE',  ( 0.000000000000000000, 0.000000000000000000, 1.000000000000000000 ) ) ;
#1726 = CIRCLE ( 'NONE', #738, 2.000000000000000000 ) ;
#1727 = AXIS2_PLACEMENT_3D ( 'NONE', #379, #1237, #1917 ) ;
#1728 = DIRECTION ( 'NONE',  ( -0.000000000000000000, 1.000000000000000000, -0.000000000000000000 ) ) ;
#1729 = FACE_OUTER_BOUND ( 'NONE', #810, .T. ) ;
#1730 = ORIENTED_EDGE ( 'NONE', *, *, #2, .T. ) ;
#1731 = DIRECTION ( 'NONE',  ( 0.000000000000000000, 0.000000000000000000, -1.000000000000000000 ) ) ;
#1732 = VECTOR ( 'NONE', #2058, 1000.000000000000000 ) ;
#1733 = EDGE_CURVE ( 'NONE', #885, #649, #1414, .T. ) ;
#1734 = VERTEX_POINT ( 'NONE', #1925 ) ;
#1735 = DIRECTION ( 'NONE',  ( 0.000000000000000000, 1.000000000000000000, -0.000000000000000000 ) ) ;
#1736 = ADVANCED_FACE ( 'NONE', ( #1236, #1230 ), #879, .T. ) ;
#1737 = ORIENTED_EDGE ( 'NONE', *, *, #1510, .F. ) ;
#1738 = CARTESIAN_POINT ( 'NONE',  ( 16.00000000000000000, -6.000000000000000000, -2.372444559462168833E-14 ) ) ;
#1739 = FACE_OUTER_BOUND ( 'NONE', #193, .T. ) ;
#1740 = VERTEX_POINT ( 'NONE', #728 ) ;
#1741 = FACE_OUTER_BOUND ( 'NONE', #1837, .T. ) ;
#1742 = CARTESIAN_POINT ( 'NONE',  ( 22.10000000000000142, 0.000000000000000000, 8.250000000000000000 ) ) ;
#1743 = CARTESIAN_POINT ( 'NONE',  ( -4.189777606611760026E-14, -17.50000000000000000, 6.000000000000000000 ) ) ;
#1744 = CARTESIAN_POINT ( 'NONE',  ( 0.000000000000000000, 17.50000000000000000, -6.000000000000000000 ) ) ;
#1745 = EDGE_LOOP ( 'NONE', ( #134, #1478, #1721, #542 ) ) ;
#1746 = CARTESIAN_POINT ( 'NONE',  ( -5.999999999999999112, -19.50000000000000000, -2.000000000000063061 ) ) ;
#1747 = ORIENTED_EDGE ( 'NONE', *, *, #1856, .T. ) ;
#1748 = VERTEX_POINT ( 'NONE', #367 ) ;
#1749 = AXIS2_PLACEMENT_3D ( 'NONE', #579, #1373, #1363 ) ;
#1750 = EDGE_CURVE ( 'NONE', #1243, #1459, #699, .T. ) ;
#1751 = DIRECTION ( 'NONE',  ( -1.000000000000000000, 0.000000000000000000, -0.000000000000000000 ) ) ;
#1752 = CYLINDRICAL_SURFACE ( 'NONE', #50, 2.000000000000000000 ) ;
#1753 = AXIS2_PLACEMENT_3D ( 'NONE', #1702, #1505, #1881 ) ;
#1754 = EDGE_CURVE ( 'NONE', #1939, #792, #543, .T. ) ;
#1755 = ORIENTED_EDGE ( 'NONE', *, *, #106, .F. ) ;
#1756 = AXIS2_PLACEMENT_3D ( 'NONE', #1467, #417, #229 ) ;
#1757 = DIRECTION ( 'NONE',  ( 0.000000000000000000, 0.000000000000000000, -1.000000000000000000 ) ) ;
#1758 = VECTOR ( 'NONE', #816, 1000.000000000000000 ) ;
#1759 = VECTOR ( 'NONE', #1804, 1000.000000000000000 ) ;
#1760 = DIRECTION ( 'NONE',  ( -0.000000000000000000, 1.000000000000000000, -0.000000000000000000 ) ) ;
#1761 = EDGE_LOOP ( 'NONE', ( #163, #771, #916, #826 ) ) ;
#1762 = FACE_OUTER_BOUND ( 'NONE', #861, .T. ) ;
#1763 = CARTESIAN_POINT ( 'NONE',  ( 2.449293598294706414E-16, 17.50000000000000000, -8.000000000000000000 ) ) ;
#1764 = EDGE_CURVE ( 'NONE', #38, #2138, #1593, .T. ) ;
#1765 = EDGE_LOOP ( 'NONE', ( #1097, #1141, #535, #136 ) ) ;
#1766 = LINE ( 'NONE', #700, #2055 ) ;
#1767 = DIRECTION ( 'NONE',  ( -1.000000000000000000, 0.000000000000000000, 0.000000000000000000 ) ) ;
#1768 = DIRECTION ( 'NONE',  ( -0.000000000000000000, -1.000000000000000000, -0.000000000000000000 ) ) ;
#1769 = DIRECTION ( 'NONE',  ( 0.000000000000000000, 1.000000000000000000, -0.000000000000000000 ) ) ;
#1770 = ORIENTED_EDGE ( 'NONE', *, *, #108, .T. ) ;
#1771 = ORIENTED_EDGE ( 'NONE', *, *, #26, .T. ) ;
#1772 = FACE_OUTER_BOUND ( 'NONE', #773, .T. ) ;
#1773 = DIRECTION ( 'NONE',  ( 0.000000000000000000, -1.000000000000000000, 0.000000000000000000 ) ) ;
#1774 = EDGE_LOOP ( 'NONE', ( #646, #977, #1861, #756 ) ) ;
#1775 = DIRECTION ( 'NONE',  ( -0.000000000000000000, 1.000000000000000000, -0.000000000000000000 ) ) ;
#1776 = FACE_BOUND ( 'NONE', #1807, .T. ) ;
#1777 = ADVANCED_FACE ( 'NONE', ( #1391 ), #1582, .T. ) ;
#1778 = CARTESIAN_POINT ( 'NONE',  ( 16.00000000000000000, -4.189777606611760026E-14, -6.000000000000002665 ) ) ;
#1779 = LINE ( 'NONE', #1272, #703 ) ;
#1780 = ADVANCED_FACE ( 'NONE', ( #1762 ), #2087, .F. ) ;
#1781 = ADVANCED_FACE ( 'NONE', ( #1560 ), #706, .F. ) ;
#1782 = ORIENTED_EDGE ( 'NONE', *, *, #1486, .F. ) ;
#1783 = ORIENTED_EDGE ( 'NONE', *, *, #980, .F. ) ;
#1784 = AXIS2_PLACEMENT_3D ( 'NONE', #851, #999, #2029 ) ;
#1785 = CARTESIAN_POINT ( 'NONE',  ( 0.000000000000000000, 19.50000000000000000, -4.000000000000000000 ) ) ;
#1786 = CARTESIAN_POINT ( 'NONE',  ( 0.000000000000000000, 17.50000000000000000, -6.000000000000000000 ) ) ;
#1787 = AXIS2_PLACEMENT_3D ( 'NONE', #1345, #1031, #1381 ) ;
#1788 = ORIENTED_EDGE ( 'NONE', *, *, #849, .T. ) ;
#1789 = CIRCLE ( 'NONE', #627, 2.000000000000000000 ) ;
#1790 = DIRECTION ( 'NONE',  ( 0.000000000000000000, 0.000000000000000000, 1.000000000000000000 ) ) ;
#1791 = DIRECTION ( 'NONE',  ( -0.000000000000000000, 1.000000000000000000, -0.000000000000000000 ) ) ;
#1792 = AXIS2_PLACEMENT_3D ( 'NONE', #2010, #993, #1182 ) ;
#1793 = AXIS2_PLACEMENT_3D ( 'NONE', #212, #880, #2096 ) ;
#1794 = DIRECTION ( 'NONE',  ( 0.000000000000000000, 1.000000000000000000, -0.000000000000000000 ) ) ;
#1795 = DIRECTION ( 'NONE',  ( 0.000000000000000000, 0.000000000000000000, -1.000000000000000000 ) ) ;
#1796 = AXIS2_PLACEMENT_3D ( 'NONE', #677, #2065, #1153 ) ;
#1797 = ORIENTED_EDGE ( 'NONE', *, *, #1953, .T. ) ;
#1798 = AXIS2_PLACEMENT_3D ( 'NONE', #239, #2177, #1491 ) ;
#1799 = EDGE_LOOP ( 'NONE', ( #2129, #1184, #1421, #1990 ) ) ;
#1800 = EDGE_CURVE ( 'NONE', #2229, #1915, #1936, .T. ) ;
#1801 = CYLINDRICAL_SURFACE ( 'NONE', #586, 2.000000000000000000 ) ;
#1802 = EDGE_LOOP ( 'NONE', ( #413, #1382, #2160, #1672 ) ) ;
#1803 = CARTESIAN_POINT ( 'NONE',  ( 16.00000000000000000, -4.189777606611760026E-14, -4.000000000000001776 ) ) ;
#1804 = DIRECTION ( 'NONE',  ( -0.000000000000000000, 1.000000000000000000, -0.000000000000000000 ) ) ;
#1805 = FACE_BOUND ( 'NONE', #437, .T. ) ;
#1806 = CARTESIAN_POINT ( 'NONE',  ( 19.00000000000000355, 0.000000000000000000, 4.999999999999996447 ) ) ;
#1807 = EDGE_LOOP ( 'NONE', ( #321, #1059 ) ) ;
#1808 = DIRECTION ( 'NONE',  ( 0.000000000000000000, 0.000000000000000000, 1.000000000000000000 ) ) ;
#1809 = ORIENTED_EDGE ( 'NONE', *, *, #2019, .F. ) ;
#1810 = EDGE_CURVE ( 'NONE', #1450, #2209, #533, .T. ) ;
#1811 = CYLINDRICAL_SURFACE ( 'NONE', #409, 2.000000000000000000 ) ;
#1812 = CARTESIAN_POINT ( 'NONE',  ( -4.189777606611760026E-14, 17.50000000000000000, 5.000000000000000000 ) ) ;
#1813 = ORIENTED_EDGE ( 'NONE', *, *, #620, .T. ) ;
#1814 = DIRECTION ( 'NONE',  ( -0.000000000000000000, -1.000000000000000000, -0.000000000000000000 ) ) ;
#1815 = LINE ( 'NONE', #88, #1366 ) ;
#1816 = DIRECTION ( 'NONE',  ( 0.000000000000000000, 0.000000000000000000, 1.000000000000000000 ) ) ;
#1817 = AXIS2_PLACEMENT_3D ( 'NONE', #355, #1511, #2247 ) ;
#1818 = VERTEX_POINT ( 'NONE', #1425 ) ;
#1819 = AXIS2_PLACEMENT_3D ( 'NONE', #105, #79, #1471 ) ;
#1820 =( NAMED_UNIT ( * ) SI_UNIT ( $, .STERADIAN. ) SOLID_ANGLE_UNIT ( ) );
#1821 = VERTEX_POINT ( 'NONE', #505 ) ;
#1822 = DIRECTION ( 'NONE',  ( 0.000000000000000000, 0.000000000000000000, 1.000000000000000000 ) ) ;
#1823 = DIRECTION ( 'NONE',  ( 0.000000000000000000, 0.000000000000000000, -1.000000000000000000 ) ) ;
#1824 = ADVANCED_FACE ( 'NONE', ( #1211 ), #1896, .F. ) ;
#1825 = ADVANCED_FACE ( 'NONE', ( #869 ), #2242, .F. ) ;
#1826 = CARTESIAN_POINT ( 'NONE',  ( 0.000000000000000000, 19.50000000000000000, 0.000000000000000000 ) ) ;
#1827 = CARTESIAN_POINT ( 'NONE',  ( -4.202024074603233541E-14, -19.50000000000000000, 7.000000000000000000 ) ) ;
#1828 = AXIS2_PLACEMENT_3D ( 'NONE', #767, #1444, #2135 ) ;
#1829 = VECTOR ( 'NONE', #2095, 1000.000000000000000 ) ;
#1830 = DIRECTION ( 'NONE',  ( 0.000000000000000000, 0.000000000000000000, 1.000000000000000000 ) ) ;
#1831 = DIRECTION ( 'NONE',  ( 0.000000000000000000, 0.000000000000000000, 1.000000000000000000 ) ) ;
#1832 = CIRCLE ( 'NONE', #1753, 1.000000000000000000 ) ;
#1833 = CIRCLE ( 'NONE', #1150, 1.000000000000000000 ) ;
#1834 = AXIS2_PLACEMENT_3D ( 'NONE', #1493, #937, #2194 ) ;
#1835 = DIRECTION ( 'NONE',  ( 0.000000000000000000, 0.000000000000000000, -1.000000000000000000 ) ) ;
#1836 = EDGE_CURVE ( 'NONE', #1164, #171, #96, .T. ) ;
#1837 = EDGE_LOOP ( 'NONE', ( #576, #938 ) ) ;
#1838 = AXIS2_PLACEMENT_3D ( 'NONE', #1082, #25, #1757 ) ;
#1839 = AXIS2_PLACEMENT_3D ( 'NONE', #1022, #855, #2191 ) ;
#1840 = CARTESIAN_POINT ( 'NONE',  ( 19.00000000000000355, -6.000000000000000000, -1.000000000000023981 ) ) ;
#1841 = CARTESIAN_POINT ( 'NONE',  ( -4.214270542594707056E-14, -19.50000000000000000, 4.000000000000000000 ) ) ;
#1842 = FACE_BOUND ( 'NONE', #1637, .T. ) ;
#1843 = ADVANCED_FACE ( 'NONE', ( #1266 ), #1645, .F. ) ;
#1844 = VERTEX_POINT ( 'NONE', #1258 ) ;
#1845 = CARTESIAN_POINT ( 'NONE',  ( -5.999999999999999112, 14.50000000000000000, -6.284666409917640040E-14 ) ) ;
#1846 = DIRECTION ( 'NONE',  ( 0.000000000000000000, 0.000000000000000000, -1.000000000000000000 ) ) ;
#1847 = CYLINDRICAL_SURFACE ( 'NONE', #1003, 2.000000000000000000 ) ;
#1848 = VERTEX_POINT ( 'NONE', #1785 ) ;
#1849 = CARTESIAN_POINT ( 'NONE',  ( 22.10000000000000142, 1.010333609296566353E-15, -8.250000000000000000 ) ) ;
#1850 = ORIENTED_EDGE ( 'NONE', *, *, #952, .F. ) ;
#1851 = DIRECTION ( 'NONE',  ( 0.000000000000000000, 0.000000000000000000, 1.000000000000000000 ) ) ;
#1852 = FACE_OUTER_BOUND ( 'NONE', #1705, .T. ) ;
#1853 = FACE_OUTER_BOUND ( 'NONE', #1021, .T. ) ;
#1854 = DIRECTION ( 'NONE',  ( -0.000000000000000000, -1.000000000000000000, -0.000000000000000000 ) ) ;
#1855 = CARTESIAN_POINT ( 'NONE',  ( 0.000000000000000000, 19.50000000000000000, 10.00000000000000000 ) ) ;
#1856 = EDGE_CURVE ( 'NONE', #1450, #3, #47, .T. ) ;
#1857 = CARTESIAN_POINT ( 'NONE',  ( 16.00000000000000000, -4.189777606611760026E-14, -6.000000000000002665 ) ) ;
#1858 = EDGE_LOOP ( 'NONE', ( #1850, #890 ) ) ;
#1859 =( NAMED_UNIT ( * ) PLANE_ANGLE_UNIT ( ) SI_UNIT ( $, .RADIAN. ) );
#1860 = EDGE_CURVE ( 'NONE', #1307, #1972, #1789, .T. ) ;
#1861 = ORIENTED_EDGE ( 'NONE', *, *, #1026, .F. ) ;
#1862 = CARTESIAN_POINT ( 'NONE',  ( 11.17157287525381015, 6.000000000000000000, 0.9999999999999765743 ) ) ;
#1863 = CARTESIAN_POINT ( 'NONE',  ( 16.00000000000000000, -4.189777606611760026E-14, -6.000000000000002665 ) ) ;
#1864 = DIRECTION ( 'NONE',  ( 0.000000000000000000, 0.000000000000000000, 1.000000000000000000 ) ) ;
#1865 = ORIENTED_EDGE ( 'NONE', *, *, #1961, .F. ) ;
#1866 = CARTESIAN_POINT ( 'NONE',  ( 1.224646799147353207E-16, 19.50000000000000000, -5.000000000000000000 ) ) ;
#1867 = CARTESIAN_POINT ( 'NONE',  ( -4.189777606611760026E-14, -17.50000000000000000, 8.000000000000000000 ) ) ;
#1868 = AXIS2_PLACEMENT_3D ( 'NONE', #1139, #775, #1823 ) ;
#1869 = DIRECTION ( 'NONE',  ( 0.000000000000000000, 1.000000000000000000, -0.000000000000000000 ) ) ;
#1870 = AXIS2_PLACEMENT_3D ( 'NONE', #1738, #1034, #181 ) ;
#1871 = ORIENTED_EDGE ( 'NONE', *, *, #2214, .T. ) ;
#1872 = ADVANCED_FACE ( 'NONE', ( #2150 ), #1811, .F. ) ;
#1873 = FACE_OUTER_BOUND ( 'NONE', #868, .T. ) ;
#1874 = CIRCLE ( 'NONE', #669, 2.000000000000000888 ) ;
#1875 = EDGE_CURVE ( 'NONE', #1148, #630, #763, .T. ) ;
#1876 = AXIS2_PLACEMENT_3D ( 'NONE', #227, #1224, #1574 ) ;
#1877 = FACE_BOUND ( 'NONE', #1858, .T. ) ;
#1878 = ORIENTED_EDGE ( 'NONE', *, *, #1098, .T. ) ;
#1879 = DIRECTION ( 'NONE',  ( 1.000000000000000000, 0.000000000000000000, -2.026987197596717295E-16 ) ) ;
#1880 = ORIENTED_EDGE ( 'NONE', *, *, #1083, .T. ) ;
#1881 = DIRECTION ( 'NONE',  ( 0.000000000000000000, 0.000000000000000000, 1.000000000000000000 ) ) ;
#1882 = DIRECTION ( 'NONE',  ( -1.000000000000000000, 0.000000000000000000, 1.734723475976807094E-16 ) ) ;
#1883 = DIRECTION ( 'NONE',  ( -0.000000000000000000, 1.000000000000000000, -0.000000000000000000 ) ) ;
#1884 = ADVANCED_FACE ( 'NONE', ( #2140 ), #48, .F. ) ;
#1885 = CARTESIAN_POINT ( 'NONE',  ( 0.000000000000000000, -14.50000000000000000, 0.000000000000000000 ) ) ;
#1886 = CARTESIAN_POINT ( 'NONE',  ( 19.00000000000000355, 6.000000000000000000, 0.9999999999999753530 ) ) ;
#1887 = ORIENTED_EDGE ( 'NONE', *, *, #2092, .F. ) ;
#1888 = PLANE ( 'NONE',  #460 ) ;
#1889 = ADVANCED_FACE ( 'NONE', ( #1772 ), #411, .F. ) ;
#1890 = ORIENTED_EDGE ( 'NONE', *, *, #32, .T. ) ;
#1891 = DIRECTION ( 'NONE',  ( -0.000000000000000000, 1.000000000000000000, -0.000000000000000000 ) ) ;
#1892 = FACE_BOUND ( 'NONE', #2108, .T. ) ;
#1893 = PRODUCT_RELATED_PRODUCT_CATEGORY ( 'part', '', ( #1580 ) ) ;
#1894 = DIRECTION ( 'NONE',  ( 1.000000000000000000, -0.000000000000000000, -1.734723475976807341E-16 ) ) ;
#1895 = AXIS2_PLACEMENT_3D ( 'NONE', #461, #983, #1835 ) ;
#1896 = CYLINDRICAL_SURFACE ( 'NONE', #1691, 1.000000000000000000 ) ;
#1897 = CARTESIAN_POINT ( 'NONE',  ( 6.000000000000000000, 19.50000000000000000, -0.9999999999999790168 ) ) ;
#1898 = ORIENTED_EDGE ( 'NONE', *, *, #1154, .F. ) ;
#1899 = EDGE_CURVE ( 'NONE', #705, #2104, #1283, .T. ) ;
#1900 = CARTESIAN_POINT ( 'NONE',  ( 19.00000000000000355, -6.000000000000000000, 0.9999999999999753530 ) ) ;
#1901 = VECTOR ( 'NONE', #138, 1000.000000000000000 ) ;
#1902 = LINE ( 'NONE', #177, #539 ) ;
#1903 = MECHANICAL_DESIGN_GEOMETRIC_PRESENTATION_REPRESENTATION (  '', ( #1281 ), #2226 ) ;
#1904 = VECTOR ( 'NONE', #2045, 1000.000000000000000 ) ;
#1905 = CIRCLE ( 'NONE', #1793, 1.000000000000000000 ) ;
#1906 = ORIENTED_EDGE ( 'NONE', *, *, #1385, .F. ) ;
#1907 = AXIS2_PLACEMENT_3D ( 'NONE', #243, #418, #1640 ) ;
#1908 = CARTESIAN_POINT ( 'NONE',  ( 11.17157287525381015, -6.000000000000000000, 0.9999999999999765743 ) ) ;
#1909 = FACE_BOUND ( 'NONE', #254, .T. ) ;
#1910 = VECTOR ( 'NONE', #882, 1000.000000000000000 ) ;
#1911 = EDGE_LOOP ( 'NONE', ( #1015, #1890 ) ) ;
#1912 = ADVANCED_FACE ( 'NONE', ( #788 ), #1801, .F. ) ;
#1913 = CARTESIAN_POINT ( 'NONE',  ( 16.00000000000000000, -6.000000000000000000, -2.372444559462168833E-14 ) ) ;
#1914 = LINE ( 'NONE', #2173, #1028 ) ;
#1915 = VERTEX_POINT ( 'NONE', #1475 ) ;
#1916 = DIRECTION ( 'NONE',  ( 0.000000000000000000, 0.000000000000000000, 1.000000000000000000 ) ) ;
#1917 = DIRECTION ( 'NONE',  ( 0.000000000000000000, 0.000000000000000000, 1.000000000000000000 ) ) ;
#1918 = ORIENTED_EDGE ( 'NONE', *, *, #684, .T. ) ;
#1919 = CARTESIAN_POINT ( 'NONE',  ( -5.999999999999999112, 17.50000000000000000, -6.284666409917640040E-14 ) ) ;
#1920 = EDGE_LOOP ( 'NONE', ( #751, #1378 ) ) ;
#1921 = DIRECTION ( 'NONE',  ( -2.026987197596717295E-16, 0.000000000000000000, -1.000000000000000000 ) ) ;
#1922 = ADVANCED_FACE ( 'NONE', ( #1957 ), #940, .F. ) ;
#1923 = ORIENTED_EDGE ( 'NONE', *, *, #765, .T. ) ;
#1924 = EDGE_CURVE ( 'NONE', #1844, #692, #1071, .T. ) ;
#1925 = CARTESIAN_POINT ( 'NONE',  ( -4.189777606611760026E-14, -14.50000000000000000, 5.000000000000000000 ) ) ;
#1926 = CIRCLE ( 'NONE', #1817, 1.000000000000000000 ) ;
#1927 = CARTESIAN_POINT ( 'NONE',  ( 6.000000000000000000, -17.50000000000000000, 2.094888803305880013E-14 ) ) ;
#1928 = ORIENTED_EDGE ( 'NONE', *, *, #228, .T. ) ;
#1929 = CIRCLE ( 'NONE', #2180, 8.250000000000000000 ) ;
#1930 = CARTESIAN_POINT ( 'NONE',  ( 6.000000000000000000, 17.50000000000000000, 2.094888803305880013E-14 ) ) ;
#1931 = CYLINDRICAL_SURFACE ( 'NONE', #820, 1.000000000000000000 ) ;
#1932 = EDGE_CURVE ( 'NONE', #1179, #2209, #551, .T. ) ;
#1933 = AXIS2_PLACEMENT_3D ( 'NONE', #146, #495, #2020 ) ;
#1934 = VERTEX_POINT ( 'NONE', #433 ) ;
#1935 = ORIENTED_EDGE ( 'NONE', *, *, #2099, .T. ) ;
#1936 = LINE ( 'NONE', #907, #1829 ) ;
#1937 = DIRECTION ( 'NONE',  ( 0.000000000000000000, 0.000000000000000000, 1.000000000000000000 ) ) ;
#1938 = AXIS2_PLACEMENT_3D ( 'NONE', #1685, #1160, #1846 ) ;
#1939 = VERTEX_POINT ( 'NONE', #395 ) ;
#1940 = CARTESIAN_POINT ( 'NONE',  ( -5.999999999999999112, 19.50000000000000000, -6.284666409917640040E-14 ) ) ;
#1941 = VECTOR ( 'NONE', #1662, 1000.000000000000000 ) ;
#1942 = VECTOR ( 'NONE', #1002, 1000.000000000000000 ) ;
#1943 = DIRECTION ( 'NONE',  ( -1.000000000000000000, -0.000000000000000000, 1.734723475976807094E-16 ) ) ;
#1944 = PLANE ( 'NONE',  #10 ) ;
#1945 = VERTEX_POINT ( 'NONE', #931 ) ;
#1946 = ORIENTED_EDGE ( 'NONE', *, *, #187, .F. ) ;
#1947 = EDGE_CURVE ( 'NONE', #1291, #1934, #448, .T. ) ;
#1948 = CARTESIAN_POINT ( 'NONE',  ( -4.189777606611760026E-14, 17.50000000000000000, 6.000000000000000000 ) ) ;
#1949 = DIRECTION ( 'NONE',  ( -0.000000000000000000, -1.000000000000000000, -0.000000000000000000 ) ) ;
#1950 = VERTEX_POINT ( 'NONE', #1658 ) ;
#1951 = EDGE_CURVE ( 'NONE', #2037, #373, #558, .T. ) ;
#1952 = FACE_OUTER_BOUND ( 'NONE', #342, .T. ) ;
#1953 = EDGE_CURVE ( 'NONE', #649, #1955, #36, .T. ) ;
#1954 = CARTESIAN_POINT ( 'NONE',  ( 16.00000000000000000, 6.000000000000000000, -2.372444559462168833E-14 ) ) ;
#1955 = VERTEX_POINT ( 'NONE', #1840 ) ;
#1956 = ORIENTED_EDGE ( 'NONE', *, *, #343, .F. ) ;
#1957 = FACE_OUTER_BOUND ( 'NONE', #2152, .T. ) ;
#1958 = LINE ( 'NONE', #1442, #739 ) ;
#1959 = ORIENTED_EDGE ( 'NONE', *, *, #658, .F. ) ;
#1960 = FACE_BOUND ( 'NONE', #1920, .T. ) ;
#1961 = EDGE_CURVE ( 'NONE', #1555, #382, #332, .T. ) ;
#1962 = DIRECTION ( 'NONE',  ( 1.000000000000000000, -0.000000000000000000, -1.734723475976807341E-16 ) ) ;
#1963 = FACE_OUTER_BOUND ( 'NONE', #291, .T. ) ;
#1964 = DIRECTION ( 'NONE',  ( -0.000000000000000000, 1.000000000000000000, -0.000000000000000000 ) ) ;
#1965 = CARTESIAN_POINT ( 'NONE',  ( -5.999999999999999112, 19.50000000000000000, 0.9999999999999369393 ) ) ;
#1966 = EDGE_CURVE ( 'NONE', #358, #1269, #1926, .T. ) ;
#1967 = ORIENTED_EDGE ( 'NONE', *, *, #480, .T. ) ;
#1968 = ORIENTED_EDGE ( 'NONE', *, *, #2202, .T. ) ;
#1969 = DIRECTION ( 'NONE',  ( 0.000000000000000000, -1.000000000000000000, 0.000000000000000000 ) ) ;
#1970 = CARTESIAN_POINT ( 'NONE',  ( -4.165284670628812997E-14, 17.50000000000000000, 4.000000000000000000 ) ) ;
#1971 = AXIS2_PLACEMENT_3D ( 'NONE', #2056, #1514, #1864 ) ;
#1972 = VERTEX_POINT ( 'NONE', #1521 ) ;
#1973 = AXIS2_PLACEMENT_3D ( 'NONE', #202, #11, #22 ) ;
#1974 = CARTESIAN_POINT ( 'NONE',  ( 6.000000000000000000, -19.50000000000000000, 2.094888803305880013E-14 ) ) ;
#1975 = LINE ( 'NONE', #1827, #92 ) ;
#1976 = AXIS2_PLACEMENT_3D ( 'NONE', #90, #101, #794 ) ;
#1977 = DIRECTION ( 'NONE',  ( 1.000000000000000000, -0.000000000000000000, 0.000000000000000000 ) ) ;
#1978 = CARTESIAN_POINT ( 'NONE',  ( 6.000000000000000000, -17.50000000000000000, 2.000000000000020872 ) ) ;
#1979 = AXIS2_PLACEMENT_3D ( 'NONE', #925, #1769, #884 ) ;
#1980 = ORIENTED_EDGE ( 'NONE', *, *, #1199, .F. ) ;
#1981 = ORIENTED_EDGE ( 'NONE', *, *, #2186, .F. ) ;
#1982 = CARTESIAN_POINT ( 'NONE',  ( 0.000000000000000000, 17.50000000000000000, -6.000000000000000000 ) ) ;
#1983 = DIRECTION ( 'NONE',  ( 1.000000000000000000, 0.000000000000000000, 0.000000000000000000 ) ) ;
#1984 = EDGE_LOOP ( 'NONE', ( #681, #363 ) ) ;
#1985 = CARTESIAN_POINT ( 'NONE',  ( -4.189777606611760026E-14, 17.50000000000000000, 6.000000000000000000 ) ) ;
#1986 = CARTESIAN_POINT ( 'NONE',  ( 6.000000000000000000, 17.50000000000000000, 2.094888803305880013E-14 ) ) ;
#1987 = CARTESIAN_POINT ( 'NONE',  ( 6.000000000000000000, -14.50000000000000000, 2.094888803305880013E-14 ) ) ;
#1988 = CYLINDRICAL_SURFACE ( 'NONE', #1473, 0.9999999999999995559 ) ;
#1989 = VERTEX_POINT ( 'NONE', #1379 ) ;
#1990 = ORIENTED_EDGE ( 'NONE', *, *, #980, .T. ) ;
#1991 = ADVANCED_FACE ( 'NONE', ( #2018 ), #447, .F. ) ;
#1992 = ADVANCED_FACE ( 'NONE', ( #109 ), #2072, .F. ) ;
#1993 = DIRECTION ( 'NONE',  ( 0.000000000000000000, 1.000000000000000000, -0.000000000000000000 ) ) ;
#1994 = FACE_BOUND ( 'NONE', #277, .T. ) ;
#1995 = EDGE_LOOP ( 'NONE', ( #1755, #2051 ) ) ;
#1996 = FACE_BOUND ( 'NONE', #1911, .T. ) ;
#1997 = DIRECTION ( 'NONE',  ( 0.000000000000000000, 1.000000000000000000, -0.000000000000000000 ) ) ;
#1998 = FACE_OUTER_BOUND ( 'NONE', #1999, .T. ) ;
#1999 = EDGE_LOOP ( 'NONE', ( #832, #564, #1737, #496 ) ) ;
#2000 =( GEOMETRIC_REPRESENTATION_CONTEXT ( 3 ) GLOBAL_UNCERTAINTY_ASSIGNED_CONTEXT ( ( #30 ) ) GLOBAL_UNIT_ASSIGNED_CONTEXT ( ( #1175, #1859, #1820 ) ) REPRESENTATION_CONTEXT ( 'NONE', 'WORKASPACE' ) );
#2001 = ORIENTED_EDGE ( 'NONE', *, *, #1069, .F. ) ;
#2002 = EDGE_CURVE ( 'NONE', #1146, #1193, #2210, .T. ) ;
#2003 = DIRECTION ( 'NONE',  ( 0.000000000000000000, 0.000000000000000000, 1.000000000000000000 ) ) ;
#2004 = VECTOR ( 'NONE', #63, 1000.000000000000000 ) ;
#2005 = DIRECTION ( 'NONE',  ( 0.000000000000000000, 0.000000000000000000, 1.000000000000000000 ) ) ;
#2006 = EDGE_LOOP ( 'NONE', ( #663, #1615, #1923, #808 ) ) ;
#2007 = DIRECTION ( 'NONE',  ( -0.000000000000000000, -1.000000000000000000, -0.000000000000000000 ) ) ;
#2008 = AXIS2_PLACEMENT_3D ( 'NONE', #320, #1012, #1547 ) ;
#2009 = AXIS2_PLACEMENT_3D ( 'NONE', #687, #1383, #2077 ) ;
#2010 = CARTESIAN_POINT ( 'NONE',  ( -4.189777606611760026E-14, -17.50000000000000000, 6.000000000000000000 ) ) ;
#2011 = DIRECTION ( 'NONE',  ( 0.000000000000000000, 0.000000000000000000, 1.000000000000000000 ) ) ;
#2012 = AXIS2_PLACEMENT_3D ( 'NONE', #1786, #267, #588 ) ;
#2013 = ORIENTED_EDGE ( 'NONE', *, *, #1664, .F. ) ;
#2014 = AXIS2_PLACEMENT_3D ( 'NONE', #2217, #1891, #2240 ) ;
#2015 = DIRECTION ( 'NONE',  ( 0.000000000000000000, 0.000000000000000000, 1.000000000000000000 ) ) ;
#2016 = VECTOR ( 'NONE', #1093, 1000.000000000000000 ) ;
#2017 = AXIS2_PLACEMENT_3D ( 'NONE', #2204, #1879, #1213 ) ;
#2018 = FACE_OUTER_BOUND ( 'NONE', #1745, .T. ) ;
#2019 = EDGE_CURVE ( 'NONE', #1045, #20, #1057, .T. ) ;
#2020 = DIRECTION ( 'NONE',  ( 0.000000000000000000, 0.000000000000000000, -1.000000000000000000 ) ) ;
#2021 = FACE_BOUND ( 'NONE', #2113, .T. ) ;
#2022 = DIRECTION ( 'NONE',  ( 0.000000000000000000, -1.000000000000000000, 0.000000000000000000 ) ) ;
#2023 = EDGE_CURVE ( 'NONE', #221, #1328, #510, .T. ) ;
#2024 = EDGE_CURVE ( 'NONE', #1088, #1573, #2082, .T. ) ;
#2025 = CARTESIAN_POINT ( 'NONE',  ( 16.00000000000000000, 0.000000000000000000, 5.999999999999997335 ) ) ;
#2026 = ORIENTED_EDGE ( 'NONE', *, *, #1810, .T. ) ;
#2027 = CARTESIAN_POINT ( 'NONE',  ( 16.00000000000000000, -4.189777606611760026E-14, -6.000000000000002665 ) ) ;
#2028 = DIRECTION ( 'NONE',  ( -1.000000000000000000, -0.000000000000000000, 1.734723475976807587E-16 ) ) ;
#2029 = DIRECTION ( 'NONE',  ( 0.000000000000000000, 0.000000000000000000, -1.000000000000000000 ) ) ;
#2030 = DIRECTION ( 'NONE',  ( 0.000000000000000000, 0.000000000000000000, 1.000000000000000000 ) ) ;
#2031 = CARTESIAN_POINT ( 'NONE',  ( 14.00000000000000000, -14.50000000000000000, 0.000000000000000000 ) ) ;
#2032 = ORIENTED_EDGE ( 'NONE', *, *, #1420, .T. ) ;
#2033 = CARTESIAN_POINT ( 'NONE',  ( -4.189777606611760026E-14, 17.50000000000000000, 8.000000000000000000 ) ) ;
#2034 = EDGE_CURVE ( 'NONE', #351, #1508, #1902, .T. ) ;
#2035 = DIRECTION ( 'NONE',  ( 0.000000000000000000, 0.000000000000000000, -1.000000000000000000 ) ) ;
#2036 = ORIENTED_EDGE ( 'NONE', *, *, #566, .F. ) ;
#2037 = VERTEX_POINT ( 'NONE', #1216 ) ;
#2038 = EDGE_CURVE ( 'NONE', #248, #818, #725, .T. ) ;
#2039 = AXIS2_PLACEMENT_3D ( 'NONE', #722, #1964, #18 ) ;
#2040 = PRESENTATION_STYLE_ASSIGNMENT (( #975 ) ) ;
#2041 = DIRECTION ( 'NONE',  ( 0.000000000000000000, 0.000000000000000000, 1.000000000000000000 ) ) ;
#2042 = ORIENTED_EDGE ( 'NONE', *, *, #611, .F. ) ;
#2043 = FACE_OUTER_BOUND ( 'NONE', #530, .T. ) ;
#2044 = VERTEX_POINT ( 'NONE', #344 ) ;
#2045 = DIRECTION ( 'NONE',  ( -0.000000000000000000, 1.000000000000000000, -0.000000000000000000 ) ) ;
#2046 = VECTOR ( 'NONE', #921, 1000.000000000000000 ) ;
#2047 = DIRECTION ( 'NONE',  ( 2.026987197596717295E-16, 0.000000000000000000, 1.000000000000000000 ) ) ;
#2048 = VECTOR ( 'NONE', #587, 1000.000000000000000 ) ;
#2049 = EDGE_LOOP ( 'NONE', ( #205, #797, #1217, #453 ) ) ;
#2050 = EDGE_CURVE ( 'NONE', #1004, #1229, #845, .T. ) ;
#2051 = ORIENTED_EDGE ( 'NONE', *, *, #540, .F. ) ;
#2052 = VECTOR ( 'NONE', #1304, 1000.000000000000000 ) ;
#2053 = DIRECTION ( 'NONE',  ( -0.000000000000000000, 1.000000000000000000, -0.000000000000000000 ) ) ;
#2054 = AXIS2_PLACEMENT_3D ( 'NONE', #958, #1332, #1816 ) ;
#2055 = VECTOR ( 'NONE', #720, 1000.000000000000000 ) ;
#2056 = CARTESIAN_POINT ( 'NONE',  ( 6.000000000000000000, 17.50000000000000000, 2.094888803305880013E-14 ) ) ;
#2057 = EDGE_LOOP ( 'NONE', ( #1370, #1374 ) ) ;
#2058 = DIRECTION ( 'NONE',  ( -0.000000000000000000, -1.000000000000000000, -0.000000000000000000 ) ) ;
#2059 = ORIENTED_EDGE ( 'NONE', *, *, #1162, .F. ) ;
#2060 = CARTESIAN_POINT ( 'NONE',  ( 16.00000000000000000, 2.449293598294706414E-16, 3.999999999999996447 ) ) ;
#2061 = CARTESIAN_POINT ( 'NONE',  ( 16.00000000000000000, -6.000000000000000000, 1.999999999999976241 ) ) ;
#2062 = VERTEX_POINT ( 'NONE', #521 ) ;
#2063 = CARTESIAN_POINT ( 'NONE',  ( -4.189777606611760026E-14, -17.50000000000000000, 6.000000000000000000 ) ) ;
#2064 = EDGE_CURVE ( 'NONE', #270, #609, #1025, .T. ) ;
#2065 = DIRECTION ( 'NONE',  ( 1.000000000000000000, 0.000000000000000000, -2.026987197596717295E-16 ) ) ;
#2066 = FACE_BOUND ( 'NONE', #545, .T. ) ;
#2067 = ORIENTED_EDGE ( 'NONE', *, *, #200, .T. ) ;
#2068 = DIRECTION ( 'NONE',  ( 0.000000000000000000, -1.000000000000000000, 0.000000000000000000 ) ) ;
#2069 = ORIENTED_EDGE ( 'NONE', *, *, #404, .F. ) ;
#2070 = DIRECTION ( 'NONE',  ( -1.000000000000000000, -0.000000000000000000, 1.734723475976807094E-16 ) ) ;
#2071 = VERTEX_POINT ( 'NONE', #1670 ) ;
#2072 = CYLINDRICAL_SURFACE ( 'NONE', #614, 0.9999999999999997780 ) ;
#2073 = CARTESIAN_POINT ( 'NONE',  ( 0.000000000000000000, -14.50000000000000000, -7.000000000000000000 ) ) ;
#2074 = EDGE_CURVE ( 'NONE', #698, #2166, #655, .T. ) ;
#2075 = ORIENTED_EDGE ( 'NONE', *, *, #2201, .F. ) ;
#2076 = AXIS2_PLACEMENT_3D ( 'NONE', #2137, #402, #1060 ) ;
#2077 = DIRECTION ( 'NONE',  ( 0.000000000000000000, 0.000000000000000000, 1.000000000000000000 ) ) ;
#2078 = CARTESIAN_POINT ( 'NONE',  ( 0.000000000000000000, -19.50000000000000000, -6.000000000000000000 ) ) ;
#2079 = ORIENTED_EDGE ( 'NONE', *, *, #1455, .T. ) ;
#2080 = DIRECTION ( 'NONE',  ( 0.000000000000000000, 0.000000000000000000, 1.000000000000000000 ) ) ;
#2081 = EDGE_LOOP ( 'NONE', ( #670, #597 ) ) ;
#2082 = LINE ( 'NONE', #1862, #917 ) ;
#2083 = AXIS2_PLACEMENT_3D ( 'NONE', #2189, #1502, #1156 ) ;
#2084 = AXIS2_PLACEMENT_3D ( 'NONE', #1066, #900, #1245 ) ;
#2085 = CIRCLE ( 'NONE', #2155, 2.000000000000000000 ) ;
#2086 = CIRCLE ( 'NONE', #556, 2.000000000000000000 ) ;
#2087 = CYLINDRICAL_SURFACE ( 'NONE', #1973, 2.000000000000000000 ) ;
#2088 = DIRECTION ( 'NONE',  ( 1.000000000000000000, 0.000000000000000000, -2.026987197596717295E-16 ) ) ;
#2089 = CIRCLE ( 'NONE', #1115, 0.9999999999999995559 ) ;
#2090 = ORIENTED_EDGE ( 'NONE', *, *, #741, .T. ) ;
#2091 = PLANE ( 'NONE',  #1401 ) ;
#2092 = EDGE_CURVE ( 'NONE', #1717, #2190, #1914, .T. ) ;
#2093 = CYLINDRICAL_SURFACE ( 'NONE', #618, 0.9999999999999997780 ) ;
#2094 = DIRECTION ( 'NONE',  ( 0.000000000000000000, 0.000000000000000000, -1.000000000000000000 ) ) ;
#2095 = DIRECTION ( 'NONE',  ( -1.000000000000000000, -0.000000000000000000, 1.734723475976807587E-16 ) ) ;
#2096 = DIRECTION ( 'NONE',  ( 0.000000000000000000, 0.000000000000000000, -1.000000000000000000 ) ) ;
#2097 = EDGE_LOOP ( 'NONE', ( #651, #1249, #397, #2246 ) ) ;
#2098 = DIRECTION ( 'NONE',  ( -0.000000000000000000, 1.000000000000000000, -0.000000000000000000 ) ) ;
#2099 = EDGE_CURVE ( 'NONE', #1017, #1821, #805, .T. ) ;
#2100 = ORIENTED_EDGE ( 'NONE', *, *, #108, .F. ) ;
#2101 = ORIENTED_EDGE ( 'NONE', *, *, #1951, .F. ) ;
#2102 = CYLINDRICAL_SURFACE ( 'NONE', #1041, 0.9999999999999991118 ) ;
#2103 = ORIENTED_EDGE ( 'NONE', *, *, #2133, .F. ) ;
#2104 = VERTEX_POINT ( 'NONE', #2184 ) ;
#2105 = CARTESIAN_POINT ( 'NONE',  ( 0.000000000000000000, 19.50000000000000000, -10.00000000000000000 ) ) ;
#2106 = AXIS2_PLACEMENT_3D ( 'NONE', #998, #613, #1151 ) ;
#2107 = CARTESIAN_POINT ( 'NONE',  ( 16.00000000000000000, 0.000000000000000000, 4.999999999999997335 ) ) ;
#2108 = EDGE_LOOP ( 'NONE', ( #959, #1274 ) ) ;
#2109 = CARTESIAN_POINT ( 'NONE',  ( 0.000000000000000000, -17.50000000000000000, -6.000000000000000000 ) ) ;
#2110 = DIRECTION ( 'NONE',  ( 0.000000000000000000, 1.000000000000000000, -0.000000000000000000 ) ) ;
#2111 = CARTESIAN_POINT ( 'NONE',  ( -1.224646799147353207E-16, -17.50000000000000000, -5.000000000000000000 ) ) ;
#2112 = ADVANCED_FACE ( 'NONE', ( #1694 ), #123, .F. ) ;
#2113 = EDGE_LOOP ( 'NONE', ( #657, #561 ) ) ;
#2114 = AXIS2_PLACEMENT_3D ( 'NONE', #1985, #257, #1140 ) ;
#2115 = EDGE_LOOP ( 'NONE', ( #475, #1494, #1133, #1089, #59, #1783, #1578, #175 ) ) ;
#2116 = EDGE_CURVE ( 'NONE', #1454, #2147, #260, .T. ) ;
#2117 = DIRECTION ( 'NONE',  ( 1.000000000000000000, -0.000000000000000000, -0.000000000000000000 ) ) ;
#2118 = EDGE_CURVE ( 'NONE', #95, #1989, #117, .T. ) ;
#2119 = FACE_BOUND ( 'NONE', #1278, .T. ) ;
#2120 = AXIS2_PLACEMENT_3D ( 'NONE', #605, #979, #957 ) ;
#2121 = CIRCLE ( 'NONE', #1030, 10.00000000000000000 ) ;
#2122 = ORIENTED_EDGE ( 'NONE', *, *, #2024, .F. ) ;
#2123 = CIRCLE ( 'NONE', #1399, 2.000000000000000000 ) ;
#2124 = DIRECTION ( 'NONE',  ( 0.000000000000000000, 0.000000000000000000, 1.000000000000000000 ) ) ;
#2125 = AXIS2_PLACEMENT_3D ( 'NONE', #1407, #903, #1417 ) ;
#2126 = CARTESIAN_POINT ( 'NONE',  ( -5.999999999999999112, 17.50000000000000000, 1.999999999999937161 ) ) ;
#2127 = CIRCLE ( 'NONE', #169, 2.000000000000000000 ) ;
#2128 = CARTESIAN_POINT ( 'NONE',  ( -4.189777606611760026E-14, -17.50000000000000000, 5.000000000000000000 ) ) ;
#2129 = ORIENTED_EDGE ( 'NONE', *, *, #1064, .F. ) ;
#2130 = ORIENTED_EDGE ( 'NONE', *, *, #449, .T. ) ;
#2131 = EDGE_CURVE ( 'NONE', #635, #1367, #918, .T. ) ;
#2132 = CARTESIAN_POINT ( 'NONE',  ( -4.189777606611760026E-14, 19.50000000000000000, 6.000000000000000000 ) ) ;
#2133 = EDGE_CURVE ( 'NONE', #1915, #1328, #1929, .T. ) ;
#2134 = ORIENTED_EDGE ( 'NONE', *, *, #1609, .F. ) ;
#2135 = DIRECTION ( 'NONE',  ( 0.000000000000000000, 0.000000000000000000, 1.000000000000000000 ) ) ;
#2136 = DIRECTION ( 'NONE',  ( -0.000000000000000000, 1.000000000000000000, -0.000000000000000000 ) ) ;
#2137 = CARTESIAN_POINT ( 'NONE',  ( 6.000000000000000000, 17.50000000000000000, 2.094888803305880013E-14 ) ) ;
#2138 = VERTEX_POINT ( 'NONE', #1600 ) ;
#2139 = ORIENTED_EDGE ( 'NONE', *, *, #1246, .T. ) ;
#2140 = FACE_OUTER_BOUND ( 'NONE', #1765, .T. ) ;
#2141 = VERTEX_POINT ( 'NONE', #1410 ) ;
#2142 = PLANE ( 'NONE',  #1749 ) ;
#2143 = DIRECTION ( 'NONE',  ( 0.000000000000000000, 0.000000000000000000, 1.000000000000000000 ) ) ;
#2144 = CIRCLE ( 'NONE', #847, 1.000000000000000000 ) ;
#2145 = CARTESIAN_POINT ( 'NONE',  ( 0.000000000000000000, 19.50000000000000000, 10.00000000000000000 ) ) ;
#2146 = DIRECTION ( 'NONE',  ( -0.000000000000000000, 1.000000000000000000, -0.000000000000000000 ) ) ;
#2147 = VERTEX_POINT ( 'NONE', #1447 ) ;
#2148 = ORIENTED_EDGE ( 'NONE', *, *, #953, .F. ) ;
#2149 = CIRCLE ( 'NONE', #446, 2.000000000000000888 ) ;
#2150 = FACE_OUTER_BOUND ( 'NONE', #1035, .T. ) ;
#2151 = CIRCLE ( 'NONE', #2192, 2.000000000000000000 ) ;
#2152 = EDGE_LOOP ( 'NONE', ( #1338, #1712, #330, #369 ) ) ;
#2153 = CARTESIAN_POINT ( 'NONE',  ( -5.999999999999999112, 17.50000000000000000, -6.284666409917640040E-14 ) ) ;
#2154 = CARTESIAN_POINT ( 'NONE',  ( 16.00000000000000000, -6.000000000000000000, 0.9999999999999759082 ) ) ;
#2155 = AXIS2_PLACEMENT_3D ( 'NONE', #935, #1629, #427 ) ;
#2156 = PLANE ( 'NONE',  #1286 ) ;
#2157 = DIRECTION ( 'NONE',  ( 0.000000000000000000, 0.000000000000000000, 1.000000000000000000 ) ) ;
#2158 = CIRCLE ( 'NONE', #1192, 8.250000000000000000 ) ;
#2159 = EDGE_CURVE ( 'NONE', #2166, #698, #950, .T. ) ;
#2160 = ORIENTED_EDGE ( 'NONE', *, *, #736, .T. ) ;
#2161 = DIRECTION ( 'NONE',  ( 0.000000000000000000, 0.000000000000000000, 1.000000000000000000 ) ) ;
#2162 = VERTEX_POINT ( 'NONE', #1630 ) ;
#2163 = DIRECTION ( 'NONE',  ( 0.000000000000000000, 0.000000000000000000, 1.000000000000000000 ) ) ;
#2164 = LINE ( 'NONE', #1476, #445 ) ;
#2165 = FACE_OUTER_BOUND ( 'NONE', #1460, .T. ) ;
#2166 = VERTEX_POINT ( 'NONE', #1086 ) ;
#2167 = DIRECTION ( 'NONE',  ( -0.000000000000000000, 1.000000000000000000, -0.000000000000000000 ) ) ;
#2168 = DIRECTION ( 'NONE',  ( 1.000000000000000000, -0.000000000000000000, -1.734723475976807341E-16 ) ) ;
#2169 = ADVANCED_FACE ( 'NONE', ( #28 ), #2093, .F. ) ;
#2170 = VERTEX_POINT ( 'NONE', #912 ) ;
#2171 = CARTESIAN_POINT ( 'NONE',  ( 14.00000000000000000, 14.50000000000000000, -10.00000000000000000 ) ) ;
#2172 = ORIENTED_EDGE ( 'NONE', *, *, #953, .T. ) ;
#2173 = CARTESIAN_POINT ( 'NONE',  ( 14.00000000000000000, 14.50000000000000000, 0.000000000000000000 ) ) ;
#2174 = DIRECTION ( 'NONE',  ( 0.000000000000000000, 0.000000000000000000, -1.000000000000000000 ) ) ;
#2175 = CARTESIAN_POINT ( 'NONE',  ( -1.224646799147353207E-16, -19.50000000000000000, -5.000000000000000000 ) ) ;
#2176 = ORIENTED_EDGE ( 'NONE', *, *, #507, .T. ) ;
#2177 = DIRECTION ( 'NONE',  ( -0.000000000000000000, 1.000000000000000000, -0.000000000000000000 ) ) ;
#2178 = DIRECTION ( 'NONE',  ( 0.000000000000000000, -1.000000000000000000, 0.000000000000000000 ) ) ;
#2179 = ORIENTED_EDGE ( 'NONE', *, *, #389, .T. ) ;
#2180 = AXIS2_PLACEMENT_3D ( 'NONE', #242, #1943, #531 ) ;
#2181 = CARTESIAN_POINT ( 'NONE',  ( 14.00000000000000000, -6.000000000000000000, -2.337750089942632691E-14 ) ) ;
#2182 = ORIENTED_EDGE ( 'NONE', *, *, #1529, .T. ) ;
#2183 = ADVANCED_FACE ( 'NONE', ( #253 ), #1147, .F. ) ;
#2184 = CARTESIAN_POINT ( 'NONE',  ( -5.999999999999999112, 19.50000000000000000, 1.999999999999937161 ) ) ;
#2185 = CARTESIAN_POINT ( 'NONE',  ( 16.00000000000000000, -4.177531138620286512E-14, -5.000000000000003553 ) ) ;
#2186 = EDGE_CURVE ( 'NONE', #2044, #1186, #988, .T. ) ;
#2187 = VECTOR ( 'NONE', #1949, 1000.000000000000000 ) ;
#2188 = EDGE_CURVE ( 'NONE', #1367, #635, #2220, .T. ) ;
#2189 = CARTESIAN_POINT ( 'NONE',  ( 0.000000000000000000, 19.50000000000000000, -6.000000000000000000 ) ) ;
#2190 = VERTEX_POINT ( 'NONE', #2171 ) ;
#2191 = DIRECTION ( 'NONE',  ( 0.000000000000000000, 0.000000000000000000, 1.000000000000000000 ) ) ;
#2192 = AXIS2_PLACEMENT_3D ( 'NONE', #747, #74, #1790 ) ;
#2193 = DIRECTION ( 'NONE',  ( 0.000000000000000000, 0.000000000000000000, -1.000000000000000000 ) ) ;
#2194 = DIRECTION ( 'NONE',  ( 0.000000000000000000, 0.000000000000000000, 1.000000000000000000 ) ) ;
#2195 = CIRCLE ( 'NONE', #2012, 2.000000000000000000 ) ;
#2196 = ORIENTED_EDGE ( 'NONE', *, *, #462, .F. ) ;
#2197 = VECTOR ( 'NONE', #713, 1000.000000000000000 ) ;
#2198 = CARTESIAN_POINT ( 'NONE',  ( 0.000000000000000000, 19.50000000000000000, 10.00000000000000000 ) ) ;
#2199 = VECTOR ( 'NONE', #1368, 1000.000000000000000 ) ;
#2200 = CARTESIAN_POINT ( 'NONE',  ( -5.999999999999999112, -19.50000000000000000, -6.284666409917640040E-14 ) ) ;
#2201 = EDGE_CURVE ( 'NONE', #2209, #1179, #1534, .T. ) ;
#2202 = EDGE_CURVE ( 'NONE', #360, #1104, #1347, .T. ) ;
#2203 = CARTESIAN_POINT ( 'NONE',  ( -5.999999999999999112, -17.50000000000000000, -6.284666409917640040E-14 ) ) ;
#2204 = CARTESIAN_POINT ( 'NONE',  ( 19.00000000000000355, 6.000000000000000000, -2.424486263741473361E-14 ) ) ;
#2205 = CYLINDRICAL_SURFACE ( 'NONE', #1792, 2.000000000000000000 ) ;
#2206 = LINE ( 'NONE', #644, #1253 ) ;
#2207 = ORIENTED_EDGE ( 'NONE', *, *, #1581, .T. ) ;
#2208 = PLANE ( 'NONE',  #1642 ) ;
#2209 = VERTEX_POINT ( 'NONE', #1122 ) ;
#2210 = LINE ( 'NONE', #637, #801 ) ;
#2211 = FACE_BOUND ( 'NONE', #424, .T. ) ;
#2212 = FACE_OUTER_BOUND ( 'NONE', #1603, .T. ) ;
#2213 = CARTESIAN_POINT ( 'NONE',  ( 0.000000000000000000, 19.50000000000000000, -6.000000000000000000 ) ) ;
#2214 = EDGE_CURVE ( 'NONE', #1256, #248, #1668, .T. ) ;
#2215 = ORIENTED_EDGE ( 'NONE', *, *, #268, .F. ) ;
#2216 = CARTESIAN_POINT ( 'NONE',  ( 6.000000000000000000, -17.50000000000000000, 2.094888803305880013E-14 ) ) ;
#2217 = CARTESIAN_POINT ( 'NONE',  ( -5.999999999999999112, 17.50000000000000000, -6.284666409917640040E-14 ) ) ;
#2218 = ORIENTED_EDGE ( 'NONE', *, *, #1234, .T. ) ;
#2219 = ORIENTED_EDGE ( 'NONE', *, *, #32, .F. ) ;
#2220 = CIRCLE ( 'NONE', #1101, 0.9999999999999991118 ) ;
#2221 = LINE ( 'NONE', #1011, #1686 ) ;
#2222 = CARTESIAN_POINT ( 'NONE',  ( 11.17157287525381015, -4.189777606611760026E-14, -7.000000000000000888 ) ) ;
#2223 = ORIENTED_EDGE ( 'NONE', *, *, #362, .T. ) ;
#2224 = DIRECTION ( 'NONE',  ( 0.000000000000000000, 0.000000000000000000, -1.000000000000000000 ) ) ;
#2225 = EDGE_LOOP ( 'NONE', ( #263, #766 ) ) ;
#2226 =( GEOMETRIC_REPRESENTATION_CONTEXT ( 3 ) GLOBAL_UNCERTAINTY_ASSIGNED_CONTEXT ( ( #219 ) ) GLOBAL_UNIT_ASSIGNED_CONTEXT ( ( #110, #1324, #1167 ) ) REPRESENTATION_CONTEXT ( 'NONE', 'WORKASPACE' ) );
#2227 = CARTESIAN_POINT ( 'NONE',  ( 16.00000000000000000, -6.000000000000000000, 1.999999999999976241 ) ) ;
#2228 = ADVANCED_FACE ( 'NONE', ( #1343 ), #2208, .F. ) ;
#2229 = VERTEX_POINT ( 'NONE', #1849 ) ;
#2230 = CIRCLE ( 'NONE', #84, 1.000000000000000000 ) ;
#2231 = EDGE_CURVE ( 'NONE', #1989, #95, #511, .T. ) ;
#2232 = ORIENTED_EDGE ( 'NONE', *, *, #2, .F. ) ;
#2233 = VECTOR ( 'NONE', #2047, 1000.000000000000000 ) ;
#2234 = DIRECTION ( 'NONE',  ( -0.000000000000000000, 1.000000000000000000, -0.000000000000000000 ) ) ;
#2235 = CIRCLE ( 'NONE', #1255, 2.000000000000000000 ) ;
#2236 = ORIENTED_EDGE ( 'NONE', *, *, #60, .F. ) ;
#2237 = DIRECTION ( 'NONE',  ( 0.000000000000000000, 0.000000000000000000, -1.000000000000000000 ) ) ;
#2238 = EDGE_CURVE ( 'NONE', #1821, #1017, #2144, .T. ) ;
#2239 = ORIENTED_EDGE ( 'NONE', *, *, #2034, .T. ) ;
#2240 = DIRECTION ( 'NONE',  ( 0.000000000000000000, 0.000000000000000000, 1.000000000000000000 ) ) ;
#2241 = EDGE_CURVE ( 'NONE', #885, #726, #1679, .T. ) ;
#2242 = CYLINDRICAL_SURFACE ( 'NONE', #2009, 2.000000000000000000 ) ;
#2243 = CARTESIAN_POINT ( 'NONE',  ( 16.00000000000000000, -4.189777606611760026E-14, -6.000000000000002665 ) ) ;
#2244 = ORIENTED_EDGE ( 'NONE', *, *, #178, .F. ) ;
#2245 = CARTESIAN_POINT ( 'NONE',  ( 22.10000000000000497, -19.50000000000000000, 10.00000000000000000 ) ) ;
#2246 = ORIENTED_EDGE ( 'NONE', *, *, #849, .F. ) ;
#2247 = DIRECTION ( 'NONE',  ( 0.000000000000000000, 0.000000000000000000, 1.000000000000000000 ) ) ;
#2248 = ADVANCED_FACE ( 'NONE', ( #1296 ), #1320, .F. ) ;
#2249 = AXIS2_PLACEMENT_3D ( 'NONE', #135, #947, #2015 ) ;
#2250 = ORIENTED_EDGE ( 'NONE', *, *, #1094, .T. ) ;
#2251 = LINE ( 'NONE', #2105, #1466 ) ;
ENDSEC;
END-ISO-10303-21;
