ISO-10303-21;
HEADER;
FILE_DESCRIPTION (( 'STEP AP214' ),
    '1' );
FILE_NAME ('link5.STEP',
    '2025-09-19T07:14:27',
    ( '' ),
    ( '' ),
    'SwSTEP 2.0',
    'SolidWorks 2025',
    '' );
FILE_SCHEMA (( 'AUTOMOTIVE_DESIGN' ));
ENDSEC;

DATA;
#1 = CARTESIAN_POINT ( 'NONE',  ( 6.302696986155290837, 62.22781715790512891, 76.26183934523038488 ) ) ;
#2 = CARTESIAN_POINT ( 'NONE',  ( -22.00000000000000000, 27.52965100515350017, 14.08578643762688998 ) ) ;
#3 = CARTESIAN_POINT ( 'NONE',  ( 9.171572875253785284, 20.00000000000000000, -18.64999999999999503 ) ) ;
#4 = VECTOR ( 'NONE', #5354, 1000.000000000000000 ) ;
#5 = FACE_OUTER_BOUND ( 'NONE', #1774, .T. ) ;
#6 = ADVANCED_FACE ( 'NONE', ( #3082 ), #3233, .T. ) ;
#7 = ORIENTED_EDGE ( 'NONE', *, *, #1198, .F. ) ;
#8 = ORIENTED_EDGE ( 'NONE', *, *, #4709, .T. ) ;
#9 = FACE_BOUND ( 'NONE', #8879, .T. ) ;
#10 = EDGE_CURVE ( 'NONE', #803, #5583, #7842, .T. ) ;
#11 = EDGE_LOOP ( 'NONE', ( #6285, #1291, #5747, #4768, #7878, #9477 ) ) ;
#12 = CARTESIAN_POINT ( 'NONE',  ( -22.39970588875097945, 26.11543744278040080, 13.49999999999998046 ) ) ;
#13 = AXIS2_PLACEMENT_3D ( 'NONE', #2457, #9495, #1747 ) ;
#14 = CARTESIAN_POINT ( 'NONE',  ( -17.57611152547500311, 42.46810670351286632, 19.92388847452496137 ) ) ;
#15 = CARTESIAN_POINT ( 'NONE',  ( -24.58578643762691485, -13.41614737948570379, -12.91421356237304252 ) ) ;
#16 = DIRECTION ( 'NONE',  ( 0.4226182617407037156, 0.9063077870366479383, 0.000000000000000000 ) ) ;
#17 = CARTESIAN_POINT ( 'NONE',  ( -0.5000000000000082157, -7.550000000000000711, -6.049999999999996270 ) ) ;
#18 = DIRECTION ( 'NONE',  ( 0.000000000000000000, 0.000000000000000000, 1.000000000000000000 ) ) ;
#19 = CARTESIAN_POINT ( 'NONE',  ( -24.95337886047483167, 27.72129648695521098, -11.54369027312681162 ) ) ;
#20 = B_SPLINE_SURFACE_WITH_KNOTS ( 'NONE', 1, 3, ( 
 ( #3160, #179, #7872, #3981, #5414, #9437, #1529, #761, #7110, #87, #3216, #3881, #913, #6341 ),
 ( #2443, #3260, #5569, #8702, #1679, #1734, #4855, #4803, #10152, #6231, #7928, #9532, #7161, #9379 ) ),
 .UNSPECIFIED., .F., .F., .F.,
 ( 2, 2 ),
 ( 4, 2, 2, 2, 2, 2, 4 ),
 ( 0.000000000000000000, 1.000000000000000000 ),
 ( 0.3043525449573831199, 0.4741025371878317962, 0.6438525294182804171, 0.7287275255335047275, 0.8136025216487290379, 0.8984775177639534594, 0.9833525138791777698 ),
 .UNSPECIFIED. ) ;
#21 = PLANE ( 'NONE',  #3987 ) ;
#22 = ORIENTED_EDGE ( 'NONE', *, *, #2348, .T. ) ;
#23 = ORIENTED_EDGE ( 'NONE', *, *, #6942, .T. ) ;
#24 = FACE_OUTER_BOUND ( 'NONE', #9830, .T. ) ;
#25 = ORIENTED_EDGE ( 'NONE', *, *, #7771, .T. ) ;
#26 = VECTOR ( 'NONE', #4306, 1000.000000000000000 ) ;
#27 = CARTESIAN_POINT ( 'NONE',  ( -0.5000000000000067724, -7.549999999999999822, 6.050000000000001599 ) ) ;
#28 = CARTESIAN_POINT ( 'NONE',  ( -7.806255641895581388E-17, -14.50000000000000000, -0.8999999999999950262 ) ) ;
#29 = DIRECTION ( 'NONE',  ( 0.000000000000000000, 0.000000000000000000, 1.000000000000000000 ) ) ;
#30 = AXIS2_PLACEMENT_3D ( 'NONE', #1485, #718, #10116 ) ;
#31 = CARTESIAN_POINT ( 'NONE',  ( 7.499999999999992895, -12.50000000000000000, -16.64999999999999503 ) ) ;
#32 = AXIS2_PLACEMENT_3D ( 'NONE', #1897, #1945, #5878 ) ;
#33 = LINE ( 'NONE', #8606, #2357 ) ;
#34 = ORIENTED_EDGE ( 'NONE', *, *, #4352, .T. ) ;
#35 = ORIENTED_EDGE ( 'NONE', *, *, #9339, .T. ) ;
#36 = CARTESIAN_POINT ( 'NONE',  ( 11.99999999999995914, 20.00000000000000000, -20.99999999999999645 ) ) ;
#37 = EDGE_LOOP ( 'NONE', ( #1982, #2223, #5871, #2293, #8232, #1636, #2721, #4997, #4260, #9769, #3744, #6495, #6013, #6669 ) ) ;
#38 = CIRCLE ( 'NONE', #862, 8.250000000000001776 ) ;
#39 = CARTESIAN_POINT ( 'NONE',  ( -18.65764051238642196, 8.700200654028847680, 10.99999999999999645 ) ) ;
#40 = CIRCLE ( 'NONE', #9231, 1.049999999999991385 ) ;
#41 = EDGE_CURVE ( 'NONE', #6536, #7654, #5540, .T. ) ;
#42 = DIRECTION ( 'NONE',  ( 0.000000000000000000, 1.000000000000000000, -0.000000000000000000 ) ) ;
#43 = DIRECTION ( 'NONE',  ( -0.9063077870366480493, 0.4226182617407038822, 0.000000000000000000 ) ) ;
#44 = DIRECTION ( 'NONE',  ( 0.9063077870366480493, -0.4226182617407037712, 0.000000000000000000 ) ) ;
#45 = AXIS2_PLACEMENT_3D ( 'NONE', #6343, #6389, #7006 ) ;
#46 = CARTESIAN_POINT ( 'NONE',  ( 7.499999999999996447, 12.50000000000000000, 14.35000000000000497 ) ) ;
#47 = AXIS2_PLACEMENT_3D ( 'NONE', #4057, #9506, #2523 ) ;
#48 = ORIENTED_EDGE ( 'NONE', *, *, #6077, .F. ) ;
#49 = EDGE_LOOP ( 'NONE', ( #3301, #7644, #7488, #5654 ) ) ;
#50 = CARTESIAN_POINT ( 'NONE',  ( -24.58578643762691129, 24.77962844413281829, -12.91421356237304785 ) ) ;
#51 = EDGE_CURVE ( 'NONE', #5299, #2709, #5587, .T. ) ;
#52 = ORIENTED_EDGE ( 'NONE', *, *, #5355, .T. ) ;
#53 = VERTEX_POINT ( 'NONE', #1083 ) ;
#54 = ADVANCED_FACE ( 'NONE', ( #2714 ), #7283, .F. ) ;
#55 = CARTESIAN_POINT ( 'NONE',  ( -7.499999999999998224, 24.55000000000000071, 0.000000000000000000 ) ) ;
#56 = AXIS2_PLACEMENT_3D ( 'NONE', #4734, #3970, #7861 ) ;
#57 = FACE_OUTER_BOUND ( 'NONE', #9128, .T. ) ;
#58 = CARTESIAN_POINT ( 'NONE',  ( 25.50000000000000355, -14.50000000000000000, 0.000000000000000000 ) ) ;
#59 = DIRECTION ( 'NONE',  ( 0.000000000000000000, 0.000000000000000000, -1.000000000000000000 ) ) ;
#60 = EDGE_CURVE ( 'NONE', #1292, #1810, #2015, .T. ) ;
#61 = FACE_OUTER_BOUND ( 'NONE', #6224, .T. ) ;
#62 = VECTOR ( 'NONE', #3250, 1000.000000000000000 ) ;
#63 = ORIENTED_EDGE ( 'NONE', *, *, #8467, .F. ) ;
#64 = ORIENTED_EDGE ( 'NONE', *, *, #3595, .T. ) ;
#65 = EDGE_CURVE ( 'NONE', #5979, #3032, #7732, .T. ) ;
#66 = DIRECTION ( 'NONE',  ( 0.000000000000000000, 0.000000000000000000, -1.000000000000000000 ) ) ;
#67 = ORIENTED_EDGE ( 'NONE', *, *, #3427, .F. ) ;
#68 = CARTESIAN_POINT ( 'NONE',  ( -22.00000000000001421, 30.11543744278038304, -15.49999999999995381 ) ) ;
#69 = CARTESIAN_POINT ( 'NONE',  ( 4.978471444372658539, 27.02152855562737344, -20.99999999999999645 ) ) ;
#70 = EDGE_CURVE ( 'NONE', #4670, #450, #9654, .T. ) ;
#71 = DIRECTION ( 'NONE',  ( 1.000000000000000000, 0.000000000000000000, 0.000000000000000000 ) ) ;
#72 = CARTESIAN_POINT ( 'NONE',  ( -23.32879652527897107, 26.45815963632106005, -13.49418550042830134 ) ) ;
#73 = FACE_OUTER_BOUND ( 'NONE', #7175, .T. ) ;
#74 = FACE_OUTER_BOUND ( 'NONE', #3489, .T. ) ;
#75 = B_SPLINE_CURVE_WITH_KNOTS ( 'NONE', 3,
 ( #2859, #8393, #9849, #1378 ),
 .UNSPECIFIED., .F., .F.,
 ( 4, 4 ),
 ( 0.001125499539408587532, 0.001645707639363472264 ),
 .UNSPECIFIED. ) ;
#76 = CARTESIAN_POINT ( 'NONE',  ( -18.21892336110601818, 42.76785478523052575, 76.26183934523054120 ) ) ;
#77 = CARTESIAN_POINT ( 'NONE',  ( 5.499999999999994671, -18.00000000000000355, -11.17157287525377996 ) ) ;
#78 = ORIENTED_EDGE ( 'NONE', *, *, #960, .T. ) ;
#79 = VERTEX_POINT ( 'NONE', #6406 ) ;
#80 = DIRECTION ( 'NONE',  ( 0.4226182617407047704, 0.9063077870366476052, 0.000000000000000000 ) ) ;
#81 = CIRCLE ( 'NONE', #249, 1.000000000000000888 ) ;
#82 = VERTEX_POINT ( 'NONE', #4153 ) ;
#83 = CIRCLE ( 'NONE', #4001, 2.000000000000001776 ) ;
#84 = CARTESIAN_POINT ( 'NONE',  ( -17.18423302297822985, 44.91350382928856533, 20.35391712318953239 ) ) ;
#85 = EDGE_CURVE ( 'NONE', #673, #1903, #4625, .T. ) ;
#86 = CARTESIAN_POINT ( 'NONE',  ( -24.58578643762691129, 24.77962844413281829, -12.91421356237304785 ) ) ;
#87 = CARTESIAN_POINT ( 'NONE',  ( -24.13405031890395236, 28.88198778872699535, 13.20930657939173969 ) ) ;
#88 = DIRECTION ( 'NONE',  ( 0.000000000000000000, -1.000000000000000000, 0.000000000000000000 ) ) ;
#89 = AXIS2_PLACEMENT_3D ( 'NONE', #2474, #5598, #6416 ) ;
#90 = AXIS2_PLACEMENT_3D ( 'NONE', #9102, #5287, #6046 ) ;
#91 = FACE_OUTER_BOUND ( 'NONE', #7569, .T. ) ;
#92 = ORIENTED_EDGE ( 'NONE', *, *, #7951, .F. ) ;
#93 = EDGE_CURVE ( 'NONE', #5443, #5862, #7997, .T. ) ;
#94 = ORIENTED_EDGE ( 'NONE', *, *, #6995, .T. ) ;
#95 = DIRECTION ( 'NONE',  ( -0.9063077870366480493, 0.4226182617407038822, 0.000000000000000000 ) ) ;
#96 = ORIENTED_EDGE ( 'NONE', *, *, #3948, .F. ) ;
#97 = FACE_OUTER_BOUND ( 'NONE', #1429, .T. ) ;
#98 = AXIS2_PLACEMENT_3D ( 'NONE', #4192, #5629, #1744 ) ;
#99 = CIRCLE ( 'NONE', #5496, 0.9499999999999976241 ) ;
#100 =( BOUNDED_CURVE ( )  B_SPLINE_CURVE ( 3, ( #9894, #6745, #9170, #5310 ),
 .UNSPECIFIED., .F., .T. ) 
 B_SPLINE_CURVE_WITH_KNOTS ( ( 4, 4 ),
 ( 1.570796326794896558, 2.601173153319212616 ),
 .UNSPECIFIED. ) 
 CURVE ( )  GEOMETRIC_REPRESENTATION_ITEM ( )  RATIONAL_B_SPLINE_CURVE ( ( 1.000000000000000000, 0.9134666045023186465, 0.9134666045023186465, 1.000000000000000000 ) ) 
 REPRESENTATION_ITEM ( '' )  );
#101 = DIRECTION ( 'NONE',  ( 0.7071067811865437980, -0.7071067811865513475, -0.000000000000000000 ) ) ;
#102 = EDGE_CURVE ( 'NONE', #5435, #8139, #8714, .T. ) ;
#103 = CARTESIAN_POINT ( 'NONE',  ( 4.585786437626941492, 24.58578643762688998, -20.64999999999999503 ) ) ;
#104 = CARTESIAN_POINT ( 'NONE',  ( 16.04634200735405258, 19.00000000000000000, -22.00000000000000000 ) ) ;
#105 = CARTESIAN_POINT ( 'NONE',  ( 0.000000000000000000, -11.55000000000000071, 0.000000000000000000 ) ) ;
#106 = VERTEX_POINT ( 'NONE', #1755 ) ;
#107 = ORIENTED_EDGE ( 'NONE', *, *, #5818, .T. ) ;
#108 = CARTESIAN_POINT ( 'NONE',  ( 5.499999999999996447, 26.08040538867670932, 13.62022578756342028 ) ) ;
#109 = ORIENTED_EDGE ( 'NONE', *, *, #8862, .T. ) ;
#110 = ORIENTED_EDGE ( 'NONE', *, *, #7172, .T. ) ;
#111 = CARTESIAN_POINT ( 'NONE',  ( -21.34225098437089940, 27.79534640852529748, 14.41465865818569903 ) ) ;
#112 = CARTESIAN_POINT ( 'NONE',  ( 3.284182448871598936, 14.91403805080630640, -6.510566206875902928 ) ) ;
#113 = EDGE_CURVE ( 'NONE', #1785, #865, #978, .T. ) ;
#114 = CARTESIAN_POINT ( 'NONE',  ( 8.130788770160084056, 23.86921122983991594, -20.59204302007852405 ) ) ;
#115 = EDGE_CURVE ( 'NONE', #4904, #4468, #4245, .T. ) ;
#116 = CARTESIAN_POINT ( 'NONE',  ( -23.22910487741187424, 29.12899819675251223, -14.27089512258808135 ) ) ;
#117 = VERTEX_POINT ( 'NONE', #1027 ) ;
#118 = EDGE_LOOP ( 'NONE', ( #5859, #7919, #9225, #2169, #9770, #1340 ) ) ;
#119 = DIRECTION ( 'NONE',  ( 1.000000000000000000, 0.000000000000000000, -3.452186021844392907E-16 ) ) ;
#120 = ORIENTED_EDGE ( 'NONE', *, *, #4813, .T. ) ;
#121 = CARTESIAN_POINT ( 'NONE',  ( 7.022767448963033843, 24.97723255103705853, 16.89625001615099009 ) ) ;
#122 = DIRECTION ( 'NONE',  ( -0.4085227688752218755, -0.9127481291739371061, 1.697754503578905044E-33 ) ) ;
#123 = CARTESIAN_POINT ( 'NONE',  ( -25.12474436220034590, 27.32965763957503924, -11.49988908221678408 ) ) ;
#124 = CARTESIAN_POINT ( 'NONE',  ( 4.821274678095984534, 33.02267935139751387, 76.26183934523054120 ) ) ;
#125 = FACE_BOUND ( 'NONE', #894, .T. ) ;
#126 = FACE_BOUND ( 'NONE', #5119, .T. ) ;
#127 = DIRECTION ( 'NONE',  ( -0.9063077870366479383, 0.4226182617407037712, 0.000000000000000000 ) ) ;
#128 = ORIENTED_EDGE ( 'NONE', *, *, #7372, .F. ) ;
#129 = ORIENTED_EDGE ( 'NONE', *, *, #1678, .T. ) ;
#130 = DIRECTION ( 'NONE',  ( -1.084202172485503448E-16, 0.000000000000000000, -1.000000000000000000 ) ) ;
#131 = VERTEX_POINT ( 'NONE', #7280 ) ;
#132 = DIRECTION ( 'NONE',  ( 0.000000000000000000, -1.000000000000000000, 0.000000000000000000 ) ) ;
#133 = CARTESIAN_POINT ( 'NONE',  ( -24.00663357580242874, 25.23747488005152206, -13.31758001756365672 ) ) ;
#134 = CARTESIAN_POINT ( 'NONE',  ( -25.50000000000000355, 25.76250359353970865, -11.64573944355628754 ) ) ;
#135 = DIRECTION ( 'NONE',  ( 1.000000000000000000, 0.000000000000000000, -1.020425574104004122E-16 ) ) ;
#136 = VERTEX_POINT ( 'NONE', #7327 ) ;
#137 = VERTEX_POINT ( 'NONE', #3384 ) ;
#138 = EDGE_CURVE ( 'NONE', #4983, #3554, #6507, .T. ) ;
#139 = DIRECTION ( 'NONE',  ( -0.4226182617407038267, -0.9063077870366479383, 0.000000000000000000 ) ) ;
#140 = ORIENTED_EDGE ( 'NONE', *, *, #8715, .T. ) ;
#141 = CARTESIAN_POINT ( 'NONE',  ( -23.17157287525382969, 26.29507800053150390, 13.49999999999998046 ) ) ;
#142 = EDGE_CURVE ( 'NONE', #6536, #6774, #5735, .T. ) ;
#143 = DIRECTION ( 'NONE',  ( 0.000000000000000000, 1.000000000000000000, 0.000000000000000000 ) ) ;
#144 = LINE ( 'NONE', #7990, #1989 ) ;
#145 =( NAMED_UNIT ( * ) PLANE_ANGLE_UNIT ( ) SI_UNIT ( $, .RADIAN. ) );
#146 = CARTESIAN_POINT ( 'NONE',  ( -26.55844053752729650, 24.18206892709982014, 11.13032118833053552 ) ) ;
#147 = ORIENTED_EDGE ( 'NONE', *, *, #9155, .F. ) ;
#148 = ORIENTED_EDGE ( 'NONE', *, *, #463, .T. ) ;
#149 = FACE_OUTER_BOUND ( 'NONE', #5774, .T. ) ;
#150 = EDGE_CURVE ( 'NONE', #3078, #2404, #302, .T. ) ;
#151 = ORIENTED_EDGE ( 'NONE', *, *, #9972, .F. ) ;
#152 = CARTESIAN_POINT ( 'NONE',  ( -17.39481775062931135, 44.53515496991975908, -19.49999999999999645 ) ) ;
#153 = LINE ( 'NONE', #4671, #9106 ) ;
#154 = CIRCLE ( 'NONE', #489, 2.000000000000000888 ) ;
#155 = CARTESIAN_POINT ( 'NONE',  ( -3.614187729324275455, -15.00381130156788778, -14.83387498053959774 ) ) ;
#156 = CARTESIAN_POINT ( 'NONE',  ( 5.832145196507622309, 25.00728248223989780, -17.77099275136659884 ) ) ;
#157 = FACE_OUTER_BOUND ( 'NONE', #2308, .T. ) ;
#158 = VECTOR ( 'NONE', #4900, 1000.000000000000000 ) ;
#159 = ORIENTED_EDGE ( 'NONE', *, *, #2630, .T. ) ;
#160 = EDGE_LOOP ( 'NONE', ( #7238, #9939, #3576, #7950, #5082, #5067 ) ) ;
#161 = CARTESIAN_POINT ( 'NONE',  ( 34.31772406680822485, 59.09459675740676232, 22.00000000000000000 ) ) ;
#162 = EDGE_CURVE ( 'NONE', #5109, #8970, #9542, .T. ) ;
#163 = VERTEX_POINT ( 'NONE', #1233 ) ;
#164 = CARTESIAN_POINT ( 'NONE',  ( 6.816784341114495938, 25.18321565888559022, 15.39545827882314200 ) ) ;
#165 = EDGE_CURVE ( 'NONE', #6120, #5583, #5939, .T. ) ;
#166 = CARTESIAN_POINT ( 'NONE',  ( -22.44603207010313284, -15.49999999999997335, 12.52899151085502893 ) ) ;
#167 = AXIS2_PLACEMENT_3D ( 'NONE', #5726, #1117, #293 ) ;
#168 = CARTESIAN_POINT ( 'NONE',  ( -25.07551039878633148, 27.44415045714354306, -11.51048369626763623 ) ) ;
#169 = CARTESIAN_POINT ( 'NONE',  ( -22.71629261286152968, 27.39001814001279556, 13.88499447053084879 ) ) ;
#170 = DIRECTION ( 'NONE',  ( -0.3420201433256709334, 0.9396926207859075397, 8.659560562354881089E-17 ) ) ;
#171 = CARTESIAN_POINT ( 'NONE',  ( -2.540982006046750286, 76.28209366885950260, -20.42330926561450966 ) ) ;
#172 = VERTEX_POINT ( 'NONE', #8302 ) ;
#173 = EDGE_LOOP ( 'NONE', ( #701, #7452, #1646, #5905 ) ) ;
#174 = DIRECTION ( 'NONE',  ( 0.9063077870366479383, -0.4226182617407037712, -0.000000000000000000 ) ) ;
#175 = AXIS2_PLACEMENT_3D ( 'NONE', #5255, #7703, #9165 ) ;
#176 = ORIENTED_EDGE ( 'NONE', *, *, #4759, .T. ) ;
#177 = DIRECTION ( 'NONE',  ( 0.000000000000000000, 0.000000000000000000, 1.000000000000000000 ) ) ;
#178 = CARTESIAN_POINT ( 'NONE',  ( -0.7694321026320638524, 75.45600638209357669, 19.99999999999998934 ) ) ;
#179 = CARTESIAN_POINT ( 'NONE',  ( -24.23614111662941184, 29.32379568343890242, 12.32428145586146329 ) ) ;
#180 = CARTESIAN_POINT ( 'NONE',  ( -3.499999999999996891, -18.45364129295915845, 13.49337555450159698 ) ) ;
#181 = EDGE_CURVE ( 'NONE', #1822, #7090, #7876, .T. ) ;
#182 = VECTOR ( 'NONE', #4460, 1000.000000000000000 ) ;
#183 = AXIS2_PLACEMENT_3D ( 'NONE', #7226, #5691, #4975 ) ;
#184 = CARTESIAN_POINT ( 'NONE',  ( -8.794298492471739337, 41.68321379064190069, 19.49999999999999645 ) ) ;
#185 = EDGE_CURVE ( 'NONE', #788, #3137, #8886, .T. ) ;
#186 = VECTOR ( 'NONE', #9258, 1000.000000000000000 ) ;
#187 = ORIENTED_EDGE ( 'NONE', *, *, #3828, .T. ) ;
#188 = ORIENTED_EDGE ( 'NONE', *, *, #1156, .T. ) ;
#189 = PLANE ( 'NONE',  #4168 ) ;
#190 = ORIENTED_EDGE ( 'NONE', *, *, #1710, .F. ) ;
#191 = EDGE_CURVE ( 'NONE', #6469, #9620, #5885, .T. ) ;
#192 = CARTESIAN_POINT ( 'NONE',  ( -21.99999999998770761, 26.11543744278040080, 13.49999999999998046 ) ) ;
#193 = VECTOR ( 'NONE', #2246, 1000.000000000000114 ) ;
#194 = CARTESIAN_POINT ( 'NONE',  ( 11.82842712474623070, 19.58578643762690774, 22.00000000000000355 ) ) ;
#195 = VECTOR ( 'NONE', #2470, 1000.000000000000000 ) ;
#196 = EDGE_CURVE ( 'NONE', #713, #277, #8326, .T. ) ;
#197 = CARTESIAN_POINT ( 'NONE',  ( 2.081394951905661816, 36.61179464976619613, 11.00000000000000000 ) ) ;
#198 = DIRECTION ( 'NONE',  ( -0.4226182617407046593, -0.9063077870366476052, 0.000000000000000000 ) ) ;
#199 = CARTESIAN_POINT ( 'NONE',  ( -26.55055150641394590, 24.19970979870535643, 11.13225262033827612 ) ) ;
#200 = AXIS2_PLACEMENT_3D ( 'NONE', #7598, #2830, #2019 ) ;
#201 = ORIENTED_EDGE ( 'NONE', *, *, #3179, .F. ) ;
#202 = EDGE_LOOP ( 'NONE', ( #9772, #7489, #6790, #3512, #3712, #460 ) ) ;
#203 = CYLINDRICAL_SURFACE ( 'NONE', #2827, 2.000000000000000000 ) ;
#204 = AXIS2_PLACEMENT_3D ( 'NONE', #3734, #6861, #3779 ) ;
#205 = ORIENTED_EDGE ( 'NONE', *, *, #9569, .T. ) ;
#206 = CARTESIAN_POINT ( 'NONE',  ( 0.000000000000000000, 11.55000000000000249, -17.39999999999999858 ) ) ;
#207 = CARTESIAN_POINT ( 'NONE',  ( -3.510175751672233613, -17.27196634944285236, -14.00441412235899641 ) ) ;
#208 = EDGE_CURVE ( 'NONE', #6536, #5442, #1843, .T. ) ;
#209 = VECTOR ( 'NONE', #7797, 1000.000000000000000 ) ;
#210 = CARTESIAN_POINT ( 'NONE',  ( -23.29001513803709500, 26.37677721356969585, 13.49726307907650558 ) ) ;
#211 = LINE ( 'NONE', #2468, #3325 ) ;
#212 = CARTESIAN_POINT ( 'NONE',  ( -25.50000000000000355, -14.50000000000000000, -11.99999999999995559 ) ) ;
#213 = CARTESIAN_POINT ( 'NONE',  ( -24.98441751138843969, 27.65180004703548633, -11.53296227518673511 ) ) ;
#214 = EDGE_CURVE ( 'NONE', #5237, #2599, #572, .T. ) ;
#215 = ORIENTED_EDGE ( 'NONE', *, *, #2806, .T. ) ;
#216 = ORIENTED_EDGE ( 'NONE', *, *, #8416, .F. ) ;
#217 = DIRECTION ( 'NONE',  ( 0.000000000000000000, 0.000000000000000000, 1.000000000000000000 ) ) ;
#218 = CIRCLE ( 'NONE', #5940, 0.7999999999999976019 ) ;
#219 = EDGE_LOOP ( 'NONE', ( #9345, #9060, #4560, #6175 ) ) ;
#220 = VECTOR ( 'NONE', #1847, 1000.000000000000000 ) ;
#221 = CARTESIAN_POINT ( 'NONE',  ( 6.370705539278565865, 25.62929446072153539, 16.46191653381611886 ) ) ;
#222 = FACE_OUTER_BOUND ( 'NONE', #7841, .T. ) ;
#223 = CARTESIAN_POINT ( 'NONE',  ( -22.00000000000000000, 27.52965100515482177, 14.08578643762821514 ) ) ;
#224 = DIRECTION ( 'NONE',  ( -0.9127481291739371061, 0.4085227688752218755, -0.000000000000000000 ) ) ;
#225 = CYLINDRICAL_SURFACE ( 'NONE', #9560, 2.000000000000001776 ) ;
#226 = AXIS2_PLACEMENT_3D ( 'NONE', #6222, #5460, #3252 ) ;
#227 = CARTESIAN_POINT ( 'NONE',  ( -24.22708019253994038, 29.34404018910998602, 12.26998894106172777 ) ) ;
#228 = VECTOR ( 'NONE', #4584, 1000.000000000000000 ) ;
#229 = ORIENTED_EDGE ( 'NONE', *, *, #1180, .T. ) ;
#230 = VERTEX_POINT ( 'NONE', #9915 ) ;
#231 = CARTESIAN_POINT ( 'NONE',  ( -25.50000000000000355, 26.45519230704474367, 11.31749514364651787 ) ) ;
#232 = ORIENTED_EDGE ( 'NONE', *, *, #2415, .T. ) ;
#233 = CARTESIAN_POINT ( 'NONE',  ( -2.579089518130849523, 76.16694290480211293, 20.48854578449195429 ) ) ;
#234 = CARTESIAN_POINT ( 'NONE',  ( -23.17157287525381548, 26.29507800053148259, -13.49999999999995559 ) ) ;
#235 = DIRECTION ( 'NONE',  ( 0.000000000000000000, 0.000000000000000000, -1.000000000000000000 ) ) ;
#236 = CARTESIAN_POINT ( 'NONE',  ( 5.512943947937253064, 26.02142359771598024, 13.61449526827974843 ) ) ;
#237 = EDGE_CURVE ( 'NONE', #8030, #7294, #6661, .T. ) ;
#238 = AXIS2_PLACEMENT_3D ( 'NONE', #4510, #6865, #10008 ) ;
#239 = ADVANCED_FACE ( 'NONE', ( #2162 ), #2869, .F. ) ;
#240 = DIRECTION ( 'NONE',  ( -0.6509445549041203982, 0.3905667329424709622, -0.6509445549041186219 ) ) ;
#241 = AXIS2_PLACEMENT_3D ( 'NONE', #7362, #3463, #4592 ) ;
#242 = ORIENTED_EDGE ( 'NONE', *, *, #2172, .T. ) ;
#243 = ORIENTED_EDGE ( 'NONE', *, *, #5694, .T. ) ;
#244 = CARTESIAN_POINT ( 'NONE',  ( 14.78112910096837318, 69.04422262568452595, 20.87085714442417483 ) ) ;
#245 = EDGE_LOOP ( 'NONE', ( #6336, #3416 ) ) ;
#246 = CARTESIAN_POINT ( 'NONE',  ( -21.99999999999029754, 26.95823876419517973, 13.49999999999998046 ) ) ;
#247 = ADVANCED_FACE ( 'NONE', ( #5228 ), #9036, .T. ) ;
#248 = ADVANCED_FACE ( 'NONE', ( #7580 ), #6822, .T. ) ;
#249 = AXIS2_PLACEMENT_3D ( 'NONE', #4072, #2398, #130 ) ;
#250 = CARTESIAN_POINT ( 'NONE',  ( -8.794298492471739337, 41.68321379064190069, 19.49999999999999645 ) ) ;
#251 = AXIS2_PLACEMENT_3D ( 'NONE', #5801, #1192, #9821 ) ;
#252 = DIRECTION ( 'NONE',  ( 0.000000000000000000, 0.000000000000000000, -1.000000000000000000 ) ) ;
#253 = DIRECTION ( 'NONE',  ( -0.4999999999999996114, 0.7071067811865476838, 0.5000000000000002220 ) ) ;
#254 = CARTESIAN_POINT ( 'NONE',  ( -7.499999999999998224, 26.50000000000000355, -0.000000000000000000 ) ) ;
#255 = CARTESIAN_POINT ( 'NONE',  ( -24.95980176133765838, 27.70694602428074305, 11.53745744932168904 ) ) ;
#256 = ORIENTED_EDGE ( 'NONE', *, *, #5002, .T. ) ;
#257 = VERTEX_POINT ( 'NONE', #4512 ) ;
#258 = PLANE ( 'NONE',  #1030 ) ;
#259 = AXIS2_PLACEMENT_3D ( 'NONE', #5702, #8949, #217 ) ;
#260 = AXIS2_PLACEMENT_3D ( 'NONE', #6958, #1677, #8651 ) ;
#261 = CARTESIAN_POINT ( 'NONE',  ( 7.499999999999996447, -12.50000000000000000, 13.35000000000000497 ) ) ;
#262 = CARTESIAN_POINT ( 'NONE',  ( -3.621132734041343948, -15.04250476901974309, 14.81452763274515050 ) ) ;
#263 = CARTESIAN_POINT ( 'NONE',  ( -3.499999999999996003, -13.67157287525384568, -15.49999999999995026 ) ) ;
#264 = CARTESIAN_POINT ( 'NONE',  ( 6.370705539278488594, 25.62929446072153183, -19.76191653381679814 ) ) ;
#265 = LINE ( 'NONE', #6511, #4950 ) ;
#266 = CYLINDRICAL_SURFACE ( 'NONE', #2813, 1.000000000000000888 ) ;
#267 = EDGE_LOOP ( 'NONE', ( #1353, #5711, #2485, #4134, #524, #381 ) ) ;
#268 = ORIENTED_EDGE ( 'NONE', *, *, #1029, .T. ) ;
#269 = DIRECTION ( 'NONE',  ( 0.9063077870366477162, -0.4226182617407042708, 0.000000000000000000 ) ) ;
#270 = ORIENTED_EDGE ( 'NONE', *, *, #9301, .T. ) ;
#271 = CARTESIAN_POINT ( 'NONE',  ( 25.50000000000000355, -14.50000000000000000, 17.49999999999996803 ) ) ;
#272 = DIRECTION ( 'NONE',  ( -1.092471759208905296E-15, -2.342813248084720770E-15, -1.000000000000000000 ) ) ;
#273 = FACE_OUTER_BOUND ( 'NONE', #4392, .T. ) ;
#274 = ADVANCED_FACE ( 'NONE', ( #6036 ), #9188, .T. ) ;
#275 = CARTESIAN_POINT ( 'NONE',  ( 22.54289321881353558, 8.042893218813293998, 20.99999999999999645 ) ) ;
#276 = CARTESIAN_POINT ( 'NONE',  ( 5.363413275876496300, 72.04452465629965729, -19.49999999999999645 ) ) ;
#277 = VERTEX_POINT ( 'NONE', #620 ) ;
#278 = ORIENTED_EDGE ( 'NONE', *, *, #8134, .F. ) ;
#279 = DIRECTION ( 'NONE',  ( 0.000000000000000000, 0.000000000000000000, 1.000000000000000000 ) ) ;
#280 = VERTEX_POINT ( 'NONE', #5126 ) ;
#281 = EDGE_CURVE ( 'NONE', #300, #5246, #8251, .T. ) ;
#282 = CARTESIAN_POINT ( 'NONE',  ( 7.499999999999992895, 14.50000000000000000, -16.64999999999999503 ) ) ;
#283 = LINE ( 'NONE', #8912, #1737 ) ;
#284 = CARTESIAN_POINT ( 'NONE',  ( -23.62564935113653064, -12.79222963137993574, 13.49999999999998046 ) ) ;
#285 = CARTESIAN_POINT ( 'NONE',  ( 11.59818138781209207, 4.214607183262512713, 76.26183934523054120 ) ) ;
#286 = CARTESIAN_POINT ( 'NONE',  ( -2.994904772160645656, 42.28904584305501402, 76.26183934523054120 ) ) ;
#287 = ORIENTED_EDGE ( 'NONE', *, *, #2192, .F. ) ;
#288 = ORIENTED_EDGE ( 'NONE', *, *, #6201, .F. ) ;
#289 = DIRECTION ( 'NONE',  ( 0.000000000000000000, -1.000000000000000000, 0.000000000000000000 ) ) ;
#290 = ORIENTED_EDGE ( 'NONE', *, *, #2870, .F. ) ;
#291 = DIRECTION ( 'NONE',  ( -0.000000000000000000, 1.000000000000000000, -0.000000000000000000 ) ) ;
#292 = EDGE_CURVE ( 'NONE', #9552, #7225, #4076, .T. ) ;
#293 = DIRECTION ( 'NONE',  ( 0.000000000000000000, 0.000000000000000000, -1.000000000000000000 ) ) ;
#294 = ADVANCED_FACE ( 'NONE', ( #2970 ), #10161, .T. ) ;
#295 = FACE_OUTER_BOUND ( 'NONE', #2277, .T. ) ;
#296 = DIRECTION ( 'NONE',  ( -0.000000000000000000, 0.000000000000000000, 1.000000000000000000 ) ) ;
#297 = DIRECTION ( 'NONE',  ( 0.000000000000000000, 0.000000000000000000, -1.000000000000000000 ) ) ;
#298 = CARTESIAN_POINT ( 'NONE',  ( -0.5000000000000082157, -7.550000000000000711, -8.049999999999998934 ) ) ;
#299 = VERTEX_POINT ( 'NONE', #4658 ) ;
#300 = VERTEX_POINT ( 'NONE', #3890 ) ;
#301 = CARTESIAN_POINT ( 'NONE',  ( -22.21361719324935535, 26.50000000000000355, -5.000000000000060396 ) ) ;
#302 = LINE ( 'NONE', #9703, #5104 ) ;
#303 = CARTESIAN_POINT ( 'NONE',  ( -3.633532742791116377, -16.78085943541813663, -14.15346183199678087 ) ) ;
#304 = CARTESIAN_POINT ( 'NONE',  ( -3.499999999999995115, -13.82527032858886251, -15.42315127333243296 ) ) ;
#305 = CARTESIAN_POINT ( 'NONE',  ( -23.32878545688711469, 26.45819020187131088, 13.49418725119681461 ) ) ;
#306 = FACE_OUTER_BOUND ( 'NONE', #5612, .T. ) ;
#307 = VERTEX_POINT ( 'NONE', #4553 ) ;
#308 = DIRECTION ( 'NONE',  ( 0.000000000000000000, 1.000000000000000000, 0.000000000000000000 ) ) ;
#309 = ADVANCED_FACE ( 'NONE', ( #7678 ), #5423, .T. ) ;
#310 = EDGE_LOOP ( 'NONE', ( #1011, #8649, #78, #3176, #8045 ) ) ;
#311 = ORIENTED_EDGE ( 'NONE', *, *, #7012, .T. ) ;
#312 = PLANE ( 'NONE',  #2703 ) ;
#313 = ORIENTED_EDGE ( 'NONE', *, *, #7800, .F. ) ;
#314 = DIRECTION ( 'NONE',  ( 1.000000000000000000, -0.000000000000000000, 0.000000000000000000 ) ) ;
#315 = PLANE ( 'NONE',  #5236 ) ;
#316 = CARTESIAN_POINT ( 'NONE',  ( -3.509579046995657592, -17.30253085841111016, 13.99153342308028591 ) ) ;
#317 = FACE_OUTER_BOUND ( 'NONE', #8181, .T. ) ;
#318 = FACE_BOUND ( 'NONE', #8307, .T. ) ;
#319 = EDGE_CURVE ( 'NONE', #9087, #6622, #4604, .T. ) ;
#320 = VECTOR ( 'NONE', #272, 1000.000000000000000 ) ;
#321 = DIRECTION ( 'NONE',  ( -0.9063077870366480493, 0.4226182617407038822, 0.000000000000000000 ) ) ;
#322 = ADVANCED_FACE ( 'NONE', ( #3837 ), #665, .F. ) ;
#323 = ORIENTED_EDGE ( 'NONE', *, *, #7816, .T. ) ;
#324 = EDGE_LOOP ( 'NONE', ( #6691, #9464 ) ) ;
#325 = LINE ( 'NONE', #8962, #9595 ) ;
#326 = EDGE_LOOP ( 'NONE', ( #1560, #5860, #2782 ) ) ;
#327 = CARTESIAN_POINT ( 'NONE',  ( -23.32053859214296665, 26.46120882543020159, -13.50070966769110115 ) ) ;
#328 = VECTOR ( 'NONE', #3410, 1000.000000000000000 ) ;
#329 = CARTESIAN_POINT ( 'NONE',  ( 15.49999999999999467, -14.50000000000000000, 10.12500000000000000 ) ) ;
#330 = CARTESIAN_POINT ( 'NONE',  ( -3.499999999999996003, 0.000000000000000000, 20.00000000000001066 ) ) ;
#331 = FACE_OUTER_BOUND ( 'NONE', #9300, .T. ) ;
#332 = AXIS2_PLACEMENT_3D ( 'NONE', #9052, #4321, #4477 ) ;
#333 = DIRECTION ( 'NONE',  ( -0.000000000000000000, 0.000000000000000000, 1.000000000000000000 ) ) ;
#334 = VERTEX_POINT ( 'NONE', #2309 ) ;
#335 = VERTEX_POINT ( 'NONE', #3072 ) ;
#336 = CARTESIAN_POINT ( 'NONE',  ( 20.68635963477277073, 43.38344800398079570, 0.000000000000000000 ) ) ;
#337 = ORIENTED_EDGE ( 'NONE', *, *, #3680, .F. ) ;
#338 = ADVANCED_FACE ( 'NONE', ( #1438, #1596, #3118 ), #3785, .F. ) ;
#339 = CARTESIAN_POINT ( 'NONE',  ( -23.41421356237308160, 28.94386456752659598, 14.08578643762689531 ) ) ;
#340 = CIRCLE ( 'NONE', #5908, 0.7999999999999906075 ) ;
#341 = CARTESIAN_POINT ( 'NONE',  ( 0.000000000000000000, 38.49999999999995737, -16.99999999999999645 ) ) ;
#342 = B_SPLINE_CURVE_WITH_KNOTS ( 'NONE', 3,
 ( #7229, #5695, #210, #355 ),
 .UNSPECIFIED., .F., .F.,
 ( 4, 4 ),
 ( 0.000000000000000000, 0.0002141524689622193508 ),
 .UNSPECIFIED. ) ;
#343 = CARTESIAN_POINT ( 'NONE',  ( 2.974990179834841708, 34.28244229206335802, 17.20570084204868877 ) ) ;
#344 = DIRECTION ( 'NONE',  ( -1.000000000000000000, -0.000000000000000000, -0.000000000000000000 ) ) ;
#345 = VECTOR ( 'NONE', #5144, 1000.000000000000000 ) ;
#346 = DIRECTION ( 'NONE',  ( 0.4226182617407037156, 0.9063077870366479383, 0.000000000000000000 ) ) ;
#347 = CARTESIAN_POINT ( 'NONE',  ( -23.73212832888840040, 25.67510004036906679, 13.41249130424004576 ) ) ;
#348 = EDGE_LOOP ( 'NONE', ( #7976, #526, #6159, #9111 ) ) ;
#349 = ORIENTED_EDGE ( 'NONE', *, *, #10136, .F. ) ;
#350 = CARTESIAN_POINT ( 'NONE',  ( -23.44812567905334078, 28.90996220104405268, -14.05187432094662725 ) ) ;
#351 = VECTOR ( 'NONE', #6710, 1000.000000000000000 ) ;
#352 = CARTESIAN_POINT ( 'NONE',  ( 8.838406556587518281, 67.66566388009930222, 10.99999999999999645 ) ) ;
#353 = VECTOR ( 'NONE', #9806, 1000.000000000000000 ) ;
#354 = CARTESIAN_POINT ( 'NONE',  ( -3.703403224758380130, -16.61927367580533499, -14.18685501647397906 ) ) ;
#355 = CARTESIAN_POINT ( 'NONE',  ( -23.34537805927616816, 26.42164995587921084, 13.49243362700163118 ) ) ;
#356 = CARTESIAN_POINT ( 'NONE',  ( -3.624834654118429533, -15.11010050617188760, 14.78073618454093996 ) ) ;
#357 = EDGE_CURVE ( 'NONE', #1625, #2688, #9292, .T. ) ;
#358 = DIRECTION ( 'NONE',  ( 0.000000000000000000, 1.000000000000000000, 0.000000000000000000 ) ) ;
#359 = EDGE_LOOP ( 'NONE', ( #9161, #6041, #3423, #1243, #9224, #3603, #1940, #9511 ) ) ;
#360 = FACE_OUTER_BOUND ( 'NONE', #6055, .T. ) ;
#361 = EDGE_CURVE ( 'NONE', #6027, #988, #9338, .T. ) ;
#362 = ORIENTED_EDGE ( 'NONE', *, *, #4908, .T. ) ;
#363 = EDGE_LOOP ( 'NONE', ( #1672, #4822, #5282, #7752, #8400 ) ) ;
#364 = B_SPLINE_CURVE_WITH_KNOTS ( 'NONE', 3,
 ( #2818, #9812, #4248, #3481, #9763, #2873, #2762, #5996, #4462, #5890, #9141 ),
 .UNSPECIFIED., .F., .F.,
 ( 4, 1, 1, 1, 2, 2, 4 ),
 ( 0.000000000000000000, 0.2499999999999959477, 0.3749999999999888423, 0.4374999999999811817, 0.4687499999999765188, 0.4999999999999718558, 1.000000000000000000 ),
 .UNSPECIFIED. ) ;
#365 = CARTESIAN_POINT ( 'NONE',  ( -3.499999999999996003, -18.54989030964878083, -13.45010969035119253 ) ) ;
#366 = ORIENTED_EDGE ( 'NONE', *, *, #6767, .T. ) ;
#367 = CARTESIAN_POINT ( 'NONE',  ( 16.25559468188749435, 62.27606089715393978, 1.867586368697484055E-15 ) ) ;
#368 = EDGE_CURVE ( 'NONE', #958, #9357, #1539, .T. ) ;
#369 = CIRCLE ( 'NONE', #870, 3.000000000000002220 ) ;
#370 = DIRECTION ( 'NONE',  ( 0.9063077870366474942, -0.4226182617407049369, 0.000000000000000000 ) ) ;
#371 = AXIS2_PLACEMENT_3D ( 'NONE', #4732, #4788, #1514 ) ;
#372 = ADVANCED_FACE ( 'NONE', ( #5477 ), #8613, .T. ) ;
#373 = CARTESIAN_POINT ( 'NONE',  ( 1.127135888733218128, 36.71294190905138066, 20.57803033310949559 ) ) ;
#374 = CARTESIAN_POINT ( 'NONE',  ( 0.000000000000000000, -9.171572875253760415, -20.00000000000000000 ) ) ;
#375 = EDGE_CURVE ( 'NONE', #9808, #4381, #8487, .T. ) ;
#376 = CARTESIAN_POINT ( 'NONE',  ( 6.328427124746180965, -13.34999999999996234, -18.64999999999999147 ) ) ;
#377 = DIRECTION ( 'NONE',  ( 6.667740490394042894E-34, 1.429901562581164355E-33, -1.000000000000000000 ) ) ;
#378 = VECTOR ( 'NONE', #9185, 1000.000000000000000 ) ;
#379 = AXIS2_PLACEMENT_3D ( 'NONE', #2671, #519, #574 ) ;
#380 = ORIENTED_EDGE ( 'NONE', *, *, #4426, .T. ) ;
#381 = ORIENTED_EDGE ( 'NONE', *, *, #8389, .T. ) ;
#382 = CARTESIAN_POINT ( 'NONE',  ( -3.499999999999996003, 26.11543744278039370, -15.49999999999995559 ) ) ;
#383 = ORIENTED_EDGE ( 'NONE', *, *, #4256, .F. ) ;
#384 = CARTESIAN_POINT ( 'NONE',  ( -23.21918220464289817, 26.61102441390798390, -13.53855764263577299 ) ) ;
#385 = ADVANCED_FACE ( 'NONE', ( #446 ), #9993, .T. ) ;
#386 = CARTESIAN_POINT ( 'NONE',  ( -7.499999999999998224, 24.55000000000000071, 5.000000000000000000 ) ) ;
#387 = CARTESIAN_POINT ( 'NONE',  ( -1.500000000000008216, -9.171572875253760415, -20.00000000000000000 ) ) ;
#388 = DIRECTION ( 'NONE',  ( 0.000000000000000000, 0.7071067811865469066, 0.7071067811865482389 ) ) ;
#389 = VECTOR ( 'NONE', #2863, 1000.000000000000000 ) ;
#390 = CARTESIAN_POINT ( 'NONE',  ( 5.499999999999996447, 26.08040538867670932, 13.35000000000000497 ) ) ;
#391 = DIRECTION ( 'NONE',  ( 0.4226182617407037156, 0.9063077870366479383, -3.925231146709402788E-17 ) ) ;
#392 = ORIENTED_EDGE ( 'NONE', *, *, #7538, .T. ) ;
#393 = ORIENTED_EDGE ( 'NONE', *, *, #7145, .F. ) ;
#394 = CARTESIAN_POINT ( 'NONE',  ( 0.9821122078859945148, 76.84600369442614465, 19.99999999999998934 ) ) ;
#395 = ORIENTED_EDGE ( 'NONE', *, *, #4000, .T. ) ;
#396 = VERTEX_POINT ( 'NONE', #9838 ) ;
#397 = AXIS2_PLACEMENT_3D ( 'NONE', #4995, #7393, #8124 ) ;
#398 = DIRECTION ( 'NONE',  ( 0.000000000000000000, 0.000000000000000000, -1.000000000000000000 ) ) ;
#399 = PLANE ( 'NONE',  #1976 ) ;
#400 = CARTESIAN_POINT ( 'NONE',  ( -22.71629261286150125, 27.39001814001278490, -13.88499447053082747 ) ) ;
#401 = AXIS2_PLACEMENT_3D ( 'NONE', #5326, #9444, #8660 ) ;
#402 = AXIS2_PLACEMENT_3D ( 'NONE', #3604, #8171, #9008 ) ;
#403 = ADVANCED_FACE ( 'NONE', ( #9951, #650 ), #493, .T. ) ;
#404 = CARTESIAN_POINT ( 'NONE',  ( 16.63289919956699592, 63.95652609376350739, -17.04243001967800097 ) ) ;
#405 = CARTESIAN_POINT ( 'NONE',  ( -23.17782617028998260, 26.68776320177928341, 13.55298940026393240 ) ) ;
#406 = ORIENTED_EDGE ( 'NONE', *, *, #6756, .F. ) ;
#407 = ORIENTED_EDGE ( 'NONE', *, *, #142, .T. ) ;
#408 = CARTESIAN_POINT ( 'NONE',  ( -23.81579749656515688, 28.52699465135955137, -13.68420250343480404 ) ) ;
#409 = VECTOR ( 'NONE', #5861, 1000.000000000000114 ) ;
#410 = CARTESIAN_POINT ( 'NONE',  ( 7.570551771473125413, 64.94674051891543343, 14.00000000000000000 ) ) ;
#411 = VECTOR ( 'NONE', #7386, 1000.000000000000114 ) ;
#412 = EDGE_CURVE ( 'NONE', #6442, #2278, #8440, .T. ) ;
#413 = CARTESIAN_POINT ( 'NONE',  ( -2.500000000000003109, 24.55000000000000071, 8.630465054610992868E-16 ) ) ;
#414 = FACE_OUTER_BOUND ( 'NONE', #3103, .T. ) ;
#415 = VECTOR ( 'NONE', #3116, 1000.000000000000000 ) ;
#416 = VECTOR ( 'NONE', #10106, 1000.000000000000000 ) ;
#417 = CYLINDRICAL_SURFACE ( 'NONE', #10039, 1.000000000000000888 ) ;
#418 = ORIENTED_EDGE ( 'NONE', *, *, #4251, .T. ) ;
#419 = CARTESIAN_POINT ( 'NONE',  ( -23.34639952928178985, 26.42247835874515971, -13.49234425766261758 ) ) ;
#420 = ORIENTED_EDGE ( 'NONE', *, *, #9166, .T. ) ;
#421 = ORIENTED_EDGE ( 'NONE', *, *, #4777, .T. ) ;
#422 = DIRECTION ( 'NONE',  ( 0.000000000000000000, 0.000000000000000000, 1.000000000000000000 ) ) ;
#423 = EDGE_LOOP ( 'NONE', ( #5882, #6515, #9644, #7798 ) ) ;
#424 = LINE ( 'NONE', #4370, #7445 ) ;
#425 = AXIS2_PLACEMENT_3D ( 'NONE', #4864, #7316, #8767 ) ;
#426 = EDGE_CURVE ( 'NONE', #2027, #7605, #1167, .T. ) ;
#427 = AXIS2_PLACEMENT_3D ( 'NONE', #7712, #10048, #2855 ) ;
#428 = DIRECTION ( 'NONE',  ( -1.020425574104004122E-16, 0.000000000000000000, -1.000000000000000000 ) ) ;
#429 = CARTESIAN_POINT ( 'NONE',  ( -3.499999999999996003, 28.11543744278039370, -13.49999999999995559 ) ) ;
#430 = CARTESIAN_POINT ( 'NONE',  ( -22.14941392401659215, 27.49585399678658604, -14.05187550846419775 ) ) ;
#431 = EDGE_CURVE ( 'NONE', #3537, #1628, #8381, .T. ) ;
#432 = VECTOR ( 'NONE', #6187, 1000.000000000000000 ) ;
#433 = FACE_OUTER_BOUND ( 'NONE', #2356, .T. ) ;
#434 = DIRECTION ( 'NONE',  ( 0.000000000000000000, 1.000000000000000000, 0.000000000000000000 ) ) ;
#435 = VERTEX_POINT ( 'NONE', #5158 ) ;
#436 = ORIENTED_EDGE ( 'NONE', *, *, #5697, .F. ) ;
#437 = DIRECTION ( 'NONE',  ( -0.7071067811865462405, 0.000000000000000000, 0.7071067811865489050 ) ) ;
#438 = ORIENTED_EDGE ( 'NONE', *, *, #6095, .T. ) ;
#439 = CARTESIAN_POINT ( 'NONE',  ( -25.14483978489347749, 27.29352204232833756, -11.49218091282337184 ) ) ;
#440 = B_SPLINE_CURVE_WITH_KNOTS ( 'NONE', 1,
 ( #3412, #9014 ),
 .UNSPECIFIED., .F., .F.,
 ( 2, 2 ),
 ( 0.000000000000000000, 1.000000000000000000 ),
 .UNSPECIFIED. ) ;
#441 = LINE ( 'NONE', #6845, #2713 ) ;
#442 = DIRECTION ( 'NONE',  ( -0.9063077870366480493, 0.4226182617407038822, 0.000000000000000000 ) ) ;
#443 = PLANE ( 'NONE',  #3930 ) ;
#444 = B_SPLINE_CURVE_WITH_KNOTS ( 'NONE', 3,
 ( #8130, #9583, #4853, #9789, #3360, #4226 ),
 .UNSPECIFIED., .F., .F.,
 ( 4, 2, 4 ),
 ( 0.000000000000000000, 0.5000000000000000000, 1.000000000000000000 ),
 .UNSPECIFIED. ) ;
#445 = DIRECTION ( 'NONE',  ( 0.9063077870366479383, -0.4226182617407037712, 0.000000000000000000 ) ) ;
#446 = FACE_OUTER_BOUND ( 'NONE', #554, .T. ) ;
#447 = CARTESIAN_POINT ( 'NONE',  ( -31.34594953089949598, 14.61685631839870503, 19.99999999999999289 ) ) ;
#448 = EDGE_CURVE ( 'NONE', #7809, #1244, #9726, .T. ) ;
#449 = VERTEX_POINT ( 'NONE', #6802 ) ;
#450 = VERTEX_POINT ( 'NONE', #2950 ) ;
#451 = CARTESIAN_POINT ( 'NONE',  ( 10.76117789682391468, 36.70201258760097573, 0.000000000000000000 ) ) ;
#452 = ORIENTED_EDGE ( 'NONE', *, *, #4996, .T. ) ;
#453 = ORIENTED_EDGE ( 'NONE', *, *, #1133, .T. ) ;
#454 = CARTESIAN_POINT ( 'NONE',  ( -3.499999999999996003, 28.11543744278040435, 20.00000000000001066 ) ) ;
#455 = CARTESIAN_POINT ( 'NONE',  ( 7.499999999999996447, -12.50000000000000000, 13.35000000000000497 ) ) ;
#456 = LINE ( 'NONE', #5016, #9026 ) ;
#457 = CARTESIAN_POINT ( 'NONE',  ( -2.280949176003797430, -17.48829634125916854, -14.51170365874080481 ) ) ;
#458 = CARTESIAN_POINT ( 'NONE',  ( -23.17157287525380838, -13.06467551690956519, 11.49999999999997868 ) ) ;
#459 = CARTESIAN_POINT ( 'NONE',  ( -24.07802013195996338, 24.97562165289346581, 13.35493097699136911 ) ) ;
#460 = ORIENTED_EDGE ( 'NONE', *, *, #7016, .T. ) ;
#461 = EDGE_LOOP ( 'NONE', ( #758, #6681 ) ) ;
#462 = CARTESIAN_POINT ( 'NONE',  ( 3.499999999999993339, 26.50000000000000355, -0.000000000000000000 ) ) ;
#463 = EDGE_CURVE ( 'NONE', #1533, #1850, #3359, .T. ) ;
#464 = DIRECTION ( 'NONE',  ( 3.452186021844392907E-16, 0.000000000000000000, 1.000000000000000000 ) ) ;
#465 = CARTESIAN_POINT ( 'NONE',  ( -1.550688799605649759, -15.81878240375614730, 16.18121759624380118 ) ) ;
#466 = CARTESIAN_POINT ( 'NONE',  ( -25.00291964817197510, 27.61021663155109351, 11.52719438189467915 ) ) ;
#467 = EDGE_CURVE ( 'NONE', #3032, #5979, #8209, .T. ) ;
#468 = EDGE_LOOP ( 'NONE', ( #8324, #5599, #2013, #1917 ) ) ;
#469 = DIRECTION ( 'NONE',  ( 0.7071067811865437980, -0.7071067811865513475, 0.000000000000000000 ) ) ;
#470 = ORIENTED_EDGE ( 'NONE', *, *, #9112, .F. ) ;
#471 = ORIENTED_EDGE ( 'NONE', *, *, #6701, .T. ) ;
#472 = DIRECTION ( 'NONE',  ( 3.452186021844392907E-16, 0.000000000000000000, 1.000000000000000000 ) ) ;
#473 = EDGE_LOOP ( 'NONE', ( #5234, #5273, #8709, #9690, #716 ) ) ;
#474 = CARTESIAN_POINT ( 'NONE',  ( 3.499999999999993339, 0.000000000000000000, -5.050000000000009592 ) ) ;
#475 = FACE_OUTER_BOUND ( 'NONE', #3436, .T. ) ;
#476 = PLANE ( 'NONE',  #1183 ) ;
#477 = CARTESIAN_POINT ( 'NONE',  ( -2.210092026345539473, -17.38763544745562939, 14.61236455254433153 ) ) ;
#478 = CARTESIAN_POINT ( 'NONE',  ( 0.3032811463856048828, 37.97396860404157337, -22.00000000000092726 ) ) ;
#479 = CARTESIAN_POINT ( 'NONE',  ( -20.51050114241711242, -15.49999999999997513, -13.49999999999995204 ) ) ;
#480 = EDGE_CURVE ( 'NONE', #9357, #7713, #2904, .T. ) ;
#481 = ORIENTED_EDGE ( 'NONE', *, *, #8297, .F. ) ;
#482 = EDGE_LOOP ( 'NONE', ( #4496, #4542, #6926, #1091 ) ) ;
#483 = LINE ( 'NONE', #9984, #2868 ) ;
#484 = ORIENTED_EDGE ( 'NONE', *, *, #823, .T. ) ;
#485 = ADVANCED_FACE ( 'NONE', ( #7615 ), #4493, .F. ) ;
#486 = CARTESIAN_POINT ( 'NONE',  ( -26.53658511086911886, 24.18399415464565294, -11.15160549854425120 ) ) ;
#487 =( BOUNDED_CURVE ( )  B_SPLINE_CURVE ( 3, ( #3474, #2866, #3527, #2057 ),
 .UNSPECIFIED., .F., .T. ) 
 B_SPLINE_CURVE_WITH_KNOTS ( ( 4, 4 ),
 ( 5.139467566777175200, 5.497787143782138841 ),
 .UNSPECIFIED. ) 
 CURVE ( )  GEOMETRIC_REPRESENTATION_ITEM ( )  RATIONAL_B_SPLINE_CURVE ( ( 1.000000000000000000, 0.9893291788010445398, 0.9893291788010445398, 1.000000000000000000 ) ) 
 REPRESENTATION_ITEM ( '' )  );
#488 = CARTESIAN_POINT ( 'NONE',  ( -24.34020729443831144, 24.86574144572149692, 13.13194187816558589 ) ) ;
#489 = AXIS2_PLACEMENT_3D ( 'NONE', #8361, #1346, #370 ) ;
#490 = DIRECTION ( 'NONE',  ( -0.000000000000000000, -0.000000000000000000, -1.000000000000000000 ) ) ;
#491 = DIRECTION ( 'NONE',  ( 0.000000000000000000, 0.000000000000000000, -1.000000000000000000 ) ) ;
#492 = CARTESIAN_POINT ( 'NONE',  ( -3.861272208687695606, 40.43111487965633444, -13.99999999999999822 ) ) ;
#493 = PLANE ( 'NONE',  #9702 ) ;
#494 = EDGE_CURVE ( 'NONE', #7605, #7553, #2191, .T. ) ;
#495 = DIRECTION ( 'NONE',  ( 0.000000000000000000, 1.000000000000000000, 0.000000000000000000 ) ) ;
#496 = VERTEX_POINT ( 'NONE', #5308 ) ;
#497 = ORIENTED_EDGE ( 'NONE', *, *, #1285, .F. ) ;
#498 = VECTOR ( 'NONE', #8591, 1000.000000000000000 ) ;
#499 = DIRECTION ( 'NONE',  ( 1.000000000000000000, 0.000000000000000000, -1.734723475976807094E-16 ) ) ;
#500 = CIRCLE ( 'NONE', #6215, 1.999999999999996225 ) ;
#501 = VERTEX_POINT ( 'NONE', #4388 ) ;
#502 = ORIENTED_EDGE ( 'NONE', *, *, #9884, .T. ) ;
#503 = DIRECTION ( 'NONE',  ( 3.419721065541724181E-16, 6.961149941638190496E-16, 1.000000000000000000 ) ) ;
#504 = LINE ( 'NONE', #7472, #9448 ) ;
#505 = DIRECTION ( 'NONE',  ( 0.000000000000000000, 0.000000000000000000, 1.000000000000000000 ) ) ;
#506 = CARTESIAN_POINT ( 'NONE',  ( -4.007823994446072291, -16.36006410977205405, -14.15575438274084341 ) ) ;
#507 = AXIS2_PLACEMENT_3D ( 'NONE', #5241, #8270, #3752 ) ;
#508 = EDGE_CURVE ( 'NONE', #4820, #3565, #918, .T. ) ;
#509 = CARTESIAN_POINT ( 'NONE',  ( -23.17157287525380838, -13.06467551690956697, 11.49999999999998046 ) ) ;
#510 = DIRECTION ( 'NONE',  ( 1.000000000000000000, 0.000000000000000000, -0.000000000000000000 ) ) ;
#511 = ORIENTED_EDGE ( 'NONE', *, *, #7328, .T. ) ;
#512 = EDGE_CURVE ( 'NONE', #4106, #7465, #6949, .T. ) ;
#513 = DIRECTION ( 'NONE',  ( 1.000000000000000000, -0.000000000000000000, -0.000000000000000000 ) ) ;
#514 = VECTOR ( 'NONE', #2508, 1000.000000000000000 ) ;
#515 = CARTESIAN_POINT ( 'NONE',  ( 2.989911769631497407, 32.21886973618973116, 17.24661728351258105 ) ) ;
#516 = ADVANCED_FACE ( 'NONE', ( #8644 ), #1622, .F. ) ;
#517 = AXIS2_PLACEMENT_3D ( 'NONE', #6788, #6156, #735 ) ;
#518 = CARTESIAN_POINT ( 'NONE',  ( -26.87487794919505646, -10.84269247254482771, -11.49999999999995026 ) ) ;
#519 = DIRECTION ( 'NONE',  ( -0.9063077870366480493, 0.4226182617407038822, 0.000000000000000000 ) ) ;
#520 = DIRECTION ( 'NONE',  ( -0.000000000000000000, 1.000000000000000000, -0.000000000000000000 ) ) ;
#521 = ORIENTED_EDGE ( 'NONE', *, *, #8401, .F. ) ;
#522 = ADVANCED_FACE ( 'NONE', ( #2339 ), #266, .F. ) ;
#523 = CARTESIAN_POINT ( 'NONE',  ( -23.06570828198680090, 26.80076744472203742, -13.50463759674559938 ) ) ;
#524 = ORIENTED_EDGE ( 'NONE', *, *, #5157, .F. ) ;
#525 = AXIS2_PLACEMENT_3D ( 'NONE', #4763, #3228, #1794 ) ;
#526 = ORIENTED_EDGE ( 'NONE', *, *, #9023, .F. ) ;
#527 = CARTESIAN_POINT ( 'NONE',  ( -20.58578643762689708, 30.11543744278039014, 16.91421356237306739 ) ) ;
#528 = EDGE_CURVE ( 'NONE', #865, #7799, #7100, .T. ) ;
#529 = VERTEX_POINT ( 'NONE', #9661 ) ;
#530 = LINE ( 'NONE', #675, #7779 ) ;
#531 = VECTOR ( 'NONE', #2628, 999.9999999999998863 ) ;
#532 = CARTESIAN_POINT ( 'NONE',  ( -18.65764051238642196, 8.700200654028847680, 10.99999999999999645 ) ) ;
#533 = LINE ( 'NONE', #8211, #3797 ) ;
#534 = DIRECTION ( 'NONE',  ( 1.000000000000000000, -0.000000000000000000, 0.000000000000000000 ) ) ;
#535 = DIRECTION ( 'NONE',  ( 0.7071067811865489050, -0.000000000000000000, 0.7071067811865462405 ) ) ;
#536 = CARTESIAN_POINT ( 'NONE',  ( -8.794298492471739337, 41.68321379064190069, -19.49999999999999645 ) ) ;
#537 = EDGE_CURVE ( 'NONE', #6951, #7943, #4928, .T. ) ;
#538 = ORIENTED_EDGE ( 'NONE', *, *, #4540, .F. ) ;
#539 = ORIENTED_EDGE ( 'NONE', *, *, #1145, .T. ) ;
#540 = DIRECTION ( 'NONE',  ( 0.000000000000000000, 0.000000000000000000, 1.000000000000000000 ) ) ;
#541 = CIRCLE ( 'NONE', #7734, 2.000000000000000000 ) ;
#542 = VERTEX_POINT ( 'NONE', #3055 ) ;
#543 = AXIS2_PLACEMENT_3D ( 'NONE', #5675, #8916, #7405 ) ;
#544 = CARTESIAN_POINT ( 'NONE',  ( -23.17157287525381548, 28.11543744278039725, -11.49999999999995381 ) ) ;
#545 = CARTESIAN_POINT ( 'NONE',  ( 5.659905820678811317, 25.35176123389621594, -17.43361560170041002 ) ) ;
#546 = DIRECTION ( 'NONE',  ( 0.000000000000000000, 0.000000000000000000, 1.000000000000000000 ) ) ;
#547 = CARTESIAN_POINT ( 'NONE',  ( 8.328427124746188071, 22.54999999999999716, -7.050000000000005151 ) ) ;
#548 = CLOSED_SHELL ( 'NONE', ( #4086, #8753, #3532, #8908, #1681, #5069, #9687, #6479, #2495, #8318, #5546, #10151, #2756, #322, #8185, #5601, #5374, #3365, #9003, #6065, #2148 ) ) ;
#549 = CARTESIAN_POINT ( 'NONE',  ( 13.91470628061287229, 61.98841268678496164, -14.00000000000000178 ) ) ;
#550 = CARTESIAN_POINT ( 'NONE',  ( -22.00000000000000355, 27.52965100515350372, 14.08578643762688642 ) ) ;
#551 = AXIS2_PLACEMENT_3D ( 'NONE', #8225, #2134, #9217 ) ;
#552 = CARTESIAN_POINT ( 'NONE',  ( -17.05449712459926204, 45.12138939618032651, -20.49866048366901694 ) ) ;
#553 = DIRECTION ( 'NONE',  ( 0.4226182617407036046, 0.9063077870366480493, 0.000000000000000000 ) ) ;
#554 = EDGE_LOOP ( 'NONE', ( #8735, #9021, #1787, #9842 ) ) ;
#555 = ORIENTED_EDGE ( 'NONE', *, *, #4843, .T. ) ;
#556 =( BOUNDED_CURVE ( )  B_SPLINE_CURVE ( 3, ( #7559, #5102, #7661, #6800 ),
 .UNSPECIFIED., .F., .T. ) 
 B_SPLINE_CURVE_WITH_KNOTS ( ( 4, 4 ),
 ( 0.000000000000000000, 1.570796326794896558 ),
 .UNSPECIFIED. ) 
 CURVE ( )  GEOMETRIC_REPRESENTATION_ITEM ( )  RATIONAL_B_SPLINE_CURVE ( ( 1.000000000000000000, 0.8047378541243649375, 0.8047378541243649375, 1.000000000000000000 ) ) 
 REPRESENTATION_ITEM ( '' )  );
#557 = FACE_BOUND ( 'NONE', #8791, .T. ) ;
#558 = ORIENTED_EDGE ( 'NONE', *, *, #7854, .F. ) ;
#559 = VERTEX_POINT ( 'NONE', #1518 ) ;
#560 = LINE ( 'NONE', #5364, #1064 ) ;
#561 = VECTOR ( 'NONE', #928, 1000.000000000000000 ) ;
#562 = DIRECTION ( 'NONE',  ( 0.000000000000000000, -1.000000000000000000, 0.000000000000000000 ) ) ;
#563 = EDGE_CURVE ( 'NONE', #106, #1484, #9873, .T. ) ;
#564 = FACE_OUTER_BOUND ( 'NONE', #3615, .T. ) ;
#565 = CARTESIAN_POINT ( 'NONE',  ( -20.70904828595892866, 27.96180025341992348, -14.73126227900169916 ) ) ;
#566 = EDGE_CURVE ( 'NONE', #6069, #4097, #2331, .T. ) ;
#567 = CARTESIAN_POINT ( 'NONE',  ( -3.499999999999996003, 0.000000000000000000, 0.000000000000000000 ) ) ;
#568 = VECTOR ( 'NONE', #4294, 1000.000000000000000 ) ;
#569 = VERTEX_POINT ( 'NONE', #7764 ) ;
#570 = CARTESIAN_POINT ( 'NONE',  ( 25.50000000000000355, 14.50000000000000000, 22.00000000000000000 ) ) ;
#571 = EDGE_CURVE ( 'NONE', #8004, #7294, #4160, .T. ) ;
#572 = LINE ( 'NONE', #8194, #4458 ) ;
#573 = CARTESIAN_POINT ( 'NONE',  ( -3.759649808430585605, -15.64259481444075028, -14.51448622576932124 ) ) ;
#574 = DIRECTION ( 'NONE',  ( -0.4226182617407049369, -0.9063077870366473832, 0.000000000000000000 ) ) ;
#575 = LINE ( 'NONE', #9864, #26 ) ;
#576 = EDGE_LOOP ( 'NONE', ( #5883, #4610, #10007, #8368 ) ) ;
#577 = LINE ( 'NONE', #2674, #2663 ) ;
#578 = VECTOR ( 'NONE', #8597, 1000.000000000000000 ) ;
#579 = AXIS2_PLACEMENT_3D ( 'NONE', #9229, #6858, #2252 ) ;
#580 = ORIENTED_EDGE ( 'NONE', *, *, #9346, .T. ) ;
#581 = CARTESIAN_POINT ( 'NONE',  ( -3.499999999999996003, 28.11543744278039370, -15.49999999999995559 ) ) ;
#582 = ORIENTED_EDGE ( 'NONE', *, *, #4684, .T. ) ;
#583 = CARTESIAN_POINT ( 'NONE',  ( -20.65463335531642031, 27.97291549980825920, 14.75846704000748311 ) ) ;
#584 = DIRECTION ( 'NONE',  ( 0.4226182617407037156, 0.9063077870366479383, 0.000000000000000000 ) ) ;
#586 = DIRECTION ( 'NONE',  ( 0.9063077870366480493, -0.4226182617407037712, 0.000000000000000000 ) ) ;
#585 = CIRCLE ( 'NONE', #259, 1.000000000000000888 ) ;
#587 = CARTESIAN_POINT ( 'NONE',  ( 8.369782612009636580, 13.50000000000000000, -5.000000000000000000 ) ) ;
#588 = VECTOR ( 'NONE', #8360, 1000.000000000000000 ) ;
#589 = DIRECTION ( 'NONE',  ( 0.7071067811865465735, 0.000000000000000000, 0.7071067811865484609 ) ) ;
#590 = DIRECTION ( 'NONE',  ( 0.000000000000000000, -1.000000000000000000, 5.240644648776856027E-16 ) ) ;
#591 = VERTEX_POINT ( 'NONE', #3870 ) ;
#592 = ORIENTED_EDGE ( 'NONE', *, *, #4660, .T. ) ;
#593 = CARTESIAN_POINT ( 'NONE',  ( 25.37758335516004138, 34.98401755329032881, 5.629872409928619703 ) ) ;
#594 = CIRCLE ( 'NONE', #3364, 0.7999999999999976019 ) ;
#595 = EDGE_LOOP ( 'NONE', ( #2514, #3433, #1004, #2475, #2746, #8869, #8584, #5092, #1550, #7486 ) ) ;
#596 = CIRCLE ( 'NONE', #8119, 2.000000000000000000 ) ;
#597 = DIRECTION ( 'NONE',  ( 3.452186021844392907E-16, 0.000000000000000000, 1.000000000000000000 ) ) ;
#598 = CARTESIAN_POINT ( 'NONE',  ( -31.34594953089949598, 14.61685631839870503, 19.99999999999999289 ) ) ;
#599 = LINE ( 'NONE', #9011, #6928 ) ;
#600 = DIRECTION ( 'NONE',  ( 0.000000000000000000, -1.000000000000000000, -1.429901562581164697E-33 ) ) ;
#601 = CYLINDRICAL_SURFACE ( 'NONE', #5768, 5.000000000000000000 ) ;
#602 = DIRECTION ( 'NONE',  ( -0.9063077870366480493, 0.4226182617407038822, 0.000000000000000000 ) ) ;
#603 = CARTESIAN_POINT ( 'NONE',  ( 0.000000000000000000, -14.50000000000000000, -22.00000000000000000 ) ) ;
#604 = CARTESIAN_POINT ( 'NONE',  ( -11.03177323901831386, 5.144200344383676793, -17.58578643762692195 ) ) ;
#605 = EDGE_CURVE ( 'NONE', #1021, #2501, #4735, .T. ) ;
#606 = ORIENTED_EDGE ( 'NONE', *, *, #9382, .F. ) ;
#607 = VERTEX_POINT ( 'NONE', #800 ) ;
#608 = CARTESIAN_POINT ( 'NONE',  ( 8.838406556587523610, 67.66566388009930222, -11.00000000000001066 ) ) ;
#609 = VERTEX_POINT ( 'NONE', #7862 ) ;
#610 = ORIENTED_EDGE ( 'NONE', *, *, #7075, .T. ) ;
#611 = FACE_OUTER_BOUND ( 'NONE', #2799, .T. ) ;
#612 = CARTESIAN_POINT ( 'NONE',  ( -25.50000000000000355, 24.55000000000000071, -0.000000000000000000 ) ) ;
#613 = CARTESIAN_POINT ( 'NONE',  ( 0.000000000000000000, 30.11543744278038304, -22.00000000000000000 ) ) ;
#614 = CARTESIAN_POINT ( 'NONE',  ( -20.01370152844597072, 28.07064660137787726, -15.07893264025560498 ) ) ;
#615 =( BOUNDED_SURFACE ( )  B_SPLINE_SURFACE ( 3, 2, ( 
 ( #1297, #4373, #9932 ),
 ( #9875, #2886, #2682 ),
 ( #9104, #5192, #4421 ),
 ( #6008, #5805, #9151 ),
 ( #2122, #8955, #1141 ),
 ( #4265, #7389, #373 ),
 ( #5854, #6627, #2727 ),
 ( #3492, #8999, #1553 ) ),
 .UNSPECIFIED., .F., .F., .T. ) 
 B_SPLINE_SURFACE_WITH_KNOTS ( ( 4, 2, 2, 4 ),
 ( 3, 3 ),
 ( 3.627167215326156935, 3.898472656590790120, 4.169778097855423304, 4.712388980384689674 ),
 ( 0.000000000000000000, 1.000000000000000000 ),
 .UNSPECIFIED. ) 
 GEOMETRIC_REPRESENTATION_ITEM ( )  RATIONAL_B_SPLINE_SURFACE ( (
 ( 1.000000000000000000, 0.9238795325112870716, 1.000000000000000000),
 ( 1.000000000000000000, 0.9147500569821265248, 1.000000000000000000),
 ( 1.000000000000000000, 0.9031278811091006942, 1.000000000000000000),
 ( 1.000000000000000000, 0.8752091521814767683, 1.000000000000000000),
 ( 1.000000000000000000, 0.8589098955174652161, 1.000000000000000000),
 ( 1.000000000000000000, 0.8036569070929611147, 1.000000000000000000),
 ( 1.000000000000000000, 0.7582905894686302606, 1.000000000000000000),
 ( 1.000000000000000000, 0.7071067811865469066, 1.000000000000000000) ) ) 
 REPRESENTATION_ITEM ( '' )  SURFACE ( )  );
#616 = CARTESIAN_POINT ( 'NONE',  ( -24.88793677982786434, 27.86751143806852582, 11.56751112577571661 ) ) ;
#617 = ORIENTED_EDGE ( 'NONE', *, *, #640, .T. ) ;
#618 = FACE_OUTER_BOUND ( 'NONE', #473, .T. ) ;
#619 = EDGE_CURVE ( 'NONE', #6120, #5624, #5064, .T. ) ;
#620 = CARTESIAN_POINT ( 'NONE',  ( 5.331362908464481798, 26.88421500388450269, 13.35000000000000142 ) ) ;
#621 = ADVANCED_FACE ( 'NONE', ( #3971 ), #1036, .F. ) ;
#622 = CARTESIAN_POINT ( 'NONE',  ( -3.822856663293283219, -15.86391181947593587, -14.40383647086743046 ) ) ;
#623 = LINE ( 'NONE', #3741, #7259 ) ;
#624 = CARTESIAN_POINT ( 'NONE',  ( 2.363127975604275122, 33.64690514443918801, -19.00000000000003197 ) ) ;
#625 = ORIENTED_EDGE ( 'NONE', *, *, #8434, .F. ) ;
#626 = DIRECTION ( 'NONE',  ( -1.000000000000000000, -0.000000000000000000, -0.000000000000000000 ) ) ;
#627 = ORIENTED_EDGE ( 'NONE', *, *, #7581, .F. ) ;
#628 = ORIENTED_EDGE ( 'NONE', *, *, #3373, .T. ) ;
#629 = CARTESIAN_POINT ( 'NONE',  ( -20.41540285499299046, 28.01655286114269927, 14.87804253627627915 ) ) ;
#630 = CARTESIAN_POINT ( 'NONE',  ( -1.500000000000006883, 0.000000000000000000, 5.050000000000001599 ) ) ;
#631 = EDGE_CURVE ( 'NONE', #1625, #10020, #9394, .T. ) ;
#632 = CARTESIAN_POINT ( 'NONE',  ( 17.86892390874854186, -6.657090883034599393, 20.00000000000000000 ) ) ;
#633 = DIRECTION ( 'NONE',  ( -0.000000000000000000, -1.000000000000000000, -0.000000000000000000 ) ) ;
#634 = CARTESIAN_POINT ( 'NONE',  ( 7.499999999999996447, 11.55000000000000249, 12.35000000000000320 ) ) ;
#635 = EDGE_CURVE ( 'NONE', #2992, #9957, #5556, .T. ) ;
#636 = EDGE_CURVE ( 'NONE', #2953, #3671, #5659, .T. ) ;
#637 = CARTESIAN_POINT ( 'NONE',  ( -2.500000000000003109, 24.55000000000000071, 8.630465054610992868E-16 ) ) ;
#638 = ORIENTED_EDGE ( 'NONE', *, *, #2615, .T. ) ;
#639 = ORIENTED_EDGE ( 'NONE', *, *, #8226, .F. ) ;
#640 = EDGE_CURVE ( 'NONE', #3394, #2113, #1037, .T. ) ;
#641 = CARTESIAN_POINT ( 'NONE',  ( 7.499999999999992895, -12.50000000000000000, -14.64999999999999503 ) ) ;
#642 = EDGE_LOOP ( 'NONE', ( #1890, #4414 ) ) ;
#643 = CARTESIAN_POINT ( 'NONE',  ( 1.661373934859846413, 13.61442547156997840, 8.928460882679832622 ) ) ;
#644 = LINE ( 'NONE', #6891, #7297 ) ;
#645 = ADVANCED_FACE ( 'NONE', ( #3443 ), #4937, .T. ) ;
#646 = LINE ( 'NONE', #3094, #9078 ) ;
#647 = PLANE ( 'NONE',  #10018 ) ;
#648 = CARTESIAN_POINT ( 'NONE',  ( -22.44603207010313284, -15.49999999999997335, -12.52899151085500051 ) ) ;
#649 = CARTESIAN_POINT ( 'NONE',  ( -23.41421356237308160, 28.94386456752660308, 14.08578643762689531 ) ) ;
#650 = FACE_OUTER_BOUND ( 'NONE', #5562, .T. ) ;
#651 = LINE ( 'NONE', #5404, #5466 ) ;
#652 = EDGE_LOOP ( 'NONE', ( #8386, #2732, #817, #8136, #6978 ) ) ;
#653 = ORIENTED_EDGE ( 'NONE', *, *, #9295, .T. ) ;
#654 = DIRECTION ( 'NONE',  ( 0.9063077870366479383, -0.4226182617407038267, -0.000000000000000000 ) ) ;
#655 = EDGE_LOOP ( 'NONE', ( #5892, #9007, #229, #5078, #3229 ) ) ;
#656 = CARTESIAN_POINT ( 'NONE',  ( 0.000000000000000000, 24.55000000000000071, -5.000000000000000000 ) ) ;
#657 = CARTESIAN_POINT ( 'NONE',  ( 5.499999999999994671, 26.50000000000000355, 15.43402153311997616 ) ) ;
#658 = FACE_OUTER_BOUND ( 'NONE', #3932, .T. ) ;
#659 = CARTESIAN_POINT ( 'NONE',  ( -3.053946048298882499, -18.27187527993878646, -13.72812472006118512 ) ) ;
#660 = AXIS2_PLACEMENT_3D ( 'NONE', #9103, #7542, #2076 ) ;
#661 = CARTESIAN_POINT ( 'NONE',  ( 2.937733356602084900, 27.84064182260033604, 21.99999999999999645 ) ) ;
#662 = EDGE_CURVE ( 'NONE', #4985, #6345, #8845, .T. ) ;
#663 = VERTEX_POINT ( 'NONE', #5554 ) ;
#664 = LINE ( 'NONE', #7724, #764 ) ;
#665 = CYLINDRICAL_SURFACE ( 'NONE', #1345, 1.049999999999991163 ) ;
#666 = DIRECTION ( 'NONE',  ( -1.084202172485504434E-16, 0.000000000000000000, -1.000000000000000000 ) ) ;
#667 = DIRECTION ( 'NONE',  ( 0.9127481291739369951, -0.4085227688752219311, 0.000000000000000000 ) ) ;
#668 = DIRECTION ( 'NONE',  ( -0.3781822567379363176, -0.8449593844541903875, -0.3781822567379353184 ) ) ;
#669 = ORIENTED_EDGE ( 'NONE', *, *, #7482, .F. ) ;
#670 = CARTESIAN_POINT ( 'NONE',  ( -22.44603207010313284, -15.49999999999997335, -12.70056438610883021 ) ) ;
#671 = AXIS2_PLACEMENT_3D ( 'NONE', #6586, #2693, #5820 ) ;
#672 = B_SPLINE_CURVE_WITH_KNOTS ( 'NONE', 3,
 ( #3781, #661, #6033, #9234, #8458, #10006, #1434, #1532, #712, #6910 ),
 .UNSPECIFIED., .F., .F.,
 ( 4, 2, 2, 2, 4 ),
 ( -1.920451272328925856E-05, 0.0006600393355690543831, 0.001339283183861398035, 0.002018527032153741470, 0.002697770880446085338 ),
 .UNSPECIFIED. ) ;
#673 = VERTEX_POINT ( 'NONE', #8066 ) ;
#674 = EDGE_LOOP ( 'NONE', ( #4643, #8685, #3643, #922 ) ) ;
#675 = CARTESIAN_POINT ( 'NONE',  ( -1.500000000000026423, 24.55000000000000071, -10.05000000000000071 ) ) ;
#676 = CARTESIAN_POINT ( 'NONE',  ( 6.328427124746183630, -16.64999999999995950, 15.35000000000000320 ) ) ;
#677 = DIRECTION ( 'NONE',  ( -0.7071067811865465735, 0.000000000000000000, 0.7071067811865484609 ) ) ;
#678 = EDGE_CURVE ( 'NONE', #5952, #4678, #7242, .T. ) ;
#679 = CARTESIAN_POINT ( 'NONE',  ( 16.64506820847780943, 63.11128957028211062, 16.17157287525381548 ) ) ;
#680 = EDGE_CURVE ( 'NONE', #3895, #7879, #3464, .T. ) ;
#681 = CARTESIAN_POINT ( 'NONE',  ( -0.4171180129314264184, 40.31254662931093691, -22.00000000000000000 ) ) ;
#682 = ORIENTED_EDGE ( 'NONE', *, *, #9735, .T. ) ;
#683 = VERTEX_POINT ( 'NONE', #223 ) ;
#684 = EDGE_CURVE ( 'NONE', #9996, #6937, #4169, .T. ) ;
#685 = DIRECTION ( 'NONE',  ( -0.9063077870366480493, 0.4226182617407038822, 0.000000000000000000 ) ) ;
#686 = ORIENTED_EDGE ( 'NONE', *, *, #9936, .F. ) ;
#687 = VECTOR ( 'NONE', #2611, 1000.000000000000000 ) ;
#688 = CARTESIAN_POINT ( 'NONE',  ( 7.304120583231052954, 22.06333170879225491, 15.35000000000000497 ) ) ;
#689 = EDGE_CURVE ( 'NONE', #6255, #5625, #1328, .T. ) ;
#690 = DIRECTION ( 'NONE',  ( 1.000000000000000000, 0.000000000000000000, -1.020425574104004122E-16 ) ) ;
#691 = VECTOR ( 'NONE', #1600, 1000.000000000000000 ) ;
#692 = CARTESIAN_POINT ( 'NONE',  ( 2.240764571837188690, 33.92569230345498710, -17.83589071326552400 ) ) ;
#693 = CARTESIAN_POINT ( 'NONE',  ( -23.13146978470003390, 26.81970291228754277, -13.56205044185149156 ) ) ;
#694 = DIRECTION ( 'NONE',  ( -0.9127481291739371061, 0.4085227688752218755, -0.000000000000000000 ) ) ;
#695 = CARTESIAN_POINT ( 'NONE',  ( 5.499999999999991118, 26.08040538867671643, -16.64999999999999503 ) ) ;
#696 = DIRECTION ( 'NONE',  ( -0.000000000000000000, -1.000000000000000000, 0.000000000000000000 ) ) ;
#697 = CARTESIAN_POINT ( 'NONE',  ( -0.4171180129314236984, 40.31254662931094401, 20.00000000000000000 ) ) ;
#698 = DIRECTION ( 'NONE',  ( -0.4226182617407037156, -0.9063077870366479383, -1.962615573354739913E-17 ) ) ;
#699 = CIRCLE ( 'NONE', #6253, 1.999999999999997113 ) ;
#700 = ORIENTED_EDGE ( 'NONE', *, *, #3832, .F. ) ;
#701 = ORIENTED_EDGE ( 'NONE', *, *, #5204, .F. ) ;
#702 = ADVANCED_FACE ( 'NONE', ( #273 ), #5040, .F. ) ;
#703 = LINE ( 'NONE', #6953, #8786 ) ;
#704 = ORIENTED_EDGE ( 'NONE', *, *, #6448, .F. ) ;
#705 = DIRECTION ( 'NONE',  ( 0.2792582776338195516, -0.7672558119947081590, -0.5773502691896263972 ) ) ;
#706 = CARTESIAN_POINT ( 'NONE',  ( -23.96495841850775221, 25.29378617887230973, -13.33634765036517145 ) ) ;
#707 = VECTOR ( 'NONE', #9759, 1000.000000000000000 ) ;
#708 = AXIS2_PLACEMENT_3D ( 'NONE', #1134, #5233, #3538 ) ;
#709 = LINE ( 'NONE', #613, #9189 ) ;
#710 = AXIS2_PLACEMENT_3D ( 'NONE', #7244, #1721, #4218 ) ;
#711 = CARTESIAN_POINT ( 'NONE',  ( -5.530614342616974710, 36.85119912080915583, -15.35119912080920557 ) ) ;
#712 = CARTESIAN_POINT ( 'NONE',  ( 4.842481822691745208, 27.15751817730837203, 21.12101543124161651 ) ) ;
#713 = VERTEX_POINT ( 'NONE', #4476 ) ;
#714 = AXIS2_PLACEMENT_3D ( 'NONE', #4435, #7557, #546 ) ;
#715 = CARTESIAN_POINT ( 'NONE',  ( 8.838406556703850114, 67.66566388004383725, -11.00000000000001066 ) ) ;
#716 = ORIENTED_EDGE ( 'NONE', *, *, #689, .F. ) ;
#717 = VECTOR ( 'NONE', #3227, 1000.000000000000000 ) ;
#718 = DIRECTION ( 'NONE',  ( -0.7071067811865476838, -0.5000000000000005551, 0.4999999999999994449 ) ) ;
#719 = EDGE_CURVE ( 'NONE', #8723, #4860, #5240, .T. ) ;
#720 = CIRCLE ( 'NONE', #9084, 0.9499999999999976241 ) ;
#721 = CARTESIAN_POINT ( 'NONE',  ( 24.38426942500392869, 51.31364114055146786, 1.071565949253934321E-15 ) ) ;
#722 = VECTOR ( 'NONE', #9321, 1000.000000000000000 ) ;
#723 = FILL_AREA_STYLE_COLOUR ( '', #9729 ) ;
#724 = DIRECTION ( 'NONE',  ( -0.000000000000000000, -0.000000000000000000, -1.000000000000000000 ) ) ;
#725 = ORIENTED_EDGE ( 'NONE', *, *, #1252, .T. ) ;
#726 = DIRECTION ( 'NONE',  ( -1.000000000000000000, -0.000000000000000000, 3.452186021844392907E-16 ) ) ;
#727 = EDGE_CURVE ( 'NONE', #9405, #2407, #38, .T. ) ;
#728 = ORIENTED_EDGE ( 'NONE', *, *, #9398, .T. ) ;
#729 = ORIENTED_EDGE ( 'NONE', *, *, #3705, .F. ) ;
#730 = CARTESIAN_POINT ( 'NONE',  ( 7.499999999999992895, 21.67157287525381193, -20.64999999999999503 ) ) ;
#731 = FACE_OUTER_BOUND ( 'NONE', #5014, .T. ) ;
#732 = CARTESIAN_POINT ( 'NONE',  ( -3.183564164343379410, 75.01128663468153945, -19.99999999999999289 ) ) ;
#733 = CARTESIAN_POINT ( 'NONE',  ( 5.499999999999992895, 26.50000000000000711, -16.65000000000000568 ) ) ;
#734 = AXIS2_PLACEMENT_3D ( 'NONE', #6696, #9848, #8238 ) ;
#735 = DIRECTION ( 'NONE',  ( 0.4226182617407007180, 0.9063077870366492705, 0.000000000000000000 ) ) ;
#736 = ORIENTED_EDGE ( 'NONE', *, *, #6037, .T. ) ;
#737 = EDGE_LOOP ( 'NONE', ( #4851, #4764, #882 ) ) ;
#738 = LINE ( 'NONE', #7089, #4511 ) ;
#739 = EDGE_CURVE ( 'NONE', #8204, #449, #533, .T. ) ;
#740 = EDGE_LOOP ( 'NONE', ( #1448, #2747, #4430, #7668 ) ) ;
#741 = DIRECTION ( 'NONE',  ( 0.000000000000000000, 1.000000000000000000, -0.000000000000000000 ) ) ;
#742 = AXIS2_PLACEMENT_3D ( 'NONE', #5148, #8276, #2689 ) ;
#743 = EDGE_CURVE ( 'NONE', #7767, #6354, #9482, .T. ) ;
#744 = AXIS2_PLACEMENT_3D ( 'NONE', #4315, #6519, #5085 ) ;
#745 = CARTESIAN_POINT ( 'NONE',  ( -2.499999999999999556, 13.50000000000000000, 10.00000000000000000 ) ) ;
#746 = CARTESIAN_POINT ( 'NONE',  ( 2.383943800834816162, 33.59947932430211637, -17.55394924993001382 ) ) ;
#747 = CARTESIAN_POINT ( 'NONE',  ( -0.5000000000000081046, -7.550000000000000711, -7.049999999999997158 ) ) ;
#748 = CYLINDRICAL_SURFACE ( 'NONE', #4793, 2.000000000000000000 ) ;
#749 = CARTESIAN_POINT ( 'NONE',  ( 7.499999999999996447, 12.50000000000000000, 15.35000000000000497 ) ) ;
#750 = DIRECTION ( 'NONE',  ( 0.000000000000000000, -1.000000000000000000, 0.000000000000000000 ) ) ;
#751 = DIRECTION ( 'NONE',  ( 0.000000000000000000, -1.000000000000000000, 0.000000000000000000 ) ) ;
#752 = AXIS2_PLACEMENT_3D ( 'NONE', #841, #7851, #1613 ) ;
#753 = CARTESIAN_POINT ( 'NONE',  ( -4.262759557341363248, 39.57012248197151649, 14.00000000000000355 ) ) ;
#754 = VECTOR ( 'NONE', #7774, 1000.000000000000000 ) ;
#755 = ORIENTED_EDGE ( 'NONE', *, *, #8456, .T. ) ;
#756 = ORIENTED_EDGE ( 'NONE', *, *, #7546, .T. ) ;
#757 = FACE_BOUND ( 'NONE', #2982, .T. ) ;
#758 = ORIENTED_EDGE ( 'NONE', *, *, #65, .F. ) ;
#759 = CARTESIAN_POINT ( 'NONE',  ( 2.081394951915171987, 36.61179464978658871, 14.00000000000000355 ) ) ;
#760 = CARTESIAN_POINT ( 'NONE',  ( 25.50000000000000355, 11.55000000000000071, 15.35000000000000320 ) ) ;
#761 = CARTESIAN_POINT ( 'NONE',  ( -24.20897592441733792, 29.02099712375716578, 12.97364849128210018 ) ) ;
#762 = CYLINDRICAL_SURFACE ( 'NONE', #7729, 2.000000000000000000 ) ;
#763 = EDGE_CURVE ( 'NONE', #2449, #6900, #7443, .T. ) ;
#764 = VECTOR ( 'NONE', #1331, 1000.000000000000000 ) ;
#765 = ADVANCED_FACE ( 'NONE', ( #7494 ), #1922, .F. ) ;
#766 = ORIENTED_EDGE ( 'NONE', *, *, #4439, .F. ) ;
#767 = ORIENTED_EDGE ( 'NONE', *, *, #6665, .T. ) ;
#768 = LINE ( 'NONE', #7634, #1933 ) ;
#769 = EDGE_LOOP ( 'NONE', ( #2067, #891, #7922, #6364 ) ) ;
#770 = ADVANCED_FACE ( 'NONE', ( #2775, #3593 ), #476, .F. ) ;
#771 = LINE ( 'NONE', #3644, #9764 ) ;
#772 = DIRECTION ( 'NONE',  ( 1.000000000000000000, 0.000000000000000000, 0.000000000000000000 ) ) ;
#773 = CARTESIAN_POINT ( 'NONE',  ( -23.61910820378048470, 28.73832807550216017, 13.88089179621949043 ) ) ;
#774 = DIRECTION ( 'NONE',  ( -0.4019048076038948536, 0.9156814542322436745, -7.182150482544187132E-16 ) ) ;
#775 = ADVANCED_FACE ( 'NONE', ( #9823 ), #8162, .T. ) ;
#776 = DIRECTION ( 'NONE',  ( 0.000000000000000000, 0.000000000000000000, -1.000000000000000000 ) ) ;
#777 = VERTEX_POINT ( 'NONE', #1250 ) ;
#778 = EDGE_LOOP ( 'NONE', ( #5137, #10084, #9327, #3018, #2906, #5539 ) ) ;
#779 = CARTESIAN_POINT ( 'NONE',  ( -24.22708019253994038, 29.34404018910998602, 12.26998894106172777 ) ) ;
#780 = EDGE_LOOP ( 'NONE', ( #3330, #438, #6649, #5701 ) ) ;
#781 = EDGE_LOOP ( 'NONE', ( #9954, #985, #1354 ) ) ;
#782 = LINE ( 'NONE', #5541, #6312 ) ;
#783 = CARTESIAN_POINT ( 'NONE',  ( -24.25595441298997201, 29.20060148667530697, -12.61934323575357020 ) ) ;
#784 = CARTESIAN_POINT ( 'NONE',  ( 1.502532477837027702, 13.58931993982788988, -9.052676432842098109 ) ) ;
#785 = B_SPLINE_CURVE_WITH_KNOTS ( 'NONE', 1,
 ( #8621, #3792 ),
 .UNSPECIFIED., .F., .F.,
 ( 2, 2 ),
 ( 0.000000000000000000, 1.000000000000000000 ),
 .UNSPECIFIED. ) ;
#786 = CARTESIAN_POINT ( 'NONE',  ( 7.499999999999996447, 12.50000000000000000, 13.35000000000000497 ) ) ;
#787 = DIRECTION ( 'NONE',  ( -1.084202172485504434E-16, 0.000000000000000000, -1.000000000000000000 ) ) ;
#788 = VERTEX_POINT ( 'NONE', #9777 ) ;
#789 = ORIENTED_EDGE ( 'NONE', *, *, #6767, .F. ) ;
#790 = FACE_BOUND ( 'NONE', #2326, .T. ) ;
#791 = ORIENTED_EDGE ( 'NONE', *, *, #8622, .F. ) ;
#792 = CARTESIAN_POINT ( 'NONE',  ( 5.499999999999992006, 11.55000000000000071, -5.000000000000000000 ) ) ;
#793 = CARTESIAN_POINT ( 'NONE',  ( -7.895404864655507282, 31.12295316792275912, 9.464909597503225137E-16 ) ) ;
#794 = DIRECTION ( 'NONE',  ( -0.000000000000000000, -0.000000000000000000, 1.000000000000000000 ) ) ;
#795 = CARTESIAN_POINT ( 'NONE',  ( -9.938018709031613440, 26.55921252205306970, -4.999999999999999112 ) ) ;
#796 = FACE_OUTER_BOUND ( 'NONE', #5800, .T. ) ;
#797 = CARTESIAN_POINT ( 'NONE',  ( -14.67157287525376752, -14.50000000000000000, 20.00000000000000000 ) ) ;
#798 = ADVANCED_FACE ( 'NONE', ( #5902 ), #615, .T. ) ;
#799 = DIRECTION ( 'NONE',  ( 0.9063077870366479383, -0.4226182617407037712, -0.000000000000000000 ) ) ;
#800 = CARTESIAN_POINT ( 'NONE',  ( 1.319688944841957534, 32.49999999999994316, -10.99999999999998224 ) ) ;
#801 = ADVANCED_FACE ( 'NONE', ( #731 ), #5385, .F. ) ;
#802 = LINE ( 'NONE', #1724, #9557 ) ;
#803 = VERTEX_POINT ( 'NONE', #6202 ) ;
#804 = ORIENTED_EDGE ( 'NONE', *, *, #4251, .F. ) ;
#805 = LINE ( 'NONE', #1776, #9430 ) ;
#806 = VERTEX_POINT ( 'NONE', #4565 ) ;
#807 = CARTESIAN_POINT ( 'NONE',  ( -22.41067470203702783, 26.11543744316296056, -13.49999999999995559 ) ) ;
#808 = CARTESIAN_POINT ( 'NONE',  ( -23.89047156566880048, 25.40236049183985756, -13.36635672402369934 ) ) ;
#809 =( NAMED_UNIT ( * ) SI_UNIT ( $, .STERADIAN. ) SOLID_ANGLE_UNIT ( ) );
#810 = CARTESIAN_POINT ( 'NONE',  ( -0.5000000000000081046, 22.54999999999999716, -7.050000000000005151 ) ) ;
#811 = ADVANCED_FACE ( 'NONE', ( #7026 ), #1499, .F. ) ;
#812 = EDGE_CURVE ( 'NONE', #5001, #6872, #5764, .T. ) ;
#813 = CYLINDRICAL_SURFACE ( 'NONE', #9566, 1.000000000000000000 ) ;
#814 = ORIENTED_EDGE ( 'NONE', *, *, #635, .T. ) ;
#815 = ORIENTED_EDGE ( 'NONE', *, *, #9293, .F. ) ;
#816 = FACE_OUTER_BOUND ( 'NONE', #3240, .T. ) ;
#817 = ORIENTED_EDGE ( 'NONE', *, *, #3609, .F. ) ;
#818 = CARTESIAN_POINT ( 'NONE',  ( -4.262759557341363248, 39.57012248197151649, 14.00000000000000355 ) ) ;
#819 = CARTESIAN_POINT ( 'NONE',  ( 12.64685149541174702, 59.26948932572003059, 76.26183934523054120 ) ) ;
#820 = EDGE_CURVE ( 'NONE', #1862, #2566, #6913, .T. ) ;
#821 = VECTOR ( 'NONE', #4814, 1000.000000000000000 ) ;
#822 = CARTESIAN_POINT ( 'NONE',  ( -18.65764051238642196, 8.700200654028847680, -17.00000000000000000 ) ) ;
#823 = EDGE_CURVE ( 'NONE', #9298, #257, #9202, .T. ) ;
#824 = CARTESIAN_POINT ( 'NONE',  ( 7.499999999999996447, 11.55000000000000249, 13.35000000000000497 ) ) ;
#825 = CARTESIAN_POINT ( 'NONE',  ( 5.499999999999992895, -11.55000000000000071, -5.612340657572015586E-16 ) ) ;
#826 = VERTEX_POINT ( 'NONE', #2175 ) ;
#827 = VERTEX_POINT ( 'NONE', #9352 ) ;
#828 = CARTESIAN_POINT ( 'NONE',  ( -4.262759557350873862, 39.57012248195112392, 11.00000000000000000 ) ) ;
#829 = ORIENTED_EDGE ( 'NONE', *, *, #6128, .F. ) ;
#830 = EDGE_CURVE ( 'NONE', #6391, #300, #1656, .T. ) ;
#831 = CARTESIAN_POINT ( 'NONE',  ( -15.49999999999992717, -19.41421356237309936, -12.58578643762687932 ) ) ;
#832 = DIRECTION ( 'NONE',  ( 0.9063077870366479383, -0.4226182617407037712, -0.000000000000000000 ) ) ;
#833 = DIRECTION ( 'NONE',  ( 0.000000000000000000, 1.000000000000000000, -0.000000000000000000 ) ) ;
#834 = CARTESIAN_POINT ( 'NONE',  ( 3.134506360785983325, 14.54658537637019045, -6.933472165410338839 ) ) ;
#835 = CARTESIAN_POINT ( 'NONE',  ( 4.842473608163829546, 27.15752639183621042, -21.12102274124537971 ) ) ;
#836 = VECTOR ( 'NONE', #7813, 1000.000000000000000 ) ;
#837 = FACE_OUTER_BOUND ( 'NONE', #4442, .T. ) ;
#838 = ADVANCED_FACE ( 'NONE', ( #2228 ), #9252, .T. ) ;
#839 = VERTEX_POINT ( 'NONE', #8573 ) ;
#840 = ORIENTED_EDGE ( 'NONE', *, *, #1936, .T. ) ;
#841 = CARTESIAN_POINT ( 'NONE',  ( 27.49604706897346418, 58.96546322606946688, 76.26183934523054120 ) ) ;
#842 = ORIENTED_EDGE ( 'NONE', *, *, #8943, .F. ) ;
#843 = CARTESIAN_POINT ( 'NONE',  ( 5.781540429808267767, 26.21845957019183260, 14.42501342490193750 ) ) ;
#844 = AXIS2_PLACEMENT_3D ( 'NONE', #6801, #9950, #6170 ) ;
#845 = CARTESIAN_POINT ( 'NONE',  ( 0.000000000000000000, 13.50000000000000000, 5.000000000000000000 ) ) ;
#846 = DIRECTION ( 'NONE',  ( -0.000000000000000000, 0.000000000000000000, 1.000000000000000000 ) ) ;
#847 = DIRECTION ( 'NONE',  ( -1.000000000000000000, 0.000000000000000000, -0.000000000000000000 ) ) ;
#848 = DIRECTION ( 'NONE',  ( 0.000000000000000000, 0.000000000000000000, 1.000000000000000000 ) ) ;
#849 = CARTESIAN_POINT ( 'NONE',  ( 5.499999999999993783, 22.55000000000000071, 10.04999999999999716 ) ) ;
#850 = CARTESIAN_POINT ( 'NONE',  ( -22.88076860274302149, 32.35205706967622064, 5.000000000000000888 ) ) ;
#851 = CARTESIAN_POINT ( 'NONE',  ( -24.96584621690954009, 27.69344117916249814, -11.53914340399615490 ) ) ;
#852 = CYLINDRICAL_SURFACE ( 'NONE', #1193, 2.000000000000000000 ) ;
#853 = AXIS2_PLACEMENT_3D ( 'NONE', #1333, #5276, #1179 ) ;
#854 = ORIENTED_EDGE ( 'NONE', *, *, #191, .F. ) ;
#855 = VERTEX_POINT ( 'NONE', #1404 ) ;
#856 = DIRECTION ( 'NONE',  ( -0.000000000000000000, -1.000000000000000000, -0.000000000000000000 ) ) ;
#857 = VERTEX_POINT ( 'NONE', #6930 ) ;
#858 = VECTOR ( 'NONE', #2218, 1000.000000000000000 ) ;
#859 = CARTESIAN_POINT ( 'NONE',  ( -0.7694321026320712908, 75.45600638209356248, -19.99999999999998934 ) ) ;
#860 = CARTESIAN_POINT ( 'NONE',  ( -23.98891350502550779, 28.68195926613634228, -13.51108649497446201 ) ) ;
#861 = DIRECTION ( 'NONE',  ( 0.000000000000000000, 1.000000000000000000, -0.000000000000000000 ) ) ;
#862 = AXIS2_PLACEMENT_3D ( 'NONE', #9723, #6785, #9051 ) ;
#863 = VECTOR ( 'NONE', #2090, 1000.000000000000000 ) ;
#864 = PLANE ( 'NONE',  #45 ) ;
#865 = VERTEX_POINT ( 'NONE', #2373 ) ;
#866 = ORIENTED_EDGE ( 'NONE', *, *, #2447, .T. ) ;
#867 = FACE_OUTER_BOUND ( 'NONE', #6563, .T. ) ;
#868 = ORIENTED_EDGE ( 'NONE', *, *, #2585, .T. ) ;
#869 = CARTESIAN_POINT ( 'NONE',  ( 7.499999999999992895, 11.55000000000000249, -17.64999999999999503 ) ) ;
#870 = AXIS2_PLACEMENT_3D ( 'NONE', #8748, #7101, #7336 ) ;
#871 = ADVANCED_FACE ( 'NONE', ( #10125 ), #10076, .F. ) ;
#872 = FACE_OUTER_BOUND ( 'NONE', #202, .T. ) ;
#873 = EDGE_CURVE ( 'NONE', #2219, #3193, #3901, .T. ) ;
#874 = CARTESIAN_POINT ( 'NONE',  ( -23.17157287525380838, 26.29507800053149680, 13.49999999999998046 ) ) ;
#875 = DIRECTION ( 'NONE',  ( 0.000000000000000000, 0.000000000000000000, -1.000000000000000000 ) ) ;
#876 = AXIS2_PLACEMENT_3D ( 'NONE', #5272, #8399, #1382 ) ;
#877 = CARTESIAN_POINT ( 'NONE',  ( -24.34626693163439271, 29.07774542803626261, 12.05928997722594964 ) ) ;
#878 =( GEOMETRIC_REPRESENTATION_CONTEXT ( 3 ) GLOBAL_UNCERTAINTY_ASSIGNED_CONTEXT ( ( #4854 ) ) GLOBAL_UNIT_ASSIGNED_CONTEXT ( ( #7941, #145, #8876 ) ) REPRESENTATION_CONTEXT ( 'NONE', 'WORKASPACE' ) );
#879 = ORIENTED_EDGE ( 'NONE', *, *, #10129, .F. ) ;
#880 = VERTEX_POINT ( 'NONE', #6153 ) ;
#881 = FACE_OUTER_BOUND ( 'NONE', #920, .T. ) ;
#882 = ORIENTED_EDGE ( 'NONE', *, *, #8382, .F. ) ;
#883 =( BOUNDED_CURVE ( )  B_SPLINE_CURVE ( 3, ( #3241, #8736, #9465, #4834 ),
 .UNSPECIFIED., .F., .T. ) 
 B_SPLINE_CURVE_WITH_KNOTS ( ( 4, 4 ),
 ( 1.570796326794897002, 2.656018091853433294 ),
 .UNSPECIFIED. ) 
 CURVE ( )  GEOMETRIC_REPRESENTATION_ITEM ( )  RATIONAL_B_SPLINE_CURVE ( ( 1.000000000000000000, 0.9042422738917600400, 0.9042422738917600400, 1.000000000000000000 ) ) 
 REPRESENTATION_ITEM ( '' )  );
#884 = ORIENTED_EDGE ( 'NONE', *, *, #2962, .F. ) ;
#885 = CARTESIAN_POINT ( 'NONE',  ( -3.789778288179299182, -15.74571906490082185, 14.46292328032659213 ) ) ;
#886 = AXIS2_PLACEMENT_3D ( 'NONE', #2632, #9781, #2686 ) ;
#887 = CARTESIAN_POINT ( 'NONE',  ( 3.385574528429989627, 15.33862606514012938, -6.121539117320181411 ) ) ;
#888 = CARTESIAN_POINT ( 'NONE',  ( 6.081315453246437741, 24.50894196875963615, -18.07327037169741146 ) ) ;
#889 = DIRECTION ( 'NONE',  ( -0.000000000000000000, 0.000000000000000000, -1.000000000000000000 ) ) ;
#890 = CIRCLE ( 'NONE', #6611, 2.000000000000000000 ) ;
#891 = ORIENTED_EDGE ( 'NONE', *, *, #1198, .T. ) ;
#892 = ORIENTED_EDGE ( 'NONE', *, *, #5491, .F. ) ;
#893 = CARTESIAN_POINT ( 'NONE',  ( -16.95106857580157111, 45.48677814630823235, -19.49999999999999645 ) ) ;
#894 = EDGE_LOOP ( 'NONE', ( #6781, #4482 ) ) ;
#895 = CARTESIAN_POINT ( 'NONE',  ( 8.130788770160201295, 23.86921122983987686, 17.29204302007839189 ) ) ;
#896 = DIRECTION ( 'NONE',  ( 0.4226182617407043263, 0.9063077870366476052, 0.000000000000000000 ) ) ;
#898 = DIRECTION ( 'NONE',  ( 6.667740490394042038E-34, 1.429901562581164355E-33, -1.000000000000000000 ) ) ;
#897 = AXIS2_PLACEMENT_3D ( 'NONE', #8710, #7167, #9643 ) ;
#899 = LINE ( 'NONE', #9317, #3442 ) ;
#900 = CIRCLE ( 'NONE', #5642, 0.9749999999999984235 ) ;
#901 = DIRECTION ( 'NONE',  ( 0.000000000000000000, 1.000000000000000000, 0.000000000000000000 ) ) ;
#902 =( LENGTH_UNIT ( ) NAMED_UNIT ( * ) SI_UNIT ( .MILLI., .METRE. ) );
#903 = CARTESIAN_POINT ( 'NONE',  ( 4.194490884068758696, 34.45071475964699204, 19.00000000000001421 ) ) ;
#904 = DIRECTION ( 'NONE',  ( -0.000000000000000000, -1.000000000000000000, -0.000000000000000000 ) ) ;
#905 = VERTEX_POINT ( 'NONE', #3751 ) ;
#906 = VERTEX_POINT ( 'NONE', #4720 ) ;
#907 = CARTESIAN_POINT ( 'NONE',  ( 5.363413275876496300, 72.04452465629965729, -19.49999999999999645 ) ) ;
#908 = AXIS2_PLACEMENT_3D ( 'NONE', #4326, #3354, #6529 ) ;
#909 = ORIENTED_EDGE ( 'NONE', *, *, #375, .F. ) ;
#910 = CIRCLE ( 'NONE', #10087, 5.000000000000000000 ) ;
#911 = CARTESIAN_POINT ( 'NONE',  ( -16.63682684062900208, 46.11050824114931146, 20.30654151649042305 ) ) ;
#912 = CARTESIAN_POINT ( 'NONE',  ( -23.86799538748264382, 25.43642390162418820, -13.37483428147788089 ) ) ;
#913 = CARTESIAN_POINT ( 'NONE',  ( -23.91267134403285510, 28.61371117508435447, 13.58732865596711292 ) ) ;
#914 = CARTESIAN_POINT ( 'NONE',  ( 8.914213562373095812, 23.08578643762689708, -20.64999999999999503 ) ) ;
#915 = AXIS2_PLACEMENT_3D ( 'NONE', #3861, #8995, #422 ) ;
#916 = ADVANCED_FACE ( 'NONE', ( #2987 ), #6190, .T. ) ;
#917 = DIRECTION ( 'NONE',  ( 0.000000000000000000, 1.000000000000000000, 0.000000000000000000 ) ) ;
#918 = B_SPLINE_CURVE_WITH_KNOTS ( 'NONE', 3,
 ( #3610, #6744, #3100, #10143, #4641, #3391 ),
 .UNSPECIFIED., .F., .F.,
 ( 4, 2, 4 ),
 ( 0.0005199876052698136197, 0.001083341917012152879, 0.001646696228754492139 ),
 .UNSPECIFIED. ) ;
#919 = EDGE_LOOP ( 'NONE', ( #6808, #7517, #2744, #1114, #421, #2608, #1783, #5909, #1026, #9920, #5797, #10033, #5024, #5596 ) ) ;
#920 = EDGE_LOOP ( 'NONE', ( #9567, #3254, #7466, #7850 ) ) ;
#921 = DIRECTION ( 'NONE',  ( 1.000000000000000000, 0.000000000000000000, 0.000000000000000000 ) ) ;
#922 = ORIENTED_EDGE ( 'NONE', *, *, #528, .F. ) ;
#923 = DIRECTION ( 'NONE',  ( -1.000000000000000000, 0.000000000000000000, 0.000000000000000000 ) ) ;
#924 = VECTOR ( 'NONE', #923, 1000.000000000000000 ) ;
#925 = DIRECTION ( 'NONE',  ( -0.000000000000000000, -0.000000000000000000, 1.000000000000000000 ) ) ;
#926 = AXIS2_PLACEMENT_3D ( 'NONE', #5787, #2664, #5070 ) ;
#927 = CARTESIAN_POINT ( 'NONE',  ( 2.662800535624400468E-15, -11.55000000000000071, 15.35000000000000853 ) ) ;
#928 = DIRECTION ( 'NONE',  ( 0.9063077870366479383, -0.4226182617407038267, -0.000000000000000000 ) ) ;
#929 = EDGE_CURVE ( 'NONE', #905, #3642, #9612, .T. ) ;
#930 = CARTESIAN_POINT ( 'NONE',  ( -26.54991882574639916, 24.15420310201309206, 11.14843366722093876 ) ) ;
#931 = ORIENTED_EDGE ( 'NONE', *, *, #8582, .F. ) ;
#932 = EDGE_LOOP ( 'NONE', ( #7033, #4063, #8177, #1174, #1763 ) ) ;
#933 = LINE ( 'NONE', #4821, #3637 ) ;
#934 = EDGE_CURVE ( 'NONE', #8792, #9856, #7572, .T. ) ;
#935 = ORIENTED_EDGE ( 'NONE', *, *, #4787, .F. ) ;
#936 = DIRECTION ( 'NONE',  ( 0.000000000000000000, 1.000000000000000000, -0.000000000000000000 ) ) ;
#937 = DIRECTION ( 'NONE',  ( 0.9063077870366480493, -0.4226182617407037712, 0.000000000000000000 ) ) ;
#938 = DIRECTION ( 'NONE',  ( 0.000000000000000000, 0.000000000000000000, -1.000000000000000000 ) ) ;
#939 = CARTESIAN_POINT ( 'NONE',  ( -23.10014628139107273, 26.87259463270367377, 13.57967581759921494 ) ) ;
#940 = PLANE ( 'NONE',  #8375 ) ;
#941 = EDGE_LOOP ( 'NONE', ( #3177, #3791, #9228, #6657 ) ) ;
#942 = ORIENTED_EDGE ( 'NONE', *, *, #3948, .T. ) ;
#943 = DIRECTION ( 'NONE',  ( 0.9063077870366479383, -0.4226182617407038267, -0.000000000000000000 ) ) ;
#944 = EDGE_LOOP ( 'NONE', ( #7178, #3112, #6348, #9172 ) ) ;
#945 = CARTESIAN_POINT ( 'NONE',  ( -22.44603207010313284, -15.49999999999997335, -12.52899151085500051 ) ) ;
#946 = EDGE_CURVE ( 'NONE', #5109, #4520, #3969, .T. ) ;
#947 = CARTESIAN_POINT ( 'NONE',  ( 3.499999999999993339, 13.50000000000000000, 5.000000000000000000 ) ) ;
#948 = CARTESIAN_POINT ( 'NONE',  ( -5.499999999999996447, 26.11543744278039370, -13.49999999999995559 ) ) ;
#949 = CARTESIAN_POINT ( 'NONE',  ( 8.328427124746188071, -7.549999999999999822, 7.050000000000001599 ) ) ;
#950 = EDGE_CURVE ( 'NONE', #117, #7553, #9803, .T. ) ;
#951 = PLANE ( 'NONE',  #710 ) ;
#952 = VECTOR ( 'NONE', #4551, 1000.000000000000000 ) ;
#953 = CYLINDRICAL_SURFACE ( 'NONE', #9249, 2.000000000000002665 ) ;
#954 = ADVANCED_FACE ( 'NONE', ( #57 ), #2751, .T. ) ;
#955 = ORIENTED_EDGE ( 'NONE', *, *, #6916, .T. ) ;
#956 = ORIENTED_EDGE ( 'NONE', *, *, #7254, .T. ) ;
#957 = DIRECTION ( 'NONE',  ( -0.9063077870366479383, 0.4226182617407037712, -0.000000000000000000 ) ) ;
#958 = VERTEX_POINT ( 'NONE', #4238 ) ;
#959 = CARTESIAN_POINT ( 'NONE',  ( -2.500000000000003109, 22.55000000000000071, 7.049999999999999822 ) ) ;
#960 = EDGE_CURVE ( 'NONE', #880, #307, #4800, .T. ) ;
#961 = CARTESIAN_POINT ( 'NONE',  ( -23.92290156510019727, 25.35236540315240816, 13.35452649537945113 ) ) ;
#962 = CARTESIAN_POINT ( 'NONE',  ( -4.294826271969993670, 39.50135519053241495, 18.00135519053245403 ) ) ;
#963 = CARTESIAN_POINT ( 'NONE',  ( 15.49999999999999467, -14.50000000000000000, 8.175000000000004263 ) ) ;
#964 = EDGE_LOOP ( 'NONE', ( #3600, #3820 ) ) ;
#965 = ORIENTED_EDGE ( 'NONE', *, *, #9655, .T. ) ;
#966 = FACE_BOUND ( 'NONE', #4270, .T. ) ;
#967 = EDGE_CURVE ( 'NONE', #1949, #8447, #699, .T. ) ;
#968 = ORIENTED_EDGE ( 'NONE', *, *, #9710, .F. ) ;
#969 = DIRECTION ( 'NONE',  ( -0.9063077870366479383, 0.4226182617407037712, -0.000000000000000000 ) ) ;
#970 = CARTESIAN_POINT ( 'NONE',  ( -2.926073800957674997, 75.43369816138475414, -20.46692598850416545 ) ) ;
#971 = LINE ( 'NONE', #7218, #8704 ) ;
#972 = ADVANCED_FACE ( 'NONE', ( #295 ), #6600, .F. ) ;
#973 = PLANE ( 'NONE',  #6574 ) ;
#974 = EDGE_LOOP ( 'NONE', ( #7822, #6314, #4271, #8907, #7262, #3885 ) ) ;
#975 = ORIENTED_EDGE ( 'NONE', *, *, #3560, .F. ) ;
#976 = FACE_OUTER_BOUND ( 'NONE', #9755, .T. ) ;
#977 = EDGE_LOOP ( 'NONE', ( #8459, #5311, #7533, #4413 ) ) ;
#978 = LINE ( 'NONE', #206, #7562 ) ;
#979 = CARTESIAN_POINT ( 'NONE',  ( -3.532976650103569316, -17.13802060812960448, -14.05072847478692744 ) ) ;
#980 = VECTOR ( 'NONE', #101, 1000.000000000000000 ) ;
#981 = DIRECTION ( 'NONE',  ( -1.000000000000000000, 0.000000000000000000, 0.000000000000000000 ) ) ;
#982 = CARTESIAN_POINT ( 'NONE',  ( -23.01520491543993785, 27.00990978443913804, 13.63521554365427058 ) ) ;
#983 = CARTESIAN_POINT ( 'NONE',  ( -19.43337372629778415, 28.11544626190976359, -15.36909957447797836 ) ) ;
#984 = VECTOR ( 'NONE', #3679, 1000.000000000000114 ) ;
#985 = ORIENTED_EDGE ( 'NONE', *, *, #3775, .T. ) ;
#986 = VERTEX_POINT ( 'NONE', #3468 ) ;
#987 = DIRECTION ( 'NONE',  ( -0.4226182617407042708, -0.9063077870366477162, 0.000000000000000000 ) ) ;
#988 = VERTEX_POINT ( 'NONE', #8977 ) ;
#989 = DIRECTION ( 'NONE',  ( -0.4226182617407037712, -0.9063077870366479383, 0.000000000000000000 ) ) ;
#990 = EDGE_CURVE ( 'NONE', #6093, #280, #4209, .T. ) ;
#991 = DIRECTION ( 'NONE',  ( -1.417348075277786864E-16, -3.166731214663874123E-16, -1.000000000000000000 ) ) ;
#992 = AXIS2_PLACEMENT_3D ( 'NONE', #8640, #9471, #847 ) ;
#993 = DIRECTION ( 'NONE',  ( 1.000000000000000000, -0.000000000000000000, 0.000000000000000000 ) ) ;
#994 = CARTESIAN_POINT ( 'NONE',  ( -8.794298492471739337, 41.68321379064190069, -19.49999999999999645 ) ) ;
#995 = EDGE_CURVE ( 'NONE', #4011, #5896, #2342, .T. ) ;
#996 = DIRECTION ( 'NONE',  ( -0.4226182617407038267, -0.9063077870366479383, 0.000000000000000000 ) ) ;
#997 = DIRECTION ( 'NONE',  ( 0.9063077870366480493, -0.4226182617407037712, 0.000000000000000000 ) ) ;
#998 = EDGE_CURVE ( 'NONE', #6186, #9513, #4451, .T. ) ;
#999 = ORIENTED_EDGE ( 'NONE', *, *, #9064, .F. ) ;
#1000 = ORIENTED_EDGE ( 'NONE', *, *, #7328, .F. ) ;
#1001 = EDGE_CURVE ( 'NONE', #3273, #2449, #6420, .T. ) ;
#1002 = DIRECTION ( 'NONE',  ( 0.000000000000000000, -1.000000000000000000, 0.000000000000000000 ) ) ;
#1003 = CIRCLE ( 'NONE', #3784, 1.000000000000000000 ) ;
#1004 = ORIENTED_EDGE ( 'NONE', *, *, #9153, .T. ) ;
#1005 = DIRECTION ( 'NONE',  ( -0.000000000000000000, -1.000000000000000000, 0.000000000000000000 ) ) ;
#1006 = DIRECTION ( 'NONE',  ( 0.000000000000000000, 0.000000000000000000, -1.000000000000000000 ) ) ;
#1007 = CARTESIAN_POINT ( 'NONE',  ( 7.499999999999996447, -14.50000000000000000, 14.35000000000000497 ) ) ;
#1008 = CARTESIAN_POINT ( 'NONE',  ( -3.499999999999996003, -17.66796357243960358, 13.84001669677748581 ) ) ;
#1009 = FACE_OUTER_BOUND ( 'NONE', #3407, .T. ) ;
#1010 = ORIENTED_EDGE ( 'NONE', *, *, #1842, .T. ) ;
#1011 = ORIENTED_EDGE ( 'NONE', *, *, #2921, .T. ) ;
#1012 = CARTESIAN_POINT ( 'NONE',  ( -12.31348600312989916, 5.741872821843887920, 11.00000000000002309 ) ) ;
#1013 = VERTEX_POINT ( 'NONE', #3015 ) ;
#1014 = CARTESIAN_POINT ( 'NONE',  ( -22.31758190380751472, 26.89773104566301143, 13.49999999999998046 ) ) ;
#1015 = VECTOR ( 'NONE', #6866, 1000.000000000000000 ) ;
#1016 = CARTESIAN_POINT ( 'NONE',  ( -3.499999999999996003, 28.11543744278040435, 20.00000000000001066 ) ) ;
#1017 = TOROIDAL_SURFACE ( 'NONE', #7721, 12.24999999999999822, 2.000000000000000000 ) ;
#1018 = CARTESIAN_POINT ( 'NONE',  ( -21.66471829040076003, 27.67975458901909747, -14.25341154080420480 ) ) ;
#1019 = CARTESIAN_POINT ( 'NONE',  ( 0.000000000000000000, -14.50000000000000000, 22.00000000000000000 ) ) ;
#1020 = CARTESIAN_POINT ( 'NONE',  ( -24.90534709129977742, 27.87861807367706035, 11.54678181259581038 ) ) ;
#1021 = VERTEX_POINT ( 'NONE', #9851 ) ;
#1022 = ORIENTED_EDGE ( 'NONE', *, *, #1162, .F. ) ;
#1023 = AXIS2_PLACEMENT_3D ( 'NONE', #2924, #5485, #4716 ) ;
#1024 = CARTESIAN_POINT ( 'NONE',  ( -22.21361719324935535, 26.50000000000000355, 5.000000000000060396 ) ) ;
#1025 = VECTOR ( 'NONE', #5766, 1000.000000000000000 ) ;
#1026 = ORIENTED_EDGE ( 'NONE', *, *, #85, .T. ) ;
#1027 = CARTESIAN_POINT ( 'NONE',  ( -18.21892336110601818, 42.76785478523052575, 19.99999999999998934 ) ) ;
#1028 = CARTESIAN_POINT ( 'NONE',  ( -3.736566278107408046, -15.56176968832161300, 14.55489619361348019 ) ) ;
#1029 = EDGE_CURVE ( 'NONE', #3674, #4820, #1408, .T. ) ;
#1030 = AXIS2_PLACEMENT_3D ( 'NONE', #8724, #1752, #4872 ) ;
#1031 = CARTESIAN_POINT ( 'NONE',  ( -3.522014661186108508, -14.26460325277600383, -15.20348140284377081 ) ) ;
#1032 = VECTOR ( 'NONE', #694, 1000.000000000000114 ) ;
#1033 = CARTESIAN_POINT ( 'NONE',  ( 6.816784341114241919, 25.18321565888576430, -18.69545827882392075 ) ) ;
#1034 = DIRECTION ( 'NONE',  ( -1.000000000000000000, 0.000000000000000000, -0.000000000000000000 ) ) ;
#1035 = EDGE_CURVE ( 'NONE', #9846, #2451, #6915, .T. ) ;
#1036 = CYLINDRICAL_SURFACE ( 'NONE', #2985, 0.9500000000000040634 ) ;
#1037 = B_SPLINE_CURVE_WITH_KNOTS ( 'NONE', 3,
 ( #3293, #8798, #6421, #316, #8899, #9626, #4992, #3347, #7343, #1097, #1817, #2581, #1769, #4887, #8010, #4216, #4785 ),
 .UNSPECIFIED., .F., .F.,
 ( 4, 2, 1, 2, 2, 2, 2, 2, 4 ),
 ( 0.000000000000000000, 0.1249999999999946987, 0.1874999999999954203, 0.2187499999999923117, 0.2499999999999891753, 0.3749999999999897304, 0.4374999999999899525, 0.4999999999999901190, 1.000000000000000000 ),
 .UNSPECIFIED. ) ;
#1038 = EDGE_LOOP ( 'NONE', ( #4369, #4575, #4724, #5875 ) ) ;
#1039 = VERTEX_POINT ( 'NONE', #9233 ) ;
#1040 = CARTESIAN_POINT ( 'NONE',  ( 7.499999999999996447, -14.50000000000000000, 12.35000000000000320 ) ) ;
#1041 = VECTOR ( 'NONE', #6329, 1000.000000000000000 ) ;
#1042 = ORIENTED_EDGE ( 'NONE', *, *, #1314, .T. ) ;
#1043 = AXIS2_PLACEMENT_3D ( 'NONE', #9038, #6663, #3693 ) ;
#1044 = CARTESIAN_POINT ( 'NONE',  ( 3.499999999999993339, 18.50000000000000000, -5.000000000000000000 ) ) ;
#1045 = DIRECTION ( 'NONE',  ( 0.000000000000000000, 0.000000000000000000, -1.000000000000000000 ) ) ;
#1046 = DIRECTION ( 'NONE',  ( -0.4226182617407035491, -0.9063077870366480493, 0.000000000000000000 ) ) ;
#1047 = CARTESIAN_POINT ( 'NONE',  ( 9.396342007354087755, 19.77523086789977924, 15.35000000000000675 ) ) ;
#1048 = CIRCLE ( 'NONE', #3655, 1.999999999999996225 ) ;
#1049 = FACE_OUTER_BOUND ( 'NONE', #4441, .T. ) ;
#1050 = CIRCLE ( 'NONE', #7099, 0.7999999999999904965 ) ;
#1051 = EDGE_CURVE ( 'NONE', #9808, #5962, #8725, .T. ) ;
#1052 = VERTEX_POINT ( 'NONE', #1433 ) ;
#1053 = ORIENTED_EDGE ( 'NONE', *, *, #4858, .F. ) ;
#1054 = DIRECTION ( 'NONE',  ( 0.000000000000000000, 0.000000000000000000, 1.000000000000000000 ) ) ;
#1055 = VERTEX_POINT ( 'NONE', #2256 ) ;
#1056 = ADVANCED_FACE ( 'NONE', ( #1225 ), #1424, .T. ) ;
#1057 = CARTESIAN_POINT ( 'NONE',  ( -23.30267312972565819, 26.45204214760023120, -13.52070256471512977 ) ) ;
#1058 = DIRECTION ( 'NONE',  ( 0.9063077870366479383, -0.4226182617407037712, 0.000000000000000000 ) ) ;
#1059 = CYLINDRICAL_SURFACE ( 'NONE', #671, 1.049999999999991163 ) ;
#1060 = LINE ( 'NONE', #4280, #6758 ) ;
#1061 = AXIS2_PLACEMENT_3D ( 'NONE', #5263, #8387, #1373 ) ;
#1062 = APPLICATION_CONTEXT ( 'automotive_design' ) ;
#1063 = CARTESIAN_POINT ( 'NONE',  ( -18.40278151953759433, -18.25833108827740503, 17.29778286657123232 ) ) ;
#1064 = VECTOR ( 'NONE', #8494, 1000.000000000000000 ) ;
#1065 = ORIENTED_EDGE ( 'NONE', *, *, #7591, .F. ) ;
#1066 = ORIENTED_EDGE ( 'NONE', *, *, #4371, .F. ) ;
#1067 = CARTESIAN_POINT ( 'NONE',  ( -9.132393101864302309, 40.95816756101258704, -19.49999999999999645 ) ) ;
#1068 = ORIENTED_EDGE ( 'NONE', *, *, #2455, .F. ) ;
#1069 = DIRECTION ( 'NONE',  ( -0.4226182617407037156, -0.9063077870366479383, 0.000000000000000000 ) ) ;
#1070 = DIRECTION ( 'NONE',  ( 1.000000000000000000, -0.000000000000000000, 0.000000000000000000 ) ) ;
#1071 = VECTOR ( 'NONE', #4110, 1000.000000000000000 ) ;
#1072 = CARTESIAN_POINT ( 'NONE',  ( -20.81318662453905688, 27.93938363319870177, -14.67918696453601868 ) ) ;
#1073 = CARTESIAN_POINT ( 'NONE',  ( 5.499999999999994671, -14.50000000000000000, 13.35000000000000497 ) ) ;
#1074 = EDGE_CURVE ( 'NONE', #9817, #8447, #3217, .T. ) ;
#1075 = DIRECTION ( 'NONE',  ( -0.4226182617407045483, -0.9063077870366476052, 0.000000000000000000 ) ) ;
#1076 = CARTESIAN_POINT ( 'NONE',  ( -24.47423534542446433, 28.79183007844183706, 11.89040824051948775 ) ) ;
#1077 = VERTEX_POINT ( 'NONE', #810 ) ;
#1078 = EDGE_CURVE ( 'NONE', #4027, #6937, #3261, .T. ) ;
#1079 = EDGE_LOOP ( 'NONE', ( #3497, #10133 ) ) ;
#1080 = CARTESIAN_POINT ( 'NONE',  ( -5.530614342596865463, 6.735533208187600974E-15, 11.00000000000002487 ) ) ;
#1081 = AXIS2_PLACEMENT_3D ( 'NONE', #39, #1342, #2926 ) ;
#1082 = VECTOR ( 'NONE', #1058, 1000.000000000000000 ) ;
#1083 = CARTESIAN_POINT ( 'NONE',  ( -24.58578643762690064, 24.77974537465698646, 12.91421356237307805 ) ) ;
#1084 = CARTESIAN_POINT ( 'NONE',  ( -3.619614464888163852, -15.03414734434648459, 14.81870671765991254 ) ) ;
#1085 = EDGE_CURVE ( 'NONE', #6619, #609, #5470, .T. ) ;
#1086 = FACE_OUTER_BOUND ( 'NONE', #3614, .T. ) ;
#1087 = ADVANCED_FACE ( 'NONE', ( #6182 ), #762, .T. ) ;
#1088 = CARTESIAN_POINT ( 'NONE',  ( 7.108287603893579387, 22.45499766746706882, -18.62102151003934125 ) ) ;
#1089 = EDGE_LOOP ( 'NONE', ( #7566, #4920, #8807, #2563 ) ) ;
#1090 = FACE_OUTER_BOUND ( 'NONE', #4324, .T. ) ;
#1091 = ORIENTED_EDGE ( 'NONE', *, *, #5124, .F. ) ;
#1092 = EDGE_LOOP ( 'NONE', ( #6174, #7893, #686 ) ) ;
#1093 = CARTESIAN_POINT ( 'NONE',  ( -15.91576634064152351, 40.57106781186543998, -16.99999999999999645 ) ) ;
#1094 = ORIENTED_EDGE ( 'NONE', *, *, #4506, .F. ) ;
#1095 = CARTESIAN_POINT ( 'NONE',  ( 0.000000000000000000, -9.550000000000000711, 10.05000000000000249 ) ) ;
#1096 = DIRECTION ( 'NONE',  ( 0.000000000000000000, 0.000000000000000000, -1.000000000000000000 ) ) ;
#1097 = CARTESIAN_POINT ( 'NONE',  ( -3.549471627155370790, -17.05422441177330128, 14.07856433019594533 ) ) ;
#1098 = CARTESIAN_POINT ( 'NONE',  ( 0.9821122078859934046, 76.84600369442614465, 19.99999999999998934 ) ) ;
#1099 = CYLINDRICAL_SURFACE ( 'NONE', #9722, 1.000000000000000000 ) ;
#1100 = DIRECTION ( 'NONE',  ( -0.9063077870366480493, 0.4226182617407036046, 0.000000000000000000 ) ) ;
#1101 = ORIENTED_EDGE ( 'NONE', *, *, #7612, .F. ) ;
#1102 = ORIENTED_EDGE ( 'NONE', *, *, #4749, .F. ) ;
#1103 = CARTESIAN_POINT ( 'NONE',  ( -22.88076860274301438, 32.35205706967621353, -4.999999999999999112 ) ) ;
#1104 = ORIENTED_EDGE ( 'NONE', *, *, #5330, .F. ) ;
#1105 = CARTESIAN_POINT ( 'NONE',  ( -24.95968807796470657, 27.70720002306340746, -11.53748957534576824 ) ) ;
#1106 = LINE ( 'NONE', #1779, #6474 ) ;
#1107 = DIRECTION ( 'NONE',  ( -0.4226182617407038267, -0.9063077870366479383, 0.000000000000000000 ) ) ;
#1108 = CARTESIAN_POINT ( 'NONE',  ( -3.499999999999995559, -18.31597779712460650, 13.55499293393447324 ) ) ;
#1109 = EDGE_CURVE ( 'NONE', #9957, #5757, #6777, .T. ) ;
#1110 = DIRECTION ( 'NONE',  ( -1.000000000000000000, -0.000000000000000000, -0.000000000000000000 ) ) ;
#1111 = VERTEX_POINT ( 'NONE', #10153 ) ;
#1112 = ORIENTED_EDGE ( 'NONE', *, *, #3071, .F. ) ;
#1113 = CARTESIAN_POINT ( 'NONE',  ( 7.499999999999992895, -14.50000000000000000, -17.64999999999999503 ) ) ;
#1114 = ORIENTED_EDGE ( 'NONE', *, *, #6259, .T. ) ;
#1115 = CARTESIAN_POINT ( 'NONE',  ( 6.302696986155223335, 62.22781715790498680, 13.99999999999999822 ) ) ;
#1116 = EDGE_CURVE ( 'NONE', #7439, #172, #3144, .T. ) ;
#1117 = DIRECTION ( 'NONE',  ( -0.9396926207859089830, -0.3420201433256674362, -0.000000000000000000 ) ) ;
#1118 = CARTESIAN_POINT ( 'NONE',  ( -22.71629261286153323, 27.39001814001279200, -13.88499447053082747 ) ) ;
#1119 = LINE ( 'NONE', #7614, #6404 ) ;
#1120 = EDGE_CURVE ( 'NONE', #7250, #6417, #7398, .T. ) ;
#1121 = CARTESIAN_POINT ( 'NONE',  ( -2.499999999999999556, 24.55000000000000071, -5.000000000000000000 ) ) ;
#1122 = DIRECTION ( 'NONE',  ( 0.000000000000000000, 0.000000000000000000, 1.000000000000000000 ) ) ;
#1123 = VERTEX_POINT ( 'NONE', #914 ) ;
#1124 = VERTEX_POINT ( 'NONE', #4699 ) ;
#1125 = CARTESIAN_POINT ( 'NONE',  ( -23.41421356237310647, 28.94386456752657466, -14.08578643762685623 ) ) ;
#1126 = CARTESIAN_POINT ( 'NONE',  ( 3.000138847293654099, 33.97281591492336617, 16.69506864623646791 ) ) ;
#1127 = ADVANCED_FACE ( 'NONE', ( #8703 ), #3161, .F. ) ;
#1128 = CARTESIAN_POINT ( 'NONE',  ( -3.561888030911581016, -14.66055545699497564, 15.00547663117050767 ) ) ;
#1129 = DIRECTION ( 'NONE',  ( 0.000000000000000000, 0.000000000000000000, -1.000000000000000000 ) ) ;
#1130 = DIRECTION ( 'NONE',  ( -0.4226182617407032160, -0.9063077870366481603, 0.000000000000000000 ) ) ;
#1131 = CARTESIAN_POINT ( 'NONE',  ( -23.02574682216872048, 29.29586713194055747, -14.47425317783125465 ) ) ;
#1132 = ORIENTED_EDGE ( 'NONE', *, *, #2605, .F. ) ;
#1133 = EDGE_CURVE ( 'NONE', #334, #7478, #5449, .T. ) ;
#1134 = CARTESIAN_POINT ( 'NONE',  ( 8.328427124746188071, -7.549999999999999822, 8.050000000000000711 ) ) ;
#1135 = ORIENTED_EDGE ( 'NONE', *, *, #1109, .T. ) ;
#1136 = VERTEX_POINT ( 'NONE', #5570 ) ;
#1137 = CARTESIAN_POINT ( 'NONE',  ( 25.50000000000000355, -14.50000000000000000, -0.8999999999999966915 ) ) ;
#1138 = VERTEX_POINT ( 'NONE', #6386 ) ;
#1139 = CARTESIAN_POINT ( 'NONE',  ( 10.22476913210027760, 21.77523086789978279, 16.17842712474619660 ) ) ;
#1140 = LINE ( 'NONE', #7342, #320 ) ;
#1141 = CARTESIAN_POINT ( 'NONE',  ( 0.8740114256920418212, 37.98680404637003960, 20.94954799291321024 ) ) ;
#1142 = CARTESIAN_POINT ( 'NONE',  ( -22.28468935347593316, 27.47109631796692142, 14.01699776033008504 ) ) ;
#1143 = CARTESIAN_POINT ( 'NONE',  ( -16.08578643762685800, 41.77315670190874641, 21.41421356237309581 ) ) ;
#1144 = VECTOR ( 'NONE', #2283, 1000.000000000000000 ) ;
#1145 = EDGE_CURVE ( 'NONE', #3657, #7338, #6295, .T. ) ;
#1146 = CARTESIAN_POINT ( 'NONE',  ( 12.00000000000004263, 20.00000000000000000, 17.95365799264596163 ) ) ;
#1147 = ORIENTED_EDGE ( 'NONE', *, *, #2640, .T. ) ;
#1148 = ORIENTED_EDGE ( 'NONE', *, *, #2760, .F. ) ;
#1149 = CARTESIAN_POINT ( 'NONE',  ( -18.65764051238643617, 8.700200654028813929, 11.00000000000002309 ) ) ;
#1150 = VECTOR ( 'NONE', #1483, 1000.000000000000114 ) ;
#1151 = VERTEX_POINT ( 'NONE', #711 ) ;
#1152 = CARTESIAN_POINT ( 'NONE',  ( -23.27744287412236091, 26.54351787086973857, -13.50994903510905942 ) ) ;
#1153 = VECTOR ( 'NONE', #9638, 1000.000000000000000 ) ;
#1154 = CIRCLE ( 'NONE', #6346, 0.9749999999999984235 ) ;
#1155 = CARTESIAN_POINT ( 'NONE',  ( -23.65148127733721495, 25.79790118467847293, 13.44207925825099181 ) ) ;
#1156 = EDGE_CURVE ( 'NONE', #2709, #3181, #5115, .T. ) ;
#1157 = CARTESIAN_POINT ( 'NONE',  ( -4.345955366013320997, 48.09129179513668362, 26.59129179513672980 ) ) ;
#1158 = CARTESIAN_POINT ( 'NONE',  ( 3.008659104022688435, 33.86791587487892485, 76.26183934523054120 ) ) ;
#1159 = CARTESIAN_POINT ( 'NONE',  ( -22.81076645485400078, -15.49999999999997158, 12.21623435616703546 ) ) ;
#1160 = AXIS2_PLACEMENT_3D ( 'NONE', #6729, #9105, #4422 ) ;
#1161 = LINE ( 'NONE', #1886, #4638 ) ;
#1162 = EDGE_CURVE ( 'NONE', #2463, #2346, #7241, .T. ) ;
#1163 = ORIENTED_EDGE ( 'NONE', *, *, #5938, .F. ) ;
#1164 = ORIENTED_EDGE ( 'NONE', *, *, #3632, .T. ) ;
#1165 = DIRECTION ( 'NONE',  ( 0.000000000000000000, 1.000000000000000000, 0.000000000000000000 ) ) ;
#1166 = EDGE_LOOP ( 'NONE', ( #5686, #9126, #6550, #7132 ) ) ;
#1167 = B_SPLINE_CURVE_WITH_KNOTS ( 'NONE', 3,
 ( #3563, #2138, #6689, #9893, #8286, #5211, #2792, #2092, #552, #8331, #5916, #1423 ),
 .UNSPECIFIED., .F., .F.,
 ( 4, 2, 2, 2, 2, 4 ),
 ( 0.000000000000000000, 0.0002812720068733686818, 0.0005625440137467373636, 0.001125088027493494460, 0.001687632041240251556, 0.002250176054987008435 ),
 .UNSPECIFIED. ) ;
#1168 = CARTESIAN_POINT ( 'NONE',  ( -21.99999999999999645, 26.11543744278040080, 13.49999999999998046 ) ) ;
#1169 = VECTOR ( 'NONE', #7171, 1000.000000000000000 ) ;
#1170 = CARTESIAN_POINT ( 'NONE',  ( 0.000000000000000000, 13.50000000000000000, -5.000000000000000000 ) ) ;
#1171 = CARTESIAN_POINT ( 'NONE',  ( -3.499999999999996003, -13.67157287525381015, 15.49999999999998046 ) ) ;
#1172 = DIRECTION ( 'NONE',  ( -1.000000000000000000, 8.673617379884027583E-16, 0.000000000000000000 ) ) ;
#1173 = CARTESIAN_POINT ( 'NONE',  ( -23.27746546071191247, 26.54347473225409004, 13.50994419330373120 ) ) ;
#1174 = ORIENTED_EDGE ( 'NONE', *, *, #4798, .F. ) ;
#1175 = ORIENTED_EDGE ( 'NONE', *, *, #1710, .T. ) ;
#1176 = CARTESIAN_POINT ( 'NONE',  ( -2.484330159686756190, 76.45328047788609638, 20.32632657001498444 ) ) ;
#1177 = ADVANCED_FACE ( 'NONE', ( #7720 ), #7548, .T. ) ;
#1178 = AXIS2_PLACEMENT_3D ( 'NONE', #410, #7528, #7425 ) ;
#1179 = DIRECTION ( 'NONE',  ( 0.000000000000000000, 0.000000000000000000, -1.000000000000000000 ) ) ;
#1180 = EDGE_CURVE ( 'NONE', #826, #8235, #6165, .T. ) ;
#1181 = VECTOR ( 'NONE', #2258, 1000.000000000000114 ) ;
#1182 = DIRECTION ( 'NONE',  ( -0.4226182617407037712, -0.9063077870366479383, -1.577721810442023986E-33 ) ) ;
#1183 = AXIS2_PLACEMENT_3D ( 'NONE', #7544, #8363, #1347 ) ;
#1184 = CARTESIAN_POINT ( 'NONE',  ( -2.280949176003796985, -17.48829634125913302, 14.51170365874083323 ) ) ;
#1185 = CARTESIAN_POINT ( 'NONE',  ( 14.83245263440451467, 63.95652609376352160, 16.17157287525380838 ) ) ;
#1186 = ORIENTED_EDGE ( 'NONE', *, *, #6514, .F. ) ;
#1187 = CARTESIAN_POINT ( 'NONE',  ( -23.81579749656515688, 28.52699465135955137, -13.68420250343480404 ) ) ;
#1188 = ORIENTED_EDGE ( 'NONE', *, *, #5194, .T. ) ;
#1189 = ORIENTED_EDGE ( 'NONE', *, *, #3694, .T. ) ;
#1190 = DIRECTION ( 'NONE',  ( -0.000000000000000000, -0.000000000000000000, -1.000000000000000000 ) ) ;
#1191 = ORIENTED_EDGE ( 'NONE', *, *, #5194, .F. ) ;
#1192 = DIRECTION ( 'NONE',  ( 0.000000000000000000, 0.000000000000000000, 1.000000000000000000 ) ) ;
#1193 = AXIS2_PLACEMENT_3D ( 'NONE', #3972, #7153, #8594 ) ;
#1194 = CARTESIAN_POINT ( 'NONE',  ( -12.31348600312988140, 5.741872821843920782, -16.17157287525382259 ) ) ;
#1195 = VECTOR ( 'NONE', #6218, 1000.000000000000000 ) ;
#1196 = DIRECTION ( 'NONE',  ( 0.000000000000000000, -1.000000000000000000, 0.000000000000000000 ) ) ;
#1197 = CYLINDRICAL_SURFACE ( 'NONE', #1160, 3.000000000000001776 ) ;
#1198 = EDGE_CURVE ( 'NONE', #905, #3129, #9683, .T. ) ;
#1199 = LINE ( 'NONE', #1351, #5937 ) ;
#1200 = FACE_OUTER_BOUND ( 'NONE', #6468, .T. ) ;
#1201 = CIRCLE ( 'NONE', #2668, 0.8000000000000038192 ) ;
#1202 = AXIS2_PLACEMENT_3D ( 'NONE', #7639, #9191, #9242 ) ;
#1203 = ORIENTED_EDGE ( 'NONE', *, *, #5925, .T. ) ;
#1204 = EDGE_LOOP ( 'NONE', ( #5733, #7117, #1255, #3988 ) ) ;
#1205 = CARTESIAN_POINT ( 'NONE',  ( -2.500000000000001332, 18.50000000000000000, 5.000000000000000000 ) ) ;
#1206 = EDGE_LOOP ( 'NONE', ( #4727, #2552, #63, #2359, #1764 ) ) ;
#1207 = CARTESIAN_POINT ( 'NONE',  ( -23.29899073313266555, 26.50236334814997008, -13.50532935140008028 ) ) ;
#1208 =( BOUNDED_CURVE ( )  B_SPLINE_CURVE ( 3, ( #4219, #9673, #5043, #3351 ),
 .UNSPECIFIED., .F., .T. ) 
 B_SPLINE_CURVE_WITH_KNOTS ( ( 4, 4 ),
 ( 4.712388980386914561, 5.497787143782137953 ),
 .UNSPECIFIED. ) 
 CURVE ( )  GEOMETRIC_REPRESENTATION_ITEM ( )  RATIONAL_B_SPLINE_CURVE ( ( 1.000000000000000000, 0.9492530216744748950, 0.9492530216744748950, 1.000000000000000000 ) ) 
 REPRESENTATION_ITEM ( '' )  );
#1209 = CARTESIAN_POINT ( 'NONE',  ( 15.49999999999999467, -11.55000000000000071, 8.175000000000004263 ) ) ;
#1210 = CARTESIAN_POINT ( 'NONE',  ( -17.49818108852060661, 37.03553390593270223, 15.53553390593272887 ) ) ;
#1211 = FACE_OUTER_BOUND ( 'NONE', #6682, .T. ) ;
#1212 = AXIS2_PLACEMENT_3D ( 'NONE', #9753, #2707, #9083 ) ;
#1213 = DIRECTION ( 'NONE',  ( -1.000000000000000000, 0.000000000000000000, 0.000000000000000000 ) ) ;
#1214 = EDGE_CURVE ( 'NONE', #906, #5213, #2593, .T. ) ;
#1215 = DIRECTION ( 'NONE',  ( 3.452186021844392907E-16, 0.000000000000000000, 1.000000000000000000 ) ) ;
#1216 = ORIENTED_EDGE ( 'NONE', *, *, #7897, .F. ) ;
#1217 = ORIENTED_EDGE ( 'NONE', *, *, #2780, .T. ) ;
#1218 = DIRECTION ( 'NONE',  ( 0.000000000000000000, -1.734723475976807094E-15, -1.000000000000000000 ) ) ;
#1219 = ORIENTED_EDGE ( 'NONE', *, *, #8034, .T. ) ;
#1220 = ORIENTED_EDGE ( 'NONE', *, *, #9376, .T. ) ;
#1221 = VECTOR ( 'NONE', #1300, 1000.000000000000114 ) ;
#1222 = CARTESIAN_POINT ( 'NONE',  ( 3.349249737137284910, 39.33071801089653263, 14.00000000000000355 ) ) ;
#1223 = FACE_OUTER_BOUND ( 'NONE', #4366, .T. ) ;
#1224 = EDGE_CURVE ( 'NONE', #79, #3933, #5053, .T. ) ;
#1225 = FACE_OUTER_BOUND ( 'NONE', #2070, .T. ) ;
#1226 = AXIS2_PLACEMENT_3D ( 'NONE', #1470, #2250, #5407 ) ;
#1227 = CIRCLE ( 'NONE', #1888, 8.750000000000005329 ) ;
#1228 = DIRECTION ( 'NONE',  ( -1.000000000000000000, 0.000000000000000000, 0.000000000000000000 ) ) ;
#1229 = CARTESIAN_POINT ( 'NONE',  ( -23.21924687068865367, 26.61090204533689629, 13.53854175466384824 ) ) ;
#1230 = ORIENTED_EDGE ( 'NONE', *, *, #9108, .T. ) ;
#1231 = ORIENTED_EDGE ( 'NONE', *, *, #1880, .F. ) ;
#1232 = AXIS2_PLACEMENT_3D ( 'NONE', #6842, #2940, #7500 ) ;
#1233 = CARTESIAN_POINT ( 'NONE',  ( 7.499999999999992895, 11.55000000000000249, -15.64999999999999325 ) ) ;
#1234 = VECTOR ( 'NONE', #2772, 1000.000000000000000 ) ;
#1235 = DIRECTION ( 'NONE',  ( -0.9063077870366480493, 0.4226182617407038822, 0.000000000000000000 ) ) ;
#1236 = EDGE_CURVE ( 'NONE', #9210, #5862, #1060, .T. ) ;
#1237 = CARTESIAN_POINT ( 'NONE',  ( -2.515647987437584554, -17.77427767080051169, 14.22572232919945101 ) ) ;
#1238 = EDGE_CURVE ( 'NONE', #3804, #5838, #3309, .T. ) ;
#1239 = AXIS2_PLACEMENT_3D ( 'NONE', #3605, #6738, #7505 ) ;
#1240 = CARTESIAN_POINT ( 'NONE',  ( -25.10333681148509655, 27.37952343013033030, 11.50448246378149086 ) ) ;
#1241 = ORIENTED_EDGE ( 'NONE', *, *, #7455, .F. ) ;
#1242 = DIRECTION ( 'NONE',  ( 1.020425574104004122E-16, 0.000000000000000000, 1.000000000000000000 ) ) ;
#1243 = ORIENTED_EDGE ( 'NONE', *, *, #4137, .F. ) ;
#1244 = VERTEX_POINT ( 'NONE', #9639 ) ;
#1245 = PLANE ( 'NONE',  #8441 ) ;
#1246 = ORIENTED_EDGE ( 'NONE', *, *, #4399, .T. ) ;
#1247 = CARTESIAN_POINT ( 'NONE',  ( -14.67157287525376752, 28.11543744278040435, 20.00000000000001066 ) ) ;
#1248 = AXIS2_PLACEMENT_3D ( 'NONE', #6593, #3415, #8290 ) ;
#1249 = CARTESIAN_POINT ( 'NONE',  ( 19.42485226250833108, 55.28132222185225686, 1.255262969126037241E-15 ) ) ;
#1250 = CARTESIAN_POINT ( 'NONE',  ( 7.499999999999992895, 12.50000000000000000, -14.64999999999999503 ) ) ;
#1251 = CARTESIAN_POINT ( 'NONE',  ( -1.500000000000007772, -15.08578643762689708, 16.91421356237306739 ) ) ;
#1252 = EDGE_CURVE ( 'NONE', #5828, #3394, #3337, .T. ) ;
#1253 = FACE_OUTER_BOUND ( 'NONE', #576, .T. ) ;
#1254 = CYLINDRICAL_SURFACE ( 'NONE', #517, 0.9500000000000040634 ) ;
#1255 = ORIENTED_EDGE ( 'NONE', *, *, #873, .T. ) ;
#1256 = ORIENTED_EDGE ( 'NONE', *, *, #8058, .T. ) ;
#1257 = EDGE_CURVE ( 'NONE', #5896, #6988, #4957, .T. ) ;
#1258 = DIRECTION ( 'NONE',  ( 0.2792582776338208839, -0.7672558119947076039, 0.5773502691896260641 ) ) ;
#1259 = ORIENTED_EDGE ( 'NONE', *, *, #946, .T. ) ;
#1260 = CARTESIAN_POINT ( 'NONE',  ( 3.499624734673292714, 17.03554479411195643, 5.203723541773945804 ) ) ;
#1261 = EDGE_CURVE ( 'NONE', #4572, #9895, #8132, .T. ) ;
#1262 = FACE_OUTER_BOUND ( 'NONE', #7949, .T. ) ;
#1263 = CARTESIAN_POINT ( 'NONE',  ( 5.331362908464479133, 26.88421500388450625, -17.13837423813511052 ) ) ;
#1264 = CARTESIAN_POINT ( 'NONE',  ( -17.57611152547500311, 42.46810670351286632, -19.92388847452497913 ) ) ;
#1265 = ADVANCED_FACE ( 'NONE', ( #7309 ), #1935, .T. ) ;
#1266 = CARTESIAN_POINT ( 'NONE',  ( -0.5000000000000082157, 22.54999999999999716, -8.050000000000004263 ) ) ;
#1267 = DIRECTION ( 'NONE',  ( -1.000000000000000000, 2.443752733393693539E-16, 2.443752733393690088E-16 ) ) ;
#1268 = CARTESIAN_POINT ( 'NONE',  ( 7.169064422819454663, 64.08574812123060838, -14.00000000000000178 ) ) ;
#1269 = ORIENTED_EDGE ( 'NONE', *, *, #9481, .T. ) ;
#1270 = ORIENTED_EDGE ( 'NONE', *, *, #1238, .T. ) ;
#1271 = ADVANCED_FACE ( 'NONE', ( #331 ), #8812, .T. ) ;
#1272 = FACE_OUTER_BOUND ( 'NONE', #7351, .T. ) ;
#1273 = VERTEX_POINT ( 'NONE', #7260 ) ;
#1274 = ORIENTED_EDGE ( 'NONE', *, *, #5330, .T. ) ;
#1275 = DIRECTION ( 'NONE',  ( 0.9063077870366479383, -0.4226182617407038267, -0.000000000000000000 ) ) ;
#1276 = CARTESIAN_POINT ( 'NONE',  ( -15.91576634064152351, 40.57106781186543998, 16.99999999999999645 ) ) ;
#1277 = DIRECTION ( 'NONE',  ( 0.000000000000000000, 0.000000000000000000, -1.000000000000000000 ) ) ;
#1278 = CARTESIAN_POINT ( 'NONE',  ( -19.47673684580214370, 28.11008654540538032, -15.34741779989038868 ) ) ;
#1279 = LINE ( 'NONE', #4402, #6935 ) ;
#1280 = EDGE_CURVE ( 'NONE', #5713, #10130, #6534, .T. ) ;
#1281 = PLANE ( 'NONE',  #6080 ) ;
#1282 = ORIENTED_EDGE ( 'NONE', *, *, #214, .F. ) ;
#1283 = CARTESIAN_POINT ( 'NONE',  ( -10.50087042905658841, 4.896636298362510686, 16.17157287525381548 ) ) ;
#1284 = CARTESIAN_POINT ( 'NONE',  ( 5.593801475244159604, 26.28628702708785880, 14.77500334487468869 ) ) ;
#1285 = EDGE_CURVE ( 'NONE', #7166, #6391, #9013, .T. ) ;
#1286 = CARTESIAN_POINT ( 'NONE',  ( -3.740137379838109677, -15.57230498354939918, -14.54962476931982707 ) ) ;
#1287 = CARTESIAN_POINT ( 'NONE',  ( -4.007823994446070515, -16.36006410977200431, 14.15575438274087716 ) ) ;
#1288 = DIRECTION ( 'NONE',  ( 0.000000000000000000, 0.000000000000000000, 1.000000000000000000 ) ) ;
#1289 = ORIENTED_EDGE ( 'NONE', *, *, #4112, .T. ) ;
#1290 = LINE ( 'NONE', #5846, #6588 ) ;
#1291 = ORIENTED_EDGE ( 'NONE', *, *, #2889, .T. ) ;
#1292 = VERTEX_POINT ( 'NONE', #492 ) ;
#1293 = CARTESIAN_POINT ( 'NONE',  ( -2.994904772160562612, 42.28904584305519165, 76.26183934523044172 ) ) ;
#1294 = EDGE_LOOP ( 'NONE', ( #7410, #3253, #2367, #6150, #9445, #362 ) ) ;
#1295 = LINE ( 'NONE', #5953, #9440 ) ;
#1296 = CARTESIAN_POINT ( 'NONE',  ( -0.5000000000000079936, -7.550000000000000711, -6.049999999999996270 ) ) ;
#1297 = CARTESIAN_POINT ( 'NONE',  ( -0.4171180129314356333, 40.31254662931095112, 22.00000000000000000 ) ) ;
#1298 = LINE ( 'NONE', #3652, #6060 ) ;
#1299 = DIRECTION ( 'NONE',  ( -0.7071067811865484609, 0.000000000000000000, 0.7071067811865465735 ) ) ;
#1300 = DIRECTION ( 'NONE',  ( 0.4085227688752219866, 0.9127481291739369951, 0.000000000000000000 ) ) ;
#1301 = ORIENTED_EDGE ( 'NONE', *, *, #2206, .F. ) ;
#1302 = ORIENTED_EDGE ( 'NONE', *, *, #3096, .F. ) ;
#1303 = DIRECTION ( 'NONE',  ( 1.000000000000000000, -0.000000000000000000, -0.000000000000000000 ) ) ;
#1304 = EDGE_CURVE ( 'NONE', #3129, #230, #6741, .T. ) ;
#1305 = ORIENTED_EDGE ( 'NONE', *, *, #5673, .T. ) ;
#1306 = CARTESIAN_POINT ( 'NONE',  ( 3.325445829453562041, 15.06049139370630918, 6.365980440295636811 ) ) ;
#1307 = EDGE_CURVE ( 'NONE', #307, #2566, #2847, .T. ) ;
#1308 = DIRECTION ( 'NONE',  ( 0.000000000000000000, 0.000000000000000000, 1.000000000000000000 ) ) ;
#1309 = CARTESIAN_POINT ( 'NONE',  ( -19.11269873676979003, -15.49999999999997335, -13.49999999999995026 ) ) ;
#1310 = CARTESIAN_POINT ( 'NONE',  ( 15.09301507966612199, 45.99166740472661985, 0.000000000000000000 ) ) ;
#1311 = VECTOR ( 'NONE', #7578, 1000.000000000000000 ) ;
#1312 = DIRECTION ( 'NONE',  ( -0.000000000000000000, -1.000000000000000000, 1.193194596467784409E-16 ) ) ;
#1313 = CARTESIAN_POINT ( 'NONE',  ( 1.828134543043436144, 34.86580960903773985, -20.00000000000000000 ) ) ;
#1314 = EDGE_CURVE ( 'NONE', #8125, #5703, #8605, .T. ) ;
#1315 = CARTESIAN_POINT ( 'NONE',  ( -21.33704153100232759, -4.550374131722238147, 20.00000000000000000 ) ) ;
#1316 = LINE ( 'NONE', #7565, #9412 ) ;
#1317 = VERTEX_POINT ( 'NONE', #5305 ) ;
#1318 = EDGE_LOOP ( 'NONE', ( #7157, #4444, #1188, #8631 ) ) ;
#1319 = LINE ( 'NONE', #4589, #4358 ) ;
#1320 = MECHANICAL_DESIGN_GEOMETRIC_PRESENTATION_REPRESENTATION (  '', ( #8688 ), #2145 ) ;
#1321 = ORIENTED_EDGE ( 'NONE', *, *, #7401, .F. ) ;
#1322 = ORIENTED_EDGE ( 'NONE', *, *, #1555, .F. ) ;
#1323 = CARTESIAN_POINT ( 'NONE',  ( 7.499999999999992895, -11.55000000000000071, -17.64999999999999503 ) ) ;
#1324 = DIRECTION ( 'NONE',  ( -0.6509445549041188439, 0.3905667329424701850, 0.6509445549041206203 ) ) ;
#1325 = CARTESIAN_POINT ( 'NONE',  ( -1.500000000000008438, -15.08578643762692550, -16.91421356237303897 ) ) ;
#1326 = DIRECTION ( 'NONE',  ( 0.000000000000000000, 0.000000000000000000, 1.000000000000000000 ) ) ;
#1327 = VECTOR ( 'NONE', #8328, 1000.000000000000000 ) ;
#1328 =( BOUNDED_CURVE ( )  B_SPLINE_CURVE ( 3, ( #9517, #8740, #7968, #948 ),
 .UNSPECIFIED., .F., .T. ) 
 B_SPLINE_CURVE_WITH_KNOTS ( ( 4, 4 ),
 ( 1.193194596467783669E-16, 1.570796326794896780 ),
 .UNSPECIFIED. ) 
 CURVE ( )  GEOMETRIC_REPRESENTATION_ITEM ( )  RATIONAL_B_SPLINE_CURVE ( ( 1.000000000000000000, 0.8047378541243649375, 0.8047378541243649375, 1.000000000000000000 ) ) 
 REPRESENTATION_ITEM ( '' )  );
#1329 = CARTESIAN_POINT ( 'NONE',  ( -0.7694321026320526391, 75.45600638209359090, -21.99999999999999289 ) ) ;
#1330 = ORIENTED_EDGE ( 'NONE', *, *, #6007, .F. ) ;
#1331 = DIRECTION ( 'NONE',  ( -1.000000000000000000, 0.000000000000000000, 0.000000000000000000 ) ) ;
#1332 = CIRCLE ( 'NONE', #2969, 0.7999999999999904965 ) ;
#1333 = CARTESIAN_POINT ( 'NONE',  ( 0.000000000000000000, -9.171572875253783508, 20.00000000000000000 ) ) ;
#1334 = B_SPLINE_SURFACE_WITH_KNOTS ( 'NONE', 1, 3, ( 
 ( #6737, #8129, #3408, #1879, #8280, #4225, #1105, #6638, #2691, #2840, #439, #5049, #4180, #486 ),
 ( #3555, #8223, #7503, #2737, #2786, #7352, #5965, #1152, #1207, #327, #3452, #1827, #4951, #4275 ),
 ( #6583, #9734, #5817, #8076, #8965, #1931, #384, #2030, #5150, #1057, #3501, #4328, #9678, #9787 ) ),
 .UNSPECIFIED., .F., .F., .F.,
 ( 2, 1, 2 ),
 ( 4, 2, 2, 3, 3, 4 ),
 ( 0.000000000000000000, 1.000000000000000000, 1.010000000000000009 ),
 ( 0.001575190753769334460, 0.002624554517219344907, 0.003149236398944349914, 0.003673918280669354920, 0.003949481025158691448, 0.007335466627056745625 ),
 .UNSPECIFIED. ) ;
#1335 = DIRECTION ( 'NONE',  ( -0.8574929257125448734, 0.5144957554275253475, -6.138935552817340333E-17 ) ) ;
#1336 = CARTESIAN_POINT ( 'NONE',  ( 7.499999999999992895, 21.67157287525381193, -18.64999999999999147 ) ) ;
#1337 = LINE ( 'NONE', #4464, #9544 ) ;
#1338 = ORIENTED_EDGE ( 'NONE', *, *, #6901, .F. ) ;
#1339 = DIRECTION ( 'NONE',  ( 0.000000000000000000, 1.000000000000000000, 0.000000000000000000 ) ) ;
#1340 = ORIENTED_EDGE ( 'NONE', *, *, #9862, .T. ) ;
#1341 = EDGE_CURVE ( 'NONE', #2449, #3273, #9223, .T. ) ;
#1342 = DIRECTION ( 'NONE',  ( 0.000000000000000000, 0.000000000000000000, -1.000000000000000000 ) ) ;
#1343 = ORIENTED_EDGE ( 'NONE', *, *, #7189, .F. ) ;
#1344 = CARTESIAN_POINT ( 'NONE',  ( -25.16047782039875358, 24.75141282943549115, 12.33952217960122866 ) ) ;
#1345 = AXIS2_PLACEMENT_3D ( 'NONE', #7727, #7013, #6139 ) ;
#1346 = DIRECTION ( 'NONE',  ( -0.4226182617407037156, -0.9063077870366480493, 0.000000000000000000 ) ) ;
#1347 = DIRECTION ( 'NONE',  ( 0.4085227688752218755, 0.9127481291739371061, 0.000000000000000000 ) ) ;
#1348 = CARTESIAN_POINT ( 'NONE',  ( -2.425158944381085480, -17.66765401116914447, 14.33234598883081645 ) ) ;
#1349 = ADVANCED_FACE ( 'NONE', ( #5209 ), #7508, .F. ) ;
#1350 = VECTOR ( 'NONE', #2914, 1000.000000000000000 ) ;
#1351 = CARTESIAN_POINT ( 'NONE',  ( -3.499999999999996003, -15.49999999999997335, -13.49999999999995026 ) ) ;
#1352 = CYLINDRICAL_SURFACE ( 'NONE', #3787, 1.049999999999998712 ) ;
#1353 = ORIENTED_EDGE ( 'NONE', *, *, #950, .T. ) ;
#1354 = ORIENTED_EDGE ( 'NONE', *, *, #6624, .T. ) ;
#1355 = DIRECTION ( 'NONE',  ( 0.000000000000000000, -1.000000000000000000, 0.000000000000000000 ) ) ;
#1356 = CIRCLE ( 'NONE', #5280, 1.999999999999996891 ) ;
#1357 = ORIENTED_EDGE ( 'NONE', *, *, #9436, .T. ) ;
#1358 = VECTOR ( 'NONE', #6946, 1000.000000000000000 ) ;
#1359 = DIRECTION ( 'NONE',  ( 0.4226182617407007180, 0.9063077870366492705, 0.000000000000000000 ) ) ;
#1360 = CARTESIAN_POINT ( 'NONE',  ( -24.06144623998499910, 25.16686962461478316, 13.29138183969681464 ) ) ;
#1361 = CARTESIAN_POINT ( 'NONE',  ( 7.499999999999996447, 21.67157287525388654, 15.35000000000000675 ) ) ;
#1362 = CARTESIAN_POINT ( 'NONE',  ( 0.000000000000000000, 0.000000000000000000, 5.000000000000000000 ) ) ;
#1363 = CARTESIAN_POINT ( 'NONE',  ( -23.47502358095818309, -15.21498585142506066, -11.49999999999995026 ) ) ;
#1364 = CARTESIAN_POINT ( 'NONE',  ( -9.132393101864300533, 40.95816756101258704, -19.49999999999999645 ) ) ;
#1365 = AXIS2_PLACEMENT_3D ( 'NONE', #7164, #135, #3263 ) ;
#1366 = EDGE_CURVE ( 'NONE', #5625, #435, #8438, .T. ) ;
#1367 = CIRCLE ( 'NONE', #5621, 1.000000000000000888 ) ;
#1368 = CARTESIAN_POINT ( 'NONE',  ( 5.701507885269057496, 72.76957088592895673, -19.49999999999999645 ) ) ;
#1369 = EDGE_CURVE ( 'NONE', #1961, #435, #9662, .T. ) ;
#1370 = DIRECTION ( 'NONE',  ( -0.9063077870366480493, 0.4226182617407036046, -0.000000000000000000 ) ) ;
#1371 = ORIENTED_EDGE ( 'NONE', *, *, #8102, .F. ) ;
#1372 = ORIENTED_EDGE ( 'NONE', *, *, #3402, .T. ) ;
#1373 = DIRECTION ( 'NONE',  ( 0.000000000000000000, 0.000000000000000000, 1.000000000000000000 ) ) ;
#1374 = EDGE_LOOP ( 'NONE', ( #5249, #8336, #8947, #2649, #1066 ) ) ;
#1375 = ORIENTED_EDGE ( 'NONE', *, *, #6047, .T. ) ;
#1376 = CARTESIAN_POINT ( 'NONE',  ( -0.5000000000000082157, -7.550000000000000711, -8.049999999999998934 ) ) ;
#1377 = CIRCLE ( 'NONE', #7917, 0.9499999999999978462 ) ;
#1378 = CARTESIAN_POINT ( 'NONE',  ( -2.362083780042567582, 76.66574215259946357, -19.99999999999974776 ) ) ;
#1379 = LINE ( 'NONE', #5366, #9516 ) ;
#1380 = CARTESIAN_POINT ( 'NONE',  ( -19.98733055350475141, 28.07340940894126291, -15.09212002391114282 ) ) ;
#1381 = AXIS2_PLACEMENT_3D ( 'NONE', #2436, #127, #9714 ) ;
#1382 = DIRECTION ( 'NONE',  ( -0.4226182617407068243, -0.9063077870366464950, 0.000000000000000000 ) ) ;
#1383 = AXIS2_PLACEMENT_3D ( 'NONE', #1409, #9879, #590 ) ;
#1384 = ORIENTED_EDGE ( 'NONE', *, *, #8987, .T. ) ;
#1385 = DIRECTION ( 'NONE',  ( -1.000000000000000000, -0.000000000000000000, -0.000000000000000000 ) ) ;
#1386 = CARTESIAN_POINT ( 'NONE',  ( 5.419817744520886826, 26.68268356812762576, 14.31867116551669739 ) ) ;
#1387 = EDGE_CURVE ( 'NONE', #396, #8892, #556, .T. ) ;
#1388 = EDGE_CURVE ( 'NONE', #10000, #7465, #6273, .T. ) ;
#1389 = EDGE_CURVE ( 'NONE', #9298, #9210, #7736, .T. ) ;
#1390 = CARTESIAN_POINT ( 'NONE',  ( -23.28918412338319044, 26.37605009945069057, 13.49736493697562345 ) ) ;
#1391 = LINE ( 'NONE', #6088, #2190 ) ;
#1392 = CARTESIAN_POINT ( 'NONE',  ( 7.499999999999996447, 14.50000000000000000, 11.35000000000000497 ) ) ;
#1393 = ORIENTED_EDGE ( 'NONE', *, *, #6321, .F. ) ;
#1394 = DIRECTION ( 'NONE',  ( 0.000000000000000000, 0.000000000000000000, 1.000000000000000000 ) ) ;
#1395 = VECTOR ( 'NONE', #1727, 1000.000000000000000 ) ;
#1396 = CIRCLE ( 'NONE', #6795, 1.049999999999991385 ) ;
#1397 = EDGE_LOOP ( 'NONE', ( #5363, #2771, #3920, #7251 ) ) ;
#1398 = EDGE_CURVE ( 'NONE', #4670, #8099, #8230, .T. ) ;
#1399 = CARTESIAN_POINT ( 'NONE',  ( -23.17157287525380838, -13.41614737948570912, 13.49999999999998046 ) ) ;
#1400 = ORIENTED_EDGE ( 'NONE', *, *, #9818, .T. ) ;
#1401 = CARTESIAN_POINT ( 'NONE',  ( -19.63598536896265756, 28.10224422209250861, 15.26779322274697748 ) ) ;
#1402 = CYLINDRICAL_SURFACE ( 'NONE', #3270, 1.000000000000000000 ) ;
#1404 = CARTESIAN_POINT ( 'NONE',  ( -22.87848590670290250, 27.20585980825500272, -13.74370374720388455 ) ) ;
#1403 = CIRCLE ( 'NONE', #2874, 2.000000000000000000 ) ;
#1405 = LINE ( 'NONE', #4526, #7051 ) ;
#1406 = VECTOR ( 'NONE', #5319, 1000.000000000000000 ) ;
#1407 = DIRECTION ( 'NONE',  ( 0.000000000000000000, -1.000000000000000000, 0.000000000000000000 ) ) ;
#1408 = B_SPLINE_CURVE_WITH_KNOTS ( 'NONE', 3,
 ( #2805, #7474, #2153, #4504, #7631, #10004 ),
 .UNSPECIFIED., .F., .F.,
 ( 4, 2, 4 ),
 ( 3.496446946337351263E-18, 0.0002599938026349085446, 0.0005199876052698136197 ),
 .UNSPECIFIED. ) ;
#1409 = CARTESIAN_POINT ( 'NONE',  ( -18.65764051238643617, 8.700200654028813929, 11.00000000000002309 ) ) ;
#1410 = ORIENTED_EDGE ( 'NONE', *, *, #2429, .F. ) ;
#1411 = ORIENTED_EDGE ( 'NONE', *, *, #2317, .T. ) ;
#1412 = DIRECTION ( 'NONE',  ( 0.9063077870366480493, -0.4226182617407037712, 0.000000000000000000 ) ) ;
#1413 = VECTOR ( 'NONE', #3372, 1000.000000000000000 ) ;
#1414 = ORIENTED_EDGE ( 'NONE', *, *, #1398, .F. ) ;
#1415 = VECTOR ( 'NONE', #8966, 1000.000000000000000 ) ;
#1416 = LINE ( 'NONE', #9944, #5323 ) ;
#1417 = DIRECTION ( 'NONE',  ( -0.000000000000000000, -1.000000000000000000, 0.000000000000000000 ) ) ;
#1418 = CARTESIAN_POINT ( 'NONE',  ( 2.363127975604271569, 33.64690514443919511, -19.00000000000002132 ) ) ;
#1419 = CARTESIAN_POINT ( 'NONE',  ( -2.500000000000003109, 22.55000000000000071, 9.050000000000002487 ) ) ;
#1420 = EDGE_CURVE ( 'NONE', #5721, #7024, #7217, .T. ) ;
#1421 = DIRECTION ( 'NONE',  ( -1.084202172485505420E-16, 0.000000000000000000, -1.000000000000000000 ) ) ;
#1422 = DIRECTION ( 'NONE',  ( -0.4226182617407066577, -0.9063077870366466060, 0.000000000000000000 ) ) ;
#1423 = CARTESIAN_POINT ( 'NONE',  ( -17.34127593269161949, 44.64997576902379706, -19.99999999999999289 ) ) ;
#1424 = B_SPLINE_SURFACE_WITH_KNOTS ( 'NONE', 1, 3, ( 
 ( #7673, #4349, #659, #6908, #457, #6700, #5930, #9082, #2050, #5172 ),
 ( #8296, #4401, #7522, #506, #8552, #6232, #7162, #3983, #8603, #9485 ) ),
 .UNSPECIFIED., .F., .F., .F.,
 ( 2, 2 ),
 ( 4, 2, 2, 2, 4 ),
 ( 0.000000000000000000, 1.000000000000000000 ),
 ( 0.4712388980384709103, 0.7461282552275773083, 1.021017612416683651, 1.295906969605790104, 1.570796326794896558 ),
 .UNSPECIFIED. ) ;
#1425 = CARTESIAN_POINT ( 'NONE',  ( 16.04634200735406324, 14.50000000000000000, 22.00000000000000000 ) ) ;
#1426 = ORIENTED_EDGE ( 'NONE', *, *, #7041, .F. ) ;
#1427 = VERTEX_POINT ( 'NONE', #3765 ) ;
#1428 = CARTESIAN_POINT ( 'NONE',  ( 0.000000000000000000, -9.999999999999976907, 22.00000000000000000 ) ) ;
#1429 = EDGE_LOOP ( 'NONE', ( #7590, #2405, #120, #1230, #3447 ) ) ;
#1430 = DIRECTION ( 'NONE',  ( 0.4226182617407037156, 0.9063077870366479383, 0.000000000000000000 ) ) ;
#1431 = CARTESIAN_POINT ( 'NONE',  ( -16.52105441851329459, -17.90351472837771851, -20.97894558148668764 ) ) ;
#1432 = SPHERICAL_SURFACE ( 'NONE', #8021, 2.000000000000000000 ) ;
#1433 = CARTESIAN_POINT ( 'NONE',  ( -20.83815475836690823, 36.91579771554589939, -5.000000000000000888 ) ) ;
#1434 = CARTESIAN_POINT ( 'NONE',  ( 4.367494282549199802, 27.47061012060676077, 21.48168923689541998 ) ) ;
#1435 = EDGE_LOOP ( 'NONE', ( #7073, #8570, #8635, #8390, #9926, #9385, #9564, #5565 ) ) ;
#1436 = FACE_OUTER_BOUND ( 'NONE', #6288, .T. ) ;
#1437 = ADVANCED_FACE ( 'NONE', ( #8378 ), #601, .F. ) ;
#1438 = FACE_BOUND ( 'NONE', #7653, .T. ) ;
#1439 = ADVANCED_FACE ( 'NONE', ( #5867 ), #4335, .T. ) ;
#1440 = PLANE ( 'NONE',  #7543 ) ;
#1441 = CARTESIAN_POINT ( 'NONE',  ( 0.000000000000000000, 14.50000000000000000, 0.000000000000000000 ) ) ;
#1442 = ADVANCED_FACE ( 'NONE', ( #9836 ), #4140, .T. ) ;
#1443 = CARTESIAN_POINT ( 'NONE',  ( 6.302696986155210901, 62.22781715790495838, -13.99999999999999822 ) ) ;
#1444 = ORIENTED_EDGE ( 'NONE', *, *, #5727, .T. ) ;
#1445 = EDGE_CURVE ( 'NONE', #7986, #8542, #5356, .T. ) ;
#1446 = CARTESIAN_POINT ( 'NONE',  ( -2.500000000000006661, 18.50000000000000000, -10.00000000000000000 ) ) ;
#1447 = ORIENTED_EDGE ( 'NONE', *, *, #9629, .T. ) ;
#1448 = ORIENTED_EDGE ( 'NONE', *, *, #4815, .F. ) ;
#1449 = CARTESIAN_POINT ( 'NONE',  ( -20.95243273270520490, 27.90746797999132411, 14.60954492748408740 ) ) ;
#1450 = LINE ( 'NONE', #7216, #6703 ) ;
#1451 = CARTESIAN_POINT ( 'NONE',  ( -24.09575651446688482, 28.82501241091502919, -13.29831086815604735 ) ) ;
#1452 = CARTESIAN_POINT ( 'NONE',  ( 3.499999999999973799, 17.40788152748551454, -5.105113403538163119 ) ) ;
#1453 = CARTESIAN_POINT ( 'NONE',  ( 25.50000000000000355, -9.171572875253760415, -20.00000000000000000 ) ) ;
#1454 = ADVANCED_FACE ( 'NONE', ( #7760 ), #748, .F. ) ;
#1455 = CARTESIAN_POINT ( 'NONE',  ( 5.655131423205046026, 26.14655569052679240, 14.65655241480941129 ) ) ;
#1456 = ORIENTED_EDGE ( 'NONE', *, *, #7271, .F. ) ;
#1457 = ORIENTED_EDGE ( 'NONE', *, *, #8398, .F. ) ;
#1458 = CYLINDRICAL_SURFACE ( 'NONE', #1565, 1.999999999999999112 ) ;
#1459 = ORIENTED_EDGE ( 'NONE', *, *, #3479, .F. ) ;
#1460 = FACE_OUTER_BOUND ( 'NONE', #1206, .T. ) ;
#1461 = CARTESIAN_POINT ( 'NONE',  ( 2.072011525076346672, 34.31017149439801983, -18.03579629567433429 ) ) ;
#1462 = CARTESIAN_POINT ( 'NONE',  ( -2.994904772119250769, 42.28904584308146042, 14.00000000000000355 ) ) ;
#1463 = DIRECTION ( 'NONE',  ( 0.000000000000000000, 1.000000000000000000, 0.000000000000000000 ) ) ;
#1464 = DIRECTION ( 'NONE',  ( -0.9063077870366480493, 0.4226182617407038822, 0.000000000000000000 ) ) ;
#1465 = LINE ( 'NONE', #1668, #62 ) ;
#1466 = CARTESIAN_POINT ( 'NONE',  ( -3.197778826033030874, -18.37536395503747855, -13.62463604496249836 ) ) ;
#1467 = PLANE ( 'NONE',  #2520 ) ;
#1468 = ORIENTED_EDGE ( 'NONE', *, *, #8501, .F. ) ;
#1469 = ORIENTED_EDGE ( 'NONE', *, *, #8665, .T. ) ;
#1470 = CARTESIAN_POINT ( 'NONE',  ( -29.53333395682620122, 13.77161979491729760, 19.99999999999999289 ) ) ;
#1471 = EDGE_LOOP ( 'NONE', ( #9442, #935, #5475, #879 ) ) ;
#1472 = ADVANCED_FACE ( 'NONE', ( #6992, #73 ), #6894, .T. ) ;
#1473 = CARTESIAN_POINT ( 'NONE',  ( -2.976828996322946175, 20.00000000000000000, 2.976828996322938181 ) ) ;
#1474 = AXIS2_PLACEMENT_3D ( 'NONE', #9200, #6625, #5853 ) ;
#1475 = DIRECTION ( 'NONE',  ( 0.9063077870366479383, -0.4226182617407038267, -0.000000000000000000 ) ) ;
#1476 = CARTESIAN_POINT ( 'NONE',  ( -16.95106857580157111, 45.48677814630823235, -19.49999999999999645 ) ) ;
#1477 = DIRECTION ( 'NONE',  ( 0.000000000000000000, 0.000000000000000000, -1.000000000000000000 ) ) ;
#1478 =( BOUNDED_CURVE ( )  B_SPLINE_CURVE ( 3, ( #9363, #9266, #6275, #14 ),
 .UNSPECIFIED., .F., .T. ) 
 B_SPLINE_CURVE_WITH_KNOTS ( ( 4, 4 ),
 ( 1.611755028893989916, 2.480990917149492603 ),
 .UNSPECIFIED. ) 
 CURVE ( )  GEOMETRIC_REPRESENTATION_ITEM ( )  RATIONAL_B_SPLINE_CURVE ( ( 1.000000000000000000, 0.9380206522849869888, 0.9380206522849869888, 1.000000000000000000 ) ) 
 REPRESENTATION_ITEM ( '' )  );
#1479 = EDGE_CURVE ( 'NONE', #2382, #106, #2244, .T. ) ;
#1480 = AXIS2_PLACEMENT_3D ( 'NONE', #6533, #388, #9682 ) ;
#1481 = DIRECTION ( 'NONE',  ( 0.000000000000000000, 1.000000000000000000, 0.000000000000000000 ) ) ;
#1482 = ORIENTED_EDGE ( 'NONE', *, *, #1116, .F. ) ;
#1483 = DIRECTION ( 'NONE',  ( 0.7071067811865475727, -0.4999999999999999445, 0.4999999999999999445 ) ) ;
#1484 = VERTEX_POINT ( 'NONE', #5401 ) ;
#1485 = CARTESIAN_POINT ( 'NONE',  ( -3.499999999999996003, -14.58578643762690952, 14.58578643762687932 ) ) ;
#1486 = VECTOR ( 'NONE', #6373, 1000.000000000000000 ) ;
#1487 = CARTESIAN_POINT ( 'NONE',  ( -23.65025355726699630, 28.70628158792275997, 13.84974644273298239 ) ) ;
#1488 = LINE ( 'NONE', #2217, #7909 ) ;
#1489 = EDGE_CURVE ( 'NONE', #906, #1052, #3202, .T. ) ;
#1490 = DIRECTION ( 'NONE',  ( 2.533384971731103230E-17, -1.133878460222231013E-17, 1.000000000000000000 ) ) ;
#1491 = VERTEX_POINT ( 'NONE', #5509 ) ;
#1492 = CARTESIAN_POINT ( 'NONE',  ( 15.18256106584405352, 64.70733604791436733, 10.99999999999999645 ) ) ;
#1493 = AXIS2_PLACEMENT_3D ( 'NONE', #2089, #5207, #3050 ) ;
#1494 = ADVANCED_FACE ( 'NONE', ( #7042 ), #7704, .F. ) ;
#1495 = ORIENTED_EDGE ( 'NONE', *, *, #7032, .F. ) ;
#1496 = ORIENTED_EDGE ( 'NONE', *, *, #5257, .F. ) ;
#1497 = CARTESIAN_POINT ( 'NONE',  ( -19.33507160945537962, 28.11403322866998167, 15.41823324817167240 ) ) ;
#1498 = CIRCLE ( 'NONE', #9201, 2.000000000000000000 ) ;
#1499 = CYLINDRICAL_SURFACE ( 'NONE', #3634, 0.7999999999999904965 ) ;
#1500 = CARTESIAN_POINT ( 'NONE',  ( -19.69516374209340270, 28.10254540976632498, 15.23820456658019040 ) ) ;
#1501 = CARTESIAN_POINT ( 'NONE',  ( 5.654981820802938763, 26.14689653776853717, -18.22614152228939233 ) ) ;
#1502 = CARTESIAN_POINT ( 'NONE',  ( -5.530614342596869015, 36.85119912085225735, 11.00000000000000711 ) ) ;
#1503 = ORIENTED_EDGE ( 'NONE', *, *, #9271, .F. ) ;
#1504 = EDGE_LOOP ( 'NONE', ( #3265, #4600, #3138, #5111 ) ) ;
#1505 = CARTESIAN_POINT ( 'NONE',  ( 7.499999999999996447, -20.00000000000000000, 13.35000000000000497 ) ) ;
#1506 = ORIENTED_EDGE ( 'NONE', *, *, #7947, .F. ) ;
#1507 = AXIS2_PLACEMENT_3D ( 'NONE', #6221, #9370, #5699 ) ;
#1508 = FACE_OUTER_BOUND ( 'NONE', #8191, .T. ) ;
#1509 = EDGE_CURVE ( 'NONE', #5369, #2764, #3097, .T. ) ;
#1510 = CARTESIAN_POINT ( 'NONE',  ( -16.08578643762685800, 30.11543744278039014, 21.41421356237309581 ) ) ;
#1511 = CIRCLE ( 'NONE', #8053, 1.000000000000000888 ) ;
#1512 = CARTESIAN_POINT ( 'NONE',  ( 9.915941373342507248, 34.88939701352768452, 1.500192328955507537E-15 ) ) ;
#1513 = CARTESIAN_POINT ( 'NONE',  ( 13.91470628062149295, 61.98841268680346417, 10.99999999999999645 ) ) ;
#1514 = DIRECTION ( 'NONE',  ( 0.000000000000000000, 0.000000000000000000, 1.000000000000000000 ) ) ;
#1515 = CARTESIAN_POINT ( 'NONE',  ( -22.00000000000001421, 27.52965100515348951, -14.08578643762686156 ) ) ;
#1516 = DIRECTION ( 'NONE',  ( 0.000000000000000000, 0.000000000000000000, 1.000000000000000000 ) ) ;
#1517 = ADVANCED_FACE ( 'NONE', ( #4582 ), #8535, .F. ) ;
#1518 = CARTESIAN_POINT ( 'NONE',  ( -5.530614342616974710, 36.85119912080915583, -10.99999999999998224 ) ) ;
#1519 = CARTESIAN_POINT ( 'NONE',  ( 5.499999999999992895, -15.34999999999997122, -16.64999999999999503 ) ) ;
#1520 = ORIENTED_EDGE ( 'NONE', *, *, #2506, .T. ) ;
#1521 = ORIENTED_EDGE ( 'NONE', *, *, #5673, .F. ) ;
#1522 = CARTESIAN_POINT ( 'NONE',  ( 0.9821122078874505723, 76.84600369442927104, 20.00000000000000355 ) ) ;
#1523 = EDGE_LOOP ( 'NONE', ( #3130, #6324, #242, #10122 ) ) ;
#1524 = CARTESIAN_POINT ( 'NONE',  ( -18.65764051238642196, 8.700200654028847680, 17.00000000000000000 ) ) ;
#1525 = CARTESIAN_POINT ( 'NONE',  ( -23.69666060284188092, 25.69892097080138171, -13.43820414673357355 ) ) ;
#1526 = VECTOR ( 'NONE', #3426, 1000.000000000000000 ) ;
#1527 = AXIS2_PLACEMENT_3D ( 'NONE', #9194, #8413, #1394 ) ;
#1528 = EDGE_CURVE ( 'NONE', #8322, #2463, #2337, .T. ) ;
#1529 = CARTESIAN_POINT ( 'NONE',  ( -24.23482188865766318, 29.09202796461551443, 12.84079273300738855 ) ) ;
#1530 = AXIS2_PLACEMENT_3D ( 'NONE', #9935, #1299, #589 ) ;
#1531 = CARTESIAN_POINT ( 'NONE',  ( 5.655042265026652082, 26.14675882442542232, 14.92628250216539243 ) ) ;
#1532 = CARTESIAN_POINT ( 'NONE',  ( 4.694963286215243059, 27.27378876279889042, 21.24469925049841734 ) ) ;
#1533 = VERTEX_POINT ( 'NONE', #5453 ) ;
#1534 = ORIENTED_EDGE ( 'NONE', *, *, #7005, .F. ) ;
#1535 = AXIS2_PLACEMENT_3D ( 'NONE', #9888, #6640, #2899 ) ;
#1536 = DIRECTION ( 'NONE',  ( 0.000000000000000000, -1.000000000000000000, 1.193194596467784409E-16 ) ) ;
#1537 = ORIENTED_EDGE ( 'NONE', *, *, #2160, .F. ) ;
#1538 = AXIS2_PLACEMENT_3D ( 'NONE', #1748, #44, #5580 ) ;
#1539 = LINE ( 'NONE', #9392, #5269 ) ;
#1540 = EDGE_CURVE ( 'NONE', #9388, #1949, #8590, .T. ) ;
#1541 =( BOUNDED_SURFACE ( )  B_SPLINE_SURFACE ( 3, 2, ( 
 ( #8712, #2556, #141 ),
 ( #1639, #9541, #1788 ),
 ( #8870, #1014, #2502 ),
 ( #4910, #246, #192 ) ),
 .UNSPECIFIED., .F., .F., .T. ) 
 B_SPLINE_SURFACE_WITH_KNOTS ( ( 4, 4 ),
 ( 3, 3 ),
 ( 0.3837797855665564528, 0.4947265011856128436 ),
 ( 0.4926136851526733418, 1.000000000000000000 ),
 .UNSPECIFIED. ) 
 GEOMETRIC_REPRESENTATION_ITEM ( )  RATIONAL_B_SPLINE_SURFACE ( (
 ( 0.9020309022582525538, 0.9005619406296189178, 1.000000000000000000),
 ( 0.8882760207901998495, 0.8866008166468476448, 1.000000000000000000),
 ( 0.8717180308660557042, 0.8697945540284914845, 1.000000000000000000),
 ( 0.8535853497224263897, 0.8513899890619196498, 1.000000000000000000) ) ) 
 REPRESENTATION_ITEM ( '' )  SURFACE ( )  );
#1542 = VECTOR ( 'NONE', #6068, 1000.000000000000114 ) ;
#1543 = FACE_OUTER_BOUND ( 'NONE', #2881, .T. ) ;
#1544 = CIRCLE ( 'NONE', #1873, 0.9749999999999984235 ) ;
#1545 = DIRECTION ( 'NONE',  ( 0.9063077870366479383, -0.4226182617407038267, -0.000000000000000000 ) ) ;
#1546 = DIRECTION ( 'NONE',  ( 1.000000000000000000, 0.000000000000000000, -1.020425574104004122E-16 ) ) ;
#1547 = ORIENTED_EDGE ( 'NONE', *, *, #1236, .F. ) ;
#1548 = CARTESIAN_POINT ( 'NONE',  ( -2.499999999999999556, 18.50000000000000000, 10.00000000000000000 ) ) ;
#1549 = ORIENTED_EDGE ( 'NONE', *, *, #2307, .F. ) ;
#1550 = ORIENTED_EDGE ( 'NONE', *, *, #3251, .F. ) ;
#1551 = CARTESIAN_POINT ( 'NONE',  ( -21.82233676372151621, 27.61848860853159948, 14.17462404100499285 ) ) ;
#1552 = EDGE_CURVE ( 'NONE', #4629, #9731, #8272, .T. ) ;
#1553 = CARTESIAN_POINT ( 'NONE',  ( 1.828134543043419935, 34.86580960903778248, 19.99999999999999645 ) ) ;
#1554 = CARTESIAN_POINT ( 'NONE',  ( -22.59038791724191242, 29.58676465204058559, 14.90961208275806804 ) ) ;
#1555 = EDGE_CURVE ( 'NONE', #9982, #7688, #8945, .T. ) ;
#1556 = CARTESIAN_POINT ( 'NONE',  ( 5.513362291485845113, 26.01951732703582820, -16.91762230146034440 ) ) ;
#1557 = CIRCLE ( 'NONE', #2532, 0.7999999999999904965 ) ;
#1558 = CIRCLE ( 'NONE', #6956, 0.9500000000000040634 ) ;
#1559 = CARTESIAN_POINT ( 'NONE',  ( -23.29001341778918643, 26.37677594577473883, -13.49726315979430424 ) ) ;
#1560 = ORIENTED_EDGE ( 'NONE', *, *, #5019, .F. ) ;
#1561 = ORIENTED_EDGE ( 'NONE', *, *, #5619, .T. ) ;
#1562 = LINE ( 'NONE', #1714, #6138 ) ;
#1563 = ORIENTED_EDGE ( 'NONE', *, *, #8943, .T. ) ;
#1564 = CARTESIAN_POINT ( 'NONE',  ( 8.522454728834897963, 23.47754527116518020, 17.35000000000096421 ) ) ;
#1565 = AXIS2_PLACEMENT_3D ( 'NONE', #593, #4574, #7697 ) ;
#1566 = ADVANCED_FACE ( 'NONE', ( #796 ), #2433, .T. ) ;
#1567 = CIRCLE ( 'NONE', #3031, 3.000000000000001776 ) ;
#1568 = DIRECTION ( 'NONE',  ( 0.9127481291739371061, -0.4085227688752218755, 0.000000000000000000 ) ) ;
#1569 = DIRECTION ( 'NONE',  ( 0.7071067811865437980, -0.7071067811865513475, 0.000000000000000000 ) ) ;
#1570 = FACE_OUTER_BOUND ( 'NONE', #2766, .T. ) ;
#1571 = ADVANCED_FACE ( 'NONE', ( #5557 ), #7859, .T. ) ;
#1572 = CARTESIAN_POINT ( 'NONE',  ( -0.5000000000000065503, -7.549999999999999822, 10.05000000000000249 ) ) ;
#1573 = CARTESIAN_POINT ( 'NONE',  ( 4.585786437626941492, 24.58578643762688998, -18.64999999999999503 ) ) ;
#1574 = CARTESIAN_POINT ( 'NONE',  ( 7.993170033105654326, 65.85304830602501625, 17.00000000000000000 ) ) ;
#1575 = EDGE_CURVE ( 'NONE', #9278, #9817, #6426, .T. ) ;
#1576 = DIRECTION ( 'NONE',  ( 0.000000000000000000, 0.000000000000000000, -1.000000000000000000 ) ) ;
#1577 = VECTOR ( 'NONE', #2072, 1000.000000000000000 ) ;
#1578 = CARTESIAN_POINT ( 'NONE',  ( -3.960060424916696853, -16.22385065960151707, 14.22385710673119874 ) ) ;
#1579 = VECTOR ( 'NONE', #6639, 1000.000000000000000 ) ;
#1580 = ORIENTED_EDGE ( 'NONE', *, *, #4939, .F. ) ;
#1581 = ORIENTED_EDGE ( 'NONE', *, *, #5791, .T. ) ;
#1582 = CARTESIAN_POINT ( 'NONE',  ( -2.793356807453335477, 75.84808901196598185, 19.49999999999999645 ) ) ;
#1583 = VERTEX_POINT ( 'NONE', #5661 ) ;
#1584 = ADVANCED_FACE ( 'NONE', ( #2537 ), #3350, .T. ) ;
#1585 = LINE ( 'NONE', #9178, #2052 ) ;
#1586 = CARTESIAN_POINT ( 'NONE',  ( -23.91544374288820052, 25.36521385989533428, -13.35662764859101337 ) ) ;
#1587 = ADVANCED_FACE ( 'NONE', ( #4068 ), #225, .F. ) ;
#1588 = DIRECTION ( 'NONE',  ( -0.000000000000000000, -1.000000000000000000, -0.000000000000000000 ) ) ;
#1589 = EDGE_CURVE ( 'NONE', #8111, #1928, #7900, .T. ) ;
#1590 = CARTESIAN_POINT ( 'NONE',  ( -5.499999999999996447, -15.49999999999997335, 13.49999999999998046 ) ) ;
#1591 = ORIENTED_EDGE ( 'NONE', *, *, #823, .F. ) ;
#1592 = ORIENTED_EDGE ( 'NONE', *, *, #5142, .F. ) ;
#1593 = DIRECTION ( 'NONE',  ( -0.9063077870366480493, 0.4226182617407038822, 0.000000000000000000 ) ) ;
#1594 = ORIENTED_EDGE ( 'NONE', *, *, #2192, .T. ) ;
#1595 = LINE ( 'NONE', #8311, #2227 ) ;
#1596 = FACE_BOUND ( 'NONE', #5992, .T. ) ;
#1597 = ADVANCED_FACE ( 'NONE', ( #7345, #125, #3249, #318, #9725 ), #8800, .T. ) ;
#1598 = CARTESIAN_POINT ( 'NONE',  ( -23.44816542190780950, 28.91006435154405452, 14.05183457809218517 ) ) ;
#1599 = CARTESIAN_POINT ( 'NONE',  ( -1.500000000000008216, -10.58578643762685267, -21.41421356237309581 ) ) ;
#1600 = DIRECTION ( 'NONE',  ( 0.9063077870366479383, -0.4226182617407038267, -0.000000000000000000 ) ) ;
#1601 = EDGE_LOOP ( 'NONE', ( #5547, #3675, #5611, #7 ) ) ;
#1602 = VERTEX_POINT ( 'NONE', #3445 ) ;
#1603 = DIRECTION ( 'NONE',  ( 0.000000000000000000, 1.000000000000000000, 0.000000000000000000 ) ) ;
#1604 = EDGE_LOOP ( 'NONE', ( #4588, #4307, #7176, #1892 ) ) ;
#1605 = ORIENTED_EDGE ( 'NONE', *, *, #3535, .T. ) ;
#1606 = DIRECTION ( 'NONE',  ( 0.000000000000000000, 1.000000000000000000, 0.000000000000000000 ) ) ;
#1607 = CARTESIAN_POINT ( 'NONE',  ( -9.132393101864302309, 40.95816756101257994, 19.49999999999999645 ) ) ;
#1608 = CARTESIAN_POINT ( 'NONE',  ( 2.076829159691477411, 13.71296414579543033, -8.548819948659518886 ) ) ;
#1609 = CARTESIAN_POINT ( 'NONE',  ( 5.661809456169223154, 25.34308692256074380, -17.43807076114466525 ) ) ;
#1610 = CARTESIAN_POINT ( 'NONE',  ( -0.5000000000000065503, -7.549999999999999822, 8.050000000000000711 ) ) ;
#1611 = ORIENTED_EDGE ( 'NONE', *, *, #2280, .T. ) ;
#1612 = ORIENTED_EDGE ( 'NONE', *, *, #9793, .F. ) ;
#1613 = DIRECTION ( 'NONE',  ( 0.9063077870366480493, -0.4226182617407036046, 0.000000000000000000 ) ) ;
#1614 = ORIENTED_EDGE ( 'NONE', *, *, #5208, .F. ) ;
#1615 = CARTESIAN_POINT ( 'NONE',  ( 5.729914155302068934, 25.21174456464940050, 14.30138740914277484 ) ) ;
#1616 = FACE_OUTER_BOUND ( 'NONE', #974, .T. ) ;
#1617 = CARTESIAN_POINT ( 'NONE',  ( 0.000000000000000000, -14.50000000000000000, 17.49999999999996803 ) ) ;
#1618 = CARTESIAN_POINT ( 'NONE',  ( 5.554982449480757367, 26.37473051243661359, 14.84997731532114962 ) ) ;
#1619 = DIRECTION ( 'NONE',  ( 0.000000000000000000, 0.000000000000000000, -1.000000000000000000 ) ) ;
#1620 = LINE ( 'NONE', #7096, #8020 ) ;
#1621 = FACE_OUTER_BOUND ( 'NONE', #7261, .T. ) ;
#1622 = PLANE ( 'NONE',  #1507 ) ;
#1623 = EDGE_CURVE ( 'NONE', #4499, #4806, #9554, .T. ) ;
#1624 = CARTESIAN_POINT ( 'NONE',  ( 0.000000000000000000, 11.55000000000000071, -18.64999999999999503 ) ) ;
#1625 = VERTEX_POINT ( 'NONE', #6423 ) ;
#1626 = ORIENTED_EDGE ( 'NONE', *, *, #6881, .F. ) ;
#1627 = DIRECTION ( 'NONE',  ( 0.9063077870366479383, -0.4226182617407038267, -0.000000000000000000 ) ) ;
#1628 = VERTEX_POINT ( 'NONE', #1047 ) ;
#1629 = ADVANCED_FACE ( 'NONE', ( #6575 ), #951, .T. ) ;
#1630 = CARTESIAN_POINT ( 'NONE',  ( -12.31348600312988317, 5.741872821843921670, 10.99999999999999645 ) ) ;
#1631 = CARTESIAN_POINT ( 'NONE',  ( -5.530614342596868127, 32.49999999999996447, 11.00000000000000888 ) ) ;
#1632 = CARTESIAN_POINT ( 'NONE',  ( 15.49999999999999467, 14.50000000000000000, 8.175000000000004263 ) ) ;
#1633 = CARTESIAN_POINT ( 'NONE',  ( -25.50000000000000355, 25.22220183126872683, -11.82947522544825425 ) ) ;
#1634 = FACE_OUTER_BOUND ( 'NONE', #2397, .T. ) ;
#1635 = VERTEX_POINT ( 'NONE', #4842 ) ;
#1636 = ORIENTED_EDGE ( 'NONE', *, *, #2022, .F. ) ;
#1637 = DIRECTION ( 'NONE',  ( -0.4226182617407066577, -0.9063077870366466060, 0.000000000000000000 ) ) ;
#1638 = ORIENTED_EDGE ( 'NONE', *, *, #4412, .T. ) ;
#1639 = CARTESIAN_POINT ( 'NONE',  ( -22.54328225326147006, 27.43867585593697456, 13.96118694326121457 ) ) ;
#1640 = DIRECTION ( 'NONE',  ( 0.000000000000000000, 0.000000000000000000, -1.000000000000000000 ) ) ;
#1641 = CIRCLE ( 'NONE', #7196, 1.999999999999995781 ) ;
#1642 = CARTESIAN_POINT ( 'NONE',  ( -2.994904772160664308, 42.28904584305497849, -17.00000000000000000 ) ) ;
#1643 = CARTESIAN_POINT ( 'NONE',  ( 1.679907603237638325, 35.75080225211290497, -13.99999999999999822 ) ) ;
#1644 = CARTESIAN_POINT ( 'NONE',  ( -24.13503453703477319, 24.90557699627069255, 13.32613198890154926 ) ) ;
#1645 = ORIENTED_EDGE ( 'NONE', *, *, #1051, .T. ) ;
#1646 = ORIENTED_EDGE ( 'NONE', *, *, #6901, .T. ) ;
#1647 = DIRECTION ( 'NONE',  ( 0.2792582776338263795, -0.7672558119947032740, 0.5773502691896293948 ) ) ;
#1648 = ORIENTED_EDGE ( 'NONE', *, *, #2140, .F. ) ;
#1649 = AXIS2_PLACEMENT_3D ( 'NONE', #330, #5866, #2592 ) ;
#1650 = CARTESIAN_POINT ( 'NONE',  ( 6.302696986155290837, 62.22781715790512891, 76.26183934523038488 ) ) ;
#1651 = CARTESIAN_POINT ( 'NONE',  ( -3.816926780473918868, -15.83375658916527229, 14.41889748228449797 ) ) ;
#1652 = CARTESIAN_POINT ( 'NONE',  ( 2.926549896092509595, 14.23692318378703980, -7.381525577361445656 ) ) ;
#1653 = CARTESIAN_POINT ( 'NONE',  ( 5.223130652084019054, 26.77686934791601203, -18.19139772588774662 ) ) ;
#1654 = AXIS2_PLACEMENT_3D ( 'NONE', #1310, #8484, #5155 ) ;
#1655 = DIRECTION ( 'NONE',  ( 0.4226182617407032160, 0.9063077870366482713, 0.000000000000000000 ) ) ;
#1656 =( BOUNDED_CURVE ( )  B_SPLINE_CURVE ( 3, ( #5493, #676, #6261, #9408 ),
 .UNSPECIFIED., .F., .T. ) 
 B_SPLINE_CURVE_WITH_KNOTS ( ( 4, 4 ),
 ( 3.141592653589793116, 4.712388980384689674 ),
 .UNSPECIFIED. ) 
 CURVE ( )  GEOMETRIC_REPRESENTATION_ITEM ( )  RATIONAL_B_SPLINE_CURVE ( ( 1.000000000000000000, 0.8047378541243649375, 0.8047378541243649375, 1.000000000000000000 ) ) 
 REPRESENTATION_ITEM ( '' )  );
#1657 = ORIENTED_EDGE ( 'NONE', *, *, #6577, .T. ) ;
#1658 = ORIENTED_EDGE ( 'NONE', *, *, #5868, .T. ) ;
#1659 = DIRECTION ( 'NONE',  ( -0.9063077870366480493, 0.4226182617407038822, 0.000000000000000000 ) ) ;
#1660 = ORIENTED_EDGE ( 'NONE', *, *, #4908, .F. ) ;
#1661 = CARTESIAN_POINT ( 'NONE',  ( 7.384959648282331202, 24.61504035171775584, 15.57483598461933738 ) ) ;
#1662 = EDGE_CURVE ( 'NONE', #1928, #7126, #7970, .T. ) ;
#1663 = DIRECTION ( 'NONE',  ( -1.000000000000000000, 0.000000000000000000, -0.000000000000000000 ) ) ;
#1664 = CARTESIAN_POINT ( 'NONE',  ( -7.806255641895581388E-17, 14.50000000000000000, -0.8999999999999950262 ) ) ;
#1665 = CARTESIAN_POINT ( 'NONE',  ( -23.26515085317242182, 26.58191452350640205, -13.50741288391937367 ) ) ;
#1666 = DIRECTION ( 'NONE',  ( 1.000000000000000000, 0.000000000000000000, 0.000000000000000000 ) ) ;
#1667 = DIRECTION ( 'NONE',  ( 0.000000000000000000, 0.000000000000000000, -1.000000000000000000 ) ) ;
#1668 = CARTESIAN_POINT ( 'NONE',  ( -16.08578643762685800, 30.11543744278039014, 21.41421356237309581 ) ) ;
#1669 = DIRECTION ( 'NONE',  ( 0.4226182617407037156, 0.9063077870366479383, 0.000000000000000000 ) ) ;
#1670 = AXIS2_PLACEMENT_3D ( 'NONE', #3629, #9090, #5994 ) ;
#1671 = ORIENTED_EDGE ( 'NONE', *, *, #6610, .T. ) ;
#1672 = ORIENTED_EDGE ( 'NONE', *, *, #6660, .F. ) ;
#1673 = DIRECTION ( 'NONE',  ( 0.4226182617407044928, 0.9063077870366477162, 0.000000000000000000 ) ) ;
#1674 = ORIENTED_EDGE ( 'NONE', *, *, #8372, .F. ) ;
#1675 = AXIS2_PLACEMENT_3D ( 'NONE', #6862, #2966, #10058 ) ;
#1676 = CARTESIAN_POINT ( 'NONE',  ( -16.59916642753872296, 46.24143473880803867, 20.16737352440852504 ) ) ;
#1677 = DIRECTION ( 'NONE',  ( 0.000000000000000000, 1.000000000000000000, -0.000000000000000000 ) ) ;
#1678 = EDGE_CURVE ( 'NONE', #827, #8777, #3802, .T. ) ;
#1679 = CARTESIAN_POINT ( 'NONE',  ( -22.71629261286150125, 27.39001814001279200, 13.88499447053085056 ) ) ;
#1680 = DIRECTION ( 'NONE',  ( 0.000000000000000000, 0.000000000000000000, 1.000000000000000000 ) ) ;
#1681 = ADVANCED_FACE ( 'NONE', ( #4117 ), #8848, .T. ) ;
#1682 = VECTOR ( 'NONE', #3110, 1000.000000000000114 ) ;
#1683 = CARTESIAN_POINT ( 'NONE',  ( -1.500000000000008438, -9.171572875253783508, 22.00000000000000000 ) ) ;
#1684 = VERTEX_POINT ( 'NONE', #8068 ) ;
#1685 = ORIENTED_EDGE ( 'NONE', *, *, #480, .F. ) ;
#1686 = CARTESIAN_POINT ( 'NONE',  ( -22.87848966870760137, 27.20584811764505062, 13.74369705693647070 ) ) ;
#1687 = ORIENTED_EDGE ( 'NONE', *, *, #5592, .T. ) ;
#1688 = DIRECTION ( 'NONE',  ( 1.020425574104004122E-16, 0.000000000000000000, 1.000000000000000000 ) ) ;
#1689 = CIRCLE ( 'NONE', #2504, 2.000000000000000000 ) ;
#1690 = AXIS2_PLACEMENT_3D ( 'NONE', #9067, #4536, #2187 ) ;
#1691 = PLANE ( 'NONE',  #8680 ) ;
#1692 = DIRECTION ( 'NONE',  ( 0.000000000000000000, -1.000000000000000000, 0.000000000000000000 ) ) ;
#1693 = SPHERICAL_SURFACE ( 'NONE', #7744, 2.000000000000000000 ) ;
#1694 = CIRCLE ( 'NONE', #8239, 0.9499999999999978462 ) ;
#1695 = SPHERICAL_SURFACE ( 'NONE', #525, 2.000000000000000000 ) ;
#1696 = AXIS2_PLACEMENT_3D ( 'NONE', #9410, #1407, #3040 ) ;
#1697 = ORIENTED_EDGE ( 'NONE', *, *, #7958, .F. ) ;
#1698 = ORIENTED_EDGE ( 'NONE', *, *, #4129, .F. ) ;
#1699 = ADVANCED_FACE ( 'NONE', ( #4172 ), #1099, .T. ) ;
#1700 = CARTESIAN_POINT ( 'NONE',  ( -28.68734933071647220, -9.755209643631980398, -5.984223544537287331 ) ) ;
#1701 = ORIENTED_EDGE ( 'NONE', *, *, #9293, .T. ) ;
#1702 = ORIENTED_EDGE ( 'NONE', *, *, #7005, .T. ) ;
#1703 = ADVANCED_FACE ( 'NONE', ( #4994, #2685 ), #8957, .F. ) ;
#1704 = CARTESIAN_POINT ( 'NONE',  ( -25.50000000000000355, 26.36619136811596320, 11.44883229912635692 ) ) ;
#1705 = AXIS2_PLACEMENT_3D ( 'NONE', #76, #5511, #4639 ) ;
#1706 = EDGE_CURVE ( 'NONE', #9899, #3180, #9204, .T. ) ;
#1707 = CARTESIAN_POINT ( 'NONE',  ( -3.603470868074854838, -14.94195772195774730, -14.86479736431743781 ) ) ;
#1708 = CARTESIAN_POINT ( 'NONE',  ( -23.31162838449181507, 26.49349331039356414, 13.49693926709300129 ) ) ;
#1709 = CARTESIAN_POINT ( 'NONE',  ( -1.500000000000008216, 30.11543744278038304, -22.00000000000000000 ) ) ;
#1710 = EDGE_CURVE ( 'NONE', #7294, #7809, #4611, .T. ) ;
#1711 = CIRCLE ( 'NONE', #9747, 1.999999999999998224 ) ;
#1712 = ORIENTED_EDGE ( 'NONE', *, *, #1035, .T. ) ;
#1713 = ORIENTED_EDGE ( 'NONE', *, *, #4161, .F. ) ;
#1714 = CARTESIAN_POINT ( 'NONE',  ( -23.17157287525381548, 28.11543744278039370, -13.49999999999995559 ) ) ;
#1715 = ORIENTED_EDGE ( 'NONE', *, *, #3174, .F. ) ;
#1716 = DIRECTION ( 'NONE',  ( 0.000000000000000000, 1.000000000000000000, 0.000000000000000000 ) ) ;
#1717 = CYLINDRICAL_SURFACE ( 'NONE', #5723, 1.999999999999996891 ) ;
#1718 = CARTESIAN_POINT ( 'NONE',  ( -25.01494138898565822, 27.58279634063550390, -11.52446414793877416 ) ) ;
#1719 = CARTESIAN_POINT ( 'NONE',  ( -23.16913628850583606, 26.75458393485924802, -13.54308691595441516 ) ) ;
#1720 = AXIS2_PLACEMENT_3D ( 'NONE', #544, #2183, #10037 ) ;
#1721 = DIRECTION ( 'NONE',  ( 0.000000000000000000, 0.7071067811865471286, -0.7071067811865480168 ) ) ;
#1722 = DIRECTION ( 'NONE',  ( 1.000000000000000000, 0.000000000000000000, 0.000000000000000000 ) ) ;
#1723 = LINE ( 'NONE', #4844, #6605 ) ;
#1724 = CARTESIAN_POINT ( 'NONE',  ( -18.65764051238642196, 8.700200654028847680, 17.00000000000000000 ) ) ;
#1725 = VERTEX_POINT ( 'NONE', #3708 ) ;
#1726 = EDGE_LOOP ( 'NONE', ( #8334, #4311, #4917, #3380, #1766 ) ) ;
#1727 = DIRECTION ( 'NONE',  ( 1.000000000000000000, 0.000000000000000000, 0.000000000000000000 ) ) ;
#1728 = AXIS2_PLACEMENT_3D ( 'NONE', #4948, #8073, #1054 ) ;
#1729 = ORIENTED_EDGE ( 'NONE', *, *, #7504, .T. ) ;
#1730 = AXIS2_PLACEMENT_3D ( 'NONE', #8313, #3591, #6005 ) ;
#1731 = FACE_OUTER_BOUND ( 'NONE', #2553, .T. ) ;
#1732 = CARTESIAN_POINT ( 'NONE',  ( -23.86009097031984183, 25.44860977197113172, 13.37775150864067619 ) ) ;
#1733 = EDGE_CURVE ( 'NONE', #435, #3617, #1199, .T. ) ;
#1734 = CARTESIAN_POINT ( 'NONE',  ( -22.71629261286150125, 27.39001814001279200, 13.88499447053085056 ) ) ;
#1735 = CARTESIAN_POINT ( 'NONE',  ( -23.16226642627018606, -15.40264014423785710, 11.86473438475085196 ) ) ;
#1736 = AXIS2_PLACEMENT_3D ( 'NONE', #9197, #8415, #4707 ) ;
#1737 = VECTOR ( 'NONE', #7206, 1000.000000000000000 ) ;
#1738 = CARTESIAN_POINT ( 'NONE',  ( 2.015447335784776861, 29.98455266421536791, 7.969105328430673651 ) ) ;
#1739 = VECTOR ( 'NONE', #6766, 1000.000000000000000 ) ;
#1740 = VERTEX_POINT ( 'NONE', #8214 ) ;
#1741 = VERTEX_POINT ( 'NONE', #9054 ) ;
#1742 = DIRECTION ( 'NONE',  ( 0.000000000000000000, -1.000000000000000000, 0.000000000000000000 ) ) ;
#1743 = ORIENTED_EDGE ( 'NONE', *, *, #508, .F. ) ;
#1744 = DIRECTION ( 'NONE',  ( -0.4226182617407049369, -0.9063077870366473832, 0.000000000000000000 ) ) ;
#1745 = AXIS2_PLACEMENT_3D ( 'NONE', #5722, #4287, #1218 ) ;
#1746 = DIRECTION ( 'NONE',  ( 0.000000000000000000, 0.000000000000000000, 1.000000000000000000 ) ) ;
#1747 = DIRECTION ( 'NONE',  ( -0.4226182617407038267, -0.9063077870366479383, 0.000000000000000000 ) ) ;
#1748 = CARTESIAN_POINT ( 'NONE',  ( 13.91470628072966065, 61.98841268673049854, 14.00000000000000000 ) ) ;
#1749 = CARTESIAN_POINT ( 'NONE',  ( -25.39968180330259884, 26.77320005062399844, 11.41401429035729009 ) ) ;
#1750 = ORIENTED_EDGE ( 'NONE', *, *, #5886, .T. ) ;
#1751 = VERTEX_POINT ( 'NONE', #9780 ) ;
#1752 = DIRECTION ( 'NONE',  ( -1.000000000000000000, 0.000000000000000000, -0.000000000000000000 ) ) ;
#1753 = ADVANCED_FACE ( 'NONE', ( #2888 ), #7600, .T. ) ;
#1754 = EDGE_LOOP ( 'NONE', ( #1948, #67 ) ) ;
#1755 = CARTESIAN_POINT ( 'NONE',  ( 5.499999999999993783, -7.549999999999999822, 10.05000000000000249 ) ) ;
#1756 = EDGE_CURVE ( 'NONE', #4189, #4918, #3896, .T. ) ;
#1757 = CARTESIAN_POINT ( 'NONE',  ( -21.36820560205300268, 27.78689185429413655, 14.40168305500067447 ) ) ;
#1758 = ADVANCED_FACE ( 'NONE', ( #433 ), #9107, .F. ) ;
#1759 = CARTESIAN_POINT ( 'NONE',  ( 14.31619362926654304, 62.84940508446977248, 14.00000000000000000 ) ) ;
#1760 = CARTESIAN_POINT ( 'NONE',  ( -23.08378041261297042, 26.89986510503605288, 13.58940675503512630 ) ) ;
#1761 = ADVANCED_FACE ( 'NONE', ( #1253 ), #6103, .T. ) ;
#1762 = CARTESIAN_POINT ( 'NONE',  ( -20.84758728867086930, 30.11545508103910151, -16.65241271132908452 ) ) ;
#1763 = ORIENTED_EDGE ( 'NONE', *, *, #7159, .F. ) ;
#1764 = ORIENTED_EDGE ( 'NONE', *, *, #2811, .T. ) ;
#1765 = CARTESIAN_POINT ( 'NONE',  ( -3.499999999999996003, 28.11543744278040435, 13.49999999999998046 ) ) ;
#1766 = ORIENTED_EDGE ( 'NONE', *, *, #9862, .F. ) ;
#1767 = DIRECTION ( 'NONE',  ( -0.7071067811865465735, -0.000000000000000000, 0.7071067811865484609 ) ) ;
#1768 = DIRECTION ( 'NONE',  ( 0.4226182617407043263, 0.9063077870366476052, 0.000000000000000000 ) ) ;
#1769 = CARTESIAN_POINT ( 'NONE',  ( -3.595222355785468782, -16.88957164030679792, 14.12629298016237200 ) ) ;
#1770 = LINE ( 'NONE', #4888, #2154 ) ;
#1771 = PRODUCT_RELATED_PRODUCT_CATEGORY ( 'part', '', ( #4750 ) ) ;
#1772 = CARTESIAN_POINT ( 'NONE',  ( -24.22708019253994038, 29.34404018910998602, 12.26998894106172777 ) ) ;
#1773 = LINE ( 'NONE', #6631, #9577 ) ;
#1774 = EDGE_LOOP ( 'NONE', ( #8993, #7102, #9325, #9631 ) ) ;
#1775 = ORIENTED_EDGE ( 'NONE', *, *, #8202, .F. ) ;
#1776 = CARTESIAN_POINT ( 'NONE',  ( -15.49999999999992717, -20.00000000000000000, 11.17157287525376219 ) ) ;
#1777 = ORIENTED_EDGE ( 'NONE', *, *, #7612, .T. ) ;
#1778 = CARTESIAN_POINT ( 'NONE',  ( -22.65893041808779884, 26.88980068273615842, -13.49999999999995559 ) ) ;
#1779 = CARTESIAN_POINT ( 'NONE',  ( 0.000000000000000000, 14.50000000000000000, -22.00000000000000000 ) ) ;
#1780 = PLANE ( 'NONE',  #1480 ) ;
#1781 = CARTESIAN_POINT ( 'NONE',  ( 14.83245263440451467, 63.95652609376352160, 16.17157287525380838 ) ) ;
#1782 = CYLINDRICAL_SURFACE ( 'NONE', #6769, 1.000000000000000888 ) ;
#1783 = ORIENTED_EDGE ( 'NONE', *, *, #3117, .F. ) ;
#1784 = ADVANCED_FACE ( 'NONE', ( #5195 ), #4478, .T. ) ;
#1785 = VERTEX_POINT ( 'NONE', #6320 ) ;
#1786 = PLANE ( 'NONE',  #7769 ) ;
#1787 = ORIENTED_EDGE ( 'NONE', *, *, #4889, .F. ) ;
#1788 = CARTESIAN_POINT ( 'NONE',  ( -22.81680986910083675, 26.18091627516463760, 13.49999999999998046 ) ) ;
#1789 = DIRECTION ( 'NONE',  ( 0.000000000000000000, 1.000000000000000000, -0.000000000000000000 ) ) ;
#1790 = EDGE_CURVE ( 'NONE', #8777, #6445, #8561, .T. ) ;
#1791 = CARTESIAN_POINT ( 'NONE',  ( -21.81625483856770131, 27.61732309130389496, -14.17764483544509702 ) ) ;
#1792 = DIRECTION ( 'NONE',  ( -0.3781822567379362066, -0.8449593844541901655, -0.3781822567379352629 ) ) ;
#1793 = FACE_BOUND ( 'NONE', #2146, .T. ) ;
#1794 = DIRECTION ( 'NONE',  ( 1.000000000000000000, 0.000000000000000000, 0.000000000000000000 ) ) ;
#1795 = ORIENTED_EDGE ( 'NONE', *, *, #6357, .F. ) ;
#1796 = VERTEX_POINT ( 'NONE', #9255 ) ;
#1797 = DIRECTION ( 'NONE',  ( -0.000000000000000000, -0.7071067811865475727, 0.7071067811865475727 ) ) ;
#1798 = ORIENTED_EDGE ( 'NONE', *, *, #1575, .T. ) ;
#1799 = CARTESIAN_POINT ( 'NONE',  ( 2.934213980430113722, 32.34576902091714601, 17.21856441721794084 ) ) ;
#1800 = CARTESIAN_POINT ( 'NONE',  ( -3.883036438673303614, -16.31678337574572168, -14.22333379564559408 ) ) ;
#1801 = VECTOR ( 'NONE', #925, 1000.000000000000000 ) ;
#1802 = CARTESIAN_POINT ( 'NONE',  ( 5.499999999999993783, 11.55000000000000071, 5.000000000000000000 ) ) ;
#1803 = EDGE_CURVE ( 'NONE', #3976, #8499, #7249, .T. ) ;
#1804 = CARTESIAN_POINT ( 'NONE',  ( -22.95450597587830543, 27.10225321326636916, 13.68041566582990320 ) ) ;
#1805 =( BOUNDED_CURVE ( )  B_SPLINE_CURVE ( 3, ( #1276, #5617, #4744, #5521 ),
 .UNSPECIFIED., .F., .T. ) 
 B_SPLINE_CURVE_WITH_KNOTS ( ( 4, 4 ),
 ( 1.570796326794894782, 2.356194490192344837 ),
 .UNSPECIFIED. ) 
 CURVE ( )  GEOMETRIC_REPRESENTATION_ITEM ( )  RATIONAL_B_SPLINE_CURVE ( ( 1.000000000000000000, 0.9492530216741910110, 0.9492530216741910110, 1.000000000000000000 ) ) 
 REPRESENTATION_ITEM ( '' )  );
#1806 = ADVANCED_FACE ( 'NONE', ( #7693 ), #6775, .T. ) ;
#1807 = PLANE ( 'NONE',  #2647 ) ;
#1808 = DIRECTION ( 'NONE',  ( 1.000000000000000000, 0.000000000000000000, -1.020425574104004122E-16 ) ) ;
#1809 = AXIS2_PLACEMENT_3D ( 'NONE', #6959, #5221, #505 ) ;
#1810 = VERTEX_POINT ( 'NONE', #6102 ) ;
#1811 = ORIENTED_EDGE ( 'NONE', *, *, #5147, .T. ) ;
#1812 = DIRECTION ( 'NONE',  ( 0.4226182617407038267, 0.9063077870366479383, -0.000000000000000000 ) ) ;
#1813 = ORIENTED_EDGE ( 'NONE', *, *, #4769, .F. ) ;
#1814 = CARTESIAN_POINT ( 'NONE',  ( 2.989911769631495186, 32.21886973618972405, 16.17157287525381548 ) ) ;
#1815 = LINE ( 'NONE', #2626, #5074 ) ;
#1816 = AXIS2_PLACEMENT_3D ( 'NONE', #9627, #2582, #1046 ) ;
#1817 = CARTESIAN_POINT ( 'NONE',  ( -3.570989102426140871, -16.97109910273849565, 14.10349443201057085 ) ) ;
#1818 = FACE_OUTER_BOUND ( 'NONE', #6492, .T. ) ;
#1819 = CARTESIAN_POINT ( 'NONE',  ( -31.34594953089949598, 14.61685631839870503, 0.000000000000000000 ) ) ;
#1820 = DIRECTION ( 'NONE',  ( 0.9063077870366480493, -0.4226182617407037712, 0.000000000000000000 ) ) ;
#1821 = ORIENTED_EDGE ( 'NONE', *, *, #4186, .T. ) ;
#1822 = VERTEX_POINT ( 'NONE', #9461 ) ;
#1823 = CYLINDRICAL_SURFACE ( 'NONE', #8934, 1.999999999999998224 ) ;
#1824 = AXIS2_PLACEMENT_3D ( 'NONE', #3939, #6917, #7015 ) ;
#1825 = EDGE_LOOP ( 'NONE', ( #9480, #5964 ) ) ;
#1826 = EDGE_CURVE ( 'NONE', #1840, #5405, #4480, .T. ) ;
#1827 = CARTESIAN_POINT ( 'NONE',  ( -23.60685642394414430, 25.91436685341333046, -13.43932547993817472 ) ) ;
#1828 = B_SPLINE_CURVE_WITH_KNOTS ( 'NONE', 3,
 ( #5663, #8903, #8069, #171 ),
 .UNSPECIFIED., .F., .F.,
 ( 4, 4 ),
 ( 4.336808689942017736E-19, 0.0006055562764241174695 ),
 .UNSPECIFIED. ) ;
#1829 = EDGE_CURVE ( 'NONE', #8125, #5838, #8809, .T. ) ;
#1830 = DIRECTION ( 'NONE',  ( 0.4226182617407046038, 0.9063077870366477162, -0.000000000000000000 ) ) ;
#1831 = CARTESIAN_POINT ( 'NONE',  ( -5.530614342596865463, -4.634287498802787683E-16, 2.736787056813870578 ) ) ;
#1832 = ADVANCED_FACE ( 'NONE', ( #3801 ), #7748, .F. ) ;
#1833 = CARTESIAN_POINT ( 'NONE',  ( -3.499999999999996447, -18.06560115584377968, 13.66602235340391580 ) ) ;
#1834 = CARTESIAN_POINT ( 'NONE',  ( 17.86892390874854186, -6.657090883034599393, -20.00000000000000000 ) ) ;
#1835 = VECTOR ( 'NONE', #2208, 1000.000000000000114 ) ;
#1836 = ORIENTED_EDGE ( 'NONE', *, *, #763, .F. ) ;
#1837 = VERTEX_POINT ( 'NONE', #634 ) ;
#1838 = EDGE_CURVE ( 'NONE', #3618, #137, #8473, .T. ) ;
#1839 = LINE ( 'NONE', #5980, #6794 ) ;
#1840 = VERTEX_POINT ( 'NONE', #4567 ) ;
#1841 = CARTESIAN_POINT ( 'NONE',  ( 20.68635963477277073, 43.38344800398079570, 0.000000000000000000 ) ) ;
#1842 = EDGE_CURVE ( 'NONE', #1039, #10047, #2512, .T. ) ;
#1843 = CIRCLE ( 'NONE', #1178, 3.000000000000001776 ) ;
#1844 = PLANE ( 'NONE',  #6053 ) ;
#1845 = CARTESIAN_POINT ( 'NONE',  ( -20.92120110547542922, 27.91451149356134565, -14.62516737100324882 ) ) ;
#1846 = CYLINDRICAL_SURFACE ( 'NONE', #8362, 1.999999999999999778 ) ;
#1847 = DIRECTION ( 'NONE',  ( 1.000000000000000000, -0.000000000000000000, -0.000000000000000000 ) ) ;
#1848 = CARTESIAN_POINT ( 'NONE',  ( -24.67657373119612529, 28.33975250249265443, 11.70143847077430088 ) ) ;
#1849 = VECTOR ( 'NONE', #7802, 1000.000000000000000 ) ;
#1850 = VERTEX_POINT ( 'NONE', #3 ) ;
#1851 = ORIENTED_EDGE ( 'NONE', *, *, #2452, .F. ) ;
#1852 = AXIS2_PLACEMENT_3D ( 'NONE', #1548, #6923, #4612 ) ;
#1853 = CARTESIAN_POINT ( 'NONE',  ( -24.58578643762690064, -13.06467551690956697, 12.91421356237307805 ) ) ;
#1854 = AXIS2_PLACEMENT_3D ( 'NONE', #285, #1883, #6642 ) ;
#1855 = CARTESIAN_POINT ( 'NONE',  ( 6.302696986155223335, 62.22781715790498680, 13.99999999999999822 ) ) ;
#1856 = CARTESIAN_POINT ( 'NONE',  ( -3.656617824550046691, -15.22522839515285753, 14.72314936157898302 ) ) ;
#1857 = AXIS2_PLACEMENT_3D ( 'NONE', #2844, #442, #5969 ) ;
#1858 = CARTESIAN_POINT ( 'NONE',  ( -3.512731174801795309, -14.12220712045927407, -15.27468115227130774 ) ) ;
#1859 = AXIS2_PLACEMENT_3D ( 'NONE', #7095, #10140, #848 ) ;
#1860 = CARTESIAN_POINT ( 'NONE',  ( 7.694149530668957127, 24.30585046933150650, -18.91016058161482505 ) ) ;
#1861 = CARTESIAN_POINT ( 'NONE',  ( -3.499999999999996003, -15.49999999999997335, 13.49999999999998046 ) ) ;
#1862 = VERTEX_POINT ( 'NONE', #679 ) ;
#1863 = ORIENTED_EDGE ( 'NONE', *, *, #6589, .T. ) ;
#1864 = ORIENTED_EDGE ( 'NONE', *, *, #7248, .T. ) ;
#1865 = FACE_OUTER_BOUND ( 'NONE', #6651, .T. ) ;
#1866 = ORIENTED_EDGE ( 'NONE', *, *, #3832, .T. ) ;
#1867 = AXIS2_PLACEMENT_3D ( 'NONE', #10078, #6204, #9354 ) ;
#1868 = EDGE_CURVE ( 'NONE', #3498, #2597, #9079, .T. ) ;
#1869 = LINE ( 'NONE', #5602, #10005 ) ;
#1870 = CARTESIAN_POINT ( 'NONE',  ( -25.50000000000000355, 26.36621823190904834, -11.44879265409047875 ) ) ;
#1871 = DIRECTION ( 'NONE',  ( 0.7071067811865519026, 0.7071067811865432429, 0.000000000000000000 ) ) ;
#1872 = DIRECTION ( 'NONE',  ( 0.000000000000000000, 0.000000000000000000, -1.000000000000000000 ) ) ;
#1873 = AXIS2_PLACEMENT_3D ( 'NONE', #6220, #4689, #18 ) ;
#1874 = VERTEX_POINT ( 'NONE', #4004 ) ;
#1875 = ORIENTED_EDGE ( 'NONE', *, *, #1662, .F. ) ;
#1876 = CARTESIAN_POINT ( 'NONE',  ( -3.499999999999996003, -20.00000000000000355, 11.17157287525376219 ) ) ;
#1877 = EDGE_CURVE ( 'NONE', #5056, #5351, #5616, .T. ) ;
#1878 = EDGE_LOOP ( 'NONE', ( #9247, #2755, #1715, #6829 ) ) ;
#1879 = CARTESIAN_POINT ( 'NONE',  ( -24.67645567904808246, 28.34001626227663806, -11.70149155799370710 ) ) ;
#1880 = EDGE_CURVE ( 'NONE', #6666, #9405, #6557, .T. ) ;
#1881 = DIRECTION ( 'NONE',  ( 0.000000000000000000, 1.000000000000000000, 0.000000000000000000 ) ) ;
#1882 = CARTESIAN_POINT ( 'NONE',  ( 25.50000000000000355, 14.50000000000000000, -17.39999999999999858 ) ) ;
#1883 = DIRECTION ( 'NONE',  ( -0.9398692228466808407, -0.3415345428292376195, 0.000000000000000000 ) ) ;
#1884 = EDGE_CURVE ( 'NONE', #1151, #559, #211, .T. ) ;
#1885 = CIRCLE ( 'NONE', #9264, 0.9749999999999984235 ) ;
#1886 = CARTESIAN_POINT ( 'NONE',  ( -2.349607632625599241, 76.79971218835444802, -19.49999999999999645 ) ) ;
#1887 = ADVANCED_FACE ( 'NONE', ( #7957 ), #4475, .T. ) ;
#1888 = AXIS2_PLACEMENT_3D ( 'NONE', #7106, #7923, #9433 ) ;
#1889 = ORIENTED_EDGE ( 'NONE', *, *, #9739, .F. ) ;
#1890 = ORIENTED_EDGE ( 'NONE', *, *, #3120, .F. ) ;
#1891 = CYLINDRICAL_SURFACE ( 'NONE', #2051, 1.000000000000000888 ) ;
#1892 = ORIENTED_EDGE ( 'NONE', *, *, #9403, .F. ) ;
#1893 = CARTESIAN_POINT ( 'NONE',  ( -16.08578643762688642, -9.999999999999950262, -21.41421356237309226 ) ) ;
#1894 = AXIS2_PLACEMENT_3D ( 'NONE', #5951, #10160, #8611 ) ;
#1895 = DIRECTION ( 'NONE',  ( 1.000000000000000000, 0.000000000000000000, 0.000000000000000000 ) ) ;
#1896 = VECTOR ( 'NONE', #314, 1000.000000000000000 ) ;
#1897 = CARTESIAN_POINT ( 'NONE',  ( -17.37379000868254053, -16.54334523685231773, 17.29778286657123232 ) ) ;
#1898 = ADVANCED_FACE ( 'NONE', ( #8108 ), #5388, .T. ) ;
#1899 = CARTESIAN_POINT ( 'NONE',  ( 6.673368973308679841, 23.32483492863653041, 15.35000000000000142 ) ) ;
#1900 = CARTESIAN_POINT ( 'NONE',  ( 25.50000000000000355, 14.50000000000000000, 0.000000000000000000 ) ) ;
#1901 = SPHERICAL_SURFACE ( 'NONE', #4124, 2.000000000000000000 ) ;
#1902 = ORIENTED_EDGE ( 'NONE', *, *, #2633, .F. ) ;
#1903 = VERTEX_POINT ( 'NONE', #5182 ) ;
#1904 = DIRECTION ( 'NONE',  ( -0.4226182617407038267, -0.9063077870366479383, 0.000000000000000000 ) ) ;
#1905 = AXIS2_PLACEMENT_3D ( 'NONE', #9748, #5113, #398 ) ;
#1906 = VECTOR ( 'NONE', #10137, 1000.000000000000000 ) ;
#1907 = DIRECTION ( 'NONE',  ( 0.000000000000000000, -1.000000000000000000, 0.000000000000000000 ) ) ;
#1908 = AXIS2_PLACEMENT_3D ( 'NONE', #5688, #6506, #8828 ) ;
#1909 = CARTESIAN_POINT ( 'NONE',  ( -3.538427661674227842, -17.10955935061548061, -14.06025879296103653 ) ) ;
#1910 = EDGE_CURVE ( 'NONE', #4123, #9110, #8240, .T. ) ;
#1911 = CARTESIAN_POINT ( 'NONE',  ( 27.49604706897346418, 58.96546322606946688, -15.00000000000000000 ) ) ;
#1912 = FACE_BOUND ( 'NONE', #5473, .T. ) ;
#1913 = CARTESIAN_POINT ( 'NONE',  ( -19.69516374209343113, 28.10254540976631432, -15.23820456658016553 ) ) ;
#1914 = VERTEX_POINT ( 'NONE', #8939 ) ;
#1915 = DIRECTION ( 'NONE',  ( 3.166382568368614567E-16, 7.074537787660412873E-16, 1.000000000000000000 ) ) ;
#1916 = ORIENTED_EDGE ( 'NONE', *, *, #5727, .F. ) ;
#1917 = ORIENTED_EDGE ( 'NONE', *, *, #3479, .T. ) ;
#1918 = DIRECTION ( 'NONE',  ( 0.000000000000000000, 1.000000000000000000, 0.000000000000000000 ) ) ;
#1919 = ORIENTED_EDGE ( 'NONE', *, *, #3851, .F. ) ;
#1920 = CARTESIAN_POINT ( 'NONE',  ( 11.59818138781209207, 4.214607183262512713, -10.99999999999998224 ) ) ;
#1921 = FACE_OUTER_BOUND ( 'NONE', #778, .T. ) ;
#1922 = PLANE ( 'NONE',  #4291 ) ;
#1923 = CARTESIAN_POINT ( 'NONE',  ( -9.938018709031620546, 26.55921252205307681, 5.000000000000000888 ) ) ;
#1924 = ADVANCED_FACE ( 'NONE', ( #1912, #9918, #414 ), #6772, .F. ) ;
#1925 = CARTESIAN_POINT ( 'NONE',  ( 0.1368756844045845023, 75.03338812035285343, 19.99999999999998934 ) ) ;
#1926 = CARTESIAN_POINT ( 'NONE',  ( -23.81579749656515688, 28.52699465135955137, -13.68420250343480404 ) ) ;
#1927 = ORIENTED_EDGE ( 'NONE', *, *, #9162, .T. ) ;
#1928 = VERTEX_POINT ( 'NONE', #2062 ) ;
#1929 = DIRECTION ( 'NONE',  ( -0.4226182617407066577, -0.9063077870366466060, 0.000000000000000000 ) ) ;
#1930 = ORIENTED_EDGE ( 'NONE', *, *, #9914, .T. ) ;
#1931 = CARTESIAN_POINT ( 'NONE',  ( -23.17789209706026909, 26.68762800164978799, -13.55298643654384705 ) ) ;
#1932 = CARTESIAN_POINT ( 'NONE',  ( 0.000000000000000000, 11.55000000000000071, -5.000000000000000000 ) ) ;
#1933 = VECTOR ( 'NONE', #3887, 1000.000000000000000 ) ;
#1934 = LINE ( 'NONE', #5101, #1153 ) ;
#1935 = PLANE ( 'NONE',  #1854 ) ;
#1936 = EDGE_CURVE ( 'NONE', #8233, #9620, #4303, .T. ) ;
#1937 = EDGE_CURVE ( 'NONE', #6471, #299, #5457, .T. ) ;
#1938 = FACE_OUTER_BOUND ( 'NONE', #1374, .T. ) ;
#1939 = EDGE_LOOP ( 'NONE', ( #6004, #1217 ) ) ;
#1940 = ORIENTED_EDGE ( 'NONE', *, *, #7228, .T. ) ;
#1941 = PLANE ( 'NONE',  #4330 ) ;
#1942 = EDGE_LOOP ( 'NONE', ( #5895, #10070, #8128, #5710, #7008, #1444, #2127 ) ) ;
#1943 = DIRECTION ( 'NONE',  ( -0.4226182617407051034, -0.9063077870366473832, 0.000000000000000000 ) ) ;
#1944 = CARTESIAN_POINT ( 'NONE',  ( 25.50000000000000355, -11.55000000000000071, -18.64999999999999503 ) ) ;
#1945 = DIRECTION ( 'NONE',  ( 0.6509445549041203982, -0.3905667329424710732, 0.6509445549041187329 ) ) ;
#1946 = FACE_OUTER_BOUND ( 'NONE', #4644, .T. ) ;
#1947 = CARTESIAN_POINT ( 'NONE',  ( -23.25992397023600233, 26.53344450641355223, 13.52984475137069431 ) ) ;
#1948 = ORIENTED_EDGE ( 'NONE', *, *, #10169, .F. ) ;
#1949 = VERTEX_POINT ( 'NONE', #7586 ) ;
#1950 = CARTESIAN_POINT ( 'NONE',  ( 13.91470628061287229, 61.98841268678496164, 14.00000000000000000 ) ) ;
#1951 = CARTESIAN_POINT ( 'NONE',  ( 2.072011525076343119, 34.31017149439804115, 18.03579629567432718 ) ) ;
#1952 = EDGE_CURVE ( 'NONE', #6197, #865, #3004, .T. ) ;
#1953 = CARTESIAN_POINT ( 'NONE',  ( -3.639309898608005689, -15.14340746649646974, -14.76407331896005282 ) ) ;
#1954 = CARTESIAN_POINT ( 'NONE',  ( -3.698964755138981264, -15.44905149116785026, 14.61126069204295419 ) ) ;
#1955 = DIRECTION ( 'NONE',  ( -0.4226182617407038267, -0.9063077870366479383, 0.000000000000000000 ) ) ;
#1956 = ORIENTED_EDGE ( 'NONE', *, *, #1489, .T. ) ;
#1957 = CARTESIAN_POINT ( 'NONE',  ( 0.000000000000000000, 41.36606874731850070, -5.000000000000000000 ) ) ;
#1958 = ORIENTED_EDGE ( 'NONE', *, *, #4568, .F. ) ;
#1959 = ORIENTED_EDGE ( 'NONE', *, *, #4470, .T. ) ;
#1960 = CARTESIAN_POINT ( 'NONE',  ( -20.58578643762691129, 28.11543744278040435, 14.08578643762688998 ) ) ;
#1961 = VERTEX_POINT ( 'NONE', #2716 ) ;
#1962 = CARTESIAN_POINT ( 'NONE',  ( -14.95847735162155523, 42.66129906706022723, -22.00000000000000355 ) ) ;
#1963 = EDGE_CURVE ( 'NONE', #806, #6120, #364, .T. ) ;
#1964 = CARTESIAN_POINT ( 'NONE',  ( -3.499999999999996003, -15.49999999999997335, -13.49999999999995026 ) ) ;
#1965 = DIRECTION ( 'NONE',  ( -1.000000000000000000, 0.000000000000000000, 0.000000000000000000 ) ) ;
#1966 = DIRECTION ( 'NONE',  ( 1.000000000000000000, 0.000000000000000000, 0.000000000000000000 ) ) ;
#1967 = CARTESIAN_POINT ( 'NONE',  ( 0.2306555514570340359, 38.42305084138246229, -21.99999999999999645 ) ) ;
#1968 = AXIS2_PLACEMENT_3D ( 'NONE', #9625, #5705, #3398 ) ;
#1969 = FACE_OUTER_BOUND ( 'NONE', #9455, .T. ) ;
#1970 = ORIENTED_EDGE ( 'NONE', *, *, #2207, .F. ) ;
#1971 = ORIENTED_EDGE ( 'NONE', *, *, #9346, .F. ) ;
#1972 = CARTESIAN_POINT ( 'NONE',  ( -0.5000000000000063283, 22.55000000000000071, 10.04999999999999716 ) ) ;
#1973 = ORIENTED_EDGE ( 'NONE', *, *, #4712, .T. ) ;
#1974 = EDGE_CURVE ( 'NONE', #2346, #2463, #4640, .T. ) ;
#1975 = DIRECTION ( 'NONE',  ( 0.000000000000000000, 0.000000000000000000, 1.000000000000000000 ) ) ;
#1976 = AXIS2_PLACEMENT_3D ( 'NONE', #6654, #2601, #7473 ) ;
#1977 = FACE_OUTER_BOUND ( 'NONE', #6886, .T. ) ;
#1978 = CARTESIAN_POINT ( 'NONE',  ( -14.67157287525379061, 28.11543744278039370, -20.00000000000001066 ) ) ;
#1979 = PLANE ( 'NONE',  #1649 ) ;
#1980 = VECTOR ( 'NONE', #2629, 1000.000000000000000 ) ;
#1981 = CARTESIAN_POINT ( 'NONE',  ( 16.98844984454161278, 35.45325486741011645, 0.000000000000000000 ) ) ;
#1982 = ORIENTED_EDGE ( 'NONE', *, *, #7894, .T. ) ;
#1983 = ORIENTED_EDGE ( 'NONE', *, *, #9739, .T. ) ;
#1984 = LINE ( 'NONE', #2797, #3021 ) ;
#1985 = ORIENTED_EDGE ( 'NONE', *, *, #2310, .F. ) ;
#1986 = ORIENTED_EDGE ( 'NONE', *, *, #6678, .F. ) ;
#1987 = CARTESIAN_POINT ( 'NONE',  ( 7.499999999999992895, 12.50000000000000000, -16.64999999999999503 ) ) ;
#1988 = ADVANCED_FACE ( 'NONE', ( #5129 ), #5825, .T. ) ;
#1989 = VECTOR ( 'NONE', #5631, 1000.000000000000000 ) ;
#1990 = DIRECTION ( 'NONE',  ( 0.000000000000000000, 0.000000000000000000, 1.000000000000000000 ) ) ;
#1991 = ADVANCED_FACE ( 'NONE', ( #7836 ), #9296, .F. ) ;
#1992 = CARTESIAN_POINT ( 'NONE',  ( 2.912778119957188050, 35.04838723710723514, 17.58578643762691129 ) ) ;
#1993 = CARTESIAN_POINT ( 'NONE',  ( 8.328427124746188071, 22.55000000000000071, 9.050000000000002487 ) ) ;
#1994 = CARTESIAN_POINT ( 'NONE',  ( -22.93061977949852093, 27.14148485746988371, 13.69520412063552328 ) ) ;
#1995 = ORIENTED_EDGE ( 'NONE', *, *, #812, .T. ) ;
#1996 = ORIENTED_EDGE ( 'NONE', *, *, #4143, .T. ) ;
#1997 = CARTESIAN_POINT ( 'NONE',  ( -2.421599264912682514, 76.58738831771977118, 20.17758011068356794 ) ) ;
#1998 = B_SPLINE_CURVE_WITH_KNOTS ( 'NONE', 3,
 ( #1125, #350, #8984, #9809, #5025, #9913, #4298, #9088, #7423, #4244, #408 ),
 .UNSPECIFIED., .F., .F.,
 ( 4, 2, 1, 2, 2, 4 ),
 ( 0.000000000000000000, 0.2499999999999795719, 0.3749999999999801825, 0.4374999999999826250, 0.4999999999999850120, 1.000000000000000000 ),
 .UNSPECIFIED. ) ;
#1999 = AXIS2_PLACEMENT_3D ( 'NONE', #7563, #2850, #7511 ) ;
#2000 = CARTESIAN_POINT ( 'NONE',  ( 14.83245263440451289, 63.95652609376352160, 76.26183934523054120 ) ) ;
#2001 = VECTOR ( 'NONE', #1490, 1000.000000000000000 ) ;
#2002 = AXIS2_PLACEMENT_3D ( 'NONE', #3651, #586, #8316 ) ;
#2003 = DIRECTION ( 'NONE',  ( 1.000000000000000000, 0.000000000000000000, -1.020425574104004122E-16 ) ) ;
#2004 = ADVANCED_FACE ( 'NONE', ( #5279 ), #3892, .F. ) ;
#2005 = DIRECTION ( 'NONE',  ( 0.000000000000000000, 0.000000000000000000, 1.000000000000000000 ) ) ;
#2006 = VECTOR ( 'NONE', #1588, 1000.000000000000000 ) ;
#2007 = ORIENTED_EDGE ( 'NONE', *, *, #6486, .T. ) ;
#2008 = CARTESIAN_POINT ( 'NONE',  ( -22.92710368795522413, 27.21448076977873853, -13.74003845228293841 ) ) ;
#2009 = EDGE_CURVE ( 'NONE', #1602, #2992, #4403, .T. ) ;
#2010 = VERTEX_POINT ( 'NONE', #5376 ) ;
#2011 = EDGE_LOOP ( 'NONE', ( #8827, #5488, #5349, #8218 ) ) ;
#2012 = DIRECTION ( 'NONE',  ( 0.9063077870366479383, -0.4226182617407038267, -0.000000000000000000 ) ) ;
#2013 = ORIENTED_EDGE ( 'NONE', *, *, #3162, .T. ) ;
#2014 = DIRECTION ( 'NONE',  ( -0.000000000000000000, -1.000000000000000000, -0.000000000000000000 ) ) ;
#2015 = CIRCLE ( 'NONE', #183, 0.9499999999999978462 ) ;
#2016 = VECTOR ( 'NONE', #308, 1000.000000000000000 ) ;
#2017 = DIRECTION ( 'NONE',  ( 0.9519262989559368338, -0.3063271475988577630, -1.603962278938230218E-16 ) ) ;
#2018 = AXIS2_PLACEMENT_3D ( 'NONE', #4376, #5143, #2021 ) ;
#2019 = DIRECTION ( 'NONE',  ( 0.000000000000000000, 0.000000000000000000, -1.000000000000000000 ) ) ;
#2020 = FACE_OUTER_BOUND ( 'NONE', #977, .T. ) ;
#2021 = DIRECTION ( 'NONE',  ( 0.000000000000000000, 0.000000000000000000, 1.000000000000000000 ) ) ;
#2022 = EDGE_CURVE ( 'NONE', #4094, #4962, #7017, .T. ) ;
#2023 = CARTESIAN_POINT ( 'NONE',  ( 0.000000000000000000, -10.58578643762688110, 21.41421356237309226 ) ) ;
#2024 = VECTOR ( 'NONE', #8707, 1000.000000000000114 ) ;
#2025 = CIRCLE ( 'NONE', #9238, 1.999999999999998002 ) ;
#2026 = EDGE_LOOP ( 'NONE', ( #7274, #159, #3770 ) ) ;
#2027 = VERTEX_POINT ( 'NONE', #6246 ) ;
#2028 = CARTESIAN_POINT ( 'NONE',  ( -23.47502358095818309, -15.21498585142506066, -11.49999999999995026 ) ) ;
#2029 = ORIENTED_EDGE ( 'NONE', *, *, #10136, .T. ) ;
#2030 = CARTESIAN_POINT ( 'NONE',  ( -23.25990155354523026, 26.53348719217218488, -13.52984954475796897 ) ) ;
#2031 = DIRECTION ( 'NONE',  ( 0.000000000000000000, 1.000000000000000000, -0.000000000000000000 ) ) ;
#2032 = VECTOR ( 'NONE', #7664, 1000.000000000000114 ) ;
#2033 = DIRECTION ( 'NONE',  ( 1.000000000000000000, 0.000000000000000000, -0.000000000000000000 ) ) ;
#2034 = ADVANCED_FACE ( 'NONE', ( #2920 ), #6039, .T. ) ;
#2035 = DIRECTION ( 'NONE',  ( -0.9063077870366479383, 0.4226182617407038267, 0.000000000000000000 ) ) ;
#2036 = AXIS2_PLACEMENT_3D ( 'NONE', #7098, #9475, #2435 ) ;
#2037 = CARTESIAN_POINT ( 'NONE',  ( -4.346431468659013753, -15.75759784238610983, -13.75759784238608496 ) ) ;
#2038 = CARTESIAN_POINT ( 'NONE',  ( 10.82842712474615787, 20.00000000000000000, -18.64999999999999147 ) ) ;
#2039 = DIRECTION ( 'NONE',  ( 0.4226182617407038267, 0.9063077870366479383, -0.000000000000000000 ) ) ;
#2040 = EDGE_LOOP ( 'NONE', ( #7676, #4986, #4471, #3860 ) ) ;
#2041 = ORIENTED_EDGE ( 'NONE', *, *, #2257, .T. ) ;
#2042 = CARTESIAN_POINT ( 'NONE',  ( -20.58578643762692906, 30.11543744278038304, -16.91421356237304252 ) ) ;
#2043 = ORIENTED_EDGE ( 'NONE', *, *, #3587, .F. ) ;
#2044 = ORIENTED_EDGE ( 'NONE', *, *, #5512, .T. ) ;
#2045 = EDGE_CURVE ( 'NONE', #7766, #1837, #1367, .T. ) ;
#2046 = DIRECTION ( 'NONE',  ( 1.000000000000000000, 0.000000000000000000, -1.020425574104004122E-16 ) ) ;
#2047 = DIRECTION ( 'NONE',  ( -0.4085227688752217645, -0.9127481291739369951, 3.469446951953607286E-16 ) ) ;
#2048 = EDGE_CURVE ( 'NONE', #10020, #3804, #2670, .T. ) ;
#2049 = DIRECTION ( 'NONE',  ( 0.4226182617407046593, 0.9063077870366476052, 0.000000000000000000 ) ) ;
#2050 = CARTESIAN_POINT ( 'NONE',  ( -1.499932500341516262, -15.45231343726864992, -16.54768656273129679 ) ) ;
#2051 = AXIS2_PLACEMENT_3D ( 'NONE', #9018, #6693, #5013 ) ;
#2052 = VECTOR ( 'NONE', #3825, 1000.000000000000000 ) ;
#2053 = FACE_OUTER_BOUND ( 'NONE', #3230, .T. ) ;
#2054 = CARTESIAN_POINT ( 'NONE',  ( -23.10866366330098742, 26.85298912317562881, 13.57454516355450735 ) ) ;
#2055 = ORIENTED_EDGE ( 'NONE', *, *, #4375, .F. ) ;
#2056 = ORIENTED_EDGE ( 'NONE', *, *, #5307, .F. ) ;
#2057 = CARTESIAN_POINT ( 'NONE',  ( -16.08578643762688998, 41.77315670190876062, -21.41421356237309581 ) ) ;
#2058 = AXIS2_PLACEMENT_3D ( 'NONE', #4999, #5812, #1929 ) ;
#2059 = CARTESIAN_POINT ( 'NONE',  ( -3.499999999999996003, -20.00000000000000000, -11.99999999999997868 ) ) ;
#2060 = VECTOR ( 'NONE', #9667, 1000.000000000000000 ) ;
#2061 = DIRECTION ( 'NONE',  ( 0.4226182617407036601, 0.9063077870366480493, 0.000000000000000000 ) ) ;
#2062 = CARTESIAN_POINT ( 'NONE',  ( 18.39070354441791366, 56.40989750927422364, 1.327001117708407056E-15 ) ) ;
#2063 = AXIS2_PLACEMENT_3D ( 'NONE', #3045, #685, #3805 ) ;
#2064 = EDGE_CURVE ( 'NONE', #5213, #839, #1391, .T. ) ;
#2065 = AXIS2_PLACEMENT_3D ( 'NONE', #5715, #8859, #5864 ) ;
#2066 = FACE_OUTER_BOUND ( 'NONE', #5261, .T. ) ;
#2067 = ORIENTED_EDGE ( 'NONE', *, *, #4235, .T. ) ;
#2068 = DIRECTION ( 'NONE',  ( 0.000000000000000000, 0.000000000000000000, -1.000000000000000000 ) ) ;
#2069 = EDGE_CURVE ( 'NONE', #1583, #8981, #623, .T. ) ;
#2070 = EDGE_LOOP ( 'NONE', ( #8113, #6355, #4119, #2318, #7513 ) ) ;
#2071 = ORIENTED_EDGE ( 'NONE', *, *, #8742, .F. ) ;
#2072 = DIRECTION ( 'NONE',  ( 0.4226182617407038267, 0.9063077870366479383, 0.000000000000000000 ) ) ;
#2073 = VERTEX_POINT ( 'NONE', #1599 ) ;
#2074 = CARTESIAN_POINT ( 'NONE',  ( -19.46302648487710485, 28.11016703913394466, 15.35426075866397788 ) ) ;
#2075 = EDGE_CURVE ( 'NONE', #7654, #2927, #1488, .T. ) ;
#2076 = DIRECTION ( 'NONE',  ( 0.000000000000000000, -0.7071067811865486830, 0.7071067811865464625 ) ) ;
#2077 = EDGE_CURVE ( 'NONE', #5296, #1874, #7584, .T. ) ;
#2078 = CARTESIAN_POINT ( 'NONE',  ( -22.39970588875099011, 26.11543744278039370, -13.49999999999995559 ) ) ;
#2079 = FACE_OUTER_BOUND ( 'NONE', #1471, .T. ) ;
#2080 = CARTESIAN_POINT ( 'NONE',  ( 1.828134543043446580, 34.86580960903772564, -21.99999999999999645 ) ) ;
#2081 = CARTESIAN_POINT ( 'NONE',  ( 3.499999999999993339, 13.50000000000000000, 10.00000000000000000 ) ) ;
#2082 = ORIENTED_EDGE ( 'NONE', *, *, #10129, .T. ) ;
#2083 = ORIENTED_EDGE ( 'NONE', *, *, #3427, .T. ) ;
#2084 = CARTESIAN_POINT ( 'NONE',  ( -2.499999999999999556, 24.55000000000000071, 10.05000000000000249 ) ) ;
#2085 = ORIENTED_EDGE ( 'NONE', *, *, #7756, .F. ) ;
#2086 = DIRECTION ( 'NONE',  ( 0.9063077870366480493, -0.4226182617407037712, 0.000000000000000000 ) ) ;
#2087 = CARTESIAN_POINT ( 'NONE',  ( 5.499999999999992895, 26.08040538867671998, -16.92022578756344231 ) ) ;
#2088 = PLANE ( 'NONE',  #1535 ) ;
#2089 = CARTESIAN_POINT ( 'NONE',  ( -3.499999999999996003, 28.11543744278039370, -24.55522641379653948 ) ) ;
#2090 = DIRECTION ( 'NONE',  ( 1.000000000000000000, 0.000000000000000000, 0.000000000000000000 ) ) ;
#2091 = CARTESIAN_POINT ( 'NONE',  ( 5.363413275876496300, 72.04452465629965729, -19.49999999999999645 ) ) ;
#2092 = CARTESIAN_POINT ( 'NONE',  ( -16.96059699961141476, 45.28383277203538881, -20.55007408015530856 ) ) ;
#2093 = CYLINDRICAL_SURFACE ( 'NONE', #6934, 5.000000000000000000 ) ;
#2094 = EDGE_LOOP ( 'NONE', ( #140, #6811, #9372, #2396, #2281, #5149, #2527, #3105 ) ) ;
#2095 = ORIENTED_EDGE ( 'NONE', *, *, #9587, .F. ) ;
#2096 = CARTESIAN_POINT ( 'NONE',  ( -0.5000000000000082157, 22.54999999999999716, -8.050000000000004263 ) ) ;
#2097 = EDGE_LOOP ( 'NONE', ( #2044, #3823, #6483, #7034 ) ) ;
#2098 = ORIENTED_EDGE ( 'NONE', *, *, #719, .F. ) ;
#2099 = CARTESIAN_POINT ( 'NONE',  ( 15.49999999999999467, -14.50000000000000000, 8.175000000000004263 ) ) ;
#2100 = DIRECTION ( 'NONE',  ( 0.000000000000000000, 0.000000000000000000, 1.000000000000000000 ) ) ;
#2101 = CARTESIAN_POINT ( 'NONE',  ( 7.499999999999992895, -12.50000000000000000, -16.64999999999999503 ) ) ;
#2102 = CARTESIAN_POINT ( 'NONE',  ( -20.71832570372684756, 27.95986347051665177, -14.72662341489505167 ) ) ;
#2103 = EDGE_CURVE ( 'NONE', #3803, #663, #6099, .T. ) ;
#2104 = LINE ( 'NONE', #8188, #8924 ) ;
#2105 = CARTESIAN_POINT ( 'NONE',  ( -23.71116706667122287, 25.67418511734781461, 13.43336632150766441 ) ) ;
#2106 = EDGE_LOOP ( 'NONE', ( #7645, #5576, #1591, #2440 ) ) ;
#2107 = CARTESIAN_POINT ( 'NONE',  ( -23.81579749657214506, 28.52699465134393364, 13.68420250342783540 ) ) ;
#2108 = DIRECTION ( 'NONE',  ( 0.000000000000000000, 1.000000000000000000, 0.000000000000000000 ) ) ;
#2109 = ADVANCED_FACE ( 'NONE', ( #3025, #8463 ), #10118, .T. ) ;
#2110 = FACE_OUTER_BOUND ( 'NONE', #7060, .T. ) ;
#2111 = CARTESIAN_POINT ( 'NONE',  ( -4.276973023422150355, -16.85766171622105603, 13.90695557951634775 ) ) ;
#2112 = CARTESIAN_POINT ( 'NONE',  ( 7.499999999999996447, 20.00000000000000000, 13.35000000000000497 ) ) ;
#2113 = VERTEX_POINT ( 'NONE', #10066 ) ;
#2114 = DIRECTION ( 'NONE',  ( -0.4019048076038938544, 0.9156814542322438966, -0.000000000000000000 ) ) ;
#2115 = ORIENTED_EDGE ( 'NONE', *, *, #10103, .F. ) ;
#2116 = MANIFOLD_SOLID_BREP ( 'Chamfer16', #2645 ) ;
#2117 = DIRECTION ( 'NONE',  ( -0.9063077870366479383, 0.4226182617407037712, -0.000000000000000000 ) ) ;
#2118 = EDGE_LOOP ( 'NONE', ( #3728, #5771, #8444, #7019 ) ) ;
#2119 = CARTESIAN_POINT ( 'NONE',  ( -20.68878626785462416, 27.96598575078246540, 14.74139306587684217 ) ) ;
#2120 = EDGE_CURVE ( 'NONE', #1317, #5703, #6399, .T. ) ;
#2121 = DIRECTION ( 'NONE',  ( -1.000000000000000000, 0.000000000000000000, 0.000000000000000000 ) ) ;
#2122 = CARTESIAN_POINT ( 'NONE',  ( -0.8954707199039764198, 37.98917229266812257, 22.00000000000000000 ) ) ;
#2123 = CARTESIAN_POINT ( 'NONE',  ( -23.75120383880750907, 28.60086783750014661, -13.74879616119243764 ) ) ;
#2124 = EDGE_CURVE ( 'NONE', #1740, #2635, #6435, .T. ) ;
#2125 = CARTESIAN_POINT ( 'NONE',  ( 0.6922525693497220134, 36.57164589199759064, -21.99999999999800337 ) ) ;
#2126 = CARTESIAN_POINT ( 'NONE',  ( -21.72686866547120843, -15.49999999999997513, -13.14566904275823056 ) ) ;
#2127 = ORIENTED_EDGE ( 'NONE', *, *, #3560, .T. ) ;
#2128 = EDGE_LOOP ( 'NONE', ( #5770, #35, #4682, #380, #9040 ) ) ;
#2129 = CARTESIAN_POINT ( 'NONE',  ( 7.499999999999992895, 11.55000000000000249, -16.64999999999999503 ) ) ;
#2130 = EDGE_LOOP ( 'NONE', ( #7710, #5961, #9688, #9733, #6268, #4587 ) ) ;
#2131 = CARTESIAN_POINT ( 'NONE',  ( 8.914213562373099364, 23.08578643762697169, 15.35000000000000320 ) ) ;
#2132 = PLANE ( 'NONE',  #1239 ) ;
#2133 = AXIS2_PLACEMENT_3D ( 'NONE', #6350, #7120, #2986 ) ;
#2134 = DIRECTION ( 'NONE',  ( 0.9063077870366479383, -0.4226182617407037712, -0.000000000000000000 ) ) ;
#2135 = CYLINDRICAL_SURFACE ( 'NONE', #5251, 2.000000000000001776 ) ;
#2136 = DIRECTION ( 'NONE',  ( -0.9063077870366480493, 0.4226182617407038822, 0.000000000000000000 ) ) ;
#2137 = CARTESIAN_POINT ( 'NONE',  ( -22.62468406708476110, 27.41057646075780596, 13.91730890624247685 ) ) ;
#2138 = CARTESIAN_POINT ( 'NONE',  ( -16.58001907932360908, 46.28249635935682704, -20.08370972875273708 ) ) ;
#2139 = LINE ( 'NONE', #8488, #7582 ) ;
#2140 = EDGE_CURVE ( 'NONE', #9171, #8970, #2025, .T. ) ;
#2141 = ORIENTED_EDGE ( 'NONE', *, *, #6846, .T. ) ;
#2142 = ORIENTED_EDGE ( 'NONE', *, *, #7407, .F. ) ;
#2143 = AXIS2_PLACEMENT_3D ( 'NONE', #3766, #2949, #9122 ) ;
#2144 = FACE_OUTER_BOUND ( 'NONE', #9623, .T. ) ;
#2145 =( GEOMETRIC_REPRESENTATION_CONTEXT ( 3 ) GLOBAL_UNCERTAINTY_ASSIGNED_CONTEXT ( ( #8757 ) ) GLOBAL_UNIT_ASSIGNED_CONTEXT ( ( #7776, #7826, #809 ) ) REPRESENTATION_CONTEXT ( 'NONE', 'WORKASPACE' ) );
#2146 = EDGE_LOOP ( 'NONE', ( #3058, #7340 ) ) ;
#2147 = ORIENTED_EDGE ( 'NONE', *, *, #6797, .F. ) ;
#2148 = ADVANCED_FACE ( 'NONE', ( #8667 ), #1693, .T. ) ;
#2149 = DIRECTION ( 'NONE',  ( 0.000000000000000000, -1.000000000000000000, 0.000000000000000000 ) ) ;
#2150 = DIRECTION ( 'NONE',  ( 0.000000000000000000, 0.000000000000000000, -1.000000000000000000 ) ) ;
#2151 = EDGE_CURVE ( 'NONE', #3551, #3933, #7991, .T. ) ;
#2152 = CARTESIAN_POINT ( 'NONE',  ( -25.35655900284416475, 26.82048520125649915, -11.14051013075748031 ) ) ;
#2153 = CARTESIAN_POINT ( 'NONE',  ( -2.315723437279468833, 76.72465627613786410, 19.84267207825890011 ) ) ;
#2154 = VECTOR ( 'NONE', #8122, 1000.000000000000000 ) ;
#2155 = B_SPLINE_CURVE_WITH_KNOTS ( 'NONE', 3,
 ( #7632, #616, #6739, #5206, #9834, #2789, #9164, #8376 ),
 .UNSPECIFIED., .F., .F.,
 ( 4, 2, 2, 4 ),
 ( 0.000000000000000000, 0.2500000000000000000, 0.5000000000000000000, 1.000000000000000000 ),
 .UNSPECIFIED. ) ;
#2156 = EDGE_CURVE ( 'NONE', #6774, #9146, #5942, .T. ) ;
#2157 = DIRECTION ( 'NONE',  ( 0.000000000000000000, 0.000000000000000000, 1.000000000000000000 ) ) ;
#2158 = ORIENTED_EDGE ( 'NONE', *, *, #7643, .F. ) ;
#2159 = CARTESIAN_POINT ( 'NONE',  ( 7.499999999999992895, -13.34999999999996589, -18.64999999999999147 ) ) ;
#2160 = EDGE_CURVE ( 'NONE', #5214, #5430, #8720, .T. ) ;
#2161 = VECTOR ( 'NONE', #5480, 1000.000000000000000 ) ;
#2162 = FACE_OUTER_BOUND ( 'NONE', #6856, .T. ) ;
#2163 = CARTESIAN_POINT ( 'NONE',  ( -23.03684362203293290, 27.23525332907334118, 13.72265265248018729 ) ) ;
#2164 = CARTESIAN_POINT ( 'NONE',  ( -24.33676085143388335, 29.09898453043116717, -12.08776429718230716 ) ) ;
#2165 = CARTESIAN_POINT ( 'NONE',  ( -25.11218987086505194, 27.35884455749847177, 11.50260374834777188 ) ) ;
#2166 = EDGE_LOOP ( 'NONE', ( #4848, #1995, #6326 ) ) ;
#2167 = CYLINDRICAL_SURFACE ( 'NONE', #3317, 2.000000000000000000 ) ;
#2168 = VECTOR ( 'NONE', #5021, 1000.000000000000000 ) ;
#2169 = ORIENTED_EDGE ( 'NONE', *, *, #8868, .T. ) ;
#2170 = DIRECTION ( 'NONE',  ( 0.9063077870366479383, -0.4226182617407038267, 0.000000000000000000 ) ) ;
#2171 = ORIENTED_EDGE ( 'NONE', *, *, #3382, .F. ) ;
#2172 = EDGE_CURVE ( 'NONE', #2865, #8723, #4969, .T. ) ;
#2173 = CARTESIAN_POINT ( 'NONE',  ( -19.93760306291521900, 28.07842317679071797, 15.11698478300366233 ) ) ;
#2174 = DIRECTION ( 'NONE',  ( 0.000000000000000000, 0.000000000000000000, 1.000000000000000000 ) ) ;
#2175 = CARTESIAN_POINT ( 'NONE',  ( -23.47502358095818309, -15.21498585142506244, 11.49999999999998046 ) ) ;
#2176 = CARTESIAN_POINT ( 'NONE',  ( -22.00000000000002132, 27.52965100515348595, -14.08578643762686156 ) ) ;
#2177 = FACE_OUTER_BOUND ( 'NONE', #595, .T. ) ;
#2178 = ORIENTED_EDGE ( 'NONE', *, *, #5257, .T. ) ;
#2179 = EDGE_LOOP ( 'NONE', ( #10032, #2825, #639, #8815 ) ) ;
#2180 = DIRECTION ( 'NONE',  ( -1.000000000000000000, -0.000000000000000000, 0.000000000000000000 ) ) ;
#2181 = ORIENTED_EDGE ( 'NONE', *, *, #1706, .F. ) ;
#2182 = AXIS2_PLACEMENT_3D ( 'NONE', #5042, #4022, #9573 ) ;
#2183 = DIRECTION ( 'NONE',  ( 1.193194596467781204E-16, 1.000000000000000000, -1.193194596467784409E-16 ) ) ;
#2184 = CARTESIAN_POINT ( 'NONE',  ( 5.499999999999994671, 11.55000000000000071, 15.35000000000000675 ) ) ;
#2185 = FACE_OUTER_BOUND ( 'NONE', #5022, .T. ) ;
#2186 = DIRECTION ( 'NONE',  ( 0.9063077870366479383, -0.4226182617407038267, -0.000000000000000000 ) ) ;
#2187 = DIRECTION ( 'NONE',  ( 0.4226182617407043263, 0.9063077870366476052, 0.000000000000000000 ) ) ;
#2188 = DIRECTION ( 'NONE',  ( 0.9063077870366480493, -0.4226182617407037712, 0.000000000000000000 ) ) ;
#2189 = AXIS2_PLACEMENT_3D ( 'NONE', #5254, #5051, #9946 ) ;
#2190 = VECTOR ( 'NONE', #4515, 999.9999999999998863 ) ;
#2191 = LINE ( 'NONE', #3005, #193 ) ;
#2192 = EDGE_CURVE ( 'NONE', #7225, #4602, #6452, .T. ) ;
#2193 = CARTESIAN_POINT ( 'NONE',  ( 29.60913837767699519, 63.49700216125268781, 20.00000000000000355 ) ) ;
#2194 = B_SPLINE_CURVE_WITH_KNOTS ( 'NONE', 3,
 ( #9341, #7792, #6191, #6867, #1487, #8666, #5425, #8616, #773, #3740, #3024, #2364, #8506, #4760, #3891, #4661, #1598, #2410 ),
 .UNSPECIFIED., .F., .F.,
 ( 4, 1, 1, 1, 1, 2, 2, 1, 1, 2, 2, 4 ),
 ( 0.000000000000000000, 0.2499999999998990252, 0.3749999999998506195, 0.4374999999998263056, 0.4687499999998180344, 0.4843749999998197553, 0.4999999999998213651, 0.6249999999998601119, 0.6874999999998795408, 0.7187499999998873124, 0.7499999999998950839, 1.000000000000000000 ),
 .UNSPECIFIED. ) ;
#2195 = ORIENTED_EDGE ( 'NONE', *, *, #2560, .T. ) ;
#2196 = ORIENTED_EDGE ( 'NONE', *, *, #9460, .T. ) ;
#2197 = FACE_OUTER_BOUND ( 'NONE', #2304, .T. ) ;
#2198 = ORIENTED_EDGE ( 'NONE', *, *, #3284, .T. ) ;
#2199 = ADVANCED_FACE ( 'NONE', ( #8823, #6502, #1793 ), #8096, .F. ) ;
#2200 = VERTEX_POINT ( 'NONE', #1643 ) ;
#2201 = FACE_OUTER_BOUND ( 'NONE', #3484, .T. ) ;
#2202 = CARTESIAN_POINT ( 'NONE',  ( 3.499999999999973355, 13.50000000000000000, -5.050000000000009592 ) ) ;
#2203 = CARTESIAN_POINT ( 'NONE',  ( 0.9821122078859934046, 76.84600369442614465, -19.99999999999998934 ) ) ;
#2204 = CARTESIAN_POINT ( 'NONE',  ( -0.003228365421068257052, 34.06199999382999266, 19.99999999999999645 ) ) ;
#2205 =( BOUNDED_CURVE ( )  B_SPLINE_CURVE ( 3, ( #545, #9118, #2087, #5301 ),
 .UNSPECIFIED., .F., .T. ) 
 B_SPLINE_CURVE_WITH_KNOTS ( ( 4, 4 ),
 ( 5.880589634257203713, 6.283185307179586232 ),
 .UNSPECIFIED. ) 
 CURVE ( )  GEOMETRIC_REPRESENTATION_ITEM ( )  RATIONAL_B_SPLINE_CURVE ( ( 1.000000000000000000, 0.9865386081403322294, 0.9865386081403322294, 1.000000000000000000 ) ) 
 REPRESENTATION_ITEM ( '' )  );
#2206 = EDGE_CURVE ( 'NONE', #3568, #5443, #5138, .T. ) ;
#2207 = EDGE_CURVE ( 'NONE', #7688, #4528, #4047, .T. ) ;
#2208 = DIRECTION ( 'NONE',  ( -0.4226182617407037156, -0.9063077870366479383, 0.000000000000000000 ) ) ;
#2209 = VECTOR ( 'NONE', #10030, 1000.000000000000000 ) ;
#2210 = ORIENTED_EDGE ( 'NONE', *, *, #8034, .F. ) ;
#2211 = DIRECTION ( 'NONE',  ( -0.9063077870366474942, 0.4226182617407049369, -1.734723475976806306E-15 ) ) ;
#2212 = CARTESIAN_POINT ( 'NONE',  ( -25.50000000000000355, -12.51614737948570522, 11.99999999999998046 ) ) ;
#2213 = EDGE_CURVE ( 'NONE', #6236, #6619, #7123, .T. ) ;
#2214 = CIRCLE ( 'NONE', #4847, 2.000000000000000888 ) ;
#2215 = CIRCLE ( 'NONE', #2697, 1.999999999999995781 ) ;
#2216 = DIRECTION ( 'NONE',  ( -1.000000000000000000, 0.000000000000000000, 1.734723475976807341E-16 ) ) ;
#2217 = CARTESIAN_POINT ( 'NONE',  ( 6.302696986155226888, 62.22781715790499391, 17.00000000000000000 ) ) ;
#2218 = DIRECTION ( 'NONE',  ( -0.4226182617407037712, -0.9063077870366479383, 0.000000000000000000 ) ) ;
#2219 = VERTEX_POINT ( 'NONE', #6352 ) ;
#2220 = CARTESIAN_POINT ( 'NONE',  ( -0.07443344634339155164, 74.58023422674386893, -19.49999999999999645 ) ) ;
#2221 = AXIS2_PLACEMENT_3D ( 'NONE', #3406, #1258, #9676 ) ;
#2222 = VECTOR ( 'NONE', #8842, 1000.000000000000000 ) ;
#2223 = ORIENTED_EDGE ( 'NONE', *, *, #7983, .T. ) ;
#2224 = ORIENTED_EDGE ( 'NONE', *, *, #4554, .F. ) ;
#2225 = CARTESIAN_POINT ( 'NONE',  ( -20.69428588827917892, 27.96485764485667147, 14.73864347487380222 ) ) ;
#2226 = CARTESIAN_POINT ( 'NONE',  ( 7.499999999999992895, 20.00000000000000000, -16.64999999999999503 ) ) ;
#2228 = FACE_OUTER_BOUND ( 'NONE', #4959, .T. ) ;
#2227 = VECTOR ( 'NONE', #2361, 1000.000000000000000 ) ;
#2229 = CARTESIAN_POINT ( 'NONE',  ( 3.499590663723824768, 17.03028878954400227, -5.205307703926171925 ) ) ;
#2230 = VECTOR ( 'NONE', #3308, 1000.000000000000000 ) ;
#2231 = CARTESIAN_POINT ( 'NONE',  ( 4.978471444372658539, 27.02152855562737344, -20.99999999999999645 ) ) ;
#2232 = EDGE_CURVE ( 'NONE', #9280, #8619, #9496, .T. ) ;
#2233 = VERTEX_POINT ( 'NONE', #8774 ) ;
#2234 = EDGE_LOOP ( 'NONE', ( #1482, #9579, #1410, #1321 ) ) ;
#2235 = DIRECTION ( 'NONE',  ( 0.000000000000000000, -1.734723475976807094E-15, -1.000000000000000000 ) ) ;
#2236 = AXIS2_PLACEMENT_3D ( 'NONE', #1841, #6301, #2600 ) ;
#2237 = ORIENTED_EDGE ( 'NONE', *, *, #4396, .F. ) ;
#2238 = DIRECTION ( 'NONE',  ( 6.667740490394042038E-34, 1.429901562581164355E-33, -1.000000000000000000 ) ) ;
#2239 = ADVANCED_FACE ( 'NONE', ( #2659 ), #4353, .T. ) ;
#2240 = CARTESIAN_POINT ( 'NONE',  ( -25.50000000000000355, 24.74548865787712515, 11.99999999999998046 ) ) ;
#2241 = CIRCLE ( 'NONE', #3531, 0.9499999999999976241 ) ;
#2242 = FACE_OUTER_BOUND ( 'NONE', #6137, .T. ) ;
#2243 = CARTESIAN_POINT ( 'NONE',  ( 5.593801475244213783, 26.28628702708773801, -18.07500334487483329 ) ) ;
#2244 = LINE ( 'NONE', #1572, #1358 ) ;
#2245 = CARTESIAN_POINT ( 'NONE',  ( -3.723719466764465746, 36.00863020277056137, -33.77628053323554980 ) ) ;
#2246 = DIRECTION ( 'NONE',  ( -0.4226182617407038267, -0.9063077870366479383, 0.000000000000000000 ) ) ;
#2247 = DIRECTION ( 'NONE',  ( 0.9063077870366480493, -0.4226182617407037712, 0.000000000000000000 ) ) ;
#2248 = ORIENTED_EDGE ( 'NONE', *, *, #6157, .T. ) ;
#2249 = ORIENTED_EDGE ( 'NONE', *, *, #7951, .T. ) ;
#2250 = DIRECTION ( 'NONE',  ( -0.4226182617407038267, -0.9063077870366479383, 0.000000000000000000 ) ) ;
#2251 = ORIENTED_EDGE ( 'NONE', *, *, #7685, .T. ) ;
#2252 = DIRECTION ( 'NONE',  ( 0.000000000000000000, 0.000000000000000000, 1.000000000000000000 ) ) ;
#2253 = CARTESIAN_POINT ( 'NONE',  ( 8.328427124746188071, -7.549999999999999822, 8.050000000000000711 ) ) ;
#2254 = ADVANCED_FACE ( 'NONE', ( #2053 ), #7418, .F. ) ;
#2255 = LINE ( 'NONE', #5320, #984 ) ;
#2256 = CARTESIAN_POINT ( 'NONE',  ( 7.499999999999992895, -12.50000000000000000, -18.64999999999999147 ) ) ;
#2257 = EDGE_CURVE ( 'NONE', #7337, #9058, #5836, .T. ) ;
#2258 = DIRECTION ( 'NONE',  ( 0.9063077870366479383, -0.4226182617407037712, 0.000000000000000000 ) ) ;
#2259 = ORIENTED_EDGE ( 'NONE', *, *, #4619, .F. ) ;
#2260 = DIRECTION ( 'NONE',  ( 1.000000000000000000, 0.000000000000000000, 0.000000000000000000 ) ) ;
#2261 = VERTEX_POINT ( 'NONE', #3624 ) ;
#2262 = CARTESIAN_POINT ( 'NONE',  ( 15.10763182339887578, 70.25916572229758117, -21.41421356237310647 ) ) ;
#2263 =( BOUNDED_CURVE ( )  B_SPLINE_CURVE ( 3, ( #4214, #1962, #5899, #9048 ),
 .UNSPECIFIED., .F., .T. ) 
 B_SPLINE_CURVE_WITH_KNOTS ( ( 4, 4 ),
 ( 1.570796326794896558, 1.997874913187378976 ),
 .UNSPECIFIED. ) 
 CURVE ( )  GEOMETRIC_REPRESENTATION_ITEM ( )  RATIONAL_B_SPLINE_CURVE ( ( 1.000000000000000000, 0.9848579932442996787, 0.9848579932442996787, 1.000000000000000000 ) ) 
 REPRESENTATION_ITEM ( '' )  );
#2264 = CARTESIAN_POINT ( 'NONE',  ( 0.1368756844045970755, 75.03338812035286765, 21.99999999999999289 ) ) ;
#2265 = DIRECTION ( 'NONE',  ( 0.000000000000000000, 0.000000000000000000, -1.000000000000000000 ) ) ;
#2266 = CARTESIAN_POINT ( 'NONE',  ( 16.63289919956699592, 63.95652609376352160, 17.04243001967798676 ) ) ;
#2267 = EDGE_LOOP ( 'NONE', ( #5409, #8569, #5516, #3115, #9206, #6763, #2891, #8359 ) ) ;
#2268 = CARTESIAN_POINT ( 'NONE',  ( 8.297844507618174603, -13.34999999999996412, -18.64999999999999147 ) ) ;
#2269 = ADVANCED_FACE ( 'NONE', ( #8144 ), #9805, .F. ) ;
#2270 = ORIENTED_EDGE ( 'NONE', *, *, #2544, .T. ) ;
#2271 = VERTEX_POINT ( 'NONE', #1121 ) ;
#2272 = CARTESIAN_POINT ( 'NONE',  ( -25.50000000000000355, 24.74548865787712515, 11.99999999999998046 ) ) ;
#2273 = CARTESIAN_POINT ( 'NONE',  ( 15.49999999999999467, -14.50000000000000000, 9.150000000000002132 ) ) ;
#2274 = CARTESIAN_POINT ( 'NONE',  ( -0.7946632010167351545, 13.50000000000000000, -10.00000000000000000 ) ) ;
#2275 = CARTESIAN_POINT ( 'NONE',  ( 5.466554352737074574, 26.57620102657151051, -17.71614218067845670 ) ) ;
#2276 = CYLINDRICAL_SURFACE ( 'NONE', #6407, 1.999999999999995781 ) ;
#2277 = EDGE_LOOP ( 'NONE', ( #9881, #5348, #8167, #5745, #2488, #6368, #1605, #9847, #4242, #6668, #7211, #6810, #9743, #3102 ) ) ;
#2278 = VERTEX_POINT ( 'NONE', #5931 ) ;
#2279 = DIRECTION ( 'NONE',  ( -0.7071067811865484609, 0.000000000000000000, 0.7071067811865465735 ) ) ;
#2280 = EDGE_CURVE ( 'NONE', #9488, #1124, #4811, .T. ) ;
#2281 = ORIENTED_EDGE ( 'NONE', *, *, #8084, .T. ) ;
#2282 = CARTESIAN_POINT ( 'NONE',  ( 2.453414623629802449, 13.86549363921399092, 8.116527834589671642 ) ) ;
#2283 = DIRECTION ( 'NONE',  ( 0.3781822567379362621, 0.8449593844541902765, 0.3781822567379351518 ) ) ;
#2284 = CARTESIAN_POINT ( 'NONE',  ( 26.65929611927159826, 34.38634507583009992, -4.215658847555539879 ) ) ;
#2285 = DIRECTION ( 'NONE',  ( -0.000000000000000000, -1.000000000000000000, 0.000000000000000000 ) ) ;
#2286 = CARTESIAN_POINT ( 'NONE',  ( 2.974990179834838600, 34.28244229206335092, -17.20570084204869943 ) ) ;
#2287 = CARTESIAN_POINT ( 'NONE',  ( -23.81579749657588962, 28.52699465134728740, 13.68420250342408728 ) ) ;
#2288 = FACE_OUTER_BOUND ( 'NONE', #267, .T. ) ;
#2289 = CARTESIAN_POINT ( 'NONE',  ( 5.499999999999993783, -7.549999999999999822, 8.050000000000000711 ) ) ;
#2290 = CARTESIAN_POINT ( 'NONE',  ( 3.720702571455028362, 94.48580848234084328, 39.14447074016138117 ) ) ;
#2291 = EDGE_CURVE ( 'NONE', #4962, #6937, #5065, .T. ) ;
#2292 = ORIENTED_EDGE ( 'NONE', *, *, #7067, .F. ) ;
#2293 = ORIENTED_EDGE ( 'NONE', *, *, #8237, .T. ) ;
#2294 = CARTESIAN_POINT ( 'NONE',  ( 7.499999999999996447, -12.50000000000000000, 12.35000000000000320 ) ) ;
#2295 = VERTEX_POINT ( 'NONE', #8244 ) ;
#2296 = CARTESIAN_POINT ( 'NONE',  ( 14.83245263440451112, 63.95652609376350739, -16.17157287525383680 ) ) ;
#2297 = AXIS2_PLACEMENT_3D ( 'NONE', #7855, #8531, #4633 ) ;
#2298 = CARTESIAN_POINT ( 'NONE',  ( -25.50000000000000355, 26.50000000000000355, -10.99706913360163973 ) ) ;
#2299 = SURFACE_SIDE_STYLE ('',( #5523 ) ) ;
#2300 = DIRECTION ( 'NONE',  ( 0.000000000000000000, 0.000000000000000000, 1.000000000000000000 ) ) ;
#2301 =( GEOMETRIC_REPRESENTATION_CONTEXT ( 3 ) GLOBAL_UNCERTAINTY_ASSIGNED_CONTEXT ( ( #7927 ) ) GLOBAL_UNIT_ASSIGNED_CONTEXT ( ( #902, #4637, #7761 ) ) REPRESENTATION_CONTEXT ( 'NONE', 'WORKASPACE' ) );
#2302 = AXIS2_PLACEMENT_3D ( 'NONE', #8664, #1640, #4758 ) ;
#2303 = CYLINDRICAL_SURFACE ( 'NONE', #1675, 0.9749999999999984235 ) ;
#2304 = EDGE_LOOP ( 'NONE', ( #7890, #728, #9075, #965, #5999, #2529, #497, #4880, #2743, #6430, #4325 ) ) ;
#2305 = ORIENTED_EDGE ( 'NONE', *, *, #1826, .F. ) ;
#2306 = CYLINDRICAL_SURFACE ( 'NONE', #3278, 2.000000000000001776 ) ;
#2307 = EDGE_CURVE ( 'NONE', #1725, #6417, #2104, .T. ) ;
#2308 = EDGE_LOOP ( 'NONE', ( #8737, #7754, #829, #6015 ) ) ;
#2309 = CARTESIAN_POINT ( 'NONE',  ( 8.914213562373097588, 23.08578643762697169, 17.35000000000000497 ) ) ;
#2310 = EDGE_CURVE ( 'NONE', #136, #4985, #5020, .T. ) ;
#2311 = AXIS2_PLACEMENT_3D ( 'NONE', #8956, #3493, #6628 ) ;
#2312 = CARTESIAN_POINT ( 'NONE',  ( -15.50000000000000178, 41.50000000000000000, 76.26183934523054120 ) ) ;
#2313 = CARTESIAN_POINT ( 'NONE',  ( -24.69504151669281811, 28.29849057550507041, -11.67703418440893515 ) ) ;
#2314 = LINE ( 'NONE', #8464, #7391 ) ;
#2315 = ORIENTED_EDGE ( 'NONE', *, *, #10107, .F. ) ;
#2316 = CARTESIAN_POINT ( 'NONE',  ( -3.499999999999996003, 0.000000000000000000, -20.00000000000001066 ) ) ;
#2317 = EDGE_CURVE ( 'NONE', #8371, #1684, #4282, .T. ) ;
#2318 = ORIENTED_EDGE ( 'NONE', *, *, #619, .F. ) ;
#2319 = VERTEX_POINT ( 'NONE', #5879 ) ;
#2320 = CARTESIAN_POINT ( 'NONE',  ( -0.5000000000000064393, 22.55000000000000071, 9.050000000000002487 ) ) ;
#2321 = CARTESIAN_POINT ( 'NONE',  ( 5.363413275876496300, 72.04452465629965729, 19.49999999999999645 ) ) ;
#2322 = CARTESIAN_POINT ( 'NONE',  ( -21.10937730428766912, 30.08965337678780472, 16.39062269571230246 ) ) ;
#2323 = CARTESIAN_POINT ( 'NONE',  ( 5.593801475244213783, 26.28628702708773801, -18.07500334487483329 ) ) ;
#2324 = ADVANCED_FACE ( 'NONE', ( #1946 ), #5117, .T. ) ;
#2325 = CARTESIAN_POINT ( 'NONE',  ( 5.593801475244159604, 26.28628702708785880, 14.77500334487468869 ) ) ;
#2326 = EDGE_LOOP ( 'NONE', ( #1330, #393 ) ) ;
#2327 = EDGE_LOOP ( 'NONE', ( #5108, #8931, #5744 ) ) ;
#2328 = EDGE_CURVE ( 'NONE', #4602, #2967, #4978, .T. ) ;
#2329 = DIRECTION ( 'NONE',  ( 0.3017325093043966566, 0.6741503885739714708, -0.6741503885739706936 ) ) ;
#2330 = ORIENTED_EDGE ( 'NONE', *, *, #7467, .F. ) ;
#2331 = CIRCLE ( 'NONE', #8050, 2.000000000000000444 ) ;
#2332 = LINE ( 'NONE', #792, #8443 ) ;
#2333 = CARTESIAN_POINT ( 'NONE',  ( -25.50000000000000355, 25.22232809957705513, 11.82948646957757433 ) ) ;
#2334 = EDGE_CURVE ( 'NONE', #6284, #559, #8979, .T. ) ;
#2335 = FACE_OUTER_BOUND ( 'NONE', #3725, .T. ) ;
#2336 = CARTESIAN_POINT ( 'NONE',  ( -23.03356591893593119, 26.98593130537615181, -13.61605964941581703 ) ) ;
#2337 = LINE ( 'NONE', #17, #10055 ) ;
#2338 = DIRECTION ( 'NONE',  ( -1.020425574104004122E-16, 0.000000000000000000, -1.000000000000000000 ) ) ;
#2339 = FACE_OUTER_BOUND ( 'NONE', #173, .T. ) ;
#2340 = AXIS2_PLACEMENT_3D ( 'NONE', #9500, #9605, #7995 ) ;
#2341 = CYLINDRICAL_SURFACE ( 'NONE', #1381, 8.750000000000003553 ) ;
#2342 = CIRCLE ( 'NONE', #3639, 2.000000000000000000 ) ;
#2343 = ORIENTED_EDGE ( 'NONE', *, *, #6180, .T. ) ;
#2344 = VERTEX_POINT ( 'NONE', #404 ) ;
#2345 = FACE_OUTER_BOUND ( 'NONE', #4296, .T. ) ;
#2346 = VERTEX_POINT ( 'NONE', #9853 ) ;
#2347 = CARTESIAN_POINT ( 'NONE',  ( 2.662800535624400862E-15, 20.00000000000000000, 15.35000000000000853 ) ) ;
#2348 = EDGE_CURVE ( 'NONE', #1583, #6123, #1279, .T. ) ;
#2349 = CARTESIAN_POINT ( 'NONE',  ( -23.34537558255509992, 26.42164794845063014, -13.49243384305089677 ) ) ;
#2350 = AXIS2_PLACEMENT_3D ( 'NONE', #5399, #846, #71 ) ;
#2351 = CARTESIAN_POINT ( 'NONE',  ( 5.659905820678811317, 25.35176123389621594, -17.43361560170041002 ) ) ;
#2352 = DIRECTION ( 'NONE',  ( 0.000000000000000000, 1.000000000000000000, 0.000000000000000000 ) ) ;
#2353 = LINE ( 'NONE', #4903, #5776 ) ;
#2354 = EDGE_CURVE ( 'NONE', #5134, #1533, #6761, .T. ) ;
#2355 = ORIENTED_EDGE ( 'NONE', *, *, #9735, .F. ) ;
#2356 = EDGE_LOOP ( 'NONE', ( #9427, #3222, #2249 ) ) ;
#2357 = VECTOR ( 'NONE', #4805, 1000.000000000000114 ) ;
#2358 = LINE ( 'NONE', #3738, #952 ) ;
#2359 = ORIENTED_EDGE ( 'NONE', *, *, #9916, .F. ) ;
#2360 = AXIS2_PLACEMENT_3D ( 'NONE', #6971, #2265, #3122 ) ;
#2361 = DIRECTION ( 'NONE',  ( 1.000000000000000000, -0.000000000000000000, 0.000000000000000000 ) ) ;
#2362 = DIRECTION ( 'NONE',  ( 0.3415345428292376195, -0.9398692228466807297, 4.090894640674205250E-16 ) ) ;
#2363 = AXIS2_PLACEMENT_3D ( 'NONE', #1834, #5870, #4338 ) ;
#2364 = CARTESIAN_POINT ( 'NONE',  ( -23.54994669257386519, 28.80836907323755014, 13.95005330742611172 ) ) ;
#2365 = DIRECTION ( 'NONE',  ( 0.000000000000000000, 0.000000000000000000, -1.000000000000000000 ) ) ;
#2366 = CARTESIAN_POINT ( 'NONE',  ( 7.499999999999996447, -18.00000000000000355, -11.17157287525377996 ) ) ;
#2367 = ORIENTED_EDGE ( 'NONE', *, *, #8022, .T. ) ;
#2368 = ORIENTED_EDGE ( 'NONE', *, *, #7509, .T. ) ;
#2369 = DIRECTION ( 'NONE',  ( 0.000000000000000000, 0.000000000000000000, 1.000000000000000000 ) ) ;
#2370 = ORIENTED_EDGE ( 'NONE', *, *, #7321, .F. ) ;
#2371 = ORIENTED_EDGE ( 'NONE', *, *, #9027, .F. ) ;
#2372 = CARTESIAN_POINT ( 'NONE',  ( -3.960060424916696853, -16.22385065960151707, 14.22385710673119874 ) ) ;
#2373 = CARTESIAN_POINT ( 'NONE',  ( 15.49999999999999467, 11.55000000000000249, -17.39999999999999858 ) ) ;
#2374 = CARTESIAN_POINT ( 'NONE',  ( -21.81489131503875356, 27.62221781976645474, 14.17834078010749721 ) ) ;
#2375 = ADVANCED_FACE ( 'NONE', ( #5990, #5223 ), #4197, .T. ) ;
#2376 = CARTESIAN_POINT ( 'NONE',  ( 5.608426887749013545, 25.58633570769300292, -17.31355487080393019 ) ) ;
#2377 = VECTOR ( 'NONE', #7621, 1000.000000000000114 ) ;
#2378 = ADVANCED_FACE ( 'NONE', ( #10093 ), #5607, .T. ) ;
#2379 = AXIS2_PLACEMENT_3D ( 'NONE', #3570, #1275, #4234 ) ;
#2380 = CARTESIAN_POINT ( 'NONE',  ( 3.499999999999983125, 13.50000000000000000, -6.913130683966943511E-15 ) ) ;
#2381 = EDGE_LOOP ( 'NONE', ( #3190, #420, #7962, #288 ) ) ;
#2382 = VERTEX_POINT ( 'NONE', #3204 ) ;
#2383 = CARTESIAN_POINT ( 'NONE',  ( -2.500000000000003109, 24.55000000000000071, 8.630465054610992868E-16 ) ) ;
#2384 = VERTEX_POINT ( 'NONE', #7706 ) ;
#2385 = DIRECTION ( 'NONE',  ( -6.201636426617085363E-15, 0.000000000000000000, 1.000000000000000000 ) ) ;
#2386 = EDGE_CURVE ( 'NONE', #7879, #3895, #1544, .T. ) ;
#2387 = VECTOR ( 'NONE', #1767, 1000.000000000000000 ) ;
#2388 = CYLINDRICAL_SURFACE ( 'NONE', #6384, 0.9499999999999980682 ) ;
#2389 = LINE ( 'NONE', #7812, #1041 ) ;
#2390 = CYLINDRICAL_SURFACE ( 'NONE', #8521, 2.000000000000000000 ) ;
#2391 = DIRECTION ( 'NONE',  ( 1.000000000000000000, 0.000000000000000000, 0.000000000000000000 ) ) ;
#2392 = DIRECTION ( 'NONE',  ( -0.9063077870366480493, 0.4226182617407038822, 0.000000000000000000 ) ) ;
#2393 = CARTESIAN_POINT ( 'NONE',  ( 1.828134543043436144, 34.86580960903773985, -20.00000000000000000 ) ) ;
#2394 = CARTESIAN_POINT ( 'NONE',  ( -3.796011084646401024, 40.57106781186543998, 17.00000000000000000 ) ) ;
#2395 = AXIS2_PLACEMENT_3D ( 'NONE', #3259, #8602, #6385 ) ;
#2396 = ORIENTED_EDGE ( 'NONE', *, *, #7791, .T. ) ;
#2397 = EDGE_LOOP ( 'NONE', ( #6094, #4418, #9415, #5848 ) ) ;
#2398 = DIRECTION ( 'NONE',  ( 1.000000000000000000, 0.000000000000000000, -1.020425574104004122E-16 ) ) ;
#2399 = ORIENTED_EDGE ( 'NONE', *, *, #4947, .F. ) ;
#2400 = CARTESIAN_POINT ( 'NONE',  ( -17.29402742356534972, 44.73903614186914268, 20.15925638054127234 ) ) ;
#2401 = CARTESIAN_POINT ( 'NONE',  ( -24.19722399621014119, 25.01284349731635004, -13.21698978711197370 ) ) ;
#2402 = CARTESIAN_POINT ( 'NONE',  ( 6.243321795979225541, 25.75667820402087216, 16.65179175128096389 ) ) ;
#2403 = LINE ( 'NONE', #5471, #2024 ) ;
#2404 = VERTEX_POINT ( 'NONE', #3099 ) ;
#2405 = ORIENTED_EDGE ( 'NONE', *, *, #9274, .T. ) ;
#2406 = CARTESIAN_POINT ( 'NONE',  ( -23.17157287525382259, -13.06467551690955986, -11.49999999999995204 ) ) ;
#2407 = VERTEX_POINT ( 'NONE', #3054 ) ;
#2408 = LINE ( 'NONE', #3268, #4024 ) ;
#2409 = DIRECTION ( 'NONE',  ( 0.7071067811865514585, 0.7071067811865435759, 0.000000000000000000 ) ) ;
#2410 = CARTESIAN_POINT ( 'NONE',  ( -23.41421356237308160, 28.94386456752659598, 14.08578643762689531 ) ) ;
#2411 = CARTESIAN_POINT ( 'NONE',  ( -14.57023982408419016, 43.49387713145681289, -19.49999999999999645 ) ) ;
#2412 = ORIENTED_EDGE ( 'NONE', *, *, #7681, .F. ) ;
#2413 = ORIENTED_EDGE ( 'NONE', *, *, #9794, .F. ) ;
#2414 = CARTESIAN_POINT ( 'NONE',  ( 2.912778119957183609, 35.04838723710722093, -17.58578643762692195 ) ) ;
#2415 = EDGE_CURVE ( 'NONE', #82, #8004, #1465, .T. ) ;
#2416 = VERTEX_POINT ( 'NONE', #7814 ) ;
#2417 = DIRECTION ( 'NONE',  ( -1.000000000000000000, -0.000000000000000000, -0.000000000000000000 ) ) ;
#2418 = CARTESIAN_POINT ( 'NONE',  ( -3.924732507206944110, -16.13859512028363241, 14.26646970403838921 ) ) ;
#2419 = CARTESIAN_POINT ( 'NONE',  ( 14.36404352621290492, 6.304570353733904398, 76.26183934523054120 ) ) ;
#2420 = CARTESIAN_POINT ( 'NONE',  ( -19.17157287525381548, 28.11543744278040435, 15.49999999999998224 ) ) ;
#2421 = CARTESIAN_POINT ( 'NONE',  ( 5.698479629012601855, 25.51589970868471013, -17.52419501338598806 ) ) ;
#2422 = DIRECTION ( 'NONE',  ( 0.000000000000000000, 1.000000000000000000, 0.000000000000000000 ) ) ;
#2423 = ORIENTED_EDGE ( 'NONE', *, *, #605, .F. ) ;
#2424 = ORIENTED_EDGE ( 'NONE', *, *, #1001, .F. ) ;
#2425 = DIRECTION ( 'NONE',  ( -0.9063077870366479383, 0.4226182617407037712, -0.000000000000000000 ) ) ;
#2426 = ADVANCED_FACE ( 'NONE', ( #9369 ), #6376, .F. ) ;
#2427 = EDGE_LOOP ( 'NONE', ( #3542, #3848, #5919, #2916 ) ) ;
#2428 = DIRECTION ( 'NONE',  ( -0.6408563820557853230, 0.2988362387301220502, -0.7071067811865495711 ) ) ;
#2429 = EDGE_CURVE ( 'NONE', #1138, #6482, #2846, .T. ) ;
#2430 = LINE ( 'NONE', #7811, #1906 ) ;
#2431 = DIRECTION ( 'NONE',  ( 0.000000000000000000, 0.000000000000000000, -1.000000000000000000 ) ) ;
#2432 = LINE ( 'NONE', #795, #7373 ) ;
#2433 = CYLINDRICAL_SURFACE ( 'NONE', #7579, 2.000000000000000000 ) ;
#2434 = CYLINDRICAL_SURFACE ( 'NONE', #8512, 1.049999999999998712 ) ;
#2435 = DIRECTION ( 'NONE',  ( -1.084202172485504434E-16, 0.000000000000000000, -1.000000000000000000 ) ) ;
#2436 = CARTESIAN_POINT ( 'NONE',  ( 20.68635963477277073, 43.38344800398079570, 0.000000000000000000 ) ) ;
#2437 = VERTEX_POINT ( 'NONE', #3815 ) ;
#2438 = VERTEX_POINT ( 'NONE', #8643 ) ;
#2439 = CARTESIAN_POINT ( 'NONE',  ( 0.000000000000000000, -14.50000000000000000, -17.39999999999999858 ) ) ;
#2440 = ORIENTED_EDGE ( 'NONE', *, *, #1389, .T. ) ;
#2441 = CARTESIAN_POINT ( 'NONE',  ( -16.73764714384292418, 45.80087637267565270, 20.49866048366902405 ) ) ;
#2442 = CARTESIAN_POINT ( 'NONE',  ( -23.52116762404100214, 26.02598284759391234, -13.47709926477175912 ) ) ;
#2443 = CARTESIAN_POINT ( 'NONE',  ( -22.71629261286150125, 27.39001814001279200, 13.88499447053085056 ) ) ;
#2444 = DIRECTION ( 'NONE',  ( -0.4226182617407050479, -0.9063077870366472721, 0.000000000000000000 ) ) ;
#2445 = EDGE_CURVE ( 'NONE', #4820, #569, #6171, .T. ) ;
#2446 = DIRECTION ( 'NONE',  ( 0.000000000000000000, 0.000000000000000000, 1.000000000000000000 ) ) ;
#2447 = EDGE_CURVE ( 'NONE', #6592, #8726, #5559, .T. ) ;
#2448 = VERTEX_POINT ( 'NONE', #1574 ) ;
#2449 = VERTEX_POINT ( 'NONE', #7045 ) ;
#2450 = CARTESIAN_POINT ( 'NONE',  ( -3.499999999999996003, -15.49999999999997335, 13.49999999999998046 ) ) ;
#2451 = VERTEX_POINT ( 'NONE', #4790 ) ;
#2452 = EDGE_CURVE ( 'NONE', #1273, #277, #4649, .T. ) ;
#2453 = CARTESIAN_POINT ( 'NONE',  ( -8.794298492471739337, 41.68321379064190069, 19.49999999999999645 ) ) ;
#2454 = CARTESIAN_POINT ( 'NONE',  ( 11.99999999999995914, 20.00000000000000000, -20.99999999999999645 ) ) ;
#2455 = EDGE_CURVE ( 'NONE', #6255, #280, #3869, .T. ) ;
#2456 = CIRCLE ( 'NONE', #8180, 2.000000000000000000 ) ;
#2457 = CARTESIAN_POINT ( 'NONE',  ( 5.363413275876496300, 72.04452465629965729, 19.49999999999999645 ) ) ;
#2458 = CARTESIAN_POINT ( 'NONE',  ( -0.000000000000000000, 37.03553390593269512, 15.53553390593273598 ) ) ;
#2459 = CARTESIAN_POINT ( 'NONE',  ( -24.13055150196589338, 24.91413928377893328, 13.32709288707427220 ) ) ;
#2460 = ORIENTED_EDGE ( 'NONE', *, *, #4668, .F. ) ;
#2461 = ORIENTED_EDGE ( 'NONE', *, *, #3466, .T. ) ;
#2462 = LINE ( 'NONE', #4919, #7139 ) ;
#2463 = VERTEX_POINT ( 'NONE', #9423 ) ;
#2464 = VECTOR ( 'NONE', #1070, 1000.000000000000000 ) ;
#2465 = CARTESIAN_POINT ( 'NONE',  ( 20.68635963477277073, 43.38344800398079570, 0.000000000000000000 ) ) ;
#2466 = CARTESIAN_POINT ( 'NONE',  ( -21.20931163446385170, 27.83695494565840178, 14.48111288474290959 ) ) ;
#2467 = CARTESIAN_POINT ( 'NONE',  ( -3.515087656872880828, -14.16220562822521423, -15.25468170141275159 ) ) ;
#2468 = CARTESIAN_POINT ( 'NONE',  ( -5.530614342616974710, 36.85119912080915583, 76.26183934523054120 ) ) ;
#2469 = AXIS2_PLACEMENT_3D ( 'NONE', #8212, #3594, #6786 ) ;
#2470 = DIRECTION ( 'NONE',  ( 0.9063077870366479383, -0.4226182617407038267, -0.000000000000000000 ) ) ;
#2471 = EDGE_CURVE ( 'NONE', #5199, #569, #8247, .T. ) ;
#2472 = VERTEX_POINT ( 'NONE', #6994 ) ;
#2473 = ORIENTED_EDGE ( 'NONE', *, *, #8025, .T. ) ;
#2474 = CARTESIAN_POINT ( 'NONE',  ( 0.000000000000000000, 11.55000000000000071, 0.000000000000000000 ) ) ;
#2475 = ORIENTED_EDGE ( 'NONE', *, *, #4858, .T. ) ;
#2476 = CARTESIAN_POINT ( 'NONE',  ( 6.733337046734358289, 23.20489878178526766, 15.20757699985525591 ) ) ;
#2477 = AXIS2_PLACEMENT_3D ( 'NONE', #9139, #9966, #6662 ) ;
#2478 = DIRECTION ( 'NONE',  ( -0.4226182617407044928, -0.9063077870366477162, 0.000000000000000000 ) ) ;
#2479 = CARTESIAN_POINT ( 'NONE',  ( -25.08568154210461287, 27.42057976508554873, -11.50827678061929582 ) ) ;
#2480 = CARTESIAN_POINT ( 'NONE',  ( -23.31162750533804484, 26.49349219447761783, -13.49693935521652222 ) ) ;
#2481 = CARTESIAN_POINT ( 'NONE',  ( -24.27184469995994220, 29.24402441639432482, 12.53821519012581298 ) ) ;
#2482 = CARTESIAN_POINT ( 'NONE',  ( 25.50000000000000355, -14.50000000000000000, 0.000000000000000000 ) ) ;
#2483 = DIRECTION ( 'NONE',  ( 0.9063077870366480493, -0.4226182617407037712, 0.000000000000000000 ) ) ;
#2484 = AXIS2_PLACEMENT_3D ( 'NONE', #1315, #7463, #9272 ) ;
#2485 = ORIENTED_EDGE ( 'NONE', *, *, #998, .T. ) ;
#2486 = ORIENTED_EDGE ( 'NONE', *, *, #9027, .T. ) ;
#2487 = PLANE ( 'NONE',  #4006 ) ;
#2488 = ORIENTED_EDGE ( 'NONE', *, *, #196, .T. ) ;
#2489 = CIRCLE ( 'NONE', #2815, 1.999999999999998224 ) ;
#2490 = CARTESIAN_POINT ( 'NONE',  ( -2.796247445783280661, 75.66353658742781363, 20.54538931914621713 ) ) ;
#2491 = CARTESIAN_POINT ( 'NONE',  ( -24.27184469995995286, 29.24402441639407613, -12.53821519012631924 ) ) ;
#2492 = FACE_OUTER_BOUND ( 'NONE', #8816, .T. ) ;
#2493 = AXIS2_PLACEMENT_3D ( 'NONE', #6049, #7691, #2930 ) ;
#2494 = CARTESIAN_POINT ( 'NONE',  ( -4.262759557350873862, 39.57012248195112392, 11.00000000000000000 ) ) ;
#2495 = ADVANCED_FACE ( 'NONE', ( #2288 ), #5402, .T. ) ;
#2496 = ADVANCED_FACE ( 'NONE', ( #126, #1621 ), #7151, .F. ) ;
#2497 = DIRECTION ( 'NONE',  ( -1.000000000000000000, -0.000000000000000000, -0.000000000000000000 ) ) ;
#2498 = ORIENTED_EDGE ( 'NONE', *, *, #5741, .F. ) ;
#2499 = ORIENTED_EDGE ( 'NONE', *, *, #5023, .F. ) ;
#2500 = PLANE ( 'NONE',  #6617 ) ;
#2501 = VERTEX_POINT ( 'NONE', #850 ) ;
#2502 = CARTESIAN_POINT ( 'NONE',  ( -22.41067470203887169, 26.11543744316509930, 13.49999999999998046 ) ) ;
#2503 = EDGE_CURVE ( 'NONE', #2382, #6736, #5784, .T. ) ;
#2504 = AXIS2_PLACEMENT_3D ( 'NONE', #6251, #6092, #6871 ) ;
#2505 = VECTOR ( 'NONE', #6169, 1000.000000000000000 ) ;
#2506 = EDGE_CURVE ( 'NONE', #1822, #307, #7420, .T. ) ;
#2507 = CARTESIAN_POINT ( 'NONE',  ( -2.579480228208228976, 76.16576228288596440, -20.48921464383086288 ) ) ;
#2508 = DIRECTION ( 'NONE',  ( -1.000000000000000000, 0.000000000000000000, 1.734723475976807094E-16 ) ) ;
#2509 = DIRECTION ( 'NONE',  ( 1.000000000000000000, 0.000000000000000000, -3.452186021844392907E-16 ) ) ;
#2510 = CIRCLE ( 'NONE', #1857, 1.049999999999998712 ) ;
#2511 = FACE_OUTER_BOUND ( 'NONE', #3061, .T. ) ;
#2512 = CIRCLE ( 'NONE', #1867, 3.000000000000001332 ) ;
#2513 = ORIENTED_EDGE ( 'NONE', *, *, #9123, .T. ) ;
#2514 = ORIENTED_EDGE ( 'NONE', *, *, #165, .F. ) ;
#2515 = CARTESIAN_POINT ( 'NONE',  ( -24.85574169640261388, 24.76269661178696424, -12.64425830359734526 ) ) ;
#2516 = ORIENTED_EDGE ( 'NONE', *, *, #3911, .F. ) ;
#2517 = EDGE_CURVE ( 'NONE', #3565, #8114, #1773, .T. ) ;
#2518 = CARTESIAN_POINT ( 'NONE',  ( 2.561290956629513449, 33.19541971005985914, 18.62959735771131520 ) ) ;
#2519 = CARTESIAN_POINT ( 'NONE',  ( -16.51721939254091254, 39.22726230154199101, -16.99999999999999645 ) ) ;
#2520 = AXIS2_PLACEMENT_3D ( 'NONE', #5212, #3768, #10097 ) ;
#2521 = VECTOR ( 'NONE', #799, 1000.000000000000000 ) ;
#2522 = CARTESIAN_POINT ( 'NONE',  ( -15.49999999999607603, 41.50000000000841993, -21.99999999999999289 ) ) ;
#2523 = DIRECTION ( 'NONE',  ( 0.000000000000000000, 0.000000000000000000, -1.000000000000000000 ) ) ;
#2524 =( BOUNDED_CURVE ( )  B_SPLINE_CURVE ( 3, ( #1578, #7047, #9371, #4691 ),
 .UNSPECIFIED., .F., .T. ) 
 B_SPLINE_CURVE_WITH_KNOTS ( ( 4, 4 ),
 ( 5.404382445621941145, 6.283185307179586232 ),
 .UNSPECIFIED. ) 
 CURVE ( )  GEOMETRIC_REPRESENTATION_ITEM ( )  RATIONAL_B_SPLINE_CURVE ( ( 1.000000000000000000, 0.9366709702527276082, 0.9366709702527276082, 1.000000000000000000 ) ) 
 REPRESENTATION_ITEM ( '' )  );
#2525 = FACE_OUTER_BOUND ( 'NONE', #9538, .T. ) ;
#2526 = VERTEX_POINT ( 'NONE', #1146 ) ;
#2527 = ORIENTED_EDGE ( 'NONE', *, *, #2994, .T. ) ;
#2528 = PLANE ( 'NONE',  #6967 ) ;
#2529 = ORIENTED_EDGE ( 'NONE', *, *, #830, .F. ) ;
#2530 = CARTESIAN_POINT ( 'NONE',  ( 5.832145196507151574, 25.00728248223966332, 14.47099275136602081 ) ) ;
#2531 = CARTESIAN_POINT ( 'NONE',  ( -2.438644163038444557, 76.55981370342945524, -18.80761814873893556 ) ) ;
#2533 = CARTESIAN_POINT ( 'NONE',  ( -25.21854833407390828, 27.10522702393720706, -11.48170225416687984 ) ) ;
#2532 = AXIS2_PLACEMENT_3D ( 'NONE', #4135, #95, #7263 ) ;
#2534 = CARTESIAN_POINT ( 'NONE',  ( 15.04634200735405969, 20.00000000000000000, -20.99999999999999645 ) ) ;
#2535 = AXIS2_PLACEMENT_3D ( 'NONE', #7471, #5924, #8140 ) ;
#2536 = ADVANCED_FACE ( 'NONE', ( #3403, #9630 ), #3495, .T. ) ;
#2537 = FACE_OUTER_BOUND ( 'NONE', #3886, .T. ) ;
#2538 = CARTESIAN_POINT ( 'NONE',  ( -4.262759557341363248, 39.57012248197151649, -13.99999999999999822 ) ) ;
#2539 = ORIENTED_EDGE ( 'NONE', *, *, #4108, .T. ) ;
#2540 = ORIENTED_EDGE ( 'NONE', *, *, #8901, .T. ) ;
#2541 = CYLINDRICAL_SURFACE ( 'NONE', #7607, 0.7999999999999904965 ) ;
#2542 = AXIS2_PLACEMENT_3D ( 'NONE', #2129, #8370, #6014 ) ;
#2543 = ORIENTED_EDGE ( 'NONE', *, *, #1156, .F. ) ;
#2544 = EDGE_CURVE ( 'NONE', #2438, #2416, #1828, .T. ) ;
#2545 = CARTESIAN_POINT ( 'NONE',  ( -22.81680986910330233, 26.18091627516287190, -13.49999999999995559 ) ) ;
#2546 = CARTESIAN_POINT ( 'NONE',  ( -23.79119259803657016, 25.55735175101927581, 13.40182869777598995 ) ) ;
#2547 = DIRECTION ( 'NONE',  ( 0.000000000000000000, 1.000000000000000000, -0.000000000000000000 ) ) ;
#2548 = CARTESIAN_POINT ( 'NONE',  ( -3.499999999999995559, -18.09561402679270969, 13.65277189196856966 ) ) ;
#2549 = AXIS2_PLACEMENT_3D ( 'NONE', #8006, #1812, #2723 ) ;
#2550 = CIRCLE ( 'NONE', #6637, 8.250000000000001776 ) ;
#2551 = LINE ( 'NONE', #1738, #8402 ) ;
#2552 = ORIENTED_EDGE ( 'NONE', *, *, #1133, .F. ) ;
#2553 = EDGE_LOOP ( 'NONE', ( #6952, #8567, #2082, #5406, #5687 ) ) ;
#2554 = CARTESIAN_POINT ( 'NONE',  ( -2.994904772119250769, 42.28904584308146042, 14.00000000000000355 ) ) ;
#2555 = VERTEX_POINT ( 'NONE', #5809 ) ;
#2556 = CARTESIAN_POINT ( 'NONE',  ( -22.96632997346024396, 26.93288015885404718, 13.49999999999998224 ) ) ;
#2557 = ADVANCED_FACE ( 'NONE', ( #1049 ), #4269, .F. ) ;
#2558 = AXIS2_PLACEMENT_3D ( 'NONE', #3221, #6347, #7116 ) ;
#2559 = CARTESIAN_POINT ( 'NONE',  ( 7.499999999999996447, -12.50000000000000000, 11.35000000000000497 ) ) ;
#2560 = EDGE_CURVE ( 'NONE', #8111, #9333, #1723, .T. ) ;
#2561 = CARTESIAN_POINT ( 'NONE',  ( -0.4125280557359494171, 73.85518799711455529, -19.49999999999999645 ) ) ;
#2562 = CARTESIAN_POINT ( 'NONE',  ( -25.20603347976384967, 27.15679911091387666, 11.47721660509746755 ) ) ;
#2563 = ORIENTED_EDGE ( 'NONE', *, *, #115, .T. ) ;
#2564 = ORIENTED_EDGE ( 'NONE', *, *, #8022, .F. ) ;
#2565 = CARTESIAN_POINT ( 'NONE',  ( 3.499999999999994227, 26.08040538867671643, 76.26183934523054120 ) ) ;
#2566 = VERTEX_POINT ( 'NONE', #2584 ) ;
#2567 = CARTESIAN_POINT ( 'NONE',  ( 3.008659104022690656, 33.86791587487893196, 16.17157287525381548 ) ) ;
#2568 = CARTESIAN_POINT ( 'NONE',  ( -3.584480009162014813, -14.82755385926629543, 14.92197869168258606 ) ) ;
#2569 = CYLINDRICAL_SURFACE ( 'NONE', #8539, 2.000000000000000000 ) ;
#2570 = CARTESIAN_POINT ( 'NONE',  ( 6.228245988453331883, 24.21508089834866340, -18.20595826690847829 ) ) ;
#2571 = CARTESIAN_POINT ( 'NONE',  ( -22.59038791724193018, 29.58676465204057493, -14.90961208275803429 ) ) ;
#2572 = CARTESIAN_POINT ( 'NONE',  ( 0.9929608654164608916, 36.76863095677261128, -20.60876662285420124 ) ) ;
#2573 = EDGE_CURVE ( 'NONE', #1810, #1292, #1377, .T. ) ;
#2574 = ORIENTED_EDGE ( 'NONE', *, *, #4253, .F. ) ;
#2575 = ORIENTED_EDGE ( 'NONE', *, *, #7307, .F. ) ;
#2576 = DIRECTION ( 'NONE',  ( 1.000000000000000000, 6.938893903907228378E-15, 0.000000000000000000 ) ) ;
#2577 = ORIENTED_EDGE ( 'NONE', *, *, #2867, .T. ) ;
#2578 = LINE ( 'NONE', #5704, #2705 ) ;
#2579 = EDGE_CURVE ( 'NONE', #6442, #5847, #1050, .T. ) ;
#2580 = PLANE ( 'NONE',  #8505 ) ;
#2581 = CARTESIAN_POINT ( 'NONE',  ( -3.578715594819019241, -16.94370251607115918, 14.11137815521621164 ) ) ;
#2582 = DIRECTION ( 'NONE',  ( -0.9063077870366479383, 0.4226182617407037712, 0.000000000000000000 ) ) ;
#2583 = CARTESIAN_POINT ( 'NONE',  ( 5.983786305361272539, 24.70400026453127751, -18.19415507203087046 ) ) ;
#2584 = CARTESIAN_POINT ( 'NONE',  ( 16.11416539851608576, 63.35885361630329271, 17.58578643762691485 ) ) ;
#2585 = EDGE_CURVE ( 'NONE', #8156, #6024, #6782, .T. ) ;
#2586 = ORIENTED_EDGE ( 'NONE', *, *, #4777, .F. ) ;
#2587 = ORIENTED_EDGE ( 'NONE', *, *, #7428, .T. ) ;
#2588 = LINE ( 'NONE', #1149, #409 ) ;
#2589 = ORIENTED_EDGE ( 'NONE', *, *, #51, .T. ) ;
#2590 = CARTESIAN_POINT ( 'NONE',  ( -21.99999999999212719, 27.54685179729520428, -14.10319903146901765 ) ) ;
#2591 = CYLINDRICAL_SURFACE ( 'NONE', #2065, 1.999999999999998224 ) ;
#2592 = DIRECTION ( 'NONE',  ( 0.000000000000000000, -1.000000000000000000, 0.000000000000000000 ) ) ;
#2593 = LINE ( 'NONE', #5717, #1025 ) ;
#2594 = EDGE_CURVE ( 'NONE', #4106, #4541, #3992, .T. ) ;
#2595 = LINE ( 'NONE', #5718, #2843 ) ;
#2596 = EDGE_LOOP ( 'NONE', ( #3286, #8414, #6779, #5678 ) ) ;
#2597 = VERTEX_POINT ( 'NONE', #8802 ) ;
#2598 = CARTESIAN_POINT ( 'NONE',  ( -2.793356807453335477, 75.84808901196598185, 19.49999999999999645 ) ) ;
#2599 = VERTEX_POINT ( 'NONE', #9727 ) ;
#2600 = DIRECTION ( 'NONE',  ( 0.4226182617407037156, 0.9063077870366480493, 0.000000000000000000 ) ) ;
#2601 = DIRECTION ( 'NONE',  ( 1.000000000000000000, 0.000000000000000000, -0.000000000000000000 ) ) ;
#2602 = CARTESIAN_POINT ( 'NONE',  ( -21.18298748264734144, 27.84540493523944704, -14.49426834717167623 ) ) ;
#2603 = CARTESIAN_POINT ( 'NONE',  ( 4.300140826044994036, 41.36991053177230526, 0.000000000000000000 ) ) ;
#2604 = DIRECTION ( 'NONE',  ( -3.452186021844392907E-16, 0.000000000000000000, -1.000000000000000000 ) ) ;
#2605 = EDGE_CURVE ( 'NONE', #3312, #4027, #3298, .T. ) ;
#2606 = CARTESIAN_POINT ( 'NONE',  ( -24.88824292376502711, 27.86682743138104712, 11.56664525405787103 ) ) ;
#2607 = ORIENTED_EDGE ( 'NONE', *, *, #512, .T. ) ;
#2608 = ORIENTED_EDGE ( 'NONE', *, *, #7159, .T. ) ;
#2609 = LINE ( 'NONE', #1080, #6478 ) ;
#2610 = EDGE_CURVE ( 'NONE', #10059, #2344, #3017, .T. ) ;
#2611 = DIRECTION ( 'NONE',  ( 0.000000000000000000, -1.000000000000000000, 0.000000000000000000 ) ) ;
#2612 = CARTESIAN_POINT ( 'NONE',  ( -3.530061417442910354, -14.36248943243870535, 15.15453881335723452 ) ) ;
#2613 = CYLINDRICAL_SURFACE ( 'NONE', #9858, 1.999999999999998224 ) ;
#2614 = CARTESIAN_POINT ( 'NONE',  ( 5.578503955387244417, 26.42149604461278045, -18.89198550273266974 ) ) ;
#2615 = EDGE_CURVE ( 'NONE', #8056, #7602, #1711, .T. ) ;
#2616 = DIRECTION ( 'NONE',  ( 8.673617379884029309E-17, -0.000000000000000000, 1.000000000000000000 ) ) ;
#2617 = CARTESIAN_POINT ( 'NONE',  ( -16.08578643762685800, -14.50000000000000000, 21.41421356237309581 ) ) ;
#2618 = AXIS2_PLACEMENT_3D ( 'NONE', #250, #4347, #5779 ) ;
#2619 = ADVANCED_FACE ( 'NONE', ( #4942 ), #953, .F. ) ;
#2620 = ORIENTED_EDGE ( 'NONE', *, *, #5142, .T. ) ;
#2621 = VERTEX_POINT ( 'NONE', #1926 ) ;
#2622 = CARTESIAN_POINT ( 'NONE',  ( 3.499999999999993339, 17.79466320101663968, -5.050000000000009592 ) ) ;
#2623 = VERTEX_POINT ( 'NONE', #7300 ) ;
#2624 = CARTESIAN_POINT ( 'NONE',  ( -20.58578643762692906, 30.11543744278038304, -16.91421356237304252 ) ) ;
#2625 = EDGE_CURVE ( 'NONE', #988, #8971, #1208, .T. ) ;
#2626 = CARTESIAN_POINT ( 'NONE',  ( -2.500000000000006661, 24.55000000000000071, -10.05000000000000071 ) ) ;
#2627 = VECTOR ( 'NONE', #10126, 1000.000000000000000 ) ;
#2628 = DIRECTION ( 'NONE',  ( -0.5773502691896253980, -0.5773502691896263972, 0.5773502691896255090 ) ) ;
#2629 = DIRECTION ( 'NONE',  ( -1.000000000000000000, -0.000000000000000000, -0.000000000000000000 ) ) ;
#2630 = EDGE_CURVE ( 'NONE', #4499, #6338, #9173, .T. ) ;
#2631 = DIRECTION ( 'NONE',  ( 0.000000000000000000, 0.000000000000000000, -1.000000000000000000 ) ) ;
#2632 = CARTESIAN_POINT ( 'NONE',  ( 8.328427124746188071, -7.550000000000000711, -8.049999999999998934 ) ) ;
#2633 = EDGE_CURVE ( 'NONE', #2278, #9841, #8418, .T. ) ;
#2634 = ORIENTED_EDGE ( 'NONE', *, *, #3742, .T. ) ;
#2635 = VERTEX_POINT ( 'NONE', #9055 ) ;
#2636 = CARTESIAN_POINT ( 'NONE',  ( -5.499999999999996447, 26.11543744278039370, -13.49999999999995559 ) ) ;
#2637 = VECTOR ( 'NONE', #6409, 1000.000000000000000 ) ;
#2638 = EDGE_LOOP ( 'NONE', ( #6778, #2690, #392, #9443 ) ) ;
#2639 = CARTESIAN_POINT ( 'NONE',  ( 3.410680060172111006, 15.49746752216296741, 5.997323567157884838 ) ) ;
#2640 = EDGE_CURVE ( 'NONE', #3343, #5369, #6731, .T. ) ;
#2641 = LINE ( 'NONE', #8078, #1082 ) ;
#2642 = CIRCLE ( 'NONE', #8047, 1.999999999999995781 ) ;
#2643 = CARTESIAN_POINT ( 'NONE',  ( -2.499999999999999556, -9.550000000000000711, 10.05000000000000249 ) ) ;
#2644 = CARTESIAN_POINT ( 'NONE',  ( 5.499999996343371222, 26.50000000833116331, 13.54320093620211196 ) ) ;
#2645 = CLOSED_SHELL ( 'NONE', ( #5071, #8768, #3053, #9243, #3023, #9091, #5772, #8077, #2783, #8170, #621, #8526, #811, #5028, #9309, #9318, #10050, #4701, #4898, #1587, #8706, #2426, #8208, #5827, #3026, #1127, #2680, #871, #8532, #3746, #6286, #8266, #6594, #4309, #3871, #3244, #372, #3361, #4074, #10022, #6924, #1265, #1703, #3562, #770, #5928, #5340, #9140, #7651, #6961, #5622, #7561, #2557, #3824, #1924, #2199, #8197, #2109, #8796, #522, #2378, #338, #2770, #3691, #8522, #2965, #4122, #1494, #3039, #645, #3905, #239, #7717, #9923, #8835, #3392, #485, #5997, #3262, #4155, #5252, #3883, #5910, #8268, #8789, #5761, #6629, #4289, #4681, #9596, #8517, #8063, #7285, #516, #2893, #6993, #6525, #403, #4573, #1472, #8657, #6265, #8655, #7564, #5835, #6646, #3073, #1991, #1784, #8479, #7828, #8241, #4943, #6601, #9529, #8106, #2898, #2375, #9987, #775, #972, #2536, #9902, #1597, #6163, #5452, #6, #4193, #1517, #274, #5468, #8843, #3709, #9839, #6319, #8982, #9611, #801, #6242, #5533, #5377, #6117, #6269, #2684, #9337, #1349, #5959, #8959, #5309, #2496, #7416, #9424, #6238, #7149, #10073, #6568, #8254, #6183, #702, #5073, #9825, #3760, #8133, #8044, #9788, #1758, #5900, #6001, #5889, #9468, #8426, #5417, #2736, #2324, #8847, #1629, #8575, #7028, #8555, #3377, #7346, #2254, #5099, #8394, #3997, #5171, #1761, #248, #3735, #4621, #3927, #1832, #1087, #54, #385, #2269, #798, #838, #9968, #1898, #1806, #4599, #1177, #6972, #8183, #9174, #10057, #4736, #3197, #1566, #954, #10173, #247, #1584, #2034, #2852, #1699, #5183, #4407, #1571, #1437, #9584, #3840, #2619, #1439, #3280, #4079, #1271, #7903, #8813, #5824, #1753, #4056, #9032, #8548, #9089, #765, #8338, #2980, #7875, #6890, #5044, #9637, #9555, #294, #2239, #4564, #9614, #6367, #7268, #1454, #4237, #4902, #5738, #6821, #4329, #1056, #8303, #3556, #2004, #8824, #1442, #9420, #2943, #9434, #916, #6863, #1988, #309, #1887, #8875, #4632, #5372, #2973, #3299, #9472, #8803, #10053 ) ) ;
#2646 = CARTESIAN_POINT ( 'NONE',  ( 0.000000000000000000, 24.55000000000000071, 10.05000000000000249 ) ) ;
#2647 = AXIS2_PLACEMENT_3D ( 'NONE', #4927, #5742, #6363 ) ;
#2648 = ORIENTED_EDGE ( 'NONE', *, *, #2156, .T. ) ;
#2649 = ORIENTED_EDGE ( 'NONE', *, *, #2048, .F. ) ;
#2650 = DIRECTION ( 'NONE',  ( 0.9063077870366479383, -0.4226182617407037712, -0.000000000000000000 ) ) ;
#2651 = EDGE_CURVE ( 'NONE', #1840, #9210, #8755, .T. ) ;
#2652 = ORIENTED_EDGE ( 'NONE', *, *, #5954, .F. ) ;
#2653 = DIRECTION ( 'NONE',  ( 1.000000000000000000, 0.000000000000000000, -0.000000000000000000 ) ) ;
#2654 = VECTOR ( 'NONE', #7789, 1000.000000000000000 ) ;
#2655 = FACE_OUTER_BOUND ( 'NONE', #1754, .T. ) ;
#2656 = AXIS2_PLACEMENT_3D ( 'NONE', #4745, #6342, #2444 ) ;
#2657 = CARTESIAN_POINT ( 'NONE',  ( -21.42206516251196291, 27.76888591686554619, -14.37475341269386142 ) ) ;
#2658 = DIRECTION ( 'NONE',  ( -0.9063077870366479383, 0.4226182617407037156, 0.000000000000000000 ) ) ;
#2659 = FACE_OUTER_BOUND ( 'NONE', #3714, .T. ) ;
#2660 = CARTESIAN_POINT ( 'NONE',  ( -26.53420887669671302, 24.18930329151782743, 11.15227712248137948 ) ) ;
#2661 = ORIENTED_EDGE ( 'NONE', *, *, #6577, .F. ) ;
#2662 = ORIENTED_EDGE ( 'NONE', *, *, #6879, .T. ) ;
#2663 = VECTOR ( 'NONE', #1915, 1000.000000000000000 ) ;
#2664 = DIRECTION ( 'NONE',  ( 1.000000000000000000, 0.000000000000000000, -1.020425574104004122E-16 ) ) ;
#2665 = AXIS2_PLACEMENT_3D ( 'NONE', #3001, #3812, #9367 ) ;
#2666 = DIRECTION ( 'NONE',  ( -0.7071067811865474617, 0.000000000000000000, 0.7071067811865474617 ) ) ;
#2667 = CARTESIAN_POINT ( 'NONE',  ( -3.594915293005295887, -16.88864978180623666, -14.12686956392270865 ) ) ;
#2668 = AXIS2_PLACEMENT_3D ( 'NONE', #184, #3310, #9589 ) ;
#2669 = CARTESIAN_POINT ( 'NONE',  ( -3.576943458683337518, -14.77184626976640303, -14.94983192936932070 ) ) ;
#2670 = CIRCLE ( 'NONE', #8081, 2.000000000000000444 ) ;
#2671 = CARTESIAN_POINT ( 'NONE',  ( -0.07443344634339155164, 74.58023422674386893, -19.49999999999999645 ) ) ;
#2672 = CARTESIAN_POINT ( 'NONE',  ( -21.87464771889418458, 29.91114242123149936, -15.62535228110578345 ) ) ;
#2673 = VERTEX_POINT ( 'NONE', #6011 ) ;
#2674 = CARTESIAN_POINT ( 'NONE',  ( -20.14285302487503060, 31.12663592986022820, -1.469616737958659785E-14 ) ) ;
#2675 = ORIENTED_EDGE ( 'NONE', *, *, #5522, .T. ) ;
#2676 = ORIENTED_EDGE ( 'NONE', *, *, #7275, .T. ) ;
#2677 = DIRECTION ( 'NONE',  ( 1.000000000000000000, -0.000000000000000000, -1.975180195419136240E-15 ) ) ;
#2678 = ORIENTED_EDGE ( 'NONE', *, *, #5432, .T. ) ;
#2679 = DIRECTION ( 'NONE',  ( 1.000000000000000000, -0.000000000000000000, 0.000000000000000000 ) ) ;
#2680 = ADVANCED_FACE ( 'NONE', ( #9205 ), #7447, .F. ) ;
#2681 = DIRECTION ( 'NONE',  ( 1.000000000000000000, 0.000000000000000000, -1.020425574104004122E-16 ) ) ;
#2682 = CARTESIAN_POINT ( 'NONE',  ( 0.8107298402901591539, 39.43971063975587299, 21.34674262538473855 ) ) ;
#2683 = CARTESIAN_POINT ( 'NONE',  ( -3.861272208687695606, 40.43111487965633444, 14.00000000000000355 ) ) ;
#2684 = ADVANCED_FACE ( 'NONE', ( #1200 ), #4323, .F. ) ;
#2685 = FACE_OUTER_BOUND ( 'NONE', #4669, .T. ) ;
#2686 = DIRECTION ( 'NONE',  ( 0.000000000000000000, 0.000000000000000000, 1.000000000000000000 ) ) ;
#2687 = VERTEX_POINT ( 'NONE', #8366 ) ;
#2688 = VERTEX_POINT ( 'NONE', #6054 ) ;
#2689 = DIRECTION ( 'NONE',  ( -1.084202172485502462E-16, 0.000000000000000000, -1.000000000000000000 ) ) ;
#2690 = ORIENTED_EDGE ( 'NONE', *, *, #5519, .T. ) ;
#2691 = CARTESIAN_POINT ( 'NONE',  ( -25.06932988285469932, 27.46223117452618823, -11.51065901775324107 ) ) ;
#2692 = CARTESIAN_POINT ( 'NONE',  ( -23.52107802898977695, 26.04318482529182077, 13.47123865282419075 ) ) ;
#2693 = DIRECTION ( 'NONE',  ( 0.9063077870366479383, -0.4226182617407037712, -0.000000000000000000 ) ) ;
#2694 = CARTESIAN_POINT ( 'NONE',  ( 17.86892390874854186, -6.657090883034599393, -22.00000000000000000 ) ) ;
#2695 = VECTOR ( 'NONE', #1627, 1000.000000000000000 ) ;
#2696 = CARTESIAN_POINT ( 'NONE',  ( -16.50731940097383443, 46.43840132269671273, -19.49999999999999645 ) ) ;
#2697 = AXIS2_PLACEMENT_3D ( 'NONE', #3518, #2046, #2858 ) ;
#2698 = ORIENTED_EDGE ( 'NONE', *, *, #812, .F. ) ;
#2699 = ORIENTED_EDGE ( 'NONE', *, *, #8398, .T. ) ;
#2700 = DIRECTION ( 'NONE',  ( -1.000000000000000000, 0.000000000000000000, 0.000000000000000000 ) ) ;
#2701 = ORIENTED_EDGE ( 'NONE', *, *, #6141, .T. ) ;
#2702 = CYLINDRICAL_SURFACE ( 'NONE', #7121, 2.000000000000000000 ) ;
#2703 = AXIS2_PLACEMENT_3D ( 'NONE', #4259, #5036, #5746 ) ;
#2704 = DIRECTION ( 'NONE',  ( 0.000000000000000000, 1.000000000000000000, 0.000000000000000000 ) ) ;
#2705 = VECTOR ( 'NONE', #4166, 1000.000000000000000 ) ;
#2706 = CARTESIAN_POINT ( 'NONE',  ( 3.008659104022689768, 33.86791587487892485, 16.70909507938319294 ) ) ;
#2707 = DIRECTION ( 'NONE',  ( -1.000000000000000000, -8.379335841787855282E-17, 0.000000000000000000 ) ) ;
#2708 = CARTESIAN_POINT ( 'NONE',  ( -23.47655620588587055, 26.16322515262383774, 13.46727088597854838 ) ) ;
#2709 = VERTEX_POINT ( 'NONE', #9156 ) ;
#2710 = ORIENTED_EDGE ( 'NONE', *, *, #4039, .F. ) ;
#2711 = CARTESIAN_POINT ( 'NONE',  ( 7.499999999999996447, 11.55000000000000249, 13.35000000000000497 ) ) ;
#2712 = VECTOR ( 'NONE', #5219, 999.9999999999998863 ) ;
#2713 = VECTOR ( 'NONE', #5912, 1000.000000000000000 ) ;
#2714 = FACE_OUTER_BOUND ( 'NONE', #310, .T. ) ;
#2715 = CYLINDRICAL_SURFACE ( 'NONE', #9692, 1.999999999999998446 ) ;
#2716 = CARTESIAN_POINT ( 'NONE',  ( -3.960054782725409783, -16.22384611913927444, -14.22386080160161903 ) ) ;
#2717 = CARTESIAN_POINT ( 'NONE',  ( -25.04521204577291726, 27.51383276059308258, 11.51723606080631335 ) ) ;
#2718 = EDGE_CURVE ( 'NONE', #1491, #6872, #890, .T. ) ;
#2719 = ORIENTED_EDGE ( 'NONE', *, *, #1733, .F. ) ;
#2720 = DIRECTION ( 'NONE',  ( 0.9063077870366479383, -0.4226182617407038267, -0.000000000000000000 ) ) ;
#2721 = ORIENTED_EDGE ( 'NONE', *, *, #6141, .F. ) ;
#2722 = EDGE_LOOP ( 'NONE', ( #8428, #5361, #756, #3907 ) ) ;
#2723 = DIRECTION ( 'NONE',  ( -0.9063077870366477162, 0.4226182617407041042, 0.000000000000000000 ) ) ;
#2724 = ORIENTED_EDGE ( 'NONE', *, *, #2445, .F. ) ;
#2725 = CARTESIAN_POINT ( 'NONE',  ( -25.50000000000000355, -12.51614737948570522, 11.99999999999998046 ) ) ;
#2726 = CARTESIAN_POINT ( 'NONE',  ( -0.7996213762211552556, 39.49226551961793774, -22.00000000000000000 ) ) ;
#2727 = CARTESIAN_POINT ( 'NONE',  ( 1.431090120539114663, 35.77041738509569768, 20.28940973439134510 ) ) ;
#2728 = CARTESIAN_POINT ( 'NONE',  ( -2.500000000000003109, -7.550000000000000711, -7.049999999999997158 ) ) ;
#2729 = CARTESIAN_POINT ( 'NONE',  ( 5.499999999999992006, -14.17842712474615752, -17.82157287525380340 ) ) ;
#2730 = DIRECTION ( 'NONE',  ( -0.4226182617407066577, -0.9063077870366466060, 0.000000000000000000 ) ) ;
#2731 = EDGE_CURVE ( 'NONE', #1136, #9298, #8273, .T. ) ;
#2732 = ORIENTED_EDGE ( 'NONE', *, *, #7871, .T. ) ;
#2733 = ORIENTED_EDGE ( 'NONE', *, *, #1304, .T. ) ;
#2734 = CARTESIAN_POINT ( 'NONE',  ( -25.50000000000000355, 24.74531294547945137, -11.99999999999995559 ) ) ;
#2735 = ORIENTED_EDGE ( 'NONE', *, *, #6408, .F. ) ;
#2736 = ADVANCED_FACE ( 'NONE', ( #2177 ), #4527, .F. ) ;
#2737 = CARTESIAN_POINT ( 'NONE',  ( -23.06517370951387846, 26.92731046236631798, -13.60074577865820622 ) ) ;
#2738 = CARTESIAN_POINT ( 'NONE',  ( -23.85481200285879666, 25.45675436563011118, 13.37967874647378963 ) ) ;
#2739 = LINE ( 'NONE', #6062, #4964 ) ;
#2740 = PLANE ( 'NONE',  #2778 ) ;
#2741 = CARTESIAN_POINT ( 'NONE',  ( -5.499999999999996447, -15.49999999999997335, -13.49999999999995026 ) ) ;
#2742 = LINE ( 'NONE', #286, #9240 ) ;
#2743 = ORIENTED_EDGE ( 'NONE', *, *, #3700, .F. ) ;
#2744 = ORIENTED_EDGE ( 'NONE', *, *, #93, .T. ) ;
#2745 = CARTESIAN_POINT ( 'NONE',  ( -18.21892336110601818, 42.76785478523053285, 21.99999999999999289 ) ) ;
#2746 = ORIENTED_EDGE ( 'NONE', *, *, #2814, .F. ) ;
#2747 = ORIENTED_EDGE ( 'NONE', *, *, #1868, .F. ) ;
#2748 = LINE ( 'NONE', #6752, #5807 ) ;
#2749 = DIRECTION ( 'NONE',  ( -0.3213335431480891513, 0.7321115859192102171, 0.6006308182325927891 ) ) ;
#2750 = EDGE_CURVE ( 'NONE', #7024, #3617, #6380, .T. ) ;
#2751 = CYLINDRICAL_SURFACE ( 'NONE', #32, 2.000000000000000000 ) ;
#2752 = EDGE_CURVE ( 'NONE', #7602, #9675, #5294, .T. ) ;
#2753 = CARTESIAN_POINT ( 'NONE',  ( -25.50000000000000355, -13.99999999999997513, -10.20056438610881955 ) ) ;
#2754 = CARTESIAN_POINT ( 'NONE',  ( -23.09229177304195701, 26.83966936490203281, 13.59379971192875658 ) ) ;
#2755 = ORIENTED_EDGE ( 'NONE', *, *, #5650, .T. ) ;
#2756 = ADVANCED_FACE ( 'NONE', ( #1969 ), #1352, .F. ) ;
#2757 = VERTEX_POINT ( 'NONE', #3710 ) ;
#2758 = CARTESIAN_POINT ( 'NONE',  ( -22.77110526841899940, 27.33719142153203663, 13.83712295858969732 ) ) ;
#2759 = DIRECTION ( 'NONE',  ( 0.6715429342378178568, -0.3131456130149774530, 0.6715429342378161914 ) ) ;
#2760 = EDGE_CURVE ( 'NONE', #8059, #9883, #4425, .T. ) ;
#2761 = CARTESIAN_POINT ( 'NONE',  ( -3.750043800533927829, -15.60825971116812383, -14.53165103809966574 ) ) ;
#2762 = CARTESIAN_POINT ( 'NONE',  ( -3.499999999999996447, -18.00322531083734745, -13.69350914070722958 ) ) ;
#2763 = CARTESIAN_POINT ( 'NONE',  ( -25.26586563887121883, 26.98887923275147926, 11.47356851613544571 ) ) ;
#2764 = VERTEX_POINT ( 'NONE', #6839 ) ;
#2765 = CARTESIAN_POINT ( 'NONE',  ( -23.11902448434648960, 26.82356023144187773, -13.50728549804458467 ) ) ;
#2766 = EDGE_LOOP ( 'NONE', ( #2413, #2620, #6606, #4013, #4313, #2735, #9020, #8944, #1216 ) ) ;
#2767 = EDGE_LOOP ( 'NONE', ( #6827, #3462, #3439, #3404 ) ) ;
#2768 = CARTESIAN_POINT ( 'NONE',  ( 25.50000000000000355, -11.55000000000000071, -17.39999999999999858 ) ) ;
#2769 = CIRCLE ( 'NONE', #2297, 2.000000000000000000 ) ;
#2770 = ADVANCED_FACE ( 'NONE', ( #5091, #9981 ), #7652, .F. ) ;
#2771 = ORIENTED_EDGE ( 'NONE', *, *, #142, .F. ) ;
#2772 = DIRECTION ( 'NONE',  ( -0.000000000000000000, -0.000000000000000000, -1.000000000000000000 ) ) ;
#2773 = B_SPLINE_CURVE_WITH_KNOTS ( 'NONE', 3,
 ( #2274, #8574, #8677, #4673, #10077, #784, #6262, #9409, #1608, #4721, #3037, #1652, #7845, #834, #3951, #112, #3184, #887, #4003, #7135, #3235, #2229, #1452, #4827 ),
 .UNSPECIFIED., .F., .F.,
 ( 4, 2, 2, 2, 2, 2, 2, 2, 2, 2, 2, 4 ),
 ( 0.000000000000000000, 0.001155190743156314648, 0.002310381486312629296, 0.002887976857890785318, 0.003465572229468940474, 0.004620762972625254254, 0.005198358344203408976, 0.005775953715781565433, 0.006353549087359720154, 0.006931144458937874876, 0.008086335202094185187, 0.009241525945250494631 ),
 .UNSPECIFIED. ) ;
#2774 = FACE_OUTER_BOUND ( 'NONE', #3405, .T. ) ;
#2775 = FACE_OUTER_BOUND ( 'NONE', #2094, .T. ) ;
#2776 = DIRECTION ( 'NONE',  ( -0.7071067811865482389, 0.4999999999999986677, 0.5000000000000005551 ) ) ;
#2777 = CARTESIAN_POINT ( 'NONE',  ( -15.71859477475478073, 41.60193241750081938, 21.72087917668609336 ) ) ;
#2778 = AXIS2_PLACEMENT_3D ( 'NONE', #8860, #5716, #1107 ) ;
#2779 = CARTESIAN_POINT ( 'NONE',  ( 12.98068253580589371, 69.04422262568452595, -19.99999999999999645 ) ) ;
#2780 = EDGE_CURVE ( 'NONE', #5299, #10019, #9366, .T. ) ;
#2781 = ORIENTED_EDGE ( 'NONE', *, *, #8489, .T. ) ;
#2782 = ORIENTED_EDGE ( 'NONE', *, *, #5644, .F. ) ;
#2783 = ADVANCED_FACE ( 'NONE', ( #8216 ), #1254, .F. ) ;
#2784 = CARTESIAN_POINT ( 'NONE',  ( 5.499999999999994671, 26.50000000000000355, -20.00000000000000000 ) ) ;
#2785 = ORIENTED_EDGE ( 'NONE', *, *, #6756, .T. ) ;
#2786 = CARTESIAN_POINT ( 'NONE',  ( -23.10929066818096800, 26.85188873413745370, -13.57421634586267523 ) ) ;
#2787 = CIRCLE ( 'NONE', #4597, 2.000000000000000000 ) ;
#2788 = CARTESIAN_POINT ( 'NONE',  ( -24.18102825627584096, 25.02974105008482653, 13.22656132583214550 ) ) ;
#2789 = CARTESIAN_POINT ( 'NONE',  ( -24.45038254647701237, 28.84512355257250604, 11.92207245303572449 ) ) ;
#2790 = LINE ( 'NONE', #6063, #9035 ) ;
#2791 = DIRECTION ( 'NONE',  ( 1.000000000000000000, 0.000000000000000000, -1.020425574104004122E-16 ) ) ;
#2792 = CARTESIAN_POINT ( 'NONE',  ( -16.80141719504813835, 45.62529534955451993, -20.54992575709601965 ) ) ;
#2793 = VECTOR ( 'NONE', #8195, 1000.000000000000000 ) ;
#2794 = DIRECTION ( 'NONE',  ( -1.000000000000000000, 0.000000000000000000, -0.000000000000000000 ) ) ;
#2795 = ORIENTED_EDGE ( 'NONE', *, *, #7585, .T. ) ;
#2796 = ORIENTED_EDGE ( 'NONE', *, *, #7172, .F. ) ;
#2797 = CARTESIAN_POINT ( 'NONE',  ( -14.67157287525376752, 28.11543744278040435, 20.00000000000001066 ) ) ;
#2798 = ORIENTED_EDGE ( 'NONE', *, *, #4184, .T. ) ;
#2799 = EDGE_LOOP ( 'NONE', ( #9603, #3070, #5829, #6883, #5922, #6607, #7385, #5084, #1549, #8525 ) ) ;
#2800 = CARTESIAN_POINT ( 'NONE',  ( -31.34594953089948888, 14.61685631839870325, -21.99999999999999289 ) ) ;
#2801 = CARTESIAN_POINT ( 'NONE',  ( -0.7694321026320636303, 75.45600638209356248, -19.99999999999999289 ) ) ;
#2802 = AXIS2_PLACEMENT_3D ( 'NONE', #6305, #3171, #2216 ) ;
#2803 = EDGE_CURVE ( 'NONE', #5713, #4213, #2642, .T. ) ;
#2804 = CARTESIAN_POINT ( 'NONE',  ( 12.98068253580589904, 69.04422262568452595, -20.00000000000000355 ) ) ;
#2805 = CARTESIAN_POINT ( 'NONE',  ( -2.362083780042616432, 76.66574215259940672, 19.99999999999991473 ) ) ;
#2806 = EDGE_CURVE ( 'NONE', #4415, #7767, #7191, .T. ) ;
#2807 = DIRECTION ( 'NONE',  ( 0.000000000000000000, 0.6342685675826026381, -0.7731127887809858823 ) ) ;
#2808 = CARTESIAN_POINT ( 'NONE',  ( -24.04944678595609275, 25.03003116303291264, 13.36104012653883721 ) ) ;
#2809 = EDGE_LOOP ( 'NONE', ( #7996, #9828, #7165, #8818 ) ) ;
#2810 = ORIENTED_EDGE ( 'NONE', *, *, #7112, .T. ) ;
#2811 = EDGE_CURVE ( 'NONE', #2384, #713, #9041, .T. ) ;
#2812 = CARTESIAN_POINT ( 'NONE',  ( -2.540982006046801356, 76.28209366885936049, 20.42330926561459137 ) ) ;
#2813 = AXIS2_PLACEMENT_3D ( 'NONE', #6513, #8538, #5459 ) ;
#2814 = EDGE_CURVE ( 'NONE', #8981, #3976, #4569, .T. ) ;
#2815 = AXIS2_PLACEMENT_3D ( 'NONE', #5174, #9754, #6604 ) ;
#2816 = CARTESIAN_POINT ( 'NONE',  ( -23.11902849963298934, 26.82355438291536132, 13.50728542993587844 ) ) ;
#2817 = AXIS2_PLACEMENT_3D ( 'NONE', #1, #7648, #6877 ) ;
#2818 = CARTESIAN_POINT ( 'NONE',  ( -3.499999999999996003, -17.49999999999997513, -13.91165832525015844 ) ) ;
#2819 = PLANE ( 'NONE',  #5107 ) ;
#2820 = ORIENTED_EDGE ( 'NONE', *, *, #6370, .F. ) ;
#2821 = CARTESIAN_POINT ( 'NONE',  ( -23.03683741853679123, 27.23526336629577216, -13.72265898774560000 ) ) ;
#2822 = ORIENTED_EDGE ( 'NONE', *, *, #5983, .F. ) ;
#2823 = ORIENTED_EDGE ( 'NONE', *, *, #1528, .F. ) ;
#2824 = CYLINDRICAL_SURFACE ( 'NONE', #1894, 1.999999999999998224 ) ;
#2825 = ORIENTED_EDGE ( 'NONE', *, *, #9804, .F. ) ;
#2826 = CARTESIAN_POINT ( 'NONE',  ( -19.50383243782971476, 28.10853684555243959, 15.33386363153055854 ) ) ;
#2827 = AXIS2_PLACEMENT_3D ( 'NONE', #5734, #3996, #7223 ) ;
#2828 = CARTESIAN_POINT ( 'NONE',  ( 7.579987362420398232E-16, 24.55000000000000071, -10.05000000000000071 ) ) ;
#2829 = AXIS2_PLACEMENT_3D ( 'NONE', #7461, #445, #6688 ) ;
#2830 = DIRECTION ( 'NONE',  ( 1.000000000000000000, 0.000000000000000000, 0.000000000000000000 ) ) ;
#2831 = CARTESIAN_POINT ( 'NONE',  ( 7.499999999999992895, -12.50000000000000000, -16.64999999999999503 ) ) ;
#2832 = CARTESIAN_POINT ( 'NONE',  ( 1.828134543043443028, 34.86580960903772564, -19.99999999999999289 ) ) ;
#2833 = DIRECTION ( 'NONE',  ( -1.000000000000000000, -0.000000000000000000, -0.000000000000000000 ) ) ;
#2834 = VECTOR ( 'NONE', #8917, 1000.000000000000000 ) ;
#2835 = VECTOR ( 'NONE', #6932, 1000.000000000000000 ) ;
#2836 = VERTEX_POINT ( 'NONE', #681 ) ;
#2837 = ORIENTED_EDGE ( 'NONE', *, *, #6196, .T. ) ;
#2838 = DIRECTION ( 'NONE',  ( 0.000000000000000000, -0.7071067811865482389, 0.7071067811865469066 ) ) ;
#2839 = ORIENTED_EDGE ( 'NONE', *, *, #5886, .F. ) ;
#2840 = CARTESIAN_POINT ( 'NONE',  ( -25.10708483387409018, 27.37787660842726112, -11.50141996528830646 ) ) ;
#2841 = DIRECTION ( 'NONE',  ( 1.000000000000000000, 0.000000000000000000, 0.000000000000000000 ) ) ;
#2842 = EDGE_CURVE ( 'NONE', #1317, #1123, #3561, .T. ) ;
#2843 = VECTOR ( 'NONE', #1215, 1000.000000000000000 ) ;
#2844 = CARTESIAN_POINT ( 'NONE',  ( -16.95106857580157111, 45.48677814630823235, 19.49999999999999645 ) ) ;
#2845 = FACE_OUTER_BOUND ( 'NONE', #5145, .T. ) ;
#2846 = CIRCLE ( 'NONE', #9086, 1.000000000000000888 ) ;
#2847 = LINE ( 'NONE', #5972, #3467 ) ;
#2848 = CYLINDRICAL_SURFACE ( 'NONE', #2143, 1.999999999999998224 ) ;
#2849 =( BOUNDED_CURVE ( )  B_SPLINE_CURVE ( 3, ( #5913, #1263, #3606, #5154 ),
 .UNSPECIFIED., .F., .T. ) 
 B_SPLINE_CURVE_WITH_KNOTS ( ( 4, 4 ),
 ( 8.673617379884037444E-16, 0.3642523918140168626 ),
 .UNSPECIFIED. ) 
 CURVE ( )  GEOMETRIC_REPRESENTATION_ITEM ( )  RATIONAL_B_SPLINE_CURVE ( ( 1.000000000000000000, 0.9889738781959833691, 0.9889738781959833691, 1.000000000000000000 ) ) 
 REPRESENTATION_ITEM ( '' )  );
#2850 = DIRECTION ( 'NONE',  ( 0.000000000000000000, 1.000000000000000000, -0.000000000000000000 ) ) ;
#2851 = CARTESIAN_POINT ( 'NONE',  ( 25.50000000000000355, 13.50000000000000000, -0.8999999999999966915 ) ) ;
#2852 = ADVANCED_FACE ( 'NONE', ( #5 ), #4277, .F. ) ;
#2853 = VERTEX_POINT ( 'NONE', #3041 ) ;
#2854 = ORIENTED_EDGE ( 'NONE', *, *, #3777, .T. ) ;
#2855 = DIRECTION ( 'NONE',  ( 0.9063077870366479383, -0.4226182617407038267, 0.000000000000000000 ) ) ;
#2856 = ORIENTED_EDGE ( 'NONE', *, *, #4939, .T. ) ;
#2857 = ORIENTED_EDGE ( 'NONE', *, *, #9653, .F. ) ;
#2858 = DIRECTION ( 'NONE',  ( -1.084202172485506776E-16, 0.000000000000000000, -1.000000000000000000 ) ) ;
#2859 = CARTESIAN_POINT ( 'NONE',  ( -2.279720836620344748, 76.76712344017360579, -19.50000000000054001 ) ) ;
#2860 = DIRECTION ( 'NONE',  ( 1.000000000000000000, 0.000000000000000000, 0.000000000000000000 ) ) ;
#2861 = CARTESIAN_POINT ( 'NONE',  ( -19.96968273489684975, 28.07522703671333275, -15.10094481249055143 ) ) ;
#2862 = CIRCLE ( 'NONE', #1248, 2.000000000000000444 ) ;
#2863 = DIRECTION ( 'NONE',  ( 0.000000000000000000, 0.000000000000000000, 1.000000000000000000 ) ) ;
#2864 = CARTESIAN_POINT ( 'NONE',  ( 5.499999999999994671, 26.50000000000000355, 0.000000000000000000 ) ) ;
#2865 = VERTEX_POINT ( 'NONE', #6104 ) ;
#2866 = CARTESIAN_POINT ( 'NONE',  ( -15.71859477475479139, 41.60193241750083359, -21.72087917668611112 ) ) ;
#2867 = EDGE_CURVE ( 'NONE', #6736, #2382, #8546, .T. ) ;
#2868 = VECTOR ( 'NONE', #6735, 1000.000000000000000 ) ;
#2869 = CYLINDRICAL_SURFACE ( 'NONE', #4609, 8.250000000000001776 ) ;
#2870 = EDGE_CURVE ( 'NONE', #7713, #79, #10080, .T. ) ;
#2871 = VECTOR ( 'NONE', #7843, 1000.000000000000000 ) ;
#2872 = DIRECTION ( 'NONE',  ( 0.9063077870366479383, -0.4226182617407038267, -0.000000000000000000 ) ) ;
#2873 = CARTESIAN_POINT ( 'NONE',  ( -3.499999999999995559, -17.98046722927344732, -13.70351472531515569 ) ) ;
#2874 = AXIS2_PLACEMENT_3D ( 'NONE', #8793, #4164, #2576 ) ;
#2875 = VECTOR ( 'NONE', #2150, 1000.000000000000000 ) ;
#2876 = CARTESIAN_POINT ( 'NONE',  ( -25.32623606252498050, 26.83728031781954115, 11.46421560576697551 ) ) ;
#2877 = ORIENTED_EDGE ( 'NONE', *, *, #1341, .T. ) ;
#2878 = LINE ( 'NONE', #9921, #6765 ) ;
#2879 = EDGE_LOOP ( 'NONE', ( #1521, #5371, #3782, #1592 ) ) ;
#2880 = CIRCLE ( 'NONE', #8457, 1.999999999999999112 ) ;
#2881 = EDGE_LOOP ( 'NONE', ( #92, #8866, #5394, #2516 ) ) ;
#2882 = DIRECTION ( 'NONE',  ( 0.9063077870366480493, -0.4226182617407037712, 0.000000000000000000 ) ) ;
#2883 = ORIENTED_EDGE ( 'NONE', *, *, #3255, .T. ) ;
#2884 = CARTESIAN_POINT ( 'NONE',  ( -20.50598048089326042, 28.00129600477080771, 14.83276634844334652 ) ) ;
#2885 = CARTESIAN_POINT ( 'NONE',  ( -23.17157287525380838, 26.29507800053148259, -15.49999999999995737 ) ) ;
#2886 = CARTESIAN_POINT ( 'NONE',  ( 0.2415377659521509013, 39.63123314407342690, 21.99999999999999645 ) ) ;
#2887 = CARTESIAN_POINT ( 'NONE',  ( -23.48203542069840211, 28.87606220891381170, -14.01796457930154105 ) ) ;
#2888 = FACE_OUTER_BOUND ( 'NONE', #4495, .T. ) ;
#2889 = EDGE_CURVE ( 'NONE', #3046, #8156, #3954, .T. ) ;
#2890 = DIRECTION ( 'NONE',  ( 0.9063077870366481603, -0.4226182617407034381, 0.000000000000000000 ) ) ;
#2891 = ORIENTED_EDGE ( 'NONE', *, *, #138, .F. ) ;
#2892 = EDGE_LOOP ( 'NONE', ( #4861, #9650, #3153, #7361 ) ) ;
#2893 = ADVANCED_FACE ( 'NONE', ( #837 ), #5498, .T. ) ;
#2894 = DIRECTION ( 'NONE',  ( 0.000000000000000000, -1.000000000000000000, 0.000000000000000000 ) ) ;
#2895 = VERTEX_POINT ( 'NONE', #4723 ) ;
#2896 = CARTESIAN_POINT ( 'NONE',  ( 7.499999999999996447, -12.50000000000000000, 15.35000000000000497 ) ) ;
#2897 = CARTESIAN_POINT ( 'NONE',  ( -28.38764509346943399, 12.70558547835847030, -4.999999999999992006 ) ) ;
#2898 = ADVANCED_FACE ( 'NONE', ( #61 ), #2276, .F. ) ;
#2899 = DIRECTION ( 'NONE',  ( 0.4085227688752219311, 0.9127481291739371061, 0.000000000000000000 ) ) ;
#2900 = CARTESIAN_POINT ( 'NONE',  ( 5.532100071391282015, 26.42686467169234277, -18.26139544268128390 ) ) ;
#2901 = DIRECTION ( 'NONE',  ( 0.000000000000000000, 0.000000000000000000, 1.000000000000000000 ) ) ;
#2902 = CARTESIAN_POINT ( 'NONE',  ( 15.49999999999999467, 14.50000000000000000, -0.8999999999999962474 ) ) ;
#2903 = EDGE_CURVE ( 'NONE', #3747, #10123, #5098, .T. ) ;
#2904 = LINE ( 'NONE', #6022, #7719 ) ;
#2905 = FACE_OUTER_BOUND ( 'NONE', #5666, .T. ) ;
#2906 = ORIENTED_EDGE ( 'NONE', *, *, #1756, .T. ) ;
#2907 = ORIENTED_EDGE ( 'NONE', *, *, #2718, .T. ) ;
#2908 = CARTESIAN_POINT ( 'NONE',  ( 9.810666190349460081, 48.45486714486155932, 0.000000000000000000 ) ) ;
#2909 = ORIENTED_EDGE ( 'NONE', *, *, #7823, .F. ) ;
#2910 = ORIENTED_EDGE ( 'NONE', *, *, #2932, .F. ) ;
#2911 = LINE ( 'NONE', #7773, #9752 ) ;
#2912 = CARTESIAN_POINT ( 'NONE',  ( -18.21892336110601818, 42.76785478523052575, -19.99999999999998934 ) ) ;
#2913 = FACE_BOUND ( 'NONE', #3437, .T. ) ;
#2914 = DIRECTION ( 'NONE',  ( 0.9063077870366479383, -0.4226182617407037712, -0.000000000000000000 ) ) ;
#2915 = LINE ( 'NONE', #9288, #1181 ) ;
#2916 = ORIENTED_EDGE ( 'NONE', *, *, #3126, .T. ) ;
#2917 = DIRECTION ( 'NONE',  ( 0.000000000000000000, 0.000000000000000000, 1.000000000000000000 ) ) ;
#2918 = CARTESIAN_POINT ( 'NONE',  ( 2.989911769631495186, 32.21886973618972405, 16.17157287525381548 ) ) ;
#2919 = FACE_OUTER_BOUND ( 'NONE', #8805, .T. ) ;
#2920 = FACE_OUTER_BOUND ( 'NONE', #9373, .T. ) ;
#2921 = EDGE_CURVE ( 'NONE', #7090, #9899, #3295, .T. ) ;
#2922 = CARTESIAN_POINT ( 'NONE',  ( -25.03720725543369241, 27.53212024013885895, 11.51908462623519824 ) ) ;
#2923 = ORIENTED_EDGE ( 'NONE', *, *, #2429, .T. ) ;
#2924 = CARTESIAN_POINT ( 'NONE',  ( 4.821274678095985422, 33.02267935139751387, -16.17157287525382259 ) ) ;
#2925 = VERTEX_POINT ( 'NONE', #1502 ) ;
#2926 = DIRECTION ( 'NONE',  ( -1.000000000000000000, 0.000000000000000000, -0.000000000000000000 ) ) ;
#2927 = VERTEX_POINT ( 'NONE', #4009 ) ;
#2928 = DIRECTION ( 'NONE',  ( 0.000000000000000000, 0.000000000000000000, -1.000000000000000000 ) ) ;
#2929 = CARTESIAN_POINT ( 'NONE',  ( -12.31348600312988317, 5.741872821843921670, 76.26183934523054120 ) ) ;
#2930 = DIRECTION ( 'NONE',  ( 0.000000000000000000, 0.000000000000000000, -1.000000000000000000 ) ) ;
#2931 = CARTESIAN_POINT ( 'NONE',  ( 1.319688944841954203, 32.49999999999995737, 11.00000000000000711 ) ) ;
#2932 = EDGE_CURVE ( 'NONE', #1628, #6622, #7138, .T. ) ;
#2933 = CARTESIAN_POINT ( 'NONE',  ( -0.7867408099724196857, 36.34713708645860919, -21.99999999999999645 ) ) ;
#2934 = B_SPLINE_CURVE_WITH_KNOTS ( 'NONE', 1,
 ( #3936, #527 ),
 .UNSPECIFIED., .F., .F.,
 ( 2, 2 ),
 ( 0.000000000000000000, 1.000000000000000000 ),
 .UNSPECIFIED. ) ;
#2935 = EDGE_CURVE ( 'NONE', #4646, #4860, #4622, .T. ) ;
#2936 = CARTESIAN_POINT ( 'NONE',  ( -33.79438179219875593, 0.6255028423559090278, 16.99999999999999645 ) ) ;
#2937 = ORIENTED_EDGE ( 'NONE', *, *, #7372, .T. ) ;
#2938 = EDGE_LOOP ( 'NONE', ( #4810, #9456, #2701, #9896, #2910, #110, #1866 ) ) ;
#2939 = EDGE_CURVE ( 'NONE', #6072, #3844, #9507, .T. ) ;
#2940 = DIRECTION ( 'NONE',  ( -0.9063077870366480493, 0.4226182617407038822, 0.000000000000000000 ) ) ;
#2941 = EDGE_LOOP ( 'NONE', ( #6977, #9311 ) ) ;
#2942 = CARTESIAN_POINT ( 'NONE',  ( 7.499999999999992895, -14.50000000000000000, -15.64999999999999325 ) ) ;
#2943 = ADVANCED_FACE ( 'NONE', ( #157 ), #9860, .T. ) ;
#2944 = LINE ( 'NONE', #9063, #9116 ) ;
#2945 = AXIS2_PLACEMENT_3D ( 'NONE', #7066, #7988, #2409 ) ;
#2946 = LINE ( 'NONE', #7610, #4146 ) ;
#2947 = CARTESIAN_POINT ( 'NONE',  ( -2.976828996322942178, 14.50000000000000000, -2.976828996322931076 ) ) ;
#2948 = CARTESIAN_POINT ( 'NONE',  ( 5.499999999999994671, 26.50000000000000355, -20.00000000000000000 ) ) ;
#2949 = DIRECTION ( 'NONE',  ( 0.000000000000000000, 1.000000000000000000, 0.000000000000000000 ) ) ;
#2950 = CARTESIAN_POINT ( 'NONE',  ( -14.67589438951936565, 43.26730018469763905, -19.49999999999999645 ) ) ;
#2951 = CARTESIAN_POINT ( 'NONE',  ( 5.600087813026844330, 95.16984876899218193, 39.14447074016138117 ) ) ;
#2952 = ORIENTED_EDGE ( 'NONE', *, *, #412, .T. ) ;
#2953 = VERTEX_POINT ( 'NONE', #1709 ) ;
#2954 = EDGE_CURVE ( 'NONE', #5442, #9146, #8942, .T. ) ;
#2955 = CARTESIAN_POINT ( 'NONE',  ( 20.68635963477277073, 43.38344800398079570, 0.000000000000000000 ) ) ;
#2956 = VECTOR ( 'NONE', #3418, 1000.000000000000000 ) ;
#2957 = VERTEX_POINT ( 'NONE', #4831 ) ;
#2958 = EDGE_LOOP ( 'NONE', ( #555, #1563, #2513, #2699 ) ) ;
#2959 = PLANE ( 'NONE',  #6304 ) ;
#2960 = DIRECTION ( 'NONE',  ( 0.4226182617407044928, 0.9063077870366476052, 0.000000000000000000 ) ) ;
#2961 = CYLINDRICAL_SURFACE ( 'NONE', #8858, 1.049999999999998712 ) ;
#2962 = EDGE_CURVE ( 'NONE', #5757, #8371, #8003, .T. ) ;
#2963 = CARTESIAN_POINT ( 'NONE',  ( -20.59443970479851416, 27.98553657793177507, -14.78856683555909690 ) ) ;
#2964 = VECTOR ( 'NONE', #6523, 1000.000000000000000 ) ;
#2965 = ADVANCED_FACE ( 'NONE', ( #2525 ), #4250, .F. ) ;
#2966 = DIRECTION ( 'NONE',  ( 0.000000000000000000, 1.000000000000000000, 0.000000000000000000 ) ) ;
#2967 = VERTEX_POINT ( 'NONE', #4879 ) ;
#2968 = CARTESIAN_POINT ( 'NONE',  ( 12.98068253580589726, 69.04422262568452595, -20.00000000000000000 ) ) ;
#2969 = AXIS2_PLACEMENT_3D ( 'NONE', #2091, #602, #1422 ) ;
#2970 = FACE_OUTER_BOUND ( 'NONE', #655, .T. ) ;
#2971 =( BOUNDED_CURVE ( )  B_SPLINE_CURVE ( 3, ( #9066, #4535, #6740, #9889 ),
 .UNSPECIFIED., .F., .T. ) 
 B_SPLINE_CURVE_WITH_KNOTS ( ( 4, 4 ),
 ( 3.627167215326156047, 4.712388980384691450 ),
 .UNSPECIFIED. ) 
 CURVE ( )  GEOMETRIC_REPRESENTATION_ITEM ( )  RATIONAL_B_SPLINE_CURVE ( ( 1.000000000000000000, 0.9042422738917601510, 0.9042422738917601510, 1.000000000000000000 ) ) 
 REPRESENTATION_ITEM ( '' )  );
#2972 = AXIS2_PLACEMENT_3D ( 'NONE', #637, #8320, #6882 ) ;
#2973 = ADVANCED_FACE ( 'NONE', ( #5698 ), #1807, .T. ) ;
#2974 = LINE ( 'NONE', #10064, #9534 ) ;
#2975 = DIRECTION ( 'NONE',  ( -0.3781822567379363176, -0.8449593844541903875, -0.3781822567379353184 ) ) ;
#2976 = LINE ( 'NONE', #1443, #691 ) ;
#2977 = VECTOR ( 'NONE', #10044, 1000.000000000000000 ) ;
#2978 = EDGE_LOOP ( 'NONE', ( #2095, #6028, #5461, #842 ) ) ;
#2979 = CARTESIAN_POINT ( 'NONE',  ( 5.499999999999992895, -20.00000000000000000, -16.64999999999999503 ) ) ;
#2980 = ADVANCED_FACE ( 'NONE', ( #7959 ), #940, .F. ) ;
#2981 = CIRCLE ( 'NONE', #7556, 1.000000000000000888 ) ;
#2982 = EDGE_LOOP ( 'NONE', ( #2857, #789 ) ) ;
#2983 = ORIENTED_EDGE ( 'NONE', *, *, #8372, .T. ) ;
#2984 = CARTESIAN_POINT ( 'NONE',  ( -19.43308837325897542, 28.11122450205317946, 15.36922636615382487 ) ) ;
#2985 = AXIS2_PLACEMENT_3D ( 'NONE', #3818, #6282, #9322 ) ;
#2986 = DIRECTION ( 'NONE',  ( 0.000000000000000000, 1.000000000000000000, 0.000000000000000000 ) ) ;
#2987 = FACE_OUTER_BOUND ( 'NONE', #6564, .T. ) ;
#2988 = CARTESIAN_POINT ( 'NONE',  ( 5.499999999999991118, 20.00000000000000000, -16.64999999999999503 ) ) ;
#2989 = CARTESIAN_POINT ( 'NONE',  ( 5.548247764416780470, 26.39007450956357559, -17.97718223866235476 ) ) ;
#2990 = CARTESIAN_POINT ( 'NONE',  ( 9.396342007354087755, 20.00000000000000000, 15.35000000000000675 ) ) ;
#2991 = ORIENTED_EDGE ( 'NONE', *, *, #8504, .T. ) ;
#2992 = VERTEX_POINT ( 'NONE', #4159 ) ;
#2993 = CARTESIAN_POINT ( 'NONE',  ( -3.499999999999996003, -18.54989030964873109, 13.45010969035122628 ) ) ;
#2994 = EDGE_CURVE ( 'NONE', #4499, #7397, #265, .T. ) ;
#2995 = EDGE_LOOP ( 'NONE', ( #2007, #8804, #7020, #9730, #6620, #9742, #1729, #6083 ) ) ;
#2996 = AXIS2_PLACEMENT_3D ( 'NONE', #549, #8228, #3667 ) ;
#2997 = DIRECTION ( 'NONE',  ( 0.7071067811865484609, -0.000000000000000000, 0.7071067811865465735 ) ) ;
#2998 = EDGE_CURVE ( 'NONE', #9291, #7166, #4059, .T. ) ;
#2999 = CARTESIAN_POINT ( 'NONE',  ( -24.10202963948017540, 25.11710675557187500, 13.27083329417804869 ) ) ;
#3000 = CARTESIAN_POINT ( 'NONE',  ( 11.99999999999995914, 20.00000000000000000, -20.99999999999999645 ) ) ;
#3001 = CARTESIAN_POINT ( 'NONE',  ( -8.794298492471739337, 41.68321379064190069, -19.49999999999999645 ) ) ;
#3002 = CARTESIAN_POINT ( 'NONE',  ( 0.000000000000000000, -11.55000000000000071, -17.39999999999999858 ) ) ;
#3003 = VECTOR ( 'NONE', #794, 1000.000000000000000 ) ;
#3004 = CIRCLE ( 'NONE', #1043, 8.250000000000001776 ) ;
#3005 = CARTESIAN_POINT ( 'NONE',  ( -18.21892336110602528, 42.76785478523053285, -19.99999999999999289 ) ) ;
#3006 = DIRECTION ( 'NONE',  ( 0.4226182617407047704, 0.9063077870366476052, 0.000000000000000000 ) ) ;
#3007 = ORIENTED_EDGE ( 'NONE', *, *, #7041, .T. ) ;
#3008 = ORIENTED_EDGE ( 'NONE', *, *, #9655, .F. ) ;
#3009 = CYLINDRICAL_SURFACE ( 'NONE', #1226, 2.000000000000000444 ) ;
#3010 = ORIENTED_EDGE ( 'NONE', *, *, #8090, .T. ) ;
#3011 = LINE ( 'NONE', #7624, #3187 ) ;
#3012 = AXIS2_PLACEMENT_3D ( 'NONE', #7347, #1820, #4891 ) ;
#3013 = CARTESIAN_POINT ( 'NONE',  ( 7.972039120126792611, 65.80773291660024427, 14.00000000000000000 ) ) ;
#3014 = CARTESIAN_POINT ( 'NONE',  ( 25.50000000000000355, 14.50000000000000000, 0.000000000000000000 ) ) ;
#3015 = CARTESIAN_POINT ( 'NONE',  ( -14.67157287525376752, 28.11543744278040435, 20.00000000000001066 ) ) ;
#3016 = CARTESIAN_POINT ( 'NONE',  ( 7.499999999999996447, -11.55000000000000071, 13.35000000000000497 ) ) ;
#3017 = CIRCLE ( 'NONE', #397, 1.999999999999999112 ) ;
#3018 = ORIENTED_EDGE ( 'NONE', *, *, #4452, .F. ) ;
#3019 = LINE ( 'NONE', #10060, #432 ) ;
#3020 = CARTESIAN_POINT ( 'NONE',  ( 2.662800535624400862E-15, 14.50000000000000000, 15.35000000000000853 ) ) ;
#3021 = VECTOR ( 'NONE', #8138, 1000.000000000000114 ) ;
#3022 = VECTOR ( 'NONE', #4125, 1000.000000000000000 ) ;
#3023 = ADVANCED_FACE ( 'NONE', ( #8110 ), #1017, .F. ) ;
#3024 = CARTESIAN_POINT ( 'NONE',  ( -23.58097595831866755, 28.77715600029435095, 13.91902404168131291 ) ) ;
#3025 = FACE_BOUND ( 'NONE', #2941, .T. ) ;
#3026 = ADVANCED_FACE ( 'NONE', ( #306 ), #5794, .F. ) ;
#3027 = DIRECTION ( 'NONE',  ( -1.000000000000000000, 0.000000000000000000, 0.000000000000000000 ) ) ;
#3028 = ORIENTED_EDGE ( 'NONE', *, *, #150, .F. ) ;
#3029 = CARTESIAN_POINT ( 'NONE',  ( 11.58578643762694327, 19.00000000000000355, 22.00000000000000000 ) ) ;
#3030 = AXIS2_PLACEMENT_3D ( 'NONE', #8697, #6226, #1673 ) ;
#3031 = AXIS2_PLACEMENT_3D ( 'NONE', #9351, #937, #4719 ) ;
#3032 = VERTEX_POINT ( 'NONE', #5130 ) ;
#3033 = ORIENTED_EDGE ( 'NONE', *, *, #7509, .F. ) ;
#3034 = CARTESIAN_POINT ( 'NONE',  ( 25.50000000000000355, -11.55000000000000071, 0.000000000000000000 ) ) ;
#3036 = DIRECTION ( 'NONE',  ( -0.4226182617407038267, -0.9063077870366481603, 3.925231146709403404E-17 ) ) ;
#3035 = AXIS2_PLACEMENT_3D ( 'NONE', #6938, #1303, #540 ) ;
#3037 = CARTESIAN_POINT ( 'NONE',  ( 2.667009975640415753, 13.97952922033211465, -7.835219895243980659 ) ) ;
#3038 = AXIS2_PLACEMENT_3D ( 'NONE', #7609, #1417, #4533 ) ;
#3039 = ADVANCED_FACE ( 'NONE', ( #2066 ), #417, .F. ) ;
#3040 = DIRECTION ( 'NONE',  ( 0.000000000000000000, 0.000000000000000000, -1.000000000000000000 ) ) ;
#3041 = CARTESIAN_POINT ( 'NONE',  ( 0.1368756844060473044, 75.03338812035599403, -21.99999999999999289 ) ) ;
#3042 = CIRCLE ( 'NONE', #8783, 1.000000000000000888 ) ;
#3043 = ORIENTED_EDGE ( 'NONE', *, *, #2471, .T. ) ;
#3044 = EDGE_LOOP ( 'NONE', ( #3413, #6998, #1821, #2937 ) ) ;
#3045 = CARTESIAN_POINT ( 'NONE',  ( -2.793356807453335477, 75.84808901196598185, -19.49999999999999645 ) ) ;
#3046 = VERTEX_POINT ( 'NONE', #6664 ) ;
#3047 = VECTOR ( 'NONE', #1385, 1000.000000000000000 ) ;
#3048 = CARTESIAN_POINT ( 'NONE',  ( -0.4078815274855709383, 13.50000000000000355, 9.944886596461850914 ) ) ;
#3049 = CARTESIAN_POINT ( 'NONE',  ( 4.978471444372597254, 27.02152855562751554, 20.99999999999999645 ) ) ;
#3050 = DIRECTION ( 'NONE',  ( 0.000000000000000000, -0.000000000000000000, 1.000000000000000000 ) ) ;
#3051 = CARTESIAN_POINT ( 'NONE',  ( -14.67157287525379061, 30.11543744278038304, -20.00000000000000000 ) ) ;
#3052 = CARTESIAN_POINT ( 'NONE',  ( -22.51923051306275525, 27.42889459488446846, 13.95054695968423708 ) ) ;
#3053 = ADVANCED_FACE ( 'NONE', ( #8990 ), #3697, .T. ) ;
#3054 = CARTESIAN_POINT ( 'NONE',  ( 15.49999999999999467, 13.50000000000000000, -0.8999999999999962474 ) ) ;
#3055 = CARTESIAN_POINT ( 'NONE',  ( -2.500000000000006661, 13.50000000000000000, -10.00000000000000000 ) ) ;
#3056 = EDGE_CURVE ( 'NONE', #3551, #4646, #575, .T. ) ;
#3057 = LINE ( 'NONE', #9124, #8913 ) ;
#3058 = ORIENTED_EDGE ( 'NONE', *, *, #6047, .F. ) ;
#3059 = VERTEX_POINT ( 'NONE', #3638 ) ;
#3060 = CARTESIAN_POINT ( 'NONE',  ( -7.895404864655507282, 31.12295316792275912, 5.000000000000000888 ) ) ;
#3061 = EDGE_LOOP ( 'NONE', ( #9715, #1713, #3302, #3660 ) ) ;
#3062 = DIRECTION ( 'NONE',  ( -1.000000000000000000, 0.000000000000000000, 1.734723475976807341E-16 ) ) ;
#3063 = CARTESIAN_POINT ( 'NONE',  ( -24.46729292940480605, 24.80471552023778159, -13.02577451778115147 ) ) ;
#3064 = CARTESIAN_POINT ( 'NONE',  ( 5.499999999999994671, 26.50000000000003553, -20.99999999999999645 ) ) ;
#3065 = CARTESIAN_POINT ( 'NONE',  ( 5.661839678281081589, 25.34294920921762895, 14.13814125108271114 ) ) ;
#3066 = EDGE_CURVE ( 'NONE', #6692, #542, #3582, .T. ) ;
#3067 = CARTESIAN_POINT ( 'NONE',  ( 2.713534753479607708, 27.87225168414743237, 22.00000000000000000 ) ) ;
#3068 = EDGE_LOOP ( 'NONE', ( #9359, #5785, #2071, #6707, #3957, #9073, #5499, #9148 ) ) ;
#3069 = CARTESIAN_POINT ( 'NONE',  ( -5.499999999999996447, -1.849451624525059794E-15, -15.49999999999995204 ) ) ;
#3070 = ORIENTED_EDGE ( 'NONE', *, *, #8434, .T. ) ;
#3071 = EDGE_CURVE ( 'NONE', #3516, #9513, #9813, .T. ) ;
#3072 = CARTESIAN_POINT ( 'NONE',  ( 25.01819681761498160, 52.67310282110643271, 1.255262969126037241E-15 ) ) ;
#3073 = ADVANCED_FACE ( 'NONE', ( #5077 ), #2819, .T. ) ;
#3074 = CARTESIAN_POINT ( 'NONE',  ( 3.008659104022688879, 33.86791587487892485, -16.17157287525382259 ) ) ;
#3075 = EDGE_CURVE ( 'NONE', #7382, #7920, #8674, .T. ) ;
#3076 = SURFACE_STYLE_FILL_AREA ( #3842 ) ;
#3077 = CYLINDRICAL_SURFACE ( 'NONE', #4613, 1.999999999999999778 ) ;
#3078 = VERTEX_POINT ( 'NONE', #9143 ) ;
#3079 = CARTESIAN_POINT ( 'NONE',  ( -1.500000000000007772, -16.49999999999997868, 15.49999999999998224 ) ) ;
#3080 = ORIENTED_EDGE ( 'NONE', *, *, #4873, .T. ) ;
#3081 = EDGE_CURVE ( 'NONE', #3451, #5962, #1337, .T. ) ;
#3082 = FACE_OUTER_BOUND ( 'NONE', #7499, .T. ) ;
#3083 = CARTESIAN_POINT ( 'NONE',  ( -21.37970166823847151, 27.78310471049766051, 14.39593555052857710 ) ) ;
#3084 = CARTESIAN_POINT ( 'NONE',  ( -24.24427014478998288, 29.30003367355108779, -12.38550111133287679 ) ) ;
#3085 = FACE_OUTER_BOUND ( 'NONE', #7739, .T. ) ;
#3086 = CARTESIAN_POINT ( 'NONE',  ( 7.579987362420398232E-16, 24.55000000000000071, -10.05000000000000071 ) ) ;
#3087 = DIRECTION ( 'NONE',  ( -0.000000000000000000, 0.7071067811865486830, -0.7071067811865464625 ) ) ;
#3088 = EDGE_CURVE ( 'NONE', #7264, #1136, #7068, .T. ) ;
#3089 = VERTEX_POINT ( 'NONE', #1392 ) ;
#3090 = ORIENTED_EDGE ( 'NONE', *, *, #2560, .F. ) ;
#3091 = DIRECTION ( 'NONE',  ( -0.4226182617407046593, -0.9063077870366476052, 0.000000000000000000 ) ) ;
#3092 = ORIENTED_EDGE ( 'NONE', *, *, #4262, .F. ) ;
#3093 = CARTESIAN_POINT ( 'NONE',  ( -8.794298492471739337, 41.68321379064190069, 19.49999999999999645 ) ) ;
#3094 = CARTESIAN_POINT ( 'NONE',  ( 3.499999999999993339, 13.50000000000000000, -5.000000000000000000 ) ) ;
#3095 = CARTESIAN_POINT ( 'NONE',  ( -23.34537558255509992, 26.42164794845063014, -13.49243384305089677 ) ) ;
#3096 = EDGE_CURVE ( 'NONE', #2623, #6091, #6614, .T. ) ;
#3097 = LINE ( 'NONE', #4636, #1195 ) ;
#3098 = CARTESIAN_POINT ( 'NONE',  ( -22.14815336617652619, 27.49608265157501208, -14.05221808404837347 ) ) ;
#3099 = CARTESIAN_POINT ( 'NONE',  ( -3.499999999999996003, -9.171572875253760415, -20.00000000000001066 ) ) ;
#3100 = CARTESIAN_POINT ( 'NONE',  ( -2.316721812717634776, 76.72705753962050323, 19.12348461046488168 ) ) ;
#3101 = FACE_OUTER_BOUND ( 'NONE', #11, .T. ) ;
#3102 = ORIENTED_EDGE ( 'NONE', *, *, #181, .F. ) ;
#3103 = EDGE_LOOP ( 'NONE', ( #6249, #8236, #3758, #7656 ) ) ;
#3104 = CARTESIAN_POINT ( 'NONE',  ( -3.499999999999996003, -19.41421356237309581, -12.58578643762687577 ) ) ;
#3105 = ORIENTED_EDGE ( 'NONE', *, *, #7659, .T. ) ;
#3106 = FACE_OUTER_BOUND ( 'NONE', #7683, .T. ) ;
#3107 = AXIS2_PLACEMENT_3D ( 'NONE', #4065, #4936, #1096 ) ;
#3108 = DIRECTION ( 'NONE',  ( -0.000000000000000000, -0.000000000000000000, 1.000000000000000000 ) ) ;
#3109 = DIRECTION ( 'NONE',  ( 0.000000000000000000, 1.000000000000000000, 0.000000000000000000 ) ) ;
#3110 = DIRECTION ( 'NONE',  ( -0.9063077870366479383, 0.4226182617407037712, -0.000000000000000000 ) ) ;
#3111 = DIRECTION ( 'NONE',  ( -0.4226182617407028275, -0.9063077870366484934, 0.000000000000000000 ) ) ;
#3112 = ORIENTED_EDGE ( 'NONE', *, *, #6982, .T. ) ;
#3113 = ORIENTED_EDGE ( 'NONE', *, *, #6497, .T. ) ;
#3114 = DIRECTION ( 'NONE',  ( 0.000000000000000000, -1.193194596467783669E-16, -1.000000000000000000 ) ) ;
#3115 = ORIENTED_EDGE ( 'NONE', *, *, #6291, .T. ) ;
#3116 = DIRECTION ( 'NONE',  ( 0.000000000000000000, 0.000000000000000000, 1.000000000000000000 ) ) ;
#3117 = EDGE_CURVE ( 'NONE', #2764, #986, #6869, .T. ) ;
#3118 = FACE_OUTER_BOUND ( 'NONE', #9404, .T. ) ;
#3119 = AXIS2_PLACEMENT_3D ( 'NONE', #2831, #9203, #9253 ) ;
#3120 = EDGE_CURVE ( 'NONE', #1484, #106, #5752, .T. ) ;
#3121 = LINE ( 'NONE', #2312, #2161 ) ;
#3122 = DIRECTION ( 'NONE',  ( -1.000000000000000000, 0.000000000000000000, -0.000000000000000000 ) ) ;
#3123 = DIRECTION ( 'NONE',  ( 0.000000000000000000, 0.000000000000000000, -1.000000000000000000 ) ) ;
#3124 = ORIENTED_EDGE ( 'NONE', *, *, #1074, .T. ) ;
#3125 = ORIENTED_EDGE ( 'NONE', *, *, #5694, .F. ) ;
#3126 = EDGE_CURVE ( 'NONE', #5874, #10047, #2976, .T. ) ;
#3127 = CARTESIAN_POINT ( 'NONE',  ( 7.499999999999992895, -14.50000000000000000, -17.64999999999999503 ) ) ;
#3128 = VECTOR ( 'NONE', #5579, 1000.000000000000000 ) ;
#3129 = VERTEX_POINT ( 'NONE', #7640 ) ;
#3130 = ORIENTED_EDGE ( 'NONE', *, *, #2935, .F. ) ;
#3131 = LINE ( 'NONE', #6360, #5977 ) ;
#3132 = DIRECTION ( 'NONE',  ( -0.4226182617407066577, -0.9063077870366466060, 0.000000000000000000 ) ) ;
#3133 = DIRECTION ( 'NONE',  ( 1.000000000000000000, -0.000000000000000000, 0.000000000000000000 ) ) ;
#3134 = CARTESIAN_POINT ( 'NONE',  ( 4.367452763847087915, 27.47063175849381977, -21.48171722830644015 ) ) ;
#3135 = CARTESIAN_POINT ( 'NONE',  ( 8.914213562373095812, 23.08578643762689708, -20.64999999999999503 ) ) ;
#3136 = AXIS2_PLACEMENT_3D ( 'NONE', #1185, #3536, #6716 ) ;
#3137 = VERTEX_POINT ( 'NONE', #2266 ) ;
#3138 = ORIENTED_EDGE ( 'NONE', *, *, #7707, .F. ) ;
#3139 = DIRECTION ( 'NONE',  ( 0.5144957554275253475, 0.8574929257125448734, 0.000000000000000000 ) ) ;
#3140 = ORIENTED_EDGE ( 'NONE', *, *, #6881, .T. ) ;
#3141 = AXIS2_PLACEMENT_3D ( 'NONE', #5788, #1907, #3530 ) ;
#3142 = CARTESIAN_POINT ( 'NONE',  ( 6.076844468866807070, 25.92315553113329685, 16.19654074339574379 ) ) ;
#3143 = CARTESIAN_POINT ( 'NONE',  ( -25.50000000000000355, 25.76256233654431327, 11.64576390254799954 ) ) ;
#3144 = CIRCLE ( 'NONE', #5603, 1.000000000000000888 ) ;
#3145 = CARTESIAN_POINT ( 'NONE',  ( 3.499999999999991118, 26.50000000000000355, 5.000000000000004441 ) ) ;
#3146 = CARTESIAN_POINT ( 'NONE',  ( 5.499999999999994671, 26.50000000000000355, 15.43402153311997616 ) ) ;
#3147 = CARTESIAN_POINT ( 'NONE',  ( 16.04634200735406324, 19.58578643762690774, 22.00000000000000000 ) ) ;
#3148 = CARTESIAN_POINT ( 'NONE',  ( 3.499999999999994227, 26.08040538867671643, 13.35000000000000497 ) ) ;
#3149 = CARTESIAN_POINT ( 'NONE',  ( 0.8645947511801397312, 39.71487415185068670, -21.41421356237310292 ) ) ;
#3150 = AXIS2_PLACEMENT_3D ( 'NONE', #5274, #3686, #2917 ) ;
#3151 = FACE_OUTER_BOUND ( 'NONE', #9413, .T. ) ;
#3152 = ORIENTED_EDGE ( 'NONE', *, *, #4390, .T. ) ;
#3153 = ORIENTED_EDGE ( 'NONE', *, *, #563, .T. ) ;
#3154 = DIRECTION ( 'NONE',  ( 0.000000000000000000, 0.6342685675826026381, 0.7731127887809858823 ) ) ;
#3155 = ORIENTED_EDGE ( 'NONE', *, *, #3387, .F. ) ;
#3156 = EDGE_CURVE ( 'NONE', #1052, #1021, #7837, .T. ) ;
#3157 = CARTESIAN_POINT ( 'NONE',  ( -16.80172815234796957, 45.62452811444523348, 20.55007408015530856 ) ) ;
#3158 = CARTESIAN_POINT ( 'NONE',  ( -24.20311607202575388, 25.00683350994229315, -13.21346047977482385 ) ) ;
#3159 = VECTOR ( 'NONE', #8533, 1000.000000000000000 ) ;
#3160 = CARTESIAN_POINT ( 'NONE',  ( -24.22708019253991552, 29.34404018911001089, 12.26998894106168336 ) ) ;
#3161 = CYLINDRICAL_SURFACE ( 'NONE', #9551, 0.9749999999999984235 ) ;
#3162 = EDGE_CURVE ( 'NONE', #5847, #9841, #9399, .T. ) ;
#3163 = CARTESIAN_POINT ( 'NONE',  ( 8.328427124746188071, 22.54999999999999716, -8.050000000000004263 ) ) ;
#3164 = ORIENTED_EDGE ( 'NONE', *, *, #1261, .T. ) ;
#3165 = ORIENTED_EDGE ( 'NONE', *, *, #1552, .T. ) ;
#3166 = CARTESIAN_POINT ( 'NONE',  ( 26.65081054549206385, 57.15284765199617567, -16.99999999999999645 ) ) ;
#3167 = EDGE_LOOP ( 'NONE', ( #8321, #4894, #8659, #8826 ) ) ;
#3168 = VECTOR ( 'NONE', #3378, 1000.000000000000114 ) ;
#3169 = LINE ( 'NONE', #7882, #1413 ) ;
#3170 = LINE ( 'NONE', #4044, #980 ) ;
#3171 = DIRECTION ( 'NONE',  ( -1.734723475976807341E-16, 0.000000000000000000, -1.000000000000000000 ) ) ;
#3172 = VECTOR ( 'NONE', #4817, 1000.000000000000000 ) ;
#3173 = CARTESIAN_POINT ( 'NONE',  ( 0.000000000000000000, 19.00000000000000355, 22.00000000000000000 ) ) ;
#3174 = EDGE_CURVE ( 'NONE', #1684, #1491, #9344, .T. ) ;
#3175 = CARTESIAN_POINT ( 'NONE',  ( -19.16120031852073424, 35.76687038987257949, 15.51037255673304927 ) ) ;
#3176 = ORIENTED_EDGE ( 'NONE', *, *, #2506, .F. ) ;
#3177 = ORIENTED_EDGE ( 'NONE', *, *, #6701, .F. ) ;
#3178 = DIRECTION ( 'NONE',  ( -8.379335841787855282E-17, 1.000000000000000000, -5.240644648776856027E-16 ) ) ;
#3179 = EDGE_CURVE ( 'NONE', #277, #10170, #9244, .T. ) ;
#3180 = VERTEX_POINT ( 'NONE', #7794 ) ;
#3181 = VERTEX_POINT ( 'NONE', #2411 ) ;
#3182 = DIRECTION ( 'NONE',  ( -0.4226182617407038267, -0.9063077870366479383, 0.000000000000000000 ) ) ;
#3183 = DIRECTION ( 'NONE',  ( 0.9063077870366480493, -0.4226182617407038267, -0.000000000000000000 ) ) ;
#3184 = CARTESIAN_POINT ( 'NONE',  ( 3.323017859701431931, 15.05096128872149741, -6.374965387394046168 ) ) ;
#3185 = DIRECTION ( 'NONE',  ( -1.000000000000000000, 0.000000000000000000, 0.000000000000000000 ) ) ;
#3186 = CIRCLE ( 'NONE', #742, 1.000000000000001776 ) ;
#3187 = VECTOR ( 'NONE', #4647, 1000.000000000000000 ) ;
#3188 = DIRECTION ( 'NONE',  ( 0.000000000000000000, 0.000000000000000000, -1.000000000000000000 ) ) ;
#3189 = B_SPLINE_CURVE_WITH_KNOTS ( 'NONE', 3,
 ( #7821, #10147, #5517, #3922, #3975, #9374 ),
 .UNSPECIFIED., .F., .F.,
 ( 4, 2, 4 ),
 ( 0.000000000000000000, 0.5000000000000004441, 1.000000000000000000 ),
 .UNSPECIFIED. ) ;
#3190 = ORIENTED_EDGE ( 'NONE', *, *, #6584, .T. ) ;
#3191 = ORIENTED_EDGE ( 'NONE', *, *, #3126, .F. ) ;
#3192 = CARTESIAN_POINT ( 'NONE',  ( -25.50000000000000355, -9.550000000000000711, 10.05000000000000249 ) ) ;
#3193 = VERTEX_POINT ( 'NONE', #8565 ) ;
#3194 = PLANE ( 'NONE',  #8772 ) ;
#3195 = AXIS2_PLACEMENT_3D ( 'NONE', #818, #2012, #4416 ) ;
#3196 = AXIS2_PLACEMENT_3D ( 'NONE', #4064, #2428, #989 ) ;
#3197 = ADVANCED_FACE ( 'NONE', ( #7682 ), #9297, .T. ) ;
#3198 = FACE_OUTER_BOUND ( 'NONE', #7603, .T. ) ;
#3199 = DIRECTION ( 'NONE',  ( 5.175581015019705616E-17, 1.109906930436752233E-16, 1.000000000000000000 ) ) ;
#3200 = CARTESIAN_POINT ( 'NONE',  ( -10.50087042905658663, 4.896636298362512463, -16.17157287525382259 ) ) ;
#3201 = EDGE_CURVE ( 'NONE', #2687, #3943, #3953, .T. ) ;
#3202 = LINE ( 'NONE', #10042, #1032 ) ;
#3203 = DIRECTION ( 'NONE',  ( 0.000000000000000000, -1.000000000000000000, 0.000000000000000000 ) ) ;
#3204 = CARTESIAN_POINT ( 'NONE',  ( -0.5000000000000063283, -7.549999999999999822, 10.05000000000000249 ) ) ;
#3205 = EDGE_CURVE ( 'NONE', #3554, #6208, #4517, .T. ) ;
#3206 = CIRCLE ( 'NONE', #6144, 2.000000000000001776 ) ;
#3207 = CARTESIAN_POINT ( 'NONE',  ( 2.081394951915171987, 36.61179464978658871, -13.99999999999999822 ) ) ;
#3208 = AXIS2_PLACEMENT_3D ( 'NONE', #3093, #7757, #7146 ) ;
#3209 = ORIENTED_EDGE ( 'NONE', *, *, #6562, .F. ) ;
#3210 = ORIENTED_EDGE ( 'NONE', *, *, #8662, .F. ) ;
#3211 = DIRECTION ( 'NONE',  ( 3.469446951953617344E-15, -1.000000000000000000, 0.000000000000000000 ) ) ;
#3212 = ORIENTED_EDGE ( 'NONE', *, *, #9398, .F. ) ;
#3213 = CARTESIAN_POINT ( 'NONE',  ( -1.500000000000008216, -14.50000000000000000, -22.00000000000000000 ) ) ;
#3214 = EDGE_CURVE ( 'NONE', #6382, #5369, #8618, .T. ) ;
#3215 = CARTESIAN_POINT ( 'NONE',  ( -24.11671737157176665, 28.83683255305508908, -13.29286239523795210 ) ) ;
#3216 = CARTESIAN_POINT ( 'NONE',  ( -24.09575650688466908, 28.82501240172137713, 13.29831088111441950 ) ) ;
#3217 = LINE ( 'NONE', #7929, #1682 ) ;
#3218 = CARTESIAN_POINT ( 'NONE',  ( 2.626155740732394328, 33.04763476519137555, -16.53756247357577891 ) ) ;
#3219 = ORIENTED_EDGE ( 'NONE', *, *, #2064, .F. ) ;
#3220 = ORIENTED_EDGE ( 'NONE', *, *, #4184, .F. ) ;
#3221 = CARTESIAN_POINT ( 'NONE',  ( 14.83245263440451112, 63.95652609376350739, -16.17157287525383680 ) ) ;
#3222 = ORIENTED_EDGE ( 'NONE', *, *, #2998, .T. ) ;
#3223 = CARTESIAN_POINT ( 'NONE',  ( 5.499999999999992895, 11.55000000000000071, -5.612340657572015586E-16 ) ) ;
#3224 = CARTESIAN_POINT ( 'NONE',  ( -3.155889342772980832, 75.07063548141572085, -20.12092435002611168 ) ) ;
#3225 = DIRECTION ( 'NONE',  ( -0.7071067811865437980, 0.7071067811865513475, 0.000000000000000000 ) ) ;
#3226 = EDGE_CURVE ( 'NONE', #7292, #8249, #7071, .T. ) ;
#3227 = DIRECTION ( 'NONE',  ( 0.000000000000000000, -0.000000000000000000, -1.000000000000000000 ) ) ;
#3228 = DIRECTION ( 'NONE',  ( 0.000000000000000000, 1.000000000000000000, 0.000000000000000000 ) ) ;
#3229 = ORIENTED_EDGE ( 'NONE', *, *, #8868, .F. ) ;
#3230 = EDGE_LOOP ( 'NONE', ( #7127, #3585, #1042, #5786, #8333, #8072 ) ) ;
#3231 = DIRECTION ( 'NONE',  ( 0.000000000000000000, 0.000000000000000000, -1.000000000000000000 ) ) ;
#3232 = VERTEX_POINT ( 'NONE', #46 ) ;
#3233 = CYLINDRICAL_SURFACE ( 'NONE', #5121, 10.24999999999999645 ) ;
#3234 = CARTESIAN_POINT ( 'NONE',  ( -3.778378510380863808, -15.70732395773157641, 14.48212225271587705 ) ) ;
#3235 = CARTESIAN_POINT ( 'NONE',  ( 3.482802331640357796, 16.31148859338433610, -5.487844962849470321 ) ) ;
#3236 = CARTESIAN_POINT ( 'NONE',  ( -23.20280625724034351, 26.69508159778989409, 13.52837853046660221 ) ) ;
#3237 =( BOUNDED_CURVE ( )  B_SPLINE_CURVE ( 3, ( #9117, #4576, #7699, #5203 ),
 .UNSPECIFIED., .F., .T. ) 
 B_SPLINE_CURVE_WITH_KNOTS ( ( 4, 4 ),
 ( 3.802194390030092297, 4.671430278285598092 ),
 .UNSPECIFIED. ) 
 CURVE ( )  GEOMETRIC_REPRESENTATION_ITEM ( )  RATIONAL_B_SPLINE_CURVE ( ( 1.000000000000000000, 0.9380206522849864337, 0.9380206522849864337, 1.000000000000000000 ) ) 
 REPRESENTATION_ITEM ( '' )  );
#3238 = CARTESIAN_POINT ( 'NONE',  ( -21.61153325962445493, 27.70565228741767427, -14.28001980781465008 ) ) ;
#3239 = VERTEX_POINT ( 'NONE', #6974 ) ;
#3240 = EDGE_LOOP ( 'NONE', ( #8388, #1798, #9498, #9289, #1112, #7185 ) ) ;
#3241 = CARTESIAN_POINT ( 'NONE',  ( -0.003228365421048435668, 34.06199999382995003, -22.00000000000000000 ) ) ;
#3242 = ORIENTED_EDGE ( 'NONE', *, *, #5590, .F. ) ;
#3243 = FACE_OUTER_BOUND ( 'NONE', #944, .T. ) ;
#3244 = ADVANCED_FACE ( 'NONE', ( #10165 ), #3077, .T. ) ;
#3245 = FACE_OUTER_BOUND ( 'NONE', #2267, .T. ) ;
#3246 = CARTESIAN_POINT ( 'NONE',  ( -25.16112697354196825, 27.24382200156756895, -11.49244123442877274 ) ) ;
#3247 = CARTESIAN_POINT ( 'NONE',  ( -23.24237810531852233, 26.62358205526432897, -13.51419175301756503 ) ) ;
#3248 = EDGE_CURVE ( 'NONE', #10100, #1273, #3893, .T. ) ;
#3249 = FACE_BOUND ( 'NONE', #8960, .T. ) ;
#3250 = DIRECTION ( 'NONE',  ( 0.7071067811865484609, 0.000000000000000000, 0.7071067811865465735 ) ) ;
#3251 = EDGE_CURVE ( 'NONE', #803, #4189, #2314, .T. ) ;
#3252 = DIRECTION ( 'NONE',  ( -0.4226182617407051034, -0.9063077870366473832, 0.000000000000000000 ) ) ;
#3253 = ORIENTED_EDGE ( 'NONE', *, *, #743, .T. ) ;
#3254 = ORIENTED_EDGE ( 'NONE', *, *, #5019, .T. ) ;
#3255 = EDGE_CURVE ( 'NONE', #131, #7839, #10067, .T. ) ;
#3256 = LINE ( 'NONE', #4796, #2695 ) ;
#3257 = ORIENTED_EDGE ( 'NONE', *, *, #4892, .F. ) ;
#3258 = CARTESIAN_POINT ( 'NONE',  ( 7.579987362420398232E-16, -9.550000000000000711, -10.05000000000000071 ) ) ;
#3259 = CARTESIAN_POINT ( 'NONE',  ( 7.993170033222439130, 65.85304830597054604, 14.99999999999999822 ) ) ;
#3260 = CARTESIAN_POINT ( 'NONE',  ( -22.71629261286150125, 27.39001814001279200, 13.88499447053085056 ) ) ;
#3261 = LINE ( 'NONE', #9381, #5439 ) ;
#3262 = ADVANCED_FACE ( 'NONE', ( #5535, #5482, #8775, #8825 ), #973, .T. ) ;
#3263 = DIRECTION ( 'NONE',  ( 0.000000000000000000, 0.000000000000000000, -1.000000000000000000 ) ) ;
#3264 = ORIENTED_EDGE ( 'NONE', *, *, #7669, .T. ) ;
#3265 = ORIENTED_EDGE ( 'NONE', *, *, #4316, .F. ) ;
#3266 = FACE_OUTER_BOUND ( 'NONE', #8620, .T. ) ;
#3267 = VERTEX_POINT ( 'NONE', #7174 ) ;
#3268 = CARTESIAN_POINT ( 'NONE',  ( 2.989911769631496963, 32.21886973618971695, 76.26183934523054120 ) ) ;
#3269 = CARTESIAN_POINT ( 'NONE',  ( -0.7694321026320679602, 75.45600638209357669, 21.99999999999999289 ) ) ;
#3270 = AXIS2_PLACEMENT_3D ( 'NONE', #5955, #4420, #9874 ) ;
#3271 = DIRECTION ( 'NONE',  ( 0.4226182617407037712, 0.9063077870366480493, -0.000000000000000000 ) ) ;
#3272 = CARTESIAN_POINT ( 'NONE',  ( -25.57485699811205038, 26.38148615373252426, 11.37112702405600473 ) ) ;
#3273 = VERTEX_POINT ( 'NONE', #6453 ) ;
#3274 = EDGE_LOOP ( 'NONE', ( #1612, #3772, #3028 ) ) ;
#3275 = CARTESIAN_POINT ( 'NONE',  ( -3.499999999999996003, 28.11543744278040435, 20.00000000000001066 ) ) ;
#3276 = ORIENTED_EDGE ( 'NONE', *, *, #4660, .F. ) ;
#3277 = CARTESIAN_POINT ( 'NONE',  ( 2.967342048983899083, 34.37660485757720608, 17.17881083373153217 ) ) ;
#3278 = AXIS2_PLACEMENT_3D ( 'NONE', #3069, #1536, #3114 ) ;
#3279 = DIRECTION ( 'NONE',  ( -0.4226182617407028830, -0.9063077870366483824, 0.000000000000000000 ) ) ;
#3280 = ADVANCED_FACE ( 'NONE', ( #2511 ), #1695, .T. ) ;
#3281 = CARTESIAN_POINT ( 'NONE',  ( -3.616352148092683905, -15.01600387494113953, -14.82777888177532866 ) ) ;
#3282 = CARTESIAN_POINT ( 'NONE',  ( 6.106950325652798384, 25.89304967434801341, -18.19271754974405653 ) ) ;
#3283 = CARTESIAN_POINT ( 'NONE',  ( -19.17157287525384390, 28.11543744278039725, -15.49999999999995737 ) ) ;
#3284 = EDGE_CURVE ( 'NONE', #9110, #4123, #1511, .T. ) ;
#3285 = ORIENTED_EDGE ( 'NONE', *, *, #684, .T. ) ;
#3286 = ORIENTED_EDGE ( 'NONE', *, *, #7780, .T. ) ;
#3287 = CARTESIAN_POINT ( 'NONE',  ( -0.003228365421068257052, 34.06199999382999266, 22.00000000000000000 ) ) ;
#3288 = EDGE_LOOP ( 'NONE', ( #9716, #2355, #3909, #1959 ) ) ;
#3289 = LINE ( 'NONE', #9719, #9934 ) ;
#3290 = CIRCLE ( 'NONE', #7224, 2.000000000000000000 ) ;
#3291 = CARTESIAN_POINT ( 'NONE',  ( -2.582047676570107697, 76.30124290551191280, -18.57669073438553298 ) ) ;
#3292 =( BOUNDED_SURFACE ( )  B_SPLINE_SURFACE ( 3, 2, ( 
 ( #9092, #9861, #7483 ),
 ( #9190, #7529, #7583 ),
 ( #1390, #2816, #5995 ),
 ( #9811, #8407, #2163 ) ),
 .UNSPECIFIED., .F., .F., .T. ) 
 B_SPLINE_SURFACE_WITH_KNOTS ( ( 4, 4 ),
 ( 3, 3 ),
 ( 0.004278145048568327002, 0.004651344721950638993 ),
 ( 0.000000000000000000, 0.3971526717189878264 ),
 .UNSPECIFIED. ) 
 GEOMETRIC_REPRESENTATION_ITEM ( )  RATIONAL_B_SPLINE_SURFACE ( (
 ( 1.000000000000000000, 0.9221656363329756578, 0.9061555236297633709),
 ( 1.000000000000000000, 0.9269075573478837704, 0.9118728324592773049),
 ( 1.000000000000000000, 0.9315618000845919955, 0.9174844280572690414),
 ( 1.000000000000000000, 0.9360710200128107283, 0.9229211704299853380) ) ) 
 REPRESENTATION_ITEM ( '' )  SURFACE ( )  );
#3293 = CARTESIAN_POINT ( 'NONE',  ( -3.499999999999996003, -17.49999999999997513, 13.91165832525016732 ) ) ;
#3294 = DIRECTION ( 'NONE',  ( 0.000000000000000000, 0.000000000000000000, 1.000000000000000000 ) ) ;
#3295 = CIRCLE ( 'NONE', #4606, 2.000000000000000000 ) ;
#3296 = CARTESIAN_POINT ( 'NONE',  ( 6.673368973308710039, 23.32483492863639185, -18.64999999999999147 ) ) ;
#3297 = CARTESIAN_POINT ( 'NONE',  ( -22.71629261286332380, 27.39001814001283819, -13.88499447053050773 ) ) ;
#3298 = LINE ( 'NONE', #8746, #7108 ) ;
#3299 = ADVANCED_FACE ( 'NONE', ( #4916 ), #5178, .T. ) ;
#3300 = AXIS2_PLACEMENT_3D ( 'NONE', #603, #3723, #6066 ) ;
#3301 = ORIENTED_EDGE ( 'NONE', *, *, #10027, .F. ) ;
#3302 = ORIENTED_EDGE ( 'NONE', *, *, #6124, .F. ) ;
#3303 = CARTESIAN_POINT ( 'NONE',  ( -21.99999999999999645, 26.11543744278039725, 15.49999999999997868 ) ) ;
#3304 = EDGE_LOOP ( 'NONE', ( #8071, #1274 ) ) ;
#3305 = EDGE_CURVE ( 'NONE', #4381, #7478, #6762, .T. ) ;
#3306 = VECTOR ( 'NONE', #3843, 1000.000000000000000 ) ;
#3307 = CARTESIAN_POINT ( 'NONE',  ( -23.17157287525380838, 26.29507800053147903, -13.49999999999995559 ) ) ;
#3308 = DIRECTION ( 'NONE',  ( 0.000000000000000000, 0.000000000000000000, 1.000000000000000000 ) ) ;
#3309 = LINE ( 'NONE', #2694, #9393 ) ;
#3310 = DIRECTION ( 'NONE',  ( -0.9063077870366480493, 0.4226182617407038822, 0.000000000000000000 ) ) ;
#3311 = ORIENTED_EDGE ( 'NONE', *, *, #1252, .F. ) ;
#3312 = VERTEX_POINT ( 'NONE', #3470 ) ;
#3313 = SPHERICAL_SURFACE ( 'NONE', #2558, 2.000000000000000000 ) ;
#3314 = ORIENTED_EDGE ( 'NONE', *, *, #6499, .F. ) ;
#3315 = CARTESIAN_POINT ( 'NONE',  ( -0.5000000000000082157, -7.550000000000000711, -8.049999999999998934 ) ) ;
#3316 = AXIS2_PLACEMENT_3D ( 'NONE', #4053, #936, #4202 ) ;
#3317 = AXIS2_PLACEMENT_3D ( 'NONE', #5431, #9402, #2369 ) ;
#3318 = VECTOR ( 'NONE', #3653, 1000.000000000000000 ) ;
#3319 = FACE_OUTER_BOUND ( 'NONE', #6235, .T. ) ;
#3320 = EDGE_CURVE ( 'NONE', #591, #5446, #7525, .T. ) ;
#3321 = FACE_OUTER_BOUND ( 'NONE', #7133, .T. ) ;
#3322 = DIRECTION ( 'NONE',  ( 0.4226182617407055475, 0.9063077870366471611, 0.000000000000000000 ) ) ;
#3323 = AXIS2_PLACEMENT_3D ( 'NONE', #3931, #8814, #3111 ) ;
#3324 = CARTESIAN_POINT ( 'NONE',  ( -24.76238829836582056, 28.19841790639174661, 11.62964323227145158 ) ) ;
#3325 = VECTOR ( 'NONE', #4925, 1000.000000000000000 ) ;
#3326 = ORIENTED_EDGE ( 'NONE', *, *, #4761, .T. ) ;
#3327 = EDGE_CURVE ( 'NONE', #6186, #9101, #5991, .T. ) ;
#3328 = ORIENTED_EDGE ( 'NONE', *, *, #9339, .F. ) ;
#3329 = CARTESIAN_POINT ( 'NONE',  ( -15.49999999999998401, -9.171572875253760415, -22.00000000000000000 ) ) ;
#3330 = ORIENTED_EDGE ( 'NONE', *, *, #102, .F. ) ;
#3331 = DIRECTION ( 'NONE',  ( -1.000000000000000000, 0.000000000000000000, 0.000000000000000000 ) ) ;
#3332 = CARTESIAN_POINT ( 'NONE',  ( -3.499999999999995115, -17.38352141778076643, -13.96134002224650850 ) ) ;
#3333 = VECTOR ( 'NONE', #8969, 1000.000000000000000 ) ;
#3334 = CARTESIAN_POINT ( 'NONE',  ( -3.513287487384536778, -14.13191481776760661, -15.26982754516756025 ) ) ;
#3335 = EDGE_CURVE ( 'NONE', #9983, #6900, #2489, .T. ) ;
#3336 = CARTESIAN_POINT ( 'NONE',  ( 5.919758192184957579, 26.08024180781598389, -17.97152047843048805 ) ) ;
#3337 = B_SPLINE_CURVE_WITH_KNOTS ( 'NONE', 3,
 ( #7208, #180, #1108, #9586, #2548, #1833, #4955, #4183, #4228, #1008, #8968 ),
 .UNSPECIFIED., .F., .F.,
 ( 4, 1, 1, 1, 2, 2, 4 ),
 ( 0.000000000000000000, 0.2499999999999982236, 0.3750000000000014433, 0.4375000000000021094, 0.4687500000000014433, 0.5000000000000007772, 1.000000000000000000 ),
 .UNSPECIFIED. ) ;
#3338 = CARTESIAN_POINT ( 'NONE',  ( -20.46043415669978671, 28.01328993196893791, -14.85556935927697708 ) ) ;
#3339 = CARTESIAN_POINT ( 'NONE',  ( -25.00582533771057925, 27.60346193585969132, -11.52684902935729028 ) ) ;
#3340 = ORIENTED_EDGE ( 'NONE', *, *, #2806, .F. ) ;
#3341 = ORIENTED_EDGE ( 'NONE', *, *, #1214, .T. ) ;
#3342 = DIRECTION ( 'NONE',  ( -0.7071067811865484609, 0.000000000000000000, -0.7071067811865465735 ) ) ;
#3343 = VERTEX_POINT ( 'NONE', #8299 ) ;
#3344 = CARTESIAN_POINT ( 'NONE',  ( 7.499999999999996447, -11.55000000000000071, 14.35000000000000497 ) ) ;
#3345 = EDGE_CURVE ( 'NONE', #9816, #3998, #8718, .T. ) ;
#3346 = CARTESIAN_POINT ( 'NONE',  ( 16.64506820847780943, 63.11128957028211062, -16.17157287525382259 ) ) ;
#3347 = CARTESIAN_POINT ( 'NONE',  ( -3.525217747572906291, -17.18306264308651876, 14.03520082721807327 ) ) ;
#3348 = CARTESIAN_POINT ( 'NONE',  ( -23.81579749657214506, 28.52699465134393364, 13.68420250342783540 ) ) ;
#3349 = VECTOR ( 'NONE', #132, 1000.000000000000000 ) ;
#3350 = CYLINDRICAL_SURFACE ( 'NONE', #2182, 2.000000000000000444 ) ;
#3351 = CARTESIAN_POINT ( 'NONE',  ( -5.444657620620454885, 37.03553390593269512, -15.53553390593273420 ) ) ;
#3352 = EDGE_LOOP ( 'NONE', ( #7784, #8696, #1393, #2724, #7796 ) ) ;
#3353 = ORIENTED_EDGE ( 'NONE', *, *, #3535, .F. ) ;
#3354 = DIRECTION ( 'NONE',  ( -0.4226182617407037712, -0.9063077870366479383, -0.000000000000000000 ) ) ;
#3355 = AXIS2_PLACEMENT_3D ( 'NONE', #5963, #2279, #5393 ) ;
#3356 = VERTEX_POINT ( 'NONE', #8189 ) ;
#3357 = CIRCLE ( 'NONE', #5648, 3.000000000000001332 ) ;
#3358 = CARTESIAN_POINT ( 'NONE',  ( -21.99999999999032596, 26.95823887140450381, -13.49999999999995559 ) ) ;
#3359 =( BOUNDED_CURVE ( )  B_SPLINE_CURVE ( 3, ( #3767, #6896, #2038, #5258 ),
 .UNSPECIFIED., .F., .T. ) 
 B_SPLINE_CURVE_WITH_KNOTS ( ( 4, 4 ),
 ( 3.141592653589793116, 4.712388980384688786 ),
 .UNSPECIFIED. ) 
 CURVE ( )  GEOMETRIC_REPRESENTATION_ITEM ( )  RATIONAL_B_SPLINE_CURVE ( ( 1.000000000000000000, 0.8047378541243652705, 0.8047378541243652705, 1.000000000000000000 ) ) 
 REPRESENTATION_ITEM ( '' )  );
#3360 = CARTESIAN_POINT ( 'NONE',  ( -21.11115793138283081, 30.11547283853365187, 16.38884206861714432 ) ) ;
#3361 = ADVANCED_FACE ( 'NONE', ( #5118 ), #1281, .F. ) ;
#3362 = FACE_OUTER_BOUND ( 'NONE', #8950, .T. ) ;
#3363 = CARTESIAN_POINT ( 'NONE',  ( 5.464875808513132149, 26.58002534463613742, 14.41003561391230114 ) ) ;
#3364 = AXIS2_PLACEMENT_3D ( 'NONE', #7186, #4726, #7808 ) ;
#3365 = ADVANCED_FACE ( 'NONE', ( #4454 ), #1901, .T. ) ;
#3366 = VECTOR ( 'NONE', #1881, 1000.000000000000000 ) ;
#3367 = CARTESIAN_POINT ( 'NONE',  ( 0.000000000000000000, -14.50000000000000000, -17.39999999999999858 ) ) ;
#3368 = ORIENTED_EDGE ( 'NONE', *, *, #873, .F. ) ;
#3369 = ORIENTED_EDGE ( 'NONE', *, *, #2103, .T. ) ;
#3370 = FACE_BOUND ( 'NONE', #3946, .T. ) ;
#3371 = ORIENTED_EDGE ( 'NONE', *, *, #4915, .F. ) ;
#3372 = DIRECTION ( 'NONE',  ( 0.000000000000000000, 0.000000000000000000, -1.000000000000000000 ) ) ;
#3373 = EDGE_CURVE ( 'NONE', #9101, #3516, #2915, .T. ) ;
#3374 = DIRECTION ( 'NONE',  ( 0.000000000000000000, 0.000000000000000000, 1.000000000000000000 ) ) ;
#3375 = CARTESIAN_POINT ( 'NONE',  ( -21.40662358992669567, 27.77411038749414374, -14.38247459489021907 ) ) ;
#3376 = CARTESIAN_POINT ( 'NONE',  ( -2.279720836620344748, 76.76712344017360579, -19.50000000000054001 ) ) ;
#3377 = ADVANCED_FACE ( 'NONE', ( #5324 ), #4508, .T. ) ;
#3378 = DIRECTION ( 'NONE',  ( 0.6509445549041203982, -0.3905667329424710732, 0.6509445549041185108 ) ) ;
#3379 = DIRECTION ( 'NONE',  ( 0.000000000000000000, 1.000000000000000000, -0.000000000000000000 ) ) ;
#3380 = ORIENTED_EDGE ( 'NONE', *, *, #1387, .T. ) ;
#3381 = ORIENTED_EDGE ( 'NONE', *, *, #662, .T. ) ;
#3382 = EDGE_CURVE ( 'NONE', #2623, #8920, #4653, .T. ) ;
#3383 = CYLINDRICAL_SURFACE ( 'NONE', #7247, 2.000000000000000000 ) ;
#3384 = CARTESIAN_POINT ( 'NONE',  ( -2.500000000000006661, 24.55000000000000071, -10.05000000000000071 ) ) ;
#3385 = EDGE_CURVE ( 'NONE', #5186, #1796, #7722, .T. ) ;
#3386 = CARTESIAN_POINT ( 'NONE',  ( -3.766718056292788219, -15.66734393348000864, 14.50211256953795314 ) ) ;
#3387 = EDGE_CURVE ( 'NONE', #3451, #5237, #672, .T. ) ;
#3388 = CARTESIAN_POINT ( 'NONE',  ( -3.527558331856072371, -14.33333876786274708, -15.16911405005024527 ) ) ;
#3389 = CARTESIAN_POINT ( 'NONE',  ( 6.554276943294424562, 23.56301898866346534, -18.42312500807510389 ) ) ;
#3390 = DIRECTION ( 'NONE',  ( 1.000000000000000000, 0.000000000000000000, -8.673617379884029309E-17 ) ) ;
#3391 = CARTESIAN_POINT ( 'NONE',  ( -2.582047676570107697, 76.30124290551191280, 18.57669073438553298 ) ) ;
#3392 = ADVANCED_FACE ( 'NONE', ( #3833 ), #2303, .F. ) ;
#3393 = ORIENTED_EDGE ( 'NONE', *, *, #4502, .F. ) ;
#3394 = VERTEX_POINT ( 'NONE', #4549 ) ;
#3395 = DIRECTION ( 'NONE',  ( 0.000000000000000000, 0.000000000000000000, 1.000000000000000000 ) ) ;
#3396 = ORIENTED_EDGE ( 'NONE', *, *, #3630, .F. ) ;
#3397 = CARTESIAN_POINT ( 'NONE',  ( 25.50000000000000355, -14.50000000000000000, -17.39999999999999858 ) ) ;
#3398 = DIRECTION ( 'NONE',  ( -1.020425574104004122E-16, 0.000000000000000000, -1.000000000000000000 ) ) ;
#3399 = CARTESIAN_POINT ( 'NONE',  ( -25.22974492987994921, 27.07791032689773658, -11.47970364678913846 ) ) ;
#3400 = CARTESIAN_POINT ( 'NONE',  ( -22.00000000000000000, 27.52965100515482177, 14.08578643762821514 ) ) ;
#3401 = CARTESIAN_POINT ( 'NONE',  ( 13.81130231555455268, 46.58933988218685585, 0.000000000000000000 ) ) ;
#3402 = EDGE_CURVE ( 'NONE', #4755, #559, #9332, .T. ) ;
#3403 = FACE_OUTER_BOUND ( 'NONE', #2958, .T. ) ;
#3404 = ORIENTED_EDGE ( 'NONE', *, *, #4390, .F. ) ;
#3405 = EDGE_LOOP ( 'NONE', ( #6505, #8545, #8750, #5981, #8581, #52, #5011, #1775 ) ) ;
#3406 = CARTESIAN_POINT ( 'NONE',  ( 12.98068253580589904, 69.04422262568452595, -20.00000000000000355 ) ) ;
#3407 = EDGE_LOOP ( 'NONE', ( #4175, #9193, #9248, #3569 ) ) ;
#3408 = CARTESIAN_POINT ( 'NONE',  ( -24.47307571149560701, 28.79442100795600723, -11.89160617752605198 ) ) ;
#3409 = CARTESIAN_POINT ( 'NONE',  ( 25.50000000000000355, 11.55000000000000071, 0.000000000000000000 ) ) ;
#3410 = DIRECTION ( 'NONE',  ( 0.8574929257125448734, -0.5144957554275253475, -0.000000000000000000 ) ) ;
#3411 = DIRECTION ( 'NONE',  ( 1.000000000000000000, 0.000000000000000000, 0.000000000000000000 ) ) ;
#3412 = CARTESIAN_POINT ( 'NONE',  ( -24.22708019254001499, 29.34404018910981193, -12.26998894106162830 ) ) ;
#3413 = ORIENTED_EDGE ( 'NONE', *, *, #1307, .T. ) ;
#3414 = EDGE_LOOP ( 'NONE', ( #1889, #3921 ) ) ;
#3415 = DIRECTION ( 'NONE',  ( 0.4226182617407046038, 0.9063077870366477162, 0.000000000000000000 ) ) ;
#3416 = ORIENTED_EDGE ( 'NONE', *, *, #102, .T. ) ;
#3417 = CARTESIAN_POINT ( 'NONE',  ( 5.593801475244213783, 26.28628702708773801, -18.07500334487483329 ) ) ;
#3418 = DIRECTION ( 'NONE',  ( -0.4226182617407038267, -0.9063077870366479383, 0.000000000000000000 ) ) ;
#3419 = CARTESIAN_POINT ( 'NONE',  ( -22.71629261286152968, 27.39001814001278845, -13.88499447053082747 ) ) ;
#3420 = CARTESIAN_POINT ( 'NONE',  ( -2.500000000000003109, -9.550000000000000711, 8.630465054610992868E-16 ) ) ;
#3421 = CARTESIAN_POINT ( 'NONE',  ( -0.5000000000000065503, 22.55000000000000071, 8.050000000000000711 ) ) ;
#3422 = ORIENTED_EDGE ( 'NONE', *, *, #3817, .T. ) ;
#3423 = ORIENTED_EDGE ( 'NONE', *, *, #5023, .T. ) ;
#3424 = LINE ( 'NONE', #3627, #6149 ) ;
#3425 = EDGE_CURVE ( 'NONE', #7052, #9973, #2981, .T. ) ;
#3426 = DIRECTION ( 'NONE',  ( 0.9063077870366479383, -0.4226182617407037712, -0.000000000000000000 ) ) ;
#3427 = EDGE_CURVE ( 'NONE', #6951, #8469, #4802, .T. ) ;
#3428 = CARTESIAN_POINT ( 'NONE',  ( -3.622622087698460280, -16.80990842496809634, -14.14656964973930897 ) ) ;
#3429 = AXIS2_PLACEMENT_3D ( 'NONE', #8770, #9543, #1746 ) ;
#3430 = DIRECTION ( 'NONE',  ( 0.000000000000000000, 0.000000000000000000, -1.000000000000000000 ) ) ;
#3431 = DIRECTION ( 'NONE',  ( 0.000000000000000000, 0.000000000000000000, 1.000000000000000000 ) ) ;
#3432 = CARTESIAN_POINT ( 'NONE',  ( 15.09301507966612199, 45.99166740472661985, 0.000000000000000000 ) ) ;
#3433 = ORIENTED_EDGE ( 'NONE', *, *, #619, .T. ) ;
#3434 = LINE ( 'NONE', #6334, #5608 ) ;
#3435 = VECTOR ( 'NONE', #7258, 1000.000000000000000 ) ;
#3436 = EDGE_LOOP ( 'NONE', ( #3124, #5422, #9880, #10046 ) ) ;
#3437 = EDGE_LOOP ( 'NONE', ( #4288, #4133 ) ) ;
#3438 = CARTESIAN_POINT ( 'NONE',  ( -2.500000000000003109, -7.550000000000000711, -8.049999999999998934 ) ) ;
#3439 = ORIENTED_EDGE ( 'NONE', *, *, #2077, .T. ) ;
#3440 = CARTESIAN_POINT ( 'NONE',  ( -0.5000000000000065503, -7.549999999999999822, 8.050000000000000711 ) ) ;
#3441 = CARTESIAN_POINT ( 'NONE',  ( -2.582047676705358175, 76.30124290557496636, 19.99999999999998934 ) ) ;
#3442 = VECTOR ( 'NONE', #7040, 1000.000000000000000 ) ;
#3443 = FACE_OUTER_BOUND ( 'NONE', #6161, .T. ) ;
#3444 = CARTESIAN_POINT ( 'NONE',  ( 0.2636611630491688674, 75.30528045637318257, 19.49999999999999645 ) ) ;
#3445 = CARTESIAN_POINT ( 'NONE',  ( -24.22708019254001499, 29.34404018910981193, -12.26998894106162830 ) ) ;
#3446 = DIRECTION ( 'NONE',  ( 1.000000000000000000, 0.000000000000000000, -0.000000000000000000 ) ) ;
#3447 = ORIENTED_EDGE ( 'NONE', *, *, #7023, .F. ) ;
#3448 = ORIENTED_EDGE ( 'NONE', *, *, #8084, .F. ) ;
#3449 = CYLINDRICAL_SURFACE ( 'NONE', #5322, 1.000000000000000888 ) ;
#3450 = VECTOR ( 'NONE', #9294, 1000.000000000000114 ) ;
#3451 = VERTEX_POINT ( 'NONE', #3067 ) ;
#3452 = CARTESIAN_POINT ( 'NONE',  ( -23.34208645115327130, 26.42005430271043664, -13.49608998398212201 ) ) ;
#3453 = CARTESIAN_POINT ( 'NONE',  ( -3.499999999999996003, -13.67157287525384568, -15.49999999999995026 ) ) ;
#3454 = DIRECTION ( 'NONE',  ( 0.000000000000000000, 0.000000000000000000, 1.000000000000000000 ) ) ;
#3455 = DIRECTION ( 'NONE',  ( 0.3131456130149767869, 0.6715429342378175237, 0.6715429342378167465 ) ) ;
#3456 = CARTESIAN_POINT ( 'NONE',  ( 8.328427124746188071, 22.55000000000000071, 8.050000000000000711 ) ) ;
#3457 = B_SPLINE_CURVE_WITH_KNOTS ( 'NONE', 3,
 ( #2243, #8283, #2900, #8437, #10041, #6112 ),
 .UNSPECIFIED., .F., .F.,
 ( 4, 2, 4 ),
 ( 0.000000000000000000, 0.0003594973293868299492, 0.0007189946587736598983 ),
 .UNSPECIFIED. ) ;
#3458 = VECTOR ( 'NONE', #4557, 1000.000000000000000 ) ;
#3459 = ORIENTED_EDGE ( 'NONE', *, *, #9254, .F. ) ;
#3460 = ORIENTED_EDGE ( 'NONE', *, *, #6942, .F. ) ;
#3461 = DIRECTION ( 'NONE',  ( 0.9063077870366480493, -0.4226182617407037712, 0.000000000000000000 ) ) ;
#3462 = ORIENTED_EDGE ( 'NONE', *, *, #6437, .T. ) ;
#3463 = DIRECTION ( 'NONE',  ( -0.4226182617407038267, -0.9063077870366480493, -0.000000000000000000 ) ) ;
#3464 = CIRCLE ( 'NONE', #6753, 0.9749999999999984235 ) ;
#3465 = CARTESIAN_POINT ( 'NONE',  ( 15.49999999999999467, -14.50000000000000000, -9.149999999999998579 ) ) ;
#3466 = EDGE_CURVE ( 'NONE', #6382, #2448, #6184, .T. ) ;
#3467 = VECTOR ( 'NONE', #8284, 1000.000000000000114 ) ;
#3468 = CARTESIAN_POINT ( 'NONE',  ( -15.49999999999998579, 41.50000000000002132, -21.82035944224890045 ) ) ;
#3469 = CYLINDRICAL_SURFACE ( 'NONE', #844, 4.999999999999999112 ) ;
#3470 = CARTESIAN_POINT ( 'NONE',  ( 25.50000000000000355, 13.50000000000000000, 5.000000000000000000 ) ) ;
#3471 = ORIENTED_EDGE ( 'NONE', *, *, #7659, .F. ) ;
#3472 = ORIENTED_EDGE ( 'NONE', *, *, #929, .F. ) ;
#3473 = CIRCLE ( 'NONE', #6089, 15.24999999998179767 ) ;
#3474 = CARTESIAN_POINT ( 'NONE',  ( -15.49999999999998579, 41.50000000000002132, -21.82035944224890045 ) ) ;
#3475 = AXIS2_PLACEMENT_3D ( 'NONE', #5958, #8319, #4267 ) ;
#3476 = CARTESIAN_POINT ( 'NONE',  ( 3.008659104018865715, 33.86791587487073230, 16.43341946306926715 ) ) ;
#3477 = AXIS2_PLACEMENT_3D ( 'NONE', #2646, #7311, #2794 ) ;
#3478 = LINE ( 'NONE', #9657, #6233 ) ;
#3479 = EDGE_CURVE ( 'NONE', #9841, #2278, #9728, .T. ) ;
#3480 = VECTOR ( 'NONE', #10164, 1000.000000000000000 ) ;
#3481 = CARTESIAN_POINT ( 'NONE',  ( -3.499999999999996447, -17.86760501037113968, -13.75299248968125987 ) ) ;
#3482 = EDGE_CURVE ( 'NONE', #7920, #4499, #2155, .T. ) ;
#3483 = DIRECTION ( 'NONE',  ( -1.000000000000000000, -0.000000000000000000, -0.000000000000000000 ) ) ;
#3484 = EDGE_LOOP ( 'NONE', ( #8337, #7077, #9489, #4949 ) ) ;
#3485 = CARTESIAN_POINT ( 'NONE',  ( -22.98062153534765173, 27.22292147278555419, -13.73242329884301505 ) ) ;
#3486 = ORIENTED_EDGE ( 'NONE', *, *, #1974, .T. ) ;
#3487 = VERTEX_POINT ( 'NONE', #8282 ) ;
#3488 = CARTESIAN_POINT ( 'NONE',  ( -25.50000000000000355, 26.50000000000000355, 11.99999999999998046 ) ) ;
#3489 = EDGE_LOOP ( 'NONE', ( #6043, #9641, #9686, #3658, #190 ) ) ;
#3490 = DIRECTION ( 'NONE',  ( 0.000000000000000000, -1.000000000000000000, 0.000000000000000000 ) ) ;
#3491 = FACE_OUTER_BOUND ( 'NONE', #9963, .T. ) ;
#3492 = CARTESIAN_POINT ( 'NONE',  ( -0.003228365421067622143, 34.06199999382999266, 22.00000000000000000 ) ) ;
#3493 = DIRECTION ( 'NONE',  ( 1.000000000000000000, 0.000000000000000000, 0.000000000000000000 ) ) ;
#3494 = CARTESIAN_POINT ( 'NONE',  ( 1.431090120538853983, 35.77041738509628743, -20.28940973438646012 ) ) ;
#3495 = PLANE ( 'NONE',  #3012 ) ;
#3496 = VECTOR ( 'NONE', #2833, 1000.000000000000000 ) ;
#3497 = ORIENTED_EDGE ( 'NONE', *, *, #5512, .F. ) ;
#3498 = VERTEX_POINT ( 'NONE', #3664 ) ;
#3499 = CARTESIAN_POINT ( 'NONE',  ( 8.328427124746188071, 22.55000000000000071, 8.050000000000000711 ) ) ;
#3500 = ORIENTED_EDGE ( 'NONE', *, *, #9884, .F. ) ;
#3501 = CARTESIAN_POINT ( 'NONE',  ( -23.32405891781586860, 26.41131962531425259, -13.51612907469371017 ) ) ;
#3502 = CIRCLE ( 'NONE', #897, 2.000000000000001776 ) ;
#3503 = EDGE_CURVE ( 'NONE', #6736, #1484, #7458, .T. ) ;
#3504 = AXIS2_PLACEMENT_3D ( 'NONE', #5714, #8856, #5004 ) ;
#3505 = CARTESIAN_POINT ( 'NONE',  ( 15.49999999999999467, 14.50000000000000000, -17.39999999999999858 ) ) ;
#3506 = CARTESIAN_POINT ( 'NONE',  ( 5.499999999999991118, -11.55000000000000071, -18.64999999999999503 ) ) ;
#3507 = LINE ( 'NONE', #8967, #158 ) ;
#3508 = CARTESIAN_POINT ( 'NONE',  ( -0.5000000000000065503, 22.55000000000000071, 10.04999999999999716 ) ) ;
#3509 = CIRCLE ( 'NONE', #2058, 0.7999999999999904965 ) ;
#3510 = DIRECTION ( 'NONE',  ( -1.000000000000000000, -0.000000000000000000, -0.000000000000000000 ) ) ;
#3511 = CIRCLE ( 'NONE', #7939, 1.000000000000000000 ) ;
#3512 = ORIENTED_EDGE ( 'NONE', *, *, #10096, .F. ) ;
#3513 = EDGE_LOOP ( 'NONE', ( #176, #6025, #7437, #34, #7302, #8670 ) ) ;
#3514 = EDGE_CURVE ( 'NONE', #6255, #3671, #2946, .T. ) ;
#3515 = FACE_OUTER_BOUND ( 'NONE', #2040, .T. ) ;
#3516 = VERTEX_POINT ( 'NONE', #9065 ) ;
#3517 = ORIENTED_EDGE ( 'NONE', *, *, #6760, .T. ) ;
#3518 = CARTESIAN_POINT ( 'NONE',  ( -0.5000000000000065503, 22.55000000000000071, 8.050000000000000711 ) ) ;
#3519 = AXIS2_PLACEMENT_3D ( 'NONE', #893, #8633, #3091 ) ;
#3520 = DIRECTION ( 'NONE',  ( 0.000000000000000000, 0.000000000000000000, -1.000000000000000000 ) ) ;
#3521 = CIRCLE ( 'NONE', #3038, 1.000000000000000888 ) ;
#3522 = CARTESIAN_POINT ( 'NONE',  ( -2.166666666666670515, -14.61438191683586929, 16.44280904158203782 ) ) ;
#3523 = CARTESIAN_POINT ( 'NONE',  ( -25.50000000000000355, -13.44038226543438697, -11.99999999999996447 ) ) ;
#3524 = CARTESIAN_POINT ( 'NONE',  ( -23.06523965176959123, 26.92718160734279564, 13.60071923519923764 ) ) ;
#3525 = ORIENTED_EDGE ( 'NONE', *, *, #6573, .F. ) ;
#3526 = ORIENTED_EDGE ( 'NONE', *, *, #3387, .T. ) ;
#3527 = CARTESIAN_POINT ( 'NONE',  ( -15.91596300169040568, 41.69396673319739222, -21.58403699830957834 ) ) ;
#3528 = VECTOR ( 'NONE', #7413, 1000.000000000000000 ) ;
#3529 = VECTOR ( 'NONE', #654, 1000.000000000000000 ) ;
#3530 = DIRECTION ( 'NONE',  ( 0.000000000000000000, 0.000000000000000000, -1.000000000000000000 ) ) ;
#3531 = AXIS2_PLACEMENT_3D ( 'NONE', #1950, #9137, #8933 ) ;
#3532 = ADVANCED_FACE ( 'NONE', ( #6798 ), #4278, .F. ) ;
#3533 = CARTESIAN_POINT ( 'NONE',  ( 7.570551771473125413, 64.94674051891543343, 14.00000000000000000 ) ) ;
#3534 = CARTESIAN_POINT ( 'NONE',  ( -14.23214521469162719, 44.21892336108612653, 19.49999999999999645 ) ) ;
#3535 = EDGE_CURVE ( 'NONE', #10170, #6445, #2849, .T. ) ;
#3536 = DIRECTION ( 'NONE',  ( 0.000000000000000000, 1.000000000000000000, 0.000000000000000000 ) ) ;
#3537 = VERTEX_POINT ( 'NONE', #1361 ) ;
#3538 = DIRECTION ( 'NONE',  ( 0.000000000000000000, 0.000000000000000000, 1.000000000000000000 ) ) ;
#3539 = ORIENTED_EDGE ( 'NONE', *, *, #3786, .F. ) ;
#3540 = ORIENTED_EDGE ( 'NONE', *, *, #5868, .F. ) ;
#3541 = DIRECTION ( 'NONE',  ( -0.000000000000000000, -1.000000000000000000, -0.000000000000000000 ) ) ;
#3542 = ORIENTED_EDGE ( 'NONE', *, *, #1842, .F. ) ;
#3543 = CARTESIAN_POINT ( 'NONE',  ( 7.570551771473125413, 64.94674051891543343, -14.00000000000000178 ) ) ;
#3544 = CARTESIAN_POINT ( 'NONE',  ( -17.34127593269161949, 44.64997576902379706, 19.99999999999999289 ) ) ;
#3545 = CARTESIAN_POINT ( 'NONE',  ( -22.00000000000001421, 26.11543744278039370, -13.49999999999995559 ) ) ;
#3546 = CARTESIAN_POINT ( 'NONE',  ( -1.546148178492195546, -15.78441423811481670, 16.21558576188515133 ) ) ;
#3547 = CARTESIAN_POINT ( 'NONE',  ( 0.3336919412184454203, 39.96243819787184037, -21.99999999999999289 ) ) ;
#3548 = B_SPLINE_CURVE_WITH_KNOTS ( 'NONE', 3,
 ( #5059, #4397, #9691, #8182 ),
 .UNSPECIFIED., .F., .F.,
 ( 4, 4 ),
 ( 0.000000000000000000, 1.000000000000000000 ),
 .UNSPECIFIED. ) ;
#3549 = CARTESIAN_POINT ( 'NONE',  ( -23.17157287525382259, -13.06467551690955986, -11.49999999999995204 ) ) ;
#3550 = EDGE_LOOP ( 'NONE', ( #4702, #5872, #10148, #7818, #8480 ) ) ;
#3551 = VERTEX_POINT ( 'NONE', #1210 ) ;
#3552 = DIRECTION ( 'NONE',  ( 0.4226182617407041042, 0.9063077870366478273, -8.673617379884050263E-16 ) ) ;
#3553 = EDGE_CURVE ( 'NONE', #4522, #9324, #6271, .T. ) ;
#3554 = VERTEX_POINT ( 'NONE', #3506 ) ;
#3555 = CARTESIAN_POINT ( 'NONE',  ( -22.71629261286159362, 27.39001814001271740, -13.88499447053076175 ) ) ;
#3556 = ADVANCED_FACE ( 'NONE', ( #6847 ), #3647, .T. ) ;
#3557 = DIRECTION ( 'NONE',  ( 0.000000000000000000, 0.000000000000000000, 1.000000000000000000 ) ) ;
#3558 = DIRECTION ( 'NONE',  ( -0.7071067811865462405, 0.000000000000000000, 0.7071067811865489050 ) ) ;
#3559 = CARTESIAN_POINT ( 'NONE',  ( -3.960054782725409783, -16.22384611913927444, -14.22386080160161903 ) ) ;
#3560 = EDGE_CURVE ( 'NONE', #2925, #79, #599, .T. ) ;
#3561 =( BOUNDED_CURVE ( )  B_SPLINE_CURVE ( 3, ( #6984, #5441, #7847, #3135 ),
 .UNSPECIFIED., .F., .T. ) 
 B_SPLINE_CURVE_WITH_KNOTS ( ( 4, 4 ),
 ( 0.5480284076203143506, 1.570796326794896558 ),
 .UNSPECIFIED. ) 
 CURVE ( )  GEOMETRIC_REPRESENTATION_ITEM ( )  RATIONAL_B_SPLINE_CURVE ( ( 1.000000000000000000, 0.9147120363182654756, 0.9147120363182654756, 1.000000000000000000 ) ) 
 REPRESENTATION_ITEM ( '' )  );
#3562 = ADVANCED_FACE ( 'NONE', ( #7506, #8173 ), #2088, .T. ) ;
#3563 = CARTESIAN_POINT ( 'NONE',  ( -16.56086121891152629, 46.32358052359267475, -19.99999999999999289 ) ) ;
#3564 = DIRECTION ( 'NONE',  ( -6.667740490394042038E-34, -1.429901562581164355E-33, 1.000000000000000000 ) ) ;
#3565 = VERTEX_POINT ( 'NONE', #6018 ) ;
#3566 = EDGE_LOOP ( 'NONE', ( #7849, #1231, #7199, #1220, #311, #7276 ) ) ;
#3567 = FACE_OUTER_BOUND ( 'NONE', #6537, .T. ) ;
#3568 = VERTEX_POINT ( 'NONE', #9790 ) ;
#3569 = ORIENTED_EDGE ( 'NONE', *, *, #960, .F. ) ;
#3570 = CARTESIAN_POINT ( 'NONE',  ( -4.262759557341363248, 39.57012248197151649, -13.99999999999999822 ) ) ;
#3571 = DIRECTION ( 'NONE',  ( 0.9063077870366479383, -0.4226182617407038267, -0.000000000000000000 ) ) ;
#3572 = CARTESIAN_POINT ( 'NONE',  ( -1.500000000000006883, 13.50000000000000000, 10.05000000000000249 ) ) ;
#3573 = CARTESIAN_POINT ( 'NONE',  ( -19.68694373737571368, 28.09889946937679994, -15.24230998875307108 ) ) ;
#3574 = DIRECTION ( 'NONE',  ( 8.673617379884060124E-16, 1.000000000000000000, 8.673617379884028570E-16 ) ) ;
#3575 = CARTESIAN_POINT ( 'NONE',  ( -24.02087343995222568, 25.08444067317235593, 13.36714927608630887 ) ) ;
#3576 = ORIENTED_EDGE ( 'NONE', *, *, #4319, .F. ) ;
#3577 = ORIENTED_EDGE ( 'NONE', *, *, #5215, .T. ) ;
#3578 = DIRECTION ( 'NONE',  ( 0.6509445549041189549, -0.3905667329424701850, -0.6509445549041206203 ) ) ;
#3579 = CARTESIAN_POINT ( 'NONE',  ( -25.50000000000000355, -13.99999999999997158, 11.32136381482857068 ) ) ;
#3580 = CARTESIAN_POINT ( 'NONE',  ( -14.67157287525380482, 28.11543744278039370, -20.00000000000000711 ) ) ;
#3581 = CARTESIAN_POINT ( 'NONE',  ( 8.630079420978891136, 23.36992057901645481, -18.78394211737007424 ) ) ;
#3582 = LINE ( 'NONE', #8306, #4940 ) ;
#3583 = VERTEX_POINT ( 'NONE', #1978 ) ;
#3584 = LINE ( 'NONE', #6616, #5122 ) ;
#3585 = ORIENTED_EDGE ( 'NONE', *, *, #8713, .T. ) ;
#3586 = ORIENTED_EDGE ( 'NONE', *, *, #6439, .T. ) ;
#3587 = EDGE_CURVE ( 'NONE', #4049, #2927, #4333, .T. ) ;
#3588 = DIRECTION ( 'NONE',  ( -1.000000000000000000, -0.000000000000000000, -0.000000000000000000 ) ) ;
#3589 = AXIS2_PLACEMENT_3D ( 'NONE', #2929, #9930, #584 ) ;
#3590 = ORIENTED_EDGE ( 'NONE', *, *, #3514, .F. ) ;
#3591 = DIRECTION ( 'NONE',  ( 0.000000000000000000, 1.000000000000000000, -0.000000000000000000 ) ) ;
#3592 = DIRECTION ( 'NONE',  ( 0.000000000000000000, 1.000000000000000000, 0.000000000000000000 ) ) ;
#3593 = FACE_BOUND ( 'NONE', #3807, .T. ) ;
#3594 = DIRECTION ( 'NONE',  ( 0.5000000000000014433, 0.7071067811865464625, 0.5000000000000001110 ) ) ;
#3595 = EDGE_CURVE ( 'NONE', #2635, #6469, #2510, .T. ) ;
#3596 = CARTESIAN_POINT ( 'NONE',  ( -0.8954707199039541043, 37.98917229266809414, -21.99999999999999645 ) ) ;
#3597 = VECTOR ( 'NONE', #6115, 1000.000000000000000 ) ;
#3598 = VECTOR ( 'NONE', #2749, 1000.000000000000114 ) ;
#3599 = CARTESIAN_POINT ( 'NONE',  ( -19.11269873676979003, -15.49999999999997335, -13.49999999999995026 ) ) ;
#3600 = ORIENTED_EDGE ( 'NONE', *, *, #680, .T. ) ;
#3601 = ORIENTED_EDGE ( 'NONE', *, *, #9436, .F. ) ;
#3602 = PLANE ( 'NONE',  #5008 ) ;
#3603 = ORIENTED_EDGE ( 'NONE', *, *, #9916, .T. ) ;
#3604 = CARTESIAN_POINT ( 'NONE',  ( -14.23214521469162719, 44.21892336108612653, -19.49999999999999645 ) ) ;
#3605 = CARTESIAN_POINT ( 'NONE',  ( -3.499999999999996003, 28.11543744278040435, 13.49999999999998046 ) ) ;
#3606 = CARTESIAN_POINT ( 'NONE',  ( 5.419817744520903702, 26.68268356812758668, -17.61867116551679402 ) ) ;
#3607 = CARTESIAN_POINT ( 'NONE',  ( 3.499999999999991118, 26.50000000000000355, -5.000000000000004441 ) ) ;
#3608 = DIRECTION ( 'NONE',  ( -1.000000000000000000, 1.734723475976803397E-16, 1.734723475976807094E-16 ) ) ;
#3609 = EDGE_CURVE ( 'NONE', #4602, #53, #2739, .T. ) ;
#3610 = CARTESIAN_POINT ( 'NONE',  ( -2.279720836620454882, 76.76712344017333578, 19.49999999999999645 ) ) ;
#3611 = VECTOR ( 'NONE', #1792, 1000.000000000000114 ) ;
#3612 = EDGE_CURVE ( 'NONE', #3657, #9357, #4488, .T. ) ;
#3613 = FACE_OUTER_BOUND ( 'NONE', #5548, .T. ) ;
#3614 = EDGE_LOOP ( 'NONE', ( #9463, #7551, #7369, #337 ) ) ;
#3615 = EDGE_LOOP ( 'NONE', ( #2424, #1447, #3737, #1836 ) ) ;
#3616 = DIRECTION ( 'NONE',  ( -0.9063077870366480493, 0.4226182617407036046, 0.000000000000000000 ) ) ;
#3617 = VERTEX_POINT ( 'NONE', #1309 ) ;
#3618 = VERTEX_POINT ( 'NONE', #9119 ) ;
#3619 = LINE ( 'NONE', #4447, #3528 ) ;
#3620 = CARTESIAN_POINT ( 'NONE',  ( -17.34127593269161949, 44.64997576902379706, -19.99999999999999289 ) ) ;
#3621 = PLANE ( 'NONE',  #1809 ) ;
#3622 = CARTESIAN_POINT ( 'NONE',  ( -19.57267170512068333, 28.10535825510357810, -15.29945010299798192 ) ) ;
#3623 =( BOUNDED_SURFACE ( )  B_SPLINE_SURFACE ( 3, 2, ( 
 ( #6828, #3699, #7534 ),
 ( #2008, #523, #9145 ),
 ( #3485, #2765, #5893 ),
 ( #2821, #7433, #419 ) ),
 .UNSPECIFIED., .F., .F., .T. ) 
 B_SPLINE_SURFACE_WITH_KNOTS ( ( 4, 4 ),
 ( 3, 3 ),
 ( 0.004278145910417474607, 0.004651340175631853147 ),
 ( 0.6028419486121683324, 1.000000000000000000 ),
 .UNSPECIFIED. ) 
 GEOMETRIC_REPRESENTATION_ITEM ( )  RATIONAL_B_SPLINE_SURFACE ( (
 ( 0.9061550899081325383, 0.9221645820202853949, 1.000000000000000000),
 ( 0.9118723420614266439, 0.9269064983438393135, 1.000000000000000000),
 ( 0.9174838837667671498, 0.9315607379154708934, 1.000000000000000000),
 ( 0.9229205774953823660, 0.9360699577376243585, 1.000000000000000000) ) ) 
 REPRESENTATION_ITEM ( '' )  SURFACE ( )  );
#3624 = CARTESIAN_POINT ( 'NONE',  ( 2.482882300544973830, 37.47278704748253375, -13.99999999999999822 ) ) ;
#3625 = CARTESIAN_POINT ( 'NONE',  ( -22.91518362383926188, 27.12498140526016499, 13.71325207943668367 ) ) ;
#3626 = ORIENTED_EDGE ( 'NONE', *, *, #7743, .F. ) ;
#3627 = CARTESIAN_POINT ( 'NONE',  ( -0.5000000000000065503, 22.55000000000000071, 6.050000000000006040 ) ) ;
#3628 = VECTOR ( 'NONE', #9618, 1000.000000000000000 ) ;
#3629 = CARTESIAN_POINT ( 'NONE',  ( 14.83245263440451289, 63.95652609376352160, 16.17157287525381903 ) ) ;
#3630 = EDGE_CURVE ( 'NONE', #9783, #7383, #5455, .T. ) ;
#3631 = VECTOR ( 'NONE', #7675, 1000.000000000000000 ) ;
#3632 = EDGE_CURVE ( 'NONE', #2261, #2200, #1694, .T. ) ;
#3633 = DIRECTION ( 'NONE',  ( -0.5144957554275250144, -0.8574929257125450954, 0.000000000000000000 ) ) ;
#3634 = AXIS2_PLACEMENT_3D ( 'NONE', #2321, #3854, #3132 ) ;
#3635 = EDGE_CURVE ( 'NONE', #6633, #5001, #3763, .T. ) ;
#3636 = CARTESIAN_POINT ( 'NONE',  ( 8.522454728835018756, 23.47754527116497769, -20.65000000000095426 ) ) ;
#3637 = VECTOR ( 'NONE', #8100, 1000.000000000000000 ) ;
#3638 = CARTESIAN_POINT ( 'NONE',  ( -0.5000000000000084377, -7.550000000000000711, -10.05000000000000071 ) ) ;
#3639 = AXIS2_PLACEMENT_3D ( 'NONE', #8342, #6079, #1326 ) ;
#3640 = ORIENTED_EDGE ( 'NONE', *, *, #6449, .T. ) ;
#3641 = CARTESIAN_POINT ( 'NONE',  ( 5.499999999999994671, -20.00000000000000000, 13.35000000000000497 ) ) ;
#3642 = VERTEX_POINT ( 'NONE', #5302 ) ;
#3643 = ORIENTED_EDGE ( 'NONE', *, *, #9481, .F. ) ;
#3644 = CARTESIAN_POINT ( 'NONE',  ( -2.500000000000003109, 13.50000000000000000, 8.630465054610992868E-16 ) ) ;
#3645 = EDGE_LOOP ( 'NONE', ( #6975, #9227, #6819, #9925, #4286, #2499, #4849, #6874, #4715, #9401, #4930, #8354, #9995, #1269, #8608, #2085 ) ) ;
#3646 = CARTESIAN_POINT ( 'NONE',  ( -19.52321011068737278, 28.10771035473522517, 15.32417781512369181 ) ) ;
#3647 = CONICAL_SURFACE ( 'NONE', #6433, 1.999999999999988010, 0.7853981633974482790 ) ;
#3648 = EDGE_CURVE ( 'NONE', #4381, #5237, #8543, .T. ) ;
#3649 = DIRECTION ( 'NONE',  ( 0.000000000000000000, -0.000000000000000000, 1.000000000000000000 ) ) ;
#3650 = AXIS2_PLACEMENT_3D ( 'NONE', #1925, #8123, #6524 ) ;
#3651 = CARTESIAN_POINT ( 'NONE',  ( -12.31348600312988317, 5.741872821843921670, 76.26183934523054120 ) ) ;
#3652 = CARTESIAN_POINT ( 'NONE',  ( -1.500000000000008438, -10.58578643762685267, -21.41421356237309581 ) ) ;
#3653 = DIRECTION ( 'NONE',  ( 0.000000000000000000, 0.000000000000000000, -1.000000000000000000 ) ) ;
#3654 = DIRECTION ( 'NONE',  ( -0.4226182617407050479, -0.9063077870366472721, 0.000000000000000000 ) ) ;
#3655 = AXIS2_PLACEMENT_3D ( 'NONE', #8694, #6283, #9426 ) ;
#3656 = AXIS2_PLACEMENT_3D ( 'NONE', #10014, #5332, #4608 ) ;
#3657 = VERTEX_POINT ( 'NONE', #3145 ) ;
#3658 = ORIENTED_EDGE ( 'NONE', *, *, #448, .F. ) ;
#3659 = CARTESIAN_POINT ( 'NONE',  ( -15.49999999999992717, -20.00000000000000000, 13.35000000000000497 ) ) ;
#3660 = ORIENTED_EDGE ( 'NONE', *, *, #2140, .T. ) ;
#3661 = CARTESIAN_POINT ( 'NONE',  ( 0.6885114066156232671, 13.51719766835961245, 9.562155037150551706 ) ) ;
#3662 = DIRECTION ( 'NONE',  ( 0.000000000000000000, 1.000000000000000000, 0.000000000000000000 ) ) ;
#3663 = AXIS2_PLACEMENT_3D ( 'NONE', #8442, #8332, #6173 ) ;
#3664 = CARTESIAN_POINT ( 'NONE',  ( 7.499999999999996447, 12.50000000000000000, 15.35000000000000497 ) ) ;
#3665 = DIRECTION ( 'NONE',  ( -0.4226182617407038267, -0.9063077870366479383, 0.000000000000000000 ) ) ;
#3666 = AXIS2_PLACEMENT_3D ( 'NONE', #8298, #8343, #8929 ) ;
#3667 = DIRECTION ( 'NONE',  ( 0.4226182617407036046, 0.9063077870366480493, 0.000000000000000000 ) ) ;
#3668 = CARTESIAN_POINT ( 'NONE',  ( -4.262759557341363248, 39.57012248197151649, -13.99999999999999822 ) ) ;
#3669 = CARTESIAN_POINT ( 'NONE',  ( -14.95847735162154279, 42.66129906706025565, 22.00000000000000355 ) ) ;
#3670 = DIRECTION ( 'NONE',  ( 0.3781822567379359290, 0.8449593844541896104, -0.3781822567379369282 ) ) ;
#3671 = VERTEX_POINT ( 'NONE', #7658 ) ;
#3672 = ORIENTED_EDGE ( 'NONE', *, *, #5060, .T. ) ;
#3673 = LINE ( 'NONE', #3060, #2377 ) ;
#3674 = VERTEX_POINT ( 'NONE', #9316 ) ;
#3675 = ORIENTED_EDGE ( 'NONE', *, *, #4552, .F. ) ;
#3676 = LINE ( 'NONE', #6487, #3349 ) ;
#3677 = EDGE_CURVE ( 'NONE', #7250, #8647, #2389, .T. ) ;
#3678 = LINE ( 'NONE', #5985, #3856 ) ;
#3679 = DIRECTION ( 'NONE',  ( 0.4226182617407037156, 0.9063077870366479383, 0.000000000000000000 ) ) ;
#3680 = EDGE_CURVE ( 'NONE', #5721, #826, #6166, .T. ) ;
#3681 = CARTESIAN_POINT ( 'NONE',  ( -20.07452853251458791, 28.06395166556544751, -15.04851156771952425 ) ) ;
#3682 = AXIS2_PLACEMENT_3D ( 'NONE', #5712, #7303, #3552 ) ;
#3683 = CIRCLE ( 'NONE', #2535, 0.9499999999999978462 ) ;
#3684 = CARTESIAN_POINT ( 'NONE',  ( -23.88815507930395299, 25.37709971792941843, 13.37904837616413189 ) ) ;
#3685 = ORIENTED_EDGE ( 'NONE', *, *, #6512, .F. ) ;
#3686 = DIRECTION ( 'NONE',  ( 0.000000000000000000, 1.000000000000000000, 0.000000000000000000 ) ) ;
#3687 = VECTOR ( 'NONE', #437, 999.9999999999998863 ) ;
#3688 = EDGE_CURVE ( 'NONE', #2566, #4520, #4634, .T. ) ;
#3689 = DIRECTION ( 'NONE',  ( 0.7071067811865439090, -0.7071067811865512365, -0.000000000000000000 ) ) ;
#3690 = CIRCLE ( 'NONE', #8271, 1.999999999999999778 ) ;
#3691 = ADVANCED_FACE ( 'NONE', ( #2335 ), #3965, .T. ) ;
#3692 = LINE ( 'NONE', #6612, #4767 ) ;
#3693 = DIRECTION ( 'NONE',  ( 0.000000000000000000, 0.000000000000000000, 1.000000000000000000 ) ) ;
#3694 = EDGE_CURVE ( 'NONE', #5838, #6236, #9364, .T. ) ;
#3695 = AXIS2_PLACEMENT_3D ( 'NONE', #7142, #7906, #6987 ) ;
#3696 = VECTOR ( 'NONE', #8435, 999.9999999999998863 ) ;
#3697 = SPHERICAL_SURFACE ( 'NONE', #3136, 2.000000000000000000 ) ;
#3698 = ORIENTED_EDGE ( 'NONE', *, *, #8615, .F. ) ;
#3699 = CARTESIAN_POINT ( 'NONE',  ( -23.01468191576291744, 26.78262417976660714, -13.49999999999995559 ) ) ;
#3700 = EDGE_CURVE ( 'NONE', #7236, #9291, #9418, .T. ) ;
#3701 = ORIENTED_EDGE ( 'NONE', *, *, #4709, .F. ) ;
#3702 = LINE ( 'NONE', #5897, #415 ) ;
#3703 = EDGE_LOOP ( 'NONE', ( #8086, #4200, #8310, #6323 ) ) ;
#3704 = CARTESIAN_POINT ( 'NONE',  ( -3.499999999999996003, 26.11543744278040080, 15.49999999999998046 ) ) ;
#3705 = EDGE_CURVE ( 'NONE', #6666, #8647, #646, .T. ) ;
#3706 = PLANE ( 'NONE',  #4579 ) ;
#3707 = CARTESIAN_POINT ( 'NONE',  ( -1.861714907961307786, -16.78392730418515200, 15.21607269581481425 ) ) ;
#3708 = CARTESIAN_POINT ( 'NONE',  ( -2.500000000000006661, 0.000000000000000000, -10.05000000000000071 ) ) ;
#3709 = ADVANCED_FACE ( 'NONE', ( #2185 ), #4686, .F. ) ;
#3710 = CARTESIAN_POINT ( 'NONE',  ( -0.5000000000000066613, 22.55000000000000071, 7.049999999999999822 ) ) ;
#3711 = VERTEX_POINT ( 'NONE', #7039 ) ;
#3712 = ORIENTED_EDGE ( 'NONE', *, *, #6520, .T. ) ;
#3713 = LINE ( 'NONE', #2084, #7442 ) ;
#3714 = EDGE_LOOP ( 'NONE', ( #6985, #610, #5810 ) ) ;
#3715 = CARTESIAN_POINT ( 'NONE',  ( 7.499999999999996447, 21.67157287525388654, 15.35000000000000497 ) ) ;
#3716 = EDGE_CURVE ( 'NONE', #5161, #8111, #8904, .T. ) ;
#3717 = CARTESIAN_POINT ( 'NONE',  ( -24.58578643762690064, 24.77974537465698646, 12.91421356237307805 ) ) ;
#3718 = DIRECTION ( 'NONE',  ( -6.667740490394042038E-34, -1.429901562581164355E-33, 1.000000000000000000 ) ) ;
#3719 = EDGE_CURVE ( 'NONE', #6236, #5134, #4946, .T. ) ;
#3720 = LINE ( 'NONE', #1462, #4 ) ;
#3721 = DIRECTION ( 'NONE',  ( 0.000000000000000000, 0.000000000000000000, 1.000000000000000000 ) ) ;
#3722 = PLANE ( 'NONE',  #6897 ) ;
#3723 = DIRECTION ( 'NONE',  ( -0.000000000000000000, 0.000000000000000000, 1.000000000000000000 ) ) ;
#3724 = CARTESIAN_POINT ( 'NONE',  ( 7.499999999999996447, -14.50000000000000000, 13.35000000000000497 ) ) ;
#3725 = EDGE_LOOP ( 'NONE', ( #22, #5189, #2909, #9016 ) ) ;
#3726 = ORIENTED_EDGE ( 'NONE', *, *, #7317, .F. ) ;
#3727 = DIRECTION ( 'NONE',  ( 0.3213335431480892068, -0.7321115859192104391, 0.6006308182325924561 ) ) ;
#3728 = ORIENTED_EDGE ( 'NONE', *, *, #6939, .F. ) ;
#3729 = ORIENTED_EDGE ( 'NONE', *, *, #2594, .F. ) ;
#3730 = B_SPLINE_CURVE_WITH_KNOTS ( 'NONE', 3,
 ( #5630, #2507, #7170, #5532, #4865, #970, #6098, #7884, #3224, #9493 ),
 .UNSPECIFIED., .F., .F.,
 ( 4, 2, 2, 2, 4 ),
 ( 4.336808689942017736E-19, 0.0004116740572061526864, 0.0008233481144123049392, 0.001235022171618457192, 0.001646696228824609445 ),
 .UNSPECIFIED. ) ;
#3731 = LINE ( 'NONE', #8601, #7772 ) ;
#3732 = CYLINDRICAL_SURFACE ( 'NONE', #6816, 0.9999999999999991118 ) ;
#3733 = DIRECTION ( 'NONE',  ( -0.4085227688752219866, -0.9127481291739369951, 0.000000000000000000 ) ) ;
#3734 = CARTESIAN_POINT ( 'NONE',  ( -2.500000000000003109, 22.54999999999999716, -8.050000000000004263 ) ) ;
#3735 = ADVANCED_FACE ( 'NONE', ( #2242 ), #9609, .F. ) ;
#3736 = DIRECTION ( 'NONE',  ( 0.6408563820557849899, -0.2988362387301218837, -0.7071067811865499042 ) ) ;
#3737 = ORIENTED_EDGE ( 'NONE', *, *, #3335, .T. ) ;
#3738 = CARTESIAN_POINT ( 'NONE',  ( 7.499999999999996447, -14.50000000000000000, 14.35000000000000497 ) ) ;
#3739 = CARTESIAN_POINT ( 'NONE',  ( 15.49999999999999467, -14.50000000000000000, -9.149999999999998579 ) ) ;
#3740 = CARTESIAN_POINT ( 'NONE',  ( -23.60383395930070449, 28.75395379760388082, 13.89616604069926886 ) ) ;
#3741 = CARTESIAN_POINT ( 'NONE',  ( 25.50000000000000355, -14.50000000000000000, 0.000000000000000000 ) ) ;
#3742 = EDGE_CURVE ( 'NONE', #335, #8256, #7877, .T. ) ;
#3743 = CARTESIAN_POINT ( 'NONE',  ( -29.71634084157152245, -11.47019549505707126, -5.984223544537283779 ) ) ;
#3744 = ORIENTED_EDGE ( 'NONE', *, *, #9071, .F. ) ;
#3745 = DIRECTION ( 'NONE',  ( 0.000000000000000000, -1.000000000000000000, 0.000000000000000000 ) ) ;
#3746 = ADVANCED_FACE ( 'NONE', ( #91 ), #1782, .F. ) ;
#3747 = VERTEX_POINT ( 'NONE', #5572 ) ;
#3748 = ORIENTED_EDGE ( 'NONE', *, *, #3877, .T. ) ;
#3749 = DIRECTION ( 'NONE',  ( 1.000000000000000000, -0.000000000000000000, 0.000000000000000000 ) ) ;
#3750 = DIRECTION ( 'NONE',  ( 0.000000000000000000, 0.000000000000000000, 1.000000000000000000 ) ) ;
#3751 = CARTESIAN_POINT ( 'NONE',  ( -3.499999999999996003, -13.67157287525381015, 15.49999999999998046 ) ) ;
#3752 = DIRECTION ( 'NONE',  ( 0.4226182617407037156, 0.9063077870366479383, 0.000000000000000000 ) ) ;
#3753 = CARTESIAN_POINT ( 'NONE',  ( 5.713070162393281137, 25.68032663230892609, -17.62555010975569303 ) ) ;
#3754 = DIRECTION ( 'NONE',  ( -0.9063077870366480493, 0.4226182617407038822, 0.000000000000000000 ) ) ;
#3755 = ORIENTED_EDGE ( 'NONE', *, *, #7189, .T. ) ;
#3756 = ORIENTED_EDGE ( 'NONE', *, *, #292, .F. ) ;
#3757 = CARTESIAN_POINT ( 'NONE',  ( -23.41421356237310647, 28.94386456752657466, -14.08578643762685623 ) ) ;
#3758 = ORIENTED_EDGE ( 'NONE', *, *, #4137, .T. ) ;
#3759 = CARTESIAN_POINT ( 'NONE',  ( -0.7946632010167031801, 13.50000000000000000, 10.00000000000000000 ) ) ;
#3760 = ADVANCED_FACE ( 'NONE', ( #1634 ), #864, .F. ) ;
#3761 = CARTESIAN_POINT ( 'NONE',  ( 7.499999999999992895, -12.50000000000000000, -16.64999999999999503 ) ) ;
#3762 = VECTOR ( 'NONE', #3938, 1000.000000000000000 ) ;
#3763 = LINE ( 'NONE', #15, #9901 ) ;
#3764 = DIRECTION ( 'NONE',  ( 0.000000000000000000, 0.000000000000000000, -1.000000000000000000 ) ) ;
#3765 = CARTESIAN_POINT ( 'NONE',  ( 5.499999999999996447, 14.50000000000000000, 13.35000000000000497 ) ) ;
#3766 = CARTESIAN_POINT ( 'NONE',  ( -14.67157287525379061, -14.50000000000000000, -20.00000000000000000 ) ) ;
#3767 = CARTESIAN_POINT ( 'NONE',  ( 11.99999999999995914, 20.00000000000000000, -20.64999999999999503 ) ) ;
#3768 = DIRECTION ( 'NONE',  ( 1.000000000000000000, 0.000000000000000000, -0.000000000000000000 ) ) ;
#3769 = ORIENTED_EDGE ( 'NONE', *, *, #6573, .T. ) ;
#3770 = ORIENTED_EDGE ( 'NONE', *, *, #9209, .F. ) ;
#3771 = DIRECTION ( 'NONE',  ( 0.9063077870366480493, -0.4226182617407037712, 0.000000000000000000 ) ) ;
#3772 = ORIENTED_EDGE ( 'NONE', *, *, #9382, .T. ) ;
#3773 = AXIS2_PLACEMENT_3D ( 'NONE', #8460, #3835, #8558 ) ;
#3774 = DIRECTION ( 'NONE',  ( -1.000000000000000000, 0.000000000000000000, 0.000000000000000000 ) ) ;
#3775 = EDGE_CURVE ( 'NONE', #2599, #9982, #2353, .T. ) ;
#3776 = DIRECTION ( 'NONE',  ( 0.000000000000000000, 0.000000000000000000, 1.000000000000000000 ) ) ;
#3777 = EDGE_CURVE ( 'NONE', #1684, #9552, #7210, .T. ) ;
#3778 = CARTESIAN_POINT ( 'NONE',  ( -0.5000000000000082157, 22.54999999999999716, -8.050000000000004263 ) ) ;
#3779 = DIRECTION ( 'NONE',  ( 0.000000000000000000, 0.000000000000000000, 1.000000000000000000 ) ) ;
#3780 = VECTOR ( 'NONE', #4279, 1000.000000000000000 ) ;
#3781 = CARTESIAN_POINT ( 'NONE',  ( 2.713534753479607708, 27.87225168414743237, 22.00000000000000000 ) ) ;
#3782 = ORIENTED_EDGE ( 'NONE', *, *, #85, .F. ) ;
#3783 = CARTESIAN_POINT ( 'NONE',  ( -21.33704153100232759, -4.550374131722238147, 22.00000000000000000 ) ) ;
#3784 = AXIS2_PLACEMENT_3D ( 'NONE', #7069, #8562, #666 ) ;
#3785 = PLANE ( 'NONE',  #9708 ) ;
#3786 = EDGE_CURVE ( 'NONE', #4629, #1625, #2403, .T. ) ;
#3787 = AXIS2_PLACEMENT_3D ( 'NONE', #5244, #5960, #9109 ) ;
#3788 = CARTESIAN_POINT ( 'NONE',  ( -14.23214521469162719, 44.21892336108612653, 19.49999999999999645 ) ) ;
#3789 = CARTESIAN_POINT ( 'NONE',  ( 2.081394951891304856, 36.61179464979771581, 14.00000000000000355 ) ) ;
#3790 = DIRECTION ( 'NONE',  ( 0.9127481291739369951, -0.4085227688752219311, 0.000000000000000000 ) ) ;
#3791 = ORIENTED_EDGE ( 'NONE', *, *, #1261, .F. ) ;
#3792 = CARTESIAN_POINT ( 'NONE',  ( -23.41421356237308160, 28.94386456752659598, 14.08578643762689531 ) ) ;
#3793 = ORIENTED_EDGE ( 'NONE', *, *, #3201, .T. ) ;
#3794 = ORIENTED_EDGE ( 'NONE', *, *, #426, .F. ) ;
#3795 = CARTESIAN_POINT ( 'NONE',  ( -19.55911834056229281, 28.10602959701335024, 15.30622684316487181 ) ) ;
#3796 = EDGE_CURVE ( 'NONE', #4223, #230, #6440, .T. ) ;
#3797 = VECTOR ( 'NONE', #1196, 1000.000000000000000 ) ;
#3798 = DIRECTION ( 'NONE',  ( 0.4019048076038939099, -0.9156814542322440076, 0.000000000000000000 ) ) ;
#3799 = CARTESIAN_POINT ( 'NONE',  ( -23.41421356237308160, 28.94386456752659598, 14.08578643762689708 ) ) ;
#3800 = EDGE_CURVE ( 'NONE', #10123, #3583, #33, .T. ) ;
#3801 = FACE_OUTER_BOUND ( 'NONE', #5037, .T. ) ;
#3802 =( BOUNDED_CURVE ( )  B_SPLINE_CURVE ( 3, ( #9628, #3296, #2583, #5708 ),
 .UNSPECIFIED., .F., .T. ) 
 B_SPLINE_CURVE_WITH_KNOTS ( ( 4, 4 ),
 ( 4.712388980384689674, 5.880589634257203713 ),
 .UNSPECIFIED. ) 
 CURVE ( )  GEOMETRIC_REPRESENTATION_ITEM ( )  RATIONAL_B_SPLINE_CURVE ( ( 1.000000000000000000, 0.8894723648813422923, 0.8894723648813422923, 1.000000000000000000 ) ) 
 REPRESENTATION_ITEM ( '' )  );
#3803 = VERTEX_POINT ( 'NONE', #963 ) ;
#3804 = VERTEX_POINT ( 'NONE', #7931 ) ;
#3805 = DIRECTION ( 'NONE',  ( -0.4226182617407051034, -0.9063077870366473832, 0.000000000000000000 ) ) ;
#3806 = VECTOR ( 'NONE', #2720, 1000.000000000000000 ) ;
#3807 = EDGE_LOOP ( 'NONE', ( #7221, #3314, #1101, #7865 ) ) ;
#3808 = CARTESIAN_POINT ( 'NONE',  ( 3.146655317094798843, 14.54367744856620703, 6.919528712673138848 ) ) ;
#3809 = CARTESIAN_POINT ( 'NONE',  ( -25.50000000000000355, 26.36621823190904834, -11.44879265409047875 ) ) ;
#3810 = CARTESIAN_POINT ( 'NONE',  ( 2.943100932593097241, 34.67505761091078398, -17.40052871873069762 ) ) ;
#3811 = CARTESIAN_POINT ( 'NONE',  ( -23.12773921937438004, 26.82607364741053502, -13.56405438806237562 ) ) ;
#3812 = DIRECTION ( 'NONE',  ( -0.9063077870366479383, 0.4226182617407037712, -0.000000000000000000 ) ) ;
#3813 = DIRECTION ( 'NONE',  ( -0.4226182617407017728, -0.9063077870366488265, 0.000000000000000000 ) ) ;
#3814 = AXIS2_PLACEMENT_3D ( 'NONE', #8588, #6944, #10089 ) ;
#3815 = CARTESIAN_POINT ( 'NONE',  ( 3.499999999999993339, 0.000000000000000000, 5.049999999999991829 ) ) ;
#3816 = MECHANICAL_DESIGN_GEOMETRIC_PRESENTATION_REPRESENTATION (  '', ( #5289 ), #878 ) ;
#3817 = EDGE_CURVE ( 'NONE', #6900, #9983, #9236, .T. ) ;
#3818 = CARTESIAN_POINT ( 'NONE',  ( 7.570551771473125413, 64.94674051891543343, 14.00000000000000000 ) ) ;
#3819 = CARTESIAN_POINT ( 'NONE',  ( -0.4171180129314231988, 40.31254662931094401, 22.00000000000000000 ) ) ;
#3820 = ORIENTED_EDGE ( 'NONE', *, *, #2386, .T. ) ;
#3821 = ORIENTED_EDGE ( 'NONE', *, *, #3587, .T. ) ;
#3822 = DIRECTION ( 'NONE',  ( -1.084202172485503448E-16, 0.000000000000000000, -1.000000000000000000 ) ) ;
#3823 = ORIENTED_EDGE ( 'NONE', *, *, #10027, .T. ) ;
#3824 = ADVANCED_FACE ( 'NONE', ( #9535 ), #813, .F. ) ;
#3825 = DIRECTION ( 'NONE',  ( 0.000000000000000000, 1.000000000000000000, 0.000000000000000000 ) ) ;
#3826 = AXIS2_PLACEMENT_3D ( 'NONE', #10142, #2392, #9521 ) ;
#3827 = CARTESIAN_POINT ( 'NONE',  ( -24.25715415890848803, 24.95423535567106654, -13.17996897072811358 ) ) ;
#3828 = EDGE_CURVE ( 'NONE', #6194, #2219, #1201, .T. ) ;
#3829 = CARTESIAN_POINT ( 'NONE',  ( -3.499999999999996003, -13.67157287525384568, -15.49999999999995026 ) ) ;
#3830 = CARTESIAN_POINT ( 'NONE',  ( -25.50000000000000355, 26.36621823190904834, -11.44879265409047875 ) ) ;
#3831 = B_SPLINE_CURVE_WITH_KNOTS ( 'NONE', 3,
 ( #3095, #10139, #72, #3914, #2480, #5555, #6330, #8690, #1665, #4021, #7148, #3247, #5605, #8741, #1719, #6991, #4841, #693, #3811, #2336, #3866, #6945 ),
 .UNSPECIFIED., .F., .F.,
 ( 4, 2, 2, 1, 2, 2, 2, 2, 1, 2, 2, 4 ),
 ( 0.000000000000000000, 0.06249999999999170108, 0.09374999999998992473, 0.1249999999999881484, 0.1874999999999845957, 0.2187499999999828193, 0.2499999999999810707, 0.3749999999999943934, 0.4375000000000056621, 0.4687500000000046074, 0.5000000000000035527, 1.000000000000000000 ),
 .UNSPECIFIED. ) ;
#3832 = EDGE_CURVE ( 'NONE', #10068, #2526, #2551, .T. ) ;
#3833 = FACE_OUTER_BOUND ( 'NONE', #8961, .T. ) ;
#3834 = ORIENTED_EDGE ( 'NONE', *, *, #3648, .T. ) ;
#3835 = DIRECTION ( 'NONE',  ( 1.000000000000000000, 0.000000000000000000, 0.000000000000000000 ) ) ;
#3836 = VERTEX_POINT ( 'NONE', #4859 ) ;
#3837 = FACE_OUTER_BOUND ( 'NONE', #6427, .T. ) ;
#3838 = CIRCLE ( 'NONE', #5478, 8.750000000000003553 ) ;
#3839 = AXIS2_PLACEMENT_3D ( 'NONE', #6178, #705, #9377 ) ;
#3840 = ADVANCED_FACE ( 'NONE', ( #10155 ), #7981, .F. ) ;
#3841 = DIRECTION ( 'NONE',  ( -1.000000000000000000, 0.000000000000000000, -0.000000000000000000 ) ) ;
#3842 = FILL_AREA_STYLE ('',( #723 ) ) ;
#3843 = DIRECTION ( 'NONE',  ( 1.020425574104004122E-16, 0.000000000000000000, 1.000000000000000000 ) ) ;
#3844 = VERTEX_POINT ( 'NONE', #6234 ) ;
#3845 = FACE_OUTER_BOUND ( 'NONE', #652, .T. ) ;
#3846 = VECTOR ( 'NONE', #856, 1000.000000000000000 ) ;
#3847 = AXIS2_PLACEMENT_3D ( 'NONE', #6623, #8997, #7492 ) ;
#3848 = ORIENTED_EDGE ( 'NONE', *, *, #7585, .F. ) ;
#3849 = ORIENTED_EDGE ( 'NONE', *, *, #678, .T. ) ;
#3850 = B_SPLINE_CURVE_WITH_KNOTS ( 'NONE', 3,
 ( #3291, #9721, #5658, #2531, #8064, #4113, #5749, #7240 ),
 .UNSPECIFIED., .F., .F.,
 ( 4, 2, 2, 4 ),
 ( 8.054623212779652504E-15, 0.0002813748848581902259, 0.0005627497697083258055, 0.001125499539408587532 ),
 .UNSPECIFIED. ) ;
#3851 = EDGE_CURVE ( 'NONE', #435, #8159, #9384, .T. ) ;
#3852 = DIRECTION ( 'NONE',  ( -0.7071067811865435759, 0.7071067811865514585, 0.000000000000000000 ) ) ;
#3854 = DIRECTION ( 'NONE',  ( -0.9063077870366479383, 0.4226182617407037712, -0.000000000000000000 ) ) ;
#3853 = VECTOR ( 'NONE', #2117, 1000.000000000000000 ) ;
#3855 = LINE ( 'NONE', #5345, #6889 ) ;
#3856 = VECTOR ( 'NONE', #2047, 999.9999999999998863 ) ;
#3857 = CARTESIAN_POINT ( 'NONE',  ( 4.821274678095984534, 33.02267935139751387, 76.26183934523054120 ) ) ;
#3858 = DIRECTION ( 'NONE',  ( -1.000000000000000000, 0.000000000000000000, 1.975180195419136240E-15 ) ) ;
#3859 = ORIENTED_EDGE ( 'NONE', *, *, #7430, .F. ) ;
#3860 = ORIENTED_EDGE ( 'NONE', *, *, #9837, .T. ) ;
#3861 = CARTESIAN_POINT ( 'NONE',  ( -2.500000000000003109, 22.55000000000000071, 8.050000000000000711 ) ) ;
#3862 = ORIENTED_EDGE ( 'NONE', *, *, #4431, .T. ) ;
#3863 = CARTESIAN_POINT ( 'NONE',  ( 0.9929608654164374659, 36.76863095677265392, 20.60876662285419769 ) ) ;
#3864 = CARTESIAN_POINT ( 'NONE',  ( -4.262759557341363248, 39.57012248197151649, -13.99999999999999822 ) ) ;
#3865 = CARTESIAN_POINT ( 'NONE',  ( 2.967342048984289882, 34.37660485757903928, -17.17881083373256246 ) ) ;
#3866 = CARTESIAN_POINT ( 'NONE',  ( -22.95291993288144994, 27.10835889453135650, -13.68074980791777762 ) ) ;
#3867 = DIRECTION ( 'NONE',  ( 0.000000000000000000, 0.000000000000000000, 1.000000000000000000 ) ) ;
#3868 = PRODUCT_CONTEXT ( 'NONE', #7730, 'mechanical' ) ;
#3869 = LINE ( 'NONE', #6280, #228 ) ;
#3870 = CARTESIAN_POINT ( 'NONE',  ( 12.69634200735406893, 20.00000000000000000, -18.64999999999999503 ) ) ;
#3871 = ADVANCED_FACE ( 'NONE', ( #9441 ), #9741, .F. ) ;
#3872 = DIRECTION ( 'NONE',  ( -0.4226182617407036046, -0.9063077870366479383, -2.656504963745457512E-17 ) ) ;
#3873 = ORIENTED_EDGE ( 'NONE', *, *, #4459, .T. ) ;
#3874 = ORIENTED_EDGE ( 'NONE', *, *, #5765, .F. ) ;
#3875 = FACE_OUTER_BOUND ( 'NONE', #1092, .T. ) ;
#3876 = ORIENTED_EDGE ( 'NONE', *, *, #4019, .F. ) ;
#3877 = EDGE_CURVE ( 'NONE', #9867, #6471, #1161, .T. ) ;
#3878 = PLANE ( 'NONE',  #579 ) ;
#3879 = LINE ( 'NONE', #1932, #10098 ) ;
#3880 = EDGE_CURVE ( 'NONE', #10019, #5299, #218, .T. ) ;
#3881 = CARTESIAN_POINT ( 'NONE',  ( -23.98517237801685198, 28.69092957882399375, 13.48730331217961975 ) ) ;
#3882 = DIRECTION ( 'NONE',  ( 0.000000000000000000, 0.000000000000000000, 1.000000000000000000 ) ) ;
#3883 = ADVANCED_FACE ( 'NONE', ( #9685 ), #7408, .T. ) ;
#3884 = CARTESIAN_POINT ( 'NONE',  ( 3.008659104023280406, 33.86791587488018962, -16.43341946307004520 ) ) ;
#3885 = ORIENTED_EDGE ( 'NONE', *, *, #9972, .T. ) ;
#3886 = EDGE_LOOP ( 'NONE', ( #3876, #7570, #9674, #5484 ) ) ;
#3887 = DIRECTION ( 'NONE',  ( 0.000000000000000000, -1.000000000000000000, 0.000000000000000000 ) ) ;
#3888 = EDGE_LOOP ( 'NONE', ( #7633, #2461, #2661, #4060, #2043, #999, #383, #6485, #1147 ) ) ;
#3889 = DIRECTION ( 'NONE',  ( -0.000000000000000000, 4.316254603469466898E-15, 1.000000000000000000 ) ) ;
#3890 = CARTESIAN_POINT ( 'NONE',  ( 5.499999999999994671, -18.64999999999995595, 13.35000000000000497 ) ) ;
#3891 = CARTESIAN_POINT ( 'NONE',  ( -23.52024872347403672, 28.83810974218435774, 13.97975127652594729 ) ) ;
#3892 = PLANE ( 'NONE',  #1202 ) ;
#3893 = LINE ( 'NONE', #6193, #4284 ) ;
#3894 = ORIENTED_EDGE ( 'NONE', *, *, #662, .F. ) ;
#3895 = VERTEX_POINT ( 'NONE', #5010 ) ;
#3896 =( BOUNDED_CURVE ( )  B_SPLINE_CURVE ( 3, ( #6787, #2729, #376, #7446 ),
 .UNSPECIFIED., .F., .T. ) 
 B_SPLINE_CURVE_WITH_KNOTS ( ( 4, 4 ),
 ( 1.570796326794896558, 3.141592653589793116 ),
 .UNSPECIFIED. ) 
 CURVE ( )  GEOMETRIC_REPRESENTATION_ITEM ( )  RATIONAL_B_SPLINE_CURVE ( ( 1.000000000000000000, 0.8047378541243649375, 0.8047378541243649375, 1.000000000000000000 ) ) 
 REPRESENTATION_ITEM ( '' )  );
#3897 = CARTESIAN_POINT ( 'NONE',  ( 14.26239529991745947, 68.44655014822428996, 21.41421356237309936 ) ) ;
#3898 = ORIENTED_EDGE ( 'NONE', *, *, #2594, .T. ) ;
#3899 = ORIENTED_EDGE ( 'NONE', *, *, #8000, .F. ) ;
#3900 = LINE ( 'NONE', #10174, #8109 ) ;
#3901 = LINE ( 'NONE', #1607, #1849 ) ;
#3902 = CARTESIAN_POINT ( 'NONE',  ( -20.20870458454324847, 28.05147059740740190, 14.98143414535526396 ) ) ;
#3903 = DIRECTION ( 'NONE',  ( 0.000000000000000000, 1.000000000000000000, -0.000000000000000000 ) ) ;
#3904 = CARTESIAN_POINT ( 'NONE',  ( -5.530614342596866351, 9.381606471593034513, -12.11839352840689266 ) ) ;
#3905 = ADVANCED_FACE ( 'NONE', ( #5105 ), #9070, .T. ) ;
#3906 = ORIENTED_EDGE ( 'NONE', *, *, #6678, .T. ) ;
#3907 = ORIENTED_EDGE ( 'NONE', *, *, #4774, .T. ) ;
#3908 = CARTESIAN_POINT ( 'NONE',  ( -2.499999999999999556, 0.000000000000000000, 10.05000000000000249 ) ) ;
#3909 = ORIENTED_EDGE ( 'NONE', *, *, #8297, .T. ) ;
#3910 = CARTESIAN_POINT ( 'NONE',  ( 5.578503955387358104, 26.42149604461274848, 15.59198550273208106 ) ) ;
#3911 = EDGE_CURVE ( 'NONE', #2472, #7943, #8231, .T. ) ;
#3912 = CARTESIAN_POINT ( 'NONE',  ( -25.50000000000000355, 26.50000000000000355, -10.99706913360163973 ) ) ;
#3913 = DIRECTION ( 'NONE',  ( 0.000000000000000000, -1.000000000000000000, 0.000000000000000000 ) ) ;
#3914 = CARTESIAN_POINT ( 'NONE',  ( -23.31590620978266060, 26.48482813558739579, -13.49619660569683255 ) ) ;
#3915 = CARTESIAN_POINT ( 'NONE',  ( 15.04634200735406679, 20.00000000000000000, 20.99999999999999289 ) ) ;
#3916 = APPLICATION_PROTOCOL_DEFINITION ( 'draft international standard', 'automotive_design', 1998, #7730 ) ;
#3917 = CARTESIAN_POINT ( 'NONE',  ( -17.86730821574251848, -6.168337348383436058, -16.99999999999999645 ) ) ;
#3918 = CARTESIAN_POINT ( 'NONE',  ( -1.499871392917737856, -15.78413023744714216, -16.21586976255282764 ) ) ;
#3919 = CARTESIAN_POINT ( 'NONE',  ( -2.540982006046801356, 76.28209366885936049, 20.42330926561459137 ) ) ;
#3920 = ORIENTED_EDGE ( 'NONE', *, *, #208, .T. ) ;
#3921 = ORIENTED_EDGE ( 'NONE', *, *, #7064, .F. ) ;
#3922 = CARTESIAN_POINT ( 'NONE',  ( -22.60136260913539985, 29.61018252667556538, -14.89863739086456818 ) ) ;
#3923 = VERTEX_POINT ( 'NONE', #7356 ) ;
#3924 = DIRECTION ( 'NONE',  ( 1.000000000000000000, 0.000000000000000000, 7.542275982507859612E-17 ) ) ;
#3925 = AXIS2_PLACEMENT_3D ( 'NONE', #10088, #6943, #5505 ) ;
#3926 = CARTESIAN_POINT ( 'NONE',  ( 16.04634200735406324, 19.00000000000000355, 22.00000000000000000 ) ) ;
#3927 = ADVANCED_FACE ( 'NONE', ( #1009 ), #9795, .T. ) ;
#3928 = CARTESIAN_POINT ( 'NONE',  ( 12.98068253580589015, 69.04422262568452595, 76.26183934523054120 ) ) ;
#3929 = EDGE_CURVE ( 'NONE', #1751, #9552, #8135, .T. ) ;
#3930 = AXIS2_PLACEMENT_3D ( 'NONE', #8024, #6641, #235 ) ;
#3931 = CARTESIAN_POINT ( 'NONE',  ( 26.65081054549206030, 57.15284765199616857, 14.99999999999999822 ) ) ;
#3932 = EDGE_LOOP ( 'NONE', ( #10016, #3328 ) ) ;
#3933 = VERTEX_POINT ( 'NONE', #9640 ) ;
#3934 = DIRECTION ( 'NONE',  ( -0.4226182617407037156, -0.9063077870366479383, 5.782411586589338903E-16 ) ) ;
#3935 = ORIENTED_EDGE ( 'NONE', *, *, #2348, .F. ) ;
#3936 = CARTESIAN_POINT ( 'NONE',  ( -19.17157287525381903, 28.11543744278040435, 15.49999999999998046 ) ) ;
#3937 = VECTOR ( 'NONE', #3558, 999.9999999999998863 ) ;
#3938 = DIRECTION ( 'NONE',  ( 6.667740490394042038E-34, 1.429901562581164355E-33, -1.000000000000000000 ) ) ;
#3939 = CARTESIAN_POINT ( 'NONE',  ( -23.17157287525380838, -13.06467551690956697, 11.49999999999997868 ) ) ;
#3940 = DIRECTION ( 'NONE',  ( -0.000000000000000000, -1.000000000000000000, 0.000000000000000000 ) ) ;
#3941 = CARTESIAN_POINT ( 'NONE',  ( -34.18084838240218915, 1.438791362949233266, 16.99999999999999645 ) ) ;
#3942 = ORIENTED_EDGE ( 'NONE', *, *, #6486, .F. ) ;
#3943 = VERTEX_POINT ( 'NONE', #6491 ) ;
#3944 = LINE ( 'NONE', #3127, #209 ) ;
#3945 = EDGE_CURVE ( 'NONE', #5093, #6579, #2742, .T. ) ;
#3946 = EDGE_LOOP ( 'NONE', ( #2662, #2141 ) ) ;
#3947 = ORIENTED_EDGE ( 'NONE', *, *, #7538, .F. ) ;
#3948 = EDGE_CURVE ( 'NONE', #1602, #7514, #440, .T. ) ;
#3949 = FACE_OUTER_BOUND ( 'NONE', #5489, .T. ) ;
#3950 = CARTESIAN_POINT ( 'NONE',  ( 12.98068253580589015, 69.04422262568452595, 20.00000000000000355 ) ) ;
#3951 = CARTESIAN_POINT ( 'NONE',  ( 3.190002431502281244, 14.66237623153103087, -6.789405801203846735 ) ) ;
#3952 = CARTESIAN_POINT ( 'NONE',  ( 2.713534753479672990, 27.87225168414727960, -22.00000000000000000 ) ) ;
#3953 =( BOUNDED_CURVE ( )  B_SPLINE_CURVE ( 3, ( #7735, #8669, #10119, #624 ),
 .UNSPECIFIED., .F., .T. ) 
 B_SPLINE_CURVE_WITH_KNOTS ( ( 4, 4 ),
 ( 3.141592653589793116, 3.926990816987244060 ),
 .UNSPECIFIED. ) 
 CURVE ( )  GEOMETRIC_REPRESENTATION_ITEM ( )  RATIONAL_B_SPLINE_CURVE ( ( 1.000000000000000000, 0.9492530216741907889, 0.9492530216741907889, 1.000000000000000000 ) ) 
 REPRESENTATION_ITEM ( '' )  );
#3954 = LINE ( 'NONE', #9308, #4116 ) ;
#3955 = AXIS2_PLACEMENT_3D ( 'NONE', #5031, #520, #2005 ) ;
#3956 = EDGE_CURVE ( 'NONE', #4123, #2295, #6535, .T. ) ;
#3957 = ORIENTED_EDGE ( 'NONE', *, *, #2640, .F. ) ;
#3958 = ORIENTED_EDGE ( 'NONE', *, *, #9659, .T. ) ;
#3959 = FACE_OUTER_BOUND ( 'NONE', #2427, .T. ) ;
#3960 = EDGE_CURVE ( 'NONE', #8059, #7986, #2595, .T. ) ;
#3961 = ORIENTED_EDGE ( 'NONE', *, *, #3382, .T. ) ;
#3962 = CARTESIAN_POINT ( 'NONE',  ( 5.223130652083958658, 26.77686934791615414, 14.89139772588759847 ) ) ;
#3963 = CARTESIAN_POINT ( 'NONE',  ( -2.582047676570107697, 76.30124290551191280, -18.57669073438553298 ) ) ;
#3964 = VECTOR ( 'NONE', #252, 1000.000000000000000 ) ;
#3965 = PLANE ( 'NONE',  #2350 ) ;
#3966 = DIRECTION ( 'NONE',  ( -0.9127481291739371061, 0.4085227688752218755, -0.000000000000000000 ) ) ;
#3967 = DIRECTION ( 'NONE',  ( 1.000000000000000000, 0.000000000000000000, 0.000000000000000000 ) ) ;
#3968 = DIRECTION ( 'NONE',  ( -0.7071067811865437980, 0.7071067811865513475, 0.000000000000000000 ) ) ;
#3969 = CIRCLE ( 'NONE', #9061, 1.999999999999996225 ) ;
#3970 = DIRECTION ( 'NONE',  ( 0.9063077870366480493, -0.4226182617407037712, 0.000000000000000000 ) ) ;
#3971 = FACE_OUTER_BOUND ( 'NONE', #2638, .T. ) ;
#3972 = CARTESIAN_POINT ( 'NONE',  ( -5.499999999999996447, -17.49999999999997513, 0.000000000000000000 ) ) ;
#3973 = ORIENTED_EDGE ( 'NONE', *, *, #3402, .F. ) ;
#3974 = ORIENTED_EDGE ( 'NONE', *, *, #9166, .F. ) ;
#3975 = CARTESIAN_POINT ( 'NONE',  ( -23.04366025167047383, 29.31446781202824070, -14.45633974832949598 ) ) ;
#3976 = VERTEX_POINT ( 'NONE', #5160 ) ;
#3977 = CARTESIAN_POINT ( 'NONE',  ( -17.05584431106374765, 45.11918026827957817, 20.49746784948091971 ) ) ;
#3978 = CARTESIAN_POINT ( 'NONE',  ( 6.302696986251011602, 62.22781715780548240, 16.99999999999999645 ) ) ;
#3979 = EDGE_CURVE ( 'NONE', #8099, #8015, #6645, .T. ) ;
#3980 = VECTOR ( 'NONE', #5865, 1000.000000000000000 ) ;
#3981 = CARTESIAN_POINT ( 'NONE',  ( -24.25394495407682172, 29.23829074540266149, 12.53312598473118555 ) ) ;
#3982 = AXIS2_PLACEMENT_3D ( 'NONE', #1441, #8563, #6919 ) ;
#3983 = CARTESIAN_POINT ( 'NONE',  ( -3.525344400066968031, -14.40456884325632281, -15.13350201599870637 ) ) ;
#3984 = CARTESIAN_POINT ( 'NONE',  ( 3.000138847293260635, 33.97281591492150454, -16.69506864623544473 ) ) ;
#3985 = ORIENTED_EDGE ( 'NONE', *, *, #9494, .F. ) ;
#3986 = VERTEX_POINT ( 'NONE', #8864 ) ;
#3987 = AXIS2_PLACEMENT_3D ( 'NONE', #1624, #7918, #8540 ) ;
#3988 = ORIENTED_EDGE ( 'NONE', *, *, #10103, .T. ) ;
#3989 = CARTESIAN_POINT ( 'NONE',  ( -4.664246905995032222, 38.70913008428670565, 14.00000000000000355 ) ) ;
#3990 = CARTESIAN_POINT ( 'NONE',  ( 16.64506820847780943, 63.11128957028212483, 76.26183934523054120 ) ) ;
#3991 = FACE_OUTER_BOUND ( 'NONE', #37, .T. ) ;
#3992 = CIRCLE ( 'NONE', #7426, 0.9500000000000040634 ) ;
#3993 = DIRECTION ( 'NONE',  ( -1.084202172485503448E-16, 0.000000000000000000, -1.000000000000000000 ) ) ;
#3994 = ORIENTED_EDGE ( 'NONE', *, *, #9504, .T. ) ;
#3995 = EDGE_LOOP ( 'NONE', ( #6734, #2539, #8075, #7334, #3894, #2678, #8794, #5146 ) ) ;
#3996 = DIRECTION ( 'NONE',  ( 0.4226182617407037712, 0.9063077870366479383, 0.000000000000000000 ) ) ;
#3997 = ADVANCED_FACE ( 'NONE', ( #1938 ), #5054, .T. ) ;
#3998 = VERTEX_POINT ( 'NONE', #1981 ) ;
#3999 = ORIENTED_EDGE ( 'NONE', *, *, #8975, .F. ) ;
#4000 = EDGE_CURVE ( 'NONE', #117, #8261, #7464, .T. ) ;
#4001 = AXIS2_PLACEMENT_3D ( 'NONE', #2296, #2149, #6126 ) ;
#4002 = CYLINDRICAL_SURFACE ( 'NONE', #8604, 0.9500000000000040634 ) ;
#4003 = CARTESIAN_POINT ( 'NONE',  ( 3.409579497084842536, 15.48967232399768434, -6.003125353462290370 ) ) ;
#4004 = CARTESIAN_POINT ( 'NONE',  ( 2.482882300544973830, 37.47278704748253375, 14.00000000000000355 ) ) ;
#4005 = EDGE_CURVE ( 'NONE', #1625, #2836, #10063, .T. ) ;
#4006 = AXIS2_PLACEMENT_3D ( 'NONE', #7921, #8017, #7104 ) ;
#4007 = EDGE_CURVE ( 'NONE', #3239, #8235, #100, .T. ) ;
#4008 = AXIS2_PLACEMENT_3D ( 'NONE', #2347, #5465, #3062 ) ;
#4009 = CARTESIAN_POINT ( 'NONE',  ( 12.64685149541176301, 59.26948932572006612, 17.00000000000000000 ) ) ;
#4010 = EDGE_LOOP ( 'NONE', ( #9593, #243 ) ) ;
#4011 = VERTEX_POINT ( 'NONE', #7512 ) ;
#4012 = CYLINDRICAL_SURFACE ( 'NONE', #7451, 3.000000000000001332 ) ;
#4013 = ORIENTED_EDGE ( 'NONE', *, *, #8742, .T. ) ;
#4014 = CARTESIAN_POINT ( 'NONE',  ( 6.553231231619112584, 25.44676876838017066, 15.25486606044235849 ) ) ;
#4015 = VECTOR ( 'NONE', #3588, 1000.000000000000000 ) ;
#4016 = VECTOR ( 'NONE', #1606, 1000.000000000000000 ) ;
#4017 = FACE_OUTER_BOUND ( 'NONE', #8919, .T. ) ;
#4018 =( BOUNDED_CURVE ( )  B_SPLINE_CURVE ( 3, ( #8894, #4989, #1139, #7440 ),
 .UNSPECIFIED., .F., .T. ) 
 B_SPLINE_CURVE_WITH_KNOTS ( ( 4, 4 ),
 ( 5.667705598509194864, 7.238501925304092310 ),
 .UNSPECIFIED. ) 
 CURVE ( )  GEOMETRIC_REPRESENTATION_ITEM ( )  RATIONAL_B_SPLINE_CURVE ( ( 1.000000000000000000, 0.8047378541243648264, 0.8047378541243648264, 1.000000000000000000 ) ) 
 REPRESENTATION_ITEM ( '' )  );
#4019 = EDGE_CURVE ( 'NONE', #2621, #9005, #2139, .T. ) ;
#4020 = DIRECTION ( 'NONE',  ( 0.000000000000000000, 0.000000000000000000, 1.000000000000000000 ) ) ;
#4021 = CARTESIAN_POINT ( 'NONE',  ( -23.25993609438338794, 26.59149912258682491, -13.50886452099520696 ) ) ;
#4022 = DIRECTION ( 'NONE',  ( -0.3781822567379359845, -0.8449593844541894994, 0.3781822567379369282 ) ) ;
#4023 = CARTESIAN_POINT ( 'NONE',  ( 7.499999999999996447, -12.50000000000000000, 13.35000000000000497 ) ) ;
#4024 = VECTOR ( 'NONE', #7169, 1000.000000000000000 ) ;
#4025 = LINE ( 'NONE', #8112, #4487 ) ;
#4026 = AXIS2_PLACEMENT_3D ( 'NONE', #7002, #4697, #7870 ) ;
#4027 = VERTEX_POINT ( 'NONE', #2851 ) ;
#4028 = ORIENTED_EDGE ( 'NONE', *, *, #6081, .F. ) ;
#4029 = LINE ( 'NONE', #5463, #578 ) ;
#4030 = EDGE_LOOP ( 'NONE', ( #5669, #653, #8752, #7961, #5187 ) ) ;
#4031 = VECTOR ( 'NONE', #1904, 1000.000000000000000 ) ;
#4032 = CARTESIAN_POINT ( 'NONE',  ( -3.155541257412559197, 75.07138195288059990, 20.12244529915695068 ) ) ;
#4033 = DIRECTION ( 'NONE',  ( -1.000000000000000000, -6.938893903907228378E-15, 0.000000000000000000 ) ) ;
#4034 = PRODUCT_DEFINITION_CONTEXT ( 'detailed design', #1062, 'design' ) ;
#4035 = DIRECTION ( 'NONE',  ( 0.000000000000000000, 0.000000000000000000, 1.000000000000000000 ) ) ;
#4036 = CARTESIAN_POINT ( 'NONE',  ( 8.914213562373097588, 23.08578643762697169, 17.35000000000000497 ) ) ;
#4037 = DIRECTION ( 'NONE',  ( 1.000000000000000000, -0.000000000000000000, -0.000000000000000000 ) ) ;
#4038 = ORIENTED_EDGE ( 'NONE', *, *, #1790, .T. ) ;
#4039 = EDGE_CURVE ( 'NONE', #5756, #5199, #3057, .T. ) ;
#4040 = ORIENTED_EDGE ( 'NONE', *, *, #361, .F. ) ;
#4041 = CARTESIAN_POINT ( 'NONE',  ( 15.18256106584360232, 64.70733604791338678, -11.00000000000001066 ) ) ;
#4042 = ORIENTED_EDGE ( 'NONE', *, *, #494, .F. ) ;
#4043 = DIRECTION ( 'NONE',  ( -0.4226182617407017728, -0.9063077870366488265, 0.000000000000000000 ) ) ;
#4044 = CARTESIAN_POINT ( 'NONE',  ( 5.499999999999994671, 26.50000000000003553, -20.64999999999999503 ) ) ;
#4045 = EDGE_CURVE ( 'NONE', #10059, #4629, #6950, .T. ) ;
#4046 = LINE ( 'NONE', #3420, #1169 ) ;
#4047 = LINE ( 'NONE', #3173, #8747 ) ;
#4048 = CARTESIAN_POINT ( 'NONE',  ( -24.07297172046830269, 25.02411269158615781, 13.33943459441690393 ) ) ;
#4049 = VERTEX_POINT ( 'NONE', #6852 ) ;
#4050 = ORIENTED_EDGE ( 'NONE', *, *, #1120, .F. ) ;
#4051 = CARTESIAN_POINT ( 'NONE',  ( 5.499999999999996447, 26.08040538867671287, 13.35000000000000497 ) ) ;
#4052 = ORIENTED_EDGE ( 'NONE', *, *, #2445, .T. ) ;
#4053 = CARTESIAN_POINT ( 'NONE',  ( 7.499999999999992895, 12.50000000000000000, -16.64999999999999503 ) ) ;
#4054 = DIRECTION ( 'NONE',  ( -0.9063077870366483824, 0.4226182617407028275, 0.000000000000000000 ) ) ;
#4055 = PLANE ( 'NONE',  #8530 ) ;
#4056 = ADVANCED_FACE ( 'NONE', ( #6804 ), #2093, .F. ) ;
#4057 = CARTESIAN_POINT ( 'NONE',  ( -1.500000000000008216, -9.171572875253783508, 20.00000000000000000 ) ) ;
#4058 = EDGE_CURVE ( 'NONE', #8619, #3554, #6898, .T. ) ;
#4059 = LINE ( 'NONE', #7183, #6412 ) ;
#4060 = ORIENTED_EDGE ( 'NONE', *, *, #2075, .T. ) ;
#4061 = ORIENTED_EDGE ( 'NONE', *, *, #8857, .T. ) ;
#4062 = DIRECTION ( 'NONE',  ( -3.452186021844392907E-16, 0.000000000000000000, -1.000000000000000000 ) ) ;
#4063 = ORIENTED_EDGE ( 'NONE', *, *, #2903, .T. ) ;
#4064 = CARTESIAN_POINT ( 'NONE',  ( -10.50087042905658663, 4.896636298362512463, 17.00000000000000711 ) ) ;
#4065 = CARTESIAN_POINT ( 'NONE',  ( 7.499999999999992895, -12.50000000000000000, -16.64999999999999503 ) ) ;
#4066 = CARTESIAN_POINT ( 'NONE',  ( -25.34221653938637786, 26.80160081456638466, -11.46025243704304231 ) ) ;
#4067 = SPHERICAL_SURFACE ( 'NONE', #8027, 2.000000000000000000 ) ;
#4068 = FACE_OUTER_BOUND ( 'NONE', #219, .T. ) ;
#4069 = DIRECTION ( 'NONE',  ( 0.3213335431480901505, -0.7321115859192093289, -0.6006308182325935663 ) ) ;
#4070 = ORIENTED_EDGE ( 'NONE', *, *, #7780, .F. ) ;
#4071 = ORIENTED_EDGE ( 'NONE', *, *, #2939, .F. ) ;
#4072 = CARTESIAN_POINT ( 'NONE',  ( -0.5000000000000082157, 22.54999999999999716, -8.050000000000004263 ) ) ;
#4073 = EDGE_LOOP ( 'NONE', ( #10071, #2083, #4972, #4162 ) ) ;
#4074 = ADVANCED_FACE ( 'NONE', ( #5976 ), #1467, .F. ) ;
#4075 = CARTESIAN_POINT ( 'NONE',  ( -3.107710923228276023, 75.14735810128800608, 20.22913211241443676 ) ) ;
#4076 =( BOUNDED_CURVE ( )  B_SPLINE_CURVE ( 3, ( #6085, #3579, #9239, #2212 ),
 .UNSPECIFIED., .F., .T. ) 
 B_SPLINE_CURVE_WITH_KNOTS ( ( 4, 4 ),
 ( 5.457084765252508518, 6.655533199613497430 ),
 .UNSPECIFIED. ) 
 CURVE ( )  GEOMETRIC_REPRESENTATION_ITEM ( )  RATIONAL_B_SPLINE_CURVE ( ( 1.000000000000000000, 0.8838489376241345230, 0.8838489376241345230, 1.000000000000000000 ) ) 
 REPRESENTATION_ITEM ( '' )  );
#4077 = LINE ( 'NONE', #5050, #9775 ) ;
#4078 = CARTESIAN_POINT ( 'NONE',  ( 0.000000000000000000, 24.55000000000000071, 0.000000000000000000 ) ) ;
#4079 = ADVANCED_FACE ( 'NONE', ( #2905 ), #5359, .T. ) ;
#4080 = CARTESIAN_POINT ( 'NONE',  ( 2.575014897722216478, 33.16415171301105147, -16.90642604712399688 ) ) ;
#4081 = ORIENTED_EDGE ( 'NONE', *, *, #2889, .F. ) ;
#4082 = EDGE_LOOP ( 'NONE', ( #64, #5815, #7469, #7819 ) ) ;
#4083 = LINE ( 'NONE', #1012, #4823 ) ;
#4084 = ORIENTED_EDGE ( 'NONE', *, *, #7681, .T. ) ;
#4085 = CARTESIAN_POINT ( 'NONE',  ( -22.71629261286152968, 27.39001814001279556, 13.88499447053084879 ) ) ;
#4086 = ADVANCED_FACE ( 'NONE', ( #3613 ), #4440, .F. ) ;
#4087 = CARTESIAN_POINT ( 'NONE',  ( 16.83245263440451112, 63.95652609376352160, 16.17157287525380838 ) ) ;
#4088 = CIRCLE ( 'NONE', #4111, 0.8000000000000038192 ) ;
#4089 = AXIS2_PLACEMENT_3D ( 'NONE', #2101, #7718, #5169 ) ;
#4090 = CARTESIAN_POINT ( 'NONE',  ( 15.49999999999999467, 14.50000000000000000, 10.12500000000000000 ) ) ;
#4091 = PRESENTATION_STYLE_ASSIGNMENT (( #9342 ) ) ;
#4092 = CARTESIAN_POINT ( 'NONE',  ( -26.49988843098011415, 24.31299884472742079, 11.14465620755926523 ) ) ;
#4093 = ORIENTED_EDGE ( 'NONE', *, *, #4798, .T. ) ;
#4094 = VERTEX_POINT ( 'NONE', #1425 ) ;
#4095 = CARTESIAN_POINT ( 'NONE',  ( -15.49999999999607603, 41.50000000000841993, 76.26183934523054120 ) ) ;
#4096 = EDGE_CURVE ( 'NONE', #6147, #9898, #5136, .T. ) ;
#4097 = VERTEX_POINT ( 'NONE', #3819 ) ;
#4098 = VECTOR ( 'NONE', #3764, 1000.000000000000000 ) ;
#4099 = CARTESIAN_POINT ( 'NONE',  ( 2.989911769631946381, 32.21886973618870798, 16.69526605088561411 ) ) ;
#4100 = CARTESIAN_POINT ( 'NONE',  ( -3.540020404454612191, -14.46881674172088772, 15.10136794317641673 ) ) ;
#4101 = CARTESIAN_POINT ( 'NONE',  ( -3.504274225028658485, -13.95000173435499136, -15.36075264050366229 ) ) ;
#4102 = CARTESIAN_POINT ( 'NONE',  ( -23.11112092368439619, 26.85419558091846781, 13.57330461819529965 ) ) ;
#4103 = AXIS2_PLACEMENT_3D ( 'NONE', #5331, #4555, #7835 ) ;
#4104 = CARTESIAN_POINT ( 'NONE',  ( -21.10937730428772241, 30.08965337678779406, -16.39062269571226693 ) ) ;
#4105 = ORIENTED_EDGE ( 'NONE', *, *, #7743, .T. ) ;
#4106 = VERTEX_POINT ( 'NONE', #1268 ) ;
#4107 = CYLINDRICAL_SURFACE ( 'NONE', #2549, 2.000000000000000444 ) ;
#4108 = EDGE_CURVE ( 'NONE', #8137, #3487, #1316, .T. ) ;
#4109 = ORIENTED_EDGE ( 'NONE', *, *, #7317, .T. ) ;
#4110 = DIRECTION ( 'NONE',  ( -0.9063077870366479383, 0.4226182617407037712, 0.000000000000000000 ) ) ;
#4111 = AXIS2_PLACEMENT_3D ( 'NONE', #4239, #1464, #3813 ) ;
#4112 = EDGE_CURVE ( 'NONE', #7465, #10000, #720, .T. ) ;
#4113 = CARTESIAN_POINT ( 'NONE',  ( -2.317001204249985680, 76.72666553836950243, -19.12281784209376667 ) ) ;
#4114 = CARTESIAN_POINT ( 'NONE',  ( 8.838406556587518281, 67.66566388009930222, 76.26183934523054120 ) ) ;
#4115 = DIRECTION ( 'NONE',  ( -0.4226182617407050479, -0.9063077870366472721, 0.000000000000000000 ) ) ;
#4116 = VECTOR ( 'NONE', #4776, 1000.000000000000000 ) ;
#4117 = FACE_OUTER_BOUND ( 'NONE', #4795, .T. ) ;
#4118 = DIRECTION ( 'NONE',  ( 0.4226182617407007180, 0.9063077870366492705, 0.000000000000000000 ) ) ;
#4119 = ORIENTED_EDGE ( 'NONE', *, *, #8681, .F. ) ;
#4120 = EDGE_LOOP ( 'NONE', ( #10156, #2498, #4061, #1506 ) ) ;
#4121 = LINE ( 'NONE', #2439, #7778 ) ;
#4122 = ADVANCED_FACE ( 'NONE', ( #7617 ), #4586, .F. ) ;
#4123 = VERTEX_POINT ( 'NONE', #7709 ) ;
#4124 = AXIS2_PLACEMENT_3D ( 'NONE', #8145, #1122, #7419 ) ;
#4125 = DIRECTION ( 'NONE',  ( 1.000000000000000000, 0.000000000000000000, 0.000000000000000000 ) ) ;
#4126 = LINE ( 'NONE', #329, #3366 ) ;
#4127 = DIRECTION ( 'NONE',  ( 0.000000000000000000, 1.000000000000000000, 0.000000000000000000 ) ) ;
#4128 = CARTESIAN_POINT ( 'NONE',  ( -3.499999999999996003, -9.171572875253794166, 20.00000000000000711 ) ) ;
#4129 = EDGE_CURVE ( 'NONE', #257, #788, #4389, .T. ) ;
#4130 = AXIS2_PLACEMENT_3D ( 'NONE', #2419, #8093, #5542 ) ;
#4131 = DIRECTION ( 'NONE',  ( 0.9063077870366473832, -0.4226182617407051589, -1.734723475976807292E-15 ) ) ;
#4132 = EDGE_CURVE ( 'NONE', #5443, #9171, #9222, .T. ) ;
#4133 = ORIENTED_EDGE ( 'NONE', *, *, #1116, .T. ) ;
#4134 = ORIENTED_EDGE ( 'NONE', *, *, #4593, .F. ) ;
#4135 = CARTESIAN_POINT ( 'NONE',  ( 5.363413275876496300, 72.04452465629965729, 19.49999999999999645 ) ) ;
#4136 = ORIENTED_EDGE ( 'NONE', *, *, #8389, .F. ) ;
#4137 = EDGE_CURVE ( 'NONE', #1273, #1427, #651, .T. ) ;
#4138 = CARTESIAN_POINT ( 'NONE',  ( 7.499999999999996447, -16.64999999999995595, 15.35000000000000497 ) ) ;
#4139 = VECTOR ( 'NONE', #5637, 1000.000000000000000 ) ;
#4140 = CONICAL_SURFACE ( 'NONE', #5610, 1.999999999999988010, 0.7853981633974473908 ) ;
#4141 = DIRECTION ( 'NONE',  ( 0.4226182617407039932, 0.9063077870366478273, 0.000000000000000000 ) ) ;
#4142 = CARTESIAN_POINT ( 'NONE',  ( -21.58666207013516924, 27.71035547704114776, -14.29244346858549797 ) ) ;
#4143 = EDGE_CURVE ( 'NONE', #7540, #8114, #4648, .T. ) ;
#4144 = CARTESIAN_POINT ( 'NONE',  ( 7.499999999999996447, 21.67157287525388654, 15.35000000000000675 ) ) ;
#4145 = DIRECTION ( 'NONE',  ( -0.9063077870366480493, 0.4226182617407038822, 0.000000000000000000 ) ) ;
#4146 = VECTOR ( 'NONE', #490, 1000.000000000000000 ) ;
#4147 = CARTESIAN_POINT ( 'NONE',  ( -26.44922535554628595, 24.42628789074948514, 11.15705979478025611 ) ) ;
#4148 = VECTOR ( 'NONE', #7901, 1000.000000000000000 ) ;
#4149 = ORIENTED_EDGE ( 'NONE', *, *, #9034, .T. ) ;
#4150 = ORIENTED_EDGE ( 'NONE', *, *, #7823, .T. ) ;
#4151 = DIRECTION ( 'NONE',  ( -0.8574929257125448734, 0.5144957554275253475, -0.000000000000000000 ) ) ;
#4152 = ORIENTED_EDGE ( 'NONE', *, *, #8582, .T. ) ;
#4153 = CARTESIAN_POINT ( 'NONE',  ( -20.58578643762689708, 30.11543744278039014, 16.91421356237306739 ) ) ;
#4154 = CARTESIAN_POINT ( 'NONE',  ( -3.532297368428237938, -14.38759392614573507, 15.14198599821788349 ) ) ;
#4155 = ADVANCED_FACE ( 'NONE', ( #3151 ), #21, .T. ) ;
#4156 = AXIS2_PLACEMENT_3D ( 'NONE', #4023, #750, #5456 ) ;
#4157 = CARTESIAN_POINT ( 'NONE',  ( -0.5000000000000065503, -7.549999999999999822, 8.050000000000000711 ) ) ;
#4158 = CARTESIAN_POINT ( 'NONE',  ( -23.30094255845386186, 26.51459288884705856, 13.49894441565107783 ) ) ;
#4159 = CARTESIAN_POINT ( 'NONE',  ( -24.95337886047483167, 27.72129648695521098, -11.54369027312681162 ) ) ;
#4160 = LINE ( 'NONE', #2617, #3628 ) ;
#4161 = EDGE_CURVE ( 'NONE', #257, #5109, #1048, .T. ) ;
#4162 = ORIENTED_EDGE ( 'NONE', *, *, #8058, .F. ) ;
#4163 = ORIENTED_EDGE ( 'NONE', *, *, #566, .T. ) ;
#4164 = DIRECTION ( 'NONE',  ( -0.000000000000000000, -0.000000000000000000, -1.000000000000000000 ) ) ;
#4165 = ORIENTED_EDGE ( 'NONE', *, *, #1937, .F. ) ;
#4166 = DIRECTION ( 'NONE',  ( -0.000000000000000000, -0.000000000000000000, -1.000000000000000000 ) ) ;
#4167 = CARTESIAN_POINT ( 'NONE',  ( -2.976828996322946175, 14.50000000000000000, 2.976828996322938181 ) ) ;
#4169 = LINE ( 'NONE', #1664, #4461 ) ;
#4168 = AXIS2_PLACEMENT_3D ( 'NONE', #5575, #9539, #139 ) ;
#4170 = LINE ( 'NONE', #8900, #2964 ) ;
#4171 = CIRCLE ( 'NONE', #8762, 3.000000000000002220 ) ;
#4172 = FACE_OUTER_BOUND ( 'NONE', #8476, .T. ) ;
#4173 = DIRECTION ( 'NONE',  ( 0.4226182617407039932, 0.9063077870366478273, 0.000000000000000000 ) ) ;
#4174 = ORIENTED_EDGE ( 'NONE', *, *, #3777, .F. ) ;
#4175 = ORIENTED_EDGE ( 'NONE', *, *, #4843, .F. ) ;
#4176 = CARTESIAN_POINT ( 'NONE',  ( -23.17157287525382259, -13.06467551690956164, -11.49999999999995204 ) ) ;
#4177 = AXIS2_PLACEMENT_3D ( 'NONE', #6885, #8478, #10034 ) ;
#4178 = ORIENTED_EDGE ( 'NONE', *, *, #8237, .F. ) ;
#4179 = CIRCLE ( 'NONE', #7618, 2.000000000000000000 ) ;
#4180 = CARTESIAN_POINT ( 'NONE',  ( -26.07267000221057174, 25.22050345053987996, -11.26513063663729142 ) ) ;
#4181 = CARTESIAN_POINT ( 'NONE',  ( -23.34537805927616816, 26.42164995587921084, 13.49243362700163118 ) ) ;
#4182 = FACE_OUTER_BOUND ( 'NONE', #2327, .T. ) ;
#4183 = CARTESIAN_POINT ( 'NONE',  ( -3.499999999999996447, -18.03749521123830490, 13.67841924962056055 ) ) ;
#4184 = EDGE_CURVE ( 'NONE', #9334, #3267, #9407, .T. ) ;
#4185 = VECTOR ( 'NONE', #3662, 1000.000000000000000 ) ;
#4186 = EDGE_CURVE ( 'NONE', #4520, #6069, #4025, .T. ) ;
#4187 = DIRECTION ( 'NONE',  ( -0.9063077870366480493, 0.4226182617407038822, 0.000000000000000000 ) ) ;
#4188 = ORIENTED_EDGE ( 'NONE', *, *, #8668, .F. ) ;
#4189 = VERTEX_POINT ( 'NONE', #1519 ) ;
#4190 = LINE ( 'NONE', #4232, #6973 ) ;
#4191 = VERTEX_POINT ( 'NONE', #2394 ) ;
#4192 = CARTESIAN_POINT ( 'NONE',  ( -0.07443344634339155164, 74.58023422674386893, 19.49999999999999645 ) ) ;
#4193 = ADVANCED_FACE ( 'NONE', ( #1090 ), #2341, .F. ) ;
#4194 = LINE ( 'NONE', #7318, #2956 ) ;
#4195 = CARTESIAN_POINT ( 'NONE',  ( -20.75810480698768501, 27.95142666969025314, -14.70673223584627642 ) ) ;
#4196 = CARTESIAN_POINT ( 'NONE',  ( 7.499999999999996447, -11.55000000000000071, 12.35000000000000320 ) ) ;
#4197 = PLANE ( 'NONE',  #8579 ) ;
#4198 = CARTESIAN_POINT ( 'NONE',  ( -24.22708019253994038, 29.34404018910998957, 12.26998894106172600 ) ) ;
#4199 = ORIENTED_EDGE ( 'NONE', *, *, #292, .T. ) ;
#4200 = ORIENTED_EDGE ( 'NONE', *, *, #2415, .F. ) ;
#4201 = LINE ( 'NONE', #8148, #1739 ) ;
#4202 = DIRECTION ( 'NONE',  ( 0.000000000000000000, 0.000000000000000000, 1.000000000000000000 ) ) ;
#4203 = CARTESIAN_POINT ( 'NONE',  ( -3.551184363501545871, -14.57429273769416689, 15.04861546547800977 ) ) ;
#4204 = CYLINDRICAL_SURFACE ( 'NONE', #10024, 5.000000000000000000 ) ;
#4205 = CARTESIAN_POINT ( 'NONE',  ( -23.06769923561525104, 26.92615563132135748, 13.59961580934029080 ) ) ;
#4206 = CARTESIAN_POINT ( 'NONE',  ( -7.806255641895581388E-17, -14.50000000000000000, -0.8999999999999950262 ) ) ;
#4207 = ORIENTED_EDGE ( 'NONE', *, *, #1074, .F. ) ;
#4208 = CARTESIAN_POINT ( 'NONE',  ( -0.5000000000000067724, 22.55000000000000071, 6.050000000000006040 ) ) ;
#4209 = B_SPLINE_CURVE_WITH_KNOTS ( 'NONE', 3,
 ( #8821, #8186, #1791, #1018, #4142, #6544, #7269, #2657, #3375, #9647, #2602, #5728, #1845, #1072, #4195, #7319, #2102, #565, #2963, #8397, #9182, #6817, #3681, #614, #1380, #2861, #5989, #6759, #9907, #6130, #3573, #7576, #9286, #8243, #3622, #9132, #1278, #5222, #10056 ),
 .UNSPECIFIED., .F., .F.,
 ( 4, 2, 1, 1, 2, 2, 2, 1, 1, 1, 2, 2, 2, 1, 1, 1, 2, 2, 2, 1, 1, 1, 2, 2, 4 ),
 ( 0.000000000000000000, 0.1249999999999935052, 0.1874999999999883704, 0.2187499999999852618, 0.2343749999999842626, 0.2499999999999832911, 0.3749999999999761857, 0.4374999999999722999, 0.4687499999999709677, 0.4843749999999716338, 0.4921874999999729106, 0.4999999999999742428, 0.6249999999999756861, 0.6874999999999756861, 0.7187499999999741318, 0.7343749999999743538, 0.7421874999999759082, 0.7499999999999773515, 0.8124999999999873435, 0.8437499999999935607, 0.8593749999999981126, 0.8671874999999998890, 0.8710937499999995559, 0.8749999999999992228, 1.000000000000000000 ),
 .UNSPECIFIED. ) ;
#4210 = ORIENTED_EDGE ( 'NONE', *, *, #6879, .F. ) ;
#4211 = ORIENTED_EDGE ( 'NONE', *, *, #6838, .T. ) ;
#4212 = LINE ( 'NONE', #1040, #9606 ) ;
#4213 = VERTEX_POINT ( 'NONE', #4208 ) ;
#4214 = CARTESIAN_POINT ( 'NONE',  ( -14.67157287525379061, 43.27656770215606485, -21.99999999999999289 ) ) ;
#4215 = FACE_OUTER_BOUND ( 'NONE', #6378, .T. ) ;
#4216 = CARTESIAN_POINT ( 'NONE',  ( -3.804871848212103114, -16.41110379644790029, 14.22278678657721329 ) ) ;
#4217 = FACE_OUTER_BOUND ( 'NONE', #7304, .T. ) ;
#4218 = DIRECTION ( 'NONE',  ( 1.000000000000000000, 0.000000000000000000, 0.000000000000000000 ) ) ;
#4219 = CARTESIAN_POINT ( 'NONE',  ( -3.796011084646401024, 40.57106781186543998, -17.00000000000000000 ) ) ;
#4220 = ORIENTED_EDGE ( 'NONE', *, *, #1341, .F. ) ;
#4221 = ORIENTED_EDGE ( 'NONE', *, *, #3327, .T. ) ;
#4222 = CARTESIAN_POINT ( 'NONE',  ( -25.50000000000000355, 26.36619136811596320, 11.44883229912635692 ) ) ;
#4223 = VERTEX_POINT ( 'NONE', #5561 ) ;
#4224 = EDGE_CURVE ( 'NONE', #5186, #803, #7107, .T. ) ;
#4225 = CARTESIAN_POINT ( 'NONE',  ( -24.88836697610043558, 27.86655026558836923, -11.56663926520533714 ) ) ;
#4226 = CARTESIAN_POINT ( 'NONE',  ( -20.58578643762689708, 30.11543744278039014, 16.91421356237306739 ) ) ;
#4227 = DIRECTION ( 'NONE',  ( 8.379335841787854049E-17, -1.000000000000000000, 0.000000000000000000 ) ) ;
#4228 = CARTESIAN_POINT ( 'NONE',  ( -3.499999999999996447, -17.84332131148471845, 13.76394736000654007 ) ) ;
#4229 = CARTESIAN_POINT ( 'NONE',  ( -8.794298492471739337, 41.68321379064190069, -19.49999999999999645 ) ) ;
#4230 = VERTEX_POINT ( 'NONE', #5514 ) ;
#4231 = ORIENTED_EDGE ( 'NONE', *, *, #2455, .T. ) ;
#4232 = CARTESIAN_POINT ( 'NONE',  ( -23.17157287525380838, 26.11543744278040080, 13.49999999999998046 ) ) ;
#4233 = ORIENTED_EDGE ( 'NONE', *, *, #8090, .F. ) ;
#4234 = DIRECTION ( 'NONE',  ( 0.4226182617407043263, 0.9063077870366476052, 0.000000000000000000 ) ) ;
#4235 = EDGE_CURVE ( 'NONE', #396, #905, #6377, .T. ) ;
#4236 = FACE_OUTER_BOUND ( 'NONE', #780, .T. ) ;
#4237 = ADVANCED_FACE ( 'NONE', ( #8645 ), #852, .F. ) ;
#4238 = CARTESIAN_POINT ( 'NONE',  ( 0.8135401666596632220, 33.89287128866734378, 11.00000000000000711 ) ) ;
#4239 = CARTESIAN_POINT ( 'NONE',  ( -14.23214521469162719, 44.21892336108612653, 19.49999999999999645 ) ) ;
#4240 = DIRECTION ( 'NONE',  ( -0.7071067811865512365, -0.7071067811865437980, 0.000000000000000000 ) ) ;
#4241 = CARTESIAN_POINT ( 'NONE',  ( -23.86602025331172428, 25.37931289526008527, 13.40025779879698753 ) ) ;
#4242 = ORIENTED_EDGE ( 'NONE', *, *, #2120, .T. ) ;
#4243 = VERTEX_POINT ( 'NONE', #10144 ) ;
#4244 = CARTESIAN_POINT ( 'NONE',  ( -23.75938300643587908, 28.59151365020602142, -13.74061699356408539 ) ) ;
#4245 = LINE ( 'NONE', #352, #4773 ) ;
#4246 = CARTESIAN_POINT ( 'NONE',  ( -3.623762847931340403, -15.05683635748782301, 14.80736104747263226 ) ) ;
#4247 = CARTESIAN_POINT ( 'NONE',  ( -25.50000000000000355, -13.99999999999997513, 10.20056438610884086 ) ) ;
#4248 = CARTESIAN_POINT ( 'NONE',  ( -3.499999999999994671, -17.71249026034016794, -13.82054699437894207 ) ) ;
#4249 = EDGE_CURVE ( 'NONE', #4572, #5093, #369, .T. ) ;
#4250 = PLANE ( 'NONE',  #5595 ) ;
#4251 = EDGE_CURVE ( 'NONE', #5430, #6072, #9720, .T. ) ;
#4252 = ORIENTED_EDGE ( 'NONE', *, *, #4684, .F. ) ;
#4253 = EDGE_CURVE ( 'NONE', #1292, #2261, #3434, .T. ) ;
#4254 = DIRECTION ( 'NONE',  ( -0.4226182617407044928, -0.9063077870366477162, 4.336808689942024836E-15 ) ) ;
#4255 = VECTOR ( 'NONE', #4127, 1000.000000000000000 ) ;
#4256 = EDGE_CURVE ( 'NONE', #4191, #6579, #802, .T. ) ;
#4257 = EDGE_LOOP ( 'NONE', ( #9207, #9030, #5680, #521 ) ) ;
#4258 = VERTEX_POINT ( 'NONE', #3919 ) ;
#4259 = CARTESIAN_POINT ( 'NONE',  ( -2.994904772160645656, 42.28904584305501402, 76.26183934523054120 ) ) ;
#4260 = ORIENTED_EDGE ( 'NONE', *, *, #8851, .T. ) ;
#4261 = DIRECTION ( 'NONE',  ( 0.000000000000000000, 0.000000000000000000, 1.000000000000000000 ) ) ;
#4262 = EDGE_CURVE ( 'NONE', #8499, #8632, #4792, .T. ) ;
#4263 = DIRECTION ( 'NONE',  ( 0.000000000000000000, -1.000000000000000000, 0.000000000000000000 ) ) ;
#4264 = VECTOR ( 'NONE', #5914, 1000.000000000000000 ) ;
#4265 = CARTESIAN_POINT ( 'NONE',  ( -0.7867408099724427784, 36.34713708645864472, 22.00000000000000000 ) ) ;
#4266 = CARTESIAN_POINT ( 'NONE',  ( 15.63212844498096032, 20.00000000000000000, -21.58578643762690064 ) ) ;
#4267 = DIRECTION ( 'NONE',  ( 1.000000000000000000, 0.000000000000000000, 0.000000000000000000 ) ) ;
#4268 = EDGE_CURVE ( 'NONE', #2113, #8159, #2524, .T. ) ;
#4269 = CYLINDRICAL_SURFACE ( 'NONE', #886, 1.000000000000000888 ) ;
#4270 = EDGE_LOOP ( 'NONE', ( #840, #7770 ) ) ;
#4271 = ORIENTED_EDGE ( 'NONE', *, *, #8964, .F. ) ;
#4272 = DIRECTION ( 'NONE',  ( -0.6509445549041189549, 0.3905667329424701850, 0.6509445549041206203 ) ) ;
#4273 = VECTOR ( 'NONE', #1692, 1000.000000000000000 ) ;
#4274 = ORIENTED_EDGE ( 'NONE', *, *, #3929, .T. ) ;
#4275 = CARTESIAN_POINT ( 'NONE',  ( -24.13639636952588319, 24.90299195481912164, -13.32579647185027838 ) ) ;
#4276 = CARTESIAN_POINT ( 'NONE',  ( -23.71635349233338275, 25.68168689892634049, 13.42528533827951165 ) ) ;
#4277 = TOROIDAL_SURFACE ( 'NONE', #5588, 12.24999999999999822, 2.000000000000000000 ) ;
#4278 = CYLINDRICAL_SURFACE ( 'NONE', #551, 1.049999999999998712 ) ;
#4279 = DIRECTION ( 'NONE',  ( 0.000000000000000000, 0.000000000000000000, -1.000000000000000000 ) ) ;
#4280 = CARTESIAN_POINT ( 'NONE',  ( 0.9821122078874527928, 76.84600369442927104, -20.00000000000000355 ) ) ;
#4281 = AXIS2_PLACEMENT_3D ( 'NONE', #9810, #10009, #7636 ) ;
#4282 =( BOUNDED_CURVE ( )  B_SPLINE_CURVE ( 3, ( #6547, #3523, #7475, #2753 ),
 .UNSPECIFIED., .F., .T. ) 
 B_SPLINE_CURVE_WITH_KNOTS ( ( 4, 4 ),
 ( 5.910837414745677698, 7.109285849106665722 ),
 .UNSPECIFIED. ) 
 CURVE ( )  GEOMETRIC_REPRESENTATION_ITEM ( )  RATIONAL_B_SPLINE_CURVE ( ( 1.000000000000000000, 0.8838489376241347451, 0.8838489376241347451, 1.000000000000000000 ) ) 
 REPRESENTATION_ITEM ( '' )  );
#4283 = DIRECTION ( 'NONE',  ( 0.000000000000000000, 0.000000000000000000, 1.000000000000000000 ) ) ;
#4284 = VECTOR ( 'NONE', #7018, 1000.000000000000000 ) ;
#4285 = ORIENTED_EDGE ( 'NONE', *, *, #3680, .T. ) ;
#4286 = ORIENTED_EDGE ( 'NONE', *, *, #7674, .F. ) ;
#4287 = DIRECTION ( 'NONE',  ( -1.000000000000000000, -0.000000000000000000, 0.000000000000000000 ) ) ;
#4288 = ORIENTED_EDGE ( 'NONE', *, *, #6077, .T. ) ;
#4289 = ADVANCED_FACE ( 'NONE', ( #3101 ), #7817, .F. ) ;
#4290 = FACE_OUTER_BOUND ( 'NONE', #7723, .T. ) ;
#4291 = AXIS2_PLACEMENT_3D ( 'NONE', #429, #6674, #8269 ) ;
#4292 = CYLINDRICAL_SURFACE ( 'NONE', #2618, 0.8000000000000038192 ) ;
#4293 = CARTESIAN_POINT ( 'NONE',  ( -2.833333333333333481, -14.14297739604483972, 15.97140452079101181 ) ) ;
#4294 = DIRECTION ( 'NONE',  ( -8.379335841787854049E-17, 1.000000000000000000, 0.000000000000000000 ) ) ;
#4295 = CARTESIAN_POINT ( 'NONE',  ( 12.69634200735406893, 20.00000000000000000, -18.64999999999999503 ) ) ;
#4296 = EDGE_LOOP ( 'NONE', ( #1657, #9350, #205, #5652, #7007, #9528 ) ) ;
#4297 = EDGE_LOOP ( 'NONE', ( #2785, #5462, #25, #2586, #8448, #7934, #8007, #1270, #1189, #6392, #6250, #10082, #3092, #7409 ) ) ;
#4298 = CARTESIAN_POINT ( 'NONE',  ( -23.60039600470213728, 28.75742858425431336, -13.89960399529781654 ) ) ;
#4299 = VECTOR ( 'NONE', #9473, 1000.000000000000000 ) ;
#4300 = CARTESIAN_POINT ( 'NONE',  ( -12.74311771725916564, 40.21444467892609964, 24.75688228274078284 ) ) ;
#4301 = VECTOR ( 'NONE', #7113, 1000.000000000000000 ) ;
#4302 = DIRECTION ( 'NONE',  ( 0.9063077870366479383, -0.4226182617407037712, 0.000000000000000000 ) ) ;
#4303 = CIRCLE ( 'NONE', #7091, 1.049999999999998046 ) ;
#4304 = CARTESIAN_POINT ( 'NONE',  ( 8.914213562373095812, 23.08578643762689708, -20.64999999999999503 ) ) ;
#4305 = EDGE_CURVE ( 'NONE', #8699, #9388, #8155, .T. ) ;
#4306 = DIRECTION ( 'NONE',  ( -0.3017325093043966566, -0.6741503885739714708, -0.6741503885739706936 ) ) ;
#4307 = ORIENTED_EDGE ( 'NONE', *, *, #10, .F. ) ;
#4308 = CARTESIAN_POINT ( 'NONE',  ( -22.71629261286332380, 27.39001814001283819, -13.88499447053050773 ) ) ;
#4309 = ADVANCED_FACE ( 'NONE', ( #7589 ), #8257, .F. ) ;
#4310 = EDGE_LOOP ( 'NONE', ( #9700, #9786, #6807 ) ) ;
#4311 = ORIENTED_EDGE ( 'NONE', *, *, #7455, .T. ) ;
#4312 = CARTESIAN_POINT ( 'NONE',  ( 3.500000000000003109, 18.50000000000000000, 10.00000000000000000 ) ) ;
#4313 = ORIENTED_EDGE ( 'NONE', *, *, #361, .T. ) ;
#4314 = AXIS2_PLACEMENT_3D ( 'NONE', #509, #9028, #1228 ) ;
#4315 = CARTESIAN_POINT ( 'NONE',  ( -23.17157287525380838, -13.06467551690956874, 11.49999999999998046 ) ) ;
#4316 = EDGE_CURVE ( 'NONE', #3487, #6382, #1356, .T. ) ;
#4317 = B_SPLINE_CURVE_WITH_KNOTS ( 'NONE', 3,
 ( #5227, #2758, #6608, #9757 ),
 .UNSPECIFIED., .F., .F.,
 ( 4, 4 ),
 ( 0.000000000000000000, 1.000000000000000000 ),
 .UNSPECIFIED. ) ;
#4318 = DIRECTION ( 'NONE',  ( 0.4226182617407038267, 0.9063077870366480493, 0.000000000000000000 ) ) ;
#4319 = EDGE_CURVE ( 'NONE', #4983, #6578, #9768, .T. ) ;
#4320 = CARTESIAN_POINT ( 'NONE',  ( -22.79066191663363838, 26.17250194861313162, -13.49999999999995559 ) ) ;
#4321 = DIRECTION ( 'NONE',  ( 0.9063077870366480493, -0.4226182617407037712, 0.000000000000000000 ) ) ;
#4322 = CARTESIAN_POINT ( 'NONE',  ( -15.50000000000000178, 41.50000000000000000, 21.82035944224890756 ) ) ;
#4323 = PLANE ( 'NONE',  #1383 ) ;
#4324 = EDGE_LOOP ( 'NONE', ( #470, #9548, #7567, #7395 ) ) ;
#4325 = ORIENTED_EDGE ( 'NONE', *, *, #2752, .T. ) ;
#4326 = CARTESIAN_POINT ( 'NONE',  ( -16.40630778703273052, 41.92261826174912187, -19.99999999999999289 ) ) ;
#4327 = ORIENTED_EDGE ( 'NONE', *, *, #1838, .T. ) ;
#4328 = CARTESIAN_POINT ( 'NONE',  ( -23.58683743924806464, 25.91094039448312358, -13.45993217699025379 ) ) ;
#4329 = ADVANCED_FACE ( 'NONE', ( #360 ), #3623, .F. ) ;
#4330 = AXIS2_PLACEMENT_3D ( 'NONE', #5057, #8088, #499 ) ;
#4331 = VECTOR ( 'NONE', #503, 1000.000000000000000 ) ;
#4332 = CARTESIAN_POINT ( 'NONE',  ( -24.14836264278892841, 25.06477244330359611, 13.24535957022061261 ) ) ;
#4333 = LINE ( 'NONE', #6686, #7414 ) ;
#4334 = PLANE ( 'NONE',  #175 ) ;
#4335 = CYLINDRICAL_SURFACE ( 'NONE', #2829, 2.000000000000002665 ) ;
#4336 = CARTESIAN_POINT ( 'NONE',  ( 7.499999999999992895, 12.50000000000000000, -16.64999999999999503 ) ) ;
#4337 = CONICAL_SURFACE ( 'NONE', #10086, 10.25000000000000000, 0.7853981633974421728 ) ;
#4338 = DIRECTION ( 'NONE',  ( 0.9156814542322437855, 0.4019048076038942430, 0.000000000000000000 ) ) ;
#4339 = CIRCLE ( 'NONE', #9765, 8.250000000000001776 ) ;
#4340 = EDGE_LOOP ( 'NONE', ( #9820, #5527, #3471, #3010, #7278, #1175, #4833, #4654, #6135, #4093 ) ) ;
#4341 = ORIENTED_EDGE ( 'NONE', *, *, #6916, .F. ) ;
#4342 = CARTESIAN_POINT ( 'NONE',  ( 7.499999999999996447, 12.50000000000000000, 12.35000000000000320 ) ) ;
#4343 = ORIENTED_EDGE ( 'NONE', *, *, #5458, .F. ) ;
#4344 = ORIENTED_EDGE ( 'NONE', *, *, #8348, .T. ) ;
#4345 = CYLINDRICAL_SURFACE ( 'NONE', #2379, 0.9499999999999980682 ) ;
#4346 = CIRCLE ( 'NONE', #915, 1.000000000000000888 ) ;
#4347 = DIRECTION ( 'NONE',  ( -0.9063077870366479383, 0.4226182617407037712, -0.000000000000000000 ) ) ;
#4348 = CIRCLE ( 'NONE', #2395, 1.999999999999996669 ) ;
#4349 = CARTESIAN_POINT ( 'NONE',  ( -3.357429408866139831, -18.48347290128109321, -13.51652709871887303 ) ) ;
#4350 =( BOUNDED_CURVE ( )  B_SPLINE_CURVE ( 3, ( #4222, #231, #7350, #6580 ),
 .UNSPECIFIED., .F., .T. ) 
 B_SPLINE_CURVE_WITH_KNOTS ( ( 4, 4 ),
 ( 3.074929213223037028, 3.309268103305899267 ),
 .UNSPECIFIED. ) 
 CURVE ( )  GEOMETRIC_REPRESENTATION_ITEM ( )  RATIONAL_B_SPLINE_CURVE ( ( 1.000000000000000000, 0.9954290067826991883, 0.9954290067826991883, 1.000000000000000000 ) ) 
 REPRESENTATION_ITEM ( '' )  );
#4351 = VECTOR ( 'NONE', #6659, 1000.000000000000000 ) ;
#4352 = EDGE_CURVE ( 'NONE', #958, #3844, #1290, .T. ) ;
#4353 = SPHERICAL_SURFACE ( 'NONE', #4314, 2.000000000000000000 ) ;
#4354 = CARTESIAN_POINT ( 'NONE',  ( -24.11994142498679849, 24.89579491444662551, 13.34596795780945300 ) ) ;
#4355 = VERTEX_POINT ( 'NONE', #4365 ) ;
#4356 = ORIENTED_EDGE ( 'NONE', *, *, #2605, .T. ) ;
#4357 = CARTESIAN_POINT ( 'NONE',  ( -2.279720836620454882, 76.76712344017333578, 19.49999999999999645 ) ) ;
#4358 = VECTOR ( 'NONE', #3727, 1000.000000000000000 ) ;
#4359 = CARTESIAN_POINT ( 'NONE',  ( 5.499999999999994671, -9.999999999999976907, 22.00000000000000000 ) ) ;
#4360 = EDGE_CURVE ( 'NONE', #6091, #9807, #3584, .T. ) ;
#4361 = CARTESIAN_POINT ( 'NONE',  ( -3.756681345880742651, -15.63206213352422225, -14.51975182618735793 ) ) ;
#4362 = CARTESIAN_POINT ( 'NONE',  ( -1.897929509163475137, -16.86326505172223378, 15.13673494827772004 ) ) ;
#4363 = CARTESIAN_POINT ( 'NONE',  ( -25.08534545301894170, 27.42143246096516762, 11.50833749146026186 ) ) ;
#4364 = ORIENTED_EDGE ( 'NONE', *, *, #2077, .F. ) ;
#4365 = CARTESIAN_POINT ( 'NONE',  ( 25.50000000000000355, 11.55000000000000071, 5.000000000000000000 ) ) ;
#4366 = EDGE_LOOP ( 'NONE', ( #1561, #5315, #5759, #7577, #10049, #2178, #956, #725 ) ) ;
#4367 = ORIENTED_EDGE ( 'NONE', *, *, #1051, .F. ) ;
#4368 = CARTESIAN_POINT ( 'NONE',  ( 5.025318666483935104, 71.31947842667034365, 19.49999999999999645 ) ) ;
#4369 = ORIENTED_EDGE ( 'NONE', *, *, #196, .F. ) ;
#4370 = CARTESIAN_POINT ( 'NONE',  ( 7.499999999999996447, 20.00000000000000000, 15.35000000000000675 ) ) ;
#4371 = EDGE_CURVE ( 'NONE', #5703, #10020, #2878, .T. ) ;
#4372 = LINE ( 'NONE', #6784, #9010 ) ;
#4373 = CARTESIAN_POINT ( 'NONE',  ( 0.3336919412184164435, 39.96243819787186169, 22.00000000000000000 ) ) ;
#4374 = CARTESIAN_POINT ( 'NONE',  ( -2.918003533636992497, -18.16075020949031327, 13.83924979050964410 ) ) ;
#4375 = EDGE_CURVE ( 'NONE', #300, #9898, #6000, .T. ) ;
#4376 = CARTESIAN_POINT ( 'NONE',  ( 0.000000000000000000, -14.50000000000000000, 0.000000000000000000 ) ) ;
#4377 = DIRECTION ( 'NONE',  ( 1.000000000000000000, 0.000000000000000000, 0.000000000000000000 ) ) ;
#4378 = ORIENTED_EDGE ( 'NONE', *, *, #1389, .F. ) ;
#4379 = ORIENTED_EDGE ( 'NONE', *, *, #950, .F. ) ;
#4380 = FACE_OUTER_BOUND ( 'NONE', #6185, .T. ) ;
#4381 = VERTEX_POINT ( 'NONE', #5132 ) ;
#4382 = B_SPLINE_CURVE_WITH_KNOTS ( 'NONE', 3,
 ( #263, #304, #4101, #9505, #8049, #1858, #3334, #6462, #2467, #5591, #1031, #7284, #3388, #6509, #4979, #8731, #8107, #2669, #5792, #1707, #7181, #155, #3281, #5941, #1953, #8351, #9037, #5888, #1286, #2761, #4361, #573, #622, #4514, #7638 ),
 .UNSPECIFIED., .F., .F.,
 ( 4, 2, 1, 2, 2, 1, 1, 1, 2, 2, 2, 1, 1, 1, 2, 2, 2, 1, 1, 2, 2, 4 ),
 ( 0.000000000000000000, 0.1249999999999717726, 0.1562499999999640565, 0.1640624999999626410, 0.1718749999999612532, 0.1874999999999605593, 0.2187499999999592548, 0.2343749999999585887, 0.2421874999999586719, 0.2499999999999587552, 0.3749999999999397149, 0.4374999999999302780, 0.4687499999999260036, 0.4843749999999234501, 0.4921874999999234501, 0.4999999999999233946, 0.6249999999999464873, 0.6874999999999589217, 0.7187499999999654721, 0.7343749999999679146, 0.7499999999999685807, 1.000000000000000000 ),
 .UNSPECIFIED. ) ;
#4383 = CARTESIAN_POINT ( 'NONE',  ( -28.62702616978954850, 13.34900153317659033, 21.99999999999999289 ) ) ;
#4384 = LINE ( 'NONE', #5253, #4185 ) ;
#4385 = DIRECTION ( 'NONE',  ( 0.000000000000000000, 0.000000000000000000, -1.000000000000000000 ) ) ;
#4386 = CYLINDRICAL_SURFACE ( 'NONE', #6553, 5.000000000000000000 ) ;
#4387 = CARTESIAN_POINT ( 'NONE',  ( -3.499999999999996003, -9.171572875253783508, 20.00000000000001066 ) ) ;
#4388 = CARTESIAN_POINT ( 'NONE',  ( -18.21892336110993682, 42.76785478522211292, -18.27814577249171890 ) ) ;
#4389 = LINE ( 'NONE', #2951, #1542 ) ;
#4390 = EDGE_CURVE ( 'NONE', #9334, #1874, #5796, .T. ) ;
#4391 = ORIENTED_EDGE ( 'NONE', *, *, #3255, .F. ) ;
#4392 = EDGE_LOOP ( 'NONE', ( #3209, #4364 ) ) ;
#4393 = DIRECTION ( 'NONE',  ( 0.9063077870366479383, -0.4226182617407038267, -0.000000000000000000 ) ) ;
#4394 = ORIENTED_EDGE ( 'NONE', *, *, #6199, .F. ) ;
#4395 = EDGE_LOOP ( 'NONE', ( #4819, #5627, #6335, #1164 ) ) ;
#4396 = EDGE_CURVE ( 'NONE', #5226, #3232, #4956, .T. ) ;
#4397 = CARTESIAN_POINT ( 'NONE',  ( -22.82494423933780681, 27.27645646755571107, -13.78928140578631911 ) ) ;
#4398 = DIRECTION ( 'NONE',  ( 0.9063077870366480493, -0.4226182617407037712, 0.000000000000000000 ) ) ;
#4399 = EDGE_CURVE ( 'NONE', #1741, #839, #577, .T. ) ;
#4400 = LINE ( 'NONE', #6129, #9845 ) ;
#4401 = CARTESIAN_POINT ( 'NONE',  ( -4.428714704433062366, -17.06925933890800096, -13.80115676817286108 ) ) ;
#4402 = CARTESIAN_POINT ( 'NONE',  ( 25.50000000000000355, -14.50000000000000000, -17.39999999999999858 ) ) ;
#4403 = B_SPLINE_CURVE_WITH_KNOTS ( 'NONE', 3,
 ( #8617, #7680, #2164, #4556, #6143, #2313, #9967, #5426 ),
 .UNSPECIFIED., .F., .F.,
 ( 4, 2, 2, 4 ),
 ( 0.000000000000000000, 0.2500000000000005551, 0.5000000000000011102, 1.000000000000000000 ),
 .UNSPECIFIED. ) ;
#4404 = DIRECTION ( 'NONE',  ( -0.000000000000000000, 0.000000000000000000, -1.000000000000000000 ) ) ;
#4405 = ORIENTED_EDGE ( 'NONE', *, *, #4456, .F. ) ;
#4406 = DIRECTION ( 'NONE',  ( -0.3131456130149767869, -0.6715429342378175237, 0.6715429342378167465 ) ) ;
#4407 = ADVANCED_FACE ( 'NONE', ( #8201 ), #5080, .T. ) ;
#4408 = CARTESIAN_POINT ( 'NONE',  ( 5.331362908464481798, 26.88421500388450269, 13.35000000000000142 ) ) ;
#4409 = CARTESIAN_POINT ( 'NONE',  ( -14.67589438951936565, 43.26730018469763905, 19.49999999999999645 ) ) ;
#4410 = CARTESIAN_POINT ( 'NONE',  ( -3.890474587444639809, -16.07408277706733557, 14.29874504909321509 ) ) ;
#4411 = CARTESIAN_POINT ( 'NONE',  ( -28.62702616978954850, 13.34900153317659033, -21.99999999999999289 ) ) ;
#4412 = EDGE_CURVE ( 'NONE', #2621, #7514, #7627, .T. ) ;
#4413 = ORIENTED_EDGE ( 'NONE', *, *, #7016, .F. ) ;
#4414 = ORIENTED_EDGE ( 'NONE', *, *, #563, .F. ) ;
#4415 = VERTEX_POINT ( 'NONE', #5947 ) ;
#4416 = DIRECTION ( 'NONE',  ( 0.4226182617407039377, 0.9063077870366479383, 0.000000000000000000 ) ) ;
#4417 = CIRCLE ( 'NONE', #3429, 2.000000000000000000 ) ;
#4418 = ORIENTED_EDGE ( 'NONE', *, *, #6499, .T. ) ;
#4419 = CARTESIAN_POINT ( 'NONE',  ( -19.92309314064446468, 28.07982477661893128, 15.12423937003259589 ) ) ;
#4420 = DIRECTION ( 'NONE',  ( -1.000000000000000000, -0.000000000000000000, -0.000000000000000000 ) ) ;
#4421 = CARTESIAN_POINT ( 'NONE',  ( 0.7913318920512439902, 39.11447033539375440, 21.26178042275988744 ) ) ;
#4422 = DIRECTION ( 'NONE',  ( 0.4226182617407036601, 0.9063077870366480493, 0.000000000000000000 ) ) ;
#4423 = CARTESIAN_POINT ( 'NONE',  ( 0.2015934349304000228, 39.24860252858045584, -21.99999999999999645 ) ) ;
#4424 = COLOUR_RGB ( '',0.7921568627450980005, 0.8196078431372548767, 0.9333333333333333481 ) ;
#4425 = LINE ( 'NONE', #2081, #345 ) ;
#4426 = EDGE_CURVE ( 'NONE', #4918, #6988, #7424, .T. ) ;
#4427 = EDGE_LOOP ( 'NONE', ( #5175, #502, #2652, #2098, #3586, #8996, #4614, #3210 ) ) ;
#4428 = ORIENTED_EDGE ( 'NONE', *, *, #9071, .T. ) ;
#4429 = CARTESIAN_POINT ( 'NONE',  ( -5.530614342596868127, 26.50000000000000355, 5.000000000000056843 ) ) ;
#4430 = ORIENTED_EDGE ( 'NONE', *, *, #10110, .T. ) ;
#4431 = EDGE_CURVE ( 'NONE', #8235, #7024, #8308, .T. ) ;
#4432 = LINE ( 'NONE', #4631, #4507 ) ;
#4433 = VECTOR ( 'NONE', #534, 1000.000000000000000 ) ;
#4434 = DIRECTION ( 'NONE',  ( -1.000000000000000000, 0.000000000000000000, 0.000000000000000000 ) ) ;
#4435 = CARTESIAN_POINT ( 'NONE',  ( -2.500000000000003109, -7.549999999999999822, 8.050000000000000711 ) ) ;
#4436 = FACE_OUTER_BOUND ( 'NONE', #9563, .T. ) ;
#4437 = CARTESIAN_POINT ( 'NONE',  ( -5.499999999999996447, -15.49999999999997335, -13.49999999999995026 ) ) ;
#4438 = CARTESIAN_POINT ( 'NONE',  ( 11.39634200735408420, 20.60365799264596021, 17.35000000000000853 ) ) ;
#4439 = EDGE_CURVE ( 'NONE', #9333, #7126, #3473, .T. ) ;
#4440 = CYLINDRICAL_SURFACE ( 'NONE', #9909, 1.049999999999991163 ) ;
#4441 = EDGE_LOOP ( 'NONE', ( #7666, #5700, #7795, #1375 ) ) ;
#4442 = EDGE_LOOP ( 'NONE', ( #3257, #8580, #2248, #8040, #4714, #1811, #868, #7370, #7889, #729, #4152, #8749 ) ) ;
#4443 = CARTESIAN_POINT ( 'NONE',  ( 3.349249737113416447, 39.33071801090766684, -13.99999999999999822 ) ) ;
#4444 = ORIENTED_EDGE ( 'NONE', *, *, #3880, .F. ) ;
#4445 = EDGE_CURVE ( 'NONE', #8468, #3137, #541, .T. ) ;
#4446 = ORIENTED_EDGE ( 'NONE', *, *, #8586, .F. ) ;
#4447 = CARTESIAN_POINT ( 'NONE',  ( 25.50000000000000355, -11.55000000000000071, 0.000000000000000000 ) ) ;
#4448 = DIRECTION ( 'NONE',  ( -1.000000000000000000, -0.000000000000000000, -0.000000000000000000 ) ) ;
#4449 = EDGE_CURVE ( 'NONE', #5719, #8059, #4463, .T. ) ;
#4450 = CARTESIAN_POINT ( 'NONE',  ( 7.499999999999992895, -12.50000000000000000, -18.64999999999999147 ) ) ;
#4451 = LINE ( 'NONE', #9961, #1350 ) ;
#4452 = EDGE_CURVE ( 'NONE', #4189, #4011, #6195, .T. ) ;
#4453 = VECTOR ( 'NONE', #8788, 1000.000000000000000 ) ;
#4454 = FACE_OUTER_BOUND ( 'NONE', #2596, .T. ) ;
#4455 = ORIENTED_EDGE ( 'NONE', *, *, #9794, .T. ) ;
#4456 = EDGE_CURVE ( 'NONE', #7439, #6482, #3944, .T. ) ;
#4457 = DIRECTION ( 'NONE',  ( -0.9063077870366483824, 0.4226182617407028275, 0.000000000000000000 ) ) ;
#4458 = VECTOR ( 'NONE', #3689, 999.9999999999998863 ) ;
#4459 = EDGE_CURVE ( 'NONE', #683, #6504, #785, .T. ) ;
#4460 = DIRECTION ( 'NONE',  ( 0.7071067811865465735, 0.000000000000000000, -0.7071067811865484609 ) ) ;
#4461 = VECTOR ( 'NONE', #6476, 1000.000000000000000 ) ;
#4462 = CARTESIAN_POINT ( 'NONE',  ( -3.499999999999998224, -18.18243092488162560, -13.61458239356501387 ) ) ;
#4463 = CIRCLE ( 'NONE', #1852, 5.000000000000000000 ) ;
#4464 = CARTESIAN_POINT ( 'NONE',  ( -1.880174330535791416, 38.33834747297107270, 22.00000000000000000 ) ) ;
#4465 = VECTOR ( 'NONE', #1312, 1000.000000000000000 ) ;
#4466 = EDGE_LOOP ( 'NONE', ( #5068, #3999, #6212, #10145, #2587 ) ) ;
#4467 = DIRECTION ( 'NONE',  ( 0.000000000000000000, 0.000000000000000000, 1.000000000000000000 ) ) ;
#4468 = VERTEX_POINT ( 'NONE', #1492 ) ;
#4469 = CARTESIAN_POINT ( 'NONE',  ( -16.40630778703272696, 41.92261826174912187, -21.99999999999999289 ) ) ;
#4470 = EDGE_CURVE ( 'NONE', #3836, #6300, #1689, .T. ) ;
#4471 = ORIENTED_EDGE ( 'NONE', *, *, #5504, .T. ) ;
#4472 = FACE_OUTER_BOUND ( 'NONE', #2381, .T. ) ;
#4473 = AXIS2_PLACEMENT_3D ( 'NONE', #1512, #3199, #8436 ) ;
#4474 = LINE ( 'NONE', #5901, #9340 ) ;
#4475 = CONICAL_SURFACE ( 'NONE', #47, 1.999999999999988010, 0.7853981633974482790 ) ;
#4476 = CARTESIAN_POINT ( 'NONE',  ( 5.593801475244159604, 26.28628702708785880, 14.77500334487468869 ) ) ;
#4477 = DIRECTION ( 'NONE',  ( 0.4226182617407039932, 0.9063077870366478273, 0.000000000000000000 ) ) ;
#4478 = PLANE ( 'NONE',  #9232 ) ;
#4479 = DIRECTION ( 'NONE',  ( 0.5144957554275245704, 0.8574929257125453175, 0.000000000000000000 ) ) ;
#4480 = CIRCLE ( 'NONE', #1696, 2.000000000000001776 ) ;
#4481 = EDGE_LOOP ( 'NONE', ( #4692, #9098, #5325, #9499 ) ) ;
#4482 = ORIENTED_EDGE ( 'NONE', *, *, #9707, .F. ) ;
#4483 = FACE_OUTER_BOUND ( 'NONE', #2130, .T. ) ;
#4484 = ORIENTED_EDGE ( 'NONE', *, *, #6526, .T. ) ;
#4485 = PLANE ( 'NONE',  #7435 ) ;
#4486 = CARTESIAN_POINT ( 'NONE',  ( 28.76390185419558776, 61.68438658717938949, -20.00000000000000355 ) ) ;
#4487 = VECTOR ( 'NONE', #3872, 1000.000000000000227 ) ;
#4488 = LINE ( 'NONE', #1157, #3980 ) ;
#4489 = CARTESIAN_POINT ( 'NONE',  ( -0.7694321026320629642, 75.45600638209357669, 1.073816240733570189E-31 ) ) ;
#4490 = AXIS2_PLACEMENT_3D ( 'NONE', #458, #3574, #1172 ) ;
#4491 = CARTESIAN_POINT ( 'NONE',  ( -23.16226642627018606, -15.40264014423785710, -11.86473438475082354 ) ) ;
#4492 = CARTESIAN_POINT ( 'NONE',  ( -25.50000000000000355, -14.50000000000000000, 11.99999999999998046 ) ) ;
#4493 = PLANE ( 'NONE',  #3300 ) ;
#4494 = CARTESIAN_POINT ( 'NONE',  ( 13.91470628061287229, 61.98841268678496164, -14.00000000000000178 ) ) ;
#4495 = EDGE_LOOP ( 'NONE', ( #1986, #1973, #5286 ) ) ;
#4496 = ORIENTED_EDGE ( 'NONE', *, *, #7248, .F. ) ;
#4497 = FACE_OUTER_BOUND ( 'NONE', #2722, .T. ) ;
#4498 = ORIENTED_EDGE ( 'NONE', *, *, #6321, .T. ) ;
#4499 = VERTEX_POINT ( 'NONE', #779 ) ;
#4500 = FACE_OUTER_BOUND ( 'NONE', #6401, .T. ) ;
#4501 = LINE ( 'NONE', #3013, #5823 ) ;
#4502 = EDGE_CURVE ( 'NONE', #542, #3046, #7081, .T. ) ;
#4503 = LINE ( 'NONE', #8496, #6713 ) ;
#4504 = CARTESIAN_POINT ( 'NONE',  ( -2.287281643383740182, 76.75855089837857292, 19.67445960098644875 ) ) ;
#4505 = AXIS2_PLACEMENT_3D ( 'NONE', #9940, #8323, #5247 ) ;
#4506 = EDGE_CURVE ( 'NONE', #3671, #2404, #10017, .T. ) ;
#4507 = VECTOR ( 'NONE', #597, 1000.000000000000000 ) ;
#4508 = PLANE ( 'NONE',  #8213 ) ;
#4509 = ORIENTED_EDGE ( 'NONE', *, *, #636, .F. ) ;
#4510 = CARTESIAN_POINT ( 'NONE',  ( -0.7694321026320636303, 75.45600638209357669, 19.99999999999998934 ) ) ;
#4511 = VECTOR ( 'NONE', #2329, 1000.000000000000000 ) ;
#4512 = CARTESIAN_POINT ( 'NONE',  ( 14.86006777737770435, 69.72826291233586460, 20.00000000000000355 ) ) ;
#4513 = CIRCLE ( 'NONE', #5487, 1.000000000000000888 ) ;
#4514 = CARTESIAN_POINT ( 'NONE',  ( -3.889400267146760903, -16.05332285299108364, -14.30910531326834523 ) ) ;
#4515 = DIRECTION ( 'NONE',  ( -0.4085227688752219311, -0.9127481291739369951, 0.000000000000000000 ) ) ;
#4516 = AXIS2_PLACEMENT_3D ( 'NONE', #2801, #5926, #2960 ) ;
#4517 = LINE ( 'NONE', #825, #7234 ) ;
#4518 = EDGE_LOOP ( 'NONE', ( #854, #582, #3517, #9664, #8763, #2822 ) ) ;
#4519 = LINE ( 'NONE', #7642, #5935 ) ;
#4520 = VERTEX_POINT ( 'NONE', #3897 ) ;
#4521 = DIRECTION ( 'NONE',  ( 0.000000000000000000, -1.000000000000000000, 0.000000000000000000 ) ) ;
#4522 = VERTEX_POINT ( 'NONE', #10069 ) ;
#4523 = CARTESIAN_POINT ( 'NONE',  ( -20.09416385968014396, 28.06286241228430356, 15.03870466617289026 ) ) ;
#4524 = PLANE ( 'NONE',  #660 ) ;
#4525 = DIRECTION ( 'NONE',  ( 0.000000000000000000, 0.000000000000000000, 1.000000000000000000 ) ) ;
#4526 = CARTESIAN_POINT ( 'NONE',  ( 16.35452245193055987, 34.09379318685515159, 0.000000000000000000 ) ) ;
#4527 = PLANE ( 'NONE',  #7924 ) ;
#4528 = VERTEX_POINT ( 'NONE', #3029 ) ;
#4529 = ORIENTED_EDGE ( 'NONE', *, *, #9710, .T. ) ;
#4530 = FACE_OUTER_BOUND ( 'NONE', #4931, .T. ) ;
#4531 = ORIENTED_EDGE ( 'NONE', *, *, #4058, .F. ) ;
#4532 = CARTESIAN_POINT ( 'NONE',  ( 1.949038711278484604, 13.67698214029853787, 8.675034612605969642 ) ) ;
#4533 = DIRECTION ( 'NONE',  ( 0.000000000000000000, 0.000000000000000000, 1.000000000000000000 ) ) ;
#4534 = CARTESIAN_POINT ( 'NONE',  ( -23.47502358095818309, -15.21498585142506244, 12.70056438610884442 ) ) ;
#4535 = CARTESIAN_POINT ( 'NONE',  ( -1.174776717146981397, 38.68774229473643089, 22.00000000000000355 ) ) ;
#4536 = DIRECTION ( 'NONE',  ( 0.9063077870366479383, -0.4226182617407038267, -0.000000000000000000 ) ) ;
#4537 = CARTESIAN_POINT ( 'NONE',  ( 20.68635963477277073, 43.38344800398079570, 0.000000000000000000 ) ) ;
#4538 = CARTESIAN_POINT ( 'NONE',  ( -14.67157287525376574, 43.27656770215611459, 21.99999999999999289 ) ) ;
#4539 = DIRECTION ( 'NONE',  ( 0.000000000000000000, 1.000000000000000000, 0.000000000000000000 ) ) ;
#4540 = EDGE_CURVE ( 'NONE', #299, #6471, #40, .T. ) ;
#4541 = VERTEX_POINT ( 'NONE', #9299 ) ;
#4542 = ORIENTED_EDGE ( 'NONE', *, *, #3716, .T. ) ;
#4543 = PLANE ( 'NONE',  #427 ) ;
#4544 = ORIENTED_EDGE ( 'NONE', *, *, #4129, .T. ) ;
#4545 = DIRECTION ( 'NONE',  ( 1.000000000000000000, 0.000000000000000000, -1.020425574104004122E-16 ) ) ;
#4546 = LINE ( 'NONE', #7625, #9760 ) ;
#4547 = CARTESIAN_POINT ( 'NONE',  ( 12.98068253580589371, 69.04422262568452595, -20.00000000000000355 ) ) ;
#4548 = CARTESIAN_POINT ( 'NONE',  ( -0.5000000000000082157, 22.54999999999999716, -8.050000000000004263 ) ) ;
#4549 = CARTESIAN_POINT ( 'NONE',  ( -3.499999999999996003, -17.49999999999997513, 13.91165832525016732 ) ) ;
#4550 = ORIENTED_EDGE ( 'NONE', *, *, #4161, .T. ) ;
#4551 = DIRECTION ( 'NONE',  ( 0.000000000000000000, 1.000000000000000000, 0.000000000000000000 ) ) ;
#4552 = EDGE_CURVE ( 'NONE', #9675, #3642, #6976, .T. ) ;
#4553 = CARTESIAN_POINT ( 'NONE',  ( 2.912778119957188050, 35.04838723710723514, 17.58578643762691129 ) ) ;
#4554 = EDGE_CURVE ( 'NONE', #7383, #9783, #7574, .T. ) ;
#4555 = DIRECTION ( 'NONE',  ( 1.000000000000000000, 0.000000000000000000, -0.000000000000000000 ) ) ;
#4556 = CARTESIAN_POINT ( 'NONE',  ( -24.45169807630808734, 28.84218431029848873, -11.93125531724667532 ) ) ;
#4557 = DIRECTION ( 'NONE',  ( -0.9063077870366479383, 0.4226182617407037712, -0.000000000000000000 ) ) ;
#4558 = ORIENTED_EDGE ( 'NONE', *, *, #9785, .T. ) ;
#4559 = CYLINDRICAL_SURFACE ( 'NONE', #1527, 2.000000000000000000 ) ;
#4560 = ORIENTED_EDGE ( 'NONE', *, *, #1162, .T. ) ;
#4561 = ORIENTED_EDGE ( 'NONE', *, *, #2803, .T. ) ;
#4562 = CARTESIAN_POINT ( 'NONE',  ( 16.83245263440451112, 63.95652609376350739, -16.17157287525383680 ) ) ;
#4563 = DIRECTION ( 'NONE',  ( 0.4226182617407007180, 0.9063077870366492705, 0.000000000000000000 ) ) ;
#4564 = ADVANCED_FACE ( 'NONE', ( #3845 ), #2167, .T. ) ;
#4565 = CARTESIAN_POINT ( 'NONE',  ( -3.499999999999996003, -17.49999999999997513, -13.91165832525015844 ) ) ;
#4566 = CARTESIAN_POINT ( 'NONE',  ( -25.50000000000000355, -14.50000000000000000, 11.99999999999998046 ) ) ;
#4567 = CARTESIAN_POINT ( 'NONE',  ( 12.98068253580589548, 69.04422262568452595, -22.00000000000000000 ) ) ;
#4568 = EDGE_CURVE ( 'NONE', #3180, #9731, #4628, .T. ) ;
#4569 = LINE ( 'NONE', #7694, #8367 ) ;
#4570 = CIRCLE ( 'NONE', #10162, 2.000000000000000000 ) ;
#4571 = ORIENTED_EDGE ( 'NONE', *, *, #4045, .T. ) ;
#4572 = VERTEX_POINT ( 'NONE', #828 ) ;
#4573 = ADVANCED_FACE ( 'NONE', ( #6042 ), #4559, .F. ) ;
#4574 = DIRECTION ( 'NONE',  ( -0.2792582776338186079, 0.7672558119947097133, -0.5773502691896243988 ) ) ;
#4575 = ORIENTED_EDGE ( 'NONE', *, *, #2811, .F. ) ;
#4576 = CARTESIAN_POINT ( 'NONE',  ( -17.99049490235868021, 42.66133684556584882, -19.50950509764130558 ) ) ;
#4577 = DIRECTION ( 'NONE',  ( 0.000000000000000000, 0.000000000000000000, -1.000000000000000000 ) ) ;
#4578 = EDGE_CURVE ( 'NONE', #9110, #9262, #4519, .T. ) ;
#4579 = AXIS2_PLACEMENT_3D ( 'NONE', #1964, #3592, #3649 ) ;
#4580 = CARTESIAN_POINT ( 'NONE',  ( 2.912778119957186718, 35.04838723710722093, -17.58578643762692195 ) ) ;
#4581 = DIRECTION ( 'NONE',  ( 0.000000000000000000, -1.000000000000000000, 0.000000000000000000 ) ) ;
#4582 = FACE_OUTER_BOUND ( 'NONE', #1318, .T. ) ;
#4583 = CARTESIAN_POINT ( 'NONE',  ( -22.71629261287673884, 27.39001814000938850, 13.88499447052548419 ) ) ;
#4584 = DIRECTION ( 'NONE',  ( -1.000000000000000000, 0.000000000000000000, -0.000000000000000000 ) ) ;
#4585 = CARTESIAN_POINT ( 'NONE',  ( -2.918172403122305969, -18.16081482580760209, -13.83918517419238015 ) ) ;
#4586 = CYLINDRICAL_SURFACE ( 'NONE', #7750, 1.000000000000000888 ) ;
#4587 = ORIENTED_EDGE ( 'NONE', *, *, #9947, .F. ) ;
#4588 = ORIENTED_EDGE ( 'NONE', *, *, #5849, .F. ) ;
#4589 = CARTESIAN_POINT ( 'NONE',  ( 28.42042916113265605, -25.72085306971020557, 29.70583375350948430 ) ) ;
#4590 = VECTOR ( 'NONE', #8242, 1000.000000000000000 ) ;
#4591 = ORIENTED_EDGE ( 'NONE', *, *, #70, .F. ) ;
#4592 = DIRECTION ( 'NONE',  ( -0.9063077870366474942, 0.4226182617407049369, 3.469446951953612611E-15 ) ) ;
#4593 = EDGE_CURVE ( 'NONE', #4835, #9513, #6403, .T. ) ;
#4594 = FACE_OUTER_BOUND ( 'NONE', #3888, .T. ) ;
#4595 = DIRECTION ( 'NONE',  ( 0.9063077870366479383, -0.4226182617407037712, -0.000000000000000000 ) ) ;
#4596 = CARTESIAN_POINT ( 'NONE',  ( 16.04634200735405258, 20.00000000000000000, -21.99999999999999645 ) ) ;
#4597 = AXIS2_PLACEMENT_3D ( 'NONE', #4938, #8067, #9000 ) ;
#4598 = CARTESIAN_POINT ( 'NONE',  ( 5.499999999999994671, -20.00000000000000000, -0.000000000000000000 ) ) ;
#4599 = ADVANCED_FACE ( 'NONE', ( #149 ), #3383, .T. ) ;
#4600 = ORIENTED_EDGE ( 'NONE', *, *, #4108, .F. ) ;
#4601 = CARTESIAN_POINT ( 'NONE',  ( 5.499999999999991118, 11.55000000000000071, -18.64999999999999503 ) ) ;
#4602 = VERTEX_POINT ( 'NONE', #1853 ) ;
#4603 = CIRCLE ( 'NONE', #2477, 8.750000000000005329 ) ;
#4604 = LINE ( 'NONE', #3020, #2654 ) ;
#4605 = VECTOR ( 'NONE', #2417, 1000.000000000000000 ) ;
#4606 = AXIS2_PLACEMENT_3D ( 'NONE', #5389, #889, #8523 ) ;
#4607 = FACE_OUTER_BOUND ( 'NONE', #9414, .T. ) ;
#4608 = DIRECTION ( 'NONE',  ( 0.000000000000000000, 0.000000000000000000, 1.000000000000000000 ) ) ;
#4609 = AXIS2_PLACEMENT_3D ( 'NONE', #3739, #2108, #9138 ) ;
#4610 = ORIENTED_EDGE ( 'NONE', *, *, #5970, .T. ) ;
#4611 =( BOUNDED_CURVE ( )  B_SPLINE_CURVE ( 3, ( #1143, #6676, #2777, #4322 ),
 .UNSPECIFIED., .F., .T. ) 
 B_SPLINE_CURVE_WITH_KNOTS ( ( 4, 4 ),
 ( 3.926990816987242727, 4.285310393992192601 ),
 .UNSPECIFIED. ) 
 CURVE ( )  GEOMETRIC_REPRESENTATION_ITEM ( )  RATIONAL_B_SPLINE_CURVE ( ( 1.000000000000000000, 0.9893291788010453169, 0.9893291788010453169, 1.000000000000000000 ) ) 
 REPRESENTATION_ITEM ( '' )  );
#4612 = DIRECTION ( 'NONE',  ( -3.469446951953614189E-16, 0.000000000000000000, -1.000000000000000000 ) ) ;
#4613 = AXIS2_PLACEMENT_3D ( 'NONE', #3175, #668, #3790 ) ;
#4614 = ORIENTED_EDGE ( 'NONE', *, *, #9034, .F. ) ;
#4615 = ORIENTED_EDGE ( 'NONE', *, *, #8637, .F. ) ;
#4616 = DIRECTION ( 'NONE',  ( -0.000000000000000000, 1.000000000000000000, -0.000000000000000000 ) ) ;
#4617 = CARTESIAN_POINT ( 'NONE',  ( -24.20897592441739476, 29.02099712375698459, -12.97364849128207176 ) ) ;
#4618 = PLANE ( 'NONE',  #8356 ) ;
#4619 = EDGE_CURVE ( 'NONE', #2865, #3657, #933, .T. ) ;
#4620 = CARTESIAN_POINT ( 'NONE',  ( 3.595614220967082719, 27.72792881281353772, -21.86384926606951495 ) ) ;
#4621 = ADVANCED_FACE ( 'NONE', ( #881 ), #203, .T. ) ;
#4622 = LINE ( 'NONE', #5347, #8883 ) ;
#4623 = ORIENTED_EDGE ( 'NONE', *, *, #9184, .T. ) ;
#4624 = ORIENTED_EDGE ( 'NONE', *, *, #214, .T. ) ;
#4625 = CIRCLE ( 'NONE', #7246, 1.999999999999996891 ) ;
#4626 = EDGE_CURVE ( 'NONE', #1273, #2384, #9997, .T. ) ;
#4627 = DIRECTION ( 'NONE',  ( 0.000000000000000000, 1.000000000000000000, -0.000000000000000000 ) ) ;
#4628 = CIRCLE ( 'NONE', #1023, 2.000000000000000000 ) ;
#4629 = VERTEX_POINT ( 'NONE', #2414 ) ;
#4630 = AXIS2_PLACEMENT_3D ( 'NONE', #8691, #1666, #9519 ) ;
#4631 = CARTESIAN_POINT ( 'NONE',  ( -2.500000000000003109, 0.000000000000000000, 8.630465054610992868E-16 ) ) ;
#4632 = ADVANCED_FACE ( 'NONE', ( #8880 ), #9652, .T. ) ;
#4633 = DIRECTION ( 'NONE',  ( 0.000000000000000000, 0.000000000000000000, 1.000000000000000000 ) ) ;
#4634 = LINE ( 'NONE', #2284, #9397 ) ;
#4635 = CARTESIAN_POINT ( 'NONE',  ( -3.237105982281071714, 74.89646583557750148, -19.49999999999999645 ) ) ;
#4636 = CARTESIAN_POINT ( 'NONE',  ( -15.50000000000000178, 41.50000000000000000, 76.26183934523054120 ) ) ;
#4637 =( NAMED_UNIT ( * ) PLANE_ANGLE_UNIT ( ) SI_UNIT ( $, .RADIAN. ) );
#4638 = VECTOR ( 'NONE', #5769, 1000.000000000000000 ) ;
#4639 = DIRECTION ( 'NONE',  ( 0.9063077870366479383, -0.4226182617407037712, 0.000000000000000000 ) ) ;
#4640 = CIRCLE ( 'NONE', #6771, 2.000000000000001776 ) ;
#4641 = CARTESIAN_POINT ( 'NONE',  ( -2.512113390885915010, 76.45121746549496322, 18.66630243005256773 ) ) ;
#4642 = DIRECTION ( 'NONE',  ( 0.000000000000000000, -1.000000000000000000, 0.000000000000000000 ) ) ;
#4643 = ORIENTED_EDGE ( 'NONE', *, *, #113, .F. ) ;
#4644 = EDGE_LOOP ( 'NONE', ( #3701, #8906, #975 ) ) ;
#4645 = FACE_OUTER_BOUND ( 'NONE', #5651, .T. ) ;
#4646 = VERTEX_POINT ( 'NONE', #1024 ) ;
#4647 = DIRECTION ( 'NONE',  ( 1.000000000000000000, 0.000000000000000000, -2.891205793294673889E-16 ) ) ;
#4648 = CIRCLE ( 'NONE', #226, 1.049999999999991385 ) ;
#4649 = CIRCLE ( 'NONE', #9911, 2.000000000000001776 ) ;
#4650 = CARTESIAN_POINT ( 'NONE',  ( 14.83245263440451289, 63.95652609376352160, -16.17157287525383680 ) ) ;
#4651 = FACE_OUTER_BOUND ( 'NONE', #6899, .T. ) ;
#4652 = CARTESIAN_POINT ( 'NONE',  ( 5.607597980630975698, 25.59011279399073402, 14.01163482058420584 ) ) ;
#4653 = LINE ( 'NONE', #5418, #5433 ) ;
#4654 = ORIENTED_EDGE ( 'NONE', *, *, #1509, .T. ) ;
#4655 = ORIENTED_EDGE ( 'NONE', *, *, #9744, .T. ) ;
#4656 = FACE_OUTER_BOUND ( 'NONE', #2892, .T. ) ;
#4657 = EDGE_LOOP ( 'NONE', ( #2733, #5946, #6671, #791 ) ) ;
#4658 = CARTESIAN_POINT ( 'NONE',  ( -0.5181826211711273444, 73.62861105035540277, -19.49999999999999645 ) ) ;
#4659 = CIRCLE ( 'NONE', #7932, 2.000000000000000000 ) ;
#4660 = EDGE_CURVE ( 'NONE', #5757, #6633, #9362, .T. ) ;
#4661 = CARTESIAN_POINT ( 'NONE',  ( -23.48209746607480852, 28.87622439697786803, 14.01790253392516838 ) ) ;
#4662 = CARTESIAN_POINT ( 'NONE',  ( -1.500000000000007327, -15.08578643762689531, 16.91421356237306739 ) ) ;
#4663 = DIRECTION ( 'NONE',  ( 1.000000000000000000, 0.000000000000000000, -8.673617379884026844E-17 ) ) ;
#4664 = ORIENTED_EDGE ( 'NONE', *, *, #3088, .T. ) ;
#4665 = ORIENTED_EDGE ( 'NONE', *, *, #8577, .F. ) ;
#4666 = DIRECTION ( 'NONE',  ( -0.9063077870366480493, 0.4226182617407037712, -0.000000000000000000 ) ) ;
#4667 = CONICAL_SURFACE ( 'NONE', #7288, 10.25000000000000000, 0.7853981633974421728 ) ;
#4668 = EDGE_CURVE ( 'NONE', #8499, #3078, #6356, .T. ) ;
#4669 = EDGE_LOOP ( 'NONE', ( #3985, #6151, #5218, #8541, #1256, #8830, #7973, #5550, #5906, #5518, #6648, #3242, #4084, #4794 ) ) ;
#4670 = VERTEX_POINT ( 'NONE', #7277 ) ;
#4671 = CARTESIAN_POINT ( 'NONE',  ( 3.499999999999993339, 13.50000000000000000, 5.049999999999991829 ) ) ;
#4672 = CARTESIAN_POINT ( 'NONE',  ( -24.23482188865761344, 29.09202796461561391, -12.84079273300743473 ) ) ;
#4673 = CARTESIAN_POINT ( 'NONE',  ( 0.6830300373852034035, 13.51698227370585847, -9.564784243976658829 ) ) ;
#4674 = VECTOR ( 'NONE', #9636, 1000.000000000000000 ) ;
#4675 = CARTESIAN_POINT ( 'NONE',  ( 5.632349428891261667, 26.19846113999859938, -17.43441299380748077 ) ) ;
#4676 =( BOUNDED_CURVE ( )  B_SPLINE_CURVE ( 3, ( #5490, #9553, #2519, #5436 ),
 .UNSPECIFIED., .F., .T. ) 
 B_SPLINE_CURVE_WITH_KNOTS ( ( 4, 4 ),
 ( 0.7853981633974521648, 1.570796326794898556 ),
 .UNSPECIFIED. ) 
 CURVE ( )  GEOMETRIC_REPRESENTATION_ITEM ( )  RATIONAL_B_SPLINE_CURVE ( ( 1.000000000000000000, 0.9492530216741912330, 0.9492530216741912330, 1.000000000000000000 ) ) 
 REPRESENTATION_ITEM ( '' )  );
#4677 = CARTESIAN_POINT ( 'NONE',  ( 5.713051609255996865, 25.68209077275279384, 14.32671449488103832 ) ) ;
#4678 = VERTEX_POINT ( 'NONE', #6456 ) ;
#4679 = EDGE_LOOP ( 'NONE', ( #8126, #7141 ) ) ;
#4680 = CARTESIAN_POINT ( 'NONE',  ( 7.499999999999992895, 12.50000000000000000, -15.64999999999999325 ) ) ;
#4681 = ADVANCED_FACE ( 'NONE', ( #8672 ), #258, .F. ) ;
#4682 = ORIENTED_EDGE ( 'NONE', *, *, #8705, .T. ) ;
#4683 = DIRECTION ( 'NONE',  ( 1.000000000000000000, -3.469446951953614189E-15, 0.000000000000000000 ) ) ;
#4684 = EDGE_CURVE ( 'NONE', #6469, #8261, #6755, .T. ) ;
#4685 = FACE_BOUND ( 'NONE', #3414, .T. ) ;
#4686 = CYLINDRICAL_SURFACE ( 'NONE', #3814, 0.7999999999999904965 ) ;
#4687 = PLANE ( 'NONE',  #992 ) ;
#4688 = CARTESIAN_POINT ( 'NONE',  ( 25.50000000000000355, -14.50000000000000000, 22.00000000000000000 ) ) ;
#4689 = DIRECTION ( 'NONE',  ( -0.000000000000000000, -1.000000000000000000, 0.000000000000000000 ) ) ;
#4690 = DIRECTION ( 'NONE',  ( -0.4226182617407046593, -0.9063077870366476052, 1.030958184400469878E-16 ) ) ;
#4691 = CARTESIAN_POINT ( 'NONE',  ( -5.499999999999996447, -15.49999999999997335, 13.49999999999998046 ) ) ;
#4692 = ORIENTED_EDGE ( 'NONE', *, *, #2103, .F. ) ;
#4693 = ORIENTED_EDGE ( 'NONE', *, *, #2579, .F. ) ;
#4694 = FACE_OUTER_BOUND ( 'NONE', #10167, .T. ) ;
#4695 = ORIENTED_EDGE ( 'NONE', *, *, #6007, .T. ) ;
#4696 = CARTESIAN_POINT ( 'NONE',  ( -17.22498469926129872, 44.85043544063400134, 20.29485625967689799 ) ) ;
#4697 = DIRECTION ( 'NONE',  ( 0.000000000000000000, 0.000000000000000000, -1.000000000000000000 ) ) ;
#4698 = CARTESIAN_POINT ( 'NONE',  ( 7.499999999999996447, -14.50000000000000000, 13.35000000000000497 ) ) ;
#4699 = CARTESIAN_POINT ( 'NONE',  ( 7.972039120126796163, 65.80773291660024427, 14.00000000000000000 ) ) ;
#4700 = DIRECTION ( 'NONE',  ( -0.000000000000000000, -0.000000000000000000, 1.000000000000000000 ) ) ;
#4701 = ADVANCED_FACE ( 'NONE', ( #976 ), #8042, .F. ) ;
#4702 = ORIENTED_EDGE ( 'NONE', *, *, #6201, .T. ) ;
#4703 = ORIENTED_EDGE ( 'NONE', *, *, #9343, .T. ) ;
#4704 = LINE ( 'NONE', #3166, #9256 ) ;
#4705 = ORIENTED_EDGE ( 'NONE', *, *, #1589, .T. ) ;
#4706 = EDGE_CURVE ( 'NONE', #826, #1751, #2462, .T. ) ;
#4707 = DIRECTION ( 'NONE',  ( -0.4226182617407045483, -0.9063077870366476052, 0.000000000000000000 ) ) ;
#4708 = CARTESIAN_POINT ( 'NONE',  ( -40.97541433289761414, -12.97186475050316901, 6.303841457643885704 ) ) ;
#4709 = EDGE_CURVE ( 'NONE', #7713, #2925, #2609, .T. ) ;
#4710 = PLANE ( 'NONE',  #2802 ) ;
#4711 = DIRECTION ( 'NONE',  ( 0.4226182617407039932, 0.9063077870366478273, 0.000000000000000000 ) ) ;
#4712 = EDGE_CURVE ( 'NONE', #2344, #1136, #2880, .T. ) ;
#4713 = DIRECTION ( 'NONE',  ( 0.6509445549041189549, -0.3905667329424701850, -0.6509445549041206203 ) ) ;
#4714 = ORIENTED_EDGE ( 'NONE', *, *, #4759, .F. ) ;
#4715 = ORIENTED_EDGE ( 'NONE', *, *, #8215, .F. ) ;
#4716 = DIRECTION ( 'NONE',  ( 1.000000000000000000, -3.469446951953614189E-15, 0.000000000000000000 ) ) ;
#4717 = ORIENTED_EDGE ( 'NONE', *, *, #3979, .F. ) ;
#4718 = DIRECTION ( 'NONE',  ( -0.4226182617407037156, -0.9063077870366480493, 0.000000000000000000 ) ) ;
#4719 = DIRECTION ( 'NONE',  ( 0.4226182617407036601, 0.9063077870366480493, 0.000000000000000000 ) ) ;
#4720 = CARTESIAN_POINT ( 'NONE',  ( -18.10023918049892089, 35.69037657572992117, -5.000000000000004441 ) ) ;
#4721 = CARTESIAN_POINT ( 'NONE',  ( 2.456322551433773871, 13.85334468290519894, -8.130471287326859198 ) ) ;
#4722 = CARTESIAN_POINT ( 'NONE',  ( 5.690935143908625093, 25.99745577794899631, -17.84311682394350029 ) ) ;
#4723 = CARTESIAN_POINT ( 'NONE',  ( 15.49999999999999467, 11.55000000000000249, 10.12500000000000000 ) ) ;
#4724 = ORIENTED_EDGE ( 'NONE', *, *, #4626, .F. ) ;
#4725 = VERTEX_POINT ( 'NONE', #7891 ) ;
#4726 = DIRECTION ( 'NONE',  ( -0.9063077870366480493, 0.4226182617407038822, 0.000000000000000000 ) ) ;
#4727 = ORIENTED_EDGE ( 'NONE', *, *, #9142, .F. ) ;
#4728 = CARTESIAN_POINT ( 'NONE',  ( -0.5000000000000065503, 22.55000000000000071, 8.050000000000000711 ) ) ;
#4729 = CARTESIAN_POINT ( 'NONE',  ( 9.231901086691193470, 36.76878225509950227, 0.000000000000000000 ) ) ;
#4730 = CARTESIAN_POINT ( 'NONE',  ( 5.499999999999994671, 26.50000000000000355, 20.00000000000000000 ) ) ;
#4731 = CARTESIAN_POINT ( 'NONE',  ( 5.593801475244159604, 26.28628702708785880, 14.77500334487468869 ) ) ;
#4732 = CARTESIAN_POINT ( 'NONE',  ( 7.499999999999996447, 12.50000000000000000, 13.35000000000000497 ) ) ;
#4733 = SHAPE_DEFINITION_REPRESENTATION ( #7781, #10028 ) ;
#4734 = CARTESIAN_POINT ( 'NONE',  ( 7.570551771473125413, 64.94674051891543343, -14.00000000000000178 ) ) ;
#4735 = LINE ( 'NONE', #7815, #9380 ) ;
#4736 = ADVANCED_FACE ( 'NONE', ( #7128 ), #5584, .T. ) ;
#4737 = DIRECTION ( 'NONE',  ( 0.9063077870366480493, -0.4226182617407037712, 0.000000000000000000 ) ) ;
#4738 = ORIENTED_EDGE ( 'NONE', *, *, #1304, .F. ) ;
#4739 = EDGE_LOOP ( 'NONE', ( #4038, #3353, #9510, #7751 ) ) ;
#4740 = CARTESIAN_POINT ( 'NONE',  ( -4.664246905995032222, 38.70913008428670565, -13.99999999999999822 ) ) ;
#4741 = EDGE_LOOP ( 'NONE', ( #6940, #6308, #2856, #1000 ) ) ;
#4742 = DIRECTION ( 'NONE',  ( 0.000000000000000000, 0.000000000000000000, -1.000000000000000000 ) ) ;
#4743 = AXIS2_PLACEMENT_3D ( 'NONE', #9251, #5682, #4563 ) ;
#4744 = CARTESIAN_POINT ( 'NONE',  ( -17.07288955695720745, 37.98574789487825143, 16.48574789487829761 ) ) ;
#4745 = CARTESIAN_POINT ( 'NONE',  ( -14.23214521469162719, 44.21892336108612653, -19.49999999999999645 ) ) ;
#4746 = EDGE_CURVE ( 'NONE', #137, #2271, #4201, .T. ) ;
#4747 = VECTOR ( 'NONE', #5454, 1000.000000000000000 ) ;
#4748 = AXIS2_PLACEMENT_3D ( 'NONE', #4911, #8092, #4141 ) ;
#4749 = EDGE_CURVE ( 'NONE', #1837, #7766, #3042, .T. ) ;
#4750 = PRODUCT ( 'link5', 'link5', '', ( #3868 ) ) ;
#4751 = CARTESIAN_POINT ( 'NONE',  ( 3.008659104022686215, 33.86791587487891064, -16.17157287525382614 ) ) ;
#4752 = ORIENTED_EDGE ( 'NONE', *, *, #10154, .F. ) ;
#4753 = EDGE_LOOP ( 'NONE', ( #3834, #4624, #8346, #700, #10159, #453, #6119 ) ) ;
#4754 = FACE_OUTER_BOUND ( 'NONE', #2166, .T. ) ;
#4755 = VERTEX_POINT ( 'NONE', #8192 ) ;
#4756 = CARTESIAN_POINT ( 'NONE',  ( -22.00000000000001421, 26.11543744278039370, -13.49999999999995559 ) ) ;
#4757 = VECTOR ( 'NONE', #7507, 1000.000000000000000 ) ;
#4758 = DIRECTION ( 'NONE',  ( -1.000000000000000000, 0.000000000000000000, 0.000000000000000000 ) ) ;
#4759 = EDGE_CURVE ( 'NONE', #9057, #3657, #5840, .T. ) ;
#4760 = CARTESIAN_POINT ( 'NONE',  ( -23.52601752264064672, 28.83234139248284933, 13.97398247735932664 ) ) ;
#4761 = EDGE_CURVE ( 'NONE', #4258, #3674, #5552, .T. ) ;
#4762 = CARTESIAN_POINT ( 'NONE',  ( 0.1368756844060403655, 75.03338812035597982, 20.00000000000000355 ) ) ;
#4763 = CARTESIAN_POINT ( 'NONE',  ( 12.98068253580589193, 69.04422262568452595, 20.00000000000000355 ) ) ;
#4764 = ORIENTED_EDGE ( 'NONE', *, *, #162, .T. ) ;
#4765 = ORIENTED_EDGE ( 'NONE', *, *, #6610, .F. ) ;
#4766 = DIRECTION ( 'NONE',  ( 0.000000000000000000, -0.6012712288170978248, -0.7990449983553974400 ) ) ;
#4767 = VECTOR ( 'NONE', #5075, 1000.000000000000000 ) ;
#4768 = ORIENTED_EDGE ( 'NONE', *, *, #6439, .F. ) ;
#4769 = EDGE_CURVE ( 'NONE', #3059, #8322, #10104, .T. ) ;
#4770 = DIRECTION ( 'NONE',  ( 1.092471759208905296E-15, 2.342813248084720770E-15, 1.000000000000000000 ) ) ;
#4771 = CARTESIAN_POINT ( 'NONE',  ( -21.30301264544485207, 27.80796640935754382, 14.43427430159435865 ) ) ;
#4772 = CARTESIAN_POINT ( 'NONE',  ( -21.87464771889415971, 29.91114242123150646, 15.62535228110581720 ) ) ;
#4773 = VECTOR ( 'NONE', #6459, 1000.000000000000000 ) ;
#4774 = EDGE_CURVE ( 'NONE', #9524, #5636, #2241, .T. ) ;
#4775 = CARTESIAN_POINT ( 'NONE',  ( -23.21756051639818352, 26.66855570793505947, 13.52280924109915539 ) ) ;
#4776 = DIRECTION ( 'NONE',  ( 1.000000000000000000, 0.000000000000000000, 0.000000000000000000 ) ) ;
#4777 = EDGE_CURVE ( 'NONE', #2853, #4243, #8250, .T. ) ;
#4778 = ORIENTED_EDGE ( 'NONE', *, *, #635, .F. ) ;
#4779 = ORIENTED_EDGE ( 'NONE', *, *, #8896, .T. ) ;
#4780 = CARTESIAN_POINT ( 'NONE',  ( 7.499999999999992895, -14.50000000000000000, -14.64999999999999503 ) ) ;
#4781 = ORIENTED_EDGE ( 'NONE', *, *, #2579, .T. ) ;
#4782 = CARTESIAN_POINT ( 'NONE',  ( 5.919758192184006340, 26.08024180781774959, 14.67152047843230278 ) ) ;
#4783 = CARTESIAN_POINT ( 'NONE',  ( -25.50000000000000355, 26.50000000000001066, -11.16619878902388052 ) ) ;
#4784 = VECTOR ( 'NONE', #5156, 1000.000000000000114 ) ;
#4785 = CARTESIAN_POINT ( 'NONE',  ( -3.960060424916696853, -16.22385065960151707, 14.22385710673119874 ) ) ;
#4786 = DIRECTION ( 'NONE',  ( 0.3063271475988675885, 0.9519262989559337251, 0.000000000000000000 ) ) ;
#4787 = EDGE_CURVE ( 'NONE', #5811, #2621, #1998, .T. ) ;
#4788 = DIRECTION ( 'NONE',  ( 0.000000000000000000, 1.000000000000000000, -0.000000000000000000 ) ) ;
#4789 = CARTESIAN_POINT ( 'NONE',  ( 5.331362908464481798, 26.88421500388450269, -16.64999999999999858 ) ) ;
#4790 = CARTESIAN_POINT ( 'NONE',  ( -2.500000000000003109, 22.54999999999999716, -7.050000000000005151 ) ) ;
#4791 = VECTOR ( 'NONE', #1603, 1000.000000000000000 ) ;
#4792 = LINE ( 'NONE', #4984, #2016 ) ;
#4793 = AXIS2_PLACEMENT_3D ( 'NONE', #8485, #1463, #3867 ) ;
#4794 = ORIENTED_EDGE ( 'NONE', *, *, #3096, .T. ) ;
#4795 = EDGE_LOOP ( 'NONE', ( #3540, #5978, #7357, #1414, #8089, #8855, #4379, #395, #4252, #8430, #9953, #6379, #9144, #6963, #6922, #9985 ) ) ;
#4796 = CARTESIAN_POINT ( 'NONE',  ( 7.169064422819456439, 64.08574812123060838, 14.00000000000000000 ) ) ;
#4797 = ORIENTED_EDGE ( 'NONE', *, *, #7685, .F. ) ;
#4798 = EDGE_CURVE ( 'NONE', #986, #10115, #487, .T. ) ;
#4799 = CARTESIAN_POINT ( 'NONE',  ( 15.49999999999999467, 11.55000000000000249, 9.150000000000002132 ) ) ;
#4800 =( BOUNDED_CURVE ( )  B_SPLINE_CURVE ( 3, ( #7364, #2706, #343, #1992 ),
 .UNSPECIFIED., .F., .T. ) 
 B_SPLINE_CURVE_WITH_KNOTS ( ( 4, 4 ),
 ( 3.141592653589793116, 3.926990816987243615 ),
 .UNSPECIFIED. ) 
 CURVE ( )  GEOMETRIC_REPRESENTATION_ITEM ( )  RATIONAL_B_SPLINE_CURVE ( ( 1.000000000000000000, 0.9492530216741907889, 0.9492530216741907889, 1.000000000000000000 ) ) 
 REPRESENTATION_ITEM ( '' )  );
#4801 = CARTESIAN_POINT ( 'NONE',  ( -24.36921350013102128, 24.86385129477604750, -13.10230350374186159 ) ) ;
#4802 = CIRCLE ( 'NONE', #8079, 2.000000000000000000 ) ;
#4803 = CARTESIAN_POINT ( 'NONE',  ( -22.71629261286149770, 27.39001814001279911, 13.88499447053085234 ) ) ;
#4804 = CARTESIAN_POINT ( 'NONE',  ( 5.499999999999994671, 26.50000000000000355, 15.43402153311997616 ) ) ;
#4805 = DIRECTION ( 'NONE',  ( 0.4999999999999998335, -0.7071067811865484609, 0.4999999999999986122 ) ) ;
#4806 = VERTEX_POINT ( 'NONE', #2107 ) ;
#4807 = EDGE_LOOP ( 'NONE', ( #9491, #3947 ) ) ;
#4808 = VECTOR ( 'NONE', #6118, 1000.000000000000000 ) ;
#4809 = CYLINDRICAL_SURFACE ( 'NONE', #7434, 0.7999999999999904965 ) ;
#4810 = ORIENTED_EDGE ( 'NONE', *, *, #6624, .F. ) ;
#4811 = CIRCLE ( 'NONE', #3666, 0.9500000000000040634 ) ;
#4812 = DIRECTION ( 'NONE',  ( -0.4226182617407045483, -0.9063077870366476052, -3.469446951953619316E-15 ) ) ;
#4813 = EDGE_CURVE ( 'NONE', #6338, #5056, #4317, .T. ) ;
#4814 = DIRECTION ( 'NONE',  ( -1.000000000000000000, 0.000000000000000000, 0.000000000000000000 ) ) ;
#4815 = EDGE_CURVE ( 'NONE', #2597, #3089, #6708, .T. ) ;
#4816 = CARTESIAN_POINT ( 'NONE',  ( 15.04634200735406679, 20.00000000000000000, 20.99999999999999289 ) ) ;
#4817 = DIRECTION ( 'NONE',  ( 1.000000000000000000, -0.000000000000000000, -0.000000000000000000 ) ) ;
#4818 = CARTESIAN_POINT ( 'NONE',  ( -24.10176161121709626, 24.96912598768254554, 13.33326374074558807 ) ) ;
#4819 = ORIENTED_EDGE ( 'NONE', *, *, #5522, .F. ) ;
#4820 = VERTEX_POINT ( 'NONE', #4357 ) ;
#4821 = CARTESIAN_POINT ( 'NONE',  ( 0.000000000000000000, 26.50000000000000355, 5.000000000000000000 ) ) ;
#4822 = ORIENTED_EDGE ( 'NONE', *, *, #4449, .T. ) ;
#4823 = VECTOR ( 'NONE', #3934, 1000.000000000000114 ) ;
#4824 = EDGE_LOOP ( 'NONE', ( #5586, #4561 ) ) ;
#4825 = AXIS2_PLACEMENT_3D ( 'NONE', #282, #8911, #1975 ) ;
#4826 = FACE_OUTER_BOUND ( 'NONE', #9666, .T. ) ;
#4827 = CARTESIAN_POINT ( 'NONE',  ( 3.499999999999993339, 17.79466320101663968, -5.050000000000009592 ) ) ;
#4828 = CARTESIAN_POINT ( 'NONE',  ( -23.22744468937150231, 26.65071476963409935, 13.51922713453445191 ) ) ;
#4829 = VECTOR ( 'NONE', #9059, 1000.000000000000000 ) ;
#4830 = AXIS2_PLACEMENT_3D ( 'NONE', #4728, #6369, #6213 ) ;
#4831 = CARTESIAN_POINT ( 'NONE',  ( 5.499999999999993783, 22.55000000000000071, 6.050000000000006040 ) ) ;
#4832 = ORIENTED_EDGE ( 'NONE', *, *, #1224, .F. ) ;
#4833 = ORIENTED_EDGE ( 'NONE', *, *, #9761, .T. ) ;
#4834 = CARTESIAN_POINT ( 'NONE',  ( -0.4171180129314264184, 40.31254662931093691, -22.00000000000000000 ) ) ;
#4835 = VERTEX_POINT ( 'NONE', #7480 ) ;
#4836 = CARTESIAN_POINT ( 'NONE',  ( 7.694149530667914405, 24.30585046933308035, 15.61016058161527198 ) ) ;
#4837 = CIRCLE ( 'NONE', #7296, 1.999999999999998224 ) ;
#4838 = AXIS2_PLACEMENT_3D ( 'NONE', #455, #562, #5365 ) ;
#4839 = CARTESIAN_POINT ( 'NONE',  ( -5.499999999999996447, -15.49999999999997335, 13.49999999999998046 ) ) ;
#4840 = CARTESIAN_POINT ( 'NONE',  ( -25.03682346743516973, 27.53302729269906735, -11.51914625393858493 ) ) ;
#4841 = CARTESIAN_POINT ( 'NONE',  ( -23.14080474071988291, 26.80370447225242359, -13.55712606836267042 ) ) ;
#4842 = CARTESIAN_POINT ( 'NONE',  ( -2.500000000000006661, -9.550000000000000711, -10.05000000000000071 ) ) ;
#4843 = EDGE_CURVE ( 'NONE', #1862, #880, #9857, .T. ) ;
#4844 = CARTESIAN_POINT ( 'NONE',  ( 10.01036794267406371, 37.05212101904005806, 0.000000000000000000 ) ) ;
#4845 = VECTOR ( 'NONE', #1688, 1000.000000000000000 ) ;
#4846 = EDGE_CURVE ( 'NONE', #8971, #1151, #5176, .T. ) ;
#4847 = AXIS2_PLACEMENT_3D ( 'NONE', #2968, #6084, #2211 ) ;
#4848 = ORIENTED_EDGE ( 'NONE', *, *, #5650, .F. ) ;
#4849 = ORIENTED_EDGE ( 'NONE', *, *, #6552, .F. ) ;
#4850 = CARTESIAN_POINT ( 'NONE',  ( 7.499999999999992895, 20.00000000000000000, -18.64999999999999503 ) ) ;
#4851 = ORIENTED_EDGE ( 'NONE', *, *, #946, .F. ) ;
#4852 = AXIS2_PLACEMENT_3D ( 'NONE', #9187, #4457, #9387 ) ;
#4853 = CARTESIAN_POINT ( 'NONE',  ( -22.60132352808560086, 29.61008817665777215, 14.89867647191438316 ) ) ;
#4854 = UNCERTAINTY_MEASURE_WITH_UNIT (LENGTH_MEASURE( 1.000000000000000082E-05 ), #7941, 'distance_accuracy_value', 'NONE');
#4855 = CARTESIAN_POINT ( 'NONE',  ( -22.71629261286149770, 27.39001814001279911, 13.88499447053085234 ) ) ;
#4856 = B_SPLINE_CURVE_WITH_KNOTS ( 'NONE', 3,
 ( #10021, #5384, #1497, #2984, #2074, #2826, #3646, #7689, #6725, #5190, #3795, #1401, #7541, #7595, #6927, #9199, #4419, #2173, #9149, #4523, #7646, #629, #2884, #6096, #583, #6783, #2119, #2225, #8470, #1449, #10074, #2466, #4771, #111, #1757, #3083, #7952, #1551, #6979 ),
 .UNSPECIFIED., .F., .F.,
 ( 4, 2, 2, 1, 1, 2, 2, 2, 1, 1, 2, 2, 2, 1, 1, 1, 2, 2, 2, 1, 1, 2, 2, 4 ),
 ( 0.000000000000000000, 0.06249999999998373523, 0.09374999999997560285, 0.1093749999999719946, 0.1171874999999706346, 0.1210937499999699546, 0.1249999999999692746, 0.1874999999999799050, 0.2187499999999866496, 0.2343749999999900080, 0.2421874999999914790, 0.2499999999999929501, 0.3749999999999903966, 0.4374999999999888978, 0.4687499999999887312, 0.4843749999999889533, 0.4921874999999891198, 0.4999999999999892308, 0.6249999999999790168, 0.6874999999999742428, 0.7187499999999730216, 0.7343749999999729106, 0.7499999999999726885, 1.000000000000000000 ),
 .UNSPECIFIED. ) ;
#4857 = CARTESIAN_POINT ( 'NONE',  ( -22.44603207010313284, -15.49999999999997335, 12.52899151085502893 ) ) ;
#4858 = EDGE_CURVE ( 'NONE', #2073, #3976, #7527, .T. ) ;
#4859 = CARTESIAN_POINT ( 'NONE',  ( 7.499999999999992895, 14.50000000000000000, -14.64999999999999503 ) ) ;
#4860 = VERTEX_POINT ( 'NONE', #301 ) ;
#4861 = ORIENTED_EDGE ( 'NONE', *, *, #2503, .F. ) ;
#4862 = CARTESIAN_POINT ( 'NONE',  ( 3.499999999999993339, 17.79466320101676047, 5.049999999999991829 ) ) ;
#4863 = ORIENTED_EDGE ( 'NONE', *, *, #5697, .T. ) ;
#4864 = CARTESIAN_POINT ( 'NONE',  ( 7.499999999999996447, -14.50000000000000000, 13.35000000000000497 ) ) ;
#4865 = CARTESIAN_POINT ( 'NONE',  ( -2.796525864305498210, 75.66299773660001904, -20.54531344883629629 ) ) ;
#4866 = PLANE ( 'NONE',  #13 ) ;
#4867 = CARTESIAN_POINT ( 'NONE',  ( 12.98068253580589015, 69.04422262568452595, 20.00000000000000355 ) ) ;
#4868 = EDGE_CURVE ( 'NONE', #4213, #2957, #3424, .T. ) ;
#4869 = CARTESIAN_POINT ( 'NONE',  ( -25.38045245122467719, 26.76710090551975085, 11.43454482358744073 ) ) ;
#4870 = ORIENTED_EDGE ( 'NONE', *, *, #5224, .F. ) ;
#4871 = ORIENTED_EDGE ( 'NONE', *, *, #6823, .F. ) ;
#4872 = DIRECTION ( 'NONE',  ( -0.000000000000000000, 0.000000000000000000, 1.000000000000000000 ) ) ;
#4873 = EDGE_CURVE ( 'NONE', #1928, #8111, #6647, .T. ) ;
#4874 = ORIENTED_EDGE ( 'NONE', *, *, #1214, .F. ) ;
#4875 = CARTESIAN_POINT ( 'NONE',  ( 2.626155740732961874, 33.04763476518593990, 16.17157287525381548 ) ) ;
#4876 = CARTESIAN_POINT ( 'NONE',  ( -3.499999999999996003, -13.97874341467108117, 15.34641473029133962 ) ) ;
#4877 = DIRECTION ( 'NONE',  ( 1.000000000000000000, 0.000000000000000000, 0.000000000000000000 ) ) ;
#4878 = CARTESIAN_POINT ( 'NONE',  ( 5.729914155301361944, 25.21174456464713032, -17.60138740914106492 ) ) ;
#4879 = CARTESIAN_POINT ( 'NONE',  ( -23.17157287525380838, -13.06467551690956697, 13.49999999999998046 ) ) ;
#4880 = ORIENTED_EDGE ( 'NONE', *, *, #2998, .F. ) ;
#4881 = ORIENTED_EDGE ( 'NONE', *, *, #1078, .T. ) ;
#4882 = CARTESIAN_POINT ( 'NONE',  ( 13.12702616978955383, 28.15099846682338836, 76.26183934523054120 ) ) ;
#4883 = ORIENTED_EDGE ( 'NONE', *, *, #2257, .F. ) ;
#4884 = DIRECTION ( 'NONE',  ( -0.000000000000000000, -1.000000000000000000, 0.000000000000000000 ) ) ;
#4885 = EDGE_CURVE ( 'NONE', #6391, #7943, #3019, .T. ) ;
#4886 = DIRECTION ( 'NONE',  ( -0.7071067811865437980, 0.7071067811865512365, 1.226634733346692901E-16 ) ) ;
#4887 = CARTESIAN_POINT ( 'NONE',  ( -3.603581023562181684, -16.86403609573371654, 14.13302401587881008 ) ) ;
#4888 = CARTESIAN_POINT ( 'NONE',  ( -8.456203883079176364, 42.40826002027122854, 19.49999999999999645 ) ) ;
#4889 = EDGE_CURVE ( 'NONE', #4097, #8970, #6912, .T. ) ;
#4890 = CARTESIAN_POINT ( 'NONE',  ( -24.25822466745598405, 29.11794796538065455, 12.80628336098064501 ) ) ;
#4891 = DIRECTION ( 'NONE',  ( 0.4226182617407037156, 0.9063077870366479383, 0.000000000000000000 ) ) ;
#4892 = EDGE_CURVE ( 'NONE', #2437, #449, #9335, .T. ) ;
#4893 = EDGE_LOOP ( 'NONE', ( #3729, #2607, #1289, #9196 ) ) ;
#4894 = ORIENTED_EDGE ( 'NONE', *, *, #9872, .F. ) ;
#4895 = CYLINDRICAL_SURFACE ( 'NONE', #3030, 1.999999999999996891 ) ;
#4896 = ORIENTED_EDGE ( 'NONE', *, *, #7335, .F. ) ;
#4897 = CARTESIAN_POINT ( 'NONE',  ( -22.31758189221569566, 26.89773114306851909, -13.49999999999862865 ) ) ;
#4898 = ADVANCED_FACE ( 'NONE', ( #4656 ), #7677, .F. ) ;
#4899 = CARTESIAN_POINT ( 'NONE',  ( 12.00000000000004086, 20.00000000000000000, 13.35000000000000497 ) ) ;
#4900 = DIRECTION ( 'NONE',  ( 6.667740490394042894E-34, 1.429901562581164355E-33, -1.000000000000000000 ) ) ;
#4901 = DIRECTION ( 'NONE',  ( 0.000000000000000000, 1.000000000000000000, 0.000000000000000000 ) ) ;
#4902 = ADVANCED_FACE ( 'NONE', ( #618 ), #2306, .F. ) ;
#4903 = CARTESIAN_POINT ( 'NONE',  ( 7.499999999999996447, 20.00000000000000000, 20.99999999999999645 ) ) ;
#4904 = VERTEX_POINT ( 'NONE', #7009 ) ;
#4905 = ORIENTED_EDGE ( 'NONE', *, *, #9694, .T. ) ;
#4906 = CARTESIAN_POINT ( 'NONE',  ( 5.499999999999994671, 26.50000000000011369, 0.000000000000000000 ) ) ;
#4907 = VECTOR ( 'NONE', #6328, 1000.000000000000000 ) ;
#4908 = EDGE_CURVE ( 'NONE', #3617, #6872, #6237, .T. ) ;
#4909 = ORIENTED_EDGE ( 'NONE', *, *, #6660, .T. ) ;
#4910 = CARTESIAN_POINT ( 'NONE',  ( -21.99999999999210232, 27.54685167012738489, 14.10319890114995189 ) ) ;
#4911 = CARTESIAN_POINT ( 'NONE',  ( -4.262759557341363248, 39.57012248197151649, 14.00000000000000355 ) ) ;
#4912 = PRODUCT_DEFINITION_FORMATION_WITH_SPECIFIED_SOURCE ( 'ANY', '', #4750, .NOT_KNOWN. ) ;
#4913 = CARTESIAN_POINT ( 'NONE',  ( -1.500000000000007772, -15.08578643762689708, 16.91421356237306739 ) ) ;
#4914 = AXIS2_PLACEMENT_3D ( 'NONE', #1170, #3520, #6498 ) ;
#4915 = EDGE_CURVE ( 'NONE', #2895, #9827, #1154, .T. ) ;
#4916 = FACE_OUTER_BOUND ( 'NONE', #1435, .T. ) ;
#4917 = ORIENTED_EDGE ( 'NONE', *, *, #4235, .F. ) ;
#4918 = VERTEX_POINT ( 'NONE', #2159 ) ;
#4919 = CARTESIAN_POINT ( 'NONE',  ( -42.97739887181484875, -3.513560676911098746, 11.49999999999998046 ) ) ;
#4920 = ORIENTED_EDGE ( 'NONE', *, *, #2954, .F. ) ;
#4921 = CIRCLE ( 'NONE', #2311, 1.999999999999998224 ) ;
#4922 = DIRECTION ( 'NONE',  ( 0.000000000000000000, 1.000000000000000000, -0.000000000000000000 ) ) ;
#4923 = CARTESIAN_POINT ( 'NONE',  ( -3.601113924354449214, -14.93151674567345921, 14.87002558788729267 ) ) ;
#4924 = CARTESIAN_POINT ( 'NONE',  ( -22.44603207010313284, -13.49999999999997335, -13.49999999999995026 ) ) ;
#4925 = DIRECTION ( 'NONE',  ( -6.667740490394042038E-34, -1.429901562581164355E-33, 1.000000000000000000 ) ) ;
#4926 = VECTOR ( 'NONE', #8938, 1000.000000000000000 ) ;
#4927 = CARTESIAN_POINT ( 'NONE',  ( -12.33578643762688642, 28.11543744278040435, 22.33578643762689708 ) ) ;
#4928 = LINE ( 'NONE', #6467, #8551 ) ;
#4929 = ORIENTED_EDGE ( 'NONE', *, *, #3174, .T. ) ;
#4930 = ORIENTED_EDGE ( 'NONE', *, *, #2291, .T. ) ;
#4931 = EDGE_LOOP ( 'NONE', ( #4705, #9099, #766, #3090 ) ) ;
#4932 = LINE ( 'NONE', #1095, #1896 ) ;
#4933 = VECTOR ( 'NONE', #5357, 1000.000000000000114 ) ;
#4934 = EDGE_CURVE ( 'NONE', #7766, #3232, #2358, .T. ) ;
#4935 = CIRCLE ( 'NONE', #3150, 1.999999999999998224 ) ;
#4936 = DIRECTION ( 'NONE',  ( 0.000000000000000000, -1.000000000000000000, 0.000000000000000000 ) ) ;
#4937 = PLANE ( 'NONE',  #8893 ) ;
#4938 = CARTESIAN_POINT ( 'NONE',  ( 5.499999999999994671, -18.00000000000000355, 11.17157287525376219 ) ) ;
#4939 = EDGE_CURVE ( 'NONE', #2865, #7839, #768, .T. ) ;
#4940 = VECTOR ( 'NONE', #3483, 1000.000000000000000 ) ;
#4941 = DIRECTION ( 'NONE',  ( -0.9063077870366479383, 0.4226182617407038267, 0.000000000000000000 ) ) ;
#4942 = FACE_OUTER_BOUND ( 'NONE', #2879, .T. ) ;
#4943 = ADVANCED_FACE ( 'NONE', ( #1436 ), #9290, .F. ) ;
#4944 = ORIENTED_EDGE ( 'NONE', *, *, #93, .F. ) ;
#4945 = ORIENTED_EDGE ( 'NONE', *, *, #10010, .T. ) ;
#4946 =( BOUNDED_CURVE ( )  B_SPLINE_CURVE ( 3, ( #6277, #6892, #10040, #3000 ),
 .UNSPECIFIED., .F., .T. ) 
 B_SPLINE_CURVE_WITH_KNOTS ( ( 4, 4 ),
 ( 4.712388980384689674, 6.283185307179586232 ),
 .UNSPECIFIED. ) 
 CURVE ( )  GEOMETRIC_REPRESENTATION_ITEM ( )  RATIONAL_B_SPLINE_CURVE ( ( 1.000000000000000000, 0.8047378541243649375, 0.8047378541243649375, 1.000000000000000000 ) ) 
 REPRESENTATION_ITEM ( '' )  );
#4947 = EDGE_CURVE ( 'NONE', #4355, #9525, #664, .T. ) ;
#4948 = CARTESIAN_POINT ( 'NONE',  ( 7.499999999999996447, -12.50000000000000000, 13.35000000000000497 ) ) ;
#4949 = ORIENTED_EDGE ( 'NONE', *, *, #319, .F. ) ;
#4950 = VECTOR ( 'NONE', #9660, 1000.000000000000000 ) ;
#4951 = CARTESIAN_POINT ( 'NONE',  ( -23.87162639673501374, 25.40867940411622783, -13.38256097589422566 ) ) ;
#4952 = CARTESIAN_POINT ( 'NONE',  ( 15.49999999999999467, -14.50000000000000000, -0.8999999999999962474 ) ) ;
#4953 = DIRECTION ( 'NONE',  ( -1.000000000000000000, -8.379335841787854049E-17, 0.000000000000000000 ) ) ;
#4954 = VECTOR ( 'NONE', #8421, 1000.000000000000000 ) ;
#4955 = CARTESIAN_POINT ( 'NONE',  ( -3.499999999999996447, -18.04573235308447821, 13.67478761710929014 ) ) ;
#4956 = CIRCLE ( 'NONE', #5445, 1.000000000000000888 ) ;
#4957 = CIRCLE ( 'NONE', #543, 2.000000000000000000 ) ;
#4958 = CARTESIAN_POINT ( 'NONE',  ( 2.662800535624400862E-15, -14.50000000000000000, 15.35000000000000853 ) ) ;
#4959 = EDGE_LOOP ( 'NONE', ( #8278, #909, #1645, #7114, #3526 ) ) ;
#4960 = ORIENTED_EDGE ( 'NONE', *, *, #5692, .F. ) ;
#4961 = CARTESIAN_POINT ( 'NONE',  ( -2.994904772160661199, 42.28904584305498560, -13.99999999999999822 ) ) ;
#4962 = VERTEX_POINT ( 'NONE', #570 ) ;
#4963 = CARTESIAN_POINT ( 'NONE',  ( -1.976215624297485096, 70.50184918517274468, 16.99999999999999645 ) ) ;
#4964 = VECTOR ( 'NONE', #8327, 1000.000000000000000 ) ;
#4965 = AXIS2_PLACEMENT_3D ( 'NONE', #1266, #2791, #1421 ) ;
#4966 = CARTESIAN_POINT ( 'NONE',  ( -1.017072307470879400, 41.34819821743230506, 25.31820892995850869 ) ) ;
#4967 = CARTESIAN_POINT ( 'NONE',  ( -22.71629261286150481, 27.39001814001278490, -13.88499447053082925 ) ) ;
#4968 = DIRECTION ( 'NONE',  ( -0.7071067811865516806, -0.7071067811865433539, 0.000000000000000000 ) ) ;
#4969 = LINE ( 'NONE', #254, #6281 ) ;
#4970 = CARTESIAN_POINT ( 'NONE',  ( -24.69284820539833447, 28.35401946853366795, 11.68225573505360870 ) ) ;
#4971 = AXIS2_PLACEMENT_3D ( 'NONE', #7733, #4145, #198 ) ;
#4972 = ORIENTED_EDGE ( 'NONE', *, *, #7467, .T. ) ;
#4973 = ORIENTED_EDGE ( 'NONE', *, *, #4934, .F. ) ;
#4974 = DIRECTION ( 'NONE',  ( -1.000000000000000000, 0.000000000000000000, 0.000000000000000000 ) ) ;
#4975 = DIRECTION ( 'NONE',  ( 0.4226182617407039932, 0.9063077870366478273, 0.000000000000000000 ) ) ;
#4976 = CARTESIAN_POINT ( 'NONE',  ( -3.710761346451372233, -15.46255586729380482, 14.60448313040692625 ) ) ;
#4977 = EDGE_CURVE ( 'NONE', #3129, #9675, #5370, .T. ) ;
#4978 = CIRCLE ( 'NONE', #4490, 2.000000000000001776 ) ;
#4979 = CARTESIAN_POINT ( 'NONE',  ( -3.529165801124940050, -14.35223892904734022, -15.15966406470088224 ) ) ;
#4980 = CARTESIAN_POINT ( 'NONE',  ( 7.380887655842014006, 24.61911234415799754, -20.36515399971067453 ) ) ;
#4981 = DIRECTION ( 'NONE',  ( -0.5773502691896251759, -0.5773502691896253980, -0.5773502691896267303 ) ) ;
#4982 = EDGE_CURVE ( 'NONE', #8004, #8509, #4935, .T. ) ;
#4983 = VERTEX_POINT ( 'NONE', #4601 ) ;
#4984 = CARTESIAN_POINT ( 'NONE',  ( 25.50000000000000355, -14.50000000000000000, -22.00000000000000000 ) ) ;
#4985 = VERTEX_POINT ( 'NONE', #715 ) ;
#4986 = ORIENTED_EDGE ( 'NONE', *, *, #8348, .F. ) ;
#4987 = CARTESIAN_POINT ( 'NONE',  ( 16.04634200735406324, 20.00000000000000000, 22.00000000000000000 ) ) ;
#4988 = ORIENTED_EDGE ( 'NONE', *, *, #150, .T. ) ;
#4989 = CARTESIAN_POINT ( 'NONE',  ( 9.396342007354087755, 21.43208511739216959, 15.35000000000000853 ) ) ;
#4990 = CARTESIAN_POINT ( 'NONE',  ( 4.585786437626982348, 24.58578643762693261, 17.35000000000000853 ) ) ;
#4992 = CARTESIAN_POINT ( 'NONE',  ( -3.523361955179762806, -17.19490618034039642, 14.03102330267990183 ) ) ;
#4991 = CIRCLE ( 'NONE', #1728, 1.000000000000000888 ) ;
#4993 = LINE ( 'NONE', #5041, #7700 ) ;
#4994 = FACE_BOUND ( 'NONE', #9072, .T. ) ;
#4995 = CARTESIAN_POINT ( 'NONE',  ( 14.83245263440451112, 63.95652609376350739, -16.17157287525381903 ) ) ;
#4996 = EDGE_CURVE ( 'NONE', #8841, #7383, #6035, .T. ) ;
#4997 = ORIENTED_EDGE ( 'NONE', *, *, #2207, .T. ) ;
#4998 = ORIENTED_EDGE ( 'NONE', *, *, #467, .T. ) ;
#4999 = CARTESIAN_POINT ( 'NONE',  ( 5.363413275876496300, 72.04452465629965729, 19.49999999999999645 ) ) ;
#5000 = AXIS2_PLACEMENT_3D ( 'NONE', #8684, #1659, #7035 ) ;
#5001 = VERTEX_POINT ( 'NONE', #6964 ) ;
#5002 = EDGE_CURVE ( 'NONE', #3674, #1949, #6954, .T. ) ;
#5003 = CIRCLE ( 'NONE', #3847, 1.000000000000000888 ) ;
#5004 = DIRECTION ( 'NONE',  ( 0.000000000000000000, 0.000000000000000000, 1.000000000000000000 ) ) ;
#5005 = LINE ( 'NONE', #3409, #5988 ) ;
#5006 = CARTESIAN_POINT ( 'NONE',  ( -7.806255641895581388E-17, 13.50000000000000000, -0.8999999999999950262 ) ) ;
#5007 = CARTESIAN_POINT ( 'NONE',  ( 5.331362908464481798, 26.88421500388450269, 13.34999999999997300 ) ) ;
#5008 = AXIS2_PLACEMENT_3D ( 'NONE', #3659, #3139, #66 ) ;
#5009 = VECTOR ( 'NONE', #5153, 1000.000000000000000 ) ;
#5010 = CARTESIAN_POINT ( 'NONE',  ( 15.49999999999999467, -11.55000000000000071, 10.12500000000000000 ) ) ;
#5011 = ORIENTED_EDGE ( 'NONE', *, *, #6723, .T. ) ;
#5012 = ORIENTED_EDGE ( 'NONE', *, *, #6387, .T. ) ;
#5013 = DIRECTION ( 'NONE',  ( 0.000000000000000000, 0.000000000000000000, 1.000000000000000000 ) ) ;
#5014 = EDGE_LOOP ( 'NONE', ( #6158, #9590, #7974, #407 ) ) ;
#5015 = DIRECTION ( 'NONE',  ( -0.000000000000000000, -1.000000000000000000, -0.000000000000000000 ) ) ;
#5016 = CARTESIAN_POINT ( 'NONE',  ( 3.499999999999993339, 13.49999999999999822, -0.000000000000000000 ) ) ;
#5017 = CARTESIAN_POINT ( 'NONE',  ( -22.71629261286150481, 27.39001814001278490, -13.88499447053082925 ) ) ;
#5018 = PLANE ( 'NONE',  #5740 ) ;
#5019 = EDGE_CURVE ( 'NONE', #1840, #2688, #2214, .T. ) ;
#5020 = LINE ( 'NONE', #5173, #5295 ) ;
#5021 = DIRECTION ( 'NONE',  ( 0.000000000000000000, -0.000000000000000000, -1.000000000000000000 ) ) ;
#5022 = EDGE_LOOP ( 'NONE', ( #1371, #6359, #2343, #8147 ) ) ;
#5023 = EDGE_CURVE ( 'NONE', #3089, #1427, #6458, .T. ) ;
#5024 = ORIENTED_EDGE ( 'NONE', *, *, #9761, .F. ) ;
#5025 = CARTESIAN_POINT ( 'NONE',  ( -23.55798844662458436, 28.80040622479938861, -13.94201155337537656 ) ) ;
#5026 = CARTESIAN_POINT ( 'NONE',  ( 0.9821122078874505723, 76.84600369442927104, 76.26183934523054120 ) ) ;
#5027 = CARTESIAN_POINT ( 'NONE',  ( -3.674291926146248333, -15.30568006442159401, 14.68291898514600469 ) ) ;
#5028 = ADVANCED_FACE ( 'NONE', ( #3266 ), #4809, .F. ) ;
#5029 = FACE_OUTER_BOUND ( 'NONE', #2011, .T. ) ;
#5030 = DIRECTION ( 'NONE',  ( -0.9063077870366480493, 0.4226182617407038822, 0.000000000000000000 ) ) ;
#5031 = CARTESIAN_POINT ( 'NONE',  ( 7.499999999999992895, 12.50000000000000000, -16.64999999999999503 ) ) ;
#5032 = ORIENTED_EDGE ( 'NONE', *, *, #4706, .T. ) ;
#5033 = CARTESIAN_POINT ( 'NONE',  ( 22.54289321881348940, 8.042893218813249590, -20.99999999999999645 ) ) ;
#5034 = ORIENTED_EDGE ( 'NONE', *, *, #1445, .T. ) ;
#5035 = ORIENTED_EDGE ( 'NONE', *, *, #4045, .F. ) ;
#5036 = DIRECTION ( 'NONE',  ( 0.4226182617407038267, 0.9063077870366479383, 1.577721810442023986E-33 ) ) ;
#5037 = EDGE_LOOP ( 'NONE', ( #2181, #8005, #1795, #1702 ) ) ;
#5038 = DIRECTION ( 'NONE',  ( -1.084202172485504434E-16, 0.000000000000000000, -1.000000000000000000 ) ) ;
#5039 = LINE ( 'NONE', #4167, #7031 ) ;
#5040 = PLANE ( 'NONE',  #2002 ) ;
#5041 = CARTESIAN_POINT ( 'NONE',  ( -7.806255641895581388E-17, -11.55000000000000071, -0.8999999999999950262 ) ) ;
#5042 = CARTESIAN_POINT ( 'NONE',  ( -40.97541433289761414, -12.97186475050316901, 6.303841457643885704 ) ) ;
#5043 = CARTESIAN_POINT ( 'NONE',  ( -5.001565560690445444, 37.98574789487540926, -16.48574789487545900 ) ) ;
#5044 = ADVANCED_FACE ( 'NONE', ( #4754 ), #6494, .T. ) ;
#5045 = EDGE_LOOP ( 'NONE', ( #5035, #3769, #9912, #9115 ) ) ;
#5046 = VERTEX_POINT ( 'NONE', #4862 ) ;
#5047 = DIRECTION ( 'NONE',  ( 0.000000000000000000, 1.000000000000000000, -0.000000000000000000 ) ) ;
#5048 = ORIENTED_EDGE ( 'NONE', *, *, #138, .T. ) ;
#5049 = CARTESIAN_POINT ( 'NONE',  ( -25.60875489355202461, 26.25701274643410699, -11.37865577473033163 ) ) ;
#5050 = CARTESIAN_POINT ( 'NONE',  ( -34.18084838240218915, 1.438791362949233266, -16.99999999999999645 ) ) ;
#5051 = DIRECTION ( 'NONE',  ( -0.9063077870366480493, 0.4226182617407038822, 0.000000000000000000 ) ) ;
#5052 = CARTESIAN_POINT ( 'NONE',  ( 15.49999999999999467, -11.55000000000000071, -0.8999999999999962474 ) ) ;
#5053 = LINE ( 'NONE', #962, #9712 ) ;
#5054 = CYLINDRICAL_SURFACE ( 'NONE', #2363, 1.999999999999999556 ) ;
#5055 = ORIENTED_EDGE ( 'NONE', *, *, #10169, .T. ) ;
#5056 = VERTEX_POINT ( 'NONE', #1686 ) ;
#5057 = CARTESIAN_POINT ( 'NONE',  ( 2.662800535624400468E-15, 11.55000000000000071, 15.35000000000000853 ) ) ;
#5058 = ORIENTED_EDGE ( 'NONE', *, *, #2962, .T. ) ;
#5059 = CARTESIAN_POINT ( 'NONE',  ( -22.87848590670290250, 27.20585980825500272, -13.74370374720388455 ) ) ;
#5060 = EDGE_CURVE ( 'NONE', #9895, #958, #4083, .T. ) ;
#5061 = CARTESIAN_POINT ( 'NONE',  ( -14.67157287525376752, 30.11543744278039014, 22.00000000000000000 ) ) ;
#5062 = DIRECTION ( 'NONE',  ( 0.000000000000000000, 0.6012712288170918296, -0.7990449983554021030 ) ) ;
#5063 = EDGE_CURVE ( 'NONE', #7449, #5952, #6393, .T. ) ;
#5064 = B_SPLINE_CURVE_WITH_KNOTS ( 'NONE', 3,
 ( #8054, #1466, #4585, #7708, #7046, #5513, #3918, #7290 ),
 .UNSPECIFIED., .F., .F.,
 ( 4, 2, 2, 4 ),
 ( 0.000000000000000000, 0.2500000000000000000, 0.5000000000000000000, 1.000000000000000000 ),
 .UNSPECIFIED. ) ;
#5065 = LINE ( 'NONE', #1900, #8408 ) ;
#5066 = DIRECTION ( 'NONE',  ( 0.9063077870366480493, -0.4226182617407037712, 0.000000000000000000 ) ) ;
#5067 = ORIENTED_EDGE ( 'NONE', *, *, #113, .T. ) ;
#5068 = ORIENTED_EDGE ( 'NONE', *, *, #2842, .F. ) ;
#5069 = ADVANCED_FACE ( 'NONE', ( #816, #7985, #966, #3370, #7213 ), #189, .F. ) ;
#5070 = DIRECTION ( 'NONE',  ( -1.084202172485503448E-16, 0.000000000000000000, -1.000000000000000000 ) ) ;
#5071 = ADVANCED_FACE ( 'NONE', ( #7880 ), #3313, .T. ) ;
#5072 = CARTESIAN_POINT ( 'NONE',  ( 2.943100932596198316, 34.67505761091357641, 17.40052871872906337 ) ) ;
#5073 = ADVANCED_FACE ( 'NONE', ( #867 ), #2500, .F. ) ;
#5074 = VECTOR ( 'NONE', #4263, 1000.000000000000000 ) ;
#5075 = DIRECTION ( 'NONE',  ( 1.000000000000000000, 0.000000000000000000, 0.000000000000000000 ) ) ;
#5076 = CARTESIAN_POINT ( 'NONE',  ( -3.357429408866139831, -18.48347290128104348, 13.51652709871889613 ) ) ;
#5077 = FACE_OUTER_BOUND ( 'NONE', #781, .T. ) ;
#5078 = ORIENTED_EDGE ( 'NONE', *, *, #4007, .F. ) ;
#5079 = EDGE_CURVE ( 'NONE', #8159, #3239, #9592, .T. ) ;
#5080 = CYLINDRICAL_SURFACE ( 'NONE', #7898, 1.000000000000000000 ) ;
#5081 = VERTEX_POINT ( 'NONE', #4041 ) ;
#5082 = ORIENTED_EDGE ( 'NONE', *, *, #7775, .F. ) ;
#5083 = LINE ( 'NONE', #3488, #5813 ) ;
#5084 = ORIENTED_EDGE ( 'NONE', *, *, #1120, .T. ) ;
#5085 = DIRECTION ( 'NONE',  ( -0.5144957554275245704, -0.8574929257125453175, 0.000000000000000000 ) ) ;
#5086 = PLANE ( 'NONE',  #9672 ) ;
#5087 = CIRCLE ( 'NONE', #332, 0.9499999999999978462 ) ;
#5088 = DIRECTION ( 'NONE',  ( 1.000000000000000000, 0.000000000000000000, 0.000000000000000000 ) ) ;
#5089 = DIRECTION ( 'NONE',  ( 1.000000000000000000, -0.000000000000000000, -0.000000000000000000 ) ) ;
#5090 = CARTESIAN_POINT ( 'NONE',  ( 1.209261349728625534, 35.60269055204759070, -21.99999999999999645 ) ) ;
#5091 = FACE_BOUND ( 'NONE', #7641, .T. ) ;
#5092 = ORIENTED_EDGE ( 'NONE', *, *, #1756, .F. ) ;
#5093 = VERTEX_POINT ( 'NONE', #2554 ) ;
#5094 = PLANE ( 'NONE',  #4505 ) ;
#5095 = EDGE_LOOP ( 'NONE', ( #7905, #94, #2041, #4695 ) ) ;
#5096 = FACE_OUTER_BOUND ( 'NONE', #8776, .T. ) ;
#5097 = DIRECTION ( 'NONE',  ( 0.000000000000000000, -1.000000000000000000, 0.000000000000000000 ) ) ;
#5098 = CIRCLE ( 'NONE', #7714, 1.999999999999998224 ) ;
#5099 = ADVANCED_FACE ( 'NONE', ( #5679 ), #1786, .F. ) ;
#5100 = DIRECTION ( 'NONE',  ( 1.000000000000000000, 0.000000000000000000, 0.000000000000000000 ) ) ;
#5101 = CARTESIAN_POINT ( 'NONE',  ( 7.499999999999992895, 12.50000000000000000, -18.64999999999999147 ) ) ;
#5102 = CARTESIAN_POINT ( 'NONE',  ( -3.499999999999996447, 28.11543744278039370, 14.32842712474617208 ) ) ;
#5103 = B_SPLINE_CURVE_WITH_KNOTS ( 'NONE', 3,
 ( #3297, #9368, #7860, #8692, #3098, #1515 ),
 .UNSPECIFIED., .F., .F.,
 ( 4, 2, 4 ),
 ( 0.000000000000000000, 0.5000000000000000000, 1.000000000000000000 ),
 .UNSPECIFIED. ) ;
#5104 = VECTOR ( 'NONE', #2666, 1000.000000000000114 ) ;
#5105 = FACE_OUTER_BOUND ( 'NONE', #674, .T. ) ;
#5106 = EDGE_CURVE ( 'NONE', #8607, #3356, #1557, .T. ) ;
#5107 = AXIS2_PLACEMENT_3D ( 'NONE', #2112, #7532, #1288 ) ;
#5108 = ORIENTED_EDGE ( 'NONE', *, *, #1884, .F. ) ;
#5109 = VERTEX_POINT ( 'NONE', #244 ) ;
#5110 = LINE ( 'NONE', #5830, #9588 ) ;
#5111 = ORIENTED_EDGE ( 'NONE', *, *, #3466, .F. ) ;
#5112 = EDGE_LOOP ( 'NONE', ( #7074, #9313 ) ) ;
#5113 = DIRECTION ( 'NONE',  ( 1.000000000000000000, 0.000000000000000000, -1.020425574104004122E-16 ) ) ;
#5114 = CARTESIAN_POINT ( 'NONE',  ( 5.025318666483937768, 71.31947842667034365, 19.49999999999999645 ) ) ;
#5115 = CIRCLE ( 'NONE', #2656, 0.7999999999999976019 ) ;
#5116 = CARTESIAN_POINT ( 'NONE',  ( -22.71629261286151902, 27.39001814001280621, -13.88499447053083458 ) ) ;
#5117 = PLANE ( 'NONE',  #1212 ) ;
#5118 = FACE_OUTER_BOUND ( 'NONE', #1166, .T. ) ;
#5119 = EDGE_LOOP ( 'NONE', ( #9975, #3898 ) ) ;
#5120 = ORIENTED_EDGE ( 'NONE', *, *, #2471, .F. ) ;
#5121 = AXIS2_PLACEMENT_3D ( 'NONE', #2465, #6198, #4718 ) ;
#5122 = VECTOR ( 'NONE', #8992, 1000.000000000000000 ) ;
#5123 = CARTESIAN_POINT ( 'NONE',  ( 7.499999999999996447, 12.50000000000000000, 11.35000000000000497 ) ) ;
#5124 = EDGE_CURVE ( 'NONE', #8256, #1928, #3502, .T. ) ;
#5125 = AXIS2_PLACEMENT_3D ( 'NONE', #3401, #8012, #5606 ) ;
#5126 = CARTESIAN_POINT ( 'NONE',  ( -19.17157287525384390, 28.11543744278039370, -15.49999999999995559 ) ) ;
#5127 = EDGE_CURVE ( 'NONE', #3565, #5756, #9922, .T. ) ;
#5128 = CARTESIAN_POINT ( 'NONE',  ( -1.736811153223950521, 78.11385847964825757, 76.26183934523054120 ) ) ;
#5129 = FACE_OUTER_BOUND ( 'NONE', #5360, .T. ) ;
#5130 = CARTESIAN_POINT ( 'NONE',  ( 7.499999999999992895, 12.50000000000000000, -17.64999999999999503 ) ) ;
#5131 = ORIENTED_EDGE ( 'NONE', *, *, #7375, .F. ) ;
#5132 = CARTESIAN_POINT ( 'NONE',  ( 5.499999999999994671, 26.50000000000000355, 20.00000000000000000 ) ) ;
#5133 = ORIENTED_EDGE ( 'NONE', *, *, #1937, .T. ) ;
#5134 = VERTEX_POINT ( 'NONE', #36 ) ;
#5135 = LINE ( 'NONE', #1399, #5492 ) ;
#5136 = CIRCLE ( 'NONE', #3663, 2.000000000000000000 ) ;
#5137 = ORIENTED_EDGE ( 'NONE', *, *, #7926, .T. ) ;
#5138 = CIRCLE ( 'NONE', #10065, 1.999999999999997113 ) ;
#5139 = DIRECTION ( 'NONE',  ( 0.4226182617407031605, 0.9063077870366481603, 0.000000000000000000 ) ) ;
#5140 = PLANE ( 'NONE',  #7524 ) ;
#5141 = FACE_BOUND ( 'NONE', #7623, .T. ) ;
#5142 = EDGE_CURVE ( 'NONE', #9454, #673, #4704, .T. ) ;
#5143 = DIRECTION ( 'NONE',  ( 0.000000000000000000, 1.000000000000000000, -0.000000000000000000 ) ) ;
#5144 = DIRECTION ( 'NONE',  ( 1.000000000000000000, -0.000000000000000000, 0.000000000000000000 ) ) ;
#5145 = EDGE_LOOP ( 'NONE', ( #4231, #3958, #9651, #3590 ) ) ;
#5146 = ORIENTED_EDGE ( 'NONE', *, *, #115, .F. ) ;
#5147 = EDGE_CURVE ( 'NONE', #9057, #8156, #5163, .T. ) ;
#5148 = CARTESIAN_POINT ( 'NONE',  ( -0.5000000000000065503, 22.55000000000000071, 8.050000000000000711 ) ) ;
#5149 = ORIENTED_EDGE ( 'NONE', *, *, #3482, .T. ) ;
#5150 = CARTESIAN_POINT ( 'NONE',  ( -23.28128734163544422, 26.49276466988620982, -13.52527605473654937 ) ) ;
#5151 = AXIS2_PLACEMENT_3D ( 'NONE', #8922, #5873, #7314 ) ;
#5152 = CIRCLE ( 'NONE', #734, 2.000000000000000000 ) ;
#5153 = DIRECTION ( 'NONE',  ( 0.9063077870366479383, -0.4226182617407038267, -0.000000000000000000 ) ) ;
#5154 = CARTESIAN_POINT ( 'NONE',  ( 5.593801475244213783, 26.28628702708773801, -18.07500334487483329 ) ) ;
#5155 = DIRECTION ( 'NONE',  ( 0.4226182617407031605, 0.9063077870366482713, 0.000000000000000000 ) ) ;
#5156 = DIRECTION ( 'NONE',  ( 0.7071067811865474617, 0.000000000000000000, 0.7071067811865474617 ) ) ;
#5157 = EDGE_CURVE ( 'NONE', #7993, #4835, #9074, .T. ) ;
#5158 = CARTESIAN_POINT ( 'NONE',  ( -5.499999999999996447, -15.49999999999997335, -13.49999999999995026 ) ) ;
#5159 = CIRCLE ( 'NONE', #2542, 1.000000000000000888 ) ;
#5160 = CARTESIAN_POINT ( 'NONE',  ( 25.50000000000000355, -10.58578643762685090, -21.41421356237309936 ) ) ;
#5161 = VERTEX_POINT ( 'NONE', #451 ) ;
#5162 = ORIENTED_EDGE ( 'NONE', *, *, #2625, .F. ) ;
#5163 = LINE ( 'NONE', #5773, #10109 ) ;
#5164 = ORIENTED_EDGE ( 'NONE', *, *, #8717, .F. ) ;
#5165 = ORIENTED_EDGE ( 'NONE', *, *, #6437, .F. ) ;
#5166 = CARTESIAN_POINT ( 'NONE',  ( -0.5000000000000083267, 22.54999999999999716, -9.050000000000006040 ) ) ;
#5167 = CARTESIAN_POINT ( 'NONE',  ( -23.81579749656515688, 28.52699465135955137, -13.68420250343480404 ) ) ;
#5168 = CIRCLE ( 'NONE', #6635, 1.000000000000000888 ) ;
#5169 = DIRECTION ( 'NONE',  ( 0.000000000000000000, 0.000000000000000000, 1.000000000000000000 ) ) ;
#5170 = VECTOR ( 'NONE', #8294, 1000.000000000000000 ) ;
#5171 = ADVANCED_FACE ( 'NONE', ( #3567 ), #6749, .F. ) ;
#5172 = CARTESIAN_POINT ( 'NONE',  ( -1.500000000000008216, -15.08578643762692728, -16.91421356237303897 ) ) ;
#5173 = CARTESIAN_POINT ( 'NONE',  ( -18.65764051238642196, 8.700200654028847680, -11.00000000000001066 ) ) ;
#5174 = CARTESIAN_POINT ( 'NONE',  ( 5.499999999999992006, 22.54999999999999716, -8.050000000000004263 ) ) ;
#5175 = ORIENTED_EDGE ( 'NONE', *, *, #4846, .F. ) ;
#5176 = LINE ( 'NONE', #8301, #5338 ) ;
#5177 = CARTESIAN_POINT ( 'NONE',  ( 2.769814570494936401, 32.72032908567937426, 18.23982880884355851 ) ) ;
#5178 = B_SPLINE_SURFACE_WITH_KNOTS ( 'NONE', 1, 3, ( 
 ( #6548, #7992, #146, #199, #4092, #4147, #8039, #6400, #5634, #3272, #1749, #9698, #7125, #7220, #1020, #3324, #4970, #7942, #8721, #7273 ),
 ( #930, #5783, #2660, #6503, #6353, #9601, #9649, #8097, #7888, #9497, #4869, #2562, #5685, #255, #2606, #5731, #1848, #1076, #877, #4198 ),
 ( #7323, #5581, #1644, #2459, #4818, #4048, #6656, #3684, #347, #6818, #2708, #5932, #1173, #9135, #7368, #2054, #3524, #1994, #7477, #9029 ),
 ( #4354, #8246, #8930, #9962, #459, #2808, #3575, #4241, #2105, #5881, #5225, #5837, #1947, #1229, #405, #2754, #6704, #3625, #9085, #9854 ) ),
 .UNSPECIFIED., .F., .F., .F.,
 ( 2, 1, 1, 2 ),
 ( 4, 3, 3, 3, 3, 2, 2, 4 ),
 ( -0.01009999999999999960, 0.000000000000000000, 1.000000000000000000, 1.010000000000000009 ),
 ( -0.0002285422362433226287, -0.0001706008863562836434, 0.0002014963886941183516, 0.002218076763075286367, 0.003504658994549812202, 0.004034377771499262494, 0.004564096548448712785, 0.005623534102347613368 ),
 .UNSPECIFIED. ) ;
#5179 = B_SPLINE_CURVE_WITH_KNOTS ( 'NONE', 3,
 ( #3400, #8163, #1142, #5855, #5751, #5707 ),
 .UNSPECIFIED., .F., .F.,
 ( 4, 2, 4 ),
 ( 0.000000000000000000, 0.5000000000000000000, 1.000000000000000000 ),
 .UNSPECIFIED. ) ;
#5180 = LINE ( 'NONE', #5278, #8198 ) ;
#5181 = EDGE_CURVE ( 'NONE', #9101, #2416, #2862, .T. ) ;
#5182 = CARTESIAN_POINT ( 'NONE',  ( -1.130979100816071448, 72.31446475924603590, -15.00000000000000000 ) ) ;
#5183 = ADVANCED_FACE ( 'NONE', ( #1272 ), #1891, .T. ) ;
#5184 = ORIENTED_EDGE ( 'NONE', *, *, #4449, .F. ) ;
#5185 = CARTESIAN_POINT ( 'NONE',  ( -1.976215624297474660, 70.50184918517274468, 14.99999999999999822 ) ) ;
#5186 = VERTEX_POINT ( 'NONE', #9745 ) ;
#5187 = ORIENTED_EDGE ( 'NONE', *, *, #9042, .F. ) ;
#5188 = DIRECTION ( 'NONE',  ( 0.000000000000000000, -1.000000000000000000, 3.469446951953617344E-15 ) ) ;
#5189 = ORIENTED_EDGE ( 'NONE', *, *, #10075, .T. ) ;
#5190 = CARTESIAN_POINT ( 'NONE',  ( -19.55816328881684996, 28.10607521858494806, 15.30670430216826894 ) ) ;
#5191 = DIRECTION ( 'NONE',  ( -0.000000000000000000, 1.000000000000000000, -0.000000000000000000 ) ) ;
#5192 = CARTESIAN_POINT ( 'NONE',  ( 0.2015934349299073336, 39.24860252858046294, 22.00000000000000000 ) ) ;
#5193 = CARTESIAN_POINT ( 'NONE',  ( -23.41421356237311002, 28.94386456752657466, -14.08578643762685445 ) ) ;
#5194 = EDGE_CURVE ( 'NONE', #10019, #3181, #8179, .T. ) ;
#5195 = FACE_OUTER_BOUND ( 'NONE', #4030, .T. ) ;
#5196 = EDGE_CURVE ( 'NONE', #1013, #8509, #1984, .T. ) ;
#5197 = B_SPLINE_CURVE_WITH_KNOTS ( 'NONE', 3,
 ( #2240, #2333, #3143, #5353 ),
 .UNSPECIFIED., .F., .F.,
 ( 4, 4 ),
 ( 0.000000000000000000, 1.000000000000000000 ),
 .UNSPECIFIED. ) ;
#5198 = DIRECTION ( 'NONE',  ( 0.4226182617407041042, 0.9063077870366478273, 0.000000000000000000 ) ) ;
#5199 = VERTEX_POINT ( 'NONE', #9689 ) ;
#5200 = ORIENTED_EDGE ( 'NONE', *, *, #6806, .F. ) ;
#5201 = CARTESIAN_POINT ( 'NONE',  ( 5.025318666483937768, 71.31947842667034365, -19.49999999999999645 ) ) ;
#5202 = ORIENTED_EDGE ( 'NONE', *, *, #7501, .F. ) ;
#5203 = CARTESIAN_POINT ( 'NONE',  ( -18.21892336110993682, 42.76785478522211292, -18.27814577249171890 ) ) ;
#5204 = EDGE_CURVE ( 'NONE', #6297, #3032, #7411, .T. ) ;
#5205 = LINE ( 'NONE', #2897, #3696 ) ;
#5206 = CARTESIAN_POINT ( 'NONE',  ( -24.69652188530094605, 28.29518303971881110, 11.68616029943082246 ) ) ;
#5207 = DIRECTION ( 'NONE',  ( 0.000000000000000000, 1.000000000000000000, 0.000000000000000000 ) ) ;
#5208 = EDGE_CURVE ( 'NONE', #8892, #6457, #4190, .T. ) ;
#5209 = FACE_OUTER_BOUND ( 'NONE', #9540, .T. ) ;
#5210 = CYLINDRICAL_SURFACE ( 'NONE', #6543, 10.24999999999999645 ) ;
#5211 = CARTESIAN_POINT ( 'NONE',  ( -16.73682080845770770, 45.80332837742340502, -20.49746784948091971 ) ) ;
#5212 = CARTESIAN_POINT ( 'NONE',  ( -3.499999999999996003, 0.000000000000000000, 0.000000000000000000 ) ) ;
#5213 = VERTEX_POINT ( 'NONE', #9897 ) ;
#5214 = VERTEX_POINT ( 'NONE', #4961 ) ;
#5215 = EDGE_CURVE ( 'NONE', #4755, #6072, #6650, .T. ) ;
#5216 = DIRECTION ( 'NONE',  ( 1.000000000000000000, 0.000000000000000000, -1.020425574104004122E-16 ) ) ;
#5217 = ORIENTED_EDGE ( 'NONE', *, *, #934, .T. ) ;
#5218 = ORIENTED_EDGE ( 'NONE', *, *, #7629, .F. ) ;
#5219 = DIRECTION ( 'NONE',  ( 0.5773502691896257311, 0.5773502691896257311, 0.5773502691896257311 ) ) ;
#5220 = CARTESIAN_POINT ( 'NONE',  ( 7.499999999999996447, -12.50000000000000000, 11.35000000000000497 ) ) ;
#5221 = DIRECTION ( 'NONE',  ( 0.000000000000000000, 1.000000000000000000, -0.000000000000000000 ) ) ;
#5222 = CARTESIAN_POINT ( 'NONE',  ( -19.34604782739734929, 28.11543744278039370, -15.41276252392819401 ) ) ;
#5223 = FACE_OUTER_BOUND ( 'NONE', #4824, .T. ) ;
#5224 = EDGE_CURVE ( 'NONE', #3998, #9816, #3838, .T. ) ;
#5225 = CARTESIAN_POINT ( 'NONE',  ( -23.45751724343248412, 26.15718639509487886, 13.48759814660246015 ) ) ;
#5226 = VERTEX_POINT ( 'NONE', #4342 ) ;
#5227 = CARTESIAN_POINT ( 'NONE',  ( -22.71629261286152968, 27.39001814001279556, 13.88499447053084879 ) ) ;
#5228 = FACE_OUTER_BOUND ( 'NONE', #6298, .T. ) ;
#5229 = FACE_OUTER_BOUND ( 'NONE', #5339, .T. ) ;
#5230 = CARTESIAN_POINT ( 'NONE',  ( 7.304120583230241159, 22.06333170879139161, -18.64999999999999147 ) ) ;
#5231 = CARTESIAN_POINT ( 'NONE',  ( -25.12146611568874022, 27.33713476013021904, 11.50064892298532193 ) ) ;
#5232 = EDGE_LOOP ( 'NONE', ( #2315, #638, #1400, #10035, #6695, #2575, #8973, #2486, #151, #4356, #4881, #6073 ) ) ;
#5233 = DIRECTION ( 'NONE',  ( -1.000000000000000000, -0.000000000000000000, -0.000000000000000000 ) ) ;
#5234 = ORIENTED_EDGE ( 'NONE', *, *, #9508, .F. ) ;
#5235 = FACE_OUTER_BOUND ( 'NONE', #2179, .T. ) ;
#5236 = AXIS2_PLACEMENT_3D ( 'NONE', #6570, #2681, #428 ) ;
#5237 = VERTEX_POINT ( 'NONE', #8234 ) ;
#5238 = PLANE ( 'NONE',  #1730 ) ;
#5239 = DIRECTION ( 'NONE',  ( 7.542275982507859612E-17, 0.000000000000000000, -1.000000000000000000 ) ) ;
#5240 = LINE ( 'NONE', #6728, #8060 ) ;
#5241 = CARTESIAN_POINT ( 'NONE',  ( -4.262759557341363248, 39.57012248197151649, 14.00000000000000355 ) ) ;
#5242 = CARTESIAN_POINT ( 'NONE',  ( -0.4876525959912251240, 35.16568991125706134, -21.99999999999999645 ) ) ;
#5243 = CIRCLE ( 'NONE', #4748, 0.9499999999999978462 ) ;
#5244 = CARTESIAN_POINT ( 'NONE',  ( -16.95106857580157111, 45.48677814630823235, -19.49999999999999645 ) ) ;
#5245 = ORIENTED_EDGE ( 'NONE', *, *, #4915, .T. ) ;
#5246 = VERTEX_POINT ( 'NONE', #9844 ) ;
#5247 = DIRECTION ( 'NONE',  ( 0.000000000000000000, 0.000000000000000000, 1.000000000000000000 ) ) ;
#5248 = EDGE_CURVE ( 'NONE', #607, #9057, #5110, .T. ) ;
#5249 = ORIENTED_EDGE ( 'NONE', *, *, #1314, .F. ) ;
#5250 = CARTESIAN_POINT ( 'NONE',  ( 8.914213562373099364, 23.08578643762697169, 17.35000000000000497 ) ) ;
#5251 = AXIS2_PLACEMENT_3D ( 'NONE', #4489, #7660, #600 ) ;
#5252 = ADVANCED_FACE ( 'NONE', ( #3515 ), #1941, .F. ) ;
#5253 = CARTESIAN_POINT ( 'NONE',  ( 9.396342007354087755, -20.00000000000000000, 15.35000000000000675 ) ) ;
#5254 = CARTESIAN_POINT ( 'NONE',  ( -0.07443344634339155164, 74.58023422674386893, 19.49999999999999645 ) ) ;
#5255 = CARTESIAN_POINT ( 'NONE',  ( -18.65764051238642196, 8.700200654028847680, -11.00000000000001066 ) ) ;
#5256 = CARTESIAN_POINT ( 'NONE',  ( -23.68469251506347817, 28.67126180882514319, 13.81530748493649874 ) ) ;
#5257 = EDGE_CURVE ( 'NONE', #5690, #2555, #5966, .T. ) ;
#5258 = CARTESIAN_POINT ( 'NONE',  ( 9.171572875253785284, 20.00000000000000000, -18.64999999999999503 ) ) ;
#5259 = VECTOR ( 'NONE', #464, 1000.000000000000000 ) ;
#5260 = DIRECTION ( 'NONE',  ( 0.9063077870366479383, -0.4226182617407037712, -0.000000000000000000 ) ) ;
#5261 = EDGE_LOOP ( 'NONE', ( #4405, #48, #5262, #3033 ) ) ;
#5262 = ORIENTED_EDGE ( 'NONE', *, *, #7401, .T. ) ;
#5263 = CARTESIAN_POINT ( 'NONE',  ( -14.67157287525376752, 30.11543744278039014, 20.00000000000000000 ) ) ;
#5264 = EDGE_LOOP ( 'NONE', ( #8766, #7324, #9855, #3849 ) ) ;
#5265 = ORIENTED_EDGE ( 'NONE', *, *, #8862, .F. ) ;
#5266 = CARTESIAN_POINT ( 'NONE',  ( 5.499999999999992006, 11.55000000000000071, -5.000000000000000000 ) ) ;
#5267 = CARTESIAN_POINT ( 'NONE',  ( 13.91470628061287229, 61.98841268678496164, 14.00000000000000000 ) ) ;
#5268 = DIRECTION ( 'NONE',  ( -0.3781822567379359845, -0.8449593844541896104, 0.3781822567379369837 ) ) ;
#5269 = VECTOR ( 'NONE', #2362, 1000.000000000000114 ) ;
#5270 = DIRECTION ( 'NONE',  ( -1.084202172485505420E-16, 0.000000000000000000, -1.000000000000000000 ) ) ;
#5271 = VECTOR ( 'NONE', #4713, 1000.000000000000000 ) ;
#5272 = CARTESIAN_POINT ( 'NONE',  ( -0.07443344634339155164, 74.58023422674386893, -19.49999999999999645 ) ) ;
#5273 = ORIENTED_EDGE ( 'NONE', *, *, #9604, .T. ) ;
#5274 = CARTESIAN_POINT ( 'NONE',  ( -14.67157287525376752, 30.11543744278039014, 20.00000000000000000 ) ) ;
#5275 = VECTOR ( 'NONE', #5373, 1000.000000000000114 ) ;
#5276 = DIRECTION ( 'NONE',  ( 1.000000000000000000, 0.000000000000000000, 0.000000000000000000 ) ) ;
#5277 = AXIS2_PLACEMENT_3D ( 'NONE', #1781, #4901, #3411 ) ;
#5278 = CARTESIAN_POINT ( 'NONE',  ( 5.499999999999994671, -19.41421356237309936, 12.58578643762685623 ) ) ;
#5279 = FACE_OUTER_BOUND ( 'NONE', #6365, .T. ) ;
#5280 = AXIS2_PLACEMENT_3D ( 'NONE', #5185, #9815, #4254 ) ;
#5281 = DIRECTION ( 'NONE',  ( -0.000000000000000000, -0.000000000000000000, 1.000000000000000000 ) ) ;
#5282 = ORIENTED_EDGE ( 'NONE', *, *, #3960, .T. ) ;
#5283 = DIRECTION ( 'NONE',  ( -3.469446951953614682E-16, 6.938893903907229364E-16, -1.000000000000000000 ) ) ;
#5284 = EDGE_LOOP ( 'NONE', ( #1343, #2237 ) ) ;
#5285 = FACE_OUTER_BOUND ( 'NONE', #1089, .T. ) ;
#5286 = ORIENTED_EDGE ( 'NONE', *, *, #3088, .F. ) ;
#5287 = DIRECTION ( 'NONE',  ( 0.9063077870366481603, -0.4226182617407032716, -0.000000000000000000 ) ) ;
#5288 = DIRECTION ( 'NONE',  ( -0.4226182617407037712, -0.9063077870366479383, 0.000000000000000000 ) ) ;
#5289 = STYLED_ITEM ( 'NONE', ( #4091 ), #2116 ) ;
#5290 = DIRECTION ( 'NONE',  ( 0.9156814542322437855, 0.4019048076038942430, 0.000000000000000000 ) ) ;
#5291 = CARTESIAN_POINT ( 'NONE',  ( -22.71629261286325274, 27.39001814001311175, -13.88499447053012226 ) ) ;
#5292 = EDGE_CURVE ( 'NONE', #1949, #9278, #5921, .T. ) ;
#5293 = DIRECTION ( 'NONE',  ( -1.000000000000000000, -0.000000000000000000, -0.000000000000000000 ) ) ;
#5294 = LINE ( 'NONE', #2023, #3496 ) ;
#5295 = VECTOR ( 'NONE', #346, 1000.000000000000114 ) ;
#5296 = VERTEX_POINT ( 'NONE', #7468 ) ;
#5297 = VERTEX_POINT ( 'NONE', #2042 ) ;
#5298 = LINE ( 'NONE', #5350, #9941 ) ;
#5299 = VERTEX_POINT ( 'NONE', #8867 ) ;
#5300 = DIRECTION ( 'NONE',  ( 0.000000000000000000, 1.000000000000000000, 0.000000000000000000 ) ) ;
#5301 = CARTESIAN_POINT ( 'NONE',  ( 5.499999999999991118, 26.08040538867671643, -16.64999999999999503 ) ) ;
#5302 = CARTESIAN_POINT ( 'NONE',  ( -1.500000000000007772, -15.08578643762689708, 16.91421356237306739 ) ) ;
#5303 = CARTESIAN_POINT ( 'NONE',  ( 7.499999999999996447, 14.50000000000000000, 15.35000000000000497 ) ) ;
#5304 = AXIS2_PLACEMENT_3D ( 'NONE', #6481, #3754, #5858 ) ;
#5305 = CARTESIAN_POINT ( 'NONE',  ( 5.499999999999994671, 26.50000000000000355, -18.73402153311994311 ) ) ;
#5306 = DIRECTION ( 'NONE',  ( 0.000000000000000000, -1.000000000000000000, 0.000000000000000000 ) ) ;
#5307 = EDGE_CURVE ( 'NONE', #5430, #8726, #1839, .T. ) ;
#5308 = CARTESIAN_POINT ( 'NONE',  ( -25.50000000000000355, 24.74548865787712515, 11.99999999999998046 ) ) ;
#5309 = ADVANCED_FACE ( 'NONE', ( #9955 ), #4543, .T. ) ;
#5310 = CARTESIAN_POINT ( 'NONE',  ( -22.44603207010313284, -15.49999999999997335, 12.52899151085502893 ) ) ;
#5311 = ORIENTED_EDGE ( 'NONE', *, *, #9659, .F. ) ;
#5312 = ORIENTED_EDGE ( 'NONE', *, *, #4445, .T. ) ;
#5313 = CARTESIAN_POINT ( 'NONE',  ( -15.50000000000000178, 41.50000000000000000, 17.00000000000000000 ) ) ;
#5314 = CIRCLE ( 'NONE', #7279, 1.000000000000000888 ) ;
#5315 = ORIENTED_EDGE ( 'NONE', *, *, #1963, .T. ) ;
#5316 = ORIENTED_EDGE ( 'NONE', *, *, #9559, .F. ) ;
#5317 = VECTOR ( 'NONE', #5567, 1000.000000000000000 ) ;
#5318 = CARTESIAN_POINT ( 'NONE',  ( -2.994904772160642548, 42.28904584305502112, 17.00000000000000000 ) ) ;
#5319 = DIRECTION ( 'NONE',  ( 0.000000000000000000, -1.000000000000000000, 0.000000000000000000 ) ) ;
#5320 = CARTESIAN_POINT ( 'NONE',  ( -12.31348600312988317, 5.741872821843921670, -11.00000000000001066 ) ) ;
#5321 = DIRECTION ( 'NONE',  ( 0.4019048076038952422, -0.9156814542322434525, -0.000000000000000000 ) ) ;
#5322 = AXIS2_PLACEMENT_3D ( 'NONE', #3499, #5758, #279 ) ;
#5323 = VECTOR ( 'NONE', #2238, 1000.000000000000000 ) ;
#5324 = FACE_OUTER_BOUND ( 'NONE', #7315, .T. ) ;
#5325 = ORIENTED_EDGE ( 'NONE', *, *, #680, .F. ) ;
#5326 = CARTESIAN_POINT ( 'NONE',  ( 7.499999999999996447, 14.50000000000000000, 13.35000000000000497 ) ) ;
#5327 = CIRCLE ( 'NONE', #3519, 1.049999999999998712 ) ;
#5328 = DIRECTION ( 'NONE',  ( -0.3781822567379359845, -0.8449593844541894994, 0.3781822567379369282 ) ) ;
#5329 = VECTOR ( 'NONE', #7573, 1000.000000000000000 ) ;
#5330 = EDGE_CURVE ( 'NONE', #7126, #9333, #9096, .T. ) ;
#5331 = CARTESIAN_POINT ( 'NONE',  ( -1.500000000000008216, -9.171572875253760415, -20.00000000000000000 ) ) ;
#5332 = DIRECTION ( 'NONE',  ( 0.000000000000000000, 1.000000000000000000, -0.000000000000000000 ) ) ;
#5333 = AXIS2_PLACEMENT_3D ( 'NONE', #2453, #969, #4043 ) ;
#5334 = CARTESIAN_POINT ( 'NONE',  ( 5.499999999999992895, 0.000000000000000000, -5.612340657572015586E-16 ) ) ;
#5335 = ORIENTED_EDGE ( 'NONE', *, *, #2780, .F. ) ;
#5336 =( BOUNDED_SURFACE ( )  B_SPLINE_SURFACE ( 3, 2, ( 
 ( #3715, #2131, #5250 ),
 ( #688, #10085, #1564 ),
 ( #8636, #5503, #895 ),
 ( #2476, #4836, #7810 ),
 ( #7239, #1661, #121 ),
 ( #6274, #164, #221 ),
 ( #9568, #4014, #3142 ),
 ( #2530, #8686, #3910 ),
 ( #1615, #4782, #7910 ),
 ( #9514, #843, #3962 ) ),
 .UNSPECIFIED., .F., .F., .T. ) 
 B_SPLINE_SURFACE_WITH_KNOTS ( ( 4, 2, 2, 2, 4 ),
 ( 3, 3 ),
 ( 4.712388980384689674, 5.006191444833637760, 5.299993909282586735, 5.593796373731535709, 5.887598838180483796 ),
 ( 0.000000000000000000, 1.000000000000000000 ),
 .UNSPECIFIED. ) 
 GEOMETRIC_REPRESENTATION_ITEM ( )  RATIONAL_B_SPLINE_SURFACE ( (
 ( 1.000000000000000000, 0.7071067811865473507, 1.000000000000000000),
 ( 1.000000000000000000, 0.7315963174688694393, 1.000000000000000000),
 ( 1.000000000000000000, 0.7547856996662484219, 1.000000000000000000),
 ( 1.000000000000000000, 0.7974860331016220272, 1.000000000000000000),
 ( 1.000000000000000000, 0.8169945451173558082, 1.000000000000000000),
 ( 1.000000000000000000, 0.8515367060264268373, 1.000000000000000000),
 ( 1.000000000000000000, 0.8665721404369221004, 1.000000000000000000),
 ( 1.000000000000000000, 0.8916247917862701877, 1.000000000000000000),
 ( 1.000000000000000000, 0.9016459158627591064, 1.000000000000000000),
 ( 1.000000000000000000, 0.9089822437613427342, 1.000000000000000000) ) ) 
 REPRESENTATION_ITEM ( '' )  SURFACE ( )  );
#5337 = DIRECTION ( 'NONE',  ( 1.000000000000000000, -0.000000000000000000, -0.000000000000000000 ) ) ;
#5338 = VECTOR ( 'NONE', #4406, 1000.000000000000114 ) ;
#5339 = EDGE_LOOP ( 'NONE', ( #7140, #5383, #5316 ) ) ;
#5340 = ADVANCED_FACE ( 'NONE', ( #757, #2144 ), #6071, .F. ) ;
#5341 = ORIENTED_EDGE ( 'NONE', *, *, #6390, .T. ) ;
#5342 = LINE ( 'NONE', #6152, #588 ) ;
#5343 = DIRECTION ( 'NONE',  ( 0.000000000000000000, 1.000000000000000000, -0.000000000000000000 ) ) ;
#5344 = DIRECTION ( 'NONE',  ( -0.9063077870366474942, 0.4226182617407049369, 5.204170427930418917E-15 ) ) ;
#5345 = CARTESIAN_POINT ( 'NONE',  ( 0.000000000000000000, 14.50000000000000000, -17.39999999999999858 ) ) ;
#5346 = CARTESIAN_POINT ( 'NONE',  ( 3.799905785292689409, 27.67954956014680690, -21.78613625775917484 ) ) ;
#5347 = CARTESIAN_POINT ( 'NONE',  ( -22.21361719324935535, 26.50000000000000355, 76.26183934523054120 ) ) ;
#5348 = ORIENTED_EDGE ( 'NONE', *, *, #375, .T. ) ;
#5349 = ORIENTED_EDGE ( 'NONE', *, *, #3503, .T. ) ;
#5350 = CARTESIAN_POINT ( 'NONE',  ( -14.67157287525379061, 30.11543744278038304, -22.00000000000000000 ) ) ;
#5351 = VERTEX_POINT ( 'NONE', #8544 ) ;
#5352 = FACE_OUTER_BOUND ( 'NONE', #1523, .T. ) ;
#5353 = CARTESIAN_POINT ( 'NONE',  ( -25.50000000000000355, 26.36619136811596320, 11.44883229912635692 ) ) ;
#5354 = DIRECTION ( 'NONE',  ( 0.9063077870366479383, -0.4226182617407038267, -0.000000000000000000 ) ) ;
#5355 = EDGE_CURVE ( 'NONE', #3618, #4678, #703, .T. ) ;
#5356 = LINE ( 'NONE', #10091, #4299 ) ;
#5357 = DIRECTION ( 'NONE',  ( -0.6715429342378164135, 0.3131456130149766759, 0.6715429342378179678 ) ) ;
#5358 = DIRECTION ( 'NONE',  ( 0.000000000000000000, 1.000000000000000000, -0.000000000000000000 ) ) ;
#5359 = CYLINDRICAL_SURFACE ( 'NONE', #7097, 1.999999999999996225 ) ;
#5360 = EDGE_LOOP ( 'NONE', ( #3311, #3212, #3472, #1241, #9632 ) ) ;
#5361 = ORIENTED_EDGE ( 'NONE', *, *, #8456, .F. ) ;
#5362 = DIRECTION ( 'NONE',  ( -1.092471759208905296E-15, -2.342813248084720770E-15, -1.000000000000000000 ) ) ;
#5363 = ORIENTED_EDGE ( 'NONE', *, *, #2156, .F. ) ;
#5364 = CARTESIAN_POINT ( 'NONE',  ( 13.82591905928729581, 70.85683819975781716, 76.26183934523054120 ) ) ;
#5365 = DIRECTION ( 'NONE',  ( 0.000000000000000000, 0.000000000000000000, -1.000000000000000000 ) ) ;
#5366 = CARTESIAN_POINT ( 'NONE',  ( -0.5000000000000082157, -7.550000000000000711, -10.05000000000000071 ) ) ;
#5367 = DIRECTION ( 'NONE',  ( 0.000000000000000000, 1.000000000000000000, -0.000000000000000000 ) ) ;
#5368 = CARTESIAN_POINT ( 'NONE',  ( -10.50087042905658663, 4.896636298362512463, -17.00000000000001421 ) ) ;
#5369 = VERTEX_POINT ( 'NONE', #5313 ) ;
#5370 = LINE ( 'NONE', #9964, #1150 ) ;
#5371 = ORIENTED_EDGE ( 'NONE', *, *, #9522, .F. ) ;
#5372 = ADVANCED_FACE ( 'NONE', ( #3875 ), #9751, .T. ) ;
#5373 = DIRECTION ( 'NONE',  ( 0.4226182617407037712, 0.9063077870366479383, 4.619120537100173697E-17 ) ) ;
#5374 = ADVANCED_FACE ( 'NONE', ( #9226 ), #3009, .T. ) ;
#5375 = CARTESIAN_POINT ( 'NONE',  ( 25.50000000000000355, -11.55000000000000071, -0.8999999999999966915 ) ) ;
#5376 = CARTESIAN_POINT ( 'NONE',  ( -25.50000000000000355, 26.50000000000000355, 10.99706913360166816 ) ) ;
#5377 = ADVANCED_FACE ( 'NONE', ( #4497 ), #10101, .F. ) ;
#5378 = CARTESIAN_POINT ( 'NONE',  ( -15.49999999999998579, 41.50000000000002132, -16.99999999999999645 ) ) ;
#5379 = ORIENTED_EDGE ( 'NONE', *, *, #8489, .F. ) ;
#5380 = EDGE_CURVE ( 'NONE', #6516, #1077, #5314, .T. ) ;
#5381 = CARTESIAN_POINT ( 'NONE',  ( 9.810666190349460081, 48.45486714486155932, 0.000000000000000000 ) ) ;
#5382 = ORIENTED_EDGE ( 'NONE', *, *, #689, .T. ) ;
#5383 = ORIENTED_EDGE ( 'NONE', *, *, #1877, .T. ) ;
#5384 = CARTESIAN_POINT ( 'NONE',  ( -19.25879052832072702, 28.11543744278040791, 15.45639117346652647 ) ) ;
#5385 = PLANE ( 'NONE',  #2817 ) ;
#5386 = CARTESIAN_POINT ( 'NONE',  ( -23.02574682216868851, 29.29586713194057523, 14.47425317783128840 ) ) ;
#5387 = CARTESIAN_POINT ( 'NONE',  ( 4.694945461726456770, 27.27380279183122980, -21.24471420550339928 ) ) ;
#5388 =( BOUNDED_SURFACE ( )  B_SPLINE_SURFACE ( 3, 2, ( 
 ( #5646, #7182, #1653 ),
 ( #4878, #3336, #6463 ),
 ( #156, #3282, #2614 ),
 ( #888, #9616, #6362 ),
 ( #2570, #1033, #264 ),
 ( #3389, #6510, #5739 ),
 ( #5544, #1860, #4980 ),
 ( #1088, #8678, #114 ),
 ( #5230, #3581, #3636 ),
 ( #1336, #6613, #4304 ) ),
 .UNSPECIFIED., .F., .F., .T. ) 
 B_SPLINE_SURFACE_WITH_KNOTS ( ( 4, 2, 2, 2, 4 ),
 ( 3, 3 ),
 ( 0.3955864689991467897, 0.6893889334480842734, 0.9831913978970217016, 1.276993862345959130, 1.570796326794896558 ),
 ( 0.000000000000000000, 1.000000000000000000 ),
 .UNSPECIFIED. ) 
 GEOMETRIC_REPRESENTATION_ITEM ( )  RATIONAL_B_SPLINE_SURFACE ( (
 ( 1.000000000000000000, 0.9089822437613396255, 1.000000000000000000),
 ( 1.000000000000000000, 0.9016459158627710968, 1.000000000000000000),
 ( 1.000000000000000000, 0.8916247917862455408, 1.000000000000000000),
 ( 1.000000000000000000, 0.8665721404369378655, 1.000000000000000000),
 ( 1.000000000000000000, 0.8515367060264142918, 1.000000000000000000),
 ( 1.000000000000000000, 0.8169945451173612483, 1.000000000000000000),
 ( 1.000000000000000000, 0.7974860331016456749, 1.000000000000000000),
 ( 1.000000000000000000, 0.7547856996662211104, 1.000000000000000000),
 ( 1.000000000000000000, 0.7315963174688884241, 1.000000000000000000),
 ( 1.000000000000000000, 0.7071067811865475727, 1.000000000000000000) ) ) 
 REPRESENTATION_ITEM ( '' )  SURFACE ( )  );
#5389 = CARTESIAN_POINT ( 'NONE',  ( 4.821274678095983646, 33.02267935139751387, 16.17157287525381548 ) ) ;
#5390 = VECTOR ( 'NONE', #5288, 1000.000000000000000 ) ;
#5391 = ORIENTED_EDGE ( 'NONE', *, *, #3851, .T. ) ;
#5392 = ORIENTED_EDGE ( 'NONE', *, *, #5495, .T. ) ;
#5393 = DIRECTION ( 'NONE',  ( 0.7071067811865465735, 0.000000000000000000, 0.7071067811865484609 ) ) ;
#5394 = ORIENTED_EDGE ( 'NONE', *, *, #4885, .T. ) ;
#5395 = CYLINDRICAL_SURFACE ( 'NONE', #1720, 2.000000000000000000 ) ;
#5396 = PLANE ( 'NONE',  #7687 ) ;
#5397 = AXIS2_PLACEMENT_3D ( 'NONE', #8744, #10141, #1722 ) ;
#5398 = AXIS2_PLACEMENT_3D ( 'NONE', #3465, #2704, #1990 ) ;
#5399 = CARTESIAN_POINT ( 'NONE',  ( 0.000000000000000000, -14.50000000000000000, -17.39999999999999858 ) ) ;
#5400 = DIRECTION ( 'NONE',  ( -1.000000000000000000, 0.000000000000000000, 0.000000000000000000 ) ) ;
#5401 = CARTESIAN_POINT ( 'NONE',  ( 5.499999999999993783, -7.549999999999999822, 6.050000000000001599 ) ) ;
#5402 = PLANE ( 'NONE',  #1705 ) ;
#5403 = CARTESIAN_POINT ( 'NONE',  ( 7.169064422819456439, 64.08574812123060838, -14.00000000000000178 ) ) ;
#5404 = CARTESIAN_POINT ( 'NONE',  ( 5.499999999999996447, 20.00000000000000000, 13.35000000000000497 ) ) ;
#5405 = VERTEX_POINT ( 'NONE', #7768 ) ;
#5406 = ORIENTED_EDGE ( 'NONE', *, *, #9181, .T. ) ;
#5407 = DIRECTION ( 'NONE',  ( 0.9063077870366477162, -0.4226182617407041042, 0.000000000000000000 ) ) ;
#5408 = AXIS2_PLACEMENT_3D ( 'NONE', #6278, #7094, #4786 ) ;
#5409 = ORIENTED_EDGE ( 'NONE', *, *, #7012, .F. ) ;
#5410 = VECTOR ( 'NONE', #8500, 1000.000000000000000 ) ;
#5411 = EDGE_CURVE ( 'NONE', #5213, #1021, #3673, .T. ) ;
#5412 = CARTESIAN_POINT ( 'NONE',  ( -0.7946632010167351545, 13.50000000000000000, -10.00000000000000000 ) ) ;
#5413 = DIRECTION ( 'NONE',  ( 1.000000000000000000, 0.000000000000000000, -8.673617379884029309E-17 ) ) ;
#5414 = CARTESIAN_POINT ( 'NONE',  ( -24.25595441299013189, 29.20060148667514355, 12.61934323575311012 ) ) ;
#5415 = CARTESIAN_POINT ( 'NONE',  ( 5.816269386969378452, 25.77942635492259171, 14.49831344434816138 ) ) ;
#5416 = VECTOR ( 'NONE', #6087, 1000.000000000000000 ) ;
#5417 = ADVANCED_FACE ( 'NONE', ( #2197 ), #6855, .T. ) ;
#5418 = CARTESIAN_POINT ( 'NONE',  ( 15.49999999999999467, -14.50000000000000000, -0.8999999999999962474 ) ) ;
#5419 = ORIENTED_EDGE ( 'NONE', *, *, #6982, .F. ) ;
#5420 = ORIENTED_EDGE ( 'NONE', *, *, #2573, .F. ) ;
#5421 = CARTESIAN_POINT ( 'NONE',  ( 3.499999999999983125, 0.000000000000000000, -6.913130683966943511E-15 ) ) ;
#5422 = ORIENTED_EDGE ( 'NONE', *, *, #8637, .T. ) ;
#5423 = PLANE ( 'NONE',  #30 ) ;
#5424 = AXIS2_PLACEMENT_3D ( 'NONE', #536, #9937, #3654 ) ;
#5425 = CARTESIAN_POINT ( 'NONE',  ( -23.62690438587966568, 28.73033602620191118, 13.87309561412030767 ) ) ;
#5426 = CARTESIAN_POINT ( 'NONE',  ( -24.95337886047483167, 27.72129648695521098, -11.54369027312681162 ) ) ;
#5427 = EDGE_CURVE ( 'NONE', #10020, #3943, #1319, .T. ) ;
#5428 = DIRECTION ( 'NONE',  ( -0.000000000000000000, 0.7071067811865486830, -0.7071067811865464625 ) ) ;
#5429 = VECTOR ( 'NONE', #8882, 1000.000000000000000 ) ;
#5430 = VERTEX_POINT ( 'NONE', #4443 ) ;
#5431 = CARTESIAN_POINT ( 'NONE',  ( -23.17157287525380838, -15.49999999999997335, 11.49999999999998046 ) ) ;
#5432 = EDGE_CURVE ( 'NONE', #4985, #5081, #7667, .T. ) ;
#5433 = VECTOR ( 'NONE', #1481, 1000.000000000000000 ) ;
#5434 = ORIENTED_EDGE ( 'NONE', *, *, #6259, .F. ) ;
#5435 = VERTEX_POINT ( 'NONE', #2294 ) ;
#5436 = CARTESIAN_POINT ( 'NONE',  ( -15.91576634064152351, 40.57106781186543998, -16.99999999999999645 ) ) ;
#5437 = CARTESIAN_POINT ( 'NONE',  ( -23.91267135174645020, 28.61371118198911034, -13.58732864825350184 ) ) ;
#5438 = DIRECTION ( 'NONE',  ( 0.000000000000000000, 1.000000000000000000, 0.000000000000000000 ) ) ;
#5439 = VECTOR ( 'NONE', #2352, 1000.000000000000000 ) ;
#5440 = CARTESIAN_POINT ( 'NONE',  ( 5.659905820678811317, 25.35176123389621594, -17.43361560170041002 ) ) ;
#5441 = CARTESIAN_POINT ( 'NONE',  ( 6.243321795979197120, 25.75667820402082242, -19.95179175128093974 ) ) ;
#5442 = VERTEX_POINT ( 'NONE', #9998 ) ;
#5443 = VERTEX_POINT ( 'NONE', #1522 ) ;
#5444 = CARTESIAN_POINT ( 'NONE',  ( 7.570551771473125413, 64.94674051891543343, -14.00000000000000178 ) ) ;
#5445 = AXIS2_PLACEMENT_3D ( 'NONE', #7487, #9866, #4467 ) ;
#5446 = VERTEX_POINT ( 'NONE', #7568 ) ;
#5447 = CARTESIAN_POINT ( 'NONE',  ( 15.49999999999999467, 14.50000000000000000, -9.149999999999998579 ) ) ;
#5448 = PLANE ( 'NONE',  #6539 ) ;
#5449 =( BOUNDED_CURVE ( )  B_SPLINE_CURVE ( 3, ( #4036, #9438, #2402, #4804 ),
 .UNSPECIFIED., .F., .T. ) 
 B_SPLINE_CURVE_WITH_KNOTS ( ( 4, 4 ),
 ( 4.712388980384689674, 5.735156899559262555 ),
 .UNSPECIFIED. ) 
 CURVE ( )  GEOMETRIC_REPRESENTATION_ITEM ( )  RATIONAL_B_SPLINE_CURVE ( ( 1.000000000000000000, 0.9147120363182669189, 0.9147120363182669189, 1.000000000000000000 ) ) 
 REPRESENTATION_ITEM ( '' )  );
#5450 = CARTESIAN_POINT ( 'NONE',  ( 22.54289321881348229, 8.042893218813242484, -22.00000000000000000 ) ) ;
#5451 = CARTESIAN_POINT ( 'NONE',  ( 13.82591905928729581, 70.85683819975781716, 20.00000000000000355 ) ) ;
#5452 = ADVANCED_FACE ( 'NONE', ( #4645, #557 ), #6809, .T. ) ;
#5453 = CARTESIAN_POINT ( 'NONE',  ( 11.99999999999995914, 20.00000000000000000, -20.64999999999999503 ) ) ;
#5454 = DIRECTION ( 'NONE',  ( -0.000000000000000000, 1.000000000000000000, -0.000000000000000000 ) ) ;
#5455 = CIRCLE ( 'NONE', #714, 0.9999999999999991118 ) ;
#5456 = DIRECTION ( 'NONE',  ( 0.000000000000000000, 0.000000000000000000, -1.000000000000000000 ) ) ;
#5457 = CIRCLE ( 'NONE', #379, 1.049999999999991385 ) ;
#5458 = EDGE_CURVE ( 'NONE', #3943, #4629, #6132, .T. ) ;
#5459 = DIRECTION ( 'NONE',  ( 0.000000000000000000, 0.000000000000000000, 1.000000000000000000 ) ) ;
#5460 = DIRECTION ( 'NONE',  ( -0.9063077870366480493, 0.4226182617407038822, 0.000000000000000000 ) ) ;
#5461 = ORIENTED_EDGE ( 'NONE', *, *, #4568, .T. ) ;
#5462 = ORIENTED_EDGE ( 'NONE', *, *, #8668, .T. ) ;
#5463 = CARTESIAN_POINT ( 'NONE',  ( -3.499999999999996003, -15.08578643762694149, -14.08578643762685978 ) ) ;
#5464 = ORIENTED_EDGE ( 'NONE', *, *, #9209, .T. ) ;
#5465 = DIRECTION ( 'NONE',  ( -1.734723475976807341E-16, 0.000000000000000000, -1.000000000000000000 ) ) ;
#5466 = VECTOR ( 'NONE', #904, 1000.000000000000000 ) ;
#5467 = LINE ( 'NONE', #7825, #754 ) ;
#5468 = ADVANCED_FACE ( 'NONE', ( #8751 ), #2541, .F. ) ;
#5469 = FACE_OUTER_BOUND ( 'NONE', #8264, .T. ) ;
#5470 = LINE ( 'NONE', #4596, #2006 ) ;
#5471 = CARTESIAN_POINT ( 'NONE',  ( 8.734066989371179091, 21.78543004774082803, -6.704739091775931747 ) ) ;
#5472 = ORIENTED_EDGE ( 'NONE', *, *, #7816, .F. ) ;
#5473 = EDGE_LOOP ( 'NONE', ( #6965, #9999 ) ) ;
#5474 = DIRECTION ( 'NONE',  ( 0.000000000000000000, 0.000000000000000000, -1.000000000000000000 ) ) ;
#5475 = ORIENTED_EDGE ( 'NONE', *, *, #6128, .T. ) ;
#5476 = FACE_OUTER_BOUND ( 'NONE', #941, .T. ) ;
#5477 = FACE_OUTER_BOUND ( 'NONE', #9336, .T. ) ;
#5478 = AXIS2_PLACEMENT_3D ( 'NONE', #336, #3461, #7515 ) ;
#5479 = VECTOR ( 'NONE', #7977, 1000.000000000000114 ) ;
#5480 = DIRECTION ( 'NONE',  ( -0.000000000000000000, -0.000000000000000000, -1.000000000000000000 ) ) ;
#5481 = DIRECTION ( 'NONE',  ( 0.9063077870366480493, -0.4226182617407037712, 0.000000000000000000 ) ) ;
#5482 = FACE_BOUND ( 'NONE', #6747, .T. ) ;
#5483 = ORIENTED_EDGE ( 'NONE', *, *, #7145, .T. ) ;
#5484 = ORIENTED_EDGE ( 'NONE', *, *, #6966, .F. ) ;
#5485 = DIRECTION ( 'NONE',  ( -0.000000000000000000, -0.000000000000000000, -1.000000000000000000 ) ) ;
#5486 = VECTOR ( 'NONE', #7156, 1000.000000000000000 ) ;
#5487 = AXIS2_PLACEMENT_3D ( 'NONE', #9624, #8117, #4261 ) ;
#5488 = ORIENTED_EDGE ( 'NONE', *, *, #2867, .F. ) ;
#5489 = EDGE_LOOP ( 'NONE', ( #6694, #7010, #7619, #7526 ) ) ;
#5490 = CARTESIAN_POINT ( 'NONE',  ( -17.49818108852060661, 37.03553390593270223, -15.53553390593275729 ) ) ;
#5491 = EDGE_CURVE ( 'NONE', #2404, #7838, #4029, .T. ) ;
#5493 = CARTESIAN_POINT ( 'NONE',  ( 7.499999999999996447, -16.64999999999995595, 15.35000000000000497 ) ) ;
#5492 = VECTOR ( 'NONE', #4521, 1000.000000000000000 ) ;
#5494 = CARTESIAN_POINT ( 'NONE',  ( -21.62291814709514526, 29.98750375199882257, 15.87708185290482454 ) ) ;
#5495 = EDGE_CURVE ( 'NONE', #6300, #5446, #9479, .T. ) ;
#5496 = AXIS2_PLACEMENT_3D ( 'NONE', #5267, #4398, #8340 ) ;
#5497 = CARTESIAN_POINT ( 'NONE',  ( 5.499999999999992895, 26.08040538867672353, -16.64999999999999503 ) ) ;
#5498 = PLANE ( 'NONE',  #9536 ) ;
#5499 = ORIENTED_EDGE ( 'NONE', *, *, #3056, .T. ) ;
#5500 = ORIENTED_EDGE ( 'NONE', *, *, #1280, .T. ) ;
#5501 = FACE_OUTER_BOUND ( 'NONE', #363, .T. ) ;
#5502 = ORIENTED_EDGE ( 'NONE', *, *, #727, .T. ) ;
#5503 = CARTESIAN_POINT ( 'NONE',  ( 8.315359238760851923, 23.68464076123825635, 15.56802043108466194 ) ) ;
#5504 = EDGE_CURVE ( 'NONE', #7725, #3711, #7975, .T. ) ;
#5505 = DIRECTION ( 'NONE',  ( -1.020425574104004122E-16, 0.000000000000000000, -1.000000000000000000 ) ) ;
#5506 = CARTESIAN_POINT ( 'NONE',  ( 2.081394951891304856, 36.61179464979771581, -13.99999999999999822 ) ) ;
#5507 = CARTESIAN_POINT ( 'NONE',  ( 5.504906239516865085, 26.48882184922741700, 15.19174159194021634 ) ) ;
#5508 = EDGE_CURVE ( 'NONE', #827, #6300, #7866, .T. ) ;
#5509 = CARTESIAN_POINT ( 'NONE',  ( -24.20056438610887284, -14.77966136833465072, -11.49999999999994849 ) ) ;
#5510 = CYLINDRICAL_SURFACE ( 'NONE', #6711, 1.999999999999998224 ) ;
#5511 = DIRECTION ( 'NONE',  ( -0.4226182617407037712, -0.9063077870366479383, 0.000000000000000000 ) ) ;
#5512 = EDGE_CURVE ( 'NONE', #1077, #6516, #81, .T. ) ;
#5513 = CARTESIAN_POINT ( 'NONE',  ( -1.687219194518233323, -16.48181184049483505, -15.51818815950513830 ) ) ;
#5514 = CARTESIAN_POINT ( 'NONE',  ( 6.302696986155214454, 62.22781715790497259, -17.00000000000000000 ) ) ;
#5515 = ORIENTED_EDGE ( 'NONE', *, *, #3251, .T. ) ;
#5516 = ORIENTED_EDGE ( 'NONE', *, *, #5720, .T. ) ;
#5517 = CARTESIAN_POINT ( 'NONE',  ( -21.63167772503915742, 30.01172861897548572, -15.86832227496081238 ) ) ;
#5518 = ORIENTED_EDGE ( 'NONE', *, *, #6559, .T. ) ;
#5519 = EDGE_CURVE ( 'NONE', #9488, #5636, #3256, .T. ) ;
#5520 = CARTESIAN_POINT ( 'NONE',  ( 12.64685149541175946, 59.26948932572005901, 13.99999999999999822 ) ) ;
#5521 = CARTESIAN_POINT ( 'NONE',  ( -17.49818108852060661, 37.03553390593270223, 15.53553390593272887 ) ) ;
#5522 = EDGE_CURVE ( 'NONE', #1810, #2200, #8806, .T. ) ;
#5523 = SURFACE_STYLE_FILL_AREA ( #7003 ) ;
#5524 = DIRECTION ( 'NONE',  ( 0.000000000000000000, 1.000000000000000000, 0.000000000000000000 ) ) ;
#5525 = EDGE_CURVE ( 'NONE', #5297, #5811, #3189, .T. ) ;
#5526 = CARTESIAN_POINT ( 'NONE',  ( 2.989911769631496075, 32.21886973618971695, -16.17157287525382969 ) ) ;
#5527 = ORIENTED_EDGE ( 'NONE', *, *, #6966, .T. ) ;
#5528 = EDGE_LOOP ( 'NONE', ( #3341, #7698, #5573, #7349 ) ) ;
#5529 = DIRECTION ( 'NONE',  ( 0.4226182617407037156, 0.9063077870366479383, 0.000000000000000000 ) ) ;
#5530 = ORIENTED_EDGE ( 'NONE', *, *, #1398, .T. ) ;
#5531 = CARTESIAN_POINT ( 'NONE',  ( 0.000000000000000000, 26.50000000000000355, -5.000000000000000000 ) ) ;
#5532 = CARTESIAN_POINT ( 'NONE',  ( -2.733477415476871286, 75.78829144136641105, -20.55861816016174259 ) ) ;
#5533 = ADVANCED_FACE ( 'NONE', ( #9526, #2345 ), #2487, .F. ) ;
#5534 = LINE ( 'NONE', #1642, #5416 ) ;
#5535 = FACE_OUTER_BOUND ( 'NONE', #2995, .T. ) ;
#5536 = ORIENTED_EDGE ( 'NONE', *, *, #820, .F. ) ;
#5537 = EDGE_LOOP ( 'NONE', ( #9095, #2676, #9756, #1594 ) ) ;
#5538 = CARTESIAN_POINT ( 'NONE',  ( 5.659905820678782007, 25.35176123389635450, 14.13361560170034359 ) ) ;
#5539 = ORIENTED_EDGE ( 'NONE', *, *, #8705, .F. ) ;
#5540 = LINE ( 'NONE', #1650, #9556 ) ;
#5541 = CARTESIAN_POINT ( 'NONE',  ( -18.21892336110602528, 42.76785478523053285, -19.99999999999999289 ) ) ;
#5542 = DIRECTION ( 'NONE',  ( 0.4019048076038938544, -0.9156814542322440076, 0.000000000000000000 ) ) ;
#5543 = CARTESIAN_POINT ( 'NONE',  ( 15.49999999999999467, -14.50000000000000000, 10.12500000000000000 ) ) ;
#5544 = CARTESIAN_POINT ( 'NONE',  ( 6.733337046734360953, 23.20489878178467080, -18.50757699985524951 ) ) ;
#5545 = CARTESIAN_POINT ( 'NONE',  ( -23.17157287525381548, 26.29507800053148259, -13.49999999999995559 ) ) ;
#5546 = ADVANCED_FACE ( 'NONE', ( #24 ), #5613, .F. ) ;
#5547 = ORIENTED_EDGE ( 'NONE', *, *, #929, .T. ) ;
#5548 = EDGE_LOOP ( 'NONE', ( #1658, #7536, #4165, #7212, #7984, #2270, #8557 ) ) ;
#5549 = CARTESIAN_POINT ( 'NONE',  ( -19.17157287525381903, 28.11543744278040435, 15.49999999999998046 ) ) ;
#5550 = ORIENTED_EDGE ( 'NONE', *, *, #995, .T. ) ;
#5551 = LINE ( 'NONE', #7188, #1071 ) ;
#5552 = B_SPLINE_CURVE_WITH_KNOTS ( 'NONE', 3,
 ( #2812, #1176, #1997, #5884 ),
 .UNSPECIFIED., .F., .F.,
 ( 4, 4 ),
 ( 3.705370968959021185E-18, 0.0006055562764241071696 ),
 .UNSPECIFIED. ) ;
#5553 = CARTESIAN_POINT ( 'NONE',  ( 25.50000000000000355, -9.171572875253785284, 22.00000000000000000 ) ) ;
#5554 = CARTESIAN_POINT ( 'NONE',  ( 15.49999999999999467, -14.50000000000000000, 10.12500000000000000 ) ) ;
#5555 = CARTESIAN_POINT ( 'NONE',  ( -23.30468292443440248, 26.50729233847116717, -13.49821701054669099 ) ) ;
#5556 = B_SPLINE_CURVE_WITH_KNOTS ( 'NONE', 3,
 ( #19, #851, #213, #3339, #1718, #9571, #6522, #4840, #7147, #168, #2479, #7192, #7912, #123, #3246, #9669, #2533, #3399, #8121, #4066, #5750, #1870 ),
 .UNSPECIFIED., .F., .F.,
 ( 4, 1, 1, 2, 2, 1, 1, 2, 2, 1, 1, 2, 2, 4 ),
 ( 0.000000000000000000, 0.06249999999997912781, 0.09374999999996846967, 0.1093749999999631406, 0.1249999999999578115, 0.1874999999999448774, 0.2187499999999385492, 0.2343749999999368006, 0.2499999999999350520, 0.3749999999999475975, 0.4374999999999490963, 0.4687499999999532041, 0.4999999999999572564, 1.000000000000000000 ),
 .UNSPECIFIED. ) ;
#5557 = FACE_OUTER_BOUND ( 'NONE', #4257, .T. ) ;
#5558 = CARTESIAN_POINT ( 'NONE',  ( 7.499999999999996447, -12.50000000000000000, 13.35000000000000497 ) ) ;
#5559 = LINE ( 'NONE', #3917, #722 ) ;
#5560 = EDGE_CURVE ( 'NONE', #683, #6457, #7287, .T. ) ;
#5561 = CARTESIAN_POINT ( 'NONE',  ( -1.500000000000008438, 30.11543744278039014, 22.00000000000000000 ) ) ;
#5562 = EDGE_LOOP ( 'NONE', ( #682, #2781 ) ) ;
#5563 = ORIENTED_EDGE ( 'NONE', *, *, #8501, .T. ) ;
#5564 = DIRECTION ( 'NONE',  ( -1.000000000000000000, 0.000000000000000000, 0.000000000000000000 ) ) ;
#5565 = ORIENTED_EDGE ( 'NONE', *, *, #7871, .F. ) ;
#5566 = EDGE_CURVE ( 'NONE', #8723, #3923, #6337, .T. ) ;
#5567 = DIRECTION ( 'NONE',  ( 0.000000000000000000, 1.000000000000000000, 0.000000000000000000 ) ) ;
#5568 = CARTESIAN_POINT ( 'NONE',  ( 5.499999999999994671, 14.50000000000000000, 0.000000000000000000 ) ) ;
#5569 = CARTESIAN_POINT ( 'NONE',  ( -22.71629261286151191, 27.39001814001279556, 13.88499447053085589 ) ) ;
#5570 = CARTESIAN_POINT ( 'NONE',  ( 16.71183787597632531, 64.64056638041486735, -16.17157287525382259 ) ) ;
#5571 = VECTOR ( 'NONE', #9960, 1000.000000000000000 ) ;
#5572 = CARTESIAN_POINT ( 'NONE',  ( -14.67157287525379061, 30.11543744278038304, -22.00000000000000000 ) ) ;
#5573 = ORIENTED_EDGE ( 'NONE', *, *, #3156, .F. ) ;
#5574 = ORIENTED_EDGE ( 'NONE', *, *, #4885, .F. ) ;
#5575 = CARTESIAN_POINT ( 'NONE',  ( -28.62702616978955206, 13.34900153317659210, 0.000000000000000000 ) ) ;
#5576 = ORIENTED_EDGE ( 'NONE', *, *, #6124, .T. ) ;
#5577 = CYLINDRICAL_SURFACE ( 'NONE', #5333, 0.8000000000000038192 ) ;
#5578 = PLANE ( 'NONE',  #2133 ) ;
#5579 = DIRECTION ( 'NONE',  ( 0.2792582776338186634, -0.7672558119947097133, 0.5773502691896243988 ) ) ;
#5580 = DIRECTION ( 'NONE',  ( 0.4226182617407036601, 0.9063077870366480493, 0.000000000000000000 ) ) ;
#5581 = CARTESIAN_POINT ( 'NONE',  ( -24.13951757210365656, 24.89701470876245182, 13.32517109072882633 ) ) ;
#5582 = ORIENTED_EDGE ( 'NONE', *, *, #2310, .T. ) ;
#5583 = VERTEX_POINT ( 'NONE', #3104 ) ;
#5584 = CYLINDRICAL_SURFACE ( 'NONE', #7457, 2.000000000000000000 ) ;
#5585 = CIRCLE ( 'NONE', #1824, 2.000000000000000000 ) ;
#5586 = ORIENTED_EDGE ( 'NONE', *, *, #6512, .T. ) ;
#5587 = LINE ( 'NONE', #8728, #707 ) ;
#5588 = AXIS2_PLACEMENT_3D ( 'NONE', #7086, #6266, #1655 ) ;
#5589 = CARTESIAN_POINT ( 'NONE',  ( 3.499999999999993339, 18.50000000000000000, 5.000000000000000000 ) ) ;
#5590 = EDGE_CURVE ( 'NONE', #8417, #1583, #4121, .T. ) ;
#5591 = CARTESIAN_POINT ( 'NONE',  ( -3.517903704716501156, -14.20704720669982812, -15.23226007084515743 ) ) ;
#5592 = EDGE_CURVE ( 'NONE', #1796, #5690, #805, .T. ) ;
#5593 = CARTESIAN_POINT ( 'NONE',  ( -23.23147586784249796, 26.64341645969696515, 13.51781186001528035 ) ) ;
#5594 = CARTESIAN_POINT ( 'NONE',  ( -22.35839261528037269, 29.71076872441956240, -15.14160738471959178 ) ) ;
#5595 = AXIS2_PLACEMENT_3D ( 'NONE', #4206, #2616, #3390 ) ;
#5596 = ORIENTED_EDGE ( 'NONE', *, *, #448, .T. ) ;
#5597 = ORIENTED_EDGE ( 'NONE', *, *, #5689, .F. ) ;
#5598 = DIRECTION ( 'NONE',  ( 0.000000000000000000, 1.000000000000000000, -0.000000000000000000 ) ) ;
#5599 = ORIENTED_EDGE ( 'NONE', *, *, #10010, .F. ) ;
#5600 = DIRECTION ( 'NONE',  ( 0.000000000000000000, 1.000000000000000000, -0.000000000000000000 ) ) ;
#5601 = ADVANCED_FACE ( 'NONE', ( #4694 ), #4895, .T. ) ;
#5602 = CARTESIAN_POINT ( 'NONE',  ( 0.000000000000000000, -9.171572875253783508, 22.00000000000000000 ) ) ;
#5603 = AXIS2_PLACEMENT_3D ( 'NONE', #31, #5367, #3882 ) ;
#5604 = CARTESIAN_POINT ( 'NONE',  ( -1.000000000000005995, 30.61543744278038659, -22.50000000000000000 ) ) ;
#5605 = CARTESIAN_POINT ( 'NONE',  ( -23.21748328264342831, 26.66886904157050608, -13.52245767657360176 ) ) ;
#5606 = DIRECTION ( 'NONE',  ( -0.4226182617407028830, -0.9063077870366484934, 0.000000000000000000 ) ) ;
#5607 = PLANE ( 'NONE',  #6292 ) ;
#5608 = VECTOR ( 'NONE', #9476, 1000.000000000000000 ) ;
#5609 = DIRECTION ( 'NONE',  ( 0.000000000000000000, -1.734723475976807094E-15, 1.000000000000000000 ) ) ;
#5610 = AXIS2_PLACEMENT_3D ( 'NONE', #3051, #901, #7914 ) ;
#5611 = ORIENTED_EDGE ( 'NONE', *, *, #4977, .F. ) ;
#5612 = EDGE_LOOP ( 'NONE', ( #5379, #2540, #7881, #129, #9277, #4703, #4211, #481 ) ) ;
#5613 = CYLINDRICAL_SURFACE ( 'NONE', #6302, 1.049999999999991163 ) ;
#5614 = ORIENTED_EDGE ( 'NONE', *, *, #4459, .F. ) ;
#5615 = CARTESIAN_POINT ( 'NONE',  ( -2.624989015973633322, 76.03999251799140779, 20.53016139452730471 ) ) ;
#5616 = B_SPLINE_CURVE_WITH_KNOTS ( 'NONE', 3,
 ( #7137, #7332, #1804, #982, #5696, #4205, #1760, #939, #4102, #8001, #8051, #8834, #9658, #3236, #4775, #4828, #5593, #8732, #7231, #4158, #9709, #1708, #6410, #305, #7286, #8787 ),
 .UNSPECIFIED., .F., .F.,
 ( 4, 2, 2, 1, 2, 2, 2, 1, 2, 2, 2, 2, 2, 4 ),
 ( 0.000000000000000000, 0.2499999999999956146, 0.3749999999999920064, 0.4374999999999860667, 0.4687499999999855671, 0.4999999999999850120, 0.6249999999999733546, 0.6874999999999675815, 0.7187499999999692468, 0.7499999999999710232, 0.8749999999999721334, 0.9062499999999803491, 0.9374999999999885647, 1.000000000000000000 ),
 .UNSPECIFIED. ) ;
#5617 = CARTESIAN_POINT ( 'NONE',  ( -16.51721939254090898, 39.22726230154198390, 16.99999999999999645 ) ) ;
#5618 = VECTOR ( 'NONE', #8761, 1000.000000000000000 ) ;
#5619 = EDGE_CURVE ( 'NONE', #3394, #806, #325, .T. ) ;
#5620 = FACE_OUTER_BOUND ( 'NONE', #6789, .T. ) ;
#5621 = AXIS2_PLACEMENT_3D ( 'NONE', #824, #3940, #8507 ) ;
#5622 = ADVANCED_FACE ( 'NONE', ( #8854 ), #3449, .F. ) ;
#5623 = DIRECTION ( 'NONE',  ( 0.000000000000000000, 0.000000000000000000, 1.000000000000000000 ) ) ;
#5624 = VERTEX_POINT ( 'NONE', #9732 ) ;
#5625 = VERTEX_POINT ( 'NONE', #2636 ) ;
#5626 = CARTESIAN_POINT ( 'NONE',  ( 5.363413275876496300, 72.04452465629965729, -19.49999999999999645 ) ) ;
#5627 = ORIENTED_EDGE ( 'NONE', *, *, #60, .F. ) ;
#5628 = AXIS2_PLACEMENT_3D ( 'NONE', #9697, #5782, #2807 ) ;
#5629 = DIRECTION ( 'NONE',  ( -0.9063077870366480493, 0.4226182617407038822, 0.000000000000000000 ) ) ;
#5630 = CARTESIAN_POINT ( 'NONE',  ( -2.540982006046750286, 76.28209366885950260, -20.42330926561450966 ) ) ;
#5631 = DIRECTION ( 'NONE',  ( -0.000000000000000000, 1.000000000000000000, -0.000000000000000000 ) ) ;
#5632 = AXIS2_PLACEMENT_3D ( 'NONE', #9002, #434, #8425 ) ;
#5633 = DIRECTION ( 'NONE',  ( 0.000000000000000000, -1.000000000000000000, 0.000000000000000000 ) ) ;
#5634 = CARTESIAN_POINT ( 'NONE',  ( -25.84942542544552069, 25.76751641474553267, 11.30390581003775097 ) ) ;
#5635 = VERTEX_POINT ( 'NONE', #1103 ) ;
#5636 = VERTEX_POINT ( 'NONE', #6484 ) ;
#5637 = DIRECTION ( 'NONE',  ( -1.000000000000000000, 0.000000000000000000, -0.000000000000000000 ) ) ;
#5638 = ORIENTED_EDGE ( 'NONE', *, *, #3742, .F. ) ;
#5639 = AXIS2_PLACEMENT_3D ( 'NONE', #6999, #8335, #6176 ) ;
#5640 = CARTESIAN_POINT ( 'NONE',  ( -1.976215624297474660, 70.50184918517274468, -14.99999999999999822 ) ) ;
#5641 = EDGE_CURVE ( 'NONE', #7553, #6186, #6464, .T. ) ;
#5642 = AXIS2_PLACEMENT_3D ( 'NONE', #4799, #1005, #177 ) ;
#5643 = CARTESIAN_POINT ( 'NONE',  ( 7.499999999999992895, -12.50000000000000000, -14.64999999999999503 ) ) ;
#5644 = EDGE_CURVE ( 'NONE', #2688, #5405, #6626, .T. ) ;
#5645 = LINE ( 'NONE', #1911, #2637 ) ;
#5646 = CARTESIAN_POINT ( 'NONE',  ( 5.654458544855454072, 25.36265578554292688, -17.42069886294387260 ) ) ;
#5647 = CIRCLE ( 'NONE', #1232, 1.049999999999998712 ) ;
#5648 = AXIS2_PLACEMENT_3D ( 'NONE', #3543, #6672, #5139 ) ;
#5649 = CARTESIAN_POINT ( 'NONE',  ( -23.41421356237310647, 28.94386456752657466, -14.08578643762685800 ) ) ;
#5650 = EDGE_CURVE ( 'NONE', #5001, #1491, #6803, .T. ) ;
#5651 = EDGE_LOOP ( 'NONE', ( #1750, #5012 ) ) ;
#5652 = ORIENTED_EDGE ( 'NONE', *, *, #8259, .F. ) ;
#5653 = DIRECTION ( 'NONE',  ( 1.193194596467781204E-16, 1.000000000000000000, -1.193194596467784409E-16 ) ) ;
#5654 = ORIENTED_EDGE ( 'NONE', *, *, #1035, .F. ) ;
#5655 = CARTESIAN_POINT ( 'NONE',  ( -1.500000000000006883, 13.50000000000000000, 5.050000000000001599 ) ) ;
#5656 = AXIS2_PLACEMENT_3D ( 'NONE', #5799, #6470, #8840 ) ;
#5657 = CIRCLE ( 'NONE', #7948, 1.000000000000000888 ) ;
#5658 = CARTESIAN_POINT ( 'NONE',  ( -2.510018684879669948, 76.44343630615931318, -18.67741528128375350 ) ) ;
#5659 = LINE ( 'NONE', #5604, #531 ) ;
#5660 = CARTESIAN_POINT ( 'NONE',  ( 14.86006777737770435, 69.72826291233586460, -20.00000000000000355 ) ) ;
#5661 = CARTESIAN_POINT ( 'NONE',  ( 25.50000000000000355, -14.50000000000000000, -17.39999999999999858 ) ) ;
#5662 = EDGE_CURVE ( 'NONE', #1914, #591, #7450, .T. ) ;
#5663 = CARTESIAN_POINT ( 'NONE',  ( -2.362083780042567582, 76.66574215259946357, -19.99999999999974776 ) ) ;
#5664 = VECTOR ( 'NONE', #8817, 1000.000000000000000 ) ;
#5665 = ORIENTED_EDGE ( 'NONE', *, *, #368, .T. ) ;
#5666 = EDGE_LOOP ( 'NONE', ( #4550, #1259, #8288, #4765, #6595, #1698 ) ) ;
#5667 =( BOUNDED_CURVE ( )  B_SPLINE_CURVE ( 3, ( #8431, #3863, #6793, #6989 ),
 .UNSPECIFIED., .F., .T. ) 
 B_SPLINE_CURVE_WITH_KNOTS ( ( 4, 4 ),
 ( 1.570796326794895226, 2.656018091853430629 ),
 .UNSPECIFIED. ) 
 CURVE ( )  GEOMETRIC_REPRESENTATION_ITEM ( )  RATIONAL_B_SPLINE_CURVE ( ( 1.000000000000000000, 0.9042422738917601510, 0.9042422738917601510, 1.000000000000000000 ) ) 
 REPRESENTATION_ITEM ( '' )  );
#5668 = CARTESIAN_POINT ( 'NONE',  ( 25.50000000000000355, 11.55000000000000071, 15.35000000000000320 ) ) ;
#5669 = ORIENTED_EDGE ( 'NONE', *, *, #1085, .F. ) ;
#5670 = B_SPLINE_CURVE_WITH_KNOTS ( 'NONE', 3,
 ( #3146, #8534, #5507, #6217, #1618, #4731 ),
 .UNSPECIFIED., .F., .F.,
 ( 4, 2, 4 ),
 ( 6.938893903907228378E-18, 0.0003608661360713286267, 0.0007217322721426503145 ),
 .UNSPECIFIED. ) ;
#5671 = CARTESIAN_POINT ( 'NONE',  ( -22.54328222825956018, 27.43867597460147678, -13.96118704296753066 ) ) ;
#5672 = CARTESIAN_POINT ( 'NONE',  ( -23.82836698100435058, 25.49799622343337191, 13.38913795754772806 ) ) ;
#5673 = EDGE_CURVE ( 'NONE', #6345, #9454, #7937, .T. ) ;
#5674 = LINE ( 'NONE', #5006, #3435 ) ;
#5675 = CARTESIAN_POINT ( 'NONE',  ( 7.499999999999992895, -14.50000000000000000, -16.64999999999999503 ) ) ;
#5676 = DIRECTION ( 'NONE',  ( 0.5773502691896231775, -0.5773502691896293948, 0.5773502691896247319 ) ) ;
#5677 = ORIENTED_EDGE ( 'NONE', *, *, #7014, .T. ) ;
#5678 = ORIENTED_EDGE ( 'NONE', *, *, #4761, .F. ) ;
#5679 = FACE_OUTER_BOUND ( 'NONE', #4753, .T. ) ;
#5680 = ORIENTED_EDGE ( 'NONE', *, *, #3719, .T. ) ;
#5681 = CARTESIAN_POINT ( 'NONE',  ( 8.838406556587518281, 67.66566388009930222, -15.00000000000000000 ) ) ;
#5682 = DIRECTION ( 'NONE',  ( 0.9063077870366480493, -0.4226182617407037712, 0.000000000000000000 ) ) ;
#5683 = CARTESIAN_POINT ( 'NONE',  ( -2.500000000000003109, 22.54999999999999716, -9.050000000000006040 ) ) ;
#5684 = DIRECTION ( 'NONE',  ( 0.9063077870366476052, -0.4226182617407048814, -7.860966973165325455E-16 ) ) ;
#5685 = CARTESIAN_POINT ( 'NONE',  ( -25.03161450830302215, 27.54649731630800247, 11.51988838660749259 ) ) ;
#5686 = ORIENTED_EDGE ( 'NONE', *, *, #4506, .T. ) ;
#5687 = ORIENTED_EDGE ( 'NONE', *, *, #743, .F. ) ;
#5688 = CARTESIAN_POINT ( 'NONE',  ( -0.5000000000000065503, 22.55000000000000071, 8.050000000000000711 ) ) ;
#5689 = EDGE_CURVE ( 'NONE', #7337, #2757, #3186, .T. ) ;
#5690 = VERTEX_POINT ( 'NONE', #1876 ) ;
#5691 = DIRECTION ( 'NONE',  ( 0.9063077870366480493, -0.4226182617407037712, 0.000000000000000000 ) ) ;
#5692 = EDGE_CURVE ( 'NONE', #7382, #2010, #4350, .T. ) ;
#5693 = CARTESIAN_POINT ( 'NONE',  ( -3.627731460473570202, -15.07827080994516145, 14.79664244304377796 ) ) ;
#5694 = EDGE_CURVE ( 'NONE', #3356, #8607, #3509, .T. ) ;
#5695 = CARTESIAN_POINT ( 'NONE',  ( -23.23240950606167132, 26.33423210648557600, 13.49999999999998046 ) ) ;
#5696 = CARTESIAN_POINT ( 'NONE',  ( -23.03590683666332595, 26.97744314241060692, 13.62055747490879476 ) ) ;
#5697 = EDGE_CURVE ( 'NONE', #663, #3803, #1885, .T. ) ;
#5698 = FACE_OUTER_BOUND ( 'NONE', #3703, .T. ) ;
#5699 = DIRECTION ( 'NONE',  ( 0.000000000000000000, 0.000000000000000000, 1.000000000000000000 ) ) ;
#5700 = ORIENTED_EDGE ( 'NONE', *, *, #1910, .T. ) ;
#5701 = ORIENTED_EDGE ( 'NONE', *, *, #8857, .F. ) ;
#5702 = CARTESIAN_POINT ( 'NONE',  ( 7.499999999999992895, -12.50000000000000000, -16.64999999999999503 ) ) ;
#5703 = VERTEX_POINT ( 'NONE', #2784 ) ;
#5704 = CARTESIAN_POINT ( 'NONE',  ( 15.18256106584360232, 64.70733604791338678, 76.26183934523054120 ) ) ;
#5705 = DIRECTION ( 'NONE',  ( 1.000000000000000000, 0.000000000000000000, -1.020425574104004122E-16 ) ) ;
#5706 = CARTESIAN_POINT ( 'NONE',  ( 15.49999999999999467, -11.55000000000000071, 9.150000000000002132 ) ) ;
#5707 = CARTESIAN_POINT ( 'NONE',  ( -22.71629261286152968, 27.39001814001279556, 13.88499447053084879 ) ) ;
#5708 = CARTESIAN_POINT ( 'NONE',  ( 5.659905820678811317, 25.35176123389621594, -17.43361560170041002 ) ) ;
#5709 = CARTESIAN_POINT ( 'NONE',  ( 3.499999999999993339, 18.50000000000000000, -10.00000000000000000 ) ) ;
#5710 = ORIENTED_EDGE ( 'NONE', *, *, #3945, .F. ) ;
#5711 = ORIENTED_EDGE ( 'NONE', *, *, #5641, .T. ) ;
#5712 = CARTESIAN_POINT ( 'NONE',  ( 7.993170033222439130, 65.85304830597054604, -14.99999999999999822 ) ) ;
#5713 = VERTEX_POINT ( 'NONE', #1972 ) ;
#5714 = CARTESIAN_POINT ( 'NONE',  ( 7.499999999999992895, 11.55000000000000249, -16.64999999999999503 ) ) ;
#5715 = CARTESIAN_POINT ( 'NONE',  ( -0.5000000000000082157, 22.54999999999999716, -8.050000000000004263 ) ) ;
#5716 = DIRECTION ( 'NONE',  ( -0.9063077870366479383, 0.4226182617407038267, 0.000000000000000000 ) ) ;
#5717 = CARTESIAN_POINT ( 'NONE',  ( -18.10023918049892444, 35.69037657572992117, 9.464909597503225137E-16 ) ) ;
#5718 = CARTESIAN_POINT ( 'NONE',  ( -2.500000000000003109, 13.50000000000000000, 8.630465054610992868E-16 ) ) ;
#5719 = VERTEX_POINT ( 'NONE', #1205 ) ;
#5720 = EDGE_CURVE ( 'NONE', #8249, #9525, #5907, .T. ) ;
#5721 = VERTEX_POINT ( 'NONE', #2028 ) ;
#5722 = CARTESIAN_POINT ( 'NONE',  ( -3.499999999999996003, -18.00000000000000355, 11.17157287525376219 ) ) ;
#5723 = AXIS2_PLACEMENT_3D ( 'NONE', #3441, #7190, #2478 ) ;
#5724 = ORIENTED_EDGE ( 'NONE', *, *, #6180, .F. ) ;
#5725 = DIRECTION ( 'NONE',  ( -1.084202172485503448E-16, 0.000000000000000000, -1.000000000000000000 ) ) ;
#5726 = CARTESIAN_POINT ( 'NONE',  ( 14.57672901343714500, 70.50672976831873484, 76.26183934523054120 ) ) ;
#5727 = EDGE_CURVE ( 'NONE', #4572, #2925, #2588, .T. ) ;
#5728 = CARTESIAN_POINT ( 'NONE',  ( -21.01010068199282443, 27.89194484497308224, -14.58071094286340141 ) ) ;
#5729 = AXIS2_PLACEMENT_3D ( 'NONE', #3778, #2860, #10108 ) ;
#5730 = CARTESIAN_POINT ( 'NONE',  ( 5.659905820678782007, 25.35176123389635450, 14.13361560170034359 ) ) ;
#5731 = CARTESIAN_POINT ( 'NONE',  ( -24.74585268920419878, 28.18496495053541295, 11.64909032612944628 ) ) ;
#5732 = ORIENTED_EDGE ( 'NONE', *, *, #3056, .F. ) ;
#5733 = ORIENTED_EDGE ( 'NONE', *, *, #9301, .F. ) ;
#5734 = CARTESIAN_POINT ( 'NONE',  ( -21.33704153100233114, -4.550374131722232818, -20.00000000000000000 ) ) ;
#5735 = LINE ( 'NONE', #1855, #5429 ) ;
#5736 = CARTESIAN_POINT ( 'NONE',  ( -3.516585728273008638, -14.20825800332700339, 15.23165475311764183 ) ) ;
#5737 = DIRECTION ( 'NONE',  ( 6.667740490394042038E-34, 1.429901562581164355E-33, -1.000000000000000000 ) ) ;
#5738 = ADVANCED_FACE ( 'NONE', ( #7396 ), #1823, .F. ) ;
#5739 = CARTESIAN_POINT ( 'NONE',  ( 7.022767448963242565, 24.97723255103677076, -20.19625001615038329 ) ) ;
#5740 = AXIS2_PLACEMENT_3D ( 'NONE', #1019, #296, #6501 ) ;
#5741 = EDGE_CURVE ( 'NONE', #8139, #5435, #4991, .T. ) ;
#5742 = DIRECTION ( 'NONE',  ( -0.4999999999999996114, -0.7071067811865472397, 0.5000000000000008882 ) ) ;
#5743 = DIRECTION ( 'NONE',  ( -0.4085227688752217645, -0.9127481291739369951, 0.000000000000000000 ) ) ;
#5744 = ORIENTED_EDGE ( 'NONE', *, *, #2334, .T. ) ;
#5745 = ORIENTED_EDGE ( 'NONE', *, *, #9142, .T. ) ;
#5746 = DIRECTION ( 'NONE',  ( -0.9063077870366479383, 0.4226182617407038267, 0.000000000000000000 ) ) ;
#5747 = ORIENTED_EDGE ( 'NONE', *, *, #5147, .F. ) ;
#5748 = LINE ( 'NONE', #1247, #2060 ) ;
#5749 = CARTESIAN_POINT ( 'NONE',  ( -2.279720836620392266, 76.76712344017340683, -19.31156718720099974 ) ) ;
#5750 = CARTESIAN_POINT ( 'NONE',  ( -25.42843928380121454, 26.57325293407443567, -11.45076713656129463 ) ) ;
#5751 = CARTESIAN_POINT ( 'NONE',  ( -22.62811727135288109, 27.40980180582486980, 13.91610464794964841 ) ) ;
#5752 = CIRCLE ( 'NONE', #9383, 2.000000000000000000 ) ;
#5753 = CARTESIAN_POINT ( 'NONE',  ( -23.98891350502558240, 28.68195926613643465, 13.51108649497440339 ) ) ;
#5754 = CARTESIAN_POINT ( 'NONE',  ( 7.570551771473125413, 64.94674051891543343, -14.00000000000000178 ) ) ;
#5755 = VECTOR ( 'NONE', #7481, 1000.000000000000000 ) ;
#5756 = VERTEX_POINT ( 'NONE', #9784 ) ;
#5757 = VERTEX_POINT ( 'NONE', #2734 ) ;
#5758 = DIRECTION ( 'NONE',  ( -1.000000000000000000, -0.000000000000000000, -0.000000000000000000 ) ) ;
#5759 = ORIENTED_EDGE ( 'NONE', *, *, #165, .T. ) ;
#5760 = CARTESIAN_POINT ( 'NONE',  ( 3.387035417335671372, 15.34708490503999023, 6.114714422715417541 ) ) ;
#5761 = ADVANCED_FACE ( 'NONE', ( #9006 ), #5094, .T. ) ;
#5762 = LINE ( 'NONE', #6488, #4674 ) ;
#5763 = CARTESIAN_POINT ( 'NONE',  ( 15.49999999999999467, 14.50000000000000000, 9.150000000000002132 ) ) ;
#5764 = CIRCLE ( 'NONE', #2493, 2.000000000000000000 ) ;
#5765 = EDGE_CURVE ( 'NONE', #4646, #2865, #9882, .T. ) ;
#5766 = DIRECTION ( 'NONE',  ( 6.935713706724321202E-34, 1.549622246938271802E-33, 1.000000000000000000 ) ) ;
#5767 = VECTOR ( 'NONE', #1339, 1000.000000000000000 ) ;
#5768 = AXIS2_PLACEMENT_3D ( 'NONE', #9792, #1213, #3721 ) ;
#5769 = DIRECTION ( 'NONE',  ( 0.9063077870366479383, -0.4226182617407037712, -0.000000000000000000 ) ) ;
#5770 = ORIENTED_EDGE ( 'NONE', *, *, #5802, .F. ) ;
#5771 = ORIENTED_EDGE ( 'NONE', *, *, #8202, .T. ) ;
#5772 = ADVANCED_FACE ( 'NONE', ( #4530 ), #4337, .T. ) ;
#5773 = CARTESIAN_POINT ( 'NONE',  ( 3.499999999999993339, 41.36606874731850070, -5.000000000000000000 ) ) ;
#5774 = EDGE_LOOP ( 'NONE', ( #8890, #201, #1851, #7892 ) ) ;
#5775 = DIRECTION ( 'NONE',  ( 0.000000000000000000, 0.000000000000000000, 1.000000000000000000 ) ) ;
#5776 = VECTOR ( 'NONE', #4037, 1000.000000000000000 ) ;
#5777 = EDGE_CURVE ( 'NONE', #5933, #8853, #3713, .T. ) ;
#5778 = AXIS2_PLACEMENT_3D ( 'NONE', #9396, #2975, #667 ) ;
#5779 = DIRECTION ( 'NONE',  ( -0.4226182617407017728, -0.9063077870366488265, 0.000000000000000000 ) ) ;
#5780 = CARTESIAN_POINT ( 'NONE',  ( -22.71629261286152968, 27.39001814001278134, -13.88499447053082392 ) ) ;
#5781 = LINE ( 'NONE', #8822, #3611 ) ;
#5782 = DIRECTION ( 'NONE',  ( 0.3213335431480891513, -0.7321115859192102171, -0.6006308182325929002 ) ) ;
#5783 = CARTESIAN_POINT ( 'NONE',  ( -26.54206385122155609, 24.17175319676545797, 11.15035539485115912 ) ) ;
#5784 = CIRCLE ( 'NONE', #2036, 2.000000000000000000 ) ;
#5785 = ORIENTED_EDGE ( 'NONE', *, *, #7375, .T. ) ;
#5786 = ORIENTED_EDGE ( 'NONE', *, *, #2120, .F. ) ;
#5787 = CARTESIAN_POINT ( 'NONE',  ( -0.5000000000000082157, -7.550000000000000711, -8.049999999999998934 ) ) ;
#5788 = CARTESIAN_POINT ( 'NONE',  ( 12.98068253580589193, 69.04422262568452595, 20.00000000000000355 ) ) ;
#5789 = CARTESIAN_POINT ( 'NONE',  ( -3.578416491632207208, -16.94253953261122447, -14.11204267457721429 ) ) ;
#5790 = AXIS2_PLACEMENT_3D ( 'NONE', #7367, #4240, #7322 ) ;
#5791 = EDGE_CURVE ( 'NONE', #8099, #2027, #5647, .T. ) ;
#5792 = CARTESIAN_POINT ( 'NONE',  ( -3.588832008808532592, -14.85258713466311598, -14.90946998242097266 ) ) ;
#5793 = CARTESIAN_POINT ( 'NONE',  ( 5.499999999999992006, -7.550000000000000711, -8.049999999999998934 ) ) ;
#5794 = CYLINDRICAL_SURFACE ( 'NONE', #3955, 2.000000000000000000 ) ;
#5795 = ORIENTED_EDGE ( 'NONE', *, *, #8094, .T. ) ;
#5796 = LINE ( 'NONE', #9043, #3806 ) ;
#5797 = ORIENTED_EDGE ( 'NONE', *, *, #4316, .T. ) ;
#5798 = ORIENTED_EDGE ( 'NONE', *, *, #5641, .F. ) ;
#5799 = CARTESIAN_POINT ( 'NONE',  ( -1.500000000000008216, -9.171572875253783508, 20.00000000000000000 ) ) ;
#5800 = EDGE_LOOP ( 'NONE', ( #1496, #9578, #815, #3008 ) ) ;
#5801 = CARTESIAN_POINT ( 'NONE',  ( -18.65764051238642196, 8.700200654028847680, -10.99999999999998224 ) ) ;
#5802 = EDGE_CURVE ( 'NONE', #7394, #5896, #7552, .T. ) ;
#5803 = DIRECTION ( 'NONE',  ( 1.000000000000000000, 0.000000000000000000, 0.000000000000000000 ) ) ;
#5805 = CARTESIAN_POINT ( 'NONE',  ( 0.2306555514574979426, 38.42305084138248361, 22.00000000000000355 ) ) ;
#5804 = VECTOR ( 'NONE', #6791, 1000.000000000000000 ) ;
#5806 = CYLINDRICAL_SURFACE ( 'NONE', #7209, 1.999999999999998224 ) ;
#5807 = VECTOR ( 'NONE', #9900, 1000.000000000000000 ) ;
#5808 = DIRECTION ( 'NONE',  ( -0.4226182617407038267, -0.9063077870366479383, 0.000000000000000000 ) ) ;
#5809 = CARTESIAN_POINT ( 'NONE',  ( -3.499999999999996003, -19.41421356237309936, 12.58578643762685445 ) ) ;
#5810 = ORIENTED_EDGE ( 'NONE', *, *, #2328, .F. ) ;
#5811 = VERTEX_POINT ( 'NONE', #3757 ) ;
#5812 = DIRECTION ( 'NONE',  ( -0.9063077870366480493, 0.4226182617407038822, 0.000000000000000000 ) ) ;
#5813 = VECTOR ( 'NONE', #7339, 1000.000000000000000 ) ;
#5814 = EDGE_CURVE ( 'NONE', #8204, #3312, #483, .T. ) ;
#5815 = ORIENTED_EDGE ( 'NONE', *, *, #191, .T. ) ;
#5816 = VECTOR ( 'NONE', #1324, 1000.000000000000227 ) ;
#5817 = CARTESIAN_POINT ( 'NONE',  ( -22.91439039278778367, 27.12618822401921292, -13.71384505855937341 ) ) ;
#5818 = EDGE_CURVE ( 'NONE', #163, #6297, #5159, .T. ) ;
#5819 = DIRECTION ( 'NONE',  ( -1.000000000000000000, 0.000000000000000000, 0.000000000000000000 ) ) ;
#5820 = DIRECTION ( 'NONE',  ( 0.4226182617407047704, 0.9063077870366476052, 0.000000000000000000 ) ) ;
#5821 = DIRECTION ( 'NONE',  ( 0.4019048076038938544, -0.9156814542322438966, 0.000000000000000000 ) ) ;
#5822 = CIRCLE ( 'NONE', #98, 1.049999999999991385 ) ;
#5823 = VECTOR ( 'NONE', #1475, 1000.000000000000000 ) ;
#5824 = ADVANCED_FACE ( 'NONE', ( #4483 ), #1458, .T. ) ;
#5825 = B_SPLINE_SURFACE_WITH_KNOTS ( 'NONE', 1, 3, ( 
 ( #7378, #8253, #2111, #1287, #4410, #1954, #356, #5843, #8989, #8352 ),
 ( #7531, #5076, #9863, #1237, #1184, #4362, #7484, #465, #6715, #4662 ) ),
 .UNSPECIFIED., .F., .F., .F.,
 ( 2, 2 ),
 ( 4, 2, 2, 2, 4 ),
 ( 0.000000000000000000, 1.000000000000000000 ),
 ( 3.612831551628263416, 3.887720908817369647, 4.162610266006476323, 4.437499623195582998, 4.712388980384689674 ),
 .UNSPECIFIED. ) ;
#5826 = DIRECTION ( 'NONE',  ( -0.4226182617407050479, -0.9063077870366472721, 0.000000000000000000 ) ) ;
#5827 = ADVANCED_FACE ( 'NONE', ( #9113 ), #9208, .F. ) ;
#5828 = VERTEX_POINT ( 'NONE', #2993 ) ;
#5829 = ORIENTED_EDGE ( 'NONE', *, *, #4892, .T. ) ;
#5830 = CARTESIAN_POINT ( 'NONE',  ( 21.65009320789543779, -23.44725820875058631, 44.94725820875046196 ) ) ;
#5831 = ORIENTED_EDGE ( 'NONE', *, *, #5818, .F. ) ;
#5832 = LINE ( 'NONE', #6541, #4331 ) ;
#5833 = CARTESIAN_POINT ( 'NONE',  ( -3.499999999999996003, -20.00000000000000000, -11.17157287525377996 ) ) ;
#5834 = CARTESIAN_POINT ( 'NONE',  ( -18.21892336110601818, 42.76785478523052575, 76.26183934523054120 ) ) ;
#5835 = ADVANCED_FACE ( 'NONE', ( #9312 ), #6107, .F. ) ;
#5836 = LINE ( 'NONE', #1993, #6446 ) ;
#5837 = CARTESIAN_POINT ( 'NONE',  ( -23.35872060683424323, 26.34531545075421732, 13.50872144898657723 ) ) ;
#5838 = VERTEX_POINT ( 'NONE', #8527 ) ;
#5839 = ORIENTED_EDGE ( 'NONE', *, *, #1974, .F. ) ;
#5840 = LINE ( 'NONE', #462, #4351 ) ;
#5841 = CARTESIAN_POINT ( 'NONE',  ( 2.989911769631497851, 32.21886973618973116, 16.17157287525381548 ) ) ;
#5842 = CARTESIAN_POINT ( 'NONE',  ( -1.500000000000008216, -10.58578643762688110, 21.41421356237309226 ) ) ;
#5843 = CARTESIAN_POINT ( 'NONE',  ( -3.525344400066968475, -14.40456884325628373, 15.13350201599873657 ) ) ;
#5844 = DIRECTION ( 'NONE',  ( 0.000000000000000000, 0.000000000000000000, 1.000000000000000000 ) ) ;
#5845 = ORIENTED_EDGE ( 'NONE', *, *, #3327, .F. ) ;
#5846 = CARTESIAN_POINT ( 'NONE',  ( 0.8135401666596632220, 33.89287128866734378, 76.26183934523054120 ) ) ;
#5847 = VERTEX_POINT ( 'NONE', #5201 ) ;
#5848 = ORIENTED_EDGE ( 'NONE', *, *, #4399, .F. ) ;
#5849 = EDGE_CURVE ( 'NONE', #5583, #8514, #9931, .T. ) ;
#5850 = CARTESIAN_POINT ( 'NONE',  ( -22.00000000000001421, 27.52965100515348951, -14.08578643762686156 ) ) ;
#5851 = EDGE_LOOP ( 'NONE', ( #8221, #270, #4529, #3368 ) ) ;
#5852 = CARTESIAN_POINT ( 'NONE',  ( -1.500000000000006883, 0.000000000000000000, 10.05000000000000249 ) ) ;
#5853 = DIRECTION ( 'NONE',  ( 0.9063077870366474942, -0.4226182617407049369, 0.000000000000000000 ) ) ;
#5854 = CARTESIAN_POINT ( 'NONE',  ( -0.4876525959896991225, 35.16568991125776478, 22.00000000000000000 ) ) ;
#5855 = CARTESIAN_POINT ( 'NONE',  ( -22.52448942466498139, 27.42803163677365319, 13.94898771815900496 ) ) ;
#5856 = EDGE_CURVE ( 'NONE', #3747, #3583, #5298, .T. ) ;
#5857 = CARTESIAN_POINT ( 'NONE',  ( -0.4171180129313974416, 40.31254662931092980, -21.99999999999999645 ) ) ;
#5858 = DIRECTION ( 'NONE',  ( -0.4226182617407068243, -0.9063077870366464950, 0.000000000000000000 ) ) ;
#5859 = ORIENTED_EDGE ( 'NONE', *, *, #5208, .T. ) ;
#5860 = ORIENTED_EDGE ( 'NONE', *, *, #1826, .T. ) ;
#5861 = DIRECTION ( 'NONE',  ( -0.4226182617407037156, -0.9063077870366479383, 5.782411586589338903E-16 ) ) ;
#5862 = VERTEX_POINT ( 'NONE', #7604 ) ;
#5863 = CARTESIAN_POINT ( 'NONE',  ( -23.17157287525381903, -13.06467551690955808, -13.49999999999995026 ) ) ;
#5864 = DIRECTION ( 'NONE',  ( 0.000000000000000000, 0.000000000000000000, -1.000000000000000000 ) ) ;
#5865 = DIRECTION ( 'NONE',  ( -0.2488677591981507120, 0.6848594156583132087, 0.6848594156583124315 ) ) ;
#5866 = DIRECTION ( 'NONE',  ( -0.7071067811865475727, 0.000000000000000000, 0.7071067811865475727 ) ) ;
#5867 = FACE_OUTER_BOUND ( 'NONE', #6680, .T. ) ;
#5868 = EDGE_CURVE ( 'NONE', #9478, #7540, #7616, .T. ) ;
#5869 = EDGE_CURVE ( 'NONE', #2451, #9846, #9114, .T. ) ;
#5870 = DIRECTION ( 'NONE',  ( 0.4019048076038939099, -0.9156814542322440076, 0.000000000000000000 ) ) ;
#5871 = ORIENTED_EDGE ( 'NONE', *, *, #3796, .T. ) ;
#5872 = ORIENTED_EDGE ( 'NONE', *, *, #4502, .T. ) ;
#5873 = DIRECTION ( 'NONE',  ( 0.3213335431480892623, -0.7321115859192105502, 0.6006308182325924561 ) ) ;
#5874 = VERTEX_POINT ( 'NONE', #10083 ) ;
#5875 = ORIENTED_EDGE ( 'NONE', *, *, #2452, .T. ) ;
#5876 = DIRECTION ( 'NONE',  ( 0.000000000000000000, 1.000000000000000000, 0.000000000000000000 ) ) ;
#5877 = FACE_OUTER_BOUND ( 'NONE', #3566, .T. ) ;
#5878 = DIRECTION ( 'NONE',  ( 0.7071067811865467956, 0.000000000000000000, -0.7071067811865484609 ) ) ;
#5879 = CARTESIAN_POINT ( 'NONE',  ( -13.89405060529906422, 44.94396959071544728, 19.49999999999999645 ) ) ;
#5880 = CIRCLE ( 'NONE', #9509, 1.999999999999999778 ) ;
#5881 = CARTESIAN_POINT ( 'NONE',  ( -23.55631388003072146, 25.96905733943554395, 13.46647484421834307 ) ) ;
#5882 = ORIENTED_EDGE ( 'NONE', *, *, #1829, .F. ) ;
#5883 = ORIENTED_EDGE ( 'NONE', *, *, #2048, .T. ) ;
#5884 = CARTESIAN_POINT ( 'NONE',  ( -2.362083780042616432, 76.66574215259940672, 19.99999999999991473 ) ) ;
#5885 = LINE ( 'NONE', #6768, #5755 ) ;
#5886 = EDGE_CURVE ( 'NONE', #857, #335, #8940, .T. ) ;
#5887 = AXIS2_PLACEMENT_3D ( 'NONE', #4698, #3109, #29 ) ;
#5888 = CARTESIAN_POINT ( 'NONE',  ( -3.717391325828718784, -15.48665296051377638, -14.59244005439962599 ) ) ;
#5889 = ADVANCED_FACE ( 'NONE', ( #4380 ), #3602, .F. ) ;
#5890 = CARTESIAN_POINT ( 'NONE',  ( -3.499999999999998224, -18.35703646876825701, -13.53680203175179031 ) ) ;
#5891 = CARTESIAN_POINT ( 'NONE',  ( -25.21879546250399429, 27.10486032740821116, 11.48159212762479697 ) ) ;
#5892 = ORIENTED_EDGE ( 'NONE', *, *, #7075, .F. ) ;
#5893 = CARTESIAN_POINT ( 'NONE',  ( -23.28918243240780228, 26.37604885872642413, -13.49736501326808025 ) ) ;
#5894 = VECTOR ( 'NONE', #5268, 1000.000000000000000 ) ;
#5895 = ORIENTED_EDGE ( 'NONE', *, *, #1224, .T. ) ;
#5896 = VERTEX_POINT ( 'NONE', #4780 ) ;
#5897 = CARTESIAN_POINT ( 'NONE',  ( 5.499999999999994671, -14.50000000000000000, -0.000000000000000000 ) ) ;
#5898 = ORIENTED_EDGE ( 'NONE', *, *, #9504, .F. ) ;
#5899 = CARTESIAN_POINT ( 'NONE',  ( -15.23886536371021982, 42.06000503470817620, -21.93919916746598986 ) ) ;
#5900 = ADVANCED_FACE ( 'NONE', ( #8583 ), #7963, .F. ) ;
#5901 = CARTESIAN_POINT ( 'NONE',  ( 7.499999999999992895, 12.50000000000000000, -14.64999999999999503 ) ) ;
#5902 = FACE_OUTER_BOUND ( 'NONE', #7103, .T. ) ;
#5903 = CARTESIAN_POINT ( 'NONE',  ( -1.726447429168601611, -16.45770771612696848, 15.54229228387298711 ) ) ;
#5904 = CARTESIAN_POINT ( 'NONE',  ( -0.5970754977148188258, 39.92662655779297154, -21.99999999999999645 ) ) ;
#5905 = ORIENTED_EDGE ( 'NONE', *, *, #65, .T. ) ;
#5906 = ORIENTED_EDGE ( 'NONE', *, *, #1257, .T. ) ;
#5907 = LINE ( 'NONE', #9633, #4829 ) ;
#5908 = AXIS2_PLACEMENT_3D ( 'NONE', #8252, #1235, #6714 ) ;
#5909 = ORIENTED_EDGE ( 'NONE', *, *, #7747, .T. ) ;
#5910 = ADVANCED_FACE ( 'NONE', ( #790, #5501 ), #10132, .F. ) ;
#5911 = CARTESIAN_POINT ( 'NONE',  ( 3.499999999999993339, 17.79466320101676047, 5.049999999999991829 ) ) ;
#5912 = DIRECTION ( 'NONE',  ( 0.000000000000000000, -1.000000000000000000, 0.000000000000000000 ) ) ;
#5913 = CARTESIAN_POINT ( 'NONE',  ( 5.331362908464481798, 26.88421500388450269, -16.64999999999999858 ) ) ;
#5914 = DIRECTION ( 'NONE',  ( -1.000000000000000000, -0.000000000000000000, -0.000000000000000000 ) ) ;
#5915 = VECTOR ( 'NONE', #10094, 1000.000000000000000 ) ;
#5916 = CARTESIAN_POINT ( 'NONE',  ( -17.30297072422373006, 44.73212155388272038, -20.16737352440853215 ) ) ;
#5917 = CARTESIAN_POINT ( 'NONE',  ( 8.328427124746188071, -7.550000000000000711, -9.049999999999998934 ) ) ;
#5918 = VECTOR ( 'NONE', #3027, 1000.000000000000000 ) ;
#5919 = ORIENTED_EDGE ( 'NONE', *, *, #7130, .T. ) ;
#5920 = EDGE_LOOP ( 'NONE', ( #2577, #9970 ) ) ;
#5921 = LINE ( 'NONE', #394, #8285 ) ;
#5922 = ORIENTED_EDGE ( 'NONE', *, *, #3226, .F. ) ;
#5923 = ORIENTED_EDGE ( 'NONE', *, *, #6199, .T. ) ;
#5924 = DIRECTION ( 'NONE',  ( 0.9063077870366480493, -0.4226182617407037712, 0.000000000000000000 ) ) ;
#5925 = EDGE_CURVE ( 'NONE', #7605, #4670, #5327, .T. ) ;
#5926 = DIRECTION ( 'NONE',  ( 0.9063077870366480493, -0.4226182617407038267, 0.000000000000000000 ) ) ;
#5927 = CARTESIAN_POINT ( 'NONE',  ( 25.50000000000000355, 14.50000000000000000, -22.00000000000000000 ) ) ;
#5928 = ADVANCED_FACE ( 'NONE', ( #6210 ), #9358, .T. ) ;
#5929 = VECTOR ( 'NONE', #88, 1000.000000000000000 ) ;
#5930 = CARTESIAN_POINT ( 'NONE',  ( -1.749669308765184006, -16.52431407041824585, -15.47568592958172218 ) ) ;
#5931 = CARTESIAN_POINT ( 'NONE',  ( 0.2636611630491688674, 75.30528045637318257, -19.49999999999999645 ) ) ;
#5932 = CARTESIAN_POINT ( 'NONE',  ( -23.37701083329889329, 26.35334994243896389, 13.48860753964114068 ) ) ;
#5933 = VERTEX_POINT ( 'NONE', #3908 ) ;
#5934 = ORIENTED_EDGE ( 'NONE', *, *, #4000, .F. ) ;
#5935 = VECTOR ( 'NONE', #626, 1000.000000000000000 ) ;
#5936 = DIRECTION ( 'NONE',  ( -0.4226182617407037156, -0.9063077870366479383, 3.925231146709403404E-17 ) ) ;
#5937 = VECTOR ( 'NONE', #5293, 1000.000000000000000 ) ;
#5938 = EDGE_CURVE ( 'NONE', #3181, #2709, #594, .T. ) ;
#5939 = LINE ( 'NONE', #2059, #351 ) ;
#5940 = AXIS2_PLACEMENT_3D ( 'NONE', #4229, #4187, #5826 ) ;
#5941 = CARTESIAN_POINT ( 'NONE',  ( -3.617227216497314490, -15.02090417429508307, -14.82532873446783306 ) ) ;
#5942 = CIRCLE ( 'NONE', #1538, 3.000000000000001776 ) ;
#5943 = DIRECTION ( 'NONE',  ( 1.000000000000000000, 0.000000000000000000, -1.020425574104004122E-16 ) ) ;
#5944 = EDGE_CURVE ( 'NONE', #6872, #7767, #1562, .T. ) ;
#5945 = CARTESIAN_POINT ( 'NONE',  ( -25.06542519412521841, 27.46748315184240852, 11.51267454977651283 ) ) ;
#5946 = ORIENTED_EDGE ( 'NONE', *, *, #3796, .F. ) ;
#5947 = CARTESIAN_POINT ( 'NONE',  ( -23.34537558255509992, 26.42164794845063014, -13.49243384305089677 ) ) ;
#5948 = EDGE_CURVE ( 'NONE', #8970, #3568, #6366, .T. ) ;
#5949 = ORIENTED_EDGE ( 'NONE', *, *, #9906, .T. ) ;
#5950 = ORIENTED_EDGE ( 'NONE', *, *, #7064, .T. ) ;
#5951 = CARTESIAN_POINT ( 'NONE',  ( 7.499999999999992895, -12.50000000000000000, -16.64999999999999503 ) ) ;
#5952 = VERTEX_POINT ( 'NONE', #3192 ) ;
#5953 = CARTESIAN_POINT ( 'NONE',  ( -25.35655900284416475, 26.82048520125649915, -11.14051013075748031 ) ) ;
#5954 = EDGE_CURVE ( 'NONE', #4860, #3986, #738, .T. ) ;
#5955 = CARTESIAN_POINT ( 'NONE',  ( 8.328427124746188071, 22.54999999999999716, -8.050000000000004263 ) ) ;
#5956 = CARTESIAN_POINT ( 'NONE',  ( -0.5000000000000082157, 22.54999999999999716, -10.05000000000000426 ) ) ;
#5957 = CARTESIAN_POINT ( 'NONE',  ( -1.499935791697364573, -15.43444118706730173, 16.56555881293266808 ) ) ;
#5958 = CARTESIAN_POINT ( 'NONE',  ( 14.83245263440451112, 63.95652609376350739, -16.17157287525383680 ) ) ;
#5959 = ADVANCED_FACE ( 'NONE', ( #3959 ), #4012, .T. ) ;
#5960 = DIRECTION ( 'NONE',  ( 0.9063077870366479383, -0.4226182617407037712, -0.000000000000000000 ) ) ;
#5961 = ORIENTED_EDGE ( 'NONE', *, *, #8577, .T. ) ;
#5962 = VERTEX_POINT ( 'NONE', #3287 ) ;
#5963 = CARTESIAN_POINT ( 'NONE',  ( -2.976828996322946175, 20.00000000000000000, 2.976828996322938181 ) ) ;
#5964 = ORIENTED_EDGE ( 'NONE', *, *, #2573, .T. ) ;
#5965 = CARTESIAN_POINT ( 'NONE',  ( -23.23641493606192654, 26.62187763776100979, -13.51874508751408754 ) ) ;
#5966 = CIRCLE ( 'NONE', #1745, 2.000000000000000000 ) ;
#5967 = VECTOR ( 'NONE', #9958, 1000.000000000000000 ) ;
#5968 = CARTESIAN_POINT ( 'NONE',  ( -16.40630778703272696, 41.92261826174912898, 21.99999999999999289 ) ) ;
#5969 = DIRECTION ( 'NONE',  ( -0.4226182617407046593, -0.9063077870366476052, 0.000000000000000000 ) ) ;
#5970 = EDGE_CURVE ( 'NONE', #3804, #2836, #883, .T. ) ;
#5971 = CARTESIAN_POINT ( 'NONE',  ( 25.50000000000000355, 11.55000000000000071, 0.000000000000000000 ) ) ;
#5972 = CARTESIAN_POINT ( 'NONE',  ( -11.03177323901831386, 5.144200344383677681, 17.58578643762691485 ) ) ;
#5973 = FACE_OUTER_BOUND ( 'NONE', #7833, .T. ) ;
#5974 = CARTESIAN_POINT ( 'NONE',  ( 5.499999999999987566, 26.50000000000000711, 20.00000000000000000 ) ) ;
#5975 = VECTOR ( 'NONE', #2894, 1000.000000000000000 ) ;
#5976 = FACE_OUTER_BOUND ( 'NONE', #769, .T. ) ;
#5977 = VECTOR ( 'NONE', #7895, 1000.000000000000114 ) ;
#5978 = ORIENTED_EDGE ( 'NONE', *, *, #7430, .T. ) ;
#5979 = VERTEX_POINT ( 'NONE', #4680 ) ;
#5980 = CARTESIAN_POINT ( 'NONE',  ( 3.349249737095973067, 39.33071801087026387, 76.26183934523044172 ) ) ;
#5981 = ORIENTED_EDGE ( 'NONE', *, *, #6706, .F. ) ;
#5982 = VERTEX_POINT ( 'NONE', #5549 ) ;
#5983 = EDGE_CURVE ( 'NONE', #9620, #8233, #7788, .T. ) ;
#5984 = PLANE ( 'NONE',  #9774 ) ;
#5985 = CARTESIAN_POINT ( 'NONE',  ( -31.12556067133742133, 13.93100661817445385, -4.999999999999992006 ) ) ;
#5986 = AXIS2_PLACEMENT_3D ( 'NONE', #4312, #2677, #7293 ) ;
#5987 = DIRECTION ( 'NONE',  ( 1.000000000000000000, 0.000000000000000000, 0.000000000000000000 ) ) ;
#5988 = VECTOR ( 'NONE', #1006, 1000.000000000000000 ) ;
#5989 = CARTESIAN_POINT ( 'NONE',  ( -19.95906635770976578, 28.07629866117027007, -15.10625325082339465 ) ) ;
#5990 = FACE_BOUND ( 'NONE', #7421, .T. ) ;
#5991 = LINE ( 'NONE', #1329, #353 ) ;
#5992 = EDGE_LOOP ( 'NONE', ( #3371, #6405 ) ) ;
#5993 = DIRECTION ( 'NONE',  ( 0.000000000000000000, 0.000000000000000000, 1.000000000000000000 ) ) ;
#5994 = DIRECTION ( 'NONE',  ( 0.000000000000000000, 0.6012712288170918296, -0.7990449983554021030 ) ) ;
#5995 = CARTESIAN_POINT ( 'NONE',  ( -22.98062688748076710, 27.22291073153897045, 13.73241688580810660 ) ) ;
#5996 = CARTESIAN_POINT ( 'NONE',  ( -3.499999999999995559, -18.01630086040102441, -13.68775456002312829 ) ) ;
#5997 = ADVANCED_FACE ( 'NONE', ( #9512, #9 ), #6270, .F. ) ;
#5998 = CARTESIAN_POINT ( 'NONE',  ( -24.95337874166631664, 27.72129675240492830, 11.54369039193535507 ) ) ;
#5999 = ORIENTED_EDGE ( 'NONE', *, *, #281, .F. ) ;
#6000 = LINE ( 'NONE', #3641, #5767 ) ;
#6001 = ADVANCED_FACE ( 'NONE', ( #9565 ), #2528, .F. ) ;
#6002 = EDGE_LOOP ( 'NONE', ( #4498, #3043 ) ) ;
#6003 = PLANE ( 'NONE',  #6311 ) ;
#6004 = ORIENTED_EDGE ( 'NONE', *, *, #3880, .T. ) ;
#6005 = DIRECTION ( 'NONE',  ( 0.000000000000000000, 0.000000000000000000, 1.000000000000000000 ) ) ;
#6006 = DIRECTION ( 'NONE',  ( -1.000000000000000000, 0.000000000000000000, 1.734723475976807094E-16 ) ) ;
#6007 = EDGE_CURVE ( 'NONE', #9058, #6724, #4346, .T. ) ;
#6008 = CARTESIAN_POINT ( 'NONE',  ( -0.8759385347779500286, 38.51459469295215854, 22.00000000000000000 ) ) ;
#6009 = CARTESIAN_POINT ( 'NONE',  ( -23.55016252015700573, 28.80883387505604176, -13.94983747984295164 ) ) ;
#6010 = CARTESIAN_POINT ( 'NONE',  ( 0.8645947511801628238, 39.71487415185067960, -21.41421356237310292 ) ) ;
#6011 = CARTESIAN_POINT ( 'NONE',  ( -1.500000000000006883, 0.000000000000000000, 10.05000000000000249 ) ) ;
#6012 = EDGE_LOOP ( 'NONE', ( #5055, #7291, #5574, #8166, #8596, #6402, #2330 ) ) ;
#6013 = ORIENTED_EDGE ( 'NONE', *, *, #5948, .T. ) ;
#6014 = DIRECTION ( 'NONE',  ( 0.000000000000000000, 0.000000000000000000, 1.000000000000000000 ) ) ;
#6015 = ORIENTED_EDGE ( 'NONE', *, *, #5525, .F. ) ;
#6016 = PLANE ( 'NONE',  #9265 ) ;
#6017 = CARTESIAN_POINT ( 'NONE',  ( -23.97919100603347786, 25.27293521216545713, 13.33069575797025941 ) ) ;
#6018 = CARTESIAN_POINT ( 'NONE',  ( -2.582047676570107697, 76.30124290551191280, 18.57669073438553298 ) ) ;
#6019 = FACE_OUTER_BOUND ( 'NONE', #8695, .T. ) ;
#6020 = DIRECTION ( 'NONE',  ( 1.000000000000000000, 0.000000000000000000, 0.000000000000000000 ) ) ;
#6021 = FACE_OUTER_BOUND ( 'NONE', #5537, .T. ) ;
#6022 = CARTESIAN_POINT ( 'NONE',  ( -2.932503280072427711E-15, 32.49999999999995737, 11.00000000000000711 ) ) ;
#6023 = DIRECTION ( 'NONE',  ( 0.000000000000000000, 0.000000000000000000, 1.000000000000000000 ) ) ;
#6024 = VERTEX_POINT ( 'NONE', #2622 ) ;
#6025 = ORIENTED_EDGE ( 'NONE', *, *, #3612, .T. ) ;
#6026 = DIRECTION ( 'NONE',  ( 0.9063077870366480493, -0.4226182617407037712, 0.000000000000000000 ) ) ;
#6027 = VERTEX_POINT ( 'NONE', #1093 ) ;
#6028 = ORIENTED_EDGE ( 'NONE', *, *, #1706, .T. ) ;
#6029 = CYLINDRICAL_SURFACE ( 'NONE', #6618, 1.000000000000000888 ) ;
#6030 = DIRECTION ( 'NONE',  ( 0.000000000000000000, 0.000000000000000000, 1.000000000000000000 ) ) ;
#6031 = DIRECTION ( 'NONE',  ( 5.925085195567682532E-17, -0.7071067811865479058, 0.7071067811865470176 ) ) ;
#6032 = DIRECTION ( 'NONE',  ( 1.000000000000000000, 0.000000000000000000, -1.020425574104004122E-16 ) ) ;
#6033 = CARTESIAN_POINT ( 'NONE',  ( 3.162965638541773039, 27.80880943463587229, 21.97153578415045416 ) ) ;
#6034 = VERTEX_POINT ( 'NONE', #7237 ) ;
#6035 = LINE ( 'NONE', #8403, #3047 ) ;
#6036 = FACE_OUTER_BOUND ( 'NONE', #1939, .T. ) ;
#6037 = EDGE_CURVE ( 'NONE', #1013, #5982, #9819, .T. ) ;
#6038 = LINE ( 'NONE', #3580, #182 ) ;
#6039 = CYLINDRICAL_SURFACE ( 'NONE', #5778, 1.999999999999999778 ) ;
#6040 = CARTESIAN_POINT ( 'NONE',  ( -25.50000000000000355, 26.36619136811596320, 11.44883229912635692 ) ) ;
#6041 = ORIENTED_EDGE ( 'NONE', *, *, #4815, .T. ) ;
#6042 = FACE_OUTER_BOUND ( 'NONE', #740, .T. ) ;
#6043 = ORIENTED_EDGE ( 'NONE', *, *, #571, .F. ) ;
#6044 = CARTESIAN_POINT ( 'NONE',  ( 3.499999999999992895, 26.08040538867671998, -16.64999999999999503 ) ) ;
#6045 = EDGE_LOOP ( 'NONE', ( #1246, #3219, #4874, #8146 ) ) ;
#6046 = DIRECTION ( 'NONE',  ( 0.4226182617407031605, 0.9063077870366482713, 0.000000000000000000 ) ) ;
#6047 = EDGE_CURVE ( 'NONE', #9262, #2295, #5168, .T. ) ;
#6048 = DIRECTION ( 'NONE',  ( 1.000000000000000000, 0.000000000000000000, -0.000000000000000000 ) ) ;
#6049 = CARTESIAN_POINT ( 'NONE',  ( -23.17157287525381903, -13.06467551690955808, -11.49999999999995026 ) ) ;
#6050 = CARTESIAN_POINT ( 'NONE',  ( -22.51930282030379260, 27.42888203104765665, -13.95052521078355490 ) ) ;
#6051 = EDGE_CURVE ( 'NONE', #230, #9675, #10095, .T. ) ;
#6052 = CARTESIAN_POINT ( 'NONE',  ( 0.7913318920511721588, 39.11447033539208462, -21.26178042275967073 ) ) ;
#6053 = AXIS2_PLACEMENT_3D ( 'NONE', #341, #6599, #1895 ) ;
#6054 = CARTESIAN_POINT ( 'NONE',  ( 14.26239529991746302, 68.44655014822427574, -21.41421356237310647 ) ) ;
#6055 = EDGE_LOOP ( 'NONE', ( #3340, #1927, #8169 ) ) ;
#6056 = ORIENTED_EDGE ( 'NONE', *, *, #2625, .T. ) ;
#6057 = CARTESIAN_POINT ( 'NONE',  ( 14.34220512551626747, 46.34177583616570928, 0.000000000000000000 ) ) ;
#6058 = EDGE_LOOP ( 'NONE', ( #1626, #2370, #625, #8309, #5419 ) ) ;
#6059 = CARTESIAN_POINT ( 'NONE',  ( 5.499999999999992006, 22.54999999999999716, -10.05000000000000426 ) ) ;
#6060 = VECTOR ( 'NONE', #2776, 999.9999999999998863 ) ;
#6061 = CARTESIAN_POINT ( 'NONE',  ( -2.499999999999999556, 13.50000000000000000, 10.05000000000000249 ) ) ;
#6062 = CARTESIAN_POINT ( 'NONE',  ( -24.58578643762690064, 28.11543744278040435, 12.91421356237307805 ) ) ;
#6063 = CARTESIAN_POINT ( 'NONE',  ( -2.994904772160642548, 42.28904584305502112, 17.00000000000000000 ) ) ;
#6064 = CARTESIAN_POINT ( 'NONE',  ( 16.11416539851608221, 63.35885361630329271, -17.58578643762692195 ) ) ;
#6065 = ADVANCED_FACE ( 'NONE', ( #1865 ), #4107, .T. ) ;
#6066 = DIRECTION ( 'NONE',  ( 1.000000000000000000, 0.000000000000000000, 0.000000000000000000 ) ) ;
#6067 = AXIS2_PLACEMENT_3D ( 'NONE', #8719, #3271, #2658 ) ;
#6068 = DIRECTION ( 'NONE',  ( 0.2792582776338184969, -0.7672558119947093802, -0.5773502691896248429 ) ) ;
#6069 = VERTEX_POINT ( 'NONE', #9717 ) ;
#6070 = ORIENTED_EDGE ( 'NONE', *, *, #8074, .T. ) ;
#6071 = PLANE ( 'NONE',  #7462 ) ;
#6072 = VERTEX_POINT ( 'NONE', #6517 ) ;
#6073 = ORIENTED_EDGE ( 'NONE', *, *, #2291, .F. ) ;
#6074 = EDGE_CURVE ( 'NONE', #7225, #496, #5083, .T. ) ;
#6075 = CARTESIAN_POINT ( 'NONE',  ( 16.04634200735405258, 19.00000000000000000, -21.99999999999999645 ) ) ;
#6076 = CARTESIAN_POINT ( 'NONE',  ( 25.50000000000000355, -10.58578643762687932, 21.41421356237309581 ) ) ;
#6077 = EDGE_CURVE ( 'NONE', #172, #7439, #585, .T. ) ;
#6078 = FACE_OUTER_BOUND ( 'NONE', #326, .T. ) ;
#6079 = DIRECTION ( 'NONE',  ( 0.000000000000000000, 1.000000000000000000, -0.000000000000000000 ) ) ;
#6080 = AXIS2_PLACEMENT_3D ( 'NONE', #567, #510, #4404 ) ;
#6081 = EDGE_CURVE ( 'NONE', #3933, #4191, #6438, .T. ) ;
#6082 = CARTESIAN_POINT ( 'NONE',  ( 7.499999999999996447, -12.50000000000000000, 13.35000000000000497 ) ) ;
#6083 = ORIENTED_EDGE ( 'NONE', *, *, #10075, .F. ) ;
#6084 = DIRECTION ( 'NONE',  ( -0.4226182617407037712, -0.9063077870366479383, -0.000000000000000000 ) ) ;
#6085 = CARTESIAN_POINT ( 'NONE',  ( -25.50000000000000355, -13.99999999999997513, 10.20056438610884086 ) ) ;
#6086 = AXIS2_PLACEMENT_3D ( 'NONE', #4548, #6032, #5270 ) ;
#6087 = DIRECTION ( 'NONE',  ( 0.9063077870366479383, -0.4226182617407038267, -0.000000000000000000 ) ) ;
#6088 = CARTESIAN_POINT ( 'NONE',  ( -28.38764509346943399, 12.70558547835847030, 5.000000000000000888 ) ) ;
#6089 = AXIS2_PLACEMENT_3D ( 'NONE', #5381, #4666, #10121 ) ;
#6090 = CARTESIAN_POINT ( 'NONE',  ( -20.83815475836690823, 36.91579771554589939, 9.464909597503225137E-16 ) ) ;
#6091 = VERTEX_POINT ( 'NONE', #1137 ) ;
#6092 = DIRECTION ( 'NONE',  ( 0.000000000000000000, 1.000000000000000000, -0.000000000000000000 ) ) ;
#6093 = VERTEX_POINT ( 'NONE', #6565 ) ;
#6094 = ORIENTED_EDGE ( 'NONE', *, *, #9155, .T. ) ;
#6095 = EDGE_CURVE ( 'NONE', #5435, #9973, #4212, .T. ) ;
#6096 = CARTESIAN_POINT ( 'NONE',  ( -20.60602125154701625, 27.98251265074594940, 14.78276623374443943 ) ) ;
#6097 = VECTOR ( 'NONE', #5100, 1000.000000000000000 ) ;
#6098 = CARTESIAN_POINT ( 'NONE',  ( -2.993134928799900063, 75.32802471863450933, -20.40126624345794681 ) ) ;
#6099 = CIRCLE ( 'NONE', #3656, 0.9749999999999984235 ) ;
#6100 = CARTESIAN_POINT ( 'NONE',  ( -23.81579749656512845, 28.52699465135953361, -13.68420250343482181 ) ) ;
#6101 = CARTESIAN_POINT ( 'NONE',  ( 0.07580442084934306546, 77.26862195616685369, -19.99999999999998934 ) ) ;
#6102 = CARTESIAN_POINT ( 'NONE',  ( -4.664246905995031334, 38.70913008428670565, -13.99999999999999822 ) ) ;
#6103 =( BOUNDED_SURFACE ( )  B_SPLINE_SURFACE ( 3, 2, ( 
 ( #6010, #3547, #5857 ),
 ( #9001, #6836, #5904 ),
 ( #6052, #4423, #7496 ),
 ( #6730, #1967, #9980 ),
 ( #9154, #478, #3596 ),
 ( #7392, #2125, #2933 ),
 ( #3494, #5090, #5242 ),
 ( #2832, #2080, #8365 ) ),
 .UNSPECIFIED., .F., .F., .T. ) 
 B_SPLINE_SURFACE_WITH_KNOTS ( ( 4, 2, 2, 4 ),
 ( 3, 3 ),
 ( 3.627167215326149829, 3.898472656590784791, 4.169778097855419752, 4.712388980384689674 ),
 ( 0.000000000000000000, 1.000000000000000000 ),
 .UNSPECIFIED. ) 
 GEOMETRIC_REPRESENTATION_ITEM ( )  RATIONAL_B_SPLINE_SURFACE ( (
 ( 1.000000000000000000, 0.9238795325112885148, 1.000000000000000000),
 ( 1.000000000000000000, 0.9147500569821465088, 1.000000000000000000),
 ( 1.000000000000000000, 0.9031278811090750480, 1.000000000000000000),
 ( 1.000000000000000000, 0.8752091521815053010, 1.000000000000000000),
 ( 1.000000000000000000, 0.8589098955172832506, 1.000000000000000000),
 ( 1.000000000000000000, 0.8036569070933268222, 1.000000000000000000),
 ( 1.000000000000000000, 0.7582905894683560355, 1.000000000000000000),
 ( 1.000000000000000000, 0.7071067811865469066, 1.000000000000000000) ) ) 
 REPRESENTATION_ITEM ( '' )  SURFACE ( )  );
#6104 = CARTESIAN_POINT ( 'NONE',  ( -7.499999999999998224, 26.50000000000000355, 5.000000000000000000 ) ) ;
#6105 = ORIENTED_EDGE ( 'NONE', *, *, #7124, .T. ) ;
#6106 = ORIENTED_EDGE ( 'NONE', *, *, #7112, .F. ) ;
#6107 = PLANE ( 'NONE',  #3355 ) ;
#6108 = ORIENTED_EDGE ( 'NONE', *, *, #1109, .F. ) ;
#6109 = CARTESIAN_POINT ( 'NONE',  ( 3.020470779667879135, 14.33299002435955849, 7.214780104756014723 ) ) ;
#6110 = LINE ( 'NONE', #7038, #1144 ) ;
#6111 = DIRECTION ( 'NONE',  ( -1.193194596467781204E-16, -1.000000000000000000, 1.193194596467784409E-16 ) ) ;
#6112 = CARTESIAN_POINT ( 'NONE',  ( 5.499999999999994671, 26.50000000000000355, -18.73402153311994311 ) ) ;
#6113 = AXIS2_PLACEMENT_3D ( 'NONE', #2779, #2890, #5198 ) ;
#6114 = CARTESIAN_POINT ( 'NONE',  ( 0.07580442084934138625, 77.26862195616685369, 19.99999999999998934 ) ) ;
#6115 = DIRECTION ( 'NONE',  ( -1.000000000000000000, 0.000000000000000000, 0.000000000000000000 ) ) ;
#6116 = CARTESIAN_POINT ( 'NONE',  ( -15.50000000000000178, 41.50000000000000000, 21.82035944224890756 ) ) ;
#6117 = ADVANCED_FACE ( 'NONE', ( #9622 ), #312, .T. ) ;
#6118 = DIRECTION ( 'NONE',  ( -1.000000000000000000, 0.000000000000000000, 0.000000000000000000 ) ) ;
#6119 = ORIENTED_EDGE ( 'NONE', *, *, #3305, .F. ) ;
#6120 = VERTEX_POINT ( 'NONE', #365 ) ;
#6121 = DIRECTION ( 'NONE',  ( -0.9063077870366480493, 0.4226182617407037712, -0.000000000000000000 ) ) ;
#6122 = VECTOR ( 'NONE', #6538, 1000.000000000000000 ) ;
#6123 = VERTEX_POINT ( 'NONE', #2768 ) ;
#6124 = EDGE_CURVE ( 'NONE', #9171, #257, #1403, .T. ) ;
#6125 = CIRCLE ( 'NONE', #9432, 1.049999999999998046 ) ;
#6126 = DIRECTION ( 'NONE',  ( 0.000000000000000000, 0.000000000000000000, -1.000000000000000000 ) ) ;
#6127 = LINE ( 'NONE', #1431, #5816 ) ;
#6128 = EDGE_CURVE ( 'NONE', #5811, #6093, #9307, .T. ) ;
#6129 = CARTESIAN_POINT ( 'NONE',  ( -5.530614342596866351, 9.381606471593022079, 12.11839352840690509 ) ) ;
#6130 = CARTESIAN_POINT ( 'NONE',  ( -19.73691641967144506, 28.09542760753093305, -15.21732230627555360 ) ) ;
#6131 = EDGE_CURVE ( 'NONE', #9796, #396, #9771, .T. ) ;
#6132 = CIRCLE ( 'NONE', #7119, 2.000000000000000444 ) ;
#6133 = CIRCLE ( 'NONE', #90, 10.25000000000000178 ) ;
#6134 = DIRECTION ( 'NONE',  ( 0.000000000000000000, 0.000000000000000000, 1.000000000000000000 ) ) ;
#6135 = ORIENTED_EDGE ( 'NONE', *, *, #3117, .T. ) ;
#6136 = CARTESIAN_POINT ( 'NONE',  ( -41.94840736095979139, -1.798574825486017215, -13.49999999999995204 ) ) ;
#6137 = EDGE_LOOP ( 'NONE', ( #9348, #3165, #1958, #1534, #3793 ) ) ;
#6138 = VECTOR ( 'NONE', #5653, 1000.000000000000000 ) ;
#6139 = DIRECTION ( 'NONE',  ( 0.4226182617407047704, 0.9063077870366476052, 0.000000000000000000 ) ) ;
#6140 = AXIS2_PLACEMENT_3D ( 'NONE', #28, #9329, #5413 ) ;
#6141 = EDGE_CURVE ( 'NONE', #7688, #4094, #8158, .T. ) ;
#6142 = DIRECTION ( 'NONE',  ( -0.4226182617407017728, -0.9063077870366488265, 0.000000000000000000 ) ) ;
#6143 = CARTESIAN_POINT ( 'NONE',  ( -24.51031704239748166, 28.71121400531517764, -11.86217590967758539 ) ) ;
#6144 = AXIS2_PLACEMENT_3D ( 'NONE', #3315, #7266, #5725 ) ;
#6145 = VECTOR ( 'NONE', #1165, 1000.000000000000000 ) ;
#6146 = CARTESIAN_POINT ( 'NONE',  ( 5.331362908464481798, 26.88421500388450269, 76.26183934523054120 ) ) ;
#6147 = VERTEX_POINT ( 'NONE', #8115 ) ;
#6148 = DIRECTION ( 'NONE',  ( -0.4226182617407049369, -0.9063077870366473832, 0.000000000000000000 ) ) ;
#6149 = VECTOR ( 'NONE', #6551, 1000.000000000000000 ) ;
#6150 = ORIENTED_EDGE ( 'NONE', *, *, #1366, .T. ) ;
#6151 = ORIENTED_EDGE ( 'NONE', *, *, #3700, .T. ) ;
#6152 = CARTESIAN_POINT ( 'NONE',  ( -3.499999999999996003, -9.999999999999976907, 22.00000000000000000 ) ) ;
#6153 = CARTESIAN_POINT ( 'NONE',  ( 3.008659104022687547, 33.86791587487892485, 16.17157287525381548 ) ) ;
#6154 = CARTESIAN_POINT ( 'NONE',  ( 8.369782612009636580, 13.50000000000000000, -5.000000000000000000 ) ) ;
#6155 = CARTESIAN_POINT ( 'NONE',  ( 5.331362908464476469, 26.88421500388452046, -16.65000000000002700 ) ) ;
#6156 = DIRECTION ( 'NONE',  ( 0.9063077870366479383, -0.4226182617407038267, -0.000000000000000000 ) ) ;
#6157 = EDGE_CURVE ( 'NONE', #5046, #7338, #6814, .T. ) ;
#6158 = ORIENTED_EDGE ( 'NONE', *, *, #7581, .T. ) ;
#6159 = ORIENTED_EDGE ( 'NONE', *, *, #3945, .T. ) ;
#6160 = DIRECTION ( 'NONE',  ( 0.4226182617407037156, 0.9063077870366480493, 0.000000000000000000 ) ) ;
#6161 = EDGE_LOOP ( 'NONE', ( #9431, #7200, #9767, #9044, #2292, #9356, #7214, #3942, #3935, #7470 ) ) ;
#6162 = CARTESIAN_POINT ( 'NONE',  ( 2.665766675209160219, 13.99679189283179781, 7.821185333816560892 ) ) ;
#6163 = ADVANCED_FACE ( 'NONE', ( #8891 ), #7384, .F. ) ;
#6164 = CARTESIAN_POINT ( 'NONE',  ( -16.50731940097383443, 46.43840132269671273, -19.49999999999999645 ) ) ;
#6165 =( BOUNDED_CURVE ( )  B_SPLINE_CURVE ( 3, ( #8759, #1735, #1159, #4857 ),
 .UNSPECIFIED., .F., .T. ) 
 B_SPLINE_CURVE_WITH_KNOTS ( ( 4, 4 ),
 ( 1.570796326794895670, 2.111215827065477502 ),
 .UNSPECIFIED. ) 
 CURVE ( )  GEOMETRIC_REPRESENTATION_ITEM ( )  RATIONAL_B_SPLINE_CURVE ( ( 1.000000000000000000, 0.9758099521405073640, 0.9758099521405073640, 1.000000000000000000 ) ) 
 REPRESENTATION_ITEM ( '' )  );
#6166 = LINE ( 'NONE', #4534, #3003 ) ;
#6167 = FACE_OUTER_BOUND ( 'NONE', #2978, .T. ) ;
#6168 = B_SPLINE_CURVE_WITH_KNOTS ( 'NONE', 3,
 ( #2372, #2418, #9457, #8676, #1651, #885, #3234, #9656, #3386, #1028, #4976, #5027, #1856, #9705, #5693, #4246, #262, #1084, #4923, #2568, #1128, #4203, #4100, #8150, #4154, #8048, #7376, #2612, #5736, #4876, #7282 ),
 .UNSPECIFIED., .F., .F.,
 ( 4, 2, 1, 1, 2, 2, 2, 1, 1, 1, 2, 2, 2, 1, 1, 1, 1, 2, 2, 4 ),
 ( 0.000000000000000000, 0.1249999999999714118, 0.1874999999999587830, 0.2187499999999536759, 0.2343749999999523437, 0.2499999999999509837, 0.3749999999999438782, 0.4374999999999410472, 0.4687499999999396594, 0.4843749999999388822, 0.4921874999999388822, 0.4999999999999389377, 0.6249999999999545919, 0.6874999999999625855, 0.7187499999999668043, 0.7343749999999686917, 0.7421874999999695799, 0.7460937499999693578, 0.7499999999999691358, 1.000000000000000000 ),
 .UNSPECIFIED. ) ;
#6169 = DIRECTION ( 'NONE',  ( -6.667740490394042894E-34, -1.429901562581164526E-33, 1.000000000000000000 ) ) ;
#6170 = DIRECTION ( 'NONE',  ( 0.000000000000000000, 0.000000000000000000, 1.000000000000000000 ) ) ;
#6171 = LINE ( 'NONE', #8592, #2521 ) ;
#6172 = DIRECTION ( 'NONE',  ( 0.9063077870366473832, -0.4226182617407049924, 0.000000000000000000 ) ) ;
#6173 = DIRECTION ( 'NONE',  ( 0.000000000000000000, 0.000000000000000000, 1.000000000000000000 ) ) ;
#6174 = ORIENTED_EDGE ( 'NONE', *, *, #5196, .T. ) ;
#6175 = ORIENTED_EDGE ( 'NONE', *, *, #8727, .F. ) ;
#6176 = DIRECTION ( 'NONE',  ( 0.4226182617407007180, 0.9063077870366492705, 0.000000000000000000 ) ) ;
#6177 = ORIENTED_EDGE ( 'NONE', *, *, #4305, .T. ) ;
#6178 = CARTESIAN_POINT ( 'NONE',  ( 14.83245263440451289, 63.95652609376352160, 16.17157287525381903 ) ) ;
#6179 = CARTESIAN_POINT ( 'NONE',  ( -24.25822466745592365, 29.11794796538042362, -12.80628336098102515 ) ) ;
#6180 = EDGE_CURVE ( 'NONE', #8607, #4522, #6240, .T. ) ;
#6181 = LINE ( 'NONE', #2152, #5894 ) ;
#6182 = FACE_OUTER_BOUND ( 'NONE', #2106, .T. ) ;
#6183 = ADVANCED_FACE ( 'NONE', ( #9974 ), #1245, .F. ) ;
#6184 = LINE ( 'NONE', #8554, #378 ) ;
#6185 = EDGE_LOOP ( 'NONE', ( #4285, #5032, #4274, #4174, #4929, #1469 ) ) ;
#6186 = VERTEX_POINT ( 'NONE', #4469 ) ;
#6187 = DIRECTION ( 'NONE',  ( 0.000000000000000000, 1.000000000000000000, 0.000000000000000000 ) ) ;
#6188 = ORIENTED_EDGE ( 'NONE', *, *, #4396, .T. ) ;
#6189 = DIRECTION ( 'NONE',  ( 0.5144957554275256806, 0.8574929257125447624, 0.000000000000000000 ) ) ;
#6190 = B_SPLINE_SURFACE_WITH_KNOTS ( 'NONE', 1, 3, ( 
 ( #6100, #5437, #8471, #1451, #9304, #8518, #4617, #4672, #7745, #783, #6980, #3084, #7844, #6834 ),
 ( #3419, #8873, #8927, #9750, #1118, #7417, #5780, #8142, #5116, #6317, #400, #9695, #5017, #4967 ) ),
 .UNSPECIFIED., .F., .F., .F.,
 ( 2, 2 ),
 ( 4, 2, 2, 2, 2, 2, 4 ),
 ( 0.000000000000000000, 1.000000000000000000 ),
 ( 5.299832793300028655, 5.384707789415122292, 5.469582785530215929, 5.554457781645309566, 5.639332777760402315, 5.809082769990588702, 5.978832762220775976 ),
 .UNSPECIFIED. ) ;
#6191 = CARTESIAN_POINT ( 'NONE',  ( -23.74207622587162803, 28.60957931114553077, 13.75792377412834000 ) ) ;
#6192 = SURFACE_SIDE_STYLE ('',( #3076 ) ) ;
#6193 = CARTESIAN_POINT ( 'NONE',  ( 5.499999999999994671, 26.08040538867671643, 0.000000000000000000 ) ) ;
#6194 = VERTEX_POINT ( 'NONE', #7490 ) ;
#6195 = LINE ( 'NONE', #2979, #4791 ) ;
#6196 = EDGE_CURVE ( 'NONE', #5982, #82, #2934, .T. ) ;
#6197 = VERTEX_POINT ( 'NONE', #6780 ) ;
#6198 = DIRECTION ( 'NONE',  ( -0.9063077870366479383, 0.4226182617407037712, 0.000000000000000000 ) ) ;
#6199 = EDGE_CURVE ( 'NONE', #5982, #396, #1595, .T. ) ;
#6200 = DIRECTION ( 'NONE',  ( -0.000000000000000000, 1.000000000000000000, -0.000000000000000000 ) ) ;
#6201 = EDGE_CURVE ( 'NONE', #7036, #542, #771, .T. ) ;
#6202 = CARTESIAN_POINT ( 'NONE',  ( 5.499999999999994671, -19.41421356237309936, -12.58578643762687932 ) ) ;
#6203 = CARTESIAN_POINT ( 'NONE',  ( -22.35839261528034072, 29.71076872441958017, 15.14160738471962731 ) ) ;
#6204 = DIRECTION ( 'NONE',  ( 0.9063077870366480493, -0.4226182617407037712, 0.000000000000000000 ) ) ;
#6205 = CARTESIAN_POINT ( 'NONE',  ( 5.698596106172526987, 25.51639534292156242, 14.22446852624502789 ) ) ;
#6206 = AXIS2_PLACEMENT_3D ( 'NONE', #1194, #4318, #6450 ) ;
#6207 = VECTOR ( 'NONE', #10158, 1000.000000000000114 ) ;
#6208 = VERTEX_POINT ( 'NONE', #7787 ) ;
#6209 = EDGE_LOOP ( 'NONE', ( #2158, #2991, #2983, #1457, #2251, #4664 ) ) ;
#6210 = FACE_OUTER_BOUND ( 'NONE', #3995, .T. ) ;
#6211 = EDGE_CURVE ( 'NONE', #2757, #6724, #9927, .T. ) ;
#6212 = ORIENTED_EDGE ( 'NONE', *, *, #1790, .F. ) ;
#6213 = DIRECTION ( 'NONE',  ( -1.084202172485502462E-16, 0.000000000000000000, -1.000000000000000000 ) ) ;
#6214 = CARTESIAN_POINT ( 'NONE',  ( 5.499999999999993783, 22.55000000000000071, 8.050000000000000711 ) ) ;
#6215 = AXIS2_PLACEMENT_3D ( 'NONE', #2804, #8141, #9802 ) ;
#6216 = CARTESIAN_POINT ( 'NONE',  ( 2.934213980430113722, 32.34576902091713180, -17.21856441721794084 ) ) ;
#6217 = CARTESIAN_POINT ( 'NONE',  ( 5.532047349962220473, 26.42698478977482424, 14.96185959203521243 ) ) ;
#6218 = DIRECTION ( 'NONE',  ( -0.000000000000000000, -0.000000000000000000, -1.000000000000000000 ) ) ;
#6219 = DIRECTION ( 'NONE',  ( -0.7071067811865439090, 0.7071067811865512365, 1.226634733346692901E-16 ) ) ;
#6220 = CARTESIAN_POINT ( 'NONE',  ( 15.49999999999999467, -11.55000000000000071, 9.150000000000002132 ) ) ;
#6221 = CARTESIAN_POINT ( 'NONE',  ( 0.000000000000000000, 13.50000000000000000, 0.000000000000000000 ) ) ;
#6222 = CARTESIAN_POINT ( 'NONE',  ( -2.793356807453335477, 75.84808901196598185, -19.49999999999999645 ) ) ;
#6223 = EDGE_CURVE ( 'NONE', #1244, #3568, #6830, .T. ) ;
#6224 = EDGE_LOOP ( 'NONE', ( #6581, #3685, #8889, #3113 ) ) ;
#6225 = EDGE_LOOP ( 'NONE', ( #1674, #5312, #1671, #5536 ) ) ;
#6226 = DIRECTION ( 'NONE',  ( 0.9063077870366480493, -0.4226182617407038267, 0.000000000000000000 ) ) ;
#6227 = VECTOR ( 'NONE', #224, 1000.000000000000114 ) ;
#6228 = ORIENTED_EDGE ( 'NONE', *, *, #967, .T. ) ;
#6229 = LINE ( 'NONE', #1524, #9924 ) ;
#6230 = CARTESIAN_POINT ( 'NONE',  ( -24.21219776206329399, 24.99770548003738213, -13.20796019494290796 ) ) ;
#6231 = CARTESIAN_POINT ( 'NONE',  ( -22.71629261286149770, 27.39001814001279911, 13.88499447053085234 ) ) ;
#6232 = CARTESIAN_POINT ( 'NONE',  ( -3.698964755138981708, -15.44905149116789467, -14.61126069204292399 ) ) ;
#6233 = VECTOR ( 'NONE', #5737, 1000.000000000000000 ) ;
#6234 = CARTESIAN_POINT ( 'NONE',  ( 0.8135401666596597803, 33.89287128866735088, -10.99999999999998224 ) ) ;
#6235 = EDGE_LOOP ( 'NONE', ( #8219, #6751, #8154, #148, #9015 ) ) ;
#6236 = VERTEX_POINT ( 'NONE', #7834 ) ;
#6237 = LINE ( 'NONE', #6136, #5410 ) ;
#6238 = ADVANCED_FACE ( 'NONE', ( #5235 ), #6003, .F. ) ;
#6239 = VERTEX_POINT ( 'NONE', #8358 ) ;
#6240 = LINE ( 'NONE', #4368, #3853 ) ;
#6241 = DIRECTION ( 'NONE',  ( 0.000000000000000000, 0.000000000000000000, 1.000000000000000000 ) ) ;
#6242 = ADVANCED_FACE ( 'NONE', ( #5285 ), #7063, .T. ) ;
#6243 = B_SPLINE_SURFACE_WITH_KNOTS ( 'NONE', 1, 3, ( 
 ( #2420, #8472, #1500, #3902, #6361, #7803, #8627, #6318, #2374, #2 ),
 ( #6981, #7746, #2322, #5494, #4772, #6203, #1554, #5386, #9353, #3799 ) ),
 .UNSPECIFIED., .F., .F., .F.,
 ( 2, 2 ),
 ( 4, 2, 2, 2, 4 ),
 ( 0.000000000000000000, 1.000000000000000000 ),
 ( 1.570796326794895670, 1.767145867644256851, 1.963495408493618033, 2.159844949342978992, 2.356194490192340396 ),
 .UNSPECIFIED. ) ;
#6244 = VECTOR ( 'NONE', #6247, 1000.000000000000000 ) ;
#6245 = CARTESIAN_POINT ( 'NONE',  ( -2.500000000000003109, -7.549999999999999822, 7.050000000000001599 ) ) ;
#6246 = CARTESIAN_POINT ( 'NONE',  ( -16.56086121891152629, 46.32358052359267475, -19.99999999999999289 ) ) ;
#6247 = DIRECTION ( 'NONE',  ( 0.000000000000000000, 0.000000000000000000, -1.000000000000000000 ) ) ;
#6248 = AXIS2_PLACEMENT_3D ( 'NONE', #2289, #1808, #1576 ) ;
#6249 = ORIENTED_EDGE ( 'NONE', *, *, #9343, .F. ) ;
#6250 = ORIENTED_EDGE ( 'NONE', *, *, #1085, .T. ) ;
#6251 = CARTESIAN_POINT ( 'NONE',  ( 7.499999999999992895, 14.50000000000000000, -16.64999999999999503 ) ) ;
#6252 = EDGE_CURVE ( 'NONE', #10100, #10170, #4837, .T. ) ;
#6253 = AXIS2_PLACEMENT_3D ( 'NONE', #7082, #3183, #9458 ) ;
#6254 = ORIENTED_EDGE ( 'NONE', *, *, #5063, .F. ) ;
#6255 = VERTEX_POINT ( 'NONE', #581 ) ;
#6256 = EDGE_CURVE ( 'NONE', #4011, #9898, #3702, .T. ) ;
#6257 = CARTESIAN_POINT ( 'NONE',  ( 7.499999999999992895, -14.50000000000000000, -15.64999999999999325 ) ) ;
#6258 = AXIS2_PLACEMENT_3D ( 'NONE', #2273, #8626, #4525 ) ;
#6259 = EDGE_CURVE ( 'NONE', #5862, #2853, #8612, .T. ) ;
#6260 = VECTOR ( 'NONE', #8568, 1000.000000000000000 ) ;
#6261 = CARTESIAN_POINT ( 'NONE',  ( 5.499999999999996447, -17.47842712474614757, 14.52157287525381335 ) ) ;
#6262 = CARTESIAN_POINT ( 'NONE',  ( 1.652915094960002440, 13.61296458266432197, -8.935285577284567182 ) ) ;
#6263 = VECTOR ( 'NONE', #7355, 1000.000000000000000 ) ;
#6264 = DIRECTION ( 'NONE',  ( 0.7071067811865462405, 0.000000000000000000, -0.7071067811865489050 ) ) ;
#6265 = ADVANCED_FACE ( 'NONE', ( #7011 ), #2824, .F. ) ;
#6266 = DIRECTION ( 'NONE',  ( 0.9063077870366481603, -0.4226182617407032716, -0.000000000000000000 ) ) ;
#6267 = ORIENTED_EDGE ( 'NONE', *, *, #5411, .F. ) ;
#6268 = ORIENTED_EDGE ( 'NONE', *, *, #2610, .F. ) ;
#6269 = ADVANCED_FACE ( 'NONE', ( #5476 ), #9046, .T. ) ;
#6270 = PLANE ( 'NONE',  #89 ) ;
#6271 = CIRCLE ( 'NONE', #2189, 0.7999999999999906075 ) ;
#6272 = ORIENTED_EDGE ( 'NONE', *, *, #1540, .F. ) ;
#6273 = CIRCLE ( 'NONE', #2996, 0.9499999999999976241 ) ;
#6274 = CARTESIAN_POINT ( 'NONE',  ( 6.228245988452719928, 24.21508089834844313, 14.90595826690807613 ) ) ;
#6275 = CARTESIAN_POINT ( 'NONE',  ( -17.99049490235867665, 42.66133684556584171, 19.50950509764129137 ) ) ;
#6276 = EDGE_CURVE ( 'NONE', #9938, #2967, #5135, .T. ) ;
#6277 = CARTESIAN_POINT ( 'NONE',  ( 11.58578643762685623, 19.00000000000000000, -22.00000000000000000 ) ) ;
#6278 = CARTESIAN_POINT ( 'NONE',  ( -23.17157287525383325, 26.29507800053150035, 15.49999999999998046 ) ) ;
#6279 = CARTESIAN_POINT ( 'NONE',  ( 16.04634200735406324, 19.00000000000000355, 22.00000000000000000 ) ) ;
#6280 = CARTESIAN_POINT ( 'NONE',  ( -23.17157287525381548, 28.11543744278039370, -15.49999999999995559 ) ) ;
#6281 = VECTOR ( 'NONE', #875, 1000.000000000000000 ) ;
#6282 = DIRECTION ( 'NONE',  ( 0.9063077870366479383, -0.4226182617407038267, -0.000000000000000000 ) ) ;
#6283 = DIRECTION ( 'NONE',  ( 0.2792582776338196071, -0.7672558119947081590, -0.5773502691896258421 ) ) ;
#6284 = VERTEX_POINT ( 'NONE', #8263 ) ;
#6285 = ORIENTED_EDGE ( 'NONE', *, *, #8002, .F. ) ;
#6286 = ADVANCED_FACE ( 'NONE', ( #9100 ), #7539, .F. ) ;
#6287 = DIRECTION ( 'NONE',  ( -0.4226182617407066577, -0.9063077870366466060, 0.000000000000000000 ) ) ;
#6288 = EDGE_LOOP ( 'NONE', ( #2823, #1813, #8200, #3486 ) ) ;
#6289 = LINE ( 'NONE', #3213, #5317 ) ;
#6290 = AXIS2_PLACEMENT_3D ( 'NONE', #77, #6996, #5609 ) ;
#6291 = EDGE_CURVE ( 'NONE', #9525, #8838, #6395, .T. ) ;
#6292 = AXIS2_PLACEMENT_3D ( 'NONE', #2482, #6333, #8537 ) ;
#6293 = CARTESIAN_POINT ( 'NONE',  ( -24.08888797744697285, 25.13140218610372045, -13.27826515983374023 ) ) ;
#6294 = SURFACE_STYLE_USAGE ( .BOTH. , #2299 ) ;
#6295 = LINE ( 'NONE', #8654, #5929 ) ;
#6296 = DIRECTION ( 'NONE',  ( 0.000000000000000000, 0.000000000000000000, 1.000000000000000000 ) ) ;
#6297 = VERTEX_POINT ( 'NONE', #869 ) ;
#6298 = EDGE_LOOP ( 'NONE', ( #4178, #6518, #8275, #9865 ) ) ;
#6299 = DIRECTION ( 'NONE',  ( -0.9063077870366479383, 0.4226182617407037712, -0.000000000000000000 ) ) ;
#6300 = VERTEX_POINT ( 'NONE', #8033 ) ;
#6301 = DIRECTION ( 'NONE',  ( 0.9063077870366480493, -0.4226182617407037712, 0.000000000000000000 ) ) ;
#6302 = AXIS2_PLACEMENT_3D ( 'NONE', #1582, #174, #80 ) ;
#6303 = DIRECTION ( 'NONE',  ( 0.000000000000000000, 0.000000000000000000, 1.000000000000000000 ) ) ;
#6304 = AXIS2_PLACEMENT_3D ( 'NONE', #1376, #4545, #6812 ) ;
#6305 = CARTESIAN_POINT ( 'NONE',  ( 2.662800535624400862E-15, -20.00000000000000000, 15.35000000000000853 ) ) ;
#6306 = CARTESIAN_POINT ( 'NONE',  ( -24.99563068969975532, -12.81876896566585344, 12.50436931030022514 ) ) ;
#6307 = DIRECTION ( 'NONE',  ( 1.020425574104004122E-16, 0.000000000000000000, 1.000000000000000000 ) ) ;
#6308 = ORIENTED_EDGE ( 'NONE', *, *, #2172, .F. ) ;
#6309 = ORIENTED_EDGE ( 'NONE', *, *, #6846, .F. ) ;
#6310 = CARTESIAN_POINT ( 'NONE',  ( 14.83245263440451112, 63.95652609376350739, -16.17157287525381903 ) ) ;
#6311 = AXIS2_PLACEMENT_3D ( 'NONE', #1293, #9147, #2170 ) ;
#6312 = VECTOR ( 'NONE', #3182, 1000.000000000000114 ) ;
#6313 = ORIENTED_EDGE ( 'NONE', *, *, #2651, .T. ) ;
#6314 = ORIENTED_EDGE ( 'NONE', *, *, #5720, .F. ) ;
#6315 = CARTESIAN_POINT ( 'NONE',  ( -25.50000000000000355, 24.55000000000000071, 10.05000000000000249 ) ) ;
#6317 = CARTESIAN_POINT ( 'NONE',  ( -22.71629261286151902, 27.39001814001280621, -13.88499447053083458 ) ) ;
#6316 = VECTOR ( 'NONE', #9446, 1000.000000000000000 ) ;
#6318 = CARTESIAN_POINT ( 'NONE',  ( -21.61153325962443006, 27.70565228741768138, 14.28001980781467317 ) ) ;
#6319 = ADVANCED_FACE ( 'NONE', ( #7987 ), #5577, .F. ) ;
#6320 = CARTESIAN_POINT ( 'NONE',  ( 25.50000000000000355, 11.55000000000000071, -17.39999999999999858 ) ) ;
#6321 = EDGE_CURVE ( 'NONE', #569, #5199, #5822, .T. ) ;
#6322 = CARTESIAN_POINT ( 'NONE',  ( -14.67157287525379061, 30.11543744278038304, -20.00000000000000000 ) ) ;
#6323 = ORIENTED_EDGE ( 'NONE', *, *, #6037, .F. ) ;
#6324 = ORIENTED_EDGE ( 'NONE', *, *, #5765, .T. ) ;
#6325 = DIRECTION ( 'NONE',  ( 0.4226182617407031605, 0.9063077870366481603, 0.000000000000000000 ) ) ;
#6326 = ORIENTED_EDGE ( 'NONE', *, *, #2718, .F. ) ;
#6327 = PLANE ( 'NONE',  #3196 ) ;
#6328 = DIRECTION ( 'NONE',  ( -0.9063077870366479383, 0.4226182617407037712, -0.000000000000000000 ) ) ;
#6329 = DIRECTION ( 'NONE',  ( -1.975180195419136240E-15, 0.000000000000000000, 1.000000000000000000 ) ) ;
#6330 = CARTESIAN_POINT ( 'NONE',  ( -23.29350392700339967, 26.52911110948821616, -13.50039200598399702 ) ) ;
#6331 = CARTESIAN_POINT ( 'NONE',  ( 3.008659104022685327, 33.86791587487891064, -16.70909507938320360 ) ) ;
#6332 = DIRECTION ( 'NONE',  ( 0.9063077870366479383, -0.4226182617407037712, -0.000000000000000000 ) ) ;
#6333 = DIRECTION ( 'NONE',  ( 1.000000000000000000, -0.000000000000000000, 0.000000000000000000 ) ) ;
#6334 = CARTESIAN_POINT ( 'NONE',  ( -3.861272208687695606, 40.43111487965633444, -13.99999999999999822 ) ) ;
#6335 = ORIENTED_EDGE ( 'NONE', *, *, #4253, .T. ) ;
#6336 = ORIENTED_EDGE ( 'NONE', *, *, #5741, .T. ) ;
#6337 = LINE ( 'NONE', #7050, #9758 ) ;
#6338 = VERTEX_POINT ( 'NONE', #4085 ) ;
#6339 = CARTESIAN_POINT ( 'NONE',  ( -3.183564164343378078, 75.01128663468153945, 19.99999999999998934 ) ) ;
#6340 = CARTESIAN_POINT ( 'NONE',  ( -24.22577673565857026, 24.98422343761468767, -13.19966201699201847 ) ) ;
#6341 = CARTESIAN_POINT ( 'NONE',  ( -23.81579749656514977, 28.52699465135955137, 13.68420250343481648 ) ) ;
#6342 = DIRECTION ( 'NONE',  ( -0.9063077870366480493, 0.4226182617407038822, 0.000000000000000000 ) ) ;
#6343 = CARTESIAN_POINT ( 'NONE',  ( -9.938018709031620546, 26.55921252205306970, -1.469616737958659785E-14 ) ) ;
#6344 = ORIENTED_EDGE ( 'NONE', *, *, #3373, .F. ) ;
#6345 = VERTEX_POINT ( 'NONE', #5681 ) ;
#6346 = AXIS2_PLACEMENT_3D ( 'NONE', #7785, #6820, #10114 ) ;
#6347 = DIRECTION ( 'NONE',  ( 0.000000000000000000, 1.000000000000000000, 0.000000000000000000 ) ) ;
#6348 = ORIENTED_EDGE ( 'NONE', *, *, #1445, .F. ) ;
#6349 = CARTESIAN_POINT ( 'NONE',  ( 0.1368756844045836418, 75.03338812035285343, -19.99999999999999289 ) ) ;
#6350 = CARTESIAN_POINT ( 'NONE',  ( -15.49999999999998401, -14.50000000000000000, -22.00000000000000000 ) ) ;
#6351 = LINE ( 'NONE', #7270, #9361 ) ;
#6352 = CARTESIAN_POINT ( 'NONE',  ( -9.132393101864304086, 40.95816756101257994, 19.49999999999999645 ) ) ;
#6353 = CARTESIAN_POINT ( 'NONE',  ( -26.47590953693041271, 24.31955946659045154, 11.16654011616750530 ) ) ;
#6354 = VERTEX_POINT ( 'NONE', #4756 ) ;
#6355 = ORIENTED_EDGE ( 'NONE', *, *, #9604, .F. ) ;
#6356 = LINE ( 'NONE', #3329, #4139 ) ;
#6357 = EDGE_CURVE ( 'NONE', #2687, #7090, #2408, .T. ) ;
#6358 = ORIENTED_EDGE ( 'NONE', *, *, #6211, .T. ) ;
#6359 = ORIENTED_EDGE ( 'NONE', *, *, #5106, .F. ) ;
#6360 = CARTESIAN_POINT ( 'NONE',  ( 8.734066989371182643, 21.78543004774084579, 6.704739091775916648 ) ) ;
#6361 = CARTESIAN_POINT ( 'NONE',  ( -20.46043415669976540, 28.01328993196894146, 14.85556935927700728 ) ) ;
#6362 = CARTESIAN_POINT ( 'NONE',  ( 6.076844468867096616, 25.92315553113292736, -19.49654074339535370 ) ) ;
#6363 = DIRECTION ( 'NONE',  ( 0.7071067811865484609, -0.000000000000000000, 0.7071067811865465735 ) ) ;
#6364 = ORIENTED_EDGE ( 'NONE', *, *, #6131, .T. ) ;
#6365 = EDGE_LOOP ( 'NONE', ( #4988, #1094, #4509, #406 ) ) ;
#6366 = LINE ( 'NONE', #161, #8779 ) ;
#6367 = ADVANCED_FACE ( 'NONE', ( #97 ), #1541, .F. ) ;
#6368 = ORIENTED_EDGE ( 'NONE', *, *, #3179, .T. ) ;
#6369 = DIRECTION ( 'NONE',  ( 1.000000000000000000, 0.000000000000000000, -1.020425574104004122E-16 ) ) ;
#6370 = EDGE_CURVE ( 'NONE', #3516, #8699, #7626, .T. ) ;
#6371 = CARTESIAN_POINT ( 'NONE',  ( -18.18281077762602038, 8.138162070551311800, -4.999999999999992006 ) ) ;
#6372 = CARTESIAN_POINT ( 'NONE',  ( -25.50000000000000355, -9.550000000000000711, 0.000000000000000000 ) ) ;
#6373 = DIRECTION ( 'NONE',  ( 0.9063077870366479383, -0.4226182617407037712, -0.000000000000000000 ) ) ;
#6374 = DIRECTION ( 'NONE',  ( -0.9063077870366479383, 0.4226182617407038267, 0.000000000000000000 ) ) ;
#6375 = DIRECTION ( 'NONE',  ( 0.4226182617407046593, 0.9063077870366476052, 0.000000000000000000 ) ) ;
#6376 = CYLINDRICAL_SURFACE ( 'NONE', #4156, 2.000000000000000000 ) ;
#6377 = LINE ( 'NONE', #9523, #7593 ) ;
#6378 = EDGE_LOOP ( 'NONE', ( #2877, #7312 ) ) ;
#6379 = ORIENTED_EDGE ( 'NONE', *, *, #7958, .T. ) ;
#6380 =( BOUNDED_CURVE ( )  B_SPLINE_CURVE ( 3, ( #7549, #2126, #479, #3599 ),
 .UNSPECIFIED., .F., .T. ) 
 B_SPLINE_CURVE_WITH_KNOTS ( ( 4, 4 ),
 ( 0.5404195002705826090, 1.570796326794896558 ),
 .UNSPECIFIED. ) 
 CURVE ( )  GEOMETRIC_REPRESENTATION_ITEM ( )  RATIONAL_B_SPLINE_CURVE ( ( 1.000000000000000000, 0.9134666045023189795, 0.9134666045023189795, 1.000000000000000000 ) ) 
 REPRESENTATION_ITEM ( '' )  );
#6381 = CARTESIAN_POINT ( 'NONE',  ( 4.194490884068763137, 34.45071475964697783, -19.00000000000003197 ) ) ;
#6382 = VERTEX_POINT ( 'NONE', #4963 ) ;
#6383 = CARTESIAN_POINT ( 'NONE',  ( -2.992525068882003314, 75.32898457986348717, 20.40206623671823749 ) ) ;
#6384 = AXIS2_PLACEMENT_3D ( 'NONE', #3864, #9315, #896 ) ;
#6385 = DIRECTION ( 'NONE',  ( 0.4226182617407041042, 0.9063077870366478273, 6.938893903907240211E-15 ) ) ;
#6386 = CARTESIAN_POINT ( 'NONE',  ( 7.499999999999992895, -11.55000000000000071, -15.64999999999999325 ) ) ;
#6387 = EDGE_CURVE ( 'NONE', #335, #857, #8952, .T. ) ;
#6388 = CIRCLE ( 'NONE', #2302, 2.000000000000000000 ) ;
#6389 = DIRECTION ( 'NONE',  ( -0.4085227688752218755, -0.9127481291739371061, 7.750810504605549161E-16 ) ) ;
#6390 = EDGE_CURVE ( 'NONE', #9280, #4983, #6447, .T. ) ;
#6391 = VERTEX_POINT ( 'NONE', #4138 ) ;
#6392 = ORIENTED_EDGE ( 'NONE', *, *, #2213, .T. ) ;
#6393 = LINE ( 'NONE', #7832, #5664 ) ;
#6394 = ORIENTED_EDGE ( 'NONE', *, *, #1884, .T. ) ;
#6395 = LINE ( 'NONE', #3223, #4845 ) ;
#6396 = CARTESIAN_POINT ( 'NONE',  ( 15.49999999999999467, -14.50000000000000000, -17.39999999999999858 ) ) ;
#6397 = EDGE_CURVE ( 'NONE', #8322, #3059, #3206, .T. ) ;
#6398 = LINE ( 'NONE', #9599, #8035 ) ;
#6399 = LINE ( 'NONE', #7219, #717 ) ;
#6400 = CARTESIAN_POINT ( 'NONE',  ( -26.12399385277898745, 25.15354667575854464, 11.23668459601949898 ) ) ;
#6401 = EDGE_LOOP ( 'NONE', ( #6705, #9310 ) ) ;
#6402 = ORIENTED_EDGE ( 'NONE', *, *, #4096, .F. ) ;
#6403 = LINE ( 'NONE', #4095, #8730 ) ;
#6404 = VECTOR ( 'NONE', #344, 1000.000000000000000 ) ;
#6405 = ORIENTED_EDGE ( 'NONE', *, *, #6764, .F. ) ;
#6406 = CARTESIAN_POINT ( 'NONE',  ( -5.530614342616974710, 36.85119912080915583, 15.35119912080920557 ) ) ;
#6407 = AXIS2_PLACEMENT_3D ( 'NONE', #9462, #8630, #3188 ) ;
#6408 = EDGE_CURVE ( 'NONE', #6034, #988, #8091, .T. ) ;
#6409 = DIRECTION ( 'NONE',  ( 0.9063077870366480493, -0.4226182617407036046, -0.000000000000000000 ) ) ;
#6410 = CARTESIAN_POINT ( 'NONE',  ( -23.31590247333084776, 26.48484052548010581, 13.49619741762001901 ) ) ;
#6411 = CARTESIAN_POINT ( 'NONE',  ( -20.94417905272859670, 27.91310308363700088, -14.61369691126257564 ) ) ;
#6412 = VECTOR ( 'NONE', #4981, 999.9999999999998863 ) ;
#6413 = EDGE_CURVE ( 'NONE', #5690, #8514, #3169, .T. ) ;
#6414 = ORIENTED_EDGE ( 'NONE', *, *, #990, .T. ) ;
#6415 = ORIENTED_EDGE ( 'NONE', *, *, #7201, .F. ) ;
#6416 = DIRECTION ( 'NONE',  ( 0.000000000000000000, 0.000000000000000000, 1.000000000000000000 ) ) ;
#6417 = VERTEX_POINT ( 'NONE', #9594 ) ;
#6418 = DIRECTION ( 'NONE',  ( 0.000000000000000000, 0.000000000000000000, 1.000000000000000000 ) ) ;
#6419 = CARTESIAN_POINT ( 'NONE',  ( 7.499999999999996447, -12.50000000000000000, 14.35000000000000497 ) ) ;
#6420 = CIRCLE ( 'NONE', #6086, 1.999999999999998224 ) ;
#6421 = CARTESIAN_POINT ( 'NONE',  ( -3.502511970236522387, -17.38545699887906792, 13.95939588797975439 ) ) ;
#6422 = CARTESIAN_POINT ( 'NONE',  ( 25.50000000000000355, 11.55000000000000071, -18.64999999999999503 ) ) ;
#6423 = CARTESIAN_POINT ( 'NONE',  ( 0.8645947511801397312, 39.71487415185068670, -21.41421356237310292 ) ) ;
#6424 = DIRECTION ( 'NONE',  ( 1.000000000000000000, -0.000000000000000000, 0.000000000000000000 ) ) ;
#6425 = VECTOR ( 'NONE', #9246, 1000.000000000000000 ) ;
#6426 = CIRCLE ( 'NONE', #3650, 1.999999999999997113 ) ;
#6427 = EDGE_LOOP ( 'NONE', ( #8178, #1996, #7087, #3748, #538 ) ) ;
#6428 = ORIENTED_EDGE ( 'NONE', *, *, #1540, .T. ) ;
#6429 = DIRECTION ( 'NONE',  ( 0.9063077870366479383, -0.4226182617407038267, -0.000000000000000000 ) ) ;
#6430 = ORIENTED_EDGE ( 'NONE', *, *, #9818, .F. ) ;
#6431 = CARTESIAN_POINT ( 'NONE',  ( -22.96632994877764844, 26.93288023555631483, -13.49999999999995559 ) ) ;
#6432 = FACE_OUTER_BOUND ( 'NONE', #9177, .T. ) ;
#6433 = AXIS2_PLACEMENT_3D ( 'NONE', #387, #2033, #4385 ) ;
#6434 = FACE_OUTER_BOUND ( 'NONE', #6911, .T. ) ;
#6435 = CIRCLE ( 'NONE', #4971, 1.049999999999998712 ) ;
#6436 = CARTESIAN_POINT ( 'NONE',  ( 5.630706192133126287, 26.20220501515375844, 14.12997515431955797 ) ) ;
#6437 = EDGE_CURVE ( 'NONE', #3267, #5296, #8819, .T. ) ;
#6438 =( BOUNDED_CURVE ( )  B_SPLINE_CURVE ( 3, ( #8057, #7438, #9665, #8205 ),
 .UNSPECIFIED., .F., .T. ) 
 B_SPLINE_CURVE_WITH_KNOTS ( ( 4, 4 ),
 ( 3.926990816987241395, 4.712388980382464787 ),
 .UNSPECIFIED. ) 
 CURVE ( )  GEOMETRIC_REPRESENTATION_ITEM ( )  RATIONAL_B_SPLINE_CURVE ( ( 1.000000000000000000, 0.9492530216744748950, 0.9492530216744748950, 1.000000000000000000 ) ) 
 REPRESENTATION_ITEM ( '' )  );
#6439 = EDGE_CURVE ( 'NONE', #8723, #9057, #6496, .T. ) ;
#6440 = LINE ( 'NONE', #1683, #5618 ) ;
#6441 = ORIENTED_EDGE ( 'NONE', *, *, #1880, .T. ) ;
#6442 = VERTEX_POINT ( 'NONE', #8663 ) ;
#6443 = AXIS2_PLACEMENT_3D ( 'NONE', #6690, #9840, #4131 ) ;
#6444 = CARTESIAN_POINT ( 'NONE',  ( -12.31348600312988317, 5.741872821843921670, 76.26183934523054120 ) ) ;
#6445 = VERTEX_POINT ( 'NONE', #3417 ) ;
#6446 = VECTOR ( 'NONE', #9133, 1000.000000000000000 ) ;
#6447 = LINE ( 'NONE', #7936, #924 ) ;
#6448 = EDGE_CURVE ( 'NONE', #855, #7514, #3548, .T. ) ;
#6449 = EDGE_CURVE ( 'NONE', #9796, #4223, #6653, .T. ) ;
#6450 = DIRECTION ( 'NONE',  ( -0.9063077870366479383, 0.4226182617407038267, 0.000000000000000000 ) ) ;
#6451 = CARTESIAN_POINT ( 'NONE',  ( 2.821274678095983202, 33.02267935139751387, 16.17157287525381548 ) ) ;
#6452 = LINE ( 'NONE', #6306, #3168 ) ;
#6453 = CARTESIAN_POINT ( 'NONE',  ( -0.5000000000000079936, 22.54999999999999716, -6.050000000000006928 ) ) ;
#6454 = VERTEX_POINT ( 'NONE', #9077 ) ;
#6455 = ORIENTED_EDGE ( 'NONE', *, *, #357, .T. ) ;
#6456 = CARTESIAN_POINT ( 'NONE',  ( -25.50000000000000355, -9.550000000000000711, -10.05000000000000071 ) ) ;
#6457 = VERTEX_POINT ( 'NONE', #1168 ) ;
#6458 = CIRCLE ( 'NONE', #401, 2.000000000000000000 ) ;
#6459 = DIRECTION ( 'NONE',  ( 0.9063077870366479383, -0.4226182617407038267, -0.000000000000000000 ) ) ;
#6460 = VECTOR ( 'NONE', #5876, 1000.000000000000000 ) ;
#6461 = CARTESIAN_POINT ( 'NONE',  ( -3.499999999999996003, -17.49999999999997513, -13.91165832525015844 ) ) ;
#6462 = CARTESIAN_POINT ( 'NONE',  ( -3.513728753685125383, -14.13950574833499907, -15.26603193499364330 ) ) ;
#6463 = CARTESIAN_POINT ( 'NONE',  ( 5.374076367714834213, 26.62592363228519687, -18.55285742053739639 ) ) ;
#6464 = CIRCLE ( 'NONE', #908, 2.000000000000000888 ) ;
#6465 = AXIS2_PLACEMENT_3D ( 'NONE', #3704, #3749, #2928 ) ;
#6466 = DIRECTION ( 'NONE',  ( -0.4226182617407037156, -0.9063077870366479383, 0.000000000000000000 ) ) ;
#6467 = CARTESIAN_POINT ( 'NONE',  ( 7.499999999999996447, -12.50000000000000000, 15.35000000000000497 ) ) ;
#6468 = EDGE_LOOP ( 'NONE', ( #5665, #9045, #8, #1916, #3164, #3672 ) ) ;
#6469 = VERTEX_POINT ( 'NONE', #6596 ) ;
#6470 = DIRECTION ( 'NONE',  ( 1.000000000000000000, 0.000000000000000000, -0.000000000000000000 ) ) ;
#6471 = VERTEX_POINT ( 'NONE', #9130 ) ;
#6472 = CARTESIAN_POINT ( 'NONE',  ( -19.17157287525384390, 28.11543744278039370, -15.49999999999995559 ) ) ;
#6473 = VECTOR ( 'NONE', #3541, 1000.000000000000000 ) ;
#6474 = VECTOR ( 'NONE', #8810, 1000.000000000000000 ) ;
#6475 = PLANE ( 'NONE',  #1968 ) ;
#6476 = DIRECTION ( 'NONE',  ( 1.000000000000000000, 0.000000000000000000, -8.673617379884026844E-17 ) ) ;
#6477 = LINE ( 'NONE', #949, #1980 ) ;
#6478 = VECTOR ( 'NONE', #3178, 1000.000000000000000 ) ;
#6479 = ADVANCED_FACE ( 'NONE', ( #4290 ), #5984, .F. ) ;
#6480 = CARTESIAN_POINT ( 'NONE',  ( -24.11671737157185191, 28.83683255305523119, 13.29286239523778335 ) ) ;
#6481 = CARTESIAN_POINT ( 'NONE',  ( -0.07443344634339155164, 74.58023422674386893, -19.49999999999999645 ) ) ;
#6482 = VERTEX_POINT ( 'NONE', #1323 ) ;
#6483 = ORIENTED_EDGE ( 'NONE', *, *, #5869, .F. ) ;
#6484 = CARTESIAN_POINT ( 'NONE',  ( 13.51321893195920154, 61.12742028910014369, 14.00000000000000000 ) ) ;
#6485 = ORIENTED_EDGE ( 'NONE', *, *, #6698, .T. ) ;
#6486 = EDGE_CURVE ( 'NONE', #6123, #8619, #3619, .T. ) ;
#6487 = CARTESIAN_POINT ( 'NONE',  ( -2.500000000000006661, 24.55000000000000071, -10.05000000000000071 ) ) ;
#6488 = CARTESIAN_POINT ( 'NONE',  ( 15.49999999999999467, -14.50000000000000000, -17.39999999999999858 ) ) ;
#6489 = CARTESIAN_POINT ( 'NONE',  ( -5.499999999999996447, 26.11543744278040080, 13.49999999999998046 ) ) ;
#6490 = CARTESIAN_POINT ( 'NONE',  ( 5.357250803472567213, 26.82523321292423546, 13.87899053673560523 ) ) ;
#6491 = CARTESIAN_POINT ( 'NONE',  ( 2.363127975604275122, 33.64690514443918801, -19.00000000000003197 ) ) ;
#6492 = EDGE_LOOP ( 'NONE', ( #8289, #9814, #366, #1495 ) ) ;
#6493 = EDGE_LOOP ( 'NONE', ( #4960, #9157, #3448 ) ) ;
#6494 = SPHERICAL_SURFACE ( 'NONE', #8598, 2.000000000000000000 ) ;
#6495 = ORIENTED_EDGE ( 'NONE', *, *, #4889, .T. ) ;
#6496 = LINE ( 'NONE', #5531, #6643 ) ;
#6497 = EDGE_CURVE ( 'NONE', #2957, #10130, #9283, .T. ) ;
#6498 = DIRECTION ( 'NONE',  ( -1.000000000000000000, 0.000000000000000000, -0.000000000000000000 ) ) ;
#6499 = EDGE_CURVE ( 'NONE', #5635, #2501, #5832, .T. ) ;
#6500 = DIRECTION ( 'NONE',  ( 0.000000000000000000, 0.000000000000000000, 1.000000000000000000 ) ) ;
#6501 = DIRECTION ( 'NONE',  ( 1.000000000000000000, 0.000000000000000000, 0.000000000000000000 ) ) ;
#6502 = FACE_BOUND ( 'NONE', #4679, .T. ) ;
#6503 = CARTESIAN_POINT ( 'NONE',  ( -26.52635390217186639, 24.20685338627019334, 11.15419885011159984 ) ) ;
#6504 = VERTEX_POINT ( 'NONE', #339 ) ;
#6505 = ORIENTED_EDGE ( 'NONE', *, *, #2307, .T. ) ;
#6506 = DIRECTION ( 'NONE',  ( 1.000000000000000000, 0.000000000000000000, 0.000000000000000000 ) ) ;
#6507 = LINE ( 'NONE', #6554, #687 ) ;
#6508 = CARTESIAN_POINT ( 'NONE',  ( -3.960054782725409783, -16.22384611913927444, -14.22386080160161903 ) ) ;
#6509 = CARTESIAN_POINT ( 'NONE',  ( -3.528699008441738005, -14.34679747720542231, -15.16238476517498057 ) ) ;
#6510 = CARTESIAN_POINT ( 'NONE',  ( 7.384959648282709566, 24.61504035171730465, -18.87483598461854584 ) ) ;
#6511 = CARTESIAN_POINT ( 'NONE',  ( -18.07548236395409802, 43.08833998647861563, 18.42158676964755415 ) ) ;
#6512 = EDGE_CURVE ( 'NONE', #4213, #5713, #2215, .T. ) ;
#6513 = CARTESIAN_POINT ( 'NONE',  ( 7.499999999999992895, -14.50000000000000000, -16.64999999999999503 ) ) ;
#6514 = EDGE_CURVE ( 'NONE', #9827, #8792, #8925, .T. ) ;
#6515 = ORIENTED_EDGE ( 'NONE', *, *, #8713, .F. ) ;
#6516 = VERTEX_POINT ( 'NONE', #5166 ) ;
#6517 = CARTESIAN_POINT ( 'NONE',  ( 2.081394951881787136, 36.61179464977730902, -10.99999999999998224 ) ) ;
#6518 = ORIENTED_EDGE ( 'NONE', *, *, #6051, .T. ) ;
#6519 = DIRECTION ( 'NONE',  ( -0.8574929257125450954, 0.5144957554275249034, -4.462539326152746522E-16 ) ) ;
#6520 = EDGE_CURVE ( 'NONE', #10115, #10123, #8974, .T. ) ;
#6521 = FACE_BOUND ( 'NONE', #7711, .T. ) ;
#6522 = CARTESIAN_POINT ( 'NONE',  ( -25.02460531885026995, 27.56084449671215353, -11.52204723448141266 ) ) ;
#6523 = DIRECTION ( 'NONE',  ( 0.9063077870366479383, -0.4226182617407038267, -0.000000000000000000 ) ) ;
#6524 = DIRECTION ( 'NONE',  ( -0.4226182617407045483, -0.9063077870366476052, -1.734723475976809658E-15 ) ) ;
#6525 = ADVANCED_FACE ( 'NONE', ( #7519 ), #2702, .F. ) ;
#6526 = EDGE_CURVE ( 'NONE', #5756, #4725, #1396, .T. ) ;
#6527 = ORIENTED_EDGE ( 'NONE', *, *, #7854, .T. ) ;
#6528 = ORIENTED_EDGE ( 'NONE', *, *, #6291, .F. ) ;
#6529 = DIRECTION ( 'NONE',  ( 0.9063077870366474942, -0.4226182617407049369, 0.000000000000000000 ) ) ;
#6530 = EDGE_LOOP ( 'NONE', ( #1983, #10099, #2224, #8427 ) ) ;
#6531 = CARTESIAN_POINT ( 'NONE',  ( 3.466246070661124001, 15.96954949767296128, 5.670646713277345263 ) ) ;
#6532 = DIRECTION ( 'NONE',  ( 0.4226182617407037712, 0.9063077870366479383, 0.000000000000000000 ) ) ;
#6533 = CARTESIAN_POINT ( 'NONE',  ( 0.000000000000000000, 30.11543744278038304, -22.00000000000000000 ) ) ;
#6534 = LINE ( 'NONE', #3508, #863 ) ;
#6535 = LINE ( 'NONE', #5917, #8745 ) ;
#6536 = VERTEX_POINT ( 'NONE', #1115 ) ;
#6537 = EDGE_LOOP ( 'NONE', ( #4343, #10146, #6831, #3539 ) ) ;
#6538 = DIRECTION ( 'NONE',  ( -0.9063077870366479383, 0.4226182617407037712, -0.000000000000000000 ) ) ;
#6539 = AXIS2_PLACEMENT_3D ( 'NONE', #845, #8687, #1663 ) ;
#6540 = EDGE_LOOP ( 'NONE', ( #7154, #6228, #4207, #7852 ) ) ;
#6541 = CARTESIAN_POINT ( 'NONE',  ( -22.88076860274302149, 32.35205706967621353, -1.469616737958659785E-14 ) ) ;
#6542 = CYLINDRICAL_SURFACE ( 'NONE', #5398, 8.250000000000001776 ) ;
#6543 = AXIS2_PLACEMENT_3D ( 'NONE', #4537, #6850, #9891 ) ;
#6544 = CARTESIAN_POINT ( 'NONE',  ( -21.49159257400659584, 27.74481330213705021, -14.33998606807154808 ) ) ;
#6545 = VECTOR ( 'NONE', #7575, 1000.000000000000000 ) ;
#6546 = DIRECTION ( 'NONE',  ( -1.000000000000000000, -0.000000000000000000, -0.000000000000000000 ) ) ;
#6547 = CARTESIAN_POINT ( 'NONE',  ( -25.50000000000000355, -12.51614737948570877, -11.99999999999995559 ) ) ;
#6548 = CARTESIAN_POINT ( 'NONE',  ( -26.57421859975399769, 24.14678718388875822, 11.12645832431505433 ) ) ;
#6549 = ORIENTED_EDGE ( 'NONE', *, *, #5060, .F. ) ;
#6550 = ORIENTED_EDGE ( 'NONE', *, *, #9508, .T. ) ;
#6551 = DIRECTION ( 'NONE',  ( 1.000000000000000000, 0.000000000000000000, 0.000000000000000000 ) ) ;
#6552 = EDGE_CURVE ( 'NONE', #9087, #3089, #5152, .T. ) ;
#6553 = AXIS2_PLACEMENT_3D ( 'NONE', #9835, #4581, #491 ) ;
#6554 = CARTESIAN_POINT ( 'NONE',  ( 5.499999999999991118, 11.55000000000000071, -18.64999999999999503 ) ) ;
#6555 = CARTESIAN_POINT ( 'NONE',  ( -3.667015964325894828, -16.69935698797877777, -14.17124958800285306 ) ) ;
#6556 = DIRECTION ( 'NONE',  ( -1.000000000000000000, 0.000000000000000000, 0.000000000000000000 ) ) ;
#6557 = LINE ( 'NONE', #9561, #4148 ) ;
#6558 = AXIS2_PLACEMENT_3D ( 'NONE', #5128, #1182, #4302 ) ;
#6559 = EDGE_CURVE ( 'NONE', #6988, #8981, #2748, .T. ) ;
#6560 = DIRECTION ( 'NONE',  ( 0.9063077870366481603, -0.4226182617407032716, -0.000000000000000000 ) ) ;
#6561 = VERTEX_POINT ( 'NONE', #1222 ) ;
#6562 = EDGE_CURVE ( 'NONE', #1874, #5296, #3683, .T. ) ;
#6563 = EDGE_LOOP ( 'NONE', ( #6750, #1971 ) ) ;
#6564 = EDGE_LOOP ( 'NONE', ( #9501, #1638, #96 ) ) ;
#6565 = CARTESIAN_POINT ( 'NONE',  ( -22.00000000000001421, 27.52965100515348951, -14.08578643762686156 ) ) ;
#6566 = ORIENTED_EDGE ( 'NONE', *, *, #5856, .F. ) ;
#6567 = CARTESIAN_POINT ( 'NONE',  ( -1.130979100816071448, 72.31446475924603590, 76.26183934523054120 ) ) ;
#6568 = ADVANCED_FACE ( 'NONE', ( #8293 ), #4345, .F. ) ;
#6569 = VECTOR ( 'NONE', #772, 1000.000000000000000 ) ;
#6570 = CARTESIAN_POINT ( 'NONE',  ( -0.5000000000000082157, 22.54999999999999716, -8.050000000000004263 ) ) ;
#6571 = CARTESIAN_POINT ( 'NONE',  ( -23.17157287525381548, 26.29507800053148259, -13.49999999999995559 ) ) ;
#6572 = CARTESIAN_POINT ( 'NONE',  ( 11.54634200735404548, -14.50000000000000000, 17.49999999999996803 ) ) ;
#6573 = EDGE_CURVE ( 'NONE', #10059, #8190, #8433, .T. ) ;
#6574 = AXIS2_PLACEMENT_3D ( 'NONE', #105, #3379, #8877 ) ;
#6575 = FACE_OUTER_BOUND ( 'NONE', #8673, .T. ) ;
#6576 = DIRECTION ( 'NONE',  ( 0.9063077870366480493, -0.4226182617407037712, 0.000000000000000000 ) ) ;
#6577 = EDGE_CURVE ( 'NONE', #7654, #2448, #6229, .T. ) ;
#6578 = VERTEX_POINT ( 'NONE', #5266 ) ;
#6579 = VERTEX_POINT ( 'NONE', #5318 ) ;
#6580 = CARTESIAN_POINT ( 'NONE',  ( -25.50000000000000355, 26.50000000000000355, 10.99706913360166816 ) ) ;
#6581 = ORIENTED_EDGE ( 'NONE', *, *, #1280, .F. ) ;
#6582 = VECTOR ( 'NONE', #3608, 1000.000000000000000 ) ;
#6583 = CARTESIAN_POINT ( 'NONE',  ( -22.70118473706481055, 27.37047791952174691, -13.90114452582545290 ) ) ;
#6584 = EDGE_CURVE ( 'NONE', #7036, #6239, #3011, .T. ) ;
#6585 = CARTESIAN_POINT ( 'NONE',  ( -15.50000000000000178, 41.50000000000000000, 21.82035944224890756 ) ) ;
#6586 = CARTESIAN_POINT ( 'NONE',  ( -2.793356807453335477, 75.84808901196598185, 19.49999999999999645 ) ) ;
#6587 = CARTESIAN_POINT ( 'NONE',  ( 5.499999999999996447, 26.08040539719434747, 13.48072639561931041 ) ) ;
#6588 = VECTOR ( 'NONE', #8355, 1000.000000000000000 ) ;
#6589 = EDGE_CURVE ( 'NONE', #6561, #4049, #3731, .T. ) ;
#6590 = DIRECTION ( 'NONE',  ( -0.9063077870366479383, 0.4226182617407038267, 0.000000000000000000 ) ) ;
#6591 = EDGE_LOOP ( 'NONE', ( #2115, #968 ) ) ;
#6592 = VERTEX_POINT ( 'NONE', #10149 ) ;
#6593 = CARTESIAN_POINT ( 'NONE',  ( -0.7694321026320699586, 75.45600638209356248, -19.99999999999998934 ) ) ;
#6594 = ADVANCED_FACE ( 'NONE', ( #3106 ), #6029, .F. ) ;
#6595 = ORIENTED_EDGE ( 'NONE', *, *, #185, .F. ) ;
#6596 = CARTESIAN_POINT ( 'NONE',  ( -17.39481775062931135, 44.53515496991975908, 19.49999999999999645 ) ) ;
#6597 = VECTOR ( 'NONE', #1569, 1000.000000000000000 ) ;
#6598 = AXIS2_PLACEMENT_3D ( 'NONE', #8305, #5943, #7429 ) ;
#6599 = DIRECTION ( 'NONE',  ( 0.000000000000000000, -0.7071067811865471286, -0.7071067811865480168 ) ) ;
#6600 = PLANE ( 'NONE',  #4130 ) ;
#6601 = ADVANCED_FACE ( 'NONE', ( #9281, #4500 ), #2959, .T. ) ;
#6602 = DIRECTION ( 'NONE',  ( 1.000000000000000000, 0.000000000000000000, -2.891205793294673889E-16 ) ) ;
#6603 = VECTOR ( 'NONE', #2039, 1000.000000000000114 ) ;
#6604 = DIRECTION ( 'NONE',  ( 0.000000000000000000, 0.000000000000000000, -1.000000000000000000 ) ) ;
#6605 = VECTOR ( 'NONE', #8014, 1000.000000000000227 ) ;
#6606 = ORIENTED_EDGE ( 'NONE', *, *, #7747, .F. ) ;
#6607 = ORIENTED_EDGE ( 'NONE', *, *, #9376, .F. ) ;
#6608 = CARTESIAN_POINT ( 'NONE',  ( -22.82491967573547242, 27.27647248679670966, 13.78929243393200643 ) ) ;
#6609 = CARTESIAN_POINT ( 'NONE',  ( 2.383943800835194970, 33.59947932430015527, 17.55394924992899064 ) ) ;
#6610 = EDGE_CURVE ( 'NONE', #3137, #2566, #8600, .T. ) ;
#6611 = AXIS2_PLACEMENT_3D ( 'NONE', #3549, #6677, #4479 ) ;
#6612 = CARTESIAN_POINT ( 'NONE',  ( 0.000000000000000000, 20.00000000000000000, -18.64999999999999503 ) ) ;
#6613 = CARTESIAN_POINT ( 'NONE',  ( 8.914213562373094035, 23.08578643762690064, -18.64999999999999503 ) ) ;
#6614 = LINE ( 'NONE', #9766, #7885 ) ;
#6615 = EDGE_LOOP ( 'NONE', ( #539, #7168, #4909, #2883, #1580, #7313 ) ) ;
#6616 = CARTESIAN_POINT ( 'NONE',  ( 25.50000000000000355, -14.50000000000000000, -0.8999999999999966915 ) ) ;
#6617 = AXIS2_PLACEMENT_3D ( 'NONE', #6444, #8765, #5529 ) ;
#6618 = AXIS2_PLACEMENT_3D ( 'NONE', #7670, #8449, #7715 ) ;
#6619 = VERTEX_POINT ( 'NONE', #6075 ) ;
#6620 = ORIENTED_EDGE ( 'NONE', *, *, #7307, .T. ) ;
#6621 = CARTESIAN_POINT ( 'NONE',  ( -23.41421356237310647, 28.94386456752657466, -14.08578643762685623 ) ) ;
#6622 = VERTEX_POINT ( 'NONE', #6905 ) ;
#6623 = CARTESIAN_POINT ( 'NONE',  ( -2.500000000000003109, 22.55000000000000071, 8.050000000000000711 ) ) ;
#6624 = EDGE_CURVE ( 'NONE', #9982, #2526, #10105, .T. ) ;
#6625 = DIRECTION ( 'NONE',  ( -0.4226182617407037712, -0.9063077870366479383, -0.000000000000000000 ) ) ;
#6627 = CARTESIAN_POINT ( 'NONE',  ( 1.209261349718492751, 35.60269055203968236, 21.99999999999999645 ) ) ;
#6626 = CIRCLE ( 'NONE', #2221, 1.999999999999996225 ) ;
#6628 = DIRECTION ( 'NONE',  ( 0.000000000000000000, 0.000000000000000000, -1.000000000000000000 ) ) ;
#6629 = ADVANCED_FACE ( 'NONE', ( #611 ), #3878, .T. ) ;
#6630 = CIRCLE ( 'NONE', #4830, 1.000000000000001776 ) ;
#6631 = CARTESIAN_POINT ( 'NONE',  ( -2.582047676705357730, 76.30124290557498057, -19.99999999999998934 ) ) ;
#6632 = ORIENTED_EDGE ( 'NONE', *, *, #1387, .F. ) ;
#6633 = VERTEX_POINT ( 'NONE', #8391 ) ;
#6634 = DIRECTION ( 'NONE',  ( 0.000000000000000000, 0.000000000000000000, -1.000000000000000000 ) ) ;
#6635 = AXIS2_PLACEMENT_3D ( 'NONE', #3438, #6670, #3395 ) ;
#6636 = ORIENTED_EDGE ( 'NONE', *, *, #763, .T. ) ;
#6637 = AXIS2_PLACEMENT_3D ( 'NONE', #6813, #7671, #3776 ) ;
#6638 = CARTESIAN_POINT ( 'NONE',  ( -25.03157493183531201, 27.54658574062511533, -11.51989807021817569 ) ) ;
#6639 = DIRECTION ( 'NONE',  ( 0.000000000000000000, 1.000000000000000000, 0.000000000000000000 ) ) ;
#6640 = DIRECTION ( 'NONE',  ( 0.9127481291739371061, -0.4085227688752219311, 0.000000000000000000 ) ) ;
#6641 = DIRECTION ( 'NONE',  ( 1.000000000000000000, -0.000000000000000000, 0.000000000000000000 ) ) ;
#6642 = DIRECTION ( 'NONE',  ( 0.3415345428292375640, -0.9398692228466807297, 0.000000000000000000 ) ) ;
#6643 = VECTOR ( 'NONE', #7118, 1000.000000000000000 ) ;
#6644 = AXIS2_PLACEMENT_3D ( 'NONE', #178, #1830, #9681 ) ;
#6645 = LINE ( 'NONE', #2696, #3333 ) ;
#6646 = ADVANCED_FACE ( 'NONE', ( #2201 ), #6957, .T. ) ;
#6647 = CIRCLE ( 'NONE', #4852, 10.83578643762688998 ) ;
#6648 = ORIENTED_EDGE ( 'NONE', *, *, #2069, .F. ) ;
#6649 = ORIENTED_EDGE ( 'NONE', *, *, #3425, .F. ) ;
#6650 = LINE ( 'NONE', #7359, #8760 ) ;
#6651 = EDGE_LOOP ( 'NONE', ( #3859, #7695, #7491, #5845, #5798, #4042, #3794 ) ) ;
#6652 = ORIENTED_EDGE ( 'NONE', *, *, #3385, .T. ) ;
#6653 = LINE ( 'NONE', #454, #2712 ) ;
#6654 = CARTESIAN_POINT ( 'NONE',  ( -3.499999999999996003, 0.000000000000000000, 0.000000000000000000 ) ) ;
#6655 = DIRECTION ( 'NONE',  ( 0.2792582776338196071, -0.7672558119947081590, -0.5773502691896258421 ) ) ;
#6656 = CARTESIAN_POINT ( 'NONE',  ( -24.04418182971950557, 25.07909939548977007, 13.34560544808821980 ) ) ;
#6657 = ORIENTED_EDGE ( 'NONE', *, *, #9023, .T. ) ;
#6658 = EDGE_LOOP ( 'NONE', ( #8675, #6854, #4738 ) ) ;
#6659 = DIRECTION ( 'NONE',  ( 0.000000000000000000, 0.000000000000000000, 1.000000000000000000 ) ) ;
#6660 = EDGE_CURVE ( 'NONE', #5719, #131, #1585, .T. ) ;
#6661 = LINE ( 'NONE', #4300, #7883 ) ;
#6662 = DIRECTION ( 'NONE',  ( -0.4226182617407036601, -0.9063077870366479383, 0.000000000000000000 ) ) ;
#6663 = DIRECTION ( 'NONE',  ( -0.000000000000000000, -1.000000000000000000, 0.000000000000000000 ) ) ;
#6664 = CARTESIAN_POINT ( 'NONE',  ( -2.500000000000004885, 18.50000000000000000, -5.000000000000000000 ) ) ;
#6665 = EDGE_CURVE ( 'NONE', #2271, #3923, #9328, .T. ) ;
#6666 = VERTEX_POINT ( 'NONE', #10051 ) ;
#6667 = DIRECTION ( 'NONE',  ( -1.000000000000000000, 0.000000000000000000, -0.000000000000000000 ) ) ;
#6668 = ORIENTED_EDGE ( 'NONE', *, *, #4371, .T. ) ;
#6669 = ORIENTED_EDGE ( 'NONE', *, *, #6223, .F. ) ;
#6670 = DIRECTION ( 'NONE',  ( -1.000000000000000000, 0.000000000000000000, 0.000000000000000000 ) ) ;
#6671 = ORIENTED_EDGE ( 'NONE', *, *, #6449, .F. ) ;
#6672 = DIRECTION ( 'NONE',  ( 0.9063077870366480493, -0.4226182617407037712, 0.000000000000000000 ) ) ;
#6673 = CARTESIAN_POINT ( 'NONE',  ( -31.34594953089948888, 14.61685631839870325, 21.99999999999999289 ) ) ;
#6674 = DIRECTION ( 'NONE',  ( -0.000000000000000000, 1.193194596467784409E-16, 1.000000000000000000 ) ) ;
#6675 = PLANE ( 'NONE',  #2469 ) ;
#6676 = CARTESIAN_POINT ( 'NONE',  ( -15.91596300169038614, 41.69396673319736379, 21.58403699830956413 ) ) ;
#6677 = DIRECTION ( 'NONE',  ( 0.8574929257125453175, -0.5144957554275245704, 0.000000000000000000 ) ) ;
#6678 = EDGE_CURVE ( 'NONE', #2344, #7264, #83, .T. ) ;
#6679 = B_SPLINE_CURVE_WITH_KNOTS ( 'NONE', 3,
 ( #5911, #9062, #1260, #7305, #6531, #2639, #5760, #1306, #6941, #3808, #6109, #6844, #6162, #2282, #7554, #9212, #4532, #643, #8529, #7755, #3661, #6887, #3048, #3759 ),
 .UNSPECIFIED., .F., .F.,
 ( 4, 2, 2, 2, 2, 2, 2, 2, 2, 2, 2, 4 ),
 ( 0.000000000000000000, 0.001155190743156324189, 0.002310381486312648378, 0.002887976857890809605, 0.003465572229468970832, 0.004620762972625296755, 0.005198358344203459283, 0.005775953715781623546, 0.006353549087359786074, 0.006931144458937948602, 0.008086335202094277128, 0.009241525945250603918 ),
 .UNSPECIFIED. ) ;
#6680 = EDGE_LOOP ( 'NONE', ( #1301, #8559, #1648, #7588 ) ) ;
#6681 = ORIENTED_EDGE ( 'NONE', *, *, #467, .F. ) ;
#6682 = EDGE_LOOP ( 'NONE', ( #7253, #8098, #1985, #2795 ) ) ;
#6683 = EDGE_CURVE ( 'NONE', #9171, #9210, #560, .T. ) ;
#6684 = DIRECTION ( 'NONE',  ( -0.9063077870366480493, 0.4226182617407038822, 0.000000000000000000 ) ) ;
#6685 = CARTESIAN_POINT ( 'NONE',  ( -24.95337874166631664, 27.72129675240492830, 11.54369039193535507 ) ) ;
#6686 = CARTESIAN_POINT ( 'NONE',  ( -17.86730821574251848, -6.168337348383436058, 16.99999999999999645 ) ) ;
#6687 = LINE ( 'NONE', #547, #4264 ) ;
#6688 = DIRECTION ( 'NONE',  ( 0.4226182617407028275, 0.9063077870366484934, 0.000000000000000000 ) ) ;
#6689 = CARTESIAN_POINT ( 'NONE',  ( -16.59871466638928794, 46.23013916155179714, -20.15925638054126523 ) ) ;
#6690 = CARTESIAN_POINT ( 'NONE',  ( -0.4171180129314264184, 40.31254662931093691, -19.99999999999999645 ) ) ;
#6691 = ORIENTED_EDGE ( 'NONE', *, *, #3284, .F. ) ;
#6692 = VERTEX_POINT ( 'NONE', #5412 ) ;
#6693 = DIRECTION ( 'NONE',  ( -1.000000000000000000, 0.000000000000000000, 0.000000000000000000 ) ) ;
#6694 = ORIENTED_EDGE ( 'NONE', *, *, #512, .F. ) ;
#6695 = ORIENTED_EDGE ( 'NONE', *, *, #4360, .T. ) ;
#6696 = CARTESIAN_POINT ( 'NONE',  ( 7.499999999999996447, 14.50000000000000000, 13.35000000000000497 ) ) ;
#6697 = DIRECTION ( 'NONE',  ( -0.000000000000000000, -1.000000000000000000, 0.000000000000000000 ) ) ;
#6698 = EDGE_CURVE ( 'NONE', #4191, #3343, #2911, .T. ) ;
#6699 = LINE ( 'NONE', #8976, #2464 ) ;
#6700 = CARTESIAN_POINT ( 'NONE',  ( -1.897929509163472916, -16.86326505172227286, -15.13673494827769694 ) ) ;
#6701 = EDGE_CURVE ( 'NONE', #9895, #6561, #4171, .T. ) ;
#6702 = CARTESIAN_POINT ( 'NONE',  ( -5.530614342596865463, -4.634287498802787683E-16, -10.99999999999998224 ) ) ;
#6703 = VECTOR ( 'NONE', #143, 1000.000000000000000 ) ;
#6704 = CARTESIAN_POINT ( 'NONE',  ( -23.04912631097532483, 26.91305589839129553, 13.61971204284348680 ) ) ;
#6705 = ORIENTED_EDGE ( 'NONE', *, *, #4769, .T. ) ;
#6706 = EDGE_CURVE ( 'NONE', #137, #7036, #3676, .T. ) ;
#6707 = ORIENTED_EDGE ( 'NONE', *, *, #1509, .F. ) ;
#6708 = LINE ( 'NONE', #5123, #7960 ) ;
#6709 =( BOUNDED_CURVE ( )  B_SPLINE_CURVE ( 3, ( #7193, #9572, #4266, #2534 ),
 .UNSPECIFIED., .F., .T. ) 
 B_SPLINE_CURVE_WITH_KNOTS ( ( 4, 4 ),
 ( 0.000000000000000000, 1.570796326794896558 ),
 .UNSPECIFIED. ) 
 CURVE ( )  GEOMETRIC_REPRESENTATION_ITEM ( )  RATIONAL_B_SPLINE_CURVE ( ( 1.000000000000000000, 0.8047378541243649375, 0.8047378541243649375, 1.000000000000000000 ) ) 
 REPRESENTATION_ITEM ( '' )  );
#6710 = DIRECTION ( 'NONE',  ( -0.000000000000000000, -0.7071067811865486830, 0.7071067811865464625 ) ) ;
#6711 = AXIS2_PLACEMENT_3D ( 'NONE', #797, #3203, #1667 ) ;
#6712 = EDGE_CURVE ( 'NONE', #9146, #4468, #7158, .T. ) ;
#6713 = VECTOR ( 'NONE', #3733, 1000.000000000000114 ) ;
#6714 = DIRECTION ( 'NONE',  ( -0.4226182617407068243, -0.9063077870366464950, 0.000000000000000000 ) ) ;
#6715 = CARTESIAN_POINT ( 'NONE',  ( -1.499932500341512709, -15.45231343726861084, 16.54768656273133942 ) ) ;
#6716 = DIRECTION ( 'NONE',  ( 1.000000000000000000, 0.000000000000000000, 0.000000000000000000 ) ) ;
#6717 = ORIENTED_EDGE ( 'NONE', *, *, #1388, .F. ) ;
#6718 = DIRECTION ( 'NONE',  ( 0.7071067811865519026, 0.7071067811865432429, 0.000000000000000000 ) ) ;
#6719 = AXIS2_PLACEMENT_3D ( 'NONE', #10090, #2285, #7759 ) ;
#6720 = ORIENTED_EDGE ( 'NONE', *, *, #463, .F. ) ;
#6721 = ORIENTED_EDGE ( 'NONE', *, *, #8452, .T. ) ;
#6722 = CARTESIAN_POINT ( 'NONE',  ( 8.328427124746188071, 22.55000000000000071, 7.049999999999999822 ) ) ;
#6723 = EDGE_CURVE ( 'NONE', #4678, #1635, #8650, .T. ) ;
#6724 = VERTEX_POINT ( 'NONE', #959 ) ;
#6725 = CARTESIAN_POINT ( 'NONE',  ( -19.55255848421317921, 28.10634532417005715, 15.30950645921486597 ) ) ;
#6726 = CARTESIAN_POINT ( 'NONE',  ( -25.50000000000000355, -12.51614737948570877, -11.99999999999995559 ) ) ;
#6727 = CIRCLE ( 'NONE', #7874, 0.8000000000000038192 ) ;
#6728 = CARTESIAN_POINT ( 'NONE',  ( 0.000000000000000000, 26.50000000000000355, -5.000000000000056843 ) ) ;
#6729 = CARTESIAN_POINT ( 'NONE',  ( -4.262759557341363248, 39.57012248197151649, -13.99999999999999822 ) ) ;
#6730 = CARTESIAN_POINT ( 'NONE',  ( 0.8229825806920941789, 38.38802763995567346, -21.06318478518580761 ) ) ;
#6731 = LINE ( 'NONE', #2936, #1221 ) ;
#6732 = EDGE_CURVE ( 'NONE', #2438, #9388, #4659, .T. ) ;
#6733 = ORIENTED_EDGE ( 'NONE', *, *, #5619, .F. ) ;
#6734 = ORIENTED_EDGE ( 'NONE', *, *, #9569, .F. ) ;
#6735 = DIRECTION ( 'NONE',  ( 1.000000000000000000, -0.000000000000000000, 0.000000000000000000 ) ) ;
#6736 = VERTEX_POINT ( 'NONE', #27 ) ;
#6737 = CARTESIAN_POINT ( 'NONE',  ( -24.22708019254001144, 29.34404018910982970, -12.26998894106157856 ) ) ;
#6738 = DIRECTION ( 'NONE',  ( 0.000000000000000000, 1.000000000000000000, 0.000000000000000000 ) ) ;
#6739 = CARTESIAN_POINT ( 'NONE',  ( -24.82347742204190411, 28.01153072587685955, 11.60077168590050434 ) ) ;
#6740 = CARTESIAN_POINT ( 'NONE',  ( -1.022203430296533710, 36.38358598030855973, 22.00000000000000355 ) ) ;
#6741 = LINE ( 'NONE', #4387, #4784 ) ;
#6742 = CARTESIAN_POINT ( 'NONE',  ( -23.48202136109186711, 28.87607620721529500, 14.01797863890809204 ) ) ;
#6743 = VECTOR ( 'NONE', #7663, 999.9999999999998863 ) ;
#6744 = CARTESIAN_POINT ( 'NONE',  ( -2.279720836620454882, 76.76712344017332157, 19.31233413707572311 ) ) ;
#6745 = CARTESIAN_POINT ( 'NONE',  ( -20.51050114241711242, -15.49999999999997513, 13.49999999999997868 ) ) ;
#6746 = VECTOR ( 'NONE', #1955, 1000.000000000000114 ) ;
#6747 = EDGE_LOOP ( 'NONE', ( #2923, #2368 ) ) ;
#6748 = ORIENTED_EDGE ( 'NONE', *, *, #6413, .T. ) ;
#6749 = CYLINDRICAL_SURFACE ( 'NONE', #5151, 2.000000000000000444 ) ;
#6750 = ORIENTED_EDGE ( 'NONE', *, *, #3632, .F. ) ;
#6751 = ORIENTED_EDGE ( 'NONE', *, *, #8401, .T. ) ;
#6752 = CARTESIAN_POINT ( 'NONE',  ( 7.499999999999996447, -14.50000000000000000, -17.49999999999996092 ) ) ;
#6753 = AXIS2_PLACEMENT_3D ( 'NONE', #5706, #8689, #4020 ) ;
#6754 = DIRECTION ( 'NONE',  ( -1.000000000000000000, -0.000000000000000000, -0.000000000000000000 ) ) ;
#6755 = CIRCLE ( 'NONE', #2340, 1.049999999999998712 ) ;
#6756 = EDGE_CURVE ( 'NONE', #3078, #2953, #6289, .T. ) ;
#6757 = LINE ( 'NONE', #4450, #6545 ) ;
#6758 = VECTOR ( 'NONE', #7980, 1000.000000000000114 ) ;
#6759 = CARTESIAN_POINT ( 'NONE',  ( -19.89487660818711134, 28.08268274291948430, -15.13834819712213431 ) ) ;
#6760 = EDGE_CURVE ( 'NONE', #8261, #1740, #7044, .T. ) ;
#6761 = LINE ( 'NONE', #9908, #389 ) ;
#6762 = LINE ( 'NONE', #2864, #2168 ) ;
#6763 = ORIENTED_EDGE ( 'NONE', *, *, #3205, .F. ) ;
#6764 = EDGE_CURVE ( 'NONE', #9827, #2895, #900, .T. ) ;
#6765 = VECTOR ( 'NONE', #2114, 1000.000000000000000 ) ;
#6766 = DIRECTION ( 'NONE',  ( 3.452186021844392907E-16, 0.000000000000000000, 1.000000000000000000 ) ) ;
#6767 = EDGE_CURVE ( 'NONE', #2233, #9956, #1227, .T. ) ;
#6768 = CARTESIAN_POINT ( 'NONE',  ( -17.39481775062931135, 44.53515496991975908, 19.49999999999999645 ) ) ;
#6769 = AXIS2_PLACEMENT_3D ( 'NONE', #7829, #917, #6296 ) ;
#6770 = DIRECTION ( 'NONE',  ( 1.000000000000000000, -0.000000000000000000, -0.000000000000000000 ) ) ;
#6771 = AXIS2_PLACEMENT_3D ( 'NONE', #5793, #2003, #8196 ) ;
#6772 = PLANE ( 'NONE',  #10061 ) ;
#6773 = CARTESIAN_POINT ( 'NONE',  ( -25.10598199584786272, 27.37335041122026169, 11.50391932925409577 ) ) ;
#6774 = VERTEX_POINT ( 'NONE', #5520 ) ;
#6775 =( BOUNDED_SURFACE ( )  B_SPLINE_SURFACE ( 3, 2, ( 
 ( #5497, #733, #6155 ),
 ( #7029, #8576, #7846 ),
 ( #1556, #8423, #6880 ),
 ( #10127, #4675, #2275 ),
 ( #2376, #10029, #2989 ),
 ( #1609, #7804, #1501 ) ),
 .UNSPECIFIED., .F., .F., .T. ) 
 B_SPLINE_SURFACE_WITH_KNOTS ( ( 4, 2, 4 ),
 ( 3, 3 ),
 ( 0.1716241090165620264, 0.2250074914336904763, 0.2783908738508189540 ),
 ( 0.000000000000000000, 1.000000000000000000 ),
 .UNSPECIFIED. ) 
 GEOMETRIC_REPRESENTATION_ITEM ( )  RATIONAL_B_SPLINE_SURFACE ( (
 ( 1.000000000000000000, 0.9786933774763784122, 1.000000000000000000),
 ( 1.000000000000000000, 0.9786978708412273908, 1.000000000000000000),
 ( 1.000000000000000000, 0.9771345773794118950, 1.000000000000000000),
 ( 1.000000000000000000, 0.9707609620982066145, 1.000000000000000000),
 ( 1.000000000000000000, 0.9659504090089268136, 1.000000000000000000),
 ( 1.000000000000000000, 0.9595828508173346316, 1.000000000000000000) ) ) 
 REPRESENTATION_ITEM ( '' )  SURFACE ( )  );
#6776 = CARTESIAN_POINT ( 'NONE',  ( 5.499999999999992895, 11.55000000000000071, -5.612340657572015586E-16 ) ) ;
#6777 = B_SPLINE_CURVE_WITH_KNOTS ( 'NONE', 3,
 ( #3830, #134, #1633, #7056 ),
 .UNSPECIFIED., .F., .F.,
 ( 4, 4 ),
 ( 0.000000000000000000, 1.000000000000000000 ),
 .UNSPECIFIED. ) ;
#6778 = ORIENTED_EDGE ( 'NONE', *, *, #2280, .F. ) ;
#6779 = ORIENTED_EDGE ( 'NONE', *, *, #5002, .F. ) ;
#6780 = CARTESIAN_POINT ( 'NONE',  ( 8.369782612009636580, 11.55000000000000071, -5.000000000000000000 ) ) ;
#6781 = ORIENTED_EDGE ( 'NONE', *, *, #3553, .F. ) ;
#6782 = CIRCLE ( 'NONE', #10072, 4.999999999999999112 ) ;
#6783 = CARTESIAN_POINT ( 'NONE',  ( -20.67516533945526902, 27.96876267202094724, 14.74820274314842905 ) ) ;
#6784 = CARTESIAN_POINT ( 'NONE',  ( 2.662800535624400468E-15, 11.55000000000000071, 15.35000000000000853 ) ) ;
#6785 = DIRECTION ( 'NONE',  ( 0.000000000000000000, 1.000000000000000000, -0.000000000000000000 ) ) ;
#6786 = DIRECTION ( 'NONE',  ( 0.7071067811865465735, 0.000000000000000000, -0.7071067811865484609 ) ) ;
#6787 = CARTESIAN_POINT ( 'NONE',  ( 5.499999999999992895, -15.34999999999997122, -16.64999999999999503 ) ) ;
#6788 = CARTESIAN_POINT ( 'NONE',  ( 7.570551771473125413, 64.94674051891543343, -14.00000000000000178 ) ) ;
#6789 = EDGE_LOOP ( 'NONE', ( #6566, #4188, #10131, #5200 ) ) ;
#6790 = ORIENTED_EDGE ( 'NONE', *, *, #4019, .T. ) ;
#6791 = DIRECTION ( 'NONE',  ( 1.000000000000000000, 0.000000000000000000, 0.000000000000000000 ) ) ;
#6792 = ORIENTED_EDGE ( 'NONE', *, *, #5689, .T. ) ;
#6793 = CARTESIAN_POINT ( 'NONE',  ( 0.6377685238343856478, 38.55615504658068460, 21.13009208440573872 ) ) ;
#6794 = VECTOR ( 'NONE', #5362, 1000.000000000000000 ) ;
#6795 = AXIS2_PLACEMENT_3D ( 'NONE', #8339, #9801, #1943 ) ;
#6796 = CARTESIAN_POINT ( 'NONE',  ( -2.500000000000003109, -7.550000000000000711, -8.049999999999998934 ) ) ;
#6797 = EDGE_CURVE ( 'NONE', #4725, #4258, #7530, .T. ) ;
#6798 = FACE_OUTER_BOUND ( 'NONE', #4082, .T. ) ;
#6799 = CARTESIAN_POINT ( 'NONE',  ( -5.444657620620454885, 37.03553390593269512, -15.53553390593273420 ) ) ;
#6800 = CARTESIAN_POINT ( 'NONE',  ( -5.499999999999996447, 26.11543744278040080, 13.49999999999998046 ) ) ;
#6801 = CARTESIAN_POINT ( 'NONE',  ( 0.000000000000000000, 18.50000000000000000, 10.00000000000000000 ) ) ;
#6802 = CARTESIAN_POINT ( 'NONE',  ( 3.499999999999993339, 0.000000000000000000, 5.000000000000000000 ) ) ;
#6803 = CIRCLE ( 'NONE', #8769, 2.000000000000000000 ) ;
#6804 = FACE_OUTER_BOUND ( 'NONE', #6058, .T. ) ;
#6805 = VECTOR ( 'NONE', #7079, 1000.000000000000000 ) ;
#6806 = EDGE_CURVE ( 'NONE', #3583, #3671, #7204, .T. ) ;
#6807 = ORIENTED_EDGE ( 'NONE', *, *, #3800, .F. ) ;
#6808 = ORIENTED_EDGE ( 'NONE', *, *, #6223, .T. ) ;
#6809 = PLANE ( 'NONE',  #9285 ) ;
#6810 = ORIENTED_EDGE ( 'NONE', *, *, #3201, .F. ) ;
#6811 = ORIENTED_EDGE ( 'NONE', *, *, #2009, .T. ) ;
#6812 = DIRECTION ( 'NONE',  ( -1.020425574104004122E-16, 0.000000000000000000, -1.000000000000000000 ) ) ;
#6813 = CARTESIAN_POINT ( 'NONE',  ( 15.49999999999999467, -11.55000000000000071, -9.149999999999998579 ) ) ;
#6814 = CIRCLE ( 'NONE', #5986, 4.999999999999999112 ) ;
#6815 = CARTESIAN_POINT ( 'NONE',  ( -7.499999999999998224, 26.50000000000000355, -5.000000000000000000 ) ) ;
#6816 = AXIS2_PLACEMENT_3D ( 'NONE', #2253, #4448, #6030 ) ;
#6817 = CARTESIAN_POINT ( 'NONE',  ( -20.19336145747481481, 28.04961715522449595, -14.98907363957473926 ) ) ;
#6818 = CARTESIAN_POINT ( 'NONE',  ( -23.57610157847284782, 25.97310036280871159, 13.44593423231595786 ) ) ;
#6819 = ORIENTED_EDGE ( 'NONE', *, *, #4470, .F. ) ;
#6820 = DIRECTION ( 'NONE',  ( -0.000000000000000000, -1.000000000000000000, 0.000000000000000000 ) ) ;
#6821 = ADVANCED_FACE ( 'NONE', ( #1731 ), #7163, .F. ) ;
#6822 = CYLINDRICAL_SURFACE ( 'NONE', #8380, 2.000000000000000000 ) ;
#6823 = EDGE_CURVE ( 'NONE', #6297, #163, #8104, .T. ) ;
#6824 = CYLINDRICAL_SURFACE ( 'NONE', #8871, 3.000000000000001776 ) ;
#6825 = CARTESIAN_POINT ( 'NONE',  ( 5.499999999999994671, 26.50000000000000355, 0.000000000000000000 ) ) ;
#6826 = CARTESIAN_POINT ( 'NONE',  ( -25.40506398493276308, 26.63295787885155619, 11.45410860116801821 ) ) ;
#6827 = ORIENTED_EDGE ( 'NONE', *, *, #8634, .F. ) ;
#6828 = CARTESIAN_POINT ( 'NONE',  ( -22.87710206145518654, 27.21016017371501050, -13.74617231287032304 ) ) ;
#6829 = ORIENTED_EDGE ( 'NONE', *, *, #2317, .F. ) ;
#6830 = LINE ( 'NONE', #9869, #1577 ) ;
#6831 = ORIENTED_EDGE ( 'NONE', *, *, #631, .F. ) ;
#6832 = CARTESIAN_POINT ( 'NONE',  ( 5.499999999999992895, 0.000000000000000000, -5.000000000000000000 ) ) ;
#6833 = DIRECTION ( 'NONE',  ( -1.000000000000000000, 0.000000000000000000, -7.542275982507859612E-17 ) ) ;
#6834 = CARTESIAN_POINT ( 'NONE',  ( -24.22708019254002210, 29.34404018910977285, -12.26998894106228555 ) ) ;
#6835 = CARTESIAN_POINT ( 'NONE',  ( -23.81579749656619072, 28.52699465135923163, -13.68420250343377198 ) ) ;
#6836 = CARTESIAN_POINT ( 'NONE',  ( 0.2415377659541525224, 39.63123314407274478, -21.99999999999999289 ) ) ;
#6837 = EDGE_CURVE ( 'NONE', #9817, #4835, #9886, .T. ) ;
#6838 = EDGE_CURVE ( 'NONE', #529, #3836, #7608, .T. ) ;
#6839 = CARTESIAN_POINT ( 'NONE',  ( -15.49999999999998579, 41.50000000000002132, -16.99999999999999645 ) ) ;
#6840 = ORIENTED_EDGE ( 'NONE', *, *, #2731, .T. ) ;
#6841 = ORIENTED_EDGE ( 'NONE', *, *, #7596, .T. ) ;
#6842 = CARTESIAN_POINT ( 'NONE',  ( -16.95106857580157111, 45.48677814630823235, -19.49999999999999645 ) ) ;
#6843 = ORIENTED_EDGE ( 'NONE', *, *, #6797, .T. ) ;
#6844 = CARTESIAN_POINT ( 'NONE',  ( 2.763076816212942877, 14.07345010390745976, 7.668474422638555943 ) ) ;
#6845 = CARTESIAN_POINT ( 'NONE',  ( -14.67157287525376752, -14.50000000000000000, 22.00000000000000000 ) ) ;
#6846 = EDGE_CURVE ( 'NONE', #450, #8015, #8936, .T. ) ;
#6847 = FACE_OUTER_BOUND ( 'NONE', #3274, .T. ) ;
#6848 = LINE ( 'NONE', #5971, #4098 ) ;
#6849 = CARTESIAN_POINT ( 'NONE',  ( 4.978471444372658539, 27.02152855562737344, -20.99999999999999645 ) ) ;
#6850 = DIRECTION ( 'NONE',  ( -0.9063077870366479383, 0.4226182617407037712, 0.000000000000000000 ) ) ;
#6851 = CARTESIAN_POINT ( 'NONE',  ( 7.982128444980987503, 21.18944443027289282, 15.35000000000000675 ) ) ;
#6852 = CARTESIAN_POINT ( 'NONE',  ( 3.349249737095893131, 39.33071801087009334, 17.00000000000000000 ) ) ;
#6853 = ORIENTED_EDGE ( 'NONE', *, *, #9153, .F. ) ;
#6854 = ORIENTED_EDGE ( 'NONE', *, *, #6051, .F. ) ;
#6855 = PLANE ( 'NONE',  #8101 ) ;
#6856 = EDGE_LOOP ( 'NONE', ( #7964, #2196, #8888, #7078, #5677, #558 ) ) ;
#6857 = ORIENTED_EDGE ( 'NONE', *, *, #3385, .F. ) ;
#6858 = DIRECTION ( 'NONE',  ( 0.000000000000000000, 1.000000000000000000, -0.000000000000000000 ) ) ;
#6859 = DIRECTION ( 'NONE',  ( 1.092471759208905296E-15, 2.342813248084720770E-15, 1.000000000000000000 ) ) ;
#6860 = CARTESIAN_POINT ( 'NONE',  ( -2.166666666666670515, -14.61438191683589949, -16.44280904158200940 ) ) ;
#6861 = DIRECTION ( 'NONE',  ( 1.000000000000000000, -0.000000000000000000, -0.000000000000000000 ) ) ;
#6862 = CARTESIAN_POINT ( 'NONE',  ( 15.49999999999999467, -14.50000000000000000, 9.150000000000002132 ) ) ;
#6863 = ADVANCED_FACE ( 'NONE', ( #5096 ), #1334, .T. ) ;
#6864 = ORIENTED_EDGE ( 'NONE', *, *, #8829, .T. ) ;
#6865 = DIRECTION ( 'NONE',  ( 0.000000000000000000, 0.000000000000000000, -1.000000000000000000 ) ) ;
#6866 = DIRECTION ( 'NONE',  ( 0.000000000000000000, -0.7071067811865467956, -0.7071067811865483499 ) ) ;
#6867 = CARTESIAN_POINT ( 'NONE',  ( -23.68197858124878863, 28.67327320233119536, 13.81802141875118650 ) ) ;
#6868 = DIRECTION ( 'NONE',  ( -0.9156814542322434525, -0.4019048076038949091, 0.000000000000000000 ) ) ;
#6869 = LINE ( 'NONE', #5378, #9704 ) ;
#6870 = ORIENTED_EDGE ( 'NONE', *, *, #7897, .T. ) ;
#6871 = DIRECTION ( 'NONE',  ( 0.000000000000000000, 0.000000000000000000, 1.000000000000000000 ) ) ;
#6872 = VERTEX_POINT ( 'NONE', #5863 ) ;
#6873 = CIRCLE ( 'NONE', #1474, 2.000000000000000888 ) ;
#6874 = ORIENTED_EDGE ( 'NONE', *, *, #319, .T. ) ;
#6875 = LINE ( 'NONE', #3034, #9598 ) ;
#6876 = CARTESIAN_POINT ( 'NONE',  ( 25.50000000000000355, -9.171572875253762192, -22.00000000000000000 ) ) ;
#6877 = DIRECTION ( 'NONE',  ( -0.9063077870366479383, 0.4226182617407038267, 0.000000000000000000 ) ) ;
#6878 = CARTESIAN_POINT ( 'NONE',  ( -3.197248366690502941, -18.37505762382364338, 13.62494237617631931 ) ) ;
#6879 = EDGE_CURVE ( 'NONE', #8015, #450, #6125, .T. ) ;
#6880 = CARTESIAN_POINT ( 'NONE',  ( 5.358087491108714850, 26.82332694224295722, -17.18524460298654333 ) ) ;
#6881 = EDGE_CURVE ( 'NONE', #5046, #9883, #6679, .T. ) ;
#6882 = DIRECTION ( 'NONE',  ( -3.452186021844392907E-16, 0.000000000000000000, -1.000000000000000000 ) ) ;
#6883 = ORIENTED_EDGE ( 'NONE', *, *, #8964, .T. ) ;
#6884 = EDGE_LOOP ( 'NONE', ( #8994, #6056, #7422, #6394, #3973, #4896, #7933 ) ) ;
#6885 = CARTESIAN_POINT ( 'NONE',  ( 7.499999999999996447, 12.50000000000000000, 13.35000000000000497 ) ) ;
#6886 = EDGE_LOOP ( 'NONE', ( #5434, #1547, #8502, #313 ) ) ;
#6887 = CARTESIAN_POINT ( 'NONE',  ( -0.03028878954405516896, 13.50040933627614770, 9.844692296073846549 ) ) ;
#6888 = EDGE_CURVE ( 'NONE', #4541, #4106, #1558, .T. ) ;
#6889 = VECTOR ( 'NONE', #3133, 1000.000000000000000 ) ;
#6890 = ADVANCED_FACE ( 'NONE', ( #1508 ), #5395, .T. ) ;
#6891 = CARTESIAN_POINT ( 'NONE',  ( -2.500000000000004885, 24.55000000000000071, -5.000000000000000000 ) ) ;
#6892 = CARTESIAN_POINT ( 'NONE',  ( 11.82842712474614899, 19.58578643762689353, -22.00000000000000355 ) ) ;
#6893 = CARTESIAN_POINT ( 'NONE',  ( -8.794298492471739337, 41.68321379064190069, 19.49999999999999645 ) ) ;
#6894 = PLANE ( 'NONE',  #371 ) ;
#6895 = DIRECTION ( 'NONE',  ( 0.4226182617407037156, 0.9063077870366479383, 0.000000000000000000 ) ) ;
#6896 = CARTESIAN_POINT ( 'NONE',  ( 11.99999999999995737, 20.00000000000000000, -19.47842712474618665 ) ) ;
#6897 = AXIS2_PLACEMENT_3D ( 'NONE', #4492, #9168, #5306 ) ;
#6898 = LINE ( 'NONE', #9952, #4808 ) ;
#6899 = EDGE_LOOP ( 'NONE', ( #216, #6925, #8385, #3755 ) ) ;
#6900 = VERTEX_POINT ( 'NONE', #6059 ) ;
#6901 = EDGE_CURVE ( 'NONE', #163, #5979, #9986, .T. ) ;
#6902 = DIRECTION ( 'NONE',  ( 0.4226182617407037156, 0.9063077870366479383, 0.000000000000000000 ) ) ;
#6903 = ORIENTED_EDGE ( 'NONE', *, *, #7643, .T. ) ;
#6904 = VECTOR ( 'NONE', #9411, 1000.000000000000114 ) ;
#6905 = CARTESIAN_POINT ( 'NONE',  ( 9.396342007354087755, 14.50000000000000000, 15.35000000000000675 ) ) ;
#6906 = CARTESIAN_POINT ( 'NONE',  ( 7.499999999999992895, -11.55000000000000071, -16.64999999999999503 ) ) ;
#6907 = LINE ( 'NONE', #3064, #5571 ) ;
#6908 = CARTESIAN_POINT ( 'NONE',  ( -2.515647987437584110, -17.77427767080054366, -14.22572232919943147 ) ) ;
#6909 = AXIS2_PLACEMENT_3D ( 'NONE', #2366, #9452, #776 ) ;
#6910 = CARTESIAN_POINT ( 'NONE',  ( 4.978471444372597254, 27.02152855562751554, 20.99999999999999645 ) ) ;
#6911 = EDGE_LOOP ( 'NONE', ( #6070, #1135, #5058, #1411, #2854, #4199, #7516, #5795, #9677, #8963 ) ) ;
#6912 = LINE ( 'NONE', #3783, #6207 ) ;
#6913 = CIRCLE ( 'NONE', #9389, 2.000000000000000888 ) ;
#6914 = CARTESIAN_POINT ( 'NONE',  ( 0.000000000000000000, 11.55000000000000071, 0.000000000000000000 ) ) ;
#6915 = CIRCLE ( 'NONE', #204, 1.000000000000000000 ) ;
#6916 = EDGE_CURVE ( 'NONE', #9808, #6069, #5667, .T. ) ;
#6917 = DIRECTION ( 'NONE',  ( -0.6509445549041203982, 0.3905667329424710732, -0.6509445549041187329 ) ) ;
#6918 = B_SPLINE_CURVE_WITH_KNOTS ( 'NONE', 3,
 ( #5167, #860, #3215, #6179, #2491, #8756 ),
 .UNSPECIFIED., .F., .F.,
 ( 4, 2, 4 ),
 ( 0.000000000000000000, 0.5000000000000000000, 1.000000000000000000 ),
 .UNSPECIFIED. ) ;
#6919 = DIRECTION ( 'NONE',  ( 0.000000000000000000, 0.000000000000000000, 1.000000000000000000 ) ) ;
#6920 = AXIS2_PLACEMENT_3D ( 'NONE', #1957, #2068, #6667 ) ;
#6921 = CARTESIAN_POINT ( 'NONE',  ( 0.000000000000000000, 24.55000000000000071, 5.000000000000000000 ) ) ;
#6922 = ORIENTED_EDGE ( 'NONE', *, *, #2517, .T. ) ;
#6923 = DIRECTION ( 'NONE',  ( -1.000000000000000000, -0.000000000000000000, 3.452186021844392907E-16 ) ) ;
#6924 = ADVANCED_FACE ( 'NONE', ( #9263 ), #4485, .F. ) ;
#6925 = ORIENTED_EDGE ( 'NONE', *, *, #4749, .T. ) ;
#6926 = ORIENTED_EDGE ( 'NONE', *, *, #4873, .F. ) ;
#6927 = CARTESIAN_POINT ( 'NONE',  ( -19.84869570332505262, 28.08667762504093091, 15.16143462904503814 ) ) ;
#6928 = VECTOR ( 'NONE', #3718, 1000.000000000000000 ) ;
#6929 = PRESENTATION_LAYER_ASSIGNMENT (  '', '', ( #5289 ) ) ;
#6930 = CARTESIAN_POINT ( 'NONE',  ( 16.35452245193055987, 34.09379318685515159, 0.000000000000000000 ) ) ;
#6931 = LINE ( 'NONE', #58, #9527 ) ;
#6932 = DIRECTION ( 'NONE',  ( 1.000000000000000000, 0.000000000000000000, 7.542275982507859612E-17 ) ) ;
#6933 = CARTESIAN_POINT ( 'NONE',  ( -23.34537558255509992, 26.42164794845063014, -13.49243384305089677 ) ) ;
#6934 = AXIS2_PLACEMENT_3D ( 'NONE', #8383, #495, #6023 ) ;
#6935 = VECTOR ( 'NONE', #7523, 1000.000000000000000 ) ;
#6936 = ORIENTED_EDGE ( 'NONE', *, *, #6995, .F. ) ;
#6937 = VERTEX_POINT ( 'NONE', #7606 ) ;
#6938 = CARTESIAN_POINT ( 'NONE',  ( -2.500000000000003109, 22.54999999999999716, -8.050000000000004263 ) ) ;
#6939 = EDGE_CURVE ( 'NONE', #1725, #5933, #4432, .T. ) ;
#6940 = ORIENTED_EDGE ( 'NONE', *, *, #5566, .F. ) ;
#6941 = CARTESIAN_POINT ( 'NONE',  ( 3.287035854204569674, 14.92317084030850438, 6.501180051340473831 ) ) ;
#6942 = EDGE_CURVE ( 'NONE', #5874, #4230, #1416, .T. ) ;
#6943 = DIRECTION ( 'NONE',  ( 1.000000000000000000, 0.000000000000000000, -1.020425574104004122E-16 ) ) ;
#6944 = DIRECTION ( 'NONE',  ( -0.9063077870366479383, 0.4226182617407037712, -0.000000000000000000 ) ) ;
#6945 = CARTESIAN_POINT ( 'NONE',  ( -22.87848590670290250, 27.20585980825500272, -13.74370374720388455 ) ) ;
#6946 = DIRECTION ( 'NONE',  ( 1.000000000000000000, 0.000000000000000000, 0.000000000000000000 ) ) ;
#6947 = CARTESIAN_POINT ( 'NONE',  ( 14.31619362926654304, 62.84940508446977248, -14.00000000000000178 ) ) ;
#6948 = CARTESIAN_POINT ( 'NONE',  ( 7.499999999999992895, -11.55000000000000071, -16.64999999999999503 ) ) ;
#6949 = LINE ( 'NONE', #5403, #5915 ) ;
#6950 = LINE ( 'NONE', #604, #8087 ) ;
#6951 = VERTEX_POINT ( 'NONE', #2896 ) ;
#6952 = ORIENTED_EDGE ( 'NONE', *, *, #8314, .F. ) ;
#6953 = CARTESIAN_POINT ( 'NONE',  ( -25.50000000000000355, 24.55000000000000071, -10.05000000000000071 ) ) ;
#6954 = CIRCLE ( 'NONE', #238, 2.000000000000000000 ) ;
#6955 = EDGE_LOOP ( 'NONE', ( #606, #6853, #9634, #892 ) ) ;
#6956 = AXIS2_PLACEMENT_3D ( 'NONE', #7657, #2086, #1359 ) ;
#6957 = PLANE ( 'NONE',  #4008 ) ;
#6958 = CARTESIAN_POINT ( 'NONE',  ( 15.49999999999999467, -14.50000000000000000, -9.149999999999998579 ) ) ;
#6959 = CARTESIAN_POINT ( 'NONE',  ( 7.499999999999996447, -12.50000000000000000, 13.35000000000000497 ) ) ;
#6960 = CARTESIAN_POINT ( 'NONE',  ( -1.500000000000026867, 0.000000000000000000, -5.049999999999999822 ) ) ;
#6961 = ADVANCED_FACE ( 'NONE', ( #5352 ), #6016, .T. ) ;
#6962 = DIRECTION ( 'NONE',  ( -0.000000000000000000, -1.000000000000000000, 0.000000000000000000 ) ) ;
#6963 = ORIENTED_EDGE ( 'NONE', *, *, #5127, .F. ) ;
#6964 = CARTESIAN_POINT ( 'NONE',  ( -24.58578643762691840, -13.06467551690955808, -12.91421356237303897 ) ) ;
#6965 = ORIENTED_EDGE ( 'NONE', *, *, #3817, .F. ) ;
#6966 = EDGE_CURVE ( 'NONE', #9005, #501, #3237, .T. ) ;
#6967 = AXIS2_PLACEMENT_3D ( 'NONE', #1505, #4627, #7753 ) ;
#6968 = CARTESIAN_POINT ( 'NONE',  ( -7.632773195027274582, -22.38795532504546060, 11.49999999999998046 ) ) ;
#6969 = CIRCLE ( 'NONE', #8780, 1.000000000000000888 ) ;
#6970 = CARTESIAN_POINT ( 'NONE',  ( 15.49999999999999467, 11.55000000000000249, 8.175000000000004263 ) ) ;
#6971 = CARTESIAN_POINT ( 'NONE',  ( 0.000000000000000000, 20.00000000000000000, -18.64999999999999503 ) ) ;
#6972 = ADVANCED_FACE ( 'NONE', ( #1460 ), #5336, .T. ) ;
#6973 = VECTOR ( 'NONE', #2700, 1000.000000000000000 ) ;
#6974 = CARTESIAN_POINT ( 'NONE',  ( -19.11269873676979003, -15.49999999999997335, 13.49999999999998046 ) ) ;
#6975 = ORIENTED_EDGE ( 'NONE', *, *, #9042, .T. ) ;
#6976 = LINE ( 'NONE', #3079, #7406 ) ;
#6977 = ORIENTED_EDGE ( 'NONE', *, *, #8896, .F. ) ;
#6978 = ORIENTED_EDGE ( 'NONE', *, *, #6276, .F. ) ;
#6979 = CARTESIAN_POINT ( 'NONE',  ( -22.00000000000000000, 27.52965100515482177, 14.08578643762821514 ) ) ;
#6980 = CARTESIAN_POINT ( 'NONE',  ( -24.25394505832042213, 29.23829008013865760, -12.53312757535019273 ) ) ;
#6981 = CARTESIAN_POINT ( 'NONE',  ( -20.58578643762689708, 30.11543744278039014, 16.91421356237307094 ) ) ;
#6982 = EDGE_CURVE ( 'NONE', #9883, #8542, #910, .T. ) ;
#6983 = CARTESIAN_POINT ( 'NONE',  ( 5.655084874617132940, 26.14666174469152438, -17.95664231743820594 ) ) ;
#6984 = CARTESIAN_POINT ( 'NONE',  ( 5.499999999999994671, 26.50000000000000355, -18.73402153311994311 ) ) ;
#6985 = ORIENTED_EDGE ( 'NONE', *, *, #9744, .F. ) ;
#6986 = ORIENTED_EDGE ( 'NONE', *, *, #1623, .T. ) ;
#6987 = DIRECTION ( 'NONE',  ( 0.000000000000000000, 0.000000000000000000, 1.000000000000000000 ) ) ;
#6988 = VERTEX_POINT ( 'NONE', #7144 ) ;
#6989 = CARTESIAN_POINT ( 'NONE',  ( 0.8645947511801469476, 39.71487415185069381, 21.41421356237309936 ) ) ;
#6990 = CARTESIAN_POINT ( 'NONE',  ( -13.78839603986388873, 45.17054653747460691, -19.49999999999999645 ) ) ;
#6991 = CARTESIAN_POINT ( 'NONE',  ( -23.15487215440543878, 26.77948223918438586, -13.54988110191857942 ) ) ;
#6992 = FACE_BOUND ( 'NONE', #5284, .T. ) ;
#6993 = ADVANCED_FACE ( 'NONE', ( #3243 ), #3194, .F. ) ;
#6994 = CARTESIAN_POINT ( 'NONE',  ( 9.396342007354087755, -14.50000000000000000, 15.35000000000000675 ) ) ;
#6995 = EDGE_CURVE ( 'NONE', #2757, #7337, #6630, .T. ) ;
#6996 = DIRECTION ( 'NONE',  ( 1.000000000000000000, -0.000000000000000000, -0.000000000000000000 ) ) ;
#6997 = ORIENTED_EDGE ( 'NONE', *, *, #5508, .T. ) ;
#6998 = ORIENTED_EDGE ( 'NONE', *, *, #3688, .T. ) ;
#6999 = CARTESIAN_POINT ( 'NONE',  ( 7.570551771473125413, 64.94674051891543343, 14.00000000000000000 ) ) ;
#7000 = ORIENTED_EDGE ( 'NONE', *, *, #4224, .T. ) ;
#7001 = DIRECTION ( 'NONE',  ( 0.4226182617407039377, 0.9063077870366479383, 0.000000000000000000 ) ) ;
#7002 = CARTESIAN_POINT ( 'NONE',  ( 0.000000000000000000, 0.000000000000000000, 16.99999999999999645 ) ) ;
#7003 = FILL_AREA_STYLE ('',( #8652 ) ) ;
#7004 = CARTESIAN_POINT ( 'NONE',  ( 5.546589712778684067, 26.39385213826178855, 14.67334157502678771 ) ) ;
#7005 = EDGE_CURVE ( 'NONE', #2687, #3180, #4179, .T. ) ;
#7006 = DIRECTION ( 'NONE',  ( 0.9127481291739371061, -0.4085227688752218755, 0.000000000000000000 ) ) ;
#7007 = ORIENTED_EDGE ( 'NONE', *, *, #208, .F. ) ;
#7008 = ORIENTED_EDGE ( 'NONE', *, *, #4249, .F. ) ;
#7009 = CARTESIAN_POINT ( 'NONE',  ( 8.838406556587518281, 67.66566388009930222, 10.99999999999999645 ) ) ;
#7010 = ORIENTED_EDGE ( 'NONE', *, *, #6888, .F. ) ;
#7011 = FACE_OUTER_BOUND ( 'NONE', #2128, .T. ) ;
#7012 = EDGE_CURVE ( 'NONE', #7292, #6578, #2332, .T. ) ;
#7013 = DIRECTION ( 'NONE',  ( 0.9063077870366479383, -0.4226182617407037712, -0.000000000000000000 ) ) ;
#7014 = EDGE_CURVE ( 'NONE', #7799, #9996, #4339, .T. ) ;
#7015 = DIRECTION ( 'NONE',  ( 0.7071067811865467956, 8.673617379884035472E-16, -0.7071067811865484609 ) ) ;
#7016 = EDGE_CURVE ( 'NONE', #10123, #5297, #9416, .T. ) ;
#7017 = LINE ( 'NONE', #7793, #3480 ) ;
#7018 = DIRECTION ( 'NONE',  ( -0.000000000000000000, -0.000000000000000000, 1.000000000000000000 ) ) ;
#7019 = ORIENTED_EDGE ( 'NONE', *, *, #5777, .F. ) ;
#7020 = ORIENTED_EDGE ( 'NONE', *, *, #3205, .T. ) ;
#7021 = CARTESIAN_POINT ( 'NONE',  ( 7.499999999999992895, -13.34999999999996589, -18.64999999999999147 ) ) ;
#7022 = ORIENTED_EDGE ( 'NONE', *, *, #4578, .F. ) ;
#7023 = EDGE_CURVE ( 'NONE', #6457, #9938, #8653, .T. ) ;
#7024 = VERTEX_POINT ( 'NONE', #945 ) ;
#7025 = CARTESIAN_POINT ( 'NONE',  ( 7.499999999999992895, -12.50000000000000000, -17.64999999999999503 ) ) ;
#7026 = FACE_OUTER_BOUND ( 'NONE', #7155, .T. ) ;
#7027 = DIRECTION ( 'NONE',  ( 0.000000000000000000, -1.000000000000000000, 0.000000000000000000 ) ) ;
#7028 = ADVANCED_FACE ( 'NONE', ( #8008 ), #6327, .F. ) ;
#7029 = CARTESIAN_POINT ( 'NONE',  ( 5.499999999999992895, 26.08040539432154148, -16.78279529729619668 ) ) ;
#7030 = DIRECTION ( 'NONE',  ( 1.000000000000000000, 0.000000000000000000, -1.020425574104004122E-16 ) ) ;
#7031 = VECTOR ( 'NONE', #7298, 1000.000000000000000 ) ;
#7032 = EDGE_CURVE ( 'NONE', #3998, #9956, #5551, .T. ) ;
#7033 = ORIENTED_EDGE ( 'NONE', *, *, #7771, .F. ) ;
#7034 = ORIENTED_EDGE ( 'NONE', *, *, #8978, .F. ) ;
#7035 = DIRECTION ( 'NONE',  ( -0.4226182617407032160, -0.9063077870366481603, 0.000000000000000000 ) ) ;
#7036 = VERTEX_POINT ( 'NONE', #8585 ) ;
#7037 = CARTESIAN_POINT ( 'NONE',  ( -21.99999999999999645, 26.11543744278040080, 13.49999999999998046 ) ) ;
#7038 = CARTESIAN_POINT ( 'NONE',  ( -18.07548236395409802, 43.08833998647861563, 18.42158676964755415 ) ) ;
#7039 = CARTESIAN_POINT ( 'NONE',  ( 25.50000000000000355, -11.55000000000000071, 15.35000000000000675 ) ) ;
#7040 = DIRECTION ( 'NONE',  ( -0.9063077870366479383, 0.4226182617407037712, 0.000000000000000000 ) ) ;
#7041 = EDGE_CURVE ( 'NONE', #7449, #6454, #3289, .T. ) ;
#7042 = FACE_OUTER_BOUND ( 'NONE', #9870, .T. ) ;
#7043 = LINE ( 'NONE', #1573, #10011 ) ;
#7044 = B_SPLINE_CURVE_WITH_KNOTS ( 'NONE', 3,
 ( #7053, #9483, #2400, #4696, #84, #3977, #8700, #3157, #2441, #911, #1676, #9635 ),
 .UNSPECIFIED., .F., .F.,
 ( 4, 2, 2, 2, 2, 4 ),
 ( 0.000000000000000000, 0.0002812720068733799033, 0.0005625440137467598066, 0.001125088027493508988, 0.001687632041240258278, 0.002250176054987007568 ),
 .UNSPECIFIED. ) ;
#7045 = CARTESIAN_POINT ( 'NONE',  ( -0.5000000000000084377, 22.54999999999999716, -10.05000000000000426 ) ) ;
#7046 = CARTESIAN_POINT ( 'NONE',  ( -2.210245603471017173, -17.38776614348322269, -14.61223385651675066 ) ) ;
#7047 = CARTESIAN_POINT ( 'NONE',  ( -4.346431468658862762, -15.75759784238617911, 13.75759784238618444 ) ) ;
#7048 = ORIENTED_EDGE ( 'NONE', *, *, #1236, .T. ) ;
#7049 = EDGE_LOOP ( 'NONE', ( #6720, #7358, #8610, #349 ) ) ;
#7050 = CARTESIAN_POINT ( 'NONE',  ( -7.499999999999998224, 41.36606874731850070, -5.000000000000000000 ) ) ;
#7051 = VECTOR ( 'NONE', #7649, 1000.000000000000000 ) ;
#7052 = VERTEX_POINT ( 'NONE', #3344 ) ;
#7053 = CARTESIAN_POINT ( 'NONE',  ( -17.34127593269161949, 44.64997576902379706, 19.99999999999999289 ) ) ;
#7054 = PLANE ( 'NONE',  #6140 ) ;
#7055 = PLANE ( 'NONE',  #8187 ) ;
#7056 = CARTESIAN_POINT ( 'NONE',  ( -25.50000000000000355, 24.74531294547945137, -11.99999999999995559 ) ) ;
#7057 = CIRCLE ( 'NONE', #4103, 1.999999999999998224 ) ;
#7058 = CARTESIAN_POINT ( 'NONE',  ( 2.626155740732962762, 33.04763476518591858, -16.17157287525382614 ) ) ;
#7059 = ORIENTED_EDGE ( 'NONE', *, *, #9785, .F. ) ;
#7060 = EDGE_LOOP ( 'NONE', ( #6177, #6428, #7594, #6864 ) ) ;
#7061 = DIRECTION ( 'NONE',  ( -0.4226182617407051034, -0.9063077870366473832, 0.000000000000000000 ) ) ;
#7062 = ORIENTED_EDGE ( 'NONE', *, *, #4132, .T. ) ;
#7063 = PLANE ( 'NONE',  #1081 ) ;
#7064 = EDGE_CURVE ( 'NONE', #9428, #8841, #3511, .T. ) ;
#7065 = B_SPLINE_SURFACE_WITH_KNOTS ( 'NONE', 1, 3, ( 
 ( #550, #7662, #8330, #3052, #2137, #4583 ),
 ( #649, #6742, #7705, #5256, #8379, #2287 ) ),
 .UNSPECIFIED., .F., .F., .F.,
 ( 2, 2 ),
 ( 4, 2, 4 ),
 ( 0.000000000000000000, 1.000000000000000000 ),
 ( 0.000000000000000000, 0.0003522498543062013644, 0.0007044997086124027289 ),
 .UNSPECIFIED. ) ;
#7066 = CARTESIAN_POINT ( 'NONE',  ( 7.499999999999996447, 21.67157287525388654, 17.35000000000000497 ) ) ;
#7067 = EDGE_CURVE ( 'NONE', #1785, #8852, #8265, .T. ) ;
#7068 = CIRCLE ( 'NONE', #9877, 2.000000000000000000 ) ;
#7069 = CARTESIAN_POINT ( 'NONE',  ( -0.5000000000000065503, -7.549999999999999822, 8.050000000000000711 ) ) ;
#7070 = DIRECTION ( 'NONE',  ( -0.4226182617407045483, -0.9063077870366476052, 0.000000000000000000 ) ) ;
#7071 = LINE ( 'NONE', #5334, #3306 ) ;
#7072 = VECTOR ( 'NONE', #9610, 1000.000000000000000 ) ;
#7073 = ORIENTED_EDGE ( 'NONE', *, *, #1877, .F. ) ;
#7074 = ORIENTED_EDGE ( 'NONE', *, *, #3425, .T. ) ;
#7075 = EDGE_CURVE ( 'NONE', #1751, #2967, #7131, .T. ) ;
#7076 = CARTESIAN_POINT ( 'NONE',  ( -25.16047955052643559, 24.75125811223713512, -12.33952044947351823 ) ) ;
#7077 = ORIENTED_EDGE ( 'NONE', *, *, #431, .T. ) ;
#7078 = ORIENTED_EDGE ( 'NONE', *, *, #528, .T. ) ;
#7079 = DIRECTION ( 'NONE',  ( 0.000000000000000000, 0.000000000000000000, 1.000000000000000000 ) ) ;
#7080 = AXIS2_PLACEMENT_3D ( 'NONE', #632, #3798, #5290 ) ;
#7081 = CIRCLE ( 'NONE', #8229, 4.999999999999999112 ) ;
#7082 = CARTESIAN_POINT ( 'NONE',  ( -0.7694321026320628532, 75.45600638209356248, 19.99999999999998934 ) ) ;
#7083 = CARTESIAN_POINT ( 'NONE',  ( 7.993170033105654326, 65.85304830602501625, -17.00000000000000000 ) ) ;
#7084 = AXIS2_PLACEMENT_3D ( 'NONE', #8164, #6374, #996 ) ;
#7085 = DIRECTION ( 'NONE',  ( 0.000000000000000000, 0.000000000000000000, -1.000000000000000000 ) ) ;
#7086 = CARTESIAN_POINT ( 'NONE',  ( 15.09301507966612199, 45.99166740472661985, 0.000000000000000000 ) ) ;
#7087 = ORIENTED_EDGE ( 'NONE', *, *, #8134, .T. ) ;
#7088 = EDGE_LOOP ( 'NONE', ( #5245, #9047, #5217, #3626 ) ) ;
#7089 = CARTESIAN_POINT ( 'NONE',  ( -42.11140234275542582, -17.95692517927650655, 39.45692517927638221 ) ) ;
#7090 = VERTEX_POINT ( 'NONE', #1814 ) ;
#7091 = AXIS2_PLACEMENT_3D ( 'NONE', #3534, #5030, #1130 ) ;
#7092 = DIRECTION ( 'NONE',  ( 0.000000000000000000, 0.000000000000000000, 1.000000000000000000 ) ) ;
#7093 = FACE_OUTER_BOUND ( 'NONE', #5528, .T. ) ;
#7094 = DIRECTION ( 'NONE',  ( -0.9519262989559336141, 0.3063271475988678105, -5.779651143695010028E-15 ) ) ;
#7095 = CARTESIAN_POINT ( 'NONE',  ( 15.49999999999999467, -14.50000000000000000, 9.150000000000002132 ) ) ;
#7096 = CARTESIAN_POINT ( 'NONE',  ( 7.499999999999996447, 24.50000000000009237, 17.35000000000000853 ) ) ;
#7097 = AXIS2_PLACEMENT_3D ( 'NONE', #2290, #10045, #9275 ) ;
#7098 = CARTESIAN_POINT ( 'NONE',  ( -0.5000000000000065503, -7.549999999999999822, 8.050000000000000711 ) ) ;
#7099 = AXIS2_PLACEMENT_3D ( 'NONE', #276, #321, #2730 ) ;
#7100 = LINE ( 'NONE', #8837, #7230 ) ;
#7101 = DIRECTION ( 'NONE',  ( 0.9063077870366480493, -0.4226182617407037712, 0.000000000000000000 ) ) ;
#7102 = ORIENTED_EDGE ( 'NONE', *, *, #8987, .F. ) ;
#7103 = EDGE_LOOP ( 'NONE', ( #4163, #4428, #4367, #955 ) ) ;
#7104 = DIRECTION ( 'NONE',  ( 0.4226182617407037156, 0.9063077870366479383, 0.000000000000000000 ) ) ;
#7105 = ORIENTED_EDGE ( 'NONE', *, *, #8467, .T. ) ;
#7106 = CARTESIAN_POINT ( 'NONE',  ( 7.998050616251632938, 49.30010366829038304, 0.000000000000000000 ) ) ;
#7107 = CIRCLE ( 'NONE', #6290, 2.000000000000000000 ) ;
#7108 = VECTOR ( 'NONE', #1872, 1000.000000000000000 ) ;
#7109 = LINE ( 'NONE', #7925, #416 ) ;
#7110 = CARTESIAN_POINT ( 'NONE',  ( -24.19064801374121387, 28.97992476994988920, 13.04708710368549340 ) ) ;
#7111 = CARTESIAN_POINT ( 'NONE',  ( 15.49999999999999467, -14.50000000000000000, 9.150000000000002132 ) ) ;
#7112 = EDGE_CURVE ( 'NONE', #9796, #1013, #5748, .T. ) ;
#7113 = DIRECTION ( 'NONE',  ( -0.9063077870366479383, 0.4226182617407037712, 0.000000000000000000 ) ) ;
#7114 = ORIENTED_EDGE ( 'NONE', *, *, #3081, .F. ) ;
#7115 = EDGE_LOOP ( 'NONE', ( #884, #592, #7806, #9302 ) ) ;
#7116 = DIRECTION ( 'NONE',  ( 1.000000000000000000, 0.000000000000000000, 0.000000000000000000 ) ) ;
#7117 = ORIENTED_EDGE ( 'NONE', *, *, #8025, .F. ) ;
#7118 = DIRECTION ( 'NONE',  ( 1.000000000000000000, 0.000000000000000000, 0.000000000000000000 ) ) ;
#7119 = AXIS2_PLACEMENT_3D ( 'NONE', #6381, #8648, #3154 ) ;
#7120 = DIRECTION ( 'NONE',  ( 0.7071067811865484609, -0.000000000000000000, 0.7071067811865465735 ) ) ;
#7121 = AXIS2_PLACEMENT_3D ( 'NONE', #1987, #291, #9022 ) ;
#7122 = FACE_OUTER_BOUND ( 'NONE', #7049, .T. ) ;
#7123 = LINE ( 'NONE', #104, #3172 ) ;
#7124 = EDGE_CURVE ( 'NONE', #8542, #2673, #8160, .T. ) ;
#7125 = CARTESIAN_POINT ( 'NONE',  ( -25.04933141368369220, 27.55662784440694679, 11.49978882295986260 ) ) ;
#7126 = VERTEX_POINT ( 'NONE', #367 ) ;
#7127 = ORIENTED_EDGE ( 'NONE', *, *, #2354, .F. ) ;
#7128 = FACE_OUTER_BOUND ( 'NONE', #1878, .T. ) ;
#7129 = VECTOR ( 'NONE', #1190, 1000.000000000000000 ) ;
#7130 = EDGE_CURVE ( 'NONE', #136, #5874, #3357, .T. ) ;
#7131 = CIRCLE ( 'NONE', #744, 2.000000000000000000 ) ;
#7132 = ORIENTED_EDGE ( 'NONE', *, *, #3514, .T. ) ;
#7133 = EDGE_LOOP ( 'NONE', ( #4944, #7062, #8490, #7048 ) ) ;
#7134 = CARTESIAN_POINT ( 'NONE',  ( -2.500000000000003109, -7.549999999999999822, 9.050000000000000711 ) ) ;
#7135 = CARTESIAN_POINT ( 'NONE',  ( 3.465964497997038762, 15.96414801697029695, -5.673595794619974875 ) ) ;
#7136 = CIRCLE ( 'NONE', #6644, 2.000000000000000444 ) ;
#7137 = CARTESIAN_POINT ( 'NONE',  ( -22.87848966870760137, 27.20584811764505062, 13.74369705693647070 ) ) ;
#7138 = LINE ( 'NONE', #2990, #186 ) ;
#7139 = VECTOR ( 'NONE', #4151, 1000.000000000000000 ) ;
#7140 = ORIENTED_EDGE ( 'NONE', *, *, #9108, .F. ) ;
#7141 = ORIENTED_EDGE ( 'NONE', *, *, #3630, .T. ) ;
#7142 = CARTESIAN_POINT ( 'NONE',  ( 5.499999999999994671, -20.00000000000000000, 0.000000000000000000 ) ) ;
#7143 = ORIENTED_EDGE ( 'NONE', *, *, #6760, .F. ) ;
#7144 = CARTESIAN_POINT ( 'NONE',  ( 9.310386699023174728, -14.50000000000000000, -17.49999999999996447 ) ) ;
#7145 = EDGE_CURVE ( 'NONE', #6724, #9058, #5003, .T. ) ;
#7146 = DIRECTION ( 'NONE',  ( -0.4226182617407017728, -0.9063077870366488265, 0.000000000000000000 ) ) ;
#7147 = CARTESIAN_POINT ( 'NONE',  ( -25.05327383342319791, 27.49542989591633813, -11.51538014440744284 ) ) ;
#7148 = CARTESIAN_POINT ( 'NONE',  ( -23.24902581575621241, 26.61146680287782118, -13.51209588222817182 ) ) ;
#7149 = ADVANCED_FACE ( 'NONE', ( #8207 ), #8061, .T. ) ;
#7150 = DIRECTION ( 'NONE',  ( 1.000000000000000000, 0.000000000000000000, 0.000000000000000000 ) ) ;
#7151 = PLANE ( 'NONE',  #56 ) ;
#7152 = EDGE_CURVE ( 'NONE', #5297, #280, #8516, .T. ) ;
#7153 = DIRECTION ( 'NONE',  ( 0.000000000000000000, -0.000000000000000000, 1.000000000000000000 ) ) ;
#7154 = ORIENTED_EDGE ( 'NONE', *, *, #5292, .F. ) ;
#7155 = EDGE_LOOP ( 'NONE', ( #3125, #8248, #7944, #5724 ) ) ;
#7156 = DIRECTION ( 'NONE',  ( 0.000000000000000000, -1.000000000000000000, 0.000000000000000000 ) ) ;
#7157 = ORIENTED_EDGE ( 'NONE', *, *, #51, .F. ) ;
#7158 = LINE ( 'NONE', #1630, #5479 ) ;
#7159 = EDGE_CURVE ( 'NONE', #4243, #986, #2263, .T. ) ;
#7160 = CARTESIAN_POINT ( 'NONE',  ( -23.87972409536867602, 25.41858750369458875, -13.37043752708272137 ) ) ;
#7161 = CARTESIAN_POINT ( 'NONE',  ( -22.71629261286151191, 27.39001814001279911, 13.88499447053085234 ) ) ;
#7162 = CARTESIAN_POINT ( 'NONE',  ( -3.624834654118432642, -15.11010050617194800, -14.78073618454089910 ) ) ;
#7163 =( BOUNDED_SURFACE ( )  B_SPLINE_SURFACE ( 3, 2, ( 
 ( #3307, #6431, #9582 ),
 ( #2545, #1778, #5671 ),
 ( #807, #4897, #8019 ),
 ( #7255, #3358, #2590 ) ),
 .UNSPECIFIED., .F., .F., .T. ) 
 B_SPLINE_SURFACE_WITH_KNOTS ( ( 4, 4 ),
 ( 3, 3 ),
 ( 0.3837797855665603386, 0.4947265011856131212 ),
 ( 0.000000000000000000, 0.5073863697982057275 ),
 .UNSPECIFIED. ) 
 GEOMETRIC_REPRESENTATION_ITEM ( )  RATIONAL_B_SPLINE_SURFACE ( (
 ( 1.000000000000000000, 0.9005619298602905998, 0.9020309025764341460),
 ( 1.000000000000000000, 0.8866008043655040360, 0.8882760211530549288),
 ( 1.000000000000000000, 0.8697945399269992883, 0.8717180312826886546),
 ( 1.000000000000000000, 0.8513899729671796646, 0.8535853501979511204) ) ) 
 REPRESENTATION_ITEM ( '' )  SURFACE ( )  );
#7164 = CARTESIAN_POINT ( 'NONE',  ( 5.499999999999992006, 22.54999999999999716, -8.050000000000004263 ) ) ;
#7165 = ORIENTED_EDGE ( 'NONE', *, *, #5181, .T. ) ;
#7166 = VERTEX_POINT ( 'NONE', #7295 ) ;
#7167 = DIRECTION ( 'NONE',  ( 0.000000000000000000, 0.000000000000000000, -1.000000000000000000 ) ) ;
#7168 = ORIENTED_EDGE ( 'NONE', *, *, #7501, .T. ) ;
#7169 = DIRECTION ( 'NONE',  ( -0.000000000000000000, -0.000000000000000000, 1.000000000000000000 ) ) ;
#7170 = CARTESIAN_POINT ( 'NONE',  ( -2.624856573141721494, 76.04025595311864549, -20.53019354385633477 ) ) ;
#7171 = DIRECTION ( 'NONE',  ( 3.452186021844392907E-16, 0.000000000000000000, 1.000000000000000000 ) ) ;
#7172 = EDGE_CURVE ( 'NONE', #1628, #10068, #4018, .T. ) ;
#7173 = CARTESIAN_POINT ( 'NONE',  ( 25.50000000000000355, 11.55000000000000071, -18.64999999999999503 ) ) ;
#7174 = CARTESIAN_POINT ( 'NONE',  ( -4.664246905995031334, 38.70913008428670565, 14.00000000000000355 ) ) ;
#7175 = EDGE_LOOP ( 'NONE', ( #8300, #6721 ) ) ;
#7176 = ORIENTED_EDGE ( 'NONE', *, *, #4224, .F. ) ;
#7177 = CARTESIAN_POINT ( 'NONE',  ( 5.554029249120553402, 25.83420986939072250, 13.88499515230137149 ) ) ;
#7178 = ORIENTED_EDGE ( 'NONE', *, *, #2760, .T. ) ;
#7179 = CARTESIAN_POINT ( 'NONE',  ( 2.719817957313491519, 32.83423907281691356, 18.18604879221042481 ) ) ;
#7180 = LINE ( 'NONE', #55, #6805 ) ;
#7181 = CARTESIAN_POINT ( 'NONE',  ( -3.610950913877470914, -14.98543624350051928, -14.84306184451159538 ) ) ;
#7182 = CARTESIAN_POINT ( 'NONE',  ( 5.781540429808321058, 26.21845957019170470, -17.72501342490203768 ) ) ;
#7183 = CARTESIAN_POINT ( 'NONE',  ( 10.69756133823605282, -15.34878066911798911, 16.65121933088197537 ) ) ;
#7184 = ORIENTED_EDGE ( 'NONE', *, *, #6387, .F. ) ;
#7185 = ORIENTED_EDGE ( 'NONE', *, *, #6370, .T. ) ;
#7186 = CARTESIAN_POINT ( 'NONE',  ( -14.23214521469162719, 44.21892336108612653, -19.49999999999999645 ) ) ;
#7187 = ORIENTED_EDGE ( 'NONE', *, *, #2750, .T. ) ;
#7188 = CARTESIAN_POINT ( 'NONE',  ( 16.98844984454161278, 35.45325486741011645, 0.000000000000000000 ) ) ;
#7189 = EDGE_CURVE ( 'NONE', #3232, #5226, #4513, .T. ) ;
#7190 = DIRECTION ( 'NONE',  ( -0.9063077870366480493, 0.4226182617407038267, 0.000000000000000000 ) ) ;
#7191 = B_SPLINE_CURVE_WITH_KNOTS ( 'NONE', 3,
 ( #6933, #1559, #8474, #5545 ),
 .UNSPECIFIED., .F., .F.,
 ( 4, 4 ),
 ( 0.001740818221246947291, 0.001955917740006473358 ),
 .UNSPECIFIED. ) ;
#7192 = CARTESIAN_POINT ( 'NONE',  ( -25.09260349028394543, 27.40451125557564183, -11.50678131120212377 ) ) ;
#7193 = CARTESIAN_POINT ( 'NONE',  ( 16.04634200735405258, 19.00000000000000000, -21.99999999999999645 ) ) ;
#7194 = EDGE_CURVE ( 'NONE', #3487, #1903, #9773, .T. ) ;
#7195 = CARTESIAN_POINT ( 'NONE',  ( 18.67404230835847301, 55.63143065329135339, 1.255262969126037241E-15 ) ) ;
#7196 = AXIS2_PLACEMENT_3D ( 'NONE', #6214, #690, #4577 ) ;
#7197 = DIRECTION ( 'NONE',  ( -1.734723475976809264E-15, -0.6342685675826035263, 0.7731127887809853272 ) ) ;
#7198 = EDGE_CURVE ( 'NONE', #5952, #8853, #4932, .T. ) ;
#7199 = ORIENTED_EDGE ( 'NONE', *, *, #3705, .T. ) ;
#7200 = ORIENTED_EDGE ( 'NONE', *, *, #1803, .T. ) ;
#7201 = EDGE_CURVE ( 'NONE', #3844, #607, #7341, .T. ) ;
#7202 = DIRECTION ( 'NONE',  ( 1.000000000000000000, -0.000000000000000000, 0.000000000000000000 ) ) ;
#7203 = ORIENTED_EDGE ( 'NONE', *, *, #1420, .F. ) ;
#7204 = LINE ( 'NONE', #8754, #3022 ) ;
#7205 = VECTOR ( 'NONE', #7628, 1000.000000000000000 ) ;
#7206 = DIRECTION ( 'NONE',  ( -0.000000000000000000, 1.000000000000000000, -0.000000000000000000 ) ) ;
#7207 = PRESENTATION_STYLE_ASSIGNMENT (( #6294 ) ) ;
#7208 = CARTESIAN_POINT ( 'NONE',  ( -3.499999999999996003, -18.54989030964873109, 13.45010969035122628 ) ) ;
#7209 = AXIS2_PLACEMENT_3D ( 'NONE', #374, #7390, #3294 ) ;
#7210 = LINE ( 'NONE', #8028, #7742 ) ;
#7211 = ORIENTED_EDGE ( 'NONE', *, *, #5427, .T. ) ;
#7212 = ORIENTED_EDGE ( 'NONE', *, *, #3877, .F. ) ;
#7213 = FACE_BOUND ( 'NONE', #7831, .T. ) ;
#7214 = ORIENTED_EDGE ( 'NONE', *, *, #2232, .T. ) ;
#7215 = CIRCLE ( 'NONE', #5408, 1.999999999999999334 ) ;
#7216 = CARTESIAN_POINT ( 'NONE',  ( 7.499999999999996447, -14.50000000000000000, 12.35000000000000320 ) ) ;
#7217 =( BOUNDED_CURVE ( )  B_SPLINE_CURVE ( 3, ( #1363, #4491, #7613, #648 ),
 .UNSPECIFIED., .F., .T. ) 
 B_SPLINE_CURVE_WITH_KNOTS ( ( 4, 4 ),
 ( 1.570796326794896780, 2.111215827065479722 ),
 .UNSPECIFIED. ) 
 CURVE ( )  GEOMETRIC_REPRESENTATION_ITEM ( )  RATIONAL_B_SPLINE_CURVE ( ( 1.000000000000000000, 0.9758099521405073640, 0.9758099521405073640, 1.000000000000000000 ) ) 
 REPRESENTATION_ITEM ( '' )  );
#7218 = CARTESIAN_POINT ( 'NONE',  ( -16.84272343864988031, 37.03553390593269512, -15.53553390593273598 ) ) ;
#7219 = CARTESIAN_POINT ( 'NONE',  ( 5.499999999999994671, 26.50000000000000355, 0.000000000000000000 ) ) ;
#7220 = CARTESIAN_POINT ( 'NONE',  ( -24.97720731024415031, 27.71790646407018244, 11.51744660626826722 ) ) ;
#7221 = ORIENTED_EDGE ( 'NONE', *, *, #605, .T. ) ;
#7222 = ORIENTED_EDGE ( 'NONE', *, *, #2803, .F. ) ;
#7223 = DIRECTION ( 'NONE',  ( -0.9063077870366479383, 0.4226182617407038267, 0.000000000000000000 ) ) ;
#7224 = AXIS2_PLACEMENT_3D ( 'NONE', #9395, #10163, #9241 ) ;
#7225 = VERTEX_POINT ( 'NONE', #2725 ) ;
#7226 = CARTESIAN_POINT ( 'NONE',  ( -4.262759557341363248, 39.57012248197151649, -13.99999999999999822 ) ) ;
#7227 = CARTESIAN_POINT ( 'NONE',  ( -3.530193815211767117, -17.15352962958791849, -14.04543893849119485 ) ) ;
#7228 = EDGE_CURVE ( 'NONE', #3537, #9087, #424, .T. ) ;
#7229 = CARTESIAN_POINT ( 'NONE',  ( -23.17157287525380838, 26.29507800053149680, 13.49999999999998046 ) ) ;
#7230 = VECTOR ( 'NONE', #8593, 1000.000000000000000 ) ;
#7231 = CARTESIAN_POINT ( 'NONE',  ( -23.28103852686790276, 26.55287773814628949, 13.50308167431596296 ) ) ;
#7232 = CARTESIAN_POINT ( 'NONE',  ( 7.570551771364957716, 64.94674051898837774, 10.99999999999999645 ) ) ;
#7233 = EDGE_CURVE ( 'NONE', #4468, #5081, #2578, .T. ) ;
#7234 = VECTOR ( 'NONE', #6307, 1000.000000000000000 ) ;
#7235 = ORIENTED_EDGE ( 'NONE', *, *, #6712, .T. ) ;
#7236 = VERTEX_POINT ( 'NONE', #271 ) ;
#7237 = CARTESIAN_POINT ( 'NONE',  ( -2.994904772119256986, 42.28904584308145331, -16.99999999999999645 ) ) ;
#7238 = ORIENTED_EDGE ( 'NONE', *, *, #1952, .F. ) ;
#7239 = CARTESIAN_POINT ( 'NONE',  ( 6.554276943294973456, 23.56301898866397693, 15.12312500807548155 ) ) ;
#7240 = CARTESIAN_POINT ( 'NONE',  ( -2.279720836620344748, 76.76712344017360579, -19.50000000000054001 ) ) ;
#7241 = CIRCLE ( 'NONE', #8384, 2.000000000000001776 ) ;
#7242 = LINE ( 'NONE', #6372, #9056 ) ;
#7243 = CARTESIAN_POINT ( 'NONE',  ( 12.98068253580589193, 69.04422262568452595, 20.00000000000000355 ) ) ;
#7244 = CARTESIAN_POINT ( 'NONE',  ( 0.000000000000000000, 38.49999999999995737, 16.99999999999999645 ) ) ;
#7245 = CARTESIAN_POINT ( 'NONE',  ( 25.50000000000000355, -9.171572875253783508, 20.00000000000000000 ) ) ;
#7246 = AXIS2_PLACEMENT_3D ( 'NONE', #5640, #8782, #7374 ) ;
#7247 = AXIS2_PLACEMENT_3D ( 'NONE', #2565, #7945, #4974 ) ;
#7248 = EDGE_CURVE ( 'NONE', #5161, #8256, #6133, .T. ) ;
#7249 = CIRCLE ( 'NONE', #9903, 1.999999999999998224 ) ;
#7250 = VERTEX_POINT ( 'NONE', #474 ) ;
#7251 = ORIENTED_EDGE ( 'NONE', *, *, #2954, .T. ) ;
#7252 = CARTESIAN_POINT ( 'NONE',  ( -2.976828996322942178, 20.00000000000000000, -2.976828996322931076 ) ) ;
#7253 = ORIENTED_EDGE ( 'NONE', *, *, #8717, .T. ) ;
#7254 = EDGE_CURVE ( 'NONE', #2555, #5828, #5342, .T. ) ;
#7255 = CARTESIAN_POINT ( 'NONE',  ( -21.99999999998773248, 26.11543744278039725, -13.49999999999995559 ) ) ;
#7256 = LINE ( 'NONE', #8172, #2230 ) ;
#7257 = AXIS2_PLACEMENT_3D ( 'NONE', #3367, #333, #8176 ) ;
#7258 = DIRECTION ( 'NONE',  ( 1.000000000000000000, 0.000000000000000000, -8.673617379884026844E-17 ) ) ;
#7259 = VECTOR ( 'NONE', #2365, 1000.000000000000000 ) ;
#7260 = CARTESIAN_POINT ( 'NONE',  ( 5.499999999999996447, 26.08040538867671287, 13.35000000000000497 ) ) ;
#7261 = EDGE_LOOP ( 'NONE', ( #3381, #1305, #4455, #3460, #7502, #5582 ) ) ;
#7262 = ORIENTED_EDGE ( 'NONE', *, *, #5814, .T. ) ;
#7263 = DIRECTION ( 'NONE',  ( -0.4226182617407066577, -0.9063077870366466060, 0.000000000000000000 ) ) ;
#7264 = VERTEX_POINT ( 'NONE', #4562 ) ;
#7265 = AXIS2_PLACEMENT_3D ( 'NONE', #903, #4069, #7197 ) ;
#7266 = DIRECTION ( 'NONE',  ( 1.000000000000000000, 0.000000000000000000, -1.020425574104004122E-16 ) ) ;
#7267 = FACE_OUTER_BOUND ( 'NONE', #7665, .T. ) ;
#7268 = ADVANCED_FACE ( 'NONE', ( #9871 ), #9250, .F. ) ;
#7269 = CARTESIAN_POINT ( 'NONE',  ( -21.44999052441892928, 27.75929608837597229, -14.36078953129840841 ) ) ;
#7270 = CARTESIAN_POINT ( 'NONE',  ( -14.67157287525377463, 28.11543744278040435, 20.00000000000001066 ) ) ;
#7271 = EDGE_CURVE ( 'NONE', #6417, #6239, #530, .T. ) ;
#7272 = CARTESIAN_POINT ( 'NONE',  ( -2.994904772160661199, 42.28904584305498560, -13.99999999999999822 ) ) ;
#7273 = CARTESIAN_POINT ( 'NONE',  ( -24.24233914709469317, 29.36377581180586915, 12.25367738521408789 ) ) ;
#7274 = ORIENTED_EDGE ( 'NONE', *, *, #1623, .F. ) ;
#7275 = EDGE_CURVE ( 'NONE', #53, #496, #10134, .T. ) ;
#7276 = ORIENTED_EDGE ( 'NONE', *, *, #7728, .F. ) ;
#7277 = CARTESIAN_POINT ( 'NONE',  ( -17.39481775062931135, 44.53515496991975908, -19.49999999999999645 ) ) ;
#7278 = ORIENTED_EDGE ( 'NONE', *, *, #237, .T. ) ;
#7279 = AXIS2_PLACEMENT_3D ( 'NONE', #2096, #5216, #3822 ) ;
#7280 = CARTESIAN_POINT ( 'NONE',  ( -2.500000000000001332, 24.55000000000000071, 5.000000000000000000 ) ) ;
#7281 = VECTOR ( 'NONE', #5300, 1000.000000000000000 ) ;
#7282 = CARTESIAN_POINT ( 'NONE',  ( -3.499999999999996003, -13.67157287525381015, 15.49999999999998046 ) ) ;
#7283 =( BOUNDED_SURFACE ( )  B_SPLINE_SURFACE ( 3, 2, ( 
 ( #5841, #4875, #2567 ),
 ( #4099, #8985, #3476 ),
 ( #1799, #8103, #1126 ),
 ( #7179, #6609, #3277 ),
 ( #2518, #8149, #5072 ),
 ( #8935, #1951, #8831 ) ),
 .UNSPECIFIED., .F., .F., .T. ) 
 B_SPLINE_SURFACE_WITH_KNOTS ( ( 4, 2, 4 ),
 ( 3, 3 ),
 ( 3.141592653589793116, 3.534291735288519032, 3.926990816987244948 ),
 ( 0.000000000000000000, 1.000000000000000000 ),
 .UNSPECIFIED. ) 
 GEOMETRIC_REPRESENTATION_ITEM ( )  RATIONAL_B_SPLINE_SURFACE ( (
 ( 1.000000000000000000, 0.9110534894398168992, 1.000000000000000000),
 ( 1.000000000000000000, 0.9110626554304035452, 1.000000000000000000),
 ( 1.000000000000000000, 0.9063740114849953011, 1.000000000000000000),
 ( 1.000000000000000000, 0.8879473656580535446, 1.000000000000000000),
 ( 1.000000000000000000, 0.8742084565672407770, 1.000000000000000000),
 ( 1.000000000000000000, 0.8563634108376400045, 1.000000000000000000) ) ) 
 REPRESENTATION_ITEM ( '' )  SURFACE ( )  );
#7284 = CARTESIAN_POINT ( 'NONE',  ( -3.525862073164412358, -14.31301115852228811, -15.17927772200767933 ) ) ;
#7285 = ADVANCED_FACE ( 'NONE', ( #4472 ), #5238, .F. ) ;
#7286 = CARTESIAN_POINT ( 'NONE',  ( -23.33718116500280715, 26.44009806528126916, 13.49314866347677366 ) ) ;
#7287 = CIRCLE ( 'NONE', #9439, 1.999999999999998224 ) ;
#7288 = AXIS2_PLACEMENT_3D ( 'NONE', #8729, #4054, #3279 ) ;
#7289 = CARTESIAN_POINT ( 'NONE',  ( -22.00000000000002132, 27.52965100515348595, -14.08578643762685800 ) ) ;
#7290 = CARTESIAN_POINT ( 'NONE',  ( -1.500000000000008438, -15.08578643762692550, -16.91421356237303897 ) ) ;
#7291 = ORIENTED_EDGE ( 'NONE', *, *, #537, .T. ) ;
#7292 = VERTEX_POINT ( 'NONE', #6832 ) ;
#7293 = DIRECTION ( 'NONE',  ( 1.994931997373328553E-15, 0.000000000000000000, 1.000000000000000000 ) ) ;
#7294 = VERTEX_POINT ( 'NONE', #8515 ) ;
#7295 = CARTESIAN_POINT ( 'NONE',  ( 9.396342007354087755, -16.64999999999995595, 15.35000000000000675 ) ) ;
#7296 = AXIS2_PLACEMENT_3D ( 'NONE', #6044, #3889, #5188 ) ;
#7297 = VECTOR ( 'NONE', #10038, 1000.000000000000000 ) ;
#7298 = DIRECTION ( 'NONE',  ( -0.7071067811865465735, 0.000000000000000000, -0.7071067811865484609 ) ) ;
#7299 = CARTESIAN_POINT ( 'NONE',  ( 13.82591905928729581, 70.85683819975781716, -20.00000000000000355 ) ) ;
#7300 = CARTESIAN_POINT ( 'NONE',  ( 15.49999999999999467, -14.50000000000000000, -0.8999999999999962474 ) ) ;
#7301 = EDGE_LOOP ( 'NONE', ( #7184, #2634, #1384, #3601 ) ) ;
#7302 = ORIENTED_EDGE ( 'NONE', *, *, #7201, .T. ) ;
#7303 = DIRECTION ( 'NONE',  ( -0.9063077870366480493, 0.4226182617407037712, -0.000000000000000000 ) ) ;
#7304 = EDGE_LOOP ( 'NONE', ( #5335, #2589, #188, #1191 ) ) ;
#7305 = CARTESIAN_POINT ( 'NONE',  ( 3.483017726294133976, 16.31696996261480948, 5.485215756023324118 ) ) ;
#7306 = LINE ( 'NONE', #4899, #1415 ) ;
#7307 = EDGE_CURVE ( 'NONE', #3711, #9807, #6875, .T. ) ;
#7308 = DIRECTION ( 'NONE',  ( 1.000000000000000000, 0.000000000000000000, 0.000000000000000000 ) ) ;
#7309 = FACE_OUTER_BOUND ( 'NONE', #3513, .T. ) ;
#7310 = EDGE_CURVE ( 'NONE', #2992, #7686, #1295, .T. ) ;
#7311 = DIRECTION ( 'NONE',  ( 0.000000000000000000, 0.000000000000000000, -1.000000000000000000 ) ) ;
#7312 = ORIENTED_EDGE ( 'NONE', *, *, #1001, .T. ) ;
#7313 = ORIENTED_EDGE ( 'NONE', *, *, #4619, .T. ) ;
#7314 = DIRECTION ( 'NONE',  ( 0.000000000000000000, -0.6342685675826026381, -0.7731127887809858823 ) ) ;
#7315 = EDGE_LOOP ( 'NONE', ( #6455, #8411, #4571, #7994 ) ) ;
#7316 = DIRECTION ( 'NONE',  ( 0.000000000000000000, 1.000000000000000000, 0.000000000000000000 ) ) ;
#7317 = EDGE_CURVE ( 'NONE', #5982, #683, #4856, .T. ) ;
#7318 = CARTESIAN_POINT ( 'NONE',  ( -29.53333395682620122, 13.77161979491729937, 21.99999999999999289 ) ) ;
#7319 = CARTESIAN_POINT ( 'NONE',  ( -20.73426804723356298, 27.95650060931026459, -14.71865172232443619 ) ) ;
#7320 = CARTESIAN_POINT ( 'NONE',  ( 5.983786305361222801, 24.70400026453146225, 14.89415507203084488 ) ) ;
#7321 = EDGE_CURVE ( 'NONE', #2437, #5046, #153, .T. ) ;
#7322 = DIRECTION ( 'NONE',  ( 0.000000000000000000, -0.000000000000000000, -1.000000000000000000 ) ) ;
#7323 = CARTESIAN_POINT ( 'NONE',  ( -24.14400060717253638, 24.88845242125421464, 13.32421019255610339 ) ) ;
#7324 = ORIENTED_EDGE ( 'NONE', *, *, #7510, .F. ) ;
#7325 = EDGE_LOOP ( 'NONE', ( #3873, #7059, #5464, #8369 ) ) ;
#7326 = CARTESIAN_POINT ( 'NONE',  ( 25.50000000000000355, -10.58578643762685267, -21.41421356237309581 ) ) ;
#7327 = CARTESIAN_POINT ( 'NONE',  ( 7.570551771364957716, 64.94674051898837774, -11.00000000000001066 ) ) ;
#7328 = EDGE_CURVE ( 'NONE', #3923, #7839, #7180, .T. ) ;
#7329 = CARTESIAN_POINT ( 'NONE',  ( -3.655461774313955470, -16.72634509770638189, -14.16561131300548837 ) ) ;
#7330 = EDGE_CURVE ( 'NONE', #2635, #8233, #3900, .T. ) ;
#7331 = LINE ( 'NONE', #7377, #4926 ) ;
#7332 = CARTESIAN_POINT ( 'NONE',  ( -22.91590506904519131, 27.15707154230092257, 13.71217265220092507 ) ) ;
#7333 = DIRECTION ( 'NONE',  ( 0.000000000000000000, 0.000000000000000000, -1.000000000000000000 ) ) ;
#7334 = ORIENTED_EDGE ( 'NONE', *, *, #9522, .T. ) ;
#7335 = EDGE_CURVE ( 'NONE', #5214, #4755, #1567, .T. ) ;
#7336 = DIRECTION ( 'NONE',  ( 0.4226182617407039377, 0.9063077870366479383, 0.000000000000000000 ) ) ;
#7337 = VERTEX_POINT ( 'NONE', #2320 ) ;
#7338 = VERTEX_POINT ( 'NONE', #5589 ) ;
#7339 = DIRECTION ( 'NONE',  ( 0.000000000000000000, 1.000000000000000000, 0.000000000000000000 ) ) ;
#7340 = ORIENTED_EDGE ( 'NONE', *, *, #7953, .F. ) ;
#7341 = LINE ( 'NONE', #1920, #411 ) ;
#7342 = CARTESIAN_POINT ( 'NONE',  ( -2.994904772160562612, 42.28904584305519165, 76.26183934523044172 ) ) ;
#7343 = CARTESIAN_POINT ( 'NONE',  ( -3.537343211831939893, -17.11089068992051310, 14.06023901938926102 ) ) ;
#7344 = CYLINDRICAL_SURFACE ( 'NONE', #1816, 8.750000000000003553 ) ;
#7345 = FACE_BOUND ( 'NONE', #6591, .T. ) ;
#7346 = ADVANCED_FACE ( 'NONE', ( #4826 ), #4667, .T. ) ;
#7347 = CARTESIAN_POINT ( 'NONE',  ( -10.50087042905658663, 4.896636298362512463, 76.26183934523054120 ) ) ;
#7348 = ORIENTED_EDGE ( 'NONE', *, *, #9629, .F. ) ;
#7349 = ORIENTED_EDGE ( 'NONE', *, *, #1489, .F. ) ;
#7350 = CARTESIAN_POINT ( 'NONE',  ( -25.50000000000000355, 26.50000000000001066, 11.16621592552500353 ) ) ;
#7351 = EDGE_LOOP ( 'NONE', ( #1322, #8865, #9466, #1970 ) ) ;
#7352 = CARTESIAN_POINT ( 'NONE',  ( -23.19482749190224879, 26.69930049931254956, -13.53331963286722939 ) ) ;
#7353 = LINE ( 'NONE', #4952, #1579 ) ;
#7354 = FACE_OUTER_BOUND ( 'NONE', #4657, .T. ) ;
#7355 = DIRECTION ( 'NONE',  ( 0.9063077870366479383, -0.4226182617407038267, -0.000000000000000000 ) ) ;
#7356 = CARTESIAN_POINT ( 'NONE',  ( -7.499999999999998224, 24.55000000000000071, -5.000000000000000000 ) ) ;
#7357 = ORIENTED_EDGE ( 'NONE', *, *, #5791, .F. ) ;
#7358 = ORIENTED_EDGE ( 'NONE', *, *, #8406, .F. ) ;
#7359 = CARTESIAN_POINT ( 'NONE',  ( -4.262759557374748098, 39.57012248196223680, -10.99999999999998224 ) ) ;
#7360 = CIRCLE ( 'NONE', #2945, 1.999999999999999112 ) ;
#7361 = ORIENTED_EDGE ( 'NONE', *, *, #3503, .F. ) ;
#7362 = CARTESIAN_POINT ( 'NONE',  ( 14.83245263440451644, 63.95652609376352160, -16.17157287525382259 ) ) ;
#7363 = PLANE ( 'NONE',  #167 ) ;
#7364 = CARTESIAN_POINT ( 'NONE',  ( 3.008659104022687547, 33.86791587487892485, 16.17157287525381548 ) ) ;
#7365 = CIRCLE ( 'NONE', #10012, 0.9749999999999984235 ) ;
#7366 = LINE ( 'NONE', #4688, #498 ) ;
#7367 = CARTESIAN_POINT ( 'NONE',  ( 5.499999999999994671, 26.50000000000003553, 0.000000000000000000 ) ) ;
#7368 = CARTESIAN_POINT ( 'NONE',  ( -23.19476098963131960, 26.69943710504266932, 13.53332262653911933 ) ) ;
#7369 = ORIENTED_EDGE ( 'NONE', *, *, #1180, .F. ) ;
#7370 = ORIENTED_EDGE ( 'NONE', *, *, #7482, .T. ) ;
#7371 = DIRECTION ( 'NONE',  ( -0.000000000000000000, -1.000000000000000000, 0.000000000000000000 ) ) ;
#7372 = EDGE_CURVE ( 'NONE', #6069, #307, #3131, .T. ) ;
#7373 = VECTOR ( 'NONE', #3966, 1000.000000000000114 ) ;
#7374 = DIRECTION ( 'NONE',  ( -0.4226182617407044928, -0.9063077870366477162, 3.469446951953619711E-15 ) ) ;
#7375 = EDGE_CURVE ( 'NONE', #3986, #6027, #4676, .T. ) ;
#7376 = CARTESIAN_POINT ( 'NONE',  ( -3.530544973595977964, -14.36798888404273811, 15.15178903927019505 ) ) ;
#7377 = CARTESIAN_POINT ( 'NONE',  ( -3.499999999999996003, 28.11543744278039370, -15.49999999999995559 ) ) ;
#7378 = CARTESIAN_POINT ( 'NONE',  ( -4.592019000520899397, -17.23559897200725999, 13.71798695162324577 ) ) ;
#7379 = CARTESIAN_POINT ( 'NONE',  ( -25.24630852840486739, 27.03725572431213209, 11.47684042418581285 ) ) ;
#7380 = EDGE_LOOP ( 'NONE', ( #4136, #4615, #4070, #2147, #1697, #7143, #5934 ) ) ;
#7381 = DIRECTION ( 'NONE',  ( -0.9063077870366479383, 0.4226182617407037712, -0.000000000000000000 ) ) ;
#7382 = VERTEX_POINT ( 'NONE', #1704 ) ;
#7383 = VERTEX_POINT ( 'NONE', #7134 ) ;
#7384 = PLANE ( 'NONE',  #8277 ) ;
#7385 = ORIENTED_EDGE ( 'NONE', *, *, #3677, .F. ) ;
#7386 = DIRECTION ( 'NONE',  ( 0.3415345428292376750, -0.9398692228466807297, 0.000000000000000000 ) ) ;
#7387 = AXIS2_PLACEMENT_3D ( 'NONE', #6968, #8503, #6189 ) ;
#7388 = CARTESIAN_POINT ( 'NONE',  ( -4.262759557341363248, 39.57012248197151649, 14.00000000000000355 ) ) ;
#7389 = CARTESIAN_POINT ( 'NONE',  ( 0.6922525693515629852, 36.57164589199719984, 22.00000000000000000 ) ) ;
#7390 = DIRECTION ( 'NONE',  ( -1.000000000000000000, 0.000000000000000000, 0.000000000000000000 ) ) ;
#7391 = VECTOR ( 'NONE', #5428, 1000.000000000000000 ) ;
#7392 = CARTESIAN_POINT ( 'NONE',  ( 1.127135888732319957, 36.71294190905135935, -20.57803033311151708 ) ) ;
#7393 = DIRECTION ( 'NONE',  ( 0.2792582776338263795, -0.7672558119947032740, 0.5773502691896293948 ) ) ;
#7394 = VERTEX_POINT ( 'NONE', #5643 ) ;
#7395 = ORIENTED_EDGE ( 'NONE', *, *, #9653, .T. ) ;
#7396 = FACE_OUTER_BOUND ( 'NONE', #9235, .T. ) ;
#7397 = VERTEX_POINT ( 'NONE', #8625 ) ;
#7398 = CIRCLE ( 'NONE', #8065, 5.000000000000000000 ) ;
#7399 = DIRECTION ( 'NONE',  ( -0.4226182617407038267, -0.9063077870366479383, 0.000000000000000000 ) ) ;
#7400 = CARTESIAN_POINT ( 'NONE',  ( -23.84688864375633699, 25.46902147123229909, 13.38255248344928283 ) ) ;
#7401 = EDGE_CURVE ( 'NONE', #172, #1138, #8571, .T. ) ;
#7402 = DIRECTION ( 'NONE',  ( 0.4226182617407037712, 0.9063077870366479383, 0.000000000000000000 ) ) ;
#7403 = CARTESIAN_POINT ( 'NONE',  ( 5.499999999999994671, 11.55000000000000071, 15.35000000000000675 ) ) ;
#7404 = B_SPLINE_CURVE_WITH_KNOTS ( 'NONE', 3,
 ( #4181, #9736, #2692, #1155, #4276, #2546, #5672, #7400, #2738, #1732, #7978, #961, #6017, #1360, #2999, #4332, #9215, #2788, #8224, #8374, #488, #8325, #3717 ),
 .UNSPECIFIED., .F., .F.,
 ( 4, 2, 1, 1, 1, 1, 2, 2, 2, 1, 1, 1, 2, 2, 4 ),
 ( 0.000000000000000000, 0.2499999999999675260, 0.3749999999999533151, 0.4374999999999462652, 0.4687499999999438782, 0.4843749999999412692, 0.4921874999999433786, 0.4999999999999454880, 0.6249999999999493738, 0.6874999999999531486, 0.7187499999999563682, 0.7343749999999559241, 0.7421874999999570344, 0.7499999999999580336, 1.000000000000000000 ),
 .UNSPECIFIED. ) ;
#7405 = DIRECTION ( 'NONE',  ( 0.000000000000000000, 0.000000000000000000, 1.000000000000000000 ) ) ;
#7406 = VECTOR ( 'NONE', #9347, 1000.000000000000000 ) ;
#7407 = EDGE_CURVE ( 'NONE', #3803, #7879, #9406, .T. ) ;
#7408 = PLANE ( 'NONE',  #3477 ) ;
#7409 = ORIENTED_EDGE ( 'NONE', *, *, #4668, .T. ) ;
#7410 = ORIENTED_EDGE ( 'NONE', *, *, #5944, .T. ) ;
#7411 = LINE ( 'NONE', #1113, #6145 ) ;
#7412 = ORIENTED_EDGE ( 'NONE', *, *, #70, .T. ) ;
#7413 = DIRECTION ( 'NONE',  ( 0.000000000000000000, 0.000000000000000000, -1.000000000000000000 ) ) ;
#7414 = VECTOR ( 'NONE', #7402, 1000.000000000000000 ) ;
#7415 = CYLINDRICAL_SURFACE ( 'NONE', #8513, 1.000000000000000888 ) ;
#7416 = ADVANCED_FACE ( 'NONE', ( #3949 ), #4002, .F. ) ;
#7417 = CARTESIAN_POINT ( 'NONE',  ( -22.71629261286153323, 27.39001814001279200, -13.88499447053082747 ) ) ;
#7418 = PLANE ( 'NONE',  #5790 ) ;
#7419 = DIRECTION ( 'NONE',  ( -0.4226182617407045483, -0.9063077870366476052, 0.000000000000000000 ) ) ;
#7420 = CIRCLE ( 'NONE', #7265, 1.999999999999997558 ) ;
#7421 = EDGE_LOOP ( 'NONE', ( #5597, #6936 ) ) ;
#7422 = ORIENTED_EDGE ( 'NONE', *, *, #4846, .T. ) ;
#7423 = CARTESIAN_POINT ( 'NONE',  ( -23.69326692975047521, 28.66252383495065459, -13.80673307024948038 ) ) ;
#7424 =( BOUNDED_CURVE ( )  B_SPLINE_CURVE ( 3, ( #7021, #2268, #7684, #7738 ),
 .UNSPECIFIED., .F., .T. ) 
 B_SPLINE_CURVE_WITH_KNOTS ( ( 4, 4 ),
 ( 3.141592653589793116, 4.273427094774946866 ),
 .UNSPECIFIED. ) 
 CURVE ( )  GEOMETRIC_REPRESENTATION_ITEM ( )  RATIONAL_B_SPLINE_CURVE ( ( 1.000000000000000000, 0.8960647672044679268, 0.8960647672044679268, 1.000000000000000000 ) ) 
 REPRESENTATION_ITEM ( '' )  );
#7425 = DIRECTION ( 'NONE',  ( 0.4226182617407036601, 0.9063077870366480493, 0.000000000000000000 ) ) ;
#7426 = AXIS2_PLACEMENT_3D ( 'NONE', #5754, #6576, #4118 ) ;
#7427 = LINE ( 'NONE', #413, #5259 ) ;
#7428 = EDGE_CURVE ( 'NONE', #827, #1123, #3690, .T. ) ;
#7429 = DIRECTION ( 'NONE',  ( -1.084202172485503448E-16, 0.000000000000000000, -1.000000000000000000 ) ) ;
#7430 = EDGE_CURVE ( 'NONE', #9478, #2027, #782, .T. ) ;
#7431 = CARTESIAN_POINT ( 'NONE',  ( 7.499999999999992895, -14.50000000000000000, -16.64999999999999503 ) ) ;
#7432 = EDGE_LOOP ( 'NONE', ( #1468, #3191, #23, #6870 ) ) ;
#7433 = CARTESIAN_POINT ( 'NONE',  ( -23.17405387591975341, 26.85052727634573344, -13.50746745426765649 ) ) ;
#7434 = AXIS2_PLACEMENT_3D ( 'NONE', #5626, #6299, #1637 ) ;
#7435 = AXIS2_PLACEMENT_3D ( 'NONE', #8373, #2997, #9314 ) ;
#7436 = ORIENTED_EDGE ( 'NONE', *, *, #7953, .T. ) ;
#7437 = ORIENTED_EDGE ( 'NONE', *, *, #368, .F. ) ;
#7438 = CARTESIAN_POINT ( 'NONE',  ( -5.001565560690445444, 37.98574789487540926, 16.48574789487545900 ) ) ;
#7439 = VERTEX_POINT ( 'NONE', #7025 ) ;
#7440 = CARTESIAN_POINT ( 'NONE',  ( 11.39634200735408420, 20.60365799264596021, 17.35000000000000853 ) ) ;
#7441 = DIRECTION ( 'NONE',  ( 0.000000000000000000, 0.000000000000000000, -1.000000000000000000 ) ) ;
#7443 = LINE ( 'NONE', #5956, #7726 ) ;
#7442 = VECTOR ( 'NONE', #1355, 1000.000000000000000 ) ;
#7444 = CARTESIAN_POINT ( 'NONE',  ( -22.62473435102059938, 27.41056566237019254, -13.91729129941021981 ) ) ;
#7445 = VECTOR ( 'NONE', #2014, 1000.000000000000000 ) ;
#7446 = CARTESIAN_POINT ( 'NONE',  ( 7.499999999999992895, -13.34999999999996589, -18.64999999999999147 ) ) ;
#7447 = CYLINDRICAL_SURFACE ( 'NONE', #5632, 1.000000000000000888 ) ;
#7448 = ORIENTED_EDGE ( 'NONE', *, *, #2610, .T. ) ;
#7449 = VERTEX_POINT ( 'NONE', #6315 ) ;
#7450 = LINE ( 'NONE', #7252, #3687 ) ;
#7451 = AXIS2_PLACEMENT_3D ( 'NONE', #5444, #943, #6325 ) ;
#7452 = ORIENTED_EDGE ( 'NONE', *, *, #6823, .T. ) ;
#7453 = CIRCLE ( 'NONE', #7790, 2.000000000000000000 ) ;
#7454 = DIRECTION ( 'NONE',  ( -0.4226182617407032160, -0.9063077870366481603, 0.000000000000000000 ) ) ;
#7455 = EDGE_CURVE ( 'NONE', #2113, #905, #6168, .T. ) ;
#7456 = DIRECTION ( 'NONE',  ( 0.4226182617407028275, 0.9063077870366484934, 0.000000000000000000 ) ) ;
#7457 = AXIS2_PLACEMENT_3D ( 'NONE', #1700, #3578, #9033 ) ;
#7458 = LINE ( 'NONE', #9989, #6097 ) ;
#7459 = CARTESIAN_POINT ( 'NONE',  ( 0.9001510844151051627, 29.68563535321195346, 22.00000000000000000 ) ) ;
#7460 = EDGE_CURVE ( 'NONE', #1961, #806, #9134, .T. ) ;
#7461 = CARTESIAN_POINT ( 'NONE',  ( 28.76390185419558776, 61.68438658717938949, 20.00000000000000355 ) ) ;
#7462 = AXIS2_PLACEMENT_3D ( 'NONE', #9175, #6026, #9279 ) ;
#7463 = DIRECTION ( 'NONE',  ( -0.4226182617407037156, -0.9063077870366480493, 0.000000000000000000 ) ) ;
#7464 = LINE ( 'NONE', #447, #6603 ) ;
#7465 = VERTEX_POINT ( 'NONE', #9613 ) ;
#7466 = ORIENTED_EDGE ( 'NONE', *, *, #357, .F. ) ;
#7467 = EDGE_CURVE ( 'NONE', #8469, #6147, #8832, .T. ) ;
#7468 = CARTESIAN_POINT ( 'NONE',  ( 1.679907603237638325, 35.75080225211290497, 14.00000000000000355 ) ) ;
#7469 = ORIENTED_EDGE ( 'NONE', *, *, #1936, .F. ) ;
#7470 = ORIENTED_EDGE ( 'NONE', *, *, #2069, .T. ) ;
#7471 = CARTESIAN_POINT ( 'NONE',  ( 2.081394951891304856, 36.61179464979771581, 14.00000000000000355 ) ) ;
#7472 = CARTESIAN_POINT ( 'NONE',  ( 7.570551771364957716, 64.94674051898837774, -11.00000000000001066 ) ) ;
#7473 = DIRECTION ( 'NONE',  ( -0.000000000000000000, 0.000000000000000000, -1.000000000000000000 ) ) ;
#7474 = CARTESIAN_POINT ( 'NONE',  ( -2.336323937956631180, 76.69965572009762411, 19.92313873240188471 ) ) ;
#7475 = CARTESIAN_POINT ( 'NONE',  ( -25.50000000000000355, -13.99999999999997513, -11.32136381482855469 ) ) ;
#7476 = EDGE_CURVE ( 'NONE', #5001, #8371, #6127, .T. ) ;
#7477 = CARTESIAN_POINT ( 'NONE',  ( -22.83653306402142391, 27.27413416397073931, 13.77998054382052651 ) ) ;
#7478 = VERTEX_POINT ( 'NONE', #657 ) ;
#7479 = ORIENTED_EDGE ( 'NONE', *, *, #2045, .F. ) ;
#7480 = CARTESIAN_POINT ( 'NONE',  ( -15.49999999999607248, 41.50000000000842704, 21.99999999999999289 ) ) ;
#7481 = DIRECTION ( 'NONE',  ( 0.9063077870366479383, -0.4226182617407037712, -0.000000000000000000 ) ) ;
#7482 = EDGE_CURVE ( 'NONE', #6024, #7250, #10052, .T. ) ;
#7483 = CARTESIAN_POINT ( 'NONE',  ( -22.87710585446225409, 27.21014838676367731, 13.74616552608089393 ) ) ;
#7484 = CARTESIAN_POINT ( 'NONE',  ( -1.749669308765177789, -16.52431407041819966, 15.47568592958176303 ) ) ;
#7485 = CARTESIAN_POINT ( 'NONE',  ( -25.03201792861932518, 27.54396194803477016, 11.52029341041195032 ) ) ;
#7486 = ORIENTED_EDGE ( 'NONE', *, *, #10, .T. ) ;
#7487 = CARTESIAN_POINT ( 'NONE',  ( 7.499999999999996447, 12.50000000000000000, 13.35000000000000497 ) ) ;
#7488 = ORIENTED_EDGE ( 'NONE', *, *, #8978, .T. ) ;
#7489 = ORIENTED_EDGE ( 'NONE', *, *, #4787, .T. ) ;
#7490 = CARTESIAN_POINT ( 'NONE',  ( -8.456203883079174588, 42.40826002027122854, 19.49999999999999645 ) ) ;
#7491 = ORIENTED_EDGE ( 'NONE', *, *, #5181, .F. ) ;
#7492 = DIRECTION ( 'NONE',  ( 0.000000000000000000, 0.000000000000000000, 1.000000000000000000 ) ) ;
#7493 = PLANE ( 'NONE',  #3589 ) ;
#7494 = FACE_OUTER_BOUND ( 'NONE', #1294, .T. ) ;
#7495 = PLANE ( 'NONE',  #507 ) ;
#7496 = CARTESIAN_POINT ( 'NONE',  ( -0.7267451883849860295, 39.48334186525004696, -21.99999999999999645 ) ) ;
#7497 = DIRECTION ( 'NONE',  ( -0.000000000000000000, 0.7071067811865464625, 0.7071067811865486830 ) ) ;
#7498 = ORIENTED_EDGE ( 'NONE', *, *, #4868, .F. ) ;
#7499 = EDGE_LOOP ( 'NONE', ( #5638, #2839, #1357, #1864 ) ) ;
#7500 = DIRECTION ( 'NONE',  ( -0.4226182617407046593, -0.9063077870366476052, 0.000000000000000000 ) ) ;
#7501 = EDGE_CURVE ( 'NONE', #7338, #5719, #4546, .T. ) ;
#7502 = ORIENTED_EDGE ( 'NONE', *, *, #7130, .F. ) ;
#7503 = CARTESIAN_POINT ( 'NONE',  ( -22.92982292069578421, 27.14270538029581559, -13.69580308944023095 ) ) ;
#7504 = EDGE_CURVE ( 'NONE', #8920, #8029, #2550, .T. ) ;
#7505 = DIRECTION ( 'NONE',  ( 0.000000000000000000, -0.000000000000000000, 1.000000000000000000 ) ) ;
#7506 = FACE_OUTER_BOUND ( 'NONE', #3068, .T. ) ;
#7507 = DIRECTION ( 'NONE',  ( 1.000000000000000000, 0.000000000000000000, 0.000000000000000000 ) ) ;
#7508 = CYLINDRICAL_SURFACE ( 'NONE', #1690, 0.9499999999999980682 ) ;
#7509 = EDGE_CURVE ( 'NONE', #6482, #1138, #6969, .T. ) ;
#7510 = EDGE_CURVE ( 'NONE', #7449, #3618, #9904, .T. ) ;
#7511 = DIRECTION ( 'NONE',  ( 0.000000000000000000, 0.000000000000000000, 1.000000000000000000 ) ) ;
#7512 = CARTESIAN_POINT ( 'NONE',  ( 5.499999999999994671, -14.50000000000000000, -16.64999999999999503 ) ) ;
#7513 = ORIENTED_EDGE ( 'NONE', *, *, #1963, .F. ) ;
#7514 = VERTEX_POINT ( 'NONE', #9282 ) ;
#7515 = DIRECTION ( 'NONE',  ( 0.4226182617407035491, 0.9063077870366480493, 0.000000000000000000 ) ) ;
#7516 = ORIENTED_EDGE ( 'NONE', *, *, #6074, .T. ) ;
#7517 = ORIENTED_EDGE ( 'NONE', *, *, #2206, .T. ) ;
#7518 = B_SPLINE_CURVE_WITH_KNOTS ( 'NONE', 3,
 ( #1325, #6860, #9180, #3829 ),
 .UNSPECIFIED., .F., .F.,
 ( 4, 4 ),
 ( 0.000000000000000000, 1.000000000000000000 ),
 .UNSPECIFIED. ) ;
#7519 = FACE_OUTER_BOUND ( 'NONE', #3288, .T. ) ;
#7520 = FACE_OUTER_BOUND ( 'NONE', #4073, .T. ) ;
#7521 = DIRECTION ( 'NONE',  ( -1.000000000000000000, 0.000000000000000000, 0.000000000000000000 ) ) ;
#7522 = CARTESIAN_POINT ( 'NONE',  ( -4.276973023422148579, -16.85766171622110576, -13.90695557951631756 ) ) ;
#7523 = DIRECTION ( 'NONE',  ( 0.000000000000000000, 1.000000000000000000, 0.000000000000000000 ) ) ;
#7524 = AXIS2_PLACEMENT_3D ( 'NONE', #6673, #2174, #6048 ) ;
#7525 = LINE ( 'NONE', #4295, #9216 ) ;
#7526 = ORIENTED_EDGE ( 'NONE', *, *, #1388, .T. ) ;
#7527 = LINE ( 'NONE', #7326, #9287 ) ;
#7528 = DIRECTION ( 'NONE',  ( 0.9063077870366480493, -0.4226182617407037712, 0.000000000000000000 ) ) ;
#7529 = CARTESIAN_POINT ( 'NONE',  ( -23.06571143494846510, 26.80076087549489827, 13.50463759611206882 ) ) ;
#7530 = B_SPLINE_CURVE_WITH_KNOTS ( 'NONE', 3,
 ( #6339, #4032, #4075, #6383, #9530, #2490, #8808, #5615, #233, #7824 ),
 .UNSPECIFIED., .F., .F.,
 ( 4, 2, 2, 2, 4 ),
 ( 8.058903941119837893E-15, 0.0004114269098644013790, 0.0008228538197207437748, 0.001234280729577086171, 0.001645707639433428675 ),
 .UNSPECIFIED. ) ;
#7531 = CARTESIAN_POINT ( 'NONE',  ( -3.684038001041809451, -18.64981253438035225, 13.35018746561960512 ) ) ;
#7532 = DIRECTION ( 'NONE',  ( 0.000000000000000000, 1.000000000000000000, -0.000000000000000000 ) ) ;
#7533 = ORIENTED_EDGE ( 'NONE', *, *, #7152, .F. ) ;
#7534 = CARTESIAN_POINT ( 'NONE',  ( -23.17157287525381548, 26.29507800053148259, -13.49999999999995559 ) ) ;
#7535 = CIRCLE ( 'NONE', #3119, 2.000000000000000000 ) ;
#7536 = ORIENTED_EDGE ( 'NONE', *, *, #9159, .T. ) ;
#7537 = ORIENTED_EDGE ( 'NONE', *, *, #3066, .F. ) ;
#7538 = EDGE_CURVE ( 'NONE', #5636, #9524, #99, .T. ) ;
#7539 = CYLINDRICAL_SURFACE ( 'NONE', #425, 1.000000000000000888 ) ;
#7540 = VERTEX_POINT ( 'NONE', #9959 ) ;
#7541 = CARTESIAN_POINT ( 'NONE',  ( -19.70451594094740244, 28.09787549493069392, 15.23352243332828415 ) ) ;
#7542 = DIRECTION ( 'NONE',  ( 0.7071067811865469066, 0.4999999999999996669, 0.5000000000000012212 ) ) ;
#7543 = AXIS2_PLACEMENT_3D ( 'NONE', #7679, #7731, #3841 ) ;
#7544 = CARTESIAN_POINT ( 'NONE',  ( -31.12556067133742488, 13.93100661817446273, 76.26183934523054120 ) ) ;
#7545 = FACE_OUTER_BOUND ( 'NONE', #1942, .T. ) ;
#7546 = EDGE_CURVE ( 'NONE', #1124, #9524, #4501, .T. ) ;
#7547 = CARTESIAN_POINT ( 'NONE',  ( -2.976828996322942178, 20.00000000000000000, -2.976828996322931076 ) ) ;
#7548 =( BOUNDED_SURFACE ( )  B_SPLINE_SURFACE ( 3, 2, ( 
 ( #3065, #5415, #1531 ),
 ( #4652, #7777, #7004 ),
 ( #8026, #6436, #3363 ),
 ( #236, #8861, #6490 ),
 ( #6587, #2644, #8175 ),
 ( #390, #9740, #5007 ) ),
 .UNSPECIFIED., .F., .F., .T. ) 
 B_SPLINE_SURFACE_WITH_KNOTS ( ( 4, 2, 4 ),
 ( 3, 3 ),
 ( 0.2588109903678181833, 0.2991093878138361695, 0.3394077852598541556 ),
 ( 0.000000000000000000, 1.000000000000000000 ),
 .UNSPECIFIED. ) 
 GEOMETRIC_REPRESENTATION_ITEM ( )  RATIONAL_B_SPLINE_SURFACE ( (
 ( 1.000000000000000000, 0.9595792458811822634, 1.000000000000000000),
 ( 1.000000000000000000, 0.9660490275494780787, 1.000000000000000000),
 ( 1.000000000000000000, 0.9708598320351958799, 1.000000000000000000),
 ( 1.000000000000000000, 0.9771834992356099869, 1.000000000000000000),
 ( 1.000000000000000000, 0.9786974140590949389, 1.000000000000000000),
 ( 1.000000000000000000, 0.9786933774763786342, 1.000000000000000000) ) ) 
 REPRESENTATION_ITEM ( '' )  SURFACE ( )  );
#7549 = CARTESIAN_POINT ( 'NONE',  ( -22.44603207010313284, -15.49999999999997335, -12.52899151085500051 ) ) ;
#7550 = EDGE_LOOP ( 'NONE', ( #4028, #8292, #9718, #9663 ) ) ;
#7551 = ORIENTED_EDGE ( 'NONE', *, *, #4431, .F. ) ;
#7552 = LINE ( 'NONE', #641, #5975 ) ;
#7553 = VERTEX_POINT ( 'NONE', #2912 ) ;
#7554 = CARTESIAN_POINT ( 'NONE',  ( 2.337623768468954477, 13.80999756849768723, 8.260594198796164633 ) ) ;
#7555 = DIRECTION ( 'NONE',  ( 0.4226182617407038267, 0.9063077870366479383, -0.000000000000000000 ) ) ;
#7556 = AXIS2_PLACEMENT_3D ( 'NONE', #3016, #6962, #6134 ) ;
#7557 = DIRECTION ( 'NONE',  ( 1.000000000000000000, -0.000000000000000000, -0.000000000000000000 ) ) ;
#7558 = LINE ( 'NONE', #9268, #4757 ) ;
#7559 = CARTESIAN_POINT ( 'NONE',  ( -3.499999999999996003, 28.11543744278040435, 15.49999999999998046 ) ) ;
#7560 = FACE_OUTER_BOUND ( 'NONE', #6884, .T. ) ;
#7561 = ADVANCED_FACE ( 'NONE', ( #9080 ), #3732, .F. ) ;
#7562 = VECTOR ( 'NONE', #3331, 1000.000000000000000 ) ;
#7563 = CARTESIAN_POINT ( 'NONE',  ( 7.499999999999992895, 12.50000000000000000, -16.64999999999999503 ) ) ;
#7564 = ADVANCED_FACE ( 'NONE', ( #7520 ), #9179, .F. ) ;
#7565 = CARTESIAN_POINT ( 'NONE',  ( -1.130979100816087657, 72.31446475924605011, 14.99999999999999822 ) ) ;
#7566 = ORIENTED_EDGE ( 'NONE', *, *, #6712, .F. ) ;
#7567 = ORIENTED_EDGE ( 'NONE', *, *, #7032, .T. ) ;
#7568 = CARTESIAN_POINT ( 'NONE',  ( 12.69634200735406893, 14.50000000000000000, -18.64999999999999503 ) ) ;
#7569 = EDGE_LOOP ( 'NONE', ( #107, #8312, #4998, #1338 ) ) ;
#7570 = ORIENTED_EDGE ( 'NONE', *, *, #7637, .T. ) ;
#7571 = DIRECTION ( 'NONE',  ( 0.9063077870366480493, -0.4226182617407037712, 0.000000000000000000 ) ) ;
#7572 = CIRCLE ( 'NONE', #8392, 0.9749999999999984235 ) ;
#7573 = DIRECTION ( 'NONE',  ( 0.000000000000000000, -1.000000000000000000, 0.000000000000000000 ) ) ;
#7574 = CIRCLE ( 'NONE', #9068, 0.9999999999999991118 ) ;
#7575 = DIRECTION ( 'NONE',  ( 0.000000000000000000, -1.000000000000000000, 0.000000000000000000 ) ) ;
#7576 = CARTESIAN_POINT ( 'NONE',  ( -19.62612944411582205, 28.10251612741853577, -15.27271985264958154 ) ) ;
#7577 = ORIENTED_EDGE ( 'NONE', *, *, #5849, .T. ) ;
#7578 = DIRECTION ( 'NONE',  ( -1.975180195419136240E-15, 0.000000000000000000, -1.000000000000000000 ) ) ;
#7579 = AXIS2_PLACEMENT_3D ( 'NONE', #9421, #2391, #1619 ) ;
#7580 = FACE_OUTER_BOUND ( 'NONE', #6209, .T. ) ;
#7581 = EDGE_CURVE ( 'NONE', #6774, #2927, #8495, .T. ) ;
#7582 = VECTOR ( 'NONE', #3670, 1000.000000000000000 ) ;
#7583 = CARTESIAN_POINT ( 'NONE',  ( -22.92710822714865415, 27.21446943926101270, 13.74003188151571209 ) ) ;
#7584 = CIRCLE ( 'NONE', #8404, 0.9499999999999978462 ) ;
#7585 = EDGE_CURVE ( 'NONE', #136, #1039, #504, .T. ) ;
#7586 = CARTESIAN_POINT ( 'NONE',  ( 0.07580442084934101155, 77.26862195616686790, 19.99999999999998934 ) ) ;
#7587 = DIRECTION ( 'NONE',  ( -0.4019048076038938544, 0.9156814542322438966, -0.000000000000000000 ) ) ;
#7588 = ORIENTED_EDGE ( 'NONE', *, *, #4132, .F. ) ;
#7589 = FACE_OUTER_BOUND ( 'NONE', #6530, .T. ) ;
#7590 = ORIENTED_EDGE ( 'NONE', *, *, #5560, .F. ) ;
#7591 = EDGE_CURVE ( 'NONE', #9867, #2438, #75, .T. ) ;
#7592 = DIRECTION ( 'NONE',  ( 0.4226182617407037156, 0.9063077870366479383, 0.000000000000000000 ) ) ;
#7593 = VECTOR ( 'NONE', #4642, 1000.000000000000000 ) ;
#7594 = ORIENTED_EDGE ( 'NONE', *, *, #5292, .T. ) ;
#7595 = CARTESIAN_POINT ( 'NONE',  ( -19.80158949915993816, 28.09054096403421497, 15.18498601401050507 ) ) ;
#7596 = EDGE_CURVE ( 'NONE', #9101, #9388, #8279, .T. ) ;
#7597 = LINE ( 'NONE', #532, #9833 ) ;
#7598 = CARTESIAN_POINT ( 'NONE',  ( 0.000000000000000000, 18.50000000000000000, -10.00000000000000000 ) ) ;
#7599 = LINE ( 'NONE', #8422, #8698 ) ;
#7600 = SPHERICAL_SURFACE ( 'NONE', #3475, 2.000000000000000000 ) ;
#7601 = CARTESIAN_POINT ( 'NONE',  ( 30.19145639375379275, 27.60561887995873676, 11.69675548999209092 ) ) ;
#7602 = VERTEX_POINT ( 'NONE', #6076 ) ;
#7603 = EDGE_LOOP ( 'NONE', ( #1956, #1777, #147, #3899 ) ) ;
#7604 = CARTESIAN_POINT ( 'NONE',  ( 0.9821122078874505723, 76.84600369442927104, -20.00000000000000355 ) ) ;
#7605 = VERTEX_POINT ( 'NONE', #3620 ) ;
#7606 = CARTESIAN_POINT ( 'NONE',  ( 25.50000000000000355, 14.50000000000000000, -0.8999999999999966915 ) ) ;
#7607 = AXIS2_PLACEMENT_3D ( 'NONE', #907, #957, #6287 ) ;
#7608 = CIRCLE ( 'NONE', #4825, 2.000000000000000000 ) ;
#7609 = CARTESIAN_POINT ( 'NONE',  ( 7.499999999999996447, -11.55000000000000071, 13.35000000000000497 ) ) ;
#7610 = CARTESIAN_POINT ( 'NONE',  ( -3.499999999999996003, 28.11543744278039370, -13.95621637582108221 ) ) ;
#7611 = CARTESIAN_POINT ( 'NONE',  ( 25.50000000000000355, -14.50000000000000000, -17.49999999999996447 ) ) ;
#7612 = EDGE_CURVE ( 'NONE', #1052, #5635, #3678, .T. ) ;
#7613 = CARTESIAN_POINT ( 'NONE',  ( -22.81076645485400434, -15.49999999999997158, -12.21623435616700704 ) ) ;
#7614 = CARTESIAN_POINT ( 'NONE',  ( 8.328427124746188071, 22.54999999999999716, -9.050000000000006040 ) ) ;
#7615 = FACE_OUTER_BOUND ( 'NONE', #4297, .T. ) ;
#7616 = CIRCLE ( 'NONE', #2063, 1.049999999999991385 ) ;
#7617 = FACE_OUTER_BOUND ( 'NONE', #4120, .T. ) ;
#7618 = AXIS2_PLACEMENT_3D ( 'NONE', #8738, #9360, #4683 ) ;
#7619 = ORIENTED_EDGE ( 'NONE', *, *, #9214, .T. ) ;
#7620 = ORIENTED_EDGE ( 'NONE', *, *, #5814, .F. ) ;
#7621 = DIRECTION ( 'NONE',  ( -0.9127481291739371061, 0.4085227688752218755, -0.000000000000000000 ) ) ;
#7622 = ORIENTED_EDGE ( 'NONE', *, *, #7335, .T. ) ;
#7623 = EDGE_LOOP ( 'NONE', ( #2798, #7864 ) ) ;
#7624 = CARTESIAN_POINT ( 'NONE',  ( -2.905661822261147150E-15, 13.50000000000000000, -10.05000000000000071 ) ) ;
#7625 = CARTESIAN_POINT ( 'NONE',  ( -2.500000000000001332, 18.50000000000000000, 5.000000000000000000 ) ) ;
#7626 = CIRCLE ( 'NONE', #8451, 1.999999999999997113 ) ;
#7627 = B_SPLINE_CURVE_WITH_KNOTS ( 'NONE', 1,
 ( #1187, #4308 ),
 .UNSPECIFIED., .F., .F.,
 ( 2, 2 ),
 ( 0.000000000000000000, 1.000000000000000000 ),
 .UNSPECIFIED. ) ;
#7628 = DIRECTION ( 'NONE',  ( 0.8574929257125448734, -0.5144957554275253475, 6.138935552817340333E-17 ) ) ;
#7629 = EDGE_CURVE ( 'NONE', #2472, #9291, #9230, .T. ) ;
#7630 = CIRCLE ( 'NONE', #3208, 0.8000000000000038192 ) ;
#7631 = CARTESIAN_POINT ( 'NONE',  ( -2.279720836620454882, 76.76712344017333578, 19.58660972377318998 ) ) ;
#7632 = CARTESIAN_POINT ( 'NONE',  ( -24.95337874166631664, 27.72129675240492830, 11.54369039193535507 ) ) ;
#7633 = ORIENTED_EDGE ( 'NONE', *, *, #3214, .F. ) ;
#7634 = CARTESIAN_POINT ( 'NONE',  ( -7.499999999999998224, 41.36606874731850070, 5.000000000000000000 ) ) ;
#7635 = EDGE_CURVE ( 'NONE', #3343, #3551, #1805, .T. ) ;
#7636 = DIRECTION ( 'NONE',  ( -0.4226182617407038267, -0.9063077870366479383, 0.000000000000000000 ) ) ;
#7637 = EDGE_CURVE ( 'NONE', #2621, #1602, #6918, .T. ) ;
#7638 = CARTESIAN_POINT ( 'NONE',  ( -3.960054782725409783, -16.22384611913927444, -14.22386080160161903 ) ) ;
#7639 = CARTESIAN_POINT ( 'NONE',  ( -1.500000000000008216, -14.50000000000000000, -22.00000000000000000 ) ) ;
#7640 = CARTESIAN_POINT ( 'NONE',  ( -3.499999999999996003, -9.171572875253783508, 20.00000000000001066 ) ) ;
#7641 = EDGE_LOOP ( 'NONE', ( #8682, #1712 ) ) ;
#7642 = CARTESIAN_POINT ( 'NONE',  ( 8.328427124746188071, -7.550000000000000711, -7.049999999999997158 ) ) ;
#7643 = EDGE_CURVE ( 'NONE', #788, #1136, #7109, .T. ) ;
#7644 = ORIENTED_EDGE ( 'NONE', *, *, #5380, .T. ) ;
#7645 = ORIENTED_EDGE ( 'NONE', *, *, #6683, .F. ) ;
#7646 = CARTESIAN_POINT ( 'NONE',  ( -20.22780974464403769, 28.04554840599667287, 14.97183775964378327 ) ) ;
#7647 = CARTESIAN_POINT ( 'NONE',  ( 7.499999999999992895, 12.50000000000000000, -16.64999999999999503 ) ) ;
#7648 = DIRECTION ( 'NONE',  ( 0.4226182617407038267, 0.9063077870366479383, -2.585008406189481612E-15 ) ) ;
#7649 = DIRECTION ( 'NONE',  ( -0.9063077870366479383, 0.4226182617407037712, 0.000000000000000000 ) ) ;
#7650 = CARTESIAN_POINT ( 'NONE',  ( 3.162830547001385550, 27.80883102210133728, -21.97155964486347912 ) ) ;
#7651 = ADVANCED_FACE ( 'NONE', ( #4594 ), #9378, .T. ) ;
#7652 = PLANE ( 'NONE',  #2972 ) ;
#7653 = EDGE_LOOP ( 'NONE', ( #7479, #1102 ) ) ;
#7654 = VERTEX_POINT ( 'NONE', #3978 ) ;
#7655 = DIRECTION ( 'NONE',  ( -0.9063077870366483824, 0.4226182617407028275, 0.000000000000000000 ) ) ;
#7656 = ORIENTED_EDGE ( 'NONE', *, *, #7674, .T. ) ;
#7657 = CARTESIAN_POINT ( 'NONE',  ( 7.570551771473125413, 64.94674051891543343, -14.00000000000000178 ) ) ;
#7658 = CARTESIAN_POINT ( 'NONE',  ( -3.499999999999996003, 28.11543744278039370, -20.00000000000001066 ) ) ;
#7659 = EDGE_CURVE ( 'NONE', #7397, #501, #5467, .T. ) ;
#7660 = DIRECTION ( 'NONE',  ( -6.667740490394042894E-34, -1.429901562581164355E-33, 1.000000000000000000 ) ) ;
#7661 = CARTESIAN_POINT ( 'NONE',  ( -4.328427124746186294, 27.28701031803420562, 13.49999999999997868 ) ) ;
#7662 = CARTESIAN_POINT ( 'NONE',  ( -22.14938256938756567, 27.49586114014807592, 14.05188253826749545 ) ) ;
#7663 = DIRECTION ( 'NONE',  ( 0.7071067811865439090, -0.7071067811865512365, -1.226634733346692901E-16 ) ) ;
#7664 = DIRECTION ( 'NONE',  ( 0.9063077870366479383, -0.4226182617407037156, 0.000000000000000000 ) ) ;
#7665 = EDGE_LOOP ( 'NONE', ( #484, #4544, #6903, #6840 ) ) ;
#7666 = ORIENTED_EDGE ( 'NONE', *, *, #3956, .F. ) ;
#7667 = LINE ( 'NONE', #608, #3529 ) ;
#7668 = ORIENTED_EDGE ( 'NONE', *, *, #6552, .T. ) ;
#7669 = EDGE_CURVE ( 'NONE', #6633, #4415, #7896, .T. ) ;
#7670 = CARTESIAN_POINT ( 'NONE',  ( 8.328427124746188071, -7.550000000000000711, -8.049999999999998934 ) ) ;
#7671 = DIRECTION ( 'NONE',  ( -0.000000000000000000, -1.000000000000000000, 0.000000000000000000 ) ) ;
#7672 = DIRECTION ( 'NONE',  ( 0.000000000000000000, 1.000000000000000000, 0.000000000000000000 ) ) ;
#7673 = CARTESIAN_POINT ( 'NONE',  ( -3.684038001041805899, -18.64981253438039488, -13.35018746561958025 ) ) ;
#7674 = EDGE_CURVE ( 'NONE', #1427, #529, #10150, .T. ) ;
#7675 = DIRECTION ( 'NONE',  ( 0.000000000000000000, 0.000000000000000000, 1.000000000000000000 ) ) ;
#7676 = ORIENTED_EDGE ( 'NONE', *, *, #7967, .F. ) ;
#7677 = CYLINDRICAL_SURFACE ( 'NONE', #3773, 2.000000000000000000 ) ;
#7678 = FACE_OUTER_BOUND ( 'NONE', #1601, .T. ) ;
#7679 = CARTESIAN_POINT ( 'NONE',  ( -18.18281077762602038, 8.138162070551311800, 5.000000000000000888 ) ) ;
#7680 = CARTESIAN_POINT ( 'NONE',  ( -24.28104442765689441, 29.22346978667951234, -12.17459067513135018 ) ) ;
#7681 = EDGE_CURVE ( 'NONE', #8417, #2623, #9607, .T. ) ;
#7682 = FACE_OUTER_BOUND ( 'NONE', #1604, .T. ) ;
#7683 = EDGE_LOOP ( 'NONE', ( #2198, #8722, #7436, #7022 ) ) ;
#7684 = CARTESIAN_POINT ( 'NONE',  ( 8.971302783285462823, -13.77779645775966699, -18.22220354224029393 ) ) ;
#7685 = EDGE_CURVE ( 'NONE', #8190, #7264, #596, .T. ) ;
#7686 = VERTEX_POINT ( 'NONE', #2298 ) ;
#7687 = AXIS2_PLACEMENT_3D ( 'NONE', #793, #122, #1568 ) ;
#7688 = VERTEX_POINT ( 'NONE', #3926 ) ;
#7689 = CARTESIAN_POINT ( 'NONE',  ( -19.54402311435532624, 28.10675216311831548, 15.31377360137669896 ) ) ;
#7690 = LINE ( 'NONE', #819, #3762 ) ;
#7691 = DIRECTION ( 'NONE',  ( 0.000000000000000000, -1.000000000000000000, -0.000000000000000000 ) ) ;
#7692 = LINE ( 'NONE', #5543, #8193 ) ;
#7693 = FACE_OUTER_BOUND ( 'NONE', #4739, .T. ) ;
#7694 = CARTESIAN_POINT ( 'NONE',  ( 25.50000000000000355, -23.24999999999998224, -8.750000000000008882 ) ) ;
#7695 = ORIENTED_EDGE ( 'NONE', *, *, #8412, .F. ) ;
#7696 = ORIENTED_EDGE ( 'NONE', *, *, #2151, .T. ) ;
#7697 = DIRECTION ( 'NONE',  ( 0.000000000000000000, 0.6012712288170909414, 0.7990449983554026581 ) ) ;
#7698 = ORIENTED_EDGE ( 'NONE', *, *, #5411, .T. ) ;
#7699 = CARTESIAN_POINT ( 'NONE',  ( -18.21892336110994037, 42.76785478522211292, -18.92467692851578320 ) ) ;
#7700 = VECTOR ( 'NONE', #7969, 1000.000000000000000 ) ;
#7701 = CARTESIAN_POINT ( 'NONE',  ( 15.49999999999999467, -11.55000000000000071, -17.39999999999999858 ) ) ;
#7702 = CARTESIAN_POINT ( 'NONE',  ( 2.561290956630283056, 33.19541971005809700, -18.62959735771383762 ) ) ;
#7703 = DIRECTION ( 'NONE',  ( 0.000000000000000000, 0.000000000000000000, -1.000000000000000000 ) ) ;
#7704 = CYLINDRICAL_SURFACE ( 'NONE', #1859, 0.9749999999999984235 ) ;
#7705 = CARTESIAN_POINT ( 'NONE',  ( -23.55012961594643528, 28.80886672486845157, 13.94987038405354163 ) ) ;
#7706 = CARTESIAN_POINT ( 'NONE',  ( 5.659905820678782007, 25.35176123389635450, 14.13361560170034359 ) ) ;
#7707 = EDGE_CURVE ( 'NONE', #2448, #8137, #4348, .T. ) ;
#7708 = CARTESIAN_POINT ( 'NONE',  ( -2.424990074895772896, -17.66758939485193736, -14.33241060514803067 ) ) ;
#7709 = CARTESIAN_POINT ( 'NONE',  ( -0.5000000000000083267, -7.550000000000000711, -9.049999999999998934 ) ) ;
#7710 = ORIENTED_EDGE ( 'NONE', *, *, #5644, .T. ) ;
#7711 = EDGE_LOOP ( 'NONE', ( #5839, #1022 ) ) ;
#7712 = CARTESIAN_POINT ( 'NONE',  ( 6.302696986155210901, 62.22781715790495838, 76.26183934523054120 ) ) ;
#7713 = VERTEX_POINT ( 'NONE', #1631 ) ;
#7714 = AXIS2_PLACEMENT_3D ( 'NONE', #6322, #2422, #7902 ) ;
#7715 = DIRECTION ( 'NONE',  ( 0.000000000000000000, 0.000000000000000000, 1.000000000000000000 ) ) ;
#7716 = CARTESIAN_POINT ( 'NONE',  ( -24.52865340674166106, 24.78321187830408334, -12.97134659325843486 ) ) ;
#7717 = ADVANCED_FACE ( 'NONE', ( #9531 ), #7054, .F. ) ;
#7718 = DIRECTION ( 'NONE',  ( 0.000000000000000000, 1.000000000000000000, -0.000000000000000000 ) ) ;
#7719 = VECTOR ( 'NONE', #1267, 1000.000000000000000 ) ;
#7720 = FACE_OUTER_BOUND ( 'NONE', #1038, .T. ) ;
#7721 = AXIS2_PLACEMENT_3D ( 'NONE', #3432, #6560, #9711 ) ;
#7722 = LINE ( 'NONE', #4598, #3631 ) ;
#7723 = EDGE_LOOP ( 'NONE', ( #8781, #4221, #628, #8511 ) ) ;
#7724 = CARTESIAN_POINT ( 'NONE',  ( 0.000000000000000000, 11.55000000000000071, 5.000000000000000000 ) ) ;
#7725 = VERTEX_POINT ( 'NONE', #760 ) ;
#7726 = VECTOR ( 'NONE', #5088, 1000.000000000000000 ) ;
#7727 = CARTESIAN_POINT ( 'NONE',  ( -2.793356807453335477, 75.84808901196598185, -19.49999999999999645 ) ) ;
#7728 = EDGE_CURVE ( 'NONE', #6197, #6578, #3879, .T. ) ;
#7729 = AXIS2_PLACEMENT_3D ( 'NONE', #3928, #7827, #7873 ) ;
#7730 = APPLICATION_CONTEXT ( 'automotive_design' ) ;
#7731 = DIRECTION ( 'NONE',  ( 0.000000000000000000, 0.000000000000000000, -1.000000000000000000 ) ) ;
#7732 = CIRCLE ( 'NONE', #3316, 1.000000000000000888 ) ;
#7733 = CARTESIAN_POINT ( 'NONE',  ( -16.95106857580157111, 45.48677814630823235, 19.49999999999999645 ) ) ;
#7734 = AXIS2_PLACEMENT_3D ( 'NONE', #7840, #3745, #8510 ) ;
#7735 = CARTESIAN_POINT ( 'NONE',  ( 2.989911769631495186, 32.21886973618972405, -16.17157287525382259 ) ) ;
#7736 = CIRCLE ( 'NONE', #8566, 2.000000000000000000 ) ;
#7737 = ORIENTED_EDGE ( 'NONE', *, *, #4746, .T. ) ;
#7738 = CARTESIAN_POINT ( 'NONE',  ( 9.310386699023174728, -14.50000000000000000, -17.49999999999996447 ) ) ;
#7739 = EDGE_LOOP ( 'NONE', ( #1930, #4558, #323, #232, #8764, #9260 ) ) ;
#7740 = ORIENTED_EDGE ( 'NONE', *, *, #3612, .F. ) ;
#7741 = DIRECTION ( 'NONE',  ( 0.4226182617407007180, 0.9063077870366492705, 0.000000000000000000 ) ) ;
#7742 = VECTOR ( 'NONE', #2446, 1000.000000000000000 ) ;
#7743 = EDGE_CURVE ( 'NONE', #2895, #9856, #4126, .T. ) ;
#7744 = AXIS2_PLACEMENT_3D ( 'NONE', #9546, #9600, #7070 ) ;
#7745 = CARTESIAN_POINT ( 'NONE',  ( -24.24228096695239998, 29.12200077343323557, -12.78128461324399012 ) ) ;
#7746 = CARTESIAN_POINT ( 'NONE',  ( -20.84758728867083732, 30.11545508103910507, 16.65241271132912004 ) ) ;
#7747 = EDGE_CURVE ( 'NONE', #2764, #673, #4077, .T. ) ;
#7748 = CYLINDRICAL_SURFACE ( 'NONE', #8572, 2.000000000000000000 ) ;
#7749 = CARTESIAN_POINT ( 'NONE',  ( 5.659905820678782007, 25.35176123389635450, 14.13361560170034359 ) ) ;
#7750 = AXIS2_PLACEMENT_3D ( 'NONE', #3724, #4539, #9994 ) ;
#7751 = ORIENTED_EDGE ( 'NONE', *, *, #7989, .F. ) ;
#7752 = ORIENTED_EDGE ( 'NONE', *, *, #9906, .F. ) ;
#7753 = DIRECTION ( 'NONE',  ( 0.000000000000000000, 0.000000000000000000, 1.000000000000000000 ) ) ;
#7754 = ORIENTED_EDGE ( 'NONE', *, *, #990, .F. ) ;
#7755 = CARTESIAN_POINT ( 'NONE',  ( 1.035851983029667300, 13.53403550200293459, 9.376404205380042711 ) ) ;
#7756 = EDGE_CURVE ( 'NONE', #609, #8632, #1106, .T. ) ;
#7757 = DIRECTION ( 'NONE',  ( -0.9063077870366480493, 0.4226182617407038822, 0.000000000000000000 ) ) ;
#7758 = CARTESIAN_POINT ( 'NONE',  ( 2.719817957313491519, 32.83423907281689935, -18.18604879221042125 ) ) ;
#7759 = DIRECTION ( 'NONE',  ( 0.000000000000000000, 0.000000000000000000, 1.000000000000000000 ) ) ;
#7760 = FACE_OUTER_BOUND ( 'NONE', #1726, .T. ) ;
#7761 =( NAMED_UNIT ( * ) SI_UNIT ( $, .STERADIAN. ) SOLID_ANGLE_UNIT ( ) );
#7762 = DIRECTION ( 'NONE',  ( 1.000000000000000000, 0.000000000000000000, -1.020425574104004122E-16 ) ) ;
#7763 = EDGE_CURVE ( 'NONE', #2526, #2599, #7306, .T. ) ;
#7764 = CARTESIAN_POINT ( 'NONE',  ( 0.3693157284843430199, 75.53185740313233509, 19.49999999999999645 ) ) ;
#7765 = DIRECTION ( 'NONE',  ( 0.4226182617407036601, 0.9063077870366480493, 0.000000000000000000 ) ) ;
#7766 = VERTEX_POINT ( 'NONE', #8023 ) ;
#7767 = VERTEX_POINT ( 'NONE', #234 ) ;
#7768 = CARTESIAN_POINT ( 'NONE',  ( 14.78112910096837673, 69.04422262568452595, -20.87085714442417483 ) ) ;
#7769 = AXIS2_PLACEMENT_3D ( 'NONE', #4906, #8609, #8031 ) ;
#7770 = ORIENTED_EDGE ( 'NONE', *, *, #5983, .T. ) ;
#7771 = EDGE_CURVE ( 'NONE', #3747, #4243, #283, .T. ) ;
#7772 = VECTOR ( 'NONE', #10001, 1000.000000000000000 ) ;
#7773 = CARTESIAN_POINT ( 'NONE',  ( -0.000000000000000000, 40.57106781186543287, 16.99999999999999645 ) ) ;
#7774 = DIRECTION ( 'NONE',  ( -0.000000000000000000, -0.000000000000000000, -1.000000000000000000 ) ) ;
#7775 = EDGE_CURVE ( 'NONE', #1785, #9280, #5005, .T. ) ;
#7776 =( LENGTH_UNIT ( ) NAMED_UNIT ( * ) SI_UNIT ( .MILLI., .METRE. ) );
#7777 = CARTESIAN_POINT ( 'NONE',  ( 5.711090142682814452, 26.01906191423913484, 14.32098128447834107 ) ) ;
#7778 = VECTOR ( 'NONE', #7202, 1000.000000000000000 ) ;
#7779 = VECTOR ( 'NONE', #4616, 1000.000000000000000 ) ;
#7780 = EDGE_CURVE ( 'NONE', #4258, #8447, #7136, .T. ) ;
#7781 = PRODUCT_DEFINITION_SHAPE ( 'NONE', 'NONE',  #8918 ) ;
#7782 = CARTESIAN_POINT ( 'NONE',  ( -18.65764051238642196, 8.700200654028847680, -10.99999999999998224 ) ) ;
#7783 = ORIENTED_EDGE ( 'NONE', *, *, #4007, .T. ) ;
#7784 = ORIENTED_EDGE ( 'NONE', *, *, #5127, .T. ) ;
#7785 = CARTESIAN_POINT ( 'NONE',  ( 15.49999999999999467, 11.55000000000000249, 9.150000000000002132 ) ) ;
#7786 = EDGE_LOOP ( 'NONE', ( #8477, #8708, #6188, #4973 ) ) ;
#7787 = CARTESIAN_POINT ( 'NONE',  ( 5.499999999999994671, -11.55000000000000071, 15.35000000000000675 ) ) ;
#7788 = CIRCLE ( 'NONE', #5000, 1.049999999999998046 ) ;
#7789 = DIRECTION ( 'NONE',  ( 1.000000000000000000, 0.000000000000000000, -1.734723475976807341E-16 ) ) ;
#7790 = AXIS2_PLACEMENT_3D ( 'NONE', #3761, #2031, #3557 ) ;
#7791 = EDGE_CURVE ( 'NONE', #7686, #2010, #7256, .T. ) ;
#7792 = CARTESIAN_POINT ( 'NONE',  ( -23.78784151553567483, 28.55896662726775048, 13.71215848446431096 ) ) ;
#7793 = CARTESIAN_POINT ( 'NONE',  ( 0.000000000000000000, 14.50000000000000000, 22.00000000000000000 ) ) ;
#7794 = CARTESIAN_POINT ( 'NONE',  ( 2.821274678095984978, 33.02267935139751387, -16.17157287525382259 ) ) ;
#7795 = ORIENTED_EDGE ( 'NONE', *, *, #4578, .T. ) ;
#7796 = ORIENTED_EDGE ( 'NONE', *, *, #508, .T. ) ;
#7797 = DIRECTION ( 'NONE',  ( 0.000000000000000000, 1.000000000000000000, 0.000000000000000000 ) ) ;
#7798 = ORIENTED_EDGE ( 'NONE', *, *, #3694, .F. ) ;
#7799 = VERTEX_POINT ( 'NONE', #3505 ) ;
#7800 = EDGE_CURVE ( 'NONE', #2853, #1840, #2641, .T. ) ;
#7801 = DIRECTION ( 'NONE',  ( 0.9063077870366479383, -0.4226182617407038267, -0.000000000000000000 ) ) ;
#7802 = DIRECTION ( 'NONE',  ( -0.9063077870366479383, 0.4226182617407037712, -0.000000000000000000 ) ) ;
#7803 = CARTESIAN_POINT ( 'NONE',  ( -20.94417905272857183, 27.91310308363700798, 14.61369691126260584 ) ) ;
#7804 = CARTESIAN_POINT ( 'NONE',  ( 5.816210382155867720, 25.77956078877965140, -17.79821395652869143 ) ) ;
#7805 = DIRECTION ( 'NONE',  ( -1.084202172485506776E-16, 0.000000000000000000, -1.000000000000000000 ) ) ;
#7806 = ORIENTED_EDGE ( 'NONE', *, *, #3635, .T. ) ;
#7807 = EDGE_LOOP ( 'NONE', ( #4394, #4109, #9076, #1614, #6632 ) ) ;
#7808 = DIRECTION ( 'NONE',  ( -0.4226182617407050479, -0.9063077870366472721, 0.000000000000000000 ) ) ;
#7809 = VERTEX_POINT ( 'NONE', #6585 ) ;
#7810 = CARTESIAN_POINT ( 'NONE',  ( 7.380887655841849693, 24.61911234415823557, 17.06515399971081237 ) ) ;
#7811 = CARTESIAN_POINT ( 'NONE',  ( -3.499999999999996003, 26.11543744278039370, -13.49999999999995559 ) ) ;
#7812 = CARTESIAN_POINT ( 'NONE',  ( 3.499999999999983125, 0.000000000000000000, 6.913130683966943511E-15 ) ) ;
#7813 = DIRECTION ( 'NONE',  ( -0.000000000000000000, 0.7071067811865486830, -0.7071067811865464625 ) ) ;
#7814 = CARTESIAN_POINT ( 'NONE',  ( -2.540982006046750286, 76.28209366885950260, -20.42330926561450966 ) ) ;
#7815 = CARTESIAN_POINT ( 'NONE',  ( -31.12556067133742133, 13.93100661817445562, 5.000000000000000888 ) ) ;
#7816 = EDGE_CURVE ( 'NONE', #6504, #82, #444, .T. ) ;
#7817 = PLANE ( 'NONE',  #6920 ) ;
#7818 = ORIENTED_EDGE ( 'NONE', *, *, #4746, .F. ) ;
#7819 = ORIENTED_EDGE ( 'NONE', *, *, #7330, .F. ) ;
#7820 =( BOUNDED_CURVE ( )  B_SPLINE_CURVE ( 3, ( #8820, #8716, #194, #9449 ),
 .UNSPECIFIED., .F., .T. ) 
 B_SPLINE_CURVE_WITH_KNOTS ( ( 4, 4 ),
 ( 3.141592653589793116, 4.712388980384689674 ),
 .UNSPECIFIED. ) 
 CURVE ( )  GEOMETRIC_REPRESENTATION_ITEM ( )  RATIONAL_B_SPLINE_CURVE ( ( 1.000000000000000000, 0.8047378541243649375, 0.8047378541243649375, 1.000000000000000000 ) ) 
 REPRESENTATION_ITEM ( '' )  );
#7821 = CARTESIAN_POINT ( 'NONE',  ( -20.58578643762692906, 30.11543744278038304, -16.91421356237304252 ) ) ;
#7822 = ORIENTED_EDGE ( 'NONE', *, *, #4947, .T. ) ;
#7823 = EDGE_CURVE ( 'NONE', #8417, #8029, #5762, .T. ) ;
#7824 = CARTESIAN_POINT ( 'NONE',  ( -2.540982006046801356, 76.28209366885936049, 20.42330926561459137 ) ) ;
#7825 = CARTESIAN_POINT ( 'NONE',  ( -18.21892336110993682, 42.76785478522211292, 76.26183934523054120 ) ) ;
#7826 =( NAMED_UNIT ( * ) PLANE_ANGLE_UNIT ( ) SI_UNIT ( $, .RADIAN. ) );
#7827 = DIRECTION ( 'NONE',  ( 0.000000000000000000, 0.000000000000000000, 1.000000000000000000 ) ) ;
#7828 = ADVANCED_FACE ( 'NONE', ( #6432 ), #2591, .F. ) ;
#7829 = CARTESIAN_POINT ( 'NONE',  ( 7.499999999999992895, -14.50000000000000000, -16.64999999999999503 ) ) ;
#7830 = EDGE_LOOP ( 'NONE', ( #6441, #5502, #109, #1132, #7620, #931 ) ) ;
#7831 = EDGE_LOOP ( 'NONE', ( #5133, #9797 ) ) ;
#7832 = CARTESIAN_POINT ( 'NONE',  ( -25.50000000000000355, 24.55000000000000071, 10.05000000000000249 ) ) ;
#7833 = EDGE_LOOP ( 'NONE', ( #10172, #3140, #1148, #5184, #5202 ) ) ;
#7834 = CARTESIAN_POINT ( 'NONE',  ( 11.58578643762685623, 19.00000000000000000, -22.00000000000000000 ) ) ;
#7835 = DIRECTION ( 'NONE',  ( 0.000000000000000000, 0.000000000000000000, -1.000000000000000000 ) ) ;
#7836 = FACE_OUTER_BOUND ( 'NONE', #9158, .T. ) ;
#7837 = LINE ( 'NONE', #6090, #2001 ) ;
#7838 = VERTEX_POINT ( 'NONE', #3453 ) ;
#7839 = VERTEX_POINT ( 'NONE', #386 ) ;
#7840 = CARTESIAN_POINT ( 'NONE',  ( 14.83245263440451467, 63.95652609376352160, 16.17157287525380838 ) ) ;
#7841 = EDGE_LOOP ( 'NONE', ( #7105, #4752, #2796, #9928 ) ) ;
#7842 = LINE ( 'NONE', #831, #4605 ) ;
#7843 = DIRECTION ( 'NONE',  ( 0.000000000000000000, 1.000000000000000000, 0.000000000000000000 ) ) ;
#7844 = CARTESIAN_POINT ( 'NONE',  ( -24.23614131600357169, 29.32379523798413956, -12.32428265050000427 ) ) ;
#7845 = CARTESIAN_POINT ( 'NONE',  ( 3.003208107168173324, 14.33423332479083001, -7.228814666183442483 ) ) ;
#7846 = CARTESIAN_POINT ( 'NONE',  ( 5.331362905986479994, 26.88421500953026211, -16.91559059452907476 ) ) ;
#7847 = CARTESIAN_POINT ( 'NONE',  ( 7.487507006483760108, 24.51249299351624700, -20.64999999999999503 ) ) ;
#7848 = CIRCLE ( 'NONE', #8849, 5.000000000000000000 ) ;
#7849 = ORIENTED_EDGE ( 'NONE', *, *, #9460, .F. ) ;
#7850 = ORIENTED_EDGE ( 'NONE', *, *, #4005, .T. ) ;
#7851 = DIRECTION ( 'NONE',  ( -0.4226182617407036046, -0.9063077870366480493, 0.000000000000000000 ) ) ;
#7852 = ORIENTED_EDGE ( 'NONE', *, *, #1575, .F. ) ;
#7853 = DIRECTION ( 'NONE',  ( 0.000000000000000000, 1.000000000000000000, -0.000000000000000000 ) ) ;
#7854 = EDGE_CURVE ( 'NONE', #2407, #9996, #7353, .T. ) ;
#7855 = CARTESIAN_POINT ( 'NONE',  ( 7.499999999999996447, -14.50000000000000000, 13.35000000000000497 ) ) ;
#7856 = VECTOR ( 'NONE', #9585, 999.9999999999998863 ) ;
#7857 = CARTESIAN_POINT ( 'NONE',  ( 5.322116321892007562, 26.67788367810809547, 20.69419480300796721 ) ) ;
#7858 = LINE ( 'NONE', #4635, #1486 ) ;
#7859 = CYLINDRICAL_SURFACE ( 'NONE', #4630, 1.000000000000000888 ) ;
#7860 = CARTESIAN_POINT ( 'NONE',  ( -22.52449160522904492, 27.42803157309834816, -13.94898731759098887 ) ) ;
#7861 = DIRECTION ( 'NONE',  ( 0.4226182617407037156, 0.9063077870366479383, 0.000000000000000000 ) ) ;
#7862 = CARTESIAN_POINT ( 'NONE',  ( 16.04634200735405258, 14.50000000000000000, -21.99999999999999645 ) ) ;
#7863 = DIRECTION ( 'NONE',  ( 0.4226182617407039932, 0.9063077870366478273, 0.000000000000000000 ) ) ;
#7864 = ORIENTED_EDGE ( 'NONE', *, *, #8634, .T. ) ;
#7865 = ORIENTED_EDGE ( 'NONE', *, *, #3156, .T. ) ;
#7866 = LINE ( 'NONE', #4850, #3846 ) ;
#7867 = CIRCLE ( 'NONE', #6719, 5.000000000000000000 ) ;
#7868 = ORIENTED_EDGE ( 'NONE', *, *, #2750, .F. ) ;
#7869 = DIRECTION ( 'NONE',  ( -1.000000000000000000, 0.000000000000000000, 0.000000000000000000 ) ) ;
#7870 = DIRECTION ( 'NONE',  ( -1.000000000000000000, 0.000000000000000000, -0.000000000000000000 ) ) ;
#7871 = EDGE_CURVE ( 'NONE', #5351, #53, #7404, .T. ) ;
#7872 = CARTESIAN_POINT ( 'NONE',  ( -24.24427024903355132, 29.30003300828737878, 12.38550270195114145 ) ) ;
#7873 = DIRECTION ( 'NONE',  ( 1.000000000000000000, 0.000000000000000000, 0.000000000000000000 ) ) ;
#7874 = AXIS2_PLACEMENT_3D ( 'NONE', #3788, #43, #6142 ) ;
#7875 = ADVANCED_FACE ( 'NONE', ( #1262 ), #2132, .F. ) ;
#7876 =( BOUNDED_CURVE ( )  B_SPLINE_CURVE ( 3, ( #9859, #5177, #515, #2918 ),
 .UNSPECIFIED., .F., .T. ) 
 B_SPLINE_CURVE_WITH_KNOTS ( ( 4, 4 ),
 ( 2.356194490192343505, 3.141592653589793116 ),
 .UNSPECIFIED. ) 
 CURVE ( )  GEOMETRIC_REPRESENTATION_ITEM ( )  RATIONAL_B_SPLINE_CURVE ( ( 1.000000000000000000, 0.9492530216741910110, 0.9492530216741910110, 1.000000000000000000 ) ) 
 REPRESENTATION_ITEM ( '' )  );
#7877 = LINE ( 'NONE', #8656, #4301 ) ;
#7878 = ORIENTED_EDGE ( 'NONE', *, *, #5566, .T. ) ;
#7879 = VERTEX_POINT ( 'NONE', #1209 ) ;
#7880 = FACE_OUTER_BOUND ( 'NONE', #9799, .T. ) ;
#7881 = ORIENTED_EDGE ( 'NONE', *, *, #5508, .F. ) ;
#7882 = CARTESIAN_POINT ( 'NONE',  ( -3.499999999999996003, -20.00000000000000000, 13.35000000000000497 ) ) ;
#7883 = VECTOR ( 'NONE', #2759, 999.9999999999998863 ) ;
#7884 = CARTESIAN_POINT ( 'NONE',  ( -3.107674990412463867, 75.14741297833275269, -20.22906986042795197 ) ) ;
#7885 = VECTOR ( 'NONE', #4663, 1000.000000000000000 ) ;
#7886 = LINE ( 'NONE', #822, #3450 ) ;
#7887 = DIRECTION ( 'NONE',  ( -0.9063077870366480493, 0.4226182617407038822, 0.000000000000000000 ) ) ;
#7888 = CARTESIAN_POINT ( 'NONE',  ( -25.82825455060617159, 25.76659234249407149, 11.32498957747804802 ) ) ;
#7889 = ORIENTED_EDGE ( 'NONE', *, *, #3677, .T. ) ;
#7890 = ORIENTED_EDGE ( 'NONE', *, *, #4552, .T. ) ;
#7891 = CARTESIAN_POINT ( 'NONE',  ( -3.183564164343378078, 75.01128663468153945, 19.99999999999998934 ) ) ;
#7892 = ORIENTED_EDGE ( 'NONE', *, *, #3248, .F. ) ;
#7893 = ORIENTED_EDGE ( 'NONE', *, *, #4982, .F. ) ;
#7894 = EDGE_CURVE ( 'NONE', #1244, #8509, #441, .T. ) ;
#7895 = DIRECTION ( 'NONE',  ( 0.3213335431480891513, -0.7321115859192102171, -0.6006308182325927891 ) ) ;
#7896 = B_SPLINE_CURVE_WITH_KNOTS ( 'NONE', 3,
 ( #86, #7716, #3063, #4801, #8549, #3827, #6340, #6230, #3158, #2401, #8701, #6293, #133, #706, #1586, #808, #7160, #9484, #912, #1525, #2442, #2349 ),
 .UNSPECIFIED., .F., .F.,
 ( 4, 2, 1, 1, 1, 2, 2, 2, 1, 1, 1, 2, 2, 4 ),
 ( 0.000000000000000000, 0.1249999999999920897, 0.1874999999999891476, 0.2187499999999877043, 0.2343749999999853173, 0.2421874999999857891, 0.2499999999999862332, 0.3749999999999843459, 0.4374999999999820144, 0.4687499999999791833, 0.4843749999999794054, 0.4921874999999780731, 0.4999999999999766853, 1.000000000000000000 ),
 .UNSPECIFIED. ) ;
#7897 = EDGE_CURVE ( 'NONE', #4230, #6592, #9945, .T. ) ;
#7898 = AXIS2_PLACEMENT_3D ( 'NONE', #5033, #469, #6718 ) ;
#7899 = CARTESIAN_POINT ( 'NONE',  ( 7.169064422819454663, 64.08574812123060838, 14.00000000000000000 ) ) ;
#7900 = CIRCLE ( 'NONE', #5125, 10.83578643762688998 ) ;
#7901 = DIRECTION ( 'NONE',  ( 1.000000000000000000, -0.000000000000000000, 0.000000000000000000 ) ) ;
#7902 = DIRECTION ( 'NONE',  ( 0.000000000000000000, 0.000000000000000000, 1.000000000000000000 ) ) ;
#7903 = ADVANCED_FACE ( 'NONE', ( #1977 ), #9163, .T. ) ;
#7904 = ORIENTED_EDGE ( 'NONE', *, *, #3929, .F. ) ;
#7905 = ORIENTED_EDGE ( 'NONE', *, *, #6211, .F. ) ;
#7906 = DIRECTION ( 'NONE',  ( -1.000000000000000000, 0.000000000000000000, 0.000000000000000000 ) ) ;
#7907 = VECTOR ( 'NONE', #4700, 1000.000000000000000 ) ;
#7908 = ORIENTED_EDGE ( 'NONE', *, *, #4452, .T. ) ;
#7909 = VECTOR ( 'NONE', #1545, 1000.000000000000000 ) ;
#7910 = CARTESIAN_POINT ( 'NONE',  ( 5.374076367712988578, 26.62592363228712244, 15.25285742053901039 ) ) ;
#7911 = CARTESIAN_POINT ( 'NONE',  ( -25.50000000000000355, 26.45520134420418756, -11.31746459151721496 ) ) ;
#7912 = CARTESIAN_POINT ( 'NONE',  ( -25.09661057562128761, 27.39519199358526791, -11.50591955513649367 ) ) ;
#7913 = CARTESIAN_POINT ( 'NONE',  ( -1.500000000000008438, -10.58578643762685267, -21.41421356237309581 ) ) ;
#7914 = DIRECTION ( 'NONE',  ( 0.000000000000000000, 0.000000000000000000, 1.000000000000000000 ) ) ;
#7915 = DIRECTION ( 'NONE',  ( 0.000000000000000000, 1.000000000000000000, -0.000000000000000000 ) ) ;
#7916 = DIRECTION ( 'NONE',  ( -0.000000000000000000, 4.316254603469447966E-15, 1.000000000000000000 ) ) ;
#7917 = AXIS2_PLACEMENT_3D ( 'NONE', #2538, #997, #4173 ) ;
#7918 = DIRECTION ( 'NONE',  ( 0.000000000000000000, 0.000000000000000000, 1.000000000000000000 ) ) ;
#7919 = ORIENTED_EDGE ( 'NONE', *, *, #7023, .T. ) ;
#7920 = VERTEX_POINT ( 'NONE', #6685 ) ;
#7921 = CARTESIAN_POINT ( 'NONE',  ( 7.570551771473125413, 64.94674051891543343, 14.00000000000000000 ) ) ;
#7922 = ORIENTED_EDGE ( 'NONE', *, *, #8622, .T. ) ;
#7923 = DIRECTION ( 'NONE',  ( -0.9063077870366480493, 0.4226182617407038267, 2.775557561562891351E-17 ) ) ;
#7924 = AXIS2_PLACEMENT_3D ( 'NONE', #9826, #7497, #4377 ) ;
#7925 = CARTESIAN_POINT ( 'NONE',  ( 16.71183787597632531, 64.64056638041486735, 76.26183934523054120 ) ) ;
#7926 = EDGE_CURVE ( 'NONE', #1055, #7394, #7453, .T. ) ;
#7927 = UNCERTAINTY_MEASURE_WITH_UNIT (LENGTH_MEASURE( 1.000000000000000082E-05 ), #902, 'distance_accuracy_value', 'NONE');
#7928 = CARTESIAN_POINT ( 'NONE',  ( -22.71629261286150125, 27.39001814001279911, 13.88499447053085589 ) ) ;
#7929 = CARTESIAN_POINT ( 'NONE',  ( -2.582047676705350625, 76.30124290557496636, 21.99999999999999289 ) ) ;
#7930 = VECTOR ( 'NONE', #9490, 1000.000000000000000 ) ;
#7931 = CARTESIAN_POINT ( 'NONE',  ( -0.003228365421048435668, 34.06199999382995003, -22.00000000000000000 ) ) ;
#7932 = AXIS2_PLACEMENT_3D ( 'NONE', #859, #4742, #7869 ) ;
#7933 = ORIENTED_EDGE ( 'NONE', *, *, #8226, .T. ) ;
#7934 = ORIENTED_EDGE ( 'NONE', *, *, #8344, .T. ) ;
#7935 = ORIENTED_EDGE ( 'NONE', *, *, #1369, .F. ) ;
#7936 = CARTESIAN_POINT ( 'NONE',  ( 0.000000000000000000, 11.55000000000000071, -18.64999999999999503 ) ) ;
#7937 = CIRCLE ( 'NONE', #3682, 1.999999999999996669 ) ;
#7938 = LINE ( 'NONE', #3990, #1801 ) ;
#7939 = AXIS2_PLACEMENT_3D ( 'NONE', #3440, #8951, #5038 ) ;
#7940 = CARTESIAN_POINT ( 'NONE',  ( 25.50000000000000355, 13.50000000000000000, 5.000000000000000000 ) ) ;
#7941 =( LENGTH_UNIT ( ) NAMED_UNIT ( * ) SI_UNIT ( .MILLI., .METRE. ) );
#7942 = CARTESIAN_POINT ( 'NONE',  ( -24.48982586264031625, 28.80849856517365382, 11.87217980213031510 ) ) ;
#7943 = VERTEX_POINT ( 'NONE', #8281 ) ;
#7944 = ORIENTED_EDGE ( 'NONE', *, *, #9707, .T. ) ;
#7945 = DIRECTION ( 'NONE',  ( 0.000000000000000000, 0.000000000000000000, -1.000000000000000000 ) ) ;
#7946 = AXIS2_PLACEMENT_3D ( 'NONE', #9261, #2180, #2235 ) ;
#7947 = EDGE_CURVE ( 'NONE', #9973, #7052, #3521, .T. ) ;
#7948 = AXIS2_PLACEMENT_3D ( 'NONE', #6796, #4434, #1308 ) ;
#7949 = EDGE_LOOP ( 'NONE', ( #2810, #736, #5923, #8262 ) ) ;
#7950 = ORIENTED_EDGE ( 'NONE', *, *, #6390, .F. ) ;
#7951 = EDGE_CURVE ( 'NONE', #7166, #2472, #4384, .T. ) ;
#7952 = CARTESIAN_POINT ( 'NONE',  ( -21.62028803283225287, 27.70272797759089656, 14.27564326887610058 ) ) ;
#7953 = EDGE_CURVE ( 'NONE', #2295, #9262, #5657, .T. ) ;
#7954 = VECTOR ( 'NONE', #1069, 1000.000000000000114 ) ;
#7955 = DIRECTION ( 'NONE',  ( -0.000000000000000000, 0.000000000000000000, -1.000000000000000000 ) ) ;
#7956 = VECTOR ( 'NONE', #2650, 1000.000000000000000 ) ;
#7957 = FACE_OUTER_BOUND ( 'NONE', #6658, .T. ) ;
#7958 = EDGE_CURVE ( 'NONE', #1740, #4725, #9887, .T. ) ;
#7959 = FACE_OUTER_BOUND ( 'NONE', #118, .T. ) ;
#7960 = VECTOR ( 'NONE', #8347, 1000.000000000000000 ) ;
#7961 = ORIENTED_EDGE ( 'NONE', *, *, #3320, .T. ) ;
#7962 = ORIENTED_EDGE ( 'NONE', *, *, #3066, .T. ) ;
#7963 = PLANE ( 'NONE',  #3695 ) ;
#7964 = ORIENTED_EDGE ( 'NONE', *, *, #727, .F. ) ;
#7965 = CARTESIAN_POINT ( 'NONE',  ( -23.17157287525380838, 26.29507800053149680, 13.49999999999998046 ) ) ;
#7966 = FACE_OUTER_BOUND ( 'NONE', #2767, .T. ) ;
#7967 = EDGE_CURVE ( 'NONE', #8838, #6208, #9988, .T. ) ;
#7968 = CARTESIAN_POINT ( 'NONE',  ( -4.328427124746186294, 27.28701031803420207, -13.49999999999995559 ) ) ;
#7969 = DIRECTION ( 'NONE',  ( -1.000000000000000000, 0.000000000000000000, 8.673617379884029309E-17 ) ) ;
#7970 = LINE ( 'NONE', #7195, #8396 ) ;
#7971 = CARTESIAN_POINT ( 'NONE',  ( -16.95106857580157111, 45.48677814630823235, 19.49999999999999645 ) ) ;
#7972 = DIRECTION ( 'NONE',  ( 0.000000000000000000, 0.000000000000000000, -1.000000000000000000 ) ) ;
#7973 = ORIENTED_EDGE ( 'NONE', *, *, #6256, .F. ) ;
#7974 = ORIENTED_EDGE ( 'NONE', *, *, #41, .F. ) ;
#7975 = LINE ( 'NONE', #5668, #5486 ) ;
#7976 = ORIENTED_EDGE ( 'NONE', *, *, #6589, .F. ) ;
#7977 = DIRECTION ( 'NONE',  ( 0.4226182617407037156, 0.9063077870366479383, 0.000000000000000000 ) ) ;
#7978 = CARTESIAN_POINT ( 'NONE',  ( -23.86176896957225679, 25.44602476781793499, 13.37713719580243499 ) ) ;
#7979 = FACE_OUTER_BOUND ( 'NONE', #2026, .T. ) ;
#7980 = DIRECTION ( 'NONE',  ( -0.9063077870366479383, 0.4226182617407037156, 0.000000000000000000 ) ) ;
#7981 = CYLINDRICAL_SURFACE ( 'NONE', #3323, 2.000000000000002665 ) ;
#7982 = ORIENTED_EDGE ( 'NONE', *, *, #6256, .T. ) ;
#7983 = EDGE_CURVE ( 'NONE', #8509, #4223, #2944, .T. ) ;
#7984 = ORIENTED_EDGE ( 'NONE', *, *, #7591, .T. ) ;
#7985 = FACE_BOUND ( 'NONE', #6002, .T. ) ;
#7986 = VERTEX_POINT ( 'NONE', #6061 ) ;
#7987 = FACE_OUTER_BOUND ( 'NONE', #1204, .T. ) ;
#7988 = DIRECTION ( 'NONE',  ( 0.7071067811865436870, -0.7071067811865513475, 0.000000000000000000 ) ) ;
#7989 = EDGE_CURVE ( 'NONE', #8777, #10100, #2205, .T. ) ;
#7990 = CARTESIAN_POINT ( 'NONE',  ( -5.499999999999996447, 28.11543744278040435, 13.49999999999998046 ) ) ;
#7991 = LINE ( 'NONE', #2458, #220 ) ;
#7992 = CARTESIAN_POINT ( 'NONE',  ( -26.56632956864064710, 24.16442805549428741, 11.12838975632279492 ) ) ;
#7993 = VERTEX_POINT ( 'NONE', #5968 ) ;
#7994 = ORIENTED_EDGE ( 'NONE', *, *, #3786, .T. ) ;
#7995 = DIRECTION ( 'NONE',  ( -0.4226182617407046593, -0.9063077870366476052, 0.000000000000000000 ) ) ;
#7996 = ORIENTED_EDGE ( 'NONE', *, *, #6732, .T. ) ;
#7997 = LINE ( 'NONE', #5026, #7072 ) ;
#7998 = CARTESIAN_POINT ( 'NONE',  ( -3.547044847756312347, -17.06707772036688553, -14.07423673919699070 ) ) ;
#7999 = CARTESIAN_POINT ( 'NONE',  ( 4.821274678095983646, 33.02267935139751387, 16.17157287525381548 ) ) ;
#8000 = EDGE_CURVE ( 'NONE', #906, #1741, #5205, .T. ) ;
#8001 = CARTESIAN_POINT ( 'NONE',  ( -23.11757766224246069, 26.84329638138002139, 13.56965961778347740 ) ) ;
#8002 = EDGE_CURVE ( 'NONE', #3046, #2271, #644, .T. ) ;
#8003 = LINE ( 'NONE', #212, #4453 ) ;
#8004 = VERTEX_POINT ( 'NONE', #1510 ) ;
#8005 = ORIENTED_EDGE ( 'NONE', *, *, #2921, .F. ) ;
#8006 = CARTESIAN_POINT ( 'NONE',  ( -29.53333395682620122, 13.77161979491729582, -19.99999999999999289 ) ) ;
#8007 = ORIENTED_EDGE ( 'NONE', *, *, #5970, .F. ) ;
#8008 = FACE_OUTER_BOUND ( 'NONE', #3044, .T. ) ;
#8009 = DIRECTION ( 'NONE',  ( -0.7071067811865514585, -0.7071067811865435759, 0.000000000000000000 ) ) ;
#8010 = CARTESIAN_POINT ( 'NONE',  ( -3.690892978599880081, -16.61577538182057623, 14.19516772916692027 ) ) ;
#8011 = CYLINDRICAL_SURFACE ( 'NONE', #9195, 0.7999999999999976019 ) ;
#8012 = DIRECTION ( 'NONE',  ( -0.9063077870366483824, 0.4226182617407028275, 0.000000000000000000 ) ) ;
#8013 = AXIS2_PLACEMENT_3D ( 'NONE', #4990, #4886, #8009 ) ;
#8014 = DIRECTION ( 'NONE',  ( -0.9396926207859116476, -0.3420201433256593870, 0.000000000000000000 ) ) ;
#8015 = VERTEX_POINT ( 'NONE', #6990 ) ;
#8016 = EDGE_LOOP ( 'NONE', ( #3640, #9400, #8661, #6106 ) ) ;
#8017 = DIRECTION ( 'NONE',  ( 0.9063077870366480493, -0.4226182617407037712, 0.000000000000000000 ) ) ;
#8018 = ORIENTED_EDGE ( 'NONE', *, *, #4268, .T. ) ;
#8019 = CARTESIAN_POINT ( 'NONE',  ( -22.25844886441460346, 27.47512568721747783, -14.03007959666163096 ) ) ;
#8020 = VECTOR ( 'NONE', #6219, 999.9999999999998863 ) ;
#8021 = AXIS2_PLACEMENT_3D ( 'NONE', #4547, #7672, #10054 ) ;
#8022 = EDGE_CURVE ( 'NONE', #6354, #5625, #2430, .T. ) ;
#8023 = CARTESIAN_POINT ( 'NONE',  ( 7.499999999999996447, 11.55000000000000249, 14.35000000000000497 ) ) ;
#8024 = CARTESIAN_POINT ( 'NONE',  ( -25.50000000000000355, -14.50000000000000000, 0.000000000000000000 ) ) ;
#8025 = EDGE_CURVE ( 'NONE', #2219, #6194, #7630, .T. ) ;
#8026 = CARTESIAN_POINT ( 'NONE',  ( 5.566756449591105493, 25.77621572942880235, 13.88001780704423638 ) ) ;
#8027 = AXIS2_PLACEMENT_3D ( 'NONE', #7243, #9670, #1966 ) ;
#8028 = CARTESIAN_POINT ( 'NONE',  ( -25.50000000000000355, -13.99999999999997513, -0.000000000000000000 ) ) ;
#8029 = VERTEX_POINT ( 'NONE', #7701 ) ;
#8030 = VERTEX_POINT ( 'NONE', #8638 ) ;
#8031 = DIRECTION ( 'NONE',  ( 0.000000000000000000, -0.000000000000000000, -1.000000000000000000 ) ) ;
#8032 = ORIENTED_EDGE ( 'NONE', *, *, #5944, .F. ) ;
#8033 = CARTESIAN_POINT ( 'NONE',  ( 7.499999999999992895, 14.50000000000000000, -18.64999999999999503 ) ) ;
#8034 = EDGE_CURVE ( 'NONE', #10130, #2957, #1641, .T. ) ;
#8035 = VECTOR ( 'NONE', #8773, 1000.000000000000000 ) ;
#8036 = FACE_OUTER_BOUND ( 'NONE', #5851, .T. ) ;
#8037 = PLANE ( 'NONE',  #6067 ) ;
#8038 = CARTESIAN_POINT ( 'NONE',  ( -2.500000000000003109, 24.55000000000000071, 8.630465054610992868E-16 ) ) ;
#8039 = CARTESIAN_POINT ( 'NONE',  ( -26.39856228011245420, 24.53957693677155305, 11.16946338200124522 ) ) ;
#8040 = ORIENTED_EDGE ( 'NONE', *, *, #1145, .F. ) ;
#8041 = ORIENTED_EDGE ( 'NONE', *, *, #4112, .F. ) ;
#8042 = CYLINDRICAL_SURFACE ( 'NONE', #1908, 1.999999999999995781 ) ;
#8043 = B_SPLINE_CURVE_WITH_KNOTS ( 'NONE', 3,
 ( #1251, #5957, #3546, #5903, #3707, #477, #1348, #4374, #6878, #9876 ),
 .UNSPECIFIED., .F., .F.,
 ( 4, 2, 2, 2, 4 ),
 ( 0.000000000000000000, 0.2500000000000000000, 0.5000000000000000000, 0.7500000000000000000, 1.000000000000000000 ),
 .UNSPECIFIED. ) ;
#8044 = ADVANCED_FACE ( 'NONE', ( #7093 ), #5396, .T. ) ;
#8045 = ORIENTED_EDGE ( 'NONE', *, *, #181, .T. ) ;
#8046 = DIRECTION ( 'NONE',  ( 0.000000000000000000, 0.000000000000000000, 1.000000000000000000 ) ) ;
#8047 = AXIS2_PLACEMENT_3D ( 'NONE', #8578, #7030, #7805 ) ;
#8048 = CARTESIAN_POINT ( 'NONE',  ( -3.531243058771301069, -14.37583953687820326, 15.14786354837326954 ) ) ;
#8049 = CARTESIAN_POINT ( 'NONE',  ( -3.511330757353971599, -14.09737213407185230, -15.28709687128502637 ) ) ;
#8050 = AXIS2_PLACEMENT_3D ( 'NONE', #697, #4690, #6172 ) ;
#8051 = CARTESIAN_POINT ( 'NONE',  ( -23.14064960267461757, 26.80415421900860906, 13.55692403980306437 ) ) ;
#8052 = CARTESIAN_POINT ( 'NONE',  ( -12.31348600312988317, 5.741872821843921670, -10.99999999999998224 ) ) ;
#8053 = AXIS2_PLACEMENT_3D ( 'NONE', #298, #9547, #3993 ) ;
#8054 = CARTESIAN_POINT ( 'NONE',  ( -3.499999999999996003, -18.54989030964878083, -13.45010969035119253 ) ) ;
#8055 = ORIENTED_EDGE ( 'NONE', *, *, #9403, .T. ) ;
#8056 = VERTEX_POINT ( 'NONE', #5553 ) ;
#8057 = CARTESIAN_POINT ( 'NONE',  ( -5.444657620620454885, 37.03553390593269512, 15.53553390593273420 ) ) ;
#8058 = EDGE_CURVE ( 'NONE', #7943, #6147, #2769, .T. ) ;
#8059 = VERTEX_POINT ( 'NONE', #745 ) ;
#8060 = VECTOR ( 'NONE', #1965, 1000.000000000000000 ) ;
#8061 = PLANE ( 'NONE',  #251 ) ;
#8062 = VECTOR ( 'NONE', #1242, 1000.000000000000000 ) ;
#8063 = ADVANCED_FACE ( 'NONE', ( #1616 ), #5448, .T. ) ;
#8064 = CARTESIAN_POINT ( 'NONE',  ( -2.404358764561162154, 76.60900291896648184, -18.88203416260915191 ) ) ;
#8065 = AXIS2_PLACEMENT_3D ( 'NONE', #6960, #9331, #2300 ) ;
#8066 = CARTESIAN_POINT ( 'NONE',  ( -1.976215624297485096, 70.50184918517274468, -16.99999999999999645 ) ) ;
#8067 = DIRECTION ( 'NONE',  ( 1.000000000000000000, -0.000000000000000000, -0.000000000000000000 ) ) ;
#8068 = CARTESIAN_POINT ( 'NONE',  ( -25.50000000000000355, -13.99999999999997513, -10.20056438610881955 ) ) ;
#8069 = CARTESIAN_POINT ( 'NONE',  ( -2.484807799014310703, 76.45183717890107289, -20.32714424415070198 ) ) ;
#8070 = AXIS2_PLACEMENT_3D ( 'NONE', #3456, #3510, #4283 ) ;
#8071 = ORIENTED_EDGE ( 'NONE', *, *, #4439, .T. ) ;
#8072 = ORIENTED_EDGE ( 'NONE', *, *, #8406, .T. ) ;
#8073 = DIRECTION ( 'NONE',  ( 0.000000000000000000, 1.000000000000000000, -0.000000000000000000 ) ) ;
#8074 = EDGE_CURVE ( 'NONE', #7686, #9957, #9213, .T. ) ;
#8075 = ORIENTED_EDGE ( 'NONE', *, *, #7194, .T. ) ;
#8076 = CARTESIAN_POINT ( 'NONE',  ( -23.04906088981853785, 26.91318340436721357, -13.61973832086485103 ) ) ;
#8077 = ADVANCED_FACE ( 'NONE', ( #4017 ), #2388, .F. ) ;
#8078 = CARTESIAN_POINT ( 'NONE',  ( 12.98068253580588660, 69.04422262568452595, -22.00000000000000000 ) ) ;
#8079 = AXIS2_PLACEMENT_3D ( 'NONE', #6082, #10111, #2157 ) ;
#8080 = FACE_OUTER_BOUND ( 'NONE', #3352, .T. ) ;
#8081 = AXIS2_PLACEMENT_3D ( 'NONE', #8409, #774, #6868 ) ;
#8082 = DIRECTION ( 'NONE',  ( 0.000000000000000000, 0.7071067811865467956, 0.7071067811865483499 ) ) ;
#8083 = CARTESIAN_POINT ( 'NONE',  ( -12.31348600312988317, 5.741872821843919006, 16.17157287525381548 ) ) ;
#8084 = EDGE_CURVE ( 'NONE', #2010, #7920, #6110, .T. ) ;
#8085 = ORIENTED_EDGE ( 'NONE', *, *, #3635, .F. ) ;
#8086 = ORIENTED_EDGE ( 'NONE', *, *, #9936, .T. ) ;
#8087 = VECTOR ( 'NONE', #698, 1000.000000000000114 ) ;
#8088 = DIRECTION ( 'NONE',  ( 1.734723475976807094E-16, 0.000000000000000000, 1.000000000000000000 ) ) ;
#8089 = ORIENTED_EDGE ( 'NONE', *, *, #5925, .F. ) ;
#8090 = EDGE_CURVE ( 'NONE', #7397, #8030, #1478, .T. ) ;
#8091 = LINE ( 'NONE', #9492, #7954 ) ;
#8092 = DIRECTION ( 'NONE',  ( 0.9063077870366480493, -0.4226182617407037712, 0.000000000000000000 ) ) ;
#8093 = DIRECTION ( 'NONE',  ( -0.9156814542322440076, -0.4019048076038938544, 0.000000000000000000 ) ) ;
#8094 = EDGE_CURVE ( 'NONE', #496, #7382, #5197, .T. ) ;
#8095 = LINE ( 'NONE', #7940, #4273 ) ;
#8096 = PLANE ( 'NONE',  #8915 ) ;
#8097 = CARTESIAN_POINT ( 'NONE',  ( -26.10163767852683492, 25.15578198486252148, 11.25810611287868213 ) ) ;
#8098 = ORIENTED_EDGE ( 'NONE', *, *, #5432, .F. ) ;
#8099 = VERTEX_POINT ( 'NONE', #6164 ) ;
#8100 = DIRECTION ( 'NONE',  ( 1.000000000000000000, 0.000000000000000000, 0.000000000000000000 ) ) ;
#8101 = AXIS2_PLACEMENT_3D ( 'NONE', #1428, #9326, #8492 ) ;
#8102 = EDGE_CURVE ( 'NONE', #3356, #9324, #8587, .T. ) ;
#8103 = CARTESIAN_POINT ( 'NONE',  ( 2.575014897721876750, 33.16415171301293441, 16.90642604712489216 ) ) ;
#8104 = CIRCLE ( 'NONE', #3504, 1.000000000000000888 ) ;
#8105 = CARTESIAN_POINT ( 'NONE',  ( -3.816149871110679381, -16.41450772186419016, -14.21624845820126204 ) ) ;
#8106 = ADVANCED_FACE ( 'NONE', ( #4685, #9417 ), #9469, .T. ) ;
#8107 = CARTESIAN_POINT ( 'NONE',  ( -3.554352374492484312, -14.60484786749507968, -15.03333011075716641 ) ) ;
#8108 = FACE_OUTER_BOUND ( 'NONE', #4466, .T. ) ;
#8109 = VECTOR ( 'NONE', #832, 1000.000000000000000 ) ;
#8110 = FACE_OUTER_BOUND ( 'NONE', #482, .T. ) ;
#8111 = VERTEX_POINT ( 'NONE', #4729 ) ;
#8112 = CARTESIAN_POINT ( 'NONE',  ( -14.50150655427812296, 6.762163561044878257, 21.41421356237309581 ) ) ;
#8113 = ORIENTED_EDGE ( 'NONE', *, *, #7460, .F. ) ;
#8114 = VERTEX_POINT ( 'NONE', #3963 ) ;
#8115 = CARTESIAN_POINT ( 'NONE',  ( 7.499999999999996447, -14.50000000000000000, 11.35000000000000497 ) ) ;
#8116 = ORIENTED_EDGE ( 'NONE', *, *, #2994, .F. ) ;
#8117 = DIRECTION ( 'NONE',  ( 0.000000000000000000, 1.000000000000000000, -0.000000000000000000 ) ) ;
#8118 = AXIS2_PLACEMENT_3D ( 'NONE', #8429, #1412, #6160 ) ;
#8119 = AXIS2_PLACEMENT_3D ( 'NONE', #4650, #3108, #4033 ) ;
#8120 = FACE_BOUND ( 'NONE', #642, .T. ) ;
#8121 = CARTESIAN_POINT ( 'NONE',  ( -25.23446427519278856, 27.06636279556811431, -11.47887221957322268 ) ) ;
#8122 = DIRECTION ( 'NONE',  ( -0.9063077870366479383, 0.4226182617407037712, -0.000000000000000000 ) ) ;
#8123 = DIRECTION ( 'NONE',  ( 0.9063077870366480493, -0.4226182617407038822, -0.000000000000000000 ) ) ;
#8124 = DIRECTION ( 'NONE',  ( 0.000000000000000000, -0.6012712288170978248, -0.7990449983553974400 ) ) ;
#8125 = VERTEX_POINT ( 'NONE', #69 ) ;
#8126 = ORIENTED_EDGE ( 'NONE', *, *, #4554, .T. ) ;
#8127 = DIRECTION ( 'NONE',  ( -0.000000000000000000, 0.000000000000000000, -1.000000000000000000 ) ) ;
#8128 = ORIENTED_EDGE ( 'NONE', *, *, #4256, .T. ) ;
#8129 = CARTESIAN_POINT ( 'NONE',  ( -24.34586747729772682, 29.07863791488463434, -12.05999613831168205 ) ) ;
#8130 = CARTESIAN_POINT ( 'NONE',  ( -23.41421356237308160, 28.94386456752659598, 14.08578643762689531 ) ) ;
#8131 = LINE ( 'NONE', #284, #328 ) ;
#8132 = LINE ( 'NONE', #2494, #6263 ) ;
#8133 = ADVANCED_FACE ( 'NONE', ( #3198 ), #2580, .F. ) ;
#8134 = EDGE_CURVE ( 'NONE', #8114, #9867, #3850, .T. ) ;
#8135 = LINE ( 'NONE', #1063, #9575 ) ;
#8136 = ORIENTED_EDGE ( 'NONE', *, *, #2328, .T. ) ;
#8137 = VERTEX_POINT ( 'NONE', #8954 ) ;
#8138 = DIRECTION ( 'NONE',  ( 0.000000000000000000, 0.7071067811865474617, 0.7071067811865474617 ) ) ;
#8139 = VERTEX_POINT ( 'NONE', #6419 ) ;
#8140 = DIRECTION ( 'NONE',  ( 0.4226182617407039932, 0.9063077870366478273, 0.000000000000000000 ) ) ;
#8141 = DIRECTION ( 'NONE',  ( 0.2792582776338208839, -0.7672558119947076039, 0.5773502691896260641 ) ) ;
#8142 = CARTESIAN_POINT ( 'NONE',  ( -22.71629261286152968, 27.39001814001278134, -13.88499447053082392 ) ) ;
#8143 = PLANE ( 'NONE',  #9017 ) ;
#8144 = FACE_OUTER_BOUND ( 'NONE', #8465, .T. ) ;
#8145 = CARTESIAN_POINT ( 'NONE',  ( -0.7694321026320638524, 75.45600638209356248, 19.99999999999998934 ) ) ;
#8146 = ORIENTED_EDGE ( 'NONE', *, *, #8000, .T. ) ;
#8147 = ORIENTED_EDGE ( 'NONE', *, *, #3553, .T. ) ;
#8148 = CARTESIAN_POINT ( 'NONE',  ( -2.500000000000003109, 24.55000000000000071, 8.630465054610992868E-16 ) ) ;
#8149 = CARTESIAN_POINT ( 'NONE',  ( 2.240764571835911045, 33.92569230345550579, 17.83589071326691311 ) ) ;
#8150 = CARTESIAN_POINT ( 'NONE',  ( -3.534807092955747354, -14.41486970453699357, 15.12834659874121002 ) ) ;
#8151 = DIRECTION ( 'NONE',  ( 1.000000000000000000, 0.000000000000000000, 0.000000000000000000 ) ) ;
#8152 = DIRECTION ( 'NONE',  ( -1.000000000000000000, 0.000000000000000000, -0.000000000000000000 ) ) ;
#8153 = DIRECTION ( 'NONE',  ( -0.000000000000000000, -0.000000000000000000, -1.000000000000000000 ) ) ;
#8154 = ORIENTED_EDGE ( 'NONE', *, *, #2354, .T. ) ;
#8155 = LINE ( 'NONE', #8946, #9391 ) ;
#8156 = VERTEX_POINT ( 'NONE', #1044 ) ;
#8157 = ORIENTED_EDGE ( 'NONE', *, *, #4360, .F. ) ;
#8158 = LINE ( 'NONE', #4987, #6473 ) ;
#8159 = VERTEX_POINT ( 'NONE', #4839 ) ;
#8160 = LINE ( 'NONE', #5852, #8941 ) ;
#8161 = DIRECTION ( 'NONE',  ( 0.000000000000000000, 1.000000000000000000, -3.166731214663874123E-16 ) ) ;
#8162 = CYLINDRICAL_SURFACE ( 'NONE', #200, 4.999999999999999112 ) ;
#8163 = CARTESIAN_POINT ( 'NONE',  ( -22.14815193762316170, 27.49608295770067556, 14.05221839017406715 ) ) ;
#8164 = CARTESIAN_POINT ( 'NONE',  ( -28.62702616978954850, 13.34900153317659033, 76.26183934523054120 ) ) ;
#8165 = CARTESIAN_POINT ( 'NONE',  ( -22.71629261286152968, 27.39001814001279556, 13.88499447053084879 ) ) ;
#8166 = ORIENTED_EDGE ( 'NONE', *, *, #830, .T. ) ;
#8167 = ORIENTED_EDGE ( 'NONE', *, *, #3305, .T. ) ;
#8168 = DIRECTION ( 'NONE',  ( 0.000000000000000000, 0.000000000000000000, 1.000000000000000000 ) ) ;
#8169 = ORIENTED_EDGE ( 'NONE', *, *, #8314, .T. ) ;
#8170 = ADVANCED_FACE ( 'NONE', ( #7966 ), #9570, .F. ) ;
#8171 = DIRECTION ( 'NONE',  ( -0.9063077870366480493, 0.4226182617407038822, 0.000000000000000000 ) ) ;
#8172 = CARTESIAN_POINT ( 'NONE',  ( -25.50000000000000355, 26.50000000000000355, 0.000000000000000000 ) ) ;
#8173 = FACE_BOUND ( 'NONE', #6045, .T. ) ;
#8174 = PLANE ( 'NONE',  #9680 ) ;
#8175 = CARTESIAN_POINT ( 'NONE',  ( 5.331362904726132612, 26.88421501240179268, 13.61145279108652417 ) ) ;
#8176 = DIRECTION ( 'NONE',  ( 1.000000000000000000, 0.000000000000000000, 0.000000000000000000 ) ) ;
#8177 = ORIENTED_EDGE ( 'NONE', *, *, #6520, .F. ) ;
#8178 = ORIENTED_EDGE ( 'NONE', *, *, #9159, .F. ) ;
#8179 = LINE ( 'NONE', #1067, #6122 ) ;
#8180 = AXIS2_PLACEMENT_3D ( 'NONE', #7647, #5343, #3750 ) ;
#8181 = EDGE_LOOP ( 'NONE', ( #1053, #8493, #2460, #8991 ) ) ;
#8182 = CARTESIAN_POINT ( 'NONE',  ( -22.71629261286332380, 27.39001814001283819, -13.88499447053050773 ) ) ;
#8183 = ADVANCED_FACE ( 'NONE', ( #222 ), #8739, .T. ) ;
#8184 = LINE ( 'NONE', #1016, #4590 ) ;
#8185 = ADVANCED_FACE ( 'NONE', ( #8844 ), #1717, .T. ) ;
#8186 = CARTESIAN_POINT ( 'NONE',  ( -21.91117801419335009, 27.57406499035175784, -14.13020042282512989 ) ) ;
#8187 = AXIS2_PLACEMENT_3D ( 'NONE', #4078, #861, #4035 ) ;
#8188 = CARTESIAN_POINT ( 'NONE',  ( -2.905661822261147150E-15, 0.000000000000000000, -10.05000000000000071 ) ) ;
#8189 = CARTESIAN_POINT ( 'NONE',  ( 5.701507885269054832, 72.76957088592895673, 19.49999999999999645 ) ) ;
#8190 = VERTEX_POINT ( 'NONE', #3346 ) ;
#8191 = EDGE_LOOP ( 'NONE', ( #8085, #3264, #215, #8032, #2698 ) ) ;
#8192 = CARTESIAN_POINT ( 'NONE',  ( -4.262759557374748098, 39.57012248196223680, -10.99999999999998224 ) ) ;
#8193 = VECTOR ( 'NONE', #5438, 1000.000000000000000 ) ;
#8194 = CARTESIAN_POINT ( 'NONE',  ( 12.00000000000004263, 19.99999999999999645, 20.99999999999999645 ) ) ;
#8195 = DIRECTION ( 'NONE',  ( 1.000000000000000000, 0.000000000000000000, 0.000000000000000000 ) ) ;
#8196 = DIRECTION ( 'NONE',  ( 0.000000000000000000, 0.000000000000000000, -1.000000000000000000 ) ) ;
#8197 = ADVANCED_FACE ( 'NONE', ( #8120, #6521, #3245 ), #6475, .T. ) ;
#8198 = VECTOR ( 'NONE', #6770, 1000.000000000000000 ) ;
#8199 = CARTESIAN_POINT ( 'NONE',  ( -25.25342471557679147, 27.01970556726974237, 11.47563260638426463 ) ) ;
#8200 = ORIENTED_EDGE ( 'NONE', *, *, #8727, .T. ) ;
#8201 = FACE_OUTER_BOUND ( 'NONE', #423, .T. ) ;
#8202 = EDGE_CURVE ( 'NONE', #1725, #1635, #1815, .T. ) ;
#8203 = ORIENTED_EDGE ( 'NONE', *, *, #2232, .F. ) ;
#8204 = VERTEX_POINT ( 'NONE', #947 ) ;
#8205 = CARTESIAN_POINT ( 'NONE',  ( -3.796011084646401024, 40.57106781186543998, 17.00000000000000000 ) ) ;
#8206 = ORIENTED_EDGE ( 'NONE', *, *, #4445, .F. ) ;
#8207 = FACE_OUTER_BOUND ( 'NONE', #9782, .T. ) ;
#8208 = ADVANCED_FACE ( 'NONE', ( #1921 ), #9668, .F. ) ;
#8209 = CIRCLE ( 'NONE', #1999, 1.000000000000000888 ) ;
#8210 = CYLINDRICAL_SURFACE ( 'NONE', #6206, 2.000000000000000000 ) ;
#8211 = CARTESIAN_POINT ( 'NONE',  ( 3.499999999999993339, 13.50000000000000000, 5.000000000000000000 ) ) ;
#8212 = CARTESIAN_POINT ( 'NONE',  ( -6.808173230728648662, 28.11543744278039370, -27.86339964452518458 ) ) ;
#8213 = AXIS2_PLACEMENT_3D ( 'NONE', #5368, #3736, #8498 ) ;
#8214 = CARTESIAN_POINT ( 'NONE',  ( -16.56086121891152629, 46.32358052359267475, 19.99999999999999289 ) ) ;
#8215 = EDGE_CURVE ( 'NONE', #4094, #6622, #5039, .T. ) ;
#8216 = FACE_OUTER_BOUND ( 'NONE', #4893, .T. ) ;
#8217 = VECTOR ( 'NONE', #898, 1000.000000000000000 ) ;
#8218 = ORIENTED_EDGE ( 'NONE', *, *, #3120, .T. ) ;
#8219 = ORIENTED_EDGE ( 'NONE', *, *, #5662, .F. ) ;
#8220 = DIRECTION ( 'NONE',  ( 1.000000000000000000, -0.000000000000000000, 0.000000000000000000 ) ) ;
#8221 = ORIENTED_EDGE ( 'NONE', *, *, #3828, .F. ) ;
#8222 = AXIS2_PLACEMENT_3D ( 'NONE', #2204, #5321, #8455 ) ;
#8223 = CARTESIAN_POINT ( 'NONE',  ( -22.83612978271720095, 27.27452283165160907, -13.78033275447235084 ) ) ;
#8224 = CARTESIAN_POINT ( 'NONE',  ( -24.18752224744681101, 25.02294595408004341, 13.22274811022221819 ) ) ;
#8225 = CARTESIAN_POINT ( 'NONE',  ( -16.95106857580157111, 45.48677814630823235, 19.49999999999999645 ) ) ;
#8226 = EDGE_CURVE ( 'NONE', #5214, #6034, #1140, .T. ) ;
#8227 = LINE ( 'NONE', #1158, #3780 ) ;
#8228 = DIRECTION ( 'NONE',  ( 0.9063077870366480493, -0.4226182617407037712, 0.000000000000000000 ) ) ;
#8229 = AXIS2_PLACEMENT_3D ( 'NONE', #1446, #726, #5283 ) ;
#8230 = CIRCLE ( 'NONE', #9892, 1.049999999999998712 ) ;
#8231 = LINE ( 'NONE', #4958, #2834 ) ;
#8232 = ORIENTED_EDGE ( 'NONE', *, *, #10107, .T. ) ;
#8233 = VERTEX_POINT ( 'NONE', #8897 ) ;
#8234 = CARTESIAN_POINT ( 'NONE',  ( 4.978471444372597254, 27.02152855562751554, 20.99999999999999645 ) ) ;
#8235 = VERTEX_POINT ( 'NONE', #166 ) ;
#8236 = ORIENTED_EDGE ( 'NONE', *, *, #3248, .T. ) ;
#8237 = EDGE_CURVE ( 'NONE', #230, #8056, #1869, .T. ) ;
#8238 = DIRECTION ( 'NONE',  ( 0.000000000000000000, 0.000000000000000000, 1.000000000000000000 ) ) ;
#8239 = AXIS2_PLACEMENT_3D ( 'NONE', #5506, #8483, #9267 ) ;
#8240 = CIRCLE ( 'NONE', #6598, 1.000000000000000888 ) ;
#8241 = ADVANCED_FACE ( 'NONE', ( #9515, #4215 ), #315, .T. ) ;
#8242 = DIRECTION ( 'NONE',  ( 0.000000000000000000, 1.000000000000000000, 0.000000000000000000 ) ) ;
#8243 = CARTESIAN_POINT ( 'NONE',  ( -19.58165860779847733, 28.10490025305440653, -15.29495652402204975 ) ) ;
#8244 = CARTESIAN_POINT ( 'NONE',  ( -2.500000000000003109, -7.550000000000000711, -9.049999999999998934 ) ) ;
#8245 = AXIS2_PLACEMENT_3D ( 'NONE', #8083, #391, #6590 ) ;
#8246 = CARTESIAN_POINT ( 'NONE',  ( -24.11549210931247700, 24.90426732388242570, 13.34691924768760174 ) ) ;
#8247 = CIRCLE ( 'NONE', #3826, 1.049999999999991385 ) ;
#8248 = ORIENTED_EDGE ( 'NONE', *, *, #8102, .T. ) ;
#8249 = VERTEX_POINT ( 'NONE', #8267 ) ;
#8250 = LINE ( 'NONE', #9701, #4031 ) ;
#8251 = LINE ( 'NONE', #4359, #1015 ) ;
#8252 = CARTESIAN_POINT ( 'NONE',  ( -0.07443344634339155164, 74.58023422674386893, 19.49999999999999645 ) ) ;
#8253 = CARTESIAN_POINT ( 'NONE',  ( -4.428714704433062366, -17.06925933890795477, 13.80115676817288950 ) ) ;
#8254 = ADVANCED_FACE ( 'NONE', ( #8998 ), #7493, .F. ) ;
#8255 = CARTESIAN_POINT ( 'NONE',  ( -25.46422585740172906, 26.46969701272265496, 11.44981466736883391 ) ) ;
#8256 = VERTEX_POINT ( 'NONE', #1249 ) ;
#8257 = CYLINDRICAL_SURFACE ( 'NONE', #708, 0.9999999999999991118 ) ;
#8258 = AXIS2_PLACEMENT_3D ( 'NONE', #2598, #1593, #7061 ) ;
#8259 = EDGE_CURVE ( 'NONE', #5442, #4904, #7597, .T. ) ;
#8260 = VECTOR ( 'NONE', #5015, 1000.000000000000000 ) ;
#8261 = VERTEX_POINT ( 'NONE', #3544 ) ;
#8262 = ORIENTED_EDGE ( 'NONE', *, *, #6131, .F. ) ;
#8263 = CARTESIAN_POINT ( 'NONE',  ( -5.530614342596868127, 32.49999999999992895, -10.99999999999998224 ) ) ;
#8264 = EDGE_LOOP ( 'NONE', ( #7737, #767, #511, #4391, #4905, #1426, #9942, #4327 ) ) ;
#8265 = LINE ( 'NONE', #3397, #2222 ) ;
#8266 = ADVANCED_FACE ( 'NONE', ( #9150 ), #1402, .F. ) ;
#8267 = CARTESIAN_POINT ( 'NONE',  ( 5.499999999999993783, 0.000000000000000000, 5.000000000000000000 ) ) ;
#8268 = ADVANCED_FACE ( 'NONE', ( #2774 ), #5086, .F. ) ;
#8269 = DIRECTION ( 'NONE',  ( 0.000000000000000000, -1.000000000000000000, 1.193194596467784409E-16 ) ) ;
#8270 = DIRECTION ( 'NONE',  ( 0.9063077870366480493, -0.4226182617407037712, 0.000000000000000000 ) ) ;
#8271 = AXIS2_PLACEMENT_3D ( 'NONE', #730, #3852, #10124 ) ;
#8272 =( BOUNDED_CURVE ( )  B_SPLINE_CURVE ( 3, ( #8641, #2286, #6331, #9319 ),
 .UNSPECIFIED., .F., .T. ) 
 B_SPLINE_CURVE_WITH_KNOTS ( ( 4, 4 ),
 ( 2.356194490192342172, 3.141592653589793116 ),
 .UNSPECIFIED. ) 
 CURVE ( )  GEOMETRIC_REPRESENTATION_ITEM ( )  RATIONAL_B_SPLINE_CURVE ( ( 1.000000000000000000, 0.9492530216741907889, 0.9492530216741907889, 1.000000000000000000 ) ) 
 REPRESENTATION_ITEM ( '' )  );
#8273 = LINE ( 'NONE', #7601, #2209 ) ;
#8274 = EDGE_LOOP ( 'NONE', ( #9453, #5265, #6527, #3285 ) ) ;
#8275 = ORIENTED_EDGE ( 'NONE', *, *, #2752, .F. ) ;
#8276 = DIRECTION ( 'NONE',  ( 1.000000000000000000, 0.000000000000000000, -1.020425574104004122E-16 ) ) ;
#8277 = AXIS2_PLACEMENT_3D ( 'NONE', #4882, #987, #269 ) ;
#8278 = ORIENTED_EDGE ( 'NONE', *, *, #3648, .F. ) ;
#8279 = CIRCLE ( 'NONE', #4516, 1.999999999999997113 ) ;
#8280 = CARTESIAN_POINT ( 'NONE',  ( -24.74687569259191378, 28.18267928985890336, -11.64843269225463906 ) ) ;
#8281 = CARTESIAN_POINT ( 'NONE',  ( 7.499999999999996447, -14.50000000000000000, 15.35000000000000675 ) ) ;
#8282 = CARTESIAN_POINT ( 'NONE',  ( -1.130979100816071448, 72.31446475924603590, 15.00000000000000000 ) ) ;
#8283 = CARTESIAN_POINT ( 'NONE',  ( 5.555030251237473848, 26.37462160310963455, -18.14988499235800035 ) ) ;
#8284 = DIRECTION ( 'NONE',  ( 0.4226182617407036601, 0.9063077870366479383, -0.000000000000000000 ) ) ;
#8285 = VECTOR ( 'NONE', #9798, 1000.000000000000000 ) ;
#8286 = CARTESIAN_POINT ( 'NONE',  ( -16.66179018853038940, 46.03388610333258413, -20.35391712318953239 ) ) ;
#8287 = CARTESIAN_POINT ( 'NONE',  ( -2.793356807453335477, 75.84808901196598185, -19.49999999999999645 ) ) ;
#8288 = ORIENTED_EDGE ( 'NONE', *, *, #3688, .F. ) ;
#8289 = ORIENTED_EDGE ( 'NONE', *, *, #5224, .T. ) ;
#8290 = DIRECTION ( 'NONE',  ( -0.9063077870366474942, 0.4226182617407049924, 0.000000000000000000 ) ) ;
#8291 = ORIENTED_EDGE ( 'NONE', *, *, #3320, .F. ) ;
#8292 = ORIENTED_EDGE ( 'NONE', *, *, #2151, .F. ) ;
#8293 = FACE_OUTER_BOUND ( 'NONE', #4395, .T. ) ;
#8294 = DIRECTION ( 'NONE',  ( 0.7071067811865465735, 0.000000000000000000, 0.7071067811865484609 ) ) ;
#8295 = LINE ( 'NONE', #3014, #9349 ) ;
#8296 = CARTESIAN_POINT ( 'NONE',  ( -4.592019000520898508, -17.23559897200730973, -13.71798695162321557 ) ) ;
#8297 = EDGE_CURVE ( 'NONE', #777, #3836, #4474, .T. ) ;
#8298 = CARTESIAN_POINT ( 'NONE',  ( 7.570551771473125413, 64.94674051891543343, 14.00000000000000000 ) ) ;
#8299 = CARTESIAN_POINT ( 'NONE',  ( -15.91576634064152351, 40.57106781186543998, 16.99999999999999645 ) ) ;
#8300 = ORIENTED_EDGE ( 'NONE', *, *, #1868, .T. ) ;
#8301 = CARTESIAN_POINT ( 'NONE',  ( -4.294826271969993670, 39.50135519053241495, -18.00135519053245403 ) ) ;
#8302 = CARTESIAN_POINT ( 'NONE',  ( 7.499999999999992895, -12.50000000000000000, -15.64999999999999325 ) ) ;
#8303 = ADVANCED_FACE ( 'NONE', ( #9050 ), #4524, .F. ) ;
#8304 = CARTESIAN_POINT ( 'NONE',  ( -0.5000000000000082157, 22.54999999999999716, -6.050000000000006928 ) ) ;
#8305 = CARTESIAN_POINT ( 'NONE',  ( -0.5000000000000082157, -7.550000000000000711, -8.049999999999998934 ) ) ;
#8306 = CARTESIAN_POINT ( 'NONE',  ( 0.000000000000000000, 13.50000000000000000, -10.00000000000000000 ) ) ;
#8307 = EDGE_LOOP ( 'NONE', ( #1163, #2543 ) ) ;
#8308 = LINE ( 'NONE', #670, #6260 ) ;
#8309 = ORIENTED_EDGE ( 'NONE', *, *, #7124, .F. ) ;
#8310 = ORIENTED_EDGE ( 'NONE', *, *, #6196, .F. ) ;
#8311 = CARTESIAN_POINT ( 'NONE',  ( -3.499999999999996003, 28.11543744278040435, 15.49999999999998046 ) ) ;
#8312 = ORIENTED_EDGE ( 'NONE', *, *, #5204, .T. ) ;
#8313 = CARTESIAN_POINT ( 'NONE',  ( 0.000000000000000000, 13.50000000000000000, 0.000000000000000000 ) ) ;
#8314 = EDGE_CURVE ( 'NONE', #855, #7767, #5880, .T. ) ;
#8315 = DIRECTION ( 'NONE',  ( -0.3063271475988571524, -0.9519262989559370558, -1.734723475976807292E-15 ) ) ;
#8316 = DIRECTION ( 'NONE',  ( 0.4226182617407037156, 0.9063077870366479383, 0.000000000000000000 ) ) ;
#8317 = LINE ( 'NONE', #8364, #4433 ) ;
#8318 = ADVANCED_FACE ( 'NONE', ( #475 ), #5140, .T. ) ;
#8319 = DIRECTION ( 'NONE',  ( 0.000000000000000000, 1.000000000000000000, 0.000000000000000000 ) ) ;
#8320 = DIRECTION ( 'NONE',  ( 1.000000000000000000, 0.000000000000000000, -3.452186021844392907E-16 ) ) ;
#8321 = ORIENTED_EDGE ( 'NONE', *, *, #7198, .T. ) ;
#8322 = VERTEX_POINT ( 'NONE', #1296 ) ;
#8323 = DIRECTION ( 'NONE',  ( 0.000000000000000000, 1.000000000000000000, -0.000000000000000000 ) ) ;
#8324 = ORIENTED_EDGE ( 'NONE', *, *, #412, .F. ) ;
#8325 = CARTESIAN_POINT ( 'NONE',  ( -24.47150492780448516, 24.78690555619941804, 13.02849507219575287 ) ) ;
#8326 =( BOUNDED_CURVE ( )  B_SPLINE_CURVE ( 3, ( #1284, #1386, #8349, #4408 ),
 .UNSPECIFIED., .F., .T. ) 
 B_SPLINE_CURVE_WITH_KNOTS ( ( 4, 4 ),
 ( 5.918932915365610725, 6.283185307179586232 ),
 .UNSPECIFIED. ) 
 CURVE ( )  GEOMETRIC_REPRESENTATION_ITEM ( )  RATIONAL_B_SPLINE_CURVE ( ( 1.000000000000000000, 0.9889738781959858116, 0.9889738781959858116, 1.000000000000000000 ) ) 
 REPRESENTATION_ITEM ( '' )  );
#8327 = DIRECTION ( 'NONE',  ( -0.000000000000000000, 1.000000000000000000, -0.000000000000000000 ) ) ;
#8328 = DIRECTION ( 'NONE',  ( 1.000000000000000000, -0.000000000000000000, 0.000000000000000000 ) ) ;
#8329 = CARTESIAN_POINT ( 'NONE',  ( -4.894454266501991668, -15.49999999999997335, -13.49999999999995026 ) ) ;
#8330 = CARTESIAN_POINT ( 'NONE',  ( -22.28118267173513445, 27.47169874993735306, 14.01782841243767130 ) ) ;
#8331 = CARTESIAN_POINT ( 'NONE',  ( -17.22688285514533391, 44.84512903453078536, -20.30654151649042305 ) ) ;
#8332 = DIRECTION ( 'NONE',  ( 0.000000000000000000, 1.000000000000000000, -0.000000000000000000 ) ) ;
#8333 = ORIENTED_EDGE ( 'NONE', *, *, #2842, .T. ) ;
#8334 = ORIENTED_EDGE ( 'NONE', *, *, #4268, .F. ) ;
#8335 = DIRECTION ( 'NONE',  ( 0.9063077870366479383, -0.4226182617407038267, -0.000000000000000000 ) ) ;
#8336 = ORIENTED_EDGE ( 'NONE', *, *, #1829, .T. ) ;
#8337 = ORIENTED_EDGE ( 'NONE', *, *, #7228, .F. ) ;
#8338 = ADVANCED_FACE ( 'NONE', ( #3491 ), #3706, .F. ) ;
#8339 = CARTESIAN_POINT ( 'NONE',  ( -2.793356807453335477, 75.84808901196598185, 19.49999999999999645 ) ) ;
#8340 = DIRECTION ( 'NONE',  ( 0.4226182617407036046, 0.9063077870366480493, 0.000000000000000000 ) ) ;
#8341 = LINE ( 'NONE', #9284, #7205 ) ;
#8342 = CARTESIAN_POINT ( 'NONE',  ( 7.499999999999992895, -14.50000000000000000, -16.64999999999999503 ) ) ;
#8343 = DIRECTION ( 'NONE',  ( 0.9063077870366480493, -0.4226182617407037712, 0.000000000000000000 ) ) ;
#8344 = EDGE_CURVE ( 'NONE', #1840, #2836, #9977, .T. ) ;
#8345 = CARTESIAN_POINT ( 'NONE',  ( 20.68635963477277073, 43.38344800398079570, 0.000000000000000000 ) ) ;
#8346 = ORIENTED_EDGE ( 'NONE', *, *, #7763, .F. ) ;
#8347 = DIRECTION ( 'NONE',  ( -0.000000000000000000, 1.000000000000000000, -0.000000000000000000 ) ) ;
#8348 = EDGE_CURVE ( 'NONE', #7725, #8838, #4372, .T. ) ;
#8349 = CARTESIAN_POINT ( 'NONE',  ( 5.331362908464481798, 26.88421500388449559, 13.83837423813506362 ) ) ;
#8350 = AXIS2_PLACEMENT_3D ( 'NONE', #8550, #9012, #7308 ) ;
#8351 = CARTESIAN_POINT ( 'NONE',  ( -3.662126726590265946, -15.25334800888196973, -14.70908454689232059 ) ) ;
#8352 = CARTESIAN_POINT ( 'NONE',  ( -3.499999999999995115, -13.67157287525380838, 15.49999999999998046 ) ) ;
#8353 = CARTESIAN_POINT ( 'NONE',  ( -25.03006615557300663, 27.54841173054036574, 11.52075088120275126 ) ) ;
#8354 = ORIENTED_EDGE ( 'NONE', *, *, #684, .F. ) ;
#8355 = DIRECTION ( 'NONE',  ( -0.000000000000000000, -0.000000000000000000, -1.000000000000000000 ) ) ;
#8356 = AXIS2_PLACEMENT_3D ( 'NONE', #4566, #677, #7027 ) ;
#8357 = ORIENTED_EDGE ( 'NONE', *, *, #9619, .F. ) ;
#8358 = CARTESIAN_POINT ( 'NONE',  ( -1.500000000000026423, 13.50000000000000000, -10.05000000000000071 ) ) ;
#8359 = ORIENTED_EDGE ( 'NONE', *, *, #4319, .T. ) ;
#8360 = DIRECTION ( 'NONE',  ( 0.000000000000000000, 0.7071067811865467956, 0.7071067811865483499 ) ) ;
#8361 = CARTESIAN_POINT ( 'NONE',  ( 12.98068253580589371, 69.04422262568452595, 20.00000000000000000 ) ) ;
#8362 = AXIS2_PLACEMENT_3D ( 'NONE', #103, #3225, #4968 ) ;
#8363 = DIRECTION ( 'NONE',  ( 0.9127481291739371061, -0.4085227688752218755, 0.000000000000000000 ) ) ;
#8364 = CARTESIAN_POINT ( 'NONE',  ( 0.000000000000000000, 0.000000000000000000, -5.000000000000000000 ) ) ;
#8365 = CARTESIAN_POINT ( 'NONE',  ( -0.003228365421042468653, 34.06199999382993582, -21.99999999999999645 ) ) ;
#8366 = CARTESIAN_POINT ( 'NONE',  ( 2.989911769631495186, 32.21886973618972405, -16.17157287525382259 ) ) ;
#8367 = VECTOR ( 'NONE', #3087, 1000.000000000000000 ) ;
#8368 = ORIENTED_EDGE ( 'NONE', *, *, #631, .T. ) ;
#8369 = ORIENTED_EDGE ( 'NONE', *, *, #9274, .F. ) ;
#8370 = DIRECTION ( 'NONE',  ( -0.000000000000000000, -1.000000000000000000, 0.000000000000000000 ) ) ;
#8371 = VERTEX_POINT ( 'NONE', #6726 ) ;
#8372 = EDGE_CURVE ( 'NONE', #8468, #1862, #4570, .T. ) ;
#8373 = CARTESIAN_POINT ( 'NONE',  ( -15.49999999999998401, -14.50000000000000000, -22.00000000000000000 ) ) ;
#8374 = CARTESIAN_POINT ( 'NONE',  ( -24.18942810924084696, 25.02095653064506564, 13.22162684256690568 ) ) ;
#8375 = AXIS2_PLACEMENT_3D ( 'NONE', #1861, #7333, #1034 ) ;
#8376 = CARTESIAN_POINT ( 'NONE',  ( -24.22708019253994038, 29.34404018910998602, 12.26998894106172777 ) ) ;
#8377 = LINE ( 'NONE', #1362, #1327 ) ;
#8378 = FACE_OUTER_BOUND ( 'NONE', #8556, .T. ) ;
#8379 = CARTESIAN_POINT ( 'NONE',  ( -23.75116862514126836, 28.60090773342804837, 13.74883137485868900 ) ) ;
#8380 = AXIS2_PLACEMENT_3D ( 'NONE', #2000, #9965, #8405 ) ;
#8381 = LINE ( 'NONE', #6851, #6743 ) ;
#8382 = EDGE_CURVE ( 'NONE', #4520, #8970, #154, .T. ) ;
#8383 = CARTESIAN_POINT ( 'NONE',  ( -1.500000000000006883, 24.55000000000000071, 5.050000000000001599 ) ) ;
#8384 = AXIS2_PLACEMENT_3D ( 'NONE', #9533, #8497, #1477 ) ;
#8385 = ORIENTED_EDGE ( 'NONE', *, *, #4934, .T. ) ;
#8386 = ORIENTED_EDGE ( 'NONE', *, *, #9559, .T. ) ;
#8387 = DIRECTION ( 'NONE',  ( 0.000000000000000000, 1.000000000000000000, 0.000000000000000000 ) ) ;
#8388 = ORIENTED_EDGE ( 'NONE', *, *, #8829, .F. ) ;
#8389 = EDGE_CURVE ( 'NONE', #7993, #117, #6873, .T. ) ;
#8390 = ORIENTED_EDGE ( 'NONE', *, *, #3482, .F. ) ;
#8391 = CARTESIAN_POINT ( 'NONE',  ( -24.58578643762691129, 24.77962844413281829, -12.91421356237304785 ) ) ;
#8392 = AXIS2_PLACEMENT_3D ( 'NONE', #9025, #833, #6500 ) ;
#8393 = CARTESIAN_POINT ( 'NONE',  ( -2.279720836620513946, 76.76712344017326473, -19.67418803310766862 ) ) ;
#8394 = ADVANCED_FACE ( 'NONE', ( #9776 ), #8210, .T. ) ;
#8395 = CARTESIAN_POINT ( 'NONE',  ( 3.349249737113414227, 39.33071801090765973, -16.99999999999999645 ) ) ;
#8396 = VECTOR ( 'NONE', #170, 1000.000000000000227 ) ;
#8397 = CARTESIAN_POINT ( 'NONE',  ( -20.47797521805767929, 28.00688064007322708, -14.84675707896646202 ) ) ;
#8398 = EDGE_CURVE ( 'NONE', #8190, #1862, #7938, .T. ) ;
#8399 = DIRECTION ( 'NONE',  ( -0.9063077870366480493, 0.4226182617407038822, 0.000000000000000000 ) ) ;
#8400 = ORIENTED_EDGE ( 'NONE', *, *, #9694, .F. ) ;
#8401 = EDGE_CURVE ( 'NONE', #1914, #5134, #9597, .T. ) ;
#8402 = VECTOR ( 'NONE', #5676, 1000.000000000000114 ) ;
#8403 = CARTESIAN_POINT ( 'NONE',  ( 8.328427124746188071, -7.549999999999999822, 9.050000000000000711 ) ) ;
#8404 = AXIS2_PLACEMENT_3D ( 'NONE', #3789, #5481, #4711 ) ;
#8405 = DIRECTION ( 'NONE',  ( -1.000000000000000000, 0.000000000000000000, 0.000000000000000000 ) ) ;
#8406 = EDGE_CURVE ( 'NONE', #1123, #1533, #3170, .T. ) ;
#8407 = CARTESIAN_POINT ( 'NONE',  ( -23.17405875427784778, 26.85052225062401376, 13.50746724333538573 ) ) ;
#8408 = VECTOR ( 'NONE', #297, 1000.000000000000000 ) ;
#8409 = CARTESIAN_POINT ( 'NONE',  ( -0.003228365421052009632, 34.06199999382995003, -20.00000000000000000 ) ) ;
#8410 = DIRECTION ( 'NONE',  ( -1.000000000000000000, 6.938893903907228378E-15, 0.000000000000000000 ) ) ;
#8411 = ORIENTED_EDGE ( 'NONE', *, *, #9947, .T. ) ;
#8412 = EDGE_CURVE ( 'NONE', #2416, #9478, #3730, .T. ) ;
#8413 = DIRECTION ( 'NONE',  ( -0.000000000000000000, 1.000000000000000000, -0.000000000000000000 ) ) ;
#8414 = ORIENTED_EDGE ( 'NONE', *, *, #967, .F. ) ;
#8415 = DIRECTION ( 'NONE',  ( -0.9063077870366480493, 0.4226182617407038822, 0.000000000000000000 ) ) ;
#8416 = EDGE_CURVE ( 'NONE', #1837, #5226, #1450, .T. ) ;
#8417 = VERTEX_POINT ( 'NONE', #6396 ) ;
#8418 = CIRCLE ( 'NONE', #5304, 0.7999999999999906075 ) ;
#8419 = CARTESIAN_POINT ( 'NONE',  ( -24.85573996627491411, 24.76283173502878299, 12.64426003372506813 ) ) ;
#8420 = CARTESIAN_POINT ( 'NONE',  ( 14.83245263440451289, 63.95652609376352160, 16.17157287525380838 ) ) ;
#8421 = DIRECTION ( 'NONE',  ( -0.000000000000000000, -0.000000000000000000, 1.000000000000000000 ) ) ;
#8422 = CARTESIAN_POINT ( 'NONE',  ( 5.499999999999994671, -20.00000000000000000, -11.17157287525377996 ) ) ;
#8423 = CARTESIAN_POINT ( 'NONE',  ( 5.526315377425846442, 26.44004425273327641, -17.04619308486013551 ) ) ;
#8424 = VECTOR ( 'NONE', #3774, 1000.000000000000000 ) ;
#8425 = DIRECTION ( 'NONE',  ( 0.000000000000000000, 0.000000000000000000, 1.000000000000000000 ) ) ;
#8426 = ADVANCED_FACE ( 'NONE', ( #872 ), #5578, .F. ) ;
#8427 = ORIENTED_EDGE ( 'NONE', *, *, #4996, .F. ) ;
#8428 = ORIENTED_EDGE ( 'NONE', *, *, #5519, .F. ) ;
#8429 = CARTESIAN_POINT ( 'NONE',  ( 20.68635963477277073, 43.38344800398079570, 0.000000000000000000 ) ) ;
#8430 = ORIENTED_EDGE ( 'NONE', *, *, #3595, .F. ) ;
#8431 = CARTESIAN_POINT ( 'NONE',  ( 1.828134543043417715, 34.86580960903778248, 20.00000000000000000 ) ) ;
#8432 = VECTOR ( 'NONE', #6429, 1000.000000000000000 ) ;
#8433 = CIRCLE ( 'NONE', #241, 2.000000000000000888 ) ;
#8434 = EDGE_CURVE ( 'NONE', #2673, #2437, #7848, .T. ) ;
#8435 = DIRECTION ( 'NONE',  ( -0.4085227688752219311, -0.9127481291739369951, 3.469446951953608765E-16 ) ) ;
#8436 = DIRECTION ( 'NONE',  ( 0.000000000000000000, -1.000000000000000000, 1.109906930436750877E-16 ) ) ;
#8437 = CARTESIAN_POINT ( 'NONE',  ( 5.504844988223734248, 26.48896140136042021, -18.49227799373991488 ) ) ;
#8438 = LINE ( 'NONE', #2741, #4465 ) ;
#8439 = FACE_OUTER_BOUND ( 'NONE', #7325, .T. ) ;
#8440 = LINE ( 'NONE', #1368, #2977 ) ;
#8441 = AXIS2_PLACEMENT_3D ( 'NONE', #9390, #2882, #7592 ) ;
#8442 = CARTESIAN_POINT ( 'NONE',  ( 7.499999999999996447, -14.50000000000000000, 13.35000000000000497 ) ) ;
#8443 = VECTOR ( 'NONE', #1716, 1000.000000000000000 ) ;
#8444 = ORIENTED_EDGE ( 'NONE', *, *, #9872, .T. ) ;
#8445 = ORIENTED_EDGE ( 'NONE', *, *, #8665, .F. ) ;
#8446 = DIRECTION ( 'NONE',  ( 0.4226182617407038267, 0.9063077870366479383, 0.000000000000000000 ) ) ;
#8447 = VERTEX_POINT ( 'NONE', #3269 ) ;
#8448 = ORIENTED_EDGE ( 'NONE', *, *, #7800, .T. ) ;
#8449 = DIRECTION ( 'NONE',  ( -1.000000000000000000, -0.000000000000000000, -0.000000000000000000 ) ) ;
#8450 = CARTESIAN_POINT ( 'NONE',  ( -2.976828996322946175, -14.50000000000000000, 2.976828996322938181 ) ) ;
#8451 = AXIS2_PLACEMENT_3D ( 'NONE', #6349, #9645, #4812 ) ;
#8452 = EDGE_CURVE ( 'NONE', #2597, #3498, #4417, .T. ) ;
#8453 = CYLINDRICAL_SURFACE ( 'NONE', #5729, 1.999999999999998224 ) ;
#8454 = AXIS2_PLACEMENT_3D ( 'NONE', #4486, #9009, #7456 ) ;
#8455 = DIRECTION ( 'NONE',  ( -0.9156814542322435635, -0.4019048076038950201, 0.000000000000000000 ) ) ;
#8456 = EDGE_CURVE ( 'NONE', #1124, #9488, #9183, .T. ) ;
#8457 = AXIS2_PLACEMENT_3D ( 'NONE', #6310, #1647, #4766 ) ;
#8458 = CARTESIAN_POINT ( 'NONE',  ( 3.799990051940269620, 27.67952626354220769, 21.78610024236404286 ) ) ;
#8459 = ORIENTED_EDGE ( 'NONE', *, *, #3800, .T. ) ;
#8460 = CARTESIAN_POINT ( 'NONE',  ( -0.5000000000000065503, -7.549999999999999822, 8.050000000000000711 ) ) ;
#8461 = DIRECTION ( 'NONE',  ( 0.000000000000000000, -0.4085227688752226527, -0.9127481291739366620 ) ) ;
#8462 = DIRECTION ( 'NONE',  ( 0.000000000000000000, -0.7071067811865467956, -0.7071067811865483499 ) ) ;
#8463 = FACE_OUTER_BOUND ( 'NONE', #3645, .T. ) ;
#8464 = CARTESIAN_POINT ( 'NONE',  ( 5.499999999999994671, -20.00000000000000000, -11.99999999999997868 ) ) ;
#8465 = EDGE_LOOP ( 'NONE', ( #1520, #128, #4341, #4446 ) ) ;
#8466 = DIRECTION ( 'NONE',  ( 0.000000000000000000, 0.000000000000000000, 1.000000000000000000 ) ) ;
#8467 = EDGE_CURVE ( 'NONE', #3537, #334, #7360, .T. ) ;
#8468 = VERTEX_POINT ( 'NONE', #4087 ) ;
#8469 = VERTEX_POINT ( 'NONE', #2559 ) ;
#8470 = CARTESIAN_POINT ( 'NONE',  ( -20.83063806767385628, 27.93661831494379300, 14.67046770160580316 ) ) ;
#8471 = CARTESIAN_POINT ( 'NONE',  ( -23.98517237043468597, 28.69092956963040209, -13.48730332513786045 ) ) ;
#8472 = CARTESIAN_POINT ( 'NONE',  ( -19.43337372629774862, 28.11544626190975649, 15.36909957447799968 ) ) ;
#8473 = LINE ( 'NONE', #3086, #2835 ) ;
#8474 = CARTESIAN_POINT ( 'NONE',  ( -23.23240859800812075, 26.33423152206750828, -13.49999999999995737 ) ) ;
#8475 = EDGE_CURVE ( 'NONE', #2599, #4528, #7820, .T. ) ;
#8476 = EDGE_LOOP ( 'NONE', ( #3155, #9868, #8624, #1282 ) ) ;
#8477 = ORIENTED_EDGE ( 'NONE', *, *, #2045, .T. ) ;
#8478 = DIRECTION ( 'NONE',  ( -0.000000000000000000, 1.000000000000000000, -0.000000000000000000 ) ) ;
#8479 = ADVANCED_FACE ( 'NONE', ( #3319 ), #1691, .T. ) ;
#8480 = ORIENTED_EDGE ( 'NONE', *, *, #6706, .T. ) ;
#8481 = CARTESIAN_POINT ( 'NONE',  ( 0.000000000000000000, 26.50000000000000355, 0.000000000000000000 ) ) ;
#8482 = CARTESIAN_POINT ( 'NONE',  ( 5.701507885269057496, 72.76957088592895673, 19.49999999999999645 ) ) ;
#8483 = DIRECTION ( 'NONE',  ( 0.9063077870366480493, -0.4226182617407037712, 0.000000000000000000 ) ) ;
#8484 = DIRECTION ( 'NONE',  ( 0.9063077870366481603, -0.4226182617407032716, -0.000000000000000000 ) ) ;
#8485 = CARTESIAN_POINT ( 'NONE',  ( -5.499999999999996447, 0.000000000000000000, 15.49999999999998046 ) ) ;
#8486 = CARTESIAN_POINT ( 'NONE',  ( 5.499999999999992006, 22.54999999999999716, -6.050000000000006928 ) ) ;
#8487 = LINE ( 'NONE', #5974, #10036 ) ;
#8488 = CARTESIAN_POINT ( 'NONE',  ( -17.66419966797932162, 42.27129444872815611, -19.83580033202064996 ) ) ;
#8489 = EDGE_CURVE ( 'NONE', #1111, #777, #2456, .T. ) ;
#8490 = ORIENTED_EDGE ( 'NONE', *, *, #6683, .T. ) ;
#8491 = ORIENTED_EDGE ( 'NONE', *, *, #7460, .T. ) ;
#8492 = DIRECTION ( 'NONE',  ( -1.000000000000000000, 0.000000000000000000, 0.000000000000000000 ) ) ;
#8493 = ORIENTED_EDGE ( 'NONE', *, *, #9793, .T. ) ;
#8494 = DIRECTION ( 'NONE',  ( -0.000000000000000000, -0.000000000000000000, -1.000000000000000000 ) ) ;
#8495 = LINE ( 'NONE', #10002, #8953 ) ;
#8496 = CARTESIAN_POINT ( 'NONE',  ( -33.79438179219875593, 0.6255028423559090278, -16.99999999999999645 ) ) ;
#8497 = DIRECTION ( 'NONE',  ( 1.000000000000000000, 0.000000000000000000, -1.020425574104004122E-16 ) ) ;
#8498 = DIRECTION ( 'NONE',  ( -0.4226182617407037712, -0.9063077870366479383, 0.000000000000000000 ) ) ;
#8499 = VERTEX_POINT ( 'NONE', #6876 ) ;
#8500 = DIRECTION ( 'NONE',  ( -0.8574929257125448734, 0.5144957554275253475, -6.138935552817340333E-17 ) ) ;
#8501 = EDGE_CURVE ( 'NONE', #10047, #6592, #7690, .T. ) ;
#8502 = ORIENTED_EDGE ( 'NONE', *, *, #2651, .F. ) ;
#8503 = DIRECTION ( 'NONE',  ( 0.8574929257125448734, -0.5144957554275253475, 0.000000000000000000 ) ) ;
#8504 = EDGE_CURVE ( 'NONE', #788, #8468, #6388, .T. ) ;
#8505 = AXIS2_PLACEMENT_3D ( 'NONE', #6371, #991, #8161 ) ;
#8506 = CARTESIAN_POINT ( 'NONE',  ( -23.53571380769772148, 28.82263406945698492, 13.96428619230225898 ) ) ;
#8507 = DIRECTION ( 'NONE',  ( 0.000000000000000000, 0.000000000000000000, 1.000000000000000000 ) ) ;
#8508 = CARTESIAN_POINT ( 'NONE',  ( 5.499999999999993783, -7.549999999999999822, 8.050000000000000711 ) ) ;
#8509 = VERTEX_POINT ( 'NONE', #5061 ) ;
#8510 = DIRECTION ( 'NONE',  ( 0.000000000000000000, 0.000000000000000000, -1.000000000000000000 ) ) ;
#8511 = ORIENTED_EDGE ( 'NONE', *, *, #3071, .T. ) ;
#8512 = AXIS2_PLACEMENT_3D ( 'NONE', #7971, #6332, #6375 ) ;
#8513 = AXIS2_PLACEMENT_3D ( 'NONE', #8926, #9646, #3374 ) ;
#8514 = VERTEX_POINT ( 'NONE', #5833 ) ;
#8515 = CARTESIAN_POINT ( 'NONE',  ( -16.08578643762685800, 41.77315670190874641, 21.41421356237309581 ) ) ;
#8516 = B_SPLINE_CURVE_WITH_KNOTS ( 'NONE', 1,
 ( #2624, #6472 ),
 .UNSPECIFIED., .F., .F.,
 ( 2, 2 ),
 ( 0.000000000000000000, 1.000000000000000000 ),
 .UNSPECIFIED. ) ;
#8517 = ADVANCED_FACE ( 'NONE', ( #5877 ), #9024, .F. ) ;
#8518 = CARTESIAN_POINT ( 'NONE',  ( -24.19064801374132045, 28.97992476994973998, -13.04708710368533708 ) ) ;
#8519 = FACE_OUTER_BOUND ( 'NONE', #10166, .T. ) ;
#8520 = CARTESIAN_POINT ( 'NONE',  ( 4.185200646502670097, 27.55154884389780534, -21.59579719681631360 ) ) ;
#8521 = AXIS2_PLACEMENT_3D ( 'NONE', #124, #9518, #5400 ) ;
#8522 = ADVANCED_FACE ( 'NONE', ( #9850 ), #6542, .F. ) ;
#8523 = DIRECTION ( 'NONE',  ( -1.000000000000000000, 0.000000000000000000, 0.000000000000000000 ) ) ;
#8524 = ORIENTED_EDGE ( 'NONE', *, *, #2386, .F. ) ;
#8525 = ORIENTED_EDGE ( 'NONE', *, *, #6939, .T. ) ;
#8526 = ADVANCED_FACE ( 'NONE', ( #8036 ), #4292, .F. ) ;
#8527 = CARTESIAN_POINT ( 'NONE',  ( 2.713534753479672990, 27.87225168414727960, -22.00000000000000000 ) ) ;
#8528 = ORIENTED_EDGE ( 'NONE', *, *, #9162, .F. ) ;
#8529 = CARTESIAN_POINT ( 'NONE',  ( 1.510327676002287012, 13.59042050291512282, 9.046874646537723663 ) ) ;
#8530 = AXIS2_PLACEMENT_3D ( 'NONE', #9615, #9706, #8833 ) ;
#8531 = DIRECTION ( 'NONE',  ( 0.000000000000000000, 1.000000000000000000, -0.000000000000000000 ) ) ;
#8532 = ADVANCED_FACE ( 'NONE', ( #4236 ), #7415, .F. ) ;
#8533 = DIRECTION ( 'NONE',  ( -1.000000000000000000, 0.000000000000000000, 0.000000000000000000 ) ) ;
#8534 = CARTESIAN_POINT ( 'NONE',  ( 5.500000000000019540, 26.50000000000008527, 15.31320470151360347 ) ) ;
#8535 = CYLINDRICAL_SURFACE ( 'NONE', #2665, 0.7999999999999976019 ) ;
#8536 = CARTESIAN_POINT ( 'NONE',  ( -16.08578643762688998, 41.77315670190876062, -21.41421356237309581 ) ) ;
#8537 = DIRECTION ( 'NONE',  ( 0.000000000000000000, 0.000000000000000000, -1.000000000000000000 ) ) ;
#8538 = DIRECTION ( 'NONE',  ( 0.000000000000000000, 1.000000000000000000, 0.000000000000000000 ) ) ;
#8539 = AXIS2_PLACEMENT_3D ( 'NONE', #4157, #8151, #1129 ) ;
#8540 = DIRECTION ( 'NONE',  ( 1.000000000000000000, 0.000000000000000000, -0.000000000000000000 ) ) ;
#8541 = ORIENTED_EDGE ( 'NONE', *, *, #3911, .T. ) ;
#8542 = VERTEX_POINT ( 'NONE', #3572 ) ;
#8543 =( BOUNDED_CURVE ( )  B_SPLINE_CURVE ( 3, ( #4730, #8639, #7857, #3049 ),
 .UNSPECIFIED., .F., .T. ) 
 B_SPLINE_CURVE_WITH_KNOTS ( ( 4, 4 ),
 ( 0.000000000000000000, 0.5235987755982972613 ),
 .UNSPECIFIED. ) 
 CURVE ( )  GEOMETRIC_REPRESENTATION_ITEM ( )  RATIONAL_B_SPLINE_CURVE ( ( 1.000000000000000000, 0.9772838841927123932, 0.9772838841927123932, 1.000000000000000000 ) ) 
 REPRESENTATION_ITEM ( '' )  );
#8544 = CARTESIAN_POINT ( 'NONE',  ( -23.34537805927616816, 26.42164995587921084, 13.49243362700163118 ) ) ;
#8545 = ORIENTED_EDGE ( 'NONE', *, *, #7271, .T. ) ;
#8546 = CIRCLE ( 'NONE', #10031, 2.000000000000000000 ) ;
#8547 = DIRECTION ( 'NONE',  ( -1.000000000000000000, -0.000000000000000000, -0.000000000000000000 ) ) ;
#8548 = ADVANCED_FACE ( 'NONE', ( #1223 ), #399, .F. ) ;
#8549 = CARTESIAN_POINT ( 'NONE',  ( -24.31866679907747653, 24.90013925995458877, -13.13928937659414231 ) ) ;
#8550 = CARTESIAN_POINT ( 'NONE',  ( 12.98068253580589371, 69.04422262568452595, -20.00000000000000355 ) ) ;
#8551 = VECTOR ( 'NONE', #751, 1000.000000000000000 ) ;
#8552 = CARTESIAN_POINT ( 'NONE',  ( -3.890474587444638477, -16.07408277706737465, -14.29874504909318311 ) ) ;
#8553 = AXIS2_PLACEMENT_3D ( 'NONE', #8345, #5066, #8980 ) ;
#8554 = CARTESIAN_POINT ( 'NONE',  ( 7.993170033105650774, 65.85304830602500203, 16.99999999999999645 ) ) ;
#8555 = ADVANCED_FACE ( 'NONE', ( #7267 ), #7363, .F. ) ;
#8556 = EDGE_LOOP ( 'NONE', ( #5131, #3500, #5162, #4040 ) ) ;
#8557 = ORIENTED_EDGE ( 'NONE', *, *, #8412, .T. ) ;
#8558 = DIRECTION ( 'NONE',  ( 0.000000000000000000, 0.000000000000000000, -1.000000000000000000 ) ) ;
#8559 = ORIENTED_EDGE ( 'NONE', *, *, #5948, .F. ) ;
#8560 = CARTESIAN_POINT ( 'NONE',  ( -4.761765865877602089, 40.57106781186543287, -16.99999999999999645 ) ) ;
#8561 = B_SPLINE_CURVE_WITH_KNOTS ( 'NONE', 3,
 ( #5440, #2421, #3753, #4722, #6983, #2323 ),
 .UNSPECIFIED., .F., .F.,
 ( 4, 2, 4 ),
 ( -1.438830659001621595E-05, 0.0005598087014424350241, 0.001134005709474886388 ),
 .UNSPECIFIED. ) ;
#8562 = DIRECTION ( 'NONE',  ( 1.000000000000000000, 0.000000000000000000, -1.020425574104004122E-16 ) ) ;
#8563 = DIRECTION ( 'NONE',  ( 0.000000000000000000, 1.000000000000000000, -0.000000000000000000 ) ) ;
#8564 = AXIS2_PLACEMENT_3D ( 'NONE', #3275, #1797, #9550 ) ;
#8565 = CARTESIAN_POINT ( 'NONE',  ( -14.57023982408419371, 43.49387713145680578, 19.49999999999999645 ) ) ;
#8566 = AXIS2_PLACEMENT_3D ( 'NONE', #9949, #2901, #6020 ) ;
#8567 = ORIENTED_EDGE ( 'NONE', *, *, #6448, .T. ) ;
#8568 = DIRECTION ( 'NONE',  ( 0.000000000000000000, -0.000000000000000000, -1.000000000000000000 ) ) ;
#8569 = ORIENTED_EDGE ( 'NONE', *, *, #3226, .T. ) ;
#8570 = ORIENTED_EDGE ( 'NONE', *, *, #4813, .F. ) ;
#8571 = LINE ( 'NONE', #6257, #4016 ) ;
#8572 = AXIS2_PLACEMENT_3D ( 'NONE', #3857, #7085, #3185 ) ;
#8573 = CARTESIAN_POINT ( 'NONE',  ( -20.14285302487502705, 31.12663592986023176, 5.000000000000000888 ) ) ;
#8574 = CARTESIAN_POINT ( 'NONE',  ( -0.4082272264586325194, 13.50000000000000355, -9.944935855897616861 ) ) ;
#8575 = ADVANCED_FACE ( 'NONE', ( #8872 ), #1844, .F. ) ;
#8576 = CARTESIAN_POINT ( 'NONE',  ( 5.499999997576876076, 26.50000000551796830, -16.84626460654813584 ) ) ;
#8577 = EDGE_CURVE ( 'NONE', #5405, #9298, #500, .T. ) ;
#8578 = CARTESIAN_POINT ( 'NONE',  ( -0.5000000000000065503, 22.55000000000000071, 8.050000000000000711 ) ) ;
#8579 = AXIS2_PLACEMENT_3D ( 'NONE', #3421, #7762, #2338 ) ;
#8580 = ORIENTED_EDGE ( 'NONE', *, *, #7321, .T. ) ;
#8581 = ORIENTED_EDGE ( 'NONE', *, *, #1838, .F. ) ;
#8582 = EDGE_CURVE ( 'NONE', #6666, #8204, #456, .T. ) ;
#8583 = FACE_OUTER_BOUND ( 'NONE', #8683, .T. ) ;
#8584 = ORIENTED_EDGE ( 'NONE', *, *, #4426, .F. ) ;
#8585 = CARTESIAN_POINT ( 'NONE',  ( -2.500000000000006661, 13.50000000000000000, -10.05000000000000071 ) ) ;
#8586 = EDGE_CURVE ( 'NONE', #1822, #9808, #9081, .T. ) ;
#8587 = LINE ( 'NONE', #8482, #4907 ) ;
#8588 = CARTESIAN_POINT ( 'NONE',  ( 5.363413275876496300, 72.04452465629965729, 19.49999999999999645 ) ) ;
#8589 = CARTESIAN_POINT ( 'NONE',  ( -0.7694321026320671830, 75.45600638209356248, -21.99999999999999289 ) ) ;
#8590 = LINE ( 'NONE', #6114, #2505 ) ;
#8591 = DIRECTION ( 'NONE',  ( 0.000000000000000000, 1.000000000000000000, 0.000000000000000000 ) ) ;
#8592 = CARTESIAN_POINT ( 'NONE',  ( -2.349607632625599241, 76.79971218835444802, 19.49999999999999645 ) ) ;
#8593 = DIRECTION ( 'NONE',  ( 0.000000000000000000, 1.000000000000000000, 0.000000000000000000 ) ) ;
#8594 = DIRECTION ( 'NONE',  ( 1.000000000000000000, 0.000000000000000000, 0.000000000000000000 ) ) ;
#8595 = ORIENTED_EDGE ( 'NONE', *, *, #5079, .T. ) ;
#8596 = ORIENTED_EDGE ( 'NONE', *, *, #4375, .T. ) ;
#8597 = DIRECTION ( 'NONE',  ( 0.000000000000000000, -0.7071067811865486830, 0.7071067811865464625 ) ) ;
#8598 = AXIS2_PLACEMENT_3D ( 'NONE', #2406, #921, #1742 ) ;
#8599 = EDGE_LOOP ( 'NONE', ( #6717, #8041 ) ) ;
#8600 = CIRCLE ( 'NONE', #3839, 1.999999999999996225 ) ;
#8601 = CARTESIAN_POINT ( 'NONE',  ( 3.349249737095890023, 39.33071801087008623, 76.26183934523054120 ) ) ;
#8602 = DIRECTION ( 'NONE',  ( -0.9063077870366480493, 0.4226182617407037712, -0.000000000000000000 ) ) ;
#8603 = CARTESIAN_POINT ( 'NONE',  ( -3.499966250170747806, -14.03809987489557365, -15.31673650017907384 ) ) ;
#8604 = AXIS2_PLACEMENT_3D ( 'NONE', #9503, #7801, #7741 ) ;
#8605 =( BOUNDED_CURVE ( )  B_SPLINE_CURVE ( 3, ( #6849, #9121, #9991, #2948 ),
 .UNSPECIFIED., .F., .T. ) 
 B_SPLINE_CURVE_WITH_KNOTS ( ( 4, 4 ),
 ( 5.759586531581288860, 6.283185307179586232 ),
 .UNSPECIFIED. ) 
 CURVE ( )  GEOMETRIC_REPRESENTATION_ITEM ( )  RATIONAL_B_SPLINE_CURVE ( ( 1.000000000000000000, 0.9772838841927123932, 0.9772838841927123932, 1.000000000000000000 ) ) 
 REPRESENTATION_ITEM ( '' )  );
#8606 = CARTESIAN_POINT ( 'NONE',  ( -16.08578643762688642, 30.11543744278038304, -21.41421356237309226 ) ) ;
#8607 = VERTEX_POINT ( 'NONE', #5114 ) ;
#8608 = ORIENTED_EDGE ( 'NONE', *, *, #8771, .T. ) ;
#8609 = DIRECTION ( 'NONE',  ( -0.7071067811865512365, -0.7071067811865439090, 0.000000000000000000 ) ) ;
#8610 = ORIENTED_EDGE ( 'NONE', *, *, #7428, .F. ) ;
#8611 = DIRECTION ( 'NONE',  ( 0.000000000000000000, 0.000000000000000000, -1.000000000000000000 ) ) ;
#8612 = CIRCLE ( 'NONE', #1736, 1.999999999999997113 ) ;
#8613 = CYLINDRICAL_SURFACE ( 'NONE', #9049, 2.000000000000000444 ) ;
#8614 = VECTOR ( 'NONE', #9435, 1000.000000000000000 ) ;
#8615 = EDGE_CURVE ( 'NONE', #5933, #2673, #6699, .T. ) ;
#8616 = CARTESIAN_POINT ( 'NONE',  ( -23.62217269177866186, 28.73518977652437556, 13.87782730822132216 ) ) ;
#8617 = CARTESIAN_POINT ( 'NONE',  ( -24.22708019254001499, 29.34404018910981193, -12.26998894106162830 ) ) ;
#8618 = LINE ( 'NONE', #3941, #858 ) ;
#8619 = VERTEX_POINT ( 'NONE', #1944 ) ;
#8620 = EDGE_LOOP ( 'NONE', ( #4693, #2952, #9746, #8910 ) ) ;
#8621 = CARTESIAN_POINT ( 'NONE',  ( -22.00000000000000000, 27.52965100515482177, 14.08578643762821514 ) ) ;
#8622 = EDGE_CURVE ( 'NONE', #3129, #9796, #8184, .T. ) ;
#8623 = ORIENTED_EDGE ( 'NONE', *, *, #6562, .T. ) ;
#8624 = ORIENTED_EDGE ( 'NONE', *, *, #8475, .F. ) ;
#8625 = CARTESIAN_POINT ( 'NONE',  ( -18.21892336110993682, 42.76785478522211292, 18.27814577249171180 ) ) ;
#8626 = DIRECTION ( 'NONE',  ( 0.000000000000000000, 1.000000000000000000, 0.000000000000000000 ) ) ;
#8627 = CARTESIAN_POINT ( 'NONE',  ( -21.17617435504000056, 27.85110104735330694, 14.49769926010689147 ) ) ;
#8628 = B_SPLINE_SURFACE_WITH_KNOTS ( 'NONE', 1, 3, ( 
 ( #5193, #2887, #6009, #9152, #2123, #6835 ),
 ( #2176, #430, #9979, #6050, #7444, #5291 ) ),
 .UNSPECIFIED., .F., .F., .F.,
 ( 2, 2 ),
 ( 4, 2, 4 ),
 ( 0.000000000000000000, 1.000000000000000000 ),
 ( 0.000000000000000000, 0.0003522261796887004681, 0.0007044523593774009362 ),
 .UNSPECIFIED. ) ;
#8629 = CARTESIAN_POINT ( 'NONE',  ( 2.935847034559081248, 27.84090777599040223, -22.00000000000000355 ) ) ;
#8630 = DIRECTION ( 'NONE',  ( 1.000000000000000000, 0.000000000000000000, 0.000000000000000000 ) ) ;
#8631 = ORIENTED_EDGE ( 'NONE', *, *, #5938, .T. ) ;
#8632 = VERTEX_POINT ( 'NONE', #5927 ) ;
#8633 = DIRECTION ( 'NONE',  ( -0.9063077870366480493, 0.4226182617407038822, 0.000000000000000000 ) ) ;
#8634 = EDGE_CURVE ( 'NONE', #3267, #9334, #5243, .T. ) ;
#8635 = ORIENTED_EDGE ( 'NONE', *, *, #2630, .F. ) ;
#8636 = CARTESIAN_POINT ( 'NONE',  ( 7.108287603893560735, 22.45499766746667802, 15.32102151003934942 ) ) ;
#8637 = EDGE_CURVE ( 'NONE', #8447, #7993, #4194, .T. ) ;
#8638 = CARTESIAN_POINT ( 'NONE',  ( -17.57611152547500311, 42.46810670351286632, 19.92388847452496137 ) ) ;
#8639 = CARTESIAN_POINT ( 'NONE',  ( 5.499999999999901412, 26.50000000000020250, 20.35311342560586567 ) ) ;
#8640 = CARTESIAN_POINT ( 'NONE',  ( 0.000000000000000000, 0.000000000000000000, -16.99999999999999645 ) ) ;
#8641 = CARTESIAN_POINT ( 'NONE',  ( 2.912778119957183609, 35.04838723710722093, -17.58578643762692195 ) ) ;
#8642 = LINE ( 'NONE', #749, #4747 ) ;
#8643 = CARTESIAN_POINT ( 'NONE',  ( -2.362083780042567582, 76.66574215259946357, -19.99999999999974776 ) ) ;
#8644 = FACE_OUTER_BOUND ( 'NONE', #7830, .T. ) ;
#8645 = FACE_OUTER_BOUND ( 'NONE', #9198, .T. ) ;
#8646 = ORIENTED_EDGE ( 'NONE', *, *, #7504, .F. ) ;
#8647 = VERTEX_POINT ( 'NONE', #9693 ) ;
#8648 = DIRECTION ( 'NONE',  ( -0.3213335431480899840, 0.7321115859192099951, -0.6006308182325929002 ) ) ;
#8649 = ORIENTED_EDGE ( 'NONE', *, *, #9587, .T. ) ;
#8650 = LINE ( 'NONE', #3258, #9097 ) ;
#8651 = DIRECTION ( 'NONE',  ( 0.000000000000000000, 0.000000000000000000, 1.000000000000000000 ) ) ;
#8652 = FILL_AREA_STYLE_COLOUR ( '', #4424 ) ;
#8653 = B_SPLINE_CURVE_WITH_KNOTS ( 'NONE', 3,
 ( #7037, #12, #9467, #7965 ),
 .UNSPECIFIED., .F., .F.,
 ( 4, 4 ),
 ( 0.000000000000000000, 0.001185265258083442871 ),
 .UNSPECIFIED. ) ;
#8654 = CARTESIAN_POINT ( 'NONE',  ( 3.499999999999993339, 41.36606874731850070, 5.000000000000000000 ) ) ;
#8655 = ADVANCED_FACE ( 'NONE', ( #2655, #9131 ), #3621, .F. ) ;
#8656 = CARTESIAN_POINT ( 'NONE',  ( 25.01819681761498160, 52.67310282110643271, 1.255262969126037241E-15 ) ) ;
#8657 = ADVANCED_FACE ( 'NONE', ( #658, #2913 ), #9905, .F. ) ;
#8658 = ORIENTED_EDGE ( 'NONE', *, *, #9486, .T. ) ;
#8659 = ORIENTED_EDGE ( 'NONE', *, *, #6723, .F. ) ;
#8660 = DIRECTION ( 'NONE',  ( 0.000000000000000000, 0.000000000000000000, 1.000000000000000000 ) ) ;
#8661 = ORIENTED_EDGE ( 'NONE', *, *, #5196, .F. ) ;
#8662 = EDGE_CURVE ( 'NONE', #1151, #6284, #4400, .T. ) ;
#8663 = CARTESIAN_POINT ( 'NONE',  ( 5.701507885269054832, 72.76957088592895673, -19.49999999999999645 ) ) ;
#8664 = CARTESIAN_POINT ( 'NONE',  ( 14.83245263440451289, 63.95652609376352160, 16.17157287525380838 ) ) ;
#8665 = EDGE_CURVE ( 'NONE', #1491, #5721, #8341, .T. ) ;
#8666 = CARTESIAN_POINT ( 'NONE',  ( -23.63397199485850209, 28.72307614071819870, 13.86602800514146949 ) ) ;
#8667 = FACE_OUTER_BOUND ( 'NONE', #2809, .T. ) ;
#8668 = EDGE_CURVE ( 'NONE', #2953, #3747, #709, .T. ) ;
#8669 = CARTESIAN_POINT ( 'NONE',  ( 2.989911769631496075, 32.21886973618970984, -17.24661728351258461 ) ) ;
#8670 = ORIENTED_EDGE ( 'NONE', *, *, #5248, .T. ) ;
#8671 = EDGE_LOOP ( 'NONE', ( #1687, #6748, #8055, #6652 ) ) ;
#8672 = FACE_OUTER_BOUND ( 'NONE', #4741, .T. ) ;
#8673 = EDGE_LOOP ( 'NONE', ( #5732, #7696, #4832, #290, #1685, #7740, #2259, #3874 ) ) ;
#8674 = B_SPLINE_CURVE_WITH_KNOTS ( 'NONE', 3,
 ( #6040, #8255, #6826, #2876, #9919, #2763, #8199, #7379, #5891, #9969, #9039, #5231, #2165, #6773, #1240, #4363, #5945, #2717, #2922, #7485, #8353, #466, #9094, #5998 ),
 .UNSPECIFIED., .F., .F.,
 ( 4, 1, 1, 1, 2, 2, 1, 1, 1, 2, 2, 1, 1, 2, 2, 4 ),
 ( 0.000000000000000000, 0.2499999999999725775, 0.3749999999999543143, 0.4374999999999483746, 0.4687499999999452660, 0.4999999999999421574, 0.6249999999999439337, 0.6874999999999430456, 0.7187499999999393818, 0.7343749999999406031, 0.7499999999999419353, 0.8124999999999539257, 0.8437499999999611422, 0.8593749999999645839, 0.8749999999999679146, 1.000000000000000000 ),
 .UNSPECIFIED. ) ;
#8675 = ORIENTED_EDGE ( 'NONE', *, *, #4977, .T. ) ;
#8676 = CARTESIAN_POINT ( 'NONE',  ( -3.841083943462275663, -15.90655836573971449, 14.38248987524467815 ) ) ;
#8677 = CARTESIAN_POINT ( 'NONE',  ( -0.03554479411194300803, 13.50037526532669929, -9.846276458226041584 ) ) ;
#8678 = CARTESIAN_POINT ( 'NONE',  ( 8.315359238759810978, 23.68464076123970585, -18.86802043108510318 ) ) ;
#8679 = CARTESIAN_POINT ( 'NONE',  ( 5.690818102678800727, 25.99762509403811706, 14.54327917040482632 ) ) ;
#8680 = AXIS2_PLACEMENT_3D ( 'NONE', #2226, #1789, #6303 ) ;
#8681 = EDGE_CURVE ( 'NONE', #5624, #7838, #7518, .T. ) ;
#8682 = ORIENTED_EDGE ( 'NONE', *, *, #5869, .T. ) ;
#8683 = EDGE_LOOP ( 'NONE', ( #8734, #1701, #6857, #7000, #5515, #7908, #7982, #2055 ) ) ;
#8684 = CARTESIAN_POINT ( 'NONE',  ( -14.23214521469162719, 44.21892336108612653, 19.49999999999999645 ) ) ;
#8685 = ORIENTED_EDGE ( 'NONE', *, *, #7067, .T. ) ;
#8686 = CARTESIAN_POINT ( 'NONE',  ( 6.106950325653165201, 25.89304967434772564, 14.89271754974292428 ) ) ;
#8687 = DIRECTION ( 'NONE',  ( 0.000000000000000000, 0.000000000000000000, -1.000000000000000000 ) ) ;
#8688 = STYLED_ITEM ( 'NONE', ( #7207 ), #8801 ) ;
#8689 = DIRECTION ( 'NONE',  ( -0.000000000000000000, -1.000000000000000000, 0.000000000000000000 ) ) ;
#8690 = CARTESIAN_POINT ( 'NONE',  ( -23.28006143723229471, 26.55433695250609460, -13.50348103796384258 ) ) ;
#8691 = CARTESIAN_POINT ( 'NONE',  ( 7.499999999999992895, 19.00000000000000000, -20.99999999999999645 ) ) ;
#8692 = CARTESIAN_POINT ( 'NONE',  ( -22.28469155589112205, 27.47109606713523178, -14.01699731912293956 ) ) ;
#8693 = DIRECTION ( 'NONE',  ( 0.000000000000000000, -1.000000000000000000, 4.336808689942013792E-15 ) ) ;
#8694 = CARTESIAN_POINT ( 'NONE',  ( 12.98068253580589015, 69.04422262568452595, 20.00000000000000355 ) ) ;
#8695 = EDGE_LOOP ( 'NONE', ( #2473, #187 ) ) ;
#8696 = ORIENTED_EDGE ( 'NONE', *, *, #4039, .T. ) ;
#8697 = CARTESIAN_POINT ( 'NONE',  ( -2.582047676705359063, 76.30124290557496636, -19.99999999999999289 ) ) ;
#8698 = VECTOR ( 'NONE', #5089, 1000.000000000000000 ) ;
#8699 = VERTEX_POINT ( 'NONE', #2203 ) ;
#8700 = CARTESIAN_POINT ( 'NONE',  ( -16.96098485630400177, 45.28310139570185555, 20.54992575709603386 ) ) ;
#8701 = CARTESIAN_POINT ( 'NONE',  ( -24.14226157891211599, 25.06942026173025084, -13.24968171044894483 ) ) ;
#8702 = CARTESIAN_POINT ( 'NONE',  ( -22.71629261286151191, 27.39001814001279556, 13.88499447053085589 ) ) ;
#8703 = FACE_OUTER_BOUND ( 'NONE', #7088, .T. ) ;
#8704 = VECTOR ( 'NONE', #6546, 1000.000000000000000 ) ;
#8705 = EDGE_CURVE ( 'NONE', #1055, #4918, #6757, .T. ) ;
#8706 = ADVANCED_FACE ( 'NONE', ( #564 ), #8453, .F. ) ;
#8707 = DIRECTION ( 'NONE',  ( -0.3213335431480892623, 0.7321115859192105502, -0.6006308182325923450 ) ) ;
#8708 = ORIENTED_EDGE ( 'NONE', *, *, #8416, .T. ) ;
#8709 = ORIENTED_EDGE ( 'NONE', *, *, #1369, .T. ) ;
#8710 = CARTESIAN_POINT ( 'NONE',  ( 20.27008878598973851, 57.09393779592556228, 0.000000000000000000 ) ) ;
#8711 = ORIENTED_EDGE ( 'NONE', *, *, #2009, .F. ) ;
#8712 = CARTESIAN_POINT ( 'NONE',  ( -22.80250698930035114, 27.44196793712514904, 13.90361851515195291 ) ) ;
#8713 = EDGE_CURVE ( 'NONE', #5134, #8125, #6907, .T. ) ;
#8714 = CIRCLE ( 'NONE', #9211, 1.000000000000000888 ) ;
#8715 = EDGE_CURVE ( 'NONE', #501, #1602, #6181, .T. ) ;
#8716 = CARTESIAN_POINT ( 'NONE',  ( 12.00000000000004263, 20.00000000000000355, 21.58578643762690064 ) ) ;
#8717 = EDGE_CURVE ( 'NONE', #1039, #5081, #2255, .T. ) ;
#8718 = CIRCLE ( 'NONE', #8553, 8.750000000000003553 ) ;
#8719 = CARTESIAN_POINT ( 'NONE',  ( 29.60913837767699519, 63.49700216125268781, 76.26183934523054120 ) ) ;
#8720 = LINE ( 'NONE', #7272, #561 ) ;
#8721 = CARTESIAN_POINT ( 'NONE',  ( -24.36151524369728349, 29.09596190180332442, 12.04191100250334578 ) ) ;
#8722 = ORIENTED_EDGE ( 'NONE', *, *, #3956, .T. ) ;
#8723 = VERTEX_POINT ( 'NONE', #6815 ) ;
#8724 = CARTESIAN_POINT ( 'NONE',  ( -7.499999999999998224, 41.36606874731850070, 0.000000000000000000 ) ) ;
#8725 = CIRCLE ( 'NONE', #8222, 2.000000000000000000 ) ;
#8726 = VERTEX_POINT ( 'NONE', #8395 ) ;
#8727 = EDGE_CURVE ( 'NONE', #3059, #2346, #1379, .T. ) ;
#8728 = CARTESIAN_POINT ( 'NONE',  ( -8.456203883079176364, 42.40826002027122144, -19.49999999999999645 ) ) ;
#8729 = CARTESIAN_POINT ( 'NONE',  ( 14.34220512551626747, 46.34177583616570928, 0.000000000000000000 ) ) ;
#8730 = VECTOR ( 'NONE', #3231, 1000.000000000000000 ) ;
#8731 = CARTESIAN_POINT ( 'NONE',  ( -3.540866867516763161, -14.48616003601030933, -15.09270357610340518 ) ) ;
#8732 = CARTESIAN_POINT ( 'NONE',  ( -23.26110144926534673, 26.58952540897571737, 13.50797542501534743 ) ) ;
#8733 = CARTESIAN_POINT ( 'NONE',  ( -21.81489131503878909, 27.62221781976645829, -14.17834078010747234 ) ) ;
#8734 = ORIENTED_EDGE ( 'NONE', *, *, #281, .T. ) ;
#8735 = ORIENTED_EDGE ( 'NONE', *, *, #4186, .F. ) ;
#8736 = CARTESIAN_POINT ( 'NONE',  ( -1.022203430296512394, 36.38358598030851709, -21.99999999999999645 ) ) ;
#8737 = ORIENTED_EDGE ( 'NONE', *, *, #7152, .T. ) ;
#8738 = CARTESIAN_POINT ( 'NONE',  ( 4.821274678095985422, 33.02267935139751387, -16.17157287525382259 ) ) ;
#8739 = CYLINDRICAL_SURFACE ( 'NONE', #8013, 1.999999999999999112 ) ;
#8740 = CARTESIAN_POINT ( 'NONE',  ( -3.499999999999996447, 28.11543744278039370, -14.32842712474614721 ) ) ;
#8741 = CARTESIAN_POINT ( 'NONE',  ( -23.19793106741131794, 26.70388065395005839, -13.53017161290669002 ) ) ;
#8742 = EDGE_CURVE ( 'NONE', #2764, #6027, #4503, .T. ) ;
#8743 = CARTESIAN_POINT ( 'NONE',  ( -23.81579749657214506, 28.52699465134393364, 13.68420250342783540 ) ) ;
#8744 = CARTESIAN_POINT ( 'NONE',  ( 0.000000000000000000, 0.000000000000000000, 0.000000000000000000 ) ) ;
#8745 = VECTOR ( 'NONE', #1110, 1000.000000000000000 ) ;
#8746 = CARTESIAN_POINT ( 'NONE',  ( 25.50000000000000355, 13.50000000000000000, 0.000000000000000000 ) ) ;
#8747 = VECTOR ( 'NONE', #9451, 1000.000000000000000 ) ;
#8748 = CARTESIAN_POINT ( 'NONE',  ( -4.262759557341363248, 39.57012248197151649, 14.00000000000000355 ) ) ;
#8749 = ORIENTED_EDGE ( 'NONE', *, *, #739, .T. ) ;
#8750 = ORIENTED_EDGE ( 'NONE', *, *, #6584, .F. ) ;
#8751 = FACE_OUTER_BOUND ( 'NONE', #468, .T. ) ;
#8752 = ORIENTED_EDGE ( 'NONE', *, *, #5662, .T. ) ;
#8753 = ADVANCED_FACE ( 'NONE', ( #10003 ), #2961, .F. ) ;
#8754 = CARTESIAN_POINT ( 'NONE',  ( -3.499999999999996003, 28.11543744278039370, -20.00000000000001066 ) ) ;
#8755 = CIRCLE ( 'NONE', #6113, 1.999999999999996669 ) ;
#8756 = CARTESIAN_POINT ( 'NONE',  ( -24.22708019254001499, 29.34404018910981193, -12.26998894106162830 ) ) ;
#8757 = UNCERTAINTY_MEASURE_WITH_UNIT (LENGTH_MEASURE( 1.000000000000000082E-05 ), #7776, 'distance_accuracy_value', 'NONE');
#8758 = SPHERICAL_SURFACE ( 'NONE', #8350, 2.000000000000000000 ) ;
#8759 = CARTESIAN_POINT ( 'NONE',  ( -23.47502358095818309, -15.21498585142506244, 11.49999999999998046 ) ) ;
#8760 = VECTOR ( 'NONE', #4393, 1000.000000000000000 ) ;
#8761 = DIRECTION ( 'NONE',  ( 0.000000000000000000, -1.000000000000000000, 0.000000000000000000 ) ) ;
#8762 = AXIS2_PLACEMENT_3D ( 'NONE', #759, #7571, #7001 ) ;
#8763 = ORIENTED_EDGE ( 'NONE', *, *, #7330, .T. ) ;
#8764 = ORIENTED_EDGE ( 'NONE', *, *, #571, .T. ) ;
#8765 = DIRECTION ( 'NONE',  ( 0.9063077870366480493, -0.4226182617407037712, 0.000000000000000000 ) ) ;
#8766 = ORIENTED_EDGE ( 'NONE', *, *, #5355, .F. ) ;
#8767 = DIRECTION ( 'NONE',  ( 0.000000000000000000, 0.000000000000000000, 1.000000000000000000 ) ) ;
#8768 = ADVANCED_FACE ( 'NONE', ( #6078 ), #1432, .T. ) ;
#8769 = AXIS2_PLACEMENT_3D ( 'NONE', #4176, #4272, #8909 ) ;
#8770 = CARTESIAN_POINT ( 'NONE',  ( 7.499999999999996447, 12.50000000000000000, 13.35000000000000497 ) ) ;
#8771 = EDGE_CURVE ( 'NONE', #8852, #8632, #8295, .T. ) ;
#8772 = AXIS2_PLACEMENT_3D ( 'NONE', #8795, #5600, #6418 ) ;
#8773 = DIRECTION ( 'NONE',  ( 0.000000000000000000, -1.000000000000000000, 0.000000000000000000 ) ) ;
#8774 = CARTESIAN_POINT ( 'NONE',  ( 11.69596040650731084, 57.23029680491364957, 1.071565949253934321E-15 ) ) ;
#8775 = FACE_BOUND ( 'NONE', #964, .T. ) ;
#8776 = EDGE_LOOP ( 'NONE', ( #4778, #8711, #942, #704, #8528, #9642, #3276, #6108 ) ) ;
#8777 = VERTEX_POINT ( 'NONE', #2351 ) ;
#8778 = CARTESIAN_POINT ( 'NONE',  ( -25.50000000000000355, 24.74531294547945137, -11.99999999999995559 ) ) ;
#8779 = VECTOR ( 'NONE', #2425, 1000.000000000000000 ) ;
#8780 = AXIS2_PLACEMENT_3D ( 'NONE', #6906, #6697, #2100 ) ;
#8781 = ORIENTED_EDGE ( 'NONE', *, *, #998, .F. ) ;
#8782 = DIRECTION ( 'NONE',  ( 0.9063077870366480493, -0.4226182617407038822, -0.000000000000000000 ) ) ;
#8783 = AXIS2_PLACEMENT_3D ( 'NONE', #2711, #7371, #5993 ) ;
#8784 = CARTESIAN_POINT ( 'NONE',  ( 15.49999999999999467, -14.50000000000000000, 8.175000000000004263 ) ) ;
#8785 = FACE_OUTER_BOUND ( 'NONE', #7550, .T. ) ;
#8786 = VECTOR ( 'NONE', #9127, 1000.000000000000000 ) ;
#8787 = CARTESIAN_POINT ( 'NONE',  ( -23.34537805927616816, 26.42164995587921084, 13.49243362700163118 ) ) ;
#8788 = DIRECTION ( 'NONE',  ( 0.000000000000000000, -1.000000000000000000, 0.000000000000000000 ) ) ;
#8789 = ADVANCED_FACE ( 'NONE', ( #5469 ), #7055, .F. ) ;
#8790 = AXIS2_PLACEMENT_3D ( 'NONE', #9237, #2260, #5474 ) ;
#8791 = EDGE_LOOP ( 'NONE', ( #4870, #9713 ) ) ;
#8792 = VERTEX_POINT ( 'NONE', #1632 ) ;
#8793 = CARTESIAN_POINT ( 'NONE',  ( 12.98068253580589015, 69.04422262568452595, 20.00000000000000355 ) ) ;
#8794 = ORIENTED_EDGE ( 'NONE', *, *, #7233, .F. ) ;
#8795 = CARTESIAN_POINT ( 'NONE',  ( 0.000000000000000000, 13.50000000000000000, 0.000000000000000000 ) ) ;
#8796 = ADVANCED_FACE ( 'NONE', ( #4651 ), #9330, .F. ) ;
#8797 = DIRECTION ( 'NONE',  ( 0.9063077870366479383, -0.4226182617407038267, -0.000000000000000000 ) ) ;
#8798 = CARTESIAN_POINT ( 'NONE',  ( -3.499999999999996447, -17.44212992293966380, 13.93634169260310429 ) ) ;
#8799 = LINE ( 'NONE', #1923, #6227 ) ;
#8800 = PLANE ( 'NONE',  #7084 ) ;
#8801 = MANIFOLD_SOLID_BREP ( 'Fillet14', #548 ) ;
#8802 = CARTESIAN_POINT ( 'NONE',  ( 7.499999999999996447, 12.50000000000000000, 11.35000000000000497 ) ) ;
#8803 = ADVANCED_FACE ( 'NONE', ( #7979 ), #20, .T. ) ;
#8804 = ORIENTED_EDGE ( 'NONE', *, *, #4058, .T. ) ;
#8805 = EDGE_LOOP ( 'NONE', ( #1660, #7868, #7203, #8445, #2907 ) ) ;
#8806 = LINE ( 'NONE', #4740, #8432 ) ;
#8807 = ORIENTED_EDGE ( 'NONE', *, *, #8259, .T. ) ;
#8808 = CARTESIAN_POINT ( 'NONE',  ( -2.732969399366009799, 75.78942623459109029, 20.55855179507869934 ) ) ;
#8809 = B_SPLINE_CURVE_WITH_KNOTS ( 'NONE', 3,
 ( #2231, #835, #5387, #3134, #8520, #5346, #4620, #7650, #8629, #3952 ),
 .UNSPECIFIED., .F., .F.,
 ( 4, 2, 2, 2, 4 ),
 ( 1.734723475976807094E-18, 0.0006735289480843591279, 0.001347057896168716521, 0.002020586844253074131, 0.002694115792337431307 ),
 .UNSPECIFIED. ) ;
#8810 = DIRECTION ( 'NONE',  ( 1.000000000000000000, -0.000000000000000000, 0.000000000000000000 ) ) ;
#8811 = LINE ( 'NONE', #1007, #4255 ) ;
#8812 = SPHERICAL_SURFACE ( 'NONE', #5277, 2.000000000000000000 ) ;
#8813 = ADVANCED_FACE ( 'NONE', ( #2492 ), #8758, .T. ) ;
#8814 = DIRECTION ( 'NONE',  ( -0.9063077870366480493, 0.4226182617407036046, 0.000000000000000000 ) ) ;
#8815 = ORIENTED_EDGE ( 'NONE', *, *, #2160, .T. ) ;
#8816 = EDGE_LOOP ( 'NONE', ( #2305, #6313, #4378, #4665 ) ) ;
#8817 = DIRECTION ( 'NONE',  ( 0.000000000000000000, -1.000000000000000000, 0.000000000000000000 ) ) ;
#8818 = ORIENTED_EDGE ( 'NONE', *, *, #2544, .F. ) ;
#8819 = LINE ( 'NONE', #3989, #6316 ) ;
#8820 = CARTESIAN_POINT ( 'NONE',  ( 12.00000000000004086, 20.00000000000000000, 20.99999999999999645 ) ) ;
#8821 = CARTESIAN_POINT ( 'NONE',  ( -22.00000000000001421, 27.52965100515348951, -14.08578643762686156 ) ) ;
#8822 = CARTESIAN_POINT ( 'NONE',  ( -24.94527630686937769, 26.00343966350606451, 12.55472369313060632 ) ) ;
#8823 = FACE_OUTER_BOUND ( 'NONE', #2118, .T. ) ;
#8824 = ADVANCED_FACE ( 'NONE', ( #5620 ), #1780, .F. ) ;
#8825 = FACE_BOUND ( 'NONE', #5112, .T. ) ;
#8826 = ORIENTED_EDGE ( 'NONE', *, *, #678, .F. ) ;
#8827 = ORIENTED_EDGE ( 'NONE', *, *, #1479, .F. ) ;
#8828 = DIRECTION ( 'NONE',  ( 0.000000000000000000, 0.000000000000000000, -1.000000000000000000 ) ) ;
#8829 = EDGE_CURVE ( 'NONE', #9278, #8699, #3507, .T. ) ;
#8830 = ORIENTED_EDGE ( 'NONE', *, *, #4096, .T. ) ;
#8831 = CARTESIAN_POINT ( 'NONE',  ( 2.912778119957189382, 35.04838723710724224, 17.58578643762691840 ) ) ;
#8832 = LINE ( 'NONE', #5220, #5329 ) ;
#8833 = DIRECTION ( 'NONE',  ( -1.000000000000000000, 0.000000000000000000, -0.000000000000000000 ) ) ;
#8834 = CARTESIAN_POINT ( 'NONE',  ( -23.15947044233945107, 26.77160371026868191, 13.54742500555440365 ) ) ;
#8835 = ADVANCED_FACE ( 'NONE', ( #9737, #6434 ), #443, .F. ) ;
#8836 = CARTESIAN_POINT ( 'NONE',  ( -21.62291814709517013, 29.98750375199881901, -15.87708185290478902 ) ) ;
#8837 = CARTESIAN_POINT ( 'NONE',  ( 15.49999999999999467, -14.50000000000000000, -17.39999999999999858 ) ) ;
#8838 = VERTEX_POINT ( 'NONE', #7403 ) ;
#8839 = EDGE_LOOP ( 'NONE', ( #5034, #6105, #3698, #10102, #8923, #6254, #3007, #5949 ) ) ;
#8840 = DIRECTION ( 'NONE',  ( 0.000000000000000000, 0.000000000000000000, -1.000000000000000000 ) ) ;
#8841 = VERTEX_POINT ( 'NONE', #9791 ) ;
#8842 = DIRECTION ( 'NONE',  ( 0.000000000000000000, 1.000000000000000000, 0.000000000000000000 ) ) ;
#8843 = ADVANCED_FACE ( 'NONE', ( #3362 ), #2740, .T. ) ;
#8844 = FACE_OUTER_BOUND ( 'NONE', #6540, .T. ) ;
#8845 = LINE ( 'NONE', #4114, #8217 ) ;
#8846 = DIRECTION ( 'NONE',  ( -0.9063077870366479383, 0.4226182617407037712, -0.000000000000000000 ) ) ;
#8847 = ADVANCED_FACE ( 'NONE', ( #4182 ), #8174, .T. ) ;
#8848 = PLANE ( 'NONE',  #8898 ) ;
#8849 = AXIS2_PLACEMENT_3D ( 'NONE', #630, #42, #10023 ) ;
#8850 = DIRECTION ( 'NONE',  ( 0.000000000000000000, 0.000000000000000000, -1.000000000000000000 ) ) ;
#8851 = EDGE_CURVE ( 'NONE', #4528, #3451, #8914, .T. ) ;
#8852 = VERTEX_POINT ( 'NONE', #1882 ) ;
#8853 = VERTEX_POINT ( 'NONE', #2643 ) ;
#8854 = FACE_OUTER_BOUND ( 'NONE', #5095, .T. ) ;
#8855 = ORIENTED_EDGE ( 'NONE', *, *, #494, .T. ) ;
#8856 = DIRECTION ( 'NONE',  ( -0.000000000000000000, -1.000000000000000000, 0.000000000000000000 ) ) ;
#8857 = EDGE_CURVE ( 'NONE', #8139, #7052, #8811, .T. ) ;
#8858 = AXIS2_PLACEMENT_3D ( 'NONE', #1476, #4595, #2049 ) ;
#8859 = DIRECTION ( 'NONE',  ( 1.000000000000000000, 0.000000000000000000, 0.000000000000000000 ) ) ;
#8860 = CARTESIAN_POINT ( 'NONE',  ( 5.363413275876496300, 72.04452465629965729, -19.49999999999999645 ) ) ;
#8861 = CARTESIAN_POINT ( 'NONE',  ( 5.525494400142401119, 26.44191472966952361, 13.74158203305828962 ) ) ;
#8862 = EDGE_CURVE ( 'NONE', #2407, #4027, #5674, .T. ) ;
#8863 = VECTOR ( 'NONE', #633, 1000.000000000000000 ) ;
#8864 = CARTESIAN_POINT ( 'NONE',  ( -17.49818108852060661, 37.03553390593270223, -15.53553390593275729 ) ) ;
#8865 = ORIENTED_EDGE ( 'NONE', *, *, #3775, .F. ) ;
#8866 = ORIENTED_EDGE ( 'NONE', *, *, #1285, .T. ) ;
#8867 = CARTESIAN_POINT ( 'NONE',  ( -8.456203883079178141, 42.40826002027122144, -19.49999999999999645 ) ) ;
#8868 = EDGE_CURVE ( 'NONE', #2967, #3239, #8131, .T. ) ;
#8869 = ORIENTED_EDGE ( 'NONE', *, *, #6559, .F. ) ;
#8870 = CARTESIAN_POINT ( 'NONE',  ( -22.25844887719473419, 27.47512556242826065, 14.03007948209917188 ) ) ;
#8871 = AXIS2_PLACEMENT_3D ( 'NONE', #3533, #2872, #2061 ) ;
#8872 = FACE_OUTER_BOUND ( 'NONE', #4427, .T. ) ;
#8873 = CARTESIAN_POINT ( 'NONE',  ( -22.71629261286152968, 27.39001814001278845, -13.88499447053082747 ) ) ;
#8874 = CARTESIAN_POINT ( 'NONE',  ( -25.50000000000000355, 26.36621823190904834, -11.44879265409047875 ) ) ;
#8875 = ADVANCED_FACE ( 'NONE', ( #7354 ), #1979, .T. ) ;
#8876 =( NAMED_UNIT ( * ) SI_UNIT ( $, .STERADIAN. ) SOLID_ANGLE_UNIT ( ) );
#8877 = DIRECTION ( 'NONE',  ( 0.000000000000000000, 0.000000000000000000, 1.000000000000000000 ) ) ;
#8878 = EDGE_LOOP ( 'NONE', ( #1203, #7412, #4210, #4717, #1581, #9004 ) ) ;
#8879 = EDGE_LOOP ( 'NONE', ( #5831, #4871 ) ) ;
#8880 = FACE_OUTER_BOUND ( 'NONE', #8016, .T. ) ;
#8881 =( BOUNDED_CURVE ( )  B_SPLINE_CURVE ( 3, ( #5730, #7320, #1899, #4144 ),
 .UNSPECIFIED., .F., .T. ) 
 B_SPLINE_CURVE_WITH_KNOTS ( ( 4, 4 ),
 ( 0.4025956729223404418, 1.570796326794896558 ),
 .UNSPECIFIED. ) 
 CURVE ( )  GEOMETRIC_REPRESENTATION_ITEM ( )  RATIONAL_B_SPLINE_CURVE ( ( 1.000000000000000000, 0.8894723648813345207, 0.8894723648813345207, 1.000000000000000000 ) ) 
 REPRESENTATION_ITEM ( '' )  );
#8882 = DIRECTION ( 'NONE',  ( 0.9063077870366479383, -0.4226182617407038267, -0.000000000000000000 ) ) ;
#8883 = VECTOR ( 'NONE', #8153, 1000.000000000000000 ) ;
#8884 = CARTESIAN_POINT ( 'NONE',  ( -3.729961917756924983, -16.56706035938943700, -14.19551277342676876 ) ) ;
#8885 = FACE_OUTER_BOUND ( 'NONE', #6615, .T. ) ;
#8886 = CIRCLE ( 'NONE', #1670, 1.999999999999996225 ) ;
#8887 = CARTESIAN_POINT ( 'NONE',  ( -20.20870458454328400, 28.05147059740739124, -14.98143414535523377 ) ) ;
#8888 = ORIENTED_EDGE ( 'NONE', *, *, #1952, .T. ) ;
#8889 = ORIENTED_EDGE ( 'NONE', *, *, #4868, .T. ) ;
#8890 = ORIENTED_EDGE ( 'NONE', *, *, #6252, .T. ) ;
#8891 = FACE_OUTER_BOUND ( 'NONE', #4340, .T. ) ;
#8892 = VERTEX_POINT ( 'NONE', #6489 ) ;
#8893 = AXIS2_PLACEMENT_3D ( 'NONE', #9470, #993, #2431 ) ;
#8894 = CARTESIAN_POINT ( 'NONE',  ( 9.396342007354087755, 19.77523086789977924, 15.35000000000000675 ) ) ;
#8895 = AXIS2_PLACEMENT_3D ( 'NONE', #3207, #2483, #7765 ) ;
#8896 = EDGE_CURVE ( 'NONE', #9856, #8792, #7365, .T. ) ;
#8897 = CARTESIAN_POINT ( 'NONE',  ( -13.78839603986388873, 45.17054653747460691, 19.49999999999999645 ) ) ;
#8898 = AXIS2_PLACEMENT_3D ( 'NONE', #1819, #4941, #5808 ) ;
#8899 = CARTESIAN_POINT ( 'NONE',  ( -3.513937294609297268, -17.26158737303810398, 14.00699125113944987 ) ) ;
#8900 = CARTESIAN_POINT ( 'NONE',  ( 7.972039120126792611, 65.80773291660024427, -14.00000000000000178 ) ) ;
#8901 = EDGE_CURVE ( 'NONE', #1111, #6300, #1934, .T. ) ;
#8902 = DIRECTION ( 'NONE',  ( 0.7071067811865437980, -0.7071067811865512365, 0.000000000000000000 ) ) ;
#8903 = CARTESIAN_POINT ( 'NONE',  ( -2.422105314533572695, 76.58672208894719802, -20.17909004289509411 ) ) ;
#8904 = CIRCLE ( 'NONE', #4473, 2.000000000000001776 ) ;
#8905 = AXIS2_PLACEMENT_3D ( 'NONE', #786, #3903, #3431 ) ;
#8906 = ORIENTED_EDGE ( 'NONE', *, *, #2870, .T. ) ;
#8907 = ORIENTED_EDGE ( 'NONE', *, *, #739, .F. ) ;
#8908 = ADVANCED_FACE ( 'NONE', ( #8080 ), #1059, .F. ) ;
#8909 = DIRECTION ( 'NONE',  ( -0.7071067811865484609, 0.000000000000000000, -0.7071067811865467956 ) ) ;
#8910 = ORIENTED_EDGE ( 'NONE', *, *, #3162, .F. ) ;
#8911 = DIRECTION ( 'NONE',  ( 0.000000000000000000, 1.000000000000000000, -0.000000000000000000 ) ) ;
#8912 = CARTESIAN_POINT ( 'NONE',  ( -14.67157287525379061, 41.50000000000000711, -22.00000000000000000 ) ) ;
#8913 = VECTOR ( 'NONE', #5260, 1000.000000000000000 ) ;
#8914 = LINE ( 'NONE', #7459, #7856 ) ;
#8915 = AXIS2_PLACEMENT_3D ( 'NONE', #8038, #2509, #2604 ) ;
#8916 = DIRECTION ( 'NONE',  ( 0.000000000000000000, 1.000000000000000000, -0.000000000000000000 ) ) ;
#8917 = DIRECTION ( 'NONE',  ( -1.000000000000000000, 0.000000000000000000, 1.734723475976807341E-16 ) ) ;
#8918 = PRODUCT_DEFINITION ( 'UNKNOWN', '', #4912, #4034 ) ;
#8919 = EDGE_LOOP ( 'NONE', ( #5420, #2675, #580, #2574 ) ) ;
#8920 = VERTEX_POINT ( 'NONE', #5052 ) ;
#8921 = AXIS2_PLACEMENT_3D ( 'NONE', #753, #4737, #7863 ) ;
#8922 = CARTESIAN_POINT ( 'NONE',  ( 30.25179206959714406, -24.91704345450241931, 29.70583375350948430 ) ) ;
#8923 = ORIENTED_EDGE ( 'NONE', *, *, #7198, .F. ) ;
#8924 = VECTOR ( 'NONE', #6602, 1000.000000000000000 ) ;
#8925 = LINE ( 'NONE', #2099, #6460 ) ;
#8926 = CARTESIAN_POINT ( 'NONE',  ( 7.499999999999996447, -14.50000000000000000, 13.35000000000000497 ) ) ;
#8927 = CARTESIAN_POINT ( 'NONE',  ( -22.71629261286155099, 27.39001814001279911, -13.88499447053082747 ) ) ;
#8928 = CARTESIAN_POINT ( 'NONE',  ( -0.7946632010167031801, 13.50000000000000000, 10.00000000000000000 ) ) ;
#8929 = DIRECTION ( 'NONE',  ( 0.4226182617407007180, 0.9063077870366492705, 0.000000000000000000 ) ) ;
#8930 = CARTESIAN_POINT ( 'NONE',  ( -24.11104279363815550, 24.91273973331822233, 13.34787053756575048 ) ) ;
#8931 = ORIENTED_EDGE ( 'NONE', *, *, #8662, .T. ) ;
#8932 = EDGE_LOOP ( 'NONE', ( #8646, #2171, #2412, #4150 ) ) ;
#8933 = DIRECTION ( 'NONE',  ( 0.4226182617407036046, 0.9063077870366480493, 0.000000000000000000 ) ) ;
#8934 = AXIS2_PLACEMENT_3D ( 'NONE', #382, #8220, #6634 ) ;
#8935 = CARTESIAN_POINT ( 'NONE',  ( 2.363127975604269793, 33.64690514443920932, 19.00000000000002132 ) ) ;
#8936 = CIRCLE ( 'NONE', #402, 1.049999999999998046 ) ;
#8937 = CARTESIAN_POINT ( 'NONE',  ( -3.556954432047170656, -17.02525242608098210, -14.08726209235734217 ) ) ;
#8938 = DIRECTION ( 'NONE',  ( -0.000000000000000000, 1.000000000000000000, -1.193194596467784409E-16 ) ) ;
#8939 = CARTESIAN_POINT ( 'NONE',  ( 15.04634200735405969, 20.00000000000000000, -20.99999999999999645 ) ) ;
#8940 = CIRCLE ( 'NONE', #8118, 10.24999999999999645 ) ;
#8941 = VECTOR ( 'NONE', #3490, 1000.000000000000000 ) ;
#8942 = LINE ( 'NONE', #7232, #195 ) ;
#8943 = EDGE_CURVE ( 'NONE', #880, #9731, #8227, .T. ) ;
#8944 = ORIENTED_EDGE ( 'NONE', *, *, #2447, .F. ) ;
#8945 =( BOUNDED_CURVE ( )  B_SPLINE_CURVE ( 3, ( #3915, #9269, #3147, #6279 ),
 .UNSPECIFIED., .F., .T. ) 
 B_SPLINE_CURVE_WITH_KNOTS ( ( 4, 4 ),
 ( 1.570796326794895670, 3.141592653589793116 ),
 .UNSPECIFIED. ) 
 CURVE ( )  GEOMETRIC_REPRESENTATION_ITEM ( )  RATIONAL_B_SPLINE_CURVE ( ( 1.000000000000000000, 0.8047378541243648264, 0.8047378541243648264, 1.000000000000000000 ) ) 
 REPRESENTATION_ITEM ( '' )  );
#8946 = CARTESIAN_POINT ( 'NONE',  ( -1.736811153223950521, 78.11385847964825757, -19.99999999999998934 ) ) ;
#8947 = ORIENTED_EDGE ( 'NONE', *, *, #1238, .F. ) ;
#8948 = ORIENTED_EDGE ( 'NONE', *, *, #2334, .F. ) ;
#8949 = DIRECTION ( 'NONE',  ( 0.000000000000000000, 1.000000000000000000, -0.000000000000000000 ) ) ;
#8950 = EDGE_LOOP ( 'NONE', ( #4945, #4781 ) ) ;
#8951 = DIRECTION ( 'NONE',  ( 1.000000000000000000, 0.000000000000000000, -1.020425574104004122E-16 ) ) ;
#8952 = CIRCLE ( 'NONE', #2236, 10.24999999999999645 ) ;
#8953 = VECTOR ( 'NONE', #6859, 1000.000000000000000 ) ;
#8954 = CARTESIAN_POINT ( 'NONE',  ( 8.838406556587518281, 67.66566388009930222, 15.00000000000000000 ) ) ;
#8955 = CARTESIAN_POINT ( 'NONE',  ( 0.3032811463847980282, 37.97396860404152363, 22.00000000000000000 ) ) ;
#8956 = CARTESIAN_POINT ( 'NONE',  ( -22.00000000000001421, 26.11543744278039370, -15.49999999999995559 ) ) ;
#8957 = PLANE ( 'NONE',  #2018 ) ;
#8958 = CARTESIAN_POINT ( 'NONE',  ( 26.65081054549206030, 57.15284765199616857, -14.99999999999999822 ) ) ;
#8959 = ADVANCED_FACE ( 'NONE', ( #1211 ), #4334, .F. ) ;
#8960 = EDGE_LOOP ( 'NONE', ( #1459, #1902 ) ) ;
#8961 = EDGE_LOOP ( 'NONE', ( #1186, #9245, #4105, #4779 ) ) ;
#8962 = CARTESIAN_POINT ( 'NONE',  ( -3.499999999999996003, -17.49999999999997513, -13.49999999999995026 ) ) ;
#8963 = ORIENTED_EDGE ( 'NONE', *, *, #7791, .F. ) ;
#8964 = EDGE_CURVE ( 'NONE', #449, #8249, #8377, .T. ) ;
#8965 = CARTESIAN_POINT ( 'NONE',  ( -23.09291481793685463, 26.83858082858024119, -13.59347418239875616 ) ) ;
#8966 = DIRECTION ( 'NONE',  ( 0.000000000000000000, 0.000000000000000000, 1.000000000000000000 ) ) ;
#8967 = CARTESIAN_POINT ( 'NONE',  ( 0.9821122078859934046, 76.84600369442614465, 76.26183934523054120 ) ) ;
#8968 = CARTESIAN_POINT ( 'NONE',  ( -3.499999999999996003, -17.49999999999997513, 13.91165832525016732 ) ) ;
#8969 = DIRECTION ( 'NONE',  ( 0.9063077870366479383, -0.4226182617407037712, -0.000000000000000000 ) ) ;
#8970 = VERTEX_POINT ( 'NONE', #9218 ) ;
#8971 = VERTEX_POINT ( 'NONE', #6799 ) ;
#8972 = DIRECTION ( 'NONE',  ( 0.2488677591981507120, -0.6848594156583132087, 0.6848594156583124315 ) ) ;
#8973 = ORIENTED_EDGE ( 'NONE', *, *, #5504, .F. ) ;
#8974 = LINE ( 'NONE', #1893, #8260 ) ;
#8975 = EDGE_CURVE ( 'NONE', #6445, #1317, #3457, .T. ) ;
#8976 = CARTESIAN_POINT ( 'NONE',  ( 0.000000000000000000, 0.000000000000000000, 10.05000000000000249 ) ) ;
#8977 = CARTESIAN_POINT ( 'NONE',  ( -3.796011084646401024, 40.57106781186543998, -17.00000000000000000 ) ) ;
#8978 = EDGE_CURVE ( 'NONE', #1077, #2451, #6687, .T. ) ;
#8979 = LINE ( 'NONE', #6702, #568 ) ;
#8980 = DIRECTION ( 'NONE',  ( 0.4226182617407035491, 0.9063077870366480493, 0.000000000000000000 ) ) ;
#8981 = VERTEX_POINT ( 'NONE', #7611 ) ;
#8982 = ADVANCED_FACE ( 'NONE', ( #6019 ), #647, .T. ) ;
#8983 = ORIENTED_EDGE ( 'NONE', *, *, #2517, .F. ) ;
#8984 = CARTESIAN_POINT ( 'NONE',  ( -23.48257011907852387, 28.87561242157132213, -14.01742988092143527 ) ) ;
#8985 = CARTESIAN_POINT ( 'NONE',  ( 2.626155740733643551, 33.04763476517322118, 16.53756247357503995 ) ) ;
#8986 = B_SPLINE_CURVE_WITH_KNOTS ( 'NONE', 1,
 ( #3348, #169 ),
 .UNSPECIFIED., .F., .F.,
 ( 2, 2 ),
 ( 0.000000000000000000, 1.000000000000000000 ),
 .UNSPECIFIED. ) ;
#8987 = EDGE_CURVE ( 'NONE', #8256, #5161, #9684, .T. ) ;
#8988 = PLANE ( 'NONE',  #6558 ) ;
#8989 = CARTESIAN_POINT ( 'NONE',  ( -3.499966250170746473, -14.03809987489552569, 15.31673650017911115 ) ) ;
#8990 = FACE_OUTER_BOUND ( 'NONE', #6225, .T. ) ;
#8991 = ORIENTED_EDGE ( 'NONE', *, *, #1803, .F. ) ;
#8992 = DIRECTION ( 'NONE',  ( 0.000000000000000000, 1.000000000000000000, 0.000000000000000000 ) ) ;
#8993 = ORIENTED_EDGE ( 'NONE', *, *, #3716, .F. ) ;
#8994 = ORIENTED_EDGE ( 'NONE', *, *, #6408, .T. ) ;
#8995 = DIRECTION ( 'NONE',  ( -1.000000000000000000, 0.000000000000000000, 0.000000000000000000 ) ) ;
#8996 = ORIENTED_EDGE ( 'NONE', *, *, #5248, .F. ) ;
#8997 = DIRECTION ( 'NONE',  ( -1.000000000000000000, 0.000000000000000000, 0.000000000000000000 ) ) ;
#8998 = FACE_OUTER_BOUND ( 'NONE', #8599, .T. ) ;
#8999 = CARTESIAN_POINT ( 'NONE',  ( 1.828134543043423044, 34.86580960903778958, 22.00000000000000000 ) ) ;
#9000 = DIRECTION ( 'NONE',  ( 0.000000000000000000, -1.734723475976807094E-15, 1.000000000000000000 ) ) ;
#9001 = CARTESIAN_POINT ( 'NONE',  ( 0.8107298402938941662, 39.43971063975710223, -21.34674262538190703 ) ) ;
#9002 = CARTESIAN_POINT ( 'NONE',  ( 7.499999999999992895, -14.50000000000000000, -16.64999999999999503 ) ) ;
#9003 = ADVANCED_FACE ( 'NONE', ( #4436 ), #2135, .T. ) ;
#9004 = ORIENTED_EDGE ( 'NONE', *, *, #426, .T. ) ;
#9005 = VERTEX_POINT ( 'NONE', #1264 ) ;
#9006 = FACE_OUTER_BOUND ( 'NONE', #3167, .T. ) ;
#9007 = ORIENTED_EDGE ( 'NONE', *, *, #4706, .F. ) ;
#9008 = DIRECTION ( 'NONE',  ( -0.4226182617407032160, -0.9063077870366481603, 0.000000000000000000 ) ) ;
#9009 = DIRECTION ( 'NONE',  ( 0.9063077870366479383, -0.4226182617407037712, 0.000000000000000000 ) ) ;
#9010 = VECTOR ( 'NONE', #6006, 1000.000000000000000 ) ;
#9011 = CARTESIAN_POINT ( 'NONE',  ( -5.530614342616974710, 36.85119912080915583, 76.26183934523054120 ) ) ;
#9012 = DIRECTION ( 'NONE',  ( 0.000000000000000000, 1.000000000000000000, 0.000000000000000000 ) ) ;
#9013 = LINE ( 'NONE', #9890, #6582 ) ;
#9014 = CARTESIAN_POINT ( 'NONE',  ( -22.71629261286332380, 27.39001814001283819, -13.88499447053050773 ) ) ;
#9015 = ORIENTED_EDGE ( 'NONE', *, *, #9619, .T. ) ;
#9016 = ORIENTED_EDGE ( 'NONE', *, *, #5590, .T. ) ;
#9017 = AXIS2_PLACEMENT_3D ( 'NONE', #3668, #2188, #6895 ) ;
#9018 = CARTESIAN_POINT ( 'NONE',  ( 0.000000000000000000, 19.00000000000000355, 20.99999999999999645 ) ) ;
#9019 = AXIS2_PLACEMENT_3D ( 'NONE', #7388, #8797, #1768 ) ;
#9020 = ORIENTED_EDGE ( 'NONE', *, *, #9804, .T. ) ;
#9021 = ORIENTED_EDGE ( 'NONE', *, *, #8382, .T. ) ;
#9022 = DIRECTION ( 'NONE',  ( 0.000000000000000000, 0.000000000000000000, 1.000000000000000000 ) ) ;
#9023 = EDGE_CURVE ( 'NONE', #5093, #6561, #3720, .T. ) ;
#9024 = PLANE ( 'NONE',  #4914 ) ;
#9025 = CARTESIAN_POINT ( 'NONE',  ( 15.49999999999999467, 14.50000000000000000, 9.150000000000002132 ) ) ;
#9026 = VECTOR ( 'NONE', #9749, 1000.000000000000000 ) ;
#9027 = EDGE_CURVE ( 'NONE', #7725, #4355, #6848, .T. ) ;
#9028 = DIRECTION ( 'NONE',  ( 0.000000000000000000, 1.000000000000000000, 0.000000000000000000 ) ) ;
#9029 = CARTESIAN_POINT ( 'NONE',  ( -22.71629261286152968, 27.39001814001279556, 13.88499447053084879 ) ) ;
#9030 = ORIENTED_EDGE ( 'NONE', *, *, #2213, .F. ) ;
#9031 = ORIENTED_EDGE ( 'NONE', *, *, #2585, .F. ) ;
#9032 = ADVANCED_FACE ( 'NONE', ( #9990 ), #4386, .F. ) ;
#9033 = DIRECTION ( 'NONE',  ( -0.7071067811865484609, 0.000000000000000000, -0.7071067811865467956 ) ) ;
#9034 = EDGE_CURVE ( 'NONE', #6284, #607, #7558, .T. ) ;
#9035 = VECTOR ( 'NONE', #2186, 1000.000000000000000 ) ;
#9036 = CYLINDRICAL_SURFACE ( 'NONE', #853, 1.999999999999998224 ) ;
#9037 = CARTESIAN_POINT ( 'NONE',  ( -3.698595281526361411, -15.41022381175418587, -14.63064828979833010 ) ) ;
#9038 = CARTESIAN_POINT ( 'NONE',  ( 15.49999999999999467, 11.55000000000000249, -9.149999999999998579 ) ) ;
#9039 = CARTESIAN_POINT ( 'NONE',  ( -25.14286199353595919, 27.28682169750765496, 11.49621721055053492 ) ) ;
#9040 = ORIENTED_EDGE ( 'NONE', *, *, #1257, .F. ) ;
#9041 = B_SPLINE_CURVE_WITH_KNOTS ( 'NONE', 3,
 ( #7749, #6205, #4677, #8679, #1455, #2325 ),
 .UNSPECIFIED., .F., .F.,
 ( 4, 2, 4 ),
 ( -1.438830659052827278E-05, 0.0005615425498681946492, 0.001137473406326917598 ),
 .UNSPECIFIED. ) ;
#9042 = EDGE_CURVE ( 'NONE', #609, #5446, #9948, .T. ) ;
#9043 = CARTESIAN_POINT ( 'NONE',  ( -3.861272208687695606, 40.43111487965633444, 14.00000000000000355 ) ) ;
#9044 = ORIENTED_EDGE ( 'NONE', *, *, #8771, .F. ) ;
#9045 = ORIENTED_EDGE ( 'NONE', *, *, #480, .T. ) ;
#9046 = CYLINDRICAL_SURFACE ( 'NONE', #3195, 3.000000000000002220 ) ;
#9047 = ORIENTED_EDGE ( 'NONE', *, *, #6514, .T. ) ;
#9048 = CARTESIAN_POINT ( 'NONE',  ( -15.49999999999998579, 41.50000000000002132, -21.82035944224890045 ) ) ;
#9049 = AXIS2_PLACEMENT_3D ( 'NONE', #4708, #5328, #8461 ) ;
#9050 = FACE_OUTER_BOUND ( 'NONE', #6955, .T. ) ;
#9051 = DIRECTION ( 'NONE',  ( 0.000000000000000000, 0.000000000000000000, 1.000000000000000000 ) ) ;
#9052 = CARTESIAN_POINT ( 'NONE',  ( 2.081394951891304856, 36.61179464979771581, -13.99999999999999822 ) ) ;
#9053 = VECTOR ( 'NONE', #6466, 1000.000000000000114 ) ;
#9054 = CARTESIAN_POINT ( 'NONE',  ( -20.14285302487503060, 31.12663592986023176, -4.999999999999999112 ) ) ;
#9055 = CARTESIAN_POINT ( 'NONE',  ( -16.50731940097383443, 46.43840132269671273, 19.49999999999999645 ) ) ;
#9056 = VECTOR ( 'NONE', #1045, 1000.000000000000000 ) ;
#9057 = VERTEX_POINT ( 'NONE', #3607 ) ;
#9058 = VERTEX_POINT ( 'NONE', #1419 ) ;
#9059 = DIRECTION ( 'NONE',  ( 0.000000000000000000, 1.000000000000000000, 0.000000000000000000 ) ) ;
#9060 = ORIENTED_EDGE ( 'NONE', *, *, #1528, .T. ) ;
#9061 = AXIS2_PLACEMENT_3D ( 'NONE', #3950, #6655, #5062 ) ;
#9062 = CARTESIAN_POINT ( 'NONE',  ( 3.499999999999993783, 17.40822722645865284, 5.105064144102373191 ) ) ;
#9063 = CARTESIAN_POINT ( 'NONE',  ( -3.499999999999996003, 30.11543744278039014, 22.00000000000000000 ) ) ;
#9064 = EDGE_CURVE ( 'NONE', #6579, #4049, #2790, .T. ) ;
#9065 = CARTESIAN_POINT ( 'NONE',  ( 0.1368756844045970755, 75.03338812035286765, -21.99999999999999289 ) ) ;
#9066 = CARTESIAN_POINT ( 'NONE',  ( -0.4171180129314231988, 40.31254662931094401, 22.00000000000000000 ) ) ;
#9067 = CARTESIAN_POINT ( 'NONE',  ( -4.262759557341363248, 39.57012248197151649, 14.00000000000000355 ) ) ;
#9068 = AXIS2_PLACEMENT_3D ( 'NONE', #9971, #5337, #8466 ) ;
#9069 = CARTESIAN_POINT ( 'NONE',  ( -15.23886536371021627, 42.06000503470818330, 21.93919916746598275 ) ) ;
#9070 = PLANE ( 'NONE',  #7257 ) ;
#9071 = EDGE_CURVE ( 'NONE', #4097, #5962, #2971, .T. ) ;
#9072 = EDGE_LOOP ( 'NONE', ( #4863, #3369 ) ) ;
#9073 = ORIENTED_EDGE ( 'NONE', *, *, #7635, .T. ) ;
#9074 = LINE ( 'NONE', #2745, #7956 ) ;
#9075 = ORIENTED_EDGE ( 'NONE', *, *, #7254, .F. ) ;
#9076 = ORIENTED_EDGE ( 'NONE', *, *, #5560, .T. ) ;
#9077 = CARTESIAN_POINT ( 'NONE',  ( -2.499999999999999556, 24.55000000000000071, 10.05000000000000249 ) ) ;
#9078 = VECTOR ( 'NONE', #3913, 1000.000000000000000 ) ;
#9079 = CIRCLE ( 'NONE', #8905, 2.000000000000000000 ) ;
#9080 = FACE_OUTER_BOUND ( 'NONE', #9186, .T. ) ;
#9081 = LINE ( 'NONE', #4966, #3598 ) ;
#9082 = CARTESIAN_POINT ( 'NONE',  ( -1.550688799605649093, -15.81878240375619171, -16.18121759624376921 ) ) ;
#9083 = DIRECTION ( 'NONE',  ( 8.379335841787855282E-17, -1.000000000000000000, 0.000000000000000000 ) ) ;
#9084 = AXIS2_PLACEMENT_3D ( 'NONE', #4494, #2247, #553 ) ;
#9085 = CARTESIAN_POINT ( 'NONE',  ( -22.82143572534529241, 27.25609805133008123, 13.79718744948647213 ) ) ;
#9086 = AXIS2_PLACEMENT_3D ( 'NONE', #6948, #696, #1516 ) ;
#9087 = VERTEX_POINT ( 'NONE', #5303 ) ;
#9088 = CARTESIAN_POINT ( 'NONE',  ( -23.60797205860493264, 28.74971287692344291, -13.89202794139501940 ) ) ;
#9089 = ADVANCED_FACE ( 'NONE', ( #2845 ), #9120, .F. ) ;
#9090 = DIRECTION ( 'NONE',  ( 0.2792582776338195516, -0.7672558119947081590, -0.5773502691896263972 ) ) ;
#9091 = ADVANCED_FACE ( 'NONE', ( #6167 ), #2390, .F. ) ;
#9092 = CARTESIAN_POINT ( 'NONE',  ( -23.17157287525382259, 26.29507800053150390, 13.49999999999998046 ) ) ;
#9093 = DIRECTION ( 'NONE',  ( -0.000000000000000000, 0.000000000000000000, 1.000000000000000000 ) ) ;
#9094 = CARTESIAN_POINT ( 'NONE',  ( -24.97833228457813348, 27.66554404259943567, 11.53459841532517594 ) ) ;
#9095 = ORIENTED_EDGE ( 'NONE', *, *, #3609, .T. ) ;
#9096 = CIRCLE ( 'NONE', #10079, 15.24999999998179767 ) ;
#9097 = VECTOR ( 'NONE', #3924, 1000.000000000000000 ) ;
#9098 = ORIENTED_EDGE ( 'NONE', *, *, #7407, .T. ) ;
#9099 = ORIENTED_EDGE ( 'NONE', *, *, #1662, .T. ) ;
#9100 = FACE_OUTER_BOUND ( 'NONE', #7786, .T. ) ;
#9101 = VERTEX_POINT ( 'NONE', #8589 ) ;
#9102 = CARTESIAN_POINT ( 'NONE',  ( 15.09301507966612199, 45.99166740472661985, 0.000000000000000000 ) ) ;
#9103 = CARTESIAN_POINT ( 'NONE',  ( -3.499999999999996003, -14.58578643762687754, -14.58578643762692195 ) ) ;
#9104 = CARTESIAN_POINT ( 'NONE',  ( -0.7267451883848041749, 39.48334186525006118, 22.00000000000000000 ) ) ;
#9105 = DIRECTION ( 'NONE',  ( 0.9063077870366479383, -0.4226182617407038267, -0.000000000000000000 ) ) ;
#9106 = VECTOR ( 'NONE', #6200, 1000.000000000000000 ) ;
#9107 = PLANE ( 'NONE',  #1530 ) ;
#9108 = EDGE_CURVE ( 'NONE', #5056, #9938, #7215, .T. ) ;
#9109 = DIRECTION ( 'NONE',  ( 0.4226182617407046593, 0.9063077870366476052, 0.000000000000000000 ) ) ;
#9110 = VERTEX_POINT ( 'NONE', #747 ) ;
#9111 = ORIENTED_EDGE ( 'NONE', *, *, #9064, .T. ) ;
#9112 = EDGE_CURVE ( 'NONE', #9816, #2233, #899, .T. ) ;
#9113 = FACE_OUTER_BOUND ( 'NONE', #359, .T. ) ;
#9114 = CIRCLE ( 'NONE', #3035, 1.000000000000000000 ) ;
#9115 = ORIENTED_EDGE ( 'NONE', *, *, #1552, .F. ) ;
#9116 = VECTOR ( 'NONE', #2841, 1000.000000000000000 ) ;
#9117 = CARTESIAN_POINT ( 'NONE',  ( -17.57611152547500311, 42.46810670351286632, -19.92388847452497913 ) ) ;
#9118 = CARTESIAN_POINT ( 'NONE',  ( 5.554029249120561396, 25.83420986939067987, -17.18499515230141839 ) ) ;
#9119 = CARTESIAN_POINT ( 'NONE',  ( -25.50000000000000355, 24.55000000000000071, -10.05000000000000071 ) ) ;
#9120 = PLANE ( 'NONE',  #1493 ) ;
#9121 = CARTESIAN_POINT ( 'NONE',  ( 5.322116321892071511, 26.67788367810795336, -20.69419480300796721 ) ) ;
#9122 = DIRECTION ( 'NONE',  ( 0.000000000000000000, 0.000000000000000000, 1.000000000000000000 ) ) ;
#9123 = EDGE_CURVE ( 'NONE', #9731, #8190, #9419, .T. ) ;
#9124 = CARTESIAN_POINT ( 'NONE',  ( -3.237105982281071714, 74.89646583557750148, 19.49999999999999645 ) ) ;
#9125 = ORIENTED_EDGE ( 'NONE', *, *, #8504, .F. ) ;
#9126 = ORIENTED_EDGE ( 'NONE', *, *, #5491, .T. ) ;
#9127 = DIRECTION ( 'NONE',  ( 0.000000000000000000, -1.000000000000000000, 0.000000000000000000 ) ) ;
#9128 = EDGE_LOOP ( 'NONE', ( #7904, #4655, #287, #3756 ) ) ;
#9129 = ORIENTED_EDGE ( 'NONE', *, *, #6732, .F. ) ;
#9130 = CARTESIAN_POINT ( 'NONE',  ( 0.3693157284843430199, 75.53185740313233509, -19.49999999999999645 ) ) ;
#9131 = FACE_BOUND ( 'NONE', #245, .T. ) ;
#9132 = CARTESIAN_POINT ( 'NONE',  ( -19.56635565186404691, 28.10567318985332008, -15.30260817452858646 ) ) ;
#9133 = DIRECTION ( 'NONE',  ( -1.000000000000000000, -0.000000000000000000, -0.000000000000000000 ) ) ;
#9134 = B_SPLINE_CURVE_WITH_KNOTS ( 'NONE', 3,
 ( #6508, #1800, #8105, #8884, #354, #6555, #7329, #303, #3428, #2667, #5789, #8937, #7998, #1909, #979, #7227, #207, #3332, #6461 ),
 .UNSPECIFIED., .F., .F.,
 ( 4, 2, 2, 2, 2, 2, 1, 2, 2, 4 ),
 ( 0.000000000000000000, 0.2500000000000140998, 0.3750000000000179856, 0.4375000000000169864, 0.5000000000000159872, 0.6250000000000138778, 0.6875000000000134337, 0.7187500000000097700, 0.7500000000000061062, 1.000000000000000000 ),
 .UNSPECIFIED. ) ;
#9135 = CARTESIAN_POINT ( 'NONE',  ( -23.23648008742775417, 26.62175396592049736, 13.51872903876937215 ) ) ;
#9136 = ORIENTED_EDGE ( 'NONE', *, *, #6497, .F. ) ;
#9137 = DIRECTION ( 'NONE',  ( 0.9063077870366480493, -0.4226182617407037712, 0.000000000000000000 ) ) ;
#9138 = DIRECTION ( 'NONE',  ( 0.000000000000000000, 0.000000000000000000, 1.000000000000000000 ) ) ;
#9139 = CARTESIAN_POINT ( 'NONE',  ( 7.998050616251632938, 49.30010366829038304, 0.000000000000000000 ) ) ;
#9140 = ADVANCED_FACE ( 'NONE', ( #1570 ), #4687, .F. ) ;
#9141 = CARTESIAN_POINT ( 'NONE',  ( -3.499999999999996003, -18.54989030964878083, -13.45010969035119253 ) ) ;
#9142 = EDGE_CURVE ( 'NONE', #7478, #713, #5670, .T. ) ;
#9143 = CARTESIAN_POINT ( 'NONE',  ( -1.500000000000008216, -9.171572875253760415, -22.00000000000000000 ) ) ;
#9144 = ORIENTED_EDGE ( 'NONE', *, *, #6526, .F. ) ;
#9145 = CARTESIAN_POINT ( 'NONE',  ( -23.23096710327696712, 26.33330378999234966, -13.49999999999995559 ) ) ;
#9146 = VERTEX_POINT ( 'NONE', #1513 ) ;
#9147 = DIRECTION ( 'NONE',  ( -0.4226182617407038267, -0.9063077870366479383, 2.585008406189481612E-15 ) ) ;
#9148 = ORIENTED_EDGE ( 'NONE', *, *, #2935, .T. ) ;
#9149 = CARTESIAN_POINT ( 'NONE',  ( -19.94304480729571338, 28.07789210304327554, 15.11426402407990466 ) ) ;
#9150 = FACE_OUTER_BOUND ( 'NONE', #2097, .T. ) ;
#9151 = CARTESIAN_POINT ( 'NONE',  ( 0.8229825806919777165, 38.38802763995405343, 21.06318478518557669 ) ) ;
#9152 = CARTESIAN_POINT ( 'NONE',  ( -23.68473601286298802, 28.67121653613024534, -13.81526398713697645 ) ) ;
#9153 = EDGE_CURVE ( 'NONE', #5624, #2073, #9365, .T. ) ;
#9154 = CARTESIAN_POINT ( 'NONE',  ( 0.8740114256925218816, 37.98680404637000407, -20.94954799291219416 ) ) ;
#9155 = EDGE_CURVE ( 'NONE', #1741, #5635, #2432, .T. ) ;
#9156 = CARTESIAN_POINT ( 'NONE',  ( -13.89405060529906599, 44.94396959071544018, -19.49999999999999645 ) ) ;
#9157 = ORIENTED_EDGE ( 'NONE', *, *, #3075, .T. ) ;
#9158 = EDGE_LOOP ( 'NONE', ( #8357, #2029, #6997, #5392, #8291 ) ) ;
#9159 = EDGE_CURVE ( 'NONE', #7540, #299, #7858, .T. ) ;
#9160 = DIRECTION ( 'NONE',  ( -0.4226182617407028830, -0.9063077870366483824, 0.000000000000000000 ) ) ;
#9161 = ORIENTED_EDGE ( 'NONE', *, *, #8452, .F. ) ;
#9162 = EDGE_CURVE ( 'NONE', #4415, #855, #3831, .T. ) ;
#9163 = CYLINDRICAL_SURFACE ( 'NONE', #8454, 2.000000000000002665 ) ;
#9164 = CARTESIAN_POINT ( 'NONE',  ( -24.33523890505484388, 29.10238496197626645, 12.07878538242887068 ) ) ;
#9165 = DIRECTION ( 'NONE',  ( -1.000000000000000000, 0.000000000000000000, -0.000000000000000000 ) ) ;
#9166 = EDGE_CURVE ( 'NONE', #6239, #6692, #7867, .T. ) ;
#9167 = CARTESIAN_POINT ( 'NONE',  ( -16.95106857580157111, 45.48677814630823235, -19.49999999999999645 ) ) ;
#9168 = DIRECTION ( 'NONE',  ( -0.7071067811865465735, 0.000000000000000000, 0.7071067811865484609 ) ) ;
#9169 = DIRECTION ( 'NONE',  ( 0.4019048076038938544, -0.9156814542322438966, -0.000000000000000000 ) ) ;
#9170 = CARTESIAN_POINT ( 'NONE',  ( -21.72686866547120488, -15.49999999999997513, 13.14566904275826076 ) ) ;
#9171 = VERTEX_POINT ( 'NONE', #5451 ) ;
#9172 = ORIENTED_EDGE ( 'NONE', *, *, #3960, .F. ) ;
#9173 = B_SPLINE_CURVE_WITH_KNOTS ( 'NONE', 1,
 ( #227, #8165 ),
 .UNSPECIFIED., .F., .F.,
 ( 2, 2 ),
 ( 0.000000000000000000, 1.000000000000000000 ),
 .UNSPECIFIED. ) ;
#9174 = ADVANCED_FACE ( 'NONE', ( #317 ), #5806, .T. ) ;
#9175 = CARTESIAN_POINT ( 'NONE',  ( -12.31348600312988317, 5.741872821843921670, 76.26183934523054120 ) ) ;
#9176 = ORIENTED_EDGE ( 'NONE', *, *, #185, .T. ) ;
#9177 = EDGE_LOOP ( 'NONE', ( #7348, #4220, #6636, #3422 ) ) ;
#9178 = CARTESIAN_POINT ( 'NONE',  ( -2.500000000000001332, 24.55000000000000071, 5.000000000000000000 ) ) ;
#9179 = CYLINDRICAL_SURFACE ( 'NONE', #4838, 2.000000000000000000 ) ;
#9180 = CARTESIAN_POINT ( 'NONE',  ( -2.833333333333333037, -14.14297739604487170, -15.97140452079098161 ) ) ;
#9181 = EDGE_CURVE ( 'NONE', #6093, #6354, #4921, .T. ) ;
#9182 = CARTESIAN_POINT ( 'NONE',  ( -20.29038210770873008, 28.03587719569382486, -14.94055198986296240 ) ) ;
#9183 = CIRCLE ( 'NONE', #4743, 0.9500000000000040634 ) ;
#9184 = EDGE_CURVE ( 'NONE', #839, #2501, #8799, .T. ) ;
#9185 = DIRECTION ( 'NONE',  ( 0.9063077870366480493, -0.4226182617407036046, 0.000000000000000000 ) ) ;
#9186 = EDGE_LOOP ( 'NONE', ( #3459, #5950, #452, #3396 ) ) ;
#9187 = CARTESIAN_POINT ( 'NONE',  ( 13.81130231555455268, 46.58933988218685585, 0.000000000000000000 ) ) ;
#9188 = PLANE ( 'NONE',  #4281 ) ;
#9189 = VECTOR ( 'NONE', #7521, 1000.000000000000000 ) ;
#9190 = CARTESIAN_POINT ( 'NONE',  ( -23.23096796632475503, 26.33330434544518184, 13.49999999999998046 ) ) ;
#9191 = DIRECTION ( 'NONE',  ( 0.7071067811865475727, -0.000000000000000000, 0.7071067811865475727 ) ) ;
#9192 = CARTESIAN_POINT ( 'NONE',  ( 14.83245263440451289, 63.95652609376352160, -16.17157287525383680 ) ) ;
#9193 = ORIENTED_EDGE ( 'NONE', *, *, #820, .T. ) ;
#9194 = CARTESIAN_POINT ( 'NONE',  ( 7.499999999999996447, 12.50000000000000000, 13.35000000000000497 ) ) ;
#9195 = AXIS2_PLACEMENT_3D ( 'NONE', #994, #8846, #4115 ) ;
#9196 = ORIENTED_EDGE ( 'NONE', *, *, #9214, .F. ) ;
#9197 = CARTESIAN_POINT ( 'NONE',  ( 0.1368756844060403655, 75.03338812035597982, -20.00000000000000355 ) ) ;
#9198 = EDGE_LOOP ( 'NONE', ( #7935, #8491, #6733, #617, #8018, #1919 ) ) ;
#9199 = CARTESIAN_POINT ( 'NONE',  ( -19.90114943537068370, 28.08191313024323676, 15.13521044391515957 ) ) ;
#9200 = CARTESIAN_POINT ( 'NONE',  ( -16.40630778703273052, 41.92261826174912187, 19.99999999999999289 ) ) ;
#9201 = AXIS2_PLACEMENT_3D ( 'NONE', #7999, #7955, #981 ) ;
#9202 = LINE ( 'NONE', #9978, #4954 ) ;
#9203 = DIRECTION ( 'NONE',  ( 0.000000000000000000, 1.000000000000000000, -0.000000000000000000 ) ) ;
#9204 = LINE ( 'NONE', #9878, #3318 ) ;
#9205 = FACE_OUTER_BOUND ( 'NONE', #2234, .T. ) ;
#9206 = ORIENTED_EDGE ( 'NONE', *, *, #7967, .T. ) ;
#9207 = ORIENTED_EDGE ( 'NONE', *, *, #9295, .F. ) ;
#9208 = CYLINDRICAL_SURFACE ( 'NONE', #4177, 2.000000000000000000 ) ;
#9209 = EDGE_CURVE ( 'NONE', #4806, #6338, #8986, .T. ) ;
#9210 = VERTEX_POINT ( 'NONE', #7299 ) ;
#9211 = AXIS2_PLACEMENT_3D ( 'NONE', #261, #4922, #8046 ) ;
#9212 = CARTESIAN_POINT ( 'NONE',  ( 2.085961949193676279, 13.71581755112836554, 8.539433793124114658 ) ) ;
#9213 =( BOUNDED_CURVE ( )  B_SPLINE_CURVE ( 3, ( #3912, #4783, #7911, #3809 ),
 .UNSPECIFIED., .F., .T. ) 
 B_SPLINE_CURVE_WITH_KNOTS ( ( 4, 4 ),
 ( 2.973917203873684745, 3.208232461280899450 ),
 .UNSPECIFIED. ) 
 CURVE ( )  GEOMETRIC_REPRESENTATION_ITEM ( )  RATIONAL_B_SPLINE_CURVE ( ( 1.000000000000000000, 0.9954299276351395998, 0.9954299276351395998, 1.000000000000000000 ) ) 
 REPRESENTATION_ITEM ( '' )  );
#9214 = EDGE_CURVE ( 'NONE', #4541, #10000, #4170, .T. ) ;
#9215 = CARTESIAN_POINT ( 'NONE',  ( -24.17126824863944989, 25.04003587923988405, 13.23225532440070040 ) ) ;
#9216 = VECTOR ( 'NONE', #9910, 1000.000000000000000 ) ;
#9217 = DIRECTION ( 'NONE',  ( 0.4226182617407046593, 0.9063077870366476052, 0.000000000000000000 ) ) ;
#9218 = CARTESIAN_POINT ( 'NONE',  ( 12.98068253580590081, 69.04422262568454016, 22.00000000000000000 ) ) ;
#9219 = DIRECTION ( 'NONE',  ( -0.4226182617407046593, -0.9063077870366476052, 0.000000000000000000 ) ) ;
#9220 = FACE_BOUND ( 'NONE', #1825, .T. ) ;
#9221 = DIRECTION ( 'NONE',  ( 0.000000000000000000, 0.000000000000000000, 1.000000000000000000 ) ) ;
#9222 = LINE ( 'NONE', #2193, #2032 ) ;
#9223 = CIRCLE ( 'NONE', #4965, 1.999999999999998224 ) ;
#9224 = ORIENTED_EDGE ( 'NONE', *, *, #4626, .T. ) ;
#9225 = ORIENTED_EDGE ( 'NONE', *, *, #6276, .T. ) ;
#9226 = FACE_OUTER_BOUND ( 'NONE', #7380, .T. ) ;
#9227 = ORIENTED_EDGE ( 'NONE', *, *, #5495, .F. ) ;
#9228 = ORIENTED_EDGE ( 'NONE', *, *, #4249, .T. ) ;
#9229 = CARTESIAN_POINT ( 'NONE',  ( 0.000000000000000000, 0.000000000000000000, 0.000000000000000000 ) ) ;
#9230 = LINE ( 'NONE', #8450, #5170 ) ;
#9231 = AXIS2_PLACEMENT_3D ( 'NONE', #2220, #10168, #6148 ) ;
#9232 = AXIS2_PLACEMENT_3D ( 'NONE', #7547, #535, #6264 ) ;
#9233 = CARTESIAN_POINT ( 'NONE',  ( 13.91470628062149828, 61.98841268680346417, -11.00000000000000355 ) ) ;
#9234 = CARTESIAN_POINT ( 'NONE',  ( 3.595714395654802775, 27.72790641890595964, 21.86381456886264374 ) ) ;
#9235 = EDGE_LOOP ( 'NONE', ( #9386, #6414, #1068, #5382, #2564 ) ) ;
#9236 = CIRCLE ( 'NONE', #1365, 1.999999999999998224 ) ;
#9237 = CARTESIAN_POINT ( 'NONE',  ( -0.5000000000000082157, -7.550000000000000711, -8.049999999999998934 ) ) ;
#9238 = AXIS2_PLACEMENT_3D ( 'NONE', #4867, #5684, #3322 ) ;
#9239 = CARTESIAN_POINT ( 'NONE',  ( -25.50000000000000355, -13.44038226543438164, 11.99999999999998046 ) ) ;
#9240 = VECTOR ( 'NONE', #3564, 1000.000000000000000 ) ;
#9241 = DIRECTION ( 'NONE',  ( 0.000000000000000000, 0.000000000000000000, 1.000000000000000000 ) ) ;
#9242 = DIRECTION ( 'NONE',  ( 0.000000000000000000, 1.000000000000000000, 0.000000000000000000 ) ) ;
#9243 = ADVANCED_FACE ( 'NONE', ( #9778 ), #4067, .T. ) ;
#9244 = LINE ( 'NONE', #6146, #6244 ) ;
#9245 = ORIENTED_EDGE ( 'NONE', *, *, #6764, .T. ) ;
#9246 = DIRECTION ( 'NONE',  ( 0.000000000000000000, -1.000000000000000000, 0.000000000000000000 ) ) ;
#9247 = ORIENTED_EDGE ( 'NONE', *, *, #7476, .F. ) ;
#9248 = ORIENTED_EDGE ( 'NONE', *, *, #1307, .F. ) ;
#9249 = AXIS2_PLACEMENT_3D ( 'NONE', #8958, #1100, #9576 ) ;
#9250 = CYLINDRICAL_SURFACE ( 'NONE', #6465, 2.000000000000000000 ) ;
#9251 = CARTESIAN_POINT ( 'NONE',  ( 7.570551771473125413, 64.94674051891543343, 14.00000000000000000 ) ) ;
#9252 = CYLINDRICAL_SURFACE ( 'NONE', #7080, 1.999999999999999556 ) ;
#9253 = DIRECTION ( 'NONE',  ( 0.000000000000000000, 0.000000000000000000, 1.000000000000000000 ) ) ;
#9254 = EDGE_CURVE ( 'NONE', #9428, #9783, #6477, .T. ) ;
#9255 = CARTESIAN_POINT ( 'NONE',  ( 5.499999999999994671, -20.00000000000000000, 11.17157287525376219 ) ) ;
#9256 = VECTOR ( 'NONE', #3616, 1000.000000000000000 ) ;
#9257 = VECTOR ( 'NONE', #7399, 1000.000000000000114 ) ;
#9258 = DIRECTION ( 'NONE',  ( -0.000000000000000000, -1.000000000000000000, -0.000000000000000000 ) ) ;
#9259 = EDGE_LOOP ( 'NONE', ( #9136, #2210 ) ) ;
#9260 = ORIENTED_EDGE ( 'NONE', *, *, #237, .F. ) ;
#9261 = CARTESIAN_POINT ( 'NONE',  ( -3.499999999999996003, -18.00000000000000355, -11.17157287525377996 ) ) ;
#9262 = VERTEX_POINT ( 'NONE', #2728 ) ;
#9263 = FACE_OUTER_BOUND ( 'NONE', #7115, .T. ) ;
#9264 = AXIS2_PLACEMENT_3D ( 'NONE', #9829, #5047, #8168 ) ;
#9265 = AXIS2_PLACEMENT_3D ( 'NONE', #8481, #741, #10135 ) ;
#9266 = CARTESIAN_POINT ( 'NONE',  ( -18.21892336110993682, 42.76785478522210582, 18.92467692851577254 ) ) ;
#9267 = DIRECTION ( 'NONE',  ( 0.4226182617407039932, 0.9063077870366478273, 0.000000000000000000 ) ) ;
#9268 = CARTESIAN_POINT ( 'NONE',  ( -18.65764051238642196, 32.49999999999992895, -10.99999999999998224 ) ) ;
#9269 = CARTESIAN_POINT ( 'NONE',  ( 15.63212844498096743, 20.00000000000000355, 21.58578643762690419 ) ) ;
#9270 = LINE ( 'NONE', #2245, #4933 ) ;
#9271 = EDGE_CURVE ( 'NONE', #9807, #8920, #4993, .T. ) ;
#9272 = DIRECTION ( 'NONE',  ( 0.9063077870366479383, -0.4226182617407038267, 0.000000000000000000 ) ) ;
#9273 = VECTOR ( 'NONE', #3342, 1000.000000000000000 ) ;
#9274 = EDGE_CURVE ( 'NONE', #683, #6338, #5179, .T. ) ;
#9275 = DIRECTION ( 'NONE',  ( 0.000000000000000000, 0.6012712288170918296, -0.7990449983554021030 ) ) ;
#9276 = VECTOR ( 'NONE', #7555, 1000.000000000000114 ) ;
#9277 = ORIENTED_EDGE ( 'NONE', *, *, #7989, .T. ) ;
#9278 = VERTEX_POINT ( 'NONE', #1098 ) ;
#9279 = DIRECTION ( 'NONE',  ( 0.4226182617407037156, 0.9063077870366479383, 0.000000000000000000 ) ) ;
#9280 = VERTEX_POINT ( 'NONE', #6422 ) ;
#9281 = FACE_BOUND ( 'NONE', #324, .T. ) ;
#9282 = CARTESIAN_POINT ( 'NONE',  ( -22.71629261286332380, 27.39001814001283819, -13.88499447053050773 ) ) ;
#9283 = CIRCLE ( 'NONE', #1905, 1.999999999999995781 ) ;
#9284 = CARTESIAN_POINT ( 'NONE',  ( -24.65464086199160221, -14.50721548280501239, -11.49999999999995026 ) ) ;
#9285 = AXIS2_PLACEMENT_3D ( 'NONE', #2955, #3771, #6902 ) ;
#9286 = CARTESIAN_POINT ( 'NONE',  ( -19.59509408984050438, 28.10420399386514134, -15.28823852112774873 ) ) ;
#9287 = VECTOR ( 'NONE', #513, 1000.000000000000000 ) ;
#9288 = CARTESIAN_POINT ( 'NONE',  ( -2.582047676705359063, 76.30124290557496636, -21.99999999999999289 ) ) ;
#9289 = ORIENTED_EDGE ( 'NONE', *, *, #4593, .T. ) ;
#9290 = CYLINDRICAL_SURFACE ( 'NONE', #8790, 2.000000000000001776 ) ;
#9291 = VERTEX_POINT ( 'NONE', #6572 ) ;
#9292 = LINE ( 'NONE', #2262, #5275 ) ;
#9293 = EDGE_CURVE ( 'NONE', #5246, #1796, #2787, .T. ) ;
#9294 = DIRECTION ( 'NONE',  ( -0.4226182617407037156, -0.9063077870366479383, 0.000000000000000000 ) ) ;
#9295 = EDGE_CURVE ( 'NONE', #6619, #1914, #6709, .T. ) ;
#9296 = PLANE ( 'NONE',  #2360 ) ;
#9297 = CYLINDRICAL_SURFACE ( 'NONE', #6909, 2.000000000000000000 ) ;
#9298 = VERTEX_POINT ( 'NONE', #5660 ) ;
#9299 = CARTESIAN_POINT ( 'NONE',  ( 7.972039120126796163, 65.80773291660024427, -14.00000000000000178 ) ) ;
#9300 = EDGE_LOOP ( 'NONE', ( #8206, #9125, #9176 ) ) ;
#9301 = EDGE_CURVE ( 'NONE', #6194, #2319, #1770, .T. ) ;
#9302 = ORIENTED_EDGE ( 'NONE', *, *, #7476, .T. ) ;
#9303 = DIRECTION ( 'NONE',  ( -0.3781822567379359845, -0.8449593844541896104, 0.3781822567379369837 ) ) ;
#9304 = CARTESIAN_POINT ( 'NONE',  ( -24.13405031890389552, 28.88198778872718009, -13.20930657939176811 ) ) ;
#9305 = DIRECTION ( 'NONE',  ( 0.000000000000000000, 0.000000000000000000, -1.000000000000000000 ) ) ;
#9306 = DIRECTION ( 'NONE',  ( 1.000000000000000000, -0.000000000000000000, 0.000000000000000000 ) ) ;
#9307 = B_SPLINE_CURVE_WITH_KNOTS ( 'NONE', 1,
 ( #6621, #5850 ),
 .UNSPECIFIED., .F., .F.,
 ( 2, 2 ),
 ( 0.000000000000000000, 1.000000000000000000 ),
 .UNSPECIFIED. ) ;
#9308 = CARTESIAN_POINT ( 'NONE',  ( 0.000000000000000000, 18.50000000000000000, -5.000000000000000000 ) ) ;
#9309 = ADVANCED_FACE ( 'NONE', ( #4217 ), #8011, .F. ) ;
#9310 = ORIENTED_EDGE ( 'NONE', *, *, #6397, .T. ) ;
#9311 = ORIENTED_EDGE ( 'NONE', *, *, #934, .F. ) ;
#9312 = FACE_OUTER_BOUND ( 'NONE', #2938, .T. ) ;
#9313 = ORIENTED_EDGE ( 'NONE', *, *, #7947, .T. ) ;
#9314 = DIRECTION ( 'NONE',  ( 0.000000000000000000, 1.000000000000000000, 0.000000000000000000 ) ) ;
#9315 = DIRECTION ( 'NONE',  ( 0.9063077870366479383, -0.4226182617407038267, -0.000000000000000000 ) ) ;
#9316 = CARTESIAN_POINT ( 'NONE',  ( -2.362083780042616432, 76.66574215259940672, 19.99999999999991473 ) ) ;
#9317 = CARTESIAN_POINT ( 'NONE',  ( 24.38426942500392869, 51.31364114055146786, 1.071565949253934321E-15 ) ) ;
#9318 = ADVANCED_FACE ( 'NONE', ( #1818 ), #7344, .F. ) ;
#9319 = CARTESIAN_POINT ( 'NONE',  ( 3.008659104022688879, 33.86791587487892485, -16.17157287525382259 ) ) ;
#9320 = CARTESIAN_POINT ( 'NONE',  ( 12.64685149541175058, 59.26948932572004480, -13.99999999999999822 ) ) ;
#9321 = DIRECTION ( 'NONE',  ( -0.4226182617407037712, -0.9063077870366479383, 0.000000000000000000 ) ) ;
#9322 = DIRECTION ( 'NONE',  ( 0.4226182617407007180, 0.9063077870366492705, 0.000000000000000000 ) ) ;
#9323 = DIRECTION ( 'NONE',  ( 0.9063077870366479383, -0.4226182617407037712, -0.000000000000000000 ) ) ;
#9324 = VERTEX_POINT ( 'NONE', #3444 ) ;
#9325 = ORIENTED_EDGE ( 'NONE', *, *, #5124, .T. ) ;
#9326 = DIRECTION ( 'NONE',  ( 0.000000000000000000, -0.7071067811865483499, 0.7071067811865467956 ) ) ;
#9327 = ORIENTED_EDGE ( 'NONE', *, *, #995, .F. ) ;
#9328 = LINE ( 'NONE', #656, #8424 ) ;
#9329 = DIRECTION ( 'NONE',  ( 8.673617379884029309E-17, -0.000000000000000000, 1.000000000000000000 ) ) ;
#9330 = CYLINDRICAL_SURFACE ( 'NONE', #5887, 1.000000000000000888 ) ;
#9331 = DIRECTION ( 'NONE',  ( 0.000000000000000000, 1.000000000000000000, -0.000000000000000000 ) ) ;
#9332 = LINE ( 'NONE', #7782, #1835 ) ;
#9333 = VERTEX_POINT ( 'NONE', #9724 ) ;
#9334 = VERTEX_POINT ( 'NONE', #2683 ) ;
#9335 = LINE ( 'NONE', #5421, #1311 ) ;
#9336 = EDGE_LOOP ( 'NONE', ( #9621, #814, #9375 ) ) ;
#9337 = ADVANCED_FACE ( 'NONE', ( #5141, #7545 ), #7495, .F. ) ;
#9338 = LINE ( 'NONE', #8560, #6569 ) ;
#9339 = EDGE_CURVE ( 'NONE', #7394, #1055, #7535, .T. ) ;
#9340 = VECTOR ( 'NONE', #5191, 1000.000000000000000 ) ;
#9341 = CARTESIAN_POINT ( 'NONE',  ( -23.81579749657214506, 28.52699465134393364, 13.68420250342783540 ) ) ;
#9342 = SURFACE_STYLE_USAGE ( .BOTH. , #6192 ) ;
#9343 = EDGE_CURVE ( 'NONE', #10100, #529, #9933, .T. ) ;
#9344 = LINE ( 'NONE', #3743, #5271 ) ;
#9345 = ORIENTED_EDGE ( 'NONE', *, *, #6397, .F. ) ;
#9346 = EDGE_CURVE ( 'NONE', #2200, #2261, #5087, .T. ) ;
#9347 = DIRECTION ( 'NONE',  ( -0.000000000000000000, -0.7071067811865467956, -0.7071067811865483499 ) ) ;
#9348 = ORIENTED_EDGE ( 'NONE', *, *, #5458, .T. ) ;
#9349 = VECTOR ( 'NONE', #1277, 1000.000000000000000 ) ;
#9350 = ORIENTED_EDGE ( 'NONE', *, *, #7707, .T. ) ;
#9351 = CARTESIAN_POINT ( 'NONE',  ( -4.262759557341363248, 39.57012248197151649, -13.99999999999999822 ) ) ;
#9352 = CARTESIAN_POINT ( 'NONE',  ( 7.499999999999992895, 21.67157287525381193, -18.64999999999999503 ) ) ;
#9353 = CARTESIAN_POINT ( 'NONE',  ( -23.22910487741183516, 29.12899819675252644, 14.27089512258812576 ) ) ;
#9354 = DIRECTION ( 'NONE',  ( 0.4226182617407031605, 0.9063077870366481603, 0.000000000000000000 ) ) ;
#9355 = DIRECTION ( 'NONE',  ( 1.975180195419136240E-15, 0.000000000000000000, 1.000000000000000000 ) ) ;
#9356 = ORIENTED_EDGE ( 'NONE', *, *, #7775, .T. ) ;
#9357 = VERTEX_POINT ( 'NONE', #2931 ) ;
#9358 = PLANE ( 'NONE',  #752 ) ;
#9359 = ORIENTED_EDGE ( 'NONE', *, *, #5954, .T. ) ;
#9360 = DIRECTION ( 'NONE',  ( -0.000000000000000000, -0.000000000000000000, -1.000000000000000000 ) ) ;
#9361 = VECTOR ( 'NONE', #253, 1000.000000000000114 ) ;
#9362 = B_SPLINE_CURVE_WITH_KNOTS ( 'NONE', 3,
 ( #8778, #7076, #2515, #50 ),
 .UNSPECIFIED., .F., .F.,
 ( 4, 4 ),
 ( 0.000000000000000000, 1.000000000000000000 ),
 .UNSPECIFIED. ) ;
#9363 = CARTESIAN_POINT ( 'NONE',  ( -18.21892336110993682, 42.76785478522211292, 18.27814577249171180 ) ) ;
#9364 = LINE ( 'NONE', #5450, #6597 ) ;
#9365 = LINE ( 'NONE', #7913, #836 ) ;
#9366 = CIRCLE ( 'NONE', #5424, 0.7999999999999976019 ) ;
#9367 = DIRECTION ( 'NONE',  ( -0.4226182617407050479, -0.9063077870366472721, 0.000000000000000000 ) ) ;
#9368 = CARTESIAN_POINT ( 'NONE',  ( -22.62811868823533246, 27.40980186828493714, -13.91610441582065327 ) ) ;
#9369 = FACE_OUTER_BOUND ( 'NONE', #6012, .T. ) ;
#9370 = DIRECTION ( 'NONE',  ( 0.000000000000000000, 1.000000000000000000, -0.000000000000000000 ) ) ;
#9371 = CARTESIAN_POINT ( 'NONE',  ( -4.894454266501904627, -15.49999999999997335, 13.49999999999998046 ) ) ;
#9372 = ORIENTED_EDGE ( 'NONE', *, *, #7310, .T. ) ;
#9373 = EDGE_LOOP ( 'NONE', ( #8116, #6986, #10120, #4233 ) ) ;
#9374 = CARTESIAN_POINT ( 'NONE',  ( -23.41421356237310647, 28.94386456752657466, -14.08578643762685623 ) ) ;
#9375 = ORIENTED_EDGE ( 'NONE', *, *, #8074, .F. ) ;
#9376 = EDGE_CURVE ( 'NONE', #8647, #7292, #8317, .T. ) ;
#9377 = DIRECTION ( 'NONE',  ( 0.000000000000000000, 0.6012712288170918296, -0.7990449983554021030 ) ) ;
#9378 = PLANE ( 'NONE',  #4026 ) ;
#9379 = CARTESIAN_POINT ( 'NONE',  ( -22.71629261286151191, 27.39001814001279911, 13.88499447053085234 ) ) ;
#9380 = VECTOR ( 'NONE', #5743, 999.9999999999998863 ) ;
#9381 = CARTESIAN_POINT ( 'NONE',  ( 25.50000000000000355, -14.50000000000000000, -0.8999999999999966915 ) ) ;
#9382 = EDGE_CURVE ( 'NONE', #2073, #2404, #1298, .T. ) ;
#9383 = AXIS2_PLACEMENT_3D ( 'NONE', #8508, #1546, #3123 ) ;
#9384 = LINE ( 'NONE', #1590, #7907 ) ;
#9385 = ORIENTED_EDGE ( 'NONE', *, *, #8094, .F. ) ;
#9386 = ORIENTED_EDGE ( 'NONE', *, *, #9181, .F. ) ;
#9387 = DIRECTION ( 'NONE',  ( -0.4226182617407028830, -0.9063077870366484934, 0.000000000000000000 ) ) ;
#9388 = VERTEX_POINT ( 'NONE', #6101 ) ;
#9389 = AXIS2_PLACEMENT_3D ( 'NONE', #10025, #3036, #5344 ) ;
#9390 = CARTESIAN_POINT ( 'NONE',  ( -12.31348600312988317, 5.741872821843921670, 76.26183934523054120 ) ) ;
#9391 = VECTOR ( 'NONE', #7381, 1000.000000000000000 ) ;
#9392 = CARTESIAN_POINT ( 'NONE',  ( 11.59818138781209029, 4.214607183262517154, 11.00000000000001776 ) ) ;
#9393 = VECTOR ( 'NONE', #5821, 1000.000000000000114 ) ;
#9394 =( BOUNDED_CURVE ( )  B_SPLINE_CURVE ( 3, ( #3149, #9425, #2572, #2393 ),
 .UNSPECIFIED., .F., .T. ) 
 B_SPLINE_CURVE_WITH_KNOTS ( ( 4, 4 ),
 ( 3.627167215326156935, 4.712388980384687898 ),
 .UNSPECIFIED. ) 
 CURVE ( )  GEOMETRIC_REPRESENTATION_ITEM ( )  RATIONAL_B_SPLINE_CURVE ( ( 1.000000000000000000, 0.9042422738917609282, 0.9042422738917609282, 1.000000000000000000 ) ) 
 REPRESENTATION_ITEM ( '' )  );
#9395 = CARTESIAN_POINT ( 'NONE',  ( 7.499999999999992895, 12.50000000000000000, -16.64999999999999503 ) ) ;
#9396 = CARTESIAN_POINT ( 'NONE',  ( -19.16120031852073424, 35.76687038987257949, 15.51037255673304927 ) ) ;
#9397 = VECTOR ( 'NONE', #10138, 1000.000000000000000 ) ;
#9398 = EDGE_CURVE ( 'NONE', #3642, #5828, #8043, .T. ) ;
#9399 = LINE ( 'NONE', #10015, #3458 ) ;
#9400 = ORIENTED_EDGE ( 'NONE', *, *, #7983, .F. ) ;
#9401 = ORIENTED_EDGE ( 'NONE', *, *, #2022, .T. ) ;
#9402 = DIRECTION ( 'NONE',  ( 0.000000000000000000, 1.000000000000000000, 0.000000000000000000 ) ) ;
#9403 = EDGE_CURVE ( 'NONE', #8514, #5186, #7599, .T. ) ;
#9404 = EDGE_LOOP ( 'NONE', ( #2399, #2371, #4344, #6528 ) ) ;
#9405 = VERTEX_POINT ( 'NONE', #587 ) ;
#9406 = LINE ( 'NONE', #8784, #2871 ) ;
#9407 = CIRCLE ( 'NONE', #8921, 0.9499999999999978462 ) ;
#9408 = CARTESIAN_POINT ( 'NONE',  ( 5.499999999999994671, -18.64999999999995595, 13.35000000000000497 ) ) ;
#9409 = CARTESIAN_POINT ( 'NONE',  ( 1.939508606293680826, 13.67455417054643441, -8.684019559704355018 ) ) ;
#9410 = CARTESIAN_POINT ( 'NONE',  ( 12.98068253580589371, 69.04422262568452595, -20.00000000000000355 ) ) ;
#9411 = DIRECTION ( 'NONE',  ( -5.925085195567682532E-17, 0.7071067811865479058, 0.7071067811865470176 ) ) ;
#9412 = VECTOR ( 'NONE', #1370, 1000.000000000000000 ) ;
#9413 = EDGE_LOOP ( 'NONE', ( #8203, #5341, #5048, #4531 ) ) ;
#9414 = EDGE_LOOP ( 'NONE', ( #9800, #4623, #2423, #6267 ) ) ;
#9415 = ORIENTED_EDGE ( 'NONE', *, *, #9184, .F. ) ;
#9416 = LINE ( 'NONE', #68, #2387 ) ;
#9417 = FACE_OUTER_BOUND ( 'NONE', #5920, .T. ) ;
#9418 = LINE ( 'NONE', #1617, #3159 ) ;
#9419 = LINE ( 'NONE', #3200, #9852 ) ;
#9420 = ADVANCED_FACE ( 'NONE', ( #2020 ), #6675, .F. ) ;
#9421 = CARTESIAN_POINT ( 'NONE',  ( 7.499999999999996447, -18.00000000000000355, 11.17157287525376219 ) ) ;
#9422 = APPLICATION_PROTOCOL_DEFINITION ( 'draft international standard', 'automotive_design', 1998, #1062 ) ;
#9423 = CARTESIAN_POINT ( 'NONE',  ( 5.499999999999992006, -7.550000000000000711, -6.049999999999996270 ) ) ;
#9424 = ADVANCED_FACE ( 'NONE', ( #10026 ), #1197, .T. ) ;
#9425 = CARTESIAN_POINT ( 'NONE',  ( 0.6377685238344115159, 38.55615504658062775, -21.13009208440573872 ) ) ;
#9426 = DIRECTION ( 'NONE',  ( 0.000000000000000000, 0.6012712288170918296, -0.7990449983554021030 ) ) ;
#9427 = ORIENTED_EDGE ( 'NONE', *, *, #7629, .T. ) ;
#9428 = VERTEX_POINT ( 'NONE', #9824 ) ;
#9429 = CARTESIAN_POINT ( 'NONE',  ( 0.000000000000000000, 14.50000000000000000, -18.64999999999999503 ) ) ;
#9430 = VECTOR ( 'NONE', #5564, 1000.000000000000000 ) ;
#9431 = ORIENTED_EDGE ( 'NONE', *, *, #2814, .T. ) ;
#9432 = AXIS2_PLACEMENT_3D ( 'NONE', #9831, #6684, #7454 ) ;
#9433 = DIRECTION ( 'NONE',  ( -0.4226182617407036601, -0.9063077870366479383, 0.000000000000000000 ) ) ;
#9434 = ADVANCED_FACE ( 'NONE', ( #2079 ), #8628, .T. ) ;
#9435 = DIRECTION ( 'NONE',  ( 0.000000000000000000, -0.000000000000000000, -1.000000000000000000 ) ) ;
#9436 = EDGE_CURVE ( 'NONE', #857, #5161, #1405, .T. ) ;
#9437 = CARTESIAN_POINT ( 'NONE',  ( -24.24228096695235735, 29.12200077343337767, 12.78128461324400433 ) ) ;
#9438 = CARTESIAN_POINT ( 'NONE',  ( 7.487507006483776095, 24.51249299351630384, 17.35000000000000142 ) ) ;
#9439 = AXIS2_PLACEMENT_3D ( 'NONE', #3303, #9580, #3211 ) ;
#9440 = VECTOR ( 'NONE', #9303, 1000.000000000000000 ) ;
#9441 = FACE_OUTER_BOUND ( 'NONE', #10112, .T. ) ;
#9442 = ORIENTED_EDGE ( 'NONE', *, *, #4412, .F. ) ;
#9443 = ORIENTED_EDGE ( 'NONE', *, *, #7546, .F. ) ;
#9444 = DIRECTION ( 'NONE',  ( 0.000000000000000000, 1.000000000000000000, -0.000000000000000000 ) ) ;
#9445 = ORIENTED_EDGE ( 'NONE', *, *, #1733, .T. ) ;
#9446 = DIRECTION ( 'NONE',  ( 0.9063077870366479383, -0.4226182617407038267, -0.000000000000000000 ) ) ;
#9447 = AXIS2_PLACEMENT_3D ( 'NONE', #2383, #119, #4062 ) ;
#9448 = VECTOR ( 'NONE', #3571, 1000.000000000000000 ) ;
#9449 = CARTESIAN_POINT ( 'NONE',  ( 11.58578643762694327, 19.00000000000000355, 22.00000000000000000 ) ) ;
#9450 = CARTESIAN_POINT ( 'NONE',  ( -3.499999999999996003, 28.11543744278040435, 20.00000000000001066 ) ) ;
#9451 = DIRECTION ( 'NONE',  ( -1.000000000000000000, 0.000000000000000000, -0.000000000000000000 ) ) ;
#9452 = DIRECTION ( 'NONE',  ( 1.000000000000000000, 0.000000000000000000, 0.000000000000000000 ) ) ;
#9453 = ORIENTED_EDGE ( 'NONE', *, *, #1078, .F. ) ;
#9454 = VERTEX_POINT ( 'NONE', #7083 ) ;
#9455 = EDGE_LOOP ( 'NONE', ( #4591, #5530, #9591, #6309 ) ) ;
#9456 = ORIENTED_EDGE ( 'NONE', *, *, #1555, .T. ) ;
#9457 = CARTESIAN_POINT ( 'NONE',  ( -3.890440380706661649, -16.04861664087607309, 14.31145329152892032 ) ) ;
#9458 = DIRECTION ( 'NONE',  ( -0.4226182617407045483, -0.9063077870366476052, 3.469446951953619316E-15 ) ) ;
#9459 = LINE ( 'NONE', #6154, #2627 ) ;
#9460 = EDGE_CURVE ( 'NONE', #9405, #6197, #9459, .T. ) ;
#9461 = CARTESIAN_POINT ( 'NONE',  ( 2.363127975604266684, 33.64690514443920222, 19.00000000000001066 ) ) ;
#9462 = CARTESIAN_POINT ( 'NONE',  ( -0.5000000000000065503, 22.55000000000000071, 8.050000000000000711 ) ) ;
#9463 = ORIENTED_EDGE ( 'NONE', *, *, #1420, .T. ) ;
#9464 = ORIENTED_EDGE ( 'NONE', *, *, #1910, .F. ) ;
#9465 = CARTESIAN_POINT ( 'NONE',  ( -1.174776717146957417, 38.68774229473638826, -21.99999999999999645 ) ) ;
#9466 = ORIENTED_EDGE ( 'NONE', *, *, #8475, .T. ) ;
#9467 = CARTESIAN_POINT ( 'NONE',  ( -22.79066191663363128, 26.17250194861313872, 13.49999999999998046 ) ) ;
#9468 = ADVANCED_FACE ( 'NONE', ( #3085 ), #4618, .T. ) ;
#9469 = PLANE ( 'NONE',  #3925 ) ;
#9470 = CARTESIAN_POINT ( 'NONE',  ( 25.50000000000000355, -14.50000000000000000, 0.000000000000000000 ) ) ;
#9471 = DIRECTION ( 'NONE',  ( 0.000000000000000000, 0.000000000000000000, -1.000000000000000000 ) ) ;
#9472 = ADVANCED_FACE ( 'NONE', ( #8519 ), #6243, .T. ) ;
#9473 = DIRECTION ( 'NONE',  ( 1.000000000000000000, -0.000000000000000000, 0.000000000000000000 ) ) ;
#9474 = CARTESIAN_POINT ( 'NONE',  ( -16.08578643762688642, 30.11543744278037948, -21.41421356237309226 ) ) ;
#9475 = DIRECTION ( 'NONE',  ( 1.000000000000000000, 0.000000000000000000, -1.020425574104004122E-16 ) ) ;
#9476 = DIRECTION ( 'NONE',  ( 0.9063077870366479383, -0.4226182617407038267, -0.000000000000000000 ) ) ;
#9477 = ORIENTED_EDGE ( 'NONE', *, *, #6665, .F. ) ;
#9478 = VERTEX_POINT ( 'NONE', #732 ) ;
#9479 = LINE ( 'NONE', #9429, #1395 ) ;
#9480 = ORIENTED_EDGE ( 'NONE', *, *, #60, .T. ) ;
#9481 = EDGE_CURVE ( 'NONE', #7799, #8852, #3855, .T. ) ;
#9482 = B_SPLINE_CURVE_WITH_KNOTS ( 'NONE', 3,
 ( #6571, #4320, #2078, #3545 ),
 .UNSPECIFIED., .F., .F.,
 ( 4, 4 ),
 ( 0.000000000000000000, 0.001185265258083432246 ),
 .UNSPECIFIED. ) ;
#9483 = CARTESIAN_POINT ( 'NONE',  ( -17.32211807227954026, 44.69105993325965187, 20.08370972875272997 ) ) ;
#9484 = CARTESIAN_POINT ( 'NONE',  ( -23.87254919529694064, 25.42947373976122094, -13.37313824690231279 ) ) ;
#9485 = CARTESIAN_POINT ( 'NONE',  ( -3.499999999999995115, -13.67157287525384390, -15.49999999999994849 ) ) ;
#9486 = EDGE_CURVE ( 'NONE', #663, #3895, #7692, .T. ) ;
#9487 = CARTESIAN_POINT ( 'NONE',  ( 2.989911769629938654, 32.21886973619326255, -16.69526605088560700 ) ) ;
#9488 = VERTEX_POINT ( 'NONE', #7899 ) ;
#9489 = ORIENTED_EDGE ( 'NONE', *, *, #2932, .T. ) ;
#9490 = DIRECTION ( 'NONE',  ( -1.000000000000000000, -0.000000000000000000, -0.000000000000000000 ) ) ;
#9491 = ORIENTED_EDGE ( 'NONE', *, *, #4774, .F. ) ;
#9492 = CARTESIAN_POINT ( 'NONE',  ( -18.65764051238642196, 8.700200654028847680, -17.00000000000000000 ) ) ;
#9493 = CARTESIAN_POINT ( 'NONE',  ( -3.183564164343379410, 75.01128663468153945, -19.99999999999999289 ) ) ;
#9494 = EDGE_CURVE ( 'NONE', #7236, #6091, #6931, .T. ) ;
#9495 = DIRECTION ( 'NONE',  ( -0.9063077870366479383, 0.4226182617407038267, 0.000000000000000000 ) ) ;
#9496 = LINE ( 'NONE', #7173, #9738 ) ;
#9497 = CARTESIAN_POINT ( 'NONE',  ( -25.55487142268550471, 26.37740270012562505, 11.39187304207741391 ) ) ;
#9498 = ORIENTED_EDGE ( 'NONE', *, *, #6837, .T. ) ;
#9499 = ORIENTED_EDGE ( 'NONE', *, *, #9486, .F. ) ;
#9500 = CARTESIAN_POINT ( 'NONE',  ( -16.95106857580157111, 45.48677814630823235, 19.49999999999999645 ) ) ;
#9501 = ORIENTED_EDGE ( 'NONE', *, *, #7637, .F. ) ;
#9502 = EDGE_LOOP ( 'NONE', ( #755, #1611 ) ) ;
#9503 = CARTESIAN_POINT ( 'NONE',  ( 7.570551771473125413, 64.94674051891543343, -14.00000000000000178 ) ) ;
#9504 = EDGE_CURVE ( 'NONE', #6692, #6024, #2773, .T. ) ;
#9505 = CARTESIAN_POINT ( 'NONE',  ( -3.509896326341076733, -14.06970843210153177, -15.30092258329980481 ) ) ;
#9506 = DIRECTION ( 'NONE',  ( 1.000000000000000000, 0.000000000000000000, -0.000000000000000000 ) ) ;
#9507 = LINE ( 'NONE', #8052, #9053 ) ;
#9508 = EDGE_CURVE ( 'NONE', #7838, #6255, #7331, .T. ) ;
#9509 = AXIS2_PLACEMENT_3D ( 'NONE', #2885, #2017, #8315 ) ;
#9510 = ORIENTED_EDGE ( 'NONE', *, *, #6252, .F. ) ;
#9511 = ORIENTED_EDGE ( 'NONE', *, *, #10110, .F. ) ;
#9512 = FACE_OUTER_BOUND ( 'NONE', #160, .T. ) ;
#9513 = VERTEX_POINT ( 'NONE', #2522 ) ;
#9514 = CARTESIAN_POINT ( 'NONE',  ( 5.654458544855426538, 25.36265578554306543, 14.12069886294380083 ) ) ;
#9515 = FACE_BOUND ( 'NONE', #1079, .T. ) ;
#9516 = VECTOR ( 'NONE', #5987, 1000.000000000000000 ) ;
#9517 = CARTESIAN_POINT ( 'NONE',  ( -3.499999999999996003, 28.11543744278039370, -15.49999999999995559 ) ) ;
#9518 = DIRECTION ( 'NONE',  ( 0.000000000000000000, 0.000000000000000000, -1.000000000000000000 ) ) ;
#9519 = DIRECTION ( 'NONE',  ( 0.000000000000000000, 0.000000000000000000, -1.000000000000000000 ) ) ;
#9520 = FACE_OUTER_BOUND ( 'NONE', #4518, .T. ) ;
#9521 = DIRECTION ( 'NONE',  ( -0.4226182617407049369, -0.9063077870366473832, 0.000000000000000000 ) ) ;
#9522 = EDGE_CURVE ( 'NONE', #1903, #6345, #5645, .T. ) ;
#9523 = CARTESIAN_POINT ( 'NONE',  ( -3.499999999999996003, -15.49999999999997335, 15.49999999999998046 ) ) ;
#9524 = VERTEX_POINT ( 'NONE', #1759 ) ;
#9525 = VERTEX_POINT ( 'NONE', #1802 ) ;
#9526 = FACE_BOUND ( 'NONE', #9502, .T. ) ;
#9527 = VECTOR ( 'NONE', #9305, 1000.000000000000000 ) ;
#9528 = ORIENTED_EDGE ( 'NONE', *, *, #41, .T. ) ;
#9529 = ADVANCED_FACE ( 'NONE', ( #5029 ), #2569, .F. ) ;
#9530 = CARTESIAN_POINT ( 'NONE',  ( -2.925623937575486000, 75.43444862641565862, 20.46729027058277950 ) ) ;
#9531 = FACE_OUTER_BOUND ( 'NONE', #8274, .T. ) ;
#9532 = CARTESIAN_POINT ( 'NONE',  ( -22.71629261286150125, 27.39001814001279911, 13.88499447053085589 ) ) ;
#9533 = CARTESIAN_POINT ( 'NONE',  ( 5.499999999999992006, -7.550000000000000711, -8.049999999999998934 ) ) ;
#9534 = VECTOR ( 'NONE', #8462, 1000.000000000000000 ) ;
#9535 = FACE_OUTER_BOUND ( 'NONE', #49, .T. ) ;
#9536 = AXIS2_PLACEMENT_3D ( 'NONE', #2380, #3858, #9355 ) ;
#9537 = ORIENTED_EDGE ( 'NONE', *, *, #1029, .F. ) ;
#9538 = EDGE_LOOP ( 'NONE', ( #1503, #8157, #1302, #3961 ) ) ;
#9539 = DIRECTION ( 'NONE',  ( -0.9063077870366479383, 0.4226182617407038267, 0.000000000000000000 ) ) ;
#9540 = EDGE_LOOP ( 'NONE', ( #5165, #3220, #3152, #8623 ) ) ;
#9541 = CARTESIAN_POINT ( 'NONE',  ( -22.65893043737238699, 26.88980059614350182, 13.50000000000042633 ) ) ;
#9542 = CIRCLE ( 'NONE', #3141, 2.000000000000001776 ) ;
#9543 = DIRECTION ( 'NONE',  ( 0.000000000000000000, 1.000000000000000000, -0.000000000000000000 ) ) ;
#9544 = VECTOR ( 'NONE', #7587, 1000.000000000000114 ) ;
#9545 = LINE ( 'NONE', #9648, #3128 ) ;
#9546 = CARTESIAN_POINT ( 'NONE',  ( -0.7694321026320647405, 75.45600638209356248, -19.99999999999999289 ) ) ;
#9547 = DIRECTION ( 'NONE',  ( 1.000000000000000000, 0.000000000000000000, -1.020425574104004122E-16 ) ) ;
#9548 = ORIENTED_EDGE ( 'NONE', *, *, #3345, .T. ) ;
#9549 = ORIENTED_EDGE ( 'NONE', *, *, #7233, .T. ) ;
#9550 = DIRECTION ( 'NONE',  ( 1.000000000000000000, -0.000000000000000000, 0.000000000000000000 ) ) ;
#9551 = AXIS2_PLACEMENT_3D ( 'NONE', #7111, #5524, #1680 ) ;
#9552 = VERTEX_POINT ( 'NONE', #4247 ) ;
#9553 = CARTESIAN_POINT ( 'NONE',  ( -17.07288955695720034, 37.98574789487826564, -16.48574789487830472 ) ) ;
#9554 = B_SPLINE_CURVE_WITH_KNOTS ( 'NONE', 3,
 ( #1772, #2481, #4890, #6480, #5753, #8743 ),
 .UNSPECIFIED., .F., .F.,
 ( 4, 2, 4 ),
 ( 0.000000000000000000, 0.5000000000000000000, 1.000000000000000000 ),
 .UNSPECIFIED. ) ;
#9555 = ADVANCED_FACE ( 'NONE', ( #1086 ), #2613, .T. ) ;
#9556 = VECTOR ( 'NONE', #4770, 1000.000000000000000 ) ;
#9557 = VECTOR ( 'NONE', #1669, 1000.000000000000114 ) ;
#9558 = CARTESIAN_POINT ( 'NONE',  ( 0.000000000000000000, 40.57106781186543287, 11.99999999999999645 ) ) ;
#9559 = EDGE_CURVE ( 'NONE', #9938, #5351, #342, .T. ) ;
#9560 = AXIS2_PLACEMENT_3D ( 'NONE', #9671, #7150, #2631 ) ;
#9561 = CARTESIAN_POINT ( 'NONE',  ( 0.000000000000000000, 13.50000000000000000, -5.000000000000000000 ) ) ;
#9562 = CARTESIAN_POINT ( 'NONE',  ( -21.17617435504002543, 27.85110104735329983, -14.49769926010685950 ) ) ;
#9563 = EDGE_LOOP ( 'NONE', ( #256, #6272, #9129, #1065, #278, #8983, #1743, #9537 ) ) ;
#9564 = ORIENTED_EDGE ( 'NONE', *, *, #7275, .F. ) ;
#9565 = FACE_OUTER_BOUND ( 'NONE', #8671, .T. ) ;
#9566 = AXIS2_PLACEMENT_3D ( 'NONE', #3163, #2497, #5623 ) ;
#9567 = ORIENTED_EDGE ( 'NONE', *, *, #8344, .F. ) ;
#9568 = CARTESIAN_POINT ( 'NONE',  ( 6.081315453246824099, 24.50894196876021169, 14.77327037169789570 ) ) ;
#9569 = EDGE_CURVE ( 'NONE', #8137, #4904, #3478, .T. ) ;
#9570 = CYLINDRICAL_SURFACE ( 'NONE', #9019, 0.9499999999999980682 ) ;
#9571 = CARTESIAN_POINT ( 'NONE',  ( -25.02100533168749408, 27.56903039724939575, -11.52292644025934720 ) ) ;
#9572 = CARTESIAN_POINT ( 'NONE',  ( 16.04634200735405614, 19.58578643762690419, -22.00000000000000355 ) ) ;
#9573 = DIRECTION ( 'NONE',  ( 0.000000000000000000, -0.4085227688752226527, -0.9127481291739366620 ) ) ;
#9574 = DIRECTION ( 'NONE',  ( 0.000000000000000000, 0.000000000000000000, 1.000000000000000000 ) ) ;
#9575 = VECTOR ( 'NONE', #240, 1000.000000000000114 ) ;
#9576 = DIRECTION ( 'NONE',  ( -0.4226182617407028275, -0.9063077870366484934, 0.000000000000000000 ) ) ;
#9577 = VECTOR ( 'NONE', #377, 1000.000000000000000 ) ;
#9578 = ORIENTED_EDGE ( 'NONE', *, *, #5592, .F. ) ;
#9579 = ORIENTED_EDGE ( 'NONE', *, *, #4456, .T. ) ;
#9580 = DIRECTION ( 'NONE',  ( -1.000000000000000000, -3.316454906379131585E-15, -6.709590851056046888E-17 ) ) ;
#9581 = ORIENTED_EDGE ( 'NONE', *, *, #4305, .F. ) ;
#9582 = CARTESIAN_POINT ( 'NONE',  ( -22.80250695387347193, 27.44196804721586957, -13.90361860243483605 ) ) ;
#9583 = CARTESIAN_POINT ( 'NONE',  ( -23.04311521281939790, 29.31501292432581351, 14.45688478718057368 ) ) ;
#9584 = ADVANCED_FACE ( 'NONE', ( #8785 ), #4204, .F. ) ;
#9585 = DIRECTION ( 'NONE',  ( -0.7071067811865439090, 0.7071067811865512365, -0.000000000000000000 ) ) ;
#9586 = CARTESIAN_POINT ( 'NONE',  ( -3.499999999999996003, -18.16711172667682206, 13.62113618747848598 ) ) ;
#9587 = EDGE_CURVE ( 'NONE', #9899, #880, #1498, .T. ) ;
#9588 = VECTOR ( 'NONE', #8972, 1000.000000000000000 ) ;
#9589 = DIRECTION ( 'NONE',  ( -0.4226182617407017728, -0.9063077870366488265, 0.000000000000000000 ) ) ;
#9590 = ORIENTED_EDGE ( 'NONE', *, *, #2075, .F. ) ;
#9591 = ORIENTED_EDGE ( 'NONE', *, *, #3979, .T. ) ;
#9592 = LINE ( 'NONE', #2450, #7930 ) ;
#9593 = ORIENTED_EDGE ( 'NONE', *, *, #5106, .T. ) ;
#9594 = CARTESIAN_POINT ( 'NONE',  ( -1.500000000000026423, 0.000000000000000000, -10.05000000000000071 ) ) ;
#9595 = VECTOR ( 'NONE', #8127, 1000.000000000000000 ) ;
#9596 = ADVANCED_FACE ( 'NONE', ( #8885 ), #4055, .T. ) ;
#9597 = LINE ( 'NONE', #2454, #821 ) ;
#9598 = VECTOR ( 'NONE', #9976, 1000.000000000000000 ) ;
#9599 = CARTESIAN_POINT ( 'NONE',  ( -2.499999999999999556, 24.55000000000000071, 10.05000000000000249 ) ) ;
#9600 = DIRECTION ( 'NONE',  ( 0.000000000000000000, 0.000000000000000000, 1.000000000000000000 ) ) ;
#9601 = CARTESIAN_POINT ( 'NONE',  ( -26.42546517168895548, 24.43226554691070973, 11.17888138222341077 ) ) ;
#9602 = ORIENTED_EDGE ( 'NONE', *, *, #5215, .F. ) ;
#9603 = ORIENTED_EDGE ( 'NONE', *, *, #8615, .T. ) ;
#9604 = EDGE_CURVE ( 'NONE', #7838, #1961, #4382, .T. ) ;
#9605 = DIRECTION ( 'NONE',  ( -0.9063077870366480493, 0.4226182617407038822, 0.000000000000000000 ) ) ;
#9606 = VECTOR ( 'NONE', #1918, 1000.000000000000000 ) ;
#9607 = CIRCLE ( 'NONE', #260, 8.250000000000001776 ) ;
#9608 = EDGE_LOOP ( 'NONE', ( #3974, #1456, #4050, #669, #5898 ) ) ;
#9609 =( BOUNDED_SURFACE ( )  B_SPLINE_SURFACE ( 3, 2, ( 
 ( #1418, #1461, #4580 ),
 ( #7702, #692, #3810 ),
 ( #7758, #746, #3865 ),
 ( #6216, #4080, #3984 ),
 ( #9487, #3218, #3884 ),
 ( #5526, #7058, #4751 ) ),
 .UNSPECIFIED., .F., .F., .T. ) 
 B_SPLINE_SURFACE_WITH_KNOTS ( ( 4, 2, 4 ),
 ( 3, 3 ),
 ( 2.356194490192342617, 2.748893571891067644, 3.141592653589793116 ),
 ( 0.000000000000000000, 1.000000000000000000 ),
 .UNSPECIFIED. ) 
 GEOMETRIC_REPRESENTATION_ITEM ( )  RATIONAL_B_SPLINE_SURFACE ( (
 ( 1.000000000000000000, 0.8563634108376411147, 1.000000000000000000),
 ( 1.000000000000000000, 0.8742084565673569063, 1.000000000000000000),
 ( 1.000000000000000000, 0.8879473656579004448, 1.000000000000000000),
 ( 1.000000000000000000, 0.9063740114851488450, 1.000000000000000000),
 ( 1.000000000000000000, 0.9110626554302887481, 1.000000000000000000),
 ( 1.000000000000000000, 0.9110534894398176764, 1.000000000000000000) ) ) 
 REPRESENTATION_ITEM ( '' )  SURFACE ( )  );
#9610 = DIRECTION ( 'NONE',  ( -0.000000000000000000, -0.000000000000000000, -1.000000000000000000 ) ) ;
#9611 = ADVANCED_FACE ( 'NONE', ( #9917 ), #6824, .T. ) ;
#9612 = B_SPLINE_CURVE_WITH_KNOTS ( 'NONE', 3,
 ( #1171, #4293, #3522, #4913 ),
 .UNSPECIFIED., .F., .F.,
 ( 4, 4 ),
 ( 0.000000000000000000, 1.000000000000000000 ),
 .UNSPECIFIED. ) ;
#9613 = CARTESIAN_POINT ( 'NONE',  ( 13.51321893195920154, 61.12742028910014369, -14.00000000000000178 ) ) ;
#9614 = ADVANCED_FACE ( 'NONE', ( #5229 ), #3292, .F. ) ;
#9615 = CARTESIAN_POINT ( 'NONE',  ( 0.000000000000000000, 41.36606874731850070, 5.000000000000000000 ) ) ;
#9616 = CARTESIAN_POINT ( 'NONE',  ( 6.553231231619637498, 25.44676876837957025, -18.55486606044130227 ) ) ;
#9617 = CARTESIAN_POINT ( 'NONE',  ( -20.58578643762693261, 30.11543744278038304, -16.91421356237304607 ) ) ;
#9618 = DIRECTION ( 'NONE',  ( -0.000000000000000000, 1.000000000000000000, -0.000000000000000000 ) ) ;
#9619 = EDGE_CURVE ( 'NONE', #1850, #591, #3692, .T. ) ;
#9620 = VERTEX_POINT ( 'NONE', #4409 ) ;
#9621 = ORIENTED_EDGE ( 'NONE', *, *, #7310, .F. ) ;
#9622 = FACE_OUTER_BOUND ( 'NONE', #348, .T. ) ;
#9623 = EDGE_LOOP ( 'NONE', ( #2056, #418, #10157, #9699, #6549, #471, #1863, #3821, #627, #2648, #7235, #9549, #5164, #1010, #5563, #866 ) ) ;
#9624 = CARTESIAN_POINT ( 'NONE',  ( 7.499999999999996447, 12.50000000000000000, 13.35000000000000497 ) ) ;
#9625 = CARTESIAN_POINT ( 'NONE',  ( 5.499999999999992895, 11.55000000000000071, -5.612340657572015586E-16 ) ) ;
#9626 = CARTESIAN_POINT ( 'NONE',  ( -3.519444700327465814, -17.22146651195182088, 14.02153266996194780 ) ) ;
#9627 = CARTESIAN_POINT ( 'NONE',  ( 20.68635963477277073, 43.38344800398079570, 0.000000000000000000 ) ) ;
#9628 = CARTESIAN_POINT ( 'NONE',  ( 7.499999999999992895, 21.67157287525381193, -18.64999999999999503 ) ) ;
#9629 = EDGE_CURVE ( 'NONE', #3273, #9983, #9762, .T. ) ;
#9630 = FACE_BOUND ( 'NONE', #3304, .T. ) ;
#9631 = ORIENTED_EDGE ( 'NONE', *, *, #1589, .F. ) ;
#9632 = ORIENTED_EDGE ( 'NONE', *, *, #640, .F. ) ;
#9633 = CARTESIAN_POINT ( 'NONE',  ( 5.499999999999993783, 11.55000000000000071, 5.000000000000000000 ) ) ;
#9634 = ORIENTED_EDGE ( 'NONE', *, *, #8681, .T. ) ;
#9635 = CARTESIAN_POINT ( 'NONE',  ( -16.56086121891152629, 46.32358052359267475, 19.99999999999999289 ) ) ;
#9636 = DIRECTION ( 'NONE',  ( 0.000000000000000000, 1.000000000000000000, 0.000000000000000000 ) ) ;
#9637 = ADVANCED_FACE ( 'NONE', ( #2919 ), #2715, .T. ) ;
#9638 = DIRECTION ( 'NONE',  ( -0.000000000000000000, 1.000000000000000000, -0.000000000000000000 ) ) ;
#9639 = CARTESIAN_POINT ( 'NONE',  ( -14.67157287525376574, 43.27656770215611459, 21.99999999999999289 ) ) ;
#9640 = CARTESIAN_POINT ( 'NONE',  ( -5.444657620620454885, 37.03553390593269512, 15.53553390593273420 ) ) ;
#9641 = ORIENTED_EDGE ( 'NONE', *, *, #4982, .T. ) ;
#9642 = ORIENTED_EDGE ( 'NONE', *, *, #7669, .F. ) ;
#9643 = DIRECTION ( 'NONE',  ( -1.000000000000000000, 0.000000000000000000, 0.000000000000000000 ) ) ;
#9644 = ORIENTED_EDGE ( 'NONE', *, *, #3719, .F. ) ;
#9645 = DIRECTION ( 'NONE',  ( 0.9063077870366480493, -0.4226182617407038822, -0.000000000000000000 ) ) ;
#9646 = DIRECTION ( 'NONE',  ( 0.000000000000000000, 1.000000000000000000, 0.000000000000000000 ) ) ;
#9647 = CARTESIAN_POINT ( 'NONE',  ( -21.29169554657664065, 27.81250690651628688, -14.43993904652505122 ) ) ;
#9648 = CARTESIAN_POINT ( 'NONE',  ( 26.65929611927161957, 34.38634507583009281, 4.215658847555519451 ) ) ;
#9649 = CARTESIAN_POINT ( 'NONE',  ( -26.37502080644750180, 24.54497162723096793, 11.19122264827931623 ) ) ;
#9650 = ORIENTED_EDGE ( 'NONE', *, *, #1479, .T. ) ;
#9651 = ORIENTED_EDGE ( 'NONE', *, *, #6806, .T. ) ;
#9652 = PLANE ( 'NONE',  #8564 ) ;
#9653 = EDGE_CURVE ( 'NONE', #9956, #2233, #4603, .T. ) ;
#9654 = LINE ( 'NONE', #152, #1526 ) ;
#9655 = EDGE_CURVE ( 'NONE', #2555, #5246, #5180, .T. ) ;
#9656 = CARTESIAN_POINT ( 'NONE',  ( -3.770832456768668628, -15.68157949970155229, 14.49499489087371096 ) ) ;
#9657 = CARTESIAN_POINT ( 'NONE',  ( 8.838406556587518281, 67.66566388009930222, 76.26183934523054120 ) ) ;
#9658 = CARTESIAN_POINT ( 'NONE',  ( -23.18826683626770446, 26.72090160056695041, 13.53450559605521875 ) ) ;
#9659 = EDGE_CURVE ( 'NONE', #280, #3583, #6038, .T. ) ;
#9660 = DIRECTION ( 'NONE',  ( 0.3781822567379362621, 0.8449593844541902765, 0.3781822567379351518 ) ) ;
#9661 = CARTESIAN_POINT ( 'NONE',  ( 5.499999999999994671, 14.50000000000000000, -16.64999999999999503 ) ) ;
#9662 =( BOUNDED_CURVE ( )  B_SPLINE_CURVE ( 3, ( #3559, #2037, #8329, #4437 ),
 .UNSPECIFIED., .F., .T. ) 
 B_SPLINE_CURVE_WITH_KNOTS ( ( 4, 4 ),
 ( 2.262789792032267489, 3.141592653589793116 ),
 .UNSPECIFIED. ) 
 CURVE ( )  GEOMETRIC_REPRESENTATION_ITEM ( )  RATIONAL_B_SPLINE_CURVE ( ( 1.000000000000000000, 0.9366709702527444836, 0.9366709702527444836, 1.000000000000000000 ) ) 
 REPRESENTATION_ITEM ( '' )  );
#9663 = ORIENTED_EDGE ( 'NONE', *, *, #6698, .F. ) ;
#9664 = ORIENTED_EDGE ( 'NONE', *, *, #2124, .T. ) ;
#9665 = CARTESIAN_POINT ( 'NONE',  ( -4.422637885155380921, 39.22726230153487137, 16.99999999999700862 ) ) ;
#9666 = EDGE_LOOP ( 'NONE', ( #1875, #3080, #2195, #1104 ) ) ;
#9667 = DIRECTION ( 'NONE',  ( -1.000000000000000000, 0.000000000000000000, 0.000000000000000000 ) ) ;
#9668 = CYLINDRICAL_SURFACE ( 'NONE', #3107, 1.999999999999998224 ) ;
#9669 = CARTESIAN_POINT ( 'NONE',  ( -25.20161445388074029, 27.14639691181641723, -11.48477215892314796 ) ) ;
#9670 = DIRECTION ( 'NONE',  ( 0.000000000000000000, 1.000000000000000000, 0.000000000000000000 ) ) ;
#9671 = CARTESIAN_POINT ( 'NONE',  ( -0.5000000000000082157, -7.550000000000000711, -8.049999999999998934 ) ) ;
#9672 = AXIS2_PLACEMENT_3D ( 'NONE', #2828, #5239, #6833 ) ;
#9673 = CARTESIAN_POINT ( 'NONE',  ( -4.422637885155380921, 39.22726230153487137, -16.99999999999700862 ) ) ;
#9674 = ORIENTED_EDGE ( 'NONE', *, *, #8715, .F. ) ;
#9675 = VERTEX_POINT ( 'NONE', #5842 ) ;
#9676 = DIRECTION ( 'NONE',  ( 0.000000000000000000, -0.6012712288170918296, -0.7990449983554021030 ) ) ;
#9677 = ORIENTED_EDGE ( 'NONE', *, *, #5692, .T. ) ;
#9678 = CARTESIAN_POINT ( 'NONE',  ( -23.84961596068025713, 25.41056116365199102, -13.40373527928679565 ) ) ;
#9679 = CIRCLE ( 'NONE', #9843, 2.000000000000000000 ) ;
#9680 = AXIS2_PLACEMENT_3D ( 'NONE', #1831, #4953, #4227 ) ;
#9681 = DIRECTION ( 'NONE',  ( -0.9063077870366474942, 0.4226182617407049924, 0.000000000000000000 ) ) ;
#9682 = DIRECTION ( 'NONE',  ( -1.000000000000000000, 0.000000000000000000, -0.000000000000000000 ) ) ;
#9683 = LINE ( 'NONE', #4128, #9885 ) ;
#9684 = CIRCLE ( 'NONE', #1654, 10.25000000000000178 ) ;
#9685 = FACE_OUTER_BOUND ( 'NONE', #8839, .T. ) ;
#9686 = ORIENTED_EDGE ( 'NONE', *, *, #7894, .F. ) ;
#9687 = ADVANCED_FACE ( 'NONE', ( #2110 ), #8988, .F. ) ;
#9688 = ORIENTED_EDGE ( 'NONE', *, *, #2731, .F. ) ;
#9689 = CARTESIAN_POINT ( 'NONE',  ( -0.5181826211711273444, 73.62861105035540277, 19.49999999999999645 ) ) ;
#9690 = ORIENTED_EDGE ( 'NONE', *, *, #1366, .F. ) ;
#9691 = CARTESIAN_POINT ( 'NONE',  ( -22.77112968784664915, 27.33716788584990809, -13.83710163078433908 ) ) ;
#9692 = AXIS2_PLACEMENT_3D ( 'NONE', #518, #1335, #3633 ) ;
#9693 = CARTESIAN_POINT ( 'NONE',  ( 3.499999999999993339, 0.000000000000000000, -5.000000000000000000 ) ) ;
#9694 = EDGE_CURVE ( 'NONE', #131, #6454, #7427, .T. ) ;
#9695 = CARTESIAN_POINT ( 'NONE',  ( -22.71629261286150125, 27.39001814001278490, -13.88499447053082747 ) ) ;
#9696 = FACE_OUTER_BOUND ( 'NONE', #4010, .T. ) ;
#9697 = CARTESIAN_POINT ( 'NONE',  ( 0.8142906009936130562, 42.15200783264008777, 25.31820892995851580 ) ) ;
#9698 = CARTESIAN_POINT ( 'NONE',  ( -25.22450660849314374, 27.16491394751547617, 11.45690155665857546 ) ) ;
#9699 = ORIENTED_EDGE ( 'NONE', *, *, #4352, .F. ) ;
#9700 = ORIENTED_EDGE ( 'NONE', *, *, #2903, .F. ) ;
#9701 = CARTESIAN_POINT ( 'NONE',  ( -28.62702616978954850, 13.34900153317659033, -21.99999999999999289 ) ) ;
#9702 = AXIS2_PLACEMENT_3D ( 'NONE', #4336, #5358, #9221 ) ;
#9703 = CARTESIAN_POINT ( 'NONE',  ( -1.500000000000008216, -9.171572875253760415, -22.00000000000000000 ) ) ;
#9704 = VECTOR ( 'NONE', #724, 1000.000000000000000 ) ;
#9705 = CARTESIAN_POINT ( 'NONE',  ( -3.637152799556559124, -15.12784402063224576, 14.77185161937167024 ) ) ;
#9706 = DIRECTION ( 'NONE',  ( 0.000000000000000000, 0.000000000000000000, -1.000000000000000000 ) ) ;
#9707 = EDGE_CURVE ( 'NONE', #9324, #4522, #340, .T. ) ;
#9708 = AXIS2_PLACEMENT_3D ( 'NONE', #6914, #10062, #6241 ) ;
#9709 = CARTESIAN_POINT ( 'NONE',  ( -23.30467313594814271, 26.50731252773147162, 13.49821888697252525 ) ) ;
#9710 = EDGE_CURVE ( 'NONE', #2319, #3193, #6727, .T. ) ;
#9711 = DIRECTION ( 'NONE',  ( 0.4226182617407032160, 0.9063077870366482713, 0.000000000000000000 ) ) ;
#9712 = VECTOR ( 'NONE', #3455, 1000.000000000000114 ) ;
#9713 = ORIENTED_EDGE ( 'NONE', *, *, #3345, .F. ) ;
#9714 = DIRECTION ( 'NONE',  ( -0.4226182617407035491, -0.9063077870366480493, 0.000000000000000000 ) ) ;
#9715 = ORIENTED_EDGE ( 'NONE', *, *, #162, .F. ) ;
#9716 = ORIENTED_EDGE ( 'NONE', *, *, #8901, .F. ) ;
#9717 = CARTESIAN_POINT ( 'NONE',  ( 0.8645947511801469476, 39.71487415185069381, 21.41421356237309936 ) ) ;
#9718 = ORIENTED_EDGE ( 'NONE', *, *, #7635, .F. ) ;
#9719 = CARTESIAN_POINT ( 'NONE',  ( 0.000000000000000000, 24.55000000000000071, 10.05000000000000249 ) ) ;
#9720 = CIRCLE ( 'NONE', #8895, 3.000000000000001776 ) ;
#9721 = CARTESIAN_POINT ( 'NONE',  ( -2.546657477071753828, 76.37713743360750129, -18.62203867441215976 ) ) ;
#9722 = AXIS2_PLACEMENT_3D ( 'NONE', #275, #8902, #1871 ) ;
#9723 = CARTESIAN_POINT ( 'NONE',  ( 15.49999999999999467, 13.50000000000000000, -9.149999999999998579 ) ) ;
#9724 = CARTESIAN_POINT ( 'NONE',  ( 3.365737698811408496, 34.63367339256915756, 0.000000000000000000 ) ) ;
#9725 = FACE_OUTER_BOUND ( 'NONE', #919, .T. ) ;
#9726 =( BOUNDED_CURVE ( )  B_SPLINE_CURVE ( 3, ( #6116, #9069, #3669, #4538 ),
 .UNSPECIFIED., .F., .T. ) 
 B_SPLINE_CURVE_WITH_KNOTS ( ( 4, 4 ),
 ( 1.143717740402400596, 1.570796326794896780 ),
 .UNSPECIFIED. ) 
 CURVE ( )  GEOMETRIC_REPRESENTATION_ITEM ( )  RATIONAL_B_SPLINE_CURVE ( ( 1.000000000000000000, 0.9848579932442987905, 0.9848579932442987905, 1.000000000000000000 ) ) 
 REPRESENTATION_ITEM ( '' )  );
#9727 = CARTESIAN_POINT ( 'NONE',  ( 12.00000000000004086, 20.00000000000000000, 20.99999999999999645 ) ) ;
#9728 = CIRCLE ( 'NONE', #876, 0.7999999999999906075 ) ;
#9729 = COLOUR_RGB ( '',0.7921568627450980005, 0.8196078431372548767, 0.9333333333333333481 ) ;
#9730 = ORIENTED_EDGE ( 'NONE', *, *, #9837, .F. ) ;
#9731 = VERTEX_POINT ( 'NONE', #3074 ) ;
#9732 = CARTESIAN_POINT ( 'NONE',  ( -1.500000000000008438, -15.08578643762692550, -16.91421356237303897 ) ) ;
#9733 = ORIENTED_EDGE ( 'NONE', *, *, #4712, .F. ) ;
#9734 = CARTESIAN_POINT ( 'NONE',  ( -22.82103240577139402, 27.25648168081927736, -13.79753612063395707 ) ) ;
#9735 = EDGE_CURVE ( 'NONE', #777, #1111, #3290, .T. ) ;
#9736 = CARTESIAN_POINT ( 'NONE',  ( -23.43326604047997108, 26.22384734451280153, 13.48476692908032071 ) ) ;
#9737 = FACE_BOUND ( 'NONE', #5264, .T. ) ;
#9738 = VECTOR ( 'NONE', #5633, 1000.000000000000000 ) ;
#9739 = EDGE_CURVE ( 'NONE', #8841, #9428, #1003, .T. ) ;
#9740 = CARTESIAN_POINT ( 'NONE',  ( 5.499999999999997335, 26.49999999999998224, 13.34999999999998543 ) ) ;
#9741 = CYLINDRICAL_SURFACE ( 'NONE', #8070, 1.000000000000000888 ) ;
#9742 = ORIENTED_EDGE ( 'NONE', *, *, #9271, .T. ) ;
#9743 = ORIENTED_EDGE ( 'NONE', *, *, #6357, .T. ) ;
#9744 = EDGE_CURVE ( 'NONE', #1751, #4602, #5585, .T. ) ;
#9745 = CARTESIAN_POINT ( 'NONE',  ( 5.499999999999994671, -20.00000000000000000, -11.17157287525377996 ) ) ;
#9746 = ORIENTED_EDGE ( 'NONE', *, *, #2633, .T. ) ;
#9747 = AXIS2_PLACEMENT_3D ( 'NONE', #7245, #6424, #7972 ) ;
#9748 = CARTESIAN_POINT ( 'NONE',  ( 5.499999999999993783, 22.55000000000000071, 8.050000000000000711 ) ) ;
#9749 = DIRECTION ( 'NONE',  ( 0.000000000000000000, 0.000000000000000000, 1.000000000000000000 ) ) ;
#9750 = CARTESIAN_POINT ( 'NONE',  ( -22.71629261286155099, 27.39001814001279911, -13.88499447053082747 ) ) ;
#9751 = CONICAL_SURFACE ( 'NONE', #1061, 1.999999999999988010, 0.7853981633974482790 ) ;
#9752 = VECTOR ( 'NONE', #8547, 1000.000000000000000 ) ;
#9753 = CARTESIAN_POINT ( 'NONE',  ( -5.530614342596865463, -4.634287498802787683E-16, -2.736787056813846153 ) ) ;
#9754 = DIRECTION ( 'NONE',  ( 1.000000000000000000, 0.000000000000000000, -1.020425574104004122E-16 ) ) ;
#9755 = EDGE_LOOP ( 'NONE', ( #7222, #5500, #1219, #7498 ) ) ;
#9756 = ORIENTED_EDGE ( 'NONE', *, *, #6074, .F. ) ;
#9757 = CARTESIAN_POINT ( 'NONE',  ( -22.87848966870760137, 27.20584811764505062, 13.74369705693647070 ) ) ;
#9758 = VECTOR ( 'NONE', #1002, 1000.000000000000000 ) ;
#9759 = DIRECTION ( 'NONE',  ( -0.9063077870366479383, 0.4226182617407037712, -0.000000000000000000 ) ) ;
#9760 = VECTOR ( 'NONE', #6754, 1000.000000000000000 ) ;
#9761 = EDGE_CURVE ( 'NONE', #7809, #5369, #3121, .T. ) ;
#9762 = LINE ( 'NONE', #8304, #2793 ) ;
#9763 = CARTESIAN_POINT ( 'NONE',  ( -3.499999999999996447, -17.94641993166153426, -13.71846986106509014 ) ) ;
#9764 = VECTOR ( 'NONE', #472, 1000.000000000000000 ) ;
#9765 = AXIS2_PLACEMENT_3D ( 'NONE', #5447, #7853, #7092 ) ;
#9766 = CARTESIAN_POINT ( 'NONE',  ( -7.806255641895581388E-17, -14.50000000000000000, -0.8999999999999950262 ) ) ;
#9767 = ORIENTED_EDGE ( 'NONE', *, *, #4262, .T. ) ;
#9768 = LINE ( 'NONE', #6776, #8062 ) ;
#9769 = ORIENTED_EDGE ( 'NONE', *, *, #3081, .T. ) ;
#9770 = ORIENTED_EDGE ( 'NONE', *, *, #5079, .F. ) ;
#9771 = LINE ( 'NONE', #1765, #7129 ) ;
#9772 = ORIENTED_EDGE ( 'NONE', *, *, #5525, .T. ) ;
#9773 = LINE ( 'NONE', #6567, #1234 ) ;
#9774 = AXIS2_PLACEMENT_3D ( 'NONE', #2800, #5775, #2653 ) ;
#9775 = VECTOR ( 'NONE', #6532, 1000.000000000000000 ) ;
#9776 = FACE_OUTER_BOUND ( 'NONE', #5045, .T. ) ;
#9777 = CARTESIAN_POINT ( 'NONE',  ( 16.71183787597632531, 64.64056638041486735, 16.17157287525382259 ) ) ;
#9778 = FACE_OUTER_BOUND ( 'NONE', #737, .T. ) ;
#9779 = VECTOR ( 'NONE', #5936, 1000.000000000000114 ) ;
#9780 = CARTESIAN_POINT ( 'NONE',  ( -24.20056438610886218, -14.77966136833465782, 11.49999999999998046 ) ) ;
#9781 = DIRECTION ( 'NONE',  ( -1.000000000000000000, -0.000000000000000000, -0.000000000000000000 ) ) ;
#9782 = EDGE_LOOP ( 'NONE', ( #8948, #4149, #6415, #4071, #9602, #1372 ) ) ;
#9783 = VERTEX_POINT ( 'NONE', #6245 ) ;
#9784 = CARTESIAN_POINT ( 'NONE',  ( -3.237105982281070826, 74.89646583557750148, 19.49999999999999645 ) ) ;
#9785 = EDGE_CURVE ( 'NONE', #4806, #6504, #2194, .T. ) ;
#9786 = ORIENTED_EDGE ( 'NONE', *, *, #5856, .T. ) ;
#9787 = CARTESIAN_POINT ( 'NONE',  ( -24.11239448211244962, 24.91018193282085846, -13.34753838158333927 ) ) ;
#9788 = ADVANCED_FACE ( 'NONE', ( #1543 ), #4710, .T. ) ;
#9789 = CARTESIAN_POINT ( 'NONE',  ( -21.63171680608889957, 30.01182296899331448, 15.86828319391106845 ) ) ;
#9790 = CARTESIAN_POINT ( 'NONE',  ( 0.1368756844060473044, 75.03338812035599403, 21.99999999999999289 ) ) ;
#9791 = CARTESIAN_POINT ( 'NONE',  ( -0.5000000000000064393, -7.549999999999999822, 9.050000000000000711 ) ) ;
#9792 = CARTESIAN_POINT ( 'NONE',  ( 0.000000000000000000, 40.57106781186543287, -11.99999999999999645 ) ) ;
#9793 = EDGE_CURVE ( 'NONE', #2073, #3078, #7057, .T. ) ;
#9794 = EDGE_CURVE ( 'NONE', #9454, #4230, #7886, .T. ) ;
#9795 = CYLINDRICAL_SURFACE ( 'NONE', #8245, 2.000000000000000000 ) ;
#9796 = VERTEX_POINT ( 'NONE', #9450 ) ;
#9797 = ORIENTED_EDGE ( 'NONE', *, *, #4540, .T. ) ;
#9798 = DIRECTION ( 'NONE',  ( 0.9063077870366479383, -0.4226182617407037712, 0.000000000000000000 ) ) ;
#9799 = EDGE_LOOP ( 'NONE', ( #7448, #3906, #4797, #3525 ) ) ;
#9800 = ORIENTED_EDGE ( 'NONE', *, *, #2064, .T. ) ;
#9801 = DIRECTION ( 'NONE',  ( -0.9063077870366480493, 0.4226182617407038822, 0.000000000000000000 ) ) ;
#9802 = DIRECTION ( 'NONE',  ( 0.000000000000000000, -0.6012712288170918296, -0.7990449983554021030 ) ) ;
#9803 = LINE ( 'NONE', #5834, #3964 ) ;
#9804 = EDGE_CURVE ( 'NONE', #6034, #8726, #5534, .T. ) ;
#9805 = CYLINDRICAL_SURFACE ( 'NONE', #5628, 2.000000000000000444 ) ;
#9806 = DIRECTION ( 'NONE',  ( 0.4226182617407038267, 0.9063077870366479383, -0.000000000000000000 ) ) ;
#9807 = VERTEX_POINT ( 'NONE', #5375 ) ;
#9808 = VERTEX_POINT ( 'NONE', #10013 ) ;
#9809 = CARTESIAN_POINT ( 'NONE',  ( -23.53276306260749706, 28.82567716890732612, -13.96723693739246563 ) ) ;
#9810 = CARTESIAN_POINT ( 'NONE',  ( -8.794298492471739337, 41.68321379064190069, -19.49999999999999645 ) ) ;
#9811 = CARTESIAN_POINT ( 'NONE',  ( -23.34640202032570855, 26.42248038013537226, 13.49234403907391311 ) ) ;
#9812 = CARTESIAN_POINT ( 'NONE',  ( -3.499999999999996447, -17.58384634754186493, -13.87589527977466020 ) ) ;
#9813 = LINE ( 'NONE', #4411, #6746 ) ;
#9814 = ORIENTED_EDGE ( 'NONE', *, *, #9112, .T. ) ;
#9815 = DIRECTION ( 'NONE',  ( 0.9063077870366480493, -0.4226182617407038822, -0.000000000000000000 ) ) ;
#9816 = VERTEX_POINT ( 'NONE', #721 ) ;
#9817 = VERTEX_POINT ( 'NONE', #2264 ) ;
#9818 = EDGE_CURVE ( 'NONE', #7602, #7236, #2974, .T. ) ;
#9819 = LINE ( 'NONE', #1960, #9273 ) ;
#9820 = ORIENTED_EDGE ( 'NONE', *, *, #10096, .T. ) ;
#9821 = DIRECTION ( 'NONE',  ( 1.000000000000000000, 0.000000000000000000, -0.000000000000000000 ) ) ;
#9822 = DIRECTION ( 'NONE',  ( 0.4226182617407037156, 0.9063077870366479383, 0.000000000000000000 ) ) ;
#9823 = FACE_OUTER_BOUND ( 'NONE', #10081, .T. ) ;
#9824 = CARTESIAN_POINT ( 'NONE',  ( -0.5000000000000066613, -7.549999999999999822, 7.050000000000001599 ) ) ;
#9825 = ADVANCED_FACE ( 'NONE', ( #4607 ), #1440, .T. ) ;
#9826 = CARTESIAN_POINT ( 'NONE',  ( 7.499999999999996447, -20.00000000000000000, -11.99999999999997868 ) ) ;
#9827 = VERTEX_POINT ( 'NONE', #6970 ) ;
#9828 = ORIENTED_EDGE ( 'NONE', *, *, #7596, .F. ) ;
#9829 = CARTESIAN_POINT ( 'NONE',  ( 15.49999999999999467, -14.50000000000000000, 9.150000000000002132 ) ) ;
#9830 = EDGE_LOOP ( 'NONE', ( #2710, #4484, #6843, #3326, #268, #4052, #5120 ) ) ;
#9831 = CARTESIAN_POINT ( 'NONE',  ( -14.23214521469162719, 44.21892336108612653, -19.49999999999999645 ) ) ;
#9832 = CARTESIAN_POINT ( 'NONE',  ( 6.302696986155214454, 62.22781715790497259, -17.00000000000000000 ) ) ;
#9833 = VECTOR ( 'NONE', #9822, 1000.000000000000114 ) ;
#9834 = CARTESIAN_POINT ( 'NONE',  ( -24.63357540197117856, 28.43582216506183613, 11.73873900280553073 ) ) ;
#9835 = CARTESIAN_POINT ( 'NONE',  ( -1.500000000000026867, 13.50000000000000000, -5.049999999999999822 ) ) ;
#9836 = FACE_OUTER_BOUND ( 'NONE', #4310, .T. ) ;
#9837 = EDGE_CURVE ( 'NONE', #3711, #6208, #10117, .T. ) ;
#9838 = CARTESIAN_POINT ( 'NONE',  ( -3.499999999999996003, 28.11543744278040435, 15.49999999999998046 ) ) ;
#9839 = ADVANCED_FACE ( 'NONE', ( #9696 ), #4866, .T. ) ;
#9840 = DIRECTION ( 'NONE',  ( 0.4226182617407058806, 0.9063077870366471611, 0.000000000000000000 ) ) ;
#9841 = VERTEX_POINT ( 'NONE', #2561 ) ;
#9842 = ORIENTED_EDGE ( 'NONE', *, *, #566, .F. ) ;
#9843 = AXIS2_PLACEMENT_3D ( 'NONE', #5558, #7915, #9574 ) ;
#9844 = CARTESIAN_POINT ( 'NONE',  ( 5.499999999999994671, -19.41421356237309936, 12.58578643762685445 ) ) ;
#9845 = VECTOR ( 'NONE', #6031, 1000.000000000000114 ) ;
#9846 = VERTEX_POINT ( 'NONE', #5683 ) ;
#9847 = ORIENTED_EDGE ( 'NONE', *, *, #8975, .T. ) ;
#9848 = DIRECTION ( 'NONE',  ( 0.000000000000000000, 1.000000000000000000, -0.000000000000000000 ) ) ;
#9849 = CARTESIAN_POINT ( 'NONE',  ( -2.311034686145503336, 76.73294974206460495, -19.84768159472528026 ) ) ;
#9850 = FACE_OUTER_BOUND ( 'NONE', #8932, .T. ) ;
#9851 = CARTESIAN_POINT ( 'NONE',  ( -20.83815475836691178, 36.91579771554590650, 5.000000000000004441 ) ) ;
#9852 = VECTOR ( 'NONE', #16, 1000.000000000000114 ) ;
#9853 = CARTESIAN_POINT ( 'NONE',  ( 5.499999999999992006, -7.550000000000000711, -10.05000000000000071 ) ) ;
#9854 = CARTESIAN_POINT ( 'NONE',  ( -22.70118473706474660, 27.37047791952182507, 13.90114452582553994 ) ) ;
#9855 = ORIENTED_EDGE ( 'NONE', *, *, #5063, .T. ) ;
#9856 = VERTEX_POINT ( 'NONE', #4090 ) ;
#9857 = LINE ( 'NONE', #1283, #9779 ) ;
#9858 = AXIS2_PLACEMENT_3D ( 'NONE', #4924, #938, #6556 ) ;
#9859 = CARTESIAN_POINT ( 'NONE',  ( 2.363127975604266684, 33.64690514443920222, 19.00000000000001066 ) ) ;
#9860 = B_SPLINE_SURFACE_WITH_KNOTS ( 'NONE', 1, 3, ( 
 ( #9617, #1762, #4104, #8836, #2672, #5594, #2571, #1131, #116, #5649 ),
 ( #3283, #983, #1913, #8887, #3338, #6411, #9562, #3238, #8733, #7289 ) ),
 .UNSPECIFIED., .F., .F., .F.,
 ( 2, 2 ),
 ( 4, 2, 2, 2, 4 ),
 ( 0.000000000000000000, 1.000000000000000000 ),
 ( 1.570796326794895448, 1.767145867644257962, 1.963495408493620253, 2.159844949342982545, 2.356194490192345281 ),
 .UNSPECIFIED. ) ;
#9861 = CARTESIAN_POINT ( 'NONE',  ( -23.01468422028649741, 26.78261701834910014, 13.49999999999997868 ) ) ;
#9862 = EDGE_CURVE ( 'NONE', #8159, #8892, #144, .T. ) ;
#9863 = CARTESIAN_POINT ( 'NONE',  ( -3.053946048298883387, -18.27187527993873317, 13.72812472006121887 ) ) ;
#9864 = CARTESIAN_POINT ( 'NONE',  ( -11.08608980727350968, 51.36184511048249135, 29.86184511048250911 ) ) ;
#9865 = ORIENTED_EDGE ( 'NONE', *, *, #2615, .F. ) ;
#9866 = DIRECTION ( 'NONE',  ( 0.000000000000000000, 1.000000000000000000, -0.000000000000000000 ) ) ;
#9867 = VERTEX_POINT ( 'NONE', #3376 ) ;
#9868 = ORIENTED_EDGE ( 'NONE', *, *, #8851, .F. ) ;
#9869 = CARTESIAN_POINT ( 'NONE',  ( -28.62702616978954850, 13.34900153317659033, 21.99999999999999289 ) ) ;
#9870 = EDGE_LOOP ( 'NONE', ( #2142, #436, #8658, #8524 ) ) ;
#9871 = FACE_OUTER_BOUND ( 'NONE', #7807, .T. ) ;
#9872 = EDGE_CURVE ( 'NONE', #1635, #8853, #4046, .T. ) ;
#9873 = CIRCLE ( 'NONE', #6248, 2.000000000000000000 ) ;
#9874 = DIRECTION ( 'NONE',  ( 0.000000000000000000, 0.000000000000000000, 1.000000000000000000 ) ) ;
#9875 = CARTESIAN_POINT ( 'NONE',  ( -0.5970754977144403508, 39.92662655779269443, 22.00000000000000000 ) ) ;
#9876 = CARTESIAN_POINT ( 'NONE',  ( -3.499999999999996003, -18.54989030964873109, 13.45010969035122628 ) ) ;
#9877 = AXIS2_PLACEMENT_3D ( 'NONE', #9192, #5281, #8410 ) ;
#9878 = CARTESIAN_POINT ( 'NONE',  ( 2.821274678095984090, 33.02267935139751387, 76.26183934523054120 ) ) ;
#9879 = DIRECTION ( 'NONE',  ( 2.443752733393691567E-16, 5.240644648776856027E-16, 1.000000000000000000 ) ) ;
#9880 = ORIENTED_EDGE ( 'NONE', *, *, #5157, .T. ) ;
#9881 = ORIENTED_EDGE ( 'NONE', *, *, #8586, .T. ) ;
#9882 = LINE ( 'NONE', #4429, #5804 ) ;
#9883 = VERTEX_POINT ( 'NONE', #8928 ) ;
#9884 = EDGE_CURVE ( 'NONE', #8971, #3986, #971, .T. ) ;
#9885 = VECTOR ( 'NONE', #8082, 1000.000000000000000 ) ;
#9886 = LINE ( 'NONE', #4383, #9257 ) ;
#9887 = LINE ( 'NONE', #598, #9276 ) ;
#9888 = CARTESIAN_POINT ( 'NONE',  ( -28.38764509346943399, 12.70558547835847563, 76.26183934523054120 ) ) ;
#9889 = CARTESIAN_POINT ( 'NONE',  ( -0.003228365421068257052, 34.06199999382999266, 22.00000000000000000 ) ) ;
#9890 = CARTESIAN_POINT ( 'NONE',  ( 3.243932900076637944E-15, -16.64999999999995239, 15.35000000000000853 ) ) ;
#9891 = DIRECTION ( 'NONE',  ( -0.4226182617407037156, -0.9063077870366480493, 0.000000000000000000 ) ) ;
#9892 = AXIS2_PLACEMENT_3D ( 'NONE', #9167, #2136, #9219 ) ;
#9893 = CARTESIAN_POINT ( 'NONE',  ( -16.63967167245380452, 46.10564327728705791, -20.29485625967689444 ) ) ;
#9894 = CARTESIAN_POINT ( 'NONE',  ( -19.11269873676979003, -15.49999999999997335, 13.49999999999998046 ) ) ;
#9895 = VERTEX_POINT ( 'NONE', #197 ) ;
#9896 = ORIENTED_EDGE ( 'NONE', *, *, #8215, .T. ) ;
#9897 = CARTESIAN_POINT ( 'NONE',  ( -18.10023918049892444, 35.69037657572992117, 5.000000000000000888 ) ) ;
#9898 = VERTEX_POINT ( 'NONE', #1073 ) ;
#9899 = VERTEX_POINT ( 'NONE', #6451 ) ;
#9900 = DIRECTION ( 'NONE',  ( 1.000000000000000000, -0.000000000000000000, -0.000000000000000000 ) ) ;
#9901 = VECTOR ( 'NONE', #6111, 1000.000000000000000 ) ;
#9902 = ADVANCED_FACE ( 'NONE', ( #3321 ), #8037, .T. ) ;
#9903 = AXIS2_PLACEMENT_3D ( 'NONE', #1453, #9306, #59 ) ;
#9904 = LINE ( 'NONE', #612, #2875 ) ;
#9905 = PLANE ( 'NONE',  #4089 ) ;
#9906 = EDGE_CURVE ( 'NONE', #6454, #7986, #6398, .T. ) ;
#9907 = CARTESIAN_POINT ( 'NONE',  ( -19.83398997788397367, 28.08809255399315319, -15.16878596593904405 ) ) ;
#9908 = CARTESIAN_POINT ( 'NONE',  ( 11.99999999999995914, 20.00000000000000000, -16.64999999999999503 ) ) ;
#9909 = AXIS2_PLACEMENT_3D ( 'NONE', #8287, #9323, #3006 ) ;
#9910 = DIRECTION ( 'NONE',  ( -0.000000000000000000, -1.000000000000000000, -0.000000000000000000 ) ) ;
#9911 = AXIS2_PLACEMENT_3D ( 'NONE', #3148, #7916, #8693 ) ;
#9912 = ORIENTED_EDGE ( 'NONE', *, *, #9123, .F. ) ;
#9913 = CARTESIAN_POINT ( 'NONE',  ( -23.58340719902060911, 28.77468030402754096, -13.91659280097936602 ) ) ;
#9914 = EDGE_CURVE ( 'NONE', #8030, #4806, #5781, .T. ) ;
#9915 = CARTESIAN_POINT ( 'NONE',  ( -1.500000000000008438, -9.171572875253783508, 22.00000000000000000 ) ) ;
#9916 = EDGE_CURVE ( 'NONE', #2384, #3537, #8881, .T. ) ;
#9917 = FACE_OUTER_BOUND ( 'NONE', #1397, .T. ) ;
#9918 = FACE_BOUND ( 'NONE', #9259, .T. ) ;
#9919 = CARTESIAN_POINT ( 'NONE',  ( -25.28434926990852460, 26.94288459380986822, 11.47056630473142924 ) ) ;
#9920 = ORIENTED_EDGE ( 'NONE', *, *, #7194, .F. ) ;
#9921 = CARTESIAN_POINT ( 'NONE',  ( 14.36404352621290492, 6.304570353733904398, -20.00000000000000355 ) ) ;
#9922 = CIRCLE ( 'NONE', #8258, 1.049999999999991385 ) ;
#9923 = ADVANCED_FACE ( 'NONE', ( #3991 ), #5018, .T. ) ;
#9924 = VECTOR ( 'NONE', #1430, 1000.000000000000114 ) ;
#9925 = ORIENTED_EDGE ( 'NONE', *, *, #6838, .F. ) ;
#9926 = ORIENTED_EDGE ( 'NONE', *, *, #3075, .F. ) ;
#9927 = LINE ( 'NONE', #6722, #4015 ) ;
#9928 = ORIENTED_EDGE ( 'NONE', *, *, #431, .F. ) ;
#9929 = CARTESIAN_POINT ( 'NONE',  ( -24.58578643762690064, 24.77974537465698646, 12.91421356237307805 ) ) ;
#9930 = DIRECTION ( 'NONE',  ( 0.9063077870366480493, -0.4226182617407037712, 0.000000000000000000 ) ) ;
#9932 = CARTESIAN_POINT ( 'NONE',  ( 0.8645947511801365115, 39.71487415185070091, 21.41421356237309581 ) ) ;
#9931 = CIRCLE ( 'NONE', #7946, 2.000000000000000000 ) ;
#9933 = LINE ( 'NONE', #2988, #8863 ) ;
#9934 = VECTOR ( 'NONE', #2679, 1000.000000000000000 ) ;
#9935 = CARTESIAN_POINT ( 'NONE',  ( -2.976828996322946175, -20.00000000000000000, 2.976828996322938181 ) ) ;
#9936 = EDGE_CURVE ( 'NONE', #1013, #8004, #6351, .T. ) ;
#9937 = DIRECTION ( 'NONE',  ( -0.9063077870366480493, 0.4226182617407038822, 0.000000000000000000 ) ) ;
#9938 = VERTEX_POINT ( 'NONE', #874 ) ;
#9939 = ORIENTED_EDGE ( 'NONE', *, *, #7728, .T. ) ;
#9940 = CARTESIAN_POINT ( 'NONE',  ( 0.000000000000000000, -9.550000000000000711, 0.000000000000000000 ) ) ;
#9941 = VECTOR ( 'NONE', #2838, 999.9999999999998863 ) ;
#9942 = ORIENTED_EDGE ( 'NONE', *, *, #7510, .T. ) ;
#9943 = VECTOR ( 'NONE', #5097, 1000.000000000000000 ) ;
#9944 = CARTESIAN_POINT ( 'NONE',  ( 6.302696986155210901, 62.22781715790495838, 76.26183934523054120 ) ) ;
#9945 = LINE ( 'NONE', #9832, #5009 ) ;
#9946 = DIRECTION ( 'NONE',  ( -0.4226182617407068243, -0.9063077870366464950, 0.000000000000000000 ) ) ;
#9947 = EDGE_CURVE ( 'NONE', #2688, #10059, #9545, .T. ) ;
#9948 = LINE ( 'NONE', #2947, #3937 ) ;
#9949 = CARTESIAN_POINT ( 'NONE',  ( 12.98068253580589015, 69.04422262568452595, -20.00000000000000355 ) ) ;
#9950 = DIRECTION ( 'NONE',  ( -1.000000000000000000, 0.000000000000000000, 0.000000000000000000 ) ) ;
#9951 = FACE_BOUND ( 'NONE', #461, .T. ) ;
#9952 = CARTESIAN_POINT ( 'NONE',  ( 0.000000000000000000, -11.55000000000000071, -18.64999999999999503 ) ) ;
#9953 = ORIENTED_EDGE ( 'NONE', *, *, #2124, .F. ) ;
#9954 = ORIENTED_EDGE ( 'NONE', *, *, #7763, .T. ) ;
#9955 = FACE_OUTER_BOUND ( 'NONE', #7432, .T. ) ;
#9956 = VERTEX_POINT ( 'NONE', #2603 ) ;
#9957 = VERTEX_POINT ( 'NONE', #8874 ) ;
#9958 = DIRECTION ( 'NONE',  ( -0.7071067811865465735, 0.000000000000000000, -0.7071067811865484609 ) ) ;
#9959 = CARTESIAN_POINT ( 'NONE',  ( -3.237105982281070826, 74.89646583557750148, -19.49999999999999645 ) ) ;
#9960 = DIRECTION ( 'NONE',  ( -0.7071067811865437980, 0.7071067811865513475, -0.000000000000000000 ) ) ;
#9961 = CARTESIAN_POINT ( 'NONE',  ( -18.21892336110601818, 42.76785478523052575, -21.99999999999999289 ) ) ;
#9962 = CARTESIAN_POINT ( 'NONE',  ( -24.10659347796383400, 24.92121214275401897, 13.34882182744389922 ) ) ;
#9963 = EDGE_LOOP ( 'NONE', ( #2719, #5391, #8595, #7783, #3862, #7187 ) ) ;
#9964 = CARTESIAN_POINT ( 'NONE',  ( -3.499999999999996003, -9.171572875253794166, 20.00000000000000711 ) ) ;
#9965 = DIRECTION ( 'NONE',  ( 0.000000000000000000, 0.000000000000000000, -1.000000000000000000 ) ) ;
#9966 = DIRECTION ( 'NONE',  ( -0.9063077870366480493, 0.4226182617407038267, 2.775557561562891351E-17 ) ) ;
#9967 = CARTESIAN_POINT ( 'NONE',  ( -24.82220344353487818, 28.01437713148135344, -11.59144118605250107 ) ) ;
#9968 = ADVANCED_FACE ( 'NONE', ( #7122 ), #1846, .T. ) ;
#9969 = CARTESIAN_POINT ( 'NONE',  ( -25.18466123071212337, 27.18757007878058118, 11.48786980041675854 ) ) ;
#9970 = ORIENTED_EDGE ( 'NONE', *, *, #2503, .T. ) ;
#9971 = CARTESIAN_POINT ( 'NONE',  ( -2.500000000000003109, -7.549999999999999822, 8.050000000000000711 ) ) ;
#9972 = EDGE_CURVE ( 'NONE', #3312, #4355, #8095, .T. ) ;
#9973 = VERTEX_POINT ( 'NONE', #4196 ) ;
#9974 = FACE_OUTER_BOUND ( 'NONE', #4807, .T. ) ;
#9975 = ORIENTED_EDGE ( 'NONE', *, *, #6888, .T. ) ;
#9976 = DIRECTION ( 'NONE',  ( 0.000000000000000000, 0.000000000000000000, -1.000000000000000000 ) ) ;
#9977 = LINE ( 'NONE', #2726, #5390 ) ;
#9978 = CARTESIAN_POINT ( 'NONE',  ( 14.86006777737770435, 69.72826291233586460, 76.26183934523054120 ) ) ;
#9979 = CARTESIAN_POINT ( 'NONE',  ( -22.28124542537920050, 27.47168704890435009, -14.01781196033326893 ) ) ;
#9980 = CARTESIAN_POINT ( 'NONE',  ( -0.8759385347777075559, 38.51459469295214433, -21.99999999999999645 ) ) ;
#9981 = FACE_OUTER_BOUND ( 'NONE', #3550, .T. ) ;
#9982 = VERTEX_POINT ( 'NONE', #4816 ) ;
#9983 = VERTEX_POINT ( 'NONE', #8486 ) ;
#9984 = CARTESIAN_POINT ( 'NONE',  ( 0.000000000000000000, 13.50000000000000000, 5.000000000000000000 ) ) ;
#9985 = ORIENTED_EDGE ( 'NONE', *, *, #4143, .F. ) ;
#9986 = LINE ( 'NONE', #2942, #7281 ) ;
#9987 = ADVANCED_FACE ( 'NONE', ( #5973 ), #3469, .T. ) ;
#9988 = LINE ( 'NONE', #2184, #9943 ) ;
#9989 = CARTESIAN_POINT ( 'NONE',  ( -0.5000000000000065503, -7.549999999999999822, 6.050000000000001599 ) ) ;
#9990 = FACE_OUTER_BOUND ( 'NONE', #9608, .T. ) ;
#9991 = CARTESIAN_POINT ( 'NONE',  ( 5.499999999999965361, 26.50000000000005329, -20.35311342560586567 ) ) ;
#9992 = FACE_OUTER_BOUND ( 'NONE', #932, .T. ) ;
#9993 = CYLINDRICAL_SURFACE ( 'NONE', #2484, 2.000000000000000000 ) ;
#9994 = DIRECTION ( 'NONE',  ( 0.000000000000000000, 0.000000000000000000, 1.000000000000000000 ) ) ;
#9995 = ORIENTED_EDGE ( 'NONE', *, *, #7014, .F. ) ;
#9996 = VERTEX_POINT ( 'NONE', #2902 ) ;
#9997 =( BOUNDED_CURVE ( )  B_SPLINE_CURVE ( 3, ( #4051, #108, #7177, #5538 ),
 .UNSPECIFIED., .F., .T. ) 
 B_SPLINE_CURVE_WITH_KNOTS ( ( 4, 4 ),
 ( 0.000000000000000000, 0.4025956729223403863 ),
 .UNSPECIFIED. ) 
 CURVE ( )  GEOMETRIC_REPRESENTATION_ITEM ( )  RATIONAL_B_SPLINE_CURVE ( ( 1.000000000000000000, 0.9865386081403350049, 0.9865386081403350049, 1.000000000000000000 ) ) 
 REPRESENTATION_ITEM ( '' )  );
#9998 = CARTESIAN_POINT ( 'NONE',  ( 7.570551771364957716, 64.94674051898837774, 10.99999999999999645 ) ) ;
#9999 = ORIENTED_EDGE ( 'NONE', *, *, #3335, .F. ) ;
#10000 = VERTEX_POINT ( 'NONE', #6947 ) ;
#10001 = DIRECTION ( 'NONE',  ( -6.667740490394042038E-34, -1.429901562581164355E-33, 1.000000000000000000 ) ) ;
#10002 = CARTESIAN_POINT ( 'NONE',  ( 12.64685149541182696, 59.26948932572020112, 76.26183934523038488 ) ) ;
#10003 = FACE_OUTER_BOUND ( 'NONE', #8878, .T. ) ;
#10004 = CARTESIAN_POINT ( 'NONE',  ( -2.279720836620454882, 76.76712344017333578, 19.49999999999999645 ) ) ;
#10005 = VECTOR ( 'NONE', #5803, 1000.000000000000000 ) ;
#10006 = CARTESIAN_POINT ( 'NONE',  ( 4.185256014090133370, 27.55152575021804395, 21.59576422963252540 ) ) ;
#10007 = ORIENTED_EDGE ( 'NONE', *, *, #4005, .F. ) ;
#10008 = DIRECTION ( 'NONE',  ( -1.000000000000000000, 0.000000000000000000, 0.000000000000000000 ) ) ;
#10009 = DIRECTION ( 'NONE',  ( -0.9063077870366479383, 0.4226182617407038267, 0.000000000000000000 ) ) ;
#10010 = EDGE_CURVE ( 'NONE', #5847, #6442, #1332, .T. ) ;
#10011 = VECTOR ( 'NONE', #3968, 1000.000000000000000 ) ;
#10012 = AXIS2_PLACEMENT_3D ( 'NONE', #5763, #2547, #3454 ) ;
#10013 = CARTESIAN_POINT ( 'NONE',  ( 1.828134543043417715, 34.86580960903778248, 20.00000000000000000 ) ) ;
#10014 = CARTESIAN_POINT ( 'NONE',  ( 15.49999999999999467, -14.50000000000000000, 9.150000000000002132 ) ) ;
#10015 = CARTESIAN_POINT ( 'NONE',  ( 5.025318666483935104, 71.31947842667034365, -19.49999999999999645 ) ) ;
#10016 = ORIENTED_EDGE ( 'NONE', *, *, #7926, .F. ) ;
#10017 = LINE ( 'NONE', #2316, #6425 ) ;
#10018 = AXIS2_PLACEMENT_3D ( 'NONE', #6893, #2035, #3665 ) ;
#10019 = VERTEX_POINT ( 'NONE', #1364 ) ;
#10020 = VERTEX_POINT ( 'NONE', #1313 ) ;
#10021 = CARTESIAN_POINT ( 'NONE',  ( -19.17157287525381903, 28.11543744278040435, 15.49999999999998046 ) ) ;
#10022 = ADVANCED_FACE ( 'NONE', ( #6021 ), #3722, .T. ) ;
#10023 = DIRECTION ( 'NONE',  ( 0.000000000000000000, 0.000000000000000000, 1.000000000000000000 ) ) ;
#10024 = AXIS2_PLACEMENT_3D ( 'NONE', #9558, #4877, #3430 ) ;
#10025 = CARTESIAN_POINT ( 'NONE',  ( 14.83245263440451467, 63.95652609376352160, 16.17157287525381193 ) ) ;
#10026 = FACE_OUTER_BOUND ( 'NONE', #10113, .T. ) ;
#10027 = EDGE_CURVE ( 'NONE', #6516, #9846, #1119, .T. ) ;
#10028 = ADVANCED_BREP_SHAPE_REPRESENTATION ( 'link5', ( #8801, #2116, #5397 ), #2301 ) ;
#10029 = CARTESIAN_POINT ( 'NONE',  ( 5.712687923895431119, 26.01542160291634431, -17.62365502943877971 ) ) ;
#10030 = DIRECTION ( 'NONE',  ( -0.2792582776338185524, 0.7672558119947097133, -0.5773502691896243988 ) ) ;
#10031 = AXIS2_PLACEMENT_3D ( 'NONE', #1610, #10128, #787 ) ;
#10032 = ORIENTED_EDGE ( 'NONE', *, *, #5307, .T. ) ;
#10033 = ORIENTED_EDGE ( 'NONE', *, *, #3214, .T. ) ;
#10034 = DIRECTION ( 'NONE',  ( 0.000000000000000000, 0.000000000000000000, 1.000000000000000000 ) ) ;
#10035 = ORIENTED_EDGE ( 'NONE', *, *, #9494, .T. ) ;
#10036 = VECTOR ( 'NONE', #9169, 1000.000000000000000 ) ;
#10037 = DIRECTION ( 'NONE',  ( 0.000000000000000000, 0.000000000000000000, 1.000000000000000000 ) ) ;
#10038 = DIRECTION ( 'NONE',  ( 0.000000000000000000, 1.000000000000000000, 0.000000000000000000 ) ) ;
#10039 = AXIS2_PLACEMENT_3D ( 'NONE', #7431, #358, #5844 ) ;
#10040 = CARTESIAN_POINT ( 'NONE',  ( 11.99999999999996270, 19.99999999999999645, -21.58578643762690064 ) ) ;
#10041 = CARTESIAN_POINT ( 'NONE',  ( 5.499999999999958256, 26.50000000000007816, -18.61320933308150316 ) ) ;
#10042 = CARTESIAN_POINT ( 'NONE',  ( -7.895404864655507282, 31.12295316792275912, -5.000000000000000888 ) ) ;
#10043 = LINE ( 'NONE', #3002, #3597 ) ;
#10044 = DIRECTION ( 'NONE',  ( -0.9063077870366479383, 0.4226182617407037712, -0.000000000000000000 ) ) ;
#10045 = DIRECTION ( 'NONE',  ( 0.2792582776338184969, -0.7672558119947096023, -0.5773502691896248429 ) ) ;
#10046 = ORIENTED_EDGE ( 'NONE', *, *, #6837, .F. ) ;
#10047 = VERTEX_POINT ( 'NONE', #9320 ) ;
#10048 = DIRECTION ( 'NONE',  ( -0.4226182617407038267, -0.9063077870366479383, -1.577721810442023986E-33 ) ) ;
#10049 = ORIENTED_EDGE ( 'NONE', *, *, #6413, .F. ) ;
#10050 = ADVANCED_FACE ( 'NONE', ( #10092 ), #5210, .T. ) ;
#10051 = CARTESIAN_POINT ( 'NONE',  ( 3.499999999999993339, 13.50000000000000000, -5.000000000000000000 ) ) ;
#10052 = LINE ( 'NONE', #2202, #1406 ) ;
#10053 = ADVANCED_FACE ( 'NONE', ( #8439 ), #7065, .T. ) ;
#10054 = DIRECTION ( 'NONE',  ( 1.000000000000000000, 0.000000000000000000, 0.000000000000000000 ) ) ;
#10055 = VECTOR ( 'NONE', #3967, 1000.000000000000000 ) ;
#10056 = CARTESIAN_POINT ( 'NONE',  ( -19.17157287525384390, 28.11543744278039370, -15.49999999999995559 ) ) ;
#10057 = ADVANCED_FACE ( 'NONE', ( #9992 ), #2848, .T. ) ;
#10058 = DIRECTION ( 'NONE',  ( 0.000000000000000000, 0.000000000000000000, 1.000000000000000000 ) ) ;
#10059 = VERTEX_POINT ( 'NONE', #6064 ) ;
#10060 = CARTESIAN_POINT ( 'NONE',  ( 7.499999999999996447, -20.00000000000000000, 15.35000000000000497 ) ) ;
#10061 = AXIS2_PLACEMENT_3D ( 'NONE', #6825, #8152, #9093 ) ;
#10062 = DIRECTION ( 'NONE',  ( 0.000000000000000000, 1.000000000000000000, -0.000000000000000000 ) ) ;
#10063 = CIRCLE ( 'NONE', #6443, 1.999999999999999778 ) ;
#10064 = CARTESIAN_POINT ( 'NONE',  ( 25.50000000000000355, -23.24999999999998579, 8.749999999999962697 ) ) ;
#10065 = AXIS2_PLACEMENT_3D ( 'NONE', #4762, #7887, #1075 ) ;
#10066 = CARTESIAN_POINT ( 'NONE',  ( -3.960060424916696853, -16.22385065960151707, 14.22385710673119874 ) ) ;
#10067 = LINE ( 'NONE', #6921, #5918 ) ;
#10068 = VERTEX_POINT ( 'NONE', #4438 ) ;
#10069 = CARTESIAN_POINT ( 'NONE',  ( -0.4125280557359494171, 73.85518799711455529, 19.49999999999999645 ) ) ;
#10070 = ORIENTED_EDGE ( 'NONE', *, *, #6081, .T. ) ;
#10071 = ORIENTED_EDGE ( 'NONE', *, *, #537, .F. ) ;
#10072 = AXIS2_PLACEMENT_3D ( 'NONE', #5709, #3446, #8850 ) ;
#10073 = ADVANCED_FACE ( 'NONE', ( #9220, #7560 ), #8143, .F. ) ;
#10074 = CARTESIAN_POINT ( 'NONE',  ( -21.12531953335971835, 27.86092902468777055, 14.52310181794265098 ) ) ;
#10075 = EDGE_CURVE ( 'NONE', #6123, #8029, #10043, .T. ) ;
#10076 = CYLINDRICAL_SURFACE ( 'NONE', #6258, 0.9749999999999984235 ) ;
#10077 = CARTESIAN_POINT ( 'NONE',  ( 1.030450502327042939, 13.53375392933887511, -9.379353286722638572 ) ) ;
#10078 = CARTESIAN_POINT ( 'NONE',  ( 13.91470628072966065, 61.98841268673049854, -14.00000000000000178 ) ) ;
#10079 = AXIS2_PLACEMENT_3D ( 'NONE', #2908, #6121, #8446 ) ;
#10080 = LINE ( 'NONE', #3904, #6904 ) ;
#10081 = EDGE_LOOP ( 'NONE', ( #7537, #3994, #9031, #4081, #3393 ) ) ;
#10082 = ORIENTED_EDGE ( 'NONE', *, *, #7756, .T. ) ;
#10083 = CARTESIAN_POINT ( 'NONE',  ( 6.302696986155210901, 62.22781715790495838, -13.99999999999999822 ) ) ;
#10084 = ORIENTED_EDGE ( 'NONE', *, *, #5802, .T. ) ;
#10085 = CARTESIAN_POINT ( 'NONE',  ( 8.630079420980404592, 23.36992057902060083, 15.48394211736891002 ) ) ;
#10086 = AXIS2_PLACEMENT_3D ( 'NONE', #6057, #7655, #9160 ) ;
#10087 = AXIS2_PLACEMENT_3D ( 'NONE', #5655, #4884, #2385 ) ;
#10088 = CARTESIAN_POINT ( 'NONE',  ( -0.5000000000000065503, -7.549999999999999822, 8.050000000000000711 ) ) ;
#10089 = DIRECTION ( 'NONE',  ( -0.4226182617407066577, -0.9063077870366466060, 0.000000000000000000 ) ) ;
#10090 = CARTESIAN_POINT ( 'NONE',  ( -1.500000000000026867, 13.50000000000000000, -5.049999999999999822 ) ) ;
#10091 = CARTESIAN_POINT ( 'NONE',  ( 0.000000000000000000, 13.50000000000000000, 10.05000000000000249 ) ) ;
#10092 = FACE_OUTER_BOUND ( 'NONE', #7301, .T. ) ;
#10093 = FACE_OUTER_BOUND ( 'NONE', #5232, .T. ) ;
#10094 = DIRECTION ( 'NONE',  ( 0.9063077870366479383, -0.4226182617407038267, -0.000000000000000000 ) ) ;
#10095 = CIRCLE ( 'NONE', #5656, 1.999999999999998224 ) ;
#10096 = EDGE_CURVE ( 'NONE', #10115, #9005, #9270, .T. ) ;
#10097 = DIRECTION ( 'NONE',  ( -0.000000000000000000, 0.000000000000000000, -1.000000000000000000 ) ) ;
#10098 = VECTOR ( 'NONE', #5819, 1000.000000000000000 ) ;
#10099 = ORIENTED_EDGE ( 'NONE', *, *, #9254, .T. ) ;
#10100 = VERTEX_POINT ( 'NONE', #695 ) ;
#10101 = CYLINDRICAL_SURFACE ( 'NONE', #5639, 0.9500000000000040634 ) ;
#10102 = ORIENTED_EDGE ( 'NONE', *, *, #5777, .T. ) ;
#10103 = EDGE_CURVE ( 'NONE', #3193, #2319, #4088, .T. ) ;
#10104 = CIRCLE ( 'NONE', #926, 2.000000000000001776 ) ;
#10105 = LINE ( 'NONE', #1473, #5967 ) ;
#10106 = DIRECTION ( 'NONE',  ( -0.000000000000000000, -0.000000000000000000, -1.000000000000000000 ) ) ;
#10107 = EDGE_CURVE ( 'NONE', #8056, #4962, #7366, .T. ) ;
#10108 = DIRECTION ( 'NONE',  ( 0.000000000000000000, 0.000000000000000000, -1.000000000000000000 ) ) ;
#10109 = VECTOR ( 'NONE', #289, 1000.000000000000000 ) ;
#10110 = EDGE_CURVE ( 'NONE', #3498, #9087, #8642, .T. ) ;
#10111 = DIRECTION ( 'NONE',  ( 0.000000000000000000, 1.000000000000000000, -0.000000000000000000 ) ) ;
#10112 = EDGE_LOOP ( 'NONE', ( #6792, #6358, #5483, #4883 ) ) ;
#10113 = EDGE_LOOP ( 'NONE', ( #804, #1537, #7622, #3577 ) ) ;
#10114 = DIRECTION ( 'NONE',  ( 0.000000000000000000, 0.000000000000000000, 1.000000000000000000 ) ) ;
#10115 = VERTEX_POINT ( 'NONE', #8536 ) ;
#10116 = DIRECTION ( 'NONE',  ( 0.000000000000000000, -0.7071067811865467956, -0.7071067811865483499 ) ) ;
#10117 = LINE ( 'NONE', #927, #514 ) ;
#10118 = PLANE ( 'NONE',  #3982 ) ;
#10119 = CARTESIAN_POINT ( 'NONE',  ( 2.769814570494933292, 32.72032908567937426, -18.23982880884356561 ) ) ;
#10120 = ORIENTED_EDGE ( 'NONE', *, *, #9914, .F. ) ;
#10121 = DIRECTION ( 'NONE',  ( 0.4226182617407038267, 0.9063077870366479383, 0.000000000000000000 ) ) ;
#10122 = ORIENTED_EDGE ( 'NONE', *, *, #719, .T. ) ;
#10123 = VERTEX_POINT ( 'NONE', #9474 ) ;
#10124 = DIRECTION ( 'NONE',  ( -0.7071067811865516806, -0.7071067811865433539, 0.000000000000000000 ) ) ;
#10125 = FACE_OUTER_BOUND ( 'NONE', #4481, .T. ) ;
#10126 = DIRECTION ( 'NONE',  ( 0.000000000000000000, -1.000000000000000000, 0.000000000000000000 ) ) ;
#10127 = CARTESIAN_POINT ( 'NONE',  ( 5.567595721972556255, 25.77239141136305278, -17.18307109037212754 ) ) ;
#10128 = DIRECTION ( 'NONE',  ( 1.000000000000000000, 0.000000000000000000, -1.020425574104004122E-16 ) ) ;
#10129 = EDGE_CURVE ( 'NONE', #7514, #6093, #5103, .T. ) ;
#10130 = VERTEX_POINT ( 'NONE', #849 ) ;
#10131 = ORIENTED_EDGE ( 'NONE', *, *, #636, .T. ) ;
#10132 = PLANE ( 'NONE',  #9447 ) ;
#10133 = ORIENTED_EDGE ( 'NONE', *, *, #5380, .F. ) ;
#10134 = B_SPLINE_CURVE_WITH_KNOTS ( 'NONE', 3,
 ( #9929, #8419, #1344, #2272 ),
 .UNSPECIFIED., .F., .F.,
 ( 4, 4 ),
 ( 0.000000000000000000, 1.000000000000000000 ),
 .UNSPECIFIED. ) ;
#10135 = DIRECTION ( 'NONE',  ( 0.000000000000000000, 0.000000000000000000, 1.000000000000000000 ) ) ;
#10136 = EDGE_CURVE ( 'NONE', #1850, #827, #7043, .T. ) ;
#10137 = DIRECTION ( 'NONE',  ( 1.000000000000000000, -0.000000000000000000, 0.000000000000000000 ) ) ;
#10138 = DIRECTION ( 'NONE',  ( -0.2792582776338184414, 0.7672558119947094912, 0.5773502691896247319 ) ) ;
#10139 = CARTESIAN_POINT ( 'NONE',  ( -23.33718940872782710, 26.44007303337275161, -13.49314793410018432 ) ) ;
#10140 = DIRECTION ( 'NONE',  ( 0.000000000000000000, 1.000000000000000000, 0.000000000000000000 ) ) ;
#10141 = DIRECTION ( 'NONE',  ( 0.000000000000000000, 0.000000000000000000, 1.000000000000000000 ) ) ;
#10142 = CARTESIAN_POINT ( 'NONE',  ( -0.07443344634339155164, 74.58023422674386893, 19.49999999999999645 ) ) ;
#10143 = CARTESIAN_POINT ( 'NONE',  ( -2.433984209248656327, 76.56908444599808661, 18.80048105597282770 ) ) ;
#10144 = CARTESIAN_POINT ( 'NONE',  ( -14.67157287525379061, 43.27656770215606485, -21.99999999999999289 ) ) ;
#10145 = ORIENTED_EDGE ( 'NONE', *, *, #1678, .F. ) ;
#10146 = ORIENTED_EDGE ( 'NONE', *, *, #5427, .F. ) ;
#10147 = CARTESIAN_POINT ( 'NONE',  ( -21.11063411702625814, 30.11547280324281317, -16.38936588297371344 ) ) ;
#10148 = ORIENTED_EDGE ( 'NONE', *, *, #8002, .T. ) ;
#10149 = CARTESIAN_POINT ( 'NONE',  ( 12.64685149539075759, 59.26948932567501771, -16.99999999999999645 ) ) ;
#10150 = LINE ( 'NONE', #5568, #8614 ) ;
#10151 = ADVANCED_FACE ( 'NONE', ( #9520 ), #2434, .F. ) ;
#10152 = CARTESIAN_POINT ( 'NONE',  ( -22.71629261286149770, 27.39001814001279911, 13.88499447053085234 ) ) ;
#10153 = CARTESIAN_POINT ( 'NONE',  ( 7.499999999999992895, 12.50000000000000000, -18.64999999999999147 ) ) ;
#10154 = EDGE_CURVE ( 'NONE', #10068, #334, #1620, .T. ) ;
#10155 = FACE_OUTER_BOUND ( 'NONE', #1504, .T. ) ;
#10156 = ORIENTED_EDGE ( 'NONE', *, *, #6095, .F. ) ;
#10157 = ORIENTED_EDGE ( 'NONE', *, *, #2939, .T. ) ;
#10158 = DIRECTION ( 'NONE',  ( 0.4226182617407036601, 0.9063077870366479383, -0.000000000000000000 ) ) ;
#10159 = ORIENTED_EDGE ( 'NONE', *, *, #10154, .T. ) ;
#10160 = DIRECTION ( 'NONE',  ( 0.000000000000000000, -1.000000000000000000, 0.000000000000000000 ) ) ;
#10161 = CYLINDRICAL_SURFACE ( 'NONE', #7387, 1.999999999999999334 ) ;
#10162 = AXIS2_PLACEMENT_3D ( 'NONE', #8420, #7441, #2121 ) ;
#10163 = DIRECTION ( 'NONE',  ( 0.000000000000000000, 1.000000000000000000, -0.000000000000000000 ) ) ;
#10164 = DIRECTION ( 'NONE',  ( 1.000000000000000000, -0.000000000000000000, 0.000000000000000000 ) ) ;
#10165 = FACE_OUTER_BOUND ( 'NONE', #6493, .T. ) ;
#10166 = EDGE_LOOP ( 'NONE', ( #2837, #5472, #5614, #3726 ) ) ;
#10167 = EDGE_LOOP ( 'NONE', ( #6344, #6841, #9581, #2820 ) ) ;
#10168 = DIRECTION ( 'NONE',  ( -0.9063077870366480493, 0.4226182617407038822, 0.000000000000000000 ) ) ;
#10169 = EDGE_CURVE ( 'NONE', #8469, #6951, #9679, .T. ) ;
#10170 = VERTEX_POINT ( 'NONE', #4789 ) ;
#10171 = PRESENTATION_LAYER_ASSIGNMENT (  '', '', ( #8688 ) ) ;
#10172 = ORIENTED_EDGE ( 'NONE', *, *, #6157, .F. ) ;
#10173 = ADVANCED_FACE ( 'NONE', ( #74 ), #5510, .T. ) ;
#10174 = CARTESIAN_POINT ( 'NONE',  ( -16.50731940097383443, 46.43840132269671273, 19.49999999999999645 ) ) ;
ENDSEC;
END-ISO-10303-21;
