ISO-10303-21;
HEADER;
FILE_DESCRIPTION (( 'STEP AP203' ),
    '1' );
FILE_NAME ('link3.STEP',
    '2026-01-08T00:17:41',
    ( '' ),
    ( '' ),
    'SwSTEP 2.0',
    'SolidWorks 2026',
    '' );
FILE_SCHEMA (( 'CONFIG_CONTROL_DESIGN' ));
ENDSEC;

DATA;
#1 = CARTESIAN_POINT ( 'NONE',  ( -22.60164617148650379, 3.094468148794280449, 15.52066385123292847 ) ) ;
#2 = DIRECTION ( 'NONE',  ( 0.000000000000000000, 0.000000000000000000, -1.000000000000000000 ) ) ;
#3 = CARTESIAN_POINT ( 'NONE',  ( 4.999999999999997335, 118.0000000000000142, 6.409682082549484683 ) ) ;
#4 = ORIENTED_EDGE ( 'NONE', *, *, #1918, .F. ) ;
#5 = CARTESIAN_POINT ( 'NONE',  ( 5.001786369274726418, 57.13972895823466303, 12.75935440448176550 ) ) ;
#6 = CARTESIAN_POINT ( 'NONE',  ( 23.23181670679998589, 39.22040535507459680, 14.74412967446219369 ) ) ;
#7 = B_SPLINE_CURVE_WITH_KNOTS ( 'NONE', 3,
 ( #3065, #1849, #6793, #3104, #1240, #3721, #5598, #19 ),
 .UNSPECIFIED., .F., .F.,
 ( 4, 2, 2, 4 ),
 ( -1.049823917496774418E-05, 0.0007820810762804717483, 0.001178370734008195135, 0.001574660391735918305 ),
 .UNSPECIFIED. ) ;
#8 = ORIENTED_EDGE ( 'NONE', *, *, #6963, .T. ) ;
#9 = CARTESIAN_POINT ( 'NONE',  ( -11.50000000000000000, 118.0000000000000142, -14.50000000000000533 ) ) ;
#10 = CARTESIAN_POINT ( 'NONE',  ( -25.00000000000001066, 0.000000000000000000, 0.000000000000000000 ) ) ;
#11 = DIRECTION ( 'NONE',  ( 0.000000000000000000, 0.000000000000000000, -1.000000000000000000 ) ) ;
#12 = CARTESIAN_POINT ( 'NONE',  ( 23.98594614541507752, 46.86559538097878175, 11.93684317801396944 ) ) ;
#13 = DIRECTION ( 'NONE',  ( 0.000000000000000000, 0.000000000000000000, -1.000000000000000000 ) ) ;
#14 = CARTESIAN_POINT ( 'NONE',  ( 18.25831342665457768, 15.02767679039758519, 14.94825577099981118 ) ) ;
#15 = CARTESIAN_POINT ( 'NONE',  ( 26.99999999999998934, 7.996793345708382184, 15.31798206553496478 ) ) ;
#16 = ORIENTED_EDGE ( 'NONE', *, *, #5298, .T. ) ;
#17 = ADVANCED_FACE ( 'NONE', ( #4721 ), #4677, .T. ) ;
#20 = ORIENTED_EDGE ( 'NONE', *, *, #1172, .F. ) ;
#19 = CARTESIAN_POINT ( 'NONE',  ( -23.00000000000000000, 1.995477668849490849, 11.07161094299844706 ) ) ;
#18 = CARTESIAN_POINT ( 'NONE',  ( 22.18086932116138499, 9.819716457897522233, 17.23855154495466380 ) ) ;
#21 = CARTESIAN_POINT ( 'NONE',  ( -24.00000000000000000, 4.336808689942017736E-16, -6.000000000000000000 ) ) ;
#22 = DIRECTION ( 'NONE',  ( -0.1218693434053486624, 0.9925461516412972252, -0.000000000000000000 ) ) ;
#23 = ADVANCED_FACE ( 'NONE', ( #6538 ), #6419, .T. ) ;
#24 = CARTESIAN_POINT ( 'NONE',  ( -13.50000000000000178, 115.0000000000000000, 3.499999999999996891 ) ) ;
#25 = DIRECTION ( 'NONE',  ( 0.000000000000000000, 0.000000000000000000, -1.000000000000000000 ) ) ;
#26 = CARTESIAN_POINT ( 'NONE',  ( -19.76856880212989864, 16.48785731926212605, 16.83288876825894320 ) ) ;
#27 = EDGE_LOOP ( 'NONE', ( #4394, #2734 ) ) ;
#28 = EDGE_CURVE ( 'NONE', #512, #7701, #4583, .T. ) ;
#29 = VECTOR ( 'NONE', #3168, 999.9999999999998863 ) ;
#31 = ORIENTED_EDGE ( 'NONE', *, *, #3857, .F. ) ;
#30 = CARTESIAN_POINT ( 'NONE',  ( -19.30827672951116725, 60.75808519033369492, -17.50000000000001066 ) ) ;
#32 = ADVANCED_FACE ( 'NONE', ( #405 ), #3373, .T. ) ;
#33 = LINE ( 'NONE', #1981, #1801 ) ;
#34 = EDGE_CURVE ( 'NONE', #7344, #2186, #6829, .T. ) ;
#35 = DIRECTION ( 'NONE',  ( 1.000000000000000000, 0.000000000000000000, 0.000000000000000000 ) ) ;
#36 = CARTESIAN_POINT ( 'NONE',  ( -13.34314575050761675, 6.786102288236723657E-16, -10.00000000000000000 ) ) ;
#37 = CYLINDRICAL_SURFACE ( 'NONE', #4439, 2.250000000000001776 ) ;
#38 = VECTOR ( 'NONE', #4362, 1000.000000000000000 ) ;
#39 = EDGE_CURVE ( 'NONE', #1066, #2353, #6190, .T. ) ;
#40 = ORIENTED_EDGE ( 'NONE', *, *, #285, .F. ) ;
#41 = CARTESIAN_POINT ( 'NONE',  ( 14.42118237056437557, 87.17101231917679627, -17.50000000000000355 ) ) ;
#42 = CARTESIAN_POINT ( 'NONE',  ( -13.65166419832622502, 27.68434152457748354, 13.90384907886479127 ) ) ;
#43 = CARTESIAN_POINT ( 'NONE',  ( 3.000000000000004885, 101.0000000000000426, -17.50000000000000355 ) ) ;
#44 = CARTESIAN_POINT ( 'NONE',  ( 23.05415620276177080, 1.851207055788795630, 15.54304912220728951 ) ) ;
#45 = ORIENTED_EDGE ( 'NONE', *, *, #6873, .T. ) ;
#46 = CARTESIAN_POINT ( 'NONE',  ( 4.085631990139099834, 59.65606807387531774, 12.47695672979936532 ) ) ;
#47 = CARTESIAN_POINT ( 'NONE',  ( 22.09498033003977824, 46.28702450518765232, 13.97502041929154259 ) ) ;
#48 = ORIENTED_EDGE ( 'NONE', *, *, #1667, .F. ) ;
#49 = CARTESIAN_POINT ( 'NONE',  ( 24.00000000000000000, 0.000000000000000000, 10.25000000000000000 ) ) ;
#50 = CARTESIAN_POINT ( 'NONE',  ( -19.00000000000542499, 9.501997748497482021, 3.863679058612579098 ) ) ;
#51 = PLANE ( 'NONE',  #7164 ) ;
#52 = DIRECTION ( 'NONE',  ( 0.000000000000000000, 0.000000000000000000, -1.000000000000000000 ) ) ;
#53 = CARTESIAN_POINT ( 'NONE',  ( 25.75621416054697477, 35.32339045160294688, 13.16793606992391652 ) ) ;
#54 = CARTESIAN_POINT ( 'NONE',  ( 10.96190693284535378, 35.07438887530004479, 13.16490818149714315 ) ) ;
#55 = CARTESIAN_POINT ( 'NONE',  ( -10.00000000000000533, 46.35637396795941356, -15.50000000000000533 ) ) ;
#56 = ORIENTED_EDGE ( 'NONE', *, *, #2069, .T. ) ;
#59 = EDGE_LOOP ( 'NONE', ( #6279, #2365, #3739, #6489 ) ) ;
#58 = DIRECTION ( 'NONE',  ( -1.000000000000000000, 0.000000000000000000, -0.000000000000000000 ) ) ;
#57 = CARTESIAN_POINT ( 'NONE',  ( 23.00000000000000000, -9.251858538543060574E-16, 15.49999999999998579 ) ) ;
#60 = CARTESIAN_POINT ( 'NONE',  ( 19.87029500160672768, 10.59879381264367026, 0.8012760830656139310 ) ) ;
#61 = DIRECTION ( 'NONE',  ( 1.000000000000000000, -0.000000000000000000, 0.000000000000000000 ) ) ;
#62 = DIRECTION ( 'NONE',  ( 1.000000000000000000, -0.000000000000000000, 0.000000000000000000 ) ) ;
#63 = DIRECTION ( 'NONE',  ( 0.000000000000000000, 0.000000000000000000, -1.000000000000000000 ) ) ;
#64 = CARTESIAN_POINT ( 'NONE',  ( 24.00000000000000000, -8.000000000000000000, -1.000000000000001554 ) ) ;
#65 = ADVANCED_FACE ( 'NONE', ( #7207 ), #7224, .T. ) ;
#66 = CARTESIAN_POINT ( 'NONE',  ( -21.51903306116912518, 11.65055197980733581, 17.14162107923756295 ) ) ;
#67 = ORIENTED_EDGE ( 'NONE', *, *, #7513, .F. ) ;
#69 = EDGE_LOOP ( 'NONE', ( #2591, #780, #5087, #7661 ) ) ;
#68 = CARTESIAN_POINT ( 'NONE',  ( -19.28512158095470141, 60.87418263357781001, -17.50000000000000000 ) ) ;
#70 = CARTESIAN_POINT ( 'NONE',  ( 13.65416210812829512, 98.65070233654985543, 6.499999999999993783 ) ) ;
#71 = CARTESIAN_POINT ( 'NONE',  ( 22.96526856789901672, 2.095423825442946697, 15.53940102385400657 ) ) ;
#72 = CARTESIAN_POINT ( 'NONE',  ( 23.00000000000000000, 0.000000000000000000, -11.25000000000000000 ) ) ;
#73 = EDGE_CURVE ( 'NONE', #5467, #7784, #2988, .T. ) ;
#74 = CARTESIAN_POINT ( 'NONE',  ( 12.69069195749150225, 103.3915596122196092, 8.626922486409670299 ) ) ;
#75 = CC_DESIGN_PERSON_AND_ORGANIZATION_ASSIGNMENT ( #833, #7718, ( #1935 ) ) ;
#76 = ADVANCED_FACE ( 'NONE', ( #6082 ), #4789, .F. ) ;
#77 = VERTEX_POINT ( 'NONE', #6043 ) ;
#78 = CARTESIAN_POINT ( 'NONE',  ( 13.67206784380630147, 92.62148120809217744, -17.49999999999999645 ) ) ;
#79 = ORIENTED_EDGE ( 'NONE', *, *, #5639, .F. ) ;
#80 = CARTESIAN_POINT ( 'NONE',  ( -19.93969262078590532, 10.40812542098089466, -5.023547007758736527 ) ) ;
#81 = DIRECTION ( 'NONE',  ( 0.000000000000000000, 0.000000000000000000, -1.000000000000000000 ) ) ;
#82 = AXIS2_PLACEMENT_3D ( 'NONE', #6633, #7194, #2328 ) ;
#83 = LINE ( 'NONE', #2554, #1978 ) ;
#84 = VERTEX_POINT ( 'NONE', #4180 ) ;
#85 = CARTESIAN_POINT ( 'NONE',  ( 8.326697763098520610, 48.00260477934726566, 13.78458497314109543 ) ) ;
#86 = CARTESIAN_POINT ( 'NONE',  ( 20.97288388395136138, 52.45948498686412620, 13.28567979150628275 ) ) ;
#87 = VERTEX_POINT ( 'NONE', #2377 ) ;
#88 = AXIS2_PLACEMENT_3D ( 'NONE', #5549, #6152, #3057 ) ;
#89 = CARTESIAN_POINT ( 'NONE',  ( 3.000000000000009770, 103.0000000000000142, -17.50000000000000355 ) ) ;
#90 = DIRECTION ( 'NONE',  ( -1.000000000000000000, -0.000000000000000000, -0.000000000000000000 ) ) ;
#91 = CARTESIAN_POINT ( 'NONE',  ( -5.249999999999974243, 118.0000000000000142, -5.249999999999902300 ) ) ;
#92 = CARTESIAN_POINT ( 'NONE',  ( 24.00000000000000000, 4.336808689942017736E-16, -10.00000000000000000 ) ) ;
#93 = CARTESIAN_POINT ( 'NONE',  ( 21.81837790390315135, 58.38561731400108101, 10.65035481314298949 ) ) ;
#94 = CARTESIAN_POINT ( 'NONE',  ( 12.74053109680809825, 30.18765914711615750, 13.65790572659815894 ) ) ;
#95 = EDGE_LOOP ( 'NONE', ( #7957, #3164, #154, #3214 ) ) ;
#98 = EDGE_LOOP ( 'NONE', ( #4399, #6517, #3271, #7741 ) ) ;
#97 = LINE ( 'NONE', #7563, #4808 ) ;
#96 = CARTESIAN_POINT ( 'NONE',  ( 8.823181928600526192, 40.95048753088557447, 12.54364411955202030 ) ) ;
#99 = CARTESIAN_POINT ( 'NONE',  ( 18.99999999999464606, 9.769190604721234905, -3.127122000977656580 ) ) ;
#100 = DIRECTION ( 'NONE',  ( 1.000000000000000000, -0.000000000000000000, 0.000000000000000000 ) ) ;
#101 = CARTESIAN_POINT ( 'NONE',  ( -21.06453908648467532, 51.97477805200369261, 13.34013675759143958 ) ) ;
#102 = B_SPLINE_CURVE_WITH_KNOTS ( 'NONE', 3,
 ( #5923, #363, #4836, #4023, #6492, #932, #3405, #5885 ),
 .UNSPECIFIED., .F., .F.,
 ( 4, 2, 2, 4 ),
 ( -1.049823917496946874E-05, 0.0007820810762804683873, 0.001178370734008192750, 0.001574660391735917004 ),
 .UNSPECIFIED. ) ;
#103 = CARTESIAN_POINT ( 'NONE',  ( -2.500000000000000000, 58.32328709881840467, -15.50000000000001066 ) ) ;
#104 = CARTESIAN_POINT ( 'NONE',  ( -22.50067269884870669, 1.767595758664406658, -10.22306315569305646 ) ) ;
#105 = CARTESIAN_POINT ( 'NONE',  ( -32.97687763316800158, 115.0000000000000000, -12.50000000000000355 ) ) ;
#106 = CARTESIAN_POINT ( 'NONE',  ( -7.139345122272370503, 51.26638566110558770, 13.41963301229441718 ) ) ;
#107 = EDGE_LOOP ( 'NONE', ( #2758, #2288, #5828, #3824 ) ) ;
#108 = AXIS2_PLACEMENT_3D ( 'NONE', #2939, #7927, #6789 ) ;
#109 = AXIS2_PLACEMENT_3D ( 'NONE', #6074, #4209, #7997 ) ;
#111 = ORIENTED_EDGE ( 'NONE', *, *, #287, .T. ) ;
#110 = CARTESIAN_POINT ( 'NONE',  ( -19.86547979546351073, 57.95168494597110964, -17.50000000000000000 ) ) ;
#112 = CARTESIAN_POINT ( 'NONE',  ( -25.98723578111742682, 33.44893406669061164, 13.35729186513457734 ) ) ;
#113 = CARTESIAN_POINT ( 'NONE',  ( 24.64544888091218411, 42.99841009612885045, -15.50000000000001599 ) ) ;
#114 = B_SPLINE_SURFACE_WITH_KNOTS ( 'NONE', 1, 3, ( 
 ( #2530, #7484, #713, #3844, #5019, #4413, #3183, #5712, #6277, #3103, #1926, #674, #6792, #18, #7440, #187, #6316, #1320, #4488, #2005, #5065, #5669, #1406, #3269, #4332, #3805, #3890, #5630, #2652, #1239, #3720, #6236, #1965, #1882, #1848, #4369, #142, #3142, #4450, #3228, #5597, #752 ),
 ( #5754, #4981, #7402, #6833, #96, #1281, #3767, #7523, #6911, #1362, #2613, #3695, #3075, #2386, #1861, #5645, #1297, #1213, #2542, #71, #7382, #3735, #6094, #1136, #4269, #533, #604, #1251, #5034, #7339, #6731, #4306, #5532, #570, #5573, #7498, #1827, #4229, #8020, #6693, #7940, #6169 ) ),
 .UNSPECIFIED., .F., .F., .F.,
 ( 2, 2 ),
 ( 4, 2, 2, 2, 2, 2, 2, 2, 2, 2, 2, 2, 2, 2, 2, 2, 2, 2, 2, 2, 4 ),
 ( 0.000000000000000000, 1.000000000000000000 ),
 ( 0.004670678193850393359, 0.02167548907522386104, 0.03017789451591059574, 0.03868029995659733045, 0.04718270539728406515, 0.05568511083797079986, 0.05993631355831417068, 0.06418751627865754150, 0.06631311763882921650, 0.06843871899900090539, 0.06950151967908674289, 0.07056432035917259427, 0.07109572069921551996, 0.07136142086923696892, 0.07162712103925843177, 0.07169354608176378707, 0.07175997112426915625, 0.07189282120927989461, 0.07215852137930134358, 0.07242422154932280642, 0.07268992171934426927 ),
 .UNSPECIFIED. ) ;
#115 = CARTESIAN_POINT ( 'NONE',  ( -27.00000000000000000, 17.50000000000000355, 17.50000000000000355 ) ) ;
#116 = CIRCLE ( 'NONE', #1291, 2.250000000000000444 ) ;
#117 = CARTESIAN_POINT ( 'NONE',  ( -14.50001636014612139, 108.0820337761158356, -15.50000000000001066 ) ) ;
#118 = ORIENTED_EDGE ( 'NONE', *, *, #5162, .F. ) ;
#120 = ADVANCED_FACE ( 'NONE', ( #522, #478 ), #2946, .F. ) ;
#119 = APPROVAL_PERSON_ORGANIZATION ( #3925, #5151, #5263 ) ;
#121 = CARTESIAN_POINT ( 'NONE',  ( 13.05609947730939346, 98.34161166102644813, -17.50000000000001066 ) ) ;
#122 = ORIENTED_EDGE ( 'NONE', *, *, #2319, .T. ) ;
#123 = CARTESIAN_POINT ( 'NONE',  ( -13.63533018180647360, 93.06189520390874748, 9.199013936257278701 ) ) ;
#124 = CARTESIAN_POINT ( 'NONE',  ( 23.00000000000000000, -9.251858538543060574E-16, 15.49999999999998579 ) ) ;
#125 = ORIENTED_EDGE ( 'NONE', *, *, #3854, .F. ) ;
#126 = CARTESIAN_POINT ( 'NONE',  ( 17.03514741737183869, 24.03018345012070256, 16.23505674808613009 ) ) ;
#127 = EDGE_CURVE ( 'NONE', #5255, #3519, #1052, .T. ) ;
#128 =( BOUNDED_SURFACE ( )  B_SPLINE_SURFACE ( 3, 2, ( 
 ( #1683, #2203, #3593 ),
 ( #4083, #5989, #7875 ),
 ( #1757, #4691, #4735 ),
 ( #7150, #7838, #2810 ),
 ( #2852, #2974, #1601 ),
 ( #425, #2327, #7193 ),
 ( #387, #1640, #2362 ),
 ( #6632, #7758, #3427 ),
 ( #4123, #6706, #4854 ),
 ( #7313, #5906, #1036 ) ),
 .UNSPECIFIED., .F., .F., .T. ) 
 B_SPLINE_SURFACE_WITH_KNOTS ( ( 4, 2, 2, 2, 4 ),
 ( 3, 3 ),
 ( 0.4628918671603596269, 0.7043292758073174120, 0.9457666844542751416, 1.187204093101232871, 1.428641501748190601 ),
 ( 0.000000000000000000, 1.000000000000000000 ),
 .UNSPECIFIED. ) 
 GEOMETRIC_REPRESENTATION_ITEM ( )  RATIONAL_B_SPLINE_SURFACE ( (
 ( 1.000000000000000000, 0.5890553352692011746, 1.000000000000000000),
 ( 1.000000000000000000, 0.5942697550928461858, 1.000000000000000000),
 ( 1.000000000000000000, 0.6006866653722221505, 1.000000000000000000),
 ( 1.000000000000000000, 0.6153436852223216347, 1.000000000000000000),
 ( 1.000000000000000000, 0.6235827043127144531, 1.000000000000000000),
 ( 1.000000000000000000, 0.6412308986882506723, 1.000000000000000000),
 ( 1.000000000000000000, 0.6506378657214946237, 1.000000000000000000),
 ( 1.000000000000000000, 0.6699662205768088796, 1.000000000000000000),
 ( 1.000000000000000000, 0.6798874400822157993, 1.000000000000000000),
 ( 1.000000000000000000, 0.6897621954247098452, 1.000000000000000000) ) ) 
 REPRESENTATION_ITEM ( '' )  SURFACE ( )  );
#129 = CARTESIAN_POINT ( 'NONE',  ( 22.02912993405547226, 46.66541379226304542, 13.93309587472302624 ) ) ;
#130 = ORIENTED_EDGE ( 'NONE', *, *, #6776, .F. ) ;
#131 = EDGE_CURVE ( 'NONE', #7825, #6220, #1904, .T. ) ;
#132 = DIRECTION ( 'NONE',  ( 0.000000000000000000, 0.000000000000000000, -1.000000000000000000 ) ) ;
#133 = CARTESIAN_POINT ( 'NONE',  ( -13.34314575050761675, -8.000000000000000000, -8.673617379884035472E-16 ) ) ;
#134 = CARTESIAN_POINT ( 'NONE',  ( -20.99999999999999645, -1.517883041479706208E-15, 8.000000000000000000 ) ) ;
#135 = ADVANCED_FACE ( 'NONE', ( #4870, #6007 ), #7891, .T. ) ;
#136 = DIRECTION ( 'NONE',  ( -1.000000000000000000, 0.000000000000000000, -0.000000000000000000 ) ) ;
#137 = LINE ( 'NONE', #912, #4706 ) ;
#138 = DIRECTION ( 'NONE',  ( 0.7071067811865475727, 0.000000000000000000, -0.7071067811865475727 ) ) ;
#139 = CARTESIAN_POINT ( 'NONE',  ( 16.84121699267118544, 18.92111724395652672, 14.66443853646474693 ) ) ;
#140 = ORIENTED_EDGE ( 'NONE', *, *, #5198, .T. ) ;
#141 = B_SPLINE_CURVE_WITH_KNOTS ( 'NONE', 1,
 ( #57, #2491 ),
 .UNSPECIFIED., .F., .F.,
 ( 2, 2 ),
 ( 0.000000000000000000, 1.000000000000000000 ),
 .UNSPECIFIED. ) ;
#144 = VERTEX_POINT ( 'NONE', #5402 ) ;
#143 = DIRECTION ( 'NONE',  ( 0.000000000000000000, 0.7071067811865425767, 0.7071067811865525687 ) ) ;
#142 = CARTESIAN_POINT ( 'NONE',  ( 25.84621678092990749, -0.3462466208907529763, 17.50000000000000355 ) ) ;
#145 = CARTESIAN_POINT ( 'NONE',  ( 19.57908974544422520, 11.39887367837258125, -1.729555021665973635 ) ) ;
#146 = CARTESIAN_POINT ( 'NONE',  ( 25.00000000000001066, 0.000000000000000000, 17.50000000000000355 ) ) ;
#147 = CARTESIAN_POINT ( 'NONE',  ( -21.72662287597870190, 48.37738928096776192, 13.74283259297036253 ) ) ;
#148 = LINE ( 'NONE', #3896, #6648 ) ;
#149 = DIRECTION ( 'NONE',  ( 1.000000000000000000, -0.000000000000000000, -0.000000000000000000 ) ) ;
#150 = CARTESIAN_POINT ( 'NONE',  ( -7.870350400762390564, 49.25712609206081538, 13.64459021486200641 ) ) ;
#151 = EDGE_LOOP ( 'NONE', ( #5092, #902, #5733, #1949 ) ) ;
#152 = B_SPLINE_CURVE_WITH_KNOTS ( 'NONE', 3,
 ( #572, #6252, #3118, #7499 ),
 .UNSPECIFIED., .F., .F.,
 ( 4, 4 ),
 ( 0.6849981559341480342, 0.8625413911823127666 ),
 .UNSPECIFIED. ) ;
#154 = ORIENTED_EDGE ( 'NONE', *, *, #6534, .F. ) ;
#153 = CARTESIAN_POINT ( 'NONE',  ( -19.87650302068168173, 57.89585004561841686, -17.50000000000000000 ) ) ;
#155 = CARTESIAN_POINT ( 'NONE',  ( -25.79732404382050959, 34.99919585113946852, 13.20091897254260083 ) ) ;
#156 = CARTESIAN_POINT ( 'NONE',  ( 22.19341807461068683, 56.48666366526895644, -15.50000000000001421 ) ) ;
#157 = AXIS2_PLACEMENT_3D ( 'NONE', #4265, #5638, #2466 ) ;
#158 = DIRECTION ( 'NONE',  ( 0.000000000000000000, 1.000000000000000000, -0.000000000000000000 ) ) ;
#159 = AXIS2_PLACEMENT_3D ( 'NONE', #1324, #3068, #5673 ) ;
#160 = DIRECTION ( 'NONE',  ( 0.000000000000000000, 0.000000000000000000, -1.000000000000000000 ) ) ;
#161 = AXIS2_PLACEMENT_3D ( 'NONE', #7407, #3613, #2462 ) ;
#162 = CIRCLE ( 'NONE', #5491, 2.000000000000000000 ) ;
#163 = ORIENTED_EDGE ( 'NONE', *, *, #4114, .F. ) ;
#164 = CARTESIAN_POINT ( 'NONE',  ( 14.66316462487675309, 103.8923619703961947, -15.50000000000000355 ) ) ;
#165 = VERTEX_POINT ( 'NONE', #7252 ) ;
#166 = CARTESIAN_POINT ( 'NONE',  ( -12.55024204777620156, 106.6322268257629844, 8.534573049785793231 ) ) ;
#167 = VECTOR ( 'NONE', #6219, 1000.000000000000000 ) ;
#168 = CARTESIAN_POINT ( 'NONE',  ( 19.00000000000000000, -1.517883041479706208E-15, 8.000000000000000000 ) ) ;
#169 = EDGE_LOOP ( 'NONE', ( #5578, #4682, #7642, #2743 ) ) ;
#170 = CARTESIAN_POINT ( 'NONE',  ( 14.43839270415363174, 31.18593266277366993, 15.56918584754972557 ) ) ;
#171 = CARTESIAN_POINT ( 'NONE',  ( 18.16522730939592734, 66.69741800727003067, 11.69666482724529821 ) ) ;
#172 = EDGE_CURVE ( 'NONE', #4429, #3984, #5340, .T. ) ;
#173 = ORIENTED_EDGE ( 'NONE', *, *, #5648, .T. ) ;
#174 = CARTESIAN_POINT ( 'NONE',  ( 21.65164428913885075, 5.704576868983732396, 10.57516295705426401 ) ) ;
#175 = LINE ( 'NONE', #3257, #5675 ) ;
#176 = CARTESIAN_POINT ( 'NONE',  ( 18.13482151990957902, 66.63293834846265895, -17.50000000000001066 ) ) ;
#177 = CARTESIAN_POINT ( 'NONE',  ( 4.999999999999997335, 103.0000000000000142, 6.409682082549484683 ) ) ;
#178 = DIRECTION ( 'NONE',  ( 0.000000000000000000, 0.000000000000000000, -1.000000000000000000 ) ) ;
#179 = CARTESIAN_POINT ( 'NONE',  ( 26.75123665602826151, 25.11763563009371936, 14.14288282908011496 ) ) ;
#180 = DATE_AND_TIME ( #6471, #2455 ) ;
#181 = CARTESIAN_POINT ( 'NONE',  ( 5.851917472477724758, 49.11396953131090015, 11.63991435705367827 ) ) ;
#182 = EDGE_CURVE ( 'NONE', #3364, #5649, #3493, .T. ) ;
#183 = EDGE_LOOP ( 'NONE', ( #4928, #2502, #2909, #7195 ) ) ;
#184 = AXIS2_PLACEMENT_3D ( 'NONE', #3851, #6243, #3812 ) ;
#185 = EDGE_CURVE ( 'NONE', #2480, #6673, #2531, .T. ) ;
#186 = EDGE_CURVE ( 'NONE', #1545, #6149, #1927, .T. ) ;
#189 = ORIENTED_EDGE ( 'NONE', *, *, #6172, .T. ) ;
#188 = CARTESIAN_POINT ( 'NONE',  ( 14.87209281576836162, 100.6135824091270763, -15.50000000000000355 ) ) ;
#187 = CARTESIAN_POINT ( 'NONE',  ( 23.39165456460134962, 6.466302723895532623, 17.37892697516678453 ) ) ;
#190 = CARTESIAN_POINT ( 'NONE',  ( 19.86039816109443734, 10.62598515847531999, -0.3996189435791459021 ) ) ;
#191 = CARTESIAN_POINT ( 'NONE',  ( -24.86191792696687841, 41.59786680419228588, -15.50000000000000711 ) ) ;
#192 = CARTESIAN_POINT ( 'NONE',  ( -21.35537662186331787, 50.41367981008847465, 13.51521683305183785 ) ) ;
#193 = DIRECTION ( 'NONE',  ( 1.000000000000000000, 0.000000000000000000, 0.000000000000000000 ) ) ;
#194 = CARTESIAN_POINT ( 'NONE',  ( -25.00000000000001066, 0.000000000000000000, 17.50000000000000355 ) ) ;
#195 = CARTESIAN_POINT ( 'NONE',  ( -11.81834537060495727, 38.39887341403094467, 14.83118074198207914 ) ) ;
#196 = ORIENTED_EDGE ( 'NONE', *, *, #1256, .F. ) ;
#198 = ORIENTED_EDGE ( 'NONE', *, *, #2465, .T. ) ;
#197 = CARTESIAN_POINT ( 'NONE',  ( -17.16645665445167879, 71.54934172369202372, -17.50000000000000355 ) ) ;
#199 = CARTESIAN_POINT ( 'NONE',  ( -22.93699944408146862, 52.61339461751339286, 11.29756056099989436 ) ) ;
#200 = CARTESIAN_POINT ( 'NONE',  ( 15.43251729361565339, 94.66893287741565644, -15.50000000000001954 ) ) ;
#201 = DIRECTION ( 'NONE',  ( -1.000000000000000000, 0.000000000000000000, 1.196361017915039239E-16 ) ) ;
#202 = ORIENTED_EDGE ( 'NONE', *, *, #6873, .F. ) ;
#203 = CARTESIAN_POINT ( 'NONE',  ( 13.28504183835642749, 95.95260502043669248, -17.50000000000000000 ) ) ;
#204 = ORIENTED_EDGE ( 'NONE', *, *, #6338, .F. ) ;
#205 = CARTESIAN_POINT ( 'NONE',  ( -13.47913880740795989, 94.36042965407106919, 9.107846299689205338 ) ) ;
#206 = CARTESIAN_POINT ( 'NONE',  ( -22.99999999999999289, -9.251858538542930412E-16, 15.50000000000001421 ) ) ;
#207 = EDGE_LOOP ( 'NONE', ( #5246, #2453, #3389, #7328 ) ) ;
#208 = CARTESIAN_POINT ( 'NONE',  ( 11.63646447127656458, 38.89935915466905669, 14.77812638078678198 ) ) ;
#209 = CARTESIAN_POINT ( 'NONE',  ( 17.61847240381267099, 69.45280506252603914, 11.39799200364810083 ) ) ;
#210 = VECTOR ( 'NONE', #5017, 1000.000000000000114 ) ;
#211 = VERTEX_POINT ( 'NONE', #5561 ) ;
#212 = FACE_OUTER_BOUND ( 'NONE', #7814, .T. ) ;
#213 = CARTESIAN_POINT ( 'NONE',  ( 20.99999999999999645, 5.561455489089374148E-16, -9.000000000000001776 ) ) ;
#214 = CARTESIAN_POINT ( 'NONE',  ( 18.60730448887015598, 64.26558133333637102, -17.50000000000000355 ) ) ;
#215 = CARTESIAN_POINT ( 'NONE',  ( -6.331836444261109698, 47.79540299316816032, 11.78717106687708061 ) ) ;
#216 = LINE ( 'NONE', #4648, #3202 ) ;
#217 = CARTESIAN_POINT ( 'NONE',  ( -21.75742381923780044, 2.268799323023413805, 10.02973424567108296 ) ) ;
#218 = COORDINATED_UNIVERSAL_TIME_OFFSET ( 8, 0, .BEHIND. ) ;
#219 = CARTESIAN_POINT ( 'NONE',  ( 18.06192891632464281, 15.56723879805972288, 14.91075927140014912 ) ) ;
#220 = ORIENTED_EDGE ( 'NONE', *, *, #5057, .T. ) ;
#221 = CIRCLE ( 'NONE', #6951, 2.250000000000001776 ) ;
#222 = CIRCLE ( 'NONE', #7599, 1.000000000000001776 ) ;
#223 = ADVANCED_FACE ( 'NONE', ( #6196 ), #4451, .T. ) ;
#225 = ORIENTED_EDGE ( 'NONE', *, *, #287, .F. ) ;
#224 = CARTESIAN_POINT ( 'NONE',  ( 24.64664374251750800, 42.99091136575754746, 12.36163263148080205 ) ) ;
#226 = CARTESIAN_POINT ( 'NONE',  ( 4.999999999999997335, 104.9999999999999716, -15.50000000000001776 ) ) ;
#227 = CARTESIAN_POINT ( 'NONE',  ( -25.83881877316315112, 34.66818813580512426, -15.50000000000001066 ) ) ;
#228 = CARTESIAN_POINT ( 'NONE',  ( -24.41482931454759964, 29.48226419599545878, 15.73468304533038520 ) ) ;
#229 = CIRCLE ( 'NONE', #2425, 1.000000000000001776 ) ;
#230 = CARTESIAN_POINT ( 'NONE',  ( -12.50000000000001421, 110.0000000000000000, 8.499999999999996447 ) ) ;
#231 = CARTESIAN_POINT ( 'NONE',  ( 27.00000000000000355, 10.21479289798921108, 15.21716170134213542 ) ) ;
#232 = EDGE_CURVE ( 'NONE', #1909, #1023, #714, .T. ) ;
#233 = CARTESIAN_POINT ( 'NONE',  ( -14.45205226013960065, 31.14831123621065956, 15.57288187799798962 ) ) ;
#234 = ORIENTED_EDGE ( 'NONE', *, *, #2956, .F. ) ;
#235 = MANIFOLD_SOLID_BREP ( 'Chamfer13', #5030 ) ;
#236 = VECTOR ( 'NONE', #4385, 1000.000000000000000 ) ;
#237 = EDGE_CURVE ( 'NONE', #935, #3608, #1282, .T. ) ;
#239 = VERTEX_POINT ( 'NONE', #4982 ) ;
#238 = CARTESIAN_POINT ( 'NONE',  ( 7.184957976769023702, 105.0590633557054758, 8.573396111547776144 ) ) ;
#240 = CARTESIAN_POINT ( 'NONE',  ( -21.84261101950530559, 58.26287510434761430, 10.66411660945207807 ) ) ;
#241 = CARTESIAN_POINT ( 'NONE',  ( 24.24663064383518218, 31.10519587544946063, -17.50000000000000000 ) ) ;
#242 = CARTESIAN_POINT ( 'NONE',  ( 23.00000000000000000, 1.999999999999918066, -17.49999999999979394 ) ) ;
#243 = ADVANCED_FACE ( 'NONE', ( #7403 ), #6912, .T. ) ;
#244 = CARTESIAN_POINT ( 'NONE',  ( -14.55101655136983041, 106.1660296339137375, -15.50000000000002665 ) ) ;
#245 = B_SPLINE_CURVE_WITH_KNOTS ( 'NONE', 3,
 ( #744, #1874, #2481, #1995 ),
 .UNSPECIFIED., .F., .F.,
 ( 4, 4 ),
 ( 0.000000000000000000, 1.000000000000000000 ),
 .UNSPECIFIED. ) ;
#246 = AXIS2_PLACEMENT_3D ( 'NONE', #5483, #2419, #1852 ) ;
#247 = ORIENTED_EDGE ( 'NONE', *, *, #5648, .F. ) ;
#248 = CARTESIAN_POINT ( 'NONE',  ( -24.88872502996087022, 22.48455325227551072, -17.50000000000000000 ) ) ;
#249 = AXIS2_PLACEMENT_3D ( 'NONE', #4811, #7232, #2847 ) ;
#250 = ORIENTED_EDGE ( 'NONE', *, *, #7802, .F. ) ;
#251 = CARTESIAN_POINT ( 'NONE',  ( -14.36320607518104708, 87.72553488043496372, 9.614725409869665285 ) ) ;
#252 = FACE_OUTER_BOUND ( 'NONE', #6303, .T. ) ;
#253 = ORIENTED_EDGE ( 'NONE', *, *, #826, .T. ) ;
#254 = CIRCLE ( 'NONE', #4797, 2.000000000000000000 ) ;
#255 = CARTESIAN_POINT ( 'NONE',  ( 20.63915273089215674, 14.08298827279418219, 16.99630270225298290 ) ) ;
#256 = CARTESIAN_POINT ( 'NONE',  ( 19.31556971364005548, 60.94339021768682585, 12.33301252879432752 ) ) ;
#257 = CIRCLE ( 'NONE', #6090, 1.999999999999999556 ) ;
#258 = VERTEX_POINT ( 'NONE', #5713 ) ;
#259 = CIRCLE ( 'NONE', #1429, 10.25000000000000000 ) ;
#260 = PLANE ( 'NONE',  #379 ) ;
#261 = LINE ( 'NONE', #6943, #6350 ) ;
#262 = CARTESIAN_POINT ( 'NONE',  ( 17.56705087288238687, 69.50031627676817436, -17.50000000000000711 ) ) ;
#263 = DIRECTION ( 'NONE',  ( 1.000000000000000000, -0.000000000000000000, 0.000000000000000000 ) ) ;
#264 = CARTESIAN_POINT ( 'NONE',  ( -19.60329776384729072, 11.33236269444044808, 2.160581984242718079 ) ) ;
#265 = DIRECTION ( 'NONE',  ( 1.000000000000000000, -0.000000000000000000, 0.000000000000000000 ) ) ;
#266 = CARTESIAN_POINT ( 'NONE',  ( -26.99999999999999645, 5.839795291297255275, 15.40346464507915059 ) ) ;
#267 = CARTESIAN_POINT ( 'NONE',  ( 5.060283081985683218, 51.28896714365143339, 11.39599030518350453 ) ) ;
#268 = ORIENTED_EDGE ( 'NONE', *, *, #6624, .T. ) ;
#270 = ORIENTED_EDGE ( 'NONE', *, *, #926, .T. ) ;
#269 = CARTESIAN_POINT ( 'NONE',  ( 26.74447092166427353, 25.43055911917183920, 14.11851450333040603 ) ) ;
#271 = CARTESIAN_POINT ( 'NONE',  ( 27.00000000000002487, 21.62375826452567651, -15.50000000000001776 ) ) ;
#272 = CARTESIAN_POINT ( 'NONE',  ( 15.38223433719689481, 95.19880305216854310, 7.062243754367550252 ) ) ;
#273 = CARTESIAN_POINT ( 'NONE',  ( -22.96462946641840830, 40.99061174558018905, 14.55427739034784373 ) ) ;
#274 = CARTESIAN_POINT ( 'NONE',  ( -26.01657891470773976, 33.27482377658979118, 13.37647282917202318 ) ) ;
#275 = DIRECTION ( 'NONE',  ( -1.000000000000000000, 0.000000000000000000, 0.000000000000000000 ) ) ;
#276 = CARTESIAN_POINT ( 'NONE',  ( -8.976232834194309618, 46.21675810918706873, 13.98286036173309199 ) ) ;
#277 = ADVANCED_FACE ( 'NONE', ( #4414 ), #5066, .F. ) ;
#278 = ORIENTED_EDGE ( 'NONE', *, *, #4204, .T. ) ;
#280 = EDGE_LOOP ( 'NONE', ( #6852, #3474, #5852, #5858 ) ) ;
#279 = CARTESIAN_POINT ( 'NONE',  ( -14.73659099306631681, 85.12146739261763173, -17.50000000000000000 ) ) ;
#281 = CARTESIAN_POINT ( 'NONE',  ( -22.43200130551187499, 55.25048427948689778, 11.00198559141484544 ) ) ;
#282 = PLANE ( 'NONE',  #6831 ) ;
#283 = LINE ( 'NONE', #1501, #2624 ) ;
#284 = CARTESIAN_POINT ( 'NONE',  ( 23.00000000000000000, 0.000000000000000000, 0.000000000000000000 ) ) ;
#285 = EDGE_CURVE ( 'NONE', #2186, #7344, #1040, .T. ) ;
#286 = ORIENTED_EDGE ( 'NONE', *, *, #5741, .T. ) ;
#287 = EDGE_CURVE ( 'NONE', #1202, #4657, #1363, .T. ) ;
#288 = EDGE_CURVE ( 'NONE', #4667, #5308, #1688, .T. ) ;
#289 = ORIENTED_EDGE ( 'NONE', *, *, #2802, .F. ) ;
#290 = ORIENTED_EDGE ( 'NONE', *, *, #7414, .F. ) ;
#291 = CARTESIAN_POINT ( 'NONE',  ( -12.98212549715125519, 99.28723927059786547, 8.809861138199009289 ) ) ;
#292 = FACE_OUTER_BOUND ( 'NONE', #3169, .T. ) ;
#293 = ORIENTED_EDGE ( 'NONE', *, *, #6668, .T. ) ;
#294 = CARTESIAN_POINT ( 'NONE',  ( 16.55826148266881148, 25.34489341785442207, 16.11896607981914187 ) ) ;
#295 = CARTESIAN_POINT ( 'NONE',  ( 18.60779398106242510, 64.48246536188055700, 11.93985808407666838 ) ) ;
#296 = CIRCLE ( 'NONE', #944, 2.000000000000000000 ) ;
#297 = EDGE_LOOP ( 'NONE', ( #5730, #1574 ) ) ;
#298 = AXIS2_PLACEMENT_3D ( 'NONE', #2873, #4100, #6651 ) ;
#299 = DIRECTION ( 'NONE',  ( -0.7071067811865462405, -0.7071067811865489050, 0.000000000000000000 ) ) ;
#300 = CARTESIAN_POINT ( 'NONE',  ( 23.00000000000000000, 1.999999999999966249, -11.12715609645441006 ) ) ;
#301 = CARTESIAN_POINT ( 'NONE',  ( 18.13236445532238861, 66.64528121303808916, -17.50000000000000000 ) ) ;
#302 = CARTESIAN_POINT ( 'NONE',  ( -4.104197048871346176, 53.91579193068889708, 11.10064182366179608 ) ) ;
#303 = CARTESIAN_POINT ( 'NONE',  ( -19.54716774607250684, 11.48657865083021612, -0.8691303818756206390 ) ) ;
#304 = CARTESIAN_POINT ( 'NONE',  ( -23.02333736379413054, 1.935881119946155637, 11.13652132342978796 ) ) ;
#305 = FACE_OUTER_BOUND ( 'NONE', #1115, .T. ) ;
#306 = ORIENTED_EDGE ( 'NONE', *, *, #4717, .F. ) ;
#308 = ORIENTED_EDGE ( 'NONE', *, *, #6730, .F. ) ;
#307 = CARTESIAN_POINT ( 'NONE',  ( 19.48293021203812359, 60.11135790525703015, 12.42568925935634461 ) ) ;
#309 = CARTESIAN_POINT ( 'NONE',  ( 26.35637396795935672, 29.99999999999998579, -15.50000000000000355 ) ) ;
#310 = CARTESIAN_POINT ( 'NONE',  ( 15.66053834712427495, 92.83799077130325372, 7.227707809768666003 ) ) ;
#311 = CARTESIAN_POINT ( 'NONE',  ( -20.99999999999999645, 8.000000000000000000, -2.000000000000000000 ) ) ;
#312 = DIRECTION ( 'NONE',  ( 0.000000000000000000, 0.000000000000000000, -1.000000000000000000 ) ) ;
#313 = CIRCLE ( 'NONE', #4858, 2.250000000000000444 ) ;
#314 = CARTESIAN_POINT ( 'NONE',  ( -12.55195786872764252, 106.1425504830991002, 8.536685955222086619 ) ) ;
#315 = DIRECTION ( 'NONE',  ( 0.000000000000000000, 0.000000000000000000, -1.000000000000000000 ) ) ;
#316 = CARTESIAN_POINT ( 'NONE',  ( -5.237309720825442660, 56.49272782176436891, 12.83209410756861857 ) ) ;
#317 = ORIENTED_EDGE ( 'NONE', *, *, #3454, .F. ) ;
#319 = EDGE_LOOP ( 'NONE', ( #6932, #6287, #5082, #4128 ) ) ;
#318 = CARTESIAN_POINT ( 'NONE',  ( -13.09456642568575369, 97.92117221171889696, -17.49999999999999645 ) ) ;
#320 = CARTESIAN_POINT ( 'NONE',  ( -24.06746748155125459, 46.39777767643256112, 11.98837852258223791 ) ) ;
#321 = CARTESIAN_POINT ( 'NONE',  ( 17.94609944814188651, 67.57182540527050207, -17.50000000000000000 ) ) ;
#322 = CARTESIAN_POINT ( 'NONE',  ( 23.00000000000000000, 1.995477668849486852, 11.07161094299844883 ) ) ;
#323 = LINE ( 'NONE', #2789, #3324 ) ;
#324 = CARTESIAN_POINT ( 'NONE',  ( -25.51918338696638600, 37.18746927035520144, -15.50000000000001599 ) ) ;
#325 = CIRCLE ( 'NONE', #4222, 11.25000000000000000 ) ;
#326 = B_SPLINE_SURFACE_WITH_KNOTS ( 'NONE', 1, 1, ( 
 ( #7045, #1494 ),
 ( #3972, #4134 ) ),
 .UNSPECIFIED., .F., .F., .F.,
 ( 2, 2 ),
 ( 2, 2 ),
 ( 0.000000000000000000, 1.000000000000000000 ),
 ( 0.000000000000000000, 1.000000000000000000 ),
 .UNSPECIFIED. ) ;
#327 = ORIENTED_EDGE ( 'NONE', *, *, #2543, .T. ) ;
#328 = VERTEX_POINT ( 'NONE', #2572 ) ;
#329 = DIRECTION ( 'NONE',  ( -1.000000000000000000, 0.000000000000000000, -0.000000000000000000 ) ) ;
#330 = EDGE_CURVE ( 'NONE', #7665, #2490, #97, .T. ) ;
#331 = CARTESIAN_POINT ( 'NONE',  ( -18.12536618115927922, 66.89739840439463592, 11.67482987726472743 ) ) ;
#332 = DIRECTION ( 'NONE',  ( 0.000000000000000000, 0.000000000000000000, -1.000000000000000000 ) ) ;
#333 = VERTEX_POINT ( 'NONE', #7524 ) ;
#334 = CARTESIAN_POINT ( 'NONE',  ( 22.08364474300822877, 1.452184445365317433, 10.14660831690269838 ) ) ;
#335 = CARTESIAN_POINT ( 'NONE',  ( 20.42343172966145559, 55.32620531022476484, 12.96330217232024218 ) ) ;
#336 = EDGE_CURVE ( 'NONE', #3391, #2439, #1966, .T. ) ;
#337 = VERTEX_POINT ( 'NONE', #2614 ) ;
#338 = CARTESIAN_POINT ( 'NONE',  ( 24.00000000000000000, 0.000000000000000000, 0.000000000000000000 ) ) ;
#339 = CARTESIAN_POINT ( 'NONE',  ( 14.50000000000000000, 115.0000000000000000, 3.499999999999996891 ) ) ;
#340 = CARTESIAN_POINT ( 'NONE',  ( 16.68240719395351945, 74.06682325636745645, -17.50000000000000355 ) ) ;
#341 = CARTESIAN_POINT ( 'NONE',  ( -7.441843238846305830, 44.74568438960420735, 12.12571772203056852 ) ) ;
#342 = FACE_OUTER_BOUND ( 'NONE', #4847, .T. ) ;
#343 = DIRECTION ( 'NONE',  ( -1.000000000000000000, -0.000000000000000000, -0.000000000000000000 ) ) ;
#344 = DIRECTION ( 'NONE',  ( -0.3420201433256757073, -0.9396926207859058744, -1.429175041249315746E-31 ) ) ;
#345 = EDGE_CURVE ( 'NONE', #4287, #2882, #259, .T. ) ;
#346 = ORIENTED_EDGE ( 'NONE', *, *, #6776, .T. ) ;
#348 = ORIENTED_EDGE ( 'NONE', *, *, #7568, .F. ) ;
#347 = CARTESIAN_POINT ( 'NONE',  ( 24.32525219258315374, 44.92485902449848112, 12.15080279386930151 ) ) ;
#349 = DIRECTION ( 'NONE',  ( -1.000000000000000000, -0.000000000000000000, -0.000000000000000000 ) ) ;
#350 = CARTESIAN_POINT ( 'NONE',  ( 15.66640199413540557, 92.79082567465573561, 7.231161224798455578 ) ) ;
#351 = CARTESIAN_POINT ( 'NONE',  ( -12.50000000000001243, 109.9999999999999716, -17.50000000000000355 ) ) ;
#352 = LINE ( 'NONE', #1609, #4873 ) ;
#353 = CARTESIAN_POINT ( 'NONE',  ( -17.19387045624518606, 71.55039440197596434, 11.16703123563118361 ) ) ;
#354 = CARTESIAN_POINT ( 'NONE',  ( 25.00000000000000000, 1.480706521901119510, 17.49995569339120749 ) ) ;
#355 = CIRCLE ( 'NONE', #6950, 10.25000000000000000 ) ;
#356 = FACE_OUTER_BOUND ( 'NONE', #6486, .T. ) ;
#357 = ORIENTED_EDGE ( 'NONE', *, *, #186, .F. ) ;
#358 = AXIS2_PLACEMENT_3D ( 'NONE', #7862, #5288, #2794 ) ;
#360 = ORIENTED_EDGE ( 'NONE', *, *, #4111, .F. ) ;
#359 = CARTESIAN_POINT ( 'NONE',  ( -16.47070939272412460, 75.18954162600736879, -17.50000000000000355 ) ) ;
#361 = CARTESIAN_POINT ( 'NONE',  ( -22.98059199349240700, 52.38265943900063348, 11.32338271151134634 ) ) ;
#362 = DIRECTION ( 'NONE',  ( 0.000000000000000000, 0.000000000000000000, -1.000000000000000000 ) ) ;
#363 = CARTESIAN_POINT ( 'NONE',  ( 22.26030159031651934, 1.706169178442044521, -10.10710292888440698 ) ) ;
#364 = DIRECTION ( 'NONE',  ( 1.000000000000000000, -0.000000000000000000, -0.000000000000000000 ) ) ;
#365 = CARTESIAN_POINT ( 'NONE',  ( -21.32876679385833540, 50.35489927628020723, -17.50000000000000355 ) ) ;
#366 = AXIS2_PLACEMENT_3D ( 'NONE', #981, #4803, #6579 ) ;
#367 = CARTESIAN_POINT ( 'NONE',  ( -24.86849056058014540, 22.92197650377298146, -17.50000000000000000 ) ) ;
#368 = ORIENTED_EDGE ( 'NONE', *, *, #6032, .T. ) ;
#369 = LINE ( 'NONE', #1628, #4902 ) ;
#370 = CARTESIAN_POINT ( 'NONE',  ( -18.71892859776801643, 63.92721260048170251, 12.00127781619903722 ) ) ;
#371 = DIRECTION ( 'NONE',  ( 0.000000000000000000, 0.000000000000000000, 1.000000000000000000 ) ) ;
#372 = CIRCLE ( 'NONE', #1409, 10.25000000000000000 ) ;
#373 = ORIENTED_EDGE ( 'NONE', *, *, #2004, .T. ) ;
#374 = CARTESIAN_POINT ( 'NONE',  ( 21.75742381923765123, 2.268799323023633185, 10.02973424567105099 ) ) ;
#375 = AXIS2_PLACEMENT_3D ( 'NONE', #338, #2116, #6465 ) ;
#376 = CARTESIAN_POINT ( 'NONE',  ( 16.28364669973681700, 76.38697018164768338, 10.67236993631918551 ) ) ;
#377 = EDGE_CURVE ( 'NONE', #7304, #7832, #7, .T. ) ;
#378 = ORIENTED_EDGE ( 'NONE', *, *, #39, .F. ) ;
#379 = AXIS2_PLACEMENT_3D ( 'NONE', #5901, #5219, #299 ) ;
#380 = VECTOR ( 'NONE', #5609, 1000.000000000000114 ) ;
#381 = EDGE_CURVE ( 'NONE', #2870, #1042, #7268, .T. ) ;
#382 = CARTESIAN_POINT ( 'NONE',  ( -5.000000000000002665, 103.0000000000000142, 22.73723446728292785 ) ) ;
#383 = DIRECTION ( 'NONE',  ( 1.000000000000000000, -0.000000000000000000, 0.000000000000000000 ) ) ;
#384 = CARTESIAN_POINT ( 'NONE',  ( 19.77919934818022085, 58.38808965784375715, -17.50000000000000355 ) ) ;
#385 = CARTESIAN_POINT ( 'NONE',  ( -4.832029149510685961, 51.91608966902816036, 11.32552257023540854 ) ) ;
#386 = CARTESIAN_POINT ( 'NONE',  ( 19.00000000000000000, 0.000000000000000000, 0.000000000000000000 ) ) ;
#387 = CARTESIAN_POINT ( 'NONE',  ( 20.82573113962192224, 4.601065735544935364, -9.196367353185017635 ) ) ;
#388 = CARTESIAN_POINT ( 'NONE',  ( 24.74072546960111652, 25.42503488328718220, 16.11250352216892168 ) ) ;
#389 = CIRCLE ( 'NONE', #1159, 1.000000000000000888 ) ;
#390 = EDGE_LOOP ( 'NONE', ( #2972, #797, #79, #7585 ) ) ;
#391 = EDGE_CURVE ( 'NONE', #4907, #4422, #7016, .T. ) ;
#392 = EDGE_CURVE ( 'NONE', #941, #2697, #3868, .T. ) ;
#393 = EDGE_CURVE ( 'NONE', #3293, #4907, #1467, .T. ) ;
#394 = AXIS2_PLACEMENT_3D ( 'NONE', #4250, #6712, #3179 ) ;
#396 = ORIENTED_EDGE ( 'NONE', *, *, #2510, .T. ) ;
#395 = CARTESIAN_POINT ( 'NONE',  ( 12.69562179554956671, 103.2467159315742720, 8.630268400785292116 ) ) ;
#397 = CARTESIAN_POINT ( 'NONE',  ( -14.88040031774553817, 100.4836798858904103, 6.753151597288528762 ) ) ;
#398 = CARTESIAN_POINT ( 'NONE',  ( 19.52121019668775759, 69.92831427892899399, 9.376816529479505391 ) ) ;
#399 = LINE ( 'NONE', #7201, #6853 ) ;
#400 = CARTESIAN_POINT ( 'NONE',  ( -20.99999999999999645, -8.000000000000000000, -1.000000000000001554 ) ) ;
#401 = CARTESIAN_POINT ( 'NONE',  ( -24.24603275274549219, 31.30694714584650384, 15.55985748693862547 ) ) ;
#402 = CARTESIAN_POINT ( 'NONE',  ( -13.65416210812829512, 98.65070233654985543, 6.499999999999993783 ) ) ;
#403 = LINE ( 'NONE', #4177, #4311 ) ;
#404 = ORIENTED_EDGE ( 'NONE', *, *, #7260, .F. ) ;
#406 = ORIENTED_EDGE ( 'NONE', *, *, #2695, .F. ) ;
#405 = FACE_OUTER_BOUND ( 'NONE', #390, .T. ) ;
#407 = CARTESIAN_POINT ( 'NONE',  ( -15.68135324775948902, 92.67091333427929101, 7.239962212425758992 ) ) ;
#408 = CARTESIAN_POINT ( 'NONE',  ( -5.000000000000015987, 102.5675556056867066, 6.566402883922805245 ) ) ;
#409 = LINE ( 'NONE', #4753, #7541 ) ;
#410 = CARTESIAN_POINT ( 'NONE',  ( -32.97687763316800158, 115.0000000000000000, 4.499999999999998224 ) ) ;
#411 = CARTESIAN_POINT ( 'NONE',  ( -24.94575219232118357, 21.41339369068593257, -17.50000000000000355 ) ) ;
#412 = CARTESIAN_POINT ( 'NONE',  ( -24.85317789316495762, 23.23537540675742719, -17.50000000000001066 ) ) ;
#413 = LINE ( 'NONE', #7138, #1393 ) ;
#414 = CARTESIAN_POINT ( 'NONE',  ( -16.46916830155019085, 75.40118644353154309, 10.77319814731958658 ) ) ;
#415 = CARTESIAN_POINT ( 'NONE',  ( -20.99999999999999645, -8.000000000000000000, 0.9999999999999997780 ) ) ;
#416 = ORIENTED_EDGE ( 'NONE', *, *, #3141, .T. ) ;
#417 = FACE_BOUND ( 'NONE', #7916, .T. ) ;
#418 = CARTESIAN_POINT ( 'NONE',  ( 16.47814320265152332, 75.35349305914277807, 10.77807591627332151 ) ) ;
#419 = ORIENTED_EDGE ( 'NONE', *, *, #5048, .F. ) ;
#420 = CARTESIAN_POINT ( 'NONE',  ( -20.99999999999999645, 4.336808689942017736E-16, -8.000000000000000000 ) ) ;
#421 = CARTESIAN_POINT ( 'NONE',  ( -16.37722890107404794, 25.84456097725511725, 16.08051631625060196 ) ) ;
#422 = CARTESIAN_POINT ( 'NONE',  ( 20.40429815277663295, 55.20120147571441294, -17.50000000000000711 ) ) ;
#423 = LINE ( 'NONE', #2438, #4586 ) ;
#424 = FACE_OUTER_BOUND ( 'NONE', #4563, .T. ) ;
#425 = CARTESIAN_POINT ( 'NONE',  ( 20.53512196930700640, 5.328535234797543652, -8.794867290017208461 ) ) ;
#426 = EDGE_CURVE ( 'NONE', #6699, #165, #961, .T. ) ;
#427 = CARTESIAN_POINT ( 'NONE',  ( 24.94906660275407972, 21.03356058793509575, 16.48781164832136525 ) ) ;
#428 = AXIS2_PLACEMENT_3D ( 'NONE', #4302, #5606, #4952 ) ;
#429 = VERTEX_POINT ( 'NONE', #7503 ) ;
#430 = VECTOR ( 'NONE', #193, 1000.000000000000000 ) ;
#432 = EDGE_LOOP ( 'NONE', ( #3792, #7222, #816, #2693 ) ) ;
#431 = DIRECTION ( 'NONE',  ( 1.000000000000000000, -0.000000000000000000, 0.000000000000000000 ) ) ;
#433 = CARTESIAN_POINT ( 'NONE',  ( -14.64812724442633751, 104.1887448422044145, 6.601990426361454389 ) ) ;
#434 = CARTESIAN_POINT ( 'NONE',  ( 17.38714615183146250, 81.36475729506950927, 8.207826707069335370 ) ) ;
#435 = DIRECTION ( 'NONE',  ( -1.000000000000000000, -5.551115123125782702E-15, 6.210771474045491592E-16 ) ) ;
#436 = EDGE_CURVE ( 'NONE', #6247, #2142, #5154, .T. ) ;
#437 = DIRECTION ( 'NONE',  ( -0.000000000000000000, -0.000000000000000000, -1.000000000000000000 ) ) ;
#438 = CARTESIAN_POINT ( 'NONE',  ( -17.07608286643311857, 83.16301587485200741, 8.035701191077604832 ) ) ;
#439 = VECTOR ( 'NONE', #5013, 1000.000000000000000 ) ;
#440 = CARTESIAN_POINT ( 'NONE',  ( -5.530307403437217495, 55.68777460044392313, 12.92262631237492521 ) ) ;
#441 = ADVANCED_FACE ( 'NONE', ( #6779 ), #5581, .T. ) ;
#442 = EDGE_CURVE ( 'NONE', #5802, #7239, #313, .T. ) ;
#443 = VERTEX_POINT ( 'NONE', #3209 ) ;
#446 = ORIENTED_EDGE ( 'NONE', *, *, #2791, .F. ) ;
#445 = DIRECTION ( 'NONE',  ( 1.000000000000000000, -0.000000000000000000, 0.000000000000000000 ) ) ;
#444 = DIRECTION ( 'NONE',  ( -0.000000000000000000, -0.000000000000000000, -1.000000000000000000 ) ) ;
#447 = CARTESIAN_POINT ( 'NONE',  ( -19.89269604584236362, 68.04767323085847863, 9.580102033044855858 ) ) ;
#448 = FACE_BOUND ( 'NONE', #5599, .T. ) ;
#449 = DIRECTION ( 'NONE',  ( 1.000000000000000000, 0.000000000000000000, 0.000000000000000000 ) ) ;
#450 = DIRECTION ( 'NONE',  ( 0.000000000000000000, 0.000000000000000000, 1.000000000000000000 ) ) ;
#451 = CARTESIAN_POINT ( 'NONE',  ( 0.000000000000000000, 113.0000000000000000, 5.499999999999997335 ) ) ;
#452 = CARTESIAN_POINT ( 'NONE',  ( -23.00043620023039992, 40.54369370771907199, -17.50000000000000000 ) ) ;
#453 = CARTESIAN_POINT ( 'NONE',  ( -18.99999999999887024, 9.502455478724010973, -3.862576868542975550 ) ) ;
#454 = CARTESIAN_POINT ( 'NONE',  ( -18.35733676730383479, 65.73477856794227137, 11.80197682572220153 ) ) ;
#455 = CARTESIAN_POINT ( 'NONE',  ( -19.93969262078590887, 10.40812542098097282, 5.023547007758578431 ) ) ;
#456 = CARTESIAN_POINT ( 'NONE',  ( 22.26666538927514694, 9.581940481111271168, 17.24695825918881553 ) ) ;
#457 = CARTESIAN_POINT ( 'NONE',  ( 16.83187275824286999, 73.49105866540645593, 10.97025219371349536 ) ) ;
#458 = ORIENTED_EDGE ( 'NONE', *, *, #4456, .F. ) ;
#459 = B_SPLINE_CURVE_WITH_KNOTS ( 'NONE', 3,
 ( #4631, #1542, #6493, #4716 ),
 .UNSPECIFIED., .F., .F.,
 ( 4, 4 ),
 ( 0.000000000000000000, 1.000000000000000000 ),
 .UNSPECIFIED. ) ;
#460 = DIRECTION ( 'NONE',  ( 0.000000000000000000, -1.000000000000000000, 0.000000000000000000 ) ) ;
#461 = CARTESIAN_POINT ( 'NONE',  ( -3.000000000000012879, 100.9119286464099616, 8.729672594973601818 ) ) ;
#462 = CARTESIAN_POINT ( 'NONE',  ( 20.65450080301969749, 53.90773900518492923, -17.50000000000000355 ) ) ;
#463 = CARTESIAN_POINT ( 'NONE',  ( -17.15019839761679421, 18.07219781083709265, 14.72806428620980057 ) ) ;
#464 = CARTESIAN_POINT ( 'NONE',  ( -13.50000000000000178, 115.0000000000000000, 1.249999999999996669 ) ) ;
#465 = CARTESIAN_POINT ( 'NONE',  ( 26.33333333333333570, 17.50000000000001066, -16.16666666666667851 ) ) ;
#466 = DIRECTION ( 'NONE',  ( -1.000000000000000000, 0.000000000000000000, 0.000000000000000000 ) ) ;
#467 = ORIENTED_EDGE ( 'NONE', *, *, #6534, .T. ) ;
#469 = ORIENTED_EDGE ( 'NONE', *, *, #3917, .T. ) ;
#468 = PLANE ( 'NONE',  #6080 ) ;
#470 = DIRECTION ( 'NONE',  ( 0.7071067811865524577, 0.000000000000000000, 0.7071067811865426878 ) ) ;
#471 = CARTESIAN_POINT ( 'NONE',  ( 16.75683945331510571, 85.14576576338447467, 7.856724172698661413 ) ) ;
#472 = DIRECTION ( 'NONE',  ( 0.000000000000000000, 1.000000000000000000, 0.000000000000000000 ) ) ;
#473 = DIRECTION ( 'NONE',  ( 0.000000000000000000, 0.000000000000000000, -1.000000000000000000 ) ) ;
#474 = DIRECTION ( 'NONE',  ( 1.000000000000000000, -0.000000000000000000, 0.000000000000000000 ) ) ;
#475 = VECTOR ( 'NONE', #3538, 1000.000000000000000 ) ;
#476 = EDGE_CURVE ( 'NONE', #4172, #1364, #4965, .T. ) ;
#479 = VERTEX_POINT ( 'NONE', #7506 ) ;
#478 = FACE_OUTER_BOUND ( 'NONE', #5882, .T. ) ;
#477 = CARTESIAN_POINT ( 'NONE',  ( 7.184957976769025478, 110.0000000000000000, 8.499999999999992895 ) ) ;
#480 = DIRECTION ( 'NONE',  ( -0.7071067811865461294, 0.7071067811865489050, -0.000000000000000000 ) ) ;
#481 = CARTESIAN_POINT ( 'NONE',  ( -20.69835206804589944, 64.00824203417080582, 10.02350307357804482 ) ) ;
#482 = EDGE_CURVE ( 'NONE', #4353, #2538, #657, .T. ) ;
#483 = CARTESIAN_POINT ( 'NONE',  ( -20.99999999999999645, -1.517883041479706208E-15, 10.00000000000000000 ) ) ;
#484 = CARTESIAN_POINT ( 'NONE',  ( 23.00000000000000000, 1.973862177149436903, 10.94039325345065983 ) ) ;
#485 = CARTESIAN_POINT ( 'NONE',  ( -24.35814109945688699, 1.954161646259749530, 16.84589575514955939 ) ) ;
#486 = CARTESIAN_POINT ( 'NONE',  ( -18.78914730265629984, 73.67912410265275014, -15.50000000000001954 ) ) ;
#487 = ADVANCED_FACE ( 'NONE', ( #5538 ), #3123, .T. ) ;
#488 = CIRCLE ( 'NONE', #7216, 10.25000000000000000 ) ;
#489 = CARTESIAN_POINT ( 'NONE',  ( -21.00902597893117729, 52.04490785700230049, -17.49999999999999645 ) ) ;
#490 = EDGE_CURVE ( 'NONE', #258, #3842, #5616, .T. ) ;
#491 = CARTESIAN_POINT ( 'NONE',  ( 20.99999999999999645, -1.517883041479706208E-15, 8.000000000000000000 ) ) ;
#492 = CARTESIAN_POINT ( 'NONE',  ( -17.40951545770485964, 70.51489213551165847, 11.28420989435547916 ) ) ;
#493 = FACE_OUTER_BOUND ( 'NONE', #876, .T. ) ;
#494 = B_SPLINE_CURVE_WITH_KNOTS ( 'NONE', 3,
 ( #7900, #5888, #7938, #3693 ),
 .UNSPECIFIED., .F., .F.,
 ( 4, 4 ),
 ( 0.000000000000000000, 0.8764302511258261763 ),
 .UNSPECIFIED. ) ;
#495 = CARTESIAN_POINT ( 'NONE',  ( 19.33005785938022925, 8.345120649726826656, 6.008488973023712987 ) ) ;
#496 = AXIS2_PLACEMENT_3D ( 'NONE', #3412, #5810, #3983 ) ;
#497 = CARTESIAN_POINT ( 'NONE',  ( 13.13560396029597577, 97.60033591666729080, 8.903325008190396517 ) ) ;
#498 = VECTOR ( 'NONE', #2427, 1000.000000000000000 ) ;
#499 = ORIENTED_EDGE ( 'NONE', *, *, #2100, .T. ) ;
#500 = B_SPLINE_CURVE_WITH_KNOTS ( 'NONE', 3,
 ( #322, #484, #1541, #4145, #7897, #7257, #5327, #1056, #6048, #3537 ),
 .UNSPECIFIED., .F., .F.,
 ( 4, 2, 2, 2, 4 ),
 ( 1.788112030672749005E-18, 0.0003932710015968752431, 0.0007865420031937486430, 0.001179813004790622151, 0.001573084006387495551 ),
 .UNSPECIFIED. ) ;
#501 = CARTESIAN_POINT ( 'NONE',  ( -19.00000000000000000, 9.171340364085867947, -4.577009495957955032 ) ) ;
#502 = CARTESIAN_POINT ( 'NONE',  ( -25.70974042079183874, 0.02907337208173981988, 17.49999898730612102 ) ) ;
#503 = CARTESIAN_POINT ( 'NONE',  ( 19.28306022296521505, 60.88444507985483511, -17.50000000000000000 ) ) ;
#504 = CARTESIAN_POINT ( 'NONE',  ( -18.31775563887895331, 14.86436065454867084, 14.96125684766373354 ) ) ;
#505 = ORIENTED_EDGE ( 'NONE', *, *, #783, .T. ) ;
#506 = CARTESIAN_POINT ( 'NONE',  ( -27.00000000000000000, 4.285048799566161470, 15.44344201821858498 ) ) ;
#507 = CARTESIAN_POINT ( 'NONE',  ( 19.79887255667318158, 10.79502536733683904, 4.248282919272412528 ) ) ;
#508 = DIRECTION ( 'NONE',  ( 1.000000000000000000, -0.000000000000000000, -0.000000000000000000 ) ) ;
#509 = VERTEX_POINT ( 'NONE', #1261 ) ;
#510 = AXIS2_PLACEMENT_3D ( 'NONE', #7473, #703, #4934 ) ;
#512 = VERTEX_POINT ( 'NONE', #5044 ) ;
#511 = PLANE ( 'NONE',  #5691 ) ;
#513 = LINE ( 'NONE', #4289, #7102 ) ;
#514 = CARTESIAN_POINT ( 'NONE',  ( 19.15365251556237070, 71.80718397950030862, 9.176082744346704345 ) ) ;
#515 = CARTESIAN_POINT ( 'NONE',  ( -23.00000000000000000, 1.995477668849490849, 11.07161094299844706 ) ) ;
#516 = CIRCLE ( 'NONE', #7111, 2.000000000000000000 ) ;
#517 = LINE ( 'NONE', #1730, #1544 ) ;
#518 = DIRECTION ( 'NONE',  ( 0.000000000000000000, -1.000000000000000000, 0.000000000000000000 ) ) ;
#519 = EDGE_LOOP ( 'NONE', ( #7597, #7017, #6455, #3089 ) ) ;
#520 = AXIS2_PLACEMENT_3D ( 'NONE', #1275, #138, #3757 ) ;
#523 = EDGE_LOOP ( 'NONE', ( #5001, #4073, #4588, #3063 ) ) ;
#522 = FACE_BOUND ( 'NONE', #824, .T. ) ;
#521 = CARTESIAN_POINT ( 'NONE',  ( -21.75742381923759083, 2.268799323023244607, -10.02973424567111671 ) ) ;
#524 = CARTESIAN_POINT ( 'NONE',  ( -14.50000000000000000, 80.00000000000000000, 14.93654316236332846 ) ) ;
#525 = CARTESIAN_POINT ( 'NONE',  ( -19.54563056652159148, 69.80418590281132651, 9.390164641984924287 ) ) ;
#526 = CARTESIAN_POINT ( 'NONE',  ( 25.00000000072528294, 110.0000000000000000, 8.499999999999992895 ) ) ;
#527 = VECTOR ( 'NONE', #4316, 1000.000000000000000 ) ;
#528 = DIRECTION ( 'NONE',  ( -1.000000000000000000, -0.000000000000000000, -0.000000000000000000 ) ) ;
#529 = CARTESIAN_POINT ( 'NONE',  ( 24.06042953220465463, 46.43808005948568507, 6.499999999999993783 ) ) ;
#530 = EDGE_CURVE ( 'NONE', #742, #1023, #6907, .T. ) ;
#531 = CARTESIAN_POINT ( 'NONE',  ( -17.10574414147679434, 23.83552869737179591, 16.25198787137384215 ) ) ;
#532 = CARTESIAN_POINT ( 'NONE',  ( -24.33792739734581545, 30.11960148176956764, -17.50000000000000355 ) ) ;
#533 = CARTESIAN_POINT ( 'NONE',  ( 23.78374532730977720, -0.1533225893864513800, 15.56212210708883070 ) ) ;
#534 = CARTESIAN_POINT ( 'NONE',  ( -20.41772538872862341, 55.35561295971569962, 12.95999389136337498 ) ) ;
#535 = CARTESIAN_POINT ( 'NONE',  ( 13.50000000000000178, 115.0000000000000000, -12.50000000000000355 ) ) ;
#536 = EDGE_CURVE ( 'NONE', #6363, #1747, #2437, .T. ) ;
#537 = CARTESIAN_POINT ( 'NONE',  ( 15.45233893281813842, 81.00586236683619745, 10.21863379278134332 ) ) ;
#538 = ADVANCED_FACE ( 'NONE', ( #1947 ), #6811, .F. ) ;
#539 = EDGE_CURVE ( 'NONE', #3945, #1994, #3371, .T. ) ;
#540 = EDGE_LOOP ( 'NONE', ( #7206, #2320 ) ) ;
#541 = CARTESIAN_POINT ( 'NONE',  ( -2.507194630507143529, 58.32328709881840467, 10.61237323691831236 ) ) ;
#542 = CARTESIAN_POINT ( 'NONE',  ( -21.63245102825263189, 5.757309919874372461, 15.44302891173018288 ) ) ;
#543 = CARTESIAN_POINT ( 'NONE',  ( 23.77784737388323322, 35.02670402123642646, -17.50000000000000711 ) ) ;
#544 = CARTESIAN_POINT ( 'NONE',  ( -12.38630402124341323, 31.16089003858953888, 13.56195619124249063 ) ) ;
#545 = EDGE_LOOP ( 'NONE', ( #1448, #2935, #3954, #3872 ) ) ;
#546 = CARTESIAN_POINT ( 'NONE',  ( -26.99999999999999289, 8.709144025160323821, 15.28559635336886302 ) ) ;
#547 = CARTESIAN_POINT ( 'NONE',  ( 25.00000000000001066, 17.64627690009261229, 16.74965667821458482 ) ) ;
#548 = CARTESIAN_POINT ( 'NONE',  ( 24.63532950697899793, 26.88534305354967913, 15.97918457695340599 ) ) ;
#549 = VERTEX_POINT ( 'NONE', #3828 ) ;
#551 = EDGE_LOOP ( 'NONE', ( #3886, #2721, #5075, #6791, #3430 ) ) ;
#550 = LINE ( 'NONE', #3677, #5176 ) ;
#553 = AXIS2_PLACEMENT_3D ( 'NONE', #7640, #265, #6396 ) ;
#552 = DIRECTION ( 'NONE',  ( -1.000000000000000000, 0.000000000000000000, 1.196361017915039239E-16 ) ) ;
#554 = CARTESIAN_POINT ( 'NONE',  ( 15.78787567066423847, 91.81661756056627155, 7.302665515759385606 ) ) ;
#555 = CARTESIAN_POINT ( 'NONE',  ( 4.999999999999997335, 118.0000000000000142, -15.50000000000001776 ) ) ;
#556 = CARTESIAN_POINT ( 'NONE',  ( -12.50000000000001243, 118.0000000000000142, 8.499999999999996447 ) ) ;
#557 = CARTESIAN_POINT ( 'NONE',  ( 4.822096120343768888, 104.8220961203437582, 6.497939250592783544 ) ) ;
#558 = TOROIDAL_SURFACE ( 'NONE', #3547, 11.25000000000000000, 1.000000000000000000 ) ;
#559 = VERTEX_POINT ( 'NONE', #124 ) ;
#562 = ORIENTED_EDGE ( 'NONE', *, *, #5152, .F. ) ;
#561 = DIRECTION ( 'NONE',  ( 0.000000000000000000, 0.000000000000000000, -1.000000000000000000 ) ) ;
#560 = DIRECTION ( 'NONE',  ( 1.000000000000000000, -0.000000000000000000, 0.000000000000000000 ) ) ;
#563 = CIRCLE ( 'NONE', #4322, 1.000000000000000666 ) ;
#564 = CARTESIAN_POINT ( 'NONE',  ( 27.00000000000002842, 17.50000000000001066, 17.50000000000000355 ) ) ;
#565 = CARTESIAN_POINT ( 'NONE',  ( -19.56141779859020602, 69.72397766616906267, 9.398794892434004566 ) ) ;
#566 = CARTESIAN_POINT ( 'NONE',  ( -10.00000000000000533, 46.35637396795941356, -15.50000000000000533 ) ) ;
#567 = CARTESIAN_POINT ( 'NONE',  ( 14.92784999592421791, 99.92439022434579954, 6.499999999999993783 ) ) ;
#568 = CARTESIAN_POINT ( 'NONE',  ( -20.29527912338442164, 15.03296870060877666, 16.93245565450395773 ) ) ;
#569 = CARTESIAN_POINT ( 'NONE',  ( -23.79687167635842826, 34.87691502642012864, -17.50000000000000000 ) ) ;
#570 = CARTESIAN_POINT ( 'NONE',  ( 23.99602898866242029, -0.7365671554719733782, 15.56289184667014780 ) ) ;
#571 = CARTESIAN_POINT ( 'NONE',  ( -21.50123750538930523, 49.61894271780555954, 13.60414923369601148 ) ) ;
#572 = CARTESIAN_POINT ( 'NONE',  ( -24.06042953220465463, 46.43808005948568507, 6.499999999999993783 ) ) ;
#573 = CARTESIAN_POINT ( 'NONE',  ( 12.51265998669402357, 108.0848210632799606, 8.509026035385696574 ) ) ;
#574 = EDGE_LOOP ( 'NONE', ( #2947, #2816, #3432, #4653, #3930, #4639, #327, #3031, #2260 ) ) ;
#575 = ADVANCED_FACE ( 'NONE', ( #737 ), #5694, .F. ) ;
#576 = CARTESIAN_POINT ( 'NONE',  ( -21.87469527156671845, 5.091749331376010268, 15.46568604803628766 ) ) ;
#577 = CARTESIAN_POINT ( 'NONE',  ( 24.84155858263359562, 23.46459059924444901, -17.50000000000000355 ) ) ;
#578 = CARTESIAN_POINT ( 'NONE',  ( -24.00000000000000000, -1.517883041479706208E-15, 8.000000000000000000 ) ) ;
#579 = VERTEX_POINT ( 'NONE', #819 ) ;
#580 = CC_DESIGN_DATE_AND_TIME_ASSIGNMENT ( #5305, #5865, ( #4025 ) ) ;
#581 = CARTESIAN_POINT ( 'NONE',  ( -27.00000000000000000, 14.36661415534884512, 14.98478033862511793 ) ) ;
#582 = DIRECTION ( 'NONE',  ( -0.000000000000000000, -0.000000000000000000, -1.000000000000000000 ) ) ;
#583 = EDGE_CURVE ( 'NONE', #5211, #512, #2675, .T. ) ;
#584 = CARTESIAN_POINT ( 'NONE',  ( 21.50971656253392794, 49.57251694910444684, 13.60934024554156530 ) ) ;
#585 = ORIENTED_EDGE ( 'NONE', *, *, #5143, .T. ) ;
#586 = CARTESIAN_POINT ( 'NONE',  ( 24.99999999999999645, 0.000000000000000000, 10.25000000000000000 ) ) ;
#587 = CARTESIAN_POINT ( 'NONE',  ( -19.57908974544443126, 11.39887367837202703, 1.729555021665883707 ) ) ;
#588 = DIRECTION ( 'NONE',  ( -1.000000000000000000, 0.000000000000000000, -0.000000000000000000 ) ) ;
#589 = EDGE_CURVE ( 'NONE', #5333, #5640, #2923, .T. ) ;
#590 = CARTESIAN_POINT ( 'NONE',  ( 21.80947279154703722, 58.43070663995037251, 10.64530238276947571 ) ) ;
#591 = CARTESIAN_POINT ( 'NONE',  ( -11.50000000000000000, 115.0000000000000000, 4.499999999999998224 ) ) ;
#592 = CARTESIAN_POINT ( 'NONE',  ( 13.34314575050761675, 4.336808689942017736E-16, -8.000000000000000000 ) ) ;
#593 = CARTESIAN_POINT ( 'NONE',  ( 4.644192244479397047, 104.6441922444793846, 6.511965967545298106 ) ) ;
#594 = EDGE_LOOP ( 'NONE', ( #2520, #4945, #204, #2341, #7775, #6370, #289, #3531, #987 ) ) ;
#597 = ORIENTED_EDGE ( 'NONE', *, *, #6246, .F. ) ;
#596 = CARTESIAN_POINT ( 'NONE',  ( 18.99999999999999645, 8.000000000000000000, 0.000000000000000000 ) ) ;
#595 = CARTESIAN_POINT ( 'NONE',  ( 23.00000000000000000, 0.000000000000000000, -15.49999999999998579 ) ) ;
#598 = CARTESIAN_POINT ( 'NONE',  ( -27.00000000000000000, 17.50000000000000355, -15.50000000000520828 ) ) ;
#599 = CARTESIAN_POINT ( 'NONE',  ( -19.00000000000000000, 0.000000000000000000, 0.000000000000000000 ) ) ;
#600 = B_SPLINE_CURVE_WITH_KNOTS ( 'NONE', 3,
 ( #972, #1094, #6570, #7781 ),
 .UNSPECIFIED., .F., .F.,
 ( 4, 4 ),
 ( 0.02218182578368889379, 0.1110004419607707044 ),
 .UNSPECIFIED. ) ;
#601 = CARTESIAN_POINT ( 'NONE',  ( 4.999999999999997335, 103.0000000000000142, -15.50000000000001776 ) ) ;
#602 = CARTESIAN_POINT ( 'NONE',  ( -27.00000000000000000, 1.500192328955505762E-15, -12.24999999999998224 ) ) ;
#603 = CARTESIAN_POINT ( 'NONE',  ( -19.89847282695653519, 57.78452871960166704, -17.50000000000000355 ) ) ;
#604 = CARTESIAN_POINT ( 'NONE',  ( 23.81406926188059359, -0.2366369148888238516, 15.56236921628975267 ) ) ;
#605 = DIRECTION ( 'NONE',  ( -0.7071067811865463515, 0.7071067811865487940, 0.000000000000000000 ) ) ;
#606 = LINE ( 'NONE', #1253, #4061 ) ;
#607 = AXIS2_PLACEMENT_3D ( 'NONE', #491, #7181, #4106 ) ;
#608 = AXIS2_PLACEMENT_3D ( 'NONE', #5604, #3071, #3692 ) ;
#609 = ORIENTED_EDGE ( 'NONE', *, *, #28, .T. ) ;
#610 = CIRCLE ( 'NONE', #4892, 12.25000000000001066 ) ;
#611 = CARTESIAN_POINT ( 'NONE',  ( -18.96969319135648746, 13.07317695022216597, 15.07892400927424248 ) ) ;
#612 = CARTESIAN_POINT ( 'NONE',  ( 24.84597864991192040, 23.37837524048692828, -17.50000000000000355 ) ) ;
#613 = CARTESIAN_POINT ( 'NONE',  ( -25.00000000000001066, 0.000000000000000000, 17.50000000000000355 ) ) ;
#614 = EDGE_LOOP ( 'NONE', ( #5108, #5851 ) ) ;
#615 = CARTESIAN_POINT ( 'NONE',  ( 5.228907346521555866, 56.51581002130907905, 12.82949858458349546 ) ) ;
#616 = CARTESIAN_POINT ( 'NONE',  ( 23.79284976739101864, 35.11312802017975798, 15.17407573413002275 ) ) ;
#617 = EDGE_CURVE ( 'NONE', #3687, #3876, #2138, .T. ) ;
#618 = ORIENTED_EDGE ( 'NONE', *, *, #7812, .F. ) ;
#619 = VECTOR ( 'NONE', #7418, 1000.000000000000000 ) ;
#620 = EDGE_CURVE ( 'NONE', #5843, #1390, #7613, .T. ) ;
#621 = CARTESIAN_POINT ( 'NONE',  ( 24.06042953220465463, 46.43808005948568507, -15.50000000000000533 ) ) ;
#622 = DIRECTION ( 'NONE',  ( 0.000000000000000000, 0.000000000000000000, -1.000000000000000000 ) ) ;
#623 = DIRECTION ( 'NONE',  ( 0.7071067811865444641, 0.000000000000000000, -0.7071067811865505703 ) ) ;
#624 = CARTESIAN_POINT ( 'NONE',  ( 24.94133959147964319, 41.08059908507074454, 12.56588453555164975 ) ) ;
#625 = PERSON_AND_ORGANIZATION ( #4320, #1812 ) ;
#626 = DIRECTION ( 'NONE',  ( 0.1218693434053486624, -0.9925461516412972252, 0.000000000000000000 ) ) ;
#627 = B_SPLINE_CURVE_WITH_KNOTS ( 'NONE', 3,
 ( #2404, #4171, #7880, #7355 ),
 .UNSPECIFIED., .F., .F.,
 ( 4, 4 ),
 ( 0.000000000000000000, 1.000000000000000000 ),
 .UNSPECIFIED. ) ;
#628 = AXIS2_PLACEMENT_3D ( 'NONE', #5994, #7241, #4246 ) ;
#629 = EDGE_CURVE ( 'NONE', #443, #2397, #7626, .T. ) ;
#630 = DIRECTION ( 'NONE',  ( 0.7071067811865475727, 0.000000000000000000, 0.7071067811865475727 ) ) ;
#631 = VERTEX_POINT ( 'NONE', #7584 ) ;
#632 = ADVANCED_FACE ( 'NONE', ( #252 ), #3302, .T. ) ;
#633 = EDGE_CURVE ( 'NONE', #1538, #6673, #5565, .T. ) ;
#634 = AXIS2_PLACEMENT_3D ( 'NONE', #420, #2968, #4235 ) ;
#637 = ORIENTED_EDGE ( 'NONE', *, *, #5298, .F. ) ;
#636 = DIRECTION ( 'NONE',  ( 0.000000000000000000, 0.000000000000000000, -1.000000000000000000 ) ) ;
#635 = CARTESIAN_POINT ( 'NONE',  ( 4.999999999999997335, 110.0000000000000000, 6.409682082549484683 ) ) ;
#638 = CARTESIAN_POINT ( 'NONE',  ( 3.918343836461217311, 54.42641943511890190, 11.04319791974836384 ) ) ;
#639 = AXIS2_PLACEMENT_3D ( 'NONE', #3092, #470, #5590 ) ;
#640 = CARTESIAN_POINT ( 'NONE',  ( -24.00000000000000000, 8.000000000000000000, 0.000000000000000000 ) ) ;
#641 = FACE_OUTER_BOUND ( 'NONE', #7054, .T. ) ;
#642 = DIRECTION ( 'NONE',  ( 1.000000000000000000, -0.000000000000000000, -0.000000000000000000 ) ) ;
#643 = DIRECTION ( 'NONE',  ( 1.000000000000000000, -0.000000000000000000, 0.000000000000000000 ) ) ;
#644 = CARTESIAN_POINT ( 'NONE',  ( 20.99999999999999645, 4.336808689942017736E-16, -6.999999999999998224 ) ) ;
#645 = VECTOR ( 'NONE', #472, 1000.000000000000000 ) ;
#646 = VECTOR ( 'NONE', #1432, 1000.000000000000000 ) ;
#648 = VERTEX_POINT ( 'NONE', #4557 ) ;
#647 = CARTESIAN_POINT ( 'NONE',  ( -18.71638450421569999, 63.72004471063651465, -17.50000000000000355 ) ) ;
#649 = CARTESIAN_POINT ( 'NONE',  ( -26.98748534148141331, 19.41932042895669852, 14.61349561847057998 ) ) ;
#650 = DIRECTION ( 'NONE',  ( 1.000000000000000000, 0.000000000000000000, 0.000000000000000000 ) ) ;
#651 = FACE_OUTER_BOUND ( 'NONE', #5900, .T. ) ;
#652 = CARTESIAN_POINT ( 'NONE',  ( 12.59147645325748854, 105.4314166772295778, 8.562183499435843004 ) ) ;
#653 = B_SPLINE_CURVE_WITH_KNOTS ( 'NONE', 3,
 ( #1210, #6124, #7297, #529 ),
 .UNSPECIFIED., .F., .F.,
 ( 4, 4 ),
 ( 0.1374586088176871779, 0.3150018440658512442 ),
 .UNSPECIFIED. ) ;
#654 = EDGE_LOOP ( 'NONE', ( #4627, #3417, #6497, #3360 ) ) ;
#655 = CARTESIAN_POINT ( 'NONE',  ( -12.80883344054603157, 30.00000000000011724, -15.50000000000000711 ) ) ;
#656 = CARTESIAN_POINT ( 'NONE',  ( -23.81406926188055806, -0.2366369148887193796, 15.56236921628975800 ) ) ;
#657 = LINE ( 'NONE', #6302, #1344 ) ;
#658 = CARTESIAN_POINT ( 'NONE',  ( -10.50000000000000533, 118.0000000000000142, 10.50000000000000533 ) ) ;
#659 = VERTEX_POINT ( 'NONE', #7058 ) ;
#660 = CARTESIAN_POINT ( 'NONE',  ( 7.851077802698976704, 49.31010440126517835, 13.63867087897472352 ) ) ;
#661 = CARTESIAN_POINT ( 'NONE',  ( 21.93721627897465964, 47.19157558290341825, 13.87475384023198366 ) ) ;
#662 = ORIENTED_EDGE ( 'NONE', *, *, #4204, .F. ) ;
#663 = EDGE_CURVE ( 'NONE', #4027, #4894, #7020, .T. ) ;
#664 = DIRECTION ( 'NONE',  ( 0.7071067811865461294, 0.7071067811865489050, 0.000000000000000000 ) ) ;
#665 = CARTESIAN_POINT ( 'NONE',  ( -19.86928784498637413, 10.60156095271195120, 4.635943896784836760 ) ) ;
#666 = DIRECTION ( 'NONE',  ( 0.000000000000000000, 0.000000000000000000, -1.000000000000000000 ) ) ;
#667 = FACE_OUTER_BOUND ( 'NONE', #1943, .T. ) ;
#668 = CARTESIAN_POINT ( 'NONE',  ( 21.77224211253160036, 58.61912859373153850, 10.62419185509426711 ) ) ;
#669 = CARTESIAN_POINT ( 'NONE',  ( 20.99999999999999645, -1.517883041479706208E-15, 9.000000000000001776 ) ) ;
#670 = CARTESIAN_POINT ( 'NONE',  ( 15.34953394464533005, 23.01948273539073142, 14.32285843680452331 ) ) ;
#671 = CARTESIAN_POINT ( 'NONE',  ( 26.99999999999999645, 4.404274884795949419, 15.44039669559941608 ) ) ;
#672 = ORIENTED_EDGE ( 'NONE', *, *, #4507, .F. ) ;
#673 = EDGE_CURVE ( 'NONE', #3205, #5499, #4519, .T. ) ;
#676 = ORIENTED_EDGE ( 'NONE', *, *, #4610, .T. ) ;
#675 = DIRECTION ( 'NONE',  ( 0.000000000000000000, 0.000000000000000000, -1.000000000000000000 ) ) ;
#674 = CARTESIAN_POINT ( 'NONE',  ( 20.72889672772245717, 13.83506511062446798, 17.01222579614761443 ) ) ;
#677 = CARTESIAN_POINT ( 'NONE',  ( 19.93969262078590887, 10.40812542098089288, -5.023547007758737415 ) ) ;
#678 = LINE ( 'NONE', #3848, #5951 ) ;
#679 = LINE ( 'NONE', #2382, #4712 ) ;
#680 = CARTESIAN_POINT ( 'NONE',  ( 29.01166342986738300, 55.62898178555392548, 6.499999999999993783 ) ) ;
#681 = FACE_OUTER_BOUND ( 'NONE', #5979, .T. ) ;
#682 = ADVANCED_FACE ( 'NONE', ( #3249, #5732, #6459, #6500, #901, #292 ), #5129, .T. ) ;
#683 = ADVANCED_FACE ( 'NONE', ( #940 ), #7703, .F. ) ;
#684 = CARTESIAN_POINT ( 'NONE',  ( -17.48502897452569371, 22.78961800627701706, 16.34191290386930362 ) ) ;
#685 = ORIENTED_EDGE ( 'NONE', *, *, #1711, .T. ) ;
#686 = CIRCLE ( 'NONE', #4845, 15.50000000000001776 ) ;
#688 = VERTEX_POINT ( 'NONE', #1549 ) ;
#687 = CARTESIAN_POINT ( 'NONE',  ( -19.33145979758861444, 60.64181943623522386, -17.50000000000000000 ) ) ;
#689 = DIRECTION ( 'NONE',  ( -0.1218693434053485930, 0.9925461516412973362, 0.000000000000000000 ) ) ;
#690 = CARTESIAN_POINT ( 'NONE',  ( 29.01166342986738300, 55.62898178555392548, -15.50000000000000533 ) ) ;
#691 = CARTESIAN_POINT ( 'NONE',  ( 10.00000000000000533, 46.35637396795941356, 6.499999999999993783 ) ) ;
#692 = CARTESIAN_POINT ( 'NONE',  ( 12.62342796890936825, 104.7019231462352167, 8.583239043541992075 ) ) ;
#693 = ORIENTED_EDGE ( 'NONE', *, *, #4016, .T. ) ;
#694 = CARTESIAN_POINT ( 'NONE',  ( 15.34957333452202022, 81.41174549600096100, -17.50000000000000355 ) ) ;
#695 = ORIENTED_EDGE ( 'NONE', *, *, #1172, .T. ) ;
#696 = CARTESIAN_POINT ( 'NONE',  ( -9.617337991944689080, 44.45409674822474955, 14.17861580415302392 ) ) ;
#697 = CARTESIAN_POINT ( 'NONE',  ( 25.00000000000004263, 17.50000000000004263, -17.50000000000000355 ) ) ;
#698 = CARTESIAN_POINT ( 'NONE',  ( -24.00000000000000000, 4.336808689942017736E-16, -8.000000000000000000 ) ) ;
#699 = ORIENTED_EDGE ( 'NONE', *, *, #1780, .F. ) ;
#700 = CARTESIAN_POINT ( 'NONE',  ( -26.35637396795936382, 29.99999999999998934, 6.499999999999993783 ) ) ;
#701 = CARTESIAN_POINT ( 'NONE',  ( 21.42044857212241027, 50.06124320881897916, 13.55469334670972614 ) ) ;
#702 = ORIENTED_EDGE ( 'NONE', *, *, #1911, .T. ) ;
#703 = DIRECTION ( 'NONE',  ( -1.000000000000000000, 0.000000000000000000, 0.000000000000000000 ) ) ;
#704 = CARTESIAN_POINT ( 'NONE',  ( -14.50000000000000000, 115.0000000000000000, -12.50000000000000355 ) ) ;
#705 = DIRECTION ( 'NONE',  ( 0.000000000000000000, 0.000000000000000000, 1.000000000000000000 ) ) ;
#706 = DIRECTION ( 'NONE',  ( 0.000000000000000000, 0.000000000000000000, -1.000000000000000000 ) ) ;
#707 = CARTESIAN_POINT ( 'NONE',  ( 21.38823633238106581, 60.55449756259148586, 10.40767913612729778 ) ) ;
#708 = DIRECTION ( 'NONE',  ( 0.000000000000000000, 0.000000000000000000, -1.000000000000000000 ) ) ;
#709 = CARTESIAN_POINT ( 'NONE',  ( 15.30312547650093968, 23.14698895368891485, 14.31177620775851445 ) ) ;
#710 = LINE ( 'NONE', #55, #210 ) ;
#711 = VERTEX_POINT ( 'NONE', #4030 ) ;
#712 = AXIS2_PLACEMENT_3D ( 'NONE', #5080, #4468, #5272 ) ;
#715 = ORIENTED_EDGE ( 'NONE', *, *, #2308, .F. ) ;
#714 = LINE ( 'NONE', #6834, #4543 ) ;
#713 = CARTESIAN_POINT ( 'NONE',  ( 6.722593835825190212, 52.41303148281357949, 13.29505585072041285 ) ) ;
#716 = CARTESIAN_POINT ( 'NONE',  ( 19.53925244993538968, 11.50832574823524723, -0.4330517843525000798 ) ) ;
#717 = CARTESIAN_POINT ( 'NONE',  ( -23.00000000000000000, 1.995477668849325203, -11.07161094299847903 ) ) ;
#718 = CARTESIAN_POINT ( 'NONE',  ( -19.84255863813316267, 58.29065872346585309, 12.63007939846754546 ) ) ;
#719 = LINE ( 'NONE', #1369, #3138 ) ;
#720 = CARTESIAN_POINT ( 'NONE',  ( -22.26117950530530010, 1.710542466965268016, -10.13271346819685981 ) ) ;
#721 = DIRECTION ( 'NONE',  ( 1.000000000000000000, -0.000000000000000000, 0.000000000000000000 ) ) ;
#722 = CARTESIAN_POINT ( 'NONE',  ( -14.03690757312192439, 32.29171144931713400, 15.46054996727391284 ) ) ;
#723 = EDGE_CURVE ( 'NONE', #4555, #3022, #3485, .T. ) ;
#724 = ORIENTED_EDGE ( 'NONE', *, *, #3660, .T. ) ;
#725 = EDGE_CURVE ( 'NONE', #4205, #7304, #6555, .T. ) ;
#727 = ORIENTED_EDGE ( 'NONE', *, *, #6593, .F. ) ;
#726 = CARTESIAN_POINT ( 'NONE',  ( -17.03121387216654270, 72.24813187278500948, -17.50000000000000711 ) ) ;
#728 = CARTESIAN_POINT ( 'NONE',  ( -26.42307304743881602, 29.29524125169637117, 13.76107625835812875 ) ) ;
#729 = CARTESIAN_POINT ( 'NONE',  ( 19.00000000000000000, 9.171340364085866170, -4.577009495957960361 ) ) ;
#730 = CARTESIAN_POINT ( 'NONE',  ( -5.000000000000002665, 113.0000000000000000, 0.000000000000000000 ) ) ;
#731 = CARTESIAN_POINT ( 'NONE',  ( -24.00000000000000000, 0.000000000000000000, 5.000000000000000000 ) ) ;
#732 = ORIENTED_EDGE ( 'NONE', *, *, #4245, .T. ) ;
#733 = EDGE_CURVE ( 'NONE', #5833, #2353, #2046, .T. ) ;
#734 = CARTESIAN_POINT ( 'NONE',  ( 13.98737132821527318, 90.17157625545449662, -17.50000000000000000 ) ) ;
#735 = ORIENTED_EDGE ( 'NONE', *, *, #1522, .T. ) ;
#736 = CARTESIAN_POINT ( 'NONE',  ( -13.23892568505319822, 96.53967297148970772, 8.965655058671600841 ) ) ;
#737 = FACE_OUTER_BOUND ( 'NONE', #2378, .T. ) ;
#738 = AXIS2_PLACEMENT_3D ( 'NONE', #5866, #4420, #344 ) ;
#739 = ORIENTED_EDGE ( 'NONE', *, *, #5558, .T. ) ;
#740 = CARTESIAN_POINT ( 'NONE',  ( 21.83498797625941990, 10.77641830157912040, 17.18675490907922310 ) ) ;
#741 = CARTESIAN_POINT ( 'NONE',  ( 20.98199666290054921, 52.41127383952245822, 13.29109611057616114 ) ) ;
#742 = VERTEX_POINT ( 'NONE', #7905 ) ;
#743 = VECTOR ( 'NONE', #1518, 1000.000000000000000 ) ;
#744 = CARTESIAN_POINT ( 'NONE',  ( -26.35637396795936382, 29.99999999999998934, -15.50000000000000533 ) ) ;
#745 = CARTESIAN_POINT ( 'NONE',  ( -19.54707133076816206, 11.48684354970180266, -0.8650228267136185201 ) ) ;
#746 = DIRECTION ( 'NONE',  ( 1.000000000000000000, -0.000000000000000000, 0.000000000000000000 ) ) ;
#747 = CARTESIAN_POINT ( 'NONE',  ( 14.70873592678420039, 102.6327715234862694, 6.499999999999993783 ) ) ;
#748 = CARTESIAN_POINT ( 'NONE',  ( 26.33939674786299179, 30.17734832281700008, 13.67723231183945032 ) ) ;
#749 = MECHANICAL_CONTEXT ( 'NONE', #5937, 'mechanical' ) ;
#750 = CARTESIAN_POINT ( 'NONE',  ( 7.418794959757605056, 44.80900901595772012, 12.11878670228864863 ) ) ;
#751 = VERTEX_POINT ( 'NONE', #415 ) ;
#754 = ORIENTED_EDGE ( 'NONE', *, *, #1361, .F. ) ;
#753 = DIRECTION ( 'NONE',  ( -0.7071067811865524577, 0.7071067811865426878, 0.000000000000000000 ) ) ;
#752 = CARTESIAN_POINT ( 'NONE',  ( 26.05851336664275308, -0.9295266963640735902, 17.50000000000000355 ) ) ;
#755 = CARTESIAN_POINT ( 'NONE',  ( 19.70947019743553597, 11.04065633058821838, 3.422360404925811839 ) ) ;
#756 = AXIS2_PLACEMENT_3D ( 'NONE', #6821, #1396, #7995 ) ;
#757 = DIRECTION ( 'NONE',  ( 1.000000000000000000, -0.000000000000000000, 0.000000000000000000 ) ) ;
#758 = CARTESIAN_POINT ( 'NONE',  ( -20.95151239424946255, 52.57246104921414087, 13.27298640589492962 ) ) ;
#759 = CARTESIAN_POINT ( 'NONE',  ( -26.94490888060126466, 21.47833109164843890, 14.45398602948370481 ) ) ;
#760 = CARTESIAN_POINT ( 'NONE',  ( 19.00000000000000355, 9.171340364085933672, 4.577009495957828911 ) ) ;
#761 = CARTESIAN_POINT ( 'NONE',  ( -14.84983797527215721, 30.05263202952091461, 15.67983024994325980 ) ) ;
#762 = ORIENTED_EDGE ( 'NONE', *, *, #4356, .F. ) ;
#763 = VECTOR ( 'NONE', #3382, 1000.000000000000000 ) ;
#764 = VECTOR ( 'NONE', #1645, 1000.000000000000000 ) ;
#766 = ORIENTED_EDGE ( 'NONE', *, *, #1685, .F. ) ;
#765 = CARTESIAN_POINT ( 'NONE',  ( -18.14177515608481883, 66.59805016797815824, -17.50000000000000355 ) ) ;
#767 = CARTESIAN_POINT ( 'NONE',  ( -25.82538511722027863, 34.77572229682613170, 13.22359897587807964 ) ) ;
#768 = CARTESIAN_POINT ( 'NONE',  ( 23.64806276211071179, 48.79773392632749562, -15.50000000000002132 ) ) ;
#769 = ADVANCED_FACE ( 'NONE', ( #7744 ), #6620, .F. ) ;
#770 = DIRECTION ( 'NONE',  ( 1.000000000000000000, -0.000000000000000000, -0.000000000000000000 ) ) ;
#771 = AXIS2_PLACEMENT_3D ( 'NONE', #6101, #5502, #4473 ) ;
#772 = DIRECTION ( 'NONE',  ( 0.000000000000000000, 0.000000000000000000, -1.000000000000000000 ) ) ;
#773 = ORIENTED_EDGE ( 'NONE', *, *, #5241, .T. ) ;
#774 = AXIS2_PLACEMENT_3D ( 'NONE', #7556, #3800, #13 ) ;
#775 = CARTESIAN_POINT ( 'NONE',  ( 20.99999999999999645, -8.000000000000000000, -8.673617379884035472E-16 ) ) ;
#776 = ORIENTED_EDGE ( 'NONE', *, *, #476, .T. ) ;
#777 = ADVANCED_FACE ( 'NONE', ( #1589 ), #2232, .T. ) ;
#778 = CARTESIAN_POINT ( 'NONE',  ( -14.13145593975834657, 89.31764318855606177, 9.483805800237750105 ) ) ;
#779 = DIRECTION ( 'NONE',  ( 1.000000000000000000, -0.000000000000000000, 0.000000000000000000 ) ) ;
#780 = ORIENTED_EDGE ( 'NONE', *, *, #1268, .F. ) ;
#781 = CARTESIAN_POINT ( 'NONE',  ( 16.98992393295187497, 24.15487330721976988, 16.22417961985525992 ) ) ;
#782 = CARTESIAN_POINT ( 'NONE',  ( 19.88213161750838864, 58.09030348547614153, 12.65257144363058472 ) ) ;
#783 = EDGE_CURVE ( 'NONE', #3225, #1125, #1175, .T. ) ;
#784 = EDGE_CURVE ( 'NONE', #5814, #443, #3079, .T. ) ;
#785 = ORIENTED_EDGE ( 'NONE', *, *, #3766, .F. ) ;
#786 = FACE_OUTER_BOUND ( 'NONE', #2608, .T. ) ;
#787 = CYLINDRICAL_SURFACE ( 'NONE', #2840, 1.999999999999999556 ) ;
#788 = CARTESIAN_POINT ( 'NONE',  ( 17.23192086728517225, 71.21141771173299162, -17.50000000000000000 ) ) ;
#789 = CARTESIAN_POINT ( 'NONE',  ( 13.50000000000000178, 115.0000000000000000, -10.25000000000000178 ) ) ;
#790 = CARTESIAN_POINT ( 'NONE',  ( -14.92784999592421791, 99.92439022434579954, -15.50000000000000533 ) ) ;
#791 = CARTESIAN_POINT ( 'NONE',  ( 19.60329776384729072, 11.33236269444041255, -2.160581984242893050 ) ) ;
#792 = CALENDAR_DATE ( 2026, 7, 1 ) ;
#793 = CARTESIAN_POINT ( 'NONE',  ( 11.72166627700008412, 32.98696723301530653, 13.37988210641591280 ) ) ;
#794 = VERTEX_POINT ( 'NONE', #455 ) ;
#797 = ORIENTED_EDGE ( 'NONE', *, *, #5946, .T. ) ;
#796 = CARTESIAN_POINT ( 'NONE',  ( 14.79665705095033701, 101.6368048396493862, -15.50000000000001066 ) ) ;
#795 = CARTESIAN_POINT ( 'NONE',  ( 7.184957976769025478, 110.0000000000000000, 8.499999999999994671 ) ) ;
#798 = CARTESIAN_POINT ( 'NONE',  ( 20.35407784698513112, 9.269611369042975113, -4.380095586301792743 ) ) ;
#799 = CARTESIAN_POINT ( 'NONE',  ( -25.90021911633624896, 34.16715063828691967, -15.50000000000000178 ) ) ;
#800 = CARTESIAN_POINT ( 'NONE',  ( -20.96488279771368113, 52.50179458047023218, 13.28092626090686679 ) ) ;
#801 = CARTESIAN_POINT ( 'NONE',  ( -26.23515402209165259, 31.32061536042250793, 13.56949349873248600 ) ) ;
#802 = PLANE ( 'NONE',  #3421 ) ;
#803 = CARTESIAN_POINT ( 'NONE',  ( -15.58350215839578290, 28.03132134593393587, 15.87271520551876058 ) ) ;
#804 = ORIENTED_EDGE ( 'NONE', *, *, #2550, .F. ) ;
#806 = ORIENTED_EDGE ( 'NONE', *, *, #6091, .F. ) ;
#805 = CARTESIAN_POINT ( 'NONE',  ( -18.14068142740427803, 66.60354395018822515, -17.50000000000001066 ) ) ;
#807 = CARTESIAN_POINT ( 'NONE',  ( -26.49798921772708837, 28.46381277754591821, 13.83922887417182324 ) ) ;
#808 = DIRECTION ( 'NONE',  ( -0.7071067811865474617, 0.000000000000000000, 0.7071067811865474617 ) ) ;
#809 = AXIS2_PLACEMENT_3D ( 'NONE', #5360, #1086, #1004 ) ;
#810 = CYLINDRICAL_SURFACE ( 'NONE', #6924, 1.000000000000000888 ) ;
#811 = VECTOR ( 'NONE', #343, 1000.000000000000000 ) ;
#812 = FACE_OUTER_BOUND ( 'NONE', #4600, .T. ) ;
#813 = AXIS2_PLACEMENT_3D ( 'NONE', #4337, #3147, #4875 ) ;
#814 = ORIENTED_EDGE ( 'NONE', *, *, #2318, .F. ) ;
#815 = CARTESIAN_POINT ( 'NONE',  ( 14.58878044785449646, 105.3427977485784055, -15.50000000000000533 ) ) ;
#816 = ORIENTED_EDGE ( 'NONE', *, *, #7260, .T. ) ;
#817 = CARTESIAN_POINT ( 'NONE',  ( -12.57317811029227528, 105.9140414878790182, 8.550015765346852703 ) ) ;
#818 = VECTOR ( 'NONE', #5617, 1000.000000000000114 ) ;
#819 = CARTESIAN_POINT ( 'NONE',  ( 23.00000000000000000, 2.000000000000166533, 15.48707321619134625 ) ) ;
#820 = VERTEX_POINT ( 'NONE', #2351 ) ;
#821 = CARTESIAN_POINT ( 'NONE',  ( 10.77785730643875084, 41.26157766960639606, 14.52516271805876968 ) ) ;
#822 = CARTESIAN_POINT ( 'NONE',  ( 19.87099719687098442, 58.14669421021631024, 12.64624045366784166 ) ) ;
#823 = ADVANCED_FACE ( 'NONE', ( #2191 ), #5336, .F. ) ;
#824 = EDGE_LOOP ( 'NONE', ( #2105, #4368 ) ) ;
#825 = CC_DESIGN_PERSON_AND_ORGANIZATION_ASSIGNMENT ( #4408, #1401, ( #5187 ) ) ;
#826 = EDGE_CURVE ( 'NONE', #3608, #7535, #3456, .T. ) ;
#827 = CARTESIAN_POINT ( 'NONE',  ( 13.34314575050761675, -8.000000000000000000, -2.000000000000000444 ) ) ;
#828 = DIRECTION ( 'NONE',  ( 0.000000000000000000, 0.000000000000000000, -1.000000000000000000 ) ) ;
#829 = CARTESIAN_POINT ( 'NONE',  ( 18.69731660369563642, 63.81539415598055598, -17.50000000000000355 ) ) ;
#830 = CARTESIAN_POINT ( 'NONE',  ( -25.00000000000001066, 0.000000000000000000, -10.25000000000000000 ) ) ;
#831 = CARTESIAN_POINT ( 'NONE',  ( 20.99999999999999645, -8.000000000000000000, -2.000000000000000444 ) ) ;
#832 = DIRECTION ( 'NONE',  ( 1.000000000000000000, 0.000000000000000000, 0.000000000000000000 ) ) ;
#833 = PERSON_AND_ORGANIZATION ( #4320, #1812 ) ;
#834 = CARTESIAN_POINT ( 'NONE',  ( 6.730475774585952031, 46.70015043459419246, 11.90916838391841459 ) ) ;
#835 = EDGE_LOOP ( 'NONE', ( #6720, #1924 ) ) ;
#836 = EDGE_CURVE ( 'NONE', #4604, #2147, #4762, .T. ) ;
#837 = EDGE_CURVE ( 'NONE', #1670, #4027, #3450, .T. ) ;
#839 = VERTEX_POINT ( 'NONE', #3543 ) ;
#838 = CARTESIAN_POINT ( 'NONE',  ( 12.55195786872766028, 106.1425504830992281, 8.536685955222081290 ) ) ;
#840 = CARTESIAN_POINT ( 'NONE',  ( 19.54709390510435085, 11.48678152722285972, -0.8653988262961143096 ) ) ;
#841 = CARTESIAN_POINT ( 'NONE',  ( 14.90164470708512212, 100.2342743715046680, 6.766509156418985427 ) ) ;
#842 = CARTESIAN_POINT ( 'NONE',  ( -25.00000000000001421, 17.64627690009260874, 16.74965667821458837 ) ) ;
#843 = CARTESIAN_POINT ( 'NONE',  ( -23.29827672147586526, 50.70326799211123614, 11.51136535931851945 ) ) ;
#844 = CARTESIAN_POINT ( 'NONE',  ( -19.00000000000000000, 8.000000000000000000, 0.000000000000000000 ) ) ;
#845 = CARTESIAN_POINT ( 'NONE',  ( -7.672923097062174236, 49.79983331156199000, 13.58395382662579642 ) ) ;
#846 = EDGE_LOOP ( 'NONE', ( #3144, #7001, #1938, #6478, #5496, #6314 ) ) ;
#848 = EDGE_LOOP ( 'NONE', ( #5175, #2124 ) ) ;
#847 = CARTESIAN_POINT ( 'NONE',  ( -12.64897913843726585, 104.1220248557398236, -17.50000000000000355 ) ) ;
#849 = CARTESIAN_POINT ( 'NONE',  ( -21.90455380845428479, 57.94884426886157058, 10.69932979110984306 ) ) ;
#850 = CARTESIAN_POINT ( 'NONE',  ( 21.43678650550756615, 60.31774285337977659, -15.50000000000002132 ) ) ;
#851 = CARTESIAN_POINT ( 'NONE',  ( -20.54843111946205525, 8.735630141515608571, 8.374867008044908800 ) ) ;
#852 = FACE_OUTER_BOUND ( 'NONE', #978, .T. ) ;
#853 = ORIENTED_EDGE ( 'NONE', *, *, #5991, .F. ) ;
#854 = ORIENTED_EDGE ( 'NONE', *, *, #6001, .F. ) ;
#855 = ORIENTED_EDGE ( 'NONE', *, *, #3263, .T. ) ;
#856 = CARTESIAN_POINT ( 'NONE',  ( -14.47819721072727361, 86.96318380532365211, 9.679280223209655531 ) ) ;
#857 = DIRECTION ( 'NONE',  ( 1.000000000000000000, -0.000000000000000000, -0.000000000000000000 ) ) ;
#858 = VERTEX_POINT ( 'NONE', #1021 ) ;
#859 = CARTESIAN_POINT ( 'NONE',  ( 19.67220484298713856, 16.75397236945602941, 16.81407808975730234 ) ) ;
#860 = CARTESIAN_POINT ( 'NONE',  ( 20.10663814512022896, 56.94973399923964053, 12.78071045377933856 ) ) ;
#861 = VECTOR ( 'NONE', #2824, 1000.000000000000000 ) ;
#862 = EDGE_LOOP ( 'NONE', ( #5155, #2837, #6634, #111 ) ) ;
#863 = DIRECTION ( 'NONE',  ( -2.081668171172169460E-14, -0.8947649135693622746, -0.4465375118007576805 ) ) ;
#864 = DIRECTION ( 'NONE',  ( 0.000000000000000000, 1.000000000000000000, 0.000000000000000000 ) ) ;
#865 = CARTESIAN_POINT ( 'NONE',  ( 15.41429432371141672, 81.03570490166885065, -17.50000000000000355 ) ) ;
#866 = CARTESIAN_POINT ( 'NONE',  ( 19.00000000000000000, -8.000000000000000000, -8.673617379884035472E-16 ) ) ;
#867 = DIRECTION ( 'NONE',  ( 1.000000000000000000, -0.000000000000000000, 0.000000000000000000 ) ) ;
#868 = CARTESIAN_POINT ( 'NONE',  ( -20.26975048016584324, 9.501298905221089441, 6.594683019172353333 ) ) ;
#869 = EDGE_CURVE ( 'NONE', #5723, #6709, #4784, .T. ) ;
#870 = CARTESIAN_POINT ( 'NONE',  ( -26.99999999999999645, 11.67241142200666992, 15.13828834431255999 ) ) ;
#871 = CARTESIAN_POINT ( 'NONE',  ( 5.084635028758222930, 51.22206071977413444, 11.40350412774956368 ) ) ;
#872 = ORIENTED_EDGE ( 'NONE', *, *, #2023, .F. ) ;
#873 = ADVANCED_FACE ( 'NONE', ( #1100 ), #7183, .F. ) ;
#874 = VECTOR ( 'NONE', #5012, 1000.000000000000000 ) ;
#876 = EDGE_LOOP ( 'NONE', ( #785, #3647, #2192, #2110 ) ) ;
#875 = CARTESIAN_POINT ( 'NONE',  ( 14.50000000000000000, 110.0000000000000000, 6.500000000000005329 ) ) ;
#877 = B_SPLINE_CURVE_WITH_KNOTS ( 'NONE', 3,
 ( #4214, #6273, #1317, #6870 ),
 .UNSPECIFIED., .F., .F.,
 ( 4, 4 ),
 ( 0.1235697488741722000, 1.000000000000000000 ),
 .UNSPECIFIED. ) ;
#878 = CARTESIAN_POINT ( 'NONE',  ( -14.54266954126250866, 106.9195228700342710, 6.530226112820098017 ) ) ;
#879 = CARTESIAN_POINT ( 'NONE',  ( -24.72604501944928046, 42.45085707492284399, -15.50000000000000711 ) ) ;
#880 = LINE ( 'NONE', #2776, #2713 ) ;
#881 = EDGE_CURVE ( 'NONE', #2870, #4069, #1708, .T. ) ;
#882 = CIRCLE ( 'NONE', #5556, 10.00000000000000533 ) ;
#883 = CARTESIAN_POINT ( 'NONE',  ( -21.06215081534061184, 62.18909718230295880, 10.22474400101043379 ) ) ;
#884 = DIRECTION ( 'NONE',  ( -1.000000000000000000, -0.000000000000000000, -0.000000000000000000 ) ) ;
#885 = CARTESIAN_POINT ( 'NONE',  ( -9.181918667924094279, 45.65116039977421991, 14.04532184731512423 ) ) ;
#886 = EDGE_CURVE ( 'NONE', #8024, #6247, #5455, .T. ) ;
#887 = ADVANCED_FACE ( 'NONE', ( #493 ), #4843, .F. ) ;
#888 = ORIENTED_EDGE ( 'NONE', *, *, #6397, .F. ) ;
#890 = ORIENTED_EDGE ( 'NONE', *, *, #4062, .F. ) ;
#889 = CARTESIAN_POINT ( 'NONE',  ( -14.60923995642221840, 85.93754702120925515, -17.50000000000000355 ) ) ;
#891 = CARTESIAN_POINT ( 'NONE',  ( -23.42190285296746310, 50.01310555487602727, 11.58794495359061472 ) ) ;
#892 = CARTESIAN_POINT ( 'NONE',  ( 26.94507948041727019, 21.47309319221897184, -15.50000000000002132 ) ) ;
#893 = LINE ( 'NONE', #6812, #6009 ) ;
#894 = CARTESIAN_POINT ( 'NONE',  ( -16.17309598624864364, 88.95414859744012404, -15.50000000000001599 ) ) ;
#895 = AXIS2_PLACEMENT_3D ( 'NONE', #1643, #2367, #7281 ) ;
#896 = ORIENTED_EDGE ( 'NONE', *, *, #2612, .T. ) ;
#897 = CARTESIAN_POINT ( 'NONE',  ( -23.00000000000000000, 0.000000000000000000, -15.50000000000001421 ) ) ;
#898 = VERTEX_POINT ( 'NONE', #6695 ) ;
#899 = AXIS2_PLACEMENT_3D ( 'NONE', #7807, #1807, #1045 ) ;
#900 = CARTESIAN_POINT ( 'NONE',  ( -12.85434413142434096, 100.8796917201283918, 8.730709328094846455 ) ) ;
#901 = FACE_BOUND ( 'NONE', #3722, .T. ) ;
#902 = ORIENTED_EDGE ( 'NONE', *, *, #6294, .T. ) ;
#903 = CARTESIAN_POINT ( 'NONE',  ( 8.999696356303131139, 46.15222497674165680, 13.98994137818406180 ) ) ;
#904 = CARTESIAN_POINT ( 'NONE',  ( 19.29745791925839171, 61.03416424663812023, 12.32287734890967634 ) ) ;
#905 = CIRCLE ( 'NONE', #6358, 10.25000000000000000 ) ;
#906 = EDGE_LOOP ( 'NONE', ( #4545, #2269, #6891, #3834, #7680, #3987, #5995, #1696, #3085 ) ) ;
#907 = CARTESIAN_POINT ( 'NONE',  ( -13.50000000000000178, 115.0000000000000000, -10.25000000000000178 ) ) ;
#908 = CARTESIAN_POINT ( 'NONE',  ( 13.34314575050761675, 6.786102288236723657E-16, -6.000000000000000000 ) ) ;
#909 = CARTESIAN_POINT ( 'NONE',  ( 16.84423856899149285, 73.21985782886150673, -17.50000000000000000 ) ) ;
#910 = CARTESIAN_POINT ( 'NONE',  ( -2.500000000000000000, 58.32328709881840467, 10.60535141707432238 ) ) ;
#911 = CARTESIAN_POINT ( 'NONE',  ( -25.00000000000001066, 0.000000000000000000, 0.000000000000000000 ) ) ;
#912 = CARTESIAN_POINT ( 'NONE',  ( 27.00000000000000000, 1.255262969126037241E-15, -10.25000000000000000 ) ) ;
#913 = PERSON_AND_ORGANIZATION ( #4320, #1812 ) ;
#914 = CARTESIAN_POINT ( 'NONE',  ( -25.00000000000001066, 0.000000000000000000, 17.50000000000000355 ) ) ;
#915 = ORIENTED_EDGE ( 'NONE', *, *, #7470, .T. ) ;
#917 = EDGE_LOOP ( 'NONE', ( #6306, #3910 ) ) ;
#916 = CARTESIAN_POINT ( 'NONE',  ( 15.76730899667822960, 79.19002996084395818, 10.39139752925823501 ) ) ;
#918 = DIRECTION ( 'NONE',  ( 1.000000000000000000, -0.000000000000000000, -0.000000000000000000 ) ) ;
#919 = CARTESIAN_POINT ( 'NONE',  ( 15.64691323108488952, 92.94792124627838348, 7.219678842834079902 ) ) ;
#920 = CARTESIAN_POINT ( 'NONE',  ( -24.84566646114455679, 23.55643265113937090, 16.27614256471810350 ) ) ;
#921 = CARTESIAN_POINT ( 'NONE',  ( -24.03000230365425338, 33.24335602557457747, 15.36637776388094956 ) ) ;
#922 = CARTESIAN_POINT ( 'NONE',  ( -0.08446001427301480513, 71.27164142984278783, -17.50000000000000355 ) ) ;
#923 = B_SPLINE_CURVE_WITH_KNOTS ( 'NONE', 3,
 ( #7346, #3628, #2239, #5942 ),
 .UNSPECIFIED., .F., .F.,
 ( 4, 4 ),
 ( 0.000000000000000000, 0.005893882404944327663 ),
 .UNSPECIFIED. ) ;
#924 = LINE ( 'NONE', #6485, #2878 ) ;
#925 = ORIENTED_EDGE ( 'NONE', *, *, #436, .F. ) ;
#926 = EDGE_CURVE ( 'NONE', #4160, #3902, #7993, .T. ) ;
#928 = ORIENTED_EDGE ( 'NONE', *, *, #3255, .T. ) ;
#927 = CARTESIAN_POINT ( 'NONE',  ( -13.68549801336261851, 92.51340971031299887, -17.50000000000000711 ) ) ;
#929 = CARTESIAN_POINT ( 'NONE',  ( -23.99390506241848442, 46.82006483137104169, 11.94186257155055664 ) ) ;
#930 = ADVANCED_FACE ( 'NONE', ( #7456 ), #5574, .F. ) ;
#931 = CARTESIAN_POINT ( 'NONE',  ( 22.67120305813054060, 42.67810587427749169, -17.50000000000000355 ) ) ;
#932 = CARTESIAN_POINT ( 'NONE',  ( 22.97357852759444441, 1.948090437592444824, -10.81232867310906443 ) ) ;
#933 = DIRECTION ( 'NONE',  ( -0.7071067811865426878, 0.000000000000000000, 0.7071067811865524577 ) ) ;
#934 = CARTESIAN_POINT ( 'NONE',  ( -16.75312269569339918, 85.13292874240700314, -15.50000000000001954 ) ) ;
#935 = VERTEX_POINT ( 'NONE', #691 ) ;
#936 = CIRCLE ( 'NONE', #1585, 1.000000000000001776 ) ;
#937 = VERTEX_POINT ( 'NONE', #6133 ) ;
#938 = CARTESIAN_POINT ( 'NONE',  ( -18.99999999995286259, 10.13425006710177101, -1.587094389818722862 ) ) ;
#939 = CARTESIAN_POINT ( 'NONE',  ( -17.57440844083399867, 69.67632430267477162, 11.37398725204018568 ) ) ;
#940 = FACE_OUTER_BOUND ( 'NONE', #5434, .T. ) ;
#941 = VERTEX_POINT ( 'NONE', #1215 ) ;
#942 = CARTESIAN_POINT ( 'NONE',  ( 21.76542376040756466, 5.391970340875452905, 10.09357392422699107 ) ) ;
#943 = CARTESIAN_POINT ( 'NONE',  ( 17.58599166389406676, 69.61754447187387029, 11.38029690442723307 ) ) ;
#944 = AXIS2_PLACEMENT_3D ( 'NONE', #6171, #4309, #1942 ) ;
#945 = EDGE_LOOP ( 'NONE', ( #1039, #3413, #6318, #1166 ) ) ;
#946 = CIRCLE ( 'NONE', #3666, 2.250000000000000444 ) ;
#947 = DIRECTION ( 'NONE',  ( -1.000000000000000000, 0.000000000000000000, -0.000000000000000000 ) ) ;
#948 = CARTESIAN_POINT ( 'NONE',  ( -13.50000000000000178, 115.0000000000000000, 1.249999999999996669 ) ) ;
#949 = CARTESIAN_POINT ( 'NONE',  ( 16.45816202774698667, 75.25639278906793095, -17.50000000000001066 ) ) ;
#950 = CARTESIAN_POINT ( 'NONE',  ( -6.296722434857114692, 47.89187794111215624, 11.77640908033233735 ) ) ;
#951 = DIRECTION ( 'NONE',  ( 0.000000000000000000, 0.000000000000000000, -1.000000000000000000 ) ) ;
#952 = CARTESIAN_POINT ( 'NONE',  ( -19.75682089184967438, 7.276823014128317446, 7.265729503532117661 ) ) ;
#953 = LINE ( 'NONE', #4459, #5284 ) ;
#954 = ORIENTED_EDGE ( 'NONE', *, *, #723, .F. ) ;
#956 = ORIENTED_EDGE ( 'NONE', *, *, #2308, .T. ) ;
#955 = CARTESIAN_POINT ( 'NONE',  ( 14.50001378938077856, 108.0821638410566550, 6.500108592368339266 ) ) ;
#957 = CYLINDRICAL_SURFACE ( 'NONE', #3750, 1.000000000000000888 ) ;
#958 = CARTESIAN_POINT ( 'NONE',  ( -26.35637396795936382, 29.99999999999998934, -15.50000000000000533 ) ) ;
#959 = DIRECTION ( 'NONE',  ( 1.000000000000000000, -0.000000000000000000, 0.000000000000000000 ) ) ;
#960 = LINE ( 'NONE', #6375, #2391 ) ;
#961 = CIRCLE ( 'NONE', #7944, 1.999999999999999556 ) ;
#962 = CARTESIAN_POINT ( 'NONE',  ( -16.76282018968883847, 85.07225523403991474, 7.860673116166845276 ) ) ;
#963 = DIRECTION ( 'NONE',  ( 0.000000000000000000, 0.000000000000000000, 1.000000000000000000 ) ) ;
#964 = CIRCLE ( 'NONE', #4729, 1.000000000000000888 ) ;
#965 =( BOUNDED_CURVE ( )  B_SPLINE_CURVE ( 3, ( #3486, #5964, #5275, #6002 ),
 .UNSPECIFIED., .F., .F. ) 
 B_SPLINE_CURVE_WITH_KNOTS ( ( 4, 4 ),
 ( 0.4628918671603596269, 1.422881563569733832 ),
 .UNSPECIFIED. ) 
 CURVE ( )  GEOMETRIC_REPRESENTATION_ITEM ( )  RATIONAL_B_SPLINE_CURVE ( ( 1.000000000000000000, 0.9246648678395370524, 0.9246648678395370524, 1.000000000000000000 ) ) 
 REPRESENTATION_ITEM ( '' )  );
#966 = CARTESIAN_POINT ( 'NONE',  ( 4.999999999999997335, 79.52049869174365426, -14.50000000000000533 ) ) ;
#967 = VERTEX_POINT ( 'NONE', #3736 ) ;
#969 = ORIENTED_EDGE ( 'NONE', *, *, #1319, .F. ) ;
#968 = CARTESIAN_POINT ( 'NONE',  ( -12.65771140058530619, 103.9470836490280732, -17.50000000000000355 ) ) ;
#970 = CARTESIAN_POINT ( 'NONE',  ( -23.99817944068901099, 46.79560099203623480, 11.94455922420634231 ) ) ;
#971 = DIRECTION ( 'NONE',  ( -0.000000000000000000, -0.7071067812100576555, -0.7071067811630374900 ) ) ;
#972 = CARTESIAN_POINT ( 'NONE',  ( -14.51817839733992699, 108.0000000000000284, 6.499999999999993783 ) ) ;
#973 = CARTESIAN_POINT ( 'NONE',  ( 24.00000000000000000, -8.000000000000000000, -8.673617379884035472E-16 ) ) ;
#974 = ADVANCED_FACE ( 'NONE', ( #651 ), #6210, .F. ) ;
#975 = CARTESIAN_POINT ( 'NONE',  ( -13.92386231687241605, 90.59795098104105193, -17.50000000000000355 ) ) ;
#976 = EDGE_CURVE ( 'NONE', #1308, #7249, #2470, .T. ) ;
#977 = ORIENTED_EDGE ( 'NONE', *, *, #7462, .F. ) ;
#978 = EDGE_LOOP ( 'NONE', ( #1295, #1987, #5212, #7853, #1980, #4512, #1090, #5621, #7651, #6342 ) ) ;
#979 = LINE ( 'NONE', #2188, #4253 ) ;
#980 = CARTESIAN_POINT ( 'NONE',  ( -14.78183764421629398, 85.00793390704403407, 9.848847919543080920 ) ) ;
#981 = CARTESIAN_POINT ( 'NONE',  ( -13.50000000000000178, 115.0000000000000000, 3.499999999999996891 ) ) ;
#982 = ORIENTED_EDGE ( 'NONE', *, *, #6525, .T. ) ;
#983 = PLANE ( 'NONE',  #7153 ) ;
#984 = EDGE_CURVE ( 'NONE', #6504, #7370, #4881, .T. ) ;
#985 = CARTESIAN_POINT ( 'NONE',  ( 14.74598164722462457, 85.23856802770050933, 9.828831389809352004 ) ) ;
#986 = EDGE_CURVE ( 'NONE', #711, #3401, #3696, .T. ) ;
#987 = ORIENTED_EDGE ( 'NONE', *, *, #5348, .F. ) ;
#988 = CARTESIAN_POINT ( 'NONE',  ( -20.26975048016598180, 9.501298905220615154, -6.594683019172411065 ) ) ;
#989 = DIRECTION ( 'NONE',  ( 1.000000000000000000, -0.000000000000000000, 0.000000000000000000 ) ) ;
#990 = CARTESIAN_POINT ( 'NONE',  ( 19.54192796863210546, 59.58508836968904632, -17.50000000000000355 ) ) ;
#991 = CARTESIAN_POINT ( 'NONE',  ( -2.941836669384019221, 57.10935082659898399, 10.74153664985550272 ) ) ;
#992 = CARTESIAN_POINT ( 'NONE',  ( -5.000000000000002665, 110.0000000000000000, 6.409682082549484683 ) ) ;
#993 = CARTESIAN_POINT ( 'NONE',  ( 19.53920969096226301, 11.50844322754841187, -0.4298204171614428692 ) ) ;
#994 = CARTESIAN_POINT ( 'NONE',  ( 24.79965734961040980, 24.46706230250627812, 16.19762531530736283 ) ) ;
#995 = ORIENTED_EDGE ( 'NONE', *, *, #2857, .F. ) ;
#997 = ORIENTED_EDGE ( 'NONE', *, *, #7318, .F. ) ;
#996 = CARTESIAN_POINT ( 'NONE',  ( 23.29827672147589013, 50.70326799211122193, 11.51136535931852656 ) ) ;
#998 = DIRECTION ( 'NONE',  ( 1.000000000000000000, -0.000000000000000000, 0.000000000000000000 ) ) ;
#999 = CARTESIAN_POINT ( 'NONE',  ( 19.49946776436070905, 70.03889160135436498, 9.364933583755009394 ) ) ;
#1000 = CARTESIAN_POINT ( 'NONE',  ( -24.42276942824087271, 29.39690675836261846, 15.74287078559815534 ) ) ;
#1001 = CARTESIAN_POINT ( 'NONE',  ( -21.94059561800188973, 48.55791397368845708, -15.50000000000000533 ) ) ;
#1002 = CARTESIAN_POINT ( 'NONE',  ( -24.60531381537262163, 27.42410135654173331, 15.93189807676281866 ) ) ;
#1003 = FACE_OUTER_BOUND ( 'NONE', #3778, .T. ) ;
#1004 = DIRECTION ( 'NONE',  ( 0.000000000000000000, 0.000000000000000000, 1.000000000000000000 ) ) ;
#1005 = AXIS2_PLACEMENT_3D ( 'NONE', #7409, #1130, #1246 ) ;
#1006 = EDGE_LOOP ( 'NONE', ( #4933, #373, #6439, #360 ) ) ;
#1007 = VECTOR ( 'NONE', #2381, 1000.000000000000000 ) ;
#1009 = ORIENTED_EDGE ( 'NONE', *, *, #4216, .T. ) ;
#1008 = CARTESIAN_POINT ( 'NONE',  ( -15.56282453155039569, 80.18136436158592062, -17.50000000000000355 ) ) ;
#1010 = CARTESIAN_POINT ( 'NONE',  ( -17.41094437211794244, 81.22708552317385511, 8.220996830650417309 ) ) ;
#1011 = FACE_OUTER_BOUND ( 'NONE', #2144, .T. ) ;
#1012 = FACE_OUTER_BOUND ( 'NONE', #5583, .T. ) ;
#1013 = DIRECTION ( 'NONE',  ( 0.000000000000000000, 0.000000000000000000, 1.000000000000000000 ) ) ;
#1014 = CARTESIAN_POINT ( 'NONE',  ( -12.74293348173995888, 102.2087139236347326, -17.49999999999999289 ) ) ;
#1015 = AXIS2_PLACEMENT_3D ( 'NONE', #6020, #5417, #7787 ) ;
#1016 = AXIS2_PLACEMENT_3D ( 'NONE', #5773, #6984, #332 ) ;
#1017 = EDGE_CURVE ( 'NONE', #3151, #328, #5681, .T. ) ;
#1018 = ORIENTED_EDGE ( 'NONE', *, *, #5348, .T. ) ;
#1019 = CARTESIAN_POINT ( 'NONE',  ( -27.00000000000000000, 0.000000000000000000, -15.50000000000001776 ) ) ;
#1020 = CARTESIAN_POINT ( 'NONE',  ( -16.43338136851472342, 75.59157775155263437, 10.75374656163438658 ) ) ;
#1021 = CARTESIAN_POINT ( 'NONE',  ( 4.999999999999997335, 118.0000000000000142, 5.499999999999998224 ) ) ;
#1022 = VECTOR ( 'NONE', #5716, 1000.000000000000000 ) ;
#1023 = VERTEX_POINT ( 'NONE', #5611 ) ;
#1024 = CYLINDRICAL_SURFACE ( 'NONE', #5737, 2.250000000000000444 ) ;
#1025 = VECTOR ( 'NONE', #2772, 1000.000000000000000 ) ;
#1026 = CARTESIAN_POINT ( 'NONE',  ( 14.34208025085635185, 87.85489390931958553, 9.603029603122786639 ) ) ;
#1027 = ORIENTED_EDGE ( 'NONE', *, *, #5596, .T. ) ;
#1028 = CIRCLE ( 'NONE', #1280, 1.000000000000000666 ) ;
#1029 = EDGE_CURVE ( 'NONE', #3237, #5513, #5171, .T. ) ;
#1030 = AXIS2_PLACEMENT_3D ( 'NONE', #3639, #5474, #2333 ) ;
#1031 = DIRECTION ( 'NONE',  ( 0.000000000000000000, 0.000000000000000000, -1.000000000000000000 ) ) ;
#1032 = CARTESIAN_POINT ( 'NONE',  ( -25.70215849411169629, 0.05018753596196608852, 17.49999333970504267 ) ) ;
#1033 = CARTESIAN_POINT ( 'NONE',  ( 21.98145313831365044, 46.71744035582663201, -17.50000000000000711 ) ) ;
#1034 = DIRECTION ( 'NONE',  ( 0.000000000000000000, 0.000000000000000000, -1.000000000000000000 ) ) ;
#1035 = CARTESIAN_POINT ( 'NONE',  ( 4.999999999999997335, 113.0000000000000000, 5.499999999999997335 ) ) ;
#1036 = CARTESIAN_POINT ( 'NONE',  ( 23.02333736379413054, 1.935881119945980666, -11.13652132342981815 ) ) ;
#1037 = EDGE_CURVE ( 'NONE', #4028, #3817, #3738, .T. ) ;
#1038 = LINE ( 'NONE', #5950, #1774 ) ;
#1039 = ORIENTED_EDGE ( 'NONE', *, *, #7228, .F. ) ;
#1040 = CIRCLE ( 'NONE', #7255, 1.000000000000000888 ) ;
#1042 = VERTEX_POINT ( 'NONE', #7981 ) ;
#1041 = CARTESIAN_POINT ( 'NONE',  ( 13.50000000000000178, 115.0000000000000000, 3.499999999999996891 ) ) ;
#1043 = CARTESIAN_POINT ( 'NONE',  ( -14.65024505937155475, 104.1460927940308778, 6.603403311162330702 ) ) ;
#1044 = CARTESIAN_POINT ( 'NONE',  ( 17.25630001049523088, 82.12707847620838209, 8.135327342967514141 ) ) ;
#1045 = DIRECTION ( 'NONE',  ( 0.000000000000000000, 0.8947649135693594991, 0.4465375118007632871 ) ) ;
#1046 = LINE ( 'NONE', #1778, #4504 ) ;
#1047 = CARTESIAN_POINT ( 'NONE',  ( -14.75045700195424203, 102.3268622703897108, 6.669652957789410586 ) ) ;
#1048 = DIRECTION ( 'NONE',  ( -1.000000000000000000, 0.000000000000000000, -0.000000000000000000 ) ) ;
#1049 = CARTESIAN_POINT ( 'NONE',  ( -23.00000000000000000, 1.999999999999922506, -15.50000000000001421 ) ) ;
#1050 = ORIENTED_EDGE ( 'NONE', *, *, #1723, .F. ) ;
#1053 = VERTEX_POINT ( 'NONE', #7384 ) ;
#1052 = LINE ( 'NONE', #5481, #7480 ) ;
#1051 = CYLINDRICAL_SURFACE ( 'NONE', #6192, 2.000000000000000000 ) ;
#1054 = CARTESIAN_POINT ( 'NONE',  ( -20.68312671198691177, 64.08437187877488839, 10.01507989301220825 ) ) ;
#1055 = CARTESIAN_POINT ( 'NONE',  ( 15.07109550586971736, 82.88804319972044254, -17.50000000000000711 ) ) ;
#1056 = CARTESIAN_POINT ( 'NONE',  ( 22.26117950530530010, 1.710542466965432329, 10.13271346819682961 ) ) ;
#1057 = CARTESIAN_POINT ( 'NONE',  ( -19.00000000000000000, 8.000000000000000000, 1.000000000000000888 ) ) ;
#1058 = CARTESIAN_POINT ( 'NONE',  ( -13.23213054978013403, 96.39388618649905993, -17.50000000000000355 ) ) ;
#1059 = CARTESIAN_POINT ( 'NONE',  ( -23.99681313087233292, 33.24981672648194575, -17.50000000000000000 ) ) ;
#1060 = CARTESIAN_POINT ( 'NONE',  ( -19.00000000000000000, 9.171340364085848407, -4.577009495957994112 ) ) ;
#1061 = CARTESIAN_POINT ( 'NONE',  ( -17.01898650106379307, 72.52030147236091295, 11.07190396164228297 ) ) ;
#1062 = DIRECTION ( 'NONE',  ( -1.000000000000000000, 0.000000000000000000, -0.000000000000000000 ) ) ;
#1063 = EDGE_LOOP ( 'NONE', ( #1913, #1180, #2895, #5955, #3375 ) ) ;
#1064 = CARTESIAN_POINT ( 'NONE',  ( 25.00000000000001066, 2.002958818476489267, 17.48720246861695315 ) ) ;
#1065 = CARTESIAN_POINT ( 'NONE',  ( 14.51011957587138035, 86.75400052296342324, 9.697163571187390474 ) ) ;
#1066 = VERTEX_POINT ( 'NONE', #72 ) ;
#1067 = LINE ( 'NONE', #2322, #6211 ) ;
#1068 = CARTESIAN_POINT ( 'NONE',  ( -24.84569499057607089, 2.431746893069424154, 17.48162217169677390 ) ) ;
#1069 = CARTESIAN_POINT ( 'NONE',  ( 22.95285560744450848, 40.85246771727022264, -17.50000000000000711 ) ) ;
#1070 = CARTESIAN_POINT ( 'NONE',  ( -13.85086746396425461, 27.13703505035538299, 13.95249581436680764 ) ) ;
#1071 = CARTESIAN_POINT ( 'NONE',  ( -27.00000000000000000, 4.358588329504095249, 15.44157209484883353 ) ) ;
#1072 = LINE ( 'NONE', #7391, #6766 ) ;
#1073 = CARTESIAN_POINT ( 'NONE',  ( -4.770117791008370745, 57.93379852884686443, -17.50000000000000355 ) ) ;
#1074 = EDGE_CURVE ( 'NONE', #7083, #6584, #152, .T. ) ;
#1075 = ORIENTED_EDGE ( 'NONE', *, *, #4168, .T. ) ;
#1076 = VECTOR ( 'NONE', #3447, 1000.000000000000000 ) ;
#1077 = EDGE_CURVE ( 'NONE', #3391, #3842, #1897, .T. ) ;
#1079 = ORIENTED_EDGE ( 'NONE', *, *, #3867, .T. ) ;
#1078 = DIRECTION ( 'NONE',  ( 1.000000000000000000, -0.000000000000000000, 0.000000000000000000 ) ) ;
#1080 = CARTESIAN_POINT ( 'NONE',  ( -2.093631781351319261E-15, 118.0000000000000142, -17.50000000000000355 ) ) ;
#1081 = CARTESIAN_POINT ( 'NONE',  ( 16.34081848343157972, 87.85692673915096407, 7.621295808062897414 ) ) ;
#1082 = CARTESIAN_POINT ( 'NONE',  ( 24.00000000000000000, 5.561455489089373162E-16, -9.000000000000001776 ) ) ;
#1083 = FACE_OUTER_BOUND ( 'NONE', #5067, .T. ) ;
#1084 = CIRCLE ( 'NONE', #7420, 1.000000000000000888 ) ;
#1085 = ADVANCED_FACE ( 'NONE', ( #4345 ), #1178, .F. ) ;
#1086 = DIRECTION ( 'NONE',  ( -1.000000000000000000, -0.000000000000000000, -0.000000000000000000 ) ) ;
#1087 = EDGE_CURVE ( 'NONE', #839, #2151, #6804, .T. ) ;
#1090 = ORIENTED_EDGE ( 'NONE', *, *, #1266, .T. ) ;
#1089 = DIRECTION ( 'NONE',  ( -1.000000000000000000, 0.000000000000000000, 0.000000000000000000 ) ) ;
#1088 = LINE ( 'NONE', #7970, #5936 ) ;
#1091 = CARTESIAN_POINT ( 'NONE',  ( -18.87595070059252222, 73.24417117481267780, 9.024520712457643867 ) ) ;
#1092 = CARTESIAN_POINT ( 'NONE',  ( 13.44536567334158939, 94.44170772460338981, -17.50000000000000355 ) ) ;
#1093 = B_SPLINE_CURVE_WITH_KNOTS ( 'NONE', 3,
 ( #5121, #6208, #649, #1939, #4425, #6886, #6373, #6970, #1337, #5078, #1860, #4956, #4995, #4342, #3820, #7536, #807, #7453, #1895, #6293, #728, #3860, #3197, #5684, #5572, #6331, #112, #5724, #767, #155, #7576, #8019, #6802, #1250, #4021, #6529, #5921, #7654, #3323, #3283, #7735, #7011, #1619, #4060, #5804, #5325, #4098, #1499, #6490, #5160, #3977, #320, #4589, #4548, #970, #929, #4713, #3445, #7779, #6449, #891, #3402, #5766, #1539, #2746, #361, #7171, #3365, #1460, #6568, #199, #5883, #2830, #2223, #5845, #4671, #281, #2667, #3942, #2136, #5239, #7616, #2063, #6413, #7693, #849, #4628, #240, #2710, #5203, #2098, #2786, #7050, #7087, #5279, #1578, #2179, #7131, #6046, #7818, #481, #5445, #7334, #1054, #7934, #4834, #6686, #7209, #447, #4874, #3033, #1776, #6085, #565, #5969, #5526, #525, #4911, #4143, #3535, #1091, #5404, #2380, #4791, #7894, #2343, #2262, #4260, #4751, #1659, #3573, #5484, #2910, #7373, #6612, #7854, #6122, #6010, #7974, #1010, #6649, #7294, #1818, #2302, #1737, #7254, #1700, #4299, #4223, #4182, #6722, #2949, #3492, #1127, #2420, #3610, #2991, #2871, #1168, #3649, #407, #5369, #2289, #2127, #6518, #7805, #2899, #4658, #5230, #7041, #7843, #5313, #4129, #5996, #1566, #397, #5269, #2249, #7684, #5911, #2168, #1043, #433, #3968, #7116, #4740, #7723, #1490, #6440, #878, #5871, #1606, #1528, #3353, #4007, #5353 ),
 .UNSPECIFIED., .F., .F.,
 ( 4, 2, 1, 1, 1, 1, 1, 2, 2, 2, 1, 1, 1, 1, 1, 2, 2, 2, 1, 1, 1, 1, 1, 2, 2, 2, 1, 1, 1, 1, 1, 2, 2, 2, 2, 1, 1, 1, 1, 1, 2, 2, 2, 2, 1, 1, 1, 1, 1, 1, 2, 2, 1, 1, 1, 1, 1, 1, 2, 2, 1, 1, 1, 1, 1, 1, 2, 2, 2, 2, 1, 1, 1, 1, 1, 2, 2, 2, 2, 1, 1, 1, 1, 1, 2, 2, 2, 2, 1, 1, 1, 1, 2, 2, 2, 1, 1, 1, 1, 1, 2, 2, 2, 1, 1, 1, 1, 1, 2, 2, 2, 1, 1, 1, 1, 1, 2, 2, 2, 1, 1, 1, 1, 1, 2, 2, 2, 1, 1, 1, 1, 1, 2, 2, 1, 1, 1, 1, 2, 2, 4 ),
 ( 0.000000000000000000, 0.03124999999997415262, 0.04687499999996117689, 0.05468749999995473760, 0.05859374999995152489, 0.06054687499994990812, 0.06152343749994909627, 0.06201171874994874239, 0.06249999999994838851, 0.09374999999992425503, 0.1093749999999121397, 0.1171874999999060890, 0.1210937499999030637, 0.1230468749999015926, 0.1240234374999009126, 0.1245117187499005657, 0.1249999999999002187, 0.1562499999998799849, 0.1718749999998697431, 0.1796874999998646083, 0.1835937499998619438, 0.1855468749998607225, 0.1865234374998601119, 0.1870117187498597788, 0.1874999999998594458, 0.2187499999998469280, 0.2343749999998406830, 0.2421874999998376576, 0.2460937499998361311, 0.2480468749998353817, 0.2490234374998349931, 0.2495117187498349098, 0.2499999999998347988, 0.2812499999998234190, 0.2968749999998176459, 0.3046874999998148148, 0.3085937499998134270, 0.3105468749998127054, 0.3115234374998124278, 0.3120117187498122058, 0.3122558593748120948, 0.3124999999998120392, 0.3437499999998075983, 0.3593749999998053779, 0.3671874999998042677, 0.3710937499998038236, 0.3730468749998036015, 0.3740234374998035460, 0.3745117187498036571, 0.3747558593748037681, 0.3748779296873038236, 0.3749999999998038791, 0.3906249999998204769, 0.3984374999998287481, 0.4023437499998329114, 0.4042968749998349098, 0.4052734374998358535, 0.4057617187498362976, 0.4060058593748365197, 0.4062499999998366862, 0.4218749999998455125, 0.4296874999998499534, 0.4335937499998521183, 0.4355468749998532285, 0.4365234374998538946, 0.4370117187498543387, 0.4372558593748546163, 0.4374999999998548939, 0.4687499999999107936, 0.4843749999999388267, 0.4921874999999528155, 0.4960937499999598099, 0.4980468749999635847, 0.4990234374999654721, 0.4995117187499660827, 0.4997558593749664713, 0.4999999999999668043, 0.5312500000000437428, 0.5468750000000824896, 0.5546875000001018075, 0.5585937500001113554, 0.5605468750001160183, 0.5615234375001185718, 0.5620117187501195710, 0.5622558593751197931, 0.5625000000001200151, 0.5937500000001266764, 0.6093750000001298961, 0.6171875000001315614, 0.6210937500001321165, 0.6230468750001323386, 0.6240234375001327827, 0.6245117187501328937, 0.6250000000001331157, 0.6562500000001391109, 0.6718750000001421085, 0.6796875000001435518, 0.6835937500001445510, 0.6855468750001448841, 0.6865234375001451061, 0.6870117187501451061, 0.6875000000001449951, 0.7187500000001472156, 0.7343750000001482148, 0.7421875000001484368, 0.7460937500001485478, 0.7480468750001485478, 0.7490234375001486589, 0.7495117187501486589, 0.7500000000001486589, 0.7812500000001448841, 0.7968750000001431077, 0.8046875000001425526, 0.8085937500001422196, 0.8105468750001419975, 0.8115234375001419975, 0.8120117187501419975, 0.8125000000001418865, 0.8437500000001377787, 0.8593750000001357803, 0.8671875000001346701, 0.8710937500001341149, 0.8730468750001336709, 0.8740234375001334488, 0.8745117187501330047, 0.8750000000001325606, 0.9062500000000980327, 0.9218750000000806022, 0.9296875000000719425, 0.9335937500000676126, 0.9355468750000653921, 0.9365234375000640599, 0.9370117187500633937, 0.9375000000000628386, 0.9531250000000502931, 0.9609375000000438538, 0.9648437500000406342, 0.9667968750000387468, 0.9677734375000376366, 0.9687500000000365263, 1.000000000000000000 ),
 .UNSPECIFIED. ) ;
#1094 = CARTESIAN_POINT ( 'NONE',  ( -14.56633983096800122, 105.3258092279619547, 6.499999999999993783 ) ) ;
#1095 = CARTESIAN_POINT ( 'NONE',  ( -23.05415620276173883, 1.851207055788862021, 15.54304912220728596 ) ) ;
#1096 = CARTESIAN_POINT ( 'NONE',  ( -26.99997052030281708, 19.49713353633821811, -15.50000000000000711 ) ) ;
#1097 = CARTESIAN_POINT ( 'NONE',  ( -24.43028690554489657, 29.12498514828390128, -17.49999999999999645 ) ) ;
#1098 = CARTESIAN_POINT ( 'NONE',  ( 19.00000000000000000, 0.000000000000000000, 10.25000000000000000 ) ) ;
#1099 = CARTESIAN_POINT ( 'NONE',  ( -15.28465168612668634, 81.97847091091558980, 10.12656697013161100 ) ) ;
#1100 = FACE_OUTER_BOUND ( 'NONE', #5215, .T. ) ;
#1101 = CARTESIAN_POINT ( 'NONE',  ( 19.75682089184967793, 7.276823014128319222, 7.265729503532120326 ) ) ;
#1102 = CARTESIAN_POINT ( 'NONE',  ( 15.50369712105001518, 80.71090911302948712, 10.24678690945535031 ) ) ;
#1103 = ORIENTED_EDGE ( 'NONE', *, *, #3905, .T. ) ;
#1104 = DIRECTION ( 'NONE',  ( 0.000000000000000000, -0.000000000000000000, -1.000000000000000000 ) ) ;
#1105 = CARTESIAN_POINT ( 'NONE',  ( -21.21278372680871982, 12.49753793504088151, 17.09386099851701246 ) ) ;
#1106 = CARTESIAN_POINT ( 'NONE',  ( 23.12315861508135839, 39.74878579504136411, -17.50000000000000000 ) ) ;
#1107 = CARTESIAN_POINT ( 'NONE',  ( -15.28745927281843642, 23.19003149455514645, 14.30802905883554210 ) ) ;
#1108 = ORIENTED_EDGE ( 'NONE', *, *, #3245, .F. ) ;
#1109 = DIRECTION ( 'NONE',  ( 0.000000000000000000, 1.000000000000000000, -0.000000000000000000 ) ) ;
#1110 = DIRECTION ( 'NONE',  ( 0.7071067811865463515, -0.7071067811865487940, 0.000000000000000000 ) ) ;
#1111 = CARTESIAN_POINT ( 'NONE',  ( 24.98725231911720357, 19.56364833794565428, 16.60562128931128356 ) ) ;
#1112 = EDGE_LOOP ( 'NONE', ( #5910, #6794 ) ) ;
#1113 = ADVANCED_FACE ( 'NONE', ( #2388 ), #1252, .F. ) ;
#1115 = EDGE_LOOP ( 'NONE', ( #6460, #3477, #6748, #5643, #3313 ) ) ;
#1114 = FACE_OUTER_BOUND ( 'NONE', #69, .T. ) ;
#1116 = CARTESIAN_POINT ( 'NONE',  ( 24.00000000000000000, 0.000000000000000000, 5.000000000000000000 ) ) ;
#1117 = CARTESIAN_POINT ( 'NONE',  ( 16.46738986098110402, 87.01534649991462800, 7.693196375208837701 ) ) ;
#1118 = CARTESIAN_POINT ( 'NONE',  ( -11.50000000000000000, 115.0000000000000000, 3.499999999999996891 ) ) ;
#1119 = CARTESIAN_POINT ( 'NONE',  ( 22.60070775825027312, 3.097046417970927834, 15.52273730811717734 ) ) ;
#1120 = LINE ( 'NONE', #3062, #2284 ) ;
#1121 = VERTEX_POINT ( 'NONE', #7341 ) ;
#1122 = EDGE_CURVE ( 'NONE', #4523, #2209, #1298, .T. ) ;
#1125 = VERTEX_POINT ( 'NONE', #6734 ) ;
#1124 = CARTESIAN_POINT ( 'NONE',  ( 26.29203005517613789, 30.66410241898319100, -15.50000000000000355 ) ) ;
#1123 = CARTESIAN_POINT ( 'NONE',  ( 7.184957976769023702, 107.5529731706165677, 8.500244750519616588 ) ) ;
#1126 = CARTESIAN_POINT ( 'NONE',  ( 12.50000000000001243, 110.0000000000000000, 8.499999999999992895 ) ) ;
#1127 = CARTESIAN_POINT ( 'NONE',  ( -16.17690078679673960, 88.96768975359607623, 7.527832032724360189 ) ) ;
#1128 = CARTESIAN_POINT ( 'NONE',  ( -14.65678971863804492, 104.0163187690267961, -15.50000000000000533 ) ) ;
#1129 = DIRECTION ( 'NONE',  ( 1.000000000000000000, -0.000000000000000000, 0.000000000000000000 ) ) ;
#1130 = DIRECTION ( 'NONE',  ( 1.000000000000000000, -0.000000000000000000, 0.000000000000000000 ) ) ;
#1131 = EDGE_CURVE ( 'NONE', #7984, #1053, #1360, .T. ) ;
#1132 = ADVANCED_FACE ( 'NONE', ( #3657 ), #7726, .T. ) ;
#1133 = CARTESIAN_POINT ( 'NONE',  ( -17.65602445682999289, 22.31799654161702762, 16.38161667794093290 ) ) ;
#1134 = AXIS2_PLACEMENT_3D ( 'NONE', #4565, #7591, #2765 ) ;
#1135 = CARTESIAN_POINT ( 'NONE',  ( -20.97881410563864435, 52.20482639149521020, -17.50000000000000711 ) ) ;
#1136 = CARTESIAN_POINT ( 'NONE',  ( 23.63213587482844957, 0.2632209578818417994, 15.56027786362904308 ) ) ;
#1137 = CARTESIAN_POINT ( 'NONE',  ( -21.87444935335289031, 47.54595155676558704, 13.83534962442111649 ) ) ;
#1138 = DIRECTION ( 'NONE',  ( 1.000000000000000000, -0.000000000000000000, 0.000000000000000000 ) ) ;
#1139 = ORIENTED_EDGE ( 'NONE', *, *, #2218, .T. ) ;
#1140 = CARTESIAN_POINT ( 'NONE',  ( 12.88863533861859878, 100.3966913599872441, 8.752263078496355320 ) ) ;
#1141 = ORIENTED_EDGE ( 'NONE', *, *, #3652, .F. ) ;
#1142 = AXIS2_PLACEMENT_3D ( 'NONE', #973, #5282, #450 ) ;
#1143 = LINE ( 'NONE', #1635, #3748 ) ;
#1144 = CARTESIAN_POINT ( 'NONE',  ( -25.57327279822836275, 0.4088729514174775925, 17.49947094294446970 ) ) ;
#1145 = CARTESIAN_POINT ( 'NONE',  ( 23.73331203856961480, 35.37429269562647960, -17.50000000000000711 ) ) ;
#1146 = CARTESIAN_POINT ( 'NONE',  ( -20.40847504683702240, 9.120156290768461460, 15.29882101426655083 ) ) ;
#1147 = ORIENTED_EDGE ( 'NONE', *, *, #391, .T. ) ;
#1148 = CARTESIAN_POINT ( 'NONE',  ( 6.999999999999957367, 118.0000000000000142, -17.50000000000000355 ) ) ;
#1149 = CARTESIAN_POINT ( 'NONE',  ( 3.916067789652848852, 60.12172718027895968, 12.42485724650966716 ) ) ;
#1150 = CARTESIAN_POINT ( 'NONE',  ( -20.67734589795850653, 4.972512160763947087, -9.570517717440136352 ) ) ;
#1151 = ORIENTED_EDGE ( 'NONE', *, *, #7617, .F. ) ;
#1152 = VECTOR ( 'NONE', #480, 1000.000000000000114 ) ;
#1153 = VECTOR ( 'NONE', #623, 1000.000000000000000 ) ;
#1155 = ORIENTED_EDGE ( 'NONE', *, *, #1332, .T. ) ;
#1154 = DIRECTION ( 'NONE',  ( 0.000000000000000000, 0.000000000000000000, -1.000000000000000000 ) ) ;
#1156 = CARTESIAN_POINT ( 'NONE',  ( 24.00000000000000000, 8.000000000000000000, -2.000000000000000000 ) ) ;
#1157 = CARTESIAN_POINT ( 'NONE',  ( 20.83122818790857522, 63.34382551718115195, 10.09700264032685801 ) ) ;
#1158 = CARTESIAN_POINT ( 'NONE',  ( 25.00000000000001066, 2.002958818476489267, 17.48720246861695315 ) ) ;
#1159 = AXIS2_PLACEMENT_3D ( 'NONE', #5860, #1397, #828 ) ;
#1160 = CARTESIAN_POINT ( 'NONE',  ( -3.000000000000012879, 100.9119286464099616, 8.729672594973601818 ) ) ;
#1161 = CARTESIAN_POINT ( 'NONE',  ( 12.50000000000001243, 110.0000000000000000, 8.499999999999992895 ) ) ;
#1162 = EDGE_LOOP ( 'NONE', ( #2755, #7550, #5918, #7280 ) ) ;
#1163 = AXIS2_PLACEMENT_3D ( 'NONE', #7520, #2606, #2526 ) ;
#1166 = ORIENTED_EDGE ( 'NONE', *, *, #6005, .F. ) ;
#1165 = CARTESIAN_POINT ( 'NONE',  ( 25.39192408273430956, 38.03313162308540285, -15.50000000000000355 ) ) ;
#1164 = CARTESIAN_POINT ( 'NONE',  ( 14.92784999592421791, 99.92439022434579954, 6.499999999999993783 ) ) ;
#1167 = CARTESIAN_POINT ( 'NONE',  ( -27.00000000000000000, 17.50000000000000355, 14.93654316236332846 ) ) ;
#1168 = CARTESIAN_POINT ( 'NONE',  ( -15.69922804897078805, 92.52823474282087091, 7.250475161147592829 ) ) ;
#1169 = DIRECTION ( 'NONE',  ( 1.000000000000000000, -0.000000000000000000, 0.000000000000000000 ) ) ;
#1170 = DIRECTION ( 'NONE',  ( -1.000000000000000000, 0.000000000000000000, 0.000000000000000000 ) ) ;
#1171 = CARTESIAN_POINT ( 'NONE',  ( -17.28337384650922814, 23.34572348838993250, 16.29432242269712461 ) ) ;
#1172 = EDGE_CURVE ( 'NONE', #5229, #6777, #5123, .T. ) ;
#1173 = ADVANCED_FACE ( 'NONE', ( #7578 ), #810, .F. ) ;
#1174 = CARTESIAN_POINT ( 'NONE',  ( -22.16817492231789188, 45.64412435289091974, -17.50000000000000355 ) ) ;
#1175 = B_SPLINE_CURVE_WITH_KNOTS ( 'NONE', 3,
 ( #1669, #2842, #2920, #6657 ),
 .UNSPECIFIED., .F., .F.,
 ( 4, 4 ),
 ( 0.000000000000000000, 5.572894715924561228E-05 ),
 .UNSPECIFIED. ) ;
#1176 = CARTESIAN_POINT ( 'NONE',  ( -4.388441842694918549, 102.3003992004069005, 8.665247486550065048 ) ) ;
#1177 = CARTESIAN_POINT ( 'NONE',  ( -18.88885354899372260, 63.07825192724737917, 12.09533031745202614 ) ) ;
#1178 = PLANE ( 'NONE',  #6965 ) ;
#1179 = FACE_BOUND ( 'NONE', #6528, .T. ) ;
#1180 = ORIENTED_EDGE ( 'NONE', *, *, #4398, .F. ) ;
#1181 = EDGE_CURVE ( 'NONE', #1909, #6526, #3170, .T. ) ;
#1182 = CARTESIAN_POINT ( 'NONE',  ( -20.69651351263574313, 8.328777110051991173, -7.974581162413545421 ) ) ;
#1183 = CARTESIAN_POINT ( 'NONE',  ( -23.95053688483579180, -0.6115786274448377080, 15.56289055520888809 ) ) ;
#1184 = DIRECTION ( 'NONE',  ( -1.000000000000000000, 0.000000000000000000, 0.000000000000000000 ) ) ;
#1185 = FACE_OUTER_BOUND ( 'NONE', #4109, .T. ) ;
#1186 = VERTEX_POINT ( 'NONE', #7808 ) ;
#1187 = CARTESIAN_POINT ( 'NONE',  ( -26.99999999999999645, 8.732885501291031360, 15.28452060520308997 ) ) ;
#1188 = DIRECTION ( 'NONE',  ( 1.000000000000000000, -0.000000000000000000, 0.000000000000000000 ) ) ;
#1189 = CARTESIAN_POINT ( 'NONE',  ( 22.97119737194410050, 40.94798719990317437, 14.55887138693953453 ) ) ;
#1190 = ORIENTED_EDGE ( 'NONE', *, *, #6677, .F. ) ;
#1192 = EDGE_LOOP ( 'NONE', ( #406, #3044, #6607, #872 ) ) ;
#1191 = CARTESIAN_POINT ( 'NONE',  ( 24.03000230365429601, 33.24335602557458458, 15.36637776388095489 ) ) ;
#1193 = CARTESIAN_POINT ( 'NONE',  ( -19.00000000000000000, 9.347556391116498276, 4.223910564672765489 ) ) ;
#1194 = TOROIDAL_SURFACE ( 'NONE', #6765, 11.25000000000000000, 1.000000000000000000 ) ;
#1196 = VECTOR ( 'NONE', #1671, 1000.000000000000000 ) ;
#1195 = CARTESIAN_POINT ( 'NONE',  ( 2.521584453126103131, 58.32328709881844020, 10.62641716505109812 ) ) ;
#1197 = CARTESIAN_POINT ( 'NONE',  ( 23.97237295793200929, 46.94317155770381333, 11.92828904869634954 ) ) ;
#1198 = DIRECTION ( 'NONE',  ( -0.000000000000000000, -0.000000000000000000, -1.000000000000000000 ) ) ;
#1199 = CARTESIAN_POINT ( 'NONE',  ( 21.21792506202631756, 6.896210651858762475, 15.40017625987803918 ) ) ;
#1200 = FACE_OUTER_BOUND ( 'NONE', #2724, .T. ) ;
#1201 = AXIS2_PLACEMENT_3D ( 'NONE', #4986, #1777, #7445 ) ;
#1202 = VERTEX_POINT ( 'NONE', #2820 ) ;
#1205 = ORIENTED_EDGE ( 'NONE', *, *, #1667, .T. ) ;
#1204 = CARTESIAN_POINT ( 'NONE',  ( 25.12766493621147035, 39.86509381217387471, -15.50000000000000178 ) ) ;
#1203 = FACE_BOUND ( 'NONE', #7365, .T. ) ;
#1206 = AXIS2_PLACEMENT_3D ( 'NONE', #578, #7952, #7988 ) ;
#1207 = CARTESIAN_POINT ( 'NONE',  ( 3.789349045058016952, 54.78082971172644022, 11.00332911905919886 ) ) ;
#1208 = CARTESIAN_POINT ( 'NONE',  ( -24.06042953220462977, 46.43808005948575612, -15.50000000000000355 ) ) ;
#1209 = CARTESIAN_POINT ( 'NONE',  ( 25.00000000000001421, 0.000000000000000000, -17.50000000000000355 ) ) ;
#1210 = CARTESIAN_POINT ( 'NONE',  ( 26.35637396795936382, 29.99999999999998934, 6.499999999999993783 ) ) ;
#1211 = CARTESIAN_POINT ( 'NONE',  ( -22.38282523074653696, 9.260419936886002290, 17.26227418824214865 ) ) ;
#1212 = CARTESIAN_POINT ( 'NONE',  ( -20.19531993219394295, 56.27481661175934846, -17.50000000000000000 ) ) ;
#1213 = CARTESIAN_POINT ( 'NONE',  ( 22.35929286893485113, 3.760328375085199237, 15.50450198444784888 ) ) ;
#1214 = ADVANCED_FACE ( 'NONE', ( #3906 ), #5357, .F. ) ;
#1215 = CARTESIAN_POINT ( 'NONE',  ( -3.916067789652835085, 60.12172697471920912, 12.42485726950837410 ) ) ;
#1216 = CARTESIAN_POINT ( 'NONE',  ( -24.00000000000000000, 8.000000000000000000, 0.000000000000000000 ) ) ;
#1217 = ADVANCED_FACE ( 'NONE', ( #2777 ), #7538, .F. ) ;
#1218 = VECTOR ( 'NONE', #2275, 1000.000000000000000 ) ;
#1219 =( BOUNDED_SURFACE ( )  B_SPLINE_SURFACE ( 3, 2, ( 
 ( #334, #4074, #4805 ),
 ( #374, #4764, #4157 ),
 ( #3458, #6544, #5934 ),
 ( #2921, #2798, #942 ),
 ( #5419, #7865, #2314 ),
 ( #2962, #7266, #6659 ),
 ( #1101, #3583, #6058 ),
 ( #495, #5456, #7906 ),
 ( #7098, #3418, #6284 ),
 ( #760, #5603, #4987 ) ),
 .UNSPECIFIED., .F., .F., .T. ) 
 B_SPLINE_SURFACE_WITH_KNOTS ( ( 4, 2, 2, 2, 4 ),
 ( 3, 3 ),
 ( 4.854543805431395853, 5.095981214078353361, 5.337418622725311756, 5.578856031372270152, 5.820293440019227660 ),
 ( 0.000000000000000000, 1.000000000000000000 ),
 .UNSPECIFIED. ) 
 GEOMETRIC_REPRESENTATION_ITEM ( )  RATIONAL_B_SPLINE_SURFACE ( (
 ( 1.000000000000000000, 0.6897621954247092901, 1.000000000000000000),
 ( 1.000000000000000000, 0.6798874400832124465, 1.000000000000000000),
 ( 1.000000000000000000, 0.6699662205754819411, 1.000000000000000000),
 ( 1.000000000000000000, 0.6506378657228200080, 1.000000000000000000),
 ( 1.000000000000000000, 0.6412308986882317985, 1.000000000000000000),
 ( 1.000000000000000000, 0.6235827043127313285, 1.000000000000000000),
 ( 1.000000000000000000, 0.6153436852223074238, 1.000000000000000000),
 ( 1.000000000000000000, 0.6006866653722359173, 1.000000000000000000),
 ( 1.000000000000000000, 0.5942697550928349726, 1.000000000000000000),
 ( 1.000000000000000000, 0.5890553352692011746, 1.000000000000000000) ) ) 
 REPRESENTATION_ITEM ( '' )  SURFACE ( )  );
#1220 = ORIENTED_EDGE ( 'NONE', *, *, #4709, .T. ) ;
#1221 = ADVANCED_FACE ( 'NONE', ( #7771 ), #3436, .F. ) ;
#1222 = CARTESIAN_POINT ( 'NONE',  ( -8.823181928600501323, 40.95048753088556026, 12.54364411955201497 ) ) ;
#1223 = CARTESIAN_POINT ( 'NONE',  ( 24.00000000000000000, 0.000000000000000000, 0.000000000000000000 ) ) ;
#1224 = CYLINDRICAL_SURFACE ( 'NONE', #1206, 1.000000000000001776 ) ;
#1225 = EDGE_LOOP ( 'NONE', ( #6456, #4297, #6234, #5103 ) ) ;
#1226 = CARTESIAN_POINT ( 'NONE',  ( 6.542893058944976303, 52.90557253404341509, 13.23555129199353431 ) ) ;
#1227 = CARTESIAN_POINT ( 'NONE',  ( 20.58926191526863292, 54.46903262521601619, 13.05973370445730275 ) ) ;
#1228 = EDGE_CURVE ( 'NONE', #3869, #1450, #960, .T. ) ;
#1229 = ADVANCED_FACE ( 'NONE', ( #6972 ), #3285, .T. ) ;
#1230 = EDGE_LOOP ( 'NONE', ( #5287, #5324, #3846, #1835, #3193 ) ) ;
#1231 = CYLINDRICAL_SURFACE ( 'NONE', #510, 2.000000000000000000 ) ;
#1232 = CARTESIAN_POINT ( 'NONE',  ( 19.00000000000000000, 0.000000000000000000, 0.000000000000000000 ) ) ;
#1233 = CARTESIAN_POINT ( 'NONE',  ( -23.00000000000000000, 1.377727649040772389E-15, 11.25000000000000000 ) ) ;
#1234 = CARTESIAN_POINT ( 'NONE',  ( 24.34171481710870566, 44.80241178762504717, 12.16357182797369774 ) ) ;
#1235 = CARTESIAN_POINT ( 'NONE',  ( 23.00000000000000000, 0.000000000000000000, 0.000000000000000000 ) ) ;
#1236 = PLANE ( 'NONE',  #5041 ) ;
#1237 = CARTESIAN_POINT ( 'NONE',  ( 27.00000000000002842, 17.50000000000001066, 14.75501308386013122 ) ) ;
#1238 = ORIENTED_EDGE ( 'NONE', *, *, #7062, .T. ) ;
#1241 = ORIENTED_EDGE ( 'NONE', *, *, #5558, .F. ) ;
#1240 = CARTESIAN_POINT ( 'NONE',  ( -22.87219914376064267, 1.891197595797436293, 10.57568172146545038 ) ) ;
#1239 = CARTESIAN_POINT ( 'NONE',  ( 25.70215849411169273, 0.05018753596197668421, 17.49999333970504267 ) ) ;
#1242 = LINE ( 'NONE', #5563, #2435 ) ;
#1243 = DIRECTION ( 'NONE',  ( 0.000000000000000000, 0.000000000000000000, 1.000000000000000000 ) ) ;
#1244 = CARTESIAN_POINT ( 'NONE',  ( 24.00000000000000000, 6.123233995736766282E-16, -5.000000000000000000 ) ) ;
#1245 = CARTESIAN_POINT ( 'NONE',  ( -23.05415620276173883, 1.851207055788862021, 15.54304912220728596 ) ) ;
#1246 = DIRECTION ( 'NONE',  ( 0.000000000000000000, 0.000000000000000000, -1.000000000000000000 ) ) ;
#1247 = AXIS2_PLACEMENT_3D ( 'NONE', #5408, #6049, #1013 ) ;
#1248 = CARTESIAN_POINT ( 'NONE',  ( -22.36437061036513896, 9.311503466779267768, 17.25986355806368522 ) ) ;
#1249 = CARTESIAN_POINT ( 'NONE',  ( -16.91570666008403023, 72.84675134333065216, -17.50000000000000000 ) ) ;
#1250 = CARTESIAN_POINT ( 'NONE',  ( -25.77076638610117953, 35.20906024802280143, 13.17957876773217407 ) ) ;
#1251 = CARTESIAN_POINT ( 'NONE',  ( 23.87471944142871294, -0.4032719136831170448, 15.56272583319272940 ) ) ;
#1252 = CYLINDRICAL_SURFACE ( 'NONE', #3484, 1.000000000000000888 ) ;
#1253 = CARTESIAN_POINT ( 'NONE',  ( -12.50000000000001243, 110.0000000000000000, 8.499999999999996447 ) ) ;
#1254 = AXIS2_PLACEMENT_3D ( 'NONE', #386, #3516, #5506 ) ;
#1255 = VECTOR ( 'NONE', #3614, 1000.000000000000000 ) ;
#1256 = EDGE_CURVE ( 'NONE', #2147, #6238, #5525, .T. ) ;
#1257 = VERTEX_POINT ( 'NONE', #1001 ) ;
#1258 = AXIS2_PLACEMENT_3D ( 'NONE', #2340, #1698, #561 ) ;
#1259 = AXIS2_PLACEMENT_3D ( 'NONE', #4918, #6769, #2469 ) ;
#1260 = CARTESIAN_POINT ( 'NONE',  ( 20.99999999999999645, 6.786102288236722671E-16, -6.000000000000000000 ) ) ;
#1261 = CARTESIAN_POINT ( 'NONE',  ( -5.000000000000002665, 113.0000000000000000, -14.50000000000000533 ) ) ;
#1262 = DIRECTION ( 'NONE',  ( 0.000000000000000000, 1.000000000000000000, -1.224646799147353207E-16 ) ) ;
#1263 = ORIENTED_EDGE ( 'NONE', *, *, #1077, .T. ) ;
#1264 = CARTESIAN_POINT ( 'NONE',  ( 7.779019608159684296, 49.50818152111872905, 13.61653385668279448 ) ) ;
#1265 = CARTESIAN_POINT ( 'NONE',  ( 23.54132755956058176, 37.04259551528752326, 14.97432910380536875 ) ) ;
#1266 = EDGE_CURVE ( 'NONE', #5052, #6044, #325, .T. ) ;
#1267 = EDGE_LOOP ( 'NONE', ( #7704, #1627, #1523, #5920 ) ) ;
#1268 = EDGE_CURVE ( 'NONE', #87, #3066, #3831, .T. ) ;
#1269 = EDGE_CURVE ( 'NONE', #3902, #2277, #352, .T. ) ;
#1270 = LINE ( 'NONE', #5622, #6337 ) ;
#1271 = CARTESIAN_POINT ( 'NONE',  ( -20.19639210678623442, 9.702849379604337798, 3.787411802117499615 ) ) ;
#1272 = DIRECTION ( 'NONE',  ( -0.7071067811865426878, 0.000000000000000000, 0.7071067811865524577 ) ) ;
#1273 = PLANE ( 'NONE',  #4126 ) ;
#1274 = CARTESIAN_POINT ( 'NONE',  ( 25.25224319543394458, 39.02296477078976977, 12.78472450933788451 ) ) ;
#1275 = CARTESIAN_POINT ( 'NONE',  ( -14.50000000000000000, 110.0000000000000000, 6.500000000000008882 ) ) ;
#1276 = LINE ( 'NONE', #6753, #6717 ) ;
#1277 = AXIS2_PLACEMENT_3D ( 'NONE', #6185, #5095, #7431 ) ;
#1278 = CARTESIAN_POINT ( 'NONE',  ( 27.00000000000000355, 4.533509111771653721, 15.43702024965541675 ) ) ;
#1279 = VERTEX_POINT ( 'NONE', #5960 ) ;
#1280 = AXIS2_PLACEMENT_3D ( 'NONE', #1771, #560, #4788 ) ;
#1283 = ORIENTED_EDGE ( 'NONE', *, *, #3113, .T. ) ;
#1282 = LINE ( 'NONE', #6278, #2454 ) ;
#1281 = CARTESIAN_POINT ( 'NONE',  ( 10.75385381870167301, 35.64601010845699136, 13.10819029762221355 ) ) ;
#1284 = CARTESIAN_POINT ( 'NONE',  ( 19.93969262078591598, 10.40812542098094795, 5.023547007758621064 ) ) ;
#1285 = CIRCLE ( 'NONE', #2444, 10.25000000000000000 ) ;
#1286 = CARTESIAN_POINT ( 'NONE',  ( -20.99999999999999645, 4.336808689942017736E-16, -8.000000000000000000 ) ) ;
#1287 = FACE_OUTER_BOUND ( 'NONE', #5929, .T. ) ;
#1288 = CARTESIAN_POINT ( 'NONE',  ( -27.00000000000000000, 17.50000000000000355, 14.75501308386013477 ) ) ;
#1289 = LINE ( 'NONE', #3774, #6820 ) ;
#1290 = CARTESIAN_POINT ( 'NONE',  ( -19.73206123931167255, 16.58867736351002264, 16.82578094635325527 ) ) ;
#1291 = AXIS2_PLACEMENT_3D ( 'NONE', #339, #383, #4197 ) ;
#1292 = EDGE_LOOP ( 'NONE', ( #735, #7692, #4707, #4903 ) ) ;
#1293 = AXIS2_PLACEMENT_3D ( 'NONE', #3806, #3768, #143 ) ;
#1295 = ORIENTED_EDGE ( 'NONE', *, *, #4602, .T. ) ;
#1294 = CARTESIAN_POINT ( 'NONE',  ( -18.03473130130717195, 67.13574598277750738, -17.50000000000001066 ) ) ;
#1296 = CARTESIAN_POINT ( 'NONE',  ( 5.250000000000055067, 118.0000000000000142, -5.250000000000127898 ) ) ;
#1297 = CARTESIAN_POINT ( 'NONE',  ( 21.87469527156673976, 5.091749331375961418, 15.46568604803630187 ) ) ;
#1298 = LINE ( 'NONE', #4271, #5940 ) ;
#1299 = CARTESIAN_POINT ( 'NONE',  ( 12.65801683543920220, 104.0075620943469517, 8.605765191029378869 ) ) ;
#1300 = ORIENTED_EDGE ( 'NONE', *, *, #1563, .F. ) ;
#1301 = CARTESIAN_POINT ( 'NONE',  ( 12.63748126351839396, 104.3589882809041853, -17.50000000000000000 ) ) ;
#1302 = CARTESIAN_POINT ( 'NONE',  ( -0.8123304234988421024, 118.0000000000000142, 0.8491090392416250632 ) ) ;
#1303 = DIRECTION ( 'NONE',  ( -0.000000000000000000, 0.000000000000000000, 1.000000000000000000 ) ) ;
#1304 = CARTESIAN_POINT ( 'NONE',  ( -27.00000000000000000, -9.251858538542916607E-16, 15.50000000000001776 ) ) ;
#1305 = ORIENTED_EDGE ( 'NONE', *, *, #5887, .F. ) ;
#1306 = CARTESIAN_POINT ( 'NONE',  ( 5.879372650856620197, 54.72867115341159661, 13.03053006488826249 ) ) ;
#1307 = CARTESIAN_POINT ( 'NONE',  ( 23.81260412174259855, 34.95658342046910860, 15.19015674963191564 ) ) ;
#1308 = VERTEX_POINT ( 'NONE', #400 ) ;
#1309 = CYLINDRICAL_SURFACE ( 'NONE', #5440, 10.00000000000000533 ) ;
#1310 = CARTESIAN_POINT ( 'NONE',  ( -19.57916273099499804, 11.39867315221988520, -1.731292179609428494 ) ) ;
#1311 = CARTESIAN_POINT ( 'NONE',  ( -24.00000000000000000, 6.123233995736766282E-16, -5.000000000000000000 ) ) ;
#1312 = CARTESIAN_POINT ( 'NONE',  ( 4.999999999999997335, 113.0000000000000000, -14.50000000000000533 ) ) ;
#1313 = CARTESIAN_POINT ( 'NONE',  ( 25.76691413812000420, 35.23937239318522785, 13.17649316661129077 ) ) ;
#1314 = DIRECTION ( 'NONE',  ( -1.000000000000000000, 0.000000000000000000, -0.000000000000000000 ) ) ;
#1315 = EDGE_CURVE ( 'NONE', #2353, #7055, #2587, .T. ) ;
#1316 = CARTESIAN_POINT ( 'NONE',  ( 12.76220611223207868, 30.12810753167242694, 13.66374271856795453 ) ) ;
#1317 = CARTESIAN_POINT ( 'NONE',  ( 25.00000000000001421, 12.06930275248911144, 17.15864327236954523 ) ) ;
#1318 = ORIENTED_EDGE ( 'NONE', *, *, #4955, .F. ) ;
#1319 = EDGE_CURVE ( 'NONE', #509, #4172, #7202, .T. ) ;
#1322 = VERTEX_POINT ( 'NONE', #3199 ) ;
#1321 = CARTESIAN_POINT ( 'NONE',  ( 24.53804005507814878, 43.63168241887568399, -15.50000000000000178 ) ) ;
#1320 = CARTESIAN_POINT ( 'NONE',  ( 24.11849640528269489, 4.450766363342506970, 17.44097168222235084 ) ) ;
#1323 = CARTESIAN_POINT ( 'NONE',  ( 20.35407784698513822, 9.269611369043015969, 4.380095586301687938 ) ) ;
#1324 = CARTESIAN_POINT ( 'NONE',  ( 14.50000000000000000, 115.0000000000000000, -12.50000000000000355 ) ) ;
#1325 = CARTESIAN_POINT ( 'NONE',  ( -19.64740346278347616, 59.27606216664258909, 12.51954867712356645 ) ) ;
#1326 = EDGE_CURVE ( 'NONE', #3322, #711, #5687, .T. ) ;
#1327 = CARTESIAN_POINT ( 'NONE',  ( -24.00000000000000000, -8.000000000000000000, -8.673617379884035472E-16 ) ) ;
#1328 = CARTESIAN_POINT ( 'NONE',  ( -14.51817839726926174, 108.0000000039236312, -15.50000000000000355 ) ) ;
#1329 = CARTESIAN_POINT ( 'NONE',  ( 19.00000000000000000, 0.000000000000000000, 0.000000000000000000 ) ) ;
#1330 = AXIS2_PLACEMENT_3D ( 'NONE', #1719, #4203, #6669 ) ;
#1331 = CARTESIAN_POINT ( 'NONE',  ( -6.761560428580610349, 52.30465621996185632, 13.30307608834442590 ) ) ;
#1332 = EDGE_CURVE ( 'NONE', #1961, #1503, #3528, .T. ) ;
#1333 = VERTEX_POINT ( 'NONE', #6601 ) ;
#1334 = AXIS2_PLACEMENT_3D ( 'NONE', #6367, #3189, #7569 ) ;
#1336 = EDGE_LOOP ( 'NONE', ( #855, #7010, #4971, #5952 ) ) ;
#1335 = CARTESIAN_POINT ( 'NONE',  ( -17.05025379486394854, 72.14955365221814532, -17.50000000000000355 ) ) ;
#1337 = CARTESIAN_POINT ( 'NONE',  ( -26.85039096269817094, 23.34118905603786231, 14.29585319080216266 ) ) ;
#1338 = CARTESIAN_POINT ( 'NONE',  ( 20.99999999999999645, 8.000000000000000000, 0.000000000000000000 ) ) ;
#1339 = DIRECTION ( 'NONE',  ( -1.000000000000000000, -5.551115123125782702E-15, 0.000000000000000000 ) ) ;
#1340 = DIRECTION ( 'NONE',  ( 0.000000000000000000, 0.000000000000000000, 1.000000000000000000 ) ) ;
#1341 = ORIENTED_EDGE ( 'NONE', *, *, #345, .F. ) ;
#1342 = CARTESIAN_POINT ( 'NONE',  ( 14.51817839733992699, 108.0000000000000284, -15.50000000000000533 ) ) ;
#1343 = ORIENTED_EDGE ( 'NONE', *, *, #4104, .F. ) ;
#1344 = VECTOR ( 'NONE', #1303, 1000.000000000000000 ) ;
#1345 = CARTESIAN_POINT ( 'NONE',  ( -13.04787247554871321, 98.54297656068915501, 8.850070293347387818 ) ) ;
#1346 = DIRECTION ( 'NONE',  ( -0.000000000000000000, 0.000000000000000000, 1.000000000000000000 ) ) ;
#1347 = DIRECTION ( 'NONE',  ( -0.000000000000000000, 0.7071067811865426878, 0.7071067811865524577 ) ) ;
#1348 = ORIENTED_EDGE ( 'NONE', *, *, #2465, .F. ) ;
#1349 = CARTESIAN_POINT ( 'NONE',  ( 21.51551081638378093, 11.66012482577558096, 17.13927542094954859 ) ) ;
#1350 = CARTESIAN_POINT ( 'NONE',  ( 21.66028967720809106, 48.74372738838201258, 13.70192747637615582 ) ) ;
#1351 = ORIENTED_EDGE ( 'NONE', *, *, #3155, .T. ) ;
#1352 = FACE_BOUND ( 'NONE', #1384, .T. ) ;
#1353 = CARTESIAN_POINT ( 'NONE',  ( -20.27104510059787046, 9.497741964816711402, 4.109546357763018243 ) ) ;
#1354 = CARTESIAN_POINT ( 'NONE',  ( -32.97687763316800158, 115.0000000000000000, -13.50000000000000533 ) ) ;
#1355 = LINE ( 'NONE', #4835, #7606 ) ;
#1356 = CARTESIAN_POINT ( 'NONE',  ( 26.18021433422011057, 31.72959678733806044, 13.52710000043071581 ) ) ;
#1357 = CARTESIAN_POINT ( 'NONE',  ( -32.97687763316800158, 115.0000000000000000, 2.499999999999996003 ) ) ;
#1358 = CARTESIAN_POINT ( 'NONE',  ( 7.642563514801507196, 44.19420996379063382, 12.18652763550768547 ) ) ;
#1359 = ORIENTED_EDGE ( 'NONE', *, *, #4602, .F. ) ;
#1360 = CIRCLE ( 'NONE', #6671, 1.000000000000000888 ) ;
#1361 = EDGE_CURVE ( 'NONE', #688, #7825, #1046, .T. ) ;
#1364 = VERTEX_POINT ( 'NONE', #5448 ) ;
#1363 = LINE ( 'NONE', #3184, #5196 ) ;
#1362 = CARTESIAN_POINT ( 'NONE',  ( 16.55139016217055214, 19.71740991630906947, 14.60576688670693990 ) ) ;
#1365 = LINE ( 'NONE', #1968, #7751 ) ;
#1366 = CARTESIAN_POINT ( 'NONE',  ( 14.92784999592421791, 99.92439022434577112, -15.50000000000000355 ) ) ;
#1367 = ADVANCED_FACE ( 'NONE', ( #6762 ), #7937, .F. ) ;
#1368 = CARTESIAN_POINT ( 'NONE',  ( -20.05987376487072282, 57.18845728670594042, 12.75387047485004999 ) ) ;
#1369 = CARTESIAN_POINT ( 'NONE',  ( -14.51817839733992699, 108.0000000000000284, 6.499999999999993783 ) ) ;
#1370 = CARTESIAN_POINT ( 'NONE',  ( -25.00000000000001421, 2.002958818476520797, 17.48720246861695315 ) ) ;
#1371 = DIRECTION ( 'NONE',  ( 0.000000000000000000, 0.000000000000000000, 1.000000000000000000 ) ) ;
#1372 = CARTESIAN_POINT ( 'NONE',  ( -8.436379096396599664, 47.70105072340266616, 13.81809880085016395 ) ) ;
#1373 = ORIENTED_EDGE ( 'NONE', *, *, #7802, .T. ) ;
#1374 = ADVANCED_FACE ( 'NONE', ( #1856 ), #7976, .F. ) ;
#1375 = B_SPLINE_CURVE_WITH_KNOTS ( 'NONE', 3,
 ( #4393, #4434, #5806, #5655 ),
 .UNSPECIFIED., .F., .F.,
 ( 4, 4 ),
 ( 0.000000000000000000, 5.572894715924638477E-05 ),
 .UNSPECIFIED. ) ;
#1377 = ORIENTED_EDGE ( 'NONE', *, *, #3864, .T. ) ;
#1376 = CARTESIAN_POINT ( 'NONE',  ( -19.77172039457921215, 58.42643373743324275, -17.50000000000000355 ) ) ;
#1378 = EDGE_CURVE ( 'NONE', #3505, #4027, #7036, .T. ) ;
#1379 = DIRECTION ( 'NONE',  ( 0.9925461516412973362, 0.1218693434053485930, -0.000000000000000000 ) ) ;
#1380 = EDGE_CURVE ( 'NONE', #6181, #479, #653, .T. ) ;
#1381 = CARTESIAN_POINT ( 'NONE',  ( 27.00000000000002842, 17.50000000000001066, -15.50000000000001776 ) ) ;
#1382 = DIRECTION ( 'NONE',  ( 0.000000000000000000, 0.000000000000000000, -1.000000000000000000 ) ) ;
#1383 = DIRECTION ( 'NONE',  ( 0.000000000000000000, 0.000000000000000000, 1.000000000000000000 ) ) ;
#1384 = EDGE_LOOP ( 'NONE', ( #3244, #3585 ) ) ;
#1385 = CARTESIAN_POINT ( 'NONE',  ( 14.22921678505544030, 88.46951861799639971, -17.50000000000000355 ) ) ;
#1386 = ORIENTED_EDGE ( 'NONE', *, *, #4206, .F. ) ;
#1387 = CARTESIAN_POINT ( 'NONE',  ( -13.05652239828128991, 98.44754866045265373, 8.855341142795882803 ) ) ;
#1388 = CARTESIAN_POINT ( 'NONE',  ( -22.99999999999999289, 2.099955002467737586, 15.48577982849572621 ) ) ;
#1389 = CIRCLE ( 'NONE', #6315, 1.000000000000001776 ) ;
#1390 = VERTEX_POINT ( 'NONE', #5568 ) ;
#1391 = CARTESIAN_POINT ( 'NONE',  ( 14.44112383271579780, 31.17841055906811576, 15.56992499653715711 ) ) ;
#1392 = CARTESIAN_POINT ( 'NONE',  ( 18.73393003018116332, 63.85226402434938819, 12.00956926184884921 ) ) ;
#1393 = VECTOR ( 'NONE', #5930, 1000.000000000000000 ) ;
#1394 = ORIENTED_EDGE ( 'NONE', *, *, #1721, .F. ) ;
#1395 = AXIS2_PLACEMENT_3D ( 'NONE', #5453, #2349, #4679 ) ;
#1396 = DIRECTION ( 'NONE',  ( -3.925231146709448049E-15, 0.7071067811865492381, 0.7071067811865459074 ) ) ;
#1397 = DIRECTION ( 'NONE',  ( 1.000000000000000000, -0.000000000000000000, 0.000000000000000000 ) ) ;
#1398 = CARTESIAN_POINT ( 'NONE',  ( -7.184957976769056565, 110.0000000000000000, 8.499999999999994671 ) ) ;
#1399 = DIRECTION ( 'NONE',  ( 1.000000000000000000, -0.000000000000000000, -0.000000000000000000 ) ) ;
#1400 = CARTESIAN_POINT ( 'NONE',  ( -20.94034437489109024, 7.658857321839403376, 8.593376825476369163 ) ) ;
#1401 = PERSON_AND_ORGANIZATION_ROLE ( 'design_owner' ) ;
#1402 = CARTESIAN_POINT ( 'NONE',  ( 6.535707194820699506, 47.23527270951847612, 11.84960453424156945 ) ) ;
#1403 = ORIENTED_EDGE ( 'NONE', *, *, #2114, .F. ) ;
#1404 = VECTOR ( 'NONE', #4920, 1000.000000000000000 ) ;
#1405 = AXIS2_PLACEMENT_3D ( 'NONE', #1989, #7828, #4681 ) ;
#1408 = ORIENTED_EDGE ( 'NONE', *, *, #131, .T. ) ;
#1407 = CARTESIAN_POINT ( 'NONE',  ( 24.06042953220465463, 46.43808005948568507, -15.50000000000000533 ) ) ;
#1406 = CARTESIAN_POINT ( 'NONE',  ( 25.20942941806665516, 1.420874194570383109, 17.49382631512516539 ) ) ;
#1409 = AXIS2_PLACEMENT_3D ( 'NONE', #599, #757, #3107 ) ;
#1410 = CARTESIAN_POINT ( 'NONE',  ( 18.99999999999886313, 9.502455478724094462, 3.862576868542753061 ) ) ;
#1411 = AXIS2_PLACEMENT_3D ( 'NONE', #4324, #6786, #2561 ) ;
#1412 = CARTESIAN_POINT ( 'NONE',  ( 14.50453710456517342, 108.8238341758065104, 6.503357022645882779 ) ) ;
#1413 = CARTESIAN_POINT ( 'NONE',  ( -19.82506171285785967, 58.37918715503943190, 12.62014278633226816 ) ) ;
#1414 = DIRECTION ( 'NONE',  ( 1.000000000000000000, 0.000000000000000000, 0.000000000000000000 ) ) ;
#1415 = DIRECTION ( 'NONE',  ( 1.000000000000000000, 0.000000000000000000, -0.000000000000000000 ) ) ;
#1416 = CARTESIAN_POINT ( 'NONE',  ( -8.067703073297586513, 48.71460871369858836, 13.70516778948318759 ) ) ;
#1417 = VERTEX_POINT ( 'NONE', #2383 ) ;
#1418 = AXIS2_PLACEMENT_3D ( 'NONE', #4036, #947, #2685 ) ;
#1419 = AXIS2_PLACEMENT_3D ( 'NONE', #7165, #5195, #315 ) ;
#1421 = ORIENTED_EDGE ( 'NONE', *, *, #1770, .T. ) ;
#1420 = CARTESIAN_POINT ( 'NONE',  ( -18.74253655361648185, 63.58927063520545886, -17.50000000000000355 ) ) ;
#1422 = CARTESIAN_POINT ( 'NONE',  ( -5.000000000000002665, 103.0000000000000142, 22.73723446728292785 ) ) ;
#1423 = CARTESIAN_POINT ( 'NONE',  ( -27.00000000000000000, 1.500192328955505762E-15, -12.24999999999998224 ) ) ;
#1424 = CARTESIAN_POINT ( 'NONE',  ( -11.50000000000000000, 115.0000000000000000, -12.50000000000000355 ) ) ;
#1426 = EDGE_CURVE ( 'NONE', #7543, #4191, #222, .T. ) ;
#1425 = CIRCLE ( 'NONE', #899, 1.000000000000000666 ) ;
#1427 = CARTESIAN_POINT ( 'NONE',  ( 7.184957976769025478, 110.0000000000000000, 8.499999999999994671 ) ) ;
#1428 = EDGE_CURVE ( 'NONE', #4618, #7208, #2295, .T. ) ;
#1429 = AXIS2_PLACEMENT_3D ( 'NONE', #2006, #4489, #6954 ) ;
#1430 = ORIENTED_EDGE ( 'NONE', *, *, #6235, .F. ) ;
#1431 = VECTOR ( 'NONE', #4938, 1000.000000000000000 ) ;
#1432 = DIRECTION ( 'NONE',  ( 1.000000000000000000, -0.000000000000000000, -0.000000000000000000 ) ) ;
#1433 = ORIENTED_EDGE ( 'NONE', *, *, #2791, .T. ) ;
#1434 = CARTESIAN_POINT ( 'NONE',  ( -3.889519379550298250, 103.8895193795502934, 6.571467662276387678 ) ) ;
#1435 = DIRECTION ( 'NONE',  ( 1.000000000000000000, -0.000000000000000000, 0.000000000000000000 ) ) ;
#1436 = ORIENTED_EDGE ( 'NONE', *, *, #4709, .F. ) ;
#1437 = CARTESIAN_POINT ( 'NONE',  ( 13.39398371908353980, 34.06185480985504199, 15.28174531933207625 ) ) ;
#1438 = CARTESIAN_POINT ( 'NONE',  ( 17.73485412637355552, 68.86350878948140064, 11.46142365397426843 ) ) ;
#1439 = ADVANCED_FACE ( 'NONE', ( #6840 ), #7336, .F. ) ;
#1440 = ORIENTED_EDGE ( 'NONE', *, *, #3311, .T. ) ;
#1441 = CARTESIAN_POINT ( 'NONE',  ( -24.06042953220462977, 46.43808005948575612, -15.50000000000000355 ) ) ;
#1442 = DIRECTION ( 'NONE',  ( 1.000000000000000000, 0.000000000000000000, 0.000000000000000000 ) ) ;
#1443 = CARTESIAN_POINT ( 'NONE',  ( 17.56885910507978821, 69.49112413331693006, -17.50000000000000711 ) ) ;
#1444 = CARTESIAN_POINT ( 'NONE',  ( 23.00000000000000000, 1.999999999999966249, -11.12715609645441006 ) ) ;
#1445 = PLANE ( 'NONE',  #3336 ) ;
#1446 = SHAPE_DEFINITION_REPRESENTATION ( #6989, #7127 ) ;
#1447 = CARTESIAN_POINT ( 'NONE',  ( 5.466981650933680825, 50.17157200894232716, 11.52139660644237118 ) ) ;
#1448 = ORIENTED_EDGE ( 'NONE', *, *, #7414, .T. ) ;
#1450 = VERTEX_POINT ( 'NONE', #5487 ) ;
#1449 = CARTESIAN_POINT ( 'NONE',  ( 22.57247691537732592, 54.54067988481986617, 11.08183516721353534 ) ) ;
#1451 = CARTESIAN_POINT ( 'NONE',  ( 19.53924158916987608, 11.50835558794326552, 0.4321590562120312118 ) ) ;
#1452 = CARTESIAN_POINT ( 'NONE',  ( 14.64004499074985155, 104.3537376302510182, 6.596591706207207473 ) ) ;
#1453 = CARTESIAN_POINT ( 'NONE',  ( -22.60041508118467846, 43.28725400135850521, 14.30507281500247885 ) ) ;
#1454 = CARTESIAN_POINT ( 'NONE',  ( -26.59908309293570383, 27.39848138405939793, 13.94049860985397693 ) ) ;
#1455 = DIRECTION ( 'NONE',  ( -0.7071067811865461294, 0.7071067811865489050, -0.000000000000000000 ) ) ;
#1456 = CARTESIAN_POINT ( 'NONE',  ( -7.877719446788703728, 49.23686927562413729, 13.64685333280759139 ) ) ;
#1457 = VERTEX_POINT ( 'NONE', #4301 ) ;
#1459 = ORIENTED_EDGE ( 'NONE', *, *, #5508, .T. ) ;
#1458 = CARTESIAN_POINT ( 'NONE',  ( -13.70890294247618613, 92.32608832613685479, -17.50000000000000000 ) ) ;
#1460 = CARTESIAN_POINT ( 'NONE',  ( -22.94105336627618996, 52.59195728084254995, 11.29996002442764791 ) ) ;
#1461 = CARTESIAN_POINT ( 'NONE',  ( 14.50000000000000000, 110.0000000000000000, -15.50000000000001776 ) ) ;
#1462 = VECTOR ( 'NONE', #5529, 1000.000000000000114 ) ;
#1463 = CARTESIAN_POINT ( 'NONE',  ( -20.99999999999999645, 0.000000000000000000, 0.000000000000000000 ) ) ;
#1464 = CIRCLE ( 'NONE', #813, 10.25000000000000000 ) ;
#1465 = ORIENTED_EDGE ( 'NONE', *, *, #7717, .T. ) ;
#1466 = EDGE_CURVE ( 'NONE', #7829, #4523, #6165, .T. ) ;
#1467 = LINE ( 'NONE', #655, #5889 ) ;
#1468 = VERTEX_POINT ( 'NONE', #8015 ) ;
#1469 = CARTESIAN_POINT ( 'NONE',  ( -13.02004034327851123, 98.85367876338391113, 8.833082092156431031 ) ) ;
#1470 = AXIS2_PLACEMENT_3D ( 'NONE', #3797, #1876, #7475 ) ;
#1471 = CARTESIAN_POINT ( 'NONE',  ( 1.016906865227782762E-15, 110.0000000000000000, 8.499999999999994671 ) ) ;
#1472 = VERTEX_POINT ( 'NONE', #2464 ) ;
#1473 = CARTESIAN_POINT ( 'NONE',  ( 10.99190913072684950, 40.67272614763989935, 14.58862774808488361 ) ) ;
#1474 = EDGE_CURVE ( 'NONE', #559, #579, #5410, .T. ) ;
#1475 = CARTESIAN_POINT ( 'NONE',  ( 20.33600839994345222, 55.77674212170865786, 12.91261800069796095 ) ) ;
#1476 = ORIENTED_EDGE ( 'NONE', *, *, #6723, .T. ) ;
#1477 = EDGE_CURVE ( 'NONE', #2843, #1066, #6183, .T. ) ;
#1478 = CARTESIAN_POINT ( 'NONE',  ( -20.99999999999999645, -1.395418361564970862E-15, 9.000000000000001776 ) ) ;
#1479 = CARTESIAN_POINT ( 'NONE',  ( 23.00000000000000000, 1.998497052822954867, -11.08994023175007904 ) ) ;
#1480 = CARTESIAN_POINT ( 'NONE',  ( 16.45216781590354671, 75.28834805873873393, -17.50000000000000355 ) ) ;
#1481 = CARTESIAN_POINT ( 'NONE',  ( 22.99999999999999289, 0.7003143216902125712, 15.49999746292674274 ) ) ;
#1482 = EDGE_CURVE ( 'NONE', #7660, #1417, #2994, .T. ) ;
#1483 = CARTESIAN_POINT ( 'NONE',  ( -19.93969262078590887, 10.40812542098097282, 5.023547007758578431 ) ) ;
#1484 = CARTESIAN_POINT ( 'NONE',  ( 27.00000000000002842, 17.50000000000001066, 14.75501308386013122 ) ) ;
#1485 = EDGE_CURVE ( 'NONE', #4115, #1838, #4771, .T. ) ;
#1486 = CARTESIAN_POINT ( 'NONE',  ( 14.89913977318246374, 24.25693055133888620, 14.21517687598717572 ) ) ;
#1487 = EDGE_LOOP ( 'NONE', ( #3947, #1403, #6120, #2640 ) ) ;
#1489 = VERTEX_POINT ( 'NONE', #2499 ) ;
#1488 = CARTESIAN_POINT ( 'NONE',  ( 15.10337894712274220, 83.01749217152593019, 10.02722860137629901 ) ) ;
#1490 = CARTESIAN_POINT ( 'NONE',  ( -14.56070767923824327, 106.3038938703148375, 6.542748911198835948 ) ) ;
#1491 = CARTESIAN_POINT ( 'NONE',  ( 14.50000000000000000, 110.0000000000000000, 6.500000000000005329 ) ) ;
#1492 = CARTESIAN_POINT ( 'NONE',  ( -5.000000000000002665, 104.9999999999999716, 6.483912629826008356 ) ) ;
#1493 = CARTESIAN_POINT ( 'NONE',  ( -21.44436990976701907, 60.27965812394384670, 10.43811024246838315 ) ) ;
#1494 = CARTESIAN_POINT ( 'NONE',  ( -3.000000000000014655, 103.0000000000000142, 6.641601241244644349 ) ) ;
#1495 = CARTESIAN_POINT ( 'NONE',  ( -7.888766872612758441, 49.20650088406505773, 13.65024600366199081 ) ) ;
#1496 = ORIENTED_EDGE ( 'NONE', *, *, #4694, .T. ) ;
#1498 = ORIENTED_EDGE ( 'NONE', *, *, #7659, .T. ) ;
#1497 = DIRECTION ( 'NONE',  ( 0.000000000000000000, 0.000000000000000000, -1.000000000000000000 ) ) ;
#1499 = CARTESIAN_POINT ( 'NONE',  ( -24.42143187950945915, 44.31905604178800218, 12.21612618668110706 ) ) ;
#1500 = CARTESIAN_POINT ( 'NONE',  ( 25.00000000000004263, 17.50000000000002842, -17.50000000000000355 ) ) ;
#1501 = CARTESIAN_POINT ( 'NONE',  ( -13.34314575050761675, 8.000000000000000000, 2.000000000000000000 ) ) ;
#1502 = CARTESIAN_POINT ( 'NONE',  ( -15.22177579189598440, 96.59865364923793152, -15.50000000000001776 ) ) ;
#1503 = VERTEX_POINT ( 'NONE', #7447 ) ;
#1504 = ORIENTED_EDGE ( 'NONE', *, *, #5949, .T. ) ;
#1505 = EDGE_LOOP ( 'NONE', ( #3002, #2677, #6031, #378 ) ) ;
#1506 = CARTESIAN_POINT ( 'NONE',  ( -12.60782618631154151, 105.0662428623696201, 8.572943885091632410 ) ) ;
#1507 = DIRECTION ( 'NONE',  ( 1.000000000000000000, 0.000000000000000000, 0.000000000000000000 ) ) ;
#1508 = EDGE_LOOP ( 'NONE', ( #247, #1594 ) ) ;
#1509 = CARTESIAN_POINT ( 'NONE',  ( 11.78931131018202194, 38.47876978380161717, 14.82272307089720265 ) ) ;
#1510 = CARTESIAN_POINT ( 'NONE',  ( 19.03721408125405290, 62.33670456869577947, 12.17771318419376847 ) ) ;
#1511 = AXIS2_PLACEMENT_3D ( 'NONE', #2293, #474, #5320 ) ;
#1512 = EDGE_CURVE ( 'NONE', #1994, #3945, #1653, .T. ) ;
#1513 = ORIENTED_EDGE ( 'NONE', *, *, #3658, .T. ) ;
#1514 = LINE ( 'NONE', #2804, #7366 ) ;
#1515 = DIRECTION ( 'NONE',  ( 1.000000000000000000, -0.000000000000000000, 0.000000000000000000 ) ) ;
#1516 = CARTESIAN_POINT ( 'NONE',  ( 19.23426806574082448, 61.12896009187561219, -17.50000000000000355 ) ) ;
#1517 = CARTESIAN_POINT ( 'NONE',  ( -3.721531938603411582, 54.96715568036317023, 10.98236892925947572 ) ) ;
#1518 = DIRECTION ( 'NONE',  ( 1.000000000000000000, 0.000000000000000000, 0.000000000000000000 ) ) ;
#1519 = CARTESIAN_POINT ( 'NONE',  ( -20.62941185485894735, 8.513137399601935940, 5.773073437670420027 ) ) ;
#1520 = COORDINATED_UNIVERSAL_TIME_OFFSET ( 8, 0, .BEHIND. ) ;
#1521 = CARTESIAN_POINT ( 'NONE',  ( -26.99999999999999289, 1.460974450986556095, 15.49995852297963950 ) ) ;
#1522 = EDGE_CURVE ( 'NONE', #5723, #2095, #1289, .T. ) ;
#1523 = ORIENTED_EDGE ( 'NONE', *, *, #4942, .F. ) ;
#1524 = AXIS2_PLACEMENT_3D ( 'NONE', #4895, #7516, #1804 ) ;
#1525 = ADVANCED_FACE ( 'NONE', ( #681 ), #7898, .T. ) ;
#1527 = ORIENTED_EDGE ( 'NONE', *, *, #232, .T. ) ;
#1526 = CARTESIAN_POINT ( 'NONE',  ( 25.52132465503181891, 37.17185378857851674, 12.97977776345590684 ) ) ;
#1528 = CARTESIAN_POINT ( 'NONE',  ( -14.53809714055201319, 107.0922881110774796, 6.527036436944845477 ) ) ;
#1529 = AXIS2_PLACEMENT_3D ( 'NONE', #4587, #7614, #7652 ) ;
#1530 = CARTESIAN_POINT ( 'NONE',  ( -25.61189007210414559, 36.44505296483921342, -15.50000000000000711 ) ) ;
#1531 = CARTESIAN_POINT ( 'NONE',  ( -24.18935057033646885, 31.73393719019599502, 15.51528812526098733 ) ) ;
#1532 = VECTOR ( 'NONE', #3181, 1000.000000000000000 ) ;
#1533 = CARTESIAN_POINT ( 'NONE',  ( -14.50000000000000178, 110.0000000000000000, 6.500000000000005329 ) ) ;
#1534 = CARTESIAN_POINT ( 'NONE',  ( 25.00000000000001066, 0.000000000000000000, 17.50000000000000355 ) ) ;
#1535 = CARTESIAN_POINT ( 'NONE',  ( -5.645207933813371604, 55.37207620299354005, 12.95814160819208283 ) ) ;
#1536 = ORIENTED_EDGE ( 'NONE', *, *, #1575, .T. ) ;
#1538 = VERTEX_POINT ( 'NONE', #1561 ) ;
#1537 = CARTESIAN_POINT ( 'NONE',  ( -14.49010272790977361, 86.71478841578908714, -17.50000000000000711 ) ) ;
#1539 = CARTESIAN_POINT ( 'NONE',  ( -23.11353649314915870, 51.67594396248561850, 11.40241840759449765 ) ) ;
#1540 = CARTESIAN_POINT ( 'NONE',  ( 12.50002097063801543, 108.0403846251525977, -17.49999999999999645 ) ) ;
#1541 = CARTESIAN_POINT ( 'NONE',  ( 22.97357567591872396, 1.948087713478966476, 10.81231519955963094 ) ) ;
#1542 = CARTESIAN_POINT ( 'NONE',  ( -14.50000000000000000, 109.3345452277994809, -15.50000000000001776 ) ) ;
#1543 = CARTESIAN_POINT ( 'NONE',  ( -15.90607019590517623, 90.86489089496599547, -15.50000000000001954 ) ) ;
#1544 = VECTOR ( 'NONE', #5518, 1000.000000000000000 ) ;
#1545 = VERTEX_POINT ( 'NONE', #1602 ) ;
#1546 = ORIENTED_EDGE ( 'NONE', *, *, #6051, .T. ) ;
#1547 = VECTOR ( 'NONE', #4645, 1000.000000000000000 ) ;
#1548 = CARTESIAN_POINT ( 'NONE',  ( -18.67103275753663638, 64.16652383416273153, 11.97481699392447219 ) ) ;
#1549 = CARTESIAN_POINT ( 'NONE',  ( -22.00000000000000000, 1.255262969126037241E-15, 10.25000000000000000 ) ) ;
#1550 = ORIENTED_EDGE ( 'NONE', *, *, #2456, .T. ) ;
#1551 = CARTESIAN_POINT ( 'NONE',  ( 19.14914081793538969, 61.77683825322515077, 12.24004271463999238 ) ) ;
#1552 = CIRCLE ( 'NONE', #4675, 11.25000000000000000 ) ;
#1553 = ORIENTED_EDGE ( 'NONE', *, *, #426, .F. ) ;
#1554 = CARTESIAN_POINT ( 'NONE',  ( 23.03610413548984326, 1.900804702992900941, 15.52439048718105141 ) ) ;
#1555 = FACE_OUTER_BOUND ( 'NONE', #107, .T. ) ;
#1556 = CARTESIAN_POINT ( 'NONE',  ( 19.28208892994591395, 60.88931445654451835, -17.50000000000000711 ) ) ;
#1557 = B_SPLINE_SURFACE_WITH_KNOTS ( 'NONE', 1, 3, ( 
 ( #4542, #5796, #5916, #3396, #231, #5877, #5150, #6483, #4702, #5234 ),
 ( #2779, #5274, #4052, #2216, #7688, #2131, #6563, #4623, #354, #1534 ) ),
 .UNSPECIFIED., .F., .F., .F.,
 ( 2, 2 ),
 ( 4, 2, 2, 2, 4 ),
 ( 0.000000000000000000, 1.000000000000000000 ),
 ( 0.000000000000000000, 0.004378962530563175123, 0.008757925061126350247, 0.01313688759168952537, 0.01751585012225270049 ),
 .UNSPECIFIED. ) ;
#1558 = CARTESIAN_POINT ( 'NONE',  ( 25.00000000000000000, 2.126426303175799060, 17.48560463838252943 ) ) ;
#1559 = CARTESIAN_POINT ( 'NONE',  ( -19.93969262078590532, 10.40812542098089466, -5.023547007758736527 ) ) ;
#1560 = CARTESIAN_POINT ( 'NONE',  ( 19.70120647186286789, 11.06336072999963349, -3.430725273999493119 ) ) ;
#1561 = CARTESIAN_POINT ( 'NONE',  ( 24.00000000000000000, 6.786102288236722671E-16, -6.000000000000000000 ) ) ;
#1562 = VERTEX_POINT ( 'NONE', #4084 ) ;
#1563 = EDGE_CURVE ( 'NONE', #4017, #5513, #7491, .T. ) ;
#1565 = VERTEX_POINT ( 'NONE', #6919 ) ;
#1564 = CARTESIAN_POINT ( 'NONE',  ( 20.23673574845128798, 56.29508599306484484, 12.85409971644924454 ) ) ;
#1566 = CARTESIAN_POINT ( 'NONE',  ( -14.95953364857964907, 99.49863325716732732, 6.803216266702210469 ) ) ;
#1567 = CARTESIAN_POINT ( 'NONE',  ( 14.57144460586065904, 105.9509756042920543, 6.550213668542379963 ) ) ;
#1568 = CARTESIAN_POINT ( 'NONE',  ( -23.78292153156917621, 35.19148561120077545, 15.16601872796356254 ) ) ;
#1569 = DIRECTION ( 'NONE',  ( 0.000000000000000000, 0.000000000000000000, -1.000000000000000000 ) ) ;
#1570 = CARTESIAN_POINT ( 'NONE',  ( -15.44227885462244032, 94.64706595229351649, 7.098435982650290299 ) ) ;
#1571 = CARTESIAN_POINT ( 'NONE',  ( 24.00000000000000000, 0.000000000000000000, 0.000000000000000000 ) ) ;
#1572 = ADVANCED_FACE ( 'NONE', ( #2206 ), #7531, .F. ) ;
#1573 = CARTESIAN_POINT ( 'NONE',  ( -5.242897097565023756, 56.47737864804187069, 12.83382009603150742 ) ) ;
#1574 = ORIENTED_EDGE ( 'NONE', *, *, #7560, .F. ) ;
#1575 = EDGE_CURVE ( 'NONE', #5211, #3293, #3813, .T. ) ;
#1577 = ORIENTED_EDGE ( 'NONE', *, *, #2414, .F. ) ;
#1576 = CARTESIAN_POINT ( 'NONE',  ( -12.69032114532748956, 103.3261088281017948, -17.50000000000000711 ) ) ;
#1578 = CARTESIAN_POINT ( 'NONE',  ( -21.02251855103653000, 62.38712943969233748, 10.20333515600531804 ) ) ;
#1579 = DIRECTION ( 'NONE',  ( -0.7071067811865457964, 0.7071067811865492381, 0.000000000000000000 ) ) ;
#1580 = CARTESIAN_POINT ( 'NONE',  ( -24.00000000000000000, -1.517883041479706208E-15, 8.000000000000000000 ) ) ;
#1581 = FACE_OUTER_BOUND ( 'NONE', #3287, .T. ) ;
#1582 = ADVANCED_FACE ( 'NONE', ( #305 ), #7637, .T. ) ;
#1583 = CARTESIAN_POINT ( 'NONE',  ( -13.44324801412558479, 94.46009256627404227, -17.50000000000000355 ) ) ;
#1584 = VERTEX_POINT ( 'NONE', #5825 ) ;
#1585 = AXIS2_PLACEMENT_3D ( 'NONE', #5110, #61, #2533 ) ;
#1586 = EDGE_LOOP ( 'NONE', ( #3080, #1726, #7115, #6813 ) ) ;
#1587 = DIRECTION ( 'NONE',  ( 0.000000000000000000, 0.000000000000000000, -1.000000000000000000 ) ) ;
#1588 = CARTESIAN_POINT ( 'NONE',  ( -15.59043043562171604, 80.20970787124534240, 10.29437982351639214 ) ) ;
#1589 = FACE_OUTER_BOUND ( 'NONE', #1759, .T. ) ;
#1590 = ORIENTED_EDGE ( 'NONE', *, *, #5554, .T. ) ;
#1591 = CARTESIAN_POINT ( 'NONE',  ( -23.00000000000000000, 0.6520162794183348431, 15.49999763789915974 ) ) ;
#1592 = CARTESIAN_POINT ( 'NONE',  ( 16.10124399381995630, 77.37354393097905358, 10.57310424352406741 ) ) ;
#1593 = VECTOR ( 'NONE', #201, 1000.000000000000000 ) ;
#1594 = ORIENTED_EDGE ( 'NONE', *, *, #6963, .F. ) ;
#1595 = AXIS2_PLACEMENT_3D ( 'NONE', #7426, #1262, #3980 ) ;
#1596 = CARTESIAN_POINT ( 'NONE',  ( 14.50000000000000000, 110.0000000000000000, 14.93654316236331425 ) ) ;
#1597 = CARTESIAN_POINT ( 'NONE',  ( -22.66506727637154484, 8.479432802485886711, 17.30164695935770069 ) ) ;
#1598 = CARTESIAN_POINT ( 'NONE',  ( 17.00480616335833872, 72.38487317745449445, -17.50000000000000355 ) ) ;
#1599 = CARTESIAN_POINT ( 'NONE',  ( -3.776670600386521581, 54.81566345217510872, 10.99941048939954413 ) ) ;
#1600 = CARTESIAN_POINT ( 'NONE',  ( -25.00000000000001066, 17.50000000000002842, -17.50000000000000355 ) ) ;
#1601 = CARTESIAN_POINT ( 'NONE',  ( 20.94034437489090195, 7.658857321839787069, -8.593376825476926939 ) ) ;
#1602 = CARTESIAN_POINT ( 'NONE',  ( 23.00000000000000000, 1.999999999999933165, -15.50000000000000533 ) ) ;
#1603 = VERTEX_POINT ( 'NONE', #5264 ) ;
#1605 = EDGE_LOOP ( 'NONE', ( #3247, #4195, #6436, #1394 ) ) ;
#1604 = CARTESIAN_POINT ( 'NONE',  ( 13.93126745402131483, 90.69724570465807290, 9.370584789545777227 ) ) ;
#1606 = CARTESIAN_POINT ( 'NONE',  ( -14.53880630287005893, 107.0649974512599556, 6.527531537437276654 ) ) ;
#1607 = CARTESIAN_POINT ( 'NONE',  ( 18.11698543445629639, 77.27403338520919363, 8.609650879583378824 ) ) ;
#1608 = CARTESIAN_POINT ( 'NONE',  ( -23.26934690771166458, 38.97163843476219114, 14.77082041461294359 ) ) ;
#1609 = CARTESIAN_POINT ( 'NONE',  ( 13.50000000000000178, 115.0000000000000000, -14.75000000000000533 ) ) ;
#1610 = VECTOR ( 'NONE', #7987, 1000.000000000000000 ) ;
#1611 = CARTESIAN_POINT ( 'NONE',  ( -12.97114612987911286, 99.38426770687053136, 8.803358756412677621 ) ) ;
#1612 = DIRECTION ( 'NONE',  ( 0.000000000000000000, 0.000000000000000000, 1.000000000000000000 ) ) ;
#1613 = AXIS2_PLACEMENT_3D ( 'NONE', #922, #3438, #2822 ) ;
#1614 = FACE_OUTER_BOUND ( 'NONE', #3491, .T. ) ;
#1615 = EDGE_CURVE ( 'NONE', #4618, #3684, #6511, .T. ) ;
#1616 = ORIENTED_EDGE ( 'NONE', *, *, #1563, .T. ) ;
#1618 = ORIENTED_EDGE ( 'NONE', *, *, #2258, .F. ) ;
#1617 = CARTESIAN_POINT ( 'NONE',  ( -12.96676987638596401, 99.33001322386940046, -17.50000000000000711 ) ) ;
#1619 = CARTESIAN_POINT ( 'NONE',  ( -24.95553891797399615, 40.98851220471427581, 12.57572933309498531 ) ) ;
#1620 = CARTESIAN_POINT ( 'NONE',  ( 14.51817839733992699, 108.0000000000000284, 6.499999999999993783 ) ) ;
#1621 = LINE ( 'NONE', #4184, #1076 ) ;
#1622 = PLANE ( 'NONE',  #3488 ) ;
#1623 = CARTESIAN_POINT ( 'NONE',  ( -23.53769593044843944, 36.91523413943507848, -17.50000000000000355 ) ) ;
#1624 = EDGE_CURVE ( 'NONE', #1603, #1322, #953, .T. ) ;
#1625 = EDGE_CURVE ( 'NONE', #6363, #5190, #3388, .T. ) ;
#1626 = ADVANCED_FACE ( 'NONE', ( #5907 ), #5637, .F. ) ;
#1627 = ORIENTED_EDGE ( 'NONE', *, *, #7659, .F. ) ;
#1628 = CARTESIAN_POINT ( 'NONE',  ( 12.50000000000001243, 118.0000000000000142, 8.499999999999992895 ) ) ;
#1629 = CARTESIAN_POINT ( 'NONE',  ( -18.62353055762217480, 64.40389572567407583, 11.94859186971972242 ) ) ;
#1630 = DIRECTION ( 'NONE',  ( 1.000000000000000000, -0.000000000000000000, -0.000000000000000000 ) ) ;
#1631 = ORIENTED_EDGE ( 'NONE', *, *, #6241, .F. ) ;
#1632 = LINE ( 'NONE', #5980, #1196 ) ;
#1633 = CARTESIAN_POINT ( 'NONE',  ( 16.48591264074485707, 75.31222618079463871, 10.78229838369914262 ) ) ;
#1634 = ORIENTED_EDGE ( 'NONE', *, *, #4487, .F. ) ;
#1635 = CARTESIAN_POINT ( 'NONE',  ( -32.97687763316800158, 115.0000000000000000, 2.499999999999996003 ) ) ;
#1636 = CARTESIAN_POINT ( 'NONE',  ( -22.18086932116137433, 9.819716457897520456, 17.23855154495466024 ) ) ;
#1637 = CARTESIAN_POINT ( 'NONE',  ( 20.96028373036211434, 52.30279790888574354, -17.50000000000001066 ) ) ;
#1638 = CARTESIAN_POINT ( 'NONE',  ( -5.047123598626108709, 51.32512252703351407, 11.39192960331063453 ) ) ;
#1639 = CARTESIAN_POINT ( 'NONE',  ( 13.50000000000000178, 115.0000000000000000, 3.499999999999996891 ) ) ;
#1640 = CARTESIAN_POINT ( 'NONE',  ( 21.93083727046173692, 4.937500457130170162, -9.028552798983469074 ) ) ;
#1641 = CARTESIAN_POINT ( 'NONE',  ( 25.00000000000001066, 17.64627690009261229, 16.74965667821458482 ) ) ;
#1642 = ORIENTED_EDGE ( 'NONE', *, *, #1624, .F. ) ;
#1644 = ORIENTED_EDGE ( 'NONE', *, *, #6637, .F. ) ;
#1643 = CARTESIAN_POINT ( 'NONE',  ( -13.50000000000000178, 115.0000000000000000, -12.50000000000000355 ) ) ;
#1645 = DIRECTION ( 'NONE',  ( 1.000000000000000000, -0.000000000000000000, -0.000000000000000000 ) ) ;
#1646 = CARTESIAN_POINT ( 'NONE',  ( 17.36827283407781053, 81.47414798480946274, 8.197378672914378939 ) ) ;
#1647 = DIRECTION ( 'NONE',  ( -1.000000000000000000, 0.000000000000000000, 0.000000000000000000 ) ) ;
#1648 = DIRECTION ( 'NONE',  ( -1.000000000000000000, 0.000000000000000000, -0.000000000000000000 ) ) ;
#1649 = CARTESIAN_POINT ( 'NONE',  ( -24.74859502096116515, 25.47767527309952840, 16.11049093190896997 ) ) ;
#1650 = CARTESIAN_POINT ( 'NONE',  ( -12.50000000000001243, 63.75000000000000000, -17.50000000000000355 ) ) ;
#1651 = CYLINDRICAL_SURFACE ( 'NONE', #809, 10.25000000000000000 ) ;
#1652 = CIRCLE ( 'NONE', #1254, 10.25000000000000000 ) ;
#1653 = CIRCLE ( 'NONE', #5803, 5.000000000000000000 ) ;
#1654 = ORIENTED_EDGE ( 'NONE', *, *, #7270, .T. ) ;
#1655 = VECTOR ( 'NONE', #2747, 1000.000000000000000 ) ;
#1658 = ORIENTED_EDGE ( 'NONE', *, *, #7960, .T. ) ;
#1657 = CARTESIAN_POINT ( 'NONE',  ( -13.65416210812829512, 98.65070233654985543, -15.50000000000000533 ) ) ;
#1656 = CARTESIAN_POINT ( 'NONE',  ( -22.47903892380863766, 3.431328793248694442, -9.699565176986379100 ) ) ;
#1659 = CARTESIAN_POINT ( 'NONE',  ( -18.44373940295536940, 75.51932502818208093, 8.788445592123300898 ) ) ;
#1660 = CARTESIAN_POINT ( 'NONE',  ( 24.03050938265446135, 33.03845226952747538, -17.50000000000000355 ) ) ;
#1661 = FACE_OUTER_BOUND ( 'NONE', #4711, .T. ) ;
#1662 = CYLINDRICAL_SURFACE ( 'NONE', #1142, 1.000000000000000666 ) ;
#1663 = CARTESIAN_POINT ( 'NONE',  ( -24.32301228520116254, 44.93811441351935088, -15.50000000000001954 ) ) ;
#1664 = AXIS2_PLACEMENT_3D ( 'NONE', #5978, #7140, #371 ) ;
#1665 = CARTESIAN_POINT ( 'NONE',  ( -24.42718676857489868, 29.15847097083855388, -17.50000000000000000 ) ) ;
#1666 = CARTESIAN_POINT ( 'NONE',  ( -19.00000000000000000, 9.347416574180959614, -4.224190727671268242 ) ) ;
#1667 = EDGE_CURVE ( 'NONE', #7969, #5265, #6698, .T. ) ;
#1668 = CARTESIAN_POINT ( 'NONE',  ( -17.10869838478927107, 72.05631373038562515, 11.12064670849559356 ) ) ;
#1669 = CARTESIAN_POINT ( 'NONE',  ( 23.00000000000000000, 2.000000000000133671, 11.12715609645437098 ) ) ;
#1670 = VERTEX_POINT ( 'NONE', #4692 ) ;
#1671 = DIRECTION ( 'NONE',  ( 1.000000000000000000, 5.551115123125782702E-15, 0.000000000000000000 ) ) ;
#1672 = CARTESIAN_POINT ( 'NONE',  ( 17.09850729380182344, 72.10956389885804185, 11.11511169192636750 ) ) ;
#1673 = EDGE_CURVE ( 'NONE', #3876, #6982, #355, .T. ) ;
#1674 = ORIENTED_EDGE ( 'NONE', *, *, #1181, .F. ) ;
#1675 = AXIS2_PLACEMENT_3D ( 'NONE', #5342, #7792, #2888 ) ;
#1676 = VECTOR ( 'NONE', #552, 1000.000000000000000 ) ;
#1677 = ADVANCED_FACE ( 'NONE', ( #3191 ), #5678, .F. ) ;
#1678 = CARTESIAN_POINT ( 'NONE',  ( 7.184957976769025478, 110.0000000000000000, 8.499999999999994671 ) ) ;
#1679 = CARTESIAN_POINT ( 'NONE',  ( 20.99999999999999645, 8.000000000000000000, 0.000000000000000000 ) ) ;
#1680 = CARTESIAN_POINT ( 'NONE',  ( 22.90621920118351085, 41.15300628094203717, -17.50000000000000000 ) ) ;
#1681 = CARTESIAN_POINT ( 'NONE',  ( -10.17046314592484357, 37.24886280863172061, 12.93716024131834175 ) ) ;
#1682 = CARTESIAN_POINT ( 'NONE',  ( 23.00000000000000000, 1.999999999999918066, -17.49999999999979394 ) ) ;
#1683 = CARTESIAN_POINT ( 'NONE',  ( 19.00000000000000000, 9.171340364085867947, -4.577009495957957697 ) ) ;
#1684 = LINE ( 'NONE', #4242, #5926 ) ;
#1685 = EDGE_CURVE ( 'NONE', #2882, #144, #3764, .T. ) ;
#1686 = CIRCLE ( 'NONE', #6215, 15.50000000000001776 ) ;
#1687 = ORIENTED_EDGE ( 'NONE', *, *, #6184, .T. ) ;
#1688 = CIRCLE ( 'NONE', #4930, 1.000000000000000888 ) ;
#1690 = ORIENTED_EDGE ( 'NONE', *, *, #476, .F. ) ;
#1689 = CARTESIAN_POINT ( 'NONE',  ( 3.008031181516100716, 58.95054335282171820, 11.25367341905374374 ) ) ;
#1691 = DIRECTION ( 'NONE',  ( -0.7071067811865416886, -0.7071067811865532349, 0.000000000000000000 ) ) ;
#1692 = CARTESIAN_POINT ( 'NONE',  ( 19.53677267084911762, 69.84920241530878116, 9.385322745568050351 ) ) ;
#1693 = LINE ( 'NONE', #2409, #5188 ) ;
#1694 = CARTESIAN_POINT ( 'NONE',  ( -20.99999999999999645, 8.000000000000000000, 0.000000000000000000 ) ) ;
#1695 = CARTESIAN_POINT ( 'NONE',  ( -5.251265399036518566, 56.45438989116954787, 12.83640516107834806 ) ) ;
#1696 = ORIENTED_EDGE ( 'NONE', *, *, #1466, .T. ) ;
#1699 = EDGE_LOOP ( 'NONE', ( #3196, #2898, #7275, #4696 ) ) ;
#1698 = DIRECTION ( 'NONE',  ( 1.000000000000000000, -0.000000000000000000, 0.000000000000000000 ) ) ;
#1697 = CARTESIAN_POINT ( 'NONE',  ( -22.37659685724330316, 3.712786057940995033, -10.77126588245072902 ) ) ;
#1700 = CARTESIAN_POINT ( 'NONE',  ( -16.53298594208776606, 86.58577098751872825, 7.730351901465010833 ) ) ;
#1701 = FACE_BOUND ( 'NONE', #3372, .T. ) ;
#1702 = FACE_BOUND ( 'NONE', #7881, .T. ) ;
#1703 = CARTESIAN_POINT ( 'NONE',  ( 3.916067789652848852, 60.12172718027895968, 12.42485724650966716 ) ) ;
#1704 = CARTESIAN_POINT ( 'NONE',  ( -16.82489436484829426, 73.30260087452217022, -17.50000000000000355 ) ) ;
#1705 = CARTESIAN_POINT ( 'NONE',  ( -24.84835276781857871, 23.33156661569800150, -17.50000000000000711 ) ) ;
#1706 = CARTESIAN_POINT ( 'NONE',  ( -19.66858543432590523, 11.15298629403162955, -3.007331043025270212 ) ) ;
#1707 = CARTESIAN_POINT ( 'NONE',  ( -15.41629585635003963, 81.21366455237082960, 10.19886354035821086 ) ) ;
#1708 = LINE ( 'NONE', #2312, #2431 ) ;
#1709 = CARTESIAN_POINT ( 'NONE',  ( 22.31187270142718049, 9.456815208139675022, 17.25295899742071626 ) ) ;
#1710 = CARTESIAN_POINT ( 'NONE',  ( 13.69322564905159290, 92.59649125317797314, 9.232614284854115283 ) ) ;
#1711 = EDGE_CURVE ( 'NONE', #6457, #429, #2152, .T. ) ;
#1712 = VERTEX_POINT ( 'NONE', #6069 ) ;
#1713 = FACE_OUTER_BOUND ( 'NONE', #3892, .T. ) ;
#1714 = CARTESIAN_POINT ( 'NONE',  ( -25.77039658987049719, -0.1379012431860299759, 17.49999885339703809 ) ) ;
#1715 = CARTESIAN_POINT ( 'NONE',  ( 22.01290685209746911, 46.53786546725744699, -17.50000000000000711 ) ) ;
#1716 = CARTESIAN_POINT ( 'NONE',  ( -15.29372773415201436, 23.17280903858642560, 14.30952881745329464 ) ) ;
#1717 = ORIENTED_EDGE ( 'NONE', *, *, #663, .F. ) ;
#1718 = CARTESIAN_POINT ( 'NONE',  ( -27.00000000000000000, 6.149874609440621143, 15.38986799981303299 ) ) ;
#1719 = CARTESIAN_POINT ( 'NONE',  ( 13.50000000000000178, 115.0000000000000000, 3.499999999999996891 ) ) ;
#1720 = VERTEX_POINT ( 'NONE', #6592 ) ;
#1721 = EDGE_CURVE ( 'NONE', #4422, #5211, #2245, .T. ) ;
#1722 = AXIS2_PLACEMENT_3D ( 'NONE', #2701, #2577, #5718 ) ;
#1723 = EDGE_CURVE ( 'NONE', #4815, #7829, #1038, .T. ) ;
#1724 = EDGE_CURVE ( 'NONE', #5771, #1468, #1389, .T. ) ;
#1726 = ORIENTED_EDGE ( 'NONE', *, *, #4989, .T. ) ;
#1725 = CARTESIAN_POINT ( 'NONE',  ( 24.60531381537265361, 27.42410135654182568, 15.93189807676281866 ) ) ;
#1727 = CARTESIAN_POINT ( 'NONE',  ( -14.50000000000000000, 115.0000000000000000, 1.249999999999996669 ) ) ;
#1728 = CARTESIAN_POINT ( 'NONE',  ( 20.49854552920976403, 65.00750410213592545, 9.913104088975675410 ) ) ;
#1729 = CARTESIAN_POINT ( 'NONE',  ( -13.50000000000000178, 115.0000000000000000, -14.75000000000000533 ) ) ;
#1730 = CARTESIAN_POINT ( 'NONE',  ( 0.000000000000000000, 118.0000000000000142, 5.499999999999997335 ) ) ;
#1731 = CARTESIAN_POINT ( 'NONE',  ( 27.00000000000000355, 8.768510847941623609, 15.28290212906783729 ) ) ;
#1732 = ORIENTED_EDGE ( 'NONE', *, *, #2363, .F. ) ;
#1735 = EDGE_LOOP ( 'NONE', ( #7282, #3420, #1496, #4388 ) ) ;
#1734 = CARTESIAN_POINT ( 'NONE',  ( 2.521584453126103131, 58.32328709881844020, 10.62641716505109812 ) ) ;
#1733 = CARTESIAN_POINT ( 'NONE',  ( 20.99999999999999645, 8.000000000000000000, 2.000000000000000000 ) ) ;
#1736 = CARTESIAN_POINT ( 'NONE',  ( 3.784284423327719082, 54.79474464556849256, 11.00176375687317076 ) ) ;
#1737 = CARTESIAN_POINT ( 'NONE',  ( -16.72126840465673681, 85.37550151158141887, 7.836624668830999951 ) ) ;
#1738 = CARTESIAN_POINT ( 'NONE',  ( -25.00000000072528294, 110.0000000000000000, 8.499999999999992895 ) ) ;
#1739 = CARTESIAN_POINT ( 'NONE',  ( 18.99999999999999645, 8.000000000000000000, 1.000000000000000888 ) ) ;
#1740 = CARTESIAN_POINT ( 'NONE',  ( -19.00000000000000000, -1.517883041479706208E-15, 8.000000000000000000 ) ) ;
#1741 = CARTESIAN_POINT ( 'NONE',  ( -14.77813212467010473, 84.81723934106095442, -17.50000000000000711 ) ) ;
#1742 = B_SPLINE_CURVE_WITH_KNOTS ( 'NONE', 3,
 ( #6191, #7968, #1810, #6830 ),
 .UNSPECIFIED., .F., .F.,
 ( 4, 4 ),
 ( 0.000000000000000000, 1.000000000000000000 ),
 .UNSPECIFIED. ) ;
#1743 = CARTESIAN_POINT ( 'NONE',  ( -21.13444177117979805, 51.37847518762804100, -17.50000000000000355 ) ) ;
#1744 = DIRECTION ( 'NONE',  ( 1.000000000000000000, -0.000000000000000000, 0.000000000000000000 ) ) ;
#1745 = CARTESIAN_POINT ( 'NONE',  ( -20.41547912938785814, 55.36718686754068131, 12.95869186252008554 ) ) ;
#1746 = DIRECTION ( 'NONE',  ( -0.6912844894182217370, 0.000000000000000000, -0.7225826974746825115 ) ) ;
#1747 = VERTEX_POINT ( 'NONE', #4855 ) ;
#1748 = CARTESIAN_POINT ( 'NONE',  ( 13.06448376423185209, 98.36029071329555507, 8.860187802149825487 ) ) ;
#1749 = AXIS2_PLACEMENT_3D ( 'NONE', #4050, #2629, #1382 ) ;
#1750 = VERTEX_POINT ( 'NONE', #1758 ) ;
#1751 = CARTESIAN_POINT ( 'NONE',  ( 7.184957976769026367, 108.4073908624119724, 8.499999999999994671 ) ) ;
#1752 = LINE ( 'NONE', #7308, #4018 ) ;
#1753 = CARTESIAN_POINT ( 'NONE',  ( 20.41204046902625535, 55.16132009285578874, -17.50000000000000711 ) ) ;
#1754 = CARTESIAN_POINT ( 'NONE',  ( -20.25395916231179783, 9.544685194448595311, 15.27759921404964949 ) ) ;
#1755 = ORIENTED_EDGE ( 'NONE', *, *, #7458, .T. ) ;
#1756 = LINE ( 'NONE', #1682, #4767 ) ;
#1757 = CARTESIAN_POINT ( 'NONE',  ( 19.33005785938132348, 8.345120649726588624, -6.008488973024009638 ) ) ;
#1758 = CARTESIAN_POINT ( 'NONE',  ( -20.99999999999999645, 5.561455489089373162E-16, -6.999999999999998224 ) ) ;
#1759 = EDGE_LOOP ( 'NONE', ( #4594, #2443, #4572, #2493, #2783, #7892, #7047, #1075, #1050, #6291, #6862, #6858 ) ) ;
#1761 = ORIENTED_EDGE ( 'NONE', *, *, #4056, .F. ) ;
#1760 = DIRECTION ( 'NONE',  ( 0.000000000000000000, 0.000000000000000000, -1.000000000000000000 ) ) ;
#1762 = CARTESIAN_POINT ( 'NONE',  ( 23.00000000000000000, 0.000000000000000000, -15.49999999999998579 ) ) ;
#1763 = CARTESIAN_POINT ( 'NONE',  ( 16.11042917788909890, 89.44639032584629490, 7.489484671146619199 ) ) ;
#1764 = DIRECTION ( 'NONE',  ( 0.000000000000000000, 0.000000000000000000, -1.000000000000000000 ) ) ;
#1765 = EDGE_CURVE ( 'NONE', #5814, #5908, #7839, .T. ) ;
#1766 = CARTESIAN_POINT ( 'NONE',  ( -7.184957976769031696, 110.0000000000000000, 8.499999999999994671 ) ) ;
#1767 = DIRECTION ( 'NONE',  ( -1.000000000000000000, 0.000000000000000000, 0.000000000000000000 ) ) ;
#1768 = EDGE_LOOP ( 'NONE', ( #5379, #2016, #4247, #4779, #4006 ) ) ;
#1769 = PRODUCT_RELATED_PRODUCT_CATEGORY ( 'detail', '', ( #5187 ) ) ;
#1770 = EDGE_CURVE ( 'NONE', #4980, #3859, #3856, .T. ) ;
#1773 = EDGE_LOOP ( 'NONE', ( #5393, #2547, #7350, #1300 ) ) ;
#1772 = CARTESIAN_POINT ( 'NONE',  ( 25.92082466680488650, 33.99681849961913116, -15.50000000000000533 ) ) ;
#1771 = CARTESIAN_POINT ( 'NONE',  ( -20.99999999999999645, -8.000000000000000000, -8.673617379884035472E-16 ) ) ;
#1774 = VECTOR ( 'NONE', #2894, 1000.000000000000000 ) ;
#1775 = CARTESIAN_POINT ( 'NONE',  ( -23.00000000000000000, 2.000000000000170974, 15.48707321619137645 ) ) ;
#1776 = CARTESIAN_POINT ( 'NONE',  ( -19.61710660117655536, 69.44127841710300686, 9.429244275242030682 ) ) ;
#1777 = DIRECTION ( 'NONE',  ( 1.000000000000000000, -0.000000000000000000, 0.000000000000000000 ) ) ;
#1778 = CARTESIAN_POINT ( 'NONE',  ( -24.00000000000000000, 1.255262969126037241E-15, 10.25000000000000000 ) ) ;
#1779 = LINE ( 'NONE', #5569, #1462 ) ;
#1780 = EDGE_CURVE ( 'NONE', #1279, #6554, #1684, .T. ) ;
#1781 = AXIS2_PLACEMENT_3D ( 'NONE', #6666, #7192, #6590 ) ;
#1782 = UNCERTAINTY_MEASURE_WITH_UNIT (LENGTH_MEASURE( 1.000000000000000082E-05 ), #7398, 'distance_accuracy_value', 'NONE');
#1783 = CARTESIAN_POINT ( 'NONE',  ( -22.82624724343713041, 41.67294996318347700, -17.50000000000000000 ) ) ;
#1784 = DIRECTION ( 'NONE',  ( 1.000000000000000000, -0.000000000000000000, -0.000000000000000000 ) ) ;
#1785 = CARTESIAN_POINT ( 'NONE',  ( -20.89488198810422048, 52.87127745706717974, 13.23940707414683438 ) ) ;
#1786 = DIRECTION ( 'NONE',  ( 0.000000000000000000, -1.000000000000000000, 0.000000000000000000 ) ) ;
#1787 = CARTESIAN_POINT ( 'NONE',  ( 12.65063921587779738, 104.1536334455314829, 8.600966515818928571 ) ) ;
#1788 = AXIS2_PLACEMENT_3D ( 'NONE', #3504, #2881, #6542 ) ;
#1789 = ORIENTED_EDGE ( 'NONE', *, *, #4550, .F. ) ;
#1790 = CIRCLE ( 'NONE', #6336, 2.000000000000000000 ) ;
#1791 = CIRCLE ( 'NONE', #4139, 1.000000000000000666 ) ;
#1792 = CARTESIAN_POINT ( 'NONE',  ( -20.94034437489116129, 7.658857321839072974, -8.593376825476102709 ) ) ;
#1793 = CARTESIAN_POINT ( 'NONE',  ( 20.99999999999999645, -1.517883041479706208E-15, 8.000000000000000000 ) ) ;
#1794 = DIRECTION ( 'NONE',  ( -1.000000000000000000, -0.000000000000000000, -0.000000000000000000 ) ) ;
#1795 = CARTESIAN_POINT ( 'NONE',  ( -12.65024373294236071, 30.43572164059932916, 13.63354846652959296 ) ) ;
#1796 = ORIENTED_EDGE ( 'NONE', *, *, #4015, .F. ) ;
#1797 = CARTESIAN_POINT ( 'NONE',  ( 24.99999999999999645, 1.255262969126037241E-15, 10.25000000000000000 ) ) ;
#1798 = CARTESIAN_POINT ( 'NONE',  ( 4.782737096201175042, 57.74145546867941903, 12.69173508668660055 ) ) ;
#1799 = CARTESIAN_POINT ( 'NONE',  ( 2.499999999999998668, 58.32328709881844020, 20.50000000000000711 ) ) ;
#1800 = AXIS2_PLACEMENT_3D ( 'NONE', #7590, #2037, #4525 ) ;
#1801 = VECTOR ( 'NONE', #6927, 1000.000000000000000 ) ;
#1803 = ORIENTED_EDGE ( 'NONE', *, *, #1122, .F. ) ;
#1802 = FACE_OUTER_BOUND ( 'NONE', #4868, .T. ) ;
#1804 = DIRECTION ( 'NONE',  ( 0.000000000000000000, 0.000000000000000000, 1.000000000000000000 ) ) ;
#1805 = CARTESIAN_POINT ( 'NONE',  ( 3.000000000000009770, 103.0000000000000142, 6.641601241244644349 ) ) ;
#1806 = CARTESIAN_POINT ( 'NONE',  ( 22.92403562498865455, 52.68191889576481657, 11.28989030600899213 ) ) ;
#1807 = DIRECTION ( 'NONE',  ( 0.1604214212192565103, 0.4407542323967090225, -0.8831764683450199493 ) ) ;
#1808 = CIRCLE ( 'NONE', #5051, 2.000000000000000000 ) ;
#1809 = CARTESIAN_POINT ( 'NONE',  ( 21.98004609949071408, 4.802300310534026728, 15.47942051181633261 ) ) ;
#1810 = CARTESIAN_POINT ( 'NONE',  ( -23.03610413508873833, 1.900804704094925190, 15.54225901324888959 ) ) ;
#1811 = ORIENTED_EDGE ( 'NONE', *, *, #6385, .T. ) ;
#1813 = EDGE_CURVE ( 'NONE', #6526, #742, #4736, .T. ) ;
#1812 = ORGANIZATION ( 'UNSPECIFIED', 'UNSPECIFIED', '' ) ;
#1816 = ORIENTED_EDGE ( 'NONE', *, *, #4111, .T. ) ;
#1815 = CARTESIAN_POINT ( 'NONE',  ( 25.37642652430411516, 38.14278074865271861, -15.50000000000000533 ) ) ;
#1814 = CARTESIAN_POINT ( 'NONE',  ( 7.184957976769022814, 105.1021125901048237, 8.558921595299091578 ) ) ;
#1817 = CARTESIAN_POINT ( 'NONE',  ( 13.83333333333333748, 110.0000000000000000, 7.166666666666668739 ) ) ;
#1818 = CARTESIAN_POINT ( 'NONE',  ( -17.06814901475347312, 83.23612236180022705, 8.030864260655194542 ) ) ;
#1819 = ADVANCED_FACE ( 'NONE', ( #2932 ), #4284, .T. ) ;
#1820 = CARTESIAN_POINT ( 'NONE',  ( -32.97687763316800158, 115.0000000000000000, -11.50000000000000355 ) ) ;
#1821 = CARTESIAN_POINT ( 'NONE',  ( 23.00000000000000000, 2.000000000000166533, 15.48707321619134625 ) ) ;
#1822 = CARTESIAN_POINT ( 'NONE',  ( 4.999999999999997335, 104.9999999999999716, 6.483912629826004803 ) ) ;
#1823 = EDGE_CURVE ( 'NONE', #4429, #7602, #7279, .T. ) ;
#1824 = CARTESIAN_POINT ( 'NONE',  ( -20.96937995837621926, 52.25471872622815539, -17.50000000000000711 ) ) ;
#1825 = ADVANCED_FACE ( 'NONE', ( #2975 ), #5509, .F. ) ;
#1826 = EDGE_CURVE ( 'NONE', #3151, #1603, #5036, .T. ) ;
#1827 = CARTESIAN_POINT ( 'NONE',  ( 24.08701324458209925, -0.9865443441372134803, 15.56289155483061215 ) ) ;
#1828 = CARTESIAN_POINT ( 'NONE',  ( -21.49359787064322092, 49.66074653923937632, 13.59947454356041696 ) ) ;
#1829 = CARTESIAN_POINT ( 'NONE',  ( 25.00000000000001066, 17.64627690009261229, 16.74965667821458482 ) ) ;
#1830 = DIRECTION ( 'NONE',  ( 1.000000000000000000, -0.000000000000000000, -0.000000000000000000 ) ) ;
#1831 = ORIENTED_EDGE ( 'NONE', *, *, #2956, .T. ) ;
#1832 = CARTESIAN_POINT ( 'NONE',  ( -24.17799749560187905, -1.236521519340011643, 15.56289155483061215 ) ) ;
#1833 = CARTESIAN_POINT ( 'NONE',  ( 3.000000000000009770, 103.0000000000000142, 22.73723446728292785 ) ) ;
#1834 = DIRECTION ( 'NONE',  ( -0.000000000000000000, -0.000000000000000000, -1.000000000000000000 ) ) ;
#1835 = ORIENTED_EDGE ( 'NONE', *, *, #2510, .F. ) ;
#1836 = CARTESIAN_POINT ( 'NONE',  ( 6.508572583980354764, 52.99988013354069949, 13.22495104623091144 ) ) ;
#1837 = CARTESIAN_POINT ( 'NONE',  ( 24.43147022788659939, 29.30276992859081986, 15.75188866530130483 ) ) ;
#1838 = VERTEX_POINT ( 'NONE', #731 ) ;
#1839 = CARTESIAN_POINT ( 'NONE',  ( 7.184959519165659891, 105.0590618706626316, 8.573399160350140491 ) ) ;
#1840 = CARTESIAN_POINT ( 'NONE',  ( -20.02148286933641330, 10.18340855995710648, 2.741064419683789666 ) ) ;
#1841 = AXIS2_PLACEMENT_3D ( 'NONE', #6495, #2670, #160 ) ;
#1842 = DIRECTION ( 'NONE',  ( 0.000000000000000000, 0.000000000000000000, -1.000000000000000000 ) ) ;
#1843 = CARTESIAN_POINT ( 'NONE',  ( 24.17084419342602430, 45.80802539944377827, 12.05343671189916321 ) ) ;
#1844 = CARTESIAN_POINT ( 'NONE',  ( 20.02877455105292270, 10.16337482909101908, 15.24759903601843902 ) ) ;
#1845 = CARTESIAN_POINT ( 'NONE',  ( 0.000000000000000000, 79.52049869174365426, -14.50000000000000533 ) ) ;
#1846 = AXIS2_PLACEMENT_3D ( 'NONE', #6201, #7335, #2534 ) ;
#1847 = VERTEX_POINT ( 'NONE', #7945 ) ;
#1850 = ORIENTED_EDGE ( 'NONE', *, *, #2954, .T. ) ;
#1849 = CARTESIAN_POINT ( 'NONE',  ( -22.26030159031604683, 1.706169178444933765, 10.10710292888393624 ) ) ;
#1848 = CARTESIAN_POINT ( 'NONE',  ( 25.77039658987050430, -0.1379012431860657806, 17.49999885339703809 ) ) ;
#1851 = VECTOR ( 'NONE', #1272, 1000.000000000000000 ) ;
#1852 = DIRECTION ( 'NONE',  ( 0.000000000000000000, 0.000000000000000000, -1.000000000000000000 ) ) ;
#1853 = CARTESIAN_POINT ( 'NONE',  ( -29.01166342986738300, 55.62898178555392548, -15.50000000000000533 ) ) ;
#1854 = DIRECTION ( 'NONE',  ( -1.000000000000000000, -0.000000000000000000, -0.000000000000000000 ) ) ;
#1855 = CARTESIAN_POINT ( 'NONE',  ( -22.00000000000000000, 1.661568750910036529, -10.11442975584878212 ) ) ;
#1856 = FACE_OUTER_BOUND ( 'NONE', #4636, .T. ) ;
#1857 = ADVANCED_FACE ( 'NONE', ( #6134 ), #37, .F. ) ;
#1858 = DIRECTION ( 'NONE',  ( -0.000000000000000000, -0.000000000000000000, -1.000000000000000000 ) ) ;
#1859 = CARTESIAN_POINT ( 'NONE',  ( -16.47607906794960542, 75.16094824167238642, -17.50000000000000711 ) ) ;
#1860 = CARTESIAN_POINT ( 'NONE',  ( -26.84632878584061189, 23.42207015903816014, 14.28899755694467189 ) ) ;
#1861 = CARTESIAN_POINT ( 'NONE',  ( 20.90586374002554848, 7.753592087541054667, 15.36639538845002306 ) ) ;
#1862 = CARTESIAN_POINT ( 'NONE',  ( 27.00000000000002842, 17.50000000000001066, 14.75501308386013122 ) ) ;
#1863 = ADVANCED_FACE ( 'NONE', ( #5647, #1179, #3659 ), #7419, .F. ) ;
#1864 = DIRECTION ( 'NONE',  ( -1.000000000000000000, -0.000000000000000000, -0.000000000000000000 ) ) ;
#1865 = EDGE_CURVE ( 'NONE', #2490, #4635, #162, .T. ) ;
#1866 = EDGE_LOOP ( 'NONE', ( #3967, #2301, #1616, #3571 ) ) ;
#1867 = DIRECTION ( 'NONE',  ( 0.000000000000000000, 0.000000000000000000, -1.000000000000000000 ) ) ;
#1868 = CARTESIAN_POINT ( 'NONE',  ( 24.94916571909025649, 21.34198384003629556, -17.50000000000000711 ) ) ;
#1869 = CARTESIAN_POINT ( 'NONE',  ( 20.67734589795850653, 4.972512160763939981, -9.570517717440139904 ) ) ;
#1870 = ORIENTED_EDGE ( 'NONE', *, *, #7960, .F. ) ;
#1871 = CARTESIAN_POINT ( 'NONE',  ( -24.06042953220465463, 46.43808005948568507, 6.499999999999993783 ) ) ;
#1872 = CARTESIAN_POINT ( 'NONE',  ( 24.43723397221683413, 29.24006014796501418, 15.75788901839537282 ) ) ;
#1873 = ORIENTED_EDGE ( 'NONE', *, *, #3652, .T. ) ;
#1874 = CARTESIAN_POINT ( 'NONE',  ( -26.76381413577447077, 25.79475370189503991, -15.50000000000002487 ) ) ;
#1875 = CARTESIAN_POINT ( 'NONE',  ( -19.53925244993521915, 11.50832574823572862, 0.4330517843523703503 ) ) ;
#1876 = DIRECTION ( 'NONE',  ( 1.000000000000000000, -0.000000000000000000, 0.000000000000000000 ) ) ;
#1877 = CARTESIAN_POINT ( 'NONE',  ( 25.00000000072528294, 80.48211638685566527, 8.499999999999992895 ) ) ;
#1878 = CARTESIAN_POINT ( 'NONE',  ( 23.98029972650040875, 46.89787755166927496, 11.93328379543208584 ) ) ;
#1879 = DIRECTION ( 'NONE',  ( 0.7071067811865481278, 0.000000000000000000, 0.7071067811865469066 ) ) ;
#1880 = CARTESIAN_POINT ( 'NONE',  ( 27.00000000000000355, 13.66573390806523669, 15.02208613138986237 ) ) ;
#1881 = ORIENTED_EDGE ( 'NONE', *, *, #490, .T. ) ;
#1884 = ORIENTED_EDGE ( 'NONE', *, *, #482, .T. ) ;
#1883 = DIRECTION ( 'NONE',  ( 0.7016738431598599224, 0.1237240302064891440, -0.7016738431598660286 ) ) ;
#1882 = CARTESIAN_POINT ( 'NONE',  ( 25.75523253347188302, -0.09624021348840110235, 17.50000029560853321 ) ) ;
#1885 = CARTESIAN_POINT ( 'NONE',  ( 2.822253397450249945, 57.43790316598153822, 10.70459818304901134 ) ) ;
#1886 = DIRECTION ( 'NONE',  ( 1.000000000000000000, -0.000000000000000000, 0.000000000000000000 ) ) ;
#1887 = DIRECTION ( 'NONE',  ( 1.000000000000000000, -0.000000000000000000, 0.000000000000000000 ) ) ;
#1888 = CARTESIAN_POINT ( 'NONE',  ( -22.79716162181631844, 1.860265204562279395, -10.46832424074202095 ) ) ;
#1889 = DIRECTION ( 'NONE',  ( 1.000000000000000000, -0.000000000000000000, 0.000000000000000000 ) ) ;
#1890 = VECTOR ( 'NONE', #7205, 1000.000000000000000 ) ;
#1891 = CARTESIAN_POINT ( 'NONE',  ( -20.12376181668789954, 15.50681785329845397, 16.90082272117482987 ) ) ;
#1892 = ORIENTED_EDGE ( 'NONE', *, *, #377, .T. ) ;
#1894 = ORIENTED_EDGE ( 'NONE', *, *, #1960, .F. ) ;
#1893 = CARTESIAN_POINT ( 'NONE',  ( -18.20346382263069529, 66.28832943988723514, -17.50000000000000355 ) ) ;
#1895 = CARTESIAN_POINT ( 'NONE',  ( -26.43784295269051654, 29.13468621503101375, 13.77623528374355821 ) ) ;
#1896 = CARTESIAN_POINT ( 'NONE',  ( -13.50000000000000178, 115.0000000000000000, 2.499999999999996003 ) ) ;
#1897 = LINE ( 'NONE', #8022, #7231 ) ;
#1898 = CARTESIAN_POINT ( 'NONE',  ( 20.99999999999999645, 0.000000000000000000, 0.000000000000000000 ) ) ;
#1899 = B_SPLINE_CURVE_WITH_KNOTS ( 'NONE', 3,
 ( #1149, #46, #4968, #1950, #1798, #5, #3050, #5541, #4436, #4354, #2440, #1910, #615, #3634, #1306, #4929, #2518, #7467, #3015, #1836, #5657, #4319, #1226, #6107, #4395, #6814, #5507, #3705, #2477, #6178, #3086, #7955, #1264, #5584, #6859, #660, #4890, #3790, #3126, #85, #2556, #7352, #903, #7586, #2031, #7060, #5775, #1991, #5734, #3379, #3874, #821, #1473, #4520, #3334, #208, #5216, #5697, #1509, #2759, #2076, #3832, #3988, #6987, #1437, #6461, #4559, #5088, #4477, #6939, #5252, #3915, #3951, #170, #1391, #7666, #3211, #5856, #6384, #294, #6424, #6347, #781, #126, #2595, #3294, #2111, #3251, #5815, #2678, #7022, #7548, #2637, #2722, #7705, #4601, #859, #2148, #6304, #5173, #5131, #7629, #255, #6898, #1349, #740, #7223, #4032, #456, #1709, #5292, #7747, #2844, #4110, #6581, #2193, #1064 ),
 .UNSPECIFIED., .F., .F.,
 ( 4, 2, 1, 1, 1, 1, 1, 1, 2, 2, 2, 2, 1, 1, 1, 1, 1, 1, 2, 2, 2, 1, 1, 1, 1, 1, 2, 2, 2, 1, 1, 1, 1, 1, 2, 2, 2, 2, 1, 1, 1, 1, 1, 2, 2, 2, 2, 1, 1, 1, 1, 1, 2, 2, 2, 2, 1, 1, 1, 1, 1, 2, 2, 2, 2, 1, 1, 1, 1, 1, 2, 2, 2, 2, 1, 1, 1, 1, 1, 2, 2, 4 ),
 ( 0.000000000000000000, 0.03125000000012064655, 0.04687500000018096635, 0.05468750000021098401, 0.05859375000022612467, 0.06054687500023355623, 0.06152343750023727548, 0.06201171875023912122, 0.06225585937524017593, 0.06250000000024122371, 0.09375000000037454762, 0.1093750000004411888, 0.1171875000004745232, 0.1210937500004908712, 0.1230468750004990730, 0.1240234375005027784, 0.1245117187505046658, 0.1247558593755056094, 0.1248779296880056511, 0.1250000000005057066, 0.1562500000004999334, 0.1718750000004971856, 0.1796875000004958256, 0.1835937500004951317, 0.1855468750004947986, 0.1865234375004946321, 0.1870117187504945766, 0.1875000000004944933, 0.2187500000004720946, 0.2343750000004609091, 0.2421875000004554412, 0.2460937500004529155, 0.2480468750004517775, 0.2490234375004513889, 0.2495117187504511946, 0.2500000000004509726, 0.3125000000004342637, 0.3437500000004260481, 0.3593750000004219403, 0.3671875000004198863, 0.3710937500004188871, 0.3730468750004183875, 0.3740234375004181100, 0.3745117187504179990, 0.3750000000004178324, 0.4375000000003848033, 0.4687500000003681500, 0.4843750000003596012, 0.4921875000003553824, 0.4960937500003532175, 0.4980468750003519962, 0.4990234375003513856, 0.4995117187503510525, 0.5000000000003507195, 0.5625000000002996492, 0.5937500000002741141, 0.6093750000002612355, 0.6171875000002547962, 0.6210937500002514655, 0.6230468750002499112, 0.6240234375002492451, 0.6245117187502489120, 0.6250000000002485789, 0.6875000000002009504, 0.7187500000001771916, 0.7343750000001653122, 0.7421875000001595390, 0.7460937500001567635, 0.7480468750001553202, 0.7490234375001546541, 0.7495117187501544320, 0.7500000000001540990, 0.8125000000001169065, 0.8437500000000983658, 0.8593750000000889289, 0.8671875000000842659, 0.8710937500000818234, 0.8730468750000807132, 0.8740234375000801581, 0.8745117187500798250, 0.8750000000000794920, 1.000000000000000000 ),
 .UNSPECIFIED. ) ;
#1900 = AXIS2_PLACEMENT_3D ( 'NONE', #4282, #4122, #7351 ) ;
#1901 = EDGE_LOOP ( 'NONE', ( #676, #270 ) ) ;
#1902 = ADVANCED_FACE ( 'NONE', ( #6212, #2430 ), #4921, .T. ) ;
#1903 = CARTESIAN_POINT ( 'NONE',  ( 13.47661548205001125, 94.24665699277896636, -17.50000000000000000 ) ) ;
#1904 = CIRCLE ( 'NONE', #4777, 10.25000000000000000 ) ;
#1905 = AXIS2_PLACEMENT_3D ( 'NONE', #7256, #7295, #4363 ) ;
#1906 = CARTESIAN_POINT ( 'NONE',  ( -7.858134455587795664, 43.60193367168969303, 12.25312780343104357 ) ) ;
#1907 = CARTESIAN_POINT ( 'NONE',  ( 24.51907490622334862, 28.16774949410958939, -17.50000000000000355 ) ) ;
#1908 = CARTESIAN_POINT ( 'NONE',  ( -21.65164428913885075, 5.704576868983735061, 10.57516295705425691 ) ) ;
#1909 = VERTEX_POINT ( 'NONE', #3782 ) ;
#1910 = CARTESIAN_POINT ( 'NONE',  ( 5.227508237098327015, 56.51965351674799365, 12.82906639981877461 ) ) ;
#1911 = EDGE_CURVE ( 'NONE', #5702, #4422, #6253, .T. ) ;
#1912 = CARTESIAN_POINT ( 'NONE',  ( 23.79879179960208901, 35.06613810821345822, 15.17890514368498422 ) ) ;
#1913 = ORIENTED_EDGE ( 'NONE', *, *, #4304, .F. ) ;
#1914 = EDGE_CURVE ( 'NONE', #3817, #4028, #296, .T. ) ;
#1915 = DIRECTION ( 'NONE',  ( 0.000000000000000000, 0.000000000000000000, -1.000000000000000000 ) ) ;
#1916 = DIRECTION ( 'NONE',  ( -1.000000000000000000, 0.000000000000000000, 0.000000000000000000 ) ) ;
#1917 = CARTESIAN_POINT ( 'NONE',  ( 13.65416210812829512, 98.65070233654985543, -15.50000000000000533 ) ) ;
#1918 = EDGE_CURVE ( 'NONE', #5170, #4894, #606, .T. ) ;
#1919 = CARTESIAN_POINT ( 'NONE',  ( -25.00000000072528294, 31.60188937373054685, 17.21305452999133578 ) ) ;
#1920 = CARTESIAN_POINT ( 'NONE',  ( 25.45788570445853338, 37.56563310754660989, 12.93704200949718697 ) ) ;
#1921 = CARTESIAN_POINT ( 'NONE',  ( 17.46275610274334156, 17.21345257372543358, 14.79361891233247484 ) ) ;
#1922 = AXIS2_PLACEMENT_3D ( 'NONE', #4606, #2641, #863 ) ;
#1923 = CARTESIAN_POINT ( 'NONE',  ( 11.50000000000000000, 113.0000000000000000, 5.499999999999997335 ) ) ;
#1924 = ORIENTED_EDGE ( 'NONE', *, *, #4807, .F. ) ;
#1925 = AXIS2_PLACEMENT_3D ( 'NONE', #4481, #4037, #6429 ) ;
#1928 = VERTEX_POINT ( 'NONE', #5576 ) ;
#1927 = LINE ( 'NONE', #7441, #3763 ) ;
#1926 = CARTESIAN_POINT ( 'NONE',  ( 19.27761356820034777, 17.84441623368180529, 16.74484714507145711 ) ) ;
#1929 = CARTESIAN_POINT ( 'NONE',  ( 19.86934309063053306, 10.60140916655210397, 4.636248044168910454 ) ) ;
#1930 = CARTESIAN_POINT ( 'NONE',  ( 14.50000000000000000, 110.0000000000000000, -15.50000000000001776 ) ) ;
#1931 = FACE_OUTER_BOUND ( 'NONE', #7840, .T. ) ;
#1932 = DIRECTION ( 'NONE',  ( 0.1218693434053486624, 0.9925461516412972252, 0.000000000000000000 ) ) ;
#1933 = DIRECTION ( 'NONE',  ( -1.000000000000000000, -0.000000000000000000, -0.000000000000000000 ) ) ;
#1934 = CARTESIAN_POINT ( 'NONE',  ( -18.87789397551938819, 18.94693926684178820, 16.65385774300911237 ) ) ;
#1935 = PRODUCT_DEFINITION_FORMATION_WITH_SPECIFIED_SOURCE ( 'ANY', '', #5187, .NOT_KNOWN. ) ;
#1936 = ORIENTED_EDGE ( 'NONE', *, *, #1037, .F. ) ;
#1938 = ORIENTED_EDGE ( 'NONE', *, *, #6039, .T. ) ;
#1937 = CARTESIAN_POINT ( 'NONE',  ( -17.59022970144025422, 69.38263364731137983, -17.50000000000000355 ) ) ;
#1939 = CARTESIAN_POINT ( 'NONE',  ( -26.94895123197381892, 20.90787302226736699, 14.49630491410730748 ) ) ;
#1940 = CARTESIAN_POINT ( 'NONE',  ( 19.90736469038400003, 67.96354041092301657, -15.50000000000001776 ) ) ;
#1941 = DIRECTION ( 'NONE',  ( -1.000000000000000000, 0.000000000000000000, 0.000000000000000000 ) ) ;
#1942 = DIRECTION ( 'NONE',  ( 0.000000000000000000, 0.000000000000000000, -1.000000000000000000 ) ) ;
#1943 = EDGE_LOOP ( 'NONE', ( #2838, #1351, #396, #3544, #7963, #3048, #7154, #6403, #4862, #4348, #7076, #6742, #3976, #5296 ) ) ;
#1944 = DIRECTION ( 'NONE',  ( -0.4437126062796555859, 0.6336872742246401069, -0.6336872742246456580 ) ) ;
#1945 = ORIENTED_EDGE ( 'NONE', *, *, #3128, .T. ) ;
#1946 = CARTESIAN_POINT ( 'NONE',  ( -23.90504570307845711, -0.4865926327823356101, 15.56283434762019446 ) ) ;
#1947 = FACE_OUTER_BOUND ( 'NONE', #6935, .T. ) ;
#1948 = DIRECTION ( 'NONE',  ( 0.000000000000000000, 0.000000000000000000, -1.000000000000000000 ) ) ;
#1949 = ORIENTED_EDGE ( 'NONE', *, *, #7617, .T. ) ;
#1950 = CARTESIAN_POINT ( 'NONE',  ( 4.608961353980609132, 58.21877670553116957, 12.63814105399832677 ) ) ;
#1951 = CARTESIAN_POINT ( 'NONE',  ( 20.88491397241337921, 52.92470373099983050, 13.23341232935645984 ) ) ;
#1952 = ADVANCED_FACE ( 'NONE', ( #8023 ), #4999, .F. ) ;
#1953 = VERTEX_POINT ( 'NONE', #3201 ) ;
#1954 = DIRECTION ( 'NONE',  ( -1.196361017915039239E-16, 0.000000000000000000, -1.000000000000000000 ) ) ;
#1955 = CARTESIAN_POINT ( 'NONE',  ( -19.91008012616783063, 10.48948508128139245, 1.592394240162618546 ) ) ;
#1956 = DIRECTION ( 'NONE',  ( 1.000000000000000000, -0.000000000000000000, 0.000000000000000000 ) ) ;
#1957 = CARTESIAN_POINT ( 'NONE',  ( -19.00000000000000000, -8.000000000000000000, 0.9999999999999997780 ) ) ;
#1958 = CARTESIAN_POINT ( 'NONE',  ( 23.92427286084826221, 47.21738093064051611, 11.89803370529022075 ) ) ;
#1959 = CARTESIAN_POINT ( 'NONE',  ( 16.08197605662510554, 21.00711457166867646, 14.49423174156085992 ) ) ;
#1960 = EDGE_CURVE ( 'NONE', #549, #7083, #2509, .T. ) ;
#1961 = VERTEX_POINT ( 'NONE', #2471 ) ;
#1962 = ADVANCED_FACE ( 'NONE', ( #7342 ), #6890, .F. ) ;
#1963 = ADVANCED_FACE ( 'NONE', ( #4592, #5124 ), #2714, .F. ) ;
#1964 = AXIS2_PLACEMENT_3D ( 'NONE', #3471, #2244, #5469 ) ;
#1967 = EDGE_LOOP ( 'NONE', ( #7731, #7948, #5787, #2763, #4553, #5365, #3604, #278, #6707, #4200 ) ) ;
#1966 = LINE ( 'NONE', #3845, #2715 ) ;
#1965 = CARTESIAN_POINT ( 'NONE',  ( 25.73248646537424023, -0.03378976798676933818, 17.49999985219574228 ) ) ;
#1968 = CARTESIAN_POINT ( 'NONE',  ( -5.000000000000002665, 79.52049869174365426, 5.499999999999997335 ) ) ;
#1969 = DIRECTION ( 'NONE',  ( -1.000000000000000000, 0.000000000000000000, 1.196361017915039239E-16 ) ) ;
#1970 = CARTESIAN_POINT ( 'NONE',  ( -21.15618675433628582, 51.48616550273798964, 13.39498776789179324 ) ) ;
#1971 = LINE ( 'NONE', #7648, #2885 ) ;
#1972 = VECTOR ( 'NONE', #4494, 1000.000000000000000 ) ;
#1973 = CARTESIAN_POINT ( 'NONE',  ( 22.00000000000000000, 0.000000000000000000, 0.000000000000000000 ) ) ;
#1974 = DIRECTION ( 'NONE',  ( 0.7016738431598649184, -0.1237240302064731567, 0.7016738431598636971 ) ) ;
#1975 = AXIS2_PLACEMENT_3D ( 'NONE', #1463, #3370, #3981 ) ;
#1976 = CARTESIAN_POINT ( 'NONE',  ( -15.36049239550098733, 28.64579693386513881, 15.81474910668982581 ) ) ;
#1977 = ORIENTED_EDGE ( 'NONE', *, *, #4904, .T. ) ;
#1978 = VECTOR ( 'NONE', #2101, 1000.000000000000000 ) ;
#1980 = ORIENTED_EDGE ( 'NONE', *, *, #2445, .T. ) ;
#1979 = CARTESIAN_POINT ( 'NONE',  ( -18.27293754749267052, 65.93980379920866142, -17.50000000000000711 ) ) ;
#1981 = CARTESIAN_POINT ( 'NONE',  ( -13.34314575050761675, -8.000000000000000000, 1.999999999999998668 ) ) ;
#1982 = FACE_OUTER_BOUND ( 'NONE', #594, .T. ) ;
#1983 = CARTESIAN_POINT ( 'NONE',  ( 13.34314575050761675, -8.000000000000000000, -8.673617379884035472E-16 ) ) ;
#1984 = CARTESIAN_POINT ( 'NONE',  ( 22.00000000000000000, 0.000000000000000000, 10.25000000000000000 ) ) ;
#1985 = ORIENTED_EDGE ( 'NONE', *, *, #5899, .F. ) ;
#1986 = CARTESIAN_POINT ( 'NONE',  ( 12.98195496611254462, 99.18445698316880055, -17.50000000000000355 ) ) ;
#1987 = ORIENTED_EDGE ( 'NONE', *, *, #3200, .T. ) ;
#1988 = CARTESIAN_POINT ( 'NONE',  ( -13.68569587953511757, 92.65657034519857405, 9.228249950300059012 ) ) ;
#1989 = CARTESIAN_POINT ( 'NONE',  ( 22.00000000000000000, 0.000000000000000000, 0.000000000000000000 ) ) ;
#1990 = ORIENTED_EDGE ( 'NONE', *, *, #733, .F. ) ;
#1991 = CARTESIAN_POINT ( 'NONE',  ( 9.172422741418552405, 45.67727240860538274, 14.04243813059507140 ) ) ;
#1992 = VECTOR ( 'NONE', #642, 1000.000000000000000 ) ;
#1993 = CARTESIAN_POINT ( 'NONE',  ( 21.13295639013302463, 51.60951440603607665, 13.38113296620424286 ) ) ;
#1994 = VERTEX_POINT ( 'NONE', #6417 ) ;
#1995 = CARTESIAN_POINT ( 'NONE',  ( -27.00000000000000000, 17.50000000000000355, -15.50000000000520828 ) ) ;
#1996 = CARTESIAN_POINT ( 'NONE',  ( 0.000000000000000000, 113.0000000000000000, -14.50000000000000533 ) ) ;
#1997 = PLANE ( 'NONE',  #3020 ) ;
#1998 = CARTESIAN_POINT ( 'NONE',  ( -22.00000000000000000, 0.000000000000000000, 0.000000000000000000 ) ) ;
#1999 = CARTESIAN_POINT ( 'NONE',  ( 26.51262916279060278, 28.33022503814092374, 13.85236258135824272 ) ) ;
#2000 = CARTESIAN_POINT ( 'NONE',  ( -24.00000000000000000, 4.336808689942017736E-16, -8.000000000000000000 ) ) ;
#2001 = CARTESIAN_POINT ( 'NONE',  ( 6.437094161049595087, 47.50620979306847147, 11.81941595008810886 ) ) ;
#2002 = VERTEX_POINT ( 'NONE', #1984 ) ;
#2003 = VECTOR ( 'NONE', #2252, 1000.000000000000000 ) ;
#2004 = EDGE_CURVE ( 'NONE', #4667, #2671, #4026, .T. ) ;
#2007 = ORIENTED_EDGE ( 'NONE', *, *, #2270, .F. ) ;
#2006 = CARTESIAN_POINT ( 'NONE',  ( -22.00000000000000000, 0.000000000000000000, 0.000000000000000000 ) ) ;
#2005 = CARTESIAN_POINT ( 'NONE',  ( 24.72447210424684982, 2.768481007905889690, 17.47623571776593820 ) ) ;
#2008 = CARTESIAN_POINT ( 'NONE',  ( 19.60343093026179062, 11.33199682272355702, -2.162628498080602313 ) ) ;
#2009 = CARTESIAN_POINT ( 'NONE',  ( -22.00000000000000000, 1.661568750910036529, -10.11442975584878212 ) ) ;
#2010 = CARTESIAN_POINT ( 'NONE',  ( -18.94431598195813748, 62.80108103130955044, 12.12609952181947470 ) ) ;
#2011 = DIRECTION ( 'NONE',  ( 1.000000000000000000, -0.000000000000000000, 0.000000000000000000 ) ) ;
#2012 = CARTESIAN_POINT ( 'NONE',  ( 13.50000000000000178, 115.0000000000000000, 1.249999999999996669 ) ) ;
#2013 = ADVANCED_FACE ( 'NONE', ( #7658 ), #7579, .F. ) ;
#2014 = CARTESIAN_POINT ( 'NONE',  ( -6.554111253886754085, 52.87474502663711462, 13.23901617002841569 ) ) ;
#2015 = EDGE_CURVE ( 'NONE', #1720, #2623, #6931, .T. ) ;
#2016 = ORIENTED_EDGE ( 'NONE', *, *, #617, .F. ) ;
#2018 = VERTEX_POINT ( 'NONE', #3863 ) ;
#2017 = CARTESIAN_POINT ( 'NONE',  ( -16.50300929558950713, 75.01765099612096321, -17.50000000000000355 ) ) ;
#2019 = DIRECTION ( 'NONE',  ( -0.7071067811865524577, -0.000000000000000000, -0.7071067811865426878 ) ) ;
#2020 = CARTESIAN_POINT ( 'NONE',  ( 24.32348227630719961, 44.93544186158013787, -15.50000000000001421 ) ) ;
#2021 = DIRECTION ( 'NONE',  ( -1.000000000000000000, 0.000000000000000000, 0.000000000000000000 ) ) ;
#2022 = B_SPLINE_CURVE_WITH_KNOTS ( 'NONE', 1,
 ( #2913, #2305 ),
 .UNSPECIFIED., .F., .F.,
 ( 2, 2 ),
 ( 0.000000000000000000, 1.000000000000000000 ),
 .UNSPECIFIED. ) ;
#2023 = EDGE_CURVE ( 'NONE', #4994, #7921, #6128, .T. ) ;
#2024 = PLANE ( 'NONE',  #7026 ) ;
#2025 = ORIENTED_EDGE ( 'NONE', *, *, #6921, .F. ) ;
#2026 = CARTESIAN_POINT ( 'NONE',  ( 14.47769653577425863, 86.79655077559230847, -17.50000000000001066 ) ) ;
#2027 = ORIENTED_EDGE ( 'NONE', *, *, #5846, .T. ) ;
#2028 = CARTESIAN_POINT ( 'NONE',  ( -3.533711627739894556, 103.5337116277398906, 6.599521094109966235 ) ) ;
#2029 = DIRECTION ( 'NONE',  ( 1.000000000000000000, -0.000000000000000000, -0.000000000000000000 ) ) ;
#2030 = ORIENTED_EDGE ( 'NONE', *, *, #2914, .F. ) ;
#2031 = CARTESIAN_POINT ( 'NONE',  ( 9.134333359756642068, 45.78201027832831471, 14.03086866431134716 ) ) ;
#2032 = CARTESIAN_POINT ( 'NONE',  ( 19.55268100238487250, 59.75292228046183141, 12.46613023541786802 ) ) ;
#2033 = AXIS2_PLACEMENT_3D ( 'NONE', #2645, #867, #951 ) ;
#2034 = VECTOR ( 'NONE', #7678, 1000.000000000000000 ) ;
#2035 = ORIENTED_EDGE ( 'NONE', *, *, #7909, .T. ) ;
#2036 = AXIS2_PLACEMENT_3D ( 'NONE', #3655, #35, #6130 ) ;
#2037 = DIRECTION ( 'NONE',  ( -1.000000000000000000, -0.000000000000000000, -0.000000000000000000 ) ) ;
#2038 = DIRECTION ( 'NONE',  ( 0.000000000000000000, 0.000000000000000000, -1.000000000000000000 ) ) ;
#2039 = CARTESIAN_POINT ( 'NONE',  ( 18.09246347175078640, 66.84577745921606606, -17.50000000000000355 ) ) ;
#2040 = CARTESIAN_POINT ( 'NONE',  ( -19.00000000000000000, -1.395418361564970862E-15, 9.000000000000001776 ) ) ;
#2041 = FACE_BOUND ( 'NONE', #3282, .T. ) ;
#2042 = CARTESIAN_POINT ( 'NONE',  ( 26.84169894296684689, 23.51317049957813410, 14.28126249242404988 ) ) ;
#2043 = PERSON_AND_ORGANIZATION_ROLE ( 'classification_officer' ) ;
#2044 = CARTESIAN_POINT ( 'NONE',  ( 15.69382759502824243, 22.07354370530205756, 14.40425425501102730 ) ) ;
#2045 = EDGE_LOOP ( 'NONE', ( #1139, #7496 ) ) ;
#2046 = CIRCLE ( 'NONE', #1405, 10.25000000000000000 ) ;
#2047 =( BOUNDED_CURVE ( )  B_SPLINE_CURVE ( 3, ( #5582, #1908, #851, #5005 ),
 .UNSPECIFIED., .F., .F. ) 
 B_SPLINE_CURVE_WITH_KNOTS ( ( 4, 4 ),
 ( 4.860303743609852845, 5.820293440019226772 ),
 .UNSPECIFIED. ) 
 CURVE ( )  GEOMETRIC_REPRESENTATION_ITEM ( )  RATIONAL_B_SPLINE_CURVE ( ( 1.000000000000000000, 0.9246648678395370524, 0.9246648678395370524, 1.000000000000000000 ) ) 
 REPRESENTATION_ITEM ( '' )  );
#2049 = ORIENTED_EDGE ( 'NONE', *, *, #6039, .F. ) ;
#2048 = CARTESIAN_POINT ( 'NONE',  ( 27.00000000000002842, 17.50000000000001066, 14.75501308386013122 ) ) ;
#2050 = CARTESIAN_POINT ( 'NONE',  ( 20.07269505467786175, 10.04270423712976523, 3.104318583638556284 ) ) ;
#2051 = CARTESIAN_POINT ( 'NONE',  ( 14.62474626422633861, 104.6769735654881117, 6.586338396807957629 ) ) ;
#2052 = CARTESIAN_POINT ( 'NONE',  ( -23.47332207124207670, 37.52492896812715628, 14.92344431940284721 ) ) ;
#2053 = DIRECTION ( 'NONE',  ( 0.000000000000000000, 0.000000000000000000, -1.000000000000000000 ) ) ;
#2054 = FACE_OUTER_BOUND ( 'NONE', #5382, .T. ) ;
#2055 = CARTESIAN_POINT ( 'NONE',  ( -7.965797835826220918, 48.99474704262970448, 13.67389636750971071 ) ) ;
#2056 = ADVANCED_FACE ( 'NONE', ( #852 ), #7091, .T. ) ;
#2057 = ORIENTED_EDGE ( 'NONE', *, *, #4610, .F. ) ;
#2058 = AXIS2_PLACEMENT_3D ( 'NONE', #7271, #5501, #4848 ) ;
#2059 = VECTOR ( 'NONE', #1691, 1000.000000000000114 ) ;
#2060 = ADVANCED_FACE ( 'NONE', ( #2141 ), #5807, .F. ) ;
#2062 = ORIENTED_EDGE ( 'NONE', *, *, #4313, .T. ) ;
#2061 = CARTESIAN_POINT ( 'NONE',  ( -14.48813625614609180, 86.72773483760985869, -17.50000000000000355 ) ) ;
#2063 = CARTESIAN_POINT ( 'NONE',  ( -22.29137105520381112, 55.97544363053530958, 10.92065404633429004 ) ) ;
#2064 = CARTESIAN_POINT ( 'NONE',  ( 14.74005921551022169, 102.3204219125421588, -15.50000000000001599 ) ) ;
#2065 = CIRCLE ( 'NONE', #6608, 1.000000000000000888 ) ;
#2066 = FACE_BOUND ( 'NONE', #2549, .T. ) ;
#2067 = EDGE_CURVE ( 'NONE', #937, #7311, #2229, .T. ) ;
#2068 = ORIENTED_EDGE ( 'NONE', *, *, #1512, .F. ) ;
#2069 = EDGE_CURVE ( 'NONE', #1066, #631, #3267, .T. ) ;
#2070 = ADVANCED_FACE ( 'NONE', ( #2102, #2066, #5081 ), #2024, .T. ) ;
#2071 = CARTESIAN_POINT ( 'NONE',  ( 13.68384402914162656, 92.52669661028670589, -17.50000000000000000 ) ) ;
#2072 = ORIENTED_EDGE ( 'NONE', *, *, #5207, .F. ) ;
#2073 = CARTESIAN_POINT ( 'NONE',  ( -12.64628665318906364, 104.2411649000377736, 8.598131410681014941 ) ) ;
#2074 = CARTESIAN_POINT ( 'NONE',  ( -24.99999999999998224, 0.7097773511483189690, 17.49999727872125632 ) ) ;
#2075 = ORIENTED_EDGE ( 'NONE', *, *, #3052, .F. ) ;
#2076 = CARTESIAN_POINT ( 'NONE',  ( 11.80480825276819878, 38.43612519790426063, 14.82723790937068387 ) ) ;
#2077 = CARTESIAN_POINT ( 'NONE',  ( 18.72657444435146346, 63.88901276337985280, 12.00550355341630926 ) ) ;
#2078 = ORIENTED_EDGE ( 'NONE', *, *, #330, .T. ) ;
#2079 = DIRECTION ( 'NONE',  ( -1.000000000000000000, 0.000000000000000000, 0.000000000000000000 ) ) ;
#2080 = CARTESIAN_POINT ( 'NONE',  ( 17.95893471066946390, 67.51754967155436304, -17.50000000000000355 ) ) ;
#2081 = CARTESIAN_POINT ( 'NONE',  ( -7.610845735509236931, 44.28135384619135806, 12.17692662602049225 ) ) ;
#2082 = CARTESIAN_POINT ( 'NONE',  ( -25.66666666666667496, 17.50000000000000355, -16.83333333333334281 ) ) ;
#2083 = CARTESIAN_POINT ( 'NONE',  ( -21.93083727046057874, 4.937500457129320175, 9.028552798987401928 ) ) ;
#2084 = APPROVAL_DATE_TIME ( #4365, #5844 ) ;
#2085 = CARTESIAN_POINT ( 'NONE',  ( 15.31415685486746270, 23.11668049072142139, 14.31441266540591251 ) ) ;
#2086 = EDGE_LOOP ( 'NONE', ( #1018, #6300, #317, #6670 ) ) ;
#2088 = ORIENTED_EDGE ( 'NONE', *, *, #1813, .F. ) ;
#2087 = CARTESIAN_POINT ( 'NONE',  ( 14.20185589061109788, 88.77366468580549963, 9.524478373646459772 ) ) ;
#2089 = CARTESIAN_POINT ( 'NONE',  ( 19.00000000004700240, 10.22699509832749243, 0.7940178110825413249 ) ) ;
#2090 = CARTESIAN_POINT ( 'NONE',  ( 14.54918990655294841, 106.6588155016469841, 6.534785376629868914 ) ) ;
#2091 = CARTESIAN_POINT ( 'NONE',  ( -24.75403565522423932, 25.18757134145696241, 16.13330740769239569 ) ) ;
#2092 = CARTESIAN_POINT ( 'NONE',  ( -27.00000000000000355, 17.50000000000000355, 14.75501308386013477 ) ) ;
#2093 = FACE_OUTER_BOUND ( 'NONE', #3500, .T. ) ;
#2094 = CARTESIAN_POINT ( 'NONE',  ( -12.95505622346899699, 35.27022227965471046, 15.15810612537974222 ) ) ;
#2095 = VERTEX_POINT ( 'NONE', #5727 ) ;
#2097 = ORIENTED_EDGE ( 'NONE', *, *, #5361, .F. ) ;
#2096 = CARTESIAN_POINT ( 'NONE',  ( 22.00000000000000000, 0.000000000000000000, -11.25000000000000000 ) ) ;
#2098 = CARTESIAN_POINT ( 'NONE',  ( -21.82489748575538968, 58.35260131890731117, 10.65405559087793996 ) ) ;
#2099 = CARTESIAN_POINT ( 'NONE',  ( 25.24433052557612811, 39.11677765425491060, -15.50000000000001954 ) ) ;
#2100 = EDGE_CURVE ( 'NONE', #1584, #6504, #2610, .T. ) ;
#2101 = DIRECTION ( 'NONE',  ( -0.000000000000000000, -0.000000000000000000, -1.000000000000000000 ) ) ;
#2102 = FACE_BOUND ( 'NONE', #7923, .T. ) ;
#2103 = AXIS2_PLACEMENT_3D ( 'NONE', #4541, #2011, #7044 ) ;
#2104 = ORIENTED_EDGE ( 'NONE', *, *, #4313, .F. ) ;
#2105 = ORIENTED_EDGE ( 'NONE', *, *, #7669, .T. ) ;
#2106 = VERTEX_POINT ( 'NONE', #7697 ) ;
#2107 = ADVANCED_FACE ( 'NONE', ( #812 ), #2782, .T. ) ;
#2108 = CARTESIAN_POINT ( 'NONE',  ( -3.177903875918737686, 103.1779038759187301, 6.627574525670792305 ) ) ;
#2109 = DIRECTION ( 'NONE',  ( -1.000000000000000000, 0.000000000000000000, 1.196361017915039239E-16 ) ) ;
#2110 = ORIENTED_EDGE ( 'NONE', *, *, #2760, .F. ) ;
#2111 = CARTESIAN_POINT ( 'NONE',  ( 17.07383694002172803, 23.92350663789318332, 16.24434302334151425 ) ) ;
#2112 = CARTESIAN_POINT ( 'NONE',  ( 19.78138503249170199, 58.60037851219946248, 12.59530999775117266 ) ) ;
#2113 = EDGE_CURVE ( 'NONE', #6181, #3364, #7214, .T. ) ;
#2114 = EDGE_CURVE ( 'NONE', #2538, #6926, #4795, .T. ) ;
#2115 = ORIENTED_EDGE ( 'NONE', *, *, #5545, .F. ) ;
#2116 = DIRECTION ( 'NONE',  ( -1.000000000000000000, -0.000000000000000000, -0.000000000000000000 ) ) ;
#2117 = CARTESIAN_POINT ( 'NONE',  ( -19.00000000000000000, 0.000000000000000000, 0.000000000000000000 ) ) ;
#2118 = CARTESIAN_POINT ( 'NONE',  ( 16.98975286045434174, 72.46293871675393916, -17.50000000000000000 ) ) ;
#2119 = CARTESIAN_POINT ( 'NONE',  ( -6.565747824301925384, 47.15273675835254608, 11.85885046742729898 ) ) ;
#2120 = FACE_BOUND ( 'NONE', #1112, .T. ) ;
#2121 = CARTESIAN_POINT ( 'NONE',  ( 26.40765851312063361, 29.46119146019003665, 13.74537501215971069 ) ) ;
#2122 = DIRECTION ( 'NONE',  ( 1.000000000000000000, 0.000000000000000000, -0.000000000000000000 ) ) ;
#2123 = CARTESIAN_POINT ( 'NONE',  ( 5.058802579151648438, 51.29303479175739255, 11.39553347526933180 ) ) ;
#2124 = ORIENTED_EDGE ( 'NONE', *, *, #7213, .T. ) ;
#2126 = ORIENTED_EDGE ( 'NONE', *, *, #7421, .T. ) ;
#2125 = CARTESIAN_POINT ( 'NONE',  ( 13.56878145076555064, 93.58936402945420241, 9.160485921251448005 ) ) ;
#2127 = CARTESIAN_POINT ( 'NONE',  ( -15.54863310433704449, 93.73516524157660967, 7.161839531988374752 ) ) ;
#2128 = CARTESIAN_POINT ( 'NONE',  ( 14.51810543988288593, 107.9791008563870491, 6.513001923670449500 ) ) ;
#2129 = CARTESIAN_POINT ( 'NONE',  ( -23.91214497518219062, 34.17261675166658819, 15.27080692098622450 ) ) ;
#2130 = CARTESIAN_POINT ( 'NONE',  ( -15.91340368534439165, 90.81003382618821718, 7.376551341103395387 ) ) ;
#2131 = CARTESIAN_POINT ( 'NONE',  ( 25.00000000000000711, 7.377747541118573338, 17.34818382628904132 ) ) ;
#2132 = CARTESIAN_POINT ( 'NONE',  ( -8.268761387737837865, 48.16187778141780740, 13.76680989241131492 ) ) ;
#2133 = ORIENTED_EDGE ( 'NONE', *, *, #7514, .F. ) ;
#2135 = EDGE_LOOP ( 'NONE', ( #7580, #6073, #4871, #5867 ) ) ;
#2134 = CARTESIAN_POINT ( 'NONE',  ( -14.49445225722219810, 86.68616817913749628, -17.50000000000000355 ) ) ;
#2136 = CARTESIAN_POINT ( 'NONE',  ( -22.39105680522822439, 55.46169126481849787, 10.97829150193119219 ) ) ;
#2137 = FACE_OUTER_BOUND ( 'NONE', #319, .T. ) ;
#2138 =( BOUNDED_CURVE ( )  B_SPLINE_CURVE ( 3, ( #6382, #4638, #4599, #5813 ),
 .UNSPECIFIED., .F., .F. ) 
 B_SPLINE_CURVE_WITH_KNOTS ( ( 4, 4 ),
 ( 4.875211734813788667, 5.820293440019226772 ),
 .UNSPECIFIED. ) 
 CURVE ( )  GEOMETRIC_REPRESENTATION_ITEM ( )  RATIONAL_B_SPLINE_CURVE ( ( 1.000000000000000000, 0.9269431294573308167, 0.9269431294573308167, 1.000000000000000000 ) ) 
 REPRESENTATION_ITEM ( '' )  );
#2139 = DIRECTION ( 'NONE',  ( 0.000000000000000000, -7.527547495457052866E-15, -1.000000000000000000 ) ) ;
#2140 = CARTESIAN_POINT ( 'NONE',  ( -5.000000000000002665, 103.0000000000000142, -15.50000000000004441 ) ) ;
#2141 = FACE_OUTER_BOUND ( 'NONE', #1773, .T. ) ;
#2142 = VERTEX_POINT ( 'NONE', #3577 ) ;
#2143 = ORIENTED_EDGE ( 'NONE', *, *, #392, .F. ) ;
#2144 = EDGE_LOOP ( 'NONE', ( #4625, #6173, #5613, #2332 ) ) ;
#2145 = CARTESIAN_POINT ( 'NONE',  ( -12.53187956112116908, 107.3512701889180789, 8.522082749617778674 ) ) ;
#2146 = CARTESIAN_POINT ( 'NONE',  ( -32.97687763316800158, 115.0000000000000000, -12.50000000000000355 ) ) ;
#2147 = VERTEX_POINT ( 'NONE', #6690 ) ;
#2148 = CARTESIAN_POINT ( 'NONE',  ( 19.69483620793408107, 16.69147611382922136, 16.81851016120256048 ) ) ;
#2149 = CARTESIAN_POINT ( 'NONE',  ( 19.26006684709271966, 61.22153239515216683, 12.30196052180926003 ) ) ;
#2150 = EDGE_CURVE ( 'NONE', #1472, #2106, #494, .T. ) ;
#2151 = VERTEX_POINT ( 'NONE', #5450 ) ;
#2152 = CIRCLE ( 'NONE', #3194, 1.000000000000000666 ) ;
#2153 = EDGE_CURVE ( 'NONE', #4017, #6446, #7378, .T. ) ;
#2154 = CARTESIAN_POINT ( 'NONE',  ( 23.00000000000000000, 2.000000000000133671, 11.12715609645437098 ) ) ;
#2155 = CYLINDRICAL_SURFACE ( 'NONE', #5451, 1.000000000000000888 ) ;
#2156 = CARTESIAN_POINT ( 'NONE',  ( 19.02776033855651860, 62.16277578118784675, -17.50000000000000355 ) ) ;
#2157 = CARTESIAN_POINT ( 'NONE',  ( -5.055621614673007080, 51.30177441983451558, 11.39455193084042861 ) ) ;
#2158 = FACE_BOUND ( 'NONE', #7483, .T. ) ;
#2159 = CARTESIAN_POINT ( 'NONE',  ( 26.94979061928524189, 21.38213573358763853, 14.46215146673770313 ) ) ;
#2160 = PERSON_AND_ORGANIZATION_ROLE ( 'creator' ) ;
#2161 = CARTESIAN_POINT ( 'NONE',  ( -25.00000000000000000, 16.18252331173142977, 16.85699160475413194 ) ) ;
#2162 = ORIENTED_EDGE ( 'NONE', *, *, #6032, .F. ) ;
#2163 = EDGE_CURVE ( 'NONE', #7512, #5467, #1779, .T. ) ;
#2164 = AXIS2_PLACEMENT_3D ( 'NONE', #2809, #1109, #5346 ) ;
#2165 = ADVANCED_FACE ( 'NONE', ( #3112 ), #1194, .F. ) ;
#2167 = ORIENTED_EDGE ( 'NONE', *, *, #1615, .F. ) ;
#2166 = CARTESIAN_POINT ( 'NONE',  ( 21.06215081534063671, 62.18909718230295169, 10.22474400101042846 ) ) ;
#2168 = CARTESIAN_POINT ( 'NONE',  ( -14.65524296817426908, 104.0464414245969493, 6.606734631126530921 ) ) ;
#2169 = CARTESIAN_POINT ( 'NONE',  ( 14.84670381772268755, 100.9635046120096007, 6.731490301649011521 ) ) ;
#2170 = CARTESIAN_POINT ( 'NONE',  ( -20.99999999999999645, 8.000000000000000000, 0.000000000000000000 ) ) ;
#2171 = CARTESIAN_POINT ( 'NONE',  ( 13.34314575050761675, -1.517883041479706208E-15, 8.000000000000000000 ) ) ;
#2172 = CARTESIAN_POINT ( 'NONE',  ( -14.69247307463530916, 103.2862842783911788, 6.631602757996597930 ) ) ;
#2173 = CARTESIAN_POINT ( 'NONE',  ( -13.34314575050761675, 8.000000000000000000, 0.000000000000000000 ) ) ;
#2174 = PLANE ( 'NONE',  #4359 ) ;
#2175 = ORIENTED_EDGE ( 'NONE', *, *, #1482, .F. ) ;
#2176 = AXIS2_PLACEMENT_3D ( 'NONE', #7090, #4754, #7212 ) ;
#2178 = EDGE_LOOP ( 'NONE', ( #1761, #1674 ) ) ;
#2177 = CARTESIAN_POINT ( 'NONE',  ( -13.21363288543132875, 96.68100749717606845, -17.50000000000000355 ) ) ;
#2179 = CARTESIAN_POINT ( 'NONE',  ( -20.89023109644062259, 63.04881233892144365, 10.12983727603641881 ) ) ;
#2180 = CARTESIAN_POINT ( 'NONE',  ( 20.23064980257268175, 56.10253802512894339, -17.50000000000000000 ) ) ;
#2181 = FACE_BOUND ( 'NONE', #2846, .T. ) ;
#2182 = LINE ( 'NONE', #7782, #7745 ) ;
#2183 = CARTESIAN_POINT ( 'NONE',  ( -12.50000000000001243, 109.9999999999999858, -17.50000000000000355 ) ) ;
#2184 = VECTOR ( 'NONE', #2379, 1000.000000000000000 ) ;
#2185 = AXIS2_PLACEMENT_3D ( 'NONE', #5838, #275, #7122 ) ;
#2186 = VERTEX_POINT ( 'NONE', #644 ) ;
#2187 = ORIENTED_EDGE ( 'NONE', *, *, #3007, .F. ) ;
#2188 = CARTESIAN_POINT ( 'NONE',  ( -6.999999999999990230, 104.9999999999999716, -17.50000000000000355 ) ) ;
#2189 = CIRCLE ( 'NONE', #8017, 1.000000000000000888 ) ;
#2190 = CARTESIAN_POINT ( 'NONE',  ( -17.56821365161196624, 69.70776802245489989, 11.37061300031893119 ) ) ;
#2191 = FACE_OUTER_BOUND ( 'NONE', #4517, .T. ) ;
#2192 = ORIENTED_EDGE ( 'NONE', *, *, #1378, .F. ) ;
#2193 = CARTESIAN_POINT ( 'NONE',  ( 24.18350232802514554, 4.272004945403338638, 17.45879411514505009 ) ) ;
#2194 = CARTESIAN_POINT ( 'NONE',  ( 13.74070402114992540, 92.22064402014011364, 9.260095418519549426 ) ) ;
#2195 = B_SPLINE_CURVE_WITH_KNOTS ( 'NONE', 3,
 ( #2604, #7518, #5098, #7554 ),
 .UNSPECIFIED., .F., .F.,
 ( 4, 4 ),
 ( 0.000000000000000000, 1.000000000000000000 ),
 .UNSPECIFIED. ) ;
#2196 = CONICAL_SURFACE ( 'NONE', #2977, 10.25000000000000000, 0.7853981633974503884 ) ;
#2197 = ORIENTED_EDGE ( 'NONE', *, *, #3141, .F. ) ;
#2198 = CARTESIAN_POINT ( 'NONE',  ( 23.00000000000000000, 2.000000000000166533, 15.48707321619134625 ) ) ;
#2199 = CARTESIAN_POINT ( 'NONE',  ( 14.51817839733992699, 108.0000000000000284, 6.499999999999993783 ) ) ;
#2200 = CARTESIAN_POINT ( 'NONE',  ( 18.85087863521074425, 63.04751162403356091, -17.50000000000000711 ) ) ;
#2201 = CARTESIAN_POINT ( 'NONE',  ( -8.753852551635885604, 41.14096842860072911, 12.52111265746140134 ) ) ;
#2202 = CYLINDRICAL_SURFACE ( 'NONE', #3865, 10.25000000000000000 ) ;
#2203 = CARTESIAN_POINT ( 'NONE',  ( 20.35407784698512401, 9.269611369042980442, -4.380095586301796295 ) ) ;
#2204 = APPROVAL_DATE_TIME ( #4570, #5151 ) ;
#2205 = EDGE_CURVE ( 'NONE', #7784, #1257, #6003, .T. ) ;
#2206 = FACE_OUTER_BOUND ( 'NONE', #6034, .T. ) ;
#2207 = VERTEX_POINT ( 'NONE', #7337 ) ;
#2209 = VERTEX_POINT ( 'NONE', #1822 ) ;
#2208 = CARTESIAN_POINT ( 'NONE',  ( 16.76282018968882781, 85.07225523404000000, 7.860673116166847052 ) ) ;
#2210 = CARTESIAN_POINT ( 'NONE',  ( 0.8123304234988444339, 118.0000000000000142, 0.8491090392416288379 ) ) ;
#2211 = CARTESIAN_POINT ( 'NONE',  ( 18.39951926875565746, 75.75500387980734729, 8.764268363747971691 ) ) ;
#2212 = CARTESIAN_POINT ( 'NONE',  ( -24.84427078513314058, 23.58385196062202027, 16.27377592703637177 ) ) ;
#2213 = EDGE_CURVE ( 'NONE', #7763, #2018, #6387, .T. ) ;
#2214 = CARTESIAN_POINT ( 'NONE',  ( -23.00000000000000000, 0.000000000000000000, 0.000000000000000000 ) ) ;
#2215 = CARTESIAN_POINT ( 'NONE',  ( -19.48293021203812003, 60.11135790525704437, 12.42568925935633928 ) ) ;
#2216 = CARTESIAN_POINT ( 'NONE',  ( 25.00000000000001421, 11.78495860982585697, 17.13514000571633744 ) ) ;
#2217 = CARTESIAN_POINT ( 'NONE',  ( 24.00000000000000000, -1.272953681650235517E-15, 10.00000000000000000 ) ) ;
#2218 = EDGE_CURVE ( 'NONE', #1712, #4490, #2483, .T. ) ;
#2219 = EDGE_CURVE ( 'NONE', #2106, #941, #3289, .T. ) ;
#2220 = EDGE_LOOP ( 'NONE', ( #4576, #2057, #7621, #6474 ) ) ;
#2222 = ORIENTED_EDGE ( 'NONE', *, *, #4264, .T. ) ;
#2221 = CARTESIAN_POINT ( 'NONE',  ( -13.06234738444180721, 98.27259912482828952, -17.50000000000000711 ) ) ;
#2223 = CARTESIAN_POINT ( 'NONE',  ( -22.73804543375008791, 53.66176084378809463, 11.18015085655309626 ) ) ;
#2224 = CARTESIAN_POINT ( 'NONE',  ( -4.999999999999959144, 105.0419500894237075, 6.469369715625009398 ) ) ;
#2225 = CARTESIAN_POINT ( 'NONE',  ( -13.50000000000000178, 115.0000000000000000, -11.50000000000000355 ) ) ;
#2226 = CARTESIAN_POINT ( 'NONE',  ( 24.00000000000000000, -8.000000000000000000, -8.673617379884035472E-16 ) ) ;
#2227 = CARTESIAN_POINT ( 'NONE',  ( -22.67003236256343968, 42.68515595868245782, -17.50000000000000355 ) ) ;
#2228 = ORIENTED_EDGE ( 'NONE', *, *, #4560, .F. ) ;
#2229 = CIRCLE ( 'NONE', #4962, 1.000000000000000888 ) ;
#2230 = CIRCLE ( 'NONE', #3268, 12.24999999999998224 ) ;
#2231 = CARTESIAN_POINT ( 'NONE',  ( -17.55893048808077594, 69.75489389452388878, 11.36555668976585665 ) ) ;
#2232 = PLANE ( 'NONE',  #1788 ) ;
#2233 = ORIENTED_EDGE ( 'NONE', *, *, #1332, .F. ) ;
#2234 = DIRECTION ( 'NONE',  ( -1.000000000000000000, 0.000000000000000000, 0.000000000000000000 ) ) ;
#2235 = CARTESIAN_POINT ( 'NONE',  ( 14.49922680575114775, 86.82526192073480331, 9.691063137747796929 ) ) ;
#2236 = AXIS2_PLACEMENT_3D ( 'NONE', #2912, #7174, #2265 ) ;
#2237 = ORIENTED_EDGE ( 'NONE', *, *, #7074, .T. ) ;
#2238 = CIRCLE ( 'NONE', #1470, 2.250000000000000444 ) ;
#2239 = CARTESIAN_POINT ( 'NONE',  ( 5.783229009570455048, 103.6830464795969107, 8.612294548412599227 ) ) ;
#2240 = CARTESIAN_POINT ( 'NONE',  ( -24.72447210424683561, 2.768481007905911007, 17.47623571776592755 ) ) ;
#2241 = CARTESIAN_POINT ( 'NONE',  ( 20.39618742922742811, 55.24297226799456695, -17.50000000000000711 ) ) ;
#2242 = CARTESIAN_POINT ( 'NONE',  ( -5.035458583688185996, 51.35717189217305645, 11.38832975562291239 ) ) ;
#2243 = FACE_OUTER_BOUND ( 'NONE', #1225, .T. ) ;
#2244 = DIRECTION ( 'NONE',  ( -1.196361017915039239E-16, 0.000000000000000000, -1.000000000000000000 ) ) ;
#2245 = LINE ( 'NONE', #1073, #7729 ) ;
#2246 = ORIENTED_EDGE ( 'NONE', *, *, #1522, .F. ) ;
#2248 = ORIENTED_EDGE ( 'NONE', *, *, #4168, .F. ) ;
#2247 = CARTESIAN_POINT ( 'NONE',  ( 3.916067789652848852, 60.12172718027895968, 12.42485724650966716 ) ) ;
#2249 = CARTESIAN_POINT ( 'NONE',  ( -14.73318312059097579, 102.6331165860024441, 6.658215537325445688 ) ) ;
#2250 = CARTESIAN_POINT ( 'NONE',  ( 18.27707579319789843, 76.41042524550633175, 8.697293773764160463 ) ) ;
#2251 = DIRECTION ( 'NONE',  ( -0.000000000000000000, 0.000000000000000000, -1.000000000000000000 ) ) ;
#2252 = DIRECTION ( 'NONE',  ( -1.000000000000000000, -0.000000000000000000, -0.000000000000000000 ) ) ;
#2253 = DIRECTION ( 'NONE',  ( 0.000000000000000000, 0.000000000000000000, -1.000000000000000000 ) ) ;
#2254 = CARTESIAN_POINT ( 'NONE',  ( 22.00000000000000000, 0.000000000000000000, 0.000000000000000000 ) ) ;
#2255 = AXIS2_PLACEMENT_3D ( 'NONE', #1571, #884, #963 ) ;
#2256 = CARTESIAN_POINT ( 'NONE',  ( -3.916067789652835085, 60.12172697471920912, 12.42485726950837410 ) ) ;
#2257 = ORIENTED_EDGE ( 'NONE', *, *, #2318, .T. ) ;
#2258 = EDGE_CURVE ( 'NONE', #7575, #4431, #965, .T. ) ;
#2260 = ORIENTED_EDGE ( 'NONE', *, *, #2648, .T. ) ;
#2259 = CARTESIAN_POINT ( 'NONE',  ( 24.76328425252176402, 42.21714247487029326, -15.50000000000000533 ) ) ;
#2261 = ADVANCED_FACE ( 'NONE', ( #356 ), #1651, .F. ) ;
#2262 = CARTESIAN_POINT ( 'NONE',  ( -18.45913455834029193, 75.43739921834033169, 8.796861677141551539 ) ) ;
#2263 = EDGE_CURVE ( 'NONE', #165, #820, #403, .T. ) ;
#2264 = CARTESIAN_POINT ( 'NONE',  ( -7.184957976769039689, 102.6496560973807988, 8.655107866747860257 ) ) ;
#2265 = DIRECTION ( 'NONE',  ( 0.000000000000000000, 0.000000000000000000, -1.000000000000000000 ) ) ;
#2266 = CARTESIAN_POINT ( 'NONE',  ( 14.92784999592421791, 99.92439022434577112, -15.50000000000000355 ) ) ;
#2267 = CARTESIAN_POINT ( 'NONE',  ( -21.43744885623388541, 60.31242342938491419, -15.50000000000001599 ) ) ;
#2268 = B_SPLINE_CURVE_WITH_KNOTS ( 'NONE', 3,
 ( #1678, #1751, #2278, #4884 ),
 .UNSPECIFIED., .F., .F.,
 ( 4, 4 ),
 ( 0.000000000000000000, 1.000000000000000000 ),
 .UNSPECIFIED. ) ;
#2269 = ORIENTED_EDGE ( 'NONE', *, *, #4062, .T. ) ;
#2270 = EDGE_CURVE ( 'NONE', #941, #3783, #3586, .T. ) ;
#2271 = DIRECTION ( 'NONE',  ( 0.7071067811865524577, 0.000000000000000000, 0.7071067811865426878 ) ) ;
#2272 = CARTESIAN_POINT ( 'NONE',  ( -17.00969214558092801, 72.56838636653414198, 11.06685415667556072 ) ) ;
#2273 = DIRECTION ( 'NONE',  ( 0.000000000000000000, 0.000000000000000000, -1.000000000000000000 ) ) ;
#2274 = ORIENTED_EDGE ( 'NONE', *, *, #2811, .F. ) ;
#2275 = DIRECTION ( 'NONE',  ( -0.000000000000000000, 1.000000000000000000, -0.000000000000000000 ) ) ;
#2276 = CARTESIAN_POINT ( 'NONE',  ( 13.71503000979244824, 92.42325465918682426, 9.245242931005433817 ) ) ;
#2277 = VERTEX_POINT ( 'NONE', #4053 ) ;
#2278 = CARTESIAN_POINT ( 'NONE',  ( 7.184957976769027255, 106.7584171944877340, 8.525364038651286336 ) ) ;
#2279 = CARTESIAN_POINT ( 'NONE',  ( -25.73248646537424023, -0.03378976798677225252, 17.49999985219574228 ) ) ;
#2280 = CARTESIAN_POINT ( 'NONE',  ( 20.10036221050833305, 56.75934900820823970, -17.50000000000000711 ) ) ;
#2281 = CARTESIAN_POINT ( 'NONE',  ( -22.00000000000000000, 0.000000000000000000, -10.25000000000000000 ) ) ;
#2282 = DIRECTION ( 'NONE',  ( -1.000000000000000000, 0.000000000000000000, 0.000000000000000000 ) ) ;
#2283 = PLANE ( 'NONE',  #1964 ) ;
#2284 = VECTOR ( 'NONE', #1767, 1000.000000000000000 ) ;
#2285 = CARTESIAN_POINT ( 'NONE',  ( -22.00000000000000000, 1.661568750910036529, -10.11442975584878212 ) ) ;
#2286 = EDGE_LOOP ( 'NONE', ( #5777, #4031, #1631, #6501 ) ) ;
#2288 = ORIENTED_EDGE ( 'NONE', *, *, #7669, .F. ) ;
#2287 = FACE_OUTER_BOUND ( 'NONE', #2359, .T. ) ;
#2289 = CARTESIAN_POINT ( 'NONE',  ( -15.67620169959286081, 92.71215986107479523, 7.236930693973522288 ) ) ;
#2290 = CARTESIAN_POINT ( 'NONE',  ( 18.60829817765868910, 74.64313819990064758, 8.878409407335103865 ) ) ;
#2291 = CARTESIAN_POINT ( 'NONE',  ( 24.06042953220465463, 46.43808005948568507, 6.499999999999993783 ) ) ;
#2292 = CARTESIAN_POINT ( 'NONE',  ( -14.55102058818478206, 106.1641442541572360, 6.537148812649786755 ) ) ;
#2293 = CARTESIAN_POINT ( 'NONE',  ( -22.00000000000000000, 0.000000000000000000, 0.000000000000000000 ) ) ;
#2294 = CIRCLE ( 'NONE', #2033, 2.250000000000001776 ) ;
#2295 = CIRCLE ( 'NONE', #5547, 1.000000000000000666 ) ;
#2296 = ORIENTED_EDGE ( 'NONE', *, *, #5248, .F. ) ;
#2297 = AXIS2_PLACEMENT_3D ( 'NONE', #897, #3329, #3374 ) ;
#2298 = AXIS2_PLACEMENT_3D ( 'NONE', #2712, #2628, #3366 ) ;
#2301 = ORIENTED_EDGE ( 'NONE', *, *, #7172, .T. ) ;
#2300 = CARTESIAN_POINT ( 'NONE',  ( 25.98301062993672161, 33.47568919984345115, -15.50000000000000533 ) ) ;
#2299 = CARTESIAN_POINT ( 'NONE',  ( -22.76890635564475218, 2.634924569654124582, -9.947984654615231292 ) ) ;
#2302 = CARTESIAN_POINT ( 'NONE',  ( -16.83467251009708221, 84.66831939083880343, 7.900262444964485375 ) ) ;
#2303 = DIRECTION ( 'NONE',  ( -1.000000000000000000, 0.000000000000000000, 0.000000000000000000 ) ) ;
#2304 = DIRECTION ( 'NONE',  ( -0.000000000000000000, -0.000000000000000000, -1.000000000000000000 ) ) ;
#2305 = CARTESIAN_POINT ( 'NONE',  ( -7.184959519165663444, 105.0590618706625463, 8.573399160350142267 ) ) ;
#2306 = EDGE_CURVE ( 'NONE', #6546, #1747, #924, .T. ) ;
#2307 = CARTESIAN_POINT ( 'NONE',  ( -24.64427010166354748, 43.00550836330084792, -15.50000000000001599 ) ) ;
#2308 = EDGE_CURVE ( 'NONE', #5236, #7370, #7411, .T. ) ;
#2309 = CARTESIAN_POINT ( 'NONE',  ( -22.60202109620899691, 43.07547613182394031, -17.50000000000000000 ) ) ;
#2310 = CARTESIAN_POINT ( 'NONE',  ( -20.07269505467786175, 10.04270423712972793, -3.104318583638679740 ) ) ;
#2311 = CARTESIAN_POINT ( 'NONE',  ( -18.79152094671652051, 63.56456347568826004, 12.04140842114397003 ) ) ;
#2312 = CARTESIAN_POINT ( 'NONE',  ( 14.92784999592421791, 99.92439022434579954, -15.50000000000000533 ) ) ;
#2313 = ORIENTED_EDGE ( 'NONE', *, *, #3358, .F. ) ;
#2314 = CARTESIAN_POINT ( 'NONE',  ( 21.47481459009292593, 6.190412474201345994, 9.652903123189684464 ) ) ;
#2315 = VECTOR ( 'NONE', #1879, 1000.000000000000114 ) ;
#2316 = ADVANCED_FACE ( 'NONE', ( #7730, #7813 ), #2174, .T. ) ;
#2317 = CARTESIAN_POINT ( 'NONE',  ( 13.44908215675011398, 94.60826287453417649, 9.090301583672943053 ) ) ;
#2318 = EDGE_CURVE ( 'NONE', #3842, #1847, #6524, .T. ) ;
#2319 = EDGE_CURVE ( 'NONE', #4815, #6543, #7887, .T. ) ;
#2320 = ORIENTED_EDGE ( 'NONE', *, *, #4002, .F. ) ;
#2321 = AXIS2_PLACEMENT_3D ( 'NONE', #382, #460, #1104 ) ;
#2322 = CARTESIAN_POINT ( 'NONE',  ( -19.08620191345440276, 54.41028835150044785, 6.499999999999993783 ) ) ;
#2323 = CARTESIAN_POINT ( 'NONE',  ( -20.72889672772245362, 13.83506511062446798, 17.01222579614761088 ) ) ;
#2324 = CARTESIAN_POINT ( 'NONE',  ( 19.28308230115030852, 60.88433438631351891, -17.50000000000000355 ) ) ;
#2325 = CARTESIAN_POINT ( 'NONE',  ( -15.12385201201845497, 23.63953874926192000, 14.26872044511279825 ) ) ;
#2326 = CARTESIAN_POINT ( 'NONE',  ( -5.000000000000002665, 108.4092799671749248, 6.409849746107833646 ) ) ;
#2327 = CARTESIAN_POINT ( 'NONE',  ( 21.67390810915460975, 5.643407526215254322, -8.601616246006381417 ) ) ;
#2328 = DIRECTION ( 'NONE',  ( 0.000000000000000000, 0.000000000000000000, 1.000000000000000000 ) ) ;
#2329 = VECTOR ( 'NONE', #5396, 1000.000000000000000 ) ;
#2330 = ORIENTED_EDGE ( 'NONE', *, *, #3522, .F. ) ;
#2332 = ORIENTED_EDGE ( 'NONE', *, *, #6910, .F. ) ;
#2331 = CARTESIAN_POINT ( 'NONE',  ( -6.999999999999990230, 118.0000000000000142, -17.50000000000000355 ) ) ;
#2333 = DIRECTION ( 'NONE',  ( 0.000000000000000000, 0.000000000000000000, -1.000000000000000000 ) ) ;
#2334 = CARTESIAN_POINT ( 'NONE',  ( 16.99031570080891740, 83.71356878577840632, 7.987325988389365250 ) ) ;
#2335 = DIRECTION ( 'NONE',  ( -0.3420201433256754298, 0.9396926207859059854, 0.000000000000000000 ) ) ;
#2336 = DIRECTION ( 'NONE',  ( 1.000000000000000000, -0.000000000000000000, -0.000000000000000000 ) ) ;
#2337 = CARTESIAN_POINT ( 'NONE',  ( 26.99999999999999645, 1.393401118949916473, 15.49996044138448426 ) ) ;
#2338 = ORIENTED_EDGE ( 'NONE', *, *, #2306, .F. ) ;
#2341 = ORIENTED_EDGE ( 'NONE', *, *, #4016, .F. ) ;
#2340 = CARTESIAN_POINT ( 'NONE',  ( 20.99999999999999645, 0.000000000000000000, 0.000000000000000000 ) ) ;
#2339 = CARTESIAN_POINT ( 'NONE',  ( -13.34314575050761675, 8.000000000000000000, 0.000000000000000000 ) ) ;
#2342 = FACE_OUTER_BOUND ( 'NONE', #3524, .T. ) ;
#2343 = CARTESIAN_POINT ( 'NONE',  ( -18.47754121899868807, 75.33952891991803824, 8.806923327547458769 ) ) ;
#2344 = CARTESIAN_POINT ( 'NONE',  ( -14.65025378531327860, 104.1459018329199608, -15.50000000000000533 ) ) ;
#2345 = CARTESIAN_POINT ( 'NONE',  ( -12.50000000000001243, 109.9999999999999716, -17.50000000000000355 ) ) ;
#2346 = CARTESIAN_POINT ( 'NONE',  ( 0.000000000000000000, 118.0000000000000142, 0.000000000000000000 ) ) ;
#2347 = CARTESIAN_POINT ( 'NONE',  ( -22.35097387717499373, 44.60466214484599590, -17.50000000000000355 ) ) ;
#2348 = CARTESIAN_POINT ( 'NONE',  ( -22.96890282295030872, 40.74857723271242804, -17.50000000000000711 ) ) ;
#2349 = DIRECTION ( 'NONE',  ( 1.000000000000000000, -0.000000000000000000, -0.000000000000000000 ) ) ;
#2350 = CARTESIAN_POINT ( 'NONE',  ( -18.53121464481732872, 64.86529648217806709, 11.89767867941091062 ) ) ;
#2351 = CARTESIAN_POINT ( 'NONE',  ( 24.00000000000000000, -8.000000000000000000, 1.999999999999998668 ) ) ;
#2352 = CARTESIAN_POINT ( 'NONE',  ( 17.02471100362470224, 72.49069451224013960, 11.07501422605598762 ) ) ;
#2353 = VERTEX_POINT ( 'NONE', #4094 ) ;
#2354 = EDGE_CURVE ( 'NONE', #7063, #3293, #3440, .T. ) ;
#2355 = CARTESIAN_POINT ( 'NONE',  ( -20.47615056017241031, 8.934219346044747212, -5.091460074147462933 ) ) ;
#2356 = CARTESIAN_POINT ( 'NONE',  ( -25.75523253347184749, -0.09624021348827563327, 17.50000029560852965 ) ) ;
#2357 = CARTESIAN_POINT ( 'NONE',  ( 23.34143432774234483, 38.27294254576637655, -17.50000000000000711 ) ) ;
#2358 = CARTESIAN_POINT ( 'NONE',  ( -12.73388482613874650, 30.20591962570377831, 13.65611510501546633 ) ) ;
#2359 = EDGE_LOOP ( 'NONE', ( #1386, #7992 ) ) ;
#2360 = EDGE_CURVE ( 'NONE', #688, #4287, #2551, .T. ) ;
#2361 = CARTESIAN_POINT ( 'NONE',  ( -26.99999999999999289, 7.439764397607098623, 15.34028268175761767 ) ) ;
#2362 = CARTESIAN_POINT ( 'NONE',  ( 21.76542376040757176, 5.391970340875279710, -10.09357392422789168 ) ) ;
#2363 = EDGE_CURVE ( 'NONE', #4358, #7734, #6194, .T. ) ;
#2364 = CARTESIAN_POINT ( 'NONE',  ( 24.85042605735350918, 23.46199731966202506, 16.28428225065380985 ) ) ;
#2365 = ORIENTED_EDGE ( 'NONE', *, *, #1315, .T. ) ;
#2366 = VECTOR ( 'NONE', #2497, 1000.000000000000000 ) ;
#2368 = ORIENTED_EDGE ( 'NONE', *, *, #6763, .T. ) ;
#2367 = DIRECTION ( 'NONE',  ( 1.000000000000000000, -0.000000000000000000, 0.000000000000000000 ) ) ;
#2369 = PLANE ( 'NONE',  #639 ) ;
#2370 = CARTESIAN_POINT ( 'NONE',  ( 20.66908872525150187, 64.15456593539191488, 10.00731523642429188 ) ) ;
#2371 = FACE_OUTER_BOUND ( 'NONE', #95, .T. ) ;
#2372 = CARTESIAN_POINT ( 'NONE',  ( -3.752921755017233796, 97.23474335767738808, 6.499999999999993783 ) ) ;
#2373 = CARTESIAN_POINT ( 'NONE',  ( 27.00000000000000355, 2.853540261969982783, 15.48029729169246060 ) ) ;
#2374 = ORIENTED_EDGE ( 'NONE', *, *, #4857, .T. ) ;
#2375 = VECTOR ( 'NONE', #1184, 1000.000000000000000 ) ;
#2378 = EDGE_LOOP ( 'NONE', ( #2666, #48, #5462, #5116 ) ) ;
#2377 = CARTESIAN_POINT ( 'NONE',  ( 11.50000000000000355, 115.0000000000000000, 2.499999999999996003 ) ) ;
#2376 = CARTESIAN_POINT ( 'NONE',  ( -21.76542376040757176, 5.391970340875283263, -10.09357392422706035 ) ) ;
#2379 = DIRECTION ( 'NONE',  ( -0.000000000000000000, -0.000000000000000000, -1.000000000000000000 ) ) ;
#2380 = CARTESIAN_POINT ( 'NONE',  ( -18.65428307079072567, 74.40486572269443855, 8.903491860836073357 ) ) ;
#2381 = DIRECTION ( 'NONE',  ( -1.000000000000000000, -0.000000000000000000, -0.000000000000000000 ) ) ;
#2382 = CARTESIAN_POINT ( 'NONE',  ( 24.00000000000000000, 0.000000000000000000, 5.000000000000000000 ) ) ;
#2383 = CARTESIAN_POINT ( 'NONE',  ( -5.000000000000002665, 104.9999999999999716, -15.50000000000004441 ) ) ;
#2384 = CARTESIAN_POINT ( 'NONE',  ( 22.00000000000000000, 0.000000000000000000, 0.000000000000000000 ) ) ;
#2385 = CARTESIAN_POINT ( 'NONE',  ( -20.45886776717567557, 54.91998611813075826, -17.50000000000001066 ) ) ;
#2386 = CARTESIAN_POINT ( 'NONE',  ( 20.42166578481266370, 9.083915036034499124, 15.30377785961647064 ) ) ;
#2387 = CARTESIAN_POINT ( 'NONE',  ( -19.78940011281587275, 58.55951835273992856, 12.59990528072541771 ) ) ;
#2388 = FACE_OUTER_BOUND ( 'NONE', #1006, .T. ) ;
#2389 = CARTESIAN_POINT ( 'NONE',  ( -21.94059561800188973, 48.55791397368845708, 6.499999999999993783 ) ) ;
#2390 = B_SPLINE_CURVE_WITH_KNOTS ( 'NONE', 1,
 ( #146, #5566 ),
 .UNSPECIFIED., .F., .F.,
 ( 2, 2 ),
 ( 0.000000000000000000, 1.000000000000000000 ),
 .UNSPECIFIED. ) ;
#2391 = VECTOR ( 'NONE', #770, 1000.000000000000000 ) ;
#2392 = EDGE_LOOP ( 'NONE', ( #7471, #5046 ) ) ;
#2393 = CARTESIAN_POINT ( 'NONE',  ( 24.99999999999999645, 0.000000000000000000, 0.000000000000000000 ) ) ;
#2394 = CARTESIAN_POINT ( 'NONE',  ( -20.42166578481264949, 9.083915036034492019, 15.30377785961646886 ) ) ;
#2395 = CARTESIAN_POINT ( 'NONE',  ( 20.51256781192447676, 54.64335144179603532, -17.50000000000000355 ) ) ;
#2396 = CARTESIAN_POINT ( 'NONE',  ( -20.07604108991487379, 10.03351108087201027, 15.25245545113308232 ) ) ;
#2397 = VERTEX_POINT ( 'NONE', #2217 ) ;
#2398 = CARTESIAN_POINT ( 'NONE',  ( -13.50000000000000178, 115.0000000000000000, -14.75000000000000533 ) ) ;
#2399 = LINE ( 'NONE', #1871, #6512 ) ;
#2400 = DIRECTION ( 'NONE',  ( 0.000000000000000000, 0.000000000000000000, -1.000000000000000000 ) ) ;
#2401 = ADVANCED_FACE ( 'NONE', ( #1614 ), #7327, .T. ) ;
#2402 = EDGE_LOOP ( 'NONE', ( #4379, #1789, #3698, #7230 ) ) ;
#2403 = ADVANCED_FACE ( 'NONE', ( #1200 ), #6679, .F. ) ;
#2405 = ORIENTED_EDGE ( 'NONE', *, *, #4747, .F. ) ;
#2404 = CARTESIAN_POINT ( 'NONE',  ( -14.50000000000000000, 110.0000000000000000, 6.500000000000005329 ) ) ;
#2406 = CARTESIAN_POINT ( 'NONE',  ( -18.99999999999457501, 9.769190604721289972, 3.127122000977453631 ) ) ;
#2407 = CARTESIAN_POINT ( 'NONE',  ( 14.92784999592421791, 99.92439022434579954, 6.499999999999993783 ) ) ;
#2408 = CARTESIAN_POINT ( 'NONE',  ( 23.59710530688257180, 49.05165703379999798, 11.69488402858013210 ) ) ;
#2409 = CARTESIAN_POINT ( 'NONE',  ( 24.00000000000000000, -1.517883041479706208E-15, 9.000000000000001776 ) ) ;
#2410 = CARTESIAN_POINT ( 'NONE',  ( -24.00000000000000000, 4.336808689942017736E-16, -8.000000000000000000 ) ) ;
#2411 = EDGE_CURVE ( 'NONE', #2209, #3938, #5244, .T. ) ;
#2412 = LINE ( 'NONE', #6790, #5412 ) ;
#2413 = ORIENTED_EDGE ( 'NONE', *, *, #2456, .F. ) ;
#2414 = EDGE_CURVE ( 'NONE', #1961, #5667, #1120, .T. ) ;
#2417 = ORIENTED_EDGE ( 'NONE', *, *, #4819, .T. ) ;
#2416 = CARTESIAN_POINT ( 'NONE',  ( 25.54027875676679216, 36.96546950345142335, -15.50000000000000178 ) ) ;
#2415 = FACE_OUTER_BOUND ( 'NONE', #2286, .T. ) ;
#2418 = AXIS2_PLACEMENT_3D ( 'NONE', #2536, #2812, #5306 ) ;
#2419 = DIRECTION ( 'NONE',  ( 1.000000000000000000, -0.000000000000000000, 0.000000000000000000 ) ) ;
#2420 = CARTESIAN_POINT ( 'NONE',  ( -15.97750613777794726, 90.40364850891050708, 7.412801442595855939 ) ) ;
#2421 = VECTOR ( 'NONE', #4773, 1000.000000000000114 ) ;
#2422 = DIRECTION ( 'NONE',  ( 1.000000000000000000, -0.000000000000000000, 0.000000000000000000 ) ) ;
#2423 = DIRECTION ( 'NONE',  ( 0.000000000000000000, 0.000000000000000000, 1.000000000000000000 ) ) ;
#2424 = DIRECTION ( 'NONE',  ( -0.7071067811865484609, 8.659560562354921765E-17, -0.7071067811865465735 ) ) ;
#2425 = AXIS2_PLACEMENT_3D ( 'NONE', #6414, #5122, #6971 ) ;
#2426 = CARTESIAN_POINT ( 'NONE',  ( -20.43766716380523363, 55.02935122276123536, -17.50000000000000000 ) ) ;
#2427 = DIRECTION ( 'NONE',  ( -0.1218693434053486069, -0.9925461516412973362, 0.000000000000000000 ) ) ;
#2428 = CARTESIAN_POINT ( 'NONE',  ( -20.40217597776343439, 55.43571617539070928, 12.95098256346550869 ) ) ;
#2429 = CARTESIAN_POINT ( 'NONE',  ( 24.00000000000000000, 8.000000000000000000, 0.000000000000000000 ) ) ;
#2430 = FACE_BOUND ( 'NONE', #4424, .T. ) ;
#2431 = VECTOR ( 'NONE', #4190, 1000.000000000000114 ) ;
#2432 = VECTOR ( 'NONE', #2109, 1000.000000000000000 ) ;
#2433 = ORIENTED_EDGE ( 'NONE', *, *, #3953, .F. ) ;
#2434 = VECTOR ( 'NONE', #6796, 1000.000000000000000 ) ;
#2435 = VECTOR ( 'NONE', #7443, 1000.000000000000000 ) ;
#2436 = CARTESIAN_POINT ( 'NONE',  ( -16.55139016217054149, 19.71740991630906592, 14.60576688670693990 ) ) ;
#2437 = LINE ( 'NONE', #6856, #527 ) ;
#2438 = CARTESIAN_POINT ( 'NONE',  ( -3.752921755017233796, 97.23474335767738808, 6.499999999999993783 ) ) ;
#2439 = VERTEX_POINT ( 'NONE', #5628 ) ;
#2440 = CARTESIAN_POINT ( 'NONE',  ( 5.223311444783012014, 56.53118252967028923, 12.82777001478896928 ) ) ;
#2441 = CARTESIAN_POINT ( 'NONE',  ( 23.78888342023267910, 35.14446304840089397, 15.17085450833915417 ) ) ;
#2442 = CIRCLE ( 'NONE', #2058, 1.000000000000000888 ) ;
#2443 = ORIENTED_EDGE ( 'NONE', *, *, #7568, .T. ) ;
#2444 = AXIS2_PLACEMENT_3D ( 'NONE', #2254, #1048, #7811 ) ;
#2445 = EDGE_CURVE ( 'NONE', #3293, #4431, #2412, .T. ) ;
#2446 = CARTESIAN_POINT ( 'NONE',  ( 25.00000000000001421, 0.000000000000000000, -17.50000000000000355 ) ) ;
#2447 = CARTESIAN_POINT ( 'NONE',  ( -19.87029500160449658, 10.59879381264397935, -0.8012760830663389067 ) ) ;
#2448 = CARTESIAN_POINT ( 'NONE',  ( -24.00000000000000000, -8.000000000000000000, 0.9999999999999997780 ) ) ;
#2449 = CARTESIAN_POINT ( 'NONE',  ( 23.33428920239896698, 50.49389754241047967, 11.53446787389030526 ) ) ;
#2450 = VECTOR ( 'NONE', #864, 1000.000000000000000 ) ;
#2451 = CARTESIAN_POINT ( 'NONE',  ( 20.43760337332600585, 9.040126871473500358, 15.30275654001071750 ) ) ;
#2452 = CARTESIAN_POINT ( 'NONE',  ( 4.466288368590062952, 104.4662883685900567, 6.525992683864576982 ) ) ;
#2453 = ORIENTED_EDGE ( 'NONE', *, *, #4264, .F. ) ;
#2454 = VECTOR ( 'NONE', #4944, 1000.000000000000114 ) ;
#2455 = LOCAL_TIME ( 16, 17, 41.00000000000000000, #2691 ) ;
#2456 = EDGE_CURVE ( 'NONE', #5652, #1953, #1742, .T. ) ;
#2459 = ORIENTED_EDGE ( 'NONE', *, *, #7469, .F. ) ;
#2458 = CARTESIAN_POINT ( 'NONE',  ( -32.97687763316800158, 115.0000000000000000, 3.499999999999996891 ) ) ;
#2457 = FACE_BOUND ( 'NONE', #5165, .T. ) ;
#2460 = CARTESIAN_POINT ( 'NONE',  ( 3.814566376605152964, 54.71154566272178243, 11.01112321194540833 ) ) ;
#2461 = CARTESIAN_POINT ( 'NONE',  ( -11.50000000000000000, 113.0000000000000000, 0.000000000000000000 ) ) ;
#2462 = DIRECTION ( 'NONE',  ( 0.000000000000000000, 0.000000000000000000, -1.000000000000000000 ) ) ;
#2463 = CARTESIAN_POINT ( 'NONE',  ( -22.00000000000000000, 0.000000000000000000, 0.000000000000000000 ) ) ;
#2464 = CARTESIAN_POINT ( 'NONE',  ( -25.00000000000001421, 17.64627690009260874, 16.74965667821458837 ) ) ;
#2465 = EDGE_CURVE ( 'NONE', #7100, #549, #7092, .T. ) ;
#2466 = DIRECTION ( 'NONE',  ( 0.000000000000000000, 0.000000000000000000, -1.000000000000000000 ) ) ;
#2467 = CARTESIAN_POINT ( 'NONE',  ( -24.50342793532973573, 28.31421169062152643, -17.50000000000000000 ) ) ;
#2468 = CARTESIAN_POINT ( 'NONE',  ( 20.99999999999999645, -8.000000000000000000, -8.673617379884035472E-16 ) ) ;
#2469 = DIRECTION ( 'NONE',  ( 0.000000000000000000, 0.000000000000000000, -1.000000000000000000 ) ) ;
#2470 = LINE ( 'NONE', #5495, #619 ) ;
#2471 = CARTESIAN_POINT ( 'NONE',  ( -5.000000000000002665, 118.0000000000000142, -14.50000000000000178 ) ) ;
#2472 = EDGE_LOOP ( 'NONE', ( #7644, #419, #2650, #4547 ) ) ;
#2473 = CARTESIAN_POINT ( 'NONE',  ( -4.793314006260937177, 57.71362117939456482, 12.69073466813560991 ) ) ;
#2474 = CARTESIAN_POINT ( 'NONE',  ( 24.38785598466598259, 29.57742931635178607, -17.50000000000000000 ) ) ;
#2475 = LINE ( 'NONE', #4966, #5093 ) ;
#2476 = EDGE_LOOP ( 'NONE', ( #1504, #7502 ) ) ;
#2477 = CARTESIAN_POINT ( 'NONE',  ( 7.029675275299214654, 51.56781031060555165, 13.38583796462420494 ) ) ;
#2478 = CARTESIAN_POINT ( 'NONE',  ( 22.82894867328190713, 41.87133787347855929, 14.45935883800416555 ) ) ;
#2479 = B_SPLINE_CURVE_WITH_KNOTS ( 'NONE', 3,
 ( #3344, #5181, #2082, #1600 ),
 .UNSPECIFIED., .F., .F.,
 ( 4, 4 ),
 ( 0.000000000000000000, 1.000000000000000000 ),
 .UNSPECIFIED. ) ;
#2480 = VERTEX_POINT ( 'NONE', #5555 ) ;
#2481 = CARTESIAN_POINT ( 'NONE',  ( -26.99999999999999645, 21.62375826452496952, -15.50000000000002487 ) ) ;
#2482 = LINE ( 'NONE', #5704, #3725 ) ;
#2483 = CIRCLE ( 'NONE', #428, 1.000000000000000888 ) ;
#2484 = CARTESIAN_POINT ( 'NONE',  ( 19.93969262078590887, 10.40812542098089466, -5.023547007758739191 ) ) ;
#2485 = CARTESIAN_POINT ( 'NONE',  ( 22.91552643717810156, 52.72687676485506358, 11.28485774262265906 ) ) ;
#2486 = FACE_OUTER_BOUND ( 'NONE', #7670, .T. ) ;
#2487 = CARTESIAN_POINT ( 'NONE',  ( -23.00000000000000000, 1.995477668849325203, -11.07161094299847903 ) ) ;
#2488 = CARTESIAN_POINT ( 'NONE',  ( 27.00000000000000000, 8.904259267601764449, 15.27669411002525202 ) ) ;
#2489 = TOROIDAL_SURFACE ( 'NONE', #161, 11.25000000000000000, 1.000000000000000000 ) ;
#2490 = VERTEX_POINT ( 'NONE', #3683 ) ;
#2493 = ORIENTED_EDGE ( 'NONE', *, *, #4015, .T. ) ;
#2492 = DIRECTION ( 'NONE',  ( -1.000000000000000000, 0.000000000000000000, 0.000000000000000000 ) ) ;
#2491 = CARTESIAN_POINT ( 'NONE',  ( 25.00000000000001066, 0.000000000000000000, 17.50000000000000355 ) ) ;
#2494 = VECTOR ( 'NONE', #4528, 1000.000000000000114 ) ;
#2495 = CARTESIAN_POINT ( 'NONE',  ( -26.99999999999999645, 47.50000000000000000, 14.93654316236332846 ) ) ;
#2496 = CARTESIAN_POINT ( 'NONE',  ( -23.00000000000000000, 1.999999999999970468, -11.10857978073461538 ) ) ;
#2497 = DIRECTION ( 'NONE',  ( 0.000000000000000000, -1.000000000000000000, 0.000000000000000000 ) ) ;
#2498 = CARTESIAN_POINT ( 'NONE',  ( 13.34314575050761675, 8.000000000000000000, -2.000000000000000000 ) ) ;
#2499 = CARTESIAN_POINT ( 'NONE',  ( -20.99999999999999645, -8.000000000000000000, 1.999999999999998668 ) ) ;
#2500 = CARTESIAN_POINT ( 'NONE',  ( -19.74301887799289545, 16.55841679966573921, 16.82791687410646375 ) ) ;
#2501 = EDGE_CURVE ( 'NONE', #6383, #6647, #6806, .T. ) ;
#2502 = ORIENTED_EDGE ( 'NONE', *, *, #629, .T. ) ;
#2503 = EDGE_CURVE ( 'NONE', #328, #1562, #3001, .T. ) ;
#2505 = EDGE_LOOP ( 'NONE', ( #6680, #5084, #6177, #7533 ) ) ;
#2504 = CARTESIAN_POINT ( 'NONE',  ( -18.59098221857139066, 64.34711218367858976, -17.50000000000000355 ) ) ;
#2506 = DIRECTION ( 'NONE',  ( 0.000000000000000000, 0.000000000000000000, 1.000000000000000000 ) ) ;
#2507 = CARTESIAN_POINT ( 'NONE',  ( 14.50000000000000000, 118.0000000000000142, 6.500000000000005329 ) ) ;
#2508 = CARTESIAN_POINT ( 'NONE',  ( 11.50000000000000000, 118.0000000000000142, 0.000000000000000000 ) ) ;
#2509 = LINE ( 'NONE', #2389, #4839 ) ;
#2510 = EDGE_CURVE ( 'NONE', #7734, #3151, #877, .T. ) ;
#2511 = ORIENTED_EDGE ( 'NONE', *, *, #1826, .F. ) ;
#2512 = EDGE_CURVE ( 'NONE', #4888, #5649, #7287, .T. ) ;
#2513 = CARTESIAN_POINT ( 'NONE',  ( 12.57252556178664804, 105.8836485632845950, -17.50000000000000711 ) ) ;
#2514 = CARTESIAN_POINT ( 'NONE',  ( -2.863479420958811694, 63.01198185281592146, 12.10268805976782680 ) ) ;
#2515 = CARTESIAN_POINT ( 'NONE',  ( 24.42335740705784275, 29.19973273362621313, -17.50000000000000355 ) ) ;
#2516 = LINE ( 'NONE', #4591, #167 ) ;
#2517 = ORIENTED_EDGE ( 'NONE', *, *, #2258, .T. ) ;
#2518 = CARTESIAN_POINT ( 'NONE',  ( 6.300482073297109409, 53.57162620900285077, 13.16067083037697039 ) ) ;
#2519 = CARTESIAN_POINT ( 'NONE',  ( 22.98591950926706673, 40.85228402839864259, 14.56918205717698456 ) ) ;
#2520 = ORIENTED_EDGE ( 'NONE', *, *, #182, .T. ) ;
#2521 = CARTESIAN_POINT ( 'NONE',  ( 19.00000000000000000, 0.000000000000000000, 5.000000000000000000 ) ) ;
#2522 = CARTESIAN_POINT ( 'NONE',  ( -19.00000000006312817, 9.881937932197633501, 2.750687999083873514 ) ) ;
#2523 = CARTESIAN_POINT ( 'NONE',  ( 0.000000000000000000, 79.52049869174365426, 5.499999999999997335 ) ) ;
#2524 = CARTESIAN_POINT ( 'NONE',  ( -14.51817839726926174, 108.0000000039236312, -15.50000000000000355 ) ) ;
#2525 = CARTESIAN_POINT ( 'NONE',  ( 23.14309941038230889, 51.52371731561482449, 11.41953063597336637 ) ) ;
#2526 = DIRECTION ( 'NONE',  ( 0.000000000000000000, 0.000000000000000000, -1.000000000000000000 ) ) ;
#2527 = CARTESIAN_POINT ( 'NONE',  ( 7.624340975936700460, 44.24427597784681865, 12.18101205685488608 ) ) ;
#2528 = DIRECTION ( 'NONE',  ( 0.7071067811865463515, -0.7071067811865487940, 0.000000000000000000 ) ) ;
#2529 = ORIENTED_EDGE ( 'NONE', *, *, #7560, .T. ) ;
#2532 = EDGE_LOOP ( 'NONE', ( #2313, #5811 ) ) ;
#2531 = LINE ( 'NONE', #5020, #6453 ) ;
#2530 = CARTESIAN_POINT ( 'NONE',  ( 2.863479420958821908, 63.01198185281597830, 12.10268805976782325 ) ) ;
#2533 = DIRECTION ( 'NONE',  ( 0.000000000000000000, 0.000000000000000000, -1.000000000000000000 ) ) ;
#2534 = DIRECTION ( 'NONE',  ( 0.000000000000000000, 0.000000000000000000, 1.000000000000000000 ) ) ;
#2535 = CARTESIAN_POINT ( 'NONE',  ( -23.00000000000000000, 1.999999999999937605, -15.50000000000000711 ) ) ;
#2536 = CARTESIAN_POINT ( 'NONE',  ( 20.99999999999999645, -1.517883041479706208E-15, 8.000000000000000000 ) ) ;
#2537 = CARTESIAN_POINT ( 'NONE',  ( -24.16738996795182715, 4.315310948177063288, 17.44693342957640070 ) ) ;
#2538 = VERTEX_POINT ( 'NONE', #1923 ) ;
#2540 = ORIENTED_EDGE ( 'NONE', *, *, #926, .F. ) ;
#2539 = CARTESIAN_POINT ( 'NONE',  ( -17.88509952288695359, 67.88926511765306770, -17.50000000000000355 ) ) ;
#2541 = DIRECTION ( 'NONE',  ( -1.000000000000000000, 0.000000000000000000, -0.000000000000000000 ) ) ;
#2542 = CARTESIAN_POINT ( 'NONE',  ( 22.60164617148654642, 3.094468148794145890, 15.52066385123292314 ) ) ;
#2543 = EDGE_CURVE ( 'NONE', #2980, #4657, #710, .T. ) ;
#2544 = DIRECTION ( 'NONE',  ( 1.000000000000000000, -0.000000000000000000, -0.000000000000000000 ) ) ;
#2545 = DIRECTION ( 'NONE',  ( -1.000000000000000000, 0.000000000000000000, 0.000000000000000000 ) ) ;
#2546 = AXIS2_PLACEMENT_3D ( 'NONE', #2892, #4201, #2929 ) ;
#2547 = ORIENTED_EDGE ( 'NONE', *, *, #2808, .T. ) ;
#2548 = CARTESIAN_POINT ( 'NONE',  ( 12.60761899769521044, 105.0145809618545343, -17.50000000000000000 ) ) ;
#2549 = EDGE_LOOP ( 'NONE', ( #6137, #2133 ) ) ;
#2550 = EDGE_CURVE ( 'NONE', #5771, #4191, #7481, .T. ) ;
#2551 = CIRCLE ( 'NONE', #1511, 10.25000000000000000 ) ;
#2552 = FACE_OUTER_BOUND ( 'NONE', #519, .T. ) ;
#2553 = CARTESIAN_POINT ( 'NONE',  ( 24.42084146082248708, 29.22676811380325290, -17.50000000000000355 ) ) ;
#2554 = CARTESIAN_POINT ( 'NONE',  ( -21.94059561800188973, 48.55791397368845708, 6.499999999999993783 ) ) ;
#2555 = VERTEX_POINT ( 'NONE', #4101 ) ;
#2556 = CARTESIAN_POINT ( 'NONE',  ( 8.655642527838876887, 47.09821548840589145, 13.88509609985514892 ) ) ;
#2557 = CARTESIAN_POINT ( 'NONE',  ( 23.33735239603016964, 38.48930463378169264, 14.82170535567886560 ) ) ;
#2558 = EDGE_CURVE ( 'NONE', #2106, #1953, #7449, .T. ) ;
#2559 = ADVANCED_FACE ( 'NONE', ( #7134 ), #6615, .F. ) ;
#2560 = EDGE_LOOP ( 'NONE', ( #173, #7008, #853, #4020 ) ) ;
#2561 = DIRECTION ( 'NONE',  ( 0.000000000000000000, 0.000000000000000000, -1.000000000000000000 ) ) ;
#2562 = DIRECTION ( 'NONE',  ( 0.000000000000000000, 0.000000000000000000, -1.000000000000000000 ) ) ;
#2563 = CARTESIAN_POINT ( 'NONE',  ( -5.000000000000002665, 113.0000000000000000, 5.499999999999997335 ) ) ;
#2564 = CARTESIAN_POINT ( 'NONE',  ( -14.81630630387621927, 101.3031371517594152, -15.50000000000000000 ) ) ;
#2565 = CARTESIAN_POINT ( 'NONE',  ( 22.19833852145625031, 56.45490305542337239, 10.86679649555690830 ) ) ;
#2566 = PLANE ( 'NONE',  #520 ) ;
#2567 = CARTESIAN_POINT ( 'NONE',  ( 9.180640929104159298, 39.96837699862101800, 12.64786054616496358 ) ) ;
#2568 = TOROIDAL_SURFACE ( 'NONE', #3216, 11.25000000000000000, 1.000000000000000000 ) ;
#2569 = ORIENTED_EDGE ( 'NONE', *, *, #2695, .T. ) ;
#2570 = CIRCLE ( 'NONE', #4535, 1.000000000000001776 ) ;
#2573 = VERTEX_POINT ( 'NONE', #1057 ) ;
#2572 = CARTESIAN_POINT ( 'NONE',  ( 27.00000000000002842, 17.50000000000001066, 14.75501308386013122 ) ) ;
#2571 = CARTESIAN_POINT ( 'NONE',  ( 6.456638651179348543, 110.0000000000000000, 7.803227360849825267 ) ) ;
#2574 = CARTESIAN_POINT ( 'NONE',  ( 19.00000000000000000, 9.347556391116416563, -4.223910564672936019 ) ) ;
#2575 = LINE ( 'NONE', #7566, #7799 ) ;
#2576 = CARTESIAN_POINT ( 'NONE',  ( -19.22942770145140301, 61.37495923042939694, 12.28484442081195738 ) ) ;
#2577 = DIRECTION ( 'NONE',  ( 0.1604214212192556499, 0.4407542323967199027, 0.8831764683450145093 ) ) ;
#2578 = DIRECTION ( 'NONE',  ( 0.000000000000000000, 0.000000000000000000, -1.000000000000000000 ) ) ;
#2579 = DIRECTION ( 'NONE',  ( 1.000000000000000000, -0.000000000000000000, -0.000000000000000000 ) ) ;
#2580 = CARTESIAN_POINT ( 'NONE',  ( -16.24238007140530016, 26.21565821373956950, 16.04146172593818420 ) ) ;
#2581 = APPROVAL_PERSON_ORGANIZATION ( #913, #2955, #5748 ) ;
#2582 = EDGE_LOOP ( 'NONE', ( #2030, #2126, #4254, #5029 ) ) ;
#2584 = ORIENTED_EDGE ( 'NONE', *, *, #5788, .T. ) ;
#2583 = CARTESIAN_POINT ( 'NONE',  ( -19.85572337574793877, 58.00109228997701649, -17.50000000000000000 ) ) ;
#2585 = CARTESIAN_POINT ( 'NONE',  ( -14.92784999592421791, 99.92439022434579954, 6.499999999999993783 ) ) ;
#2586 = DIRECTION ( 'NONE',  ( 0.000000000000000000, -0.000000000000000000, 1.000000000000000000 ) ) ;
#2587 = LINE ( 'NONE', #2863, #2003 ) ;
#2588 = CARTESIAN_POINT ( 'NONE',  ( -23.00000000000000000, 0.000000000000000000, 0.000000000000000000 ) ) ;
#2589 = ORIENTED_EDGE ( 'NONE', *, *, #3611, .F. ) ;
#2590 = CARTESIAN_POINT ( 'NONE',  ( 13.57894767506318523, 93.38300963339857219, -17.50000000000000000 ) ) ;
#2591 = ORIENTED_EDGE ( 'NONE', *, *, #2600, .F. ) ;
#2592 = CARTESIAN_POINT ( 'NONE',  ( -13.67593625253134704, 92.73464126991679279, 9.222590620742241896 ) ) ;
#2593 = CARTESIAN_POINT ( 'NONE',  ( 24.00000000000000000, -1.517883041479706208E-15, 8.000000000000000000 ) ) ;
#2594 = ORIENTED_EDGE ( 'NONE', *, *, #7125, .F. ) ;
#2595 = CARTESIAN_POINT ( 'NONE',  ( 17.05772449117930023, 23.96793300393634851, 16.24047786118576298 ) ) ;
#2596 = CARTESIAN_POINT ( 'NONE',  ( 20.43299736409177925, 55.27689437100274006, 12.96884954745265617 ) ) ;
#2597 = ADVANCED_FACE ( 'NONE', ( #2833 ), #2952, .F. ) ;
#2598 = EDGE_LOOP ( 'NONE', ( #5247, #3005 ) ) ;
#2599 = EDGE_CURVE ( 'NONE', #5649, #2870, #5332, .T. ) ;
#2600 = EDGE_CURVE ( 'NONE', #3066, #937, #4185, .T. ) ;
#2601 = CARTESIAN_POINT ( 'NONE',  ( 20.99999999999999645, 0.000000000000000000, 0.000000000000000000 ) ) ;
#2602 = DIRECTION ( 'NONE',  ( 1.000000000000000000, -0.000000000000000000, -0.000000000000000000 ) ) ;
#2603 = DIRECTION ( 'NONE',  ( 0.000000000000000000, 0.000000000000000000, 1.000000000000000000 ) ) ;
#2604 = CARTESIAN_POINT ( 'NONE',  ( 25.00000000000001066, 0.000000000000000000, 17.50000000000000355 ) ) ;
#2605 = CARTESIAN_POINT ( 'NONE',  ( 26.41442347251965117, 29.38857144643818486, 13.75225022875527969 ) ) ;
#2606 = DIRECTION ( 'NONE',  ( 1.000000000000000000, -0.000000000000000000, 0.000000000000000000 ) ) ;
#2607 = CARTESIAN_POINT ( 'NONE',  ( 6.387480458191921784, 47.64252232136546183, 11.80421999318262039 ) ) ;
#2608 = EDGE_LOOP ( 'NONE', ( #2167, #1141, #6842, #854 ) ) ;
#2609 =( BOUNDED_CURVE ( )  B_SPLINE_CURVE ( 3, ( #1444, #3922, #5781, #2484 ),
 .UNSPECIFIED., .F., .F. ) 
 B_SPLINE_CURVE_WITH_KNOTS ( ( 4, 4 ),
 ( 4.860303743609851956, 5.820293440019225883 ),
 .UNSPECIFIED. ) 
 CURVE ( )  GEOMETRIC_REPRESENTATION_ITEM ( )  RATIONAL_B_SPLINE_CURVE ( ( 1.000000000000000000, 0.9246648678395370524, 0.9246648678395370524, 1.000000000000000000 ) ) 
 REPRESENTATION_ITEM ( '' )  );
#2610 = CIRCLE ( 'NONE', #1841, 2.000000000000000000 ) ;
#2611 = VECTOR ( 'NONE', #5619, 1000.000000000000000 ) ;
#2612 = EDGE_CURVE ( 'NONE', #1750, #3309, #5886, .T. ) ;
#2615 = ORIENTED_EDGE ( 'NONE', *, *, #2760, .T. ) ;
#2614 = CARTESIAN_POINT ( 'NONE',  ( -23.00000000000000000, 2.000000000000138112, 11.12715609645436921 ) ) ;
#2613 = CARTESIAN_POINT ( 'NONE',  ( 17.51841003188884471, 17.06054466009420523, 14.81300929563575863 ) ) ;
#2616 = CARTESIAN_POINT ( 'NONE',  ( 10.00000000000000533, 46.35637396795941356, 6.499999999999993783 ) ) ;
#2617 = CARTESIAN_POINT ( 'NONE',  ( -2.093631781351319261E-15, 118.0000000000000142, -17.50000000000000355 ) ) ;
#2618 = CARTESIAN_POINT ( 'NONE',  ( -22.00796240487868971, 46.78658571327930105, 13.91966000458073260 ) ) ;
#2619 = CARTESIAN_POINT ( 'NONE',  ( -26.74447092166424156, 25.43055911917171485, 14.11851450333041136 ) ) ;
#2620 = VECTOR ( 'NONE', #4900, 1000.000000000000000 ) ;
#2621 = CARTESIAN_POINT ( 'NONE',  ( -22.61214062381560197, 1.798691526266257945, -10.29260175346880146 ) ) ;
#2622 = CARTESIAN_POINT ( 'NONE',  ( -14.45933524123563352, 31.12825219227025642, 15.57485178226481537 ) ) ;
#2623 = VERTEX_POINT ( 'NONE', #4024 ) ;
#2624 = VECTOR ( 'NONE', #7695, 1000.000000000000000 ) ;
#2626 = ORIENTED_EDGE ( 'NONE', *, *, #5248, .T. ) ;
#2625 = CARTESIAN_POINT ( 'NONE',  ( -17.57325193453587531, 69.46891150645801360, -17.50000000000000711 ) ) ;
#2627 = CARTESIAN_POINT ( 'NONE',  ( 22.00000000000000000, 1.661568750910184189, 10.11442975584875903 ) ) ;
#2628 = DIRECTION ( 'NONE',  ( 0.7071067811865532349, 0.7071067811865417996, -0.000000000000000000 ) ) ;
#2629 = DIRECTION ( 'NONE',  ( 1.000000000000000000, 0.000000000000000000, 0.000000000000000000 ) ) ;
#2630 = CARTESIAN_POINT ( 'NONE',  ( -14.73905633010974725, 102.3367470230190008, -15.50000000000000888 ) ) ;
#2631 = EDGE_LOOP ( 'NONE', ( #7740, #7288, #1816, #4044 ) ) ;
#2632 = CARTESIAN_POINT ( 'NONE',  ( 12.64200031498540966, 104.2650613279199945, -17.50000000000001066 ) ) ;
#2633 = EDGE_LOOP ( 'NONE', ( #7137, #40, #268, #7615 ) ) ;
#2634 = CARTESIAN_POINT ( 'NONE',  ( 24.00000000000000000, -1.517883041479706208E-15, 8.000000000000000000 ) ) ;
#2635 = DIRECTION ( 'NONE',  ( 1.000000000000000000, -0.000000000000000000, 0.000000000000000000 ) ) ;
#2636 = ORIENTED_EDGE ( 'NONE', *, *, #5605, .T. ) ;
#2637 = CARTESIAN_POINT ( 'NONE',  ( 19.19434920185170057, 18.07331918436454288, 16.71821714524096336 ) ) ;
#2638 = TOROIDAL_SURFACE ( 'NONE', #5118, 11.25000000000000000, 1.000000000000000000 ) ;
#2639 = CARTESIAN_POINT ( 'NONE',  ( 19.69479104455761487, 59.03749953844741327, 12.54627275549168530 ) ) ;
#2640 = ORIENTED_EDGE ( 'NONE', *, *, #6772, .F. ) ;
#2641 = DIRECTION ( 'NONE',  ( -0.1604214212192553446, 0.4407542323967062470, -0.8831764683450213926 ) ) ;
#2642 = CARTESIAN_POINT ( 'NONE',  ( 13.50000000000000533, 115.0000000000000000, -12.50000000000000355 ) ) ;
#2643 = CARTESIAN_POINT ( 'NONE',  ( 18.50972219193053903, 64.75379691036715712, -17.50000000000000000 ) ) ;
#2644 = CARTESIAN_POINT ( 'NONE',  ( -13.34314575050761675, -1.517883041479706208E-15, 8.000000000000000000 ) ) ;
#2645 = CARTESIAN_POINT ( 'NONE',  ( 14.50000000000000000, 115.0000000000000000, -12.50000000000000355 ) ) ;
#2646 = CARTESIAN_POINT ( 'NONE',  ( 26.82322345778618811, 23.86655834744609805, 14.25113226381737341 ) ) ;
#2647 = SECURITY_CLASSIFICATION_LEVEL ( 'unclassified' ) ;
#2648 = EDGE_CURVE ( 'NONE', #1928, #3290, #323, .T. ) ;
#2649 = CARTESIAN_POINT ( 'NONE',  ( 10.22634055191669056, 37.09534089741143958, 12.95335930511821942 ) ) ;
#2650 = ORIENTED_EDGE ( 'NONE', *, *, #976, .T. ) ;
#2651 = ADVANCED_FACE ( 'NONE', ( #1581 ), #4065, .T. ) ;
#2654 = ORIENTED_EDGE ( 'NONE', *, *, #6979, .F. ) ;
#2653 = CARTESIAN_POINT ( 'NONE',  ( 14.67403301017901640, 103.6854365869266701, -15.50000000000000533 ) ) ;
#2652 = CARTESIAN_POINT ( 'NONE',  ( 25.66424923846236084, 0.1557489589753483228, 17.49994204744982795 ) ) ;
#2655 = DIRECTION ( 'NONE',  ( 0.000000000000000000, -1.000000000000000000, 0.000000000000000000 ) ) ;
#2656 = CARTESIAN_POINT ( 'NONE',  ( 14.53422325833052220, 107.2460353292694037, 6.524328556064820539 ) ) ;
#2657 = LINE ( 'NONE', #5148, #7761 ) ;
#2658 = ADVANCED_FACE ( 'NONE', ( #6532 ), #1662, .F. ) ;
#2659 = CARTESIAN_POINT ( 'NONE',  ( -24.32525219258313598, 44.92485902449845980, 12.15080279386930151 ) ) ;
#2660 = CARTESIAN_POINT ( 'NONE',  ( 14.51817839733992699, 108.0000000000000284, 6.499999999999993783 ) ) ;
#2661 = CARTESIAN_POINT ( 'NONE',  ( -10.99724413745496676, 40.65808195545170634, 14.59056575028471237 ) ) ;
#2662 = ADVANCED_FACE ( 'NONE', ( #7738 ), #3448, .F. ) ;
#2663 = EDGE_CURVE ( 'NONE', #7660, #1670, #2022, .T. ) ;
#2664 = EDGE_LOOP ( 'NONE', ( #4786, #3718, #6845, #6596 ) ) ;
#2666 = ORIENTED_EDGE ( 'NONE', *, *, #5143, .F. ) ;
#2665 = CARTESIAN_POINT ( 'NONE',  ( -18.14341809283249063, 66.58979784748314046, -17.50000000000001066 ) ) ;
#2667 = CARTESIAN_POINT ( 'NONE',  ( -22.40821012746429020, 55.37324361283975094, 10.98821412991610558 ) ) ;
#2668 = B_SPLINE_CURVE_WITH_KNOTS ( 'NONE', 3,
 ( #7057, #6458, #5249, #7019, #3248, #2145, #6936, #5853, #166, #817, #1506, #5128, #7583, #7702, #3291, #2073, #4598, #3985, #900, #4637, #291, #1469, #5085, #1345, #3827, #1387, #6301, #736, #3208, #205, #5693, #123, #5168, #2592, #7546, #1988, #4556, #3870, #6343, #778, #7625, #251, #3948, #6421, #856, #3331, #2719, #5213, #7663, #980, #5977, #6019, #1099, #3503, #6541, #1707, #4071, #4107, #2880, #1588, #6578, #2919, #7220, #7139, #6656, #1020, #7095, #7786, #414, #5377, #4761, #7827, #2841, #4029, #3415, #3580, #2272, #4189, #1061, #1668, #4154, #6056, #492, #7263, #6499, #2231, #2190, #939, #7743, #3455, #5289, #3542, #4723, #7182, #5931, #331, #2959, #6619, #5454, #4802, #7904, #454, #2350, #1629, #1548, #5416, #5894, #2795, #7863, #4680, #370, #5335, #2311, #6096, #1177, #2010, #3620, #6282, #3040, #6321, #2576, #3274, #5494, #3810, #6958, #4493, #4842, #6916, #5533, #5070, #1325, #7340, #2387, #1413, #718, #7528, #6694, #7941, #5717, #5674, #1368, #3188, #3849, #7980, #3895, #2428, #6366, #1745, #534, #7383, #6132, #4230, #4880, #1785, #5759, #758, #4919, #800, #5111, #101, #1970, #3233, #192, #4270, #6733, #7302, #1828, #4455, #571, #3656, #147, #1137, #2999, #4307, #6770, #2618, #7567, #7647, #7605, #3933, #1453, #4699, #3355, #5836, #2739, #4010, #7118, #273, #7161, #5232, #1608, #2052, #6406, #7686, #3970, #4540, #3316, #2700, #3480, #1568, #2129, #5793, #1531, #4621, #3394, #4049, #6560, #228, #5193, #1000, #7079, #7725, #6442, #2091, #3435, #7004, #4090, #6481, #2212, #920, #4661, #6520, #842 ),
 .UNSPECIFIED., .F., .F.,
 ( 4, 1, 1, 1, 2, 2, 1, 1, 1, 1, 2, 2, 2, 1, 1, 1, 1, 2, 2, 2, 1, 1, 1, 1, 1, 2, 2, 2, 1, 1, 1, 1, 1, 2, 2, 2, 1, 1, 1, 1, 1, 2, 2, 2, 1, 1, 1, 1, 1, 2, 2, 1, 1, 1, 1, 1, 2, 2, 2, 1, 1, 1, 1, 2, 2, 2, 1, 1, 1, 1, 1, 2, 2, 1, 1, 1, 1, 1, 1, 1, 2, 2, 2, 2, 2, 2, 1, 1, 1, 1, 1, 2, 2, 2, 1, 1, 1, 1, 1, 2, 2, 2, 1, 1, 1, 1, 2, 2, 2, 1, 1, 1, 1, 2, 2, 2, 1, 1, 1, 1, 2, 2, 1, 1, 1, 1, 1, 2, 2, 2, 1, 1, 1, 1, 1, 2, 2, 2, 1, 1, 1, 1, 1, 2, 2, 2, 1, 1, 1, 1, 2, 2, 2, 1, 1, 1, 1, 2, 2, 4 ),
 ( 0.000000000000000000, 0.01562499999997493672, 0.02343749999996240507, 0.02734374999995636130, 0.02929687499995333941, 0.03124999999995031752, 0.04687499999992615629, 0.05468749999991429772, 0.05859374999990837191, 0.06054687499990540206, 0.06152343749990392408, 0.06249999999990243915, 0.09374999999986205479, 0.1093749999998418765, 0.1171874999998317873, 0.1210937499998267358, 0.1230468749998242239, 0.1240234374998231831, 0.1249999999998221423, 0.1562499999997873923, 0.1718749999997702393, 0.1796874999997618572, 0.1835937499997579159, 0.1855468749997559175, 0.1865234374997549183, 0.1870117187497544187, 0.1874999999997539191, 0.2187499999997246647, 0.2343749999997098155, 0.2421874999997021549, 0.2460937499996981304, 0.2480468749996961042, 0.2490234374996952993, 0.2495117187496949107, 0.2499999999996945221, 0.2812499999996627142, 0.2968749999996467825, 0.3046874999996388445, 0.3085937499996346256, 0.3105468749996322941, 0.3115234374996311284, 0.3120117187496305733, 0.3124999999996300182, 0.3437499999995883848, 0.3593749999995677347, 0.3671874999995574651, 0.3710937499995520805, 0.3730468749995493605, 0.3740234374995478062, 0.3745117187495472511, 0.3749999999995466959, 0.3906249999995357047, 0.3984374999995304867, 0.4023437499995278221, 0.4042968749995266564, 0.4052734374995261013, 0.4057617187495258237, 0.4062499999995255462, 0.4218749999995102251, 0.4296874999995023980, 0.4335937499994982347, 0.4355468749994963473, 0.4365234374994952371, 0.4370117187494949040, 0.4374999999994945710, 0.4531249999994882427, 0.4609374999994851341, 0.4648437499994833577, 0.4667968749994822475, 0.4677734374994816924, 0.4682617187494812483, 0.4685058593744810262, 0.4687499999994808042, 0.4843749999994714783, 0.4921874999994666489, 0.4960937499994639843, 0.4980468749994624300, 0.4990234374994618749, 0.4995117187494614308, 0.4997558593744610422, 0.4998779296869608757, 0.4999999999994606537, 0.5078124999994492184, 0.5117187499994433342, 0.5156249999994373390, 0.5234374999994252375, 0.5273437499994193534, 0.5292968749994165778, 0.5302734374994152455, 0.5307617187494146904, 0.5310058593744144684, 0.5311279296869145794, 0.5312499999994146904, 0.5468749999994216848, 0.5546874999994250155, 0.5585937499994264588, 0.5605468749994272359, 0.5615234374994276800, 0.5620117187494279021, 0.5622558593744281241, 0.5624999999994282351, 0.5781249999994477751, 0.5859374999994575450, 0.5898437499994624300, 0.5917968749994648725, 0.5927734374994660937, 0.5932617187494667599, 0.5937499999994673150, 0.6093749999994879651, 0.6171874999994982902, 0.6210937499995033972, 0.6230468749995060618, 0.6240234374995073940, 0.6245117187495080602, 0.6249999999995087263, 0.6406249999995288213, 0.6484374999995389244, 0.6523437499995439204, 0.6542968749995464739, 0.6552734374995478062, 0.6557617187495485833, 0.6562499999995492495, 0.6718749999995748956, 0.6796874999995876632, 0.6835937499995941025, 0.6855468749995973221, 0.6865234374995989874, 0.6870117187495997646, 0.6874999999996005418, 0.7187499999996462829, 0.7343749999996691535, 0.7421874999996806999, 0.7460937499996862510, 0.7480468749996891376, 0.7490234374996906919, 0.7495117187496913580, 0.7499999999996920241, 0.7812499999997336575, 0.7968749999997547517, 0.8046874999997652989, 0.8085937499997705169, 0.8105468749997732925, 0.8115234374997747357, 0.8120117187497752909, 0.8124999999997758460, 0.8437499999998110400, 0.8593749999998286926, 0.8671874999998374633, 0.8710937499998417932, 0.8730468749998441247, 0.8740234374998452349, 0.8749999999998463451, 0.9062499999998820943, 0.9218749999999000799, 0.9296874999999089617, 0.9335937499999134026, 0.9355468749999157341, 0.9365234374999169553, 0.9374999999999181766, 1.000000000000000000 ),
 .UNSPECIFIED. ) ;
#2669 = CARTESIAN_POINT ( 'NONE',  ( 15.22371052658075463, 96.57980401407530735, -15.50000000000001599 ) ) ;
#2670 = DIRECTION ( 'NONE',  ( 1.000000000000000000, -0.000000000000000000, 0.000000000000000000 ) ) ;
#2671 = VERTEX_POINT ( 'NONE', #7258 ) ;
#2672 = CARTESIAN_POINT ( 'NONE',  ( 14.47059093116646089, 86.84344426178537901, -17.50000000000000355 ) ) ;
#2673 = EDGE_LOOP ( 'NONE', ( #6684, #773 ) ) ;
#2674 = CARTESIAN_POINT ( 'NONE',  ( -4.067423255447513597, 104.0674232554475083, 6.557440946156976480 ) ) ;
#2675 = LINE ( 'NONE', #3332, #3676 ) ;
#2676 = B_SPLINE_CURVE_WITH_KNOTS ( 'NONE', 3,
 ( #7570, #7446, #3726, #6202, #1888, #2621, #104, #720, #5072, #1855 ),
 .UNSPECIFIED., .F., .F.,
 ( 4, 2, 2, 2, 4 ),
 ( 0.000000000000000000, 0.0003932710015968736168, 0.0007865420031937472335, 0.001179813004790620850, 0.001573084006387494467 ),
 .UNSPECIFIED. ) ;
#2677 = ORIENTED_EDGE ( 'NONE', *, *, #4303, .T. ) ;
#2678 = CARTESIAN_POINT ( 'NONE',  ( 17.99880474218435111, 21.37259564467763084, 16.46150523324979531 ) ) ;
#2679 = CARTESIAN_POINT ( 'NONE',  ( 18.72145122257736460, 63.91460906028127908, 12.00267198730054119 ) ) ;
#2680 = AXIS2_PLACEMENT_3D ( 'NONE', #5976, #2958, #4760 ) ;
#2681 = AXIS2_PLACEMENT_3D ( 'NONE', #6203, #643, #25 ) ;
#2682 = ORIENTED_EDGE ( 'NONE', *, *, #3955, .F. ) ;
#2683 = VECTOR ( 'NONE', #5522, 1000.000000000000000 ) ;
#2684 = CIRCLE ( 'NONE', #7985, 1.000000000000000888 ) ;
#2685 = DIRECTION ( 'NONE',  ( 0.000000000000000000, 0.000000000000000000, -1.000000000000000000 ) ) ;
#2686 = FACE_OUTER_BOUND ( 'NONE', #6345, .T. ) ;
#2687 = CARTESIAN_POINT ( 'NONE',  ( 17.78878359805333531, 68.37556701380198376, -17.50000000000000355 ) ) ;
#2688 = CARTESIAN_POINT ( 'NONE',  ( -7.604639239902859948, 44.29840605272381993, 12.17504750446768824 ) ) ;
#2689 = DIRECTION ( 'NONE',  ( 1.000000000000000000, -0.000000000000000000, -0.000000000000000000 ) ) ;
#2690 = CARTESIAN_POINT ( 'NONE',  ( 26.84386880177221357, 23.47063502237753951, 14.28487603827946373 ) ) ;
#2691 = COORDINATED_UNIVERSAL_TIME_OFFSET ( 8, 0, .BEHIND. ) ;
#2692 = CARTESIAN_POINT ( 'NONE',  ( 12.78696425762450062, 30.06008508625915354, 13.67040516449722531 ) ) ;
#2693 = ORIENTED_EDGE ( 'NONE', *, *, #5198, .F. ) ;
#2694 = AXIS2_PLACEMENT_3D ( 'NONE', #2429, #3160, #6888 ) ;
#2695 = EDGE_CURVE ( 'NONE', #6755, #4994, #2182, .T. ) ;
#2697 = VERTEX_POINT ( 'NONE', #1703 ) ;
#2696 = CARTESIAN_POINT ( 'NONE',  ( 19.15668163232999532, 71.72316213357453307, 9.178222134974134860 ) ) ;
#2698 = CARTESIAN_POINT ( 'NONE',  ( 20.19639210678781183, 9.702849379603051716, -3.787411802117041315 ) ) ;
#2699 = CARTESIAN_POINT ( 'NONE',  ( -25.35839884252400012, 38.26988567347031278, -15.50000000000000355 ) ) ;
#2700 = CARTESIAN_POINT ( 'NONE',  ( -23.77758120403104058, 35.23352605823383499, 15.16169337774977421 ) ) ;
#2701 = CARTESIAN_POINT ( 'NONE',  ( -18.99999999999998934, 10.06610527765525376, -5.023547007758741856 ) ) ;
#2702 = CARTESIAN_POINT ( 'NONE',  ( -5.000000000000002665, 110.0000000000000000, 6.409682082549484683 ) ) ;
#2703 = CARTESIAN_POINT ( 'NONE',  ( -11.41473258502180954, 39.50954548846612369, 14.71362314585276287 ) ) ;
#2704 = ORIENTED_EDGE ( 'NONE', *, *, #3368, .T. ) ;
#2705 = VECTOR ( 'NONE', #3685, 1000.000000000000000 ) ;
#2706 = EDGE_CURVE ( 'NONE', #820, #3632, #5307, .T. ) ;
#2708 = ORIENTED_EDGE ( 'NONE', *, *, #4347, .F. ) ;
#2707 = CARTESIAN_POINT ( 'NONE',  ( -14.33365871970912941, 87.74541904560982175, -17.50000000000000355 ) ) ;
#2709 = EDGE_CURVE ( 'NONE', #6777, #3290, #459, .T. ) ;
#2710 = CARTESIAN_POINT ( 'NONE',  ( -21.83227894711346906, 58.31521523172055765, 10.65824768782165144 ) ) ;
#2711 = ADVANCED_FACE ( 'NONE', ( #7175 ), #1622, .F. ) ;
#2712 = CARTESIAN_POINT ( 'NONE',  ( -14.92784999592421791, 99.92439022434579954, 6.499999999999993783 ) ) ;
#2713 = VECTOR ( 'NONE', #5271, 1000.000000000000000 ) ;
#2714 = PLANE ( 'NONE',  #1975 ) ;
#2715 = VECTOR ( 'NONE', #753, 1000.000000000000000 ) ;
#2716 = ORIENTED_EDGE ( 'NONE', *, *, #2100, .F. ) ;
#2717 = ORIENTED_EDGE ( 'NONE', *, *, #530, .T. ) ;
#2718 = ORIENTED_EDGE ( 'NONE', *, *, #4304, .T. ) ;
#2719 = CARTESIAN_POINT ( 'NONE',  ( -14.49010579294882106, 86.88502564502745429, 9.685953494975226619 ) ) ;
#2720 = CARTESIAN_POINT ( 'NONE',  ( -22.99999999999998579, 0.7003143216902179002, 15.49999746292677116 ) ) ;
#2721 = ORIENTED_EDGE ( 'NONE', *, *, #583, .F. ) ;
#2722 = CARTESIAN_POINT ( 'NONE',  ( 19.35300481273940321, 17.63533763836994694, 16.75064493095893781 ) ) ;
#2723 = CARTESIAN_POINT ( 'NONE',  ( 18.85919566521795687, 63.22646235152466687, 12.07887422430356494 ) ) ;
#2724 = EDGE_LOOP ( 'NONE', ( #189, #122, #7943, #5199 ) ) ;
#2725 = CARTESIAN_POINT ( 'NONE',  ( -16.34389294051938890, 82.42125021620499581, -15.50000000000001776 ) ) ;
#2726 = DIRECTION ( 'NONE',  ( 1.000000000000000000, -0.000000000000000000, 0.000000000000000000 ) ) ;
#2727 = CARTESIAN_POINT ( 'NONE',  ( 15.57937597502331251, 80.08030030221129891, -17.50000000000000355 ) ) ;
#2728 = CARTESIAN_POINT ( 'NONE',  ( -3.770926978831433907, 54.83144392270362033, 10.99763527386367734 ) ) ;
#2729 = CARTESIAN_POINT ( 'NONE',  ( -19.57896893654343273, 11.39920559809960743, 1.727197826983946971 ) ) ;
#2730 = CARTESIAN_POINT ( 'NONE',  ( 27.00000000000002487, 19.39763282889922280, 14.61840573922205522 ) ) ;
#2731 = PERSON_AND_ORGANIZATION_ROLE ( 'creator' ) ;
#2732 = CARTESIAN_POINT ( 'NONE',  ( -27.00000000000000000, 0.000000000000000000, -10.25000000000000000 ) ) ;
#2733 = CARTESIAN_POINT ( 'NONE',  ( 4.721074962171825540, 52.22093379333563945, 11.29125996635608686 ) ) ;
#2734 = ORIENTED_EDGE ( 'NONE', *, *, #5596, .F. ) ;
#2736 = ORIENTED_EDGE ( 'NONE', *, *, #1813, .T. ) ;
#2735 = CARTESIAN_POINT ( 'NONE',  ( 23.65114955047874901, 48.78054092948082854, 11.72572697018139642 ) ) ;
#2737 = FACE_OUTER_BOUND ( 'NONE', #3638, .T. ) ;
#2738 = CARTESIAN_POINT ( 'NONE',  ( 15.46407981571912771, 94.46995420138564725, 7.111333511305977240 ) ) ;
#2739 = CARTESIAN_POINT ( 'NONE',  ( -22.93824252461740443, 41.16143825859711569, 14.53585538608842676 ) ) ;
#2740 = CARTESIAN_POINT ( 'NONE',  ( 3.752921755017233796, 97.23474335767738808, 6.499999999999993783 ) ) ;
#2741 = CYLINDRICAL_SURFACE ( 'NONE', #2255, 5.000000000000000000 ) ;
#2742 = CARTESIAN_POINT ( 'NONE',  ( -14.49572453696271701, 31.02802669968836824, 15.58468844833522482 ) ) ;
#2743 = ORIENTED_EDGE ( 'NONE', *, *, #4694, .F. ) ;
#2745 = ORIENTED_EDGE ( 'NONE', *, *, #6148, .F. ) ;
#2744 = CARTESIAN_POINT ( 'NONE',  ( -14.51626686445699299, 86.54288993723342571, -17.50000000000000711 ) ) ;
#2746 = CARTESIAN_POINT ( 'NONE',  ( -23.02535667888561832, 52.14521634026545627, 11.34994655164786259 ) ) ;
#2747 = DIRECTION ( 'NONE',  ( -0.7071067811865524577, -0.7071067811865426878, 0.000000000000000000 ) ) ;
#2748 = DIRECTION ( 'NONE',  ( 1.000000000000000000, 0.000000000000000000, 0.000000000000000000 ) ) ;
#2749 = ADVANCED_FACE ( 'NONE', ( #4985 ), #5069, .T. ) ;
#2750 = CARTESIAN_POINT ( 'NONE',  ( -32.97687763316800158, 8.000000000000000000, 1.000000000000000888 ) ) ;
#2751 = AXIS2_PLACEMENT_3D ( 'NONE', #1694, #5961, #2253 ) ;
#2752 = EDGE_CURVE ( 'NONE', #7130, #7097, #7444, .T. ) ;
#2753 = ORIENTED_EDGE ( 'NONE', *, *, #4347, .T. ) ;
#2754 = ORIENTED_EDGE ( 'NONE', *, *, #4904, .F. ) ;
#2755 = ORIENTED_EDGE ( 'NONE', *, *, #336, .T. ) ;
#2756 = CARTESIAN_POINT ( 'NONE',  ( -3.000000000000014655, 103.0000000000000142, 6.641601241244644349 ) ) ;
#2757 = CARTESIAN_POINT ( 'NONE',  ( 24.00000000000000000, 0.000000000000000000, 0.000000000000000000 ) ) ;
#2758 = ORIENTED_EDGE ( 'NONE', *, *, #6763, .F. ) ;
#2759 = CARTESIAN_POINT ( 'NONE',  ( 11.79861102908898296, 38.45317878342641649, 14.82543253214917911 ) ) ;
#2760 = EDGE_CURVE ( 'NONE', #7128, #3505, #3724, .T. ) ;
#2761 = CARTESIAN_POINT ( 'NONE',  ( 19.29312719105386620, 61.05586654642006295, 12.32045452240300776 ) ) ;
#2762 = EDGE_CURVE ( 'NONE', #4635, #2490, #1790, .T. ) ;
#2763 = ORIENTED_EDGE ( 'NONE', *, *, #5200, .T. ) ;
#2764 = CARTESIAN_POINT ( 'NONE',  ( 27.00000000000002842, 17.50000000000001066, -15.50000000000363976 ) ) ;
#2765 = DIRECTION ( 'NONE',  ( 0.000000000000000000, 0.000000000000000000, -1.000000000000000000 ) ) ;
#2766 = CARTESIAN_POINT ( 'NONE',  ( 19.26009974913231915, 60.99953014662920481, -17.50000000000000000 ) ) ;
#2767 = CARTESIAN_POINT ( 'NONE',  ( 23.00000000000000000, -9.251858538543060574E-16, 15.49999999999998579 ) ) ;
#2768 = CARTESIAN_POINT ( 'NONE',  ( -19.57939290688343803, 11.39804074916388643, -1.735985211249940985 ) ) ;
#2769 = CARTESIAN_POINT ( 'NONE',  ( 19.79898187162862300, 10.79472502696508940, -4.248884736633077530 ) ) ;
#2770 = CARTESIAN_POINT ( 'NONE',  ( 14.50000000000000000, 110.0000000000000000, 6.500000000000005329 ) ) ;
#2771 = ORIENTED_EDGE ( 'NONE', *, *, #5846, .F. ) ;
#2773 = EDGE_LOOP ( 'NONE', ( #4809, #6832, #4766, #2187 ) ) ;
#2772 = DIRECTION ( 'NONE',  ( 0.7071067811865426878, 0.000000000000000000, -0.7071067811865524577 ) ) ;
#2774 = DIRECTION ( 'NONE',  ( 0.000000000000000000, 0.000000000000000000, -1.000000000000000000 ) ) ;
#2775 = CARTESIAN_POINT ( 'NONE',  ( 15.03118117196708781, 98.70871005877626203, 6.847691885675174284 ) ) ;
#2776 = CARTESIAN_POINT ( 'NONE',  ( 4.999999999999997335, 118.0000000000000142, 22.73723446728292785 ) ) ;
#2777 = FACE_OUTER_BOUND ( 'NONE', #5895, .T. ) ;
#2778 = CARTESIAN_POINT ( 'NONE',  ( -24.94591924813389738, 21.57222568863483048, 16.44722317386585075 ) ) ;
#2779 = CARTESIAN_POINT ( 'NONE',  ( 25.00000000000001066, 17.64627690009261229, 16.74965667821458482 ) ) ;
#2780 = AXIS2_PLACEMENT_3D ( 'NONE', #1983, #6929, #4662 ) ;
#2781 = CARTESIAN_POINT ( 'NONE',  ( -5.233810976284170913, 56.50233925006921254, 12.83101332808202599 ) ) ;
#2782 = B_SPLINE_SURFACE_WITH_KNOTS ( 'NONE', 1, 3, ( 
 ( #7540, #117, #244, #2630, #5206, #1502, #6452, #1543, #894, #934, #5688, #2790, #7259, #486, #4066, #2834, #4227, #2267, #6572, #6533, #7858, #1663, #2307, #5283, #324, #3449, #7739, #2916, #4676, #5330, #1096, #7298 ),
 ( #2183, #7783, #5373, #1014, #6052, #1058, #1583, #975, #5925, #1741, #5974, #4755, #7135, #1704, #6616, #4719, #2953, #5409, #3407, #365, #3539, #2347, #2227, #7176, #1623, #7824, #4186, #4103, #3497, #411, #6653, #6014 ) ),
 .UNSPECIFIED., .F., .F., .F.,
 ( 2, 2 ),
 ( 4, 2, 2, 2, 2, 2, 2, 2, 2, 2, 2, 2, 2, 2, 2, 4 ),
 ( 0.000000000000000000, 1.000000000000000000 ),
 ( 0.000000000000000000, 0.005835128808277658535, 0.01167025761655531707, 0.01750538642483297561, 0.02334051523311063414, 0.02917564404138829268, 0.03501077284966595121, 0.04084590165794360628, 0.04668103046622126828, 0.05835128808277658535, 0.06418641689105424042, 0.07002154569933190242, 0.07585667450760955055, 0.08169180331588721256, 0.08752693212416487456, 0.09336206093244253656 ),
 .UNSPECIFIED. ) ;
#2783 = ORIENTED_EDGE ( 'NONE', *, *, #536, .T. ) ;
#2785 = ORIENTED_EDGE ( 'NONE', *, *, #3747, .T. ) ;
#2784 = CARTESIAN_POINT ( 'NONE',  ( -15.45936016130050561, 80.77560861820543892, -17.50000000000000355 ) ) ;
#2786 = CARTESIAN_POINT ( 'NONE',  ( -21.82364170281508464, 58.35896119972127138, 10.65334245982338857 ) ) ;
#2787 = CARTESIAN_POINT ( 'NONE',  ( 15.74551726100119353, 79.05343487809986414, -17.50000000000000355 ) ) ;
#2788 = CARTESIAN_POINT ( 'NONE',  ( 13.50000000000000178, 115.0000000000000000, -12.50000000000000355 ) ) ;
#2789 = CARTESIAN_POINT ( 'NONE',  ( -14.51817839733992699, 108.0000000000000284, -15.50000000000000533 ) ) ;
#2790 = CARTESIAN_POINT ( 'NONE',  ( -17.72608096094371177, 79.40325339398381743, -15.50000000000001776 ) ) ;
#2791 = EDGE_CURVE ( 'NONE', #6647, #6383, #2826, .T. ) ;
#2792 = CARTESIAN_POINT ( 'NONE',  ( -24.98083495927559383, 19.89252326943039861, -17.50000000000000355 ) ) ;
#2793 = EDGE_LOOP ( 'NONE', ( #1377, #7158 ) ) ;
#2794 = DIRECTION ( 'NONE',  ( 0.000000000000000000, 0.000000000000000000, -1.000000000000000000 ) ) ;
#2795 = CARTESIAN_POINT ( 'NONE',  ( -18.71333231563239963, 63.95517305439737754, 11.99818511782372710 ) ) ;
#2796 = DIRECTION ( 'NONE',  ( 0.000000000000000000, 0.000000000000000000, -1.000000000000000000 ) ) ;
#2797 = ORIENTED_EDGE ( 'NONE', *, *, #7168, .T. ) ;
#2798 = CARTESIAN_POINT ( 'NONE',  ( 21.93083727046061782, 4.937500457128768616, 9.028552798986616779 ) ) ;
#2799 = EDGE_CURVE ( 'NONE', #6220, #144, #372, .T. ) ;
#2800 = CARTESIAN_POINT ( 'NONE',  ( 20.03488492760192585, 57.31523248994203357, 12.73962714715234590 ) ) ;
#2801 = ORIENTED_EDGE ( 'NONE', *, *, #6775, .F. ) ;
#2802 = EDGE_CURVE ( 'NONE', #7097, #1042, #7527, .T. ) ;
#2803 = VECTOR ( 'NONE', #1933, 1000.000000000000000 ) ;
#2804 = CARTESIAN_POINT ( 'NONE',  ( 11.50000000000000000, 79.52049869174365426, 5.499999999999997335 ) ) ;
#2805 = CARTESIAN_POINT ( 'NONE',  ( -14.92784999592421791, 99.92439022434579954, -15.50000000000000533 ) ) ;
#2806 = CARTESIAN_POINT ( 'NONE',  ( 18.13646019173328483, 66.62470676833690675, -17.50000000000000000 ) ) ;
#2807 = CARTESIAN_POINT ( 'NONE',  ( -8.083831900152757655, 42.98183503911886305, 12.32011552093803886 ) ) ;
#2808 = EDGE_CURVE ( 'NONE', #7198, #3237, #678, .T. ) ;
#2809 = CARTESIAN_POINT ( 'NONE',  ( 0.000000000000000000, 113.0000000000000000, 0.000000000000000000 ) ) ;
#2810 = CARTESIAN_POINT ( 'NONE',  ( 20.69651351263554773, 8.328777110052509869, -7.974581162413547197 ) ) ;
#2811 = EDGE_CURVE ( 'NONE', #1364, #4670, #4454, .T. ) ;
#2812 = DIRECTION ( 'NONE',  ( -1.000000000000000000, 0.000000000000000000, -0.000000000000000000 ) ) ;
#2813 = ORIENTED_EDGE ( 'NONE', *, *, #5741, .F. ) ;
#2814 = CIRCLE ( 'NONE', #4374, 15.49999999999998579 ) ;
#2816 = ORIENTED_EDGE ( 'NONE', *, *, #2163, .T. ) ;
#2815 = CARTESIAN_POINT ( 'NONE',  ( 20.60866731605325342, 54.38560042345799417, 13.06928082840348715 ) ) ;
#2817 = LINE ( 'NONE', #2860, #764 ) ;
#2818 = CARTESIAN_POINT ( 'NONE',  ( -25.02407193130846252, 40.55220106674546798, -15.50000000000000711 ) ) ;
#2819 = CARTESIAN_POINT ( 'NONE',  ( 14.51817839733992699, 108.0000000000000284, -15.50000000000000533 ) ) ;
#2820 = CARTESIAN_POINT ( 'NONE',  ( -10.00000000000000533, 46.35637396795941356, 6.499999999999993783 ) ) ;
#2821 = CARTESIAN_POINT ( 'NONE',  ( -13.14719935397828010, 97.45267182683872420, 8.910550960566311574 ) ) ;
#2822 = DIRECTION ( 'NONE',  ( 0.3420201433256754298, -0.9396926207859059854, 0.000000000000000000 ) ) ;
#2823 = AXIS2_PLACEMENT_3D ( 'NONE', #5378, #1062, #2273 ) ;
#2824 = DIRECTION ( 'NONE',  ( 0.000000000000000000, 1.000000000000000000, 0.000000000000000000 ) ) ;
#2825 = EDGE_LOOP ( 'NONE', ( #1717, #6876, #3558, #6249 ) ) ;
#2826 = CIRCLE ( 'NONE', #7362, 1.000000000000000888 ) ;
#2827 = CIRCLE ( 'NONE', #1277, 1.000000000000000888 ) ;
#2829 = ORIENTED_EDGE ( 'NONE', *, *, #6389, .F. ) ;
#2828 = CARTESIAN_POINT ( 'NONE',  ( -14.11930743634871455, 89.22014347350804542, -17.50000000000000355 ) ) ;
#2830 = CARTESIAN_POINT ( 'NONE',  ( -22.86183632776779717, 53.01079217028765811, 11.25307895783479850 ) ) ;
#2831 = FACE_OUTER_BOUND ( 'NONE', #4035, .T. ) ;
#2832 = CARTESIAN_POINT ( 'NONE',  ( 23.00000000000000000, 0.000000000000000000, -15.49999999999998579 ) ) ;
#2833 = FACE_OUTER_BOUND ( 'NONE', #2220, .T. ) ;
#2834 = CARTESIAN_POINT ( 'NONE',  ( -19.90952882040127037, 67.95444739904019116, -15.50000000000001954 ) ) ;
#2835 = CIRCLE ( 'NONE', #4272, 10.25000000000000000 ) ;
#2836 = VECTOR ( 'NONE', #7006, 1000.000000000000000 ) ;
#2837 = ORIENTED_EDGE ( 'NONE', *, *, #3108, .F. ) ;
#2838 = ORIENTED_EDGE ( 'NONE', *, *, #392, .T. ) ;
#2839 = FACE_OUTER_BOUND ( 'NONE', #1267, .T. ) ;
#2840 = AXIS2_PLACEMENT_3D ( 'NONE', #133, #7104, #6992 ) ;
#2841 = CARTESIAN_POINT ( 'NONE',  ( -16.85558570719025795, 73.36804496742301751, 10.98313264050960569 ) ) ;
#2842 = CARTESIAN_POINT ( 'NONE',  ( 23.00000000000000000, 2.000000000000133671, 11.10857978073458696 ) ) ;
#2843 = VERTEX_POINT ( 'NONE', #6837 ) ;
#2844 = CARTESIAN_POINT ( 'NONE',  ( 22.35054602777750787, 9.349770072392541209, 17.25805203595623283 ) ) ;
#2845 = CARTESIAN_POINT ( 'NONE',  ( 15.71472945616250705, 79.51221182219828165, 10.36227551301687022 ) ) ;
#2846 = EDGE_LOOP ( 'NONE', ( #1009, #7690 ) ) ;
#2847 = DIRECTION ( 'NONE',  ( 0.000000000000000000, 0.000000000000000000, -1.000000000000000000 ) ) ;
#2848 = CARTESIAN_POINT ( 'NONE',  ( -25.93720103194968729, -0.5962237960935473646, 17.50000000000000355 ) ) ;
#2849 = CARTESIAN_POINT ( 'NONE',  ( 20.37718531151911705, 55.34078841133906934, -17.50000000000000000 ) ) ;
#2850 = CARTESIAN_POINT ( 'NONE',  ( -9.482768540352806141, 39.13828820892159399, 12.73641142134878024 ) ) ;
#2851 = LINE ( 'NONE', #5947, #3464 ) ;
#2852 = CARTESIAN_POINT ( 'NONE',  ( 20.00065175410509255, 6.666451651535045819, -7.829521107656534085 ) ) ;
#2853 = DIRECTION ( 'NONE',  ( -0.000000000000000000, -0.000000000000000000, -1.000000000000000000 ) ) ;
#2854 = EDGE_CURVE ( 'NONE', #6709, #1562, #2390, .T. ) ;
#2855 = ORIENTED_EDGE ( 'NONE', *, *, #4449, .F. ) ;
#2856 = EDGE_CURVE ( 'NONE', #5473, #5751, #3187, .T. ) ;
#2857 = EDGE_CURVE ( 'NONE', #4431, #5052, #7908, .T. ) ;
#2859 = ORIENTED_EDGE ( 'NONE', *, *, #8006, .T. ) ;
#2858 = CARTESIAN_POINT ( 'NONE',  ( 22.67238902522298005, 42.88757709152472586, 14.34983663408329235 ) ) ;
#2860 = CARTESIAN_POINT ( 'NONE',  ( -32.97687763316800158, 115.0000000000000000, -13.50000000000000533 ) ) ;
#2861 = CARTESIAN_POINT ( 'NONE',  ( 19.53210099461097116, 69.87294766643260857, 9.382769200950212607 ) ) ;
#2862 = DIRECTION ( 'NONE',  ( 0.000000000000000000, 0.000000000000000000, -1.000000000000000000 ) ) ;
#2863 = CARTESIAN_POINT ( 'NONE',  ( 24.00000000000000000, 1.255262969126037241E-15, -10.25000000000000000 ) ) ;
#2864 = CARTESIAN_POINT ( 'NONE',  ( -17.73607659028633776, 79.34739225796855067, 8.400908946131247390 ) ) ;
#2865 = CARTESIAN_POINT ( 'NONE',  ( 14.50000000000000000, 110.0000000000000000, -15.50000000000363976 ) ) ;
#2866 = CARTESIAN_POINT ( 'NONE',  ( -2.986410280636167425, 58.92276795620319518, 11.22589802243524559 ) ) ;
#2867 = VERTEX_POINT ( 'NONE', #4373 ) ;
#2868 = EDGE_CURVE ( 'NONE', #1750, #4829, #8002, .T. ) ;
#2870 = VERTEX_POINT ( 'NONE', #1366 ) ;
#2869 = CARTESIAN_POINT ( 'NONE',  ( 24.79829100694839994, 41.99640277046923131, -15.50000000000000355 ) ) ;
#2871 = CARTESIAN_POINT ( 'NONE',  ( -15.72447746087231657, 92.32794291549402033, 7.265308785262678093 ) ) ;
#2872 = CARTESIAN_POINT ( 'NONE',  ( -7.184957976769029031, 110.0000000000000000, 8.499999999999992895 ) ) ;
#2873 = CARTESIAN_POINT ( 'NONE',  ( -14.50000000000000000, 110.0000000000000000, 0.000000000000000000 ) ) ;
#2874 = DIRECTION ( 'NONE',  ( 1.000000000000000000, -0.000000000000000000, -0.000000000000000000 ) ) ;
#2875 = B_SPLINE_CURVE_WITH_KNOTS ( 'NONE', 3,
 ( #4975, #747, #6269, #3220 ),
 .UNSPECIFIED., .F., .F.,
 ( 4, 4 ),
 ( 0.8889995580392293650, 0.9778181742163113421 ),
 .UNSPECIFIED. ) ;
#2876 = CARTESIAN_POINT ( 'NONE',  ( 26.35637396795936382, 29.99999999999998934, 6.499999999999993783 ) ) ;
#2877 = CARTESIAN_POINT ( 'NONE',  ( -24.85003813149347707, 23.29814088423443863, -17.50000000000000355 ) ) ;
#2878 = VECTOR ( 'NONE', #6564, 1000.000000000000000 ) ;
#2879 = CARTESIAN_POINT ( 'NONE',  ( -20.35407784698513112, 9.269611369042955573, -4.380095586301829158 ) ) ;
#2880 = CARTESIAN_POINT ( 'NONE',  ( -15.43292074590482699, 81.11773064735591277, 10.20798389722040334 ) ) ;
#2881 = DIRECTION ( 'NONE',  ( 0.000000000000000000, 1.000000000000000000, -0.000000000000000000 ) ) ;
#2882 = VERTEX_POINT ( 'NONE', #2009 ) ;
#2883 = CARTESIAN_POINT ( 'NONE',  ( 23.00000000000000000, 2.000000000000133671, 11.12715609645437098 ) ) ;
#2884 = CARTESIAN_POINT ( 'NONE',  ( 14.19857527616417414, 88.83655604427460162, 9.522000411874639525 ) ) ;
#2885 = VECTOR ( 'NONE', #3934, 1000.000000000000000 ) ;
#2886 = ORIENTED_EDGE ( 'NONE', *, *, #4357, .F. ) ;
#2887 = VECTOR ( 'NONE', #2139, 1000.000000000000000 ) ;
#2888 = DIRECTION ( 'NONE',  ( 0.000000000000000000, 0.000000000000000000, -1.000000000000000000 ) ) ;
#2889 = CARTESIAN_POINT ( 'NONE',  ( -15.41086773467615245, 28.50752182002782220, 15.83231610319012184 ) ) ;
#2890 = CARTESIAN_POINT ( 'NONE',  ( 21.99859415255474104, 46.61963809292555538, -17.49999999999999645 ) ) ;
#2891 = CARTESIAN_POINT ( 'NONE',  ( -11.50000000000000000, 118.0000000000000142, 5.499999999999997335 ) ) ;
#2892 = CARTESIAN_POINT ( 'NONE',  ( -27.00000000000000000, 0.000000000000000000, 0.000000000000000000 ) ) ;
#2893 = CARTESIAN_POINT ( 'NONE',  ( 24.00000000000000000, 0.000000000000000000, 10.25000000000000000 ) ) ;
#2894 = DIRECTION ( 'NONE',  ( -0.000000000000000000, -0.000000000000000000, -1.000000000000000000 ) ) ;
#2895 = ORIENTED_EDGE ( 'NONE', *, *, #377, .F. ) ;
#2896 = EDGE_CURVE ( 'NONE', #3022, #4555, #936, .T. ) ;
#2898 = ORIENTED_EDGE ( 'NONE', *, *, #2263, .T. ) ;
#2897 = DIRECTION ( 'NONE',  ( 0.000000000000000000, 0.000000000000000000, -1.000000000000000000 ) ) ;
#2899 = CARTESIAN_POINT ( 'NONE',  ( -15.20473187427230854, 96.86987875480481591, 6.954774574539063892 ) ) ;
#2900 = CARTESIAN_POINT ( 'NONE',  ( 18.43487500290143899, 75.56652729127127088, 8.783599409508166644 ) ) ;
#2901 = DIRECTION ( 'NONE',  ( 1.000000000000000000, -0.000000000000000000, 0.000000000000000000 ) ) ;
#2902 = DIRECTION ( 'NONE',  ( -0.000000000000000000, -0.000000000000000000, -1.000000000000000000 ) ) ;
#2903 = CARTESIAN_POINT ( 'NONE',  ( -20.23673574845127021, 56.29508599306480932, 12.85409971644925164 ) ) ;
#2904 = ADVANCED_FACE ( 'NONE', ( #5023 ), #7488, .T. ) ;
#2905 = ORIENTED_EDGE ( 'NONE', *, *, #6872, .F. ) ;
#2906 = EDGE_CURVE ( 'NONE', #2277, #6254, #6126, .T. ) ;
#2909 = ORIENTED_EDGE ( 'NONE', *, *, #6288, .T. ) ;
#2908 = CARTESIAN_POINT ( 'NONE',  ( -19.00000000000000000, 0.000000000000000000, 0.000000000000000000 ) ) ;
#2907 = CARTESIAN_POINT ( 'NONE',  ( 11.50000000000000000, 79.52049869174365426, 0.000000000000000000 ) ) ;
#2910 = CARTESIAN_POINT ( 'NONE',  ( -17.81197940904606014, 78.95246293265603299, 8.442213089130541803 ) ) ;
#2911 = FACE_OUTER_BOUND ( 'NONE', #3914, .T. ) ;
#2912 = CARTESIAN_POINT ( 'NONE',  ( 19.00000000000000000, 0.000000000000000000, 0.000000000000000000 ) ) ;
#2913 = CARTESIAN_POINT ( 'NONE',  ( -5.000000000000002665, 104.9999999999999716, 6.483912629826008356 ) ) ;
#2914 = EDGE_CURVE ( 'NONE', #6197, #4028, #2575, .T. ) ;
#2915 = EDGE_CURVE ( 'NONE', #7401, #2980, #7325, .T. ) ;
#2916 = CARTESIAN_POINT ( 'NONE',  ( -26.59815425677106404, 27.41026345479988890, -15.50000000000001599 ) ) ;
#2917 = CARTESIAN_POINT ( 'NONE',  ( -23.83811267881530682, 34.54937586302604302, -17.50000000000000355 ) ) ;
#2918 = CARTESIAN_POINT ( 'NONE',  ( -20.27110937907864141, 9.497565361144651774, -4.109755799852397473 ) ) ;
#2919 = CARTESIAN_POINT ( 'NONE',  ( -16.01457599310234770, 77.85147391870196998, 10.52584679358539432 ) ) ;
#2920 = CARTESIAN_POINT ( 'NONE',  ( 23.00000000000000000, 1.998497052821816000, 11.08994023175008259 ) ) ;
#2921 = CARTESIAN_POINT ( 'NONE',  ( 20.82573113962191513, 4.601065735545554425, 9.196367353184754734 ) ) ;
#2922 = CARTESIAN_POINT ( 'NONE',  ( 13.69684798637364942, 92.56764343319669308, 9.234713133446820876 ) ) ;
#2923 = CIRCLE ( 'NONE', #6328, 10.25000000000000000 ) ;
#2924 = ORIENTED_EDGE ( 'NONE', *, *, #4998, .T. ) ;
#2925 = DIRECTION ( 'NONE',  ( 0.000000000000000000, 0.000000000000000000, -1.000000000000000000 ) ) ;
#2926 = CARTESIAN_POINT ( 'NONE',  ( -23.63389880791449826, 5.794807548942880082, 17.40178783855334999 ) ) ;
#2927 = CARTESIAN_POINT ( 'NONE',  ( 21.73459470166910279, 48.11096747934630713, -17.50000000000000711 ) ) ;
#2928 = CARTESIAN_POINT ( 'NONE',  ( -17.85784641437403764, 16.12795086387480836, 14.87108151881674978 ) ) ;
#2929 = DIRECTION ( 'NONE',  ( 0.000000000000000000, 0.000000000000000000, 1.000000000000000000 ) ) ;
#2930 = FACE_OUTER_BOUND ( 'NONE', #2825, .T. ) ;
#2931 = AXIS2_PLACEMENT_3D ( 'NONE', #3496, #364, #4146 ) ;
#2932 = FACE_OUTER_BOUND ( 'NONE', #3053, .T. ) ;
#2933 = ORIENTED_EDGE ( 'NONE', *, *, #5152, .T. ) ;
#2935 = ORIENTED_EDGE ( 'NONE', *, *, #7278, .T. ) ;
#2934 = CARTESIAN_POINT ( 'NONE',  ( -22.00000000000000000, 0.000000000000000000, 0.000000000000000000 ) ) ;
#2936 = FACE_OUTER_BOUND ( 'NONE', #5659, .T. ) ;
#2937 = CARTESIAN_POINT ( 'NONE',  ( 17.56167700195531367, 80.35565214661625077, 8.304404527291026739 ) ) ;
#2938 = CARTESIAN_POINT ( 'NONE',  ( 24.00000000000000000, 0.000000000000000000, 0.000000000000000000 ) ) ;
#2939 = CARTESIAN_POINT ( 'NONE',  ( -27.00000000000000000, 0.000000000000000000, -15.50000000000001776 ) ) ;
#2940 = CARTESIAN_POINT ( 'NONE',  ( -3.451236108146239268, 59.52224881358797859, 11.82537887981939129 ) ) ;
#2941 = AXIS2_PLACEMENT_3D ( 'NONE', #1998, #4483, #178 ) ;
#2942 = EDGE_CURVE ( 'NONE', #5190, #328, #4149, .T. ) ;
#2943 = AXIS2_PLACEMENT_3D ( 'NONE', #7852, #1089, #3570 ) ;
#2944 = AXIS2_PLACEMENT_3D ( 'NONE', #5014, #1399, #2992 ) ;
#2947 = ORIENTED_EDGE ( 'NONE', *, *, #6593, .T. ) ;
#2946 = PLANE ( 'NONE',  #3992 ) ;
#2945 = CARTESIAN_POINT ( 'NONE',  ( -21.47481459009273763, 6.190412474201720805, -9.652903123190190726 ) ) ;
#2948 = CARTESIAN_POINT ( 'NONE',  ( 23.00000000000000000, 1.999999999999966249, -11.12715609645441006 ) ) ;
#2949 = CARTESIAN_POINT ( 'NONE',  ( -16.47453861209588410, 86.96831833704418102, 7.697249079206963884 ) ) ;
#2950 = CARTESIAN_POINT ( 'NONE',  ( 0.000000000000000000, 100.9119286464098906, 8.729672594973605371 ) ) ;
#2951 = DIRECTION ( 'NONE',  ( 0.000000000000000000, 7.527547495457052866E-15, 1.000000000000000000 ) ) ;
#2952 = CYLINDRICAL_SURFACE ( 'NONE', #2931, 2.250000000000001776 ) ;
#2953 = CARTESIAN_POINT ( 'NONE',  ( -18.32978089633152408, 65.65323584275674307, -17.49999999999999645 ) ) ;
#2954 = EDGE_CURVE ( 'NONE', #4097, #6977, #4054, .T. ) ;
#2955 = APPROVAL ( #3264, 'UNSPECIFIED' ) ;
#2956 = EDGE_CURVE ( 'NONE', #5544, #6446, #2230, .T. ) ;
#2957 = CARTESIAN_POINT ( 'NONE',  ( -20.98789250731345746, 52.15679822870946936, -17.50000000000000000 ) ) ;
#2958 = DIRECTION ( 'NONE',  ( 0.9925461516412973362, -0.1218693434053485930, 0.000000000000000000 ) ) ;
#2959 = CARTESIAN_POINT ( 'NONE',  ( -18.13659790410589423, 66.84103927619605656, 11.68098149056863022 ) ) ;
#2960 = DIRECTION ( 'NONE',  ( 1.000000000000000000, -0.000000000000000000, -0.000000000000000000 ) ) ;
#2961 = ORIENTED_EDGE ( 'NONE', *, *, #1765, .T. ) ;
#2962 = CARTESIAN_POINT ( 'NONE',  ( 20.00065175410567520, 6.666451651535531653, 7.829521107656162826 ) ) ;
#2963 = VECTOR ( 'NONE', #4872, 1000.000000000000000 ) ;
#2964 = CARTESIAN_POINT ( 'NONE',  ( 13.09683450947953887, 98.01036949213117566, 8.879844475794932634 ) ) ;
#2965 = ORIENTED_EDGE ( 'NONE', *, *, #345, .T. ) ;
#2966 = AXIS2_PLACEMENT_3D ( 'NONE', #4211, #2901, #7884 ) ;
#2967 = B_SPLINE_CURVE_WITH_KNOTS ( 'NONE', 3,
 ( #1245, #5026, #6324, #3773 ),
 .UNSPECIFIED., .F., .F.,
 ( 4, 4 ),
 ( 0.000000000000000000, 1.000000000000000000 ),
 .UNSPECIFIED. ) ;
#2968 = DIRECTION ( 'NONE',  ( 1.000000000000000000, -0.000000000000000000, 0.000000000000000000 ) ) ;
#2969 = CARTESIAN_POINT ( 'NONE',  ( -25.90687294827640486, -0.5128980710258994602, 17.50000000000000355 ) ) ;
#2970 = CARTESIAN_POINT ( 'NONE',  ( 20.40969795932432973, 55.17338770575216955, -17.50000000000000355 ) ) ;
#2971 = CARTESIAN_POINT ( 'NONE',  ( -10.15535475584153602, 37.29037276922992561, 12.93277718685411237 ) ) ;
#2972 = ORIENTED_EDGE ( 'NONE', *, *, #7903, .T. ) ;
#2973 = CARTESIAN_POINT ( 'NONE',  ( -26.99999999999999645, 8.094828323644319923, 15.31276919399087255 ) ) ;
#2974 = CARTESIAN_POINT ( 'NONE',  ( 21.20491527362033324, 6.931954751740237342, -7.603053670888971993 ) ) ;
#2975 = FACE_OUTER_BOUND ( 'NONE', #7750, .T. ) ;
#2976 = B_SPLINE_CURVE_WITH_KNOTS ( 'NONE', 3,
 ( #7236, #3592, #4816, #5387, #7837, #4889, #7276, #506, #6631, #1071, #4240, #1718, #2361, #2973, #4853, #7312, #6705, #546, #1187, #3049, #3670, #581, #6743 ),
 .UNSPECIFIED., .F., .F.,
 ( 4, 1, 1, 1, 1, 1, 2, 2, 1, 1, 1, 1, 1, 1, 2, 2, 4 ),
 ( 0.000000000000000000, 0.1249999999999929501, 0.1874999999999893974, 0.2187499999999876765, 0.2343749999999868439, 0.2421874999999863443, 0.2460937499999861777, 0.2499999999999860112, 0.3749999999999834022, 0.4374999999999820699, 0.4687499999999814593, 0.4843749999999811262, 0.4921874999999809597, 0.4960937499999807376, 0.4980468749999806266, 0.4999999999999804601, 1.000000000000000000 ),
 .UNSPECIFIED. ) ;
#2977 = AXIS2_PLACEMENT_3D ( 'NONE', #4865, #7323, #1764 ) ;
#2978 = ORIENTED_EDGE ( 'NONE', *, *, #539, .F. ) ;
#2980 = VERTEX_POINT ( 'NONE', #4484 ) ;
#2979 = CARTESIAN_POINT ( 'NONE',  ( 24.74859502096119002, 25.47767527309963498, 16.11049093190896642 ) ) ;
#2981 = LINE ( 'NONE', #1080, #1676 ) ;
#2982 = CARTESIAN_POINT ( 'NONE',  ( 19.53988805257666073, 69.83336853623960394, 9.387025641913673724 ) ) ;
#2983 = DIRECTION ( 'NONE',  ( -1.000000000000000000, 0.000000000000000000, -0.000000000000000000 ) ) ;
#2984 = CARTESIAN_POINT ( 'NONE',  ( 19.00000000000000000, 4.336808689942017736E-16, -8.000000000000000000 ) ) ;
#2985 = CARTESIAN_POINT ( 'NONE',  ( 26.99999999999998934, 9.349362867276912681, 15.25590143507110952 ) ) ;
#2986 = ORIENTED_EDGE ( 'NONE', *, *, #3568, .T. ) ;
#2989 = ORIENTED_EDGE ( 'NONE', *, *, #2915, .F. ) ;
#2988 = LINE ( 'NONE', #1657, #2683 ) ;
#2987 = LINE ( 'NONE', #6718, #4148 ) ;
#2990 = CARTESIAN_POINT ( 'NONE',  ( 3.781282037129887197, 54.80299363385153555, 11.00083578483729596 ) ) ;
#2991 = CARTESIAN_POINT ( 'NONE',  ( -15.77575948918071624, 91.92547440691720340, 7.295377758378075228 ) ) ;
#2992 = DIRECTION ( 'NONE',  ( 0.000000000000000000, 0.000000000000000000, -1.000000000000000000 ) ) ;
#2993 = DIRECTION ( 'NONE',  ( 0.000000000000000000, 0.000000000000000000, -1.000000000000000000 ) ) ;
#2994 = LINE ( 'NONE', #4339, #5159 ) ;
#2995 = CARTESIAN_POINT ( 'NONE',  ( -22.37175364003848799, 9.291066867660635609, 17.26082868401646309 ) ) ;
#2996 = CARTESIAN_POINT ( 'NONE',  ( -21.29796939429062874, 50.50299045744518622, -17.50000000000000000 ) ) ;
#2997 = CARTESIAN_POINT ( 'NONE',  ( -5.783229701194755101, 103.6830471888587084, 8.612294528361314150 ) ) ;
#2998 = ADVANCED_FACE ( 'NONE', ( #4530 ), #4593, .F. ) ;
#2999 = CARTESIAN_POINT ( 'NONE',  ( -21.94679065979315524, 47.13554195510350553, 13.88093948991324567 ) ) ;
#3000 = CARTESIAN_POINT ( 'NONE',  ( -24.00000000000000000, 0.000000000000000000, 0.000000000000000000 ) ) ;
#3001 = B_SPLINE_CURVE_WITH_KNOTS ( 'NONE', 3,
 ( #1237, #4940, #1880, #7400, #6078, #2985, #4867, #2488, #3717, #3098, #5594, #1731, #15, #4367, #5478, #4979, #3137, #1278, #6233, #7928, #671, #2373, #2337, #4828 ),
 .UNSPECIFIED., .F., .F.,
 ( 4, 1, 1, 1, 1, 1, 1, 1, 2, 2, 1, 1, 1, 1, 1, 2, 2, 4 ),
 ( 0.000000000000000000, 0.2499999999999879541, 0.3749999999999820144, 0.4374999999999790723, 0.4687499999999774625, 0.4843749999999768518, 0.4921874999999765188, 0.4960937499999762967, 0.4980468749999764078, 0.4999999999999764633, 0.6249999999999809042, 0.6874999999999831246, 0.7187499999999842348, 0.7343749999999846789, 0.7421874999999849010, 0.7460937499999850120, 0.7499999999999851230, 1.000000000000000000 ),
 .UNSPECIFIED. ) ;
#3002 = ORIENTED_EDGE ( 'NONE', *, *, #1477, .F. ) ;
#3003 = CARTESIAN_POINT ( 'NONE',  ( 16.62787092123922861, 74.56090962418598167, 10.85943389168705764 ) ) ;
#3004 = EDGE_CURVE ( 'NONE', #5333, #4076, #137, .T. ) ;
#3005 = ORIENTED_EDGE ( 'NONE', *, *, #2706, .F. ) ;
#3006 = AXIS2_PLACEMENT_3D ( 'NONE', #1930, #4417, #6878 ) ;
#3007 = EDGE_CURVE ( 'NONE', #429, #659, #3462, .T. ) ;
#3008 = CARTESIAN_POINT ( 'NONE',  ( 24.00000000000000000, 6.123233995736766282E-16, -5.000000000000000000 ) ) ;
#3009 = CARTESIAN_POINT ( 'NONE',  ( -3.034110469913139152, 56.85583064323801494, 10.76587326852674309 ) ) ;
#3010 = AXIS2_PLACEMENT_3D ( 'NONE', #2832, #7133, #4793 ) ;
#3011 = CARTESIAN_POINT ( 'NONE',  ( 23.78152607522587658, 34.99780768842880008, -17.50000000000000000 ) ) ;
#3012 = CARTESIAN_POINT ( 'NONE',  ( -22.20130660605451212, 4.194392064932961794, 15.50479092719334240 ) ) ;
#3013 = ORIENTED_EDGE ( 'NONE', *, *, #4255, .T. ) ;
#3014 = FACE_OUTER_BOUND ( 'NONE', #6871, .T. ) ;
#3015 = CARTESIAN_POINT ( 'NONE',  ( 6.462201307507374537, 53.12729398871823605, 13.21062857094200282 ) ) ;
#3016 = VECTOR ( 'NONE', #4469, 1000.000000000000000 ) ;
#3017 = DIRECTION ( 'NONE',  ( 1.000000000000000000, -0.000000000000000000, 0.000000000000000000 ) ) ;
#3018 = EDGE_CURVE ( 'NONE', #77, #479, #7797, .T. ) ;
#3019 = ORIENTED_EDGE ( 'NONE', *, *, #2550, .T. ) ;
#3020 = AXIS2_PLACEMENT_3D ( 'NONE', #4482, #6944, #6268 ) ;
#3022 = VERTEX_POINT ( 'NONE', #7277 ) ;
#3021 = CYLINDRICAL_SURFACE ( 'NONE', #5570, 10.25000000000000000 ) ;
#3023 = DIRECTION ( 'NONE',  ( -0.000000000000000000, -1.000000000000000000, 0.000000000000000000 ) ) ;
#3024 = CARTESIAN_POINT ( 'NONE',  ( 19.71100297093277831, 68.96379092461469895, 9.480561317471396521 ) ) ;
#3025 = DIRECTION ( 'NONE',  ( -1.000000000000000000, 0.000000000000000000, 0.000000000000000000 ) ) ;
#3026 = CARTESIAN_POINT ( 'NONE',  ( 14.50000000000000000, 110.0000000000000000, 6.500000000000005329 ) ) ;
#3027 = CARTESIAN_POINT ( 'NONE',  ( 3.000000000000009770, 103.0000000000000142, 6.641601241244644349 ) ) ;
#3028 = ORIENTED_EDGE ( 'NONE', *, *, #1426, .T. ) ;
#3031 = ORIENTED_EDGE ( 'NONE', *, *, #3362, .T. ) ;
#3030 = CARTESIAN_POINT ( 'NONE',  ( 25.70198710723805036, 35.76064447082831066, -15.50000000000000178 ) ) ;
#3029 = CARTESIAN_POINT ( 'NONE',  ( 25.00000000000005329, 2.352653961416569128, -17.50000000000000355 ) ) ;
#3032 = CARTESIAN_POINT ( 'NONE',  ( 4.051363508754918463, 54.06095088914870672, 11.08430929704844736 ) ) ;
#3033 = CARTESIAN_POINT ( 'NONE',  ( -19.69240730754121671, 69.05957462736083130, 9.470433132286135702 ) ) ;
#3034 = CIRCLE ( 'NONE', #184, 1.000000000000000888 ) ;
#3035 = DIRECTION ( 'NONE',  ( 0.000000000000000000, 0.000000000000000000, -1.000000000000000000 ) ) ;
#3036 = DIRECTION ( 'NONE',  ( 0.7071067811865417996, 0.7071067811865532349, 0.000000000000000000 ) ) ;
#3037 = CARTESIAN_POINT ( 'NONE',  ( -17.09483268602528128, 23.86561507713650343, 16.24937477136541730 ) ) ;
#3038 = CARTESIAN_POINT ( 'NONE',  ( -22.02668780882743249, 46.45902745104739040, -17.50000000000000711 ) ) ;
#3039 = LINE ( 'NONE', #7454, #498 ) ;
#3040 = CARTESIAN_POINT ( 'NONE',  ( -19.12531249593853389, 61.89609702590193763, 12.22675063848402033 ) ) ;
#3041 = CARTESIAN_POINT ( 'NONE',  ( -3.237592810446577796E-13, 58.32328709881841888, 20.50000000000000711 ) ) ;
#3042 = CARTESIAN_POINT ( 'NONE',  ( 12.64925293563182507, 104.1813735509897469, 8.600063952809367862 ) ) ;
#3043 = ADVANCED_FACE ( 'NONE', ( #2930 ), #2283, .F. ) ;
#3044 = ORIENTED_EDGE ( 'NONE', *, *, #7377, .T. ) ;
#3045 = CARTESIAN_POINT ( 'NONE',  ( -24.29930983029494129, -1.569824419610517996, 15.56289155483061215 ) ) ;
#3046 = DIRECTION ( 'NONE',  ( 1.000000000000000000, -0.000000000000000000, 0.000000000000000000 ) ) ;
#3047 = CARTESIAN_POINT ( 'NONE',  ( -10.13417380493607034, 37.34856695356524625, 12.92663028676884451 ) ) ;
#3048 = ORIENTED_EDGE ( 'NONE', *, *, #5939, .T. ) ;
#3049 = CARTESIAN_POINT ( 'NONE',  ( -26.99999999999999645, 8.746108888270544668, 15.28392040856057044 ) ) ;
#3050 = CARTESIAN_POINT ( 'NONE',  ( 5.115388732598900923, 56.82765611613221068, 12.79443579396854958 ) ) ;
#3051 = CARTESIAN_POINT ( 'NONE',  ( 21.58270227891215143, 49.17183097818355009, 13.65412232737107345 ) ) ;
#3052 = EDGE_CURVE ( 'NONE', #4358, #333, #3167, .T. ) ;
#3053 = EDGE_LOOP ( 'NONE', ( #5817, #2986, #7021, #5238 ) ) ;
#3054 = ADVANCED_FACE ( 'NONE', ( #7918 ), #128, .F. ) ;
#3055 = EDGE_CURVE ( 'NONE', #2002, #6982, #3517, .T. ) ;
#3056 = CARTESIAN_POINT ( 'NONE',  ( -25.00000000000001066, 0.000000000000000000, 17.50000000000000355 ) ) ;
#3057 = DIRECTION ( 'NONE',  ( 0.000000000000000000, 0.000000000000000000, -1.000000000000000000 ) ) ;
#3058 = DIRECTION ( 'NONE',  ( 0.000000000000000000, 0.000000000000000000, -1.000000000000000000 ) ) ;
#3059 = CARTESIAN_POINT ( 'NONE',  ( 23.98368867555505091, 46.87850325942891061, 11.93542001041589451 ) ) ;
#3060 =( NAMED_UNIT ( * ) SI_UNIT ( $, .STERADIAN. ) SOLID_ANGLE_UNIT ( ) );
#3061 = CARTESIAN_POINT ( 'NONE',  ( 20.48041922932024761, 8.922491273934715750, 15.30850298311542979 ) ) ;
#3062 = CARTESIAN_POINT ( 'NONE',  ( 0.000000000000000000, 118.0000000000000142, -14.50000000000000533 ) ) ;
#3063 = ORIENTED_EDGE ( 'NONE', *, *, #3765, .F. ) ;
#3066 = VERTEX_POINT ( 'NONE', #5388 ) ;
#3065 = CARTESIAN_POINT ( 'NONE',  ( -22.00000000000000000, 1.661568750910188408, 10.11442975584875725 ) ) ;
#3064 = CARTESIAN_POINT ( 'NONE',  ( -20.53512196930700284, 5.328535234797312725, -8.794867290017373662 ) ) ;
#3067 = CARTESIAN_POINT ( 'NONE',  ( -14.50000000000000000, 80.00000000000000000, -15.50000000000520828 ) ) ;
#3068 = DIRECTION ( 'NONE',  ( 1.000000000000000000, -0.000000000000000000, 0.000000000000000000 ) ) ;
#3069 = CIRCLE ( 'NONE', #2941, 10.25000000000000000 ) ;
#3070 = PLANE ( 'NONE',  #7155 ) ;
#3071 = DIRECTION ( 'NONE',  ( -0.9396926207859058744, 0.3420201433256757073, -2.574572873287052263E-15 ) ) ;
#3072 = VECTOR ( 'NONE', #1974, 1000.000000000000000 ) ;
#3073 = CARTESIAN_POINT ( 'NONE',  ( -23.50663612449295314, 6.147511773028645266, 17.38987978242503729 ) ) ;
#3074 = CARTESIAN_POINT ( 'NONE',  ( -21.05109505967266870, 51.82182847942637949, -17.50000000000000355 ) ) ;
#3075 = CARTESIAN_POINT ( 'NONE',  ( 19.45358019046183173, 11.74370834661265306, 15.16006121984371369 ) ) ;
#3076 = DIRECTION ( 'NONE',  ( 0.000000000000000000, 0.000000000000000000, -1.000000000000000000 ) ) ;
#3077 = DIRECTION ( 'NONE',  ( 0.000000000000000000, -1.000000000000000000, 0.000000000000000000 ) ) ;
#3078 = AXIS2_PLACEMENT_3D ( 'NONE', #7264, #1630, #7864 ) ;
#3079 = CIRCLE ( 'NONE', #2823, 2.000000000000000000 ) ;
#3080 = ORIENTED_EDGE ( 'NONE', *, *, #330, .F. ) ;
#3081 = AXIS2_PLACEMENT_3D ( 'NONE', #6828, #4366, #6115 ) ;
#3082 = CARTESIAN_POINT ( 'NONE',  ( -23.08649145422825200, 1.762366682532218842, 15.54472832386659675 ) ) ;
#3083 = CARTESIAN_POINT ( 'NONE',  ( 24.84457891491277337, 23.40579604986135109, -17.50000000000000355 ) ) ;
#3084 = LINE ( 'NONE', #3788, #29 ) ;
#3085 = ORIENTED_EDGE ( 'NONE', *, *, #1122, .T. ) ;
#3086 = CARTESIAN_POINT ( 'NONE',  ( 7.517570695192375752, 50.22683061868067966, 13.53614652815752706 ) ) ;
#3087 = CARTESIAN_POINT ( 'NONE',  ( 24.24275838863897903, 31.24960673918646137, 15.56350408691369935 ) ) ;
#3088 = CIRCLE ( 'NONE', #1418, 2.000000000000000000 ) ;
#3089 = ORIENTED_EDGE ( 'NONE', *, *, #976, .F. ) ;
#3090 = FACE_OUTER_BOUND ( 'NONE', #4804, .T. ) ;
#3091 = CARTESIAN_POINT ( 'NONE',  ( -19.94077394639667844, 10.40515450328205560, 1.988230310331578821 ) ) ;
#3092 = CARTESIAN_POINT ( 'NONE',  ( 4.999999999999997335, 103.0000000000000142, -15.50000000000001776 ) ) ;
#3093 = CARTESIAN_POINT ( 'NONE',  ( 21.82046804772262405, 58.37503308395610446, 10.65154085426247654 ) ) ;
#3094 = COORDINATED_UNIVERSAL_TIME_OFFSET ( 8, 0, .BEHIND. ) ;
#3096 = EDGE_CURVE ( 'NONE', #2142, #3982, #6265, .T. ) ;
#3095 = AXIS2_PLACEMENT_3D ( 'NONE', #7360, #2251, #1647 ) ;
#3097 = CARTESIAN_POINT ( 'NONE',  ( 20.82736060106621778, 7.969277689188071889, 15.35337713651205860 ) ) ;
#3098 = CARTESIAN_POINT ( 'NONE',  ( 27.00000000000000000, 8.798779021940333678, 15.28152289865792746 ) ) ;
#3099 = ORIENTED_EDGE ( 'NONE', *, *, #4344, .T. ) ;
#3100 = EDGE_CURVE ( 'NONE', #3279, #5211, #1072, .T. ) ;
#3101 = EDGE_CURVE ( 'NONE', #3309, #7564, #5091, .T. ) ;
#3102 = AXIS2_PLACEMENT_3D ( 'NONE', #2458, #8009, #636 ) ;
#3105 = ORIENTED_EDGE ( 'NONE', *, *, #881, .T. ) ;
#3104 = CARTESIAN_POINT ( 'NONE',  ( -22.79718183052836622, 1.860273127430398521, 10.46835068598808860 ) ) ;
#3103 = CARTESIAN_POINT ( 'NONE',  ( 18.31059369852768981, 20.51300984319048126, 16.53666445260098783 ) ) ;
#3106 = DIRECTION ( 'NONE',  ( 0.000000000000000000, -7.527547495457052866E-15, -1.000000000000000000 ) ) ;
#3107 = DIRECTION ( 'NONE',  ( 0.000000000000000000, 0.000000000000000000, -1.000000000000000000 ) ) ;
#3108 = EDGE_CURVE ( 'NONE', #6584, #2980, #3671, .T. ) ;
#3109 = DIRECTION ( 'NONE',  ( 0.000000000000000000, 0.000000000000000000, -1.000000000000000000 ) ) ;
#3110 = CARTESIAN_POINT ( 'NONE',  ( -25.00000000000001066, 0.000000000000000000, -17.50000000000000355 ) ) ;
#3111 = CARTESIAN_POINT ( 'NONE',  ( -7.184957976769056565, 110.0000000000000000, 8.499999999999994671 ) ) ;
#3112 = FACE_OUTER_BOUND ( 'NONE', #3510, .T. ) ;
#3113 = EDGE_CURVE ( 'NONE', #5640, #5692, #3745, .T. ) ;
#3115 = ORIENTED_EDGE ( 'NONE', *, *, #6637, .T. ) ;
#3114 = CARTESIAN_POINT ( 'NONE',  ( -19.29077990746534255, 60.84581496569303738, -17.50000000000000711 ) ) ;
#3116 = FACE_OUTER_BOUND ( 'NONE', #5278, .T. ) ;
#3117 = CARTESIAN_POINT ( 'NONE',  ( -32.97687763316800158, 8.000000000000000000, 0.000000000000000000 ) ) ;
#3118 = CARTESIAN_POINT ( 'NONE',  ( -25.83011921981343662, 35.43154800707411312, 6.499999999999993783 ) ) ;
#3119 = CARTESIAN_POINT ( 'NONE',  ( -13.34314575050761675, -8.000000000000000000, -8.673617379884035472E-16 ) ) ;
#3120 = ORIENTED_EDGE ( 'NONE', *, *, #7025, .T. ) ;
#3121 = CARTESIAN_POINT ( 'NONE',  ( 12.62718982358763853, 104.5778803154950509, -17.50000000000000711 ) ) ;
#3122 = DIRECTION ( 'NONE',  ( 0.000000000000000000, -1.000000000000000000, 0.000000000000000000 ) ) ;
#3123 = PLANE ( 'NONE',  #7177 ) ;
#3124 = CARTESIAN_POINT ( 'NONE',  ( 22.00000000000000000, 1.661568750910032755, -10.11442975584878390 ) ) ;
#3125 = ORIENTED_EDGE ( 'NONE', *, *, #7699, .T. ) ;
#3126 = CARTESIAN_POINT ( 'NONE',  ( 8.099024742630273721, 48.62852414546738800, 13.71482366511877515 ) ) ;
#3127 = CARTESIAN_POINT ( 'NONE',  ( 23.84001908728247798, 34.73782802506743650, 15.21259179741333689 ) ) ;
#3128 = EDGE_CURVE ( 'NONE', #7083, #7401, #2399, .T. ) ;
#3129 = ORIENTED_EDGE ( 'NONE', *, *, #7013, .F. ) ;
#3130 = LINE ( 'NONE', #6225, #7363 ) ;
#3131 = CARTESIAN_POINT ( 'NONE',  ( -19.91017168739777432, 10.48923351886784161, -1.593996788199662396 ) ) ;
#3132 = DIRECTION ( 'NONE',  ( 0.000000000000000000, 1.000000000000000000, 0.000000000000000000 ) ) ;
#3133 = CARTESIAN_POINT ( 'NONE',  ( -14.60262102645272719, 105.1663307633695297, -15.50000000000000711 ) ) ;
#3134 = CARTESIAN_POINT ( 'NONE',  ( 25.74340652477750169, 35.42363900131421417, 13.15771772423238239 ) ) ;
#3135 = DIRECTION ( 'NONE',  ( 0.000000000000000000, 0.000000000000000000, -1.000000000000000000 ) ) ;
#3136 = CARTESIAN_POINT ( 'NONE',  ( 10.17951888656219062, 37.22398236571418551, 12.93978675610800977 ) ) ;
#3137 = CARTESIAN_POINT ( 'NONE',  ( 27.00000000000000355, 4.687017441933705619, 15.43291676180420779 ) ) ;
#3138 = VECTOR ( 'NONE', #5025, 1000.000000000000000 ) ;
#3139 = ORIENTED_EDGE ( 'NONE', *, *, #5362, .T. ) ;
#3140 = B_SPLINE_CURVE_WITH_KNOTS ( 'NONE', 3,
 ( #635, #5106, #2571, #795 ),
 .UNSPECIFIED., .F., .F.,
 ( 4, 4 ),
 ( 0.000000000000000000, 1.000000000000000000 ),
 .UNSPECIFIED. ) ;
#3141 = EDGE_CURVE ( 'NONE', #1545, #6214, #6221, .T. ) ;
#3144 = ORIENTED_EDGE ( 'NONE', *, *, #172, .T. ) ;
#3143 = DIRECTION ( 'NONE',  ( -0.000000000000000000, -0.000000000000000000, -1.000000000000000000 ) ) ;
#3142 = CARTESIAN_POINT ( 'NONE',  ( 25.90687294827642262, -0.5128980710259314346, 17.50000000000000355 ) ) ;
#3145 = CARTESIAN_POINT ( 'NONE',  ( 18.99999999994676969, 10.06446601720812417, 1.981128866011375056 ) ) ;
#3146 = DIRECTION ( 'NONE',  ( 0.000000000000000000, 0.000000000000000000, -1.000000000000000000 ) ) ;
#3147 = DIRECTION ( 'NONE',  ( -1.000000000000000000, -0.000000000000000000, -0.000000000000000000 ) ) ;
#3148 = CARTESIAN_POINT ( 'NONE',  ( -24.00000000000000000, 0.000000000000000000, 0.000000000000000000 ) ) ;
#3149 = CARTESIAN_POINT ( 'NONE',  ( -27.00000000000000355, 17.50000000000000000, 14.75501308386013477 ) ) ;
#3150 = DIRECTION ( 'NONE',  ( -1.000000000000000000, 0.000000000000000000, 0.000000000000000000 ) ) ;
#3151 = VERTEX_POINT ( 'NONE', #547 ) ;
#3152 = EDGE_CURVE ( 'NONE', #2209, #7452, #5880, .T. ) ;
#3154 = ORIENTED_EDGE ( 'NONE', *, *, #5887, .T. ) ;
#3153 = CARTESIAN_POINT ( 'NONE',  ( -18.71387094614487268, 63.73261366263473349, -17.50000000000000711 ) ) ;
#3155 = EDGE_CURVE ( 'NONE', #2697, #7734, #1899, .T. ) ;
#3156 = DIRECTION ( 'NONE',  ( -1.000000000000000000, 0.000000000000000000, -0.000000000000000000 ) ) ;
#3157 = ADVANCED_FACE ( 'NONE', ( #417, #7185 ), #983, .F. ) ;
#3158 = B_SPLINE_CURVE_WITH_KNOTS ( 'NONE', 1,
 ( #7233, #4118 ),
 .UNSPECIFIED., .F., .F.,
 ( 2, 2 ),
 ( 0.000000000000000000, 1.000000000000000000 ),
 .UNSPECIFIED. ) ;
#3159 = CARTESIAN_POINT ( 'NONE',  ( 3.000000000000010658, 103.0000000000000142, -15.50000000000001776 ) ) ;
#3160 = DIRECTION ( 'NONE',  ( 1.000000000000000000, -0.000000000000000000, 0.000000000000000000 ) ) ;
#3161 = DIRECTION ( 'NONE',  ( -1.000000000000000000, -5.551115123125783491E-15, 0.000000000000000000 ) ) ;
#3162 = ORIENTED_EDGE ( 'NONE', *, *, #4011, .T. ) ;
#3163 = CARTESIAN_POINT ( 'NONE',  ( 12.69447178822217914, 103.1975392253667110, -17.50000000000000000 ) ) ;
#3164 = ORIENTED_EDGE ( 'NONE', *, *, #6872, .T. ) ;
#3165 = CARTESIAN_POINT ( 'NONE',  ( -22.96526856789900606, 2.095423825442965793, 15.53940102385399946 ) ) ;
#3166 = DIRECTION ( 'NONE',  ( 1.000000000000000000, 0.000000000000000000, -0.000000000000000000 ) ) ;
#3167 = B_SPLINE_CURVE_WITH_KNOTS ( 'NONE', 3,
 ( #4241, #7237, #5347, #4202 ),
 .UNSPECIFIED., .F., .F.,
 ( 4, 4 ),
 ( 0.000000000000000000, 1.000000000000000000 ),
 .UNSPECIFIED. ) ;
#3168 = DIRECTION ( 'NONE',  ( -0.7071067811865463515, -0.7071067811865487940, 0.000000000000000000 ) ) ;
#3169 = EDGE_LOOP ( 'NONE', ( #7422, #6401 ) ) ;
#3170 = CIRCLE ( 'NONE', #712, 2.000000000000000000 ) ;
#3171 = CARTESIAN_POINT ( 'NONE',  ( 4.999999999999997335, 108.4092799671749248, 6.409849746107836310 ) ) ;
#3172 = CARTESIAN_POINT ( 'NONE',  ( 24.42837157406868798, 29.33636290460141183, 15.74867195184656232 ) ) ;
#3173 = ORIENTED_EDGE ( 'NONE', *, *, #2896, .T. ) ;
#3174 = CARTESIAN_POINT ( 'NONE',  ( -13.50000000000000178, 115.0000000000000000, -12.50000000000000355 ) ) ;
#3175 = CARTESIAN_POINT ( 'NONE',  ( -18.99999999993686828, 10.06454366479521312, 1.980894389591790761 ) ) ;
#3176 = FACE_OUTER_BOUND ( 'NONE', #5403, .T. ) ;
#3177 = FACE_OUTER_BOUND ( 'NONE', #4138, .T. ) ;
#3178 = CARTESIAN_POINT ( 'NONE',  ( 24.91548665580435440, 41.24776009550042488, 12.54799972114476603 ) ) ;
#3179 = DIRECTION ( 'NONE',  ( 0.000000000000000000, 1.224646799147351482E-16, 1.000000000000000000 ) ) ;
#3180 = CARTESIAN_POINT ( 'NONE',  ( 10.18362749571034875, 37.21269405485426773, 12.94097823893477717 ) ) ;
#3181 = DIRECTION ( 'NONE',  ( 1.000000000000000000, 0.000000000000000000, 0.000000000000000000 ) ) ;
#3182 = ORIENTED_EDGE ( 'NONE', *, *, #4595, .F. ) ;
#3185 = ORIENTED_EDGE ( 'NONE', *, *, #1319, .T. ) ;
#3184 = CARTESIAN_POINT ( 'NONE',  ( -10.00000000000000533, 46.35637396795941356, 6.499999999999993783 ) ) ;
#3183 = CARTESIAN_POINT ( 'NONE',  ( 13.47866616472448875, 33.82923141404398137, 15.30950543722239132 ) ) ;
#3186 = CARTESIAN_POINT ( 'NONE',  ( 19.00000000000113687, 9.769705154758916876, 3.125543373498550270 ) ) ;
#3187 = LINE ( 'NONE', #2617, #6974 ) ;
#3188 = CARTESIAN_POINT ( 'NONE',  ( -20.20011115427250559, 56.47257179615256462, 12.83435844477422272 ) ) ;
#3189 = DIRECTION ( 'NONE',  ( 1.000000000000000000, -0.000000000000000000, 0.000000000000000000 ) ) ;
#3190 = DIRECTION ( 'NONE',  ( 1.000000000000000000, -0.000000000000000000, 0.000000000000000000 ) ) ;
#3191 = FACE_OUTER_BOUND ( 'NONE', #2560, .T. ) ;
#3192 = CARTESIAN_POINT ( 'NONE',  ( -7.914501197027716373, 49.13575914068668737, 13.65814819084342702 ) ) ;
#3193 = ORIENTED_EDGE ( 'NONE', *, *, #6668, .F. ) ;
#3194 = AXIS2_PLACEMENT_3D ( 'NONE', #5429, #7314, #4124 ) ;
#3196 = ORIENTED_EDGE ( 'NONE', *, *, #426, .T. ) ;
#3195 = CARTESIAN_POINT ( 'NONE',  ( -16.61776859608109547, 74.40913428474578950, -17.50000000000000355 ) ) ;
#3197 = CARTESIAN_POINT ( 'NONE',  ( -26.41846475664923588, 29.34504030605755887, 13.75636841001424138 ) ) ;
#3198 = FACE_OUTER_BOUND ( 'NONE', #3298, .T. ) ;
#3199 = CARTESIAN_POINT ( 'NONE',  ( 7.184957976769025478, 110.0000000000000000, 8.499999999999994671 ) ) ;
#3200 = EDGE_CURVE ( 'NONE', #5251, #967, #5983, .T. ) ;
#3201 = CARTESIAN_POINT ( 'NONE',  ( -23.05415620276173883, 1.851207055788862021, 15.54304912220728596 ) ) ;
#3202 = VECTOR ( 'NONE', #7033, 1000.000000000000000 ) ;
#3203 = CC_DESIGN_PERSON_AND_ORGANIZATION_ASSIGNMENT ( #3306, #2043, ( #4025 ) ) ;
#3204 = ADVANCED_FACE ( 'NONE', ( #5896 ), #1024, .F. ) ;
#3205 = VERTEX_POINT ( 'NONE', #3506 ) ;
#3206 = CARTESIAN_POINT ( 'NONE',  ( 14.35618608083485626, 87.60593947313816443, -17.50000000000000355 ) ) ;
#3207 = ORIENTED_EDGE ( 'NONE', *, *, #3917, .F. ) ;
#3208 = CARTESIAN_POINT ( 'NONE',  ( -13.39653502920039507, 95.09118906277383587, 9.059134989671338900 ) ) ;
#3209 = CARTESIAN_POINT ( 'NONE',  ( 20.99999999999999645, -1.272953681650235517E-15, 10.00000000000000000 ) ) ;
#3210 = ORIENTED_EDGE ( 'NONE', *, *, #6016, .T. ) ;
#3211 = CARTESIAN_POINT ( 'NONE',  ( 15.36384262088049546, 28.63663528311364459, 15.81645755757262961 ) ) ;
#3212 = CARTESIAN_POINT ( 'NONE',  ( 23.03626317153559455, 40.52339437013796442, 14.60457376373479654 ) ) ;
#3213 = EDGE_CURVE ( 'NONE', #4907, #7602, #1632, .T. ) ;
#3214 = ORIENTED_EDGE ( 'NONE', *, *, #7458, .F. ) ;
#3215 = AXIS2_PLACEMENT_3D ( 'NONE', #4794, #5328, #7821 ) ;
#3216 = AXIS2_PLACEMENT_3D ( 'NONE', #2934, #1078, #5351 ) ;
#3217 = DIRECTION ( 'NONE',  ( -0.000000000000000000, -0.000000000000000000, -1.000000000000000000 ) ) ;
#3218 = CARTESIAN_POINT ( 'NONE',  ( -18.99999999996495958, 10.13446045095416892, 1.585505052150873118 ) ) ;
#3219 = DIRECTION ( 'NONE',  ( -1.000000000000000000, 0.000000000000000000, 0.000000000000000000 ) ) ;
#3220 = CARTESIAN_POINT ( 'NONE',  ( 14.51817839733992699, 108.0000000000000284, 6.499999999999993783 ) ) ;
#3221 = CARTESIAN_POINT ( 'NONE',  ( 26.37884170489813229, 29.76711812106347921, 13.71634144174794834 ) ) ;
#3222 = CYLINDRICAL_SURFACE ( 'NONE', #774, 2.000000000000000000 ) ;
#3223 = CARTESIAN_POINT ( 'NONE',  ( 17.87120969173492213, 16.09123556107585884, 14.87370154494818131 ) ) ;
#3224 = VECTOR ( 'NONE', #7973, 1000.000000000000000 ) ;
#3225 = VERTEX_POINT ( 'NONE', #2883 ) ;
#3226 = AXIS2_PLACEMENT_3D ( 'NONE', #1422, #3734, #2506 ) ;
#3227 = VECTOR ( 'NONE', #3122, 1000.000000000000000 ) ;
#3230 = VERTEX_POINT ( 'NONE', #7789 ) ;
#3229 = DIRECTION ( 'NONE',  ( 0.000000000000000000, 0.000000000000000000, 1.000000000000000000 ) ) ;
#3228 = CARTESIAN_POINT ( 'NONE',  ( 25.99785719929621663, -0.7628752462287935465, 17.50000000000000355 ) ) ;
#3231 = CARTESIAN_POINT ( 'NONE',  ( 19.70965996432868650, 11.04013495033426295, -3.424103246443154891 ) ) ;
#3232 = DIRECTION ( 'NONE',  ( -1.000000000000000000, 0.000000000000000000, -0.000000000000000000 ) ) ;
#3233 = CARTESIAN_POINT ( 'NONE',  ( -21.28964832174852262, 50.76861407942021032, 13.47544377389439774 ) ) ;
#3234 = CYLINDRICAL_SURFACE ( 'NONE', #7413, 2.000000000000000000 ) ;
#3235 = DIRECTION ( 'NONE',  ( 0.000000000000000000, -0.000000000000000000, 1.000000000000000000 ) ) ;
#3236 = CARTESIAN_POINT ( 'NONE',  ( -9.283715016053667668, 45.37123368648556720, 14.07621931583532948 ) ) ;
#3237 = VERTEX_POINT ( 'NONE', #5380 ) ;
#3239 = ORIENTED_EDGE ( 'NONE', *, *, #232, .F. ) ;
#3238 = CARTESIAN_POINT ( 'NONE',  ( -17.57432831598347178, 69.46344055738681789, -17.50000000000000711 ) ) ;
#3240 = DIRECTION ( 'NONE',  ( 0.000000000000000000, 0.000000000000000000, -1.000000000000000000 ) ) ;
#3241 = CARTESIAN_POINT ( 'NONE',  ( 23.29446009402933626, 50.72392495682977653, -15.50000000000001599 ) ) ;
#3242 = CARTESIAN_POINT ( 'NONE',  ( 11.50000000000000355, 115.0000000000000000, 3.499999999999996891 ) ) ;
#3243 = DIRECTION ( 'NONE',  ( 0.000000000000000000, 0.000000000000000000, -1.000000000000000000 ) ) ;
#3244 = ORIENTED_EDGE ( 'NONE', *, *, #285, .T. ) ;
#3245 = EDGE_CURVE ( 'NONE', #1364, #4281, #4726, .T. ) ;
#3246 = CARTESIAN_POINT ( 'NONE',  ( -3.399778384416992871, 59.60830380503318082, -16.78501670621479391 ) ) ;
#3247 = ORIENTED_EDGE ( 'NONE', *, *, #391, .F. ) ;
#3248 = CARTESIAN_POINT ( 'NONE',  ( -12.52758094327828964, 107.5341489586281938, 8.519147042426547856 ) ) ;
#3249 = FACE_BOUND ( 'NONE', #4258, .T. ) ;
#3250 = EDGE_LOOP ( 'NONE', ( #5018, #896, #7170, #5352 ) ) ;
#3251 = CARTESIAN_POINT ( 'NONE',  ( 17.07663906520178188, 23.91578038946839513, 16.24501494170432281 ) ) ;
#3252 = ADVANCED_FACE ( 'NONE', ( #6502 ), #1219, .F. ) ;
#3253 = CARTESIAN_POINT ( 'NONE',  ( 18.72030328493876539, 63.92034436311482182, 12.00203755181594900 ) ) ;
#3254 = EDGE_LOOP ( 'NONE', ( #4275, #5063, #982, #5840 ) ) ;
#3255 = EDGE_CURVE ( 'NONE', #1953, #5251, #2967, .T. ) ;
#3256 = CARTESIAN_POINT ( 'NONE',  ( 11.50000000000000355, 115.0000000000000000, -13.50000000000000533 ) ) ;
#3257 = CARTESIAN_POINT ( 'NONE',  ( -13.34314575050761675, 4.336808689942017736E-16, -6.000000000000000000 ) ) ;
#3258 = CARTESIAN_POINT ( 'NONE',  ( 17.55924406005299332, 69.54000677169044309, -17.50000000000000000 ) ) ;
#3259 = DIRECTION ( 'NONE',  ( 0.000000000000000000, 0.000000000000000000, -1.000000000000000000 ) ) ;
#3260 = EDGE_CURVE ( 'NONE', #5052, #2882, #2676, .T. ) ;
#3261 = CARTESIAN_POINT ( 'NONE',  ( -13.65416210812829512, 98.65070233654985543, 6.499999999999993783 ) ) ;
#3262 = CARTESIAN_POINT ( 'NONE',  ( -22.47903892381077995, 3.431328793247443887, 9.699565176983673709 ) ) ;
#3263 = EDGE_CURVE ( 'NONE', #2480, #7559, #6150, .T. ) ;
#3264 = APPROVAL_STATUS ( 'not_yet_approved' ) ;
#3265 = CARTESIAN_POINT ( 'NONE',  ( 6.151469071922755383, 48.29095827587417489, 11.73189981482014943 ) ) ;
#3266 = ORIENTED_EDGE ( 'NONE', *, *, #3260, .T. ) ;
#3267 = CIRCLE ( 'NONE', #5363, 11.25000000000000000 ) ;
#3268 = AXIS2_PLACEMENT_3D ( 'NONE', #5139, #832, #7595 ) ;
#3271 = ORIENTED_EDGE ( 'NONE', *, *, #7717, .F. ) ;
#3270 = CARTESIAN_POINT ( 'NONE',  ( 14.72299866814019609, 102.8120741102884352, -15.50000000000000533 ) ) ;
#3269 = CARTESIAN_POINT ( 'NONE',  ( 25.39133941117625781, 0.9149960142856671252, 17.49735336837690980 ) ) ;
#3272 = DIRECTION ( 'NONE',  ( -0.000000000000000000, -0.000000000000000000, -1.000000000000000000 ) ) ;
#3273 = CARTESIAN_POINT ( 'NONE',  ( -24.70275263933689303, 42.59646220073401679, -15.50000000000001066 ) ) ;
#3274 = CARTESIAN_POINT ( 'NONE',  ( -19.26219276116578882, 61.21085371006216747, 12.30315522902653669 ) ) ;
#3275 = CARTESIAN_POINT ( 'NONE',  ( -25.24460977279303364, 39.11472150180235019, 12.77607795987269590 ) ) ;
#3276 = CIRCLE ( 'NONE', #4315, 2.250000000000001776 ) ;
#3277 = CARTESIAN_POINT ( 'NONE',  ( -24.99999999999998224, 1.336119993654973692, 17.49553961124350465 ) ) ;
#3278 = CARTESIAN_POINT ( 'NONE',  ( -15.02090206332133704, 29.58137629902246246, 15.72523119505535938 ) ) ;
#3279 = VERTEX_POINT ( 'NONE', #3110 ) ;
#3280 = VECTOR ( 'NONE', #5848, 1000.000000000000000 ) ;
#3282 = EDGE_LOOP ( 'NONE', ( #956, #140 ) ) ;
#3281 = CARTESIAN_POINT ( 'NONE',  ( -17.57697210846161795, 69.45000348399683787, -17.50000000000000711 ) ) ;
#3283 = CARTESIAN_POINT ( 'NONE',  ( -25.01450574410437611, 40.60402320488697825, 12.61677692494504299 ) ) ;
#3284 = CARTESIAN_POINT ( 'NONE',  ( 17.04372691773195569, 83.21928467698447207, -15.50000000000002132 ) ) ;
#3285 = CYLINDRICAL_SURFACE ( 'NONE', #7959, 10.25000000000000000 ) ;
#3286 = DIRECTION ( 'NONE',  ( 1.000000000000000000, -0.000000000000000000, 0.000000000000000000 ) ) ;
#3287 = EDGE_LOOP ( 'NONE', ( #2754, #2965, #7184, #7842 ) ) ;
#3288 = DIRECTION ( 'NONE',  ( -1.000000000000000000, 0.000000000000000000, -0.000000000000000000 ) ) ;
#3289 = B_SPLINE_CURVE_WITH_KNOTS ( 'NONE', 3,
 ( #4340, #6764, #2537, #3073, #7977, #6841, #5488, #4914, #7410, #6089, #1211, #2995, #1248, #6204, #3729, #66, #4421, #4990, #568, #1891, #5028, #7492, #26, #2500, #1290, #7448, #4378, #6726, #1934, #3775, #6245, #1133, #684, #1171, #3615, #3653, #531, #3037, #6125, #5720, #4544, #2580, #803, #1976, #3278, #761, #7650, #6369, #2742, #7046, #2622, #233, #5797, #722, #4460, #2094, #7609, #3359, #5762, #3319, #7007, #6922, #7532, #5235, #195, #7571, #2703, #2661, #5197, #6326, #4584, #7689, #3973, #3236, #6286, #3937, #6409, #5153, #885, #276, #3816, #1372, #2132, #1416, #2055, #3192, #1495, #1456, #150, #6445, #845, #6882, #106, #5839, #1331, #5074, #5679, #3853, #5114, #2014, #4496, #6962, #3898, #3397, #6605, #7248, #1535, #440, #5878, #3530, #5917, #1695, #1573, #316, #2781, #7123, #4785, #2256 ),
 .UNSPECIFIED., .F., .F.,
 ( 4, 2, 2, 1, 1, 1, 1, 1, 2, 2, 2, 2, 1, 1, 1, 1, 1, 2, 2, 2, 2, 1, 1, 1, 1, 1, 2, 2, 2, 2, 1, 1, 1, 1, 1, 2, 2, 2, 2, 1, 1, 1, 1, 1, 2, 2, 2, 2, 1, 1, 1, 1, 1, 2, 2, 2, 1, 1, 1, 1, 1, 2, 2, 2, 1, 1, 1, 1, 1, 1, 1, 2, 2, 1, 2, 1, 1, 1, 1, 1, 2, 2, 4 ),
 ( 0.000000000000000000, 0.06249999999998691325, 0.09374999999998036293, 0.1093749999999771017, 0.1171874999999754641, 0.1210937499999746869, 0.1230468749999742567, 0.1240234374999740902, 0.1245117187499739930, 0.1249999999999739098, 0.1874999999999728273, 0.2187499999999723554, 0.2343749999999720779, 0.2421874999999719391, 0.2460937499999719391, 0.2480468749999720224, 0.2490234374999721056, 0.2495117187499721056, 0.2499999999999720779, 0.3124999999999740763, 0.3437499999999751310, 0.3593749999999756861, 0.3671874999999759082, 0.3710937499999759637, 0.3730468749999759637, 0.3740234374999759082, 0.3745117187499758526, 0.3749999999999757971, 0.4374999999999761302, 0.4687499999999762967, 0.4843749999999762967, 0.4921874999999762967, 0.4960937499999763522, 0.4980468749999764078, 0.4990234374999765188, 0.4995117187499765188, 0.4999999999999765743, 0.5624999999999666933, 0.5937499999999618083, 0.6093749999999593658, 0.6171874999999581446, 0.6210937499999573674, 0.6230468749999568123, 0.6240234374999567013, 0.6245117187499565903, 0.6249999999999564793, 0.6874999999999927836, 0.7187500000000108802, 0.7343750000000199840, 0.7421875000000246470, 0.7460937500000272005, 0.7480468750000285327, 0.7490234375000293099, 0.7495117187500295319, 0.7500000000000297540, 0.7812500000000516254, 0.7968750000000626166, 0.8046875000000680567, 0.8085937500000708322, 0.8105468750000721645, 0.8115234375000728306, 0.8120117187500732747, 0.8125000000000736078, 0.8437500000001100231, 0.8593750000001282308, 0.8671875000001374456, 0.8710937500001422196, 0.8730468750001447731, 0.8740234375001461054, 0.8745117187501468825, 0.8747558593751471046, 0.8748779296876472156, 0.8750000000001473266, 0.9062500000001173506, 0.9218750000001021405, 0.9296875000000944800, 0.9335937500000907052, 0.9355468750000888178, 0.9365234375000879297, 0.9370117187500873746, 0.9372558593750870415, 0.9375000000000868194, 1.000000000000000000 ),
 .UNSPECIFIED. ) ;
#3290 = VERTEX_POINT ( 'NONE', #1328 ) ;
#3291 = CARTESIAN_POINT ( 'NONE',  ( -12.64470717342361006, 104.2732252573591722, 8.597101744673087964 ) ) ;
#3292 = DIRECTION ( 'NONE',  ( 0.000000000000000000, 0.000000000000000000, -1.000000000000000000 ) ) ;
#3293 = VERTEX_POINT ( 'NONE', #2535 ) ;
#3294 = CARTESIAN_POINT ( 'NONE',  ( 17.06739295101054310, 23.94127448526464974, 16.24279745687700327 ) ) ;
#3295 = AXIS2_PLACEMENT_3D ( 'NONE', #3148, #5677, #63 ) ;
#3296 = CARTESIAN_POINT ( 'NONE',  ( 19.12328686132839195, 61.90620208954318571, 12.22563100005280567 ) ) ;
#3297 = ADVANCED_FACE ( 'NONE', ( #4376 ), #2638, .F. ) ;
#3298 = EDGE_LOOP ( 'NONE', ( #6913, #67, #814, #7486 ) ) ;
#3299 = CARTESIAN_POINT ( 'NONE',  ( 23.05415620276177080, 1.851207055788795630, 15.54304912220728951 ) ) ;
#3300 = CARTESIAN_POINT ( 'NONE',  ( 4.999999999999997335, 110.0000000000000000, 6.409682082549484683 ) ) ;
#3301 = CARTESIAN_POINT ( 'NONE',  ( 17.39805511701067431, 70.36124771143879286, -17.50000000000000355 ) ) ;
#3302 = B_SPLINE_SURFACE_WITH_KNOTS ( 'NONE', 1, 3, ( 
 ( #1388, #3377, #2720, #206 ),
 ( #4516, #5169, #2074, #6344 ) ),
 .UNSPECIFIED., .F., .F., .F.,
 ( 2, 2 ),
 ( 4, 4 ),
 ( 0.000000000000000000, 1.000000000000000000 ),
 ( 0.000000000000000000, 0.002095885826290551195 ),
 .UNSPECIFIED. ) ;
#3303 = CYLINDRICAL_SURFACE ( 'NONE', #3674, 2.000000000000000000 ) ;
#3304 = CARTESIAN_POINT ( 'NONE',  ( -32.97687763316800158, 8.000000000000000000, 1.000000000000000888 ) ) ;
#3305 = CARTESIAN_POINT ( 'NONE',  ( -22.69711664740533763, 2.832165171982655938, 11.00824498533315854 ) ) ;
#3306 = PERSON_AND_ORGANIZATION ( #4320, #1812 ) ;
#3307 = CARTESIAN_POINT ( 'NONE',  ( 12.93504225842345434, 29.65324412274608790, 13.71014400563638347 ) ) ;
#3308 = EDGE_CURVE ( 'NONE', #7038, #3817, #7408, .T. ) ;
#3309 = VERTEX_POINT ( 'NONE', #5636 ) ;
#3310 = EDGE_CURVE ( 'NONE', #1186, #3205, #4338, .T. ) ;
#3311 = EDGE_CURVE ( 'NONE', #4287, #6044, #3034, .T. ) ;
#3313 = ORIENTED_EDGE ( 'NONE', *, *, #6978, .F. ) ;
#3312 = CARTESIAN_POINT ( 'NONE',  ( 14.55102058818478916, 106.1641442541572644, 6.537148812649783203 ) ) ;
#3314 = CARTESIAN_POINT ( 'NONE',  ( 20.02133142700875368, 10.18382464433305756, 2.739756482868469512 ) ) ;
#3315 = CARTESIAN_POINT ( 'NONE',  ( 15.01167183769919156, 98.92874842227311660, 6.835540872880430108 ) ) ;
#3316 = CARTESIAN_POINT ( 'NONE',  ( -23.77207279720495947, 35.27683922276000317, 15.15723585831177189 ) ) ;
#3317 = PLANE ( 'NONE',  #1334 ) ;
#3318 = DIRECTION ( 'NONE',  ( 1.000000000000000000, -0.000000000000000000, 0.000000000000000000 ) ) ;
#3319 = CARTESIAN_POINT ( 'NONE',  ( -12.01580350496809757, 37.85548215977112818, 14.88858132757914099 ) ) ;
#3320 = ORIENTED_EDGE ( 'NONE', *, *, #6050, .F. ) ;
#3322 = VERTEX_POINT ( 'NONE', #1288 ) ;
#3321 = CARTESIAN_POINT ( 'NONE',  ( -15.44233824399758781, 80.87389134914438671, -17.50000000000000355 ) ) ;
#3323 = CARTESIAN_POINT ( 'NONE',  ( -25.08218630548631012, 40.15839741783199202, 12.66423246198375274 ) ) ;
#3324 = VECTOR ( 'NONE', #6013, 1000.000000000000000 ) ;
#3325 = CARTESIAN_POINT ( 'NONE',  ( 24.74904540470354419, 25.29151338453394260, -17.50000000000000000 ) ) ;
#3326 = CARTESIAN_POINT ( 'NONE',  ( -14.50000000000000000, 118.0000000000000142, 0.000000000000000000 ) ) ;
#3327 = DIRECTION ( 'NONE',  ( 1.000000000000000000, -0.000000000000000000, 0.000000000000000000 ) ) ;
#3328 = ORIENTED_EDGE ( 'NONE', *, *, #3310, .F. ) ;
#3329 = DIRECTION ( 'NONE',  ( 0.7071067811865469066, -0.000000000000000000, -0.7071067811865481278 ) ) ;
#3330 = ORIENTED_EDGE ( 'NONE', *, *, #6861, .F. ) ;
#3331 = CARTESIAN_POINT ( 'NONE',  ( -14.48533963601531305, 86.91629462767681957, 9.683282847363926749 ) ) ;
#3332 = CARTESIAN_POINT ( 'NONE',  ( -25.00000000000001066, 63.75000000000000000, -17.50000000000000355 ) ) ;
#3333 = ORIENTED_EDGE ( 'NONE', *, *, #288, .T. ) ;
#3334 = CARTESIAN_POINT ( 'NONE',  ( 11.45960767231759903, 39.38598519109408613, 14.72637545569750728 ) ) ;
#3335 = CARTESIAN_POINT ( 'NONE',  ( 19.29486007896948863, 61.04718272620864639, 12.32142396708126419 ) ) ;
#3336 = AXIS2_PLACEMENT_3D ( 'NONE', #5138, #4040, #3960 ) ;
#3337 = AXIS2_PLACEMENT_3D ( 'NONE', #2346, #4837, #3852 ) ;
#3338 = ORIENTED_EDGE ( 'NONE', *, *, #3766, .T. ) ;
#3339 = AXIS2_PLACEMENT_3D ( 'NONE', #1620, #1579, #7855 ) ;
#3340 = CARTESIAN_POINT ( 'NONE',  ( 20.99999999999999645, -1.517883041479706208E-15, 6.000000000000000000 ) ) ;
#3341 = CARTESIAN_POINT ( 'NONE',  ( -5.000000000000002665, 79.52049869174365426, -14.50000000000000533 ) ) ;
#3342 = CARTESIAN_POINT ( 'NONE',  ( 16.29813801751043556, 76.11289072680794732, -17.50000000000000000 ) ) ;
#3343 = CARTESIAN_POINT ( 'NONE',  ( -2.661105774218607944, 57.88065262200922945, 10.65496842070996664 ) ) ;
#3344 = CARTESIAN_POINT ( 'NONE',  ( -27.00000000000000000, 17.50000000000000355, -15.50000000000520828 ) ) ;
#3345 = CARTESIAN_POINT ( 'NONE',  ( -23.07119008560712103, 1.804406847305528361, 10.09619818206436825 ) ) ;
#3346 = CALENDAR_DATE ( 2026, 7, 1 ) ;
#3347 = CARTESIAN_POINT ( 'NONE',  ( -26.99999999999999645, 10.21479289798921464, 15.21716170134213186 ) ) ;
#3348 = CARTESIAN_POINT ( 'NONE',  ( 5.064972308440941262, 51.27608359985092790, 11.39743721691485590 ) ) ;
#3349 = ORIENTED_EDGE ( 'NONE', *, *, #4303, .F. ) ;
#3350 = ADVANCED_FACE ( 'NONE', ( #4495 ), #802, .F. ) ;
#3352 = ORIENTED_EDGE ( 'NONE', *, *, #5543, .F. ) ;
#3351 = CARTESIAN_POINT ( 'NONE',  ( 25.24460977279305851, 39.11472150180230045, 12.77607795987269235 ) ) ;
#3353 = CARTESIAN_POINT ( 'NONE',  ( -14.51210898420967510, 108.1078286843710003, 6.508881606748141202 ) ) ;
#3354 = CARTESIAN_POINT ( 'NONE',  ( 15.13366423817861239, 97.57514379102487112, 6.911338732737715596 ) ) ;
#3355 = CARTESIAN_POINT ( 'NONE',  ( -22.84443257227586699, 41.76344749254993616, 14.47080016818772030 ) ) ;
#3356 = FACE_OUTER_BOUND ( 'NONE', #7778, .T. ) ;
#3357 = PLANE ( 'NONE',  #1613 ) ;
#3358 = EDGE_CURVE ( 'NONE', #5513, #3237, #6785, .T. ) ;
#3359 = CARTESIAN_POINT ( 'NONE',  ( -12.39080431835872531, 36.82339156061753016, 14.99688673246422965 ) ) ;
#3360 = ORIENTED_EDGE ( 'NONE', *, *, #7513, .T. ) ;
#3361 = AXIS2_PLACEMENT_3D ( 'NONE', #70, #1379, #689 ) ;
#3362 = EDGE_CURVE ( 'NONE', #4657, #1928, #7490, .T. ) ;
#3364 = VERTEX_POINT ( 'NONE', #6798 ) ;
#3363 = CARTESIAN_POINT ( 'NONE',  ( -13.69619760832175182, 92.42761957400118433, -17.50000000000000355 ) ) ;
#3365 = CARTESIAN_POINT ( 'NONE',  ( -22.94672286938101635, 52.56196986502465052, 11.30331636983756205 ) ) ;
#3366 = DIRECTION ( 'NONE',  ( -0.7071067811865417996, 0.7071067811865532349, 0.000000000000000000 ) ) ;
#3367 = FACE_OUTER_BOUND ( 'NONE', #5523, .T. ) ;
#3368 = EDGE_CURVE ( 'NONE', #165, #6699, #6909, .T. ) ;
#3369 = VECTOR ( 'NONE', #435, 1000.000000000000000 ) ;
#3370 = DIRECTION ( 'NONE',  ( 1.000000000000000000, -0.000000000000000000, 0.000000000000000000 ) ) ;
#3371 = CIRCLE ( 'NONE', #5459, 5.000000000000000000 ) ;
#3372 = EDGE_LOOP ( 'NONE', ( #6999, #2829 ) ) ;
#3373 = B_SPLINE_SURFACE_WITH_KNOTS ( 'NONE', 1, 1, ( 
 ( #3940, #6411 ),
 ( #5801, #238 ) ),
 .UNSPECIFIED., .F., .F., .F.,
 ( 2, 2 ),
 ( 2, 2 ),
 ( 0.000000000000000000, 1.000000000000000000 ),
 ( 0.000000000000000000, 1.000000000000000000 ),
 .UNSPECIFIED. ) ;
#3374 = DIRECTION ( 'NONE',  ( -0.000000000000000000, -1.000000000000000000, 0.000000000000000000 ) ) ;
#3375 = ORIENTED_EDGE ( 'NONE', *, *, #7762, .T. ) ;
#3376 = CARTESIAN_POINT ( 'NONE',  ( -3.355807751832002417, 103.3558077518319891, 6.613547809958566503 ) ) ;
#3377 = CARTESIAN_POINT ( 'NONE',  ( -22.99999999999997513, 1.400284127720008209, 15.49503881761785529 ) ) ;
#3378 = ORIENTED_EDGE ( 'NONE', *, *, #6389, .T. ) ;
#3379 = CARTESIAN_POINT ( 'NONE',  ( 9.659879111658272066, 44.33685860108927557, 14.19046607524035153 ) ) ;
#3380 = CARTESIAN_POINT ( 'NONE',  ( 17.48131567735369885, 70.14872343250296183, 11.32327731006142102 ) ) ;
#3381 = ORIENTED_EDGE ( 'NONE', *, *, #2799, .T. ) ;
#3382 = DIRECTION ( 'NONE',  ( -1.000000000000000000, 0.000000000000000000, 0.000000000000000000 ) ) ;
#3383 = DIRECTION ( 'NONE',  ( 0.000000000000000000, 0.000000000000000000, -1.000000000000000000 ) ) ;
#3384 = CARTESIAN_POINT ( 'NONE',  ( 18.11521121748260654, 66.73146049002195923, -17.50000000000000711 ) ) ;
#3385 = FACE_OUTER_BOUND ( 'NONE', #7888, .T. ) ;
#3386 = CARTESIAN_POINT ( 'NONE',  ( -19.53920969096225591, 11.50844322754842253, 0.4298204171612677871 ) ) ;
#3387 = DIRECTION ( 'NONE',  ( -1.000000000000000000, -0.000000000000000000, -0.000000000000000000 ) ) ;
#3388 = LINE ( 'NONE', #2770, #4244 ) ;
#3389 = ORIENTED_EDGE ( 'NONE', *, *, #4948, .T. ) ;
#3391 = VERTEX_POINT ( 'NONE', #7530 ) ;
#3390 = CARTESIAN_POINT ( 'NONE',  ( 21.44436990976702262, 60.27965812394387513, 10.43811024246838493 ) ) ;
#3392 = LINE ( 'NONE', #3433, #5696 ) ;
#3393 = CARTESIAN_POINT ( 'NONE',  ( -25.89008169813649474, 34.25047149759804199, -15.50000000000000533 ) ) ;
#3394 = CARTESIAN_POINT ( 'NONE',  ( -24.34787905592839508, 30.18597138663359303, 15.66686227696311562 ) ) ;
#3395 = CARTESIAN_POINT ( 'NONE',  ( -17.95623485519167417, 67.73779883603232577, 11.57978096172289284 ) ) ;
#3396 = CARTESIAN_POINT ( 'NONE',  ( 27.00000000000000355, 11.67241142200668591, 15.13828834431255643 ) ) ;
#3397 = CARTESIAN_POINT ( 'NONE',  ( -6.467464107807762375, 53.11285117221549967, 13.21225402140035321 ) ) ;
#3398 = EDGE_CURVE ( 'NONE', #2002, #3687, #7946, .T. ) ;
#3399 = EDGE_LOOP ( 'NONE', ( #6908, #1527, #4693, #2088 ) ) ;
#3401 = VERTEX_POINT ( 'NONE', #4458 ) ;
#3400 = CARTESIAN_POINT ( 'NONE',  ( -13.38764393425696575, 95.00282539656197400, -17.50000000000000355 ) ) ;
#3402 = CARTESIAN_POINT ( 'NONE',  ( -23.33031009333092953, 50.51093606636000999, 11.53247419931832063 ) ) ;
#3403 = AXIS2_PLACEMENT_3D ( 'NONE', #6773, #2545, #6735 ) ;
#3404 = CARTESIAN_POINT ( 'NONE',  ( 14.19523187934584740, 88.65696856643060642, -17.50000000000000000 ) ) ;
#3405 = CARTESIAN_POINT ( 'NONE',  ( 23.00000000000000711, 1.973863283305317351, -10.94039996841432227 ) ) ;
#3406 = DIRECTION ( 'NONE',  ( 0.000000000000000000, 1.000000000000000000, -0.000000000000000000 ) ) ;
#3407 = CARTESIAN_POINT ( 'NONE',  ( -20.24254565687652985, 56.09696861452775352, -17.50000000000000711 ) ) ;
#3408 = EDGE_CURVE ( 'NONE', #2106, #898, #4827, .T. ) ;
#3409 = AXIS2_PLACEMENT_3D ( 'NONE', #592, #2336, #3601 ) ;
#3410 = EDGE_CURVE ( 'NONE', #7535, #1042, #6918, .T. ) ;
#3411 = EDGE_CURVE ( 'NONE', #1450, #2573, #964, .T. ) ;
#3412 = CARTESIAN_POINT ( 'NONE',  ( -14.51817839733992699, 108.0000000000000284, 6.499999999999993783 ) ) ;
#3413 = ORIENTED_EDGE ( 'NONE', *, *, #2600, .T. ) ;
#3414 = DIRECTION ( 'NONE',  ( 0.000000000000000000, 0.000000000000000000, -1.000000000000000000 ) ) ;
#3415 = CARTESIAN_POINT ( 'NONE',  ( -16.97975597623207378, 72.72336557231146514, 11.05058961817883834 ) ) ;
#3416 = DIRECTION ( 'NONE',  ( 0.000000000000000000, 0.000000000000000000, -1.000000000000000000 ) ) ;
#3417 = ORIENTED_EDGE ( 'NONE', *, *, #4859, .T. ) ;
#3418 = CARTESIAN_POINT ( 'NONE',  ( 20.47615056016782731, 8.934219346044411481, 5.091460074148188575 ) ) ;
#3419 = CARTESIAN_POINT ( 'NONE',  ( 18.15279927870104260, 66.75975733779071675, 11.68985619641464169 ) ) ;
#3420 = ORIENTED_EDGE ( 'NONE', *, *, #6148, .T. ) ;
#3421 = AXIS2_PLACEMENT_3D ( 'NONE', #680, #3235, #1415 ) ;
#3422 = CYLINDRICAL_SURFACE ( 'NONE', #3885, 10.00000000000000533 ) ;
#3423 = CARTESIAN_POINT ( 'NONE',  ( -20.99999999999999645, -8.000000000000000000, -8.673617379884035472E-16 ) ) ;
#3424 = CARTESIAN_POINT ( 'NONE',  ( 18.70296921087892628, 63.78712763856731272, -17.50000000000000355 ) ) ;
#3425 = CARTESIAN_POINT ( 'NONE',  ( -4.957444649051351071, 51.57151341599055172, 11.36424880594470821 ) ) ;
#3426 = CARTESIAN_POINT ( 'NONE',  ( 24.00000000000000000, 0.000000000000000000, 0.000000000000000000 ) ) ;
#3427 = CARTESIAN_POINT ( 'NONE',  ( 22.37659685724330672, 3.712786057940990592, -10.77126588244990124 ) ) ;
#3428 = PERSON_AND_ORGANIZATION ( #4320, #1812 ) ;
#3429 = DIRECTION ( 'NONE',  ( -0.000000000000000000, -1.000000000000000000, 0.000000000000000000 ) ) ;
#3430 = ORIENTED_EDGE ( 'NONE', *, *, #986, .F. ) ;
#3432 = ORIENTED_EDGE ( 'NONE', *, *, #73, .T. ) ;
#3431 = CARTESIAN_POINT ( 'NONE',  ( 13.24433877262735670, 96.48689248726738299, 8.968914430871913979 ) ) ;
#3433 = CARTESIAN_POINT ( 'NONE',  ( 24.00000000000000000, -8.000000000000000000, 0.9999999999999997780 ) ) ;
#3434 = CARTESIAN_POINT ( 'NONE',  ( 15.04532389749257248, 98.55110816848558386, 6.856484841608994074 ) ) ;
#3435 = CARTESIAN_POINT ( 'NONE',  ( -24.80312476797498888, 24.35281214406394312, 16.20692640232578086 ) ) ;
#3436 = CYLINDRICAL_SURFACE ( 'NONE', #1749, 10.25000000000000000 ) ;
#3437 = CARTESIAN_POINT ( 'NONE',  ( -13.24433877262737269, 96.48689248726731194, 8.968914430871919308 ) ) ;
#3438 = DIRECTION ( 'NONE',  ( -0.6644630243886753274, -0.2418447626479808543, -0.7071067811865450192 ) ) ;
#3439 = AXIS2_PLACEMENT_3D ( 'NONE', #2171, #5316, #6521 ) ;
#3440 = LINE ( 'NONE', #1049, #861 ) ;
#3441 = B_SPLINE_SURFACE_WITH_KNOTS ( 'NONE', 1, 3, ( 
 ( #2092, #3850, #759, #2619, #1454, #801, #274, #6960, #3275, #7607, #2659, #6407, #843, #5194, #4580, #1493, #883, #3971, #6443, #6562, #2864, #438, #962, #3565, #2130, #4622, #1570, #5358, #5273, #5233, #7727, #1047, #2172, #2292, #7772, #1533 ),
 ( #7163, #3529, #2778, #1649, #1002, #401, #921, #4663, #6602, #4783, #6000, #7809, #7246, #7687, #2903, #2215, #7080, #3395, #353, #4133, #7121, #6522, #3482, #5915, #4012, #5397, #4051, #3437, #2821, #1611, #5317, #5875, #6482, #314, #4701, #7846 ) ),
 .UNSPECIFIED., .F., .F., .F.,
 ( 2, 2 ),
 ( 4, 2, 2, 2, 2, 2, 2, 2, 2, 2, 2, 2, 2, 2, 2, 2, 2, 4 ),
 ( 0.000000000000000000, 1.000000000000000000 ),
 ( 0.000000000000000000, 0.005859478453057741058, 0.01171895690611548212, 0.01757843535917322231, 0.02343791381223096423, 0.02929739226528870616, 0.03515687071834644462, 0.04101634917140419001, 0.04687582762446192847, 0.05859478453057741232, 0.06445426298363515771, 0.07031374143669288923, 0.07617321988975063463, 0.07910295911627951426, 0.08203269834280838002, 0.08496243756933724578, 0.08789217679586611154, 0.09375165524892385693 ),
 .UNSPECIFIED. ) ;
#3442 = EDGE_LOOP ( 'NONE', ( #2717, #6161 ) ) ;
#3444 = ORIENTED_EDGE ( 'NONE', *, *, #2411, .F. ) ;
#3443 = CARTESIAN_POINT ( 'NONE',  ( -12.65327863834269095, 104.0355011170148742, -17.50000000000000355 ) ) ;
#3445 = CARTESIAN_POINT ( 'NONE',  ( -23.98932773643089078, 46.84625458878109328, 11.93897546391171360 ) ) ;
#3446 = CARTESIAN_POINT ( 'NONE',  ( 0.000000000000000000, 60.12172718027890284, 12.42485724650967427 ) ) ;
#3447 = DIRECTION ( 'NONE',  ( 1.000000000000000000, -0.000000000000000000, -0.000000000000000000 ) ) ;
#3448 = CYLINDRICAL_SURFACE ( 'NONE', #3215, 2.000000000000000000 ) ;
#3449 = CARTESIAN_POINT ( 'NONE',  ( -26.01483220157617637, 33.28979196973422461, -15.50000000000001954 ) ) ;
#3450 = B_SPLINE_CURVE_WITH_KNOTS ( 'NONE', 3,
 ( #5290, #6097, #7221, #4724 ),
 .UNSPECIFIED., .F., .F.,
 ( 4, 4 ),
 ( 0.000000000000000000, 1.000000000000000000 ),
 .UNSPECIFIED. ) ;
#3451 = ORIENTED_EDGE ( 'NONE', *, *, #7699, .F. ) ;
#3452 = ORIENTED_EDGE ( 'NONE', *, *, #3410, .T. ) ;
#3453 = CARTESIAN_POINT ( 'NONE',  ( 3.752921755017233796, 97.23474335767738808, -15.50000000000000533 ) ) ;
#3454 = EDGE_CURVE ( 'NONE', #6181, #935, #5318, .T. ) ;
#3455 = CARTESIAN_POINT ( 'NONE',  ( -17.66660364429668562, 69.20847510251961410, 11.42420824470828400 ) ) ;
#3456 = LINE ( 'NONE', #4155, #3873 ) ;
#3457 = VERTEX_POINT ( 'NONE', #4664 ) ;
#3458 = CARTESIAN_POINT ( 'NONE',  ( 21.43690423645714205, 3.071142277760576800, 9.813820026232663807 ) ) ;
#3459 = CARTESIAN_POINT ( 'NONE',  ( 17.04077957756445372, 72.40762227802814266, 11.08374478427352194 ) ) ;
#3460 = ADVANCED_FACE ( 'NONE', ( #2054 ), #3357, .T. ) ;
#3461 = ORIENTED_EDGE ( 'NONE', *, *, #2113, .F. ) ;
#3462 = B_SPLINE_CURVE_WITH_KNOTS ( 'NONE', 3,
 ( #5864, #2769, #1560, #791, #6552, #5948, #993, #4817, #6591, #4167, #6667, #6068, #507, #4774 ),
 .UNSPECIFIED., .F., .F.,
 ( 4, 2, 2, 2, 2, 2, 4 ),
 ( 0.000000000000000000, 0.002631354147328615264, 0.003947031220992922897, 0.005262708294657230529, 0.006578385368321536426, 0.007894062441985844059, 0.01052541658931445585 ),
 .UNSPECIFIED. ) ;
#3463 = VECTOR ( 'NONE', #466, 1000.000000000000000 ) ;
#3464 = VECTOR ( 'NONE', #7796, 1000.000000000000000 ) ;
#3465 = DIRECTION ( 'NONE',  ( 0.000000000000000000, 1.000000000000000000, 0.000000000000000000 ) ) ;
#3466 = CARTESIAN_POINT ( 'NONE',  ( -26.05851336664274598, -0.9295266963640536062, 17.50000000000000355 ) ) ;
#3467 = CARTESIAN_POINT ( 'NONE',  ( 20.33887269172835843, 55.53782454345796538, -17.50000000000000355 ) ) ;
#3468 = VECTOR ( 'NONE', #437, 1000.000000000000000 ) ;
#3469 = CARTESIAN_POINT ( 'NONE',  ( -5.999848967424967761, 48.70753108931714337, 11.68532573918396622 ) ) ;
#3470 = CARTESIAN_POINT ( 'NONE',  ( -5.000000000000002665, 106.7426132705518285, 6.434593261866673686 ) ) ;
#3471 = CARTESIAN_POINT ( 'NONE',  ( 1.016906865227782762E-15, 110.0000000000000000, 8.499999999999994671 ) ) ;
#3472 = CARTESIAN_POINT ( 'NONE',  ( 24.99998726082551670, 18.59772287103920263, 16.67988252526335913 ) ) ;
#3473 = ADVANCED_FACE ( 'NONE', ( #1003 ), #2741, .F. ) ;
#3474 = ORIENTED_EDGE ( 'NONE', *, *, #4655, .T. ) ;
#3475 = AXIS2_PLACEMENT_3D ( 'NONE', #3619, #5493, #6251 ) ;
#3477 = ORIENTED_EDGE ( 'NONE', *, *, #3408, .F. ) ;
#3476 = CARTESIAN_POINT ( 'NONE',  ( 14.88628227289266093, 100.4076815543561736, 6.756879381176295496 ) ) ;
#3478 = DIRECTION ( 'NONE',  ( 0.000000000000000000, 0.000000000000000000, -1.000000000000000000 ) ) ;
#3479 = CARTESIAN_POINT ( 'NONE',  ( 17.40066368062771929, 81.28652240339673085, 8.215308001660815762 ) ) ;
#3480 = CARTESIAN_POINT ( 'NONE',  ( -23.78124885755756779, 35.20466076750530249, 15.16466337657976027 ) ) ;
#3481 = CARTESIAN_POINT ( 'NONE',  ( -24.00000000000000000, 0.000000000000000000, 0.000000000000000000 ) ) ;
#3482 = CARTESIAN_POINT ( 'NONE',  ( -14.78790162937801433, 84.93382004810874264, 9.852776605236332585 ) ) ;
#3483 = CARTESIAN_POINT ( 'NONE',  ( -14.50000000000000000, 110.0000000000000000, -0.000000000000000000 ) ) ;
#3484 = AXIS2_PLACEMENT_3D ( 'NONE', #7942, #6296, #6848 ) ;
#3485 = CIRCLE ( 'NONE', #5172, 1.000000000000001776 ) ;
#3486 = CARTESIAN_POINT ( 'NONE',  ( -19.93969262078590532, 10.40812542098089466, -5.023547007758736527 ) ) ;
#3487 = ORIENTED_EDGE ( 'NONE', *, *, #1266, .F. ) ;
#3488 = AXIS2_PLACEMENT_3D ( 'NONE', #2140, #933, #3406 ) ;
#3489 = CIRCLE ( 'NONE', #1922, 0.9999999999999995559 ) ;
#3491 = EDGE_LOOP ( 'NONE', ( #4318, #6008, #1796, #5202 ) ) ;
#3490 = CARTESIAN_POINT ( 'NONE',  ( -12.50000000000001243, 109.9999999999999716, -17.50000000000000355 ) ) ;
#3492 = CARTESIAN_POINT ( 'NONE',  ( -16.31960021296819363, 87.98736224498918546, 7.609416310458666288 ) ) ;
#3493 = B_SPLINE_CURVE_WITH_KNOTS ( 'NONE', 3,
 ( #4219, #1124, #7816, #3607, #2300, #7931, #7331, #1772, #4257, #6719, #3030, #2416, #6119, #4906, #1165, #7369, #1815, #4296, #6757, #1204, #6160, #3686, #2869, #5366, #2259, #6317, #5107, #1321, #5670, #1407 ),
 .UNSPECIFIED., .F., .F.,
 ( 4, 1, 1, 1, 1, 2, 2, 1, 1, 1, 1, 1, 2, 2, 1, 1, 1, 1, 1, 2, 2, 4 ),
 ( 0.000000000000000000, 0.1250000000000114353, 0.1875000000000165146, 0.2187500000000196787, 0.2343750000000206224, 0.2421875000000217326, 0.2500000000000228151, 0.3750000000000297540, 0.4375000000000331402, 0.4687500000000348055, 0.4843750000000363043, 0.4921875000000376921, 0.4960937500000383582, 0.5000000000000389688, 0.6250000000000531797, 0.6875000000000596190, 0.7187500000000633937, 0.7343750000000653921, 0.7421875000000658362, 0.7460937500000653921, 0.7500000000000649480, 1.000000000000000000 ),
 .UNSPECIFIED. ) ;
#3494 = CARTESIAN_POINT ( 'NONE',  ( 20.60335914498346455, 54.18944239985071931, -17.50000000000000711 ) ) ;
#3495 = FACE_BOUND ( 'NONE', #4334, .T. ) ;
#3496 = CARTESIAN_POINT ( 'NONE',  ( 13.50000000000000178, 115.0000000000000000, -12.50000000000000355 ) ) ;
#3497 = CARTESIAN_POINT ( 'NONE',  ( -24.74796981036624999, 25.30850196520157880, -17.50000000000000355 ) ) ;
#3498 = AXIS2_PLACEMENT_3D ( 'NONE', #3512, #4162, #2925 ) ;
#3499 = CIRCLE ( 'NONE', #1030, 1.000000000000000888 ) ;
#3500 = EDGE_LOOP ( 'NONE', ( #4832, #2078, #3819, #2886 ) ) ;
#3501 = CARTESIAN_POINT ( 'NONE',  ( -24.06042953220465463, 46.43808005948568507, 6.499999999999993783 ) ) ;
#3502 = CIRCLE ( 'NONE', #7379, 10.25000000000000000 ) ;
#3503 = CARTESIAN_POINT ( 'NONE',  ( -15.35951421797654959, 81.54240698358826478, 10.16769707442975523 ) ) ;
#3504 = CARTESIAN_POINT ( 'NONE',  ( 0.000000000000000000, 118.0000000000000142, 0.000000000000000000 ) ) ;
#3505 = VERTEX_POINT ( 'NONE', #2702 ) ;
#3506 = CARTESIAN_POINT ( 'NONE',  ( 14.50000000000000000, 115.0000000000000000, 1.249999999999996669 ) ) ;
#3507 = CARTESIAN_POINT ( 'NONE',  ( 14.52542080702489535, 86.65409791251649096, 9.705729826308362007 ) ) ;
#3509 = ADVANCED_FACE ( 'NONE', ( #6523 ), #4093, .F. ) ;
#3508 = AXIS2_PLACEMENT_3D ( 'NONE', #2000, #5708, #3135 ) ;
#3510 = EDGE_LOOP ( 'NONE', ( #7624, #6111, #1990, #6109 ) ) ;
#3511 = ADVANCED_FACE ( 'NONE', ( #7649 ), #1557, .T. ) ;
#3512 = CARTESIAN_POINT ( 'NONE',  ( -27.00000000000000000, 0.000000000000000000, 0.000000000000000000 ) ) ;
#3513 = CARTESIAN_POINT ( 'NONE',  ( -25.20942941806662319, 1.420874194570445281, 17.49382631512517250 ) ) ;
#3514 = CARTESIAN_POINT ( 'NONE',  ( 22.00591922731948813, 46.57779721120136429, -17.50000000000000711 ) ) ;
#3515 = CARTESIAN_POINT ( 'NONE',  ( -3.775065887226141559, 54.82007236534796135, 10.99891451001121645 ) ) ;
#3516 = DIRECTION ( 'NONE',  ( 1.000000000000000000, -0.000000000000000000, 0.000000000000000000 ) ) ;
#3517 = LINE ( 'NONE', #2893, #811 ) ;
#3518 = CARTESIAN_POINT ( 'NONE',  ( 24.92520291862236093, 21.77377160239094778, 16.42730288638681557 ) ) ;
#3519 = VERTEX_POINT ( 'NONE', #4013 ) ;
#3520 = EDGE_CURVE ( 'NONE', #3866, #7832, #3887, .T. ) ;
#3521 = ADVANCED_FACE ( 'NONE', ( #2093 ), #7728, .F. ) ;
#3522 = EDGE_CURVE ( 'NONE', #1279, #6777, #3936, .T. ) ;
#3524 = EDGE_LOOP ( 'NONE', ( #3644, #3708, #6327, #4923, #6513, #4156, #7141, #286, #5683, #5870, #5291, #1590 ) ) ;
#3523 = CARTESIAN_POINT ( 'NONE',  ( 24.24603275274551351, 31.30694714584650384, 15.55985748693862369 ) ) ;
#3525 = FACE_OUTER_BOUND ( 'NONE', #169, .T. ) ;
#3526 = CARTESIAN_POINT ( 'NONE',  ( 18.43816658778312245, 75.54899726692576678, 8.785398948240422001 ) ) ;
#3527 = CARTESIAN_POINT ( 'NONE',  ( -2.500000000000000000, 58.32328709881840467, 10.60535141707432238 ) ) ;
#3528 = LINE ( 'NONE', #5999, #6952 ) ;
#3529 = CARTESIAN_POINT ( 'NONE',  ( -24.99997366415746569, 19.61321041532878340, 16.60538830422463263 ) ) ;
#3530 = CARTESIAN_POINT ( 'NONE',  ( -5.309218091080736279, 56.29518391403644273, 12.85430858907790075 ) ) ;
#3531 = ORIENTED_EDGE ( 'NONE', *, *, #2752, .F. ) ;
#3534 = ORIENTED_EDGE ( 'NONE', *, *, #4857, .F. ) ;
#3533 = DIRECTION ( 'NONE',  ( 1.000000000000000000, -0.000000000000000000, 0.000000000000000000 ) ) ;
#3532 = DIRECTION ( 'NONE',  ( 0.000000000000000000, 0.000000000000000000, 1.000000000000000000 ) ) ;
#3535 = CARTESIAN_POINT ( 'NONE',  ( -19.15165091269699005, 71.81475920310758454, 9.174995577402540903 ) ) ;
#3536 = DIRECTION ( 'NONE',  ( 0.000000000000000000, 0.000000000000000000, -1.000000000000000000 ) ) ;
#3537 = CARTESIAN_POINT ( 'NONE',  ( 22.00000000000000000, 1.661568750910184189, 10.11442975584875903 ) ) ;
#3538 = DIRECTION ( 'NONE',  ( 1.000000000000000000, 0.000000000000000000, 0.000000000000000000 ) ) ;
#3539 = CARTESIAN_POINT ( 'NONE',  ( -21.68035455010790358, 48.43953391819807308, -17.50000000000000355 ) ) ;
#3540 = CARTESIAN_POINT ( 'NONE',  ( -21.61236144089861355, 48.79690841073514918, -17.50000000000000000 ) ) ;
#3541 = CARTESIAN_POINT ( 'NONE',  ( -19.86934309063190796, 10.60140916654824395, -4.636248044166793925 ) ) ;
#3542 = CARTESIAN_POINT ( 'NONE',  ( -17.89868154104017961, 68.03696756073820495, 11.55084134693001907 ) ) ;
#3543 = CARTESIAN_POINT ( 'NONE',  ( 11.50000000000000000, 118.0000000000000142, 5.499999999999997335 ) ) ;
#3544 = ORIENTED_EDGE ( 'NONE', *, *, #1826, .T. ) ;
#3545 = DIRECTION ( 'NONE',  ( 0.000000000000000000, 0.000000000000000000, -1.000000000000000000 ) ) ;
#3546 = CARTESIAN_POINT ( 'NONE',  ( 14.50358132457310134, 86.79676425117170879, 9.693502018179419366 ) ) ;
#3547 = AXIS2_PLACEMENT_3D ( 'NONE', #4261, #1169, #7296 ) ;
#3548 = EDGE_LOOP ( 'NONE', ( #4759, #585, #954, #4438 ) ) ;
#3549 = AXIS2_PLACEMENT_3D ( 'NONE', #7433, #3754, #666 ) ;
#3550 = CARTESIAN_POINT ( 'NONE',  ( -2.500000000000000000, 58.32328709881840467, 10.60535141707432238 ) ) ;
#3551 = CARTESIAN_POINT ( 'NONE',  ( -5.000000000000002665, 103.0000000000000142, -15.50000000000001776 ) ) ;
#3552 = CARTESIAN_POINT ( 'NONE',  ( 22.96387799799189011, 40.78113455460672299, -17.50000000000000711 ) ) ;
#3553 = CARTESIAN_POINT ( 'NONE',  ( -10.16442126240188237, 37.26546274718203478, 12.93540755518821328 ) ) ;
#3554 = LINE ( 'NONE', #1797, #2421 ) ;
#3555 = CARTESIAN_POINT ( 'NONE',  ( 25.00000000000004263, 17.50000000000004263, -17.50000000000000355 ) ) ;
#3556 = ADVANCED_FACE ( 'NONE', ( #4582 ), #326, .T. ) ;
#3557 = DIRECTION ( 'NONE',  ( -0.3420201433256755963, -0.9396926207859057634, 0.000000000000000000 ) ) ;
#3558 = ORIENTED_EDGE ( 'NONE', *, *, #5207, .T. ) ;
#3560 = ORIENTED_EDGE ( 'NONE', *, *, #6677, .T. ) ;
#3559 = FACE_BOUND ( 'NONE', #2793, .T. ) ;
#3561 = LINE ( 'NONE', #1116, #5577 ) ;
#3562 = CARTESIAN_POINT ( 'NONE',  ( 17.39525408714670363, 81.31782332590823614, 8.212314184079358981 ) ) ;
#3563 = PLANE ( 'NONE',  #3095 ) ;
#3564 = EDGE_CURVE ( 'NONE', #6247, #6546, #6167, .T. ) ;
#3565 = CARTESIAN_POINT ( 'NONE',  ( -16.18148969914515334, 88.89573663721606067, 7.531122495516365589 ) ) ;
#3566 = CARTESIAN_POINT ( 'NONE',  ( -2.521584453126094250, 58.32328709881840467, 10.62641716505109990 ) ) ;
#3567 = EDGE_CURVE ( 'NONE', #6807, #5467, #6603, .T. ) ;
#3568 = EDGE_CURVE ( 'NONE', #2353, #2002, #1285, .T. ) ;
#3571 = ORIENTED_EDGE ( 'NONE', *, *, #3358, .T. ) ;
#3570 = DIRECTION ( 'NONE',  ( 0.000000000000000000, 0.000000000000000000, 1.000000000000000000 ) ) ;
#3569 = CARTESIAN_POINT ( 'NONE',  ( -21.67390810915620492, 5.643407526215716175, -8.601616246007949940 ) ) ;
#3572 = CARTESIAN_POINT ( 'NONE',  ( -14.50000000000000000, 110.0000000000000000, -15.50000000000520828 ) ) ;
#3573 = CARTESIAN_POINT ( 'NONE',  ( -18.25163800663502656, 76.54216147949740900, 8.683424198830682172 ) ) ;
#3574 = CARTESIAN_POINT ( 'NONE',  ( -7.184957976769029031, 107.5529731706167240, 8.500244750519618364 ) ) ;
#3575 = CARTESIAN_POINT ( 'NONE',  ( -23.00000000000000000, 2.000000000000054179, -1.505509499091451279E-14 ) ) ;
#3576 = CARTESIAN_POINT ( 'NONE',  ( -24.00000000000000000, 5.561455489089373162E-16, -6.999999999999998224 ) ) ;
#3577 = CARTESIAN_POINT ( 'NONE',  ( 25.00000000000004263, 17.50000000000004263, -17.50000000000000355 ) ) ;
#3578 = CARTESIAN_POINT ( 'NONE',  ( -23.22936481065426051, 39.02532370610209256, -17.50000000000000000 ) ) ;
#3579 = CARTESIAN_POINT ( 'NONE',  ( -19.00000000000112976, 9.769705154758900889, -3.125543373498614663 ) ) ;
#3580 = CARTESIAN_POINT ( 'NONE',  ( -17.00069557354583338, 72.61494289937897406, 11.06196618792934494 ) ) ;
#3581 = CARTESIAN_POINT ( 'NONE',  ( 12.50000000000001066, 110.0000000000000000, -17.50000000000000355 ) ) ;
#3582 = ORIENTED_EDGE ( 'NONE', *, *, #3706, .F. ) ;
#3583 = CARTESIAN_POINT ( 'NONE',  ( 20.99495229912208316, 7.508823283091333955, 7.029482022034491351 ) ) ;
#3584 = CARTESIAN_POINT ( 'NONE',  ( 14.49726623669983994, 86.83809937410774182, 9.689964956415131780 ) ) ;
#3585 = ORIENTED_EDGE ( 'NONE', *, *, #34, .T. ) ;
#3586 = B_SPLINE_CURVE_WITH_KNOTS ( 'NONE', 3,
 ( #4014, #2940, #2866, #3566 ),
 .UNSPECIFIED., .F., .F.,
 ( 4, 4 ),
 ( 0.000000000000000000, 1.000000000000000000 ),
 .UNSPECIFIED. ) ;
#3587 = DIRECTION ( 'NONE',  ( -0.000000000000000000, -0.000000000000000000, -1.000000000000000000 ) ) ;
#3588 = CARTESIAN_POINT ( 'NONE',  ( -19.27761356820036553, 17.84441623368180885, 16.74484714507146421 ) ) ;
#3589 = CARTESIAN_POINT ( 'NONE',  ( 19.81643153495615550, 58.19979024643424736, -17.50000000000000711 ) ) ;
#3590 = CARTESIAN_POINT ( 'NONE',  ( -17.68776171587352408, 16.59525473239968107, 14.83746632595311254 ) ) ;
#3591 = EDGE_LOOP ( 'NONE', ( #1884, #2027, #4142, #1430 ) ) ;
#3592 = CARTESIAN_POINT ( 'NONE',  ( -27.00000000000000355, 0.6965351376568122976, 15.49998022538857079 ) ) ;
#3593 = CARTESIAN_POINT ( 'NONE',  ( 19.93969262078590532, 10.40812542098089644, -5.023547007758736527 ) ) ;
#3594 = CARTESIAN_POINT ( 'NONE',  ( 24.88901300838921316, 22.64638307840286302, 16.35397627711180846 ) ) ;
#3595 = EDGE_LOOP ( 'NONE', ( #7086, #1936 ) ) ;
#3597 = ORIENTED_EDGE ( 'NONE', *, *, #617, .T. ) ;
#3596 = DIRECTION ( 'NONE',  ( 1.000000000000000000, -0.000000000000000000, 0.000000000000000000 ) ) ;
#3598 = CARTESIAN_POINT ( 'NONE',  ( -23.00000000000000000, 0.000000000000000000, 0.000000000000000000 ) ) ;
#3599 = CARTESIAN_POINT ( 'NONE',  ( 17.72572682037036529, 79.42919243046878819, 8.394831324115655136 ) ) ;
#3600 = FACE_OUTER_BOUND ( 'NONE', #2086, .T. ) ;
#3601 = DIRECTION ( 'NONE',  ( 0.000000000000000000, 0.000000000000000000, -1.000000000000000000 ) ) ;
#3602 = DIRECTION ( 'NONE',  ( -0.000000000000000000, 0.000000000000000000, -1.000000000000000000 ) ) ;
#3603 = CIRCLE ( 'NONE', #6819, 2.000000000000000000 ) ;
#3604 = ORIENTED_EDGE ( 'NONE', *, *, #4344, .F. ) ;
#3605 = ADVANCED_FACE ( 'NONE', ( #4745 ), #5962, .F. ) ;
#3608 = VERTEX_POINT ( 'NONE', #6250 ) ;
#3607 = CARTESIAN_POINT ( 'NONE',  ( 26.05353259819475298, 32.87106212254331439, -15.50000000000000178 ) ) ;
#3606 = CARTESIAN_POINT ( 'NONE',  ( -22.08364474300822877, 1.452184445365175991, -10.14660831690271792 ) ) ;
#3609 = CARTESIAN_POINT ( 'NONE',  ( 3.849541025665344396, 54.61545360417554207, 11.02193298833953250 ) ) ;
#3610 = CARTESIAN_POINT ( 'NONE',  ( -15.88146832974488021, 91.11299558088546746, 7.357122604149842537 ) ) ;
#3611 = EDGE_CURVE ( 'NONE', #1489, #7921, #33, .T. ) ;
#3612 = LINE ( 'NONE', #3838, #1007 ) ;
#3613 = DIRECTION ( 'NONE',  ( 1.000000000000000000, -0.000000000000000000, 0.000000000000000000 ) ) ;
#3614 = DIRECTION ( 'NONE',  ( 0.000000000000000000, -1.000000000000000000, 0.000000000000000000 ) ) ;
#3615 = CARTESIAN_POINT ( 'NONE',  ( -17.18200618283561099, 23.62524512816854028, 16.27021037433166839 ) ) ;
#3616 = ADVANCED_FACE ( 'NONE', ( #3779 ), #4506, .F. ) ;
#3617 = CARTESIAN_POINT ( 'NONE',  ( -20.74743985787947054, 53.42309248370664676, -17.50000000000000711 ) ) ;
#3618 = ADVANCED_FACE ( 'NONE', ( #3116 ), #3903, .F. ) ;
#3619 = CARTESIAN_POINT ( 'NONE',  ( 27.00000000000000000, 0.000000000000000000, 0.000000000000000000 ) ) ;
#3620 = CARTESIAN_POINT ( 'NONE',  ( -18.97363931629540801, 62.65451987487418961, 12.14238010826801961 ) ) ;
#3621 = DIRECTION ( 'NONE',  ( 0.000000000000000000, 0.000000000000000000, -1.000000000000000000 ) ) ;
#3622 = ORIENTED_EDGE ( 'NONE', *, *, #4206, .T. ) ;
#3623 = CIRCLE ( 'NONE', #7494, 2.250000000000001776 ) ;
#3624 = CARTESIAN_POINT ( 'NONE',  ( 13.56428244270527728, 93.62525486150329357, 9.157878471555617850 ) ) ;
#3625 = AXIS2_PLACEMENT_3D ( 'NONE', #7199, #5394, #4047 ) ;
#3626 = ORIENTED_EDGE ( 'NONE', *, *, #6246, .T. ) ;
#3627 = VECTOR ( 'NONE', #7913, 1000.000000000000000 ) ;
#3628 = CARTESIAN_POINT ( 'NONE',  ( 4.388442437982143396, 102.3003997956047328, 8.665247459029853161 ) ) ;
#3629 = CYLINDRICAL_SURFACE ( 'NONE', #771, 1.000000000000000666 ) ;
#3630 = CARTESIAN_POINT ( 'NONE',  ( 23.75938299877670445, 35.17133663908541052, -17.50000000000000355 ) ) ;
#3631 = CARTESIAN_POINT ( 'NONE',  ( -11.29463101386579815, 34.16023697578758345, 13.26012887618955283 ) ) ;
#3632 = VERTEX_POINT ( 'NONE', #4383 ) ;
#3633 = CYLINDRICAL_SURFACE ( 'NONE', #1781, 1.000000000000000888 ) ;
#3634 = CARTESIAN_POINT ( 'NONE',  ( 5.590395523032022140, 55.52276511106160228, 12.94116318750526595 ) ) ;
#3635 = CARTESIAN_POINT ( 'NONE',  ( 24.85821791209627563, 23.30475297272986168, 16.29780369683237140 ) ) ;
#3636 = EDGE_LOOP ( 'NONE', ( #7093, #5399, #16, #2785, #3461, #7218, #7049, #6539, #4208, #6557, #3452, #3125 ) ) ;
#3638 = EDGE_LOOP ( 'NONE', ( #7073, #2368, #6066, #5038 ) ) ;
#3637 = CARTESIAN_POINT ( 'NONE',  ( -20.99999999999999645, 0.000000000000000000, 0.000000000000000000 ) ) ;
#3639 = CARTESIAN_POINT ( 'NONE',  ( 13.50000000000000533, 115.0000000000000000, 3.499999999999996891 ) ) ;
#3640 = CARTESIAN_POINT ( 'NONE',  ( 21.00215886116907882, 62.48967016886757619, 10.19188871465582125 ) ) ;
#3641 = LINE ( 'NONE', #1729, #2329 ) ;
#3642 = CARTESIAN_POINT ( 'NONE',  ( 24.00000000000000000, -1.395418361564970862E-15, 6.999999999999998224 ) ) ;
#3643 = CARTESIAN_POINT ( 'NONE',  ( 4.110480616806158061, 104.1104806168061430, 6.554046116370134456 ) ) ;
#3644 = ORIENTED_EDGE ( 'NONE', *, *, #1326, .F. ) ;
#3647 = ORIENTED_EDGE ( 'NONE', *, *, #5053, .F. ) ;
#3646 = CARTESIAN_POINT ( 'NONE',  ( 2.514389541816578699, 58.32328709881843309, 10.61939520098465550 ) ) ;
#3645 = CARTESIAN_POINT ( 'NONE',  ( -19.00000000000000000, 0.000000000000000000, -10.25000000000000000 ) ) ;
#3648 = LINE ( 'NONE', #564, #3224 ) ;
#3649 = CARTESIAN_POINT ( 'NONE',  ( -15.68670104749236494, 92.62814508896204302, 7.243108564700720287 ) ) ;
#3650 = CARTESIAN_POINT ( 'NONE',  ( -19.00000000000000000, 8.000000000000000000, 0.000000000000000000 ) ) ;
#3651 = CARTESIAN_POINT ( 'NONE',  ( 23.00000000000000000, -9.251858538543060574E-16, 15.49999999999998579 ) ) ;
#3652 = EDGE_CURVE ( 'NONE', #7208, #4618, #6851, .T. ) ;
#3653 = CARTESIAN_POINT ( 'NONE',  ( -17.13118732608245764, 23.76537301133006608, 16.25807522083785273 ) ) ;
#3654 = CARTESIAN_POINT ( 'NONE',  ( -22.03494393981059929, 46.41175638718302565, -17.50000000000000355 ) ) ;
#3655 = CARTESIAN_POINT ( 'NONE',  ( -24.00000000000000000, 0.000000000000000000, 0.000000000000000000 ) ) ;
#3656 = CARTESIAN_POINT ( 'NONE',  ( -21.59452498481166671, 49.10821709941919977, 13.66125608520784951 ) ) ;
#3657 = FACE_OUTER_BOUND ( 'NONE', #4415, .T. ) ;
#3658 = EDGE_CURVE ( 'NONE', #5692, #4076, #4400, .T. ) ;
#3659 = FACE_OUTER_BOUND ( 'NONE', #4095, .T. ) ;
#3660 = EDGE_CURVE ( 'NONE', #1503, #5473, #6846, .T. ) ;
#3661 = EDGE_CURVE ( 'NONE', #6224, #6807, #5033, .T. ) ;
#3662 = EDGE_LOOP ( 'NONE', ( #662, #7850, #5375, #7708, #685 ) ) ;
#3663 = VECTOR ( 'NONE', #4838, 1000.000000000000000 ) ;
#3664 = CARTESIAN_POINT ( 'NONE',  ( -20.99495229912113103, 7.508823283091476952, -7.029482022034504674 ) ) ;
#3665 = CARTESIAN_POINT ( 'NONE',  ( -23.94295495752291458, -0.5907474533567735886, 15.56288498044970225 ) ) ;
#3666 = AXIS2_PLACEMENT_3D ( 'NONE', #5635, #2422, #3109 ) ;
#3667 = CARTESIAN_POINT ( 'NONE',  ( 24.40719599445159815, 29.37271188523919108, -17.50000000000000000 ) ) ;
#3668 = CARTESIAN_POINT ( 'NONE',  ( -15.25609225808201330, 23.27621165925916813, 14.30051786221499022 ) ) ;
#3669 = ORIENTED_EDGE ( 'NONE', *, *, #127, .F. ) ;
#3670 = CARTESIAN_POINT ( 'NONE',  ( -26.99999999999999289, 11.45216024567690738, 15.16092325080443182 ) ) ;
#3671 = LINE ( 'NONE', #700, #4312 ) ;
#3672 = AXIS2_PLACEMENT_3D ( 'NONE', #2588, #3286, #5849 ) ;
#3673 = CARTESIAN_POINT ( 'NONE',  ( 22.67967480145773962, 42.80657656756061868, 14.35770655614782854 ) ) ;
#3675 = ORIENTED_EDGE ( 'NONE', *, *, #442, .F. ) ;
#3674 = AXIS2_PLACEMENT_3D ( 'NONE', #2644, #4405, #5137 ) ;
#3676 = VECTOR ( 'NONE', #5214, 1000.000000000000000 ) ;
#3677 = CARTESIAN_POINT ( 'NONE',  ( 13.50000000000000178, 115.0000000000000000, -10.25000000000000178 ) ) ;
#3678 = CARTESIAN_POINT ( 'NONE',  ( -5.000000000000002665, 118.0000000000000142, 6.409682082549488236 ) ) ;
#3679 = FACE_OUTER_BOUND ( 'NONE', #4585, .T. ) ;
#3680 = CARTESIAN_POINT ( 'NONE',  ( 24.65769315006363271, 42.87892660556030933, 12.37250945407433633 ) ) ;
#3681 = LINE ( 'NONE', #2291, #4409 ) ;
#3682 = CARTESIAN_POINT ( 'NONE',  ( 20.53027928062143559, 8.785501908851848896, 15.31513785762645341 ) ) ;
#3683 = CARTESIAN_POINT ( 'NONE',  ( -24.00000000000000000, 8.000000000000000000, -2.000000000000000000 ) ) ;
#3684 = VERTEX_POINT ( 'NONE', #7497 ) ;
#3687 = VERTEX_POINT ( 'NONE', #2627 ) ;
#3686 = CARTESIAN_POINT ( 'NONE',  ( 24.84686367802128615, 41.68838607935798990, -15.50000000000000355 ) ) ;
#3685 = DIRECTION ( 'NONE',  ( -1.000000000000000000, 0.000000000000000000, 0.000000000000000000 ) ) ;
#3688 = CARTESIAN_POINT ( 'NONE',  ( 14.50000000000000000, 110.0000000000000000, 6.500000000000005329 ) ) ;
#3689 = CARTESIAN_POINT ( 'NONE',  ( -24.18440465163744335, 45.72381835551301776, -15.50000000000001066 ) ) ;
#3690 = VECTOR ( 'NONE', #1932, 1000.000000000000114 ) ;
#3691 = CARTESIAN_POINT ( 'NONE',  ( -24.00000000000000000, 8.000000000000000000, 2.000000000000000000 ) ) ;
#3692 = DIRECTION ( 'NONE',  ( 0.000000000000000000, -7.527547495457052866E-15, -1.000000000000000000 ) ) ;
#3693 = CARTESIAN_POINT ( 'NONE',  ( -25.00000000000001421, 2.002958818476520797, 17.48720246861695315 ) ) ;
#3694 = CARTESIAN_POINT ( 'NONE',  ( -20.02814562808353571, 57.12635805477945183, -17.50000000000000711 ) ) ;
#3695 = CARTESIAN_POINT ( 'NONE',  ( 18.96969319135649101, 13.07317695022217130, 15.07892400927424603 ) ) ;
#3696 = LINE ( 'NONE', #5646, #6199 ) ;
#3697 = CARTESIAN_POINT ( 'NONE',  ( 12.66860419686305228, 103.8026782389023168, 8.612637220358706713 ) ) ;
#3698 = ORIENTED_EDGE ( 'NONE', *, *, #3661, .T. ) ;
#3699 = EDGE_CURVE ( 'NONE', #3322, #1279, #1093, .T. ) ;
#3700 = DIRECTION ( 'NONE',  ( -1.000000000000000000, 0.000000000000000000, -0.000000000000000000 ) ) ;
#3701 = CARTESIAN_POINT ( 'NONE',  ( 24.83699498030678754, 23.55282706485926525, -17.49999999999999645 ) ) ;
#3702 = CARTESIAN_POINT ( 'NONE',  ( 19.59853106216006680, 7.673063170681290401, -7.579234007966456410 ) ) ;
#3703 = ORIENTED_EDGE ( 'NONE', *, *, #7611, .F. ) ;
#3704 = PRODUCT_DEFINITION ( 'UNKNOWN', '', #1935, #7299 ) ;
#3705 = CARTESIAN_POINT ( 'NONE',  ( 6.795798016885726156, 52.21059051840502008, 13.31366445331132020 ) ) ;
#3706 = EDGE_CURVE ( 'NONE', #4323, #77, #5186, .T. ) ;
#3707 = CARTESIAN_POINT ( 'NONE',  ( 20.50570783739207315, 54.90155212908367588, 13.01107540406108498 ) ) ;
#3708 = ORIENTED_EDGE ( 'NONE', *, *, #3699, .T. ) ;
#3709 = AXIS2_PLACEMENT_3D ( 'NONE', #6754, #4330, #4901 ) ;
#3710 = PLANE ( 'NONE',  #4008 ) ;
#3711 = CARTESIAN_POINT ( 'NONE',  ( -19.86038463786933406, 10.62602231322621549, -0.3987930995946050716 ) ) ;
#3712 = LINE ( 'NONE', #2448, #6213 ) ;
#3713 = EDGE_CURVE ( 'NONE', #211, #6238, #2817, .T. ) ;
#3714 = CARTESIAN_POINT ( 'NONE',  ( 24.58084231611492854, 43.35248669632760965, 12.32121943138654707 ) ) ;
#3715 = CARTESIAN_POINT ( 'NONE',  ( 12.50000000000001066, 118.0000000000000142, -17.50000000000000355 ) ) ;
#3716 = CARTESIAN_POINT ( 'NONE',  ( 23.00000000000000000, 2.000000000000166533, 15.54067879533209329 ) ) ;
#3717 = CARTESIAN_POINT ( 'NONE',  ( 26.99999999999999645, 8.830402089921671305, 15.28007941404157677 ) ) ;
#3718 = ORIENTED_EDGE ( 'NONE', *, *, #3567, .F. ) ;
#3719 = B_SPLINE_CURVE_WITH_KNOTS ( 'NONE', 3,
 ( #2198, #5819, #1554, #3299 ),
 .UNSPECIFIED., .F., .F.,
 ( 4, 4 ),
 ( 0.000000000000000000, 1.000000000000000000 ),
 .UNSPECIFIED. ) ;
#3722 = EDGE_LOOP ( 'NONE', ( #2978, #2068 ) ) ;
#3721 = CARTESIAN_POINT ( 'NONE',  ( -22.97357852759444086, 1.948090437592610913, 10.81232867310903423 ) ) ;
#3720 = CARTESIAN_POINT ( 'NONE',  ( 25.70974042079181743, 0.02907337208181312582, 17.49999898730612102 ) ) ;
#3723 = DIRECTION ( 'NONE',  ( 0.000000000000000000, 0.000000000000000000, -1.000000000000000000 ) ) ;
#3724 = LINE ( 'NONE', #6320, #4916 ) ;
#3725 = VECTOR ( 'NONE', #1916, 1000.000000000000000 ) ;
#3726 = CARTESIAN_POINT ( 'NONE',  ( -22.97357567591872396, 1.948087713478817928, -10.81231519955966114 ) ) ;
#3727 = CARTESIAN_POINT ( 'NONE',  ( 20.99999999999999645, -8.000000000000000000, -8.673617379884035472E-16 ) ) ;
#3728 = VECTOR ( 'NONE', #4132, 1000.000000000000000 ) ;
#3729 = CARTESIAN_POINT ( 'NONE',  ( -21.94499133524104550, 10.47235077041805695, 17.20490583049927835 ) ) ;
#3730 = AXIS2_PLACEMENT_3D ( 'NONE', #6683, #6646, #4141 ) ;
#3731 = VECTOR ( 'NONE', #6645, 1000.000000000000000 ) ;
#3733 = ORIENTED_EDGE ( 'NONE', *, *, #6624, .F. ) ;
#3732 = CARTESIAN_POINT ( 'NONE',  ( -16.77492109904634887, 73.58107067479873820, -17.50000000000000000 ) ) ;
#3734 = DIRECTION ( 'NONE',  ( -1.000000000000000000, 0.000000000000000000, 0.000000000000000000 ) ) ;
#3735 = CARTESIAN_POINT ( 'NONE',  ( 23.32897011265797005, 1.096162043796969465, 15.55342433728289997 ) ) ;
#3736 = CARTESIAN_POINT ( 'NONE',  ( -23.00000000000000000, -9.251858538542930412E-16, 15.50000000000001421 ) ) ;
#3737 = DIRECTION ( 'NONE',  ( 0.000000000000000000, 0.000000000000000000, -1.000000000000000000 ) ) ;
#3738 = CIRCLE ( 'NONE', #2694, 2.000000000000000000 ) ;
#3739 = ORIENTED_EDGE ( 'NONE', *, *, #7412, .T. ) ;
#3740 = AXIS2_PLACEMENT_3D ( 'NONE', #2984, #4978, #7324 ) ;
#3741 = LINE ( 'NONE', #6217, #3227 ) ;
#3742 = CARTESIAN_POINT ( 'NONE',  ( -20.74999999999999645, 63.75000000000000000, -17.50000000000000355 ) ) ;
#3743 = CARTESIAN_POINT ( 'NONE',  ( 19.08620191345440276, 54.41028835150044785, 6.499999999999993783 ) ) ;
#3744 = EDGE_LOOP ( 'NONE', ( #6758, #5982 ) ) ;
#3745 = LINE ( 'NONE', #7428, #5364 ) ;
#3746 = CARTESIAN_POINT ( 'NONE',  ( 23.10248254796767498, 40.08682788779429274, 14.65145089209032214 ) ) ;
#3747 = EDGE_CURVE ( 'NONE', #3982, #3364, #4286, .T. ) ;
#3748 = VECTOR ( 'NONE', #5984, 1000.000000000000000 ) ;
#3749 = EDGE_LOOP ( 'NONE', ( #7269, #4412, #7522, #5756 ) ) ;
#3750 = AXIS2_PLACEMENT_3D ( 'NONE', #6479, #918, #2774 ) ;
#3751 = ADVANCED_FACE ( 'NONE', ( #3525 ), #6597, .F. ) ;
#3752 = CARTESIAN_POINT ( 'NONE',  ( -23.00000000000000000, 2.000000000000171418, 15.54067879533208973 ) ) ;
#3753 = CARTESIAN_POINT ( 'NONE',  ( -20.35407784698512756, 9.269611369043042615, 4.380095586301650634 ) ) ;
#3754 = DIRECTION ( 'NONE',  ( 1.000000000000000000, -0.000000000000000000, 0.000000000000000000 ) ) ;
#3755 = CARTESIAN_POINT ( 'NONE',  ( 4.999999999999997335, 103.0000000000000142, 22.73723446728292785 ) ) ;
#3756 = CARTESIAN_POINT ( 'NONE',  ( 25.55669311334018801, 36.84780223174079339, 13.01160335789575129 ) ) ;
#3757 = DIRECTION ( 'NONE',  ( 0.000000000000000000, 1.000000000000000000, 0.000000000000000000 ) ) ;
#3758 = AXIS2_PLACEMENT_3D ( 'NONE', #5873, #4579, #7043 ) ;
#3759 = DIRECTION ( 'NONE',  ( -0.000000000000000000, -0.000000000000000000, -1.000000000000000000 ) ) ;
#3760 = ADVANCED_FACE ( 'NONE', ( #2737 ), #957, .F. ) ;
#3761 = CARTESIAN_POINT ( 'NONE',  ( -13.50000000000000178, 115.0000000000000000, 3.499999999999996891 ) ) ;
#3762 = EDGE_LOOP ( 'NONE', ( #4125, #5510, #6083, #6377 ) ) ;
#3763 = VECTOR ( 'NONE', #1883, 1000.000000000000000 ) ;
#3764 =( BOUNDED_CURVE ( )  B_SPLINE_CURVE ( 3, ( #2285, #1150, #5349, #4775 ),
 .UNSPECIFIED., .F., .T. ) 
 B_SPLINE_CURVE_WITH_KNOTS ( ( 4, 4 ),
 ( 4.875211734813789555, 5.820293440019226772 ),
 .UNSPECIFIED. ) 
 CURVE ( )  GEOMETRIC_REPRESENTATION_ITEM ( )  RATIONAL_B_SPLINE_CURVE ( ( 1.000000000000000000, 0.9269431294573309277, 0.9269431294573309277, 1.000000000000000000 ) ) 
 REPRESENTATION_ITEM ( '' )  );
#3765 = EDGE_CURVE ( 'NONE', #7208, #2207, #3392, .T. ) ;
#3766 = EDGE_CURVE ( 'NONE', #7589, #7128, #7768, .T. ) ;
#3769 = ORIENTED_EDGE ( 'NONE', *, *, #1256, .T. ) ;
#3768 = DIRECTION ( 'NONE',  ( -0.5773502691896231775, 0.5773502691896311712, -0.5773502691896230665 ) ) ;
#3767 = CARTESIAN_POINT ( 'NONE',  ( 11.71946262837880148, 32.99302170784270061, 13.38231801666182008 ) ) ;
#3770 = CARTESIAN_POINT ( 'NONE',  ( 19.00000000000535394, 9.501997748497421625, -3.863679058612681683 ) ) ;
#3771 = CARTESIAN_POINT ( 'NONE',  ( -13.50000000000000178, 115.0000000000000000, 3.499999999999996891 ) ) ;
#3772 = PLANE ( 'NONE',  #4581 ) ;
#3773 = CARTESIAN_POINT ( 'NONE',  ( -23.00000000000000000, 2.000000000000170974, 15.48707321619137645 ) ) ;
#3774 = CARTESIAN_POINT ( 'NONE',  ( 25.00000000000001421, 0.000000000000000000, -17.50000000000000355 ) ) ;
#3775 = CARTESIAN_POINT ( 'NONE',  ( -18.21860231671918839, 20.76611142022798973, 16.50959911028783367 ) ) ;
#3776 = ORIENTED_EDGE ( 'NONE', *, *, #6606, .T. ) ;
#3778 = EDGE_LOOP ( 'NONE', ( #6339, #6207, #1079, #4685 ) ) ;
#3777 = CARTESIAN_POINT ( 'NONE',  ( -17.64669143136721985, 69.09595642482864264, -17.50000000000000711 ) ) ;
#3779 = FACE_OUTER_BOUND ( 'NONE', #5337, .T. ) ;
#3780 = FACE_OUTER_BOUND ( 'NONE', #3991, .T. ) ;
#3781 = DIRECTION ( 'NONE',  ( 0.000000000000000000, 0.000000000000000000, 1.000000000000000000 ) ) ;
#3782 = CARTESIAN_POINT ( 'NONE',  ( -20.99999999999999645, -1.272953681650235517E-15, 6.000000000000000000 ) ) ;
#3783 = VERTEX_POINT ( 'NONE', #4088 ) ;
#3784 = CARTESIAN_POINT ( 'NONE',  ( 13.63175011436135975, 92.94851761732044793, -17.50000000000000355 ) ) ;
#3785 = ORIENTED_EDGE ( 'NONE', *, *, #2213, .F. ) ;
#3786 = DIRECTION ( 'NONE',  ( 0.7225826974746819564, -0.000000000000000000, 0.6912844894182222921 ) ) ;
#3787 = CARTESIAN_POINT ( 'NONE',  ( -21.94059561800188973, 48.55791397368845708, 6.499999999999993783 ) ) ;
#3788 = CARTESIAN_POINT ( 'NONE',  ( -21.94059561800188973, 48.55791397368845708, -15.50000000000000533 ) ) ;
#3789 = ORIENTED_EDGE ( 'NONE', *, *, #4011, .F. ) ;
#3790 = CARTESIAN_POINT ( 'NONE',  ( 7.859286937597095068, 49.28753842252695705, 13.64119230074474842 ) ) ;
#3791 = CARTESIAN_POINT ( 'NONE',  ( 23.00276540906556377, 40.74251476046360665, 14.58100150994362387 ) ) ;
#3792 = ORIENTED_EDGE ( 'NONE', *, *, #984, .F. ) ;
#3793 = AXIS2_PLACEMENT_3D ( 'NONE', #4960, #1864, #1383 ) ;
#3794 = EDGE_CURVE ( 'NONE', #5308, #4667, #6604, .T. ) ;
#3795 = CARTESIAN_POINT ( 'NONE',  ( -29.01166342986738300, 55.62898178555392548, 6.499999999999993783 ) ) ;
#3796 = CARTESIAN_POINT ( 'NONE',  ( -25.00000000000001066, 1.255262969126037241E-15, 10.25000000000000000 ) ) ;
#3797 = CARTESIAN_POINT ( 'NONE',  ( -14.50000000000000000, 115.0000000000000000, 3.499999999999996891 ) ) ;
#3798 = DIRECTION ( 'NONE',  ( 0.000000000000000000, 0.000000000000000000, 1.000000000000000000 ) ) ;
#3799 = CARTESIAN_POINT ( 'NONE',  ( 24.82327670994277113, 41.83897115675305400, 12.48460666169109068 ) ) ;
#3800 = DIRECTION ( 'NONE',  ( 1.000000000000000000, -0.000000000000000000, -0.000000000000000000 ) ) ;
#3801 = CARTESIAN_POINT ( 'NONE',  ( 10.57240992057347029, 36.14452312146205770, 13.05328771843695890 ) ) ;
#3802 = CARTESIAN_POINT ( 'NONE',  ( 21.94059561800188973, 48.55791397368845708, -15.50000000000000533 ) ) ;
#3803 = ORIENTED_EDGE ( 'NONE', *, *, #490, .F. ) ;
#3804 = ADVANCED_FACE ( 'NONE', ( #6187 ), #2369, .F. ) ;
#3807 = ORIENTED_EDGE ( 'NONE', *, *, #1269, .F. ) ;
#3806 = CARTESIAN_POINT ( 'NONE',  ( 3.000000000000009770, 103.0000000000000142, -15.50000000000001776 ) ) ;
#3805 = CARTESIAN_POINT ( 'NONE',  ( 25.54294886365757833, 0.4932447405894911929, 17.49922068999764591 ) ) ;
#3808 = CARTESIAN_POINT ( 'NONE',  ( 19.91017168739547571, 10.48923351886828925, 1.593996788199404158 ) ) ;
#3809 = DIRECTION ( 'NONE',  ( 0.000000000000000000, 0.000000000000000000, -1.000000000000000000 ) ) ;
#3810 = CARTESIAN_POINT ( 'NONE',  ( -19.28442701858108776, 61.09946171346735611, 12.31558794718103123 ) ) ;
#3811 = LINE ( 'NONE', #4457, #1972 ) ;
#3812 = DIRECTION ( 'NONE',  ( 0.000000000000000000, 0.000000000000000000, -1.000000000000000000 ) ) ;
#3813 = LINE ( 'NONE', #4614, #3072 ) ;
#3814 = EDGE_CURVE ( 'NONE', #6214, #5723, #4248, .T. ) ;
#3815 =( BOUNDED_SURFACE ( )  B_SPLINE_SURFACE ( 3, 2, ( 
 ( #1060, #2879, #5376 ),
 ( #1666, #2918, #3541 ),
 ( #453, #7301, #5415 ),
 ( #3579, #2310, #4799 ),
 ( #6498, #7262, #1706 ),
 ( #4188, #6655, #6055 ),
 ( #938, #3131, #1310 ),
 ( #7996, #2447, #745 ),
 ( #7474, #3711, #4935 ),
 ( #6749, #4441, #1875 ),
 ( #6822, #4404, #7395 ),
 ( #3218, #1955, #587 ),
 ( #3175, #3091, #3836 ),
 ( #2522, #1840, #6902 ),
 ( #2406, #5589, #4361 ),
 ( #50, #1271, #6186 ),
 ( #1193, #1353, #665 ),
 ( #6864, #3753, #6226 ) ),
 .UNSPECIFIED., .F., .F., .F. ) 
 B_SPLINE_SURFACE_WITH_KNOTS ( ( 4, 2, 2, 2, 2, 2, 2, 2, 4 ),
 ( 3, 3 ),
 ( 0.004004896183707177051, 0.005329010625427135772, 0.006653125067147093626, 0.007977239508867051479, 0.009301353950587010200, 0.01062546839230696892, 0.01194958283402692764, 0.01327369727574688636, 0.01459781171746684508 ),
 ( 0.000000000000000000, 1.000000000000000000 ),
 .UNSPECIFIED. ) 
 GEOMETRIC_REPRESENTATION_ITEM ( )  RATIONAL_B_SPLINE_SURFACE ( (
 ( 1.000000000000000000, 0.5890553352692002864, 1.000000000000000000),
 ( 1.000000000000000000, 0.6145817899650597438, 1.000000000000000000),
 ( 1.000000000000000000, 0.6355441114899680333, 1.000000000000000000),
 ( 1.000000000000000000, 0.6705361320132026126, 1.000000000000000000),
 ( 1.000000000000000000, 0.6846079304741969906, 1.000000000000000000),
 ( 1.000000000000000000, 0.7069971637022502975, 1.000000000000000000),
 ( 1.000000000000000000, 0.7153207000234558244, 1.000000000000000000),
 ( 1.000000000000000000, 0.7263222690154718109, 1.000000000000000000),
 ( 1.000000000000000000, 0.7290065588535313834, 1.000000000000000000),
 ( 1.000000000000000000, 0.7290028351438065934, 1.000000000000000000),
 ( 1.000000000000000000, 0.7263145292015245058, 1.000000000000000000),
 ( 1.000000000000000000, 0.7153457218009953156, 1.000000000000000000),
 ( 1.000000000000000000, 0.7070069596974325465, 1.000000000000000000),
 ( 1.000000000000000000, 0.6845665938944879292, 1.000000000000000000),
 ( 1.000000000000000000, 0.6704704621368693385, 1.000000000000000000),
 ( 1.000000000000000000, 0.6354824707952422269, 1.000000000000000000),
 ( 1.000000000000000000, 0.6145956427718498594, 1.000000000000000000),
 ( 1.000000000000000000, 0.5890553352692010636, 1.000000000000000000) ) ) 
 REPRESENTATION_ITEM ( '' )  SURFACE ( )  );
#3816 = CARTESIAN_POINT ( 'NONE',  ( -8.765323861136957717, 46.79666152009007618, 13.91860988813125033 ) ) ;
#3817 = VERTEX_POINT ( 'NONE', #1156 ) ;
#3819 = ORIENTED_EDGE ( 'NONE', *, *, #2762, .F. ) ;
#3818 = CARTESIAN_POINT ( 'NONE',  ( -19.85759055184641753, 57.99163754229093115, -17.50000000000000711 ) ) ;
#3820 = CARTESIAN_POINT ( 'NONE',  ( -26.63130282636676327, 26.83140002556260484, 13.98959262373695189 ) ) ;
#3821 = PLANE ( 'NONE',  #2298 ) ;
#3822 = DIRECTION ( 'NONE',  ( 1.000000000000000000, -0.000000000000000000, 0.000000000000000000 ) ) ;
#3823 = CARTESIAN_POINT ( 'NONE',  ( 12.73851962987134634, 102.5639509071235551, 8.657643352931849279 ) ) ;
#3824 = ORIENTED_EDGE ( 'NONE', *, *, #3411, .T. ) ;
#3825 = CARTESIAN_POINT ( 'NONE',  ( 13.80080631044137718, 91.58745311226155650, -17.50000000000000711 ) ) ;
#3826 = ORIENTED_EDGE ( 'NONE', *, *, #3200, .F. ) ;
#3827 = CARTESIAN_POINT ( 'NONE',  ( -13.05350630223170327, 98.48074513751802783, 8.853503893194494268 ) ) ;
#3828 = CARTESIAN_POINT ( 'NONE',  ( -21.94059561800188973, 48.55791397368845708, 6.499999999999993783 ) ) ;
#3829 = DIRECTION ( 'NONE',  ( 0.000000000000000000, 0.000000000000000000, -1.000000000000000000 ) ) ;
#3830 = EDGE_LOOP ( 'NONE', ( #1147, #4486, #2104, #5443 ) ) ;
#3831 = CIRCLE ( 'NONE', #4476, 1.000000000000000888 ) ;
#3832 = CARTESIAN_POINT ( 'NONE',  ( 11.80732940352725713, 38.42918745522852930, 14.82797231654530634 ) ) ;
#3833 = CARTESIAN_POINT ( 'NONE',  ( 20.46341659032990989, 55.11998220616372635, 12.98650199125948212 ) ) ;
#3834 = ORIENTED_EDGE ( 'NONE', *, *, #5993, .F. ) ;
#3835 = CARTESIAN_POINT ( 'NONE',  ( -12.50000000000001243, 118.0000000000000142, -17.50000000000000355 ) ) ;
#3836 = CARTESIAN_POINT ( 'NONE',  ( -19.60343093026169115, 11.33199682272383768, 2.162628498080151118 ) ) ;
#3837 = FACE_OUTER_BOUND ( 'NONE', #7265, .T. ) ;
#3838 = CARTESIAN_POINT ( 'NONE',  ( 24.00000000000000000, 4.336808689942017736E-16, -6.999999999999998224 ) ) ;
#3839 = CARTESIAN_POINT ( 'NONE',  ( 26.25697827006600349, 31.00579493521097874, 13.59765049993285935 ) ) ;
#3840 = APPLICATION_PROTOCOL_DEFINITION ( 'international standard', 'config_control_design', 1994, #5937 ) ;
#3841 = CARTESIAN_POINT ( 'NONE',  ( 12.75158827127478212, 30.15727980994597601, 13.66088377488750005 ) ) ;
#3842 = VERTEX_POINT ( 'NONE', #7882 ) ;
#3843 = CC_DESIGN_SECURITY_CLASSIFICATION ( #4025, ( #1935 ) ) ;
#3846 = ORIENTED_EDGE ( 'NONE', *, *, #1017, .F. ) ;
#3845 = CARTESIAN_POINT ( 'NONE',  ( -6.999999999999998224, 104.9999999999999858, -17.50000000000000355 ) ) ;
#3844 = CARTESIAN_POINT ( 'NONE',  ( 9.617337991944697961, 44.45409674822474955, 14.17861580415302214 ) ) ;
#3847 = LINE ( 'NONE', #2616, #7879 ) ;
#3848 = CARTESIAN_POINT ( 'NONE',  ( -27.00000000000000000, 1.255262969126037241E-15, 10.25000000000000000 ) ) ;
#3849 = CARTESIAN_POINT ( 'NONE',  ( -20.26859764912877893, 56.12217291354600945, 12.87376445529195124 ) ) ;
#3850 = CARTESIAN_POINT ( 'NONE',  ( -26.99997098463348522, 19.49402493309082018, 14.61146663635811649 ) ) ;
#3851 = CARTESIAN_POINT ( 'NONE',  ( -22.00000000000000000, 0.000000000000000000, -11.25000000000000000 ) ) ;
#3852 = DIRECTION ( 'NONE',  ( 0.000000000000000000, 0.000000000000000000, 1.000000000000000000 ) ) ;
#3853 = CARTESIAN_POINT ( 'NONE',  ( -6.574449181709966616, 52.81885615256970823, 13.24529762957604717 ) ) ;
#3854 = EDGE_CURVE ( 'NONE', #7800, #84, #4922, .T. ) ;
#3855 = ORIENTED_EDGE ( 'NONE', *, *, #583, .T. ) ;
#3856 = CIRCLE ( 'NONE', #4633, 2.250000000000000444 ) ;
#3857 = EDGE_CURVE ( 'NONE', #967, #7063, #5319, .T. ) ;
#3859 = VERTEX_POINT ( 'NONE', #1727 ) ;
#3858 = CARTESIAN_POINT ( 'NONE',  ( -18.17082693945539873, 66.45215638697118266, -17.50000000000000000 ) ) ;
#3860 = CARTESIAN_POINT ( 'NONE',  ( -26.42010033582001682, 29.32738652215247654, 13.75803777261569039 ) ) ;
#3861 = CARTESIAN_POINT ( 'NONE',  ( 26.23575911253009707, 31.31496306383112227, -15.50000000000001954 ) ) ;
#3862 = DIRECTION ( 'NONE',  ( 0.000000000000000000, 0.000000000000000000, -1.000000000000000000 ) ) ;
#3863 = CARTESIAN_POINT ( 'NONE',  ( -19.00000000000000000, 6.123233995736766282E-16, -5.000000000000000000 ) ) ;
#3864 = EDGE_CURVE ( 'NONE', #7311, #937, #3499, .T. ) ;
#3865 = AXIS2_PLACEMENT_3D ( 'NONE', #3426, #7594, #6432 ) ;
#3866 = VERTEX_POINT ( 'NONE', #1233 ) ;
#3867 = EDGE_CURVE ( 'NONE', #3945, #5695, #3561, .T. ) ;
#3868 = LINE ( 'NONE', #5690, #646 ) ;
#3869 = VERTEX_POINT ( 'NONE', #7964 ) ;
#3870 = CARTESIAN_POINT ( 'NONE',  ( -13.80522541234980949, 91.70287597191183693, 9.297530591618164308 ) ) ;
#3871 = CARTESIAN_POINT ( 'NONE',  ( 14.50000000000000000, 115.0000000000000000, 3.499999999999996891 ) ) ;
#3872 = ORIENTED_EDGE ( 'NONE', *, *, #6606, .F. ) ;
#3873 = VECTOR ( 'NONE', #5932, 1000.000000000000000 ) ;
#3874 = CARTESIAN_POINT ( 'NONE',  ( 10.11979547579444905, 43.07179421717547996, 14.32898273691405855 ) ) ;
#3875 = CARTESIAN_POINT ( 'NONE',  ( 19.06750255836377761, 62.18524006694859452, 12.19456576258024683 ) ) ;
#3876 = VERTEX_POINT ( 'NONE', #5514 ) ;
#3877 = AXIS2_PLACEMENT_3D ( 'NONE', #2226, #6652, #7696 ) ;
#3878 = CIRCLE ( 'NONE', #5818, 2.000000000000000000 ) ;
#3879 = FACE_OUTER_BOUND ( 'NONE', #3830, .T. ) ;
#3880 = CARTESIAN_POINT ( 'NONE',  ( 23.00000000000000000, 1.995477668849319874, -11.07161094299847903 ) ) ;
#3881 = LINE ( 'NONE', #177, #4970 ) ;
#3882 = CARTESIAN_POINT ( 'NONE',  ( 25.00000000072528294, 1.461678891182390805, 17.49310162122307233 ) ) ;
#3883 = CARTESIAN_POINT ( 'NONE',  ( -22.08364474300822877, 1.452184445365326315, 10.14660831690269838 ) ) ;
#3884 = CARTESIAN_POINT ( 'NONE',  ( 6.344791691745358619, 47.75980874324179126, 11.79114102911030670 ) ) ;
#3885 = AXIS2_PLACEMENT_3D ( 'NONE', #4686, #7672, #5177 ) ;
#3886 = ORIENTED_EDGE ( 'NONE', *, *, #6775, .T. ) ;
#3887 = CIRCLE ( 'NONE', #1419, 11.25000000000000000 ) ;
#3888 = B_SPLINE_SURFACE_WITH_KNOTS ( 'NONE', 1, 3, ( 
 ( #477, #1123, #1814, #5441 ),
 ( #5560, #4830, #7330, #7368 ) ),
 .UNSPECIFIED., .F., .F., .F.,
 ( 2, 2 ),
 ( 4, 4 ),
 ( 0.000000000000000000, 1.000000000000000000 ),
 ( 0.000000000000000000, 0.007425631884722125667 ),
 .UNSPECIFIED. ) ;
#3889 = CIRCLE ( 'NONE', #6473, 2.000000000000000000 ) ;
#3892 = EDGE_LOOP ( 'NONE', ( #4503, #766, #4790, #995, #1618 ) ) ;
#3891 = DIRECTION ( 'NONE',  ( -1.000000000000000000, 0.000000000000000000, 0.000000000000000000 ) ) ;
#3890 = CARTESIAN_POINT ( 'NONE',  ( 25.57327279822840538, 0.4088729514173626844, 17.49947094294446615 ) ) ;
#3893 = CARTESIAN_POINT ( 'NONE',  ( 18.99999999996511590, 10.13446045095414760, -1.585505052151558347 ) ) ;
#3894 = CARTESIAN_POINT ( 'NONE',  ( -24.73598713481902323, 42.38856700530983801, -15.49999999999999822 ) ) ;
#3895 = CARTESIAN_POINT ( 'NONE',  ( -20.38345040310307255, 55.53212633987799762, 12.94013690080239876 ) ) ;
#3896 = CARTESIAN_POINT ( 'NONE',  ( -11.50000000000000000, 118.0000000000000142, 0.000000000000000000 ) ) ;
#3897 = DIRECTION ( 'NONE',  ( -1.000000000000000000, 0.000000000000000000, -0.000000000000000000 ) ) ;
#3898 = CARTESIAN_POINT ( 'NONE',  ( -6.547631393803971633, 52.89255168516461936, 13.23701478874318127 ) ) ;
#3899 = LOCAL_TIME ( 16, 17, 41.00000000000000000, #1520 ) ;
#3900 = VERTEX_POINT ( 'NONE', #6035 ) ;
#3902 = VERTEX_POINT ( 'NONE', #7243 ) ;
#3901 = CARTESIAN_POINT ( 'NONE',  ( -17.60891070950688331, 69.28774104445319892, -17.50000000000000355 ) ) ;
#3903 = PLANE ( 'NONE',  #3226 ) ;
#3904 = CARTESIAN_POINT ( 'NONE',  ( 26.99997367842787455, 19.49072302553391367, -15.50000000000001066 ) ) ;
#3905 = EDGE_CURVE ( 'NONE', #4371, #6835, #6787, .T. ) ;
#3906 = FACE_OUTER_BOUND ( 'NONE', #183, .T. ) ;
#3907 = DIRECTION ( 'NONE',  ( 0.000000000000000000, 0.000000000000000000, -1.000000000000000000 ) ) ;
#3908 = ORIENTED_EDGE ( 'NONE', *, *, #1770, .F. ) ;
#3909 = DIRECTION ( 'NONE',  ( 0.000000000000000000, 0.000000000000000000, -1.000000000000000000 ) ) ;
#3910 = ORIENTED_EDGE ( 'NONE', *, *, #1485, .T. ) ;
#3911 = ADVANCED_FACE ( 'NONE', ( #3679 ), #5435, .F. ) ;
#3912 = CARTESIAN_POINT ( 'NONE',  ( -4.689141082660034598, 104.6891410826600008, 6.508422005462475290 ) ) ;
#3913 = CARTESIAN_POINT ( 'NONE',  ( -19.00000000000000000, 9.171340364085937225, 4.577009495957818253 ) ) ;
#3914 = EDGE_LOOP ( 'NONE', ( #1498, #1654, #1408, #3381 ) ) ;
#3915 = CARTESIAN_POINT ( 'NONE',  ( 14.42244750392512387, 31.22984894515598953, 15.56486941428825510 ) ) ;
#3916 = CARTESIAN_POINT ( 'NONE',  ( 19.29188227974843883, 61.06210488634116729, 12.31975810151380202 ) ) ;
#3917 = EDGE_CURVE ( 'NONE', #1390, #5843, #7628, .T. ) ;
#3918 = EDGE_LOOP ( 'NONE', ( #5268, #7187, #5032, #5763 ) ) ;
#3919 = FACE_OUTER_BOUND ( 'NONE', #280, .T. ) ;
#3920 = DIRECTION ( 'NONE',  ( -1.000000000000000000, 0.000000000000000000, -0.000000000000000000 ) ) ;
#3921 = CARTESIAN_POINT ( 'NONE',  ( 18.12663790665763486, 66.67404969108875434, -17.50000000000000711 ) ) ;
#3922 = CARTESIAN_POINT ( 'NONE',  ( 21.65164428913885430, 5.704576868983566307, -10.57516295705434750 ) ) ;
#3923 = FACE_OUTER_BOUND ( 'NONE', #5418, .T. ) ;
#3924 = CARTESIAN_POINT ( 'NONE',  ( 26.80049701357877368, 24.28112693335353711, 14.21553169006632800 ) ) ;
#3925 = PERSON_AND_ORGANIZATION ( #4320, #1812 ) ;
#3926 = CARTESIAN_POINT ( 'NONE',  ( 6.340571228635602630, 47.77140437033546760, 11.78984776667626733 ) ) ;
#3927 = ORIENTED_EDGE ( 'NONE', *, *, #7168, .F. ) ;
#3928 = AXIS2_PLACEMENT_3D ( 'NONE', #7619, #4510, #5243 ) ;
#3930 = ORIENTED_EDGE ( 'NONE', *, *, #4456, .T. ) ;
#3929 = CARTESIAN_POINT ( 'NONE',  ( 12.97114612987910576, 99.38426770687048872, 8.803358756412682951 ) ) ;
#3931 = CARTESIAN_POINT ( 'NONE',  ( 18.99999999993679012, 10.06454366479505502, -1.980894389592375626 ) ) ;
#3932 = CARTESIAN_POINT ( 'NONE',  ( -24.74568985557033329, 42.32771747620576974, -15.50000000000000533 ) ) ;
#3933 = CARTESIAN_POINT ( 'NONE',  ( -22.36268385142867743, 44.72899716131080794, 14.14720310137863279 ) ) ;
#3934 = DIRECTION ( 'NONE',  ( 1.000000000000000000, 0.000000000000000000, 0.000000000000000000 ) ) ;
#3935 = CIRCLE ( 'NONE', #5740, 1.000000000000000888 ) ;
#3936 = LINE ( 'NONE', #3483, #2836 ) ;
#3937 = CARTESIAN_POINT ( 'NONE',  ( -9.205048852410889992, 45.58755633821574804, 14.05234492509651290 ) ) ;
#3938 = VERTEX_POINT ( 'NONE', #1805 ) ;
#3939 = AXIS2_PLACEMENT_3D ( 'NONE', #134, #746, #5097 ) ;
#3941 = ORIENTED_EDGE ( 'NONE', *, *, #7860, .T. ) ;
#3940 = CARTESIAN_POINT ( 'NONE',  ( 3.000000000000009770, 103.0000000000000142, 6.641601241244644349 ) ) ;
#3942 = CARTESIAN_POINT ( 'NONE',  ( -22.39621738461974587, 55.43508735584590852, 10.98127613061015140 ) ) ;
#3943 = CARTESIAN_POINT ( 'NONE',  ( 24.99997626500312720, 19.45385695372823065, -17.49999999999999645 ) ) ;
#3944 = CARTESIAN_POINT ( 'NONE',  ( 14.50000000000000000, 110.0000000000000000, 0.000000000000000000 ) ) ;
#3945 = VERTEX_POINT ( 'NONE', #6674 ) ;
#3946 = ORIENTED_EDGE ( 'NONE', *, *, #3814, .T. ) ;
#3947 = ORIENTED_EDGE ( 'NONE', *, *, #5309, .F. ) ;
#3948 = CARTESIAN_POINT ( 'NONE',  ( -14.42853392920929068, 87.29070724582348362, 9.651425997347363506 ) ) ;
#3949 = CARTESIAN_POINT ( 'NONE',  ( 24.99999999999999645, 0.000000000000000000, 0.000000000000000000 ) ) ;
#3950 = ORIENTED_EDGE ( 'NONE', *, *, #5200, .F. ) ;
#3951 = CARTESIAN_POINT ( 'NONE',  ( 14.43201576222356408, 31.20349606778553309, 15.56745975739824495 ) ) ;
#3952 = CARTESIAN_POINT ( 'NONE',  ( 20.24687553452200817, 56.23384849255025131, 12.86119843096470738 ) ) ;
#3953 = EDGE_CURVE ( 'NONE', #5473, #2439, #513, .T. ) ;
#3954 = ORIENTED_EDGE ( 'NONE', *, *, #2414, .T. ) ;
#3955 = EDGE_CURVE ( 'NONE', #8024, #6885, #2981, .T. ) ;
#3956 = DIRECTION ( 'NONE',  ( 1.000000000000000000, -0.000000000000000000, -0.000000000000000000 ) ) ;
#3957 = FACE_OUTER_BOUND ( 'NONE', #1162, .T. ) ;
#3958 = CARTESIAN_POINT ( 'NONE',  ( 17.65452919449350233, 69.05564547567455236, -17.50000000000000000 ) ) ;
#3959 = CARTESIAN_POINT ( 'NONE',  ( -3.552772515517334639, 55.43081838461234412, 10.93021814216721133 ) ) ;
#3960 = DIRECTION ( 'NONE',  ( 0.000000000000000000, 0.000000000000000000, -1.000000000000000000 ) ) ;
#3961 = CARTESIAN_POINT ( 'NONE',  ( -21.20491527361776107, 6.931954751740368792, 7.603053670888596294 ) ) ;
#3962 = CARTESIAN_POINT ( 'NONE',  ( 5.265649001280459096, 50.72472891766349790, 11.45933738533245538 ) ) ;
#3963 = EDGE_LOOP ( 'NONE', ( #7450, #806, #198, #4961 ) ) ;
#3964 = EDGE_CURVE ( 'NONE', #751, #6580, #3712, .T. ) ;
#3965 = ADVANCED_FACE ( 'NONE', ( #2936 ), #7924, .T. ) ;
#3967 = ORIENTED_EDGE ( 'NONE', *, *, #2808, .F. ) ;
#3966 = CARTESIAN_POINT ( 'NONE',  ( 17.95623485519169904, 67.73779883603225471, 11.57978096172290350 ) ) ;
#3968 = CARTESIAN_POINT ( 'NONE',  ( -14.64672072718165197, 104.2171671685785697, 6.601051797328691073 ) ) ;
#3969 = CARTESIAN_POINT ( 'NONE',  ( 15.04817111234212312, 98.51954900102283830, 6.858253645820377109 ) ) ;
#3970 = CARTESIAN_POINT ( 'NONE',  ( -23.73317454914499436, 35.58077742035147395, 15.12590975008550132 ) ) ;
#3971 = CARTESIAN_POINT ( 'NONE',  ( -19.91748768868379571, 67.91287729717980426, 9.591552726390874639 ) ) ;
#3972 = CARTESIAN_POINT ( 'NONE',  ( -7.184957976769019261, 105.0590633557054332, 8.573396111547777920 ) ) ;
#3973 = CARTESIAN_POINT ( 'NONE',  ( -9.388095542575618069, 45.08419009060450833, 14.10787035439964932 ) ) ;
#3974 = ORIENTED_EDGE ( 'NONE', *, *, #3004, .T. ) ;
#3976 = ORIENTED_EDGE ( 'NONE', *, *, #2150, .T. ) ;
#3975 = CARTESIAN_POINT ( 'NONE',  ( -13.78645566536849465, 91.71419082658388788, -17.50000000000000000 ) ) ;
#3977 = CARTESIAN_POINT ( 'NONE',  ( -24.14545105471957953, 45.94712841849477059, 12.03794108453093337 ) ) ;
#3978 = VECTOR ( 'NONE', #2528, 999.9999999999998863 ) ;
#3979 = CARTESIAN_POINT ( 'NONE',  ( 24.94608688186423961, 21.40257889950294157, -17.50000000000000711 ) ) ;
#3980 = DIRECTION ( 'NONE',  ( 0.000000000000000000, 1.224646799147351482E-16, 1.000000000000000000 ) ) ;
#3981 = DIRECTION ( 'NONE',  ( 0.000000000000000000, 0.000000000000000000, -1.000000000000000000 ) ) ;
#3982 = VERTEX_POINT ( 'NONE', #6750 ) ;
#3983 = DIRECTION ( 'NONE',  ( 0.7071067811865492381, -0.7071067811865457964, 0.000000000000000000 ) ) ;
#3984 = VERTEX_POINT ( 'NONE', #1195 ) ;
#3985 = CARTESIAN_POINT ( 'NONE',  ( -12.75148440092772795, 102.3284739107534875, 8.666058679970390699 ) ) ;
#3986 = DIRECTION ( 'NONE',  ( 0.000000000000000000, 0.000000000000000000, -1.000000000000000000 ) ) ;
#3987 = ORIENTED_EDGE ( 'NONE', *, *, #2319, .F. ) ;
#3988 = CARTESIAN_POINT ( 'NONE',  ( 12.28104185315966745, 37.12561395280277310, 14.96594745474320121 ) ) ;
#3989 = CARTESIAN_POINT ( 'NONE',  ( 18.94238284981171461, 62.81077343589459616, 12.12500863865066769 ) ) ;
#3990 = AXIS2_PLACEMENT_3D ( 'NONE', #1232, #4288, #7357 ) ;
#3991 = EDGE_LOOP ( 'NONE', ( #637, #5482, #6298, #5938 ) ) ;
#3992 = AXIS2_PLACEMENT_3D ( 'NONE', #5442, #3533, #6610 ) ;
#3993 = AXIS2_PLACEMENT_3D ( 'NONE', #5326, #6569, #3536 ) ;
#3994 = B_SPLINE_CURVE_WITH_KNOTS ( 'NONE', 3,
 ( #910, #3343, #991, #4039, #3959, #7713, #1517, #7638, #5822, #2728, #3515, #1599, #302, #5345, #385, #3425, #6508, #2242, #1638, #5180, #2157, #6589, #4647, #5302, #6468, #5222, #3469, #4567, #4733, #950, #7795, #7756, #215, #7675, #2119, #7032, #6431, #341, #5945, #4609, #4081, #2688, #2081, #7068, #2807, #2201, #2850, #7191, #4887, #7274, #3047, #2971, #3553, #1681, #6027, #6142, #3631, #4238, #544, #5386, #1795, #4814, #7873, #5426, #4199, #2358, #6664, #1070, #7836, #6630, #2325, #7349, #3668, #4317, #1107, #1716, #7235, #7389, #4165, #463, #4772, #3590, #4280, #6065, #4851, #7310, #2928, #6741, #504, #5466, #7915, #2396, #1754, #6780, #6703, #1146, #5539, #6104, #4927, #5987, #3012, #5504 ),
 .UNSPECIFIED., .F., .F.,
 ( 4, 1, 1, 1, 1, 1, 1, 1, 2, 2, 1, 1, 1, 1, 1, 1, 1, 1, 2, 2, 1, 1, 1, 1, 1, 1, 2, 2, 1, 1, 1, 1, 1, 1, 2, 2, 1, 1, 1, 1, 1, 1, 1, 2, 2, 1, 1, 1, 1, 1, 1, 1, 2, 2, 1, 1, 1, 1, 1, 1, 1, 2, 2, 1, 1, 1, 1, 1, 1, 1, 2, 2, 1, 1, 1, 1, 1, 1, 1, 2, 2, 4 ),
 ( 0.000000000000000000, 0.03125000000010112050, 0.04687500000015168422, 0.05468750000017696955, 0.05859375000018960528, 0.06054687500019593355, 0.06152343750019922952, 0.06201171875020073526, 0.06225585937520135976, 0.06250000000020197732, 0.09375000000028053948, 0.1093750000003198275, 0.1171875000003394507, 0.1210937500003495260, 0.1230468750003545914, 0.1240234375003571032, 0.1245117187503586714, 0.1247558593753594486, 0.1248779296878595041, 0.1250000000003595457, 0.1562500000003552159, 0.1718750000003529121, 0.1796875000003519407, 0.1835937500003514411, 0.1855468750003511913, 0.1865234375003512746, 0.1870117187503514966, 0.1875000000003516909, 0.2187500000003492207, 0.2343750000003478051, 0.2421875000003471112, 0.2460937500003466116, 0.2480468750003463341, 0.2490234375003461953, 0.2495117187503463063, 0.2500000000003463896, 0.3125000000003508860, 0.3437500000003529954, 0.3593750000003540501, 0.3671875000003543832, 0.3710937500003543832, 0.3730468750003546052, 0.3740234375003547163, 0.3745117187503547163, 0.3750000000003547163, 0.4375000000003453349, 0.4687500000003405609, 0.4843750000003382294, 0.4921875000003370637, 0.4960937500003363421, 0.4980468750003360090, 0.4990234375003358425, 0.4995117187503356759, 0.5000000000003353984, 0.5625000000002964295, 0.5937500000002767786, 0.6093750000002670086, 0.6171875000002622347, 0.6210937500002597922, 0.6230468750002586820, 0.6240234375002581269, 0.6245117187502577938, 0.6250000000002574607, 0.6875000000002040590, 0.7187500000001773026, 0.7343750000001639799, 0.7421875000001573186, 0.7460937500001540990, 0.7480468750001525446, 0.7490234375001517675, 0.7495117187501514344, 0.7500000000001511014, 0.8125000000001173506, 0.8437500000001004752, 0.8593750000000919265, 0.8671875000000877076, 0.8710937500000855982, 0.8730468750000844880, 0.8740234375000839329, 0.8745117187500837108, 0.8750000000000833777, 1.000000000000000000 ),
 .UNSPECIFIED. ) ;
#3995 = DIRECTION ( 'NONE',  ( -0.000000000000000000, 1.000000000000000000, -0.000000000000000000 ) ) ;
#3996 = LINE ( 'NONE', #1996, #5701 ) ;
#3997 = CARTESIAN_POINT ( 'NONE',  ( 16.46148621939805068, 75.23867671852084982, -17.50000000000000711 ) ) ;
#3998 = DIRECTION ( 'NONE',  ( 1.000000000000000000, -0.000000000000000000, -0.000000000000000000 ) ) ;
#3999 = CARTESIAN_POINT ( 'NONE',  ( -19.54701879721724467, 11.48698788444673724, 0.8624590587361208316 ) ) ;
#4000 = CARTESIAN_POINT ( 'NONE',  ( -20.00065175410567520, 6.666451651535528100, 7.829521107656164602 ) ) ;
#4001 = DATE_TIME_ROLE ( 'creation_date' ) ;
#4002 = EDGE_CURVE ( 'NONE', #7559, #2480, #254, .T. ) ;
#4003 = CARTESIAN_POINT ( 'NONE',  ( -25.00000000000001776, 7.377747541118568897, 17.34818382628904487 ) ) ;
#4004 = ORIENTED_EDGE ( 'NONE', *, *, #4757, .F. ) ;
#4006 = ORIENTED_EDGE ( 'NONE', *, *, #5785, .F. ) ;
#4005 = CARTESIAN_POINT ( 'NONE',  ( 18.08283517912220972, 77.44101039359311756, 8.591133750083438159 ) ) ;
#4007 = CARTESIAN_POINT ( 'NONE',  ( -14.49999999999999467, 109.0667424838874240, 6.500052843223057764 ) ) ;
#4008 = AXIS2_PLACEMENT_3D ( 'NONE', #2601, #4972, #6863 ) ;
#4009 = CARTESIAN_POINT ( 'NONE',  ( 14.64462436778417143, 104.2597692319697984, 6.599652111998929094 ) ) ;
#4010 = CARTESIAN_POINT ( 'NONE',  ( -22.95365720116586061, 41.06172639792462320, 14.54661041818819989 ) ) ;
#4011 = EDGE_CURVE ( 'NONE', #7239, #5802, #6774, .T. ) ;
#4012 = CARTESIAN_POINT ( 'NONE',  ( -13.93126745402125444, 90.69724570465805868, 9.370584789545777227 ) ) ;
#4013 = CARTESIAN_POINT ( 'NONE',  ( -3.000000000000014655, 103.0000000000000142, 6.641601241244644349 ) ) ;
#4014 = CARTESIAN_POINT ( 'NONE',  ( -3.916067789652835085, 60.12172697471920912, 12.42485726950837410 ) ) ;
#4015 = EDGE_CURVE ( 'NONE', #1720, #6363, #4326, .T. ) ;
#4016 = EDGE_CURVE ( 'NONE', #4069, #7320, #6393, .T. ) ;
#4017 = VERTEX_POINT ( 'NONE', #830 ) ;
#4018 = VECTOR ( 'NONE', #5943, 999.9999999999998863 ) ;
#4020 = ORIENTED_EDGE ( 'NONE', *, *, #3713, .F. ) ;
#4019 = CARTESIAN_POINT ( 'NONE',  ( -13.89338121046661634, 90.89110079420109400, -17.50000000000000711 ) ) ;
#4021 = CARTESIAN_POINT ( 'NONE',  ( -25.65281730605904542, 36.13716499451458475, 13.08510312554859567 ) ) ;
#4022 = CARTESIAN_POINT ( 'NONE',  ( 12.50000000000001066, 109.9999999999999858, -17.50000000000000355 ) ) ;
#4023 = CARTESIAN_POINT ( 'NONE',  ( 22.79718183052837333, 1.860273127430233098, -10.46835068598811880 ) ) ;
#4024 = CARTESIAN_POINT ( 'NONE',  ( 7.184957976769024590, 118.0000000000000142, 8.499999999999994671 ) ) ;
#4025 = SECURITY_CLASSIFICATION ( '', '', #2647 ) ;
#4026 = LINE ( 'NONE', #2750, #3016 ) ;
#4027 = VERTEX_POINT ( 'NONE', #1398 ) ;
#4028 = VERTEX_POINT ( 'NONE', #6903 ) ;
#4029 = CARTESIAN_POINT ( 'NONE',  ( -16.93808639801038396, 72.93937409929323223, 11.02795118313478362 ) ) ;
#4030 = CARTESIAN_POINT ( 'NONE',  ( -27.00000000000000000, 17.50000000000000355, -15.50000000000520828 ) ) ;
#4031 = ORIENTED_EDGE ( 'NONE', *, *, #5939, .F. ) ;
#4032 = CARTESIAN_POINT ( 'NONE',  ( 22.17596460490283405, 9.832965533393492663, 17.23476622329170738 ) ) ;
#4033 = CARTESIAN_POINT ( 'NONE',  ( 18.29307511796688956, 66.05666553016843068, 11.76675364536904844 ) ) ;
#4034 = B_SPLINE_CURVE_WITH_KNOTS ( 'NONE', 3,
 ( #2819, #7770, #5959, #5315 ),
 .UNSPECIFIED., .F., .F.,
 ( 4, 4 ),
 ( 0.000000000000000000, 1.000000000000000000 ),
 .UNSPECIFIED. ) ;
#4035 = EDGE_LOOP ( 'NONE', ( #618, #3352, #2143, #7989 ) ) ;
#4036 = CARTESIAN_POINT ( 'NONE',  ( 20.99999999999999645, 8.000000000000000000, 0.000000000000000000 ) ) ;
#4037 = DIRECTION ( 'NONE',  ( 0.5773502691896230665, 0.5773502691896231775, -0.5773502691896311712 ) ) ;
#4038 = CARTESIAN_POINT ( 'NONE',  ( 19.28268536336392458, 60.88632436373613643, -17.50000000000000711 ) ) ;
#4039 = CARTESIAN_POINT ( 'NONE',  ( -3.337731349702054207, 56.02163913194301870, 10.86378268365311861 ) ) ;
#4040 = DIRECTION ( 'NONE',  ( 1.000000000000000000, -0.000000000000000000, 0.000000000000000000 ) ) ;
#4041 = CARTESIAN_POINT ( 'NONE',  ( -22.76890635564043919, 2.634924569651107884, 9.947984654613891919 ) ) ;
#4042 = PERSON_AND_ORGANIZATION ( #4320, #1812 ) ;
#4043 = CARTESIAN_POINT ( 'NONE',  ( -25.00000000000000355, 10.31717059127466740, 17.21457347775373847 ) ) ;
#4044 = ORIENTED_EDGE ( 'NONE', *, *, #7470, .F. ) ;
#4046 = ORIENTED_EDGE ( 'NONE', *, *, #2558, .T. ) ;
#4045 = CARTESIAN_POINT ( 'NONE',  ( 15.91340368534444139, 90.81003382618806086, 7.376551341103398052 ) ) ;
#4047 = DIRECTION ( 'NONE',  ( 1.000000000000000000, 0.000000000000000000, 0.000000000000000000 ) ) ;
#4048 = CARTESIAN_POINT ( 'NONE',  ( 14.52699756340043358, 107.5524957429939263, 6.519264173887820313 ) ) ;
#4049 = CARTESIAN_POINT ( 'NONE',  ( -24.38733511563830092, 29.77477990244354444, 15.70656321090648966 ) ) ;
#4050 = CARTESIAN_POINT ( 'NONE',  ( -27.00000000000000000, 0.000000000000000000, 0.000000000000000000 ) ) ;
#4051 = CARTESIAN_POINT ( 'NONE',  ( -13.45515969759197361, 94.55494143170292887, 9.093897696755126603 ) ) ;
#4052 = CARTESIAN_POINT ( 'NONE',  ( 25.00000000000000711, 14.71764021320677784, 16.95636936586997123 ) ) ;
#4053 = CARTESIAN_POINT ( 'NONE',  ( 14.50000000000000000, 115.0000000000000000, -14.75000000000000533 ) ) ;
#4054 = CIRCLE ( 'NONE', #553, 2.250000000000001776 ) ;
#4055 = ORIENTED_EDGE ( 'NONE', *, *, #589, .T. ) ;
#4056 = EDGE_CURVE ( 'NONE', #6526, #1909, #6015, .T. ) ;
#4058 = ORIENTED_EDGE ( 'NONE', *, *, #725, .T. ) ;
#4057 = CARTESIAN_POINT ( 'NONE',  ( -12.66828028520528804, 103.7404830030086345, -17.50000000000000355 ) ) ;
#4059 = AXIS2_PLACEMENT_3D ( 'NONE', #698, #2748, #1948 ) ;
#4060 = CARTESIAN_POINT ( 'NONE',  ( -24.95058685667404674, 41.02065371271800842, 12.57229387496253104 ) ) ;
#4061 = VECTOR ( 'NONE', #3077, 1000.000000000000000 ) ;
#4062 = EDGE_CURVE ( 'NONE', #7452, #4472, #3881, .T. ) ;
#4063 = PLANE ( 'NONE',  #7868 ) ;
#4064 = PLANE ( 'NONE',  #298 ) ;
#4065 = CYLINDRICAL_SURFACE ( 'NONE', #2176, 10.25000000000000000 ) ;
#4066 = CARTESIAN_POINT ( 'NONE',  ( -19.15861829502017599, 71.77139637403554673, -15.50000000000001599 ) ) ;
#4067 = ORIENTED_EDGE ( 'NONE', *, *, #4574, .T. ) ;
#4068 = EDGE_CURVE ( 'NONE', #3457, #4243, #1084, .T. ) ;
#4069 = VERTEX_POINT ( 'NONE', #5056 ) ;
#4070 = DIRECTION ( 'NONE',  ( 0.000000000000000000, 1.000000000000000000, 0.000000000000000000 ) ) ;
#4071 = CARTESIAN_POINT ( 'NONE',  ( -15.42445285750954831, 81.16658034239360120, 10.20333865719732813 ) ) ;
#4072 = CARTESIAN_POINT ( 'NONE',  ( -22.00000000000000000, 1.661568750910188408, 10.11442975584875725 ) ) ;
#4073 = ORIENTED_EDGE ( 'NONE', *, *, #1615, .T. ) ;
#4074 = CARTESIAN_POINT ( 'NONE',  ( 23.07119008560711393, 1.804406847305518591, 10.09619818206437003 ) ) ;
#4075 = CARTESIAN_POINT ( 'NONE',  ( 17.24536498839721688, 71.35440442498324387, 11.19493134408467405 ) ) ;
#4076 = VERTEX_POINT ( 'NONE', #4974 ) ;
#4077 = VECTOR ( 'NONE', #7773, 1000.000000000000000 ) ;
#4078 = CARTESIAN_POINT ( 'NONE',  ( -20.35407784698512401, 9.269611369042980442, -4.380095586301793631 ) ) ;
#4079 = DIRECTION ( 'NONE',  ( -1.000000000000000000, 0.000000000000000000, 0.000000000000000000 ) ) ;
#4080 = CARTESIAN_POINT ( 'NONE',  ( 24.26597652101794367, 30.81552116555460330, -17.50000000000000711 ) ) ;
#4081 = CARTESIAN_POINT ( 'NONE',  ( -7.595324056409594959, 44.32399930902963803, 12.17222702052959171 ) ) ;
#4082 = LINE ( 'NONE', #6395, #6322 ) ;
#4083 = CARTESIAN_POINT ( 'NONE',  ( 19.14715161465398552, 8.802982024562496122, -5.315120201365457042 ) ) ;
#4084 = CARTESIAN_POINT ( 'NONE',  ( 27.00000000000000000, -9.251858538542914635E-16, 15.50000000000001776 ) ) ;
#4085 = ORIENTED_EDGE ( 'NONE', *, *, #5210, .F. ) ;
#4087 = EDGE_LOOP ( 'NONE', ( #7094, #3927, #4883, #2433 ) ) ;
#4086 = CARTESIAN_POINT ( 'NONE',  ( 14.78790162937800723, 84.93382004810875685, 9.852776605236337915 ) ) ;
#4088 = CARTESIAN_POINT ( 'NONE',  ( -2.521584453126094250, 58.32328709881840467, 10.62641716505109990 ) ) ;
#4089 = CARTESIAN_POINT ( 'NONE',  ( 17.98445916777076192, 77.99914540120778383, 8.536962526559630504 ) ) ;
#4090 = CARTESIAN_POINT ( 'NONE',  ( -24.83668873785860143, 23.73126785061072397, 16.26103330350485976 ) ) ;
#4091 = DIRECTION ( 'NONE',  ( 1.000000000000000000, -0.000000000000000000, -0.000000000000000000 ) ) ;
#4092 = CARTESIAN_POINT ( 'NONE',  ( -14.50000000000000000, 115.0000000000000000, 5.749999999999997335 ) ) ;
#4093 = CYLINDRICAL_SURFACE ( 'NONE', #2185, 2.250000000000001776 ) ;
#4094 = CARTESIAN_POINT ( 'NONE',  ( 22.00000000000000000, 1.255262969126037241E-15, -10.25000000000000000 ) ) ;
#4095 = EDGE_LOOP ( 'NONE', ( #6990, #3776, #6611, #1108 ) ) ;
#4097 = VERTEX_POINT ( 'NONE', #6823 ) ;
#4096 = CARTESIAN_POINT ( 'NONE',  ( -12.54916564687567693, 106.1544759486020268, -17.50000000000000711 ) ) ;
#4098 = CARTESIAN_POINT ( 'NONE',  ( -24.66055912528205241, 42.86913100113729058, 12.37377379009395817 ) ) ;
#4099 = DIRECTION ( 'NONE',  ( 0.000000000000000000, -0.7071067811861697638, 0.7071067811869253816 ) ) ;
#4100 = DIRECTION ( 'NONE',  ( 1.000000000000000000, -0.000000000000000000, 0.000000000000000000 ) ) ;
#4101 = CARTESIAN_POINT ( 'NONE',  ( -3.752921755017233796, 97.23474335767738808, 6.499999999999993783 ) ) ;
#4102 = ADVANCED_FACE ( 'NONE', ( #6227 ), #51, .F. ) ;
#4103 = CARTESIAN_POINT ( 'NONE',  ( -24.60439791023278033, 27.25036405624596370, -17.50000000000000000 ) ) ;
#4104 = EDGE_CURVE ( 'NONE', #5843, #1712, #7517, .T. ) ;
#4105 = CARTESIAN_POINT ( 'NONE',  ( -24.92500869915524220, 21.61435096730053829, -17.50000000000000355 ) ) ;
#4106 = DIRECTION ( 'NONE',  ( 0.000000000000000000, 0.000000000000000000, -1.000000000000000000 ) ) ;
#4107 = CARTESIAN_POINT ( 'NONE',  ( -15.42989517623824902, 81.13517934623766337, 10.20632423580334347 ) ) ;
#4108 = CARTESIAN_POINT ( 'NONE',  ( -32.97687763316800158, 115.0000000000000000, -11.50000000000000355 ) ) ;
#4109 = EDGE_LOOP ( 'NONE', ( #4294, #3019, #3378, #202 ) ) ;
#4110 = CARTESIAN_POINT ( 'NONE',  ( 22.35329121838775635, 9.342171416996311706, 17.25841223886283160 ) ) ;
#4111 = EDGE_CURVE ( 'NONE', #5308, #1565, #6309, .T. ) ;
#4112 = CARTESIAN_POINT ( 'NONE',  ( 15.26092398611236156, 82.10926522241010161, 10.11364204774252507 ) ) ;
#4113 = ADVANCED_FACE ( 'NONE', ( #3176 ), #6135, .T. ) ;
#4114 = EDGE_CURVE ( 'NONE', #3859, #4980, #2238, .T. ) ;
#4115 = VERTEX_POINT ( 'NONE', #1311 ) ;
#4116 = CIRCLE ( 'NONE', #1900, 1.000000000000000666 ) ;
#4117 = PLANE ( 'NONE',  #2321 ) ;
#4118 = CARTESIAN_POINT ( 'NONE',  ( -25.00000000000001421, 17.64627690009260874, 16.74965667821458837 ) ) ;
#4119 = CARTESIAN_POINT ( 'NONE',  ( 19.70275236621514026, 58.77428880114685228, -17.50000000000000711 ) ) ;
#4120 = AXIS2_PLACEMENT_3D ( 'NONE', #4226, #1170, #2423 ) ;
#4121 = CARTESIAN_POINT ( 'NONE',  ( 19.00000000000000000, 4.336808689942017736E-16, -6.999999999999998224 ) ) ;
#4122 = DIRECTION ( 'NONE',  ( 1.000000000000000000, -0.000000000000000000, 0.000000000000000000 ) ) ;
#4123 = CARTESIAN_POINT ( 'NONE',  ( 21.75742381923781110, 2.268799323023187320, -10.02973424567112737 ) ) ;
#4124 = DIRECTION ( 'NONE',  ( 0.000000000000000000, -0.8947649135693526157, 0.4465375118007771649 ) ) ;
#4125 = ORIENTED_EDGE ( 'NONE', *, *, #7354, .F. ) ;
#4126 = AXIS2_PLACEMENT_3D ( 'NONE', #3755, #5625, #52 ) ;
#4128 = ORIENTED_EDGE ( 'NONE', *, *, #4859, .F. ) ;
#4127 = FACE_OUTER_BOUND ( 'NONE', #27, .T. ) ;
#4129 = CARTESIAN_POINT ( 'NONE',  ( -15.05361237616621040, 98.45943847580410591, 6.861632317516403567 ) ) ;
#4130 = CARTESIAN_POINT ( 'NONE',  ( 16.46999967190541980, 86.99817135847509064, 7.694676009713553810 ) ) ;
#4131 = CARTESIAN_POINT ( 'NONE',  ( -3.298915377064503766E-13, 58.32328709881841888, 10.62641716505109812 ) ) ;
#4132 = DIRECTION ( 'NONE',  ( 0.000000000000000000, 0.000000000000000000, 1.000000000000000000 ) ) ;
#4133 = CARTESIAN_POINT ( 'NONE',  ( -16.11579119501821111, 77.27889185978395403, 10.58115888782621639 ) ) ;
#4134 = CARTESIAN_POINT ( 'NONE',  ( -3.000000000000012879, 100.9119286464099616, 8.729672594973601818 ) ) ;
#4135 = AXIS2_PLACEMENT_3D ( 'NONE', #6170, #4308, #605 ) ;
#4136 = AXIS2_PLACEMENT_3D ( 'NONE', #7664, #779, #2796 ) ;
#4137 = DIRECTION ( 'NONE',  ( 1.000000000000000000, -0.000000000000000000, 0.000000000000000000 ) ) ;
#4138 = EDGE_LOOP ( 'NONE', ( #2228, #1433, #2859, #4178 ) ) ;
#4139 = AXIS2_PLACEMENT_3D ( 'NONE', #6045, #4908, #3723 ) ;
#4142 = ORIENTED_EDGE ( 'NONE', *, *, #1087, .T. ) ;
#4141 = DIRECTION ( 'NONE',  ( 0.000000000000000000, 0.000000000000000000, -1.000000000000000000 ) ) ;
#4140 = DIRECTION ( 'NONE',  ( 1.000000000000000000, -0.000000000000000000, 0.000000000000000000 ) ) ;
#4143 = CARTESIAN_POINT ( 'NONE',  ( -19.34350745943340044, 70.83134102175540647, 9.279679023198303511 ) ) ;
#4144 = CARTESIAN_POINT ( 'NONE',  ( 19.09274236093548183, 61.83808144505029247, -17.50000000000000355 ) ) ;
#4145 = CARTESIAN_POINT ( 'NONE',  ( 22.87218643024674236, 1.891191585093938698, 10.57565886269140698 ) ) ;
#4146 = DIRECTION ( 'NONE',  ( 0.000000000000000000, 0.000000000000000000, -1.000000000000000000 ) ) ;
#4147 = DIRECTION ( 'NONE',  ( -0.000000000000000000, -0.000000000000000000, -1.000000000000000000 ) ) ;
#4148 = VECTOR ( 'NONE', #6159, 1000.000000000000000 ) ;
#4149 = B_SPLINE_CURVE_WITH_KNOTS ( 'NONE', 3,
 ( #1491, #5758, #1412, #2128, #4048, #5147, #2656, #7117, #7646, #2090, #1567, #4620, #2051, #7003, #1452, #7769, #7042, #4009, #5792, #6405, #2169, #841, #6957, #3315, #2775, #4578, #3434, #3969, #6441, #3354, #5835, #272, #2738, #7078, #6480, #919, #310, #350, #5912, #4741, #554, #7284, #1763, #7160, #1081, #5958, #6641, #4210, #7844, #1117, #4130, #5997, #471, #2334, #4174, #1044, #6599, #1646, #434, #3562, #3479, #6675, #2937, #3599, #4089, #1607, #2250, #6559, #2211, #6075, #7200, #2900, #3526, #2290, #5395, #4781, #514, #7244, #6036, #5436, #999, #398, #2861, #1692, #2982, #7883, #3024, #5354, #4824, #7322, #7806, #1728, #5475, #4698, #7925, #2370, #5516, #4864, #4249, #6711, #1157, #3640, #6113, #707, #7435, #4290, #4897, #668, #7519, #590, #7359, #93, #3093, #5591, #2565, #5626, #6154, #5551, #7998, #6311, #2485, #1806, #6751, #6788, #2525, #2449, #2408, #4937, #6270, #7397, #1958, #4976, #1197, #1878, #3059, #12, #4327, #1843, #1234, #3714, #3680, #6188, #3799, #4444, #3178, #5015, #6905, #624, #6826, #4364, #1274, #1920, #3756, #6866, #6229, #3134, #53, #7477, #4407, #1313, #5664, #5059, #1356, #3839, #748, #3221, #7965, #2121, #7555, #2605, #5747, #1999, #5707, #4612, #179, #3924, #2646, #5783, #6996, #2042, #7070, #2690, #2159, #2730, #1484 ),
 .UNSPECIFIED., .F., .F.,
 ( 4, 1, 1, 1, 1, 2, 2, 1, 1, 1, 1, 1, 2, 2, 2, 1, 1, 1, 1, 1, 2, 2, 2, 1, 1, 1, 1, 1, 2, 2, 2, 1, 1, 1, 1, 1, 2, 2, 2, 1, 1, 1, 1, 1, 2, 2, 2, 1, 1, 1, 1, 1, 2, 2, 2, 2, 1, 1, 1, 1, 1, 2, 2, 2, 2, 1, 1, 1, 1, 1, 1, 2, 2, 2, 2, 1, 1, 1, 1, 1, 2, 2, 2, 1, 1, 1, 1, 1, 2, 2, 2, 2, 1, 1, 1, 1, 1, 2, 2, 2, 2, 1, 1, 1, 1, 2, 2, 2, 1, 1, 1, 1, 1, 2, 2, 2, 1, 1, 1, 1, 1, 2, 2, 2, 1, 1, 1, 1, 1, 2, 2, 4 ),
 ( 0.000000000000000000, 0.01562500000004995657, 0.02343750000007470760, 0.02734375000008730516, 0.02929687500009338363, 0.03027343750009620083, 0.03125000000009901802, 0.04687500000014269141, 0.05468750000016475710, 0.05859375000017578994, 0.06054687500018130636, 0.06152343750018406110, 0.06201171875018521989, 0.06250000000018637869, 0.09375000000024472091, 0.1093750000002738920, 0.1171875000002884776, 0.1210937500002955552, 0.1230468750002990941, 0.1240234375003008566, 0.1245117187503017447, 0.1250000000003026190, 0.1562500000003296807, 0.1718750000003434197, 0.1796875000003500811, 0.1835937500003536338, 0.1855468750003556044, 0.1865234375003563816, 0.1870117187503567702, 0.1875000000003571587, 0.2187500000003719247, 0.2343750000003793077, 0.2421875000003827771, 0.2460937500003843037, 0.2480468750003850531, 0.2490234375003854417, 0.2495117187503856360, 0.2500000000003858025, 0.2812500000003951284, 0.2968750000004000134, 0.3046875000004024558, 0.3085937500004036771, 0.3105468750004040657, 0.3115234375004041212, 0.3120117187504043432, 0.3125000000004045653, 0.3437500000004235501, 0.3593750000004332645, 0.3671875000004379275, 0.3710937500004400369, 0.3730468750004408696, 0.3740234375004412581, 0.3745117187504414802, 0.3750000000004417022, 0.4062500000004611866, 0.4218750000004711787, 0.4296875000004761747, 0.4335937500004786727, 0.4355468750004801715, 0.4365234375004808931, 0.4370117187504814482, 0.4372558593754815037, 0.4375000000004815592, 0.4687500000004819478, 0.4843750000004823364, 0.4921875000004823364, 0.4960937500004821143, 0.4980468750004820588, 0.4990234375004822254, 0.4995117187504821143, 0.4997558593754822254, 0.4998779296879820588, 0.5000000000004818368, 0.5312500000004445333, 0.5468750000004257705, 0.5546875000004163336, 0.5585937500004115597, 0.5605468750004093392, 0.5615234375004080070, 0.5620117187504073408, 0.5622558593754071188, 0.5625000000004068967, 0.5937500000003796963, 0.6093750000003661516, 0.6171875000003592682, 0.6210937500003557155, 0.6230468750003540501, 0.6240234375003531619, 0.6245117187503527179, 0.6250000000003522738, 0.6562500000003332890, 0.6718750000003238521, 0.6796875000003189671, 0.6835937500003165246, 0.6855468750003154144, 0.6865234375003148592, 0.6870117187503145262, 0.6872558593753143041, 0.6875000000003140821, 0.7187500000002855494, 0.7343750000002712275, 0.7421875000002640110, 0.7460937500002603473, 0.7480468750002584599, 0.7490234375002576828, 0.7495117187502572387, 0.7500000000002567946, 0.7812500000002297051, 0.7968750000002162714, 0.8046875000002096101, 0.8085937500002063905, 0.8105468750002046141, 0.8115234375002037259, 0.8120117187502032818, 0.8125000000002028377, 0.8437500000001713074, 0.8593750000001555422, 0.8671875000001476597, 0.8710937500001438849, 0.8730468750001418865, 0.8740234375001409983, 0.8745117187501404432, 0.8750000000001398881, 0.9062500000001056932, 0.9218750000000887068, 0.9296875000000802691, 0.9335937500000760503, 0.9355468750000738298, 0.9365234375000727196, 0.9370117187500721645, 0.9375000000000716094, 1.000000000000000000 ),
 .UNSPECIFIED. ) ;
#4150 = AXIS2_PLACEMENT_3D ( 'NONE', #4173, #4823, #6112 ) ;
#4151 = ADVANCED_FACE ( 'NONE', ( #3837 ), #1997, .F. ) ;
#4152 = CARTESIAN_POINT ( 'NONE',  ( -22.97636985822866862, 40.70014313846673559, -17.50000000000000000 ) ) ;
#4153 = CARTESIAN_POINT ( 'NONE',  ( 19.00000000000000000, 1.255262969126037241E-15, -10.25000000000000000 ) ) ;
#4154 = CARTESIAN_POINT ( 'NONE',  ( -17.19877065630007351, 71.59294094529724362, 11.16959323567840379 ) ) ;
#4155 = CARTESIAN_POINT ( 'NONE',  ( 14.51817839733992699, 108.0000000000000284, 6.499999999999993783 ) ) ;
#4156 = ORIENTED_EDGE ( 'NONE', *, *, #4507, .T. ) ;
#4157 = CARTESIAN_POINT ( 'NONE',  ( 22.69711664740533408, 2.832165171982655050, 11.00824498533314788 ) ) ;
#4158 = CARTESIAN_POINT ( 'NONE',  ( 13.69156836345203843, 92.60970067732976929, 9.231653883690091433 ) ) ;
#4159 = VECTOR ( 'NONE', #1944, 1000.000000000000000 ) ;
#4160 = VERTEX_POINT ( 'NONE', #789 ) ;
#4161 = ADVANCED_FACE ( 'NONE', ( #5745 ), #3303, .F. ) ;
#4162 = DIRECTION ( 'NONE',  ( 1.000000000000000000, 0.000000000000000000, 0.000000000000000000 ) ) ;
#4163 = CARTESIAN_POINT ( 'NONE',  ( -25.81588866100904767, -0.2629830258941198151, 17.50000229320593803 ) ) ;
#4164 = CARTESIAN_POINT ( 'NONE',  ( 19.85142161234349345, 58.02269726841563369, -17.50000000000000355 ) ) ;
#4165 = CARTESIAN_POINT ( 'NONE',  ( -16.41364418764684885, 20.09586387093375492, 14.57084304881180259 ) ) ;
#4166 = DIRECTION ( 'NONE',  ( 1.000000000000000000, -0.000000000000000000, -0.000000000000000000 ) ) ;
#4167 = CARTESIAN_POINT ( 'NONE',  ( 19.57939290688344158, 11.39804074916391663, 1.735985211249768234 ) ) ;
#4168 = EDGE_CURVE ( 'NONE', #6885, #7829, #7593, .T. ) ;
#4169 = DIRECTION ( 'NONE',  ( 0.000000000000000000, 1.000000000000000000, 0.000000000000000000 ) ) ;
#4170 = ORIENTED_EDGE ( 'NONE', *, *, #5090, .F. ) ;
#4172 = VERTEX_POINT ( 'NONE', #2563 ) ;
#4171 = CARTESIAN_POINT ( 'NONE',  ( -13.83333333333333748, 110.0000000000000000, 7.166666666666672292 ) ) ;
#4173 = CARTESIAN_POINT ( 'NONE',  ( -32.97687763316800158, 115.0000000000000000, -12.50000000000000355 ) ) ;
#4174 = CARTESIAN_POINT ( 'NONE',  ( 17.11038901868186102, 82.98854796227358577, 8.054290569659368515 ) ) ;
#4175 = DIRECTION ( 'NONE',  ( -1.000000000000000000, -0.000000000000000000, -0.000000000000000000 ) ) ;
#4176 = LINE ( 'NONE', #7203, #7292 ) ;
#4177 = CARTESIAN_POINT ( 'NONE',  ( 13.34314575050761675, -8.000000000000000000, 1.999999999999998668 ) ) ;
#4178 = ORIENTED_EDGE ( 'NONE', *, *, #1131, .F. ) ;
#4181 = ORIENTED_EDGE ( 'NONE', *, *, #6138, .F. ) ;
#4180 = CARTESIAN_POINT ( 'NONE',  ( -14.50000000000000000, 115.0000000000000000, -14.75000000000000533 ) ) ;
#4179 = DIRECTION ( 'NONE',  ( -1.000000000000000000, 0.000000000000000000, 0.000000000000000000 ) ) ;
#4182 = CARTESIAN_POINT ( 'NONE',  ( -16.48078707067960025, 86.92726327245321727, 7.700790584764972913 ) ) ;
#4183 = PLANE ( 'NONE',  #4511 ) ;
#4184 = CARTESIAN_POINT ( 'NONE',  ( -32.97687763316800158, 115.0000000000000000, 4.499999999999998224 ) ) ;
#4185 = LINE ( 'NONE', #410, #7459 ) ;
#4186 = CARTESIAN_POINT ( 'NONE',  ( -24.24456596805465480, 31.12482821942692723, -17.50000000000000711 ) ) ;
#4187 = CARTESIAN_POINT ( 'NONE',  ( -22.31673797230462952, 44.77702947673085276, -17.49999999999999645 ) ) ;
#4188 = CARTESIAN_POINT ( 'NONE',  ( -18.99999999994670219, 10.06446601720800338, -1.981128866011819145 ) ) ;
#4189 = CARTESIAN_POINT ( 'NONE',  ( -17.01569485113780189, 72.53732874913909257, 11.07011553562258399 ) ) ;
#4190 = DIRECTION ( 'NONE',  ( -0.7071067811865416886, -0.7071067811865532349, 0.000000000000000000 ) ) ;
#4191 = VERTEX_POINT ( 'NONE', #2040 ) ;
#4192 = CARTESIAN_POINT ( 'NONE',  ( -23.00000000000000000, 2.000000000000170974, 15.48707321619137645 ) ) ;
#4193 = CARTESIAN_POINT ( 'NONE',  ( 13.29147281260291358, 96.05674786626590844, 8.996821165316037039 ) ) ;
#4194 = CIRCLE ( 'NONE', #2751, 2.000000000000000000 ) ;
#4195 = ORIENTED_EDGE ( 'NONE', *, *, #393, .F. ) ;
#4196 = LINE ( 'NONE', #5463, #8007 ) ;
#4197 = DIRECTION ( 'NONE',  ( 0.000000000000000000, 0.000000000000000000, -1.000000000000000000 ) ) ;
#4198 = CARTESIAN_POINT ( 'NONE',  ( 22.44417367473329250, 44.03148291674616388, -17.50000000000000711 ) ) ;
#4199 = CARTESIAN_POINT ( 'NONE',  ( -12.73121163306159964, 30.21326416332108167, 13.65539475211548037 ) ) ;
#4200 = ORIENTED_EDGE ( 'NONE', *, *, #5785, .T. ) ;
#4201 = DIRECTION ( 'NONE',  ( -1.000000000000000000, -0.000000000000000000, -0.000000000000000000 ) ) ;
#4202 = CARTESIAN_POINT ( 'NONE',  ( 23.00000000000000000, 2.000000000000166533, 15.54067879533209329 ) ) ;
#4203 = DIRECTION ( 'NONE',  ( 1.000000000000000000, -0.000000000000000000, -0.000000000000000000 ) ) ;
#4204 = EDGE_CURVE ( 'NONE', #5350, #429, #2609, .T. ) ;
#4205 = VERTEX_POINT ( 'NONE', #6994 ) ;
#4206 = EDGE_CURVE ( 'NONE', #1489, #6755, #7037, .T. ) ;
#4208 = ORIENTED_EDGE ( 'NONE', *, *, #6184, .F. ) ;
#4207 = CARTESIAN_POINT ( 'NONE',  ( 14.50000000000000000, 115.0000000000000000, 5.749999999999997335 ) ) ;
#4209 = DIRECTION ( 'NONE',  ( 1.000000000000000000, 0.000000000000000000, 0.000000000000000000 ) ) ;
#4210 = CARTESIAN_POINT ( 'NONE',  ( 16.45550238610182703, 87.09366381766162135, 7.686455355803583522 ) ) ;
#4211 = CARTESIAN_POINT ( 'NONE',  ( -19.00000000000000000, 4.336808689942017736E-16, -8.000000000000000000 ) ) ;
#4212 = LINE ( 'NONE', #3642, #7748 ) ;
#4213 = ADVANCED_FACE ( 'NONE', ( #3385 ), #7124, .T. ) ;
#4214 = CARTESIAN_POINT ( 'NONE',  ( 25.00000000000001066, 2.002958818476489267, 17.48720246861695315 ) ) ;
#4215 = ORIENTED_EDGE ( 'NONE', *, *, #393, .T. ) ;
#4216 = EDGE_CURVE ( 'NONE', #2207, #3684, #563, .T. ) ;
#4217 = B_SPLINE_CURVE_WITH_KNOTS ( 'NONE', 3,
 ( #4564, #2725, #7029, #1441 ),
 .UNSPECIFIED., .F., .F.,
 ( 4, 4 ),
 ( 0.000000000000000000, 1.000000000000000000 ),
 .UNSPECIFIED. ) ;
#4220 = ORIENTED_EDGE ( 'NONE', *, *, #886, .F. ) ;
#4219 = CARTESIAN_POINT ( 'NONE',  ( 26.35637396795935672, 29.99999999999998579, -15.50000000000000355 ) ) ;
#4218 = CARTESIAN_POINT ( 'NONE',  ( 13.65416210812829512, 98.65070233654985543, 6.499999999999993783 ) ) ;
#4222 = AXIS2_PLACEMENT_3D ( 'NONE', #2214, #1648, #6333 ) ;
#4221 = CARTESIAN_POINT ( 'NONE',  ( -14.50000000000000000, 110.0000000000000000, 14.93654316236332846 ) ) ;
#4223 = CARTESIAN_POINT ( 'NONE',  ( -16.48727244039412199, 86.88468332331530064, 7.704465853489710803 ) ) ;
#4224 = CARTESIAN_POINT ( 'NONE',  ( 25.00000000072528294, 31.60188937373054685, 17.21305452999133578 ) ) ;
#4225 = LINE ( 'NONE', #1209, #2366 ) ;
#4226 = CARTESIAN_POINT ( 'NONE',  ( -13.50000000000000178, 115.0000000000000000, -12.50000000000000355 ) ) ;
#4227 = CARTESIAN_POINT ( 'NONE',  ( -20.29099542398623157, 66.04520142096599500, -15.50000000000001243 ) ) ;
#4228 = CARTESIAN_POINT ( 'NONE',  ( -22.98360416070684309, 40.65317744706552361, -17.50000000000000355 ) ) ;
#4229 = CARTESIAN_POINT ( 'NONE',  ( 24.14766941192860372, -1.153195794272379171, 15.56289155483061393 ) ) ;
#4230 = CARTESIAN_POINT ( 'NONE',  ( -20.75067089283265531, 53.62811692584992329, 13.15431829374677974 ) ) ;
#4231 = DIRECTION ( 'NONE',  ( 0.000000000000000000, 1.000000000000000000, 0.000000000000000000 ) ) ;
#4232 = ORIENTED_EDGE ( 'NONE', *, *, #2015, .T. ) ;
#4233 = CARTESIAN_POINT ( 'NONE',  ( 13.06201130081364603, 98.38732631258992001, 8.858683145734355335 ) ) ;
#4234 = ORIENTED_EDGE ( 'NONE', *, *, #381, .F. ) ;
#4235 = DIRECTION ( 'NONE',  ( 0.000000000000000000, 0.000000000000000000, -1.000000000000000000 ) ) ;
#4236 = DIRECTION ( 'NONE',  ( -1.000000000000000000, 0.000000000000000000, -0.000000000000000000 ) ) ;
#4237 = CARTESIAN_POINT ( 'NONE',  ( 22.84317370031892480, 41.55609372201630691, -17.50000000000000711 ) ) ;
#4238 = CARTESIAN_POINT ( 'NONE',  ( -12.02879775844319532, 32.14313042294671163, 13.46409521314120106 ) ) ;
#4239 = ORIENTED_EDGE ( 'NONE', *, *, #2218, .F. ) ;
#4240 = CARTESIAN_POINT ( 'NONE',  ( -26.99999999999999645, 5.078948614854425614, 15.42304114532669068 ) ) ;
#4241 = CARTESIAN_POINT ( 'NONE',  ( 23.05415620276177080, 1.851207055788795630, 15.54304912220728951 ) ) ;
#4242 = CARTESIAN_POINT ( 'NONE',  ( -14.50000000000000000, 110.0000000000000000, 6.500000000000008882 ) ) ;
#4243 = VERTEX_POINT ( 'NONE', #4121 ) ;
#4244 = VECTOR ( 'NONE', #3429, 1000.000000000000000 ) ;
#4245 = EDGE_CURVE ( 'NONE', #3230, #5499, #7148, .T. ) ;
#4247 = ORIENTED_EDGE ( 'NONE', *, *, #4574, .F. ) ;
#4246 = DIRECTION ( 'NONE',  ( 0.000000000000000000, 0.000000000000000000, -1.000000000000000000 ) ) ;
#4248 = LINE ( 'NONE', #1762, #1153 ) ;
#4249 = CARTESIAN_POINT ( 'NONE',  ( 20.67895140791416608, 64.10524948711764637, 10.01277029787187445 ) ) ;
#4250 = CARTESIAN_POINT ( 'NONE',  ( -22.00000000000000000, 1.377727649040772389E-15, 11.25000000000000000 ) ) ;
#4251 = DIRECTION ( 'NONE',  ( -0.9925461516412973362, 0.1218693434053486763, 0.000000000000000000 ) ) ;
#4252 = CARTESIAN_POINT ( 'NONE',  ( 4.999999999999997335, 104.9999999999999716, 6.483912629826004803 ) ) ;
#4253 = VECTOR ( 'NONE', #2271, 1000.000000000000000 ) ;
#4254 = ORIENTED_EDGE ( 'NONE', *, *, #3308, .T. ) ;
#4255 = EDGE_CURVE ( 'NONE', #7720, #5652, #3994, .T. ) ;
#4258 = EDGE_LOOP ( 'NONE', ( #3703, #7059 ) ) ;
#4257 = CARTESIAN_POINT ( 'NONE',  ( 25.91532945466787652, 34.04237084015394288, -15.50000000000000533 ) ) ;
#4256 = CARTESIAN_POINT ( 'NONE',  ( -13.50000000000000178, 115.0000000000000000, 5.749999999999997335 ) ) ;
#4259 = FACE_OUTER_BOUND ( 'NONE', #1735, .T. ) ;
#4260 = CARTESIAN_POINT ( 'NONE',  ( -18.45126402067142024, 75.47927660035354336, 8.792559136424818789 ) ) ;
#4261 = CARTESIAN_POINT ( 'NONE',  ( 22.00000000000000000, 0.000000000000000000, 0.000000000000000000 ) ) ;
#4262 = DIRECTION ( 'NONE',  ( 1.000000000000000000, 0.000000000000000000, 0.000000000000000000 ) ) ;
#4263 = ADVANCED_FACE ( 'NONE', ( #1185 ), #1224, .F. ) ;
#4264 = EDGE_CURVE ( 'NONE', #2555, #1928, #423, .T. ) ;
#4265 = CARTESIAN_POINT ( 'NONE',  ( -19.00000000000000000, 0.000000000000000000, 0.000000000000000000 ) ) ;
#4266 = AXIS2_PLACEMENT_3D ( 'NONE', #1853, #1243, #4336 ) ;
#4267 = VECTOR ( 'NONE', #132, 1000.000000000000000 ) ;
#4268 = CARTESIAN_POINT ( 'NONE',  ( -23.66566367043556696, 35.90894430435872664, -17.50000000000000355 ) ) ;
#4269 = CARTESIAN_POINT ( 'NONE',  ( 23.69277693049812328, 0.09661102673749186187, 15.56117787379372608 ) ) ;
#4270 = CARTESIAN_POINT ( 'NONE',  ( -21.43030529237915971, 50.00632564472306285, 13.56081660252331744 ) ) ;
#4271 = CARTESIAN_POINT ( 'NONE',  ( 4.999999999999997335, 104.9999999999999716, 8.641601241243991538 ) ) ;
#4272 = AXIS2_PLACEMENT_3D ( 'NONE', #2393, #6586, #1031 ) ;
#4273 = CARTESIAN_POINT ( 'NONE',  ( 12.54107537371868730, 106.9882958379362776, 8.528340100427671544 ) ) ;
#4274 = AXIS2_PLACEMENT_3D ( 'NONE', #5644, #2541, #4466 ) ;
#4275 = ORIENTED_EDGE ( 'NONE', *, *, #536, .F. ) ;
#4276 = CIRCLE ( 'NONE', #3758, 10.25000000000000000 ) ;
#4277 = CARTESIAN_POINT ( 'NONE',  ( -19.33005785937971410, 8.345120649726588624, -6.008488973024008750 ) ) ;
#4278 = CARTESIAN_POINT ( 'NONE',  ( -24.08701324458207083, -0.9865443441371222200, 15.56289155483061393 ) ) ;
#4279 = DIRECTION ( 'NONE',  ( 0.000000000000000000, 0.000000000000000000, 1.000000000000000000 ) ) ;
#4280 = CARTESIAN_POINT ( 'NONE',  ( -17.77611790731458186, 16.35249809154638001, 14.85499050855156433 ) ) ;
#4281 = VERTEX_POINT ( 'NONE', #2891 ) ;
#4282 = CARTESIAN_POINT ( 'NONE',  ( -19.00000000000000000, -8.000000000000000000, -8.673617379884035472E-16 ) ) ;
#4283 = CARTESIAN_POINT ( 'NONE',  ( 4.999999999999997335, 104.9999999999999716, 6.483912629826004803 ) ) ;
#4284 = CYLINDRICAL_SURFACE ( 'NONE', #82, 10.25000000000000000 ) ;
#4285 = LOCAL_TIME ( 16, 17, 41.00000000000000000, #5140 ) ;
#4286 = B_SPLINE_CURVE_WITH_KNOTS ( 'NONE', 3,
 ( #5834, #271, #5956, #309 ),
 .UNSPECIFIED., .F., .F.,
 ( 4, 4 ),
 ( 0.000000000000000000, 1.000000000000000000 ),
 .UNSPECIFIED. ) ;
#4287 = VERTEX_POINT ( 'NONE', #2281 ) ;
#4288 = DIRECTION ( 'NONE',  ( 1.000000000000000000, -0.000000000000000000, 0.000000000000000000 ) ) ;
#4289 = CARTESIAN_POINT ( 'NONE',  ( -6.999999999999990230, 63.75000000000000000, -17.50000000000000355 ) ) ;
#4290 = CARTESIAN_POINT ( 'NONE',  ( 21.62611270323142776, 59.35735412647858311, 10.54152833726150718 ) ) ;
#4291 = CARTESIAN_POINT ( 'NONE',  ( 27.00000000000000000, 0.000000000000000000, 0.000000000000000000 ) ) ;
#4292 = CYLINDRICAL_SURFACE ( 'NONE', #3409, 2.000000000000000000 ) ;
#4293 = CARTESIAN_POINT ( 'NONE',  ( 4.288384492700727080, 104.2883844927007289, 6.540019400183857634 ) ) ;
#4294 = ORIENTED_EDGE ( 'NONE', *, *, #1724, .F. ) ;
#4297 = ORIENTED_EDGE ( 'NONE', *, *, #4756, .F. ) ;
#4296 = CARTESIAN_POINT ( 'NONE',  ( 25.37315287394006802, 38.16590112514049338, -15.50000000000000888 ) ) ;
#4295 = CARTESIAN_POINT ( 'NONE',  ( -20.82573113962192224, 4.601065735545116553, -9.196367353184943028 ) ) ;
#4298 = DIRECTION ( 'NONE',  ( 0.000000000000000000, 0.000000000000000000, 1.000000000000000000 ) ) ;
#4299 = CARTESIAN_POINT ( 'NONE',  ( -16.50245008521008216, 86.78520829855051488, 7.713064218642976755 ) ) ;
#4300 = DIRECTION ( 'NONE',  ( 1.000000000000000000, -0.000000000000000000, -0.000000000000000000 ) ) ;
#4301 = CARTESIAN_POINT ( 'NONE',  ( -20.99999999999999645, 8.000000000000000000, 2.000000000000000000 ) ) ;
#4302 = CARTESIAN_POINT ( 'NONE',  ( 13.50000000000000533, 115.0000000000000000, -12.50000000000000355 ) ) ;
#4303 = EDGE_CURVE ( 'NONE', #2843, #2002, #5750, .T. ) ;
#4304 = EDGE_CURVE ( 'NONE', #337, #794, #2047, .T. ) ;
#4305 = CARTESIAN_POINT ( 'NONE',  ( -24.44468314487634686, 28.96861614472855351, -17.50000000000000355 ) ) ;
#4306 = CARTESIAN_POINT ( 'NONE',  ( 23.96570090015968546, -0.6532414171355278576, 15.56289213432926388 ) ) ;
#4307 = CARTESIAN_POINT ( 'NONE',  ( -21.98256832995157595, 46.93166570408548210, 13.90356670448452370 ) ) ;
#4308 = DIRECTION ( 'NONE',  ( 0.7071067811865487940, 0.7071067811865463515, -0.000000000000000000 ) ) ;
#4309 = DIRECTION ( 'NONE',  ( 1.000000000000000000, -0.000000000000000000, 0.000000000000000000 ) ) ;
#4310 = ORIENTED_EDGE ( 'NONE', *, *, #7572, .F. ) ;
#4311 = VECTOR ( 'NONE', #6040, 1000.000000000000000 ) ;
#4312 = VECTOR ( 'NONE', #582, 1000.000000000000000 ) ;
#4313 = EDGE_CURVE ( 'NONE', #7602, #5702, #2516, .T. ) ;
#4314 = CARTESIAN_POINT ( 'NONE',  ( -24.01119305439345553, -0.7782300836551453438, 15.56289042297825453 ) ) ;
#4315 = AXIS2_PLACEMENT_3D ( 'NONE', #2788, #5281, #6761 ) ;
#4316 = DIRECTION ( 'NONE',  ( 0.000000000000000000, 0.000000000000000000, -1.000000000000000000 ) ) ;
#4317 = CARTESIAN_POINT ( 'NONE',  ( -15.27805418971466089, 23.21587174801085851, 14.30577822056711490 ) ) ;
#4318 = ORIENTED_EDGE ( 'NONE', *, *, #5210, .T. ) ;
#4319 = CARTESIAN_POINT ( 'NONE',  ( 6.538347527775700385, 52.91806339697635764, 13.23414735049889934 ) ) ;
#4320 = PERSON ( 'UNSPECIFIED', 'UNSPECIFIED', 'UNSPECIFIED', ('UNSPECIFIED'), ('UNSPECIFIED'), ('UNSPECIFIED') ) ;
#4321 = CARTESIAN_POINT ( 'NONE',  ( 20.65911669702379072, 54.10575335328280033, 13.10059856983156301 ) ) ;
#4323 = VERTEX_POINT ( 'NONE', #3743 ) ;
#4322 = AXIS2_PLACEMENT_3D ( 'NONE', #866, #263, #1034 ) ;
#4324 = CARTESIAN_POINT ( 'NONE',  ( 25.00000000000000000, 0.000000000000000000, 0.000000000000000000 ) ) ;
#4325 = FACE_OUTER_BOUND ( 'NONE', #3749, .T. ) ;
#4326 = LINE ( 'NONE', #5662, #2494 ) ;
#4327 = CARTESIAN_POINT ( 'NONE',  ( 23.98677397057863914, 46.86086149712672722, 11.93736510210445978 ) ) ;
#4328 = DIRECTION ( 'NONE',  ( 0.000000000000000000, 0.000000000000000000, -1.000000000000000000 ) ) ;
#4329 = FACE_OUTER_BOUND ( 'NONE', #6781, .T. ) ;
#4330 = DIRECTION ( 'NONE',  ( -0.000000000000000000, -0.000000000000000000, -1.000000000000000000 ) ) ;
#4331 = ORIENTED_EDGE ( 'NONE', *, *, #4349, .F. ) ;
#4334 = EDGE_LOOP ( 'NONE', ( #6070, #3333 ) ) ;
#4333 = DIRECTION ( 'NONE',  ( 1.000000000000000000, -0.000000000000000000, 0.000000000000000000 ) ) ;
#4332 = CARTESIAN_POINT ( 'NONE',  ( 25.45198046684594928, 0.7463242154534553974, 17.49826457190774676 ) ) ;
#4335 = CARTESIAN_POINT ( 'NONE',  ( -25.00000000000000711, 2.352653961416817374, -17.50000000000000355 ) ) ;
#4336 = DIRECTION ( 'NONE',  ( -1.000000000000000000, 0.000000000000000000, 0.000000000000000000 ) ) ;
#4337 = CARTESIAN_POINT ( 'NONE',  ( -25.00000000000001066, 0.000000000000000000, 0.000000000000000000 ) ) ;
#4338 = LINE ( 'NONE', #2012, #1992 ) ;
#4339 = CARTESIAN_POINT ( 'NONE',  ( -5.000000000000002665, 104.9999999999999716, -17.50000000000000355 ) ) ;
#4340 = CARTESIAN_POINT ( 'NONE',  ( -25.00000000000001421, 2.002958818476520797, 17.48720246861695315 ) ) ;
#4341 = CARTESIAN_POINT ( 'NONE',  ( -18.15503349268168876, 66.53146089219936243, -17.50000000000000355 ) ) ;
#4342 = CARTESIAN_POINT ( 'NONE',  ( -26.73796271494272503, 25.35517079832065690, 14.12240617676540566 ) ) ;
#4343 = DIRECTION ( 'NONE',  ( 0.000000000000000000, -0.000000000000000000, 1.000000000000000000 ) ) ;
#4344 = EDGE_CURVE ( 'NONE', #5350, #1545, #7089, .T. ) ;
#4345 = FACE_OUTER_BOUND ( 'NONE', #846, .T. ) ;
#4346 = CARTESIAN_POINT ( 'NONE',  ( 12.54936478736502359, 106.6906994156201165, 8.533953710879703891 ) ) ;
#4347 = EDGE_CURVE ( 'NONE', #258, #6885, #7052, .T. ) ;
#4348 = ORIENTED_EDGE ( 'NONE', *, *, #837, .T. ) ;
#4349 = EDGE_CURVE ( 'NONE', #6554, #5229, #7465, .T. ) ;
#4350 = CARTESIAN_POINT ( 'NONE',  ( -23.99602898866239897, -0.7365671554718580261, 15.56289184667014425 ) ) ;
#4351 = DIRECTION ( 'NONE',  ( 1.000000000000000000, -0.000000000000000000, 0.000000000000000000 ) ) ;
#4352 = CARTESIAN_POINT ( 'NONE',  ( -3.900415076419402105, 60.32328709881839046, -17.50000000000000355 ) ) ;
#4353 = VERTEX_POINT ( 'NONE', #5242 ) ;
#4354 = CARTESIAN_POINT ( 'NONE',  ( 5.217020807344401767, 56.54846354390302565, 12.82582685408943490 ) ) ;
#4355 = CARTESIAN_POINT ( 'NONE',  ( 21.54351464904752689, 49.38720740938195064, 13.63005558896598757 ) ) ;
#4356 = EDGE_CURVE ( 'NONE', #6554, #5170, #6260, .T. ) ;
#4357 = EDGE_CURVE ( 'NONE', #1457, #4635, #283, .T. ) ;
#4358 = VERTEX_POINT ( 'NONE', #44 ) ;
#4359 = AXIS2_PLACEMENT_3D ( 'NONE', #4666, #4746, #7774 ) ;
#4360 = FACE_OUTER_BOUND ( 'NONE', #432, .T. ) ;
#4361 = CARTESIAN_POINT ( 'NONE',  ( -19.70965996432865452, 11.04013495033440506, 3.424103246442890214 ) ) ;
#4362 = DIRECTION ( 'NONE',  ( 1.000000000000000000, -0.000000000000000000, -0.000000000000000000 ) ) ;
#4363 = DIRECTION ( 'NONE',  ( 0.000000000000000000, 0.000000000000000000, -1.000000000000000000 ) ) ;
#4364 = CARTESIAN_POINT ( 'NONE',  ( 25.10443072010093957, 40.02341520465411406, 12.67891977141544047 ) ) ;
#4365 = DATE_AND_TIME ( #7436, #8021 ) ;
#4366 = DIRECTION ( 'NONE',  ( 1.000000000000000000, -0.000000000000000000, -0.000000000000000000 ) ) ;
#4367 = CARTESIAN_POINT ( 'NONE',  ( 26.99999999999999289, 6.879882046511025528, 15.36358334070333953 ) ) ;
#4368 = ORIENTED_EDGE ( 'NONE', *, *, #7423, .T. ) ;
#4371 = VERTEX_POINT ( 'NONE', #7507 ) ;
#4370 = CARTESIAN_POINT ( 'NONE',  ( 24.00000000000000000, 0.000000000000000000, 0.000000000000000000 ) ) ;
#4369 = CARTESIAN_POINT ( 'NONE',  ( 25.81588866100905832, -0.2629830258941596166, 17.50000229320593803 ) ) ;
#4372 = FACE_OUTER_BOUND ( 'NONE', #1967, .T. ) ;
#4373 = CARTESIAN_POINT ( 'NONE',  ( 3.000000000000009770, 100.9119286464099616, 8.729672594973601818 ) ) ;
#4374 = AXIS2_PLACEMENT_3D ( 'NONE', #5334, #329, #3414 ) ;
#4375 = FACE_BOUND ( 'NONE', #2476, .T. ) ;
#4376 = FACE_OUTER_BOUND ( 'NONE', #7767, .T. ) ;
#4377 = DIRECTION ( 'NONE',  ( 0.000000000000000000, 0.000000000000000000, -1.000000000000000000 ) ) ;
#4378 = CARTESIAN_POINT ( 'NONE',  ( -19.72067314638862712, 16.62012647474414351, 16.82355936197047441 ) ) ;
#4379 = ORIENTED_EDGE ( 'NONE', *, *, #2163, .F. ) ;
#4380 = VECTOR ( 'NONE', #362, 1000.000000000000000 ) ;
#4382 = ORIENTED_EDGE ( 'NONE', *, *, #2263, .F. ) ;
#4381 = CARTESIAN_POINT ( 'NONE',  ( -19.28660012107078003, 60.86677021706093171, -17.50000000000000000 ) ) ;
#4383 = CARTESIAN_POINT ( 'NONE',  ( 24.00000000000000000, -8.000000000000000000, -2.000000000000000444 ) ) ;
#4384 = LINE ( 'NONE', #3159, #1655 ) ;
#4385 = DIRECTION ( 'NONE',  ( 0.000000000000000000, 0.000000000000000000, -1.000000000000000000 ) ) ;
#4386 = CARTESIAN_POINT ( 'NONE',  ( 12.54433479841601162, 106.8693304580943106, 8.530549268743952140 ) ) ;
#4387 = EDGE_CURVE ( 'NONE', #6457, #5833, #5432, .T. ) ;
#4388 = ORIENTED_EDGE ( 'NONE', *, *, #1485, .F. ) ;
#4389 = CARTESIAN_POINT ( 'NONE',  ( 15.12859354458609218, 82.71337065674717337, -17.50000000000000355 ) ) ;
#4390 = AXIS2_PLACEMENT_3D ( 'NONE', #4946, #7333, #3106 ) ;
#4391 = CARTESIAN_POINT ( 'NONE',  ( -24.14766941192859662, -1.153195794272361407, 15.56289155483061037 ) ) ;
#4392 = CARTESIAN_POINT ( 'NONE',  ( 0.000000000000000000, 113.0000000000000000, 5.499999999999997335 ) ) ;
#4393 = CARTESIAN_POINT ( 'NONE',  ( -23.00000000000000000, 1.995477668849490849, 11.07161094299844706 ) ) ;
#4394 = ORIENTED_EDGE ( 'NONE', *, *, #2954, .F. ) ;
#4395 = CARTESIAN_POINT ( 'NONE',  ( 6.546066473548115994, 52.89685207426722968, 13.23653144193019848 ) ) ;
#4396 = CARTESIAN_POINT ( 'NONE',  ( 21.33415346969362147, 50.52933381906790089, 13.50227324871213952 ) ) ;
#4398 = EDGE_CURVE ( 'NONE', #7832, #337, #1375, .T. ) ;
#4397 = CIRCLE ( 'NONE', #5831, 10.25000000000000000 ) ;
#4399 = ORIENTED_EDGE ( 'NONE', *, *, #2501, .T. ) ;
#4400 = CIRCLE ( 'NONE', #4274, 10.25000000000000000 ) ;
#4401 = CC_DESIGN_DATE_AND_TIME_ASSIGNMENT ( #7759, #4001, ( #3704 ) ) ;
#4402 = ADVANCED_FACE ( 'NONE', ( #6857 ), #5205, .F. ) ;
#4403 = DIRECTION ( 'NONE',  ( 0.000000000000000000, 1.000000000000000000, 0.000000000000000000 ) ) ;
#4404 = CARTESIAN_POINT ( 'NONE',  ( -19.87032211282369332, 10.59871932517969562, 0.8016003585241141538 ) ) ;
#4405 = DIRECTION ( 'NONE',  ( -1.000000000000000000, 0.000000000000000000, 0.000000000000000000 ) ) ;
#4406 = CARTESIAN_POINT ( 'NONE',  ( -14.72665862463942865, 102.6533459309145400, -15.50000000000000711 ) ) ;
#4407 = CARTESIAN_POINT ( 'NONE',  ( 25.76531995879342318, 35.25190388058601343, 13.17521720869911306 ) ) ;
#4408 = PERSON_AND_ORGANIZATION ( #4320, #1812 ) ;
#4409 = VECTOR ( 'NONE', #1198, 1000.000000000000000 ) ;
#4410 = CARTESIAN_POINT ( 'NONE',  ( 15.49762136583637329, 22.61261588956307378, 14.35804698946163960 ) ) ;
#4411 = CARTESIAN_POINT ( 'NONE',  ( -24.00000000000000000, -1.395418361564970862E-15, 9.000000000000001776 ) ) ;
#4412 = ORIENTED_EDGE ( 'NONE', *, *, #7920, .T. ) ;
#4415 = EDGE_LOOP ( 'NONE', ( #969, #290, #2274, #1690 ) ) ;
#4414 = FACE_OUTER_BOUND ( 'NONE', #945, .T. ) ;
#4413 = CARTESIAN_POINT ( 'NONE',  ( 12.51305735505005146, 36.48732537737794956, 15.03484460756937757 ) ) ;
#4416 = CARTESIAN_POINT ( 'NONE',  ( 19.94080603139443753, 10.40506635047486483, 1.988428081854718421 ) ) ;
#4417 = DIRECTION ( 'NONE',  ( 0.7071067811865472397, -0.000000000000000000, -0.7071067811865479058 ) ) ;
#4418 = DIRECTION ( 'NONE',  ( -1.000000000000000000, 0.000000000000000000, 0.000000000000000000 ) ) ;
#4419 = CARTESIAN_POINT ( 'NONE',  ( -3.752921755017233796, 97.23474335767738808, -15.50000000000000533 ) ) ;
#4420 = DIRECTION ( 'NONE',  ( -0.6644630243886746612, 0.2418447626479807988, 0.7071067811865457964 ) ) ;
#4421 = CARTESIAN_POINT ( 'NONE',  ( -20.85914817642647634, 13.47480852519509931, 17.03263679084927062 ) ) ;
#4422 = VERTEX_POINT ( 'NONE', #4352 ) ;
#4424 = EDGE_LOOP ( 'NONE', ( #1205, #5728 ) ) ;
#4423 = CARTESIAN_POINT ( 'NONE',  ( -17.47161321640992426, 69.98554921303612275, -17.50000000000000711 ) ) ;
#4425 = CARTESIAN_POINT ( 'NONE',  ( -26.92474689204051330, 21.66034221737018939, 14.43586746103882668 ) ) ;
#4426 = CARTESIAN_POINT ( 'NONE',  ( 16.17492340218272417, 88.94168228006255106, -15.50000000000001599 ) ) ;
#4427 = DIRECTION ( 'NONE',  ( 0.000000000000000000, 0.000000000000000000, 1.000000000000000000 ) ) ;
#4428 = CARTESIAN_POINT ( 'NONE',  ( 12.56208739156742560, 106.2726195290390478, 8.542529227149204374 ) ) ;
#4429 = VERTEX_POINT ( 'NONE', #7656 ) ;
#4430 = CARTESIAN_POINT ( 'NONE',  ( 13.05309479637145564, 98.37491994575977117, -17.50000000000000355 ) ) ;
#4431 = VERTEX_POINT ( 'NONE', #6176 ) ;
#4432 = CARTESIAN_POINT ( 'NONE',  ( -19.00000000000000000, 4.336808689942017736E-16, -9.000000000000001776 ) ) ;
#4433 = DIRECTION ( 'NONE',  ( 0.7071067811865487940, -0.7071067811865463515, 0.000000000000000000 ) ) ;
#4434 = CARTESIAN_POINT ( 'NONE',  ( -23.00000000000000000, 1.998497052823126285, 11.08994023175004706 ) ) ;
#4435 = ORIENTED_EDGE ( 'NONE', *, *, #3713, .T. ) ;
#4436 = CARTESIAN_POINT ( 'NONE',  ( 5.202374510561497800, 56.58869837284577642, 12.82130273106868579 ) ) ;
#4437 = CARTESIAN_POINT ( 'NONE',  ( 23.99863787577016083, 33.43523268441247609, 15.34528197376008407 ) ) ;
#4438 = ORIENTED_EDGE ( 'NONE', *, *, #7849, .F. ) ;
#4439 = AXIS2_PLACEMENT_3D ( 'NONE', #5037, #1830, #3737 ) ;
#4440 = DIRECTION ( 'NONE',  ( -1.000000000000000000, 0.000000000000000000, 1.196361017915039239E-16 ) ) ;
#4441 = CARTESIAN_POINT ( 'NONE',  ( -19.86039816109293099, 10.62598515847569303, 0.3996189435789193611 ) ) ;
#4442 = DIRECTION ( 'NONE',  ( 1.000000000000000000, 0.000000000000000000, -0.000000000000000000 ) ) ;
#4443 = CARTESIAN_POINT ( 'NONE',  ( -14.50000000000000000, 118.0000000000000142, 6.500000000000008882 ) ) ;
#4444 = CARTESIAN_POINT ( 'NONE',  ( 24.88504893472811119, 41.44376697240413421, 12.52700642396980690 ) ) ;
#4445 = EDGE_CURVE ( 'NONE', #3391, #5255, #893, .T. ) ;
#4446 = CARTESIAN_POINT ( 'NONE',  ( 12.33991483418008528, 31.28834328255290842, 13.54997346857211937 ) ) ;
#4447 = VECTOR ( 'NONE', #4300, 1000.000000000000000 ) ;
#4448 = EDGE_LOOP ( 'NONE', ( #2540, #4597, #1476, #3807 ) ) ;
#4449 = EDGE_CURVE ( 'NONE', #6955, #898, #4573, .T. ) ;
#4452 = ORIENTED_EDGE ( 'NONE', *, *, #5361, .T. ) ;
#4451 = CYLINDRICAL_SURFACE ( 'NONE', #6222, 10.25000000000000000 ) ;
#4450 = CARTESIAN_POINT ( 'NONE',  ( 25.93720103194970150, -0.5962237960935800052, 17.50000000000000355 ) ) ;
#4453 = CARTESIAN_POINT ( 'NONE',  ( 19.80996737957417153, 10.76454259194343699, -4.237602435614359564 ) ) ;
#4454 = LINE ( 'NONE', #2461, #2434 ) ;
#4455 = CARTESIAN_POINT ( 'NONE',  ( -21.49883505062570066, 49.63209130351329179, 13.60267894467195937 ) ) ;
#4456 = EDGE_CURVE ( 'NONE', #1257, #7401, #3084, .T. ) ;
#4457 = CARTESIAN_POINT ( 'NONE',  ( -24.00000000000000000, 4.336808689942017736E-16, -9.000000000000001776 ) ) ;
#4458 = CARTESIAN_POINT ( 'NONE',  ( -27.00000000000000000, 0.000000000000000000, -15.50000000000001776 ) ) ;
#4459 = CARTESIAN_POINT ( 'NONE',  ( 1.016906865227782762E-15, 110.0000000000000000, 8.499999999999994671 ) ) ;
#4460 = CARTESIAN_POINT ( 'NONE',  ( -13.61349752537427804, 33.45753362885352544, 15.34357889213008264 ) ) ;
#4461 = EDGE_CURVE ( 'NONE', #549, #1257, #83, .T. ) ;
#4462 = ORIENTED_EDGE ( 'NONE', *, *, #336, .F. ) ;
#4463 = AXIS2_PLACEMENT_3D ( 'NONE', #1973, #3897, #4950 ) ;
#4465 = ORIENTED_EDGE ( 'NONE', *, *, #6138, .T. ) ;
#4464 = CARTESIAN_POINT ( 'NONE',  ( -19.63849939263474909, 59.09897244453721044, -17.50000000000000000 ) ) ;
#4466 = DIRECTION ( 'NONE',  ( 0.000000000000000000, 0.000000000000000000, -1.000000000000000000 ) ) ;
#4467 = DIRECTION ( 'NONE',  ( 0.000000000000000000, 0.000000000000000000, -1.000000000000000000 ) ) ;
#4468 = DIRECTION ( 'NONE',  ( 1.000000000000000000, -0.000000000000000000, 0.000000000000000000 ) ) ;
#4469 = DIRECTION ( 'NONE',  ( 1.000000000000000000, -0.000000000000000000, -0.000000000000000000 ) ) ;
#4470 = ORIENTED_EDGE ( 'NONE', *, *, #5400, .F. ) ;
#4471 = CARTESIAN_POINT ( 'NONE',  ( 13.65856041970833701, 92.73060452518443242, -17.50000000000000355 ) ) ;
#4472 = VERTEX_POINT ( 'NONE', #3 ) ;
#4473 = DIRECTION ( 'NONE',  ( 0.000000000000000000, 0.000000000000000000, -1.000000000000000000 ) ) ;
#4474 = CARTESIAN_POINT ( 'NONE',  ( -19.59853106216006680, 7.673063170681412082, 7.579234007966332065 ) ) ;
#4475 = ORIENTED_EDGE ( 'NONE', *, *, #5310, .F. ) ;
#4476 = AXIS2_PLACEMENT_3D ( 'NONE', #3242, #5726, #1569 ) ;
#4477 = CARTESIAN_POINT ( 'NONE',  ( 14.26546882790006876, 31.66218334990179883, 15.52226433834346508 ) ) ;
#4478 = CARTESIAN_POINT ( 'NONE',  ( 19.22058810313051325, 61.41925041420557108, 12.27989795020303987 ) ) ;
#4479 = ORIENTED_EDGE ( 'NONE', *, *, #3520, .F. ) ;
#4480 = CARTESIAN_POINT ( 'NONE',  ( 4.999999999999997335, 104.9999999999999716, 6.483912629826004803 ) ) ;
#4481 = CARTESIAN_POINT ( 'NONE',  ( -5.000000000000002665, 104.9999999999999716, -15.50000000000004441 ) ) ;
#4482 = CARTESIAN_POINT ( 'NONE',  ( 23.00000000000000000, 0.000000000000000000, 0.000000000000000000 ) ) ;
#4483 = DIRECTION ( 'NONE',  ( 1.000000000000000000, -0.000000000000000000, 0.000000000000000000 ) ) ;
#4484 = CARTESIAN_POINT ( 'NONE',  ( -26.35637396795936382, 29.99999999999998934, -15.50000000000000533 ) ) ;
#4485 = CARTESIAN_POINT ( 'NONE',  ( 6.351915933340751330, 47.74023505032769066, 11.79332398305260732 ) ) ;
#4486 = ORIENTED_EDGE ( 'NONE', *, *, #1911, .F. ) ;
#4487 = EDGE_CURVE ( 'NONE', #7128, #1333, #2475, .T. ) ;
#4490 = VERTEX_POINT ( 'NONE', #5045 ) ;
#4489 = DIRECTION ( 'NONE',  ( 1.000000000000000000, -0.000000000000000000, 0.000000000000000000 ) ) ;
#4488 = CARTESIAN_POINT ( 'NONE',  ( 24.36084970783431913, 3.778221326634861654, 17.45729796160454228 ) ) ;
#4491 = CARTESIAN_POINT ( 'NONE',  ( 19.80979215310365760, 10.76502402271453818, 4.236384418861061540 ) ) ;
#4492 = CARTESIAN_POINT ( 'NONE',  ( -24.74260624878779424, 42.34706520938189556, -15.50000000000000355 ) ) ;
#4493 = CARTESIAN_POINT ( 'NONE',  ( -19.28942446841789859, 61.07442086619313670, 12.31838322869517022 ) ) ;
#4494 = DIRECTION ( 'NONE',  ( 1.000000000000000000, 0.000000000000000000, 0.000000000000000000 ) ) ;
#4495 = FACE_OUTER_BOUND ( 'NONE', #4533, .T. ) ;
#4496 = CARTESIAN_POINT ( 'NONE',  ( -6.551201153461289728, 52.88274198790633562, 13.23811735358129660 ) ) ;
#4497 = B_SPLINE_CURVE_WITH_KNOTS ( 'NONE', 3,
 ( #2247, #7841, #1689, #6638 ),
 .UNSPECIFIED., .F., .F.,
 ( 4, 4 ),
 ( 0.000000000000000000, 1.000000000000000000 ),
 .UNSPECIFIED. ) ;
#4498 = ORIENTED_EDGE ( 'NONE', *, *, #5543, .T. ) ;
#4499 = ADVANCED_FACE ( 'NONE', ( #3367 ), #7856, .F. ) ;
#4500 = VECTOR ( 'NONE', #2853, 1000.000000000000000 ) ;
#4501 = AXIS2_PLACEMENT_3D ( 'NONE', #7874, #7917, #7954 ) ;
#4503 = ORIENTED_EDGE ( 'NONE', *, *, #4942, .T. ) ;
#4502 = CARTESIAN_POINT ( 'NONE',  ( -18.83046289314321697, 63.14956685248552759, -17.50000000000000000 ) ) ;
#4504 = VECTOR ( 'NONE', #4262, 1000.000000000000000 ) ;
#4505 = ADVANCED_FACE ( 'NONE', ( #3495, #1702, #7820, #2181, #5971, #4715 ), #4673, .F. ) ;
#4506 = PLANE ( 'NONE',  #3361 ) ;
#4507 = EDGE_CURVE ( 'NONE', #1121, #6224, #600, .T. ) ;
#4508 = CARTESIAN_POINT ( 'NONE',  ( 19.14564955924606338, 71.77944924264144788, -15.50000000000001599 ) ) ;
#4509 = DIRECTION ( 'NONE',  ( 0.000000000000000000, -1.000000000000000000, 0.000000000000000000 ) ) ;
#4510 = DIRECTION ( 'NONE',  ( 1.000000000000000000, 0.000000000000000000, 0.000000000000000000 ) ) ;
#4511 = AXIS2_PLACEMENT_3D ( 'NONE', #3446, #4099, #2303 ) ;
#4512 = ORIENTED_EDGE ( 'NONE', *, *, #2857, .T. ) ;
#4513 = CARTESIAN_POINT ( 'NONE',  ( 14.48243810444682644, 86.76527911342327570, -17.50000000000000711 ) ) ;
#4514 = ORIENTED_EDGE ( 'NONE', *, *, #1017, .T. ) ;
#4515 = CARTESIAN_POINT ( 'NONE',  ( -3.711615503647785363, 103.7116155036477778, 6.585494378261366855 ) ) ;
#4516 = CARTESIAN_POINT ( 'NONE',  ( -24.99999999999998934, 2.126426303175799060, 17.48560463838252943 ) ) ;
#4517 = EDGE_LOOP ( 'NONE', ( #5632, #7662, #3908, #4181 ) ) ;
#4518 = AXIS2_PLACEMENT_3D ( 'NONE', #535, #1138, #3621 ) ;
#4519 = CIRCLE ( 'NONE', #7994, 2.250000000000000444 ) ;
#4520 = CARTESIAN_POINT ( 'NONE',  ( 11.30503368826900790, 39.81126353939468743, 14.68094018984947802 ) ) ;
#4521 = CARTESIAN_POINT ( 'NONE',  ( 19.47857121623059840, 60.12556730971836316, 12.42441305029490195 ) ) ;
#4522 = B_SPLINE_CURVE_WITH_KNOTS ( 'NONE', 3,
 ( #2756, #2108, #3376, #2028, #4515, #1434, #2674, #5812, #3912, #6381 ),
 .UNSPECIFIED., .F., .F.,
 ( 4, 3, 3, 4 ),
 ( 0.000000000000000000, 0.0007559543253083353702, 0.001511908650616665536, 0.002832819390319632393 ),
 .UNSPECIFIED. ) ;
#4523 = VERTEX_POINT ( 'NONE', #5407 ) ;
#4524 = VECTOR ( 'NONE', #22, 1000.000000000000114 ) ;
#4525 = DIRECTION ( 'NONE',  ( 0.000000000000000000, 0.000000000000000000, 1.000000000000000000 ) ) ;
#4526 = DIRECTION ( 'NONE',  ( -0.000000000000000000, -0.000000000000000000, -1.000000000000000000 ) ) ;
#4527 = CARTESIAN_POINT ( 'NONE',  ( 16.54982579456981284, 74.76799135583250688, -17.50000000000000355 ) ) ;
#4528 = DIRECTION ( 'NONE',  ( 0.7071067811865474617, -0.000000000000000000, -0.7071067811865474617 ) ) ;
#4529 = FACE_BOUND ( 'NONE', #917, .T. ) ;
#4530 = FACE_OUTER_BOUND ( 'NONE', #1063, .T. ) ;
#4531 = CARTESIAN_POINT ( 'NONE',  ( 7.620144475895568092, 44.25580576695056578, 12.17974171539683859 ) ) ;
#4532 = CIRCLE ( 'NONE', #249, 1.000000000000000666 ) ;
#4533 = EDGE_LOOP ( 'NONE', ( #4941, #5367, #253, #6372, #1103, #6661, #6274, #5739, #6969 ) ) ;
#4534 = VECTOR ( 'NONE', #2019, 1000.000000000000000 ) ;
#4535 = AXIS2_PLACEMENT_3D ( 'NONE', #4812, #989, #7272 ) ;
#4537 = ORIENTED_EDGE ( 'NONE', *, *, #1721, .T. ) ;
#4536 = CARTESIAN_POINT ( 'NONE',  ( 19.10102925209281111, 62.01815341733944820, 12.21244282979574081 ) ) ;
#4538 = CARTESIAN_POINT ( 'NONE',  ( 19.60345932135164659, 11.33191881884527596, 2.162887556123734178 ) ) ;
#4539 = CARTESIAN_POINT ( 'NONE',  ( -25.28669485007231899, 38.77108769879725969, -15.50000000000000888 ) ) ;
#4540 = CARTESIAN_POINT ( 'NONE',  ( -23.75917136219018744, 35.37800986264662129, 15.14681733564070321 ) ) ;
#4541 = CARTESIAN_POINT ( 'NONE',  ( 13.50000000000000178, 115.0000000000000000, 3.499999999999996891 ) ) ;
#4542 = CARTESIAN_POINT ( 'NONE',  ( 27.00000000000000000, 17.50000000000000711, 14.75501308386013122 ) ) ;
#4543 = VECTOR ( 'NONE', #2492, 1000.000000000000000 ) ;
#4544 = CARTESIAN_POINT ( 'NONE',  ( -16.66809684584512041, 25.04225140484150103, 16.14708267476671111 ) ) ;
#4545 = ORIENTED_EDGE ( 'NONE', *, *, #3152, .T. ) ;
#4547 = ORIENTED_EDGE ( 'NONE', *, *, #6921, .T. ) ;
#4546 = CARTESIAN_POINT ( 'NONE',  ( -13.68716055366282269, 92.50006354320660762, -17.50000000000001421 ) ) ;
#4548 = CARTESIAN_POINT ( 'NONE',  ( -24.00813793234009097, 46.73856877938499821, 11.95084495578409189 ) ) ;
#4549 = CARTESIAN_POINT ( 'NONE',  ( 14.55132616429769143, 106.1556556817866550, -15.50000000000001954 ) ) ;
#4550 = EDGE_CURVE ( 'NONE', #6224, #7512, #409, .T. ) ;
#4551 = CARTESIAN_POINT ( 'NONE',  ( -24.00000000000000000, -8.000000000000000000, -8.673617379884035472E-16 ) ) ;
#4552 = ADVANCED_FACE ( 'NONE', ( #1012 ), #6614, .F. ) ;
#4553 = ORIENTED_EDGE ( 'NONE', *, *, #1823, .T. ) ;
#4554 = CARTESIAN_POINT ( 'NONE',  ( 14.62600282408340391, 85.81965782683234067, -17.50000000000000711 ) ) ;
#4555 = VERTEX_POINT ( 'NONE', #7737 ) ;
#4556 = CARTESIAN_POINT ( 'NONE',  ( -13.68780362955132901, 92.63973784747960849, 9.229471819314115422 ) ) ;
#4557 = CARTESIAN_POINT ( 'NONE',  ( 7.184959519165659891, 105.0590618706626316, 8.573399160350140491 ) ) ;
#4558 = ORIENTED_EDGE ( 'NONE', *, *, #5101, .F. ) ;
#4559 = CARTESIAN_POINT ( 'NONE',  ( 13.92714510792284344, 32.59385392245102508, 15.42964665312598882 ) ) ;
#4560 = EDGE_CURVE ( 'NONE', #6647, #7984, #1621, .T. ) ;
#4561 = CARTESIAN_POINT ( 'NONE',  ( 20.42689454211576816, 55.30835680471123084, 12.96531008680451436 ) ) ;
#4562 = ADVANCED_FACE ( 'NONE', ( #7211, #5447, #1661 ), #4064, .F. ) ;
#4563 = EDGE_LOOP ( 'NONE', ( #7306, #4634, #1238, #2162 ) ) ;
#4564 = CARTESIAN_POINT ( 'NONE',  ( -14.92784999592421791, 99.92439022434579954, -15.50000000000000533 ) ) ;
#4565 = CARTESIAN_POINT ( 'NONE',  ( -22.00000000000000000, 0.000000000000000000, 0.000000000000000000 ) ) ;
#4566 = CARTESIAN_POINT ( 'NONE',  ( 17.48336764426813161, 69.92616774273528790, -17.50000000000000355 ) ) ;
#4567 = CARTESIAN_POINT ( 'NONE',  ( -6.171697397092341220, 48.23538140923731277, 11.73807045242637948 ) ) ;
#4568 = DIRECTION ( 'NONE',  ( 0.000000000000000000, -1.000000000000000000, 0.000000000000000000 ) ) ;
#4569 = CARTESIAN_POINT ( 'NONE',  ( -21.67390810915714994, 5.643407526215273862, 8.601616246006624777 ) ) ;
#4570 = DATE_AND_TIME ( #792, #4285 ) ;
#4571 = CARTESIAN_POINT ( 'NONE',  ( 15.32477497867205329, 23.08750743533132521, 14.31694925273707675 ) ) ;
#4572 = ORIENTED_EDGE ( 'NONE', *, *, #2015, .F. ) ;
#4573 = B_SPLINE_CURVE_WITH_KNOTS ( 'NONE', 1,
 ( #1304, #613 ),
 .UNSPECIFIED., .F., .F.,
 ( 2, 2 ),
 ( 0.000000000000000000, 1.000000000000000000 ),
 .UNSPECIFIED. ) ;
#4574 = EDGE_CURVE ( 'NONE', #1125, #3687, #500, .T. ) ;
#4576 = ORIENTED_EDGE ( 'NONE', *, *, #5449, .F. ) ;
#4575 = CARTESIAN_POINT ( 'NONE',  ( 21.33176894205930196, 50.56156462567243182, 13.49891102963029965 ) ) ;
#4577 = CARTESIAN_POINT ( 'NONE',  ( 19.57916273099515081, 11.39867315221948729, 1.731292179609305038 ) ) ;
#4578 = CARTESIAN_POINT ( 'NONE',  ( 15.04106211306936025, 98.59842814979218417, 6.853836577078022962 ) ) ;
#4579 = DIRECTION ( 'NONE',  ( 1.000000000000000000, -0.000000000000000000, 0.000000000000000000 ) ) ;
#4580 = CARTESIAN_POINT ( 'NONE',  ( -22.19951919935287776, 56.45545352227633629, 10.86664725675931109 ) ) ;
#4581 = AXIS2_PLACEMENT_3D ( 'NONE', #6242, #1129, #3035 ) ;
#4582 = FACE_OUTER_BOUND ( 'NONE', #151, .T. ) ;
#4583 = B_SPLINE_CURVE_WITH_KNOTS ( 'NONE', 3,
 ( #7179, #5891, #2792, #4105, #248, #367, #5975, #412, #2877, #1705, #4798, #4878, #4840, #2467, #4954, #4305, #5452, #1097, #1665, #532, #7300, #1059, #6017, #2917, #6054, #569, #7381, #8018, #6093, #4268, #7338, #3578, #5413, #7861, #452, #4228, #4152, #5571, #2348, #1783, #2309, #4187, #1174, #6729, #7261, #3654, #3038, #6129, #6654, #4917, #3540, #2996, #1743, #3074, #489, #2957, #1135, #7901, #1824, #6692, #3617, #5492, #7939, #2385, #2426, #5531, #6617, #7978, #6768, #1212, #3694, #6168, #603, #153, #110, #7534, #3818, #2583, #1376, #4464, #7415, #6206, #687, #30, #5031, #3114, #5722, #4381, #5642, #68, #7451, #6968, #6248, #4502, #6925, #1420, #5607, #6329, #647, #3153, #2504, #4993, #1979, #1893, #3858, #4341, #7495, #2665, #765, #805, #6801, #1294, #2539, #6844, #3777, #3901, #1937, #6371, #3281, #3238, #2625, #4423, #6884, #197, #6290, #1335, #726, #5119, #5682, #7574, #1249, #3732, #3195, #5076, #2017, #5764, #1859, #359, #5201, #5237, #6447, #5967, #1008, #5842, #2784, #3321, #7169, #5919, #6527, #7129, #7691, #279, #889, #4626, #2744, #7085, #2134, #1537, #2061, #2707, #2828, #4019, #3975, #5323, #1458, #3363, #6488, #4546, #927, #7009, #3400, #2177, #5881, #318, #5277, #7777, #2221, #4710, #1617, #7733, #4669, #1576, #4057, #968, #3443, #5157, #847, #4096, #6566, #3490 ),
 .UNSPECIFIED., .F., .F.,
 ( 4, 1, 1, 1, 1, 1, 2, 2, 1, 1, 1, 1, 1, 2, 2, 1, 1, 1, 1, 1, 1, 2, 2, 1, 1, 1, 1, 1, 1, 2, 2, 1, 1, 1, 1, 1, 1, 2, 2, 1, 1, 1, 1, 1, 1, 2, 2, 1, 1, 1, 1, 1, 2, 2, 1, 1, 1, 1, 1, 1, 2, 2, 1, 1, 1, 1, 1, 1, 1, 1, 2, 2, 1, 1, 1, 1, 1, 1, 2, 2, 1, 1, 1, 1, 1, 1, 1, 2, 2, 1, 1, 1, 1, 1, 1, 2, 2, 1, 1, 1, 1, 1, 2, 2, 1, 1, 1, 1, 1, 2, 2, 1, 1, 1, 1, 1, 1, 2, 2, 1, 1, 1, 1, 1, 1, 2, 2, 1, 1, 1, 1, 1, 1, 2, 2, 1, 1, 1, 1, 1, 2, 2, 1, 1, 1, 1, 1, 2, 2, 4 ),
 ( 0.000000000000000000, 0.03125000000005794670, 0.04687500000008691659, 0.05468750000010140500, 0.05859375000010864920, 0.06054687500011222273, 0.06152343750011406154, 0.06250000000011590728, 0.09375000000017286172, 0.1093750000002012834, 0.1171875000002154943, 0.1210937500002225997, 0.1230468750002262079, 0.1240234375002279565, 0.1250000000002296774, 0.1562500000002852718, 0.1718750000003131106, 0.1796875000003271550, 0.1835937500003340661, 0.1855468750003375078, 0.1865234375003391176, 0.1870117187503400336, 0.1875000000003409217, 0.2187500000004091172, 0.2343750000004433121, 0.2421875000004605205, 0.2460937500004691247, 0.2480468750004734546, 0.2490234375004755085, 0.2495117187504765355, 0.2500000000004775624, 0.2812500000005407896, 0.2968750000005723755, 0.3046875000005881962, 0.3085937500005959677, 0.3105468750005997980, 0.3115234375006016854, 0.3120117187506026291, 0.3125000000006036283, 0.3437500000006508127, 0.3593750000006745160, 0.3671875000006862844, 0.3710937500006921130, 0.3730468750006949441, 0.3740234375006963874, 0.3745117187506969980, 0.3750000000006976641, 0.3906250000007178702, 0.3984375000007280287, 0.4023437500007330248, 0.4042968750007354672, 0.4052734375007367440, 0.4057617187507373546, 0.4062500000007379652, 0.4218750000007540635, 0.4296875000007622236, 0.4335937500007663314, 0.4355468750007683298, 0.4365234375007692735, 0.4370117187507696066, 0.4372558593757697731, 0.4375000000007699397, 0.4531250000007782108, 0.4609375000007823742, 0.4648437500007844836, 0.4667968750007854273, 0.4677734375007858159, 0.4682617187507858714, 0.4685058593757859269, 0.4686279296882859269, 0.4686889648445358159, 0.4687500000007857048, 0.4843750000007673862, 0.4921875000007581158, 0.4960937500007533973, 0.4980468750007510104, 0.4990234375007497891, 0.4995117187507492340, 0.4997558593757489565, 0.5000000000007486234, 0.5156250000007087664, 0.5234375000006885603, 0.5273437500006785683, 0.5292968750006736833, 0.5302734375006713519, 0.5307617187506699086, 0.5310058593756691314, 0.5311279296881686873, 0.5312500000006682432, 0.5468750000006217249, 0.5546875000005986323, 0.5585937500005874190, 0.5605468750005814238, 0.5615234375005787593, 0.5620117187505776490, 0.5622558593755773160, 0.5625000000005769829, 0.5781250000005551115, 0.5859375000005443423, 0.5898437500005390133, 0.5917968750005362377, 0.5927734375005346834, 0.5932617187505339063, 0.5937500000005331291, 0.6093750000005172529, 0.6171875000005094813, 0.6210937500005057066, 0.6230468750005037082, 0.6240234375005024869, 0.6245117187505017098, 0.6250000000005008216, 0.6562500000004602985, 0.6718750000004399814, 0.6796875000004297673, 0.6835937500004244383, 0.6855468750004215517, 0.6865234375004198863, 0.6870117187504189982, 0.6875000000004182210, 0.7187500000003751444, 0.7343750000003536060, 0.7421875000003428369, 0.7460937500003373968, 0.7480468750003347322, 0.7490234375003334000, 0.7495117187503325118, 0.7500000000003316236, 0.7812500000002821077, 0.7968750000002573497, 0.8046875000002450262, 0.8085937500002390310, 0.8105468750002360334, 0.8115234375002347011, 0.8120117187502342571, 0.8125000000002338130, 0.8437500000002072786, 0.8593750000001940670, 0.8671875000001872946, 0.8710937500001836309, 0.8730468750001818545, 0.8740234375001808553, 0.8750000000001798561, 0.9062500000001466605, 0.9218750000001297851, 0.9296875000001212364, 0.9335937500001166844, 0.9355468750001142419, 0.9365234375001126876, 0.9375000000001111333, 1.000000000000000000 ),
 .UNSPECIFIED. ) ;
#4584 = CARTESIAN_POINT ( 'NONE',  ( -9.769578008411077263, 44.03502721909298856, 14.22320003022408308 ) ) ;
#4585 = EDGE_LOOP ( 'NONE', ( #5120, #5312, #7493, #997 ) ) ;
#4586 = VECTOR ( 'NONE', #1834, 1000.000000000000000 ) ;
#4588 = ORIENTED_EDGE ( 'NONE', *, *, #4216, .F. ) ;
#4587 = CARTESIAN_POINT ( 'NONE',  ( 20.99999999999999645, 4.336808689942017736E-16, -8.000000000000000000 ) ) ;
#4589 = CARTESIAN_POINT ( 'NONE',  ( -24.02799469894106466, 46.62470466782502143, 11.96339058712981540 ) ) ;
#4590 = CARTESIAN_POINT ( 'NONE',  ( 21.05385934486692179, 62.23053445647084914, -15.50000000000001776 ) ) ;
#4591 = CARTESIAN_POINT ( 'NONE',  ( 2.007797807571236159, 57.62034951878717237, -14.79706241996874816 ) ) ;
#4592 = FACE_BOUND ( 'NONE', #2392, .T. ) ;
#4593 =( BOUNDED_SURFACE ( )  B_SPLINE_SURFACE ( 3, 2, ( 
 ( #304, #3345, #3883 ),
 ( #3305, #4041, #217 ),
 ( #5182, #3262, #6470 ),
 ( #7716, #2083, #5262 ),
 ( #6510, #4569, #7034 ),
 ( #1400, #3961, #4000 ),
 ( #6433, #6946, #952 ),
 ( #868, #1519, #4649 ),
 ( #5224, #7108, #5099 ),
 ( #6357, #5824, #7677 ) ),
 .UNSPECIFIED., .F., .F., .F. ) 
 B_SPLINE_SURFACE_WITH_KNOTS ( ( 4, 2, 2, 2, 4 ),
 ( 3, 3 ),
 ( 4.854543805431396741, 5.095981214078354249, 5.337418622725311756, 5.578856031372269264, 5.820293440019226772 ),
 ( 0.000000000000000000, 1.000000000000000000 ),
 .UNSPECIFIED. ) 
 GEOMETRIC_REPRESENTATION_ITEM ( )  RATIONAL_B_SPLINE_SURFACE ( (
 ( 1.000000000000000000, 0.6897621954247085130, 1.000000000000000000),
 ( 1.000000000000000000, 0.6798874400831327325, 1.000000000000000000),
 ( 1.000000000000000000, 0.6699662205755878563, 1.000000000000000000),
 ( 1.000000000000000000, 0.6506378657227136486, 1.000000000000000000),
 ( 1.000000000000000000, 0.6412308986881791739, 1.000000000000000000),
 ( 1.000000000000000000, 0.6235827043127837310, 1.000000000000000000),
 ( 1.000000000000000000, 0.6153436852223074238, 1.000000000000000000),
 ( 1.000000000000000000, 0.6006866653722359173, 1.000000000000000000),
 ( 1.000000000000000000, 0.5942697550928355277, 1.000000000000000000),
 ( 1.000000000000000000, 0.5890553352692011746, 1.000000000000000000) ) ) 
 REPRESENTATION_ITEM ( '' )  SURFACE ( )  );
#4594 = ORIENTED_EDGE ( 'NONE', *, *, #7667, .F. ) ;
#4595 = EDGE_CURVE ( 'NONE', #6777, #7701, #6691, .T. ) ;
#4596 = ORIENTED_EDGE ( 'NONE', *, *, #5101, .T. ) ;
#4597 = ORIENTED_EDGE ( 'NONE', *, *, #5449, .T. ) ;
#4598 = CARTESIAN_POINT ( 'NONE',  ( -12.69404315604444200, 103.2785290075138391, 8.629245182927036240 ) ) ;
#4599 = CARTESIAN_POINT ( 'NONE',  ( 19.59853106216006680, 7.673063170681409417, 7.579234007966335618 ) ) ;
#4600 = EDGE_LOOP ( 'NONE', ( #6423, #7056, #2801, #5933, #2989, #2813, #727, #7869 ) ) ;
#4601 = CARTESIAN_POINT ( 'NONE',  ( 19.62687465820783217, 16.87914817493360786, 16.80517443023735780 ) ) ;
#4602 = EDGE_CURVE ( 'NONE', #337, #5251, #6012, .T. ) ;
#4603 = CARTESIAN_POINT ( 'NONE',  ( 18.15651509475882719, 66.74111755127354684, 11.69189180493699354 ) ) ;
#4604 = VERTEX_POINT ( 'NONE', #2225 ) ;
#4605 = EDGE_CURVE ( 'NONE', #5833, #631, #102, .T. ) ;
#4606 = CARTESIAN_POINT ( 'NONE',  ( 18.99999999999998934, 10.06610527765533014, 5.023547007758589089 ) ) ;
#4607 = DIRECTION ( 'NONE',  ( 0.000000000000000000, 0.000000000000000000, -1.000000000000000000 ) ) ;
#4608 = CARTESIAN_POINT ( 'NONE',  ( 18.04739051075992506, 67.07239288291475532, -17.49999999999999645 ) ) ;
#4609 = CARTESIAN_POINT ( 'NONE',  ( -7.573550547672735611, 44.38382153262644181, 12.16563328007852540 ) ) ;
#4610 = EDGE_CURVE ( 'NONE', #3902, #4160, #3276, .T. ) ;
#4611 = FACE_BOUND ( 'NONE', #3442, .T. ) ;
#4612 = CARTESIAN_POINT ( 'NONE',  ( 26.70240606123463678, 25.84729605256078955, 14.07813058226203395 ) ) ;
#4613 = ADVANCED_FACE ( 'NONE', ( #6087 ), #2489, .F. ) ;
#4614 = CARTESIAN_POINT ( 'NONE',  ( -22.82637216846759998, 1.969384728698891474, -15.32637216846761063 ) ) ;
#4615 = CARTESIAN_POINT ( 'NONE',  ( 5.162766491733540519, 51.00739628950049820, 11.42760768832642526 ) ) ;
#4616 = ORIENTED_EDGE ( 'NONE', *, *, #3747, .F. ) ;
#4618 = VERTEX_POINT ( 'NONE', #7975 ) ;
#4617 = CARTESIAN_POINT ( 'NONE',  ( 15.44227885462245098, 94.64706595229355912, 7.098435982650280529 ) ) ;
#4619 = DIRECTION ( 'NONE',  ( -1.000000000000000000, -0.000000000000000000, -0.000000000000000000 ) ) ;
#4620 = CARTESIAN_POINT ( 'NONE',  ( 14.60558382155451262, 105.1050067213058270, 6.573427752393842027 ) ) ;
#4621 = CARTESIAN_POINT ( 'NONE',  ( -24.26561326264113916, 31.01415323768818411, 15.58630519734527198 ) ) ;
#4622 = CARTESIAN_POINT ( 'NONE',  ( -15.55465681605732264, 93.68683069499118687, 7.165387497439692943 ) ) ;
#4623 = CARTESIAN_POINT ( 'NONE',  ( 25.00000000000001066, 2.957599577728490914, 17.47827702120770965 ) ) ;
#4624 = CARTESIAN_POINT ( 'NONE',  ( 24.35814109945779649, 1.954161646259760410, 16.84589575515045823 ) ) ;
#4625 = ORIENTED_EDGE ( 'NONE', *, *, #1378, .T. ) ;
#4627 = ORIENTED_EDGE ( 'NONE', *, *, #127, .T. ) ;
#4626 = CARTESIAN_POINT ( 'NONE',  ( -14.54701597268179292, 86.34174866097963275, -17.50000000000000355 ) ) ;
#4628 = CARTESIAN_POINT ( 'NONE',  ( -21.86326813794637047, 58.15819625482338040, 10.67585440298082133 ) ) ;
#4629 = CARTESIAN_POINT ( 'NONE',  ( 23.26535234402293995, 38.82714747672323341, -17.50000000000000355 ) ) ;
#4630 = CARTESIAN_POINT ( 'NONE',  ( 19.00000000000000000, 9.171340364085866170, -4.577009495957960361 ) ) ;
#4631 = CARTESIAN_POINT ( 'NONE',  ( -14.50000000000000000, 110.0000000000000000, -15.50000000000001776 ) ) ;
#4632 = DIRECTION ( 'NONE',  ( 0.6912844894182222921, 0.000000000000000000, -0.7225826974746819564 ) ) ;
#4633 = AXIS2_PLACEMENT_3D ( 'NONE', #5990, #7238, #7876 ) ;
#4634 = ORIENTED_EDGE ( 'NONE', *, *, #7172, .F. ) ;
#4635 = VERTEX_POINT ( 'NONE', #3691 ) ;
#4636 = EDGE_LOOP ( 'NONE', ( #3105, #308, #7386, #1687 ) ) ;
#4637 = CARTESIAN_POINT ( 'NONE',  ( -12.90994846246555205, 100.1493762945417956, 8.765392002553264561 ) ) ;
#4638 = CARTESIAN_POINT ( 'NONE',  ( 20.67734589795850653, 4.972512160764086531, 9.570517717440065297 ) ) ;
#4639 = ORIENTED_EDGE ( 'NONE', *, *, #2915, .T. ) ;
#4640 = DIRECTION ( 'NONE',  ( 1.000000000000000000, 0.000000000000000000, 0.000000000000000000 ) ) ;
#4641 = CARTESIAN_POINT ( 'NONE',  ( 18.72297624941311511, 63.90698977202835351, 12.00351483783120976 ) ) ;
#4642 = TOROIDAL_SURFACE ( 'NONE', #1134, 11.25000000000000000, 1.000000000000000000 ) ;
#4643 = ORIENTED_EDGE ( 'NONE', *, *, #6723, .F. ) ;
#4644 = CARTESIAN_POINT ( 'NONE',  ( 14.50000000000000355, 80.00000000000002842, 14.93654316236331425 ) ) ;
#4645 = DIRECTION ( 'NONE',  ( 1.000000000000000000, -0.000000000000000000, -0.000000000000000000 ) ) ;
#4646 = CARTESIAN_POINT ( 'NONE',  ( 19.27786358583732351, 60.91049631325174119, -17.50000000000000355 ) ) ;
#4647 = CARTESIAN_POINT ( 'NONE',  ( -5.057613395463790518, 51.29630204708732322, 11.39516653380761824 ) ) ;
#4648 = CARTESIAN_POINT ( 'NONE',  ( 15.00000000000000355, 118.0000000000000142, -15.00000000000001599 ) ) ;
#4649 = CARTESIAN_POINT ( 'NONE',  ( -19.33005785938022925, 8.345120649726823103, 6.008488973023712987 ) ) ;
#4650 = CARTESIAN_POINT ( 'NONE',  ( 0.000000000000000000, 79.52049869174365426, 5.499999999999997335 ) ) ;
#4651 = EDGE_CURVE ( 'NONE', #6457, #3876, #5876, .T. ) ;
#4652 = AXIS2_PLACEMENT_3D ( 'NONE', #1286, #100, #5634 ) ;
#4653 = ORIENTED_EDGE ( 'NONE', *, *, #2205, .T. ) ;
#4654 = CC_DESIGN_PERSON_AND_ORGANIZATION_ASSIGNMENT ( #3428, #2160, ( #1935 ) ) ;
#4655 = EDGE_CURVE ( 'NONE', #1994, #3900, #5602, .T. ) ;
#4657 = VERTEX_POINT ( 'NONE', #566 ) ;
#4656 = CARTESIAN_POINT ( 'NONE',  ( 22.19951919935290263, 56.45545352227636471, 10.86664725675930399 ) ) ;
#4658 = CARTESIAN_POINT ( 'NONE',  ( -15.12560044729214503, 97.68407372427557789, 6.906163816549094392 ) ) ;
#4659 = CIRCLE ( 'NONE', #3740, 1.000000000000000888 ) ;
#4660 = CARTESIAN_POINT ( 'NONE',  ( -25.76525630523448385, 35.25645762940898464, -15.50000000000000533 ) ) ;
#4661 = CARTESIAN_POINT ( 'NONE',  ( -24.94906023233751213, 21.51009158344646721, 16.45258429572291448 ) ) ;
#4662 = DIRECTION ( 'NONE',  ( 0.000000000000000000, 0.000000000000000000, -1.000000000000000000 ) ) ;
#4663 = CARTESIAN_POINT ( 'NONE',  ( -23.53981686544140217, 37.10826538576433364, 14.96888394413916323 ) ) ;
#4664 = CARTESIAN_POINT ( 'NONE',  ( 19.00000000000000000, 5.561455489089374148E-16, -9.000000000000001776 ) ) ;
#4665 = AXIS2_PLACEMENT_3D ( 'NONE', #5550, #6710, #11 ) ;
#4666 = CARTESIAN_POINT ( 'NONE',  ( 20.99999999999999645, 0.000000000000000000, 0.000000000000000000 ) ) ;
#4667 = VERTEX_POINT ( 'NONE', #1739 ) ;
#4668 = VECTOR ( 'NONE', #4079, 1000.000000000000000 ) ;
#4670 = VERTEX_POINT ( 'NONE', #4949 ) ;
#4669 = CARTESIAN_POINT ( 'NONE',  ( -12.73801522910079598, 102.4926689468161101, -17.50000000000000711 ) ) ;
#4671 = CARTESIAN_POINT ( 'NONE',  ( -22.47880748028003950, 55.00867801357100717, 11.02911036595962990 ) ) ;
#4672 = CARTESIAN_POINT ( 'NONE',  ( 23.53988645401929602, 36.89939965858147986, -17.50000000000000355 ) ) ;
#4673 = PLANE ( 'NONE',  #2236 ) ;
#4674 = DIRECTION ( 'NONE',  ( -1.000000000000000000, 0.000000000000000000, 0.000000000000000000 ) ) ;
#4675 = AXIS2_PLACEMENT_3D ( 'NONE', #6271, #1314, #708 ) ;
#4676 = CARTESIAN_POINT ( 'NONE',  ( -26.74383624254013014, 25.44065604220546106, -15.50000000000001776 ) ) ;
#4677 = PLANE ( 'NONE',  #496 ) ;
#4678 = EDGE_LOOP ( 'NONE', ( #4514, #5992, #4085, #2511 ) ) ;
#4679 = DIRECTION ( 'NONE',  ( 0.000000000000000000, 0.000000000000000000, -1.000000000000000000 ) ) ;
#4680 = CARTESIAN_POINT ( 'NONE',  ( -18.71768710404635172, 63.93341538971301929, 12.00059170180552925 ) ) ;
#4681 = DIRECTION ( 'NONE',  ( 0.000000000000000000, -1.776356839400250465E-15, -1.000000000000000000 ) ) ;
#4682 = ORIENTED_EDGE ( 'NONE', *, *, #6041, .T. ) ;
#4683 = CARTESIAN_POINT ( 'NONE',  ( -27.00000000000000000, 0.000000000000000000, 17.50000000000000355 ) ) ;
#4684 = CARTESIAN_POINT ( 'NONE',  ( 17.17665384468505607, 71.70701218587353765, 11.15757896713348707 ) ) ;
#4685 = ORIENTED_EDGE ( 'NONE', *, *, #5241, .F. ) ;
#4686 = CARTESIAN_POINT ( 'NONE',  ( 29.01166342986738300, 55.62898178555392548, 6.499999999999993783 ) ) ;
#4687 = CARTESIAN_POINT ( 'NONE',  ( -25.99785719929620953, -0.7628752462287863301, 17.50000000000000355 ) ) ;
#4688 = CARTESIAN_POINT ( 'NONE',  ( 15.82492342693593557, 78.69232896296556135, -17.50000000000000711 ) ) ;
#4689 = CARTESIAN_POINT ( 'NONE',  ( 24.99999999999998934, 1.418528644547815798, 17.49497234448244143 ) ) ;
#4690 = CARTESIAN_POINT ( 'NONE',  ( 25.00000000000001066, 0.000000000000000000, 17.50000000000000355 ) ) ;
#4691 = CARTESIAN_POINT ( 'NONE',  ( 20.62941185485989237, 8.513137399601685473, -5.773073437670126040 ) ) ;
#4692 = CARTESIAN_POINT ( 'NONE',  ( -7.184959519165663444, 105.0590618706625463, 8.573399160350142267 ) ) ;
#4693 = ORIENTED_EDGE ( 'NONE', *, *, #530, .F. ) ;
#4694 = EDGE_CURVE ( 'NONE', #7763, #1838, #679, .T. ) ;
#4696 = ORIENTED_EDGE ( 'NONE', *, *, #5788, .F. ) ;
#4695 = CARTESIAN_POINT ( 'NONE',  ( 15.23388607100184444, 96.56795595358043727, 6.972720371145092244 ) ) ;
#4697 = CARTESIAN_POINT ( 'NONE',  ( 24.00000000000000000, 0.000000000000000000, 0.000000000000000000 ) ) ;
#4698 = CARTESIAN_POINT ( 'NONE',  ( 20.63466871852216400, 64.32668254986550949, 9.988283414697722407 ) ) ;
#4699 = CARTESIAN_POINT ( 'NONE',  ( -22.71582758768537147, 42.57608822149585848, 14.38266270642857414 ) ) ;
#4700 = CARTESIAN_POINT ( 'NONE',  ( -14.50000000000000000, 110.0000000000000000, -15.50000000000001776 ) ) ;
#4701 = CARTESIAN_POINT ( 'NONE',  ( -12.50001566042337231, 108.0723239723420193, 8.500101618484645627 ) ) ;
#4702 = CARTESIAN_POINT ( 'NONE',  ( 26.99999999999999289, 1.460974450986556095, 15.49995852297963950 ) ) ;
#4703 = ADVANCED_FACE ( 'NONE', ( #4912, #7936 ), #3070, .F. ) ;
#4704 = CARTESIAN_POINT ( 'NONE',  ( 23.05415620276177080, 1.851207055788795630, 15.54304912220728951 ) ) ;
#4705 = VECTOR ( 'NONE', #4147, 1000.000000000000000 ) ;
#4706 = VECTOR ( 'NONE', #3387, 1000.000000000000000 ) ;
#4707 = ORIENTED_EDGE ( 'NONE', *, *, #2854, .F. ) ;
#4708 = B_SPLINE_CURVE_WITH_KNOTS ( 'NONE', 3,
 ( #3716, #1119, #1809, #1199, #3097, #6156, #3682, #3061, #5553, #7885, #2451, #4939, #1844, #6189, #5593, #14, #219, #5710, #5786, #5749, #7035, #3223, #5016, #1921, #139, #1959, #2044, #4410, #6399, #670, #4571, #2085, #6868, #709, #1486, #7479, #5141, #7521, #3307, #6359, #2692, #1316, #3841, #7596, #94, #4446, #793, #54, #3801, #6998, #6948, #2649, #6272, #6232, #3180, #3136, #5666, #2567, #5183, #5062, #5100, #6906, #5627, #1358, #6313, #2527, #4531, #750, #7641, #834, #1402, #2001, #2607, #7558, #4485, #3884, #3926, #3265, #181, #1447, #3962, #4615, #6434, #871, #7679, #3348, #5826, #267, #2123, #7072, #2733, #5226, #3032, #638, #3609, #2460, #7371, #1207, #1736, #2990, #7405, #1885, #4833 ),
 .UNSPECIFIED., .F., .F.,
 ( 4, 1, 1, 1, 1, 1, 1, 1, 2, 2, 1, 1, 1, 1, 1, 1, 1, 2, 2, 1, 1, 1, 1, 1, 1, 1, 2, 2, 1, 1, 1, 1, 1, 1, 1, 2, 2, 1, 1, 1, 1, 1, 1, 1, 2, 2, 1, 1, 1, 1, 1, 1, 1, 2, 2, 1, 1, 1, 1, 1, 1, 2, 2, 1, 1, 1, 1, 1, 1, 1, 1, 2, 2, 1, 1, 1, 1, 1, 1, 1, 2, 2, 4 ),
 ( 0.000000000000000000, 0.06249999999999629463, 0.09374999999999444888, 0.1093749999999935052, 0.1171874999999929640, 0.1210937499999926587, 0.1230468749999924921, 0.1240234374999924227, 0.1245117187499923950, 0.1249999999999923672, 0.1874999999999878153, 0.2187499999999855393, 0.2343749999999844291, 0.2421874999999839295, 0.2460937499999836520, 0.2480468749999836242, 0.2490234374999835965, 0.2495117187499835687, 0.2499999999999835409, 0.3124999999999645284, 0.3437499999999550915, 0.3593749999999503175, 0.3671874999999479305, 0.3710937499999467093, 0.3730468749999460987, 0.3740234374999457656, 0.3745117187499455991, 0.3749999999999454880, 0.4374999999999247824, 0.4687499999999145128, 0.4843749999999094058, 0.4921874999999067968, 0.4960937499999055200, 0.4980468749999049094, 0.4990234374999045763, 0.4995117187499045208, 0.4999999999999044098, 0.5624999999998875344, 0.5937499999998792077, 0.6093749999998750999, 0.6171874999998728795, 0.6210937499998718803, 0.6230468749998713252, 0.6240234374998711031, 0.6245117187498709921, 0.6249999999998707700, 0.6874999999998278044, 0.7187499999998060440, 0.7343749999997952749, 0.7421874999997898348, 0.7460937499997871702, 0.7480468749997859490, 0.7490234374997853939, 0.7495117187497852829, 0.7499999999997851718, 0.7812499999997939426, 0.7968749999997980504, 0.8046874999998001599, 0.8085937499998013811, 0.8105468749998018252, 0.8115234374998019362, 0.8120117187498020472, 0.8124999999998022693, 0.8437499999998009370, 0.8593749999998002709, 0.8671874999998001599, 0.8710937499998000488, 0.8730468749997998268, 0.8740234374997997158, 0.8745117187497998268, 0.8747558593747999378, 0.8748779296872999378, 0.8749999999997999378, 0.9062499999998357980, 0.9218749999998537836, 0.9296874999998628875, 0.9335937499998672173, 0.9355468749998695488, 0.9365234374998707700, 0.9370117187498713252, 0.9372558593748716582, 0.9374999999998718803, 1.000000000000000000 ),
 .UNSPECIFIED. ) ;
#4709 = EDGE_CURVE ( 'NONE', #3401, #6955, #686, .T. ) ;
#4711 = EDGE_LOOP ( 'NONE', ( #2330, #7972, #7573, #695 ) ) ;
#4710 = CARTESIAN_POINT ( 'NONE',  ( -13.05987847402116486, 98.29982414946162805, -17.50000000000000355 ) ) ;
#4712 = VECTOR ( 'NONE', #528, 1000.000000000000000 ) ;
#4713 = CARTESIAN_POINT ( 'NONE',  ( -23.99105404268190256, 46.83637882706747035, 11.94006418807027003 ) ) ;
#4714 = CARTESIAN_POINT ( 'NONE',  ( 21.32796949946767029, 50.35927833659317088, -17.50000000000000000 ) ) ;
#4715 = FACE_OUTER_BOUND ( 'NONE', #2505, .T. ) ;
#4716 = CARTESIAN_POINT ( 'NONE',  ( -14.51817839726926174, 108.0000000039236312, -15.50000000000000355 ) ) ;
#4717 = EDGE_CURVE ( 'NONE', #4017, #7198, #1464, .T. ) ;
#4718 = ADVANCED_FACE ( 'NONE', ( #641 ), #8014, .F. ) ;
#4719 = CARTESIAN_POINT ( 'NONE',  ( -17.94790301277489064, 67.56452462952454141, -17.50000000000001066 ) ) ;
#4720 = VECTOR ( 'NONE', #3829, 1000.000000000000000 ) ;
#4721 = FACE_OUTER_BOUND ( 'NONE', #207, .T. ) ;
#4722 = LINE ( 'NONE', #1019, #6061 ) ;
#4723 = CARTESIAN_POINT ( 'NONE',  ( -17.97119043582076969, 67.67187396393205745, 11.59045784355558339 ) ) ;
#4724 = CARTESIAN_POINT ( 'NONE',  ( -7.184957976769056565, 110.0000000000000000, 8.499999999999994671 ) ) ;
#4725 = ORIENTED_EDGE ( 'NONE', *, *, #3004, .F. ) ;
#4726 = LINE ( 'NONE', #7830, #1218 ) ;
#4727 = CARTESIAN_POINT ( 'NONE',  ( 17.02714590800530203, 72.47810369134802500, 11.07633717620233682 ) ) ;
#4728 = ORIENTED_EDGE ( 'NONE', *, *, #3953, .T. ) ;
#4729 = AXIS2_PLACEMENT_3D ( 'NONE', #844, #3318, #6444 ) ;
#4730 = FACE_OUTER_BOUND ( 'NONE', #654, .T. ) ;
#4731 = CARTESIAN_POINT ( 'NONE',  ( -24.36084970783427295, 3.778221326635001986, 17.45729796160454583 ) ) ;
#4732 = CARTESIAN_POINT ( 'NONE',  ( 20.94680293411161287, 52.37401341637794161, -17.50000000000000355 ) ) ;
#4733 = CARTESIAN_POINT ( 'NONE',  ( -6.255415163648453181, 48.00536873601724608, 11.76374571931853019 ) ) ;
#4734 = CARTESIAN_POINT ( 'NONE',  ( -5.000000000000002665, 104.9999999999999716, 6.483912629826008356 ) ) ;
#4735 = CARTESIAN_POINT ( 'NONE',  ( 20.26975048016617009, 9.501298905220096458, -6.594683019172411953 ) ) ;
#4736 = LINE ( 'NONE', #6030, #3463 ) ;
#4737 = ORIENTED_EDGE ( 'NONE', *, *, #4860, .T. ) ;
#4739 = ORIENTED_EDGE ( 'NONE', *, *, #7278, .F. ) ;
#4738 = CYLINDRICAL_SURFACE ( 'NONE', #628, 1.000000000000000888 ) ;
#4740 = CARTESIAN_POINT ( 'NONE',  ( -14.62099552521682178, 104.7404968957642097, 6.583874081374773368 ) ) ;
#4741 = CARTESIAN_POINT ( 'NONE',  ( 15.67246353449400509, 92.74213716859053136, 7.234730287977099827 ) ) ;
#4742 = CARTESIAN_POINT ( 'NONE',  ( -14.50000000000000000, 115.0000000000000000, -10.25000000000000178 ) ) ;
#4743 = CARTESIAN_POINT ( 'NONE',  ( -32.97687763316800158, 115.0000000000000000, 3.499999999999996891 ) ) ;
#4744 = CARTESIAN_POINT ( 'NONE',  ( -24.00000000000000000, -8.000000000000000000, -2.000000000000000444 ) ) ;
#4745 = FACE_OUTER_BOUND ( 'NONE', #7804, .T. ) ;
#4746 = DIRECTION ( 'NONE',  ( 1.000000000000000000, -0.000000000000000000, 0.000000000000000000 ) ) ;
#4747 = EDGE_CURVE ( 'NONE', #2142, #6149, #4225, .T. ) ;
#4748 = ORIENTED_EDGE ( 'NONE', *, *, #1268, .T. ) ;
#4750 = ORIENTED_EDGE ( 'NONE', *, *, #2612, .F. ) ;
#4749 = DIRECTION ( 'NONE',  ( 0.000000000000000000, 0.000000000000000000, 1.000000000000000000 ) ) ;
#4751 = CARTESIAN_POINT ( 'NONE',  ( -18.44602100302952863, 75.50717995901050017, 8.789692908207326738 ) ) ;
#4752 = FACE_BOUND ( 'NONE', #835, .T. ) ;
#4753 = CARTESIAN_POINT ( 'NONE',  ( -14.92784999592421791, 99.92439022434579954, 6.499999999999993783 ) ) ;
#4754 = DIRECTION ( 'NONE',  ( 1.000000000000000000, 0.000000000000000000, 0.000000000000000000 ) ) ;
#4755 = CARTESIAN_POINT ( 'NONE',  ( -15.75726046319930695, 79.05128673233964776, -17.50000000000000711 ) ) ;
#4756 = EDGE_CURVE ( 'NONE', #1186, #3230, #946, .T. ) ;
#4757 = EDGE_CURVE ( 'NONE', #6504, #1584, #7028, .T. ) ;
#4758 = AXIS2_PLACEMENT_3D ( 'NONE', #3761, #8004, #5519 ) ;
#4759 = ORIENTED_EDGE ( 'NONE', *, *, #7024, .F. ) ;
#4760 = DIRECTION ( 'NONE',  ( 0.1218693434053485930, 0.9925461516412973362, 0.000000000000000000 ) ) ;
#4761 = CARTESIAN_POINT ( 'NONE',  ( -16.56113265019100922, 74.91251888424815775, 10.82317958260192015 ) ) ;
#4762 = LINE ( 'NONE', #4108, #4910 ) ;
#4763 = ORIENTED_EDGE ( 'NONE', *, *, #3699, .F. ) ;
#4764 = CARTESIAN_POINT ( 'NONE',  ( 22.76890635564510035, 2.634924569652760340, 9.947984654615380506 ) ) ;
#4765 = CARTESIAN_POINT ( 'NONE',  ( 14.61849691475604729, 86.05130481008528420, 9.757761602812621504 ) ) ;
#4766 = ORIENTED_EDGE ( 'NONE', *, *, #5794, .F. ) ;
#4767 = VECTOR ( 'NONE', #5468, 1000.000000000000000 ) ;
#4768 = LINE ( 'NONE', #6627, #5184 ) ;
#4769 = CARTESIAN_POINT ( 'NONE',  ( 24.99999999999999645, 0.000000000000000000, -10.25000000000000000 ) ) ;
#4770 = CARTESIAN_POINT ( 'NONE',  ( 22.01079792734137541, 46.54991981756408137, -17.50000000000000711 ) ) ;
#4771 = CIRCLE ( 'NONE', #2681, 5.000000000000000000 ) ;
#4772 = CARTESIAN_POINT ( 'NONE',  ( -17.50998845161849715, 17.08368276172310374, 14.80180982587726035 ) ) ;
#4773 = DIRECTION ( 'NONE',  ( 0.7071067811865460184, 8.659560562354951347E-17, 0.7071067811865489050 ) ) ;
#4774 = CARTESIAN_POINT ( 'NONE',  ( 19.93969262078590532, 10.40812542098097282, 5.023547007758581096 ) ) ;
#4775 = CARTESIAN_POINT ( 'NONE',  ( -19.00000000000000000, 9.171340364085867947, -4.577009495957956808 ) ) ;
#4776 = EDGE_LOOP ( 'NONE', ( #1553, #5689 ) ) ;
#4777 = AXIS2_PLACEMENT_3D ( 'NONE', #2908, #445, #7971 ) ;
#4779 = ORIENTED_EDGE ( 'NONE', *, *, #783, .F. ) ;
#4778 = CARTESIAN_POINT ( 'NONE',  ( -24.00000000000000000, 0.000000000000000000, -10.25000000000000000 ) ) ;
#4780 = DIRECTION ( 'NONE',  ( -1.000000000000000000, -0.000000000000000000, -0.000000000000000000 ) ) ;
#4781 = CARTESIAN_POINT ( 'NONE',  ( 19.05974172407355738, 72.29127694947567306, 9.124832325072347317 ) ) ;
#4782 = PLANE ( 'NONE',  #7889 ) ;
#4783 = CARTESIAN_POINT ( 'NONE',  ( -22.67238902522297650, 42.88757709152469033, 14.34983663408329768 ) ) ;
#4784 = CIRCLE ( 'NONE', #1015, 17.50000000000000355 ) ;
#4785 = CARTESIAN_POINT ( 'NONE',  ( -4.255204982783067358, 59.19038502792004408, 12.52905889152539665 ) ) ;
#4786 = ORIENTED_EDGE ( 'NONE', *, *, #73, .F. ) ;
#4787 = CONICAL_SURFACE ( 'NONE', #6843, 10.25000000000000000, 0.7853981633974503884 ) ;
#4790 = ORIENTED_EDGE ( 'NONE', *, *, #3260, .F. ) ;
#4789 = CYLINDRICAL_SURFACE ( 'NONE', #3730, 2.000000000000000000 ) ;
#4788 = DIRECTION ( 'NONE',  ( 0.000000000000000000, 0.000000000000000000, -1.000000000000000000 ) ) ;
#4791 = CARTESIAN_POINT ( 'NONE',  ( -18.58915843680886937, 74.74792788846085045, 8.867920114521336217 ) ) ;
#4792 = PLANE ( 'NONE',  #1905 ) ;
#4793 = DIRECTION ( 'NONE',  ( -0.000000000000000000, -1.000000000000000000, 0.000000000000000000 ) ) ;
#4794 = CARTESIAN_POINT ( 'NONE',  ( -13.34314575050761675, 4.336808689942017736E-16, -8.000000000000000000 ) ) ;
#4795 = LINE ( 'NONE', #451, #3663 ) ;
#4796 = VECTOR ( 'NONE', #5423, 1000.000000000000000 ) ;
#4797 = AXIS2_PLACEMENT_3D ( 'NONE', #6153, #588, #3058 ) ;
#4798 = CARTESIAN_POINT ( 'NONE',  ( -24.79912447414791288, 24.30114661980839230, -17.50000000000001066 ) ) ;
#4799 = CARTESIAN_POINT ( 'NONE',  ( -19.70947019743553952, 11.04065633058816154, -3.422360404925788746 ) ) ;
#4801 = ADVANCED_FACE ( 'NONE', ( #6688 ), #558, .F. ) ;
#4800 = VECTOR ( 'NONE', #4898, 1000.000000000000000 ) ;
#4802 = CARTESIAN_POINT ( 'NONE',  ( -18.14662642661009428, 66.79072429937252764, 11.68647469304781339 ) ) ;
#4803 = DIRECTION ( 'NONE',  ( -1.000000000000000000, 0.000000000000000000, 0.000000000000000000 ) ) ;
#4804 = EDGE_LOOP ( 'NONE', ( #4232, #5608, #1642, #5142 ) ) ;
#4805 = CARTESIAN_POINT ( 'NONE',  ( 23.02333736379413054, 1.935881119946145867, 11.13652132342978973 ) ) ;
#4806 = CARTESIAN_POINT ( 'NONE',  ( 16.69523423468428902, 74.20682807525051317, 10.89602766355670660 ) ) ;
#4807 = EDGE_CURVE ( 'NONE', #2573, #1450, #3935, .T. ) ;
#4808 = VECTOR ( 'NONE', #3891, 1000.000000000000000 ) ;
#4809 = ORIENTED_EDGE ( 'NONE', *, *, #1711, .F. ) ;
#4810 = ADVANCED_FACE ( 'NONE', ( #4375, #1287 ), #3772, .F. ) ;
#4811 = CARTESIAN_POINT ( 'NONE',  ( 19.00000000000000000, -8.000000000000000000, -8.673617379884035472E-16 ) ) ;
#4812 = CARTESIAN_POINT ( 'NONE',  ( -20.99999999999999645, -1.517883041479706208E-15, 8.000000000000000000 ) ) ;
#4813 = CARTESIAN_POINT ( 'NONE',  ( 22.93737182625153181, 40.95247799876711525, -17.50000000000000000 ) ) ;
#4814 = CARTESIAN_POINT ( 'NONE',  ( -12.69388451944208640, 30.31581956512410514, 13.64533022422003583 ) ) ;
#4815 = VERTEX_POINT ( 'NONE', #5527 ) ;
#4816 = CARTESIAN_POINT ( 'NONE',  ( -27.00000000000000000, 1.766488669531943501, 15.49259171329548224 ) ) ;
#4817 = CARTESIAN_POINT ( 'NONE',  ( 19.53928460879058449, 11.50823739250678734, 0.4359743177647415480 ) ) ;
#4818 = CARTESIAN_POINT ( 'NONE',  ( -20.99999999999999645, -1.517883041479706208E-15, 8.000000000000000000 ) ) ;
#4819 = EDGE_CURVE ( 'NONE', #1390, #4490, #7374, .T. ) ;
#4820 = ORIENTED_EDGE ( 'NONE', *, *, #3100, .T. ) ;
#4822 = ORIENTED_EDGE ( 'NONE', *, *, #633, .F. ) ;
#4821 = CARTESIAN_POINT ( 'NONE',  ( 25.00000000000003908, 17.64627690009261229, 16.74965667821458482 ) ) ;
#4823 = DIRECTION ( 'NONE',  ( 1.000000000000000000, -0.000000000000000000, -0.000000000000000000 ) ) ;
#4824 = CARTESIAN_POINT ( 'NONE',  ( 20.17463231344441610, 66.63000016073462461, 9.734794275341807079 ) ) ;
#4825 = DIRECTION ( 'NONE',  ( 0.000000000000000000, 0.000000000000000000, 1.000000000000000000 ) ) ;
#4826 = CARTESIAN_POINT ( 'NONE',  ( -24.99999999999999289, 0.000000000000000000, -17.50000000000000355 ) ) ;
#4827 = B_SPLINE_CURVE_WITH_KNOTS ( 'NONE', 3,
 ( #1370, #3277, #5761, #194 ),
 .UNSPECIFIED., .F., .F.,
 ( 4, 4 ),
 ( 0.000000000000000000, 1.000000000000000000 ),
 .UNSPECIFIED. ) ;
#4828 = CARTESIAN_POINT ( 'NONE',  ( 27.00000000000000000, -9.251858538542914635E-16, 15.50000000000001776 ) ) ;
#4829 = VERTEX_POINT ( 'NONE', #7489 ) ;
#4832 = ORIENTED_EDGE ( 'NONE', *, *, #6979, .T. ) ;
#4831 = CARTESIAN_POINT ( 'NONE',  ( 2.499999999999998668, 58.32328709881844020, 10.60535141707431350 ) ) ;
#4830 = CARTESIAN_POINT ( 'NONE',  ( 4.999999999999994671, 107.5189363281517103, 6.409943589260366892 ) ) ;
#4833 = CARTESIAN_POINT ( 'NONE',  ( 2.499999999999998668, 58.32328709881844020, 10.60535141707431350 ) ) ;
#4834 = CARTESIAN_POINT ( 'NONE',  ( -20.47001896572136559, 65.14996665810718923, 9.897198650820415722 ) ) ;
#4835 = CARTESIAN_POINT ( 'NONE',  ( -11.50000000000000000, 79.52049869174365426, -14.50000000000000533 ) ) ;
#4836 = CARTESIAN_POINT ( 'NONE',  ( 22.51967492055321074, 1.767917200270893829, -10.20476855332520749 ) ) ;
#4837 = DIRECTION ( 'NONE',  ( 0.000000000000000000, 1.000000000000000000, -0.000000000000000000 ) ) ;
#4838 = DIRECTION ( 'NONE',  ( -1.000000000000000000, 0.000000000000000000, 0.000000000000000000 ) ) ;
#4839 = VECTOR ( 'NONE', #7457, 999.9999999999998863 ) ;
#4840 = CARTESIAN_POINT ( 'NONE',  ( -24.57741706019714556, 27.44758864398438547, -17.50000000000000355 ) ) ;
#4841 = CARTESIAN_POINT ( 'NONE',  ( -23.00000000000000000, 0.000000000000000000, -15.50000000000001421 ) ) ;
#4842 = CARTESIAN_POINT ( 'NONE',  ( -19.29041162408960375, 61.06947433011774962, 12.31893542134223907 ) ) ;
#4843 = PLANE ( 'NONE',  #7612 ) ;
#4844 = CARTESIAN_POINT ( 'NONE',  ( 16.51291271448396714, 75.16893010358995753, 10.79697145607783959 ) ) ;
#4845 = AXIS2_PLACEMENT_3D ( 'NONE', #5567, #1854, #5486 ) ;
#4846 = ADVANCED_FACE ( 'NONE', ( #7529 ), #5071, .F. ) ;
#4847 = EDGE_LOOP ( 'NONE', ( #3120, #562, #2855, #1436 ) ) ;
#4848 = DIRECTION ( 'NONE',  ( 0.000000000000000000, 0.000000000000000000, 1.000000000000000000 ) ) ;
#4849 = CARTESIAN_POINT ( 'NONE',  ( -19.00000000000000000, -1.517883041479706208E-15, 6.999999999999998224 ) ) ;
#4850 = CARTESIAN_POINT ( 'NONE',  ( 23.57150942374138936, 36.60348204658587434, -17.50000000000000000 ) ) ;
#4851 = CARTESIAN_POINT ( 'NONE',  ( -17.84215298309505471, 16.17106821194757416, 14.86800061599563527 ) ) ;
#4852 = ORIENTED_EDGE ( 'NONE', *, *, #7062, .F. ) ;
#4853 = CARTESIAN_POINT ( 'NONE',  ( -27.00000000000000000, 8.424890044651418108, 15.29833224292273464 ) ) ;
#4854 = CARTESIAN_POINT ( 'NONE',  ( 22.69711664740536250, 2.832165171982413909, -11.00824498533319939 ) ) ;
#4855 = CARTESIAN_POINT ( 'NONE',  ( 14.50000000000000000, 118.0000000000000142, -15.50000000000001776 ) ) ;
#4856 = ORIENTED_EDGE ( 'NONE', *, *, #1477, .T. ) ;
#4857 = EDGE_CURVE ( 'NONE', #3230, #1186, #5368, .T. ) ;
#4858 = AXIS2_PLACEMENT_3D ( 'NONE', #6175, #3046, #2 ) ;
#4859 = EDGE_CURVE ( 'NONE', #3519, #3938, #1971, .T. ) ;
#4860 = EDGE_CURVE ( 'NONE', #4829, #7564, #3811, .T. ) ;
#4862 = ORIENTED_EDGE ( 'NONE', *, *, #6294, .F. ) ;
#4861 = FACE_OUTER_BOUND ( 'NONE', #5390, .T. ) ;
#4863 = CARTESIAN_POINT ( 'NONE',  ( 27.00000000000000000, 0.000000000000000000, -15.50000000000001776 ) ) ;
#4864 = CARTESIAN_POINT ( 'NONE',  ( 20.67730683564346350, 64.11347281245205920, 10.01186063507114632 ) ) ;
#4865 = CARTESIAN_POINT ( 'NONE',  ( 24.99999999999999645, 0.000000000000000000, 0.000000000000000000 ) ) ;
#4866 = FACE_OUTER_BOUND ( 'NONE', #1336, .T. ) ;
#4867 = CARTESIAN_POINT ( 'NONE',  ( 27.00000000000000000, 9.052253699189748204, 15.26985480901314318 ) ) ;
#4868 = EDGE_LOOP ( 'NONE', ( #4967, #1190, #1892, #4479 ) ) ;
#4871 = ORIENTED_EDGE ( 'NONE', *, *, #826, .F. ) ;
#4870 = FACE_OUTER_BOUND ( 'NONE', #614, .T. ) ;
#4869 = CARTESIAN_POINT ( 'NONE',  ( -23.07119008560711393, 1.804406847305378037, -10.09619818206439312 ) ) ;
#4873 = VECTOR ( 'NONE', #4091, 1000.000000000000000 ) ;
#4872 = DIRECTION ( 'NONE',  ( -1.000000000000000000, 0.000000000000000000, 1.196361017915039239E-16 ) ) ;
#4874 = CARTESIAN_POINT ( 'NONE',  ( -19.75848959549569983, 68.72538933252872084, 9.506604335417913276 ) ) ;
#4875 = DIRECTION ( 'NONE',  ( 0.000000000000000000, 0.000000000000000000, -1.000000000000000000 ) ) ;
#4876 = DIRECTION ( 'NONE',  ( 1.000000000000000000, -0.000000000000000000, 0.000000000000000000 ) ) ;
#4877 = DIRECTION ( 'NONE',  ( 1.000000000000000000, -0.000000000000000000, 0.000000000000000000 ) ) ;
#4878 = CARTESIAN_POINT ( 'NONE',  ( -24.71052469597605139, 25.73462675244343245, -17.49999999999999645 ) ) ;
#4879 = CYLINDRICAL_SURFACE ( 'NONE', #5808, 1.000000000000000888 ) ;
#4880 = CARTESIAN_POINT ( 'NONE',  ( -20.81817730921926923, 53.27478565013755940, 13.19405055302278029 ) ) ;
#4881 = LINE ( 'NONE', #36, #1404 ) ;
#4882 = DIRECTION ( 'NONE',  ( 0.000000000000000000, 0.000000000000000000, -1.000000000000000000 ) ) ;
#4883 = ORIENTED_EDGE ( 'NONE', *, *, #7064, .F. ) ;
#4884 = CARTESIAN_POINT ( 'NONE',  ( 7.184959519165659891, 105.0590618706626316, 8.573399160350140491 ) ) ;
#4885 = CARTESIAN_POINT ( 'NONE',  ( -20.90586374002554493, 7.753592087541018252, 15.36639538845002129 ) ) ;
#4886 = CARTESIAN_POINT ( 'NONE',  ( 23.91237986249912595, 33.96809275361774638, -17.50000000000000711 ) ) ;
#4887 = CARTESIAN_POINT ( 'NONE',  ( -10.00636656942629799, 37.69971444717126019, 12.88948641503123582 ) ) ;
#4888 = VERTEX_POINT ( 'NONE', #5760 ) ;
#4889 = CARTESIAN_POINT ( 'NONE',  ( -26.99999999999999645, 4.047257633889422834, 15.44933623610901385 ) ) ;
#4890 = CARTESIAN_POINT ( 'NONE',  ( 7.857031854265455806, 49.29373739607586913, 13.64049966523697854 ) ) ;
#4891 = CARTESIAN_POINT ( 'NONE',  ( 24.50450653283451175, 28.49008617575601576, 15.82929099904063719 ) ) ;
#4892 = AXIS2_PLACEMENT_3D ( 'NONE', #6865, #136, #706 ) ;
#4894 = VERTEX_POINT ( 'NONE', #230 ) ;
#4893 = FACE_BOUND ( 'NONE', #3744, .T. ) ;
#4895 = CARTESIAN_POINT ( 'NONE',  ( -5.000000000000002665, 104.9999999999999716, 22.73723446728292785 ) ) ;
#4896 = DIRECTION ( 'NONE',  ( 1.000000000000000000, 0.000000000000000000, 0.000000000000000000 ) ) ;
#4897 = CARTESIAN_POINT ( 'NONE',  ( 21.72303387447226797, 58.86795299093240885, 10.59632115486234483 ) ) ;
#4898 = DIRECTION ( 'NONE',  ( 0.000000000000000000, -0.7071067811630263877, 0.7071067812100686467 ) ) ;
#4899 = EDGE_CURVE ( 'NONE', #5667, #4281, #148, .T. ) ;
#4900 = DIRECTION ( 'NONE',  ( 0.000000000000000000, 1.000000000000000000, 0.000000000000000000 ) ) ;
#4901 = DIRECTION ( 'NONE',  ( -1.000000000000000000, 0.000000000000000000, 0.000000000000000000 ) ) ;
#4902 = VECTOR ( 'NONE', #4070, 1000.000000000000000 ) ;
#4903 = ORIENTED_EDGE ( 'NONE', *, *, #869, .F. ) ;
#4904 = EDGE_CURVE ( 'NONE', #4287, #6220, #5149, .T. ) ;
#4907 = VERTEX_POINT ( 'NONE', #103 ) ;
#4906 = CARTESIAN_POINT ( 'NONE',  ( 25.41350960001724246, 37.87984045078978568, -15.50000000000001066 ) ) ;
#4905 = CARTESIAN_POINT ( 'NONE',  ( -21.93083727046171916, 4.937500457130656883, -9.028552798983438876 ) ) ;
#4909 = AXIS2_PLACEMENT_3D ( 'NONE', #6771, #2544, #4997 ) ;
#4908 = DIRECTION ( 'NONE',  ( 1.000000000000000000, -0.000000000000000000, 0.000000000000000000 ) ) ;
#4910 = VECTOR ( 'NONE', #2960, 1000.000000000000000 ) ;
#4911 = CARTESIAN_POINT ( 'NONE',  ( -19.54456340360590261, 69.80960868402388542, 9.389581293745544954 ) ) ;
#4912 = FACE_OUTER_BOUND ( 'NONE', #7746, .T. ) ;
#4913 = CARTESIAN_POINT ( 'NONE',  ( 23.00000000000000000, 1.318682944986314887, 15.49568870996291992 ) ) ;
#4914 = CARTESIAN_POINT ( 'NONE',  ( -22.56293753082318077, 8.761805897194863135, 17.28534867624838611 ) ) ;
#4915 = ADVANCED_FACE ( 'NONE', ( #3356 ), #3234, .F. ) ;
#4916 = VECTOR ( 'NONE', #6200, 1000.000000000000000 ) ;
#4917 = CARTESIAN_POINT ( 'NONE',  ( -21.86013199579628008, 47.41150222267901881, -17.50000000000000711 ) ) ;
#4918 = CARTESIAN_POINT ( 'NONE',  ( 24.00000000000000000, -1.517883041479706208E-15, 8.000000000000000000 ) ) ;
#4919 = CARTESIAN_POINT ( 'NONE',  ( -20.95953830205459312, 52.53004558785519151, 13.27775211128936661 ) ) ;
#4920 = DIRECTION ( 'NONE',  ( -1.000000000000000000, 0.000000000000000000, 0.000000000000000000 ) ) ;
#4921 = PLANE ( 'NONE',  #7542 ) ;
#4922 = CIRCLE ( 'NONE', #4665, 2.250000000000001776 ) ;
#4923 = ORIENTED_EDGE ( 'NONE', *, *, #2709, .T. ) ;
#4924 = CIRCLE ( 'NONE', #2966, 1.000000000000000888 ) ;
#4925 = CARTESIAN_POINT ( 'NONE',  ( -23.78374532730975943, -0.1533225893864501865, 15.56212210708882537 ) ) ;
#4926 = CARTESIAN_POINT ( 'NONE',  ( 24.41539519142706638, 29.28512564837247822, -17.50000000000001066 ) ) ;
#4927 = CARTESIAN_POINT ( 'NONE',  ( -20.42688856473911585, 9.069565566119765165, 15.30131143768124247 ) ) ;
#4928 = ORIENTED_EDGE ( 'NONE', *, *, #784, .T. ) ;
#4929 = CARTESIAN_POINT ( 'NONE',  ( 6.208275120454377571, 53.82496932506246168, 13.13218034738863338 ) ) ;
#4930 = AXIS2_PLACEMENT_3D ( 'NONE', #596, #4333, #6875 ) ;
#4931 = CARTESIAN_POINT ( 'NONE',  ( 23.78673865021255196, 35.16138921778359361, 15.16911406908932491 ) ) ;
#4932 = AXIS2_PLACEMENT_3D ( 'NONE', #1235, #6312, #4328 ) ;
#4933 = ORIENTED_EDGE ( 'NONE', *, *, #288, .F. ) ;
#4934 = DIRECTION ( 'NONE',  ( 0.000000000000000000, 0.000000000000000000, 1.000000000000000000 ) ) ;
#4935 = CARTESIAN_POINT ( 'NONE',  ( -19.53924158917005016, 11.50835558794277702, -0.4321590562122520907 ) ) ;
#4936 = CARTESIAN_POINT ( 'NONE',  ( -13.50000000000000178, 115.0000000000000000, 3.499999999999996891 ) ) ;
#4937 = CARTESIAN_POINT ( 'NONE',  ( 23.68072436846312812, 48.58799003132728700, 11.74635779644581568 ) ) ;
#4938 = DIRECTION ( 'NONE',  ( 1.000000000000000000, -0.000000000000000000, -0.000000000000000000 ) ) ;
#4939 = CARTESIAN_POINT ( 'NONE',  ( 20.43359834758621929, 9.051130589257887493, 15.30221674127889031 ) ) ;
#4940 = CARTESIAN_POINT ( 'NONE',  ( 27.00000000000000355, 15.93351664239555809, 14.86988134412441198 ) ) ;
#4941 = ORIENTED_EDGE ( 'NONE', *, *, #3454, .T. ) ;
#4942 = EDGE_CURVE ( 'NONE', #7575, #144, #4964, .T. ) ;
#4945 = ORIENTED_EDGE ( 'NONE', *, *, #2512, .F. ) ;
#4944 = DIRECTION ( 'NONE',  ( -0.1218693434053486624, 0.9925461516412972252, -0.000000000000000000 ) ) ;
#4943 = DIRECTION ( 'NONE',  ( 1.000000000000000000, 0.000000000000000000, 0.000000000000000000 ) ) ;
#4946 = CARTESIAN_POINT ( 'NONE',  ( 12.80883344054607775, 30.00000000000013145, -2.258264248637125673E-13 ) ) ;
#4947 = CARTESIAN_POINT ( 'NONE',  ( -24.36348378947896975, 44.67156216874456476, -15.50000000000000178 ) ) ;
#4948 = EDGE_CURVE ( 'NONE', #2555, #1121, #719, .T. ) ;
#4949 = CARTESIAN_POINT ( 'NONE',  ( -11.50000000000000000, 113.0000000000000000, -14.50000000000000533 ) ) ;
#4950 = DIRECTION ( 'NONE',  ( 0.000000000000000000, 0.000000000000000000, -1.000000000000000000 ) ) ;
#4951 = CARTESIAN_POINT ( 'NONE',  ( 23.00000000000000000, 0.6520162794183882449, 15.49999763789913310 ) ) ;
#4952 = DIRECTION ( 'NONE',  ( 0.000000000000000000, 0.000000000000000000, -1.000000000000000000 ) ) ;
#4953 = ADVANCED_FACE ( 'NONE', ( #6917, #5112 ), #3317, .T. ) ;
#4954 = CARTESIAN_POINT ( 'NONE',  ( -24.46457454615156735, 28.75005873915676702, -17.50000000000000355 ) ) ;
#4955 = EDGE_CURVE ( 'NONE', #3608, #7097, #6323, .T. ) ;
#4956 = CARTESIAN_POINT ( 'NONE',  ( -26.84543411788734701, 23.43977111095678367, 14.28749581750391862 ) ) ;
#4957 = ADVANCED_FACE ( 'NONE', ( #1931 ), #3441, .T. ) ;
#4958 = FACE_OUTER_BOUND ( 'NONE', #2631, .T. ) ;
#4959 = DIRECTION ( 'NONE',  ( 1.000000000000000000, 0.000000000000000000, 0.000000000000000000 ) ) ;
#4960 = CARTESIAN_POINT ( 'NONE',  ( -27.00000000000000000, 0.000000000000000000, 0.000000000000000000 ) ) ;
#4961 = ORIENTED_EDGE ( 'NONE', *, *, #4461, .T. ) ;
#4962 = AXIS2_PLACEMENT_3D ( 'NONE', #6973, #5163, #3907 ) ;
#4963 = CARTESIAN_POINT ( 'NONE',  ( -24.05668512291970629, -0.9032185146952714794, 15.56289381853532916 ) ) ;
#4964 = CIRCLE ( 'NONE', #1722, 0.9999999999999991118 ) ;
#4965 = LINE ( 'NONE', #4392, #2375 ) ;
#4966 = CARTESIAN_POINT ( 'NONE',  ( -5.000000000000002665, 118.0000000000000142, 22.73723446728292785 ) ) ;
#4967 = ORIENTED_EDGE ( 'NONE', *, *, #7920, .F. ) ;
#4968 = CARTESIAN_POINT ( 'NONE',  ( 4.280050906281823053, 59.12216113906678316, 12.53677301066593408 ) ) ;
#4969 = CARTESIAN_POINT ( 'NONE',  ( 22.02061112804058141, 46.71420995927046960, 13.92768591513011245 ) ) ;
#4971 = ORIENTED_EDGE ( 'NONE', *, *, #633, .T. ) ;
#4970 = VECTOR ( 'NONE', #3132, 1000.000000000000000 ) ;
#4972 = DIRECTION ( 'NONE',  ( 1.000000000000000000, -0.000000000000000000, 0.000000000000000000 ) ) ;
#4973 = DIRECTION ( 'NONE',  ( 1.000000000000000000, -0.000000000000000000, 0.000000000000000000 ) ) ;
#4974 = CARTESIAN_POINT ( 'NONE',  ( 24.00000000000000000, 1.255262969126037241E-15, -10.25000000000000000 ) ) ;
#4975 = CARTESIAN_POINT ( 'NONE',  ( 14.92784999592421791, 99.92439022434579954, 6.499999999999993783 ) ) ;
#4976 = CARTESIAN_POINT ( 'NONE',  ( 23.95644245053792076, 47.03410888376651400, 11.91825857479750184 ) ) ;
#4977 = LINE ( 'NONE', #1357, #1431 ) ;
#4978 = DIRECTION ( 'NONE',  ( 1.000000000000000000, -0.000000000000000000, 0.000000000000000000 ) ) ;
#4979 = CARTESIAN_POINT ( 'NONE',  ( 27.00000000000000355, 4.995284044609477725, 15.42437022635368571 ) ) ;
#4980 = VERTEX_POINT ( 'NONE', #4092 ) ;
#4983 = EDGE_LOOP ( 'NONE', ( #1850, #5656, #125, #1305 ) ) ;
#4982 = CARTESIAN_POINT ( 'NONE',  ( -20.99999999999999645, 8.000000000000000000, 1.000000000000000888 ) ) ;
#4981 = CARTESIAN_POINT ( 'NONE',  ( 3.034110469913160912, 56.85583064323798652, 10.76587326852674664 ) ) ;
#4984 = CARTESIAN_POINT ( 'NONE',  ( 18.99999999999999645, 8.000000000000000000, -1.000000000000000888 ) ) ;
#4985 = FACE_OUTER_BOUND ( 'NONE', #574, .T. ) ;
#4986 = CARTESIAN_POINT ( 'NONE',  ( -20.99999999999999645, 4.336808689942017736E-16, -8.000000000000000000 ) ) ;
#4987 = CARTESIAN_POINT ( 'NONE',  ( 19.93969262078590887, 10.40812542098096927, 5.023547007758589089 ) ) ;
#4988 = CARTESIAN_POINT ( 'NONE',  ( 24.00000000000000000, 0.000000000000000000, 0.000000000000000000 ) ) ;
#4989 = EDGE_CURVE ( 'NONE', #7665, #1457, #4194, .T. ) ;
#4990 = CARTESIAN_POINT ( 'NONE',  ( -20.63569530257313289, 14.09238235502636449, 16.99396769770244120 ) ) ;
#4991 = B_SPLINE_CURVE_WITH_KNOTS ( 'NONE', 1,
 ( #4480, #1839 ),
 .UNSPECIFIED., .F., .F.,
 ( 2, 2 ),
 ( 0.000000000000000000, 1.000000000000000000 ),
 .UNSPECIFIED. ) ;
#4992 = ORIENTED_EDGE ( 'NONE', *, *, #7315, .T. ) ;
#4994 = VERTEX_POINT ( 'NONE', #4744 ) ;
#4993 = CARTESIAN_POINT ( 'NONE',  ( -18.42868483126221690, 65.15926553180877079, -17.50000000000000355 ) ) ;
#4995 = CARTESIAN_POINT ( 'NONE',  ( -26.79706002883884608, 24.39358075042241225, 14.20653499620783577 ) ) ;
#4996 = CARTESIAN_POINT ( 'NONE',  ( -3.000000000000012879, 100.9119286464099616, 8.729672594973601818 ) ) ;
#4997 = DIRECTION ( 'NONE',  ( 0.000000000000000000, 0.000000000000000000, -1.000000000000000000 ) ) ;
#4998 = EDGE_CURVE ( 'NONE', #858, #839, #4176, .T. ) ;
#4999 = CYLINDRICAL_SURFACE ( 'NONE', #6515, 1.999999999999999556 ) ;
#5000 = ADVANCED_FACE ( 'NONE', ( #1083 ), #6038, .F. ) ;
#5001 = ORIENTED_EDGE ( 'NONE', *, *, #1428, .F. ) ;
#5002 = DIRECTION ( 'NONE',  ( 0.3420201433256756518, 0.9396926207859057634, 0.000000000000000000 ) ) ;
#5003 = CARTESIAN_POINT ( 'NONE',  ( -23.97328293325726278, -0.6740728818646708476, 15.56289140891084699 ) ) ;
#5004 = CARTESIAN_POINT ( 'NONE',  ( 24.75434568482964082, 25.00495984724645027, -17.50000000000000711 ) ) ;
#5005 = CARTESIAN_POINT ( 'NONE',  ( -19.93969262078590887, 10.40812542098097282, 5.023547007758578431 ) ) ;
#5006 = ORIENTED_EDGE ( 'NONE', *, *, #2558, .F. ) ;
#5007 = DIRECTION ( 'NONE',  ( -1.000000000000000000, -0.000000000000000000, -0.000000000000000000 ) ) ;
#5008 = CARTESIAN_POINT ( 'NONE',  ( 21.52382235143607048, 49.49522653965695440, 13.61798128876718295 ) ) ;
#5009 = EDGE_LOOP ( 'NONE', ( #499, #6023, #715, #404 ) ) ;
#5010 = VECTOR ( 'NONE', #5439, 1000.000000000000000 ) ;
#5011 = CARTESIAN_POINT ( 'NONE',  ( -24.00000000000000000, -1.517883041479706208E-15, 8.000000000000000000 ) ) ;
#5012 = DIRECTION ( 'NONE',  ( 0.000000000000000000, 1.000000000000000000, 0.000000000000000000 ) ) ;
#5013 = DIRECTION ( 'NONE',  ( 0.1218693434053486069, -0.9925461516412973362, 0.000000000000000000 ) ) ;
#5014 = CARTESIAN_POINT ( 'NONE',  ( -32.97687763316800158, 115.0000000000000000, 3.499999999999996891 ) ) ;
#5015 = CARTESIAN_POINT ( 'NONE',  ( 24.93059384695722258, 41.15015537517739830, 12.55844472374111653 ) ) ;
#5016 = CARTESIAN_POINT ( 'NONE',  ( 17.86725613076327335, 16.10209788057192526, 14.87292676911112999 ) ) ;
#5017 = DIRECTION ( 'NONE',  ( 0.7071067811865461294, 0.7071067811865489050, 0.000000000000000000 ) ) ;
#5018 = ORIENTED_EDGE ( 'NONE', *, *, #2868, .F. ) ;
#5021 = ORIENTED_EDGE ( 'NONE', *, *, #5991, .T. ) ;
#5020 = CARTESIAN_POINT ( 'NONE',  ( 13.34314575050761675, 4.336808689942017736E-16, -10.00000000000000000 ) ) ;
#5019 = CARTESIAN_POINT ( 'NONE',  ( 10.58238546494776244, 41.79978461491655395, 14.46944910852082522 ) ) ;
#5022 = CARTESIAN_POINT ( 'NONE',  ( 19.00000000006320988, 9.881937932197722319, -2.750687999083591961 ) ) ;
#5023 = FACE_OUTER_BOUND ( 'NONE', #5286, .T. ) ;
#5024 = CONICAL_SURFACE ( 'NONE', #2546, 12.24999999999998224, 0.7853981633974469467 ) ;
#5025 = DIRECTION ( 'NONE',  ( -0.7071067811865492381, 0.7071067811865457964, 0.000000000000000000 ) ) ;
#5026 = CARTESIAN_POINT ( 'NONE',  ( -23.03610413548982550, 1.900804702992944017, 15.52439048718106918 ) ) ;
#5027 = CARTESIAN_POINT ( 'NONE',  ( -25.00000000000001066, 14.71764021320677429, 16.95636936586997123 ) ) ;
#5028 = CARTESIAN_POINT ( 'NONE',  ( -19.92136716227980742, 16.06585878930471978, 16.86238575489290881 ) ) ;
#5029 = ORIENTED_EDGE ( 'NONE', *, *, #1914, .T. ) ;
#5030 = CLOSED_SHELL ( 'NONE', ( #1214, #5039, #7119, #974, #4161, #2662, #7326, #3521, #4613, #2165, #7229, #3297, #1962, #7911, #3509, #823, #1857, #1825, #1173, #1677, #3760, #7600, #2060, #4263, #6349, #1229, #4402, #2261, #223, #1819, #3751, #5753, #277, #6824, #1113, #2658, #2559, #4718, #538, #6583, #769, #575, #5897, #6292, #6681, #3911, #5457, #5650, #777, #4102, #2403, #6818, #3473, #6334, #4505, #6537, #5254, #6728, #682, #5500, #4151, #5295, #3157, #5890, #8000, #2651, #4499, #1221, #2056, #4846, #4562, #2070, #3043, #1525, #1572, #1863, #7776, #6147, #1132, #5209, #1367, #3350, #6426, #6484, #5000, #7822, #930, #5841, #3616, #1374, #7329, #6635, #2749, #6394, #7109, #5700, #487, #5830, #5105, #17, #6636, #3618, #5927, #683, #6577, #5411, #6967, #4953, #2597, #4703, #3204, #5460, #1439, #3605, #2107, #5104, #6716, #1582, #4957, #7958, #2904, #6476, #3965, #65, #3511, #5405, #2401, #2711, #887, #7367, #6536, #7225, #6435, #3804, #3556, #243, #6487, #441, #32, #6131, #2013, #5461, #6976, #7126, #6092, #2998, #5515, #5356, #3252, #3054, #4801, #6180, #120, #1952, #5414, #5559, #4810, #4915, #1963, #7947, #135, #1217, #2316, #76, #5641, #873, #1902, #1085, #1626, #23, #5587, #4113, #3460, #632, #4552, #7557, #5738, #6494, #4213, #6275 ) ) ;
#5032 = ORIENTED_EDGE ( 'NONE', *, *, #3018, .F. ) ;
#5031 = CARTESIAN_POINT ( 'NONE',  ( -19.29662261205087859, 60.81652118726034928, -17.50000000000001066 ) ) ;
#5033 = LINE ( 'NONE', #2585, #380 ) ;
#5034 = CARTESIAN_POINT ( 'NONE',  ( 23.90504570307844290, -0.4865926327822541197, 15.56283434762019802 ) ) ;
#5035 = CARTESIAN_POINT ( 'NONE',  ( -11.50000000000000000, 115.0000000000000000, 3.499999999999996891 ) ) ;
#5036 = B_SPLINE_CURVE_WITH_KNOTS ( 'NONE', 3,
 ( #1641, #3472, #1111, #427, #3518, #3594, #5470, #3635, #7919, #2364, #6108, #994, #388, #548, #7956, #4891, #7353, #5620, #1872, #1837, #3172, #7991, #3087, #5658, #4437, #5089, #3127, #1307, #1912, #616, #2441, #4931, #5542, #1265, #2557, #6, #3746, #3212, #3791, #2519, #6899, #7392, #1189, #2478, #3673, #7549, #6816, #6783, #47, #6263, #6223, #129, #5585, #4969, #661, #7429, #1350, #3051, #4355, #5008, #6146, #584, #7468, #701, #4396, #5698, #1993, #5049, #6179, #7510, #741, #6860, #86, #1951, #6745, #4321, #1227, #3707, #3833, #6305, #2596, #4561, #335, #1475, #3952, #860, #2800, #5293, #5816, #782, #822, #6425, #7630, #7099, #2112, #2639, #2032, #4521, #7749, #7023, #256, #5898, #904, #3335, #2761, #3916, #2149, #4478, #1551, #3296, #3875, #1510, #3989, #2723, #6503, #6940, #1392, #2077, #4641, #2679, #6348, #3253, #295, #7668, #5776, #4033, #6462, #5735, #171, #4603, #3419, #5132, #7588, #6988, #5217, #5253, #1438, #6386, #209, #7706, #7061, #943, #5174, #3380, #5857, #4075, #4684, #1672, #7186, #3459, #5935, #4727, #2352, #7867, #457, #4806, #3003, #5497, #4844, #5981, #1633, #6022, #418, #376, #1592, #6545, #2845, #6582, #1102, #7907, #537, #6623, #7267, #5420, #4112, #5339, #7790, #985, #4765, #6059, #3507, #1065, #3546, #2235, #3584, #1026, #2884, #7143, #5381, #7831, #2194, #2276, #7226, #2922, #1710, #4158, #3624, #2317, #4193, #6660, #497, #2964, #5458, #7305, #1748, #4233, #6697, #1140, #6098, #3823, #74, #3697, #1299, #6850, #1787, #3042, #692, #652, #4428, #4346, #4386, #4273, #7982, #573, #6297, #6805 ),
 .UNSPECIFIED., .F., .F.,
 ( 4, 2, 1, 1, 1, 1, 2, 2, 2, 1, 1, 1, 1, 2, 2, 2, 1, 1, 1, 1, 1, 2, 2, 2, 1, 1, 1, 1, 1, 2, 2, 2, 1, 1, 1, 1, 1, 2, 2, 1, 1, 1, 1, 1, 2, 2, 2, 1, 1, 1, 1, 2, 2, 2, 1, 1, 1, 1, 2, 2, 2, 1, 1, 1, 1, 1, 2, 2, 2, 1, 1, 1, 1, 1, 1, 2, 2, 2, 2, 2, 1, 1, 1, 1, 1, 1, 2, 2, 2, 1, 1, 1, 1, 1, 2, 2, 2, 1, 1, 1, 1, 2, 2, 2, 1, 1, 1, 1, 2, 2, 2, 1, 1, 1, 1, 2, 2, 2, 1, 1, 1, 1, 1, 2, 2, 2, 1, 1, 1, 1, 1, 2, 2, 2, 1, 1, 1, 1, 1, 2, 2, 2, 1, 1, 1, 1, 2, 2, 2, 1, 1, 1, 1, 2, 2, 1, 1, 1, 2, 2, 4 ),
 ( 0.000000000000000000, 0.03125000000003552714, 0.04687500000005329071, 0.05468750000006222106, 0.05859375000006668971, 0.06054687500006891709, 0.06152343750007003426, 0.06250000000007115142, 0.09375000000010969003, 0.1093750000001289663, 0.1171875000001386530, 0.1210937500001435518, 0.1230468750001459943, 0.1240234375001472711, 0.1250000000001485478, 0.1562500000001913192, 0.1718750000002126910, 0.1796875000002233769, 0.1835937500002287059, 0.1855468750002313705, 0.1865234375002327305, 0.1870117187502335077, 0.1875000000002342848, 0.2187500000002810530, 0.2343750000003044232, 0.2421875000003161083, 0.2460937500003219647, 0.2480468750003248790, 0.2490234375003262390, 0.2495117187503270162, 0.2500000000003277933, 0.2812500000003801959, 0.2968750000004063971, 0.3046875000004193867, 0.3085937500004259926, 0.3105468750004293232, 0.3115234375004308776, 0.3120117187504316547, 0.3125000000004324319, 0.3281250000004545808, 0.3359375000004656830, 0.3398437500004712342, 0.3417968750004740097, 0.3427734375004753975, 0.3432617187504761747, 0.3437500000004769518, 0.3593750000005023759, 0.3671875000005150880, 0.3710937500005214718, 0.3730468750005245804, 0.3740234375005262457, 0.3745117187505270784, 0.3750000000005279110, 0.3906250000005541123, 0.3984375000005673240, 0.4023437500005739298, 0.4042968750005772050, 0.4052734375005788703, 0.4057617187505798140, 0.4062500000005807577, 0.4218750000006092349, 0.4296875000006234457, 0.4335937500006304401, 0.4355468750006338818, 0.4365234375006356027, 0.4370117187506365464, 0.4372558593756369905, 0.4375000000006374345, 0.4531250000006687428, 0.4609375000006845080, 0.4648437500006922796, 0.4667968750006960543, 0.4677734375006978862, 0.4682617187506987744, 0.4685058593756992185, 0.4686279296881994405, 0.4687500000006996070, 0.4765625000007043810, 0.4804687500007067680, 0.4843750000007091550, 0.4921875000007137624, 0.4960937500007163159, 0.4980468750007178147, 0.4990234375007185919, 0.4995117187507193135, 0.4997558593757193135, 0.4998779296882193690, 0.5000000000007193135, 0.5156250000007143175, 0.5234375000007118750, 0.5273437500007104317, 0.5292968750007096546, 0.5302734375007090994, 0.5307617187507085443, 0.5310058593757083223, 0.5312500000007079892, 0.5468750000006756817, 0.5546875000006595835, 0.5585937500006514789, 0.5605468750006474821, 0.5615234375006454837, 0.5620117187506447065, 0.5625000000006439294, 0.5781250000006196155, 0.5859375000006074030, 0.5898437500006012968, 0.5917968750005979661, 0.5927734375005965228, 0.5932617187505958567, 0.5937500000005951906, 0.6093750000005699885, 0.6171875000005573320, 0.6210937500005510037, 0.6230468750005481171, 0.6240234375005468959, 0.6245117187505462297, 0.6250000000005455636, 0.6562500000005002665, 0.6718750000004773959, 0.6796875000004659606, 0.6835937500004602985, 0.6855468750004571898, 0.6865234375004558576, 0.6870117187504549694, 0.6875000000004540812, 0.7187500000003903544, 0.7343750000003582690, 0.7421875000003419487, 0.7460937500003338441, 0.7480468750003297362, 0.7490234375003277378, 0.7495117187503269607, 0.7500000000003261835, 0.7812500000002819966, 0.7968750000002596812, 0.8046875000002482459, 0.8085937500002425837, 0.8105468750002399192, 0.8115234375002388090, 0.8120117187502380318, 0.8125000000002372547, 0.8437500000001911804, 0.8593750000001678657, 0.8671875000001562084, 0.8710937500001504352, 0.8730468750001475486, 0.8740234375001461054, 0.8750000000001446621, 0.9062500000001012523, 0.9218750000000794920, 0.9296875000000686118, 0.9335937500000631717, 0.9355468750000605072, 0.9365234375000591749, 0.9375000000000578426, 0.9531250000000427436, 0.9609375000000351941, 0.9648437500000316414, 0.9667968750000298650, 0.9687500000000280886, 1.000000000000000000 ),
 .UNSPECIFIED. ) ;
#5037 = CARTESIAN_POINT ( 'NONE',  ( 13.50000000000000178, 115.0000000000000000, -12.50000000000000355 ) ) ;
#5038 = ORIENTED_EDGE ( 'NONE', *, *, #1228, .F. ) ;
#5039 = ADVANCED_FACE ( 'NONE', ( #4866 ), #4292, .F. ) ;
#5040 = CARTESIAN_POINT ( 'NONE',  ( 13.04748070741847776, 98.43737843689001465, -17.50000000000000000 ) ) ;
#5041 = AXIS2_PLACEMENT_3D ( 'NONE', #2372, #4251, #6713 ) ;
#5042 = ORIENTED_EDGE ( 'NONE', *, *, #2914, .T. ) ;
#5043 = CARTESIAN_POINT ( 'NONE',  ( -1.104275884610999681, 62.15800758963803219, 10.17740068780760154 ) ) ;
#5044 = CARTESIAN_POINT ( 'NONE',  ( -25.00000000000001066, 17.50000000000002842, -17.50000000000000355 ) ) ;
#5045 = CARTESIAN_POINT ( 'NONE',  ( 13.50000000000000533, 115.0000000000000000, -11.50000000000000355 ) ) ;
#5046 = ORIENTED_EDGE ( 'NONE', *, *, #1724, .T. ) ;
#5047 = DIRECTION ( 'NONE',  ( 0.000000000000000000, 1.000000000000000000, 0.000000000000000000 ) ) ;
#5048 = EDGE_CURVE ( 'NONE', #1308, #751, #6895, .T. ) ;
#5049 = CARTESIAN_POINT ( 'NONE',  ( 21.05217335118597788, 52.03930945822880005, 13.33287662918911920 ) ) ;
#5050 = B_SPLINE_SURFACE_WITH_KNOTS ( 'NONE', 1, 3, ( 
 ( #3466, #6701, #4687, #2848, #2969, #7793, #4163, #1714, #2356, #2279, #5343, #502, #1032, #6587, #6628, #1144, #5464, #5902, #7871, #3513, #6025, #1068, #2240, #4731, #5300, #2926, #5424, #1597, #1636, #1105, #2323, #3588, #5985, #421, #2889, #7834, #6063, #6738, #696, #5537, #2473, #2514 ),
 ( #3045, #6257, #6778, #1832, #4391, #4278, #4963, #4314, #4350, #5003, #7505, #1183, #3665, #1946, #6174, #656, #4925, #6140, #6855, #7950, #5653, #3082, #3165, #1, #5615, #576, #542, #4885, #2394, #7986, #611, #7424, #2436, #5580, #42, #7387, #7463, #1222, #1906, #7347, #3009, #5043 ) ),
 .UNSPECIFIED., .F., .F., .F.,
 ( 2, 2 ),
 ( 4, 2, 2, 2, 2, 2, 2, 2, 2, 2, 2, 2, 2, 2, 2, 2, 2, 2, 2, 2, 4 ),
 ( 0.000000000000000000, 1.000000000000000000 ),
 ( 0.004670678193850417645, 0.004936378363871877888, 0.005202078533893338130, 0.005467778703914798373, 0.005600628788925528928, 0.005667053831430893772, 0.005733478873936258616, 0.005999179043957718858, 0.006264879213979179101, 0.006796279554022100454, 0.007859080234107942292, 0.008921880914193783263, 0.01104748227436546520, 0.01317308363453714715, 0.01742428635488051103, 0.02167548907522387838, 0.03017789451591060962, 0.03868029995659733739, 0.04718270539728407209, 0.05568511083797079986, 0.07268992171934425539 ),
 .UNSPECIFIED. ) ;
#5051 = AXIS2_PLACEMENT_3D ( 'NONE', #2634, #5731, #5772 ) ;
#5052 = VERTEX_POINT ( 'NONE', #2487 ) ;
#5053 = EDGE_CURVE ( 'NONE', #4027, #7589, #7399, .T. ) ;
#5054 = FACE_OUTER_BOUND ( 'NONE', #540, .T. ) ;
#5055 = PLANE ( 'NONE',  #1524 ) ;
#5056 = CARTESIAN_POINT ( 'NONE',  ( 13.65416210812829512, 98.65070233654985543, -15.50000000000000533 ) ) ;
#5057 = EDGE_CURVE ( 'NONE', #4281, #1333, #517, .T. ) ;
#5058 = CARTESIAN_POINT ( 'NONE',  ( -14.62949398387614863, 104.5721203873911946, -15.50000000000000711 ) ) ;
#5059 = CARTESIAN_POINT ( 'NONE',  ( 26.01836586949466579, 33.19550574423675471, 13.38288231093590674 ) ) ;
#5060 = CARTESIAN_POINT ( 'NONE',  ( -24.00000000000000000, -8.000000000000000000, 1.999999999999998668 ) ) ;
#5061 = CIRCLE ( 'NONE', #394, 1.000000000000000888 ) ;
#5062 = CARTESIAN_POINT ( 'NONE',  ( 8.021178884251336072, 43.15397278556878291, 12.30087943517064986 ) ) ;
#5063 = ORIENTED_EDGE ( 'NONE', *, *, #1625, .T. ) ;
#5064 = AXIS2_PLACEMENT_3D ( 'NONE', #7425, #4351, #7464 ) ;
#5067 = EDGE_LOOP ( 'NONE', ( #6658, #1318, #5421, #3139 ) ) ;
#5066 = CYLINDRICAL_SURFACE ( 'NONE', #3102, 1.000000000000000888 ) ;
#5065 = CARTESIAN_POINT ( 'NONE',  ( 24.84569499057605668, 2.431746893069451687, 17.48162217169676680 ) ) ;
#5068 = CARTESIAN_POINT ( 'NONE',  ( 19.86928784498635281, 10.60156095271194232, -4.635943896785147622 ) ) ;
#5069 = PLANE ( 'NONE',  #4266 ) ;
#5070 = CARTESIAN_POINT ( 'NONE',  ( -19.50529342061073734, 59.99148486888586262, 12.43940617494679479 ) ) ;
#5071 = CYLINDRICAL_SURFACE ( 'NONE', #5490, 1.000000000000000666 ) ;
#5072 = CARTESIAN_POINT ( 'NONE',  ( -22.12915939786157082, 1.683699097313236637, -10.11079424767699209 ) ) ;
#5073 = DIRECTION ( 'NONE',  ( 0.000000000000000000, 0.000000000000000000, -1.000000000000000000 ) ) ;
#5074 = CARTESIAN_POINT ( 'NONE',  ( -6.655239033202990484, 52.59684118818349674, 13.27024758417018724 ) ) ;
#5075 = ORIENTED_EDGE ( 'NONE', *, *, #3100, .F. ) ;
#5077 = ORIENTED_EDGE ( 'NONE', *, *, #5799, .T. ) ;
#5076 = CARTESIAN_POINT ( 'NONE',  ( -16.54096667415981869, 74.81600552052786668, -17.50000000000000355 ) ) ;
#5078 = CARTESIAN_POINT ( 'NONE',  ( -26.84795766010521589, 23.38971128788262988, 14.29174124962898951 ) ) ;
#5079 = PLANE ( 'NONE',  #6959 ) ;
#5080 = CARTESIAN_POINT ( 'NONE',  ( -20.99999999999999645, -1.517883041479706208E-15, 8.000000000000000000 ) ) ;
#5081 = FACE_OUTER_BOUND ( 'NONE', #3254, .T. ) ;
#5082 = ORIENTED_EDGE ( 'NONE', *, *, #7903, .F. ) ;
#5083 = CARTESIAN_POINT ( 'NONE',  ( 12.50000000000001066, 109.9999999999999716, -17.50000000000000355 ) ) ;
#5084 = ORIENTED_EDGE ( 'NONE', *, *, #7412, .F. ) ;
#5085 = CARTESIAN_POINT ( 'NONE',  ( -13.03945434853822505, 98.63627972276260891, 8.844937270360475168 ) ) ;
#5086 = CARTESIAN_POINT ( 'NONE',  ( 24.82611484752121456, 23.75902464207512566, -17.50000000000000355 ) ) ;
#5087 = ORIENTED_EDGE ( 'NONE', *, *, #6005, .T. ) ;
#5088 = CARTESIAN_POINT ( 'NONE',  ( 14.08447120086082194, 32.16063397591606332, 15.47289503795506782 ) ) ;
#5089 = CARTESIAN_POINT ( 'NONE',  ( 23.89401030339774934, 34.30173488578094521, 15.25718845750045283 ) ) ;
#5090 = EDGE_CURVE ( 'NONE', #4243, #3457, #4659, .T. ) ;
#5091 = CIRCLE ( 'NONE', #7539, 1.000000000000000888 ) ;
#5092 = ORIENTED_EDGE ( 'NONE', *, *, #2663, .T. ) ;
#5093 = VECTOR ( 'NONE', #6451, 1000.000000000000000 ) ;
#5094 = AXIS2_PLACEMENT_3D ( 'NONE', #1427, #4632, #7053 ) ;
#5095 = DIRECTION ( 'NONE',  ( -1.000000000000000000, 0.000000000000000000, -0.000000000000000000 ) ) ;
#5096 = PLANE ( 'NONE',  #1925 ) ;
#5097 = DIRECTION ( 'NONE',  ( 0.000000000000000000, 0.000000000000000000, -1.000000000000000000 ) ) ;
#5098 = CARTESIAN_POINT ( 'NONE',  ( 24.99999999999998934, 1.336119377238620176, 17.49553961535953306 ) ) ;
#5099 = CARTESIAN_POINT ( 'NONE',  ( -19.14715161465570148, 8.802982024562583163, 5.315120201365305164 ) ) ;
#5100 = CARTESIAN_POINT ( 'NONE',  ( 7.820215634200067711, 43.70611477722485461, 12.24024263549720537 ) ) ;
#5101 = EDGE_CURVE ( 'NONE', #3279, #7063, #8001, .T. ) ;
#5102 = AXIS2_PLACEMENT_3D ( 'NONE', #6355, #3219, #2603 ) ;
#5103 = ORIENTED_EDGE ( 'NONE', *, *, #673, .T. ) ;
#5104 = ADVANCED_FACE ( 'NONE', ( #7361 ), #5477, .F. ) ;
#5105 = ADVANCED_FACE ( 'NONE', ( #4329 ), #1236, .T. ) ;
#5108 = ORIENTED_EDGE ( 'NONE', *, *, #5799, .F. ) ;
#5107 = CARTESIAN_POINT ( 'NONE',  ( 24.75251147870342194, 42.28488076371085214, -15.50000000000000533 ) ) ;
#5106 = CARTESIAN_POINT ( 'NONE',  ( 5.728319325589673383, 110.0000000000000000, 7.106454721699654975 ) ) ;
#5109 = CARTESIAN_POINT ( 'NONE',  ( 19.00000000000000000, 9.347416574180993365, 4.224190727671182977 ) ) ;
#5110 = CARTESIAN_POINT ( 'NONE',  ( 19.00000000000000000, -1.517883041479706208E-15, 8.000000000000000000 ) ) ;
#5111 = CARTESIAN_POINT ( 'NONE',  ( -20.96727059913662217, 52.48917016433276928, 13.28234465312394263 ) ) ;
#5112 = FACE_BOUND ( 'NONE', #2045, .T. ) ;
#5113 = DIRECTION ( 'NONE',  ( -1.000000000000000000, 0.000000000000000000, -0.000000000000000000 ) ) ;
#5114 = CARTESIAN_POINT ( 'NONE',  ( -6.560896806047820107, 52.85609828656464515, 13.24111194340289899 ) ) ;
#5115 = B_SPLINE_CURVE_WITH_KNOTS ( 'NONE', 3,
 ( #992, #2326, #3470, #4734 ),
 .UNSPECIFIED., .F., .F.,
 ( 4, 4 ),
 ( 0.000000000000000000, 1.000000000000000000 ),
 .UNSPECIFIED. ) ;
#5116 = ORIENTED_EDGE ( 'NONE', *, *, #2896, .F. ) ;
#5117 = AXIS2_PLACEMENT_3D ( 'NONE', #1833, #7388, #1346 ) ;
#5118 = AXIS2_PLACEMENT_3D ( 'NONE', #2463, #3190, #6961 ) ;
#5120 = ORIENTED_EDGE ( 'NONE', *, *, #4819, .F. ) ;
#5119 = CARTESIAN_POINT ( 'NONE',  ( -17.02308395616464765, 72.29024586621483195, -17.50000000000000711 ) ) ;
#5121 = CARTESIAN_POINT ( 'NONE',  ( -27.00000000000000000, 17.50000000000000355, 14.75501308386013477 ) ) ;
#5122 = DIRECTION ( 'NONE',  ( 1.000000000000000000, -0.000000000000000000, 0.000000000000000000 ) ) ;
#5123 = LINE ( 'NONE', #4700, #5256 ) ;
#5124 = FACE_OUTER_BOUND ( 'NONE', #2178, .T. ) ;
#5125 = VERTEX_POINT ( 'NONE', #1160 ) ;
#5126 = CARTESIAN_POINT ( 'NONE',  ( 12.64666125060185919, 104.1691787266227180, -17.50000000000001066 ) ) ;
#5127 = EDGE_LOOP ( 'NONE', ( #3330, #3162, #4465, #163 ) ) ;
#5128 = CARTESIAN_POINT ( 'NONE',  ( -12.62712255842545872, 104.6399172501811989, 8.585612164500892263 ) ) ;
#5129 = PLANE ( 'NONE',  #6966 ) ;
#5130 = ORIENTED_EDGE ( 'NONE', *, *, #1181, .T. ) ;
#5131 = CARTESIAN_POINT ( 'NONE',  ( 19.71379016075916368, 16.63913423125687885, 16.82221541836415568 ) ) ;
#5132 = CARTESIAN_POINT ( 'NONE',  ( 18.15032606582145291, 66.77216417709526297, 11.68850133948983583 ) ) ;
#5133 = ORIENTED_EDGE ( 'NONE', *, *, #6869, .T. ) ;
#5134 = CARTESIAN_POINT ( 'NONE',  ( 14.50000000000000355, 80.00000000000002842, -15.50000000000363976 ) ) ;
#5135 = CARTESIAN_POINT ( 'NONE',  ( -24.00000000000000000, 6.786102288236722671E-16, -10.00000000000000000 ) ) ;
#5136 = CARTESIAN_POINT ( 'NONE',  ( 17.54833440325888816, 69.59548496746423041, -17.50000000000000355 ) ) ;
#5137 = DIRECTION ( 'NONE',  ( 0.000000000000000000, 0.000000000000000000, 1.000000000000000000 ) ) ;
#5138 = CARTESIAN_POINT ( 'NONE',  ( -24.00000000000000000, 0.000000000000000000, 0.000000000000000000 ) ) ;
#5139 = CARTESIAN_POINT ( 'NONE',  ( -27.00000000000000000, 0.000000000000000000, 0.000000000000000000 ) ) ;
#5140 = COORDINATED_UNIVERSAL_TIME_OFFSET ( 8, 0, .BEHIND. ) ;
#5141 = CARTESIAN_POINT ( 'NONE',  ( 13.51928217780873709, 28.04805813669105774, 13.86505649413873265 ) ) ;
#5142 = ORIENTED_EDGE ( 'NONE', *, *, #7018, .T. ) ;
#5143 = EDGE_CURVE ( 'NONE', #5265, #3022, #4212, .T. ) ;
#5145 = ORIENTED_EDGE ( 'NONE', *, *, #7714, .T. ) ;
#5144 = CARTESIAN_POINT ( 'NONE',  ( 16.11579119501823598, 77.27889185978395403, 10.58115888782621461 ) ) ;
#5146 = CARTESIAN_POINT ( 'NONE',  ( 18.99999999999381473, 10.25001586575286794, 0.3966956088531300439 ) ) ;
#5147 = CARTESIAN_POINT ( 'NONE',  ( 14.53197542488690353, 107.3381326107238749, 6.522755248922776694 ) ) ;
#5148 = CARTESIAN_POINT ( 'NONE',  ( -5.000000000000003553, 104.9999999999999716, -15.50000000000004441 ) ) ;
#5149 = LINE ( 'NONE', #7005, #430 ) ;
#5150 = CARTESIAN_POINT ( 'NONE',  ( 27.00000000000000000, 5.839795291297257052, 15.40346464507915059 ) ) ;
#5151 = APPROVAL ( #6997, 'UNSPECIFIED' ) ;
#5152 = EDGE_CURVE ( 'NONE', #898, #3279, #6205, .T. ) ;
#5153 = CARTESIAN_POINT ( 'NONE',  ( -9.186270893571466090, 45.63919256412473402, 14.04664343734343745 ) ) ;
#5154 = B_SPLINE_CURVE_WITH_KNOTS ( 'NONE', 3,
 ( #5083, #7544, #5729, #2513, #2548, #3121, #1301, #2632, #7581, #5126, #3163, #6379, #5614, #1986, #6299, #7622, #5040, #4430, #121, #6892, #203, #1903, #2590, #3784, #4471, #78, #6980, #6934, #2071, #3825, #734, #1385, #3206, #41, #6255, #2672, #2026, #4513, #5166, #4554, #7461, #4389, #6854, #694, #5651, #7674, #865, #5744, #5821, #2727, #4688, #7147, #3342, #5221, #7712, #5179, #1480, #949, #3997, #4527, #340, #909, #5861, #6467, #2118, #7755, #1598, #6354, #6993, #788, #3301, #4566, #7031, #5136, #3258, #6507, #262, #1443, #3958, #2687, #2080, #4608, #2039, #3384, #3921, #301, #176, #2806, #5259, #6430, #7636, #2643, #214, #7067, #6392, #829, #3424, #5780, #5301, #2200, #2156, #5903, #1516, #2766, #7592, #4646, #7105, #1556, #4038, #2324, #503, #5944, #990, #4119, #384, #3589, #5344, #7835, #7309, #6588, #4164, #7872, #2280, #7794, #3467, #2849, #2241, #422, #2970, #1753, #2395, #462, #6663, #7273, #5986, #4732, #7190, #1637, #6629, #7914, #5385, #2927, #5425, #6064, #1033, #2890, #3514, #4770, #1715, #5465, #4198, #7234, #4237, #1680, #4813, #1069, #5503, #3552, #6026, #1106, #2357, #4850, #6702, #1145, #3630, #6102, #543, #3011, #7951, #4886, #7348, #4080, #6549, #2474, #3667, #4926, #2553, #2515, #1907, #6218, #5004, #6896, #5086, #3701, #577, #3083, #612, #1868, #6739, #697 ),
 .UNSPECIFIED., .F., .F.,
 ( 4, 1, 1, 1, 1, 1, 2, 2, 1, 1, 1, 1, 1, 2, 2, 1, 1, 1, 1, 1, 1, 2, 2, 1, 1, 1, 1, 1, 1, 2, 2, 1, 1, 1, 1, 1, 1, 2, 2, 1, 1, 1, 1, 1, 1, 2, 2, 1, 1, 1, 1, 1, 2, 2, 1, 1, 1, 1, 1, 1, 2, 2, 1, 1, 1, 1, 1, 1, 1, 2, 2, 1, 1, 1, 1, 1, 1, 2, 2, 1, 1, 1, 1, 1, 1, 1, 1, 2, 2, 1, 1, 1, 1, 1, 1, 2, 2, 1, 1, 1, 1, 1, 2, 2, 1, 1, 1, 1, 1, 2, 2, 1, 1, 1, 1, 1, 1, 2, 2, 1, 1, 1, 1, 1, 1, 2, 2, 1, 1, 1, 1, 1, 1, 2, 2, 1, 1, 1, 1, 1, 2, 2, 1, 1, 1, 1, 1, 2, 2, 4 ),
 ( 0.000000000000000000, 0.03125000000004490852, 0.04687500000006736278, 0.05468750000007837481, 0.05859375000008409939, 0.06054687500008718026, 0.06152343750008849865, 0.06250000000008981704, 0.09375000000011787793, 0.1093750000001319084, 0.1171875000001387085, 0.1210937500001418865, 0.1230468750001434824, 0.1240234375001442735, 0.1250000000001450506, 0.1562500000001655343, 0.1718750000001757761, 0.1796875000001808831, 0.1835937500001834644, 0.1855468750001849632, 0.1865234375001856848, 0.1870117187501860734, 0.1875000000001864342, 0.2187500000001918465, 0.2343750000001945388, 0.2421875000001958711, 0.2460937500001967870, 0.2480468750001970091, 0.2490234375001973144, 0.2495117187501977030, 0.2500000000001980638, 0.2812500000002298162, 0.2968750000002456924, 0.3046875000002536860, 0.3085937500002576273, 0.3105468750002597922, 0.3115234375002611245, 0.3120117187502617351, 0.3125000000002624012, 0.3437500000003073097, 0.3593750000003295142, 0.3671875000003406719, 0.3710937500003462231, 0.3730468750003487766, 0.3740234375003501088, 0.3745117187503507195, 0.3750000000003513856, 0.3906250000003809175, 0.3984375000003957390, 0.4023437500004031220, 0.4042968750004065637, 0.4052734375004083400, 0.4057617187504091727, 0.4062500000004100609, 0.4218750000004516387, 0.4296875000004727330, 0.4335937500004834466, 0.4355468750004887757, 0.4365234375004912737, 0.4370117187504924949, 0.4372558593754931611, 0.4375000000004937717, 0.4531250000005356271, 0.4609375000005566103, 0.4648437500005668799, 0.4667968750005717649, 0.4677734375005740963, 0.4682617187505753731, 0.4685058593755760947, 0.4686279296880762057, 0.4687500000005763168, 0.4843750000005869194, 0.4921875000005924705, 0.4960937500005952461, 0.4980468750005968004, 0.4990234375005976331, 0.4995117187505980216, 0.4997558593755982437, 0.5000000000005984102, 0.5156250000006274981, 0.5234375000006421530, 0.5273437500006497025, 0.5292968750006532552, 0.5302734375006550316, 0.5307617187506556977, 0.5310058593756560308, 0.5311279296881560308, 0.5311889648444060308, 0.5312500000006559198, 0.5468750000006324941, 0.5546875000006207257, 0.5585937500006149525, 0.5605468750006121770, 0.5615234375006106227, 0.5620117187506100676, 0.5622558593756096235, 0.5625000000006091794, 0.5781250000005888623, 0.5859375000005787593, 0.5898437500005738743, 0.5917968750005714318, 0.5927734375005704326, 0.5932617187505698775, 0.5937500000005693224, 0.6093750000005532241, 0.6171875000005450085, 0.6210937500005409007, 0.6230468750005387912, 0.6240234375005375700, 0.6245117187505369039, 0.6250000000005361267, 0.6562500000004934941, 0.6718750000004722889, 0.6796875000004616307, 0.6835937500004561906, 0.6855468750004536371, 0.6865234375004520828, 0.6870117187504515277, 0.6875000000004508616, 0.7187500000004027889, 0.7343750000003789191, 0.7421875000003669287, 0.7460937500003607115, 0.7480468750003576028, 0.7490234375003559375, 0.7495117187503551603, 0.7500000000003542722, 0.7812500000003053113, 0.7968750000002811085, 0.8046875000002687850, 0.8085937500002625677, 0.8105468750002595701, 0.8115234375002580158, 0.8120117187502573497, 0.8125000000002565725, 0.8437500000002134959, 0.8593750000001920686, 0.8671875000001812994, 0.8710937500001759703, 0.8730468750001733058, 0.8740234375001718625, 0.8750000000001705303, 0.9062500000001283418, 0.9218750000001074696, 0.9296875000000969225, 0.9335937500000915934, 0.9355468750000890399, 0.9365234375000875966, 0.9375000000000862643, 1.000000000000000000 ),
 .UNSPECIFIED. ) ;
#5155 = ORIENTED_EDGE ( 'NONE', *, *, #2543, .F. ) ;
#5156 = CIRCLE ( 'NONE', #358, 1.999999999999999556 ) ;
#5158 = ORIENTED_EDGE ( 'NONE', *, *, #3096, .F. ) ;
#5157 = CARTESIAN_POINT ( 'NONE',  ( -12.65034496567814770, 104.0944181698901190, -17.50000000000001066 ) ) ;
#5159 = VECTOR ( 'NONE', #6799, 1000.000000000000000 ) ;
#5160 = CARTESIAN_POINT ( 'NONE',  ( -24.21064875558225182, 45.56635068652439458, 12.07971475084783819 ) ) ;
#5161 = CARTESIAN_POINT ( 'NONE',  ( 14.87749218962942344, 100.4055513139865496, -15.50000000000001954 ) ) ;
#5162 = EDGE_CURVE ( 'NONE', #7720, #4907, #1276, .T. ) ;
#5163 = DIRECTION ( 'NONE',  ( -1.000000000000000000, 0.000000000000000000, -0.000000000000000000 ) ) ;
#5164 = CIRCLE ( 'NONE', #1259, 2.000000000000000000 ) ;
#5165 = EDGE_LOOP ( 'NONE', ( #7460, #469 ) ) ;
#5166 = CARTESIAN_POINT ( 'NONE',  ( 14.48501741523042341, 86.74827993821514838, -17.50000000000000000 ) ) ;
#5167 = EDGE_LOOP ( 'NONE', ( #3560, #7953, #5505, #4058 ) ) ;
#5168 = CARTESIAN_POINT ( 'NONE',  ( -13.66233164108417242, 92.84384198900725949, 9.214697019946910928 ) ) ;
#5169 = CARTESIAN_POINT ( 'NONE',  ( -24.99999999999998224, 1.418528644547807582, 17.49497234448243788 ) ) ;
#5170 = VERTEX_POINT ( 'NONE', #556 ) ;
#5171 = CIRCLE ( 'NONE', #5564, 10.25000000000000000 ) ;
#5172 = AXIS2_PLACEMENT_3D ( 'NONE', #168, #1435, #3416 ) ;
#5173 = CARTESIAN_POINT ( 'NONE',  ( 19.71098781702649561, 16.64687302200833940, 16.82166793112796910 ) ) ;
#5174 = CARTESIAN_POINT ( 'NONE',  ( 17.58371526826431719, 69.62909454416087840, 11.37905686073693978 ) ) ;
#5175 = ORIENTED_EDGE ( 'NONE', *, *, #3854, .T. ) ;
#5176 = VECTOR ( 'NONE', #6151, 1000.000000000000000 ) ;
#5177 = DIRECTION ( 'NONE',  ( -1.000000000000000000, 0.000000000000000000, 0.000000000000000000 ) ) ;
#5178 = CARTESIAN_POINT ( 'NONE',  ( 13.50000000000000533, 115.0000000000000000, 2.499999999999996003 ) ) ;
#5179 = CARTESIAN_POINT ( 'NONE',  ( 16.44318343476939859, 75.33625696955991202, -17.50000000000000711 ) ) ;
#5180 = CARTESIAN_POINT ( 'NONE',  ( -5.052812823148471466, 51.30949151112412210, 11.39368520816249841 ) ) ;
#5181 = CARTESIAN_POINT ( 'NONE',  ( -26.33333333333333570, 17.50000000000000355, -16.16666666666667851 ) ) ;
#5182 = CARTESIAN_POINT ( 'NONE',  ( -22.37659685724329961, 3.712786057941171780, 10.77126588245065619 ) ) ;
#5183 = CARTESIAN_POINT ( 'NONE',  ( 8.416488605003179302, 42.06786825411219155, 12.41974736493948583 ) ) ;
#5184 = VECTOR ( 'NONE', #3465, 1000.000000000000000 ) ;
#5185 = ORIENTED_EDGE ( 'NONE', *, *, #6385, .F. ) ;
#5186 = CIRCLE ( 'NONE', #3625, 10.00000000000000533 ) ;
#5187 = PRODUCT ( 'link3', 'link3', '', ( #749 ) ) ;
#5188 = VECTOR ( 'NONE', #4175, 1000.000000000000000 ) ;
#5190 = VERTEX_POINT ( 'NONE', #3026 ) ;
#5189 = CARTESIAN_POINT ( 'NONE',  ( 15.13793035802387088, 97.52801881294048769, 6.913987857993278752 ) ) ;
#5191 = CARTESIAN_POINT ( 'NONE',  ( 20.02148286933485721, 10.18340855995752570, -2.741064419683502784 ) ) ;
#5192 = CARTESIAN_POINT ( 'NONE',  ( -25.46973393409587771, 37.48451699216082034, -15.50000000000001066 ) ) ;
#5193 = CARTESIAN_POINT ( 'NONE',  ( -24.42026627106166359, 29.42386827520014236, 15.74028559802229132 ) ) ;
#5194 = CARTESIAN_POINT ( 'NONE',  ( -22.57247691537731527, 54.54067988481987328, 11.08183516721354778 ) ) ;
#5195 = DIRECTION ( 'NONE',  ( -1.000000000000000000, 0.000000000000000000, -0.000000000000000000 ) ) ;
#5196 = VECTOR ( 'NONE', #3143, 1000.000000000000000 ) ;
#5197 = CARTESIAN_POINT ( 'NONE',  ( -10.33918230681068273, 42.46829819589220989, 14.39438590734785528 ) ) ;
#5198 = EDGE_CURVE ( 'NONE', #7370, #5236, #7620, .T. ) ;
#5199 = ORIENTED_EDGE ( 'NONE', *, *, #6235, .T. ) ;
#5200 = EDGE_CURVE ( 'NONE', #333, #4429, #4708, .T. ) ;
#5202 = ORIENTED_EDGE ( 'NONE', *, *, #7018, .F. ) ;
#5201 = CARTESIAN_POINT ( 'NONE',  ( -16.46834603599633340, 75.20212903476502220, -17.50000000000000711 ) ) ;
#5203 = CARTESIAN_POINT ( 'NONE',  ( -21.82785016944011502, 58.33764686420499856, 10.65573243036588380 ) ) ;
#5204 = LINE ( 'NONE', #7051, #6454 ) ;
#5205 = CYLINDRICAL_SURFACE ( 'NONE', #4059, 1.000000000000000888 ) ;
#5206 = CARTESIAN_POINT ( 'NONE',  ( -14.87610149580278573, 100.4234721394941374, -15.50000000000001776 ) ) ;
#5207 = EDGE_CURVE ( 'NONE', #7589, #5170, #6121, .T. ) ;
#5208 = ORIENTED_EDGE ( 'NONE', *, *, #2023, .T. ) ;
#5209 = ADVANCED_FACE ( 'NONE', ( #4372 ), #7293, .T. ) ;
#5210 = EDGE_CURVE ( 'NONE', #1603, #5190, #7877, .T. ) ;
#5211 = VERTEX_POINT ( 'NONE', #4335 ) ;
#5212 = ORIENTED_EDGE ( 'NONE', *, *, #3857, .T. ) ;
#5213 = CARTESIAN_POINT ( 'NONE',  ( -14.49270598100257423, 86.86797872852156388, 9.687410288640903033 ) ) ;
#5214 = DIRECTION ( 'NONE',  ( 0.000000000000000000, 1.000000000000000000, 0.000000000000000000 ) ) ;
#5215 = EDGE_LOOP ( 'NONE', ( #6264, #2529, #2961, #6261 ) ) ;
#5216 = CARTESIAN_POINT ( 'NONE',  ( 11.72402299181496055, 38.65842732959763595, 14.80368843926790845 ) ) ;
#5217 = CARTESIAN_POINT ( 'NONE',  ( 17.94597087986420547, 67.79852930403583855, 11.57666025626981643 ) ) ;
#5218 = ORIENTED_EDGE ( 'NONE', *, *, #3101, .F. ) ;
#5219 = DIRECTION ( 'NONE',  ( -0.7071067811865489050, 0.7071067811865462405, 0.000000000000000000 ) ) ;
#5220 = DIRECTION ( 'NONE',  ( 0.000000000000000000, 0.000000000000000000, -1.000000000000000000 ) ) ;
#5221 = CARTESIAN_POINT ( 'NONE',  ( 16.38063266175011634, 75.67044365474188794, -17.50000000000000355 ) ) ;
#5222 = CARTESIAN_POINT ( 'NONE',  ( -5.638500521869612037, 49.70032778403549401, 11.57425959486666933 ) ) ;
#5223 = CARTESIAN_POINT ( 'NONE',  ( -14.50000000000000000, 110.0000000000000000, -15.50000000000001776 ) ) ;
#5224 = CARTESIAN_POINT ( 'NONE',  ( -20.08684456420831665, 10.00382877919905766, 5.833670323677154990 ) ) ;
#5225 = CARTESIAN_POINT ( 'NONE',  ( -27.00000000000000355, 2.921039566823075972, 15.47855645676869507 ) ) ;
#5226 = CARTESIAN_POINT ( 'NONE',  ( 4.299059056150125180, 53.38041296578091988, 11.16085810957818403 ) ) ;
#5227 = ORIENTED_EDGE ( 'NONE', *, *, #7815, .F. ) ;
#5229 = VERTEX_POINT ( 'NONE', #5444 ) ;
#5228 = CARTESIAN_POINT ( 'NONE',  ( 12.50000000000001243, 110.0000000000000000, 8.499999999999992895 ) ) ;
#5230 = CARTESIAN_POINT ( 'NONE',  ( -15.08774706896810436, 98.08730900655487517, 6.882786312526132377 ) ) ;
#5231 = CARTESIAN_POINT ( 'NONE',  ( -25.36431011508993905, 38.22826667472587303, -15.50000000000000888 ) ) ;
#5232 = CARTESIAN_POINT ( 'NONE',  ( -23.12390643449863958, 39.95674289993628747, 14.66570105602442986 ) ) ;
#5233 = CARTESIAN_POINT ( 'NONE',  ( -14.96412437608947776, 99.44792331359909099, 6.806066925642446641 ) ) ;
#5234 = CARTESIAN_POINT ( 'NONE',  ( 27.00000000000000000, -9.251858538542914635E-16, 15.50000000000001776 ) ) ;
#5235 = CARTESIAN_POINT ( 'NONE',  ( -11.82568630071042115, 38.37867235721028436, 14.83331838966055471 ) ) ;
#5236 = VERTEX_POINT ( 'NONE', #21 ) ;
#5238 = ORIENTED_EDGE ( 'NONE', *, *, #6930, .T. ) ;
#5237 = CARTESIAN_POINT ( 'NONE',  ( -16.27345020606377091, 76.24043960355348304, -17.50000000000000355 ) ) ;
#5239 = CARTESIAN_POINT ( 'NONE',  ( -22.38761178801728136, 55.47944930392191054, 10.97629926049966365 ) ) ;
#5240 = DIRECTION ( 'NONE',  ( 0.000000000000000000, -0.7071067811865524577, 0.7071067811865426878 ) ) ;
#5241 = EDGE_CURVE ( 'NONE', #3900, #5695, #7101, .T. ) ;
#5242 = CARTESIAN_POINT ( 'NONE',  ( 11.50000000000000000, 113.0000000000000000, -14.50000000000000533 ) ) ;
#5243 = DIRECTION ( 'NONE',  ( 0.000000000000000000, 0.000000000000000000, -1.000000000000000000 ) ) ;
#5244 = B_SPLINE_CURVE_WITH_KNOTS ( 'NONE', 3,
 ( #4252, #557, #593, #2452, #4293, #3643, #7438, #6714, #6157, #3027 ),
 .UNSPECIFIED., .F., .F.,
 ( 4, 3, 3, 4 ),
 ( 0.000000000000000000, 0.0007559543253083235523, 0.001511908650616654044, 0.002832819390319634562 ),
 .UNSPECIFIED. ) ;
#5245 = EDGE_LOOP ( 'NONE', ( #6938, #4616, #5158, #925, #7683, #3451, #4234, #6704 ) ) ;
#5246 = ORIENTED_EDGE ( 'NONE', *, *, #2648, .F. ) ;
#5247 = ORIENTED_EDGE ( 'NONE', *, *, #7074, .F. ) ;
#5248 = EDGE_CURVE ( 'NONE', #4323, #7320, #6162, .T. ) ;
#5249 = CARTESIAN_POINT ( 'NONE',  ( -12.50475135464502507, 108.8067152797565740, 8.503385515020926988 ) ) ;
#5250 = DIRECTION ( 'NONE',  ( 0.000000000000000000, 0.000000000000000000, -1.000000000000000000 ) ) ;
#5251 = VERTEX_POINT ( 'NONE', #1775 ) ;
#5252 = CARTESIAN_POINT ( 'NONE',  ( 14.40010165007206666, 31.29139338435329876, 15.55881682382171860 ) ) ;
#5253 = CARTESIAN_POINT ( 'NONE',  ( 17.80415923003360845, 68.51355994934650084, 11.49923433812861795 ) ) ;
#5254 = ADVANCED_FACE ( 'NONE', ( #4259 ), #6685, .F. ) ;
#5255 = VERTEX_POINT ( 'NONE', #6084 ) ;
#5256 = VECTOR ( 'NONE', #4509, 1000.000000000000000 ) ;
#5257 = LINE ( 'NONE', #907, #763 ) ;
#5258 = DIRECTION ( 'NONE',  ( -1.000000000000000000, 0.000000000000000000, -0.000000000000000000 ) ) ;
#5259 = CARTESIAN_POINT ( 'NONE',  ( 18.13755593138087718, 66.61920264213091514, -17.50000000000000711 ) ) ;
#5260 = CARTESIAN_POINT ( 'NONE',  ( 25.00000000000000000, 0.000000000000000000, 17.50000000000000355 ) ) ;
#5261 = CARTESIAN_POINT ( 'NONE',  ( -19.60376758501793759, 11.33107187138286065, -2.167710888385315560 ) ) ;
#5262 = CARTESIAN_POINT ( 'NONE',  ( -20.82573113962191513, 4.601065735545202706, 9.196367353184895066 ) ) ;
#5263 = APPROVAL_ROLE ( '' ) ;
#5264 = CARTESIAN_POINT ( 'NONE',  ( 12.50000000000001243, 110.0000000000000000, 8.499999999999992895 ) ) ;
#5265 = VERTEX_POINT ( 'NONE', #5524 ) ;
#5266 = APPLICATION_CONTEXT ( 'configuration controlled 3d designs of mechanical parts and assemblies' ) ;
#5268 = ORIENTED_EDGE ( 'NONE', *, *, #2512, .T. ) ;
#5267 = CARTESIAN_POINT ( 'NONE',  ( 14.96412437608946888, 99.44792331359911941, 6.806066925642449306 ) ) ;
#5269 = CARTESIAN_POINT ( 'NONE',  ( -14.77932140395053828, 101.9230103810150041, 6.688174276720980416 ) ) ;
#5270 = CARTESIAN_POINT ( 'NONE',  ( -25.20116783799236160, 39.36014437643869712, -15.50000000000000711 ) ) ;
#5271 = DIRECTION ( 'NONE',  ( -0.000000000000000000, -0.000000000000000000, -1.000000000000000000 ) ) ;
#5272 = DIRECTION ( 'NONE',  ( 0.000000000000000000, 0.000000000000000000, -1.000000000000000000 ) ) ;
#5273 = CARTESIAN_POINT ( 'NONE',  ( -15.13793035802386555, 97.52801881294048769, 6.913987857993284969 ) ) ;
#5274 = CARTESIAN_POINT ( 'NONE',  ( 25.00000000000000000, 16.18252331173144043, 16.85699160475412484 ) ) ;
#5275 = CARTESIAN_POINT ( 'NONE',  ( -21.65164428913885430, 5.704576868983573412, -10.57516295705434217 ) ) ;
#5276 = ORIENTED_EDGE ( 'NONE', *, *, #2153, .T. ) ;
#5278 = EDGE_LOOP ( 'NONE', ( #1634, #2615, #7633, #6964, #2797, #2233, #4739, #3185, #2097 ) ) ;
#5277 = CARTESIAN_POINT ( 'NONE',  ( -13.07567550130096734, 98.12632700906630134, -17.50000000000000711 ) ) ;
#5279 = CARTESIAN_POINT ( 'NONE',  ( -21.11430361292375579, 61.92781402282837178, 10.25444688711203689 ) ) ;
#5280 = CARTESIAN_POINT ( 'NONE',  ( 13.23408886336365775, 96.37480861725777004, -17.50000000000000355 ) ) ;
#5281 = DIRECTION ( 'NONE',  ( 1.000000000000000000, -0.000000000000000000, 0.000000000000000000 ) ) ;
#5282 = DIRECTION ( 'NONE',  ( -1.000000000000000000, -0.000000000000000000, -0.000000000000000000 ) ) ;
#5283 = CARTESIAN_POINT ( 'NONE',  ( -25.24234514843653443, 39.13018473716525136, -15.50000000000001954 ) ) ;
#5284 = VECTOR ( 'NONE', #6472, 1000.000000000000000 ) ;
#5285 = B_SPLINE_CURVE_WITH_KNOTS ( 'NONE', 3,
 ( #6803, #2997, #1176, #4996 ),
 .UNSPECIFIED., .F., .F.,
 ( 4, 4 ),
 ( 0.000000000000000000, 0.005893879354183021758 ),
 .UNSPECIFIED. ) ;
#5286 = EDGE_LOOP ( 'NONE', ( #5968, #2338, #7136, #4220 ) ) ;
#5287 = ORIENTED_EDGE ( 'NONE', *, *, #2854, .T. ) ;
#5288 = DIRECTION ( 'NONE',  ( 1.000000000000000000, -0.000000000000000000, 0.000000000000000000 ) ) ;
#5289 = CARTESIAN_POINT ( 'NONE',  ( -17.75686989120958614, 68.75199807757893211, 11.47341548660030242 ) ) ;
#5290 = CARTESIAN_POINT ( 'NONE',  ( -7.184959519165663444, 105.0590618706625463, 8.573399160350142267 ) ) ;
#5291 = ORIENTED_EDGE ( 'NONE', *, *, #3108, .T. ) ;
#5292 = CARTESIAN_POINT ( 'NONE',  ( 22.33444058749466876, 9.394349361958571620, 17.25593555695192549 ) ) ;
#5293 = CARTESIAN_POINT ( 'NONE',  ( 19.94831242556680806, 57.75483772363018886, 12.69024231182243767 ) ) ;
#5294 = AXIS2_PLACEMENT_3D ( 'NONE', #1639, #4166, #5988 ) ;
#5295 = ADVANCED_FACE ( 'NONE', ( #2342 ), #6276, .F. ) ;
#5296 = ORIENTED_EDGE ( 'NONE', *, *, #2219, .T. ) ;
#5297 = VECTOR ( 'NONE', #857, 1000.000000000000000 ) ;
#5298 = EDGE_CURVE ( 'NONE', #328, #3982, #3648, .T. ) ;
#5299 = LINE ( 'NONE', #827, #6975 ) ;
#5300 = CARTESIAN_POINT ( 'NONE',  ( -24.11849640528267713, 4.450766363342524734, 17.44097168222235084 ) ) ;
#5301 = CARTESIAN_POINT ( 'NONE',  ( 18.70833507888126590, 63.76029533503653823, -17.50000000000000355 ) ) ;
#5302 = CARTESIAN_POINT ( 'NONE',  ( -5.057468608147756228, 51.29669984696875673, 11.39512185808273159 ) ) ;
#5303 = LINE ( 'NONE', #3304, #6573 ) ;
#5304 = CARTESIAN_POINT ( 'NONE',  ( 21.94059561800188973, 48.55791397368845708, 6.499999999999993783 ) ) ;
#5305 = DATE_AND_TIME ( #3346, #7113 ) ;
#5306 = DIRECTION ( 'NONE',  ( 0.000000000000000000, 0.000000000000000000, -1.000000000000000000 ) ) ;
#5307 = CIRCLE ( 'NONE', #3877, 1.999999999999999556 ) ;
#5308 = VERTEX_POINT ( 'NONE', #4984 ) ;
#5309 = EDGE_CURVE ( 'NONE', #6926, #6543, #1242, .T. ) ;
#5310 = EDGE_CURVE ( 'NONE', #6580, #7249, #1791, .T. ) ;
#5312 = ORIENTED_EDGE ( 'NONE', *, *, #620, .F. ) ;
#5311 = CARTESIAN_POINT ( 'NONE',  ( 14.69247307463530916, 103.2862842783912498, 6.631602757996592601 ) ) ;
#5313 = CARTESIAN_POINT ( 'NONE',  ( -15.05620493997882825, 98.43088866429323502, 6.863241385513922488 ) ) ;
#5314 = CARTESIAN_POINT ( 'NONE',  ( -25.34951844733016912, 38.33234529510266242, -15.50000000000000711 ) ) ;
#5315 = CARTESIAN_POINT ( 'NONE',  ( 14.50000000000000000, 110.0000000000000000, -15.50000000000363976 ) ) ;
#5316 = DIRECTION ( 'NONE',  ( 1.000000000000000000, -0.000000000000000000, -0.000000000000000000 ) ) ;
#5317 = CARTESIAN_POINT ( 'NONE',  ( -12.89224053620856658, 100.3500014462353960, 8.754531115186145129 ) ) ;
#5318 = LINE ( 'NONE', #7081, #7178 ) ;
#5319 = CIRCLE ( 'NONE', #5963, 15.50000000000001421 ) ;
#5320 = DIRECTION ( 'NONE',  ( 0.000000000000000000, 0.000000000000000000, -1.000000000000000000 ) ) ;
#5321 = ORIENTED_EDGE ( 'NONE', *, *, #1037, .T. ) ;
#5322 = CIRCLE ( 'NONE', #5579, 1.000000000000000888 ) ;
#5324 = ORIENTED_EDGE ( 'NONE', *, *, #2503, .F. ) ;
#5323 = CARTESIAN_POINT ( 'NONE',  ( -13.73450228478017010, 92.12263868578435222, -17.50000000000000355 ) ) ;
#5325 = CARTESIAN_POINT ( 'NONE',  ( -24.80852704922662966, 41.94152604905497128, 12.47383375937996597 ) ) ;
#5326 = CARTESIAN_POINT ( 'NONE',  ( 27.00000000000000000, 0.000000000000000000, 0.000000000000000000 ) ) ;
#5327 = CARTESIAN_POINT ( 'NONE',  ( 22.50067269884869958, 1.767595758664560313, 10.22306315569302804 ) ) ;
#5328 = DIRECTION ( 'NONE',  ( -1.000000000000000000, 0.000000000000000000, 0.000000000000000000 ) ) ;
#5329 = AXIS2_PLACEMENT_3D ( 'NONE', #6827, #6230, #7478 ) ;
#5330 = CARTESIAN_POINT ( 'NONE',  ( -26.94473879155890828, 21.48409241110254442, -15.50000000000001776 ) ) ;
#5331 = ORIENTED_EDGE ( 'NONE', *, *, #886, .T. ) ;
#5332 = B_SPLINE_CURVE_WITH_KNOTS ( 'NONE', 3,
 ( #7857, #5372, #5972, #2266 ),
 .UNSPECIFIED., .F., .F.,
 ( 4, 4 ),
 ( 0.000000000000000000, 1.000000000000000000 ),
 .UNSPECIFIED. ) ;
#5333 = VERTEX_POINT ( 'NONE', #8011 ) ;
#5334 = CARTESIAN_POINT ( 'NONE',  ( 23.00000000000000000, 0.000000000000000000, 0.000000000000000000 ) ) ;
#5335 = CARTESIAN_POINT ( 'NONE',  ( -18.75159252935400644, 63.76401643458022761, 12.01932989173994137 ) ) ;
#5336 = CYLINDRICAL_SURFACE ( 'NONE', #366, 2.250000000000000444 ) ;
#5337 = EDGE_LOOP ( 'NONE', ( #693, #2296, #7700, #7390 ) ) ;
#5338 = CARTESIAN_POINT ( 'NONE',  ( -23.00000000000000000, -9.251858538542930412E-16, 15.50000000000001421 ) ) ;
#5339 = CARTESIAN_POINT ( 'NONE',  ( 15.09534189222613243, 83.09119499127946540, 10.02241041223720508 ) ) ;
#5340 = B_SPLINE_CURVE_WITH_KNOTS ( 'NONE', 3,
 ( #4831, #7290, #3646, #1734 ),
 .UNSPECIFIED., .F., .F.,
 ( 4, 4 ),
 ( 0.000000000000000000, 1.000000000000000000 ),
 .UNSPECIFIED. ) ;
#5341 = ORIENTED_EDGE ( 'NONE', *, *, #723, .T. ) ;
#5342 = CARTESIAN_POINT ( 'NONE',  ( -24.00000000000000000, -8.000000000000000000, -8.673617379884035472E-16 ) ) ;
#5343 = CARTESIAN_POINT ( 'NONE',  ( -25.72490443689925499, -0.01309163609087451476, 17.50000058707631823 ) ) ;
#5344 = CARTESIAN_POINT ( 'NONE',  ( 19.83479980229247275, 58.10684058078992109, -17.50000000000000355 ) ) ;
#5345 = CARTESIAN_POINT ( 'NONE',  ( -4.507837281772634874, 52.80679950520924137, 11.22537877491387626 ) ) ;
#5346 = DIRECTION ( 'NONE',  ( 0.000000000000000000, 0.000000000000000000, 1.000000000000000000 ) ) ;
#5347 = CARTESIAN_POINT ( 'NONE',  ( 23.01805206741573784, 1.950402352400961048, 15.54146890429049499 ) ) ;
#5348 = EDGE_CURVE ( 'NONE', #3364, #7130, #7893, .T. ) ;
#5349 = CARTESIAN_POINT ( 'NONE',  ( -19.59853106216006680, 7.673063170681296619, -7.579234007966451081 ) ) ;
#5350 = VERTEX_POINT ( 'NONE', #2948 ) ;
#5352 = ORIENTED_EDGE ( 'NONE', *, *, #4860, .F. ) ;
#5351 = DIRECTION ( 'NONE',  ( 0.000000000000000000, 0.000000000000000000, -1.000000000000000000 ) ) ;
#5353 = CARTESIAN_POINT ( 'NONE',  ( -14.50000000000000000, 110.0000000000000000, 6.500000000000005329 ) ) ;
#5354 = CARTESIAN_POINT ( 'NONE',  ( 19.89000653509341987, 68.06017203655541437, 9.578556549180804680 ) ) ;
#5355 = DIRECTION ( 'NONE',  ( -0.7071067811865524577, 0.7071067811865426878, 0.000000000000000000 ) ) ;
#5356 = ADVANCED_FACE ( 'NONE', ( #6404 ), #7380, .F. ) ;
#5357 = CYLINDRICAL_SURFACE ( 'NONE', #3439, 2.000000000000000000 ) ;
#5358 = CARTESIAN_POINT ( 'NONE',  ( -15.23388607100185688, 96.56795595358040885, 6.972720371145097573 ) ) ;
#5359 = DIRECTION ( 'NONE',  ( 0.7071067811865475727, 0.000000000000000000, 0.7071067811865475727 ) ) ;
#5360 = CARTESIAN_POINT ( 'NONE',  ( 27.00000000000000000, 0.000000000000000000, 0.000000000000000000 ) ) ;
#5361 = EDGE_CURVE ( 'NONE', #1333, #4172, #1365, .T. ) ;
#5362 = EDGE_CURVE ( 'NONE', #935, #7130, #3847, .T. ) ;
#5363 = AXIS2_PLACEMENT_3D ( 'NONE', #284, #3327, #772 ) ;
#5364 = VECTOR ( 'NONE', #5007, 1000.000000000000000 ) ;
#5365 = ORIENTED_EDGE ( 'NONE', *, *, #7469, .T. ) ;
#5367 = ORIENTED_EDGE ( 'NONE', *, *, #237, .T. ) ;
#5366 = CARTESIAN_POINT ( 'NONE',  ( 24.77381476483612843, 42.15085411387276793, -15.50000000000000178 ) ) ;
#5368 = CIRCLE ( 'NONE', #2103, 2.250000000000000444 ) ;
#5369 = CARTESIAN_POINT ( 'NONE',  ( -15.67779269334201153, 92.69941428176095144, 7.237867035462011600 ) ) ;
#5370 = CARTESIAN_POINT ( 'NONE',  ( -5.000000000000003553, 107.5189363281518666, 6.409943589260364227 ) ) ;
#5371 = DIRECTION ( 'NONE',  ( 0.000000000000000000, 0.000000000000000000, -1.000000000000000000 ) ) ;
#5372 = CARTESIAN_POINT ( 'NONE',  ( 20.96406082291188611, 64.27728522053276095, -15.50000000000001066 ) ) ;
#5373 = CARTESIAN_POINT ( 'NONE',  ( -12.55195361077883121, 106.0978727445483543, -17.50000000000001776 ) ) ;
#5374 = AXIS2_PLACEMENT_3D ( 'NONE', #4936, #7396, #1842 ) ;
#5375 = ORIENTED_EDGE ( 'NONE', *, *, #4605, .F. ) ;
#5376 = CARTESIAN_POINT ( 'NONE',  ( -19.93969262078591242, 10.40812542098087157, -5.023547007758774718 ) ) ;
#5377 = CARTESIAN_POINT ( 'NONE',  ( -16.47246402059083081, 75.38367001414792412, 10.77498936067243385 ) ) ;
#5378 = CARTESIAN_POINT ( 'NONE',  ( 20.99999999999999645, -1.517883041479706208E-15, 8.000000000000000000 ) ) ;
#5379 = ORIENTED_EDGE ( 'NONE', *, *, #5794, .T. ) ;
#5380 = CARTESIAN_POINT ( 'NONE',  ( -24.00000000000000000, 1.255262969126037241E-15, 10.25000000000000000 ) ) ;
#5381 = CARTESIAN_POINT ( 'NONE',  ( 13.90008461102749848, 90.99363118292063746, 9.351904792877480332 ) ) ;
#5382 = EDGE_LOOP ( 'NONE', ( #2062, #250, #357, #2459 ) ) ;
#5383 = CARTESIAN_POINT ( 'NONE',  ( 24.00000000000000000, -1.517883041479706208E-15, 6.000000000000000000 ) ) ;
#5384 = LINE ( 'NONE', #3551, #4668 ) ;
#5385 = CARTESIAN_POINT ( 'NONE',  ( 21.43673537460278311, 49.75910234715194491, -17.50000000000000355 ) ) ;
#5386 = CARTESIAN_POINT ( 'NONE',  ( -12.56266287527139802, 30.67634806942676917, 13.60985613269949468 ) ) ;
#5387 = CARTESIAN_POINT ( 'NONE',  ( -27.00000000000000355, 3.058781734485273240, 15.47109379471232771 ) ) ;
#5388 = CARTESIAN_POINT ( 'NONE',  ( 11.50000000000000355, 115.0000000000000000, 4.499999999999998224 ) ) ;
#5389 = DIRECTION ( 'NONE',  ( 0.000000000000000000, 0.000000000000000000, -1.000000000000000000 ) ) ;
#5390 = EDGE_LOOP ( 'NONE', ( #2905, #6158, #1755, #1644 ) ) ;
#5391 = B_SPLINE_CURVE_WITH_KNOTS ( 'NONE', 3,
 ( #6024, #7833, #541, #3550 ),
 .UNSPECIFIED., .F., .F.,
 ( 4, 4 ),
 ( 0.000000000000000000, 1.000000000000000000 ),
 .UNSPECIFIED. ) ;
#5393 = ORIENTED_EDGE ( 'NONE', *, *, #4717, .T. ) ;
#5392 = DIRECTION ( 'NONE',  ( 0.000000000000000000, 0.000000000000000000, 1.000000000000000000 ) ) ;
#5394 = DIRECTION ( 'NONE',  ( 0.000000000000000000, -0.000000000000000000, 1.000000000000000000 ) ) ;
#5395 = CARTESIAN_POINT ( 'NONE',  ( 18.78404162283217005, 73.72068889900813815, 8.974357460127450281 ) ) ;
#5396 = DIRECTION ( 'NONE',  ( -1.000000000000000000, 0.000000000000000000, 0.000000000000000000 ) ) ;
#5397 = CARTESIAN_POINT ( 'NONE',  ( -13.56878145076555420, 93.58936402945420241, 9.160485921251451558 ) ) ;
#5398 = CARTESIAN_POINT ( 'NONE',  ( -24.00000000000000000, 4.336808689942017736E-16, -8.000000000000000000 ) ) ;
#5399 = ORIENTED_EDGE ( 'NONE', *, *, #2942, .T. ) ;
#5400 = EDGE_CURVE ( 'NONE', #4523, #258, #7002, .T. ) ;
#5403 = EDGE_LOOP ( 'NONE', ( #4596, #31, #1241, #2933 ) ) ;
#5402 = CARTESIAN_POINT ( 'NONE',  ( -19.00000000000000000, 9.171340364085867947, -4.577009495957956808 ) ) ;
#5401 = DIRECTION ( 'NONE',  ( 0.000000000000000000, 0.000000000000000000, -1.000000000000000000 ) ) ;
#5404 = CARTESIAN_POINT ( 'NONE',  ( -18.78606053954817057, 73.71302345366240161, 8.975454141434141775 ) ) ;
#5405 = ADVANCED_FACE ( 'NONE', ( #7075 ), #6740, .T. ) ;
#5406 = FACE_BOUND ( 'NONE', #6427, .T. ) ;
#5407 = CARTESIAN_POINT ( 'NONE',  ( 4.999999999999997335, 104.9999999999999716, -15.50000000000001776 ) ) ;
#5408 = CARTESIAN_POINT ( 'NONE',  ( 24.00000000000000000, -1.517883041479706208E-15, 8.000000000000000000 ) ) ;
#5409 = CARTESIAN_POINT ( 'NONE',  ( -19.47637925834510142, 59.91973077259272884, -17.50000000000000355 ) ) ;
#5410 = B_SPLINE_CURVE_WITH_KNOTS ( 'NONE', 3,
 ( #3651, #4951, #4913, #1821 ),
 .UNSPECIFIED., .F., .F.,
 ( 4, 4 ),
 ( 0.000000000000000000, 1.000000000000000000 ),
 .UNSPECIFIED. ) ;
#5411 = ADVANCED_FACE ( 'NONE', ( #5472, #3559 ), #511, .T. ) ;
#5412 = VECTOR ( 'NONE', #7364, 1000.000000000000000 ) ;
#5413 = CARTESIAN_POINT ( 'NONE',  ( -23.10008444879056810, 39.88967174148706363, -17.50000000000000711 ) ) ;
#5414 = ADVANCED_FACE ( 'NONE', ( #4893, #2287 ), #468, .F. ) ;
#5415 = CARTESIAN_POINT ( 'NONE',  ( -19.80979215310365404, 10.76502402271448311, -4.236384418861408818 ) ) ;
#5416 = CARTESIAN_POINT ( 'NONE',  ( -18.69511991837184439, 64.04616922689220360, 11.98812204072945775 ) ) ;
#5417 = DIRECTION ( 'NONE',  ( -1.000000000000000000, 0.000000000000000000, 0.000000000000000000 ) ) ;
#5418 = EDGE_LOOP ( 'NONE', ( #7442, #6949, #3597, #5892 ) ) ;
#5419 = CARTESIAN_POINT ( 'NONE',  ( 20.53512196930640243, 5.328535234797363351, 8.794867290017354122 ) ) ;
#5420 = CARTESIAN_POINT ( 'NONE',  ( 15.43806928417842528, 81.08805006374393543, 10.21080792496687017 ) ) ;
#5421 = ORIENTED_EDGE ( 'NONE', *, *, #237, .F. ) ;
#5422 = CIRCLE ( 'NONE', #3990, 5.000000000000000000 ) ;
#5423 = DIRECTION ( 'NONE',  ( -1.000000000000000000, -0.000000000000000000, -0.000000000000000000 ) ) ;
#5424 = CARTESIAN_POINT ( 'NONE',  ( -23.39165456460134607, 6.466302723895554827, 17.37892697516678453 ) ) ;
#5425 = CARTESIAN_POINT ( 'NONE',  ( 21.87723020541324814, 47.30911302181389999, -17.50000000000000355 ) ) ;
#5426 = CARTESIAN_POINT ( 'NONE',  ( -12.72499504955399097, 30.23034408613439084, 13.65371931163882735 ) ) ;
#5427 = CARTESIAN_POINT ( 'NONE',  ( -27.00000000000000000, -9.251858538542916607E-16, 15.50000000000001776 ) ) ;
#5428 = CARTESIAN_POINT ( 'NONE',  ( 27.00000000000002842, 17.50000000000001066, -15.50000000000001776 ) ) ;
#5429 = CARTESIAN_POINT ( 'NONE',  ( 19.00000000000000355, 10.06610527765521823, -5.023547007758736527 ) ) ;
#5430 = EDGE_LOOP ( 'NONE', ( #1985, #4822 ) ) ;
#5431 = CIRCLE ( 'NONE', #3993, 12.25000000000001066 ) ;
#5432 =( BOUNDED_CURVE ( )  B_SPLINE_CURVE ( 3, ( #4630, #3702, #1869, #3124 ),
 .UNSPECIFIED., .F., .F. ) 
 B_SPLINE_CURVE_WITH_KNOTS ( ( 4, 4 ),
 ( 0.4628918671603605706, 1.407973572365797787 ),
 .UNSPECIFIED. ) 
 CURVE ( )  GEOMETRIC_REPRESENTATION_ITEM ( )  RATIONAL_B_SPLINE_CURVE ( ( 1.000000000000000000, 0.9269431294573309277, 0.9269431294573309277, 1.000000000000000000 ) ) 
 REPRESENTATION_ITEM ( '' )  );
#5434 = EDGE_LOOP ( 'NONE', ( #6256, #8, #4435, #196 ) ) ;
#5433 = CARTESIAN_POINT ( 'NONE',  ( -27.00000000000000000, 0.000000000000000000, 12.24999999999998224 ) ) ;
#5435 = CYLINDRICAL_SURFACE ( 'NONE', #4150, 1.000000000000000888 ) ;
#5436 = CARTESIAN_POINT ( 'NONE',  ( 19.45613989861364601, 70.25942256696970389, 9.341257281173801275 ) ) ;
#5437 = LINE ( 'NONE', #7966, #4800 ) ;
#5438 = DIRECTION ( 'NONE',  ( 0.000000000000000000, 0.000000000000000000, -1.000000000000000000 ) ) ;
#5439 = DIRECTION ( 'NONE',  ( 0.000000000000000000, 0.7071067811865426878, 0.7071067811865524577 ) ) ;
#5440 = AXIS2_PLACEMENT_3D ( 'NONE', #3795, #3217, #6266 ) ;
#5443 = ORIENTED_EDGE ( 'NONE', *, *, #3213, .F. ) ;
#5442 = CARTESIAN_POINT ( 'NONE',  ( -20.99999999999999645, 0.000000000000000000, 0.000000000000000000 ) ) ;
#5441 = CARTESIAN_POINT ( 'NONE',  ( 7.184957976769025478, 102.6496560973801593, 8.655107866747883349 ) ) ;
#5444 = CARTESIAN_POINT ( 'NONE',  ( -14.50000000000000000, 118.0000000000000142, -15.50000000000001776 ) ) ;
#5445 = CARTESIAN_POINT ( 'NONE',  ( -20.68946176277553661, 64.05269518726144895, 10.01858443552925237 ) ) ;
#5446 = CARTESIAN_POINT ( 'NONE',  ( -26.35637396795936382, 29.99999999999998934, 6.499999999999993783 ) ) ;
#5447 = FACE_BOUND ( 'NONE', #5850, .T. ) ;
#5448 = CARTESIAN_POINT ( 'NONE',  ( -11.50000000000000000, 113.0000000000000000, 5.499999999999997335 ) ) ;
#5449 = EDGE_CURVE ( 'NONE', #4160, #6254, #550, .T. ) ;
#5450 = CARTESIAN_POINT ( 'NONE',  ( 11.50000000000000000, 118.0000000000000142, -14.50000000000000533 ) ) ;
#5451 = AXIS2_PLACEMENT_3D ( 'NONE', #7711, #2602, #4607 ) ;
#5452 = CARTESIAN_POINT ( 'NONE',  ( -24.43605867861137071, 29.06241943596736377, -17.50000000000000711 ) ) ;
#5453 = CARTESIAN_POINT ( 'NONE',  ( 13.34314575050761675, -8.000000000000000000, -8.673617379884035472E-16 ) ) ;
#5454 = CARTESIAN_POINT ( 'NONE',  ( -18.14463830566319658, 66.80069857129834077, 11.68538563994408719 ) ) ;
#5455 = LINE ( 'NONE', #3581, #6585 ) ;
#5456 = CARTESIAN_POINT ( 'NONE',  ( 20.62941185485894735, 8.513137399601943045, 5.773073437670420027 ) ) ;
#5457 = ADVANCED_FACE ( 'NONE', ( #1114 ), #4738, .F. ) ;
#5458 = CARTESIAN_POINT ( 'NONE',  ( 13.07786516529589171, 98.21466154189606357, 8.868325690341178458 ) ) ;
#5459 = AXIS2_PLACEMENT_3D ( 'NONE', #1223, #5654, #81 ) ;
#5460 = ADVANCED_FACE ( 'NONE', ( #4127, #6708 ), #7922, .F. ) ;
#5461 = ADVANCED_FACE ( 'NONE', ( #4861 ), #4787, .F. ) ;
#5462 = ORIENTED_EDGE ( 'NONE', *, *, #7849, .T. ) ;
#5463 = CARTESIAN_POINT ( 'NONE',  ( -3.752921755017233796, 97.23474335767738808, 6.499999999999993783 ) ) ;
#5464 = CARTESIAN_POINT ( 'NONE',  ( -25.54294886365756767, 0.4932447405894977988, 17.49922068999763525 ) ) ;
#5465 = CARTESIAN_POINT ( 'NONE',  ( 22.19248563680064734, 45.51097908320243590, -17.50000000000000355 ) ) ;
#5466 = CARTESIAN_POINT ( 'NONE',  ( -18.97877447768836845, 13.04822632108575142, 15.08165066985516489 ) ) ;
#5467 = VERTEX_POINT ( 'NONE', #6110 ) ;
#5468 = DIRECTION ( 'NONE',  ( 0.000000000000000000, -7.527547495457052866E-15, -1.000000000000000000 ) ) ;
#5469 = DIRECTION ( 'NONE',  ( -1.000000000000000000, 0.000000000000000000, 1.196361017915039239E-16 ) ) ;
#5470 = CARTESIAN_POINT ( 'NONE',  ( 24.86883081691945208, 23.08492538283839224, 16.31663934956382178 ) ) ;
#5471 = ORIENTED_EDGE ( 'NONE', *, *, #4356, .T. ) ;
#5473 = VERTEX_POINT ( 'NONE', #2331 ) ;
#5472 = FACE_OUTER_BOUND ( 'NONE', #7015, .T. ) ;
#5474 = DIRECTION ( 'NONE',  ( -1.000000000000000000, 0.000000000000000000, -0.000000000000000000 ) ) ;
#5475 = CARTESIAN_POINT ( 'NONE',  ( 20.58901680152576574, 64.55498231150799882, 9.963055113024282150 ) ) ;
#5476 = LINE ( 'NONE', #4131, #3369 ) ;
#5477 = PLANE ( 'NONE',  #108 ) ;
#5478 = CARTESIAN_POINT ( 'NONE',  ( 27.00000000000000000, 5.616817019367725372, 15.40591891646016975 ) ) ;
#5479 = EDGE_LOOP ( 'NONE', ( #348, #890, #6410, #4310 ) ) ;
#5482 = ORIENTED_EDGE ( 'NONE', *, *, #2503, .T. ) ;
#5481 = CARTESIAN_POINT ( 'NONE',  ( -3.000000000000014655, 103.0000000000000142, 8.641601241243991538 ) ) ;
#5480 = CARTESIAN_POINT ( 'NONE',  ( -19.00000000000000000, 0.000000000000000000, 0.000000000000000000 ) ) ;
#5483 = CARTESIAN_POINT ( 'NONE',  ( 19.00000000000000000, 0.000000000000000000, 0.000000000000000000 ) ) ;
#5484 = CARTESIAN_POINT ( 'NONE',  ( -18.07071193894617522, 77.52241586689505937, 8.584344291574520724 ) ) ;
#5485 = CARTESIAN_POINT ( 'NONE',  ( -25.00000000072528294, 1.461678891182390805, 17.49310162122307233 ) ) ;
#5486 = DIRECTION ( 'NONE',  ( 0.000000000000000000, 0.000000000000000000, -1.000000000000000000 ) ) ;
#5487 = CARTESIAN_POINT ( 'NONE',  ( -19.00000000000000000, 8.000000000000000000, -1.000000000000000888 ) ) ;
#5488 = CARTESIAN_POINT ( 'NONE',  ( -22.76712603036662941, 8.196425647610354304, 17.31049503212364016 ) ) ;
#5489 = VECTOR ( 'NONE', #1110, 999.9999999999998863 ) ;
#5490 = AXIS2_PLACEMENT_3D ( 'NONE', #1327, #1414, #2053 ) ;
#5491 = AXIS2_PLACEMENT_3D ( 'NONE', #1216, #5612, #5535 ) ;
#5492 = CARTESIAN_POINT ( 'NONE',  ( -20.58442411610183598, 54.27063905642830832, -17.50000000000000355 ) ) ;
#5493 = DIRECTION ( 'NONE',  ( 1.000000000000000000, -0.000000000000000000, 0.000000000000000000 ) ) ;
#5494 = CARTESIAN_POINT ( 'NONE',  ( -19.27723841252555204, 61.13547914740218658, 12.31156763090525352 ) ) ;
#5495 = CARTESIAN_POINT ( 'NONE',  ( -24.00000000000000000, -8.000000000000000000, -1.000000000000001554 ) ) ;
#5496 = ORIENTED_EDGE ( 'NONE', *, *, #3213, .T. ) ;
#5497 = CARTESIAN_POINT ( 'NONE',  ( 16.55095329847156549, 74.96736242091864710, 10.81764259027641728 ) ) ;
#5498 = VECTOR ( 'NONE', #6838, 1000.000000000000000 ) ;
#5499 = VERTEX_POINT ( 'NONE', #4207 ) ;
#5500 = ADVANCED_FACE ( 'NONE', ( #6595 ), #3021, .F. ) ;
#5501 = DIRECTION ( 'NONE',  ( -1.000000000000000000, 0.000000000000000000, 0.000000000000000000 ) ) ;
#5502 = DIRECTION ( 'NONE',  ( 1.000000000000000000, 0.000000000000000000, 0.000000000000000000 ) ) ;
#5503 = CARTESIAN_POINT ( 'NONE',  ( 22.95947168552554629, 40.80966056654096974, -17.50000000000000711 ) ) ;
#5504 = CARTESIAN_POINT ( 'NONE',  ( -23.00000000000000000, 2.000000000000171418, 15.54067879533208973 ) ) ;
#5505 = ORIENTED_EDGE ( 'NONE', *, *, #7270, .F. ) ;
#5506 = DIRECTION ( 'NONE',  ( 0.000000000000000000, 0.000000000000000000, -1.000000000000000000 ) ) ;
#5507 = CARTESIAN_POINT ( 'NONE',  ( 6.546348839471659353, 52.89607614084360421, 13.23661865424353401 ) ) ;
#5508 = EDGE_CURVE ( 'NONE', #1279, #4894, #627, .T. ) ;
#5509 = CYLINDRICAL_SURFACE ( 'NONE', #1330, 2.250000000000000444 ) ;
#5510 = ORIENTED_EDGE ( 'NONE', *, *, #4002, .T. ) ;
#5511 = VECTOR ( 'NONE', #149, 1000.000000000000000 ) ;
#5513 = VERTEX_POINT ( 'NONE', #4778 ) ;
#5512 = DIRECTION ( 'NONE',  ( 1.000000000000000000, 0.000000000000000000, 0.000000000000000000 ) ) ;
#5514 = CARTESIAN_POINT ( 'NONE',  ( 19.00000000000000000, 9.171340364085935448, 4.577009495957821805 ) ) ;
#5515 = ADVANCED_FACE ( 'NONE', ( #1802 ), #2568, .F. ) ;
#5516 = CARTESIAN_POINT ( 'NONE',  ( 20.67484043689600526, 64.12580552592135064, 10.01049642300134579 ) ) ;
#5517 = DIRECTION ( 'NONE',  ( -1.000000000000000000, -0.000000000000000000, -0.000000000000000000 ) ) ;
#5518 = DIRECTION ( 'NONE',  ( 1.000000000000000000, -0.000000000000000000, 0.000000000000000000 ) ) ;
#5519 = DIRECTION ( 'NONE',  ( 0.000000000000000000, 0.000000000000000000, -1.000000000000000000 ) ) ;
#5520 = ORIENTED_EDGE ( 'NONE', *, *, #5993, .T. ) ;
#5523 = EDGE_LOOP ( 'NONE', ( #804, #977, #45, #3028 ) ) ;
#5522 = DIRECTION ( 'NONE',  ( -0.1218693434053486069, -0.9925461516412973362, 0.000000000000000000 ) ) ;
#5521 = LINE ( 'NONE', #4218, #3731 ) ;
#5525 = CIRCLE ( 'NONE', #6289, 1.000000000000000888 ) ;
#5524 = CARTESIAN_POINT ( 'NONE',  ( 20.99999999999999645, -1.395418361564970862E-15, 6.999999999999998224 ) ) ;
#5526 = CARTESIAN_POINT ( 'NONE',  ( -19.54825831183297424, 69.79083358636995627, 9.391601074024167772 ) ) ;
#5527 = CARTESIAN_POINT ( 'NONE',  ( 4.999999999999997335, 118.0000000000000142, -14.50000000000000178 ) ) ;
#5528 = CARTESIAN_POINT ( 'NONE',  ( -5.000000000000002665, 110.0000000000000000, 6.409682082549484683 ) ) ;
#5529 = DIRECTION ( 'NONE',  ( 0.7071067811865416886, -0.7071067811865532349, 0.000000000000000000 ) ) ;
#5530 = B_SPLINE_SURFACE_WITH_KNOTS ( 'NONE', 3, 1, ( 
 ( #526, #1738 ),
 ( #1877, #6904 ),
 ( #4224, #1919 ),
 ( #3882, #5485 ) ),
 .UNSPECIFIED., .F., .F., .F.,
 ( 4, 4 ),
 ( 2, 2 ),
 ( 0.000000000000000000, 0.9839294537714778910 ),
 ( 0.000000000000000000, 1.000000000000000000 ),
 .UNSPECIFIED. ) ;
#5531 = CARTESIAN_POINT ( 'NONE',  ( -20.42855597759601949, 55.07632673034902382, -17.50000000000000711 ) ) ;
#5532 = CARTESIAN_POINT ( 'NONE',  ( 23.97328293325725568, -0.6740728818646640752, 15.56289140891084521 ) ) ;
#5533 = CARTESIAN_POINT ( 'NONE',  ( -19.40241320822001470, 60.50823325463512958, 12.38158917812593707 ) ) ;
#5534 = DIRECTION ( 'NONE',  ( -5.551115123125782702E-15, 1.000000000000000000, 0.000000000000000000 ) ) ;
#5535 = DIRECTION ( 'NONE',  ( 0.000000000000000000, 0.000000000000000000, -1.000000000000000000 ) ) ;
#5536 = EDGE_LOOP ( 'NONE', ( #3946, #7404, #597, #3129 ) ) ;
#5537 = CARTESIAN_POINT ( 'NONE',  ( -6.722593835825175113, 52.41303148281357949, 13.29505585072041107 ) ) ;
#5538 = FACE_OUTER_BOUND ( 'NONE', #6715, .T. ) ;
#5539 = CARTESIAN_POINT ( 'NONE',  ( -20.41789961847667101, 9.094262493000501379, 15.30009646145324353 ) ) ;
#5540 = EDGE_LOOP ( 'NONE', ( #2248, #2708, #4470, #5769 ) ) ;
#5541 = CARTESIAN_POINT ( 'NONE',  ( 5.173209345957830330, 56.66881786823013556, 12.81229416491808415 ) ) ;
#5542 = CARTESIAN_POINT ( 'NONE',  ( 23.66784938200754951, 36.09878593036199135, 15.07270508893717320 ) ) ;
#5543 = EDGE_CURVE ( 'NONE', #2697, #3984, #4497, .T. ) ;
#5544 = VERTEX_POINT ( 'NONE', #5433 ) ;
#5545 = EDGE_CURVE ( 'NONE', #3938, #1847, #7803, .T. ) ;
#5546 = CONICAL_SURFACE ( 'NONE', #7345, 17.50000000000000355, 0.7853981633974482790 ) ;
#5547 = AXIS2_PLACEMENT_3D ( 'NONE', #3727, #7375, #6088 ) ;
#5548 = FACE_OUTER_BOUND ( 'NONE', #3963, .T. ) ;
#5549 = CARTESIAN_POINT ( 'NONE',  ( 11.50000000000000355, 115.0000000000000000, 3.499999999999996891 ) ) ;
#5550 = CARTESIAN_POINT ( 'NONE',  ( -14.50000000000000000, 115.0000000000000000, -12.50000000000000355 ) ) ;
#5551 = CARTESIAN_POINT ( 'NONE',  ( 22.77609164794225194, 53.46106786404169497, 11.20264584521453877 ) ) ;
#5552 = APPLICATION_PROTOCOL_DEFINITION ( 'international standard', 'config_control_design', 1994, #5266 ) ;
#5553 = CARTESIAN_POINT ( 'NONE',  ( 20.45545207889531980, 8.991087955955315181, 15.30515751071383512 ) ) ;
#5554 = EDGE_CURVE ( 'NONE', #2980, #711, #245, .T. ) ;
#5555 = CARTESIAN_POINT ( 'NONE',  ( 20.99999999999999645, 4.336808689942017736E-16, -10.00000000000000000 ) ) ;
#5556 = AXIS2_PLACEMENT_3D ( 'NONE', #690, #4343, #650 ) ;
#5557 = ORIENTED_EDGE ( 'NONE', *, *, #1474, .T. ) ;
#5558 = EDGE_CURVE ( 'NONE', #898, #967, #6809, .T. ) ;
#5559 = ADVANCED_FACE ( 'NONE', ( #4360 ), #1231, .F. ) ;
#5562 = ORIENTED_EDGE ( 'NONE', *, *, #3308, .F. ) ;
#5561 = CARTESIAN_POINT ( 'NONE',  ( -13.50000000000000178, 115.0000000000000000, -13.50000000000000533 ) ) ;
#5560 = CARTESIAN_POINT ( 'NONE',  ( 4.999999999999997335, 110.0000000000000000, 6.409682082549484683 ) ) ;
#5564 = AXIS2_PLACEMENT_3D ( 'NONE', #3000, #3822, #3076 ) ;
#5563 = CARTESIAN_POINT ( 'NONE',  ( 4.999999999999997335, 113.0000000000000000, 0.000000000000000000 ) ) ;
#5565 = CIRCLE ( 'NONE', #4136, 2.000000000000000000 ) ;
#5566 = CARTESIAN_POINT ( 'NONE',  ( 27.00000000000000000, -9.251858538542914635E-16, 15.50000000000001776 ) ) ;
#5567 = CARTESIAN_POINT ( 'NONE',  ( -27.00000000000000000, 0.000000000000000000, 0.000000000000000000 ) ) ;
#5568 = CARTESIAN_POINT ( 'NONE',  ( 11.50000000000000355, 115.0000000000000000, -11.50000000000000355 ) ) ;
#5569 = CARTESIAN_POINT ( 'NONE',  ( -14.92784999592421791, 99.92439022434579954, -15.50000000000000533 ) ) ;
#5570 = AXIS2_PLACEMENT_3D ( 'NONE', #7962, #6747, #5392 ) ;
#5571 = CARTESIAN_POINT ( 'NONE',  ( -22.97154241852015133, 40.73146339691736983, -17.50000000000000355 ) ) ;
#5572 = CARTESIAN_POINT ( 'NONE',  ( -26.23416888983641471, 31.24091205729760645, 13.57517734191157111 ) ) ;
#5573 = CARTESIAN_POINT ( 'NONE',  ( 24.01119305439345908, -0.7782300836551729883, 15.56289042297825276 ) ) ;
#5574 = PLANE ( 'NONE',  #4135 ) ;
#5575 = AXIS2_PLACEMENT_3D ( 'NONE', #2907, #4943, #5401 ) ;
#5576 = CARTESIAN_POINT ( 'NONE',  ( -3.752921755017233796, 97.23474335767738808, -15.50000000000000533 ) ) ;
#5577 = VECTOR ( 'NONE', #4780, 1000.000000000000000 ) ;
#5578 = ORIENTED_EDGE ( 'NONE', *, *, #2213, .T. ) ;
#5579 = AXIS2_PLACEMENT_3D ( 'NONE', #2170, #959, #5913 ) ;
#5580 = CARTESIAN_POINT ( 'NONE',  ( -14.61802536473557268, 25.02928604083006192, 14.15130092781084947 ) ) ;
#5581 = PLANE ( 'NONE',  #5117 ) ;
#5582 = CARTESIAN_POINT ( 'NONE',  ( -23.00000000000000000, 2.000000000000138112, 11.12715609645436921 ) ) ;
#5583 = EDGE_LOOP ( 'NONE', ( #5800, #346, #5765, #2197 ) ) ;
#5584 = CARTESIAN_POINT ( 'NONE',  ( 7.821197036983599027, 49.39224272221806444, 13.62949221901458330 ) ) ;
#5585 = CARTESIAN_POINT ( 'NONE',  ( 22.02361034685531749, 46.69703531605407676, 13.92959015546450274 ) ) ;
#5586 = ORIENTED_EDGE ( 'NONE', *, *, #1074, .F. ) ;
#5587 = ADVANCED_FACE ( 'NONE', ( #3879 ), #6307, .F. ) ;
#5588 = CARTESIAN_POINT ( 'NONE',  ( 1.016906865227782762E-15, 110.0000000000000000, 8.499999999999994671 ) ) ;
#5589 = CARTESIAN_POINT ( 'NONE',  ( -20.07292845844129303, 10.04206296556550271, 3.105806720652625419 ) ) ;
#5590 = DIRECTION ( 'NONE',  ( 0.000000000000000000, -1.000000000000000000, 0.000000000000000000 ) ) ;
#5591 = CARTESIAN_POINT ( 'NONE',  ( 22.01093742973892375, 57.41046643482519585, 10.75962935458931824 ) ) ;
#5592 = APPROVAL_ROLE ( '' ) ;
#5593 = CARTESIAN_POINT ( 'NONE',  ( 18.64681064422431689, 13.96028945760380147, 15.02039639336868326 ) ) ;
#5594 = CARTESIAN_POINT ( 'NONE',  ( 27.00000000000000355, 8.777703645101047059, 15.28248358618836278 ) ) ;
#5595 = ORIENTED_EDGE ( 'NONE', *, *, #3113, .F. ) ;
#5596 = EDGE_CURVE ( 'NONE', #6977, #4097, #3623, .T. ) ;
#5599 = EDGE_LOOP ( 'NONE', ( #2025, #4475 ) ) ;
#5598 = CARTESIAN_POINT ( 'NONE',  ( -23.00000000000000355, 1.973863283305486993, 10.94039996841429385 ) ) ;
#5597 = CARTESIAN_POINT ( 'NONE',  ( 26.02818528296948841, -0.8462009712964561059, 17.49999999999999645 ) ) ;
#5600 = CARTESIAN_POINT ( 'NONE',  ( 13.16666666666667496, 110.0000000000000000, 7.833333333333331261 ) ) ;
#5601 = DIRECTION ( 'NONE',  ( 1.000000000000000000, 0.000000000000000000, 0.000000000000000000 ) ) ;
#5602 = LINE ( 'NONE', #1244, #5498 ) ;
#5603 = CARTESIAN_POINT ( 'NONE',  ( 20.35407784698512756, 9.269611369043046167, 4.380095586301665733 ) ) ;
#5604 = CARTESIAN_POINT ( 'NONE',  ( -12.80883344054607065, 30.00000000000013145, -2.258264248637125673E-13 ) ) ;
#5605 = EDGE_CURVE ( 'NONE', #7701, #5751, #1270, .T. ) ;
#5606 = DIRECTION ( 'NONE',  ( -1.000000000000000000, 0.000000000000000000, -0.000000000000000000 ) ) ;
#5608 = ORIENTED_EDGE ( 'NONE', *, *, #7572, .T. ) ;
#5607 = CARTESIAN_POINT ( 'NONE',  ( -18.72733641594114928, 63.66527975291690211, -17.50000000000000711 ) ) ;
#5609 = DIRECTION ( 'NONE',  ( 0.7071067811865416886, -0.7071067811865532349, 0.000000000000000000 ) ) ;
#5610 = CYLINDRICAL_SURFACE ( 'NONE', #2036, 10.25000000000000000 ) ;
#5611 = CARTESIAN_POINT ( 'NONE',  ( -24.00000000000000000, -1.272953681650235517E-15, 6.000000000000000000 ) ) ;
#5612 = DIRECTION ( 'NONE',  ( 1.000000000000000000, -0.000000000000000000, 0.000000000000000000 ) ) ;
#5613 = ORIENTED_EDGE ( 'NONE', *, *, #2663, .F. ) ;
#5614 = CARTESIAN_POINT ( 'NONE',  ( 12.90999800671215425, 100.0501461401195229, -17.50000000000000355 ) ) ;
#5615 = CARTESIAN_POINT ( 'NONE',  ( -22.35929286893483692, 3.760328375085213448, 15.50450198444784888 ) ) ;
#5616 = LINE ( 'NONE', #43, #1610 ) ;
#5617 = DIRECTION ( 'NONE',  ( 0.7071067811865474617, -0.000000000000000000, 0.7071067811865474617 ) ) ;
#5618 = ORIENTED_EDGE ( 'NONE', *, *, #5057, .F. ) ;
#5619 = DIRECTION ( 'NONE',  ( 0.000000000000000000, -1.000000000000000000, 0.000000000000000000 ) ) ;
#5620 = CARTESIAN_POINT ( 'NONE',  ( 24.44584638921487851, 29.14604003118881081, 15.76687901219669996 ) ) ;
#5621 = ORIENTED_EDGE ( 'NONE', *, *, #7961, .T. ) ;
#5622 = CARTESIAN_POINT ( 'NONE',  ( -12.50000000000001243, 63.75000000000000000, -17.50000000000000355 ) ) ;
#5623 = CARTESIAN_POINT ( 'NONE',  ( -5.000000000000002665, 103.0000000000000142, -15.50000000000004441 ) ) ;
#5624 = CARTESIAN_POINT ( 'NONE',  ( 19.00000000000000000, 4.336808689942017736E-16, -8.000000000000000000 ) ) ;
#5625 = DIRECTION ( 'NONE',  ( 1.000000000000000000, 0.000000000000000000, 0.000000000000000000 ) ) ;
#5626 = CARTESIAN_POINT ( 'NONE',  ( 22.47707047471185149, 55.01840921157653241, 11.02805668062124411 ) ) ;
#5627 = CARTESIAN_POINT ( 'NONE',  ( 7.668045776178654904, 44.12419802606025598, 12.19423879552192069 ) ) ;
#5628 = CARTESIAN_POINT ( 'NONE',  ( -6.999999999999990230, 104.9999999999999716, -17.50000000000000355 ) ) ;
#5629 = EDGE_LOOP ( 'NONE', ( #7316, #3320, #7932, #5586, #1894, #1348, #7040, #6621, #672 ) ) ;
#5632 = ORIENTED_EDGE ( 'NONE', *, *, #442, .T. ) ;
#5631 = DIRECTION ( 'NONE',  ( -1.000000000000000000, -0.000000000000000000, -0.000000000000000000 ) ) ;
#5630 = CARTESIAN_POINT ( 'NONE',  ( 25.63392297777652118, 0.2401048906784812031, 17.49983212482873185 ) ) ;
#5633 = CARTESIAN_POINT ( 'NONE',  ( 20.19617713117449753, 9.703440020249038511, 3.786434797894587145 ) ) ;
#5634 = DIRECTION ( 'NONE',  ( 0.000000000000000000, 0.000000000000000000, -1.000000000000000000 ) ) ;
#5635 = CARTESIAN_POINT ( 'NONE',  ( 13.50000000000000178, 115.0000000000000000, 3.499999999999996891 ) ) ;
#5636 = CARTESIAN_POINT ( 'NONE',  ( -19.00000000000000000, 5.561455489089373162E-16, -6.999999999999998224 ) ) ;
#5637 = PLANE ( 'NONE',  #738 ) ;
#5638 = DIRECTION ( 'NONE',  ( 1.000000000000000000, -0.000000000000000000, 0.000000000000000000 ) ) ;
#5639 = EDGE_CURVE ( 'NONE', #2209, #648, #4991, .T. ) ;
#5640 = VERTEX_POINT ( 'NONE', #586 ) ;
#5641 = ADVANCED_FACE ( 'NONE', ( #5054, #1352 ), #3710, .T. ) ;
#5643 = ORIENTED_EDGE ( 'NONE', *, *, #7455, .F. ) ;
#5642 = CARTESIAN_POINT ( 'NONE',  ( -19.28576358638530408, 60.87096406397622417, -17.50000000000000355 ) ) ;
#5644 = CARTESIAN_POINT ( 'NONE',  ( 24.00000000000000000, 0.000000000000000000, 0.000000000000000000 ) ) ;
#5645 = CARTESIAN_POINT ( 'NONE',  ( 21.63245102825263189, 5.757309919874348481, 15.44302891173018466 ) ) ;
#5646 = CARTESIAN_POINT ( 'NONE',  ( -27.00000000000000000, 0.000000000000000000, -15.50000000000001776 ) ) ;
#5647 = FACE_BOUND ( 'NONE', #7878, .T. ) ;
#5648 = EDGE_CURVE ( 'NONE', #211, #4604, #2827, .T. ) ;
#5649 = VERTEX_POINT ( 'NONE', #621 ) ;
#5650 = ADVANCED_FACE ( 'NONE', ( #3090 ), #7515, .F. ) ;
#5651 = CARTESIAN_POINT ( 'NONE',  ( 15.38724120948356955, 81.19261377896074805, -17.50000000000000000 ) ) ;
#5652 = VERTEX_POINT ( 'NONE', #3752 ) ;
#5653 = CARTESIAN_POINT ( 'NONE',  ( -23.32897011265799136, 1.096162043796951258, 15.55342433728288576 ) ) ;
#5654 = DIRECTION ( 'NONE',  ( 1.000000000000000000, -0.000000000000000000, 0.000000000000000000 ) ) ;
#5655 = CARTESIAN_POINT ( 'NONE',  ( -23.00000000000000000, 2.000000000000138112, 11.12715609645436921 ) ) ;
#5656 = ORIENTED_EDGE ( 'NONE', *, *, #7815, .T. ) ;
#5657 = CARTESIAN_POINT ( 'NONE',  ( 6.528899071611481197, 52.94402676411883135, 13.23122909268297320 ) ) ;
#5658 = CARTESIAN_POINT ( 'NONE',  ( 24.08256746376118329, 32.70230544423372976, 15.41888516381073160 ) ) ;
#5659 = EDGE_LOOP ( 'NONE', ( #7722, #6736, #2246, #130, #2405 ) ) ;
#5660 = CARTESIAN_POINT ( 'NONE',  ( 3.900415076419398108, 60.32328709881842599, -17.50000000000000355 ) ) ;
#5661 = FACE_OUTER_BOUND ( 'NONE', #5855, .T. ) ;
#5662 = CARTESIAN_POINT ( 'NONE',  ( 10.50000000000000178, 118.0000000000000142, 10.50000000000000178 ) ) ;
#5663 = CARTESIAN_POINT ( 'NONE',  ( -13.50000000000000178, 115.0000000000000000, 4.499999999999998224 ) ) ;
#5664 = CARTESIAN_POINT ( 'NONE',  ( 25.89936117685590133, 34.19718770411721920, 13.28258159728529186 ) ) ;
#5665 = CYLINDRICAL_SURFACE ( 'NONE', #3508, 1.000000000000000888 ) ;
#5666 = CARTESIAN_POINT ( 'NONE',  ( 9.790256434214619219, 38.29347216378064900, 12.82689011010872981 ) ) ;
#5667 = VERTEX_POINT ( 'NONE', #9 ) ;
#5668 = AXIS2_PLACEMENT_3D ( 'NONE', #105, #2579, #5389 ) ;
#5671 = ORIENTED_EDGE ( 'NONE', *, *, #4899, .F. ) ;
#5670 = CARTESIAN_POINT ( 'NONE',  ( 24.30844592636637813, 45.00917550897926844, -15.50000000000000533 ) ) ;
#5669 = CARTESIAN_POINT ( 'NONE',  ( 25.08817364900578895, 1.757943455720442305, 17.49041737154341192 ) ) ;
#5672 = CARTESIAN_POINT ( 'NONE',  ( 19.00000000000000000, 9.171340364085915908, 4.577009495957858221 ) ) ;
#5673 = DIRECTION ( 'NONE',  ( 0.000000000000000000, 0.000000000000000000, -1.000000000000000000 ) ) ;
#5674 = CARTESIAN_POINT ( 'NONE',  ( -19.96202963901721716, 57.68583379322009819, 12.69797608415447243 ) ) ;
#5675 = VECTOR ( 'NONE', #2079, 1000.000000000000000 ) ;
#5676 = CARTESIAN_POINT ( 'NONE',  ( 3.752921755017233796, 97.23474335767738808, 6.499999999999993783 ) ) ;
#5677 = DIRECTION ( 'NONE',  ( 1.000000000000000000, -0.000000000000000000, 0.000000000000000000 ) ) ;
#5678 = CYLINDRICAL_SURFACE ( 'NONE', #5668, 1.000000000000000888 ) ;
#5679 = CARTESIAN_POINT ( 'NONE',  ( -6.601479018394288190, 52.74457727913903682, 13.25364555513751696 ) ) ;
#5680 = EDGE_LOOP ( 'NONE', ( #1881, #2257, #5185, #6360 ) ) ;
#5681 = B_SPLINE_CURVE_WITH_KNOTS ( 'NONE', 1,
 ( #1829, #1862 ),
 .UNSPECIFIED., .F., .F.,
 ( 2, 2 ),
 ( 0.000000000000000000, 1.000000000000000000 ),
 .UNSPECIFIED. ) ;
#5683 = ORIENTED_EDGE ( 'NONE', *, *, #3128, .F. ) ;
#5682 = CARTESIAN_POINT ( 'NONE',  ( -17.01767069013414968, 72.31829212508255011, -17.50000000000000355 ) ) ;
#5684 = CARTESIAN_POINT ( 'NONE',  ( -26.33096181283805848, 30.28806460797830624, 13.66716528814874643 ) ) ;
#5685 = CARTESIAN_POINT ( 'NONE',  ( -5.000000000000002665, 103.0000000000000142, -15.50000000000001776 ) ) ;
#5686 = EDGE_CURVE ( 'NONE', #6584, #1202, #3130, .T. ) ;
#5687 = LINE ( 'NONE', #115, #3468 ) ;
#5688 = CARTESIAN_POINT ( 'NONE',  ( -17.06626850605881529, 83.22174112109976818, -15.50000000000001776 ) ) ;
#5689 = ORIENTED_EDGE ( 'NONE', *, *, #3368, .F. ) ;
#5690 = CARTESIAN_POINT ( 'NONE',  ( -3.916068361313671531, 60.12172718027888152, 12.42485724650967072 ) ) ;
#5691 = AXIS2_PLACEMENT_3D ( 'NONE', #1041, #431, #2897 ) ;
#5692 = VERTEX_POINT ( 'NONE', #49 ) ;
#5693 = CARTESIAN_POINT ( 'NONE',  ( -13.58215831771789439, 93.49660641744760881, 9.168065285898142847 ) ) ;
#5694 = CYLINDRICAL_SURFACE ( 'NONE', #5752, 1.000000000000000888 ) ;
#5695 = VERTEX_POINT ( 'NONE', #2521 ) ;
#5696 = VECTOR ( 'NONE', #349, 1000.000000000000000 ) ;
#5697 = CARTESIAN_POINT ( 'NONE',  ( 11.76758478234889260, 38.53855647672474305, 14.81639122487269056 ) ) ;
#5698 = CARTESIAN_POINT ( 'NONE',  ( 21.20069190228139178, 51.24688520390077429, 13.42181726002775299 ) ) ;
#5699 = EDGE_CURVE ( 'NONE', #1023, #742, #3878, .T. ) ;
#5700 = ADVANCED_FACE ( 'NONE', ( #5548 ), #1309, .T. ) ;
#5701 = VECTOR ( 'NONE', #1442, 1000.000000000000000 ) ;
#5702 = VERTEX_POINT ( 'NONE', #5660 ) ;
#5703 = DIRECTION ( 'NONE',  ( 1.000000000000000000, -0.000000000000000000, 0.000000000000000000 ) ) ;
#5704 = CARTESIAN_POINT ( 'NONE',  ( 3.000000000000009770, 100.9119286464099616, 8.729672594973601818 ) ) ;
#5705 = CARTESIAN_POINT ( 'NONE',  ( -32.97687763316800158, 8.000000000000000000, -1.000000000000000888 ) ) ;
#5706 = FACE_OUTER_BOUND ( 'NONE', #5629, .T. ) ;
#5707 = CARTESIAN_POINT ( 'NONE',  ( 26.59574565021267745, 27.32352538429190147, 13.94531702923357841 ) ) ;
#5708 = DIRECTION ( 'NONE',  ( 1.000000000000000000, 0.000000000000000000, 0.000000000000000000 ) ) ;
#5709 = CIRCLE ( 'NONE', #4932, 11.25000000000000000 ) ;
#5710 = CARTESIAN_POINT ( 'NONE',  ( 17.96320268577340684, 15.83848688720710562, 14.89165447449652646 ) ) ;
#5711 = ORIENTED_EDGE ( 'NONE', *, *, #2354, .F. ) ;
#5714 = EDGE_LOOP ( 'NONE', ( #118, #3013, #1550, #928, #1359, #2718, #8010, #2517, #7466, #4215 ) ) ;
#5713 = CARTESIAN_POINT ( 'NONE',  ( 6.999999999999957367, 104.9999999999999716, -17.50000000000000355 ) ) ;
#5712 = CARTESIAN_POINT ( 'NONE',  ( 15.41086773467614357, 28.50752182002784352, 15.83231610319012184 ) ) ;
#5715 = CARTESIAN_POINT ( 'NONE',  ( 19.00000000000000000, 9.171340364085864394, -4.577009495957957697 ) ) ;
#5716 = DIRECTION ( 'NONE',  ( 0.7071067811865492381, 0.7071067811865457964, -0.000000000000000000 ) ) ;
#5717 = CARTESIAN_POINT ( 'NONE',  ( -19.85823615745139037, 58.21130613909749485, 12.63898696296136137 ) ) ;
#5718 = DIRECTION ( 'NONE',  ( 0.000000000000000000, 0.8947649135693539479, -0.4465375118007743338 ) ) ;
#5719 = CARTESIAN_POINT ( 'NONE',  ( 20.99999999999999645, 4.336808689942017736E-16, -8.000000000000000000 ) ) ;
#5720 = CARTESIAN_POINT ( 'NONE',  ( -17.08349862152211074, 23.89686658592490787, 16.24665925534590727 ) ) ;
#5721 = EDGE_LOOP ( 'NONE', ( #1811, #2115, #3444, #1803 ) ) ;
#5723 = VERTEX_POINT ( 'NONE', #2446 ) ;
#5722 = CARTESIAN_POINT ( 'NONE',  ( -19.28785464370873015, 60.86048079990168702, -17.50000000000000355 ) ) ;
#5724 = CARTESIAN_POINT ( 'NONE',  ( -25.88057501558514062, 34.33078305794981588, 13.26861796386955383 ) ) ;
#5725 = CARTESIAN_POINT ( 'NONE',  ( 22.56715198169845848, 54.56834950990666755, -15.50000000000001954 ) ) ;
#5726 = DIRECTION ( 'NONE',  ( 1.000000000000000000, 0.000000000000000000, 0.000000000000000000 ) ) ;
#5727 = CARTESIAN_POINT ( 'NONE',  ( 27.00000000000000000, 0.000000000000000000, -15.50000000000001776 ) ) ;
#5728 = ORIENTED_EDGE ( 'NONE', *, *, #7024, .T. ) ;
#5729 = CARTESIAN_POINT ( 'NONE',  ( 12.51853155347466640, 107.6044490009883390, -17.50000000000000000 ) ) ;
#5730 = ORIENTED_EDGE ( 'NONE', *, *, #784, .F. ) ;
#5731 = DIRECTION ( 'NONE',  ( 1.000000000000000000, -0.000000000000000000, 0.000000000000000000 ) ) ;
#5732 = FACE_BOUND ( 'NONE', #3595, .T. ) ;
#5733 = ORIENTED_EDGE ( 'NONE', *, *, #7511, .F. ) ;
#5734 = CARTESIAN_POINT ( 'NONE',  ( 9.174995482660417423, 45.67019786629209932, 14.04321945471233057 ) ) ;
#5735 = CARTESIAN_POINT ( 'NONE',  ( 18.18281964734592293, 66.60919195711686314, 11.70630400535152660 ) ) ;
#5736 = AXIS2_PLACEMENT_3D ( 'NONE', #6800, #1858, #3150 ) ;
#5737 = AXIS2_PLACEMENT_3D ( 'NONE', #6622, #2234, #6021 ) ;
#5738 = ADVANCED_FACE ( 'NONE', ( #6901 ), #6464, .T. ) ;
#5739 = ORIENTED_EDGE ( 'NONE', *, *, #3018, .T. ) ;
#5740 = AXIS2_PLACEMENT_3D ( 'NONE', #3650, #1887, #6123 ) ;
#5741 = EDGE_CURVE ( 'NONE', #7512, #7401, #4217, .T. ) ;
#5742 = CYLINDRICAL_SURFACE ( 'NONE', #1800, 1.000000000000000666 ) ;
#5743 = CARTESIAN_POINT ( 'NONE',  ( 23.00000000000000000, 1.999999999999962697, -11.10857978073465269 ) ) ;
#5744 = CARTESIAN_POINT ( 'NONE',  ( 15.41971819921472253, 81.00428842218101977, -17.50000000000000711 ) ) ;
#5745 = FACE_OUTER_BOUND ( 'NONE', #3399, .T. ) ;
#5746 = CARTESIAN_POINT ( 'NONE',  ( -19.79898187162861234, 10.79472502696515157, 4.248884736632907888 ) ) ;
#5747 = CARTESIAN_POINT ( 'NONE',  ( 26.41562620430623554, 29.37563154933629761, 13.75347470230783742 ) ) ;
#5748 = APPROVAL_ROLE ( '' ) ;
#5749 = CARTESIAN_POINT ( 'NONE',  ( 17.88892439862849315, 16.04256480389351580, 14.87716988746089086 ) ) ;
#5750 = CIRCLE ( 'NONE', #1595, 1.000000000000000888 ) ;
#5751 = VERTEX_POINT ( 'NONE', #3835 ) ;
#5752 = AXIS2_PLACEMENT_3D ( 'NONE', #2593, #1794, #4279 ) ;
#5753 = ADVANCED_FACE ( 'NONE', ( #3919 ), #6390, .F. ) ;
#5756 = ORIENTED_EDGE ( 'NONE', *, *, #3311, .F. ) ;
#5755 = CARTESIAN_POINT ( 'NONE',  ( 14.68975697910451039, 103.3950861876987801, -15.50000000000000711 ) ) ;
#5754 = CARTESIAN_POINT ( 'NONE',  ( 1.104275884611018332, 62.15800758963806771, 10.17740068780759799 ) ) ;
#5757 = CARTESIAN_POINT ( 'NONE',  ( 18.99999999995299405, 10.13425006710184384, 1.587094389818626938 ) ) ;
#5758 = CARTESIAN_POINT ( 'NONE',  ( 14.50000000000000178, 109.5333863415556834, 6.500026420756559453 ) ) ;
#5759 = CARTESIAN_POINT ( 'NONE',  ( -20.93272112582184974, 52.67170308566664261, 13.26183507127393746 ) ) ;
#5760 = CARTESIAN_POINT ( 'NONE',  ( 21.94059561800188973, 48.55791397368845708, -15.50000000000000533 ) ) ;
#5761 = CARTESIAN_POINT ( 'NONE',  ( -24.99999999999998224, 0.6685151106136848487, 17.49999743692024623 ) ) ;
#5762 = CARTESIAN_POINT ( 'NONE',  ( -12.21890454591873798, 37.29652376195943475, 14.94740020077508369 ) ) ;
#5763 = ORIENTED_EDGE ( 'NONE', *, *, #7125, .T. ) ;
#5765 = ORIENTED_EDGE ( 'NONE', *, *, #3814, .F. ) ;
#5764 = CARTESIAN_POINT ( 'NONE',  ( -16.48414150190193794, 75.11802619834314498, -17.50000000000000711 ) ) ;
#5766 = CARTESIAN_POINT ( 'NONE',  ( -23.18681206776344439, 51.28333290628665964, 11.44627001384635889 ) ) ;
#5767 = CARTESIAN_POINT ( 'NONE',  ( 15.90810947035747525, 90.84986917765353098, -15.50000000000001599 ) ) ;
#5768 = CARTESIAN_POINT ( 'NONE',  ( 1.016906865227782762E-15, 118.0000000000000142, 8.499999999999994671 ) ) ;
#5769 = ORIENTED_EDGE ( 'NONE', *, *, #1466, .F. ) ;
#5770 = CARTESIAN_POINT ( 'NONE',  ( 14.66748635398074008, 103.8096248352791662, -15.50000000000000533 ) ) ;
#5771 = VERTEX_POINT ( 'NONE', #1478 ) ;
#5772 = DIRECTION ( 'NONE',  ( 0.000000000000000000, 0.000000000000000000, -1.000000000000000000 ) ) ;
#5773 = CARTESIAN_POINT ( 'NONE',  ( 11.50000000000000355, 115.0000000000000000, -12.50000000000000355 ) ) ;
#5774 = EDGE_LOOP ( 'NONE', ( #754, #6883, #1977, #7653 ) ) ;
#5775 = CARTESIAN_POINT ( 'NONE',  ( 9.166085077215376131, 45.69469974064455187, 14.04051334922027472 ) ) ;
#5776 = CARTESIAN_POINT ( 'NONE',  ( 18.36145132166002725, 65.71442123329195795, 11.80430002309165971 ) ) ;
#5777 = ORIENTED_EDGE ( 'NONE', *, *, #5639, .T. ) ;
#5778 = CARTESIAN_POINT ( 'NONE',  ( -13.50000000000000178, 115.0000000000000000, 5.749999999999997335 ) ) ;
#5779 = LINE ( 'NONE', #908, #1547 ) ;
#5780 = CARTESIAN_POINT ( 'NONE',  ( 18.70674391172900997, 63.76825200308440600, -17.50000000000001066 ) ) ;
#5781 = CARTESIAN_POINT ( 'NONE',  ( 20.54843111946205525, 8.735630141515473568, -8.374867008045049133 ) ) ;
#5782 = CARTESIAN_POINT ( 'NONE',  ( 0.000000000000000000, 113.0000000000000000, -14.50000000000000533 ) ) ;
#5783 = CARTESIAN_POINT ( 'NONE',  ( 26.83411374098296065, 23.66019489616102334, 14.26875158650738662 ) ) ;
#5784 = CALENDAR_DATE ( 2026, 7, 1 ) ;
#5785 = EDGE_CURVE ( 'NONE', #659, #3225, #7587, .T. ) ;
#5786 = CARTESIAN_POINT ( 'NONE',  ( 17.91370607665121995, 15.97447770310986570, 14.88201293926876012 ) ) ;
#5787 = ORIENTED_EDGE ( 'NONE', *, *, #3052, .T. ) ;
#5788 = EDGE_CURVE ( 'NONE', #6699, #3632, #5299, .T. ) ;
#5790 = ORIENTED_EDGE ( 'NONE', *, *, #6338, .T. ) ;
#5789 = CARTESIAN_POINT ( 'NONE',  ( 12.75447877633312466, 102.2812242287631790, 8.667991143172471880 ) ) ;
#5791 = CARTESIAN_POINT ( 'NONE',  ( 19.91008012616630651, 10.48948508128214741, -1.592394240163331753 ) ) ;
#5792 = CARTESIAN_POINT ( 'NONE',  ( 14.68998644001338327, 103.3368800576285054, 6.629941952666292160 ) ) ;
#5793 = CARTESIAN_POINT ( 'NONE',  ( -24.02915964545866956, 33.18663638554736650, 15.37066898152118810 ) ) ;
#5794 = EDGE_CURVE ( 'NONE', #659, #3876, #3489, .T. ) ;
#5795 = DIRECTION ( 'NONE',  ( -0.000000000000000000, -0.000000000000000000, -1.000000000000000000 ) ) ;
#5796 = CARTESIAN_POINT ( 'NONE',  ( 26.99999999999998579, 16.04357025399601255, 14.86181125079148302 ) ) ;
#5797 = CARTESIAN_POINT ( 'NONE',  ( -14.44795320089567170, 31.15960097729895040, 15.57177292334153940 ) ) ;
#5798 = EDGE_CURVE ( 'NONE', #579, #4358, #3719, .T. ) ;
#5799 = EDGE_CURVE ( 'NONE', #7038, #6197, #3088, .T. ) ;
#5800 = ORIENTED_EDGE ( 'NONE', *, *, #186, .T. ) ;
#5802 = VERTEX_POINT ( 'NONE', #5778 ) ;
#5801 = CARTESIAN_POINT ( 'NONE',  ( 3.000000000000009770, 100.9119286464099616, 8.729672594973601818 ) ) ;
#5803 = AXIS2_PLACEMENT_3D ( 'NONE', #4988, #1889, #4377 ) ;
#5804 = CARTESIAN_POINT ( 'NONE',  ( -24.94776894059946670, 41.03893034604126200, 12.57034000718139310 ) ) ;
#5805 = CARTESIAN_POINT ( 'NONE',  ( 24.60588523083598744, 27.23172515304435848, -17.50000000000000711 ) ) ;
#5806 = CARTESIAN_POINT ( 'NONE',  ( -23.00000000000000000, 2.000000000000140332, 11.10857978073462071 ) ) ;
#5807 = CYLINDRICAL_SURFACE ( 'NONE', #3928, 10.25000000000000000 ) ;
#5808 = AXIS2_PLACEMENT_3D ( 'NONE', #3117, #1784, #7417 ) ;
#5809 = EDGE_LOOP ( 'NONE', ( #6817, #446 ) ) ;
#5810 = DIRECTION ( 'NONE',  ( -0.7071067811865457964, -0.7071067811865492381, 0.000000000000000000 ) ) ;
#5811 = ORIENTED_EDGE ( 'NONE', *, *, #1029, .F. ) ;
#5812 = CARTESIAN_POINT ( 'NONE',  ( -4.378282169061861850, 104.3782821690618476, 6.532931476014931960 ) ) ;
#5813 = CARTESIAN_POINT ( 'NONE',  ( 19.00000000000000000, 9.171340364085935448, 4.577009495957821805 ) ) ;
#5814 = VERTEX_POINT ( 'NONE', #3340 ) ;
#5815 = CARTESIAN_POINT ( 'NONE',  ( 17.54612005485122594, 22.62128455126997295, 16.35755482088984891 ) ) ;
#5816 = CARTESIAN_POINT ( 'NONE',  ( 19.90431107081662176, 57.97793317144670766, 12.66518845437214402 ) ) ;
#5817 = ORIENTED_EDGE ( 'NONE', *, *, #1315, .F. ) ;
#5818 = AXIS2_PLACEMENT_3D ( 'NONE', #5011, #7551, #7394 ) ;
#5819 = CARTESIAN_POINT ( 'NONE',  ( 23.01805206821790861, 1.950402350197001811, 15.50573185215482219 ) ) ;
#5820 = DIRECTION ( 'NONE',  ( 0.000000000000000000, 0.000000000000000000, -1.000000000000000000 ) ) ;
#5821 = CARTESIAN_POINT ( 'NONE',  ( 15.42273868279856686, 80.98680131992415454, -17.50000000000000000 ) ) ;
#5822 = CARTESIAN_POINT ( 'NONE',  ( -3.764723385721975291, 54.84848815469135985, 10.99571790190843679 ) ) ;
#5823 = CARTESIAN_POINT ( 'NONE',  ( -19.70120647186286078, 11.06336072999969034, 3.430725273999323921 ) ) ;
#5824 = CARTESIAN_POINT ( 'NONE',  ( -20.35407784698512756, 9.269611369043046167, 4.380095586301657740 ) ) ;
#5825 = CARTESIAN_POINT ( 'NONE',  ( -20.99999999999999645, 4.336808689942017736E-16, -6.000000000000000000 ) ) ;
#5826 = CARTESIAN_POINT ( 'NONE',  ( 5.062159019909832303, 51.28381304656455342, 11.39656914801069654 ) ) ;
#5827 = CIRCLE ( 'NONE', #6341, 2.000000000000000000 ) ;
#5828 = ORIENTED_EDGE ( 'NONE', *, *, #1228, .T. ) ;
#5829 = AXIS2_PLACEMENT_3D ( 'NONE', #4697, #4619, #7077 ) ;
#5830 = ADVANCED_FACE ( 'NONE', ( #7634 ), #260, .T. ) ;
#5831 = AXIS2_PLACEMENT_3D ( 'NONE', #2117, #6391, #5820 ) ;
#5833 = VERTEX_POINT ( 'NONE', #6505 ) ;
#5832 = CARTESIAN_POINT ( 'NONE',  ( 13.45515969759198072, 94.55494143170298571, 9.093897696755121274 ) ) ;
#5834 = CARTESIAN_POINT ( 'NONE',  ( 27.00000000000002842, 17.50000000000001066, -15.50000000000001776 ) ) ;
#5835 = CARTESIAN_POINT ( 'NONE',  ( 15.22662311170620164, 96.63878287479839457, 6.968306740990119152 ) ) ;
#5836 = CARTESIAN_POINT ( 'NONE',  ( -22.90722432965607780, 41.36139607395726614, 14.51427028046220968 ) ) ;
#5837 = CARTESIAN_POINT ( 'NONE',  ( -13.34314575050761675, -1.517883041479706208E-15, 8.000000000000000000 ) ) ;
#5838 = CARTESIAN_POINT ( 'NONE',  ( -13.50000000000000178, 115.0000000000000000, -12.50000000000000355 ) ) ;
#5839 = CARTESIAN_POINT ( 'NONE',  ( -6.969408682376836417, 51.73343938190544833, 13.36722897149541467 ) ) ;
#5840 = ORIENTED_EDGE ( 'NONE', *, *, #2306, .T. ) ;
#5841 = ADVANCED_FACE ( 'NONE', ( #212 ), #3422, .T. ) ;
#5843 = VERTEX_POINT ( 'NONE', #3256 ) ;
#5842 = CARTESIAN_POINT ( 'NONE',  ( -15.49359440539667077, 80.57839346047241236, -17.50000000000000000 ) ) ;
#5844 = APPROVAL ( #6867, 'UNSPECIFIED' ) ;
#5845 = CARTESIAN_POINT ( 'NONE',  ( -22.56932378908012282, 54.53991334798428881, 11.08168732123844968 ) ) ;
#5846 = EDGE_CURVE ( 'NONE', #2538, #839, #1514, .T. ) ;
#5847 = CARTESIAN_POINT ( 'NONE',  ( 25.52139472162368961, 37.17148546890041416, -15.50000000000001954 ) ) ;
#5848 = DIRECTION ( 'NONE',  ( 0.000000000000000000, 1.000000000000000000, 0.000000000000000000 ) ) ;
#5849 = DIRECTION ( 'NONE',  ( 0.000000000000000000, 0.000000000000000000, -1.000000000000000000 ) ) ;
#5850 = EDGE_LOOP ( 'NONE', ( #1421, #6985 ) ) ;
#5851 = ORIENTED_EDGE ( 'NONE', *, *, #7421, .F. ) ;
#5852 = ORIENTED_EDGE ( 'NONE', *, *, #7215, .F. ) ;
#5853 = CARTESIAN_POINT ( 'NONE',  ( -12.53642114506793348, 107.1664343139818953, 8.525177854595220595 ) ) ;
#5854 = DIRECTION ( 'NONE',  ( 1.000000000000000000, -0.000000000000000000, 0.000000000000000000 ) ) ;
#5855 = EDGE_LOOP ( 'NONE', ( #7525, #2175, #1151, #3669 ) ) ;
#5856 = CARTESIAN_POINT ( 'NONE',  ( 16.02272053389001982, 26.82097141837346399, 15.98520440763765293 ) ) ;
#5857 = CARTESIAN_POINT ( 'NONE',  ( 17.38509179023798623, 70.63908201370014694, 11.27091527743830746 ) ) ;
#5858 = ORIENTED_EDGE ( 'NONE', *, *, #3867, .F. ) ;
#5859 = FACE_OUTER_BOUND ( 'NONE', #3636, .T. ) ;
#5860 = CARTESIAN_POINT ( 'NONE',  ( -20.99999999999999645, 8.000000000000000000, 0.000000000000000000 ) ) ;
#5861 = CARTESIAN_POINT ( 'NONE',  ( 16.92694252544973565, 72.78914112057603347, -17.50000000000000711 ) ) ;
#5862 = CARTESIAN_POINT ( 'NONE',  ( 24.99999999999998579, 0.7097773511483130848, 17.49999727872125632 ) ) ;
#5863 = CARTESIAN_POINT ( 'NONE',  ( -19.53928460879057027, 11.50823739250677491, -0.4359743177649160195 ) ) ;
#5864 = CARTESIAN_POINT ( 'NONE',  ( 19.93969262078590887, 10.40812542098089466, -5.023547007758739191 ) ) ;
#5865 = DATE_TIME_ROLE ( 'classification_date' ) ;
#5866 = CARTESIAN_POINT ( 'NONE',  ( -4.770117791008367192, 57.93379852884686443, -17.50000000000000355 ) ) ;
#5867 = ORIENTED_EDGE ( 'NONE', *, *, #4955, .T. ) ;
#5868 = VECTOR ( 'NONE', #3161, 1000.000000000000000 ) ;
#5870 = ORIENTED_EDGE ( 'NONE', *, *, #1074, .T. ) ;
#5869 = CARTESIAN_POINT ( 'NONE',  ( 17.19387045624513632, 71.55039440197609224, 11.16703123563119426 ) ) ;
#5871 = CARTESIAN_POINT ( 'NONE',  ( -14.54033769746436455, 107.0068433970012478, 6.528600058078664503 ) ) ;
#5872 = CARTESIAN_POINT ( 'NONE',  ( -25.87481984496836063, 34.37556043253100313, -15.50000000000000533 ) ) ;
#5873 = CARTESIAN_POINT ( 'NONE',  ( -19.00000000000000000, 0.000000000000000000, 0.000000000000000000 ) ) ;
#5874 = DIRECTION ( 'NONE',  ( 1.000000000000000000, -0.000000000000000000, -0.000000000000000000 ) ) ;
#5875 = CARTESIAN_POINT ( 'NONE',  ( -12.75447877633312643, 102.2812242287631079, 8.667991143172470103 ) ) ;
#5876 = CIRCLE ( 'NONE', #6258, 10.25000000000000000 ) ;
#5877 = CARTESIAN_POINT ( 'NONE',  ( 26.99999999999999645, 7.298483643979159829, 15.34972193945405827 ) ) ;
#5878 = CARTESIAN_POINT ( 'NONE',  ( -5.384820565123211722, 56.08748417960637056, 12.87766743291656724 ) ) ;
#5879 = VERTEX_POINT ( 'NONE', #7753 ) ;
#5880 = B_SPLINE_CURVE_WITH_KNOTS ( 'NONE', 3,
 ( #4283, #7990, #3171, #6145 ),
 .UNSPECIFIED., .F., .F.,
 ( 4, 4 ),
 ( 0.000000000000000000, 1.000000000000000000 ),
 .UNSPECIFIED. ) ;
#5882 = EDGE_LOOP ( 'NONE', ( #2654, #6923 ) ) ;
#5881 = CARTESIAN_POINT ( 'NONE',  ( -13.13316554780345413, 97.50954319838726292, -17.50000000000000711 ) ) ;
#5883 = CARTESIAN_POINT ( 'NONE',  ( -22.93595135350987135, 52.61893629602945310, 11.29694027346471685 ) ) ;
#5884 = FACE_OUTER_BOUND ( 'NONE', #2135, .T. ) ;
#5885 = CARTESIAN_POINT ( 'NONE',  ( 23.00000000000000000, 1.995477668849319874, -11.07161094299847903 ) ) ;
#5886 = LINE ( 'NONE', #3576, #475 ) ;
#5887 = EDGE_CURVE ( 'NONE', #4097, #7800, #5257, .T. ) ;
#5888 = CARTESIAN_POINT ( 'NONE',  ( -25.00000000000001776, 12.06930275248911677, 17.15864327236954523 ) ) ;
#5889 = VECTOR ( 'NONE', #5002, 1000.000000000000114 ) ;
#5890 = ADVANCED_FACE ( 'NONE', ( #5859 ), #7631, .F. ) ;
#5891 = CARTESIAN_POINT ( 'NONE',  ( -24.99998704806151295, 18.44851702339282795, -17.50000000000001066 ) ) ;
#5892 = ORIENTED_EDGE ( 'NONE', *, *, #1673, .T. ) ;
#5893 = DIRECTION ( 'NONE',  ( 0.7071067811865474617, 0.000000000000000000, -0.7071067811865474617 ) ) ;
#5894 = CARTESIAN_POINT ( 'NONE',  ( -18.70724751400896935, 63.98557466303073227, 11.99482272798898030 ) ) ;
#5895 = EDGE_LOOP ( 'NONE', ( #4382, #2704, #2584, #2237 ) ) ;
#5896 = FACE_OUTER_BOUND ( 'NONE', #5127, .T. ) ;
#5897 = ADVANCED_FACE ( 'NONE', ( #786 ), #5742, .F. ) ;
#5898 = CARTESIAN_POINT ( 'NONE',  ( 19.30350910550767196, 61.00383855230539609, 12.32626307560595258 ) ) ;
#5899 = EDGE_CURVE ( 'NONE', #6673, #1538, #5827, .T. ) ;
#5900 = EDGE_LOOP ( 'NONE', ( #5077, #5042, #5321, #5562 ) ) ;
#5901 = CARTESIAN_POINT ( 'NONE',  ( -10.00000000000000533, 46.35637396795941356, 6.499999999999993783 ) ) ;
#5902 = CARTESIAN_POINT ( 'NONE',  ( -25.45198046684590309, 0.7463242154536154915, 17.49826457190775386 ) ) ;
#5903 = CARTESIAN_POINT ( 'NONE',  ( 19.17524503798137303, 61.42456798491606662, -17.50000000000000355 ) ) ;
#5904 = CARTESIAN_POINT ( 'NONE',  ( 13.50000000000000178, 115.0000000000000000, 5.749999999999997335 ) ) ;
#5905 = PLANE ( 'NONE',  #2164 ) ;
#5906 = CARTESIAN_POINT ( 'NONE',  ( 23.07119008560711748, 1.804406847305369155, -10.09619818206439845 ) ) ;
#5907 = FACE_OUTER_BOUND ( 'NONE', #1605, .T. ) ;
#5908 = VERTEX_POINT ( 'NONE', #5383 ) ;
#5910 = ORIENTED_EDGE ( 'NONE', *, *, #2762, .T. ) ;
#5909 = CARTESIAN_POINT ( 'NONE',  ( 22.35319928180282645, 44.81042491546255491, 14.13878435467039907 ) ) ;
#5911 = CARTESIAN_POINT ( 'NONE',  ( -14.66546468239825352, 103.8466188841001383, 6.613535626103508314 ) ) ;
#5912 = CARTESIAN_POINT ( 'NONE',  ( 15.67031649638277457, 92.75937071301365222, 7.233466263529577667 ) ) ;
#5913 = DIRECTION ( 'NONE',  ( 0.000000000000000000, 0.000000000000000000, -1.000000000000000000 ) ) ;
#5914 = DIRECTION ( 'NONE',  ( 1.000000000000000000, 0.000000000000000000, 0.000000000000000000 ) ) ;
#5915 = CARTESIAN_POINT ( 'NONE',  ( -14.20185589061108367, 88.77366468580547121, 9.524478373646461549 ) ) ;
#5916 = CARTESIAN_POINT ( 'NONE',  ( 26.99999999999999645, 14.58680092588144994, 14.96063251557904827 ) ) ;
#5917 = CARTESIAN_POINT ( 'NONE',  ( -5.270702090338142298, 56.40099449382273633, 12.84240955176959886 ) ) ;
#5918 = ORIENTED_EDGE ( 'NONE', *, *, #7709, .F. ) ;
#5920 = ORIENTED_EDGE ( 'NONE', *, *, #6815, .F. ) ;
#5919 = CARTESIAN_POINT ( 'NONE',  ( -15.43021826689235709, 80.94396181374912658, -17.50000000000000000 ) ) ;
#5921 = CARTESIAN_POINT ( 'NONE',  ( -25.32079759102868621, 38.53713947752239477, 12.83550203995350891 ) ) ;
#5922 = LINE ( 'NONE', #6011, #4380 ) ;
#5923 = CARTESIAN_POINT ( 'NONE',  ( 22.00000000000000000, 1.661568750910032755, -10.11442975584878390 ) ) ;
#5924 = CARTESIAN_POINT ( 'NONE',  ( -25.00000000000001421, 2.002958818476520797, 17.48720246861695315 ) ) ;
#5925 = CARTESIAN_POINT ( 'NONE',  ( -14.19338723265479452, 88.66954369440497885, -17.50000000000000000 ) ) ;
#5926 = VECTOR ( 'NONE', #4169, 1000.000000000000000 ) ;
#5927 = ADVANCED_FACE ( 'NONE', ( #4730 ), #4117, .F. ) ;
#5928 = EDGE_LOOP ( 'NONE', ( #7356, #2049, #2007, #6351, #4046, #2413 ) ) ;
#5929 = EDGE_LOOP ( 'NONE', ( #2716, #4004 ) ) ;
#5930 = DIRECTION ( 'NONE',  ( -0.000000000000000000, -0.000000000000000000, -1.000000000000000000 ) ) ;
#5931 = CARTESIAN_POINT ( 'NONE',  ( -18.10299040314933094, 67.00970073329348509, 11.66257673365077352 ) ) ;
#5932 = DIRECTION ( 'NONE',  ( 0.7071067811865492381, 0.7071067811865457964, -0.000000000000000000 ) ) ;
#5933 = ORIENTED_EDGE ( 'NONE', *, *, #5554, .F. ) ;
#5934 = CARTESIAN_POINT ( 'NONE',  ( 22.37659685724329961, 3.712786057941163786, 10.77126588245065975 ) ) ;
#5935 = CARTESIAN_POINT ( 'NONE',  ( 17.03259577502518596, 72.44992684631927204, 11.07929825298495352 ) ) ;
#5936 = VECTOR ( 'NONE', #6874, 1000.000000000000000 ) ;
#5937 = APPLICATION_CONTEXT ( 'configuration controlled 3d designs of mechanical parts and assemblies' ) ;
#5938 = ORIENTED_EDGE ( 'NONE', *, *, #7823, .T. ) ;
#5939 = EDGE_CURVE ( 'NONE', #1322, #648, #2268, .T. ) ;
#5940 = VECTOR ( 'NONE', #3781, 1000.000000000000000 ) ;
#5941 = AXIS2_PLACEMENT_3D ( 'NONE', #2146, #2029, #7096 ) ;
#5942 = CARTESIAN_POINT ( 'NONE',  ( 7.184959519165659891, 105.0590618706626316, 8.573399160350140491 ) ) ;
#5943 = DIRECTION ( 'NONE',  ( 0.3420201433256754298, -0.9396926207859059854, 9.860761315262649757E-32 ) ) ;
#5944 = CARTESIAN_POINT ( 'NONE',  ( 19.39048345587028166, 60.34589019747267713, -17.49999999999999645 ) ) ;
#5945 = CARTESIAN_POINT ( 'NONE',  ( -7.529851207855412731, 44.50388448201960045, 12.15239535412758798 ) ) ;
#5946 = EDGE_CURVE ( 'NONE', #2867, #648, #923, .T. ) ;
#5947 = CARTESIAN_POINT ( 'NONE',  ( -24.00000000000000000, -1.517883041479706208E-15, 6.999999999999998224 ) ) ;
#5948 = CARTESIAN_POINT ( 'NONE',  ( 19.54701879721724467, 11.48698788444671948, -0.8624590587362964689 ) ) ;
#5949 = EDGE_CURVE ( 'NONE', #4829, #1750, #5957, .T. ) ;
#5950 = CARTESIAN_POINT ( 'NONE',  ( 4.999999999999997335, 118.0000000000000142, 22.73723446728292785 ) ) ;
#5951 = VECTOR ( 'NONE', #5601, 1000.000000000000000 ) ;
#5952 = ORIENTED_EDGE ( 'NONE', *, *, #185, .F. ) ;
#5953 = AXIS2_PLACEMENT_3D ( 'NONE', #5588, #1954, #4440 ) ;
#5955 = ORIENTED_EDGE ( 'NONE', *, *, #725, .F. ) ;
#5954 = CARTESIAN_POINT ( 'NONE',  ( 26.23515402209166680, 31.32061536042252925, 13.56949349873248778 ) ) ;
#5956 = CARTESIAN_POINT ( 'NONE',  ( 26.76381413577441748, 25.79475370189646100, -15.50000000000001776 ) ) ;
#5957 = CIRCLE ( 'NONE', #634, 1.000000000000000888 ) ;
#5958 = CARTESIAN_POINT ( 'NONE',  ( 16.40594844545055508, 87.42172197726678462, 7.658328920516408900 ) ) ;
#5959 = CARTESIAN_POINT ( 'NONE',  ( 14.50000000000000000, 109.3345452264985482, -15.50000000000001776 ) ) ;
#5960 = CARTESIAN_POINT ( 'NONE',  ( -14.50000000000000000, 110.0000000000000000, 6.500000000000005329 ) ) ;
#5961 = DIRECTION ( 'NONE',  ( 1.000000000000000000, -0.000000000000000000, 0.000000000000000000 ) ) ;
#5962 = PLANE ( 'NONE',  #7886 ) ;
#5963 = AXIS2_PLACEMENT_3D ( 'NONE', #3598, #7358, #7283 ) ;
#5964 = CARTESIAN_POINT ( 'NONE',  ( -20.54843111946205525, 8.735630141515478897, -8.374867008045042027 ) ) ;
#5965 = VERTEX_POINT ( 'NONE', #6700 ) ;
#5966 = AXIS2_PLACEMENT_3D ( 'NONE', #2642, #5258, #2038 ) ;
#5968 = ORIENTED_EDGE ( 'NONE', *, *, #6808, .F. ) ;
#5967 = CARTESIAN_POINT ( 'NONE',  ( -15.70433133570330320, 79.37691103013077054, -17.50000000000000355 ) ) ;
#5969 = CARTESIAN_POINT ( 'NONE',  ( -19.55220193894149716, 69.77079598220669254, 9.393756850297259930 ) ) ;
#5970 = CARTESIAN_POINT ( 'NONE',  ( -20.99999999999999645, 6.786102288236722671E-16, -10.00000000000000000 ) ) ;
#5971 = FACE_BOUND ( 'NONE', #7167, .T. ) ;
#5972 = CARTESIAN_POINT ( 'NONE',  ( 16.34389294052123276, 82.42125021619796144, -15.50000000000001066 ) ) ;
#5973 =( GEOMETRIC_REPRESENTATION_CONTEXT ( 3 ) GLOBAL_UNCERTAINTY_ASSIGNED_CONTEXT ( ( #1782 ) ) GLOBAL_UNIT_ASSIGNED_CONTEXT ( ( #7398, #6155, #3060 ) ) REPRESENTATION_CONTEXT ( 'NONE', 'WORKASPACE' ) );
#5974 = CARTESIAN_POINT ( 'NONE',  ( -15.09349912985025632, 82.89262829725689130, -17.50000000000000000 ) ) ;
#5975 = CARTESIAN_POINT ( 'NONE',  ( -24.85785016719389873, 23.14126865677421563, -17.50000000000000355 ) ) ;
#5976 = CARTESIAN_POINT ( 'NONE',  ( -13.65416210812829512, 98.65070233654985543, 6.499999999999993783 ) ) ;
#5977 = CARTESIAN_POINT ( 'NONE',  ( -15.01695394719278198, 83.57045241100752264, 9.979013090391594787 ) ) ;
#5978 = CARTESIAN_POINT ( 'NONE',  ( 24.00000000000000000, 4.336808689942017736E-16, -8.000000000000000000 ) ) ;
#5979 = EDGE_LOOP ( 'NONE', ( #2072, #3338, #7547, #5618, #5671, #1577, #1155, #724, #6099, #6893, #4331, #5471 ) ) ;
#5980 = CARTESIAN_POINT ( 'NONE',  ( -3.237592810446577796E-13, 58.32328709881841888, -15.50000000000001066 ) ) ;
#5981 = CARTESIAN_POINT ( 'NONE',  ( 16.49399697933924003, 75.26929950521429191, 10.78669191045964126 ) ) ;
#5982 = ORIENTED_EDGE ( 'NONE', *, *, #6136, .T. ) ;
#5983 = B_SPLINE_CURVE_WITH_KNOTS ( 'NONE', 3,
 ( #4192, #7142, #1591, #5338 ),
 .UNSPECIFIED., .F., .F.,
 ( 4, 4 ),
 ( 0.000000000000000000, 1.000000000000000000 ),
 .UNSPECIFIED. ) ;
#5984 = DIRECTION ( 'NONE',  ( 1.000000000000000000, -0.000000000000000000, -0.000000000000000000 ) ) ;
#5985 = CARTESIAN_POINT ( 'NONE',  ( -18.31059369852767915, 20.51300984319048126, 16.53666445260098783 ) ) ;
#5986 = CARTESIAN_POINT ( 'NONE',  ( 20.92786336841947659, 52.47399088008784673, -17.50000000000000355 ) ) ;
#5987 = CARTESIAN_POINT ( 'NONE',  ( -21.34479333234719078, 6.547642943906893720, 15.42516244482092169 ) ) ;
#5988 = DIRECTION ( 'NONE',  ( 0.000000000000000000, 0.000000000000000000, -1.000000000000000000 ) ) ;
#5989 = CARTESIAN_POINT ( 'NONE',  ( 20.47615056016634938, 8.934219346047223453, -5.091460074150093718 ) ) ;
#5990 = CARTESIAN_POINT ( 'NONE',  ( -14.50000000000000000, 115.0000000000000000, 3.499999999999996891 ) ) ;
#5991 = EDGE_CURVE ( 'NONE', #6238, #2147, #2442, .T. ) ;
#5992 = ORIENTED_EDGE ( 'NONE', *, *, #2942, .F. ) ;
#5993 = EDGE_CURVE ( 'NONE', #6926, #858, #4768, .T. ) ;
#5995 = ORIENTED_EDGE ( 'NONE', *, *, #1723, .T. ) ;
#5994 = CARTESIAN_POINT ( 'NONE',  ( -32.97687763316800158, 115.0000000000000000, 3.499999999999996891 ) ) ;
#5996 = CARTESIAN_POINT ( 'NONE',  ( -15.05245695640787318, 98.47217946649016085, 6.860915065647799516 ) ) ;
#5997 = CARTESIAN_POINT ( 'NONE',  ( 16.61009238515770292, 86.07676887341668248, 7.774092758037263629 ) ) ;
#5998 = FACE_OUTER_BOUND ( 'NONE', #545, .T. ) ;
#5999 = CARTESIAN_POINT ( 'NONE',  ( -5.000000000000002665, 118.0000000000000142, 22.73723446728292785 ) ) ;
#6000 = CARTESIAN_POINT ( 'NONE',  ( -22.35319928180280868, 44.81042491546255491, 14.13878435467039552 ) ) ;
#6001 = EDGE_CURVE ( 'NONE', #3684, #2207, #4532, .T. ) ;
#6002 = CARTESIAN_POINT ( 'NONE',  ( -23.00000000000000000, 1.999999999999970468, -11.12715609645439940 ) ) ;
#6003 = CIRCLE ( 'NONE', #5736, 10.00000000000000533 ) ;
#6004 = ORIENTED_EDGE ( 'NONE', *, *, #4461, .F. ) ;
#6005 = EDGE_CURVE ( 'NONE', #87, #7311, #1143, .T. ) ;
#6008 = ORIENTED_EDGE ( 'NONE', *, *, #1625, .F. ) ;
#6007 = FACE_BOUND ( 'NONE', #6418, .T. ) ;
#6006 = CARTESIAN_POINT ( 'NONE',  ( -23.02333736379413054, 1.935881119945990880, -11.13652132342981460 ) ) ;
#6009 = VECTOR ( 'NONE', #1347, 1000.000000000000000 ) ;
#6010 = CARTESIAN_POINT ( 'NONE',  ( -17.42312760610448663, 81.15672023508463440, 8.227737324781276840 ) ) ;
#6011 = CARTESIAN_POINT ( 'NONE',  ( 14.50000000000000000, 110.0000000000000000, 0.000000000000000000 ) ) ;
#6012 = LINE ( 'NONE', #3575, #7801 ) ;
#6013 = DIRECTION ( 'NONE',  ( -0.7071067811865492381, 0.7071067811865457964, 0.000000000000000000 ) ) ;
#6014 = CARTESIAN_POINT ( 'NONE',  ( -25.00000000000001066, 17.50000000000001421, -17.50000000000000355 ) ) ;
#6015 = CIRCLE ( 'NONE', #3939, 2.000000000000000000 ) ;
#6016 = EDGE_CURVE ( 'NONE', #7921, #4994, #6849, .T. ) ;
#6017 = CARTESIAN_POINT ( 'NONE',  ( -23.89212635088239622, 34.11430548115006189, -17.50000000000000355 ) ) ;
#6018 = PLANE ( 'NONE',  #2680 ) ;
#6019 = CARTESIAN_POINT ( 'NONE',  ( -15.13782828864937002, 82.84284937542454941, 10.04576596026607405 ) ) ;
#6020 = CARTESIAN_POINT ( 'NONE',  ( 25.00000000000001066, 0.000000000000000000, 0.000000000000000000 ) ) ;
#6021 = DIRECTION ( 'NONE',  ( 0.000000000000000000, 0.000000000000000000, 1.000000000000000000 ) ) ;
#6022 = CARTESIAN_POINT ( 'NONE',  ( 16.48052806057951258, 75.34082423807625162, 10.77937202959480878 ) ) ;
#6023 = ORIENTED_EDGE ( 'NONE', *, *, #984, .T. ) ;
#6024 = CARTESIAN_POINT ( 'NONE',  ( -2.521584453126094250, 58.32328709881840467, 10.62641716505109990 ) ) ;
#6025 = CARTESIAN_POINT ( 'NONE',  ( -25.08817364900578895, 1.757943455720432757, 17.49041737154339771 ) ) ;
#6026 = CARTESIAN_POINT ( 'NONE',  ( 22.96585768679541673, 40.76831168925753701, -17.50000000000000711 ) ) ;
#6027 = CARTESIAN_POINT ( 'NONE',  ( -10.17293878504169058, 37.24206104605947587, 12.93787834006798043 ) ) ;
#6028 = LINE ( 'NONE', #464, #7598 ) ;
#6029 = CARTESIAN_POINT ( 'NONE',  ( 25.66666666666667851, 17.50000000000001066, -16.83333333333334281 ) ) ;
#6030 = CARTESIAN_POINT ( 'NONE',  ( -13.34314575050761675, -1.517883041479706208E-15, 10.00000000000000000 ) ) ;
#6031 = ORIENTED_EDGE ( 'NONE', *, *, #3568, .F. ) ;
#6032 = EDGE_CURVE ( 'NONE', #6446, #5544, #6981, .T. ) ;
#6034 = EDGE_LOOP ( 'NONE', ( #220, #4452, #776, #7508 ) ) ;
#6033 = CARTESIAN_POINT ( 'NONE',  ( 24.99999999999999645, 0.000000000000000000, 0.000000000000000000 ) ) ;
#6035 = CARTESIAN_POINT ( 'NONE',  ( 19.00000000000000000, 6.123233995736766282E-16, -5.000000000000000000 ) ) ;
#6036 = CARTESIAN_POINT ( 'NONE',  ( 19.37011485142051370, 70.69798924352386393, 9.294263031482429938 ) ) ;
#6037 = DIRECTION ( 'NONE',  ( -0.7071067811865489050, -0.7071067811865462405, 0.000000000000000000 ) ) ;
#6038 = PLANE ( 'NONE',  #6514 ) ;
#6039 = EDGE_CURVE ( 'NONE', #3783, #7720, #5391, .T. ) ;
#6040 = DIRECTION ( 'NONE',  ( 1.000000000000000000, -0.000000000000000000, -0.000000000000000000 ) ) ;
#6041 = EDGE_CURVE ( 'NONE', #2018, #4115, #6100, .T. ) ;
#6044 = VERTEX_POINT ( 'NONE', #7870 ) ;
#6043 = CARTESIAN_POINT ( 'NONE',  ( 21.94059561800188973, 48.55791397368845708, 6.499999999999993783 ) ) ;
#6042 = CARTESIAN_POINT ( 'NONE',  ( -21.20491527361864925, 6.931954751739881182, -7.603053670887262250 ) ) ;
#6045 = CARTESIAN_POINT ( 'NONE',  ( -19.00000000000000000, -8.000000000000000000, -8.673617379884035472E-16 ) ) ;
#6046 = CARTESIAN_POINT ( 'NONE',  ( -20.75221799202651241, 63.73890970785384269, 10.05331825366353549 ) ) ;
#6047 = DIRECTION ( 'NONE',  ( -1.000000000000000000, 0.000000000000000000, 0.000000000000000000 ) ) ;
#6048 = CARTESIAN_POINT ( 'NONE',  ( 22.12915939786026343, 1.683699097320796367, 10.11079424767575041 ) ) ;
#6049 = DIRECTION ( 'NONE',  ( -1.000000000000000000, -0.000000000000000000, -0.000000000000000000 ) ) ;
#6050 = EDGE_CURVE ( 'NONE', #1202, #2555, #4196, .T. ) ;
#6051 = EDGE_CURVE ( 'NONE', #5640, #5333, #2835, .T. ) ;
#6052 = CARTESIAN_POINT ( 'NONE',  ( -12.88198345295097269, 100.2681978139035124, -17.50000000000000355 ) ) ;
#6053 = AXIS2_PLACEMENT_3D ( 'NONE', #5398, #4137, #6644 ) ;
#6054 = CARTESIAN_POINT ( 'NONE',  ( -23.81068827226372520, 34.76761755509950547, -17.50000000000000355 ) ) ;
#6055 = CARTESIAN_POINT ( 'NONE',  ( -19.60345932135150449, 11.33191881884564012, -2.162887556123928690 ) ) ;
#6056 = CARTESIAN_POINT ( 'NONE',  ( -17.33849745814083576, 70.87761869417441574, 11.24557709695994134 ) ) ;
#6057 = DIRECTION ( 'NONE',  ( 0.000000000000000000, -1.000000000000000000, 0.000000000000000000 ) ) ;
#6058 = CARTESIAN_POINT ( 'NONE',  ( 20.69651351263586747, 8.328777110051762023, 7.974581162413311830 ) ) ;
#6059 = CARTESIAN_POINT ( 'NONE',  ( 14.55620451516190883, 86.45381029419878871, 9.722952900804012089 ) ) ;
#6060 = EDGE_LOOP ( 'NONE', ( #7144, #5520, #2924, #2771 ) ) ;
#6061 = VECTOR ( 'NONE', #5893, 1000.000000000000114 ) ;
#6062 = CARTESIAN_POINT ( 'NONE',  ( -19.93969262078590532, 10.40812542098089644, -5.023547007758734750 ) ) ;
#6063 = CARTESIAN_POINT ( 'NONE',  ( -12.51305735505003902, 36.48732537737798509, 15.03484460756937935 ) ) ;
#6064 = CARTESIAN_POINT ( 'NONE',  ( 21.94697441733804411, 46.91373903714026738, -17.50000000000000355 ) ) ;
#6065 = CARTESIAN_POINT ( 'NONE',  ( -17.82016339286348838, 16.23148411457181695, 14.86367658299091943 ) ) ;
#6066 = ORIENTED_EDGE ( 'NONE', *, *, #4807, .T. ) ;
#6067 = CARTESIAN_POINT ( 'NONE',  ( 13.65416210812829512, 98.65070233654985543, 6.499999999999993783 ) ) ;
#6068 = CARTESIAN_POINT ( 'NONE',  ( 19.70158289638445481, 11.06232651212650353, 3.433519412941249183 ) ) ;
#6069 = CARTESIAN_POINT ( 'NONE',  ( 13.50000000000000533, 115.0000000000000000, -13.50000000000000533 ) ) ;
#6070 = ORIENTED_EDGE ( 'NONE', *, *, #3794, .T. ) ;
#6071 = AXIS2_PLACEMENT_3D ( 'NONE', #1161, #630, #518 ) ;
#6073 = ORIENTED_EDGE ( 'NONE', *, *, #3410, .F. ) ;
#6072 = CARTESIAN_POINT ( 'NONE',  ( 24.99997366415750832, 19.61321041532881893, 16.60538830422465040 ) ) ;
#6074 = CARTESIAN_POINT ( 'NONE',  ( 11.50000000000000355, 115.0000000000000000, -12.50000000000000355 ) ) ;
#6075 = CARTESIAN_POINT ( 'NONE',  ( 18.42012356011128205, 75.64512423313651368, 8.775534330357631418 ) ) ;
#6076 = CARTESIAN_POINT ( 'NONE',  ( 10.00000000000000533, 46.35637396795941356, 6.499999999999993783 ) ) ;
#6077 = DIRECTION ( 'NONE',  ( -0.9925461516412973362, -0.1218693434053486763, 0.000000000000000000 ) ) ;
#6078 = CARTESIAN_POINT ( 'NONE',  ( 26.99999999999999645, 9.948062423096041940, 15.22689559951584037 ) ) ;
#6079 = ORIENTED_EDGE ( 'NONE', *, *, #3398, .F. ) ;
#6080 = AXIS2_PLACEMENT_3D ( 'NONE', #3637, #3596, #1760 ) ;
#6083 = ORIENTED_EDGE ( 'NONE', *, *, #185, .T. ) ;
#6082 = FACE_OUTER_BOUND ( 'NONE', #3762, .T. ) ;
#6081 = FACE_OUTER_BOUND ( 'NONE', #3591, .T. ) ;
#6084 = CARTESIAN_POINT ( 'NONE',  ( -3.000000000000014655, 103.0000000000000142, -15.50000000000001776 ) ) ;
#6085 = CARTESIAN_POINT ( 'NONE',  ( -19.57990576239518887, 69.63008541034930943, 9.408902566705721782 ) ) ;
#6086 = FACE_OUTER_BOUND ( 'NONE', #906, .T. ) ;
#6087 = FACE_OUTER_BOUND ( 'NONE', #1505, .T. ) ;
#6088 = DIRECTION ( 'NONE',  ( 0.000000000000000000, 0.000000000000000000, -1.000000000000000000 ) ) ;
#6089 = CARTESIAN_POINT ( 'NONE',  ( -22.40863826578469542, 9.188966209461122858, 17.26563173743427271 ) ) ;
#6091 = EDGE_CURVE ( 'NONE', #7100, #7784, #1067, .T. ) ;
#6090 = AXIS2_PLACEMENT_3D ( 'NONE', #3423, #2726, #5220 ) ;
#6092 = ADVANCED_FACE ( 'NONE', ( #1713 ), #7681, .F. ) ;
#6093 = CARTESIAN_POINT ( 'NONE',  ( -23.78481863872509905, 34.97191440329829248, -17.50000000000000711 ) ) ;
#6094 = CARTESIAN_POINT ( 'NONE',  ( 23.45022588171884337, 0.7630145563236737649, 15.55679323170508077 ) ) ;
#6095 = APPROVAL_PERSON_ORGANIZATION ( #625, #5844, #5592 ) ;
#6096 = CARTESIAN_POINT ( 'NONE',  ( -18.86306408446174032, 63.20711385107249924, 12.08103600154460544 ) ) ;
#6097 = CARTESIAN_POINT ( 'NONE',  ( -7.184957976769021926, 106.7584171944876772, 8.525364038651282783 ) ) ;
#6098 = CARTESIAN_POINT ( 'NONE',  ( 12.78577560812198932, 101.8454745808679291, 8.687611966756881188 ) ) ;
#6099 = ORIENTED_EDGE ( 'NONE', *, *, #2856, .T. ) ;
#6100 = LINE ( 'NONE', #3008, #4796 ) ;
#6101 = CARTESIAN_POINT ( 'NONE',  ( -24.00000000000000000, -8.000000000000000000, -8.673617379884035472E-16 ) ) ;
#6102 = CARTESIAN_POINT ( 'NONE',  ( 23.77232246363766066, 35.07006312888117350, -17.50000000000000355 ) ) ;
#6103 = B_SPLINE_SURFACE_WITH_KNOTS ( 'NONE', 1, 3, ( 
 ( #1381, #3904, #892, #6887, #7618, #3861, #6450, #5847, #2099, #113, #2020, #768, #3241, #5725, #156, #850, #4590, #1940, #4508, #6374, #3284, #4426, #5767, #200, #2669, #5161, #2064, #4549, #7012, #1461 ),
 ( #1500, #3943, #3979, #3325, #5805, #241, #1660, #4672, #4629, #931, #6491, #7132, #4714, #3494, #2180, #7173, #4144, #321, #6613, #2787, #1055, #3404, #7088, #1092, #5280, #7694, #6650, #6530, #1540, #4022 ) ),
 .UNSPECIFIED., .F., .F., .F.,
 ( 2, 2 ),
 ( 4, 2, 2, 2, 2, 2, 2, 2, 2, 2, 2, 2, 2, 2, 4 ),
 ( 0.000000000000000000, 1.000000000000000000 ),
 ( 0.000000000000000000, 0.005835123417953174026, 0.01167024683590634805, 0.01750537025385952294, 0.02334049367181269610, 0.02917561708976586926, 0.03501074050771904589, 0.04084586392567221558, 0.04668098734362539221, 0.05835123417953173852, 0.07002148101543809178, 0.07585660443339126147, 0.08169172785134443115, 0.08752685126929760084, 0.09336197468725078441 ),
 .UNSPECIFIED. ) ;
#6104 = CARTESIAN_POINT ( 'NONE',  ( -20.42418108470062421, 9.077004306389135024, 15.30094569972419194 ) ) ;
#6105 = ORIENTED_EDGE ( 'NONE', *, *, #7013, .T. ) ;
#6106 = CYLINDRICAL_SURFACE ( 'NONE', #5294, 2.250000000000000444 ) ;
#6107 = CARTESIAN_POINT ( 'NONE',  ( 6.545121150301407731, 52.89944980666599861, 13.23623946636926441 ) ) ;
#6108 = CARTESIAN_POINT ( 'NONE',  ( 24.84874462782685001, 23.49550948644101211, 16.28139554468677730 ) ) ;
#6109 = ORIENTED_EDGE ( 'NONE', *, *, #4605, .T. ) ;
#6111 = ORIENTED_EDGE ( 'NONE', *, *, #39, .T. ) ;
#6110 = CARTESIAN_POINT ( 'NONE',  ( -13.65416210812829512, 98.65070233654985543, -15.50000000000000533 ) ) ;
#6112 = DIRECTION ( 'NONE',  ( 0.000000000000000000, 0.000000000000000000, -1.000000000000000000 ) ) ;
#6113 = CARTESIAN_POINT ( 'NONE',  ( 21.28803962823987561, 61.05719440515404273, 10.35156334135830214 ) ) ;
#6114 = DIRECTION ( 'NONE',  ( 0.7071067811865462405, -0.7071067811865489050, 0.000000000000000000 ) ) ;
#6115 = DIRECTION ( 'NONE',  ( 0.000000000000000000, 0.000000000000000000, -1.000000000000000000 ) ) ;
#6116 = DIRECTION ( 'NONE',  ( -1.000000000000000000, 0.000000000000000000, 0.000000000000000000 ) ) ;
#6117 = ORIENTED_EDGE ( 'NONE', *, *, #986, .T. ) ;
#6120 = ORIENTED_EDGE ( 'NONE', *, *, #482, .F. ) ;
#6119 = CARTESIAN_POINT ( 'NONE',  ( 25.45628864216196163, 37.57402611854641350, -15.50000000000000888 ) ) ;
#6118 = CARTESIAN_POINT ( 'NONE',  ( -21.43690423645714915, 3.071142277760706030, -9.813820026232596305 ) ) ;
#6121 = LINE ( 'NONE', #7933, #2963 ) ;
#6122 = CARTESIAN_POINT ( 'NONE',  ( -17.44023315676712826, 81.05805258896253918, 8.237199151667169872 ) ) ;
#6123 = DIRECTION ( 'NONE',  ( 0.000000000000000000, 0.000000000000000000, -1.000000000000000000 ) ) ;
#6124 = CARTESIAN_POINT ( 'NONE',  ( 25.83011921981345083, 35.43154800707408469, 6.499999999999991118 ) ) ;
#6125 = CARTESIAN_POINT ( 'NONE',  ( -17.08755677495145875, 23.88567703164245870, 16.24763176348964322 ) ) ;
#6126 = CIRCLE ( 'NONE', #159, 2.250000000000001776 ) ;
#6127 = AXIS2_PLACEMENT_3D ( 'NONE', #7286, #7437, #473 ) ;
#6128 = CIRCLE ( 'NONE', #7156, 1.999999999999999556 ) ;
#6129 = CARTESIAN_POINT ( 'NONE',  ( -22.02117931563624609, 46.49055363514426631, -17.50000000000001066 ) ) ;
#6130 = DIRECTION ( 'NONE',  ( 0.000000000000000000, 0.000000000000000000, -1.000000000000000000 ) ) ;
#6131 = ADVANCED_FACE ( 'NONE', ( #2415 ), #3888, .T. ) ;
#6132 = CARTESIAN_POINT ( 'NONE',  ( -20.61331199503153755, 54.34471547519078882, 13.07372252070702778 ) ) ;
#6133 = CARTESIAN_POINT ( 'NONE',  ( 13.50000000000000533, 115.0000000000000000, 4.499999999999998224 ) ) ;
#6134 = FACE_OUTER_BOUND ( 'NONE', #4448, .T. ) ;
#6135 = CONICAL_SURFACE ( 'NONE', #5102, 15.50000000000001421, 0.7853981633974473908 ) ;
#6136 = EDGE_CURVE ( 'NONE', #751, #1308, #1028, .T. ) ;
#6137 = ORIENTED_EDGE ( 'NONE', *, *, #673, .F. ) ;
#6138 = EDGE_CURVE ( 'NONE', #5802, #4980, #6756, .T. ) ;
#6139 = CARTESIAN_POINT ( 'NONE',  ( -19.75682089185020374, 7.276823014128330769, -7.265729503532080358 ) ) ;
#6140 = CARTESIAN_POINT ( 'NONE',  ( -23.69277693049809486, 0.09661102673763098669, 15.56117787379372785 ) ) ;
#6141 = DIRECTION ( 'NONE',  ( 0.7071067811865463515, 0.7071067811865487940, 0.000000000000000000 ) ) ;
#6142 = CARTESIAN_POINT ( 'NONE',  ( -10.63250942883893657, 35.97940107958235245, 13.07116736323256845 ) ) ;
#6143 = ORIENTED_EDGE ( 'NONE', *, *, #6050, .T. ) ;
#6144 = CARTESIAN_POINT ( 'NONE',  ( -20.99999999999999645, 8.000000000000000000, 0.000000000000000000 ) ) ;
#6145 = CARTESIAN_POINT ( 'NONE',  ( 4.999999999999997335, 110.0000000000000000, 6.409682082549484683 ) ) ;
#6146 = CARTESIAN_POINT ( 'NONE',  ( 21.51536169188561942, 49.54159133602456677, 13.61279782985698361 ) ) ;
#6147 = ADVANCED_FACE ( 'NONE', ( #1203, #2457, #6081 ), #7890, .F. ) ;
#6148 = EDGE_CURVE ( 'NONE', #2018, #7763, #6598, .T. ) ;
#6149 = VERTEX_POINT ( 'NONE', #3029 ) ;
#6150 = CIRCLE ( 'NONE', #6535, 2.000000000000000000 ) ;
#6151 = DIRECTION ( 'NONE',  ( 1.000000000000000000, -0.000000000000000000, -0.000000000000000000 ) ) ;
#6152 = DIRECTION ( 'NONE',  ( 1.000000000000000000, 0.000000000000000000, 0.000000000000000000 ) ) ;
#6153 = CARTESIAN_POINT ( 'NONE',  ( 20.99999999999999645, 4.336808689942017736E-16, -8.000000000000000000 ) ) ;
#6154 = CARTESIAN_POINT ( 'NONE',  ( 22.61574828070052945, 54.29985889265071108, 11.10865884909560819 ) ) ;
#6155 =( NAMED_UNIT ( * ) PLANE_ANGLE_UNIT ( ) SI_UNIT ( $, .RADIAN. ) );
#6156 = CARTESIAN_POINT ( 'NONE',  ( 20.62970238502919074, 8.512339174519471641, 15.32818332547985385 ) ) ;
#6157 = CARTESIAN_POINT ( 'NONE',  ( 3.310858913651940405, 103.3108589136519413, 6.617091772055864851 ) ) ;
#6158 = ORIENTED_EDGE ( 'NONE', *, *, #589, .F. ) ;
#6161 = ORIENTED_EDGE ( 'NONE', *, *, #5699, .T. ) ;
#6160 = CARTESIAN_POINT ( 'NONE',  ( 24.94248976756031055, 41.07589667991884141, -15.50000000000000355 ) ) ;
#6159 = DIRECTION ( 'NONE',  ( -1.000000000000000000, 0.000000000000000000, 0.000000000000000000 ) ) ;
#6162 = LINE ( 'NONE', #6836, #2184 ) ;
#6163 = CARTESIAN_POINT ( 'NONE',  ( -24.56036325300561174, 43.47741859693186228, -15.50000000000000355 ) ) ;
#6164 = DIRECTION ( 'NONE',  ( 1.000000000000000000, -0.000000000000000000, 0.000000000000000000 ) ) ;
#6165 = LINE ( 'NONE', #601, #1255 ) ;
#6166 = DIRECTION ( 'NONE',  ( 0.000000000000000000, 0.000000000000000000, -1.000000000000000000 ) ) ;
#6167 = B_SPLINE_CURVE_WITH_KNOTS ( 'NONE', 1,
 ( #6408, #2865 ),
 .UNSPECIFIED., .F., .F.,
 ( 2, 2 ),
 ( 0.000000000000000000, 1.000000000000000000 ),
 .UNSPECIFIED. ) ;
#6168 = CARTESIAN_POINT ( 'NONE',  ( -19.94210586286021325, 57.56327996632212063, -17.50000000000000355 ) ) ;
#6169 = CARTESIAN_POINT ( 'NONE',  ( 24.29930983029494129, -1.569824419610524435, 15.56289155483061215 ) ) ;
#6170 = CARTESIAN_POINT ( 'NONE',  ( 21.94059561800188973, 48.55791397368845708, 6.499999999999993783 ) ) ;
#6171 = CARTESIAN_POINT ( 'NONE',  ( 24.00000000000000000, 8.000000000000000000, 0.000000000000000000 ) ) ;
#6172 = EDGE_CURVE ( 'NONE', #2151, #4815, #2987, .T. ) ;
#6173 = ORIENTED_EDGE ( 'NONE', *, *, #837, .F. ) ;
#6174 = CARTESIAN_POINT ( 'NONE',  ( -23.87471944142871649, -0.4032719136831271478, 15.56272583319272762 ) ) ;
#6175 = CARTESIAN_POINT ( 'NONE',  ( -13.50000000000000178, 115.0000000000000000, 3.499999999999996891 ) ) ;
#6176 = CARTESIAN_POINT ( 'NONE',  ( -23.00000000000000000, 1.999999999999970468, -11.12715609645439940 ) ) ;
#6177 = ORIENTED_EDGE ( 'NONE', *, *, #6930, .F. ) ;
#6178 = CARTESIAN_POINT ( 'NONE',  ( 7.358589213469626245, 50.66379912363657212, 13.48719363238499191 ) ) ;
#6179 = CARTESIAN_POINT ( 'NONE',  ( 21.01134226301895325, 52.25588658258985220, 13.30855167016528995 ) ) ;
#6180 = ADVANCED_FACE ( 'NONE', ( #7851 ), #1051, .F. ) ;
#6181 = VERTEX_POINT ( 'NONE', #6609 ) ;
#6182 = CIRCLE ( 'NONE', #4501, 1.000000000000000888 ) ;
#6183 = CIRCLE ( 'NONE', #1005, 11.25000000000000000 ) ;
#6184 = EDGE_CURVE ( 'NONE', #4371, #2870, #7289, .T. ) ;
#6185 = CARTESIAN_POINT ( 'NONE',  ( -13.50000000000000178, 115.0000000000000000, -12.50000000000000355 ) ) ;
#6186 = CARTESIAN_POINT ( 'NONE',  ( -19.80996737957421061, 10.76454259194340324, 4.237602435614278740 ) ) ;
#6187 = FACE_OUTER_BOUND ( 'NONE', #5540, .T. ) ;
#6188 = CARTESIAN_POINT ( 'NONE',  ( 24.76878015643514885, 42.18318922810139782, 12.44755572043128566 ) ) ;
#6189 = CARTESIAN_POINT ( 'NONE',  ( 19.40671786700327672, 11.87246152213818995, 15.15326813078473123 ) ) ;
#6190 = CIRCLE ( 'NONE', #7866, 1.000000000000000888 ) ;
#6191 = CARTESIAN_POINT ( 'NONE',  ( -23.00000000000000000, 2.000000000000171418, 15.54067879533208973 ) ) ;
#6192 = AXIS2_PLACEMENT_3D ( 'NONE', #2339, #4179, #3532 ) ;
#6193 = ORIENTED_EDGE ( 'NONE', *, *, #34, .F. ) ;
#6194 = B_SPLINE_CURVE_WITH_KNOTS ( 'NONE', 3,
 ( #4704, #7166, #4624, #7082 ),
 .UNSPECIFIED., .F., .F.,
 ( 4, 4 ),
 ( 0.000000000000000000, 1.000000000000000000 ),
 .UNSPECIFIED. ) ;
#6197 = VERTEX_POINT ( 'NONE', #1733 ) ;
#6196 = FACE_OUTER_BOUND ( 'NONE', #59, .T. ) ;
#6195 = CARTESIAN_POINT ( 'NONE',  ( -11.50000000000000000, 115.0000000000000000, -13.50000000000000533 ) ) ;
#6199 = VECTOR ( 'NONE', #1786, 1000.000000000000000 ) ;
#6198 = CARTESIAN_POINT ( 'NONE',  ( 10.00000000000000533, 46.35637396795941356, -15.50000000000000533 ) ) ;
#6200 = DIRECTION ( 'NONE',  ( 0.000000000000000000, -1.000000000000000000, 0.000000000000000000 ) ) ;
#6201 = CARTESIAN_POINT ( 'NONE',  ( 24.00000000000000000, 4.336808689942017736E-16, -8.000000000000000000 ) ) ;
#6202 = CARTESIAN_POINT ( 'NONE',  ( -22.87218643024674236, 1.891191585093795702, -10.57565886269143185 ) ) ;
#6203 = CARTESIAN_POINT ( 'NONE',  ( -24.00000000000000000, 0.000000000000000000, 0.000000000000000000 ) ) ;
#6204 = CARTESIAN_POINT ( 'NONE',  ( -22.36020332448078562, 9.323038637305945286, 17.25931804759146004 ) ) ;
#6205 = CIRCLE ( 'NONE', #3081, 17.50000000000000355 ) ;
#6207 = ORIENTED_EDGE ( 'NONE', *, *, #1512, .T. ) ;
#6206 = CARTESIAN_POINT ( 'NONE',  ( -19.37732526637098474, 60.41171288705775311, -17.50000000000000355 ) ) ;
#6208 = CARTESIAN_POINT ( 'NONE',  ( -26.99999999999999645, 18.44880149341106446, 14.68671048568115545 ) ) ;
#6209 = FACE_BOUND ( 'NONE', #6665, .T. ) ;
#6210 = CYLINDRICAL_SURFACE ( 'NONE', #4909, 2.000000000000000000 ) ;
#6211 = VECTOR ( 'NONE', #3587, 1000.000000000000000 ) ;
#6212 = FACE_OUTER_BOUND ( 'NONE', #297, .T. ) ;
#6213 = VECTOR ( 'NONE', #4896, 1000.000000000000000 ) ;
#6214 = VERTEX_POINT ( 'NONE', #595 ) ;
#6215 = AXIS2_PLACEMENT_3D ( 'NONE', #4291, #6642, #2862 ) ;
#6216 = CARTESIAN_POINT ( 'NONE',  ( 14.66109841176698403, 103.9322733976881210, -15.50000000000000355 ) ) ;
#6217 = CARTESIAN_POINT ( 'NONE',  ( 7.184957976769024590, 110.0000000000000000, 8.499999999999994671 ) ) ;
#6218 = CARTESIAN_POINT ( 'NONE',  ( 24.64135115863271963, 26.68953943247799998, -17.50000000000000355 ) ) ;
#6219 = DIRECTION ( 'NONE',  ( 0.4437126062796517001, 0.6336872742246438817, -0.6336872742246445478 ) ) ;
#6220 = VERTEX_POINT ( 'NONE', #3645 ) ;
#6221 = LINE ( 'NONE', #6782, #2611 ) ;
#6222 = AXIS2_PLACEMENT_3D ( 'NONE', #4370, #5631, #3229 ) ;
#6223 = CARTESIAN_POINT ( 'NONE',  ( 22.03740256660275421, 46.61800025250056478, 13.93835192957223335 ) ) ;
#6224 = VERTEX_POINT ( 'NONE', #7930 ) ;
#6225 = CARTESIAN_POINT ( 'NONE',  ( -10.00000000000000533, 46.35637396795941356, 6.499999999999993783 ) ) ;
#6226 = CARTESIAN_POINT ( 'NONE',  ( -19.93969262078591242, 10.40812542098096927, 5.023547007758579319 ) ) ;
#6227 = FACE_OUTER_BOUND ( 'NONE', #6060, .T. ) ;
#6228 = CARTESIAN_POINT ( 'NONE',  ( 14.50000000000000000, 110.0000000000000000, -15.50000000000363976 ) ) ;
#6229 = CARTESIAN_POINT ( 'NONE',  ( 25.71758081404416885, 35.62472682378525946, 13.13719367494488921 ) ) ;
#6230 = DIRECTION ( 'NONE',  ( 0.000000000000000000, 0.000000000000000000, 1.000000000000000000 ) ) ;
#6231 = EDGE_CURVE ( 'NONE', #6835, #4323, #5521, .T. ) ;
#6232 = CARTESIAN_POINT ( 'NONE',  ( 10.19075095983914281, 37.19312249801213710, 12.94304373623951498 ) ) ;
#6233 = CARTESIAN_POINT ( 'NONE',  ( 26.99999999999999645, 4.467853749811316888, 15.43874250590435260 ) ) ;
#6234 = ORIENTED_EDGE ( 'NONE', *, *, #3310, .T. ) ;
#6235 = EDGE_CURVE ( 'NONE', #4353, #2151, #1088, .T. ) ;
#6238 = VERTEX_POINT ( 'NONE', #6195 ) ;
#6237 = CARTESIAN_POINT ( 'NONE',  ( 20.99999999999999645, 4.336808689942017736E-16, -8.000000000000000000 ) ) ;
#6236 = CARTESIAN_POINT ( 'NONE',  ( 25.72490443689925499, -0.01309163609091225366, 17.50000058707631823 ) ) ;
#6239 = CARTESIAN_POINT ( 'NONE',  ( 20.27104510059577436, 9.497741964818759541, -4.109546357765294644 ) ) ;
#6240 = CARTESIAN_POINT ( 'NONE',  ( 3.752921755017233796, 97.23474335767738808, -15.50000000000000533 ) ) ;
#6241 = EDGE_CURVE ( 'NONE', #7452, #1322, #3140, .T. ) ;
#6242 = CARTESIAN_POINT ( 'NONE',  ( -20.99999999999999645, 0.000000000000000000, 0.000000000000000000 ) ) ;
#6243 = DIRECTION ( 'NONE',  ( 0.000000000000000000, -1.000000000000000000, -0.000000000000000000 ) ) ;
#6244 = DIRECTION ( 'NONE',  ( 0.7071067811865469066, 0.000000000000000000, 0.7071067811865482389 ) ) ;
#6245 = CARTESIAN_POINT ( 'NONE',  ( -17.99554639439687520, 21.38148205480740316, 16.45956989733445397 ) ) ;
#6246 = EDGE_CURVE ( 'NONE', #559, #6709, #141, .T. ) ;
#6247 = VERTEX_POINT ( 'NONE', #6953 ) ;
#6249 = ORIENTED_EDGE ( 'NONE', *, *, #1918, .T. ) ;
#6248 = CARTESIAN_POINT ( 'NONE',  ( -18.93896604844485054, 62.60689760498852507, -17.50000000000000355 ) ) ;
#6250 = CARTESIAN_POINT ( 'NONE',  ( 3.752921755017233796, 97.23474335767738808, 6.499999999999993783 ) ) ;
#6251 = DIRECTION ( 'NONE',  ( 0.000000000000000000, 0.000000000000000000, -1.000000000000000000 ) ) ;
#6252 = CARTESIAN_POINT ( 'NONE',  ( -25.01816735029446193, 40.92023543842284283, 6.499999999999993783 ) ) ;
#6253 = LINE ( 'NONE', #7385, #5868 ) ;
#6254 = VERTEX_POINT ( 'NONE', #6361 ) ;
#6255 = CARTESIAN_POINT ( 'NONE',  ( 14.45405842588910872, 86.95276434681299804, -17.50000000000000355 ) ) ;
#6256 = ORIENTED_EDGE ( 'NONE', *, *, #836, .F. ) ;
#6257 = CARTESIAN_POINT ( 'NONE',  ( -24.26898174662166952, -1.486498694542890631, 15.56289155483060860 ) ) ;
#6258 = AXIS2_PLACEMENT_3D ( 'NONE', #6797, #62, #6724 ) ;
#6259 = DIRECTION ( 'NONE',  ( 0.000000000000000000, 0.000000000000000000, 1.000000000000000000 ) ) ;
#6260 = LINE ( 'NONE', #658, #818 ) ;
#6261 = ORIENTED_EDGE ( 'NONE', *, *, #7611, .T. ) ;
#6262 = DIRECTION ( 'NONE',  ( -0.000000000000000000, -0.000000000000000000, -1.000000000000000000 ) ) ;
#6263 = CARTESIAN_POINT ( 'NONE',  ( 22.05665813810921350, 46.50749991342797074, 13.95059837477662690 ) ) ;
#6264 = ORIENTED_EDGE ( 'NONE', *, *, #629, .F. ) ;
#6265 = B_SPLINE_CURVE_WITH_KNOTS ( 'NONE', 3,
 ( #3555, #6029, #465, #5428 ),
 .UNSPECIFIED., .F., .F.,
 ( 4, 4 ),
 ( 0.000000000000000000, 1.000000000000000000 ),
 .UNSPECIFIED. ) ;
#6266 = DIRECTION ( 'NONE',  ( -1.000000000000000000, 0.000000000000000000, 0.000000000000000000 ) ) ;
#6267 = CARTESIAN_POINT ( 'NONE',  ( 20.99999999999999645, -8.000000000000000000, 0.9999999999999997780 ) ) ;
#6268 = DIRECTION ( 'NONE',  ( 0.000000000000000000, 0.000000000000000000, -1.000000000000000000 ) ) ;
#6269 = CARTESIAN_POINT ( 'NONE',  ( 14.56633983096800122, 105.3258092279619689, 6.499999999999993783 ) ) ;
#6270 = CARTESIAN_POINT ( 'NONE',  ( 23.80033930404518472, 47.91807611759789154, 11.82057102269793525 ) ) ;
#6271 = CARTESIAN_POINT ( 'NONE',  ( -23.00000000000000000, 0.000000000000000000, 0.000000000000000000 ) ) ;
#6272 = CARTESIAN_POINT ( 'NONE',  ( 10.20143347262267142, 37.16377253535632263, 12.94614082887613193 ) ) ;
#6273 = CARTESIAN_POINT ( 'NONE',  ( 25.00000000000001421, 6.804629143264237179, 17.42709462425412070 ) ) ;
#6274 = ORIENTED_EDGE ( 'NONE', *, *, #3706, .T. ) ;
#6275 = ADVANCED_FACE ( 'NONE', ( #7562 ), #114, .T. ) ;
#6276 = B_SPLINE_SURFACE_WITH_KNOTS ( 'NONE', 3, 1, ( 
 ( #4221, #3572 ),
 ( #524, #3067 ),
 ( #2495, #6759 ),
 ( #1167, #598 ) ),
 .UNSPECIFIED., .F., .F., .F.,
 ( 4, 4 ),
 ( 2, 2 ),
 ( 0.000000000000000000, 1.000000000000000000 ),
 ( 0.000000000000000000, 1.000000000000000000 ),
 .UNSPECIFIED. ) ;
#6279 = ORIENTED_EDGE ( 'NONE', *, *, #733, .T. ) ;
#6278 = CARTESIAN_POINT ( 'NONE',  ( 3.752921755017233796, 97.23474335767738808, 6.499999999999993783 ) ) ;
#6277 = CARTESIAN_POINT ( 'NONE',  ( 16.37722890107407281, 25.84456097725507817, 16.08051631625060907 ) ) ;
#6280 = CARTESIAN_POINT ( 'NONE',  ( 19.00000000000618527, 10.24998411786832797, -0.3975150787413644915 ) ) ;
#6281 = CARTESIAN_POINT ( 'NONE',  ( 14.51817839733992699, 108.0000000000000284, -15.50000000000000533 ) ) ;
#6282 = CARTESIAN_POINT ( 'NONE',  ( -19.06953237972897242, 62.17514282353785404, 12.19567479050218850 ) ) ;
#6283 = DIRECTION ( 'NONE',  ( 0.000000000000000000, 0.000000000000000000, 1.000000000000000000 ) ) ;
#6284 = CARTESIAN_POINT ( 'NONE',  ( 20.08684456420910536, 10.00382877919687985, 5.833670323675893776 ) ) ;
#6285 = CARTESIAN_POINT ( 'NONE',  ( -25.00000000000001066, 11.78495860982583565, 17.13514000571633744 ) ) ;
#6286 = CARTESIAN_POINT ( 'NONE',  ( -9.231307170649090565, 45.51534977129091430, 14.06031600623723143 ) ) ;
#6287 = ORIENTED_EDGE ( 'NONE', *, *, #7180, .F. ) ;
#6288 = EDGE_CURVE ( 'NONE', #2397, #5908, #5164, .T. ) ;
#6289 = AXIS2_PLACEMENT_3D ( 'NONE', #1424, #2021, #7120 ) ;
#6291 = ORIENTED_EDGE ( 'NONE', *, *, #6172, .F. ) ;
#6290 = CARTESIAN_POINT ( 'NONE',  ( -17.08861411503065852, 71.95114826749514236, -17.50000000000000355 ) ) ;
#6292 = ADVANCED_FACE ( 'NONE', ( #4958 ), #4879, .F. ) ;
#6293 = CARTESIAN_POINT ( 'NONE',  ( -26.42752304933326357, 29.24703992541380515, 13.76563075439178263 ) ) ;
#6294 = EDGE_CURVE ( 'NONE', #1670, #5125, #5285, .T. ) ;
#6295 = CARTESIAN_POINT ( 'NONE',  ( 29.01166342986738300, 55.62898178555392548, -15.50000000000000533 ) ) ;
#6296 = DIRECTION ( 'NONE',  ( 1.000000000000000000, -0.000000000000000000, -0.000000000000000000 ) ) ;
#6297 = CARTESIAN_POINT ( 'NONE',  ( 12.50000771971921587, 109.0497627478015943, 8.499999999999994671 ) ) ;
#6298 = ORIENTED_EDGE ( 'NONE', *, *, #7859, .T. ) ;
#6299 = CARTESIAN_POINT ( 'NONE',  ( 13.01974443288764327, 98.74923157227347303, -17.50000000000000355 ) ) ;
#6300 = ORIENTED_EDGE ( 'NONE', *, *, #5362, .F. ) ;
#6301 = CARTESIAN_POINT ( 'NONE',  ( -13.14398373864565528, 97.48794517171678820, 8.908593760685084462 ) ) ;
#6302 = CARTESIAN_POINT ( 'NONE',  ( 11.50000000000000000, 113.0000000000000000, 0.000000000000000000 ) ) ;
#6303 = EDGE_LOOP ( 'NONE', ( #3826, #7027, #5006, #7545, #739 ) ) ;
#6304 = CARTESIAN_POINT ( 'NONE',  ( 19.70452813703074568, 16.66471164069827893, 16.82040538747836678 ) ) ;
#6305 = CARTESIAN_POINT ( 'NONE',  ( 20.44214241476786498, 55.22973942540379255, 12.97415439947176452 ) ) ;
#6306 = ORIENTED_EDGE ( 'NONE', *, *, #8016, .T. ) ;
#6307 = PLANE ( 'NONE',  #756 ) ;
#6308 = CARTESIAN_POINT ( 'NONE',  ( 10.00000000000000533, 46.35637396795941356, -15.50000000000000533 ) ) ;
#6309 = LINE ( 'NONE', #5705, #38 ) ;
#6310 = CYLINDRICAL_SURFACE ( 'NONE', #2944, 1.000000000000000888 ) ;
#6311 = CARTESIAN_POINT ( 'NONE',  ( 22.89565856326187188, 52.83177505014815978, 11.27311471294697931 ) ) ;
#6312 = DIRECTION ( 'NONE',  ( 1.000000000000000000, -0.000000000000000000, 0.000000000000000000 ) ) ;
#6313 = CARTESIAN_POINT ( 'NONE',  ( 7.631631468442299671, 44.22424551431097228, 12.18321882529582112 ) ) ;
#6314 = ORIENTED_EDGE ( 'NONE', *, *, #1823, .F. ) ;
#6315 = AXIS2_PLACEMENT_3D ( 'NONE', #4818, #3017, #2400 ) ;
#6318 = ORIENTED_EDGE ( 'NONE', *, *, #3864, .F. ) ;
#6317 = CARTESIAN_POINT ( 'NONE',  ( 24.75625486780857187, 42.26135581067089220, -15.50000000000000355 ) ) ;
#6316 = CARTESIAN_POINT ( 'NONE',  ( 23.63389880791451958, 5.794807548942828568, 17.40178783855336420 ) ) ;
#6319 = CARTESIAN_POINT ( 'NONE',  ( 19.54707133076800218, 11.48684354970225030, 0.8650228267133955873 ) ) ;
#6320 = CARTESIAN_POINT ( 'NONE',  ( -5.000000000000002665, 103.0000000000000142, 6.409682082549488236 ) ) ;
#6321 = CARTESIAN_POINT ( 'NONE',  ( -19.19675978113365034, 61.53850920781103184, 12.26660586462917735 ) ) ;
#6322 = VECTOR ( 'NONE', #6551, 1000.000000000000000 ) ;
#6323 = LINE ( 'NONE', #5676, #7671 ) ;
#6324 = CARTESIAN_POINT ( 'NONE',  ( -23.01805206821790506, 1.950402350197024459, 15.50573185215484706 ) ) ;
#6325 = CARTESIAN_POINT ( 'NONE',  ( -27.00000000000000355, 14.58680092588144106, 14.96063251557904472 ) ) ;
#6326 = CARTESIAN_POINT ( 'NONE',  ( -10.11452350338024253, 43.08626542928261927, 14.32706338130898338 ) ) ;
#6327 = ORIENTED_EDGE ( 'NONE', *, *, #3522, .T. ) ;
#6328 = AXIS2_PLACEMENT_3D ( 'NONE', #3949, #1507, #3292 ) ;
#6330 = EDGE_LOOP ( 'NONE', ( #1536, #5711, #4558, #4820 ) ) ;
#6329 = CARTESIAN_POINT ( 'NONE',  ( -18.72077195153143592, 63.69810535831690856, -17.50000000000000355 ) ) ;
#6331 = CARTESIAN_POINT ( 'NONE',  ( -26.07232085091541052, 32.70682092903543747, 13.43095965241675671 ) ) ;
#6332 = DIRECTION ( 'NONE',  ( 1.000000000000000000, 0.000000000000000000, -0.000000000000000000 ) ) ;
#6333 = DIRECTION ( 'NONE',  ( 0.000000000000000000, 1.154631945610162802E-14, -1.000000000000000000 ) ) ;
#6334 = ADVANCED_FACE ( 'NONE', ( #6209, #3780 ), #7979, .T. ) ;
#6335 = DIRECTION ( 'NONE',  ( 0.000000000000000000, 0.000000000000000000, -1.000000000000000000 ) ) ;
#6336 = AXIS2_PLACEMENT_3D ( 'NONE', #640, #1886, #3146 ) ;
#6337 = VECTOR ( 'NONE', #4403, 1000.000000000000000 ) ;
#6338 = EDGE_CURVE ( 'NONE', #7320, #4888, #882, .T. ) ;
#6339 = ORIENTED_EDGE ( 'NONE', *, *, #4655, .F. ) ;
#6340 = CARTESIAN_POINT ( 'NONE',  ( 14.54187092752944110, 106.6844588952996418, -15.49999999999999822 ) ) ;
#6341 = AXIS2_PLACEMENT_3D ( 'NONE', #6991, #7307, #7188 ) ;
#6342 = ORIENTED_EDGE ( 'NONE', *, *, #4398, .T. ) ;
#6343 = CARTESIAN_POINT ( 'NONE',  ( -13.93013877938908252, 90.76061162480237954, 9.369245850755017813 ) ) ;
#6344 = CARTESIAN_POINT ( 'NONE',  ( -24.99999999999998934, 0.000000000000000000, 17.50000000000000355 ) ) ;
#6345 = EDGE_LOOP ( 'NONE', ( #3622, #2569, #6696, #2589 ) ) ;
#6346 = AXIS2_PLACEMENT_3D ( 'NONE', #6558, #998, #3478 ) ;
#6347 = CARTESIAN_POINT ( 'NONE',  ( 16.89919961689193784, 24.40500904368930790, 16.20228568175969741 ) ) ;
#6348 = CARTESIAN_POINT ( 'NONE',  ( 18.72043832840001443, 63.91966966540952910, 12.00211218807875646 ) ) ;
#6349 = ADVANCED_FACE ( 'NONE', ( #6847 ), #5610, .T. ) ;
#6350 = VECTOR ( 'NONE', #4526, 1000.000000000000000 ) ;
#6351 = ORIENTED_EDGE ( 'NONE', *, *, #2219, .F. ) ;
#6352 = CARTESIAN_POINT ( 'NONE',  ( 14.50000000000000000, 110.0000000000000000, -15.50000000000363976 ) ) ;
#6353 = CARTESIAN_POINT ( 'NONE',  ( -24.06042953220462977, 46.43808005948575612, -15.50000000000000355 ) ) ;
#6354 = CARTESIAN_POINT ( 'NONE',  ( 17.00813928797889218, 72.36759347920791186, -17.50000000000001066 ) ) ;
#6355 = CARTESIAN_POINT ( 'NONE',  ( -23.00000000000000000, 0.000000000000000000, 0.000000000000000000 ) ) ;
#6356 = CARTESIAN_POINT ( 'NONE',  ( -14.53002165153289482, 107.3423966284163811, -15.50000000000001066 ) ) ;
#6357 = CARTESIAN_POINT ( 'NONE',  ( -19.93969262078590887, 10.40812542098097104, 5.023547007758581096 ) ) ;
#6358 = AXIS2_PLACEMENT_3D ( 'NONE', #2938, #2983, #7926 ) ;
#6359 = CARTESIAN_POINT ( 'NONE',  ( 12.83641328104427082, 29.92422501099927956, 13.68369636572199610 ) ) ;
#6360 = ORIENTED_EDGE ( 'NONE', *, *, #5400, .T. ) ;
#6363 = VERTEX_POINT ( 'NONE', #2507 ) ;
#6362 = CARTESIAN_POINT ( 'NONE',  ( 14.92784999592421791, 99.92439022434577112, -15.50000000000000355 ) ) ;
#6361 = CARTESIAN_POINT ( 'NONE',  ( 14.50000000000000000, 115.0000000000000000, -10.25000000000000178 ) ) ;
#6364 = CARTESIAN_POINT ( 'NONE',  ( 19.87032211282519256, 10.59871932517894422, -0.8016003585235073059 ) ) ;
#6365 = CARTESIAN_POINT ( 'NONE',  ( -25.36709771278643188, 38.20862135597637632, -15.50000000000000711 ) ) ;
#6366 = CARTESIAN_POINT ( 'NONE',  ( -20.41016296936260588, 55.39457493504033181, 12.95561079804967264 ) ) ;
#6367 = CARTESIAN_POINT ( 'NONE',  ( 13.50000000000000178, 115.0000000000000000, -12.50000000000000355 ) ) ;
#6368 = CARTESIAN_POINT ( 'NONE',  ( 20.99999999999999645, -8.000000000000000000, -8.673617379884035472E-16 ) ) ;
#6369 = CARTESIAN_POINT ( 'NONE',  ( -14.54658974768553925, 30.88792831908055803, 15.59841970853669579 ) ) ;
#6370 = ORIENTED_EDGE ( 'NONE', *, *, #381, .T. ) ;
#6372 = ORIENTED_EDGE ( 'NONE', *, *, #6626, .F. ) ;
#6371 = CARTESIAN_POINT ( 'NONE',  ( -17.58094153562282358, 69.42983002200197973, -17.50000000000000000 ) ) ;
#6373 = CARTESIAN_POINT ( 'NONE',  ( -26.86693417019778707, 23.00232099851493928, 14.32446048420299611 ) ) ;
#6374 = CARTESIAN_POINT ( 'NONE',  ( 17.71402943195662516, 79.40725749390496446, -15.50000000000001954 ) ) ;
#6375 = CARTESIAN_POINT ( 'NONE',  ( -32.97687763316800158, 8.000000000000000000, -1.000000000000000888 ) ) ;
#6376 = DIRECTION ( 'NONE',  ( 1.000000000000000000, -0.000000000000000000, 0.000000000000000000 ) ) ;
#6377 = ORIENTED_EDGE ( 'NONE', *, *, #5899, .T. ) ;
#6378 = EDGE_CURVE ( 'NONE', #6807, #7100, #3039, .T. ) ;
#6379 = CARTESIAN_POINT ( 'NONE',  ( 12.78057198451058341, 101.7624777946614643, -17.50000000000000711 ) ) ;
#6380 = ORIENTED_EDGE ( 'NONE', *, *, #5699, .F. ) ;
#6381 = CARTESIAN_POINT ( 'NONE',  ( -5.000000000000002665, 104.9999999999999716, 6.483912629826008356 ) ) ;
#6382 = CARTESIAN_POINT ( 'NONE',  ( 22.00000000000000000, 1.661568750910184189, 10.11442975584875903 ) ) ;
#6383 = VERTEX_POINT ( 'NONE', #1896 ) ;
#6384 = CARTESIAN_POINT ( 'NONE',  ( 16.23896551021090673, 26.22499688254177030, 16.03973685561539853 ) ) ;
#6385 = EDGE_CURVE ( 'NONE', #4523, #1847, #4384, .T. ) ;
#6386 = CARTESIAN_POINT ( 'NONE',  ( 17.65679943430018284, 69.25857192295624998, 11.41887629625339606 ) ) ;
#6387 = CIRCLE ( 'NONE', #157, 5.000000000000000000 ) ;
#6388 = ORIENTED_EDGE ( 'NONE', *, *, #7714, .F. ) ;
#6389 = EDGE_CURVE ( 'NONE', #4191, #7543, #229, .T. ) ;
#6390 = CYLINDRICAL_SURFACE ( 'NONE', #375, 5.000000000000000000 ) ;
#6391 = DIRECTION ( 'NONE',  ( 1.000000000000000000, -0.000000000000000000, 0.000000000000000000 ) ) ;
#6392 = CARTESIAN_POINT ( 'NONE',  ( 18.68419329557751141, 63.88102081260016263, -17.50000000000000000 ) ) ;
#6393 = LINE ( 'NONE', #1917, #439 ) ;
#6394 = ADVANCED_FACE ( 'NONE', ( #7577 ), #3821, .T. ) ;
#6395 = CARTESIAN_POINT ( 'NONE',  ( 13.65416210812829512, 98.65070233654985543, 6.499999999999993783 ) ) ;
#6396 = DIRECTION ( 'NONE',  ( 0.000000000000000000, 0.000000000000000000, -1.000000000000000000 ) ) ;
#6397 = EDGE_CURVE ( 'NONE', #5751, #5229, #5204, .T. ) ;
#6398 = APPROVAL_DATE_TIME ( #180, #2955 ) ;
#6399 = CARTESIAN_POINT ( 'NONE',  ( 15.39898525164207399, 22.88361638605466197, 14.33463872611832990 ) ) ;
#6400 = VECTOR ( 'NONE', #3998, 1000.000000000000000 ) ;
#6401 = ORIENTED_EDGE ( 'NONE', *, *, #7909, .F. ) ;
#6403 = ORIENTED_EDGE ( 'NONE', *, *, #7180, .T. ) ;
#6402 = CARTESIAN_POINT ( 'NONE',  ( 15.55465681605732442, 93.68683069499120109, 7.165387497439692055 ) ) ;
#6404 = FACE_OUTER_BOUND ( 'NONE', #2773, .T. ) ;
#6405 = CARTESIAN_POINT ( 'NONE',  ( 14.74562540694328838, 102.4028350065310917, 6.666512981081460509 ) ) ;
#6406 = CARTESIAN_POINT ( 'NONE',  ( -23.57176326643500985, 36.80930820440407558, 14.99849376570875137 ) ) ;
#6407 = CARTESIAN_POINT ( 'NONE',  ( -23.65114955047872769, 48.78054092948085696, 11.72572697018139642 ) ) ;
#6408 = CARTESIAN_POINT ( 'NONE',  ( 12.50000000000001066, 109.9999999999999716, -17.50000000000000355 ) ) ;
#6409 = CARTESIAN_POINT ( 'NONE',  ( -9.193783631265405987, 45.61853383124648076, 14.04892458701359637 ) ) ;
#6410 = ORIENTED_EDGE ( 'NONE', *, *, #6241, .T. ) ;
#6412 = ORIENTED_EDGE ( 'NONE', *, *, #7514, .T. ) ;
#6411 = CARTESIAN_POINT ( 'NONE',  ( 4.999999999999995559, 104.9999999101306543, 6.483912629826004803 ) ) ;
#6413 = CARTESIAN_POINT ( 'NONE',  ( -22.15141265259007852, 56.69290338360673331, 10.84017654988689650 ) ) ;
#6414 = CARTESIAN_POINT ( 'NONE',  ( -19.00000000000000000, -1.517883041479706208E-15, 8.000000000000000000 ) ) ;
#6415 = B_SPLINE_SURFACE_WITH_KNOTS ( 'NONE', 1, 3, ( 
 ( #7780, #5370, #2224, #408 ),
 ( #2872, #3574, #7819, #2264 ) ),
 .UNSPECIFIED., .F., .F., .F.,
 ( 2, 2 ),
 ( 4, 4 ),
 ( 0.000000000000000000, 1.000000000000000000 ),
 ( 0.000000000000000000, 0.007425631884721485554 ),
 .UNSPECIFIED. ) ;
#6416 = CARTESIAN_POINT ( 'NONE',  ( 6.999999999999957367, 63.75000000000000000, -17.50000000000000355 ) ) ;
#6417 = CARTESIAN_POINT ( 'NONE',  ( 24.00000000000000000, 6.123233995736766282E-16, -5.000000000000000000 ) ) ;
#6418 = EDGE_LOOP ( 'NONE', ( #7253, #915 ) ) ;
#6419 = PLANE ( 'NONE',  #2297 ) ;
#6420 = EDGE_LOOP ( 'NONE', ( #3785, #2745 ) ) ;
#6421 = CARTESIAN_POINT ( 'NONE',  ( -14.46157922250729122, 87.07249179323730459, 9.669964206225515113 ) ) ;
#6422 = CARTESIAN_POINT ( 'NONE',  ( 13.34314575050761675, -1.272953681650235517E-15, 10.00000000000000000 ) ) ;
#6423 = ORIENTED_EDGE ( 'NONE', *, *, #4595, .T. ) ;
#6424 = CARTESIAN_POINT ( 'NONE',  ( 16.71664159589189325, 24.90830584641850010, 16.15793852071608327 ) ) ;
#6425 = CARTESIAN_POINT ( 'NONE',  ( 19.86621572502995292, 58.17090570520964121, 12.64352235804053670 ) ) ;
#6426 = ADVANCED_FACE ( 'NONE', ( #1982 ), #5079, .T. ) ;
#6427 = EDGE_LOOP ( 'NONE', ( #6388, #5218 ) ) ;
#6428 = CARTESIAN_POINT ( 'NONE',  ( 20.54843111946205525, 8.735630141515606795, 8.374867008044912353 ) ) ;
#6429 = DIRECTION ( 'NONE',  ( -0.7071067811865525687, 0.000000000000000000, -0.7071067811865425767 ) ) ;
#6430 = CARTESIAN_POINT ( 'NONE',  ( 18.20771584823897626, 66.26677986239009499, -17.50000000000000355 ) ) ;
#6431 = CARTESIAN_POINT ( 'NONE',  ( -7.263390143330280324, 45.23598023996624562, 12.07155533705593875 ) ) ;
#6432 = DIRECTION ( 'NONE',  ( 0.000000000000000000, 0.000000000000000000, 1.000000000000000000 ) ) ;
#6433 = CARTESIAN_POINT ( 'NONE',  ( -20.69651351263586747, 8.328777110051760246, 7.974581162413308277 ) ) ;
#6434 = CARTESIAN_POINT ( 'NONE',  ( 5.110771190780011075, 51.15025220478806034, 11.41156781821064925 ) ) ;
#6435 = ADVANCED_FACE ( 'NONE', ( #3198 ), #282, .F. ) ;
#6436 = ORIENTED_EDGE ( 'NONE', *, *, #1575, .F. ) ;
#6437 = EDGE_CURVE ( 'NONE', #1565, #2671, #2684, .T. ) ;
#6439 = ORIENTED_EDGE ( 'NONE', *, *, #6437, .F. ) ;
#6438 = CARTESIAN_POINT ( 'NONE',  ( 16.18148969914516044, 88.89573663721606067, 7.531122495516373583 ) ) ;
#6440 = CARTESIAN_POINT ( 'NONE',  ( -14.54835460195087649, 106.7151486890310110, 6.534183157005649889 ) ) ;
#6441 = CARTESIAN_POINT ( 'NONE',  ( 15.04973616594539187, 98.50223398939864694, 6.859225652115992666 ) ) ;
#6442 = CARTESIAN_POINT ( 'NONE',  ( -24.70558631349449996, 25.91190233811982679, 16.06805499948122673 ) ) ;
#6443 = CARTESIAN_POINT ( 'NONE',  ( -19.15668163233002730, 71.72316213357443360, 9.178222134974136637 ) ) ;
#6444 = DIRECTION ( 'NONE',  ( 0.000000000000000000, 0.000000000000000000, -1.000000000000000000 ) ) ;
#6445 = CARTESIAN_POINT ( 'NONE',  ( -7.865944775809081690, 49.26923671680674488, 13.64323714197119841 ) ) ;
#6446 = VERTEX_POINT ( 'NONE', #1423 ) ;
#6448 = ORIENTED_EDGE ( 'NONE', *, *, #3155, .F. ) ;
#6447 = CARTESIAN_POINT ( 'NONE',  ( -15.99953115139102877, 77.72642383249227294, -17.50000000000000711 ) ) ;
#6449 = CARTESIAN_POINT ( 'NONE',  ( -23.68471878749058135, 48.57086508025762583, 11.74836110828044511 ) ) ;
#6450 = CARTESIAN_POINT ( 'NONE',  ( 26.01709147945838652, 33.27060733407855508, -15.50000000000001599 ) ) ;
#6451 = DIRECTION ( 'NONE',  ( -0.000000000000000000, -0.000000000000000000, -1.000000000000000000 ) ) ;
#6452 = CARTESIAN_POINT ( 'NONE',  ( -15.43042315500724371, 94.68711463592160271, -15.50000000000001599 ) ) ;
#6453 = VECTOR ( 'NONE', #7485, 1000.000000000000000 ) ;
#6454 = VECTOR ( 'NONE', #808, 1000.000000000000114 ) ;
#6455 = ORIENTED_EDGE ( 'NONE', *, *, #5310, .T. ) ;
#6456 = ORIENTED_EDGE ( 'NONE', *, *, #4245, .F. ) ;
#6457 = VERTEX_POINT ( 'NONE', #729 ) ;
#6458 = CARTESIAN_POINT ( 'NONE',  ( -12.50000385973113204, 109.5248971897203347, 8.499999999999992895 ) ) ;
#6459 = FACE_BOUND ( 'NONE', #5430, .T. ) ;
#6460 = ORIENTED_EDGE ( 'NONE', *, *, #4449, .T. ) ;
#6461 = CARTESIAN_POINT ( 'NONE',  ( 13.60957922903152806, 33.46827149633394782, 15.34190340326831326 ) ) ;
#6462 = CARTESIAN_POINT ( 'NONE',  ( 18.21867595794889283, 66.42943099359528958, 11.72595535210610862 ) ) ;
#6463 = ORIENTED_EDGE ( 'NONE', *, *, #1131, .T. ) ;
#6464 = CONICAL_SURFACE ( 'NONE', #1411, 17.50000000000000355, 0.7853981633974526089 ) ;
#6465 = DIRECTION ( 'NONE',  ( 0.000000000000000000, 0.000000000000000000, 1.000000000000000000 ) ) ;
#6466 = CARTESIAN_POINT ( 'NONE',  ( 20.99999999999999645, 8.000000000000000000, 0.000000000000000000 ) ) ;
#6467 = CARTESIAN_POINT ( 'NONE',  ( 16.96874157091367508, 72.57197426780018645, -17.50000000000000711 ) ) ;
#6468 = CARTESIAN_POINT ( 'NONE',  ( -5.298513420729701551, 50.63443466732322662, 11.46949995488189877 ) ) ;
#6469 = LINE ( 'NONE', #7757, #7472 ) ;
#6470 = CARTESIAN_POINT ( 'NONE',  ( -21.43690423645714205, 3.071142277760940953, 9.813820026232516369 ) ) ;
#6471 = CALENDAR_DATE ( 2026, 7, 1 ) ;
#6472 = DIRECTION ( 'NONE',  ( -1.000000000000000000, 0.000000000000000000, 1.196361017915039239E-16 ) ) ;
#6473 = AXIS2_PLACEMENT_3D ( 'NONE', #6466, #3920, #3383 ) ;
#6474 = ORIENTED_EDGE ( 'NONE', *, *, #2906, .T. ) ;
#6476 = ADVANCED_FACE ( 'NONE', ( #6928 ), #6103, .T. ) ;
#6475 = CC_DESIGN_APPROVAL ( #2955, ( #1935 ) ) ;
#6478 = ORIENTED_EDGE ( 'NONE', *, *, #5162, .T. ) ;
#6477 = CARTESIAN_POINT ( 'NONE',  ( 26.01657891470776462, 33.27482377658979118, 13.37647282917202318 ) ) ;
#6479 = CARTESIAN_POINT ( 'NONE',  ( -32.97687763316800158, 8.000000000000000000, 0.000000000000000000 ) ) ;
#6480 = CARTESIAN_POINT ( 'NONE',  ( 15.61988976372865778, 93.16729655606398808, 7.203736914837945982 ) ) ;
#6481 = CARTESIAN_POINT ( 'NONE',  ( -24.84125124322201472, 23.64279978285220096, 16.26868342617622787 ) ) ;
#6482 = CARTESIAN_POINT ( 'NONE',  ( -12.69562179554956494, 103.2467159315742435, 8.630268400785297445 ) ) ;
#6483 = CARTESIAN_POINT ( 'NONE',  ( 27.00000000000000000, 2.921039566823074640, 15.47855645676869507 ) ) ;
#6484 = ADVANCED_FACE ( 'NONE', ( #5884 ), #7736, .F. ) ;
#6485 = CARTESIAN_POINT ( 'NONE',  ( 14.50000000000000000, 118.0000000000000142, -15.50000000000001776 ) ) ;
#6486 = EDGE_LOOP ( 'NONE', ( #1546, #3974, #2035, #5595 ) ) ;
#6487 = ADVANCED_FACE ( 'NONE', ( #2137 ), #4063, .F. ) ;
#6489 = ORIENTED_EDGE ( 'NONE', *, *, #4387, .T. ) ;
#6488 = CARTESIAN_POINT ( 'NONE',  ( -13.69077268018360449, 92.47109148616195284, -17.50000000000001066 ) ) ;
#6490 = CARTESIAN_POINT ( 'NONE',  ( -24.33886366661273470, 44.81211663829210323, 12.16231737729618345 ) ) ;
#6491 = CARTESIAN_POINT ( 'NONE',  ( 22.35144121684423268, 44.60200465528110669, -17.49999999999999645 ) ) ;
#6492 = CARTESIAN_POINT ( 'NONE',  ( 22.87219914376064622, 1.891197595797274200, -10.57568172146548235 ) ) ;
#6493 = CARTESIAN_POINT ( 'NONE',  ( -14.50615041741450639, 108.6678603721160670, -15.50000000000001776 ) ) ;
#6494 = ADVANCED_FACE ( 'NONE', ( #2831 ), #4183, .T. ) ;
#6495 = CARTESIAN_POINT ( 'NONE',  ( -20.99999999999999645, 4.336808689942017736E-16, -8.000000000000000000 ) ) ;
#6496 = ORIENTED_EDGE ( 'NONE', *, *, #5605, .F. ) ;
#6497 = ORIENTED_EDGE ( 'NONE', *, *, #5545, .T. ) ;
#6498 = CARTESIAN_POINT ( 'NONE',  ( -19.00000000005329781, 9.882272240344388337, -2.749371412467793707 ) ) ;
#6499 = CARTESIAN_POINT ( 'NONE',  ( -17.53733291528807925, 69.86457633450388016, 11.35379408974803894 ) ) ;
#6500 = FACE_BOUND ( 'NONE', #2598, .T. ) ;
#6501 = ORIENTED_EDGE ( 'NONE', *, *, #3152, .F. ) ;
#6502 = FACE_OUTER_BOUND ( 'NONE', #1768, .T. ) ;
#6503 = CARTESIAN_POINT ( 'NONE',  ( 18.78252103184352961, 63.60951389746831097, 12.03643774366229557 ) ) ;
#6504 = VERTEX_POINT ( 'NONE', #5970 ) ;
#6505 = CARTESIAN_POINT ( 'NONE',  ( 22.00000000000000000, 1.661568750910032755, -10.11442975584878390 ) ) ;
#6506 = CARTESIAN_POINT ( 'NONE',  ( 19.08620191345440276, 54.41028835150044785, -15.50000000000000533 ) ) ;
#6507 = CARTESIAN_POINT ( 'NONE',  ( 17.56392714533884103, 69.51619693677659484, -17.50000000000000355 ) ) ;
#6508 = CARTESIAN_POINT ( 'NONE',  ( -5.010982290239593517, 51.42441995573501856, 11.38077550831148699 ) ) ;
#6509 = FACE_OUTER_BOUND ( 'NONE', #1487, .T. ) ;
#6510 = CARTESIAN_POINT ( 'NONE',  ( -21.47481459009279448, 6.190412474201709259, 9.652903123189682688 ) ) ;
#6511 = LINE ( 'NONE', #64, #2803 ) ;
#6512 = VECTOR ( 'NONE', #6262, 1000.000000000000000 ) ;
#6513 = ORIENTED_EDGE ( 'NONE', *, *, #7376, .F. ) ;
#6514 = AXIS2_PLACEMENT_3D ( 'NONE', #2740, #6077, #626 ) ;
#6515 = AXIS2_PLACEMENT_3D ( 'NONE', #3119, #6889, #1340 ) ;
#6517 = ORIENTED_EDGE ( 'NONE', *, *, #4560, .T. ) ;
#6516 = CARTESIAN_POINT ( 'NONE',  ( 21.68296874100161631, 48.64692625299554862, 13.71337947105055299 ) ) ;
#6518 = CARTESIAN_POINT ( 'NONE',  ( -15.43411020014338675, 94.71876183287086803, 7.093559237526287475 ) ) ;
#6519 = CARTESIAN_POINT ( 'NONE',  ( -25.32870312079679920, 38.47830227685450666, -15.50000000000000533 ) ) ;
#6520 = CARTESIAN_POINT ( 'NONE',  ( -24.99997452082167371, 19.54923077602634862, 16.61010383038821914 ) ) ;
#6521 = DIRECTION ( 'NONE',  ( 0.000000000000000000, 0.000000000000000000, -1.000000000000000000 ) ) ;
#6522 = CARTESIAN_POINT ( 'NONE',  ( -15.10337894712269602, 83.01749217152593019, 10.02722860137630434 ) ) ;
#6523 = FACE_OUTER_BOUND ( 'NONE', #4983, .T. ) ;
#6524 = LINE ( 'NONE', #7847, #5010 ) ;
#6525 = EDGE_CURVE ( 'NONE', #5190, #6546, #5922, .T. ) ;
#6526 = VERTEX_POINT ( 'NONE', #483 ) ;
#6528 = EDGE_LOOP ( 'NONE', ( #5021, #3769 ) ) ;
#6527 = CARTESIAN_POINT ( 'NONE',  ( -15.42810320669250679, 80.95619665788700559, -17.50000000000000711 ) ) ;
#6529 = CARTESIAN_POINT ( 'NONE',  ( -25.52643976300947060, 37.07980788168802633, 12.98781954011281847 ) ) ;
#6530 = CARTESIAN_POINT ( 'NONE',  ( 12.55226869102789600, 106.0873241708434449, -17.50000000000000711 ) ) ;
#6531 = CARTESIAN_POINT ( 'NONE',  ( -14.50000000000000000, 110.0000000000000000, -15.50000000000001776 ) ) ;
#6532 = FACE_OUTER_BOUND ( 'NONE', #523, .T. ) ;
#6533 = CARTESIAN_POINT ( 'NONE',  ( -23.29526034840159809, 50.71952554413196168, -15.50000000000001599 ) ) ;
#6534 = EDGE_CURVE ( 'NONE', #5965, #5879, #5431, .T. ) ;
#6535 = AXIS2_PLACEMENT_3D ( 'NONE', #5719, #5113, #6839 ) ;
#6536 = ADVANCED_FACE ( 'NONE', ( #1011 ), #6415, .T. ) ;
#6537 = ADVANCED_FACE ( 'NONE', ( #1701, #4752, #5406, #7210, #448, #2911 ), #4792, .T. ) ;
#6538 = FACE_OUTER_BOUND ( 'NONE', #6330, .T. ) ;
#6539 = ORIENTED_EDGE ( 'NONE', *, *, #2599, .T. ) ;
#6540 = LINE ( 'NONE', #7742, #7983 ) ;
#6541 = CARTESIAN_POINT ( 'NONE',  ( -15.39730819217924207, 81.32340671170886992, 10.18844436192161496 ) ) ;
#6542 = DIRECTION ( 'NONE',  ( 0.000000000000000000, 0.000000000000000000, 1.000000000000000000 ) ) ;
#6543 = VERTEX_POINT ( 'NONE', #1312 ) ;
#6544 = CARTESIAN_POINT ( 'NONE',  ( 22.47903892381081548, 3.431328793247726328, 9.699565176984544124 ) ) ;
#6545 = CARTESIAN_POINT ( 'NONE',  ( 15.84129224960493687, 78.80704619908091502, 10.43136051198849046 ) ) ;
#6546 = VERTEX_POINT ( 'NONE', #6228 ) ;
#6547 = CARTESIAN_POINT ( 'NONE',  ( -19.14715161466007132, 8.802982024562881591, -5.315120201364678110 ) ) ;
#6548 = DIRECTION ( 'NONE',  ( 0.000000000000000000, 0.000000000000000000, -1.000000000000000000 ) ) ;
#6549 = CARTESIAN_POINT ( 'NONE',  ( 24.34834176438985054, 29.98826235893803727, -17.50000000000000355 ) ) ;
#6550 = CARTESIAN_POINT ( 'NONE',  ( 23.00000000000000000, 2.099955002467737142, 15.48577982849569956 ) ) ;
#6551 = DIRECTION ( 'NONE',  ( -0.000000000000000000, -0.000000000000000000, -1.000000000000000000 ) ) ;
#6552 = CARTESIAN_POINT ( 'NONE',  ( 19.57896893654343273, 11.39920559809958256, -1.727197826984122164 ) ) ;
#6553 = CARTESIAN_POINT ( 'NONE',  ( -27.00000000000000000, -9.251858538542916607E-16, 15.50000000000001776 ) ) ;
#6554 = VERTEX_POINT ( 'NONE', #4443 ) ;
#6555 =( BOUNDED_CURVE ( )  B_SPLINE_CURVE ( 3, ( #3913, #4474, #6937, #4072 ),
 .UNSPECIFIED., .F., .F. ) 
 B_SPLINE_CURVE_WITH_KNOTS ( ( 4, 4 ),
 ( 0.4628918671603595159, 1.407973572365796899 ),
 .UNSPECIFIED. ) 
 CURVE ( )  GEOMETRIC_REPRESENTATION_ITEM ( )  RATIONAL_B_SPLINE_CURVE ( ( 1.000000000000000000, 0.9269431294573309277, 0.9269431294573309277, 1.000000000000000000 ) ) 
 REPRESENTATION_ITEM ( '' )  );
#6557 = ORIENTED_EDGE ( 'NONE', *, *, #6626, .T. ) ;
#6556 = CARTESIAN_POINT ( 'NONE',  ( 26.59908309293573936, 27.39848138405946543, 13.94049860985397515 ) ) ;
#6558 = CARTESIAN_POINT ( 'NONE',  ( 18.99999999999999645, 8.000000000000000000, 0.000000000000000000 ) ) ;
#6559 = CARTESIAN_POINT ( 'NONE',  ( 18.35847935658785701, 75.97421228763877821, 8.741825174767829054 ) ) ;
#6560 = CARTESIAN_POINT ( 'NONE',  ( -24.40664393625983308, 29.56990996875880739, 15.72626884977760042 ) ) ;
#6561 = DIRECTION ( 'NONE',  ( 0.000000000000000000, 0.000000000000000000, 1.000000000000000000 ) ) ;
#6562 = CARTESIAN_POINT ( 'NONE',  ( -18.08283517912218485, 77.44101039359311756, 8.591133750083438159 ) ) ;
#6563 = CARTESIAN_POINT ( 'NONE',  ( 25.00000000000001066, 5.906129932030010465, 17.40242044797271603 ) ) ;
#6564 = DIRECTION ( 'NONE',  ( 0.000000000000000000, 1.000000000000000000, 0.000000000000000000 ) ) ;
#6565 = ORIENTED_EDGE ( 'NONE', *, *, #5090, .T. ) ;
#6567 = ORIENTED_EDGE ( 'NONE', *, *, #1428, .T. ) ;
#6566 = CARTESIAN_POINT ( 'NONE',  ( -12.50001779812254910, 108.1033781705714603, -17.50000000000000711 ) ) ;
#6568 = CARTESIAN_POINT ( 'NONE',  ( -22.93862131489099454, 52.60481842962203558, 11.29852049276035508 ) ) ;
#6569 = DIRECTION ( 'NONE',  ( -1.000000000000000000, 0.000000000000000000, -0.000000000000000000 ) ) ;
#6570 = CARTESIAN_POINT ( 'NONE',  ( -14.70873592678420394, 102.6327715234862694, 6.499999999999993783 ) ) ;
#6571 = CARTESIAN_POINT ( 'NONE',  ( -23.70952636211836051, 1.903592990675653462, 16.19784859624176576 ) ) ;
#6572 = CARTESIAN_POINT ( 'NONE',  ( -22.20499518843444520, 56.48298591888382703, -15.50000000000001954 ) ) ;
#6573 = VECTOR ( 'NONE', #2689, 1000.000000000000000 ) ;
#6574 = AXIS2_PLACEMENT_3D ( 'NONE', #4650, #1371, #2122 ) ;
#6575 = ORIENTED_EDGE ( 'NONE', *, *, #172, .F. ) ;
#6576 = CARTESIAN_POINT ( 'NONE',  ( 20.99999999999999645, 8.000000000000000000, -2.000000000000000000 ) ) ;
#6577 = ADVANCED_FACE ( 'NONE', ( #3177 ), #6310, .F. ) ;
#6578 = CARTESIAN_POINT ( 'NONE',  ( -15.75462424888733892, 79.28497569920904198, 10.38410328146746942 ) ) ;
#6579 = DIRECTION ( 'NONE',  ( 0.000000000000000000, 0.000000000000000000, 1.000000000000000000 ) ) ;
#6580 = VERTEX_POINT ( 'NONE', #1957 ) ;
#6581 = CARTESIAN_POINT ( 'NONE',  ( 23.30249720341329933, 6.714761906409250081, 17.38280244806822594 ) ) ;
#6582 = CARTESIAN_POINT ( 'NONE',  ( 15.57304575147686521, 80.31470259993955096, 10.28477087673614143 ) ) ;
#6583 = ADVANCED_FACE ( 'NONE', ( #667 ), #5530, .F. ) ;
#6584 = VERTEX_POINT ( 'NONE', #5446 ) ;
#6585 = VECTOR ( 'NONE', #6057, 1000.000000000000000 ) ;
#6586 = DIRECTION ( 'NONE',  ( 1.000000000000000000, 0.000000000000000000, 0.000000000000000000 ) ) ;
#6587 = CARTESIAN_POINT ( 'NONE',  ( -25.66424923846238570, 0.1557489589752777404, 17.49994204744983151 ) ) ;
#6588 = CARTESIAN_POINT ( 'NONE',  ( 19.85041274263670275, 58.02780517431737906, -17.50000000000000000 ) ) ;
#6589 = CARTESIAN_POINT ( 'NONE',  ( -5.056817706597096951, 51.29848818428150281, 11.39492100918497286 ) ) ;
#6590 = DIRECTION ( 'NONE',  ( 0.000000000000000000, 0.000000000000000000, -1.000000000000000000 ) ) ;
#6591 = CARTESIAN_POINT ( 'NONE',  ( 19.54716774607251040, 11.48657865083023033, 0.8691303818754463340 ) ) ;
#6592 = CARTESIAN_POINT ( 'NONE',  ( 12.50000000000001243, 118.0000000000000142, 8.499999999999992895 ) ) ;
#6593 = EDGE_CURVE ( 'NONE', #3290, #7512, #7707, .T. ) ;
#6594 = EDGE_LOOP ( 'NONE', ( #306, #5276, #234, #4852 ) ) ;
#6596 = ORIENTED_EDGE ( 'NONE', *, *, #6091, .T. ) ;
#6595 = FACE_OUTER_BOUND ( 'NONE', #6941, .T. ) ;
#6597 = CYLINDRICAL_SURFACE ( 'NONE', #5829, 5.000000000000000000 ) ;
#6598 = CIRCLE ( 'NONE', #7623, 5.000000000000000000 ) ;
#6599 = CARTESIAN_POINT ( 'NONE',  ( 17.33070709637514994, 81.69244172323509190, 8.176573586744874333 ) ) ;
#6600 = CARTESIAN_POINT ( 'NONE',  ( -19.00000000000000000, 0.000000000000000000, 5.000000000000000000 ) ) ;
#6601 = CARTESIAN_POINT ( 'NONE',  ( -5.000000000000002665, 118.0000000000000142, 5.499999999999998224 ) ) ;
#6602 = CARTESIAN_POINT ( 'NONE',  ( -23.26562883562943540, 39.03680809823780606, 14.76484421521316293 ) ) ;
#6603 = LINE ( 'NONE', #402, #8012 ) ;
#6604 = CIRCLE ( 'NONE', #6346, 1.000000000000000888 ) ;
#6605 = CARTESIAN_POINT ( 'NONE',  ( -6.243121359735454234, 53.72920638654763081, 13.14296540169936911 ) ) ;
#6606 = EDGE_CURVE ( 'NONE', #4670, #5667, #1355, .T. ) ;
#6607 = ORIENTED_EDGE ( 'NONE', *, *, #3611, .T. ) ;
#6608 = AXIS2_PLACEMENT_3D ( 'NONE', #1118, #3025, #4825 ) ;
#6611 = ORIENTED_EDGE ( 'NONE', *, *, #4899, .T. ) ;
#6610 = DIRECTION ( 'NONE',  ( 0.000000000000000000, 0.000000000000000000, -1.000000000000000000 ) ) ;
#6609 = CARTESIAN_POINT ( 'NONE',  ( 26.35637396795936382, 29.99999999999998934, 6.499999999999993783 ) ) ;
#6612 = CARTESIAN_POINT ( 'NONE',  ( -17.54407824242476721, 80.46218647142175939, 8.294591097872320518 ) ) ;
#6613 = CARTESIAN_POINT ( 'NONE',  ( 17.18280909144167978, 71.39539217332435328, -17.50000000000000355 ) ) ;
#6614 = PLANE ( 'NONE',  #3010 ) ;
#6615 = CYLINDRICAL_SURFACE ( 'NONE', #1247, 1.000000000000000888 ) ;
#6616 = CARTESIAN_POINT ( 'NONE',  ( -17.19547351112374756, 71.38919492820923551, -17.49999999999999645 ) ) ;
#6617 = CARTESIAN_POINT ( 'NONE',  ( -20.42247625049294513, 55.10766701284318003, -17.50000000000000711 ) ) ;
#6618 = FACE_OUTER_BOUND ( 'NONE', #2664, .T. ) ;
#6619 = CARTESIAN_POINT ( 'NONE',  ( -18.14142089264194624, 66.81684079597133064, 11.68362326432093923 ) ) ;
#6620 = CYLINDRICAL_SURFACE ( 'NONE', #1664, 1.000000000000001776 ) ;
#6621 = ORIENTED_EDGE ( 'NONE', *, *, #3661, .F. ) ;
#6622 = CARTESIAN_POINT ( 'NONE',  ( -13.50000000000000178, 115.0000000000000000, 3.499999999999996891 ) ) ;
#6623 = CARTESIAN_POINT ( 'NONE',  ( 15.44504871196986429, 81.04784139415018274, 10.21463578905502345 ) ) ;
#6624 = EDGE_CURVE ( 'NONE', #2186, #4243, #3612, .T. ) ;
#6625 = EDGE_LOOP ( 'NONE', ( #1220, #7430, #7242, #6117 ) ) ;
#6626 = EDGE_CURVE ( 'NONE', #4371, #7535, #2875, .T. ) ;
#6627 = CARTESIAN_POINT ( 'NONE',  ( 4.999999999999997335, 79.52049869174365426, 5.499999999999997335 ) ) ;
#6628 = CARTESIAN_POINT ( 'NONE',  ( -25.63392297777652473, 0.2401048906784710724, 17.49983212482872474 ) ) ;
#6629 = CARTESIAN_POINT ( 'NONE',  ( 20.96263021157979978, 52.29039805908750083, -17.50000000000000711 ) ) ;
#6630 = CARTESIAN_POINT ( 'NONE',  ( -14.94628193388657422, 24.12740852930003754, 14.22569651033808746 ) ) ;
#6631 = CARTESIAN_POINT ( 'NONE',  ( -26.99999999999999645, 4.332708552960242265, 15.44223347094837884 ) ) ;
#6632 = CARTESIAN_POINT ( 'NONE',  ( 21.43690423645714915, 3.071142277760880557, -9.813820026232525251 ) ) ;
#6633 = CARTESIAN_POINT ( 'NONE',  ( 24.00000000000000000, 0.000000000000000000, 0.000000000000000000 ) ) ;
#6634 = ORIENTED_EDGE ( 'NONE', *, *, #5686, .T. ) ;
#6635 = ADVANCED_FACE ( 'NONE', ( #5706 ), #7434, .F. ) ;
#6636 = ADVANCED_FACE ( 'NONE', ( #6086 ), #1273, .F. ) ;
#6637 = EDGE_CURVE ( 'NONE', #5879, #5965, #610, .T. ) ;
#6639 = EDGE_LOOP ( 'NONE', ( #4750, #7112, #4737, #5145 ) ) ;
#6638 = CARTESIAN_POINT ( 'NONE',  ( 2.521584453126103131, 58.32328709881844020, 10.62641716505109812 ) ) ;
#6640 = DIRECTION ( 'NONE',  ( 0.000000000000000000, -1.000000000000000000, 0.000000000000000000 ) ) ;
#6641 = CARTESIAN_POINT ( 'NONE',  ( 16.43891711753966689, 87.20317411847183564, 7.677046391570047312 ) ) ;
#6642 = DIRECTION ( 'NONE',  ( 1.000000000000000000, -0.000000000000000000, 0.000000000000000000 ) ) ;
#6643 = DIRECTION ( 'NONE',  ( 1.000000000000000000, -0.000000000000000000, 0.000000000000000000 ) ) ;
#6644 = DIRECTION ( 'NONE',  ( 0.000000000000000000, 0.000000000000000000, -1.000000000000000000 ) ) ;
#6647 = VERTEX_POINT ( 'NONE', #5663 ) ;
#6646 = DIRECTION ( 'NONE',  ( 1.000000000000000000, -0.000000000000000000, -0.000000000000000000 ) ) ;
#6645 = DIRECTION ( 'NONE',  ( 0.1218693434053486069, -0.9925461516412973362, 0.000000000000000000 ) ) ;
#6648 = VECTOR ( 'NONE', #6283, 1000.000000000000000 ) ;
#6649 = CARTESIAN_POINT ( 'NONE',  ( -17.40878874213801808, 81.23954249028695074, 8.219804098493861844 ) ) ;
#6650 = CARTESIAN_POINT ( 'NONE',  ( 12.74395141851644198, 102.1921460399016013, -17.50000000000000000 ) ) ;
#6651 = DIRECTION ( 'NONE',  ( 0.000000000000000000, 0.000000000000000000, -1.000000000000000000 ) ) ;
#6652 = DIRECTION ( 'NONE',  ( 1.000000000000000000, -0.000000000000000000, 0.000000000000000000 ) ) ;
#6653 = CARTESIAN_POINT ( 'NONE',  ( -24.99997323429441209, 19.46014885313341836, -17.49999999999999645 ) ) ;
#6654 = CARTESIAN_POINT ( 'NONE',  ( -22.01809440454528044, 46.50820109103520394, -17.50000000000000711 ) ) ;
#6655 = CARTESIAN_POINT ( 'NONE',  ( -19.94080603139513030, 10.40506635047422002, -1.988428081854803464 ) ) ;
#6656 = CARTESIAN_POINT ( 'NONE',  ( -16.39186081735803313, 75.81291456067280876, 10.73117499511174699 ) ) ;
#6657 = CARTESIAN_POINT ( 'NONE',  ( 23.00000000000000000, 1.995477668849486852, 11.07161094299844883 ) ) ;
#6658 = ORIENTED_EDGE ( 'NONE', *, *, #2752, .T. ) ;
#6659 = CARTESIAN_POINT ( 'NONE',  ( 20.94034437489095879, 7.658857321839768417, 8.593376825476367387 ) ) ;
#6660 = CARTESIAN_POINT ( 'NONE',  ( 13.21646591172571128, 96.77448511319362012, 8.952051505897413719 ) ) ;
#6661 = ORIENTED_EDGE ( 'NONE', *, *, #6231, .T. ) ;
#6662 = LINE ( 'NONE', #461, #3627 ) ;
#6663 = CARTESIAN_POINT ( 'NONE',  ( 20.81258424512467187, 53.08066838897889994, -17.50000000000000355 ) ) ;
#6664 = CARTESIAN_POINT ( 'NONE',  ( -13.19063747985888035, 28.95100202333174266, 13.77917303115693670 ) ) ;
#6665 = EDGE_LOOP ( 'NONE', ( #467, #3115 ) ) ;
#6666 = CARTESIAN_POINT ( 'NONE',  ( -32.97687763316800158, 115.0000000000000000, -12.50000000000000355 ) ) ;
#6667 = CARTESIAN_POINT ( 'NONE',  ( 19.60376758501794114, 11.33107187138289440, 2.167710888385142365 ) ) ;
#6668 = EDGE_CURVE ( 'NONE', #6709, #7734, #2195, .T. ) ;
#6669 = DIRECTION ( 'NONE',  ( 0.000000000000000000, 0.000000000000000000, -1.000000000000000000 ) ) ;
#6670 = ORIENTED_EDGE ( 'NONE', *, *, #2113, .T. ) ;
#6671 = AXIS2_PLACEMENT_3D ( 'NONE', #5035, #1941, #4427 ) ;
#6673 = VERTEX_POINT ( 'NONE', #92 ) ;
#6672 = CARTESIAN_POINT ( 'NONE',  ( 23.53981686544141994, 37.10826538576425548, 14.96888394413916146 ) ) ;
#6674 = CARTESIAN_POINT ( 'NONE',  ( 24.00000000000000000, 0.000000000000000000, 5.000000000000000000 ) ) ;
#6675 = CARTESIAN_POINT ( 'NONE',  ( 17.40364852095981263, 81.26925956515707128, 8.216959764562451696 ) ) ;
#6676 = CARTESIAN_POINT ( 'NONE',  ( -19.00000000000000000, 1.255262969126037241E-15, 10.25000000000000000 ) ) ;
#6677 = EDGE_CURVE ( 'NONE', #7304, #688, #3069, .T. ) ;
#6678 = DIRECTION ( 'NONE',  ( 1.000000000000000000, -0.000000000000000000, 0.000000000000000000 ) ) ;
#6679 = PLANE ( 'NONE',  #7848 ) ;
#6680 = ORIENTED_EDGE ( 'NONE', *, *, #4651, .F. ) ;
#6681 = ADVANCED_FACE ( 'NONE', ( #4611, #2041, #4529, #7676, #2158, #2120 ), #1445, .F. ) ;
#6684 = ORIENTED_EDGE ( 'NONE', *, *, #7215, .T. ) ;
#6683 = CARTESIAN_POINT ( 'NONE',  ( 13.34314575050761675, 4.336808689942017736E-16, -8.000000000000000000 ) ) ;
#6682 = CARTESIAN_POINT ( 'NONE',  ( -20.00065175410508900, 6.666451651535290068, -7.829521107656356449 ) ) ;
#6685 = CYLINDRICAL_SURFACE ( 'NONE', #8003, 5.000000000000000000 ) ;
#6686 = CARTESIAN_POINT ( 'NONE',  ( -20.26951686907765549, 66.15322962216872327, 9.786878612774998487 ) ) ;
#6687 = CARTESIAN_POINT ( 'NONE',  ( -14.64388296893071306, 104.2739301558014233, -15.50000000000000533 ) ) ;
#6688 = FACE_OUTER_BOUND ( 'NONE', #7698, .T. ) ;
#6689 = DIRECTION ( 'NONE',  ( 0.000000000000000000, 0.000000000000000000, -1.000000000000000000 ) ) ;
#6690 = CARTESIAN_POINT ( 'NONE',  ( -11.50000000000000000, 115.0000000000000000, -11.50000000000000355 ) ) ;
#6691 = B_SPLINE_CURVE_WITH_KNOTS ( 'NONE', 1,
 ( #6531, #2345 ),
 .UNSPECIFIED., .F., .F.,
 ( 2, 2 ),
 ( 0.000000000000000000, 1.000000000000000000 ),
 .UNSPECIFIED. ) ;
#6692 = CARTESIAN_POINT ( 'NONE',  ( -20.88071302248633287, 52.72343959866910978, -17.49999999999999645 ) ) ;
#6693 = CARTESIAN_POINT ( 'NONE',  ( 24.23865366294840840, -1.403172969475238840, 15.56289155483061393 ) ) ;
#6694 = CARTESIAN_POINT ( 'NONE',  ( -19.85491931477355365, 58.22809665970026316, 12.63710211578762355 ) ) ;
#6695 = CARTESIAN_POINT ( 'NONE',  ( -25.00000000000001066, 0.000000000000000000, 17.50000000000000355 ) ) ;
#6696 = ORIENTED_EDGE ( 'NONE', *, *, #6016, .F. ) ;
#6697 = CARTESIAN_POINT ( 'NONE',  ( 12.96833885761009775, 99.41506030332537591, 8.801649666653871051 ) ) ;
#6698 = CIRCLE ( 'NONE', #2418, 1.000000000000001776 ) ;
#6699 = VERTEX_POINT ( 'NONE', #831 ) ;
#6700 = CARTESIAN_POINT ( 'NONE',  ( 27.00000000000000000, 0.000000000000000000, -12.25000000000001066 ) ) ;
#6701 = CARTESIAN_POINT ( 'NONE',  ( -26.02818528296947775, -0.8462009712964275732, 17.49999999999999645 ) ) ;
#6702 = CARTESIAN_POINT ( 'NONE',  ( 23.68040199621460218, 35.78184095323905467, -17.50000000000000711 ) ) ;
#6703 = CARTESIAN_POINT ( 'NONE',  ( -20.38646777355183204, 9.180620777183319703, 15.29583384236899590 ) ) ;
#6704 = ORIENTED_EDGE ( 'NONE', *, *, #2599, .F. ) ;
#6705 = CARTESIAN_POINT ( 'NONE',  ( -27.00000000000001066, 8.673543104526716618, 15.28720693897830785 ) ) ;
#6706 = CARTESIAN_POINT ( 'NONE',  ( 22.76890635564450704, 2.634924569654251592, -9.947984654618505118 ) ) ;
#6707 = ORIENTED_EDGE ( 'NONE', *, *, #3007, .T. ) ;
#6709 = VERTEX_POINT ( 'NONE', #4690 ) ;
#6708 = FACE_BOUND ( 'NONE', #1508, .T. ) ;
#6710 = DIRECTION ( 'NONE',  ( 1.000000000000000000, -0.000000000000000000, 0.000000000000000000 ) ) ;
#6711 = CARTESIAN_POINT ( 'NONE',  ( 20.68000803452226677, 64.09996606839501965, 10.01335476468858943 ) ) ;
#6712 = DIRECTION ( 'NONE',  ( 0.000000000000000000, 1.000000000000000000, -1.224646799147353207E-16 ) ) ;
#6713 = DIRECTION ( 'NONE',  ( -0.1218693434053486624, -0.9925461516412972252, 0.000000000000000000 ) ) ;
#6714 = CARTESIAN_POINT ( 'NONE',  ( 3.621717827287221247, 103.6217178272871990, 6.592582302444636611 ) ) ;
#6715 = EDGE_LOOP ( 'NONE', ( #458, #6004, #7627, #1945 ) ) ;
#6716 = ADVANCED_FACE ( 'NONE', ( #342 ), #5546, .T. ) ;
#6717 = VECTOR ( 'NONE', #3759, 1000.000000000000000 ) ;
#6720 = ORIENTED_EDGE ( 'NONE', *, *, #3411, .F. ) ;
#6719 = CARTESIAN_POINT ( 'NONE',  ( 25.82984247266186628, 34.74900278155168820, -15.50000000000000178 ) ) ;
#6718 = CARTESIAN_POINT ( 'NONE',  ( 0.000000000000000000, 118.0000000000000142, -14.50000000000000533 ) ) ;
#6721 = DIRECTION ( 'NONE',  ( -1.000000000000000000, -0.000000000000000000, -0.000000000000000000 ) ) ;
#6722 = CARTESIAN_POINT ( 'NONE',  ( -16.47646778629927411, 86.95563830450564069, 7.698342571151227887 ) ) ;
#6723 = EDGE_CURVE ( 'NONE', #6254, #2277, #2294, .T. ) ;
#6724 = DIRECTION ( 'NONE',  ( 0.000000000000000000, 0.000000000000000000, -1.000000000000000000 ) ) ;
#6725 = DIRECTION ( 'NONE',  ( 0.7071067811865532349, -0.7071067811865417996, 0.000000000000000000 ) ) ;
#6726 = CARTESIAN_POINT ( 'NONE',  ( -19.30425360383047106, 17.77009356189889289, 16.74225092805779980 ) ) ;
#6727 = VECTOR ( 'NONE', #3786, 1000.000000000000000 ) ;
#6728 = ADVANCED_FACE ( 'NONE', ( #3923 ), #2202, .T. ) ;
#6729 = CARTESIAN_POINT ( 'NONE',  ( -22.09241302531587436, 46.08175134189759348, -17.50000000000000000 ) ) ;
#6730 = EDGE_CURVE ( 'NONE', #6835, #4069, #4082, .T. ) ;
#6731 = CARTESIAN_POINT ( 'NONE',  ( 23.95053688483576693, -0.6115786274447668758, 15.56289055520888986 ) ) ;
#6732 = CIRCLE ( 'NONE', #1163, 5.000000000000000000 ) ;
#6733 = CARTESIAN_POINT ( 'NONE',  ( -21.46733104106587575, 49.80433388937201045, 13.58341533598628104 ) ) ;
#6734 = CARTESIAN_POINT ( 'NONE',  ( 23.00000000000000000, 1.995477668849486852, 11.07161094299844883 ) ) ;
#6735 = DIRECTION ( 'NONE',  ( 0.000000000000000000, 0.000000000000000000, 1.000000000000000000 ) ) ;
#6736 = ORIENTED_EDGE ( 'NONE', *, *, #7823, .F. ) ;
#6737 = CARTESIAN_POINT ( 'NONE',  ( -20.62941185485986040, 8.513137399601770738, -5.773073437670424468 ) ) ;
#6738 = CARTESIAN_POINT ( 'NONE',  ( -10.58238546494774113, 41.79978461491653974, 14.46944910852081634 ) ) ;
#6739 = CARTESIAN_POINT ( 'NONE',  ( 24.99997700466230555, 19.39296845936343416, -17.50000000000000355 ) ) ;
#6740 = B_SPLINE_SURFACE_WITH_KNOTS ( 'NONE', 1, 3, ( 
 ( #875, #955, #3312, #5311, #7601, #3476, #5267, #5189, #4695, #4617, #6402, #4045, #6438, #2208, #7721, #7157, #4005, #2696, #7766, #2166, #3390, #4656, #1449, #996, #2735, #347, #224, #3351, #1526, #6477, #5954, #6556, #269, #7114, #7000, #2048 ),
 ( #5228, #7039, #838, #395, #5789, #7643, #3929, #7682, #3431, #5832, #2125, #1604, #2087, #4086, #1488, #916, #5144, #5869, #3966, #4536, #307, #1564, #2815, #4575, #6516, #5909, #2858, #7319, #6672, #1191, #3523, #1725, #2979, #7197, #6072, #4821 ) ),
 .UNSPECIFIED., .F., .F., .F.,
 ( 2, 2 ),
 ( 4, 2, 2, 2, 2, 2, 2, 2, 2, 2, 2, 2, 2, 2, 2, 2, 2, 4 ),
 ( 0.000000000000000000, 1.000000000000000000 ),
 ( 0.000000000000000000, 0.005859478453057741058, 0.008789217679586611154, 0.01171895690611548212, 0.01464869613264435308, 0.01757843535917322231, 0.02343791381223096423, 0.02929739226528870616, 0.03515687071834644462, 0.04687582762446192847, 0.05273530607751966692, 0.05859478453057741232, 0.06445426298363515771, 0.07031374143669288923, 0.07617321988975063463, 0.08203269834280838002, 0.08789217679586611154, 0.09375165524892385693 ),
 .UNSPECIFIED. ) ;
#6741 = CARTESIAN_POINT ( 'NONE',  ( -17.86057644688721879, 16.12045016119046181, 14.87161709774135865 ) ) ;
#6742 = ORIENTED_EDGE ( 'NONE', *, *, #7657, .T. ) ;
#6743 = CARTESIAN_POINT ( 'NONE',  ( -27.00000000000000000, 17.50000000000000355, 14.75501308386013477 ) ) ;
#6744 = CARTESIAN_POINT ( 'NONE',  ( -19.00000000000000000, 4.336808689942017736E-16, -8.000000000000000000 ) ) ;
#6745 = CARTESIAN_POINT ( 'NONE',  ( 20.79647559482489427, 53.38915481476291092, 13.18119433800187146 ) ) ;
#6746 = ORIENTED_EDGE ( 'NONE', *, *, #7455, .T. ) ;
#6748 = ORIENTED_EDGE ( 'NONE', *, *, #2150, .F. ) ;
#6747 = DIRECTION ( 'NONE',  ( -1.000000000000000000, -0.000000000000000000, -0.000000000000000000 ) ) ;
#6749 = CARTESIAN_POINT ( 'NONE',  ( -19.00000000000618527, 10.24998411786833330, 0.3975150787412062292 ) ) ;
#6750 = CARTESIAN_POINT ( 'NONE',  ( 27.00000000000002842, 17.50000000000001066, -15.50000000000001776 ) ) ;
#6751 = CARTESIAN_POINT ( 'NONE',  ( 22.92970716330462366, 52.65194665949026387, 11.29324531190710523 ) ) ;
#6752 = LINE ( 'NONE', #1082, #7250 ) ;
#6753 = CARTESIAN_POINT ( 'NONE',  ( -2.500000000000000000, 58.32328709881840467, 20.50000000000000711 ) ) ;
#6754 = CARTESIAN_POINT ( 'NONE',  ( -29.01166342986738300, 55.62898178555392548, 6.499999999999993783 ) ) ;
#6755 = VERTEX_POINT ( 'NONE', #7149 ) ;
#6758 = ORIENTED_EDGE ( 'NONE', *, *, #5048, .T. ) ;
#6757 = CARTESIAN_POINT ( 'NONE',  ( 25.27596877718062274, 38.85156437890680792, -15.50000000000000711 ) ) ;
#6756 = LINE ( 'NONE', #4256, #2705 ) ;
#6759 = CARTESIAN_POINT ( 'NONE',  ( -26.99999999999999645, 47.50000000000000000, -15.50000000000520828 ) ) ;
#6760 = DIRECTION ( 'NONE',  ( 1.000000000000000000, -0.000000000000000000, -0.000000000000000000 ) ) ;
#6761 = DIRECTION ( 'NONE',  ( 0.000000000000000000, 0.000000000000000000, -1.000000000000000000 ) ) ;
#6762 = FACE_OUTER_BOUND ( 'NONE', #5714, .T. ) ;
#6763 = EDGE_CURVE ( 'NONE', #239, #2573, #5303, .T. ) ;
#6764 = CARTESIAN_POINT ( 'NONE',  ( -24.59176083297829152, 3.137454963377559469, 17.47299466525170430 ) ) ;
#6765 = AXIS2_PLACEMENT_3D ( 'NONE', #2384, #4877, #6166 ) ;
#6766 = VECTOR ( 'NONE', #5047, 1000.000000000000000 ) ;
#6767 = AXIS2_PLACEMENT_3D ( 'NONE', #1580, #449, #5371 ) ;
#6768 = CARTESIAN_POINT ( 'NONE',  ( -20.33020323342653413, 55.58315659785408513, -17.50000000000000355 ) ) ;
#6769 = DIRECTION ( 'NONE',  ( 1.000000000000000000, -0.000000000000000000, 0.000000000000000000 ) ) ;
#6770 = CARTESIAN_POINT ( 'NONE',  ( -22.00035891926536280, 46.83005985832507179, 13.91483831819357420 ) ) ;
#6771 = CARTESIAN_POINT ( 'NONE',  ( 13.34314575050761675, 8.000000000000000000, 0.000000000000000000 ) ) ;
#6772 = EDGE_CURVE ( 'NONE', #6543, #4353, #7069, .T. ) ;
#6773 = CARTESIAN_POINT ( 'NONE',  ( -11.50000000000000000, 79.52049869174365426, 0.000000000000000000 ) ) ;
#6774 = CIRCLE ( 'NONE', #5374, 2.250000000000000444 ) ;
#6775 = EDGE_CURVE ( 'NONE', #711, #512, #2479, .T. ) ;
#6776 = EDGE_CURVE ( 'NONE', #6149, #5723, #6469, .T. ) ;
#6777 = VERTEX_POINT ( 'NONE', #5223 ) ;
#6778 = CARTESIAN_POINT ( 'NONE',  ( -24.23865366294840484, -1.403172969475238396, 15.56289155483061215 ) ) ;
#6779 = FACE_OUTER_BOUND ( 'NONE', #5721, .T. ) ;
#6780 = CARTESIAN_POINT ( 'NONE',  ( -20.34238680247730713, 9.301732249838194022, 15.28981498472617062 ) ) ;
#6781 = EDGE_LOOP ( 'NONE', ( #6897, #225, #6143, #2222 ) ) ;
#6782 = CARTESIAN_POINT ( 'NONE',  ( 23.00000000000000000, 0.000000000000000000, -15.49999999999998579 ) ) ;
#6783 = CARTESIAN_POINT ( 'NONE',  ( 22.17086890957173040, 45.84817676632728478, 14.02358022564570383 ) ) ;
#6784 = EDGE_LOOP ( 'NONE', ( #1873, #6567 ) ) ;
#6785 = CIRCLE ( 'NONE', #3295, 10.25000000000000000 ) ;
#6786 = DIRECTION ( 'NONE',  ( 1.000000000000000000, -0.000000000000000000, -0.000000000000000000 ) ) ;
#6787 = LINE ( 'NONE', #2407, #2059 ) ;
#6788 = CARTESIAN_POINT ( 'NONE',  ( 22.93213115292730464, 52.63913419819757422, 11.29467947619248314 ) ) ;
#6789 = DIRECTION ( 'NONE',  ( 0.000000000000000000, -1.000000000000000000, 0.000000000000000000 ) ) ;
#6790 = CARTESIAN_POINT ( 'NONE',  ( -23.00000000000000000, 2.000000000000054179, -1.505509499091451279E-14 ) ) ;
#6791 = ORIENTED_EDGE ( 'NONE', *, *, #7025, .F. ) ;
#6794 = ORIENTED_EDGE ( 'NONE', *, *, #1865, .T. ) ;
#6793 = CARTESIAN_POINT ( 'NONE',  ( -22.51967492055321429, 1.767917200271051481, 10.20476855332518440 ) ) ;
#6792 = CARTESIAN_POINT ( 'NONE',  ( 21.21278372680872693, 12.49753793504092414, 17.09386099851700891 ) ) ;
#6795 = CARTESIAN_POINT ( 'NONE',  ( 24.00000000000000000, 0.000000000000000000, 0.000000000000000000 ) ) ;
#6796 = DIRECTION ( 'NONE',  ( 0.000000000000000000, 0.000000000000000000, -1.000000000000000000 ) ) ;
#6797 = CARTESIAN_POINT ( 'NONE',  ( 19.00000000000000000, 0.000000000000000000, 0.000000000000000000 ) ) ;
#6798 = CARTESIAN_POINT ( 'NONE',  ( 26.35637396795935672, 29.99999999999998579, -15.50000000000000355 ) ) ;
#6799 = DIRECTION ( 'NONE',  ( 0.000000000000000000, 0.000000000000000000, -1.000000000000000000 ) ) ;
#6800 = CARTESIAN_POINT ( 'NONE',  ( -29.01166342986738300, 55.62898178555392548, -15.50000000000000533 ) ) ;
#6801 = CARTESIAN_POINT ( 'NONE',  ( -18.14040925136575666, 66.60491108601861754, -17.50000000000000355 ) ) ;
#6802 = CARTESIAN_POINT ( 'NONE',  ( -25.77302442592303322, 35.19127652531442152, 13.18138864033102386 ) ) ;
#6803 = CARTESIAN_POINT ( 'NONE',  ( -7.184959519165663444, 105.0590618706625463, 8.573399160350142267 ) ) ;
#6804 = LINE ( 'NONE', #2508, #236 ) ;
#6805 = CARTESIAN_POINT ( 'NONE',  ( 12.50000000000001243, 110.0000000000000000, 8.499999999999992895 ) ) ;
#6806 = CIRCLE ( 'NONE', #4758, 1.000000000000000888 ) ;
#6807 = VERTEX_POINT ( 'NONE', #3261 ) ;
#6808 = EDGE_CURVE ( 'NONE', #1747, #8024, #216, .T. ) ;
#6809 = B_SPLINE_CURVE_WITH_KNOTS ( 'NONE', 1,
 ( #3056, #6942 ),
 .UNSPECIFIED., .F., .F.,
 ( 2, 2 ),
 ( 0.000000000000000000, 1.000000000000000000 ),
 .UNSPECIFIED. ) ;
#6810 = LINE ( 'NONE', #1302, #6727 ) ;
#6811 = PLANE ( 'NONE',  #7896 ) ;
#6812 = CARTESIAN_POINT ( 'NONE',  ( -3.000000000000014655, 103.0000000000000142, -15.50000000000001776 ) ) ;
#6813 = ORIENTED_EDGE ( 'NONE', *, *, #1865, .F. ) ;
#6814 = CARTESIAN_POINT ( 'NONE',  ( 6.546694561701722925, 52.89512609568223667, 13.23672543535102264 ) ) ;
#6815 = EDGE_CURVE ( 'NONE', #794, #7575, #7899, .T. ) ;
#6816 = CARTESIAN_POINT ( 'NONE',  ( 22.31962285131878332, 44.97890891331783791, 14.11955581624755851 ) ) ;
#6817 = ORIENTED_EDGE ( 'NONE', *, *, #2501, .F. ) ;
#6818 = ADVANCED_FACE ( 'NONE', ( #6509 ), #5905, .T. ) ;
#6819 = AXIS2_PLACEMENT_3D ( 'NONE', #6144, #1744, #1587 ) ;
#6820 = VECTOR ( 'NONE', #6244, 999.9999999999998863 ) ;
#6821 = CARTESIAN_POINT ( 'NONE',  ( -3.237592810446577796E-13, 58.32328709881841888, -15.50000000000001066 ) ) ;
#6822 = CARTESIAN_POINT ( 'NONE',  ( -19.00000000003504042, 10.22693040513768103, 0.7943609956465700339 ) ) ;
#6823 = CARTESIAN_POINT ( 'NONE',  ( -13.50000000000000178, 115.0000000000000000, -10.25000000000000178 ) ) ;
#6824 = ADVANCED_FACE ( 'NONE', ( #3014 ), #3633, .F. ) ;
#6825 = DIRECTION ( 'NONE',  ( -1.000000000000000000, 0.000000000000000000, 0.000000000000000000 ) ) ;
#6826 = CARTESIAN_POINT ( 'NONE',  ( 24.94314544574208625, 41.06890082798502561, 12.56713553824333118 ) ) ;
#6827 = CARTESIAN_POINT ( 'NONE',  ( 0.000000000000000000, 0.000000000000000000, 0.000000000000000000 ) ) ;
#6828 = CARTESIAN_POINT ( 'NONE',  ( -25.00000000000001066, 0.000000000000000000, 0.000000000000000000 ) ) ;
#6829 = CIRCLE ( 'NONE', #1529, 1.000000000000000888 ) ;
#6830 = CARTESIAN_POINT ( 'NONE',  ( -23.05415620276173883, 1.851207055788862021, 15.54304912220728596 ) ) ;
#6831 = AXIS2_PLACEMENT_3D ( 'NONE', #5685, #5240, #7655 ) ;
#6832 = ORIENTED_EDGE ( 'NONE', *, *, #4651, .T. ) ;
#6835 = VERTEX_POINT ( 'NONE', #6067 ) ;
#6834 = CARTESIAN_POINT ( 'NONE',  ( -13.34314575050761675, -1.272953681650235517E-15, 6.000000000000000000 ) ) ;
#6833 = CARTESIAN_POINT ( 'NONE',  ( 7.858134455587800993, 43.60193367168969303, 12.25312780343104535 ) ) ;
#6836 = CARTESIAN_POINT ( 'NONE',  ( 19.08620191345440276, 54.41028835150044785, 6.499999999999993783 ) ) ;
#6837 = CARTESIAN_POINT ( 'NONE',  ( 23.00000000000000000, 1.377727649040772389E-15, 11.25000000000000000 ) ) ;
#6838 = DIRECTION ( 'NONE',  ( -1.000000000000000000, -0.000000000000000000, -0.000000000000000000 ) ) ;
#6839 = DIRECTION ( 'NONE',  ( 0.000000000000000000, 0.000000000000000000, -1.000000000000000000 ) ) ;
#6840 = FACE_OUTER_BOUND ( 'NONE', #7393, .T. ) ;
#6841 = CARTESIAN_POINT ( 'NONE',  ( -22.93987622433109408, 7.717940319879458499, 17.33036806490546766 ) ) ;
#6842 = ORIENTED_EDGE ( 'NONE', *, *, #3765, .T. ) ;
#6843 = AXIS2_PLACEMENT_3D ( 'NONE', #6033, #5512, #1154 ) ;
#6845 = ORIENTED_EDGE ( 'NONE', *, *, #6378, .T. ) ;
#6844 = CARTESIAN_POINT ( 'NONE',  ( -17.72392769799610690, 68.70438952994690851, -17.50000000000000355 ) ) ;
#6846 = LINE ( 'NONE', #1296, #4534 ) ;
#6847 = FACE_OUTER_BOUND ( 'NONE', #5167, .T. ) ;
#6848 = DIRECTION ( 'NONE',  ( 0.000000000000000000, 0.000000000000000000, -1.000000000000000000 ) ) ;
#6849 = CIRCLE ( 'NONE', #1675, 1.999999999999999556 ) ;
#6850 = CARTESIAN_POINT ( 'NONE',  ( 12.65357722030549326, 104.0952242898404734, 8.602878215675350049 ) ) ;
#6851 = CIRCLE ( 'NONE', #7752, 1.000000000000000666 ) ;
#6852 = ORIENTED_EDGE ( 'NONE', *, *, #539, .T. ) ;
#6853 = VECTOR ( 'NONE', #2335, 999.9999999999998863 ) ;
#6854 = CARTESIAN_POINT ( 'NONE',  ( 15.27495579314653718, 81.84812819558199237, -17.50000000000000000 ) ) ;
#6855 = CARTESIAN_POINT ( 'NONE',  ( -23.63213587482844247, 0.2632209578818692775, 15.56027786362904486 ) ) ;
#6856 = CARTESIAN_POINT ( 'NONE',  ( 14.50000000000000000, 118.0000000000000142, 0.000000000000000000 ) ) ;
#6857 = FACE_OUTER_BOUND ( 'NONE', #3250, .T. ) ;
#6858 = ORIENTED_EDGE ( 'NONE', *, *, #4998, .F. ) ;
#6859 = CARTESIAN_POINT ( 'NONE',  ( 7.842136031037999722, 49.33468425972778704, 13.63592433894732103 ) ) ;
#6860 = CARTESIAN_POINT ( 'NONE',  ( 20.97611132069889095, 52.44241320552506380, 13.28759776790227853 ) ) ;
#6861 = EDGE_CURVE ( 'NONE', #7239, #3859, #6028, .T. ) ;
#6862 = ORIENTED_EDGE ( 'NONE', *, *, #1087, .F. ) ;
#6863 = DIRECTION ( 'NONE',  ( 0.000000000000000000, 0.000000000000000000, -1.000000000000000000 ) ) ;
#6864 = CARTESIAN_POINT ( 'NONE',  ( -19.00000000000000000, 9.171340364085937225, 4.577009495957816476 ) ) ;
#6865 = CARTESIAN_POINT ( 'NONE',  ( 27.00000000000000000, 0.000000000000000000, 0.000000000000000000 ) ) ;
#6866 = CARTESIAN_POINT ( 'NONE',  ( 25.66508484673251544, 36.02926591873471551, 13.09579614475216580 ) ) ;
#6867 = APPROVAL_STATUS ( 'not_yet_approved' ) ;
#6868 = CARTESIAN_POINT ( 'NONE',  ( 15.30707651935607672, 23.13613355266113203, 14.31272070054654577 ) ) ;
#6869 = EDGE_CURVE ( 'NONE', #579, #3225, #1756, .T. ) ;
#6870 = CARTESIAN_POINT ( 'NONE',  ( 25.00000000000001066, 17.64627690009261229, 16.74965667821458482 ) ) ;
#6871 = EDGE_LOOP ( 'NONE', ( #3207, #2417, #4239, #1343 ) ) ;
#6872 = EDGE_CURVE ( 'NONE', #5640, #5879, #3554, .T. ) ;
#6873 = EDGE_CURVE ( 'NONE', #1468, #7543, #2851, .T. ) ;
#6876 = ORIENTED_EDGE ( 'NONE', *, *, #5053, .T. ) ;
#6875 = DIRECTION ( 'NONE',  ( 0.000000000000000000, 0.000000000000000000, -1.000000000000000000 ) ) ;
#6874 = DIRECTION ( 'NONE',  ( -0.000000000000000000, 1.000000000000000000, -0.000000000000000000 ) ) ;
#6877 = CARTESIAN_POINT ( 'NONE',  ( 19.00000000005322676, 9.882272240344338599, 2.749371412467929154 ) ) ;
#6878 = DIRECTION ( 'NONE',  ( -0.000000000000000000, -1.000000000000000000, 0.000000000000000000 ) ) ;
#6879 = DIRECTION ( 'NONE',  ( 0.000000000000000000, 0.000000000000000000, 1.000000000000000000 ) ) ;
#6880 = DIRECTION ( 'NONE',  ( -1.000000000000000000, 0.000000000000000000, -0.000000000000000000 ) ) ;
#6881 = CARTESIAN_POINT ( 'NONE',  ( -26.99999999999998224, 16.04357025399599124, 14.86181125079148835 ) ) ;
#6882 = CARTESIAN_POINT ( 'NONE',  ( -7.468259060442785646, 50.36237451861914138, 13.52098866003808020 ) ) ;
#6883 = ORIENTED_EDGE ( 'NONE', *, *, #2360, .T. ) ;
#6885 = VERTEX_POINT ( 'NONE', #1148 ) ;
#6884 = CARTESIAN_POINT ( 'NONE',  ( -17.32662932964417379, 70.72574553865740654, -17.50000000000000000 ) ) ;
#6886 = CARTESIAN_POINT ( 'NONE',  ( -26.88768818403776351, 22.55259652974316964, 14.36213342257360814 ) ) ;
#6887 = CARTESIAN_POINT ( 'NONE',  ( 26.74492809366214630, 25.42341311610631394, -15.50000000000001421 ) ) ;
#6888 = DIRECTION ( 'NONE',  ( 0.000000000000000000, 0.000000000000000000, -1.000000000000000000 ) ) ;
#6889 = DIRECTION ( 'NONE',  ( -1.000000000000000000, 0.000000000000000000, 0.000000000000000000 ) ) ;
#6890 = CONICAL_SURFACE ( 'NONE', #3793, 12.24999999999998224, 0.7853981633974469467 ) ;
#6891 = ORIENTED_EDGE ( 'NONE', *, *, #7667, .T. ) ;
#6892 = CARTESIAN_POINT ( 'NONE',  ( 13.14327713061806691, 97.37825185939500727, -17.50000000000000355 ) ) ;
#6893 = ORIENTED_EDGE ( 'NONE', *, *, #6397, .T. ) ;
#6894 = CARTESIAN_POINT ( 'NONE',  ( -7.184957976769031696, 118.0000000000000142, 8.499999999999994671 ) ) ;
#6895 = CIRCLE ( 'NONE', #6127, 1.000000000000000666 ) ;
#6896 = CARTESIAN_POINT ( 'NONE',  ( 24.80342767252460234, 24.17266975963201148, -17.50000000000000711 ) ) ;
#6897 = ORIENTED_EDGE ( 'NONE', *, *, #3362, .F. ) ;
#6898 = CARTESIAN_POINT ( 'NONE',  ( 21.29903761563479492, 12.25873033279238378, 17.10528761821761279 ) ) ;
#6899 = CARTESIAN_POINT ( 'NONE',  ( 22.97867904823266727, 40.89937277827935702, 14.56410944669167229 ) ) ;
#6900 = ORIENTED_EDGE ( 'NONE', *, *, #1474, .F. ) ;
#6901 = FACE_OUTER_BOUND ( 'NONE', #5536, .T. ) ;
#6902 = CARTESIAN_POINT ( 'NONE',  ( -19.66870557096100924, 11.15265622133946444, 3.008779546176611142 ) ) ;
#6903 = CARTESIAN_POINT ( 'NONE',  ( 24.00000000000000000, 8.000000000000000000, 2.000000000000000000 ) ) ;
#6904 = CARTESIAN_POINT ( 'NONE',  ( -25.00000000072528294, 80.48211638685566527, 8.499999999999992895 ) ) ;
#6905 = CARTESIAN_POINT ( 'NONE',  ( 24.93704447488398301, 41.10841021103497184, 12.56291008642718232 ) ) ;
#6906 = CARTESIAN_POINT ( 'NONE',  ( 7.718906911755595068, 43.98445820453478916, 12.20962352696321496 ) ) ;
#6907 = CIRCLE ( 'NONE', #5064, 2.000000000000000000 ) ;
#6908 = ORIENTED_EDGE ( 'NONE', *, *, #4056, .T. ) ;
#6909 = CIRCLE ( 'NONE', #7561, 1.999999999999999556 ) ;
#6910 = EDGE_CURVE ( 'NONE', #3505, #7660, #5115, .T. ) ;
#6913 = ORIENTED_EDGE ( 'NONE', *, *, #4445, .T. ) ;
#6912 = PLANE ( 'NONE',  #1293 ) ;
#6911 = CARTESIAN_POINT ( 'NONE',  ( 14.61802536473559577, 25.02928604083002995, 14.15130092781085480 ) ) ;
#6914 = CARTESIAN_POINT ( 'NONE',  ( 19.66870557096092753, 11.15265622133966339, -3.008779546176502784 ) ) ;
#6915 = CARTESIAN_POINT ( 'NONE',  ( -23.00000000000000000, 1.999999999999970468, -11.12715609645439940 ) ) ;
#6916 = CARTESIAN_POINT ( 'NONE',  ( -19.29052546470476770, 61.06890390132884505, 12.31899909817706096 ) ) ;
#6917 = FACE_OUTER_BOUND ( 'NONE', #1901, .T. ) ;
#6918 = LINE ( 'NONE', #2660, #4077 ) ;
#6919 = CARTESIAN_POINT ( 'NONE',  ( 20.99999999999999645, 8.000000000000000000, -1.000000000000000888 ) ) ;
#6920 = CC_DESIGN_PERSON_AND_ORGANIZATION_ASSIGNMENT ( #4042, #2731, ( #3704 ) ) ;
#6921 = EDGE_CURVE ( 'NONE', #7249, #6580, #4116, .T. ) ;
#6922 = CARTESIAN_POINT ( 'NONE',  ( -11.86236152768879393, 38.27774730132232150, 14.84399419384549823 ) ) ;
#6923 = ORIENTED_EDGE ( 'NONE', *, *, #4989, .F. ) ;
#6924 = AXIS2_PLACEMENT_3D ( 'NONE', #4743, #5874, #312 ) ;
#6926 = VERTEX_POINT ( 'NONE', #1035 ) ;
#6925 = CARTESIAN_POINT ( 'NONE',  ( -18.77246904517783221, 63.43958824600385782, -17.50000000000000711 ) ) ;
#6927 = DIRECTION ( 'NONE',  ( -1.000000000000000000, 0.000000000000000000, 0.000000000000000000 ) ) ;
#6928 = FACE_OUTER_BOUND ( 'NONE', #5245, .T. ) ;
#6929 = DIRECTION ( 'NONE',  ( 1.000000000000000000, -0.000000000000000000, -0.000000000000000000 ) ) ;
#6930 = EDGE_CURVE ( 'NONE', #6982, #7055, #1652, .T. ) ;
#6931 = LINE ( 'NONE', #5768, #1593 ) ;
#6932 = ORIENTED_EDGE ( 'NONE', *, *, #7511, .T. ) ;
#6933 = B_SPLINE_CURVE_WITH_KNOTS ( 'NONE', 3,
 ( #3880, #1479, #5743, #300 ),
 .UNSPECIFIED., .F., .F.,
 ( 4, 4 ),
 ( 0.000000000000000000, 5.572894715925457728E-05 ),
 .UNSPECIFIED. ) ;
#6934 = CARTESIAN_POINT ( 'NONE',  ( 13.68175739945286651, 92.54346847904025708, -17.50000000000000355 ) ) ;
#6935 = EDGE_LOOP ( 'NONE', ( #702, #4537, #3855, #609, #2636, #7929, #4728, #4462, #1263, #3803, #2753, #2682, #5331, #7788, #8005, #1373 ) ) ;
#6936 = CARTESIAN_POINT ( 'NONE',  ( -12.53484409187720949, 107.2292497643127547, 8.524104157331201748 ) ) ;
#6937 = CARTESIAN_POINT ( 'NONE',  ( -20.67734589795850653, 4.972512160764093636, 9.570517717440061745 ) ) ;
#6938 = ORIENTED_EDGE ( 'NONE', *, *, #182, .F. ) ;
#6939 = CARTESIAN_POINT ( 'NONE',  ( 14.35533027107259230, 31.41469985468687298, 15.54667780594258630 ) ) ;
#6940 = CARTESIAN_POINT ( 'NONE',  ( 18.74927798565256865, 63.77558729985233299, 12.01805394953931838 ) ) ;
#6941 = EDGE_LOOP ( 'NONE', ( #4725, #4055, #1283, #1513 ) ) ;
#6942 = CARTESIAN_POINT ( 'NONE',  ( -23.00000000000000000, -9.251858538542930412E-16, 15.50000000000001421 ) ) ;
#6943 = CARTESIAN_POINT ( 'NONE',  ( -14.51817839733992699, 108.0000000000000284, 6.499999999999993783 ) ) ;
#6944 = DIRECTION ( 'NONE',  ( 1.000000000000000000, -0.000000000000000000, 0.000000000000000000 ) ) ;
#6945 = CARTESIAN_POINT ( 'NONE',  ( -14.55649516234868379, 106.3460711665219662, -15.50000000000000533 ) ) ;
#6946 = CARTESIAN_POINT ( 'NONE',  ( -20.99495229912207961, 7.508823283091333955, 7.029482022034487798 ) ) ;
#6947 = FACE_OUTER_BOUND ( 'NONE', #6639, .T. ) ;
#6948 = CARTESIAN_POINT ( 'NONE',  ( 10.27607957503445135, 36.95868405452967664, 12.96776396462896308 ) ) ;
#6949 = ORIENTED_EDGE ( 'NONE', *, *, #3398, .T. ) ;
#6950 = AXIS2_PLACEMENT_3D ( 'NONE', #1329, #721, #5073 ) ;
#6951 = AXIS2_PLACEMENT_3D ( 'NONE', #704, #4973, #2562 ) ;
#6952 = VECTOR ( 'NONE', #2902, 1000.000000000000000 ) ;
#6955 = VERTEX_POINT ( 'NONE', #5427 ) ;
#6954 = DIRECTION ( 'NONE',  ( 0.000000000000000000, 0.000000000000000000, -1.000000000000000000 ) ) ;
#6953 = CARTESIAN_POINT ( 'NONE',  ( 12.50000000000001066, 109.9999999999999716, -17.50000000000000355 ) ) ;
#6956 = CARTESIAN_POINT ( 'NONE',  ( 19.94077394639813150, 10.40515450328171632, -1.988230310331678963 ) ) ;
#6957 = CARTESIAN_POINT ( 'NONE',  ( 14.97366057720539168, 99.36672388812267798, 6.811792327334807773 ) ) ;
#6958 = CARTESIAN_POINT ( 'NONE',  ( -19.28793776670278604, 61.08187049331236551, 12.31755161841939383 ) ) ;
#6959 = AXIS2_PLACEMENT_3D ( 'NONE', #6295, #2586, #6332 ) ;
#6960 = CARTESIAN_POINT ( 'NONE',  ( -25.52132465503178338, 37.17185378857857359, 12.97977776345590684 ) ) ;
#6961 = DIRECTION ( 'NONE',  ( 0.000000000000000000, 0.000000000000000000, -1.000000000000000000 ) ) ;
#6962 = CARTESIAN_POINT ( 'NONE',  ( -6.549260640590506277, 52.88807451790141556, 13.23751800309933557 ) ) ;
#6963 = EDGE_CURVE ( 'NONE', #4604, #211, #6182, .T. ) ;
#6964 = ORIENTED_EDGE ( 'NONE', *, *, #1482, .T. ) ;
#6965 = AXIS2_PLACEMENT_3D ( 'NONE', #3041, #5534, #1339 ) ;
#6966 = AXIS2_PLACEMENT_3D ( 'NONE', #2757, #2635, #5250 ) ;
#6967 = ADVANCED_FACE ( 'NONE', ( #2243 ), #6106, .F. ) ;
#6969 = ORIENTED_EDGE ( 'NONE', *, *, #1380, .F. ) ;
#6968 = CARTESIAN_POINT ( 'NONE',  ( -19.12603419653153480, 61.67105326815318733, -17.50000000000000711 ) ) ;
#6970 = CARTESIAN_POINT ( 'NONE',  ( -26.85599864165165584, 23.22808303238045724, 14.30542253523319651 ) ) ;
#6971 = DIRECTION ( 'NONE',  ( 0.000000000000000000, 0.000000000000000000, -1.000000000000000000 ) ) ;
#6972 = FACE_OUTER_BOUND ( 'NONE', #5774, .T. ) ;
#6973 = CARTESIAN_POINT ( 'NONE',  ( 13.50000000000000533, 115.0000000000000000, 3.499999999999996891 ) ) ;
#6974 = VECTOR ( 'NONE', #1969, 1000.000000000000000 ) ;
#6975 = VECTOR ( 'NONE', #3956, 1000.000000000000000 ) ;
#6976 = ADVANCED_FACE ( 'NONE', ( #424 ), #5024, .F. ) ;
#6977 = VERTEX_POINT ( 'NONE', #2398 ) ;
#6978 = EDGE_CURVE ( 'NONE', #6955, #3322, #2976, .T. ) ;
#6979 = EDGE_CURVE ( 'NONE', #1457, #7665, #3603, .T. ) ;
#6980 = CARTESIAN_POINT ( 'NONE',  ( 13.67787865515354895, 92.57467833554746051, -17.50000000000001066 ) ) ;
#6981 = CIRCLE ( 'NONE', #3498, 12.24999999999998224 ) ;
#6982 = VERTEX_POINT ( 'NONE', #1098 ) ;
#6983 = CARTESIAN_POINT ( 'NONE',  ( 2.499999999999998668, 58.32328709881844020, -15.50000000000000355 ) ) ;
#6984 = DIRECTION ( 'NONE',  ( 1.000000000000000000, 0.000000000000000000, 0.000000000000000000 ) ) ;
#6985 = ORIENTED_EDGE ( 'NONE', *, *, #4114, .T. ) ;
#6986 = VECTOR ( 'NONE', #7159, 1000.000000000000000 ) ;
#6987 = CARTESIAN_POINT ( 'NONE',  ( 12.73554241717826763, 35.87454396429902204, 15.09627232594249691 ) ) ;
#6988 = CARTESIAN_POINT ( 'NONE',  ( 18.04478056976524059, 67.30166330576037126, 11.63068432808030295 ) ) ;
#6989 = PRODUCT_DEFINITION_SHAPE ( 'NONE', 'NONE',  #3704 ) ;
#6990 = ORIENTED_EDGE ( 'NONE', *, *, #2811, .T. ) ;
#6991 = CARTESIAN_POINT ( 'NONE',  ( 24.00000000000000000, 4.336808689942017736E-16, -8.000000000000000000 ) ) ;
#6992 = DIRECTION ( 'NONE',  ( 0.000000000000000000, 0.000000000000000000, 1.000000000000000000 ) ) ;
#6993 = CARTESIAN_POINT ( 'NONE',  ( 17.09721860430227380, 71.90586639122041390, -17.50000000000000711 ) ) ;
#6994 = CARTESIAN_POINT ( 'NONE',  ( -19.00000000000000000, 9.171340364085937225, 4.577009495957818253 ) ) ;
#6995 = DIRECTION ( 'NONE',  ( 1.000000000000000000, -0.000000000000000000, -0.000000000000000000 ) ) ;
#6996 = CARTESIAN_POINT ( 'NONE',  ( 26.83944103104044743, 23.55724330429848123, 14.27751600680600674 ) ) ;
#6997 = APPROVAL_STATUS ( 'not_yet_approved' ) ;
#6998 = CARTESIAN_POINT ( 'NONE',  ( 10.37525707938889674, 36.68619610079798576, 12.99644411175665937 ) ) ;
#6999 = ORIENTED_EDGE ( 'NONE', *, *, #1426, .F. ) ;
#7001 = ORIENTED_EDGE ( 'NONE', *, *, #7812, .T. ) ;
#7000 = CARTESIAN_POINT ( 'NONE',  ( 26.99997098463352074, 19.49402493309084861, 14.61146663635812892 ) ) ;
#7002 = LINE ( 'NONE', #226, #1025 ) ;
#7003 = CARTESIAN_POINT ( 'NONE',  ( 14.63485671563615576, 104.4616936047245588, 6.593119619637109352 ) ) ;
#7004 = CARTESIAN_POINT ( 'NONE',  ( -24.82581054453353531, 23.93801751297582570, 16.24310349408740706 ) ) ;
#7005 = CARTESIAN_POINT ( 'NONE',  ( -24.00000000000000000, 0.000000000000000000, -10.25000000000000000 ) ) ;
#7006 = DIRECTION ( 'NONE',  ( 0.000000000000000000, 0.000000000000000000, -1.000000000000000000 ) ) ;
#7007 = CARTESIAN_POINT ( 'NONE',  ( -11.91361515788345926, 38.13670226300793331, 14.85890155580361061 ) ) ;
#7008 = ORIENTED_EDGE ( 'NONE', *, *, #836, .T. ) ;
#7010 = ORIENTED_EDGE ( 'NONE', *, *, #7354, .T. ) ;
#7009 = CARTESIAN_POINT ( 'NONE',  ( -13.55921290222737774, 93.52819382770688605, -17.50000000000000355 ) ) ;
#7011 = CARTESIAN_POINT ( 'NONE',  ( -24.96295897283534870, 40.94032115564082375, 12.58087939914034692 ) ) ;
#7012 = CARTESIAN_POINT ( 'NONE',  ( 14.50001889294405899, 108.0760148322796823, -15.50000000000000888 ) ) ;
#7013 = EDGE_CURVE ( 'NONE', #6214, #559, #2814, .T. ) ;
#7014 = DIRECTION ( 'NONE',  ( 1.000000000000000000, -0.000000000000000000, 0.000000000000000000 ) ) ;
#7015 = EDGE_LOOP ( 'NONE', ( #7291, #2374 ) ) ;
#7016 = LINE ( 'NONE', #3246, #4159 ) ;
#7017 = ORIENTED_EDGE ( 'NONE', *, *, #3964, .T. ) ;
#7018 = EDGE_CURVE ( 'NONE', #1603, #1720, #369, .T. ) ;
#7019 = CARTESIAN_POINT ( 'NONE',  ( -12.51858808301631854, 107.9597934715036303, 8.512976185361141646 ) ) ;
#7020 = LINE ( 'NONE', #1471, #2432 ) ;
#7021 = ORIENTED_EDGE ( 'NONE', *, *, #3055, .T. ) ;
#7022 = CARTESIAN_POINT ( 'NONE',  ( 18.65809640098454736, 19.55342247511378062, 16.60576432325101237 ) ) ;
#7023 = CARTESIAN_POINT ( 'NONE',  ( 19.33952387244017146, 60.82330593926280926, 12.34642335577306582 ) ) ;
#7024 = EDGE_CURVE ( 'NONE', #5265, #7969, #7732, .T. ) ;
#7025 = EDGE_CURVE ( 'NONE', #3401, #3279, #4722, .T. ) ;
#7026 = AXIS2_PLACEMENT_3D ( 'NONE', #3944, #6376, #3243 ) ;
#7027 = ORIENTED_EDGE ( 'NONE', *, *, #3255, .F. ) ;
#7028 = CIRCLE ( 'NONE', #1201, 2.000000000000000000 ) ;
#7029 = CARTESIAN_POINT ( 'NONE',  ( -20.96406082291135675, 64.27728522053590154, -15.50000000000001776 ) ) ;
#7030 = LINE ( 'NONE', #3341, #2450 ) ;
#7031 = CARTESIAN_POINT ( 'NONE',  ( 17.52658525849553683, 69.70612901624448909, -17.50000000000000711 ) ) ;
#7032 = CARTESIAN_POINT ( 'NONE',  ( -6.896735322306960292, 46.24335608146200371, 11.96000208398427311 ) ) ;
#7033 = DIRECTION ( 'NONE',  ( -0.7071067811865479058, 0.000000000000000000, -0.7071067811865472397 ) ) ;
#7034 = CARTESIAN_POINT ( 'NONE',  ( -20.53512196930640243, 5.328535234797363351, 8.794867290017352346 ) ) ;
#7035 = CARTESIAN_POINT ( 'NONE',  ( 17.87829652801982405, 16.07176463840772129, 14.87508951864452200 ) ) ;
#7036 = B_SPLINE_CURVE_WITH_KNOTS ( 'NONE', 1,
 ( #5528, #3111 ),
 .UNSPECIFIED., .F., .F.,
 ( 2, 2 ),
 ( 0.000000000000000000, 1.000000000000000000 ),
 .UNSPECIFIED. ) ;
#7037 = CIRCLE ( 'NONE', #3549, 1.999999999999999556 ) ;
#7038 = VERTEX_POINT ( 'NONE', #6576 ) ;
#7040 = ORIENTED_EDGE ( 'NONE', *, *, #6378, .F. ) ;
#7039 = CARTESIAN_POINT ( 'NONE',  ( 12.50001566042335277, 108.0723239723420050, 8.500101618484649180 ) ) ;
#7041 = CARTESIAN_POINT ( 'NONE',  ( -15.06924588728126047, 98.28796161234380691, 6.871329529257662827 ) ) ;
#7042 = CARTESIAN_POINT ( 'NONE',  ( 14.64380491262129169, 104.2764982859936111, 6.599104746082136153 ) ) ;
#7043 = DIRECTION ( 'NONE',  ( 0.000000000000000000, 0.000000000000000000, -1.000000000000000000 ) ) ;
#7044 = DIRECTION ( 'NONE',  ( 0.000000000000000000, 0.000000000000000000, -1.000000000000000000 ) ) ;
#7045 = CARTESIAN_POINT ( 'NONE',  ( -4.999999999999988454, 104.9999999101306969, 6.483912629826008356 ) ) ;
#7046 = CARTESIAN_POINT ( 'NONE',  ( -14.47025723451648638, 31.09817037383271554, 15.57780539474801884 ) ) ;
#7047 = ORIENTED_EDGE ( 'NONE', *, *, #3955, .T. ) ;
#7049 = ORIENTED_EDGE ( 'NONE', *, *, #7764, .T. ) ;
#7048 = DIRECTION ( 'NONE',  ( 0.000000000000000000, -1.000000000000000000, -0.000000000000000000 ) ) ;
#7050 = CARTESIAN_POINT ( 'NONE',  ( -21.60470957790269964, 59.46766761688053293, 10.52902384279262016 ) ) ;
#7051 = CARTESIAN_POINT ( 'NONE',  ( -15.00000000000001066, 118.0000000000000142, -15.00000000000001066 ) ) ;
#7052 = LINE ( 'NONE', #6416, #3280 ) ;
#7053 = DIRECTION ( 'NONE',  ( 0.000000000000000000, -1.000000000000000000, 0.000000000000000000 ) ) ;
#7054 = EDGE_LOOP ( 'NONE', ( #6193, #3941, #4170, #3733 ) ) ;
#7055 = VERTEX_POINT ( 'NONE', #4153 ) ;
#7056 = ORIENTED_EDGE ( 'NONE', *, *, #28, .F. ) ;
#7057 = CARTESIAN_POINT ( 'NONE',  ( -12.50000000000001421, 110.0000000000000000, 8.499999999999996447 ) ) ;
#7058 = CARTESIAN_POINT ( 'NONE',  ( 19.93969262078590532, 10.40812542098097282, 5.023547007758581096 ) ) ;
#7059 = ORIENTED_EDGE ( 'NONE', *, *, #6288, .F. ) ;
#7060 = CARTESIAN_POINT ( 'NONE',  ( 9.156572445770974511, 45.72085756527361156, 14.03762416650799416 ) ) ;
#7061 = CARTESIAN_POINT ( 'NONE',  ( 17.59138358306500294, 69.59018923936942258, 11.38323415926008764 ) ) ;
#7062 = EDGE_CURVE ( 'NONE', #7198, #5544, #6540, .T. ) ;
#7063 = VERTEX_POINT ( 'NONE', #4841 ) ;
#7064 = EDGE_CURVE ( 'NONE', #2439, #1417, #979, .T. ) ;
#7065 = CARTESIAN_POINT ( 'NONE',  ( 19.93969262078590532, 10.40812542098097282, 5.023547007758581096 ) ) ;
#7066 = CARTESIAN_POINT ( 'NONE',  ( -22.00000000000000000, 1.661568750910188408, 10.11442975584875725 ) ) ;
#7067 = CARTESIAN_POINT ( 'NONE',  ( 18.65821111391288056, 64.01095992312775707, -17.50000000000000000 ) ) ;
#7068 = CARTESIAN_POINT ( 'NONE',  ( -7.613400032366905101, 44.27433597325232739, 12.17769994928492494 ) ) ;
#7069 = LINE ( 'NONE', #5782, #743 ) ;
#7070 = CARTESIAN_POINT ( 'NONE',  ( 26.84319861947214036, 23.48379958574285808, 14.28375799516720690 ) ) ;
#7071 = CARTESIAN_POINT ( 'NONE',  ( -25.00000000000001421, 2.957599577728494022, 17.47827702120770965 ) ) ;
#7072 = CARTESIAN_POINT ( 'NONE',  ( 4.957016843729721955, 51.57268880145171863, 11.36412595511154855 ) ) ;
#7073 = ORIENTED_EDGE ( 'NONE', *, *, #7423, .F. ) ;
#7074 = EDGE_CURVE ( 'NONE', #3632, #820, #5156, .T. ) ;
#7076 = ORIENTED_EDGE ( 'NONE', *, *, #663, .T. ) ;
#7075 = FACE_OUTER_BOUND ( 'NONE', #4678, .T. ) ;
#7077 = DIRECTION ( 'NONE',  ( 0.000000000000000000, 0.000000000000000000, 1.000000000000000000 ) ) ;
#7078 = CARTESIAN_POINT ( 'NONE',  ( 15.56674869748608891, 93.60410485306017847, 7.172317082337786864 ) ) ;
#7079 = CARTESIAN_POINT ( 'NONE',  ( -24.51859667024079670, 28.36128402180221997, 15.84210166193299862 ) ) ;
#7080 = CARTESIAN_POINT ( 'NONE',  ( -19.10102925209279334, 62.01815341733943399, 12.21244282979574614 ) ) ;
#7081 = CARTESIAN_POINT ( 'NONE',  ( 10.00000000000000533, 46.35637396795941356, 6.499999999999993783 ) ) ;
#7082 = CARTESIAN_POINT ( 'NONE',  ( 25.00000000000001066, 2.002958818476489267, 17.48720246861695315 ) ) ;
#7083 = VERTEX_POINT ( 'NONE', #3501 ) ;
#7084 = CIRCLE ( 'NONE', #88, 1.000000000000000888 ) ;
#7086 = ORIENTED_EDGE ( 'NONE', *, *, #1914, .F. ) ;
#7085 = CARTESIAN_POINT ( 'NONE',  ( -14.50098303125593979, 86.64322068945246258, -17.50000000000000355 ) ) ;
#7087 = CARTESIAN_POINT ( 'NONE',  ( -21.40013470644836602, 60.49534819382407846, 10.41412151381451601 ) ) ;
#7088 = CARTESIAN_POINT ( 'NONE',  ( 13.92592122436627200, 90.58278569603081110, -17.50000000000000355 ) ) ;
#7089 = LINE ( 'NONE', #242, #2887 ) ;
#7090 = CARTESIAN_POINT ( 'NONE',  ( -24.00000000000000000, 0.000000000000000000, 0.000000000000000000 ) ) ;
#7091 = PLANE ( 'NONE',  #3672 ) ;
#7092 = CIRCLE ( 'NONE', #3709, 10.00000000000000533 ) ;
#7093 = ORIENTED_EDGE ( 'NONE', *, *, #6525, .F. ) ;
#7094 = ORIENTED_EDGE ( 'NONE', *, *, #3660, .F. ) ;
#7095 = CARTESIAN_POINT ( 'NONE',  ( -16.45423503000149879, 75.48059126050237921, 10.76508167246919712 ) ) ;
#7096 = DIRECTION ( 'NONE',  ( 0.000000000000000000, 0.000000000000000000, -1.000000000000000000 ) ) ;
#7097 = VERTEX_POINT ( 'NONE', #3453 ) ;
#7098 = CARTESIAN_POINT ( 'NONE',  ( 19.14715161465545279, 8.802982024562576058, 5.315120201365322927 ) ) ;
#7099 = CARTESIAN_POINT ( 'NONE',  ( 19.86105872942835049, 58.19701637786346282, 12.64059112056141387 ) ) ;
#7100 = VERTEX_POINT ( 'NONE', #7902 ) ;
#7101 = CIRCLE ( 'NONE', #246, 5.000000000000000000 ) ;
#7102 = VECTOR ( 'NONE', #6640, 1000.000000000000000 ) ;
#7103 = CARTESIAN_POINT ( 'NONE',  ( 27.00000000000002842, 17.50000000000001066, 14.93654316236331425 ) ) ;
#7104 = DIRECTION ( 'NONE',  ( -1.000000000000000000, 0.000000000000000000, 0.000000000000000000 ) ) ;
#7105 = CARTESIAN_POINT ( 'NONE',  ( 19.28069006480160752, 60.89632722648527619, -17.50000000000000000 ) ) ;
#7106 = CARTESIAN_POINT ( 'NONE',  ( 22.99999999999998579, 1.400284127720015981, 15.49503881761782687 ) ) ;
#7107 = CARTESIAN_POINT ( 'NONE',  ( -19.79887255667317802, 10.79502536733677509, -4.248282919272576841 ) ) ;
#7108 = CARTESIAN_POINT ( 'NONE',  ( -20.47615056016782731, 8.934219346044402599, 5.091460074148204562 ) ) ;
#7109 = ADVANCED_FACE ( 'NONE', ( #6618 ), #6018, .T. ) ;
#7110 = CARTESIAN_POINT ( 'NONE',  ( -25.00000000000001421, 17.64627690009260874, 16.74965667821458837 ) ) ;
#7111 = AXIS2_PLACEMENT_3D ( 'NONE', #1793, #3700, #1867 ) ;
#7112 = ORIENTED_EDGE ( 'NONE', *, *, #5949, .F. ) ;
#7113 = LOCAL_TIME ( 16, 17, 41.00000000000000000, #218 ) ;
#7115 = ORIENTED_EDGE ( 'NONE', *, *, #4357, .T. ) ;
#7114 = CARTESIAN_POINT ( 'NONE',  ( 26.94490888060128952, 21.47833109164846022, 14.45398602948369415 ) ) ;
#7116 = CARTESIAN_POINT ( 'NONE',  ( -14.64608245583726998, 104.2301045007678226, 6.600625735428062413 ) ) ;
#7117 = CARTESIAN_POINT ( 'NONE',  ( 14.53574730630926659, 107.1845866043237407, 6.525394567965526527 ) ) ;
#7118 = CARTESIAN_POINT ( 'NONE',  ( -22.96024325805832333, 41.01904997513417328, 14.55121167416554684 ) ) ;
#7119 = ADVANCED_FACE ( 'NONE', ( #7826 ), #7219, .F. ) ;
#7120 = DIRECTION ( 'NONE',  ( 0.000000000000000000, 0.000000000000000000, 1.000000000000000000 ) ) ;
#7121 = CARTESIAN_POINT ( 'NONE',  ( -15.76730899667824382, 79.19002996084401502, 10.39139752925822613 ) ) ;
#7122 = DIRECTION ( 'NONE',  ( 0.000000000000000000, 0.000000000000000000, 1.000000000000000000 ) ) ;
#7123 = CARTESIAN_POINT ( 'NONE',  ( -4.693752246381460935, 57.98593566078440631, 12.66418783772490997 ) ) ;
#7124 = B_SPLINE_SURFACE_WITH_KNOTS ( 'NONE', 1, 3, ( 
 ( #1558, #4689, #5862, #5260 ),
 ( #6550, #7106, #1481, #2767 ) ),
 .UNSPECIFIED., .F., .F., .F.,
 ( 2, 2 ),
 ( 4, 4 ),
 ( 0.000000000000000000, 1.000000000000000000 ),
 ( 0.000000000000000000, 0.002095885826290551628 ),
 .UNSPECIFIED. ) ;
#7125 = EDGE_CURVE ( 'NONE', #77, #4888, #413, .T. ) ;
#7126 = ADVANCED_FACE ( 'NONE', ( #2839 ), #3815, .F. ) ;
#7127 = ADVANCED_BREP_SHAPE_REPRESENTATION ( 'link3', ( #235, #5329 ), #5973 ) ;
#7128 = VERTEX_POINT ( 'NONE', #3678 ) ;
#7130 = VERTEX_POINT ( 'NONE', #6308 ) ;
#7129 = CARTESIAN_POINT ( 'NONE',  ( -15.25108154579079844, 81.98065235712154220, -17.50000000000000355 ) ) ;
#7131 = CARTESIAN_POINT ( 'NONE',  ( -20.82543396135768532, 63.37283142048801210, 10.09388076522475508 ) ) ;
#7132 = CARTESIAN_POINT ( 'NONE',  ( 21.67989798841849236, 48.44212977510898099, -17.50000000000001066 ) ) ;
#7133 = DIRECTION ( 'NONE',  ( 0.7071067811865505703, 0.000000000000000000, 0.7071067811865444641 ) ) ;
#7134 = FACE_OUTER_BOUND ( 'NONE', #3548, .T. ) ;
#7135 = CARTESIAN_POINT ( 'NONE',  ( -16.10580091237722300, 77.13360521250905322, -17.50000000000000355 ) ) ;
#7136 = ORIENTED_EDGE ( 'NONE', *, *, #3564, .F. ) ;
#7137 = ORIENTED_EDGE ( 'NONE', *, *, #7860, .F. ) ;
#7138 = CARTESIAN_POINT ( 'NONE',  ( 21.94059561800188973, 48.55791397368845708, 6.499999999999993783 ) ) ;
#7139 = CARTESIAN_POINT ( 'NONE',  ( -16.30956680231193801, 76.25304363225971827, 10.68642641728408549 ) ) ;
#7140 = DIRECTION ( 'NONE',  ( -1.000000000000000000, -0.000000000000000000, -0.000000000000000000 ) ) ;
#7141 = ORIENTED_EDGE ( 'NONE', *, *, #4550, .T. ) ;
#7142 = CARTESIAN_POINT ( 'NONE',  ( -23.00000000000000000, 1.318682944986263150, 15.49568870996294834 ) ) ;
#7143 = CARTESIAN_POINT ( 'NONE',  ( 13.99725811579490120, 90.27952532217982196, 9.407440083645413509 ) ) ;
#7144 = ORIENTED_EDGE ( 'NONE', *, *, #2114, .T. ) ;
#7145 = CARTESIAN_POINT ( 'NONE',  ( 27.00000000000001066, 47.50000000000000711, -15.50000000000363976 ) ) ;
#7146 = LINE ( 'NONE', #4769, #7632 ) ;
#7147 = CARTESIAN_POINT ( 'NONE',  ( 16.13625633972585405, 76.98703570004882124, -17.50000000000000000 ) ) ;
#7148 = LINE ( 'NONE', #5904, #6400 ) ;
#7149 = CARTESIAN_POINT ( 'NONE',  ( -20.99999999999999645, -8.000000000000000000, -2.000000000000000444 ) ) ;
#7150 = CARTESIAN_POINT ( 'NONE',  ( 19.75682089184858725, 7.276823014128330769, -7.265729503532081246 ) ) ;
#7151 = CARTESIAN_POINT ( 'NONE',  ( -27.00000000000000355, 7.298483643979156277, 15.34972193945406183 ) ) ;
#7152 = VECTOR ( 'NONE', #2424, 1000.000000000000000 ) ;
#7153 = AXIS2_PLACEMENT_3D ( 'NONE', #4683, #4640, #3545 ) ;
#7154 = ORIENTED_EDGE ( 'NONE', *, *, #5946, .F. ) ;
#7155 = AXIS2_PLACEMENT_3D ( 'NONE', #24, #6164, #2993 ) ;
#7156 = AXIS2_PLACEMENT_3D ( 'NONE', #4551, #7014, #6335 ) ;
#7158 = ORIENTED_EDGE ( 'NONE', *, *, #2067, .T. ) ;
#7157 = CARTESIAN_POINT ( 'NONE',  ( 17.73607659028633776, 79.34739225796855067, 8.400908946131252719 ) ) ;
#7159 = DIRECTION ( 'NONE',  ( 0.7225826974746825115, -0.000000000000000000, -0.6912844894182217370 ) ) ;
#7160 = CARTESIAN_POINT ( 'NONE',  ( 16.21378675298795713, 88.71977270710520713, 7.548836901770978436 ) ) ;
#7161 = CARTESIAN_POINT ( 'NONE',  ( -22.96658865692507590, 40.97790274636476937, 14.55564728978297850 ) ) ;
#7162 = CARTESIAN_POINT ( 'NONE',  ( 0.000000000000000000, 113.0000000000000000, 0.000000000000000000 ) ) ;
#7163 = CARTESIAN_POINT ( 'NONE',  ( -25.00000000000001421, 17.64627690009260874, 16.74965667821458837 ) ) ;
#7164 = AXIS2_PLACEMENT_3D ( 'NONE', #2523, #705, #4442 ) ;
#7165 = CARTESIAN_POINT ( 'NONE',  ( -23.00000000000000000, 0.000000000000000000, 0.000000000000000000 ) ) ;
#7166 = CARTESIAN_POINT ( 'NONE',  ( 23.70952636211928066, 1.903592990675643248, 16.19784859624265749 ) ) ;
#7167 = EDGE_LOOP ( 'NONE', ( #6565, #7504 ) ) ;
#7168 = EDGE_CURVE ( 'NONE', #1417, #1503, #7432, .T. ) ;
#7170 = ORIENTED_EDGE ( 'NONE', *, *, #3101, .T. ) ;
#7169 = CARTESIAN_POINT ( 'NONE',  ( -15.43506353759887162, 80.91594290927658051, -17.50000000000000355 ) ) ;
#7171 = CARTESIAN_POINT ( 'NONE',  ( -22.95804074453234378, 52.50208275816909520, 11.31001881340228898 ) ) ;
#7172 = EDGE_CURVE ( 'NONE', #7198, #4017, #488, .T. ) ;
#7173 = CARTESIAN_POINT ( 'NONE',  ( 19.47535590194934585, 59.92684385857641871, -17.50000000000000711 ) ) ;
#7174 = DIRECTION ( 'NONE',  ( 1.000000000000000000, -0.000000000000000000, 0.000000000000000000 ) ) ;
#7175 = FACE_OUTER_BOUND ( 'NONE', #4087, .T. ) ;
#7176 = CARTESIAN_POINT ( 'NONE',  ( -23.26338388089062192, 38.84044074460302909, -17.50000000000000355 ) ) ;
#7177 = AXIS2_PLACEMENT_3D ( 'NONE', #3787, #4433, #6141 ) ;
#7178 = VECTOR ( 'NONE', #1455, 1000.000000000000114 ) ;
#7179 = CARTESIAN_POINT ( 'NONE',  ( -25.00000000000001066, 17.50000000000002842, -17.50000000000000355 ) ) ;
#7180 = EDGE_CURVE ( 'NONE', #2867, #5125, #2482, .T. ) ;
#7181 = DIRECTION ( 'NONE',  ( -1.000000000000000000, 0.000000000000000000, -0.000000000000000000 ) ) ;
#7182 = CARTESIAN_POINT ( 'NONE',  ( -18.05858951866241213, 67.23264202247327148, 11.63827062477934682 ) ) ;
#7183 = CYLINDRICAL_SURFACE ( 'NONE', #3078, 2.000000000000000000 ) ;
#7184 = ORIENTED_EDGE ( 'NONE', *, *, #1685, .T. ) ;
#7185 = FACE_OUTER_BOUND ( 'NONE', #6625, .T. ) ;
#7186 = CARTESIAN_POINT ( 'NONE',  ( 17.05993813088882760, 72.30863646891000940, 11.09415445679056766 ) ) ;
#7187 = ORIENTED_EDGE ( 'NONE', *, *, #7764, .F. ) ;
#7188 = DIRECTION ( 'NONE',  ( 0.000000000000000000, 0.000000000000000000, -1.000000000000000000 ) ) ;
#7189 = DIRECTION ( 'NONE',  ( 0.7071067811865460184, 0.000000000000000000, -0.7071067811865489050 ) ) ;
#7190 = CARTESIAN_POINT ( 'NONE',  ( 20.95489476232954118, 52.33127020835887322, -17.50000000000000000 ) ) ;
#7191 = CARTESIAN_POINT ( 'NONE',  ( -9.834032841874579489, 38.17319747223005777, 12.83926132944498910 ) ) ;
#7192 = DIRECTION ( 'NONE',  ( 1.000000000000000000, -0.000000000000000000, -0.000000000000000000 ) ) ;
#7193 = CARTESIAN_POINT ( 'NONE',  ( 21.47481459009300409, 6.190412474200989834, -9.652903123189378931 ) ) ;
#7194 = DIRECTION ( 'NONE',  ( -1.000000000000000000, -0.000000000000000000, -0.000000000000000000 ) ) ;
#7195 = ORIENTED_EDGE ( 'NONE', *, *, #1765, .F. ) ;
#7196 = CC_DESIGN_APPROVAL ( #5151, ( #4025 ) ) ;
#7198 = VERTEX_POINT ( 'NONE', #3796 ) ;
#7197 = CARTESIAN_POINT ( 'NONE',  ( 24.94591924813393291, 21.57222568863484469, 16.44722317386584365 ) ) ;
#7199 = CARTESIAN_POINT ( 'NONE',  ( 29.01166342986738300, 55.62898178555392548, 6.499999999999993783 ) ) ;
#7200 = CARTESIAN_POINT ( 'NONE',  ( 18.42897202061734419, 75.59797393692811340, 8.780372110073106029 ) ) ;
#7201 = CARTESIAN_POINT ( 'NONE',  ( -0.08446001427301827458, 71.27164142984278783, -17.50000000000000355 ) ) ;
#7202 = LINE ( 'NONE', #730, #3728 ) ;
#7203 = CARTESIAN_POINT ( 'NONE',  ( 0.000000000000000000, 118.0000000000000142, 5.499999999999997335 ) ) ;
#7204 = DIRECTION ( 'NONE',  ( -0.000000000000000000, -0.000000000000000000, -1.000000000000000000 ) ) ;
#7205 = DIRECTION ( 'NONE',  ( 0.000000000000000000, -1.000000000000000000, 0.000000000000000000 ) ) ;
#7206 = ORIENTED_EDGE ( 'NONE', *, *, #3263, .F. ) ;
#7208 = VERTEX_POINT ( 'NONE', #6267 ) ;
#7207 = FACE_OUTER_BOUND ( 'NONE', #1292, .T. ) ;
#7209 = CARTESIAN_POINT ( 'NONE',  ( -19.98489105000415123, 67.58340150613402386, 9.630640886613997864 ) ) ;
#7210 = FACE_BOUND ( 'NONE', #6420, .T. ) ;
#7211 = FACE_BOUND ( 'NONE', #848, .T. ) ;
#7212 = DIRECTION ( 'NONE',  ( 0.000000000000000000, 0.000000000000000000, -1.000000000000000000 ) ) ;
#7213 = EDGE_CURVE ( 'NONE', #84, #7800, #221, .T. ) ;
#7214 = LINE ( 'NONE', #2876, #4705 ) ;
#7215 = EDGE_CURVE ( 'NONE', #5695, #3900, #5422, .T. ) ;
#7216 = AXIS2_PLACEMENT_3D ( 'NONE', #10, #90, #622 ) ;
#7217 = AXIS2_PLACEMENT_3D ( 'NONE', #567, #6725, #3036 ) ;
#7218 = ORIENTED_EDGE ( 'NONE', *, *, #1380, .T. ) ;
#7219 = CYLINDRICAL_SURFACE ( 'NONE', #1395, 1.999999999999999556 ) ;
#7220 = CARTESIAN_POINT ( 'NONE',  ( -16.14796712128900680, 77.12312545956309862, 10.59850664066468617 ) ) ;
#7221 = CARTESIAN_POINT ( 'NONE',  ( -7.184957976769021926, 108.4073908624119440, 8.499999999999992895 ) ) ;
#7222 = ORIENTED_EDGE ( 'NONE', *, *, #4757, .T. ) ;
#7223 = CARTESIAN_POINT ( 'NONE',  ( 21.99341839588527492, 10.33811506988950057, 17.20961928080509651 ) ) ;
#7224 = CONICAL_SURFACE ( 'NONE', #2943, 15.50000000000001776, 0.7853981633974482790 ) ;
#7225 = ADVANCED_FACE ( 'NONE', ( #5661 ), #5055, .T. ) ;
#7226 = CARTESIAN_POINT ( 'NONE',  ( 13.70228829914464086, 92.52435721815454883, 9.237864847318958184 ) ) ;
#7227 = AXIS2_PLACEMENT_3D ( 'NONE', #7476, #3798, #6825 ) ;
#7228 = EDGE_CURVE ( 'NONE', #3066, #87, #7084, .T. ) ;
#7229 = ADVANCED_FACE ( 'NONE', ( #4325 ), #4642, .F. ) ;
#7230 = ORIENTED_EDGE ( 'NONE', *, *, #3567, .T. ) ;
#7231 = VECTOR ( 'NONE', #4959, 1000.000000000000000 ) ;
#7232 = DIRECTION ( 'NONE',  ( 1.000000000000000000, -0.000000000000000000, 0.000000000000000000 ) ) ;
#7233 = CARTESIAN_POINT ( 'NONE',  ( -27.00000000000000000, 17.50000000000000355, 14.75501308386013477 ) ) ;
#7234 = CARTESIAN_POINT ( 'NONE',  ( 22.71412169567576456, 42.37039211106257142, -17.50000000000000355 ) ) ;
#7235 = CARTESIAN_POINT ( 'NONE',  ( -15.29645302514174787, 23.16532136313070467, 14.31018070118638441 ) ) ;
#7236 = CARTESIAN_POINT ( 'NONE',  ( -27.00000000000000000, -9.251858538542916607E-16, 15.50000000000001776 ) ) ;
#7237 = CARTESIAN_POINT ( 'NONE',  ( 23.03610413508875610, 1.900804704094880559, 15.54225901324889136 ) ) ;
#7238 = DIRECTION ( 'NONE',  ( 1.000000000000000000, -0.000000000000000000, 0.000000000000000000 ) ) ;
#7239 = VERTEX_POINT ( 'NONE', #948 ) ;
#7240 = AXIS2_PLACEMENT_3D ( 'NONE', #2410, #6678, #5438 ) ;
#7242 = ORIENTED_EDGE ( 'NONE', *, *, #1326, .T. ) ;
#7241 = DIRECTION ( 'NONE',  ( 1.000000000000000000, -0.000000000000000000, -0.000000000000000000 ) ) ;
#7243 = CARTESIAN_POINT ( 'NONE',  ( 13.50000000000000178, 115.0000000000000000, -14.75000000000000533 ) ) ;
#7244 = CARTESIAN_POINT ( 'NONE',  ( 19.29746923013355087, 71.06962416619528256, 9.254596569697337571 ) ) ;
#7245 = LINE ( 'NONE', #7845, #645 ) ;
#7246 = CARTESIAN_POINT ( 'NONE',  ( -21.33176894205928420, 50.56156462567243892, 13.49891102963029610 ) ) ;
#7247 = AXIS2_PLACEMENT_3D ( 'NONE', #4863, #7321, #3023 ) ;
#7248 = CARTESIAN_POINT ( 'NONE',  ( -5.861939029374975796, 54.77658136930718769, 13.02513435646845430 ) ) ;
#7249 = VERTEX_POINT ( 'NONE', #7635 ) ;
#7250 = VECTOR ( 'NONE', #5517, 1000.000000000000000 ) ;
#7253 = ORIENTED_EDGE ( 'NONE', *, *, #6437, .T. ) ;
#7252 = CARTESIAN_POINT ( 'NONE',  ( 20.99999999999999645, -8.000000000000000000, 1.999999999999998668 ) ) ;
#7251 = DIRECTION ( 'NONE',  ( 0.000000000000000000, 0.000000000000000000, -1.000000000000000000 ) ) ;
#7254 = CARTESIAN_POINT ( 'NONE',  ( -16.59478072917804781, 86.18494715857588062, 7.765291077171045941 ) ) ;
#7255 = AXIS2_PLACEMENT_3D ( 'NONE', #6237, #58, #675 ) ;
#7256 = CARTESIAN_POINT ( 'NONE',  ( -19.00000000000000000, 0.000000000000000000, 0.000000000000000000 ) ) ;
#7257 = CARTESIAN_POINT ( 'NONE',  ( 22.61214062381559842, 1.798691526266403384, 10.29260175346877304 ) ) ;
#7258 = CARTESIAN_POINT ( 'NONE',  ( 20.99999999999999645, 8.000000000000000000, 1.000000000000000888 ) ) ;
#7259 = CARTESIAN_POINT ( 'NONE',  ( -18.07289126311548344, 77.49501148480656809, -15.50000000000001599 ) ) ;
#7260 = EDGE_CURVE ( 'NONE', #1584, #5236, #175, .T. ) ;
#7261 = CARTESIAN_POINT ( 'NONE',  ( -22.05416198381272608, 46.30158472413258863, -17.50000000000000000 ) ) ;
#7262 = CARTESIAN_POINT ( 'NONE',  ( -20.02133142700800050, 10.18382464433372903, -2.739756482868428211 ) ) ;
#7263 = CARTESIAN_POINT ( 'NONE',  ( -17.49439033815593092, 70.08282970687999125, 11.33041062915686936 ) ) ;
#7264 = CARTESIAN_POINT ( 'NONE',  ( 13.34314575050761675, -1.517883041479706208E-15, 8.000000000000000000 ) ) ;
#7265 = EDGE_LOOP ( 'NONE', ( #6105, #5557, #5133, #505, #1658, #4856, #56, #4992, #3099, #416 ) ) ;
#7266 = CARTESIAN_POINT ( 'NONE',  ( 21.20491527361774331, 6.931954751740012632, 7.603053670887719662 ) ) ;
#7267 = CARTESIAN_POINT ( 'NONE',  ( 15.44019300885054236, 81.07581245075495247, 10.21197272422368840 ) ) ;
#7268 = B_SPLINE_CURVE_WITH_KNOTS ( 'NONE', 3,
 ( #6362, #188, #796, #3270, #5755, #2653, #5770, #164, #6216, #815, #6340, #1342 ),
 .UNSPECIFIED., .F., .F.,
 ( 4, 1, 1, 1, 1, 2, 2, 4 ),
 ( 0.000000000000000000, 0.2499999999999863443, 0.3749999999999795164, 0.4374999999999760747, 0.4687499999999717448, 0.4843749999999695799, 0.4999999999999674705, 1.000000000000000000 ),
 .UNSPECIFIED. ) ;
#7269 = ORIENTED_EDGE ( 'NONE', *, *, #2360, .F. ) ;
#7270 = EDGE_CURVE ( 'NONE', #4205, #7825, #4397, .T. ) ;
#7271 = CARTESIAN_POINT ( 'NONE',  ( -11.50000000000000000, 115.0000000000000000, -12.50000000000000355 ) ) ;
#7272 = DIRECTION ( 'NONE',  ( 0.000000000000000000, 0.000000000000000000, -1.000000000000000000 ) ) ;
#7273 = CARTESIAN_POINT ( 'NONE',  ( 20.88974970430063394, 52.67491905416930109, -17.50000000000000711 ) ) ;
#7274 = CARTESIAN_POINT ( 'NONE',  ( -10.09170882739986475, 37.46523852046362890, 12.91429899070888965 ) ) ;
#7275 = ORIENTED_EDGE ( 'NONE', *, *, #2706, .T. ) ;
#7276 = CARTESIAN_POINT ( 'NONE',  ( -27.00000000000000355, 4.213608292180874848, 15.44524046636963632 ) ) ;
#7277 = CARTESIAN_POINT ( 'NONE',  ( 19.00000000000000000, -1.395418361564970862E-15, 6.999999999999998224 ) ) ;
#7278 = EDGE_CURVE ( 'NONE', #509, #1961, #7030, .T. ) ;
#7279 = LINE ( 'NONE', #1799, #4500 ) ;
#7280 = ORIENTED_EDGE ( 'NONE', *, *, #4445, .F. ) ;
#7282 = ORIENTED_EDGE ( 'NONE', *, *, #6041, .F. ) ;
#7281 = DIRECTION ( 'NONE',  ( 0.000000000000000000, 0.000000000000000000, -1.000000000000000000 ) ) ;
#7283 = DIRECTION ( 'NONE',  ( 0.000000000000000000, 0.000000000000000000, -1.000000000000000000 ) ) ;
#7284 = CARTESIAN_POINT ( 'NONE',  ( 15.91103486454515448, 90.88234901402570642, 7.374454081018115836 ) ) ;
#7285 = CARTESIAN_POINT ( 'NONE',  ( -19.08620191345440276, 54.41028835150044785, -15.50000000000000533 ) ) ;
#7286 = CARTESIAN_POINT ( 'NONE',  ( -20.99999999999999645, -8.000000000000000000, -8.673617379884035472E-16 ) ) ;
#7287 = LINE ( 'NONE', #3802, #3978 ) ;
#7288 = ORIENTED_EDGE ( 'NONE', *, *, #3794, .F. ) ;
#7291 = ORIENTED_EDGE ( 'NONE', *, *, #4756, .T. ) ;
#7290 = CARTESIAN_POINT ( 'NONE',  ( 2.507194630507055155, 58.32328709881843309, 10.61237323691821643 ) ) ;
#7289 = LINE ( 'NONE', #1164, #7482 ) ;
#7292 = VECTOR ( 'NONE', #6643, 1000.000000000000000 ) ;
#7293 = PLANE ( 'NONE',  #4390 ) ;
#7294 = CARTESIAN_POINT ( 'NONE',  ( -17.23270284654952889, 82.25754493830540071, 8.122367155680649375 ) ) ;
#7295 = DIRECTION ( 'NONE',  ( 1.000000000000000000, -0.000000000000000000, 0.000000000000000000 ) ) ;
#7296 = DIRECTION ( 'NONE',  ( 0.000000000000000000, 0.000000000000000000, -1.000000000000000000 ) ) ;
#7297 = CARTESIAN_POINT ( 'NONE',  ( 25.01816735029447969, 40.92023543842280020, 6.499999999999991118 ) ) ;
#7298 = CARTESIAN_POINT ( 'NONE',  ( -27.00000000000000000, 17.50000000000000355, -15.50000000000001776 ) ) ;
#7299 = DESIGN_CONTEXT ( 'detailed design', #5266, 'design' ) ;
#7300 = CARTESIAN_POINT ( 'NONE',  ( -24.19282443427525564, 31.54344725348108724, -17.50000000000000355 ) ) ;
#7301 = CARTESIAN_POINT ( 'NONE',  ( -20.19617713117449398, 9.703440020249004760, -3.786434797894705273 ) ) ;
#7302 = CARTESIAN_POINT ( 'NONE',  ( -21.48573426876645343, 49.70375950805182441, 13.59466434086449205 ) ) ;
#7303 = CARTESIAN_POINT ( 'NONE',  ( -7.184957976769030807, 110.0000000000000000, 8.499999999999994671 ) ) ;
#7304 = VERTEX_POINT ( 'NONE', #7066 ) ;
#7305 = CARTESIAN_POINT ( 'NONE',  ( 13.06982445662248971, 98.30205978893665986, 8.863436612574274065 ) ) ;
#7306 = ORIENTED_EDGE ( 'NONE', *, *, #2153, .F. ) ;
#7307 = DIRECTION ( 'NONE',  ( 1.000000000000000000, -0.000000000000000000, 0.000000000000000000 ) ) ;
#7308 = CARTESIAN_POINT ( 'NONE',  ( 12.80883344054603867, 30.00000000000011724, -15.50000000000000533 ) ) ;
#7309 = CARTESIAN_POINT ( 'NONE',  ( 19.84781820754719561, 58.04094083606888432, -17.50000000000000355 ) ) ;
#7310 = CARTESIAN_POINT ( 'NONE',  ( -17.85156998907795156, 16.14519520065068292, 14.86984970066587408 ) ) ;
#7311 = VERTEX_POINT ( 'NONE', #5178 ) ;
#7312 = CARTESIAN_POINT ( 'NONE',  ( -27.00000000000001421, 8.590553344652095191, 15.29094371559248522 ) ) ;
#7313 = CARTESIAN_POINT ( 'NONE',  ( 22.08364474300822877, 1.452184445365166887, -10.14660831690272147 ) ) ;
#7314 = DIRECTION ( 'NONE',  ( -0.1604214212192566769, 0.4407542323967232334, 0.8831764683450127329 ) ) ;
#7315 = EDGE_CURVE ( 'NONE', #631, #5350, #6933, .T. ) ;
#7316 = ORIENTED_EDGE ( 'NONE', *, *, #4948, .F. ) ;
#7317 = AXIS2_PLACEMENT_3D ( 'NONE', #7162, #158, #6561 ) ;
#7318 = EDGE_CURVE ( 'NONE', #4490, #1712, #7500, .T. ) ;
#7320 = VERTEX_POINT ( 'NONE', #6506 ) ;
#7319 = CARTESIAN_POINT ( 'NONE',  ( 23.26562883562946382, 39.03680809823779185, 14.76484421521315760 ) ) ;
#7321 = DIRECTION ( 'NONE',  ( 0.7071067811865482389, -0.000000000000000000, -0.7071067811865469066 ) ) ;
#7322 = CARTESIAN_POINT ( 'NONE',  ( 20.27218885815945981, 66.14082003552313438, 9.788414330494951798 ) ) ;
#7323 = DIRECTION ( 'NONE',  ( 1.000000000000000000, 0.000000000000000000, 0.000000000000000000 ) ) ;
#7324 = DIRECTION ( 'NONE',  ( 0.000000000000000000, 0.000000000000000000, -1.000000000000000000 ) ) ;
#7325 = B_SPLINE_CURVE_WITH_KNOTS ( 'NONE', 3,
 ( #1208, #3689, #4947, #6163, #7406, #3273, #879, #3894, #4492, #3932, #191, #2818, #5270, #4539, #6519, #5314, #2699, #5231, #6365, #5192, #1530, #4660, #227, #5872, #3393, #799, #7604, #7724, #7685, #958 ),
 .UNSPECIFIED., .F., .F.,
 ( 4, 1, 1, 1, 1, 1, 2, 2, 1, 1, 1, 1, 1, 2, 2, 1, 1, 1, 1, 2, 2, 4 ),
 ( 0.000000000000000000, 0.1250000000000254519, 0.1875000000000381084, 0.2187500000000444089, 0.2343750000000475453, 0.2421875000000497657, 0.2460937500000508482, 0.2500000000000519584, 0.3750000000000773270, 0.4375000000000900391, 0.4687500000000963118, 0.4843750000000989209, 0.4921875000001001976, 0.4960937500001001976, 0.5000000000001001421, 0.6250000000000826006, 0.6875000000000744960, 0.7187500000000703881, 0.7343750000000677236, 0.7421875000000657252, 0.7500000000000637268, 1.000000000000000000 ),
 .UNSPECIFIED. ) ;
#7326 = ADVANCED_FACE ( 'NONE', ( #2686 ), #787, .F. ) ;
#7327 = PLANE ( 'NONE',  #6071 ) ;
#7328 = ORIENTED_EDGE ( 'NONE', *, *, #7376, .T. ) ;
#7329 = ADVANCED_FACE ( 'NONE', ( #1555 ), #2155, .F. ) ;
#7332 = ORIENTED_EDGE ( 'NONE', *, *, #5798, .F. ) ;
#7331 = CARTESIAN_POINT ( 'NONE',  ( 25.93128992173659952, 33.90979656932651665, -15.50000000000000355 ) ) ;
#7330 = CARTESIAN_POINT ( 'NONE',  ( 4.999999999999996447, 105.0419500894231817, 6.469369715625018280 ) ) ;
#7333 = DIRECTION ( 'NONE',  ( -0.9396926207859059854, -0.3420201433256754298, 2.574572873287050291E-15 ) ) ;
#7334 = CARTESIAN_POINT ( 'NONE',  ( -20.68565966146694635, 64.07170653590658560, 10.01648109093372874 ) ) ;
#7335 = DIRECTION ( 'NONE',  ( -1.000000000000000000, -0.000000000000000000, -0.000000000000000000 ) ) ;
#7336 = CYLINDRICAL_SURFACE ( 'NONE', #4120, 2.250000000000001776 ) ;
#7337 = CARTESIAN_POINT ( 'NONE',  ( 19.00000000000000000, -8.000000000000000000, 0.9999999999999997780 ) ) ;
#7338 = CARTESIAN_POINT ( 'NONE',  ( -23.47563763878218523, 37.32296335964439749, -17.50000000000000355 ) ) ;
#7339 = CARTESIAN_POINT ( 'NONE',  ( 23.94295495752290037, -0.5907474533567549368, 15.56288498044970225 ) ) ;
#7340 = CARTESIAN_POINT ( 'NONE',  ( -19.71540591476651727, 58.93327333490293540, 12.55797528231925320 ) ) ;
#7341 = CARTESIAN_POINT ( 'NONE',  ( -14.51817839733992699, 108.0000000000000284, 6.499999999999993783 ) ) ;
#7342 = FACE_OUTER_BOUND ( 'NONE', #6594, .T. ) ;
#7343 = VECTOR ( 'NONE', #508, 1000.000000000000000 ) ;
#7344 = VERTEX_POINT ( 'NONE', #213 ) ;
#7345 = AXIS2_PLACEMENT_3D ( 'NONE', #911, #6995, #7639 ) ;
#7346 = CARTESIAN_POINT ( 'NONE',  ( 3.000000000000009770, 100.9119286464099616, 8.729672594973601818 ) ) ;
#7347 = CARTESIAN_POINT ( 'NONE',  ( -4.963390299495539004, 51.55517787565117516, 11.37019826176610593 ) ) ;
#7348 = CARTESIAN_POINT ( 'NONE',  ( 24.08789882299564411, 32.49240966456424218, -17.50000000000000711 ) ) ;
#7349 = CARTESIAN_POINT ( 'NONE',  ( -15.21210144392133934, 23.39707542782905847, 14.28996353594082258 ) ) ;
#7350 = ORIENTED_EDGE ( 'NONE', *, *, #1029, .T. ) ;
#7351 = DIRECTION ( 'NONE',  ( 0.000000000000000000, 0.000000000000000000, -1.000000000000000000 ) ) ;
#7352 = CARTESIAN_POINT ( 'NONE',  ( 8.816973718718550401, 46.65464189487050817, 13.93431957881330518 ) ) ;
#7353 = CARTESIAN_POINT ( 'NONE',  ( 24.46570963239606300, 28.92697189300395522, 15.78778179870152876 ) ) ;
#7354 = EDGE_CURVE ( 'NONE', #7559, #1538, #5779, .T. ) ;
#7356 = ORIENTED_EDGE ( 'NONE', *, *, #4255, .F. ) ;
#7355 = CARTESIAN_POINT ( 'NONE',  ( -12.50000000000001421, 110.0000000000000000, 8.499999999999996447 ) ) ;
#7357 = DIRECTION ( 'NONE',  ( 0.000000000000000000, 0.000000000000000000, -1.000000000000000000 ) ) ;
#7358 = DIRECTION ( 'NONE',  ( 1.000000000000000000, -0.000000000000000000, 0.000000000000000000 ) ) ;
#7359 = CARTESIAN_POINT ( 'NONE',  ( 21.81481454273076181, 58.40366040458918206, 10.64833299404459765 ) ) ;
#7360 = CARTESIAN_POINT ( 'NONE',  ( 0.000000000000000000, 79.52049869174365426, -14.50000000000000533 ) ) ;
#7361 = FACE_OUTER_BOUND ( 'NONE', #551, .T. ) ;
#7362 = AXIS2_PLACEMENT_3D ( 'NONE', #3771, #3232, #3809 ) ;
#7363 = VECTOR ( 'NONE', #664, 1000.000000000000114 ) ;
#7364 = DIRECTION ( 'NONE',  ( 0.000000000000000000, 7.527547495457052866E-15, 1.000000000000000000 ) ) ;
#7365 = EDGE_LOOP ( 'NONE', ( #4748, #7427 ) ) ;
#7366 = VECTOR ( 'NONE', #3995, 1000.000000000000000 ) ;
#7367 = ADVANCED_FACE ( 'NONE', ( #3957 ), #5096, .T. ) ;
#7370 = VERTEX_POINT ( 'NONE', #5135 ) ;
#7369 = CARTESIAN_POINT ( 'NONE',  ( 25.38263114756792760, 38.09891012682083300, -15.50000000000000888 ) ) ;
#7368 = CARTESIAN_POINT ( 'NONE',  ( 4.999999999999997335, 102.5675556056860671, 6.566402883922826561 ) ) ;
#7371 = CARTESIAN_POINT ( 'NONE',  ( 3.796935741159493283, 54.75998543549935249, 11.00567399607592733 ) ) ;
#7372 = AXIS2_PLACEMENT_3D ( 'NONE', #2173, #7608, #1612 ) ;
#7373 = CARTESIAN_POINT ( 'NONE',  ( -17.68577206499638166, 79.65740388110425840, 8.372769652518616823 ) ) ;
#7374 = LINE ( 'NONE', #1820, #4447 ) ;
#7375 = DIRECTION ( 'NONE',  ( -1.000000000000000000, 0.000000000000000000, -0.000000000000000000 ) ) ;
#7376 = EDGE_CURVE ( 'NONE', #1121, #3290, #261, .T. ) ;
#7377 = EDGE_CURVE ( 'NONE', #6755, #1489, #257, .T. ) ;
#7378 = LINE ( 'NONE', #602, #7152 ) ;
#7379 = AXIS2_PLACEMENT_3D ( 'NONE', #7552, #1515, #7673 ) ;
#7380 =( BOUNDED_SURFACE ( )  B_SPLINE_SURFACE ( 3, 2, ( 
 ( #5672, #1323, #1284 ),
 ( #5109, #7645, #1929 ),
 ( #1410, #5633, #4491 ),
 ( #3186, #2050, #755 ),
 ( #6877, #3314, #7565 ),
 ( #3145, #4416, #4538 ),
 ( #5757, #3808, #4577 ),
 ( #2089, #60, #6319 ),
 ( #5146, #7487, #1451 ),
 ( #6280, #190, #716 ),
 ( #7603, #6364, #840 ),
 ( #3893, #5791, #145 ),
 ( #3931, #6956, #2008 ),
 ( #5022, #5191, #6914 ),
 ( #99, #7526, #3231 ),
 ( #3770, #2698, #4453 ),
 ( #2574, #6239, #5068 ),
 ( #5715, #798, #677 ) ),
 .UNSPECIFIED., .F., .F., .T. ) 
 B_SPLINE_SURFACE_WITH_KNOTS ( ( 4, 2, 2, 2, 2, 2, 2, 2, 4 ),
 ( 3, 3 ),
 ( 0.004004896183707196133, 0.005329010625427161793, 0.006653125067147128320, 0.007977239508867094847, 0.009301353950587060507, 0.01062546839230702617, 0.01194958283402699356, 0.01327369727574695922, 0.01459781171746692488 ),
 ( 0.000000000000000000, 1.000000000000000000 ),
 .UNSPECIFIED. ) 
 GEOMETRIC_REPRESENTATION_ITEM ( )  RATIONAL_B_SPLINE_SURFACE ( (
 ( 1.000000000000000000, 0.5890553352691982880, 1.000000000000000000),
 ( 1.000000000000000000, 0.6145817899650906080, 1.000000000000000000),
 ( 1.000000000000000000, 0.6355441114899199606, 1.000000000000000000),
 ( 1.000000000000000000, 0.6705361320132506853, 1.000000000000000000),
 ( 1.000000000000000000, 0.6846079304739401961, 1.000000000000000000),
 ( 1.000000000000000000, 0.7069971637025030953, 1.000000000000000000),
 ( 1.000000000000000000, 0.7153207000240588975, 1.000000000000000000),
 ( 1.000000000000000000, 0.7263222690148656291, 1.000000000000000000),
 ( 1.000000000000000000, 0.7290065588536503993, 1.000000000000000000),
 ( 1.000000000000000000, 0.7290028351436855791, 1.000000000000000000),
 ( 1.000000000000000000, 0.7263145292013055698, 1.000000000000000000),
 ( 1.000000000000000000, 0.7153457218012104768, 1.000000000000000000),
 ( 1.000000000000000000, 0.7070069596969756898, 1.000000000000000000),
 ( 1.000000000000000000, 0.6845665938949457852, 1.000000000000000000),
 ( 1.000000000000000000, 0.6704704621371531115, 1.000000000000000000),
 ( 1.000000000000000000, 0.6354824707949497942, 1.000000000000000000),
 ( 1.000000000000000000, 0.6145956427720670190, 1.000000000000000000),
 ( 1.000000000000000000, 0.5890553352691998423, 1.000000000000000000) ) ) 
 REPRESENTATION_ITEM ( '' )  SURFACE ( )  );
#7381 = CARTESIAN_POINT ( 'NONE',  ( -23.79092790826412340, 34.92379464811835277, -17.50000000000000711 ) ) ;
#7382 = CARTESIAN_POINT ( 'NONE',  ( 23.08649145422825200, 1.762366682532251261, 15.54472832386658965 ) ) ;
#7383 = CARTESIAN_POINT ( 'NONE',  ( -20.51861130979359515, 54.83569733799986778, 13.01848299131808062 ) ) ;
#7384 = CARTESIAN_POINT ( 'NONE',  ( -11.50000000000000000, 115.0000000000000000, 2.499999999999996003 ) ) ;
#7385 = CARTESIAN_POINT ( 'NONE',  ( -20.74999999999997868, 60.32328709881829099, -17.50000000000000355 ) ) ;
#7386 = ORIENTED_EDGE ( 'NONE', *, *, #3905, .F. ) ;
#7387 = CARTESIAN_POINT ( 'NONE',  ( -11.71946262837881214, 32.99302170784270061, 13.38231801666181653 ) ) ;
#7388 = DIRECTION ( 'NONE',  ( -0.7071067811865426878, 0.7071067811865524577, -0.000000000000000000 ) ) ;
#7389 = CARTESIAN_POINT ( 'NONE',  ( -15.75321354715848088, 21.91038214279141982, 14.41940171721968866 ) ) ;
#7390 = ORIENTED_EDGE ( 'NONE', *, *, #6730, .T. ) ;
#7391 = CARTESIAN_POINT ( 'NONE',  ( -25.00000000000001066, 63.75000000000000000, -17.50000000000000355 ) ) ;
#7392 = CARTESIAN_POINT ( 'NONE',  ( 22.97384745427813968, 40.93077522622177611, 14.56072612294284241 ) ) ;
#7393 = EDGE_LOOP ( 'NONE', ( #5227, #1027, #3154, #7910 ) ) ;
#7394 = DIRECTION ( 'NONE',  ( 0.000000000000000000, 0.000000000000000000, -1.000000000000000000 ) ) ;
#7395 = CARTESIAN_POINT ( 'NONE',  ( -19.54709390510413414, 11.48678152722345480, 0.8653988262958410838 ) ) ;
#7396 = DIRECTION ( 'NONE',  ( 1.000000000000000000, -0.000000000000000000, 0.000000000000000000 ) ) ;
#7397 = CARTESIAN_POINT ( 'NONE',  ( 23.85869388931792656, 47.58951570189233138, 11.85692827943739758 ) ) ;
#7398 =( LENGTH_UNIT ( ) NAMED_UNIT ( * ) SI_UNIT ( .MILLI., .METRE. ) );
#7399 = LINE ( 'NONE', #1766, #2620 ) ;
#7400 = CARTESIAN_POINT ( 'NONE',  ( 26.99999999999999645, 11.16338641331349990, 15.16448757772037581 ) ) ;
#7401 = VERTEX_POINT ( 'NONE', #6353 ) ;
#7404 = ORIENTED_EDGE ( 'NONE', *, *, #869, .T. ) ;
#7403 = FACE_OUTER_BOUND ( 'NONE', #5680, .T. ) ;
#7402 = CARTESIAN_POINT ( 'NONE',  ( 4.963390299495554991, 51.55517787565120358, 11.37019826176610060 ) ) ;
#7405 = CARTESIAN_POINT ( 'NONE',  ( 3.248656726337523448, 56.26636964828352205, 10.83621278683252420 ) ) ;
#7406 = CARTESIAN_POINT ( 'NONE',  ( -24.65579143544681173, 42.88871897254645660, -15.50000000000000533 ) ) ;
#7407 = CARTESIAN_POINT ( 'NONE',  ( 22.00000000000000000, 0.000000000000000000, 0.000000000000000000 ) ) ;
#7408 = LINE ( 'NONE', #2498, #5511 ) ;
#7409 = CARTESIAN_POINT ( 'NONE',  ( 23.00000000000000000, 0.000000000000000000, 0.000000000000000000 ) ) ;
#7410 = CARTESIAN_POINT ( 'NONE',  ( -22.46018162940522345, 9.046281884255504835, 17.27228565136276472 ) ) ;
#7411 = CIRCLE ( 'NONE', #6053, 2.000000000000000000 ) ;
#7412 = EDGE_CURVE ( 'NONE', #7055, #6457, #3502, .T. ) ;
#7413 = AXIS2_PLACEMENT_3D ( 'NONE', #5837, #4418, #6879 ) ;
#7414 = EDGE_CURVE ( 'NONE', #4670, #509, #3996, .T. ) ;
#7415 = CARTESIAN_POINT ( 'NONE',  ( -19.46705353444567166, 59.96119962478059051, -17.50000000000000711 ) ) ;
#7416 = DIRECTION ( 'NONE',  ( 0.000000000000000000, 1.000000000000000000, -0.000000000000000000 ) ) ;
#7417 = DIRECTION ( 'NONE',  ( 0.000000000000000000, 0.000000000000000000, -1.000000000000000000 ) ) ;
#7418 = DIRECTION ( 'NONE',  ( 1.000000000000000000, 0.000000000000000000, 0.000000000000000000 ) ) ;
#7419 = PLANE ( 'NONE',  #3403 ) ;
#7420 = AXIS2_PLACEMENT_3D ( 'NONE', #5624, #1956, #3259 ) ;
#7421 = EDGE_CURVE ( 'NONE', #6197, #7038, #3889, .T. ) ;
#7422 = ORIENTED_EDGE ( 'NONE', *, *, #3658, .F. ) ;
#7423 = EDGE_CURVE ( 'NONE', #239, #3869, #389, .T. ) ;
#7424 = CARTESIAN_POINT ( 'NONE',  ( -17.51841003188888379, 17.06054466009420523, 14.81300929563576751 ) ) ;
#7425 = CARTESIAN_POINT ( 'NONE',  ( -24.00000000000000000, -1.517883041479706208E-15, 8.000000000000000000 ) ) ;
#7426 = CARTESIAN_POINT ( 'NONE',  ( 22.00000000000000000, 1.377727649040772389E-15, 11.25000000000000000 ) ) ;
#7427 = ORIENTED_EDGE ( 'NONE', *, *, #7228, .T. ) ;
#7428 = CARTESIAN_POINT ( 'NONE',  ( 27.00000000000000000, 0.000000000000000000, 10.25000000000000000 ) ) ;
#7429 = CARTESIAN_POINT ( 'NONE',  ( 21.81231302806682848, 47.89813211368988988, 13.79621779662755365 ) ) ;
#7430 = ORIENTED_EDGE ( 'NONE', *, *, #6978, .T. ) ;
#7431 = DIRECTION ( 'NONE',  ( 0.000000000000000000, 0.000000000000000000, -1.000000000000000000 ) ) ;
#7432 = LINE ( 'NONE', #5623, #874 ) ;
#7433 = CARTESIAN_POINT ( 'NONE',  ( -20.99999999999999645, -8.000000000000000000, -8.673617379884035472E-16 ) ) ;
#7434 = PLANE ( 'NONE',  #7227 ) ;
#7435 = CARTESIAN_POINT ( 'NONE',  ( 21.54563730955735323, 59.76269466710298417, 10.49618920708306291 ) ) ;
#7436 = CALENDAR_DATE ( 2026, 7, 1 ) ;
#7437 = DIRECTION ( 'NONE',  ( 1.000000000000000000, -0.000000000000000000, 0.000000000000000000 ) ) ;
#7438 = CARTESIAN_POINT ( 'NONE',  ( 3.932576740906259971, 103.9325767409062422, 6.568072832421496088 ) ) ;
#7439 = ORIENTED_EDGE ( 'NONE', *, *, #2363, .T. ) ;
#7442 = ORIENTED_EDGE ( 'NONE', *, *, #3055, .F. ) ;
#7441 = CARTESIAN_POINT ( 'NONE',  ( 22.82637216846758577, 1.969384728698801990, -15.32637216846756800 ) ) ;
#7440 = CARTESIAN_POINT ( 'NONE',  ( 22.66506727637154484, 8.479432802485906251, 17.30164695935771135 ) ) ;
#7443 = DIRECTION ( 'NONE',  ( 0.000000000000000000, -0.000000000000000000, -1.000000000000000000 ) ) ;
#7444 = LINE ( 'NONE', #6240, #4524 ) ;
#7445 = DIRECTION ( 'NONE',  ( 0.000000000000000000, 0.000000000000000000, -1.000000000000000000 ) ) ;
#7446 = CARTESIAN_POINT ( 'NONE',  ( -23.00000000000000000, 1.973862177149277697, -10.94039325345069003 ) ) ;
#7447 = CARTESIAN_POINT ( 'NONE',  ( -5.000000000000002665, 118.0000000000000142, -15.50000000000004441 ) ) ;
#7448 = CARTESIAN_POINT ( 'NONE',  ( -19.72475444214774853, 16.60885569172297593, 16.82435585774504005 ) ) ;
#7449 = B_SPLINE_CURVE_WITH_KNOTS ( 'NONE', 3,
 ( #5924, #485, #6571, #1095 ),
 .UNSPECIFIED., .F., .F.,
 ( 4, 4 ),
 ( 0.000000000000000000, 1.000000000000000000 ),
 .UNSPECIFIED. ) ;
#7450 = ORIENTED_EDGE ( 'NONE', *, *, #2205, .F. ) ;
#7452 = VERTEX_POINT ( 'NONE', #3300 ) ;
#7451 = CARTESIAN_POINT ( 'NONE',  ( -19.23505575914878918, 61.12517667913763830, -17.50000000000000000 ) ) ;
#7453 = CARTESIAN_POINT ( 'NONE',  ( -26.45822921943425854, 28.91044295851534329, 13.79735383020676665 ) ) ;
#7454 = CARTESIAN_POINT ( 'NONE',  ( -13.65416210812829512, 98.65070233654985543, 6.499999999999993783 ) ) ;
#7455 = EDGE_CURVE ( 'NONE', #3322, #1472, #3158, .T. ) ;
#7456 = FACE_OUTER_BOUND ( 'NONE', #3918, .T. ) ;
#7457 = DIRECTION ( 'NONE',  ( -0.7071067811865463515, -0.7071067811865487940, 0.000000000000000000 ) ) ;
#7458 = EDGE_CURVE ( 'NONE', #5333, #5965, #7146, .T. ) ;
#7459 = VECTOR ( 'NONE', #2874, 1000.000000000000000 ) ;
#7460 = ORIENTED_EDGE ( 'NONE', *, *, #620, .T. ) ;
#7461 = CARTESIAN_POINT ( 'NONE',  ( 14.84736038422733806, 84.41376382708956783, -17.50000000000000355 ) ) ;
#7462 = EDGE_CURVE ( 'NONE', #1468, #5771, #2570, .T. ) ;
#7463 = CARTESIAN_POINT ( 'NONE',  ( -10.75385381870166768, 35.64601010845703399, 13.10819029762221177 ) ) ;
#7464 = DIRECTION ( 'NONE',  ( 0.000000000000000000, 0.000000000000000000, -1.000000000000000000 ) ) ;
#7465 = LINE ( 'NONE', #3326, #4720 ) ;
#7466 = ORIENTED_EDGE ( 'NONE', *, *, #2445, .F. ) ;
#7467 = CARTESIAN_POINT ( 'NONE',  ( 6.412651697026416464, 53.26343450594180240, 13.19532310916730999 ) ) ;
#7468 = CARTESIAN_POINT ( 'NONE',  ( 21.50667739328586592, 49.58916065188679312, 13.60747931927407528 ) ) ;
#7469 = EDGE_CURVE ( 'NONE', #7602, #1545, #1752, .T. ) ;
#7470 = EDGE_CURVE ( 'NONE', #2671, #1565, #2189, .T. ) ;
#7471 = ORIENTED_EDGE ( 'NONE', *, *, #7462, .T. ) ;
#7472 = VECTOR ( 'NONE', #4568, 1000.000000000000000 ) ;
#7473 = CARTESIAN_POINT ( 'NONE',  ( -13.34314575050761675, 4.336808689942017736E-16, -8.000000000000000000 ) ) ;
#7474 = CARTESIAN_POINT ( 'NONE',  ( -18.99999999999381473, 10.25001586575286261, -0.3966956088532838653 ) ) ;
#7475 = DIRECTION ( 'NONE',  ( 0.000000000000000000, 0.000000000000000000, -1.000000000000000000 ) ) ;
#7476 = CARTESIAN_POINT ( 'NONE',  ( -29.01166342986738300, 55.62898178555392548, 6.499999999999993783 ) ) ;
#7477 = CARTESIAN_POINT ( 'NONE',  ( 25.76168063816619025, 35.28049007161267525, 13.17230600115909489 ) ) ;
#7478 = DIRECTION ( 'NONE',  ( 1.000000000000000000, 0.000000000000000000, 0.000000000000000000 ) ) ;
#7479 = CARTESIAN_POINT ( 'NONE',  ( 14.27817821728297609, 25.96300840452211034, 14.06154420951786399 ) ) ;
#7480 = VECTOR ( 'NONE', #4749, 1000.000000000000000 ) ;
#7481 = LINE ( 'NONE', #4411, #1532 ) ;
#7482 = VECTOR ( 'NONE', #444, 1000.000000000000000 ) ;
#7483 = EDGE_LOOP ( 'NONE', ( #3210, #5208 ) ) ;
#7486 = ORIENTED_EDGE ( 'NONE', *, *, #1077, .F. ) ;
#7485 = DIRECTION ( 'NONE',  ( 1.000000000000000000, -0.000000000000000000, -0.000000000000000000 ) ) ;
#7484 = CARTESIAN_POINT ( 'NONE',  ( 4.793314006260964710, 57.71362117939451508, 12.69073466813561346 ) ) ;
#7487 = CARTESIAN_POINT ( 'NONE',  ( 19.86038463786783481, 10.62602231322659030, 0.3987930995943768098 ) ) ;
#7488 = PLANE ( 'NONE',  #3006 ) ;
#7489 = CARTESIAN_POINT ( 'NONE',  ( -20.99999999999999645, 4.336808689942017736E-16, -9.000000000000001776 ) ) ;
#7490 = LINE ( 'NONE', #4419, #3690 ) ;
#7491 = LINE ( 'NONE', #2732, #2034 ) ;
#7492 = CARTESIAN_POINT ( 'NONE',  ( -19.81959705259355076, 16.34693238632508994, 16.84278479835485598 ) ) ;
#7493 = ORIENTED_EDGE ( 'NONE', *, *, #4104, .T. ) ;
#7494 = AXIS2_PLACEMENT_3D ( 'NONE', #3174, #5703, #1915 ) ;
#7496 = ORIENTED_EDGE ( 'NONE', *, *, #7318, .T. ) ;
#7495 = CARTESIAN_POINT ( 'NONE',  ( -18.14726801799830014, 66.57046090273497896, -17.50000000000000711 ) ) ;
#7497 = CARTESIAN_POINT ( 'NONE',  ( 19.00000000000000000, -8.000000000000000000, -1.000000000000001554 ) ) ;
#7498 = CARTESIAN_POINT ( 'NONE',  ( 24.05668512291971695, -0.9032185146953062294, 15.56289381853533271 ) ) ;
#7499 = CARTESIAN_POINT ( 'NONE',  ( -26.35637396795936382, 29.99999999999998934, 6.499999999999993783 ) ) ;
#7500 = CIRCLE ( 'NONE', #5966, 1.000000000000000888 ) ;
#7501 = DIRECTION ( 'NONE',  ( 1.000000000000000000, -0.000000000000000000, 0.000000000000000000 ) ) ;
#7502 = ORIENTED_EDGE ( 'NONE', *, *, #2868, .T. ) ;
#7503 = CARTESIAN_POINT ( 'NONE',  ( 19.93969262078590887, 10.40812542098089466, -5.023547007758739191 ) ) ;
#7504 = ORIENTED_EDGE ( 'NONE', *, *, #4068, .T. ) ;
#7505 = CARTESIAN_POINT ( 'NONE',  ( -23.96570090015969257, -0.6532414171355034327, 15.56289213432926388 ) ) ;
#7506 = CARTESIAN_POINT ( 'NONE',  ( 24.06042953220465463, 46.43808005948568507, 6.499999999999993783 ) ) ;
#7507 = CARTESIAN_POINT ( 'NONE',  ( 14.92784999592421791, 99.92439022434579954, 6.499999999999993783 ) ) ;
#7508 = ORIENTED_EDGE ( 'NONE', *, *, #3245, .T. ) ;
#7509 = DIRECTION ( 'NONE',  ( 0.000000000000000000, 0.000000000000000000, -1.000000000000000000 ) ) ;
#7510 = CARTESIAN_POINT ( 'NONE',  ( 20.99081682676206739, 52.36459474542435544, 13.29634012753479055 ) ) ;
#7511 = EDGE_CURVE ( 'NONE', #3519, #5125, #6662, .T. ) ;
#7512 = VERTEX_POINT ( 'NONE', #2805 ) ;
#7513 = EDGE_CURVE ( 'NONE', #1847, #5255, #5384, .T. ) ;
#7514 = EDGE_CURVE ( 'NONE', #5499, #3205, #116, .T. ) ;
#7515 = PLANE ( 'NONE',  #5953 ) ;
#7516 = DIRECTION ( 'NONE',  ( 0.7071067811865426878, 0.7071067811865524577, -0.000000000000000000 ) ) ;
#7517 = LINE ( 'NONE', #1354, #7810 ) ;
#7518 = CARTESIAN_POINT ( 'NONE',  ( 24.99999999999998579, 0.6685148019852813484, 17.49999743692142573 ) ) ;
#7519 = CARTESIAN_POINT ( 'NONE',  ( 21.79703176231733508, 58.49368571424482610, 10.63824577806809657 ) ) ;
#7520 = CARTESIAN_POINT ( 'NONE',  ( -24.00000000000000000, 0.000000000000000000, 0.000000000000000000 ) ) ;
#7521 = CARTESIAN_POINT ( 'NONE',  ( 13.13122393534041521, 29.11423939530600435, 13.76250023532459643 ) ) ;
#7522 = ORIENTED_EDGE ( 'NONE', *, *, #7961, .F. ) ;
#7525 = ORIENTED_EDGE ( 'NONE', *, *, #7709, .T. ) ;
#7524 = CARTESIAN_POINT ( 'NONE',  ( 23.00000000000000000, 2.000000000000166533, 15.54067879533209329 ) ) ;
#7523 = CARTESIAN_POINT ( 'NONE',  ( 13.65166419832620903, 27.68434152457750841, 13.90384907886478771 ) ) ;
#7526 = CARTESIAN_POINT ( 'NONE',  ( 20.07292845843986129, 10.04206296556647793, -3.105806720653649045 ) ) ;
#7527 = LINE ( 'NONE', #6281, #1022 ) ;
#7528 = CARTESIAN_POINT ( 'NONE',  ( -19.85122363208440532, 58.24680386946496924, 12.63500213788309345 ) ) ;
#7529 = FACE_OUTER_BOUND ( 'NONE', #2472, .T. ) ;
#7530 = CARTESIAN_POINT ( 'NONE',  ( -3.000000000000014655, 101.0000000000000426, -17.50000000000000355 ) ) ;
#7531 = PLANE ( 'NONE',  #6574 ) ;
#7532 = CARTESIAN_POINT ( 'NONE',  ( -11.83669484842839381, 38.34837853560323850, 14.83652365804645612 ) ) ;
#7533 = ORIENTED_EDGE ( 'NONE', *, *, #1673, .F. ) ;
#7535 = VERTEX_POINT ( 'NONE', #2199 ) ;
#7534 = CARTESIAN_POINT ( 'NONE',  ( -19.86074734420984811, 57.97565152555317525, -17.50000000000000711 ) ) ;
#7536 = CARTESIAN_POINT ( 'NONE',  ( -26.57347275834890254, 27.57797500689161296, 13.92153076625651664 ) ) ;
#7537 = DIRECTION ( 'NONE',  ( -1.000000000000000000, 0.000000000000000000, -0.000000000000000000 ) ) ;
#7538 = CYLINDRICAL_SURFACE ( 'NONE', #2780, 1.999999999999999556 ) ;
#7539 = AXIS2_PLACEMENT_3D ( 'NONE', #6744, #1188, #7509 ) ;
#7540 = CARTESIAN_POINT ( 'NONE',  ( -14.50000000000000000, 110.0000000000000000, -15.50000000000001776 ) ) ;
#7541 = VECTOR ( 'NONE', #2304, 1000.000000000000000 ) ;
#7542 = AXIS2_PLACEMENT_3D ( 'NONE', #1898, #7501, #4882 ) ;
#7543 = VERTEX_POINT ( 'NONE', #4849 ) ;
#7544 = CARTESIAN_POINT ( 'NONE',  ( 12.50001016950180066, 109.0497040644667663, -17.50000000000000711 ) ) ;
#7545 = ORIENTED_EDGE ( 'NONE', *, *, #3408, .T. ) ;
#7546 = CARTESIAN_POINT ( 'NONE',  ( -13.68178906068194500, 92.68780368343009002, 9.225984733901668733 ) ) ;
#7547 = ORIENTED_EDGE ( 'NONE', *, *, #4487, .T. ) ;
#7548 = CARTESIAN_POINT ( 'NONE',  ( 18.87457105855134998, 18.95600352752641982, 16.65190833041570073 ) ) ;
#7549 = CARTESIAN_POINT ( 'NONE',  ( 22.44194357170175280, 44.24831950587629592, 14.19983694226048421 ) ) ;
#7550 = ORIENTED_EDGE ( 'NONE', *, *, #7064, .T. ) ;
#7551 = DIRECTION ( 'NONE',  ( 1.000000000000000000, -0.000000000000000000, 0.000000000000000000 ) ) ;
#7552 = CARTESIAN_POINT ( 'NONE',  ( 19.00000000000000000, 0.000000000000000000, 0.000000000000000000 ) ) ;
#7553 = DIRECTION ( 'NONE',  ( 1.000000000000000000, -0.000000000000000000, -0.000000000000000000 ) ) ;
#7554 = CARTESIAN_POINT ( 'NONE',  ( 25.00000000000001066, 2.002958818476489267, 17.48720246861695315 ) ) ;
#7555 = CARTESIAN_POINT ( 'NONE',  ( 26.41172060328409543, 29.41761232859112951, 13.74950135957427833 ) ) ;
#7556 = CARTESIAN_POINT ( 'NONE',  ( 13.34314575050761675, 8.000000000000000000, 0.000000000000000000 ) ) ;
#7557 = ADVANCED_FACE ( 'NONE', ( #7754 ), #5050, .T. ) ;
#7558 = CARTESIAN_POINT ( 'NONE',  ( 6.362596810270056302, 47.71088958214443920, 11.79659659852268661 ) ) ;
#7559 = VERTEX_POINT ( 'NONE', #1260 ) ;
#7560 = EDGE_CURVE ( 'NONE', #443, #5814, #516, .T. ) ;
#7561 = AXIS2_PLACEMENT_3D ( 'NONE', #6368, #6880, #2578 ) ;
#7564 = VERTEX_POINT ( 'NONE', #4432 ) ;
#7563 = CARTESIAN_POINT ( 'NONE',  ( -13.34314575050761675, 8.000000000000000000, -2.000000000000000000 ) ) ;
#7562 = FACE_OUTER_BOUND ( 'NONE', #7817, .T. ) ;
#7565 = CARTESIAN_POINT ( 'NONE',  ( 19.66858543432575601, 11.15298629403208075, 3.007331043025114781 ) ) ;
#7566 = CARTESIAN_POINT ( 'NONE',  ( 13.34314575050761675, 8.000000000000000000, 2.000000000000000000 ) ) ;
#7567 = CARTESIAN_POINT ( 'NONE',  ( -22.01302671691777846, 46.75761877759790508, 13.92287246030127612 ) ) ;
#7568 = EDGE_CURVE ( 'NONE', #4472, #2623, #6810, .T. ) ;
#7569 = DIRECTION ( 'NONE',  ( 0.000000000000000000, 0.000000000000000000, -1.000000000000000000 ) ) ;
#7570 = CARTESIAN_POINT ( 'NONE',  ( -23.00000000000000000, 1.995477668849325203, -11.07161094299847903 ) ) ;
#7571 = CARTESIAN_POINT ( 'NONE',  ( -11.81409744468456680, 38.41056299010620023, 14.82994360020851232 ) ) ;
#7572 = EDGE_CURVE ( 'NONE', #2623, #1322, #3741, .T. ) ;
#7573 = ORIENTED_EDGE ( 'NONE', *, *, #4349, .T. ) ;
#7575 = VERTEX_POINT ( 'NONE', #80 ) ;
#7574 = CARTESIAN_POINT ( 'NONE',  ( -17.01528496546527691, 72.33065447993126895, -17.50000000000000711 ) ) ;
#7576 = CARTESIAN_POINT ( 'NONE',  ( -25.78317683217705536, 35.11118364079281662, 13.18953634353992932 ) ) ;
#7577 = FACE_OUTER_BOUND ( 'NONE', #2402, .T. ) ;
#7578 = FACE_OUTER_BOUND ( 'NONE', #98, .T. ) ;
#7579 = PLANE ( 'NONE',  #5094 ) ;
#7580 = ORIENTED_EDGE ( 'NONE', *, *, #2802, .T. ) ;
#7581 = CARTESIAN_POINT ( 'NONE',  ( 12.64503711248648798, 104.2024175634823706, -17.50000000000001066 ) ) ;
#7582 = ORIENTED_EDGE ( 'NONE', *, *, #2906, .F. ) ;
#7583 = CARTESIAN_POINT ( 'NONE',  ( -12.63726382800849635, 104.4261544366686252, 8.592244403741734260 ) ) ;
#7584 = CARTESIAN_POINT ( 'NONE',  ( 23.00000000000000000, 1.995477668849319874, -11.07161094299847903 ) ) ;
#7585 = ORIENTED_EDGE ( 'NONE', *, *, #2411, .T. ) ;
#7586 = CARTESIAN_POINT ( 'NONE',  ( 9.089683403818309415, 45.90478688285370623, 14.01730134621529800 ) ) ;
#7587 =( BOUNDED_CURVE ( )  B_SPLINE_CURVE ( 3, ( #7065, #6428, #174, #2154 ),
 .UNSPECIFIED., .F., .T. ) 
 B_SPLINE_CURVE_WITH_KNOTS ( ( 4, 4 ),
 ( 0.4628918671603594603, 1.422881563569734498 ),
 .UNSPECIFIED. ) 
 CURVE ( )  GEOMETRIC_REPRESENTATION_ITEM ( )  RATIONAL_B_SPLINE_CURVE ( ( 1.000000000000000000, 0.9246648678395367194, 0.9246648678395367194, 1.000000000000000000 ) ) 
 REPRESENTATION_ITEM ( '' )  );
#7588 = CARTESIAN_POINT ( 'NONE',  ( 18.14946944780395555, 66.77646146121782067, 11.68803207844249670 ) ) ;
#7589 = VERTEX_POINT ( 'NONE', #6894 ) ;
#7590 = CARTESIAN_POINT ( 'NONE',  ( 24.00000000000000000, -8.000000000000000000, -8.673617379884035472E-16 ) ) ;
#7591 = DIRECTION ( 'NONE',  ( 1.000000000000000000, -0.000000000000000000, 0.000000000000000000 ) ) ;
#7592 = CARTESIAN_POINT ( 'NONE',  ( 19.27209563320598917, 60.93940867432449693, -17.50000000000000355 ) ) ;
#7593 = LINE ( 'NONE', #91, #1851 ) ;
#7594 = DIRECTION ( 'NONE',  ( -1.000000000000000000, -0.000000000000000000, -0.000000000000000000 ) ) ;
#7595 = DIRECTION ( 'NONE',  ( 0.000000000000000000, 0.000000000000000000, -1.000000000000000000 ) ) ;
#7596 = CARTESIAN_POINT ( 'NONE',  ( 12.74450810903265463, 30.17673239583230682, 13.65897701027592070 ) ) ;
#7597 = ORIENTED_EDGE ( 'NONE', *, *, #6136, .F. ) ;
#7598 = VECTOR ( 'NONE', #2282, 1000.000000000000000 ) ;
#7599 = AXIS2_PLACEMENT_3D ( 'NONE', #1740, #4876, #6689 ) ;
#7600 = ADVANCED_FACE ( 'NONE', ( #2552 ), #3629, .F. ) ;
#7602 = VERTEX_POINT ( 'NONE', #6983 ) ;
#7601 = CARTESIAN_POINT ( 'NONE',  ( 14.75045700195424025, 102.3268622703897535, 6.669652957789415026 ) ) ;
#7603 = CARTESIAN_POINT ( 'NONE',  ( 19.00000000003488410, 10.22693040513766505, -0.7943609956462088784 ) ) ;
#7604 = CARTESIAN_POINT ( 'NONE',  ( -25.90503012868188648, 34.12750256423404238, -15.50000000000000533 ) ) ;
#7605 = CARTESIAN_POINT ( 'NONE',  ( -22.19498807591851275, 45.71605171040000215, 14.03836541229899204 ) ) ;
#7606 = VECTOR ( 'NONE', #7895, 1000.000000000000000 ) ;
#7607 = CARTESIAN_POINT ( 'NONE',  ( -24.64664374251749379, 42.99091136575750483, 12.36163263148080560 ) ) ;
#7608 = DIRECTION ( 'NONE',  ( -1.000000000000000000, 0.000000000000000000, 0.000000000000000000 ) ) ;
#7609 = CARTESIAN_POINT ( 'NONE',  ( -12.73168808445326228, 35.88510602434850938, 15.09461477691075615 ) ) ;
#7610 = ORIENTED_EDGE ( 'NONE', *, *, #5508, .F. ) ;
#7611 = EDGE_CURVE ( 'NONE', #5908, #2397, #1808, .T. ) ;
#7612 = AXIS2_PLACEMENT_3D ( 'NONE', #7303, #1746, #4231 ) ;
#7613 = CIRCLE ( 'NONE', #1016, 1.000000000000000888 ) ;
#7615 = ORIENTED_EDGE ( 'NONE', *, *, #4068, .F. ) ;
#7614 = DIRECTION ( 'NONE',  ( -1.000000000000000000, 0.000000000000000000, -0.000000000000000000 ) ) ;
#7616 = CARTESIAN_POINT ( 'NONE',  ( -22.38560964813325072, 55.48976856883260211, 10.97514155496333288 ) ) ;
#7617 = EDGE_CURVE ( 'NONE', #3519, #7660, #4522, .T. ) ;
#7618 = CARTESIAN_POINT ( 'NONE',  ( 26.59966243933385499, 27.39136609476456741, -15.50000000000001599 ) ) ;
#7619 = CARTESIAN_POINT ( 'NONE',  ( -27.00000000000000000, 0.000000000000000000, 0.000000000000000000 ) ) ;
#7620 = CIRCLE ( 'NONE', #7240, 2.000000000000000000 ) ;
#7621 = ORIENTED_EDGE ( 'NONE', *, *, #1269, .T. ) ;
#7622 = CARTESIAN_POINT ( 'NONE',  ( 13.03909191304392934, 98.53102365872086921, -17.50000000000000711 ) ) ;
#7623 = AXIS2_PLACEMENT_3D ( 'NONE', #5480, #4140, #7251 ) ;
#7624 = ORIENTED_EDGE ( 'NONE', *, *, #2069, .F. ) ;
#7625 = CARTESIAN_POINT ( 'NONE',  ( -14.23560129739557389, 88.58876802641272263, 9.542831624479575225 ) ) ;
#7626 = LINE ( 'NONE', #6422, #5297 ) ;
#7627 = ORIENTED_EDGE ( 'NONE', *, *, #1960, .T. ) ;
#7628 = CIRCLE ( 'NONE', #109, 1.000000000000000888 ) ;
#7629 = CARTESIAN_POINT ( 'NONE',  ( 20.18527576440279603, 15.33710072825402726, 16.91427570966600413 ) ) ;
#7630 = CARTESIAN_POINT ( 'NONE',  ( 19.86302594885101769, 58.18705648790481888, 12.64170922490199978 ) ) ;
#7631 = B_SPLINE_SURFACE_WITH_KNOTS ( 'NONE', 3, 1, ( 
 ( #7103, #2764 ),
 ( #7710, #7145 ),
 ( #4644, #5134 ),
 ( #1596, #6352 ) ),
 .UNSPECIFIED., .F., .F., .F.,
 ( 4, 4 ),
 ( 2, 2 ),
 ( 0.000000000000000000, 1.000000000000000000 ),
 ( 0.000000000000000000, 1.000000000000000000 ),
 .UNSPECIFIED. ) ;
#7632 = VECTOR ( 'NONE', #7189, 1000.000000000000114 ) ;
#7633 = ORIENTED_EDGE ( 'NONE', *, *, #6910, .T. ) ;
#7634 = FACE_OUTER_BOUND ( 'NONE', #862, .T. ) ;
#7635 = CARTESIAN_POINT ( 'NONE',  ( -19.00000000000000000, -8.000000000000000000, -1.000000000000001554 ) ) ;
#7636 = CARTESIAN_POINT ( 'NONE',  ( 18.33148141063487557, 65.64611909088314690, -17.50000000000000355 ) ) ;
#7637 = B_SPLINE_SURFACE_WITH_KNOTS ( 'NONE', 1, 3, ( 
 ( #7110, #2161, #5027, #6285, #4043, #4003, #7760, #7071, #7719, #914 ),
 ( #3149, #6881, #6325, #870, #3347, #7151, #266, #5225, #1521, #6553 ) ),
 .UNSPECIFIED., .F., .F., .F.,
 ( 2, 2 ),
 ( 4, 2, 2, 2, 4 ),
 ( 0.000000000000000000, 1.000000000000000000 ),
 ( 0.000000000000000000, 0.004378962530563173389, 0.008757925061126346777, 0.01313688759168952017, 0.01751585012225269355 ),
 .UNSPECIFIED. ) ;
#7638 = CARTESIAN_POINT ( 'NONE',  ( -3.750281721511477429, 54.88816630100905058, 10.99125440987540969 ) ) ;
#7639 = DIRECTION ( 'NONE',  ( 0.000000000000000000, 0.000000000000000000, -1.000000000000000000 ) ) ;
#7640 = CARTESIAN_POINT ( 'NONE',  ( -13.50000000000000178, 115.0000000000000000, -12.50000000000000355 ) ) ;
#7641 = CARTESIAN_POINT ( 'NONE',  ( 7.110182983008664692, 45.65691345344867358, 12.02504280875185749 ) ) ;
#7642 = ORIENTED_EDGE ( 'NONE', *, *, #8016, .F. ) ;
#7644 = ORIENTED_EDGE ( 'NONE', *, *, #3964, .F. ) ;
#7643 = CARTESIAN_POINT ( 'NONE',  ( 12.89224053620857902, 100.3500014462353249, 8.754531115186146906 ) ) ;
#7645 = CARTESIAN_POINT ( 'NONE',  ( 20.27110937907829680, 9.497565361148412322, 4.109755799855498992 ) ) ;
#7646 = CARTESIAN_POINT ( 'NONE',  ( 14.53656710279472186, 107.1520774782313197, 6.525967597696840983 ) ) ;
#7647 = CARTESIAN_POINT ( 'NONE',  ( -22.01531988539413476, 46.74449783225762900, 13.92432748318174696 ) ) ;
#7648 = CARTESIAN_POINT ( 'NONE',  ( -5.000000000000002665, 103.0000000000000142, 6.641601241244642573 ) ) ;
#7649 = FACE_OUTER_BOUND ( 'NONE', #1230, .T. ) ;
#7650 = CARTESIAN_POINT ( 'NONE',  ( -14.64804259245255302, 30.60848762740574358, 15.62574275158012682 ) ) ;
#7651 = ORIENTED_EDGE ( 'NONE', *, *, #3520, .T. ) ;
#7653 = ORIENTED_EDGE ( 'NONE', *, *, #131, .F. ) ;
#7652 = DIRECTION ( 'NONE',  ( 0.000000000000000000, 0.000000000000000000, -1.000000000000000000 ) ) ;
#7654 = CARTESIAN_POINT ( 'NONE',  ( -25.21396169146190047, 39.27664626155308270, 12.75774525937245230 ) ) ;
#7655 = DIRECTION ( 'NONE',  ( -1.000000000000000000, 0.000000000000000000, 0.000000000000000000 ) ) ;
#7656 = CARTESIAN_POINT ( 'NONE',  ( 2.499999999999998668, 58.32328709881844020, 10.60535141707431350 ) ) ;
#7657 = EDGE_CURVE ( 'NONE', #4894, #1472, #2668, .T. ) ;
#7658 = FACE_OUTER_BOUND ( 'NONE', #5479, .T. ) ;
#7659 = EDGE_CURVE ( 'NONE', #144, #4205, #4276, .T. ) ;
#7660 = VERTEX_POINT ( 'NONE', #1492 ) ;
#7661 = ORIENTED_EDGE ( 'NONE', *, *, #2067, .F. ) ;
#7662 = ORIENTED_EDGE ( 'NONE', *, *, #6861, .T. ) ;
#7663 = CARTESIAN_POINT ( 'NONE',  ( -14.63393661548093405, 85.94261522683187593, 9.766528340673382047 ) ) ;
#7664 = CARTESIAN_POINT ( 'NONE',  ( 24.00000000000000000, 4.336808689942017736E-16, -8.000000000000000000 ) ) ;
#7665 = VERTEX_POINT ( 'NONE', #311 ) ;
#7666 = CARTESIAN_POINT ( 'NONE',  ( 14.91106670014500679, 29.88408498286490911, 15.69708459823452706 ) ) ;
#7667 = EDGE_CURVE ( 'NONE', #4472, #858, #880, .T. ) ;
#7668 = CARTESIAN_POINT ( 'NONE',  ( 18.50434438918806279, 64.99955306581860270, 11.88286017729638822 ) ) ;
#7669 = EDGE_CURVE ( 'NONE', #3869, #239, #5322, .T. ) ;
#7670 = EDGE_LOOP ( 'NONE', ( #1459, #4, #762, #699 ) ) ;
#7671 = VECTOR ( 'NONE', #5795, 1000.000000000000000 ) ;
#7672 = DIRECTION ( 'NONE',  ( -0.000000000000000000, -0.000000000000000000, -1.000000000000000000 ) ) ;
#7673 = DIRECTION ( 'NONE',  ( 0.000000000000000000, 0.000000000000000000, -1.000000000000000000 ) ) ;
#7674 = CARTESIAN_POINT ( 'NONE',  ( 15.40616492303278662, 81.08281282862830608, -17.50000000000000711 ) ) ;
#7675 = CARTESIAN_POINT ( 'NONE',  ( -6.334098123129683344, 47.78918908154668799, 11.78786416272928150 ) ) ;
#7676 = FACE_OUTER_BOUND ( 'NONE', #2532, .T. ) ;
#7677 = CARTESIAN_POINT ( 'NONE',  ( -19.00000000000000355, 9.171340364085935448, 4.577009495957820917 ) ) ;
#7678 = DIRECTION ( 'NONE',  ( 1.000000000000000000, 0.000000000000000000, 0.000000000000000000 ) ) ;
#7679 = CARTESIAN_POINT ( 'NONE',  ( 5.071532319861074001, 51.25806011660273498, 11.39946134366822683 ) ) ;
#7680 = ORIENTED_EDGE ( 'NONE', *, *, #5309, .T. ) ;
#7681 =( BOUNDED_SURFACE ( )  B_SPLINE_SURFACE ( 3, 2, ( 
 ( #6062, #4078, #501 ),
 ( #7912, #2355, #6547 ),
 ( #988, #6737, #4277 ),
 ( #1182, #3664, #6139 ),
 ( #1792, #6042, #6682 ),
 ( #2945, #3569, #3064 ),
 ( #2376, #4905, #4295 ),
 ( #1697, #1656, #6118 ),
 ( #8008, #2299, #521 ),
 ( #6006, #4869, #3606 ) ),
 .UNSPECIFIED., .F., .F., .F. ) 
 B_SPLINE_SURFACE_WITH_KNOTS ( ( 4, 2, 2, 2, 4 ),
 ( 3, 3 ),
 ( 0.4628918671603594048, 0.7043292758073170790, 0.9457666844542746976, 1.187204093101232427, 1.428641501748189935 ),
 ( 0.000000000000000000, 1.000000000000000000 ),
 .UNSPECIFIED. ) 
 GEOMETRIC_REPRESENTATION_ITEM ( )  RATIONAL_B_SPLINE_SURFACE ( (
 ( 1.000000000000000000, 0.5890553352692011746, 1.000000000000000000),
 ( 1.000000000000000000, 0.5942697550929236794, 1.000000000000000000),
 ( 1.000000000000000000, 0.6006866653721188998, 1.000000000000000000),
 ( 1.000000000000000000, 0.6153436852224248854, 1.000000000000000000),
 ( 1.000000000000000000, 0.6235827043126618285, 1.000000000000000000),
 ( 1.000000000000000000, 0.6412308986883028528, 1.000000000000000000),
 ( 1.000000000000000000, 0.6506378657214415551, 1.000000000000000000),
 ( 1.000000000000000000, 0.6699662205768619483, 1.000000000000000000),
 ( 1.000000000000000000, 0.6798874400821760533, 1.000000000000000000),
 ( 1.000000000000000000, 0.6897621954247097342, 1.000000000000000000) ) ) 
 REPRESENTATION_ITEM ( '' )  SURFACE ( )  );
#7683 = ORIENTED_EDGE ( 'NONE', *, *, #3564, .T. ) ;
#7682 = CARTESIAN_POINT ( 'NONE',  ( 13.14719935397828365, 97.45267182683873841, 8.910550960566306244 ) ) ;
#7684 = CARTESIAN_POINT ( 'NONE',  ( -14.68681593753646020, 103.4448937485473436, 6.627691036251746937 ) ) ;
#7685 = CARTESIAN_POINT ( 'NONE',  ( -26.22765362130422417, 31.32854049261835883, -15.50000000000000355 ) ) ;
#7686 = CARTESIAN_POINT ( 'NONE',  ( -23.68040515099192334, 35.98801698632124868, 15.08381271564812387 ) ) ;
#7687 = CARTESIAN_POINT ( 'NONE',  ( -20.60866731605322144, 54.38560042345796575, 13.06928082840349781 ) ) ;
#7688 = CARTESIAN_POINT ( 'NONE',  ( 25.00000000000001421, 10.31717059127466207, 17.21457347775374203 ) ) ;
#7689 = CARTESIAN_POINT ( 'NONE',  ( -9.595115938470598849, 44.51486005518363243, 14.17054882136056015 ) ) ;
#7690 = ORIENTED_EDGE ( 'NONE', *, *, #6001, .T. ) ;
#7692 = ORIENTED_EDGE ( 'NONE', *, *, #7859, .F. ) ;
#7691 = CARTESIAN_POINT ( 'NONE',  ( -15.00290534300751943, 83.45860273923084094, -17.50000000000000711 ) ) ;
#7693 = CARTESIAN_POINT ( 'NONE',  ( -21.98700719594436848, 57.53016388689076877, 10.74627977165401838 ) ) ;
#7694 = CARTESIAN_POINT ( 'NONE',  ( 12.88339358539503543, 100.2500292622719797, -17.50000000000000355 ) ) ;
#7695 = DIRECTION ( 'NONE',  ( -1.000000000000000000, 0.000000000000000000, 0.000000000000000000 ) ) ;
#7696 = DIRECTION ( 'NONE',  ( 0.000000000000000000, 0.000000000000000000, -1.000000000000000000 ) ) ;
#7697 = CARTESIAN_POINT ( 'NONE',  ( -25.00000000000001421, 2.002958818476520797, 17.48720246861695315 ) ) ;
#7698 = EDGE_LOOP ( 'NONE', ( #3349, #1870, #4067, #6079 ) ) ;
#7699 = EDGE_CURVE ( 'NONE', #1042, #6546, #4034, .T. ) ;
#7700 = ORIENTED_EDGE ( 'NONE', *, *, #6231, .F. ) ;
#7701 = VERTEX_POINT ( 'NONE', #351 ) ;
#7702 = CARTESIAN_POINT ( 'NONE',  ( -12.64171574715682134, 104.3344139317104577, 8.595150354369632595 ) ) ;
#7703 = CYLINDRICAL_SURFACE ( 'NONE', #5941, 1.000000000000000888 ) ;
#7704 = ORIENTED_EDGE ( 'NONE', *, *, #7762, .F. ) ;
#7705 = CARTESIAN_POINT ( 'NONE',  ( 19.53594446910739535, 17.13023312643547413, 16.78720897103687903 ) ) ;
#7706 = CARTESIAN_POINT ( 'NONE',  ( 17.59948396745619092, 69.54909755709913100, 11.38764696469813842 ) ) ;
#7707 = B_SPLINE_CURVE_WITH_KNOTS ( 'NONE', 3,
 ( #2524, #6356, #6945, #3133, #5058, #6687, #2344, #7935, #1128, #4406, #2564, #790 ),
 .UNSPECIFIED., .F., .F.,
 ( 4, 1, 1, 1, 1, 2, 2, 4 ),
 ( 0.000000000000000000, 0.2499999999999927836, 0.3749999999999891753, 0.4374999999999898970, 0.4687499999999902855, 0.4843749999999879541, 0.4999999999999856781, 1.000000000000000000 ),
 .UNSPECIFIED. ) ;
#7708 = ORIENTED_EDGE ( 'NONE', *, *, #4387, .F. ) ;
#7709 = EDGE_CURVE ( 'NONE', #5255, #1417, #2657, .T. ) ;
#7710 = CARTESIAN_POINT ( 'NONE',  ( 27.00000000000001066, 47.50000000000000711, 14.93654316236331425 ) ) ;
#7711 = CARTESIAN_POINT ( 'NONE',  ( -32.97687763316800158, 8.000000000000000000, 0.000000000000000000 ) ) ;
#7712 = CARTESIAN_POINT ( 'NONE',  ( 16.42226843520683488, 75.44787647234743133, -17.50000000000000355 ) ) ;
#7713 = CARTESIAN_POINT ( 'NONE',  ( -3.664566554839042034, 55.12366678594634095, 10.96476398182808687 ) ) ;
#7714 = EDGE_CURVE ( 'NONE', #7564, #3309, #4924, .T. ) ;
#7715 = CARTESIAN_POINT ( 'NONE',  ( -19.70158289638445481, 11.06232651212645024, -3.433519412941413940 ) ) ;
#7716 = CARTESIAN_POINT ( 'NONE',  ( -21.76542376040756466, 5.391970340875459122, 10.09357392422698751 ) ) ;
#7717 = EDGE_CURVE ( 'NONE', #1053, #7984, #2065, .T. ) ;
#7718 = PERSON_AND_ORGANIZATION_ROLE ( 'design_supplier' ) ;
#7719 = CARTESIAN_POINT ( 'NONE',  ( -25.00000000000000000, 1.480706521901119510, 17.49995569339120749 ) ) ;
#7720 = VERTEX_POINT ( 'NONE', #3527 ) ;
#7722 = ORIENTED_EDGE ( 'NONE', *, *, #3096, .T. ) ;
#7721 = CARTESIAN_POINT ( 'NONE',  ( 17.07608286643314699, 83.16301587485197899, 8.035701191077599503 ) ) ;
#7723 = CARTESIAN_POINT ( 'NONE',  ( -14.58939774146938895, 105.4713479892408543, 6.562487082873556865 ) ) ;
#7724 = CARTESIAN_POINT ( 'NONE',  ( -26.07896256820693637, 32.68985296759906589, -15.50000000000000178 ) ) ;
#7725 = CARTESIAN_POINT ( 'NONE',  ( -24.60019035087237782, 27.37221116536040100, 15.93473575862557468 ) ) ;
#7726 = PLANE ( 'NONE',  #7317 ) ;
#7727 = CARTESIAN_POINT ( 'NONE',  ( -14.88628227289265560, 100.4076815543561594, 6.756879381176300825 ) ) ;
#7728 = CYLINDRICAL_SURFACE ( 'NONE', #7372, 2.000000000000000000 ) ;
#7729 = VECTOR ( 'NONE', #3557, 1000.000000000000114 ) ;
#7730 = FACE_OUTER_BOUND ( 'NONE', #4776, .T. ) ;
#7731 = ORIENTED_EDGE ( 'NONE', *, *, #6869, .F. ) ;
#7732 = CIRCLE ( 'NONE', #607, 1.000000000000001776 ) ;
#7734 = VERTEX_POINT ( 'NONE', #1158 ) ;
#7733 = CARTESIAN_POINT ( 'NONE',  ( -12.84785285076299743, 100.8070230583567053, -17.50000000000000000 ) ) ;
#7735 = CARTESIAN_POINT ( 'NONE',  ( -24.98021618794040677, 40.82802386231830383, 12.59287437183959213 ) ) ;
#7736 = PLANE ( 'NONE',  #3339 ) ;
#7737 = CARTESIAN_POINT ( 'NONE',  ( 19.00000000000000000, -1.517883041479706208E-15, 9.000000000000001776 ) ) ;
#7738 = FACE_OUTER_BOUND ( 'NONE', #5009, .T. ) ;
#7739 = CARTESIAN_POINT ( 'NONE',  ( -26.23366934819479113, 31.33483204822161383, -15.50000000000001954 ) ) ;
#7740 = ORIENTED_EDGE ( 'NONE', *, *, #2004, .F. ) ;
#7741 = ORIENTED_EDGE ( 'NONE', *, *, #8006, .F. ) ;
#7742 = CARTESIAN_POINT ( 'NONE',  ( -27.00000000000000000, 0.000000000000000000, 12.24999999999998224 ) ) ;
#7743 = CARTESIAN_POINT ( 'NONE',  ( -17.57792501929734996, 69.65847730447288200, 11.37590276902922781 ) ) ;
#7744 = FACE_OUTER_BOUND ( 'NONE', #2633, .T. ) ;
#7745 = VECTOR ( 'NONE', #4674, 1000.000000000000000 ) ;
#7746 = EDGE_LOOP ( 'NONE', ( #3675, #3789 ) ) ;
#7747 = CARTESIAN_POINT ( 'NONE',  ( 22.34410487366462661, 9.367599023286860671, 17.25720612440102641 ) ) ;
#7748 = VECTOR ( 'NONE', #7967, 1000.000000000000000 ) ;
#7749 = CARTESIAN_POINT ( 'NONE',  ( 19.38676396018178494, 60.58638831441050598, 12.37289207620376175 ) ) ;
#7750 = EDGE_LOOP ( 'NONE', ( #3534, #732, #6412, #3328 ) ) ;
#7751 = VECTOR ( 'NONE', #2655, 1000.000000000000000 ) ;
#7752 = AXIS2_PLACEMENT_3D ( 'NONE', #2468, #3156, #3240 ) ;
#7753 = CARTESIAN_POINT ( 'NONE',  ( 27.00000000000000000, 1.500192328955508918E-15, 12.25000000000001066 ) ) ;
#7754 = FACE_OUTER_BOUND ( 'NONE', #5928, .T. ) ;
#7755 = CARTESIAN_POINT ( 'NONE',  ( 16.99878164885934240, 72.41611231102169199, -17.50000000000000355 ) ) ;
#7756 = CARTESIAN_POINT ( 'NONE',  ( -6.326001073620515669, 47.81143554223734782, 11.78538276202181123 ) ) ;
#7757 = CARTESIAN_POINT ( 'NONE',  ( 25.00000000000001421, 0.000000000000000000, -17.50000000000000355 ) ) ;
#7758 = CARTESIAN_POINT ( 'NONE',  ( 22.47903892380865543, 3.431328793249039943, -9.699565176986409298 ) ) ;
#7759 = DATE_AND_TIME ( #5784, #3899 ) ;
#7760 = CARTESIAN_POINT ( 'NONE',  ( -25.00000000000000711, 5.906129932030008689, 17.40242044797271603 ) ) ;
#7762 = EDGE_CURVE ( 'NONE', #4205, #794, #1425, .T. ) ;
#7761 = VECTOR ( 'NONE', #5355, 1000.000000000000000 ) ;
#7763 = VERTEX_POINT ( 'NONE', #6600 ) ;
#7764 = EDGE_CURVE ( 'NONE', #479, #5649, #3681, .T. ) ;
#7765 = CC_DESIGN_APPROVAL ( #5844, ( #3704 ) ) ;
#7767 = EDGE_LOOP ( 'NONE', ( #1341, #1440, #3487, #3266 ) ) ;
#7766 = CARTESIAN_POINT ( 'NONE',  ( 19.91748768868380637, 67.91287729717981847, 9.591552726390881745 ) ) ;
#7768 = LINE ( 'NONE', #2210, #6986 ) ;
#7769 = CARTESIAN_POINT ( 'NONE',  ( 14.64229712670442218, 104.3074030552505889, 6.598097202270579942 ) ) ;
#7770 = CARTESIAN_POINT ( 'NONE',  ( 14.50615041743855471, 108.6678603695093699, -15.50000000000001776 ) ) ;
#7771 = FACE_OUTER_BOUND ( 'NONE', #1866, .T. ) ;
#7772 = CARTESIAN_POINT ( 'NONE',  ( -14.50001378938079455, 108.0821638410566550, 6.500108592368324167 ) ) ;
#7773 = DIRECTION ( 'NONE',  ( -0.000000000000000000, -0.000000000000000000, -1.000000000000000000 ) ) ;
#7774 = DIRECTION ( 'NONE',  ( 0.000000000000000000, 0.000000000000000000, -1.000000000000000000 ) ) ;
#7775 = ORIENTED_EDGE ( 'NONE', *, *, #881, .F. ) ;
#7776 = ADVANCED_FACE ( 'NONE', ( #5998 ), #3563, .F. ) ;
#7778 = EDGE_LOOP ( 'NONE', ( #3239, #5130, #2736, #6380 ) ) ;
#7777 = CARTESIAN_POINT ( 'NONE',  ( -13.06766695585193006, 98.21410912736116927, -17.50000000000000711 ) ) ;
#7779 = CARTESIAN_POINT ( 'NONE',  ( -23.84396216433590254, 47.67770966768778607, 11.84731040057092954 ) ) ;
#7780 = CARTESIAN_POINT ( 'NONE',  ( -5.000000000000000000, 110.0000000000000000, 6.409682082549484683 ) ) ;
#7781 = CARTESIAN_POINT ( 'NONE',  ( -14.92784999592421791, 99.92439022434579954, 6.499999999999993783 ) ) ;
#7782 = CARTESIAN_POINT ( 'NONE',  ( -13.34314575050761675, -8.000000000000000000, -2.000000000000000444 ) ) ;
#7783 = CARTESIAN_POINT ( 'NONE',  ( -12.50001833173367061, 108.0465149536479714, -17.49999999999999645 ) ) ;
#7784 = VERTEX_POINT ( 'NONE', #7285 ) ;
#7785 = DIRECTION ( 'NONE',  ( -0.7071067811865484609, 0.000000000000000000, 0.7071067811865465735 ) ) ;
#7786 = CARTESIAN_POINT ( 'NONE',  ( -16.46319232476189853, 75.43295745875157365, 10.76995014790938043 ) ) ;
#7787 = DIRECTION ( 'NONE',  ( 0.000000000000000000, 0.000000000000000000, -1.000000000000000000 ) ) ;
#7788 = ORIENTED_EDGE ( 'NONE', *, *, #436, .T. ) ;
#7789 = CARTESIAN_POINT ( 'NONE',  ( 13.50000000000000178, 115.0000000000000000, 5.749999999999997335 ) ) ;
#7790 = CARTESIAN_POINT ( 'NONE',  ( 14.86022558924964798, 84.52867713527244575, 9.892244949808290500 ) ) ;
#7791 = ORIENTED_EDGE ( 'NONE', *, *, #7657, .F. ) ;
#7792 = DIRECTION ( 'NONE',  ( 1.000000000000000000, -0.000000000000000000, 0.000000000000000000 ) ) ;
#7793 = CARTESIAN_POINT ( 'NONE',  ( -25.84621678092988262, -0.3462466208906606613, 17.50000000000000355 ) ) ;
#7794 = CARTESIAN_POINT ( 'NONE',  ( 20.26101391465032719, 55.93751218941527981, -17.50000000000000000 ) ) ;
#7795 = CARTESIAN_POINT ( 'NONE',  ( -6.317238167444097385, 47.83551142908582676, 11.78269719273117566 ) ) ;
#7796 = DIRECTION ( 'NONE',  ( 1.000000000000000000, 0.000000000000000000, 0.000000000000000000 ) ) ;
#7797 = LINE ( 'NONE', #5304, #5489 ) ;
#7798 = CARTESIAN_POINT ( 'NONE',  ( 13.34314575050761675, -1.517883041479706208E-15, 6.000000000000000000 ) ) ;
#7799 = VECTOR ( 'NONE', #6760, 1000.000000000000000 ) ;
#7800 = VERTEX_POINT ( 'NONE', #4742 ) ;
#7801 = VECTOR ( 'NONE', #2951, 1000.000000000000000 ) ;
#7802 = EDGE_CURVE ( 'NONE', #6149, #5702, #399, .T. ) ;
#7804 = EDGE_LOOP ( 'NONE', ( #888, #6496, #3182, #20 ) ) ;
#7803 = LINE ( 'NONE', #89, #4267 ) ;
#7805 = CARTESIAN_POINT ( 'NONE',  ( -15.27849855570294757, 96.15874173929069002, 6.999622224148855487 ) ) ;
#7806 = CARTESIAN_POINT ( 'NONE',  ( 20.42244086957622429, 65.38838654450958643, 9.871155632873898966 ) ) ;
#7807 = CARTESIAN_POINT ( 'NONE',  ( -19.00000000000000000, 10.06610527765529639, 5.023547007758581096 ) ) ;
#7808 = CARTESIAN_POINT ( 'NONE',  ( 13.50000000000000178, 115.0000000000000000, 1.249999999999996669 ) ) ;
#7809 = CARTESIAN_POINT ( 'NONE',  ( -21.68296874100159854, 48.64692625299554152, 13.71337947105055832 ) ) ;
#7810 = VECTOR ( 'NONE', #7553, 1000.000000000000000 ) ;
#7811 = DIRECTION ( 'NONE',  ( 0.000000000000000000, 0.000000000000000000, -1.000000000000000000 ) ) ;
#7812 = EDGE_CURVE ( 'NONE', #3984, #3783, #5476, .T. ) ;
#7813 = FACE_BOUND ( 'NONE', #6784, .T. ) ;
#7814 = EDGE_LOOP ( 'NONE', ( #5790, #2594, #3582, #2626 ) ) ;
#7815 = EDGE_CURVE ( 'NONE', #6977, #84, #3641, .T. ) ;
#7817 = EDGE_LOOP ( 'NONE', ( #6575, #3950, #2075, #7439, #6448, #4498 ) ) ;
#7816 = CARTESIAN_POINT ( 'NONE',  ( 26.18801297567723552, 31.67267141133832453, -15.50000000000000000 ) ) ;
#7818 = CARTESIAN_POINT ( 'NONE',  ( -20.71620758775092597, 63.91896237625658017, 10.03338368564602767 ) ) ;
#7819 = CARTESIAN_POINT ( 'NONE',  ( -7.184957976768999721, 105.1021125901053352, 8.558921595299082696 ) ) ;
#7820 = FACE_BOUND ( 'NONE', #2673, .T. ) ;
#7821 = DIRECTION ( 'NONE',  ( 0.000000000000000000, 0.000000000000000000, 1.000000000000000000 ) ) ;
#7822 = ADVANCED_FACE ( 'NONE', ( #3600 ), #4782, .F. ) ;
#7823 = EDGE_CURVE ( 'NONE', #2095, #3982, #7245, .T. ) ;
#7824 = CARTESIAN_POINT ( 'NONE',  ( -24.02827504028514483, 33.05742635642483407, -17.50000000000000355 ) ) ;
#7825 = VERTEX_POINT ( 'NONE', #6676 ) ;
#7826 = FACE_OUTER_BOUND ( 'NONE', #1699, .T. ) ;
#7827 = CARTESIAN_POINT ( 'NONE',  ( -16.69393818804315188, 74.21201153499028180, 10.89532455652205201 ) ) ;
#7828 = DIRECTION ( 'NONE',  ( -1.000000000000000000, 0.000000000000000000, -0.000000000000000000 ) ) ;
#7829 = VERTEX_POINT ( 'NONE', #555 ) ;
#7830 = CARTESIAN_POINT ( 'NONE',  ( -11.50000000000000000, 79.52049869174365426, 5.499999999999997335 ) ) ;
#7831 = CARTESIAN_POINT ( 'NONE',  ( 13.79281440411242876, 91.81380100715612969, 9.290185516812922373 ) ) ;
#7832 = VERTEX_POINT ( 'NONE', #515 ) ;
#7833 = CARTESIAN_POINT ( 'NONE',  ( -2.514389541816619555, 58.32328709881840467, 10.61939520098470879 ) ) ;
#7834 = CARTESIAN_POINT ( 'NONE',  ( -13.47866616472449053, 33.82923141404397427, 15.30950543722239132 ) ) ;
#7835 = CARTESIAN_POINT ( 'NONE',  ( 19.84392197944771041, 58.06066575798295304, -17.50000000000001066 ) ) ;
#7836 = CARTESIAN_POINT ( 'NONE',  ( -14.58685692031838244, 25.11492063806579367, 14.13749762831394463 ) ) ;
#7837 = CARTESIAN_POINT ( 'NONE',  ( -27.00000000000000355, 3.715931753070023102, 15.45712533846878323 ) ) ;
#7838 = CARTESIAN_POINT ( 'NONE',  ( 20.99495229912115235, 7.508823283091392575, -7.029482022035008271 ) ) ;
#7839 = LINE ( 'NONE', #7798, #7343 ) ;
#7840 = EDGE_LOOP ( 'NONE', ( #6746, #7791, #7610, #4763 ) ) ;
#7842 = ORIENTED_EDGE ( 'NONE', *, *, #2799, .F. ) ;
#7841 = CARTESIAN_POINT ( 'NONE',  ( 3.472857774762611704, 59.55002591291944469, 11.85315597915083785 ) ) ;
#7843 = CARTESIAN_POINT ( 'NONE',  ( -15.06010134241329723, 98.38804672257924722, 6.865659129809182915 ) ) ;
#7844 = CARTESIAN_POINT ( 'NONE',  ( 16.46263198717707610, 87.04668018049558498, 7.690498532340830806 ) ) ;
#7845 = CARTESIAN_POINT ( 'NONE',  ( 27.00000000000000000, 17.50000000000001066, -15.50000000000001776 ) ) ;
#7846 = CARTESIAN_POINT ( 'NONE',  ( -12.50000000000001421, 110.0000000000000000, 8.499999999999992895 ) ) ;
#7847 = CARTESIAN_POINT ( 'NONE',  ( 3.000000000000009770, 101.0000000000000426, -17.50000000000000355 ) ) ;
#7848 = AXIS2_PLACEMENT_3D ( 'NONE', #1845, #3602, #6116 ) ;
#7849 = EDGE_CURVE ( 'NONE', #7969, #4555, #1693, .T. ) ;
#7850 = ORIENTED_EDGE ( 'NONE', *, *, #7315, .F. ) ;
#7853 = ORIENTED_EDGE ( 'NONE', *, *, #2354, .T. ) ;
#7852 = CARTESIAN_POINT ( 'NONE',  ( 27.00000000000000000, 0.000000000000000000, 0.000000000000000000 ) ) ;
#7851 = FACE_OUTER_BOUND ( 'NONE', #1586, .T. ) ;
#7854 = CARTESIAN_POINT ( 'NONE',  ( -17.47461732666517165, 80.86016584236490701, 8.256211517566070412 ) ) ;
#7855 = DIRECTION ( 'NONE',  ( -0.7071067811865492381, -0.7071067811865457964, 0.000000000000000000 ) ) ;
#7856 = CYLINDRICAL_SURFACE ( 'NONE', #6767, 1.000000000000001776 ) ;
#7857 = CARTESIAN_POINT ( 'NONE',  ( 24.06042953220465463, 46.43808005948568507, -15.50000000000000533 ) ) ;
#7858 = CARTESIAN_POINT ( 'NONE',  ( -23.64852191301993400, 48.79512336282304830, -15.50000000000001599 ) ) ;
#7859 = EDGE_CURVE ( 'NONE', #1562, #2095, #1686, .T. ) ;
#7860 = EDGE_CURVE ( 'NONE', #7344, #3457, #6752, .T. ) ;
#7861 = CARTESIAN_POINT ( 'NONE',  ( -23.03390828090878273, 40.32513772471854452, -17.50000000000000711 ) ) ;
#7862 = CARTESIAN_POINT ( 'NONE',  ( 24.00000000000000000, -8.000000000000000000, -8.673617379884035472E-16 ) ) ;
#7863 = CARTESIAN_POINT ( 'NONE',  ( -18.71594458857206078, 63.94212143659647296, 11.99962872392446833 ) ) ;
#7864 = DIRECTION ( 'NONE',  ( 0.000000000000000000, 0.000000000000000000, -1.000000000000000000 ) ) ;
#7865 = CARTESIAN_POINT ( 'NONE',  ( 21.67390810915712507, 5.643407526215728609, 8.601616246007395716 ) ) ;
#7866 = AXIS2_PLACEMENT_3D ( 'NONE', #2096, #7048, #1497 ) ;
#7867 = CARTESIAN_POINT ( 'NONE',  ( 16.92551430283988267, 73.00373645425294455, 11.02111824725663247 ) ) ;
#7868 = AXIS2_PLACEMENT_3D ( 'NONE', #2950, #971, #6047 ) ;
#7869 = ORIENTED_EDGE ( 'NONE', *, *, #2709, .F. ) ;
#7870 = CARTESIAN_POINT ( 'NONE',  ( -23.00000000000000000, 0.000000000000000000, -11.25000000000000000 ) ) ;
#7871 = CARTESIAN_POINT ( 'NONE',  ( -25.39133941117624715, 0.9149960142856966572, 17.49735336837690625 ) ) ;
#7872 = CARTESIAN_POINT ( 'NONE',  ( 19.95420220698209945, 57.50228604182196790, -17.50000000000000355 ) ) ;
#7873 = CARTESIAN_POINT ( 'NONE',  ( -12.71566750210800656, 30.25597131212110114, 13.65120500075910748 ) ) ;
#7874 = CARTESIAN_POINT ( 'NONE',  ( -13.50000000000000178, 115.0000000000000000, -12.50000000000000355 ) ) ;
#7875 = CARTESIAN_POINT ( 'NONE',  ( 20.08684456420775177, 10.00382877920050007, -5.833670323677893066 ) ) ;
#7876 = DIRECTION ( 'NONE',  ( 0.000000000000000000, 0.000000000000000000, -1.000000000000000000 ) ) ;
#7877 = B_SPLINE_CURVE_WITH_KNOTS ( 'NONE', 3,
 ( #1126, #5600, #1817, #3688 ),
 .UNSPECIFIED., .F., .F.,
 ( 4, 4 ),
 ( 0.000000000000000000, 1.000000000000000000 ),
 .UNSPECIFIED. ) ;
#7878 = EDGE_LOOP ( 'NONE', ( #1465, #6463 ) ) ;
#7879 = VECTOR ( 'NONE', #3272, 1000.000000000000000 ) ;
#7881 = EDGE_LOOP ( 'NONE', ( #5341, #3173 ) ) ;
#7880 = CARTESIAN_POINT ( 'NONE',  ( -13.16666666666667496, 110.0000000000000000, 7.833333333333334814 ) ) ;
#7882 = CARTESIAN_POINT ( 'NONE',  ( 3.000000000000009770, 101.0000000000000426, -17.50000000000000355 ) ) ;
#7883 = CARTESIAN_POINT ( 'NONE',  ( 19.54169234492231411, 69.82419891915785115, 9.388011900821535249 ) ) ;
#7884 = DIRECTION ( 'NONE',  ( 0.000000000000000000, 0.000000000000000000, -1.000000000000000000 ) ) ;
#7885 = CARTESIAN_POINT ( 'NONE',  ( 20.44474391626157939, 9.020508390995390258, 15.30371772929613705 ) ) ;
#7886 = AXIS2_PLACEMENT_3D ( 'NONE', #1650, #5359, #7416 ) ;
#7887 = LINE ( 'NONE', #966, #1890 ) ;
#7888 = EDGE_LOOP ( 'NONE', ( #3626, #293, #1732, #7332, #6900 ) ) ;
#7889 = AXIS2_PLACEMENT_3D ( 'NONE', #6076, #6037, #6114 ) ;
#7892 = ORIENTED_EDGE ( 'NONE', *, *, #6808, .T. ) ;
#7891 = PLANE ( 'NONE',  #1258 ) ;
#7890 = PLANE ( 'NONE',  #5575 ) ;
#7893 = LINE ( 'NONE', #6198, #1152 ) ;
#7894 = CARTESIAN_POINT ( 'NONE',  ( -18.51452278259797168, 75.14316270459526947, 8.827136183293328386 ) ) ;
#7895 = DIRECTION ( 'NONE',  ( -0.000000000000000000, 1.000000000000000000, -0.000000000000000000 ) ) ;
#7896 = AXIS2_PLACEMENT_3D ( 'NONE', #3742, #6259, #3166 ) ;
#7897 = CARTESIAN_POINT ( 'NONE',  ( 22.79716162181631844, 1.860265204562427721, 10.46832424074199608 ) ) ;
#7898 = PLANE ( 'NONE',  #3337 ) ;
#7899 = B_SPLINE_CURVE_WITH_KNOTS ( 'NONE', 3,
 ( #1483, #5746, #5823, #264, #2729, #3999, #3386, #5863, #303, #2768, #5261, #7715, #7107, #1559 ),
 .UNSPECIFIED., .F., .F.,
 ( 4, 2, 2, 2, 2, 2, 4 ),
 ( 0.000000000000000000, 0.002631354147328612229, 0.003947031220992919427, 0.005262708294657227059, 0.006578385368321533824, 0.007894062441985840589, 0.01052541658931445585 ),
 .UNSPECIFIED. ) ;
#7900 = CARTESIAN_POINT ( 'NONE',  ( -25.00000000000001421, 17.64627690009260874, 16.74965667821458837 ) ) ;
#7901 = CARTESIAN_POINT ( 'NONE',  ( -20.97275712684367832, 52.23686186587232783, -17.50000000000000711 ) ) ;
#7902 = CARTESIAN_POINT ( 'NONE',  ( -19.08620191345440276, 54.41028835150044785, 6.499999999999993783 ) ) ;
#7903 = EDGE_CURVE ( 'NONE', #3938, #2867, #5437, .T. ) ;
#7904 = CARTESIAN_POINT ( 'NONE',  ( -18.22673392617143762, 66.38884166385814467, 11.73035699334029225 ) ) ;
#7905 = CARTESIAN_POINT ( 'NONE',  ( -24.00000000000000000, -1.517883041479706208E-15, 10.00000000000000000 ) ) ;
#7906 = CARTESIAN_POINT ( 'NONE',  ( 20.26975048016584324, 9.501298905221092994, 6.594683019172352445 ) ) ;
#7907 = CARTESIAN_POINT ( 'NONE',  ( 15.46939611131558934, 80.90775418046587220, 10.22798632510339978 ) ) ;
#7908 = B_SPLINE_CURVE_WITH_KNOTS ( 'NONE', 3,
 ( #6915, #2496, #8013, #717 ),
 .UNSPECIFIED., .F., .F.,
 ( 4, 4 ),
 ( 0.000000000000000000, 5.572894715924477202E-05 ),
 .UNSPECIFIED. ) ;
#7909 = EDGE_CURVE ( 'NONE', #4076, #5692, #905, .T. ) ;
#7910 = ORIENTED_EDGE ( 'NONE', *, *, #7213, .F. ) ;
#7911 = ADVANCED_FACE ( 'NONE', ( #2371 ), #2196, .F. ) ;
#7912 = CARTESIAN_POINT ( 'NONE',  ( -20.08684456420921904, 10.00382877919647484, -5.833670323675833380 ) ) ;
#7913 = DIRECTION ( 'NONE',  ( 5.874486670184572684E-16, -0.7071067811630263877, 0.7071067812100686467 ) ) ;
#7914 = CARTESIAN_POINT ( 'NONE',  ( 21.15984740355499483, 51.24794815282670868, -17.50000000000000355 ) ) ;
#7915 = CARTESIAN_POINT ( 'NONE',  ( -19.71595377685746797, 11.02284284252931812, 15.19931903904588744 ) ) ;
#7916 = EDGE_LOOP ( 'NONE', ( #1831, #368 ) ) ;
#7917 = DIRECTION ( 'NONE',  ( -1.000000000000000000, 0.000000000000000000, -0.000000000000000000 ) ) ;
#7918 = FACE_OUTER_BOUND ( 'NONE', #3662, .T. ) ;
#7919 = CARTESIAN_POINT ( 'NONE',  ( 24.85355770808170917, 23.39908374123857371, 16.28969557959669601 ) ) ;
#7920 = EDGE_CURVE ( 'NONE', #688, #3866, #5061, .T. ) ;
#7921 = VERTEX_POINT ( 'NONE', #5060 ) ;
#7923 = EDGE_LOOP ( 'NONE', ( #7582, #4643 ) ) ;
#7922 = PLANE ( 'NONE',  #895 ) ;
#7924 = PLANE ( 'NONE',  #7247 ) ;
#7925 = CARTESIAN_POINT ( 'NONE',  ( 20.65759818624098898, 64.21202306466000209, 10.00096076294672187 ) ) ;
#7926 = DIRECTION ( 'NONE',  ( 0.000000000000000000, 0.000000000000000000, -1.000000000000000000 ) ) ;
#7927 = DIRECTION ( 'NONE',  ( 0.7071067811865475727, 0.000000000000000000, 0.7071067811865475727 ) ) ;
#7928 = CARTESIAN_POINT ( 'NONE',  ( 27.00000000000000000, 4.424113269036605622, 15.43988259198106938 ) ) ;
#7929 = ORIENTED_EDGE ( 'NONE', *, *, #2856, .F. ) ;
#7932 = ORIENTED_EDGE ( 'NONE', *, *, #5686, .F. ) ;
#7931 = CARTESIAN_POINT ( 'NONE',  ( 25.94692920092852617, 33.77936066891795974, -15.50000000000000533 ) ) ;
#7930 = CARTESIAN_POINT ( 'NONE',  ( -14.92784999592421791, 99.92439022434579954, 6.499999999999993783 ) ) ;
#7933 = CARTESIAN_POINT ( 'NONE',  ( 1.016906865227782762E-15, 118.0000000000000142, 8.499999999999994671 ) ) ;
#7934 = CARTESIAN_POINT ( 'NONE',  ( -20.68224157630448801, 64.08879777186467663, 10.01459025524128243 ) ) ;
#7935 = CARTESIAN_POINT ( 'NONE',  ( -14.65454635367988878, 104.0604979489228015, -15.50000000000000711 ) ) ;
#7936 = FACE_BOUND ( 'NONE', #5809, .T. ) ;
#7937 = PLANE ( 'NONE',  #608 ) ;
#7938 = CARTESIAN_POINT ( 'NONE',  ( -25.00000000000001776, 6.804629143264255831, 17.42709462425412070 ) ) ;
#7939 = CARTESIAN_POINT ( 'NONE',  ( -20.50103364944563467, 54.70223356116696323, -17.50000000000000355 ) ) ;
#7940 = CARTESIAN_POINT ( 'NONE',  ( 24.26898174662167662, -1.486498694542909949, 15.56289155483060682 ) ) ;
#7941 = CARTESIAN_POINT ( 'NONE',  ( -19.85737912853364406, 58.21564468235719403, 12.63849993012997253 ) ) ;
#7942 = CARTESIAN_POINT ( 'NONE',  ( -32.97687763316800158, 8.000000000000000000, 0.000000000000000000 ) ) ;
#7943 = ORIENTED_EDGE ( 'NONE', *, *, #6772, .T. ) ;
#7944 = AXIS2_PLACEMENT_3D ( 'NONE', #775, #3288, #3909 ) ;
#7945 = CARTESIAN_POINT ( 'NONE',  ( 3.000000000000009770, 103.0000000000000142, -15.50000000000001776 ) ) ;
#7946 = CIRCLE ( 'NONE', #4463, 10.25000000000000000 ) ;
#7947 = ADVANCED_FACE ( 'NONE', ( #7999 ), #3222, .F. ) ;
#7948 = ORIENTED_EDGE ( 'NONE', *, *, #5798, .T. ) ;
#7949 = DIRECTION ( 'NONE',  ( 0.1218693434053486624, 0.9925461516412972252, 0.000000000000000000 ) ) ;
#7950 = CARTESIAN_POINT ( 'NONE',  ( -23.45022588171882205, 0.7630145563237190620, 15.55679323170508255 ) ) ;
#7951 = CARTESIAN_POINT ( 'NONE',  ( 23.78321070045934960, 34.98456398296756475, -17.50000000000000711 ) ) ;
#7952 = DIRECTION ( 'NONE',  ( 1.000000000000000000, 0.000000000000000000, 0.000000000000000000 ) ) ;
#7953 = ORIENTED_EDGE ( 'NONE', *, *, #1361, .T. ) ;
#7954 = DIRECTION ( 'NONE',  ( 0.000000000000000000, 0.000000000000000000, -1.000000000000000000 ) ) ;
#7955 = CARTESIAN_POINT ( 'NONE',  ( 7.693466987651289557, 49.74334688876385258, 13.59024051878043693 ) ) ;
#7956 = CARTESIAN_POINT ( 'NONE',  ( 24.57838199001589530, 27.62133286130590548, 15.91111676143519560 ) ) ;
#7957 = ORIENTED_EDGE ( 'NONE', *, *, #6051, .F. ) ;
#7958 = ADVANCED_FACE ( 'NONE', ( #2486 ), #2566, .F. ) ;
#7959 = AXIS2_PLACEMENT_3D ( 'NONE', #3481, #5914, #3862 ) ;
#7960 = EDGE_CURVE ( 'NONE', #1125, #2843, #5709, .T. ) ;
#7961 = EDGE_CURVE ( 'NONE', #6044, #3866, #1552, .T. ) ;
#7963 = ORIENTED_EDGE ( 'NONE', *, *, #1624, .T. ) ;
#7962 = CARTESIAN_POINT ( 'NONE',  ( 27.00000000000000000, 0.000000000000000000, 0.000000000000000000 ) ) ;
#7964 = CARTESIAN_POINT ( 'NONE',  ( -20.99999999999999645, 8.000000000000000000, -1.000000000000000888 ) ) ;
#7965 = CARTESIAN_POINT ( 'NONE',  ( 26.39812575521663263, 29.56300076784417286, 13.73572556269098932 ) ) ;
#7966 = CARTESIAN_POINT ( 'NONE',  ( 3.000000000000009770, 103.0000000000000142, 6.641601241244644349 ) ) ;
#7967 = DIRECTION ( 'NONE',  ( -1.000000000000000000, -0.000000000000000000, -0.000000000000000000 ) ) ;
#7968 = CARTESIAN_POINT ( 'NONE',  ( -23.01805206741572718, 1.950402352400992578, 15.54146890429049144 ) ) ;
#7969 = VERTEX_POINT ( 'NONE', #669 ) ;
#7972 = ORIENTED_EDGE ( 'NONE', *, *, #1780, .T. ) ;
#7971 = DIRECTION ( 'NONE',  ( 0.000000000000000000, 0.000000000000000000, -1.000000000000000000 ) ) ;
#7970 = CARTESIAN_POINT ( 'NONE',  ( 11.50000000000000000, 79.52049869174365426, -14.50000000000000533 ) ) ;
#7973 = DIRECTION ( 'NONE',  ( -0.000000000000000000, -0.000000000000000000, -1.000000000000000000 ) ) ;
#7974 = CARTESIAN_POINT ( 'NONE',  ( -17.41581519425093560, 81.19894728566821129, 8.223691760986662658 ) ) ;
#7975 = CARTESIAN_POINT ( 'NONE',  ( 20.99999999999999645, -8.000000000000000000, -1.000000000000001554 ) ) ;
#7976 = PLANE ( 'NONE',  #7217 ) ;
#7977 = CARTESIAN_POINT ( 'NONE',  ( -23.28235191902011181, 6.769143418416813773, 17.36787041464516079 ) ) ;
#7978 = CARTESIAN_POINT ( 'NONE',  ( -20.41908139661691735, 55.12516363691696597, -17.50000000000000355 ) ) ;
#7979 = PLANE ( 'NONE',  #3475 ) ;
#7980 = CARTESIAN_POINT ( 'NONE',  ( -20.34564221006632678, 55.72660211528783947, 12.91825991665215767 ) ) ;
#7981 = CARTESIAN_POINT ( 'NONE',  ( 14.51817839733992699, 108.0000000000000284, -15.50000000000000533 ) ) ;
#7982 = CARTESIAN_POINT ( 'NONE',  ( 12.53953785181381519, 107.0459689803472401, 8.527296498283591930 ) ) ;
#7983 = VECTOR ( 'NONE', #7785, 1000.000000000000000 ) ;
#7984 = VERTEX_POINT ( 'NONE', #591 ) ;
#7985 = AXIS2_PLACEMENT_3D ( 'NONE', #1338, #7537, #4467 ) ;
#7986 = CARTESIAN_POINT ( 'NONE',  ( -19.45358019046182463, 11.74370834661260155, 15.16006121984371546 ) ) ;
#7987 = DIRECTION ( 'NONE',  ( -0.7071067811865524577, -0.7071067811865426878, 0.000000000000000000 ) ) ;
#7988 = DIRECTION ( 'NONE',  ( 0.000000000000000000, 0.000000000000000000, -1.000000000000000000 ) ) ;
#7989 = ORIENTED_EDGE ( 'NONE', *, *, #2270, .T. ) ;
#7990 = CARTESIAN_POINT ( 'NONE',  ( 4.999999999999997335, 106.7426132705518000, 6.434593261866676350 ) ) ;
#7991 = CARTESIAN_POINT ( 'NONE',  ( 24.33932800375186645, 30.29868734216248782, 15.65646434198391823 ) ) ;
#7992 = ORIENTED_EDGE ( 'NONE', *, *, #7377, .F. ) ;
#7993 = CIRCLE ( 'NONE', #4518, 2.250000000000001776 ) ;
#7994 = AXIS2_PLACEMENT_3D ( 'NONE', #3871, #5854, #3986 ) ;
#7995 = DIRECTION ( 'NONE',  ( 1.000000000000000000, 5.551115123125783491E-15, -0.000000000000000000 ) ) ;
#7996 = CARTESIAN_POINT ( 'NONE',  ( -19.00000000004713385, 10.22699509832752796, -0.7940178110827549318 ) ) ;
#7997 = DIRECTION ( 'NONE',  ( 0.000000000000000000, 0.000000000000000000, -1.000000000000000000 ) ) ;
#7998 = CARTESIAN_POINT ( 'NONE',  ( 22.85587088579642767, 53.04155788777103453, 11.24962712649871044 ) ) ;
#7999 = FACE_OUTER_BOUND ( 'NONE', #2582, .T. ) ;
#8000 = ADVANCED_FACE ( 'NONE', ( #6947 ), #5665, .F. ) ;
#8001 = LINE ( 'NONE', #4826, #2315 ) ;
#8002 = CIRCLE ( 'NONE', #4652, 1.000000000000000888 ) ;
#8003 = AXIS2_PLACEMENT_3D ( 'NONE', #6795, #6721, #4298 ) ;
#8004 = DIRECTION ( 'NONE',  ( -1.000000000000000000, 0.000000000000000000, -0.000000000000000000 ) ) ;
#8005 = ORIENTED_EDGE ( 'NONE', *, *, #4747, .T. ) ;
#8006 = EDGE_CURVE ( 'NONE', #6383, #1053, #4977, .T. ) ;
#8007 = VECTOR ( 'NONE', #7949, 1000.000000000000114 ) ;
#8010 = ORIENTED_EDGE ( 'NONE', *, *, #6815, .T. ) ;
#8009 = DIRECTION ( 'NONE',  ( 1.000000000000000000, -0.000000000000000000, -0.000000000000000000 ) ) ;
#8008 = CARTESIAN_POINT ( 'NONE',  ( -22.69711664740537671, 2.832165171982387708, -11.00824498533233786 ) ) ;
#8011 = CARTESIAN_POINT ( 'NONE',  ( 24.99999999999999645, 1.255262969126037241E-15, -10.25000000000000000 ) ) ;
#8012 = VECTOR ( 'NONE', #7204, 1000.000000000000000 ) ;
#8013 = CARTESIAN_POINT ( 'NONE',  ( -23.00000000000000000, 1.998497052821663011, -11.08994023175011101 ) ) ;
#8014 = CYLINDRICAL_SURFACE ( 'NONE', #1846, 1.000000000000001776 ) ;
#8015 = CARTESIAN_POINT ( 'NONE',  ( -20.99999999999999645, -1.517883041479706208E-15, 6.999999999999998224 ) ) ;
#8016 = EDGE_CURVE ( 'NONE', #1838, #4115, #6732, .T. ) ;
#8017 = AXIS2_PLACEMENT_3D ( 'NONE', #1679, #4236, #6548 ) ;
#8018 = CARTESIAN_POINT ( 'NONE',  ( -23.78696042512365949, 34.95505613997831773, -17.50000000000000711 ) ) ;
#8019 = CARTESIAN_POINT ( 'NONE',  ( -25.77708872492625858, 35.15923219913380393, 13.18464893953843386 ) ) ;
#8020 = CARTESIAN_POINT ( 'NONE',  ( 24.17799749560188971, -1.236521519340036956, 15.56289155483061037 ) ) ;
#8021 = LOCAL_TIME ( 16, 17, 41.00000000000000000, #3094 ) ;
#8022 = CARTESIAN_POINT ( 'NONE',  ( -20.74999999999999645, 101.0000000000000426, -17.50000000000000355 ) ) ;
#8023 = FACE_OUTER_BOUND ( 'NONE', #1192, .T. ) ;
#8024 = VERTEX_POINT ( 'NONE', #3715 ) ;
ENDSEC;
END-ISO-10303-21;
